season,date,regular,playoffs,away_team,home_team,score_away,score_home,q1_away,q2_away,q3_away,q4_away,ot_away,q1_home,q2_home,q3_home,q4_home,ot_home,whos_favored,spread,total,away_ml,home_ml,h2_spread,h2_total,id_spread,id_total,home_won
2017,2016-10-25,True,False,sa,gs,129,100,31,33,33,32,0,20,26,31,23,0,home,8.0,212.0,325.0,-400.0,10.5,110.0,0.0,1,False
2017,2016-10-25,True,False,ny,cle,88,117,18,27,19,24,0,28,20,34,35,0,home,9.0,206.0,355.0,-450.0,5.0,103.5,1.0,0,True
2017,2016-10-25,True,False,utah,por,104,113,26,20,37,21,0,26,28,23,36,0,home,5.5,192.0,195.0,-235.0,0.0,99.5,1.0,1,True
2017,2016-10-26,True,False,den,no,107,102,30,30,25,22,0,24,24,29,25,0,home,1.5,206.0,105.0,-125.0,3.5,101.0,0.0,1,False
2017,2016-10-26,True,False,okc,phi,103,97,23,28,18,34,0,24,27,24,22,0,away,9.0,209.5,-460.0,365.0,6.0,104.0,0.0,0,False
2017,2016-10-26,True,False,hou,lal,114,120,38,33,25,18,0,38,25,27,30,0,away,6.0,225.0,-260.0,210.0,1.5,115.0,0.0,1,True
2017,2016-10-26,True,False,sac,phx,113,94,30,27,27,29,0,19,19,29,27,0,home,3.0,211.5,130.0,-150.0,6.5,107.0,0.0,0,False
2017,2016-10-26,True,False,cha,mil,107,96,32,24,27,24,0,24,17,25,30,0,away,1.5,195.0,-120.0,100.0,3.5,97.0,1.0,1,False
2017,2016-10-26,True,False,dal,ind,121,130,21,31,33,30,6,33,26,35,21,15,home,5.5,204.5,185.0,-215.0,1.0,103.5,1.0,1,True
2017,2016-10-26,True,False,bkn,bos,117,122,31,27,23,36,0,33,31,33,25,0,home,11.5,212.5,601.0,-902.0,5.0,109.0,0.0,1,True
2017,2016-10-26,True,False,mia,orl,108,96,23,27,30,28,0,27,26,16,27,0,home,3.0,200.0,135.0,-155.0,1.0,99.5,0.0,1,False
2017,2016-10-26,True,False,min,mem,98,102,32,27,16,23,0,29,21,26,26,0,away,1.5,199.0,-120.0,100.0,2.0,100.0,0.0,1,True
2017,2016-10-26,True,False,det,tor,91,109,23,23,25,20,0,33,25,28,23,0,home,6.0,197.0,210.0,-260.0,0.5,98.0,1.0,1,True
2017,2016-10-27,True,False,wsh,atl,99,114,27,29,24,19,0,29,28,24,33,0,home,3.5,201.5,155.0,-175.0,2.0,101.0,1.0,1,True
2017,2016-10-27,True,False,bos,chi,99,105,20,29,24,26,0,30,27,22,26,0,home,1.0,208.5,-105.0,-115.0,2.0,106.5,1.0,0,True
2017,2016-10-27,True,False,lac,por,114,106,28,30,24,32,0,27,22,33,24,0,away,2.5,210.0,-140.0,120.0,2.0,105.5,1.0,1,False
2017,2016-10-27,True,False,sa,sac,102,94,27,26,23,26,0,29,28,14,23,0,away,7.5,203.0,-360.0,295.0,7.5,107.5,1.0,0,False
2017,2016-10-28,True,False,gs,no,122,114,32,27,33,30,0,22,28,31,33,0,away,12.5,223.5,-1000.0,700.0,5.0,110.5,0.0,1,False
2017,2016-10-28,True,False,lal,utah,89,96,27,16,22,24,0,28,20,17,31,0,home,9.0,202.0,370.0,-465.0,4.0,100.0,0.0,0,True
2017,2016-10-28,True,False,hou,dal,106,98,24,28,25,29,0,24,26,17,31,0,away,2.0,218.5,-130.0,110.0,1.0,107.0,1.0,0,False
2017,2016-10-28,True,False,cha,mia,97,91,21,25,27,24,0,23,34,20,14,0,away,1.5,197.0,-120.0,100.0,4.0,97.5,1.0,0,False
2017,2016-10-28,True,False,phx,okc,110,113,40,13,30,19,8,25,24,28,25,11,home,7.5,209.0,280.0,-345.0,7.5,107.0,0.0,1,True
2017,2016-10-28,True,False,ind,bkn,94,103,27,21,31,15,0,20,32,20,31,0,away,5.5,218.5,-230.0,190.0,6.5,109.5,0.0,0,True
2017,2016-10-28,True,False,cle,tor,94,91,28,22,21,23,0,23,17,27,24,0,away,2.5,205.5,-145.0,125.0,2.0,100.5,1.0,0,False
2017,2016-10-28,True,False,orl,det,82,108,22,9,20,31,0,24,30,32,22,0,home,4.0,195.0,160.0,-180.0,4.0,96.0,1.0,0,True
2017,2016-10-29,True,False,ind,chi,101,118,20,21,26,34,0,24,38,30,26,0,home,3.5,209.5,145.0,-165.0,4.5,103.5,1.0,1,True
2017,2016-10-29,True,False,por,den,115,113,33,29,19,23,11,28,26,34,16,9,away,1.0,211.5,-125.0,105.0,1.5,104.5,1.0,1,False
2017,2016-10-29,True,False,no,sa,79,98,23,22,15,19,0,28,27,28,15,0,home,14.0,204.0,900.0,-1900.0,5.5,100.0,1.0,0,True
2017,2016-10-29,True,False,min,sac,103,106,34,31,12,26,0,25,29,31,21,0,home,0.0,203.0,-110.0,-110.0,3.5,101.0,1.0,1,True
2017,2016-10-29,True,False,mem,ny,104,111,19,30,28,27,0,32,25,25,29,0,home,3.0,198.5,135.0,-155.0,1.0,100.0,1.0,1,True
2017,2016-10-29,True,False,orl,cle,99,105,20,25,17,37,0,33,29,18,25,0,home,11.0,204.5,500.0,-800.0,1.5,101.0,0.0,0,True
2017,2016-10-29,True,False,bos,cha,104,98,28,16,27,33,0,19,22,31,26,0,away,2.5,202.5,-145.0,125.0,1.0,103.0,1.0,0,False
2017,2016-10-29,True,False,atl,phi,104,72,29,24,21,30,0,24,15,19,14,0,away,7.5,202.0,-370.0,285.0,0.5,103.0,1.0,0,False
2017,2016-10-29,True,False,bkn,mil,108,110,18,23,32,35,0,24,22,34,30,0,home,8.0,205.0,280.0,-360.0,3.5,104.0,0.0,1,True
2017,2016-10-30,True,False,dal,hou,92,93,25,28,17,22,0,34,29,17,13,0,home,6.0,213.5,200.0,-240.0,0.5,107.5,0.0,0,True
2017,2016-10-30,True,False,lal,okc,96,113,24,22,25,25,0,30,28,19,36,0,home,8.5,216.0,355.0,-450.0,1.0,107.0,1.0,0,True
2017,2016-10-30,True,False,sa,mia,106,99,24,28,25,29,0,19,25,28,27,0,away,6.5,194.0,-290.0,230.0,1.5,102.0,1.0,1,False
2017,2016-10-30,True,False,wsh,mem,103,112,22,32,23,23,3,27,31,20,22,12,away,3.5,204.5,-160.0,140.0,3.5,102.5,0.0,1,True
2017,2016-10-30,True,False,gs,phx,106,100,22,33,26,25,0,30,27,21,22,0,away,11.5,227.0,-791.0,570.0,9.0,113.0,0.0,0,False
2017,2016-10-30,True,False,utah,lac,75,88,22,13,21,19,0,19,23,27,19,0,home,7.5,189.0,295.0,-360.0,1.5,98.5,1.0,0,True
2017,2016-10-30,True,False,mil,det,83,98,21,18,26,18,0,24,26,25,23,0,home,7.0,197.5,250.0,-315.0,0.5,97.0,1.0,0,True
2017,2016-10-31,True,False,den,tor,102,105,24,25,35,18,0,33,29,26,17,0,home,6.5,206.5,230.0,-290.0,0.5,102.0,0.0,1,True
2017,2016-10-31,True,False,chi,bkn,118,88,38,27,28,25,0,20,24,22,22,0,away,6.0,209.5,-245.0,205.0,3.0,104.0,1.0,0,False
2017,2016-10-31,True,False,sac,atl,95,106,15,29,37,14,0,22,31,26,27,0,home,7.5,203.0,250.0,-310.0,1.0,101.5,1.0,0,True
2017,2016-10-31,True,False,phx,lac,98,116,24,12,34,28,0,24,24,34,34,0,home,12.5,204.5,750.0,-1150.0,4.0,104.5,1.0,1,True
2017,2016-11-01,True,False,mil,no,117,113,29,34,21,33,0,32,22,32,27,0,home,3.5,204.5,145.0,-165.0,4.5,101.0,0.0,1,False
2017,2016-11-01,True,False,gs,por,127,104,34,25,41,27,0,25,28,20,31,0,away,5.5,225.5,-240.0,200.0,2.5,113.0,1.0,1,False
2017,2016-11-01,True,False,utah,sa,106,91,38,16,19,33,0,28,22,21,20,0,home,9.5,186.0,435.0,-575.0,9.0,99.0,0.0,1,False
2017,2016-11-01,True,False,mem,min,80,116,16,20,23,21,0,29,33,35,19,0,home,7.5,197.5,285.0,-350.0,2.5,97.0,1.0,0,True
2017,2016-11-01,True,False,lal,ind,108,115,18,33,28,29,0,27,35,22,31,0,home,9.0,213.5,355.0,-450.0,1.5,105.0,0.0,1,True
2017,2016-11-01,True,False,ny,det,89,102,29,26,24,10,0,32,32,22,16,0,home,4.0,203.0,150.0,-170.0,0.5,101.0,1.0,0,True
2017,2016-11-01,True,False,orl,phi,103,101,24,19,41,19,0,29,28,30,14,0,away,5.0,198.5,-202.0,172.0,7.0,99.0,0.0,1,False
2017,2016-11-01,True,False,sac,mia,96,108,26,24,17,24,5,28,26,19,18,17,home,3.5,199.5,145.0,-165.0,1.0,99.0,1.0,1,True
2017,2016-11-01,True,False,hou,cle,120,128,35,24,25,36,0,29,34,22,43,0,home,9.5,217.0,420.0,-540.0,5.0,108.5,0.0,1,True
2017,2016-11-02,True,False,tor,wsh,113,103,27,27,30,29,0,29,27,19,28,0,home,1.5,205.5,105.0,-125.0,0.0,102.0,0.0,1,False
2017,2016-11-02,True,False,phi,cha,93,109,26,27,20,20,0,26,20,39,24,0,home,12.5,197.0,850.0,-1350.0,11.5,98.5,1.0,1,True
2017,2016-11-02,True,False,hou,ny,118,99,33,35,32,18,0,25,26,27,21,0,home,1.0,219.0,-105.0,-115.0,5.0,108.0,0.0,0,False
2017,2016-11-02,True,False,lal,atl,123,116,28,23,39,33,0,37,23,34,22,0,home,12.0,205.0,750.0,-1150.0,4.5,102.0,0.0,1,False
2017,2016-11-02,True,False,det,bkn,101,109,30,25,26,20,0,38,33,21,17,0,away,4.0,205.0,-170.0,150.0,7.0,101.0,0.0,1,True
2017,2016-11-02,True,False,no,mem,83,89,13,35,11,16,8,21,20,25,9,14,home,5.0,207.5,175.0,-205.0,5.0,104.0,1.0,0,True
2017,2016-11-02,True,False,chi,bos,100,107,25,27,18,30,0,36,19,26,26,0,home,3.0,207.0,144.0,-164.0,1.0,102.5,1.0,2,True
2017,2016-11-02,True,False,dal,utah,81,97,14,19,26,22,0,15,26,25,31,0,home,3.0,186.5,140.0,-160.0,1.5,93.0,1.0,0,True
2017,2016-11-02,True,False,por,phx,115,118,28,25,20,30,12,28,29,19,27,15,away,2.5,216.5,-150.0,130.0,3.0,110.0,0.0,1,True
2017,2016-11-02,True,False,okc,lac,85,83,23,26,16,20,0,24,17,25,17,0,home,7.0,209.0,240.0,-300.0,6.5,105.0,0.0,0,False
2017,2016-11-03,True,False,ind,mil,107,125,30,27,22,28,0,29,34,27,35,0,away,2.5,210.5,-145.0,125.0,3.5,103.5,0.0,1,True
2017,2016-11-03,True,False,den,min,102,99,25,30,33,14,0,37,24,14,24,0,home,3.0,204.5,145.0,-165.0,0.0,100.0,0.0,0,False
2017,2016-11-03,True,False,okc,gs,96,122,32,11,27,26,0,31,37,30,24,0,home,12.0,223.0,525.0,-850.0,0.5,107.5,1.0,0,True
2017,2016-11-03,True,False,sac,orl,94,102,29,21,28,16,0,23,33,28,18,0,home,0.0,198.0,-120.0,100.0,2.0,98.5,1.0,0,True
2017,2016-11-03,True,False,bos,cle,122,128,25,26,32,39,0,36,32,32,28,0,home,10.5,207.0,450.0,-700.0,1.0,107.0,0.0,1,True
2017,2016-11-04,True,False,sa,utah,100,86,27,26,29,18,0,17,24,25,20,0,away,3.5,183.5,-165.0,145.0,2.0,97.0,1.0,1,False
2017,2016-11-04,True,False,por,dal,105,95,26,29,24,26,0,26,26,24,19,0,away,2.0,208.0,-135.0,115.0,0.0,103.5,1.0,0,False
2017,2016-11-04,True,False,lac,mem,99,88,23,30,23,23,0,20,15,22,31,0,away,5.5,197.5,-235.0,195.0,2.0,97.0,1.0,0,False
2017,2016-11-04,True,False,phx,no,112,111,30,28,23,21,10,29,32,18,23,9,home,2.5,210.5,125.0,-145.0,0.5,109.5,0.0,1,False
2017,2016-11-04,True,False,gs,lal,97,117,15,34,33,15,0,24,41,28,24,0,away,11.5,228.5,-900.0,600.0,13.5,115.0,0.0,0,True
2017,2016-11-04,True,False,mia,tor,87,96,27,19,26,15,0,25,27,23,21,0,home,7.0,202.0,240.0,-300.0,2.0,101.0,1.0,0,True
2017,2016-11-04,True,False,cha,bkn,99,95,23,20,30,26,0,23,27,20,25,0,away,6.5,203.0,-275.0,225.0,7.0,100.5,0.0,0,False
2017,2016-11-04,True,False,atl,wsh,92,95,19,16,28,29,0,19,29,23,24,0,home,1.5,205.0,100.0,-120.0,4.0,105.5,1.0,0,True
2017,2016-11-04,True,False,ny,chi,117,104,32,24,28,33,0,23,34,24,23,0,home,7.5,210.0,255.0,-320.0,5.0,105.0,0.0,1,False
2017,2016-11-05,True,False,min,okc,92,112,25,28,19,20,0,32,27,31,22,0,home,4.5,209.5,170.0,-200.0,0.5,103.0,1.0,0,True
2017,2016-11-05,True,False,den,det,86,103,12,32,23,19,0,29,22,26,26,0,home,4.5,201.0,170.0,-200.0,0.0,97.5,1.0,0,True
2017,2016-11-05,True,False,cle,phi,102,101,34,23,25,20,0,19,27,34,21,0,away,12.0,210.0,-1000.0,700.0,3.0,103.5,0.0,0,False
2017,2016-11-05,True,False,wsh,orl,86,88,24,26,20,16,0,20,20,21,27,0,home,6.5,201.0,220.0,-270.0,6.5,99.0,0.0,0,True
2017,2016-11-05,True,False,chi,ind,94,111,15,28,21,30,0,31,31,26,23,0,home,3.5,209.5,145.0,-165.0,3.5,103.0,1.0,0,True
2017,2016-11-05,True,False,hou,atl,97,112,30,29,25,13,0,30,35,28,19,0,home,3.5,218.0,135.0,-155.0,0.0,107.5,1.0,0,True
2017,2016-11-05,True,False,sac,mil,91,117,24,24,15,28,0,34,27,29,27,0,home,3.5,202.5,145.0,-165.0,2.5,98.5,1.0,1,True
2017,2016-11-05,True,False,lac,sa,116,92,39,34,16,27,0,24,31,17,20,0,home,4.5,197.5,170.0,-200.0,7.5,99.5,0.0,1,False
2017,2016-11-06,True,False,den,bos,123,107,42,35,26,20,0,23,29,31,24,0,home,7.0,212.5,270.0,-330.0,9.0,105.0,0.0,1,False
2017,2016-11-06,True,False,mil,dal,75,86,27,12,17,18,1,19,28,12,15,12,home,3.0,199.5,135.0,-155.0,1.5,97.5,1.0,0,True
2017,2016-11-06,True,False,phx,lal,108,119,15,28,33,32,0,23,31,29,36,0,home,4.0,216.0,155.0,-175.0,1.5,113.0,1.0,1,True
2017,2016-11-06,True,False,por,mem,100,94,25,22,29,24,0,22,29,26,17,0,home,0.0,204.5,-110.0,-110.0,1.0,101.5,0.0,0,False
2017,2016-11-06,True,False,sac,tor,96,91,20,24,24,28,0,23,27,16,25,0,home,7.0,197.5,270.0,-330.0,2.0,101.0,0.0,0,False
2017,2016-11-06,True,False,utah,ny,114,109,20,29,29,36,0,30,24,26,29,0,away,2.5,193.0,-140.0,120.0,2.5,101.5,1.0,1,False
2017,2016-11-07,True,False,ind,cha,100,122,34,21,23,22,0,43,32,24,23,0,home,2.5,205.0,120.0,-140.0,5.0,101.0,1.0,1,True
2017,2016-11-07,True,False,hou,wsh,114,106,23,33,28,30,0,30,17,36,23,0,home,0.0,220.5,-105.0,-115.0,3.0,108.0,0.0,0,False
2017,2016-11-07,True,False,utah,phi,109,84,30,22,25,32,0,24,19,18,23,0,away,5.0,189.5,-200.0,170.0,0.0,98.5,1.0,1,False
2017,2016-11-07,True,False,mia,okc,85,97,28,19,14,24,0,39,16,28,14,0,home,5.5,203.0,190.0,-230.0,1.0,99.0,1.0,0,True
2017,2016-11-07,True,False,orl,chi,80,112,24,28,11,17,0,37,24,27,24,0,home,7.0,198.5,240.0,-300.0,1.5,98.0,1.0,0,True
2017,2016-11-07,True,False,det,lac,82,114,15,17,21,29,0,33,29,29,23,0,home,8.0,196.5,305.0,-375.0,3.0,96.5,1.0,0,True
2017,2016-11-07,True,False,no,gs,106,116,24,25,29,28,0,28,35,21,32,0,home,16.5,220.5,1700.0,-5000.0,6.0,107.5,0.0,1,True
2017,2016-11-08,True,False,min,bkn,110,119,33,32,19,26,0,33,33,22,31,0,away,4.5,208.0,-185.0,165.0,4.0,103.5,0.0,1,True
2017,2016-11-08,True,False,dal,lal,109,97,25,33,25,26,0,27,27,23,20,0,home,4.5,203.5,165.0,-185.0,5.5,101.0,0.0,1,False
2017,2016-11-08,True,False,no,sac,94,102,26,20,24,24,0,33,20,23,26,0,home,6.5,205.0,240.0,-280.0,3.5,101.5,1.0,0,True
2017,2016-11-08,True,False,atl,cle,110,106,20,33,31,26,0,20,22,37,27,0,home,7.5,208.0,300.0,-360.0,7.5,108.5,0.0,1,False
2017,2016-11-08,True,False,den,mem,107,108,26,30,20,31,0,26,30,23,29,0,home,3.5,202.0,145.0,-165.0,2.5,98.0,0.0,1,True
2017,2016-11-08,True,False,phx,por,121,124,25,30,27,39,0,42,21,26,35,0,home,8.5,220.0,330.0,-400.0,2.0,115.5,0.0,1,True
2017,2016-11-09,True,False,tor,okc,112,102,20,42,26,24,0,27,28,20,27,0,home,3.5,203.5,135.0,-155.0,4.0,101.0,0.0,1,False
2017,2016-11-09,True,False,por,lac,80,111,16,16,18,30,0,36,25,32,18,0,home,10.5,210.0,500.0,-700.0,0.5,102.0,1.0,0,True
2017,2016-11-09,True,False,hou,sa,101,99,33,30,22,16,0,24,36,20,19,0,home,8.5,211.5,350.0,-420.0,7.5,103.5,0.0,0,False
2017,2016-11-09,True,False,det,phx,100,107,28,23,25,24,0,19,35,27,26,0,away,4.5,206.0,-180.0,160.0,5.5,103.5,0.0,1,True
2017,2016-11-09,True,False,dal,gs,95,116,15,21,32,27,0,34,33,17,32,0,home,18.5,206.0,1900.0,-9000.0,4.0,99.0,1.0,1,True
2017,2016-11-09,True,False,chi,atl,107,115,27,34,27,19,0,35,33,26,21,0,home,3.5,203.0,140.0,-160.0,0.0,100.0,1.0,1,True
2017,2016-11-09,True,False,utah,cha,98,104,32,26,20,20,0,24,27,25,28,0,home,3.0,193.0,130.0,-150.0,3.5,100.5,1.0,1,True
2017,2016-11-09,True,False,bos,wsh,93,118,8,35,26,24,0,34,24,31,29,0,home,1.5,213.0,105.0,-125.0,4.5,110.0,1.0,0,True
2017,2016-11-09,True,False,bkn,ny,96,110,29,26,16,25,0,19,31,22,38,0,home,8.0,215.0,300.0,-360.0,7.0,106.0,1.0,0,True
2017,2016-11-09,True,False,min,orl,123,107,39,35,23,26,0,17,30,30,30,0,home,2.5,201.5,120.0,-140.0,7.5,95.5,0.0,1,False
2017,2016-11-09,True,False,phi,ind,115,122,26,34,24,25,6,31,23,30,25,13,home,11.5,213.0,650.0,-1000.0,10.0,103.5,0.0,1,True
2017,2016-11-10,True,False,no,mil,112,106,26,35,27,24,0,27,27,27,25,0,home,5.0,207.0,175.0,-205.0,4.5,101.0,0.0,1,False
2017,2016-11-10,True,False,chi,mia,98,95,23,30,17,28,0,22,31,17,25,0,home,1.0,201.0,-103.0,-117.0,0.0,98.0,0.0,0,False
2017,2016-11-10,True,False,gs,den,125,101,38,27,34,26,0,19,32,24,26,0,away,6.5,223.0,-270.0,220.0,0.5,107.0,1.0,1,False
2017,2016-11-10,True,False,lal,sac,101,91,16,29,25,31,0,30,25,18,18,0,home,5.5,211.0,185.0,-215.0,1.0,104.5,0.0,0,False
2017,2016-11-11,True,False,sac,por,120,122,29,28,26,23,14,35,27,22,22,16,home,6.5,208.0,270.0,-340.0,2.5,104.0,0.0,1,True
2017,2016-11-11,True,False,det,sa,86,96,26,26,15,19,0,28,21,26,21,0,home,9.0,194.0,375.0,-550.0,8.0,97.0,1.0,0,True
2017,2016-11-11,True,False,lac,okc,110,108,16,34,32,28,0,24,26,24,34,0,away,5.0,206.0,-200.0,170.0,3.5,103.5,0.0,1,False
2017,2016-11-11,True,False,ny,bos,87,115,27,24,22,14,0,31,30,25,29,0,home,4.5,214.0,160.0,-180.0,0.0,105.5,1.0,0,True
2017,2016-11-11,True,False,utah,orl,87,74,23,19,18,27,0,17,21,26,10,0,away,5.5,191.0,-200.0,170.0,2.0,99.0,1.0,0,False
2017,2016-11-11,True,False,cle,wsh,105,94,26,32,26,21,0,31,25,19,19,0,away,7.5,210.5,-350.0,275.0,4.5,104.5,1.0,0,False
2017,2016-11-11,True,False,ind,phi,105,109,27,25,20,28,5,21,30,25,24,9,away,5.0,213.5,-210.0,175.0,4.0,104.5,0.0,1,True
2017,2016-11-11,True,False,tor,cha,113,111,28,30,21,34,0,27,17,38,29,0,home,0.0,204.0,-115.0,-105.0,3.5,99.5,0.0,1,False
2017,2016-11-12,True,False,utah,mia,102,91,23,29,24,26,0,21,26,12,32,0,away,2.0,186.0,-120.0,100.0,1.0,99.5,1.0,1,False
2017,2016-11-12,True,False,det,den,106,95,36,21,23,26,0,21,28,22,24,0,home,5.0,202.0,175.0,-210.0,5.5,99.5,0.0,0,False
2017,2016-11-12,True,False,bkn,phx,122,104,23,35,32,32,0,21,24,38,21,0,home,4.5,218.5,170.0,-200.0,6.5,114.5,0.0,1,False
2017,2016-11-12,True,False,mem,mil,96,106,19,20,31,26,0,24,20,31,31,0,home,3.0,202.0,125.0,-145.0,0.0,99.0,1.0,2,True
2017,2016-11-12,True,False,wsh,chi,95,106,27,29,14,25,0,28,25,28,25,0,home,10.0,199.5,425.0,-650.0,8.0,99.0,1.0,1,True
2017,2016-11-12,True,False,ny,tor,107,118,28,28,29,22,0,24,29,34,31,0,home,7.5,208.5,260.0,-320.0,6.5,102.5,1.0,1,True
2017,2016-11-12,True,False,sa,hou,106,100,26,23,33,24,0,22,18,30,30,0,away,1.5,208.0,-130.0,110.0,1.5,110.0,1.0,0,False
2017,2016-11-12,True,False,bos,ind,105,99,24,24,31,26,0,31,14,31,23,0,away,1.5,211.5,-125.0,105.0,0.0,109.5,1.0,0,False
2017,2016-11-12,True,False,lal,no,126,99,30,25,29,42,0,26,30,15,28,0,home,0.0,216.5,-115.0,-105.0,0.0,108.0,0.0,1,False
2017,2016-11-12,True,False,lac,min,119,105,34,26,28,31,0,21,30,22,32,0,away,5.0,207.0,-220.0,180.0,0.5,102.5,1.0,1,False
2017,2016-11-12,True,False,phi,atl,96,117,27,21,30,18,0,23,36,28,30,0,home,14.5,207.5,1200.0,-2500.0,5.0,102.5,1.0,1,True
2017,2016-11-13,True,False,cha,cle,93,100,22,32,18,21,0,32,20,19,29,0,home,7.0,207.5,260.0,-320.0,6.0,103.5,2.0,0,True
2017,2016-11-13,True,False,lal,min,99,125,27,19,26,27,0,36,33,18,38,0,home,0.0,213.5,-110.0,-110.0,6.0,103.0,1.0,1,True
2017,2016-11-13,True,False,orl,okc,119,117,27,30,25,37,0,13,34,37,33,0,home,9.5,203.0,375.0,-550.0,8.5,100.5,0.0,1,False
2017,2016-11-13,True,False,phx,gs,120,133,32,27,33,28,0,28,34,37,34,0,home,17.0,227.0,1500.0,-5000.0,9.0,118.5,0.0,1,True
2017,2016-11-13,True,False,den,por,105,112,28,29,15,33,0,20,30,36,26,0,home,7.5,216.0,265.0,-330.0,6.5,106.5,0.0,1,True
2017,2016-11-14,True,False,bkn,lac,95,127,14,33,18,30,0,39,32,28,28,0,home,16.5,211.5,1500.0,-5000.0,3.5,109.5,1.0,1,True
2017,2016-11-14,True,False,mem,utah,102,96,33,23,17,29,0,26,22,22,26,0,home,6.0,190.0,220.0,-260.0,6.0,94.0,0.0,1,False
2017,2016-11-14,True,False,phi,hou,88,115,26,26,16,20,0,38,27,28,22,0,home,11.0,216.0,650.0,-1000.0,3.0,104.5,1.0,0,True
2017,2016-11-14,True,False,mia,sa,90,94,19,21,20,30,0,25,30,16,23,0,home,11.0,193.5,550.0,-800.0,2.0,93.5,0.0,0,True
2017,2016-11-14,True,False,dal,ny,77,93,23,16,12,26,0,15,21,31,26,0,home,4.0,202.5,155.0,-175.0,4.5,99.5,1.0,0,True
2017,2016-11-14,True,False,okc,det,88,104,25,22,21,20,0,28,31,19,26,0,away,1.0,203.5,-120.0,100.0,4.0,100.0,0.0,0,True
2017,2016-11-14,True,False,orl,ind,69,88,19,18,20,12,0,16,25,30,17,0,home,8.0,206.5,290.0,-350.0,4.0,102.0,1.0,0,True
2017,2016-11-14,True,False,bos,no,105,106,26,25,23,31,0,27,29,28,22,0,away,3.5,212.0,-165.0,145.0,3.5,112.5,0.0,0,True
2017,2016-11-15,True,False,tor,cle,117,121,25,32,27,33,0,30,31,30,30,0,home,6.0,210.0,210.0,-250.0,2.0,103.5,0.0,1,True
2017,2016-11-15,True,False,atl,mia,93,90,22,27,23,21,0,25,18,24,23,0,away,6.5,198.5,-265.0,225.0,2.0,104.0,0.0,0,False
2017,2016-11-15,True,False,cha,min,115,108,31,15,36,33,0,30,28,17,33,0,away,1.0,205.0,-120.0,100.0,3.5,100.0,1.0,1,False
2017,2016-11-15,True,False,chi,por,113,88,35,21,27,30,0,14,23,26,25,0,home,4.5,209.5,170.0,-190.0,7.0,104.5,0.0,0,False
2017,2016-11-15,True,False,bkn,lal,118,125,29,22,34,33,0,27,29,37,32,0,home,7.0,219.0,245.0,-290.0,2.5,113.0,2.0,1,True
2017,2016-11-16,True,False,hou,okc,103,105,32,31,27,13,0,38,27,20,20,0,home,2.5,219.5,120.0,-140.0,1.0,107.0,0.0,0,True
2017,2016-11-16,True,False,mem,lac,111,107,26,35,22,28,0,28,18,30,31,0,home,12.5,201.0,750.0,-1200.0,11.5,101.5,0.0,1,False
2017,2016-11-16,True,False,sa,sac,110,105,27,30,27,26,0,22,24,25,34,0,away,5.5,197.5,-230.0,195.0,0.5,104.0,0.0,1,False
2017,2016-11-16,True,False,phx,den,104,120,17,26,33,28,0,28,33,28,31,0,home,4.5,220.0,165.0,-185.0,3.0,114.0,1.0,1,True
2017,2016-11-16,True,False,gs,tor,127,121,34,32,29,32,0,38,15,33,35,0,away,6.0,222.5,-240.0,200.0,0.0,109.5,2.0,1,False
2017,2016-11-16,True,False,cle,ind,93,103,19,26,23,25,0,30,20,30,23,0,home,3.0,208.5,130.0,-150.0,0.5,100.5,1.0,0,True
2017,2016-11-16,True,False,dal,bos,83,90,17,14,23,29,0,29,10,18,33,0,home,6.0,199.5,210.0,-250.0,1.0,98.0,1.0,0,True
2017,2016-11-16,True,False,mil,atl,100,107,26,9,35,30,0,21,31,32,23,0,home,5.5,210.5,190.0,-220.0,2.5,104.0,1.0,0,True
2017,2016-11-16,True,False,wsh,phi,102,109,15,33,28,26,0,29,30,29,21,0,away,7.0,203.5,-290.0,245.0,7.0,100.0,0.0,1,True
2017,2016-11-16,True,False,no,orl,82,89,19,21,23,19,0,21,31,13,24,0,home,7.0,199.0,270.0,-330.0,0.0,98.5,2.0,0,True
2017,2016-11-16,True,False,det,ny,102,105,27,22,25,28,0,29,25,27,24,0,home,1.5,201.0,105.0,-125.0,0.5,99.0,1.0,1,True
2017,2016-11-17,True,False,ny,wsh,112,119,18,24,23,47,0,24,28,35,32,0,home,5.0,208.5,175.0,-200.0,1.0,102.5,1.0,1,True
2017,2016-11-17,True,False,mil,mia,73,96,27,21,14,11,0,21,27,19,29,0,home,4.0,202.5,150.0,-170.0,2.5,100.0,1.0,0,True
2017,2016-11-17,True,False,por,hou,109,126,29,33,21,26,0,41,21,38,26,0,home,5.5,220.0,190.0,-220.0,3.5,108.0,1.0,1,True
2017,2016-11-17,True,False,phi,min,86,110,18,15,25,28,0,27,34,24,25,0,home,12.0,211.0,600.0,-900.0,0.5,101.0,1.0,0,True
2017,2016-11-17,True,False,chi,utah,85,77,25,16,25,19,0,26,17,15,19,0,home,3.0,192.5,135.0,-155.0,1.0,96.5,0.0,0,False
2017,2016-11-18,True,False,mem,dal,80,64,19,17,20,24,0,19,10,12,23,0,away,4.0,186.0,-175.0,155.0,0.5,91.0,1.0,0,False
2017,2016-11-18,True,False,sa,lal,116,107,26,26,39,25,0,16,36,24,31,0,away,8.0,210.0,-360.0,300.0,5.0,109.0,1.0,1,False
2017,2016-11-18,True,False,lac,sac,121,115,40,33,31,17,0,24,30,31,30,0,away,8.5,202.5,-370.0,310.0,0.0,100.0,0.0,1,False
2017,2016-11-18,True,False,tor,den,113,111,29,23,25,25,11,19,38,25,20,9,away,3.5,213.0,-160.0,140.0,4.0,104.5,0.0,1,False
2017,2016-11-18,True,False,por,no,101,113,28,23,24,26,0,31,33,24,25,0,home,0.0,213.5,-110.0,-110.0,4.5,106.0,1.0,1,True
2017,2016-11-18,True,False,gs,bos,104,88,29,26,31,18,0,27,21,9,31,0,away,8.5,226.0,-400.0,330.0,2.5,109.0,1.0,0,False
2017,2016-11-18,True,False,bkn,okc,105,124,40,21,21,23,0,34,30,32,28,0,home,9.5,216.5,400.0,-500.0,5.0,108.5,1.0,1,True
2017,2016-11-18,True,False,phx,ind,116,96,27,30,32,27,0,18,31,33,14,0,home,4.0,216.0,155.0,-175.0,4.5,114.0,0.0,0,False
2017,2016-11-18,True,False,det,cle,81,104,19,20,17,25,0,30,26,26,22,0,home,9.0,202.5,350.0,-420.0,0.5,98.0,1.0,0,True
2017,2016-11-18,True,False,atl,cha,96,100,28,17,35,16,0,29,19,27,25,0,home,2.0,208.0,110.0,-130.0,0.0,109.0,1.0,0,True
2017,2016-11-19,True,False,chi,lac,95,102,33,19,25,18,0,23,24,25,30,0,home,8.0,203.5,320.0,-380.0,8.0,101.5,0.0,0,True
2017,2016-11-19,True,False,utah,hou,102,111,22,22,26,32,0,28,27,26,30,0,home,6.5,201.0,240.0,-280.0,0.0,105.0,1.0,1,True
2017,2016-11-19,True,False,bos,det,94,92,30,20,21,23,0,23,24,26,19,0,home,2.0,199.0,110.0,-130.0,1.5,106.0,0.0,0,False
2017,2016-11-19,True,False,dal,orl,87,95,16,29,24,18,0,17,27,22,29,0,home,7.5,179.5,300.0,-360.0,5.5,91.0,1.0,1,True
2017,2016-11-19,True,False,mia,wsh,114,111,33,27,31,23,0,35,24,23,29,0,home,4.5,198.5,175.0,-200.0,4.0,98.5,0.0,1,False
2017,2016-11-19,True,False,cha,no,116,121,23,23,39,23,8,21,26,27,34,13,away,2.0,205.5,-135.0,115.0,2.0,101.0,0.0,1,True
2017,2016-11-19,True,False,phx,phi,105,120,19,29,27,30,0,32,26,34,28,0,away,2.0,211.0,-135.0,115.0,4.0,111.5,0.0,1,True
2017,2016-11-19,True,False,min,mem,71,93,16,23,13,19,0,18,25,22,28,0,away,1.0,200.0,-115.0,-105.0,1.0,98.5,0.0,0,True
2017,2016-11-19,True,False,gs,mil,124,121,28,41,34,21,0,37,29,26,29,0,away,9.0,218.0,-420.0,350.0,5.0,108.5,0.0,1,False
2017,2016-11-20,True,False,tor,sac,99,102,28,35,18,18,0,36,22,28,16,0,away,3.5,211.5,-165.0,145.0,1.0,104.5,0.0,0,True
2017,2016-11-20,True,False,utah,den,91,105,14,27,22,28,0,24,29,23,29,0,home,4.0,197.5,155.0,-175.0,1.5,102.5,1.0,0,True
2017,2016-11-20,True,False,chi,lal,118,110,30,32,28,28,0,30,31,24,25,0,home,2.5,209.5,125.0,-145.0,2.0,104.5,0.0,1,False
2017,2016-11-20,True,False,por,bkn,129,109,32,38,29,30,0,29,35,20,25,0,away,4.5,219.0,-180.0,160.0,1.0,106.5,1.0,1,False
2017,2016-11-20,True,False,atl,ny,94,104,20,21,25,28,0,24,22,29,29,0,away,4.5,208.5,-185.0,165.0,5.0,109.5,0.0,0,True
2017,2016-11-20,True,False,ind,okc,115,111,30,28,21,24,12,21,33,16,33,8,home,9.5,210.5,400.0,-500.0,7.5,104.0,0.0,1,False
2017,2016-11-21,True,False,tor,lac,115,123,19,26,34,36,0,23,31,34,35,0,home,8.5,207.0,375.0,-450.0,3.0,102.5,0.0,1,True
2017,2016-11-21,True,False,dal,sa,91,96,28,21,24,18,0,24,24,25,23,0,home,13.5,186.5,1000.0,-2000.0,9.5,93.0,0.0,1,True
2017,2016-11-21,True,False,bos,min,99,93,23,19,26,31,0,21,31,29,12,0,away,2.0,207.5,-130.0,110.0,3.5,110.0,1.0,0,False
2017,2016-11-21,True,False,orl,mil,89,93,27,17,30,15,0,20,29,20,24,0,home,7.0,200.5,240.0,-280.0,2.5,99.0,0.0,0,True
2017,2016-11-21,True,False,gs,ind,120,83,34,27,39,20,0,21,21,29,12,0,away,14.5,219.0,-2000.0,1000.0,3.0,108.5,1.0,0,False
2017,2016-11-21,True,False,mem,cha,105,90,32,37,15,21,0,22,23,26,19,0,home,5.5,197.5,180.0,-210.0,8.0,98.0,0.0,0,False
2017,2016-11-21,True,False,mia,phi,94,101,30,15,31,18,0,24,22,32,23,0,away,4.0,201.5,-175.0,155.0,4.5,99.0,0.0,0,True
2017,2016-11-21,True,False,phx,wsh,101,106,20,26,34,21,0,26,24,25,31,0,home,7.5,220.0,270.0,-330.0,3.0,116.0,0.0,0,True
2017,2016-11-21,True,False,hou,det,99,96,18,33,28,20,0,25,21,29,21,0,away,2.5,209.0,-140.0,120.0,0.0,103.0,1.0,0,False
2017,2016-11-22,True,False,no,atl,112,94,34,32,29,17,0,14,30,27,23,0,home,8.5,209.0,305.0,-375.0,10.5,103.5,0.0,0,False
2017,2016-11-22,True,False,por,ny,103,107,33,25,23,22,0,28,32,21,26,0,home,1.0,217.0,-105.0,-115.0,0.5,107.0,1.0,0,True
2017,2016-11-22,True,False,chi,den,107,110,31,29,28,19,0,19,41,31,19,0,away,1.5,207.5,-120.0,100.0,1.5,102.5,0.0,1,True
2017,2016-11-22,True,False,okc,lal,109,111,16,32,26,35,0,29,20,31,31,0,away,3.0,220.5,-160.0,140.0,3.5,108.5,0.0,0,True
2017,2016-11-23,True,False,lal,gs,106,149,26,23,29,28,0,41,39,26,43,0,home,18.0,230.0,2000.0,-9900.0,2.5,112.5,1.0,1,True
2017,2016-11-23,True,False,okc,sac,101,116,27,21,27,26,0,27,24,36,29,0,home,2.0,214.0,105.0,-125.0,0.0,105.0,1.0,1,True
2017,2016-11-23,True,False,min,no,96,117,26,24,18,28,0,31,22,36,28,0,away,2.5,210.0,-145.0,125.0,2.0,103.0,0.0,1,True
2017,2016-11-23,True,False,den,utah,83,108,27,20,14,22,0,36,17,31,24,0,home,8.0,199.0,300.0,-360.0,3.0,98.5,1.0,0,True
2017,2016-11-23,True,False,lac,dal,124,104,32,36,25,31,0,26,19,25,34,0,away,10.0,193.0,-600.0,450.0,0.5,96.0,1.0,1,False
2017,2016-11-23,True,False,tor,hou,115,102,24,30,36,25,0,20,19,35,28,0,home,4.0,216.5,155.0,-175.0,6.5,105.5,0.0,1,False
2017,2016-11-23,True,False,mia,det,84,107,16,26,22,20,0,28,28,30,21,0,home,4.5,188.5,170.0,-190.0,2.0,92.5,1.0,1,True
2017,2016-11-23,True,False,mem,phi,104,99,20,23,20,23,18,26,25,20,15,13,away,6.0,195.5,-220.0,190.0,6.0,97.5,0.0,1,False
2017,2016-11-23,True,False,sa,cha,119,114,30,29,25,35,0,28,32,24,30,0,away,5.5,201.0,-230.0,195.0,5.0,106.0,0.0,1,False
2017,2016-11-23,True,False,atl,ind,96,85,31,18,25,22,0,24,20,22,19,0,away,1.0,204.5,-120.0,100.0,0.5,106.5,1.0,0,False
2017,2016-11-23,True,False,por,cle,125,137,31,29,32,33,0,46,35,31,25,0,home,11.5,219.0,650.0,-1000.0,0.5,105.5,1.0,1,True
2017,2016-11-23,True,False,phx,orl,92,87,24,22,22,24,0,22,22,22,21,0,home,4.0,209.5,150.0,-170.0,4.0,109.5,0.0,0,False
2017,2016-11-23,True,False,bos,bkn,111,92,30,21,28,32,0,16,33,17,26,0,away,7.0,215.0,-320.0,265.0,4.0,112.0,1.0,0,False
2017,2016-11-25,True,False,gs,lal,109,85,30,23,27,29,0,20,23,21,21,0,away,14.0,230.5,-1800.0,950.0,5.5,113.0,1.0,0,False
2017,2016-11-25,True,False,hou,sac,117,104,38,30,22,27,0,19,31,24,30,0,away,3.5,217.0,-165.0,145.0,3.5,103.5,1.0,1,False
2017,2016-11-25,True,False,okc,den,132,129,31,31,22,38,10,30,33,26,33,7,away,3.0,215.0,-150.0,130.0,2.0,104.5,2.0,1,False
2017,2016-11-25,True,False,min,phx,98,85,29,18,20,31,0,27,25,23,10,0,away,2.0,214.5,-130.0,110.0,3.0,107.5,1.0,0,False
2017,2016-11-25,True,False,bkn,ind,97,118,23,20,22,32,0,28,30,34,26,0,home,5.5,213.5,190.0,-220.0,2.0,109.0,1.0,1,True
2017,2016-11-25,True,False,mia,mem,90,81,28,17,26,19,0,19,20,18,24,0,home,5.0,185.0,180.0,-210.0,4.0,91.0,0.0,0,False
2017,2016-11-25,True,False,tor,mil,105,99,27,20,26,32,0,24,18,25,32,0,away,3.5,207.5,-155.0,135.0,1.0,102.5,1.0,0,False
2017,2016-11-25,True,False,no,por,104,119,34,23,26,21,0,32,34,34,19,0,home,4.0,217.5,145.0,-165.0,2.0,108.5,1.0,1,True
2017,2016-11-25,True,False,chi,phi,105,89,23,34,33,15,0,19,28,17,25,0,away,9.5,205.0,-500.0,400.0,2.5,100.5,1.0,0,False
2017,2016-11-25,True,False,lac,det,97,108,23,25,32,17,0,35,22,25,26,0,away,6.5,200.0,-260.0,220.0,6.5,98.5,0.0,1,True
2017,2016-11-25,True,False,dal,cle,90,128,16,22,17,35,0,36,36,24,32,0,home,13.0,201.0,800.0,-1400.0,0.0,98.5,1.0,1,True
2017,2016-11-25,True,False,cha,ny,111,113,28,28,18,30,7,30,22,27,25,9,away,1.5,211.0,-125.0,105.0,0.0,104.0,0.0,1,True
2017,2016-11-25,True,False,atl,utah,68,95,23,11,14,20,0,24,24,13,34,0,home,3.5,195.5,140.0,-160.0,3.0,104.0,1.0,0,True
2017,2016-11-25,True,False,wsh,orl,94,91,26,22,24,22,0,14,24,30,23,0,away,2.0,198.5,-130.0,110.0,2.0,96.0,1.0,0,False
2017,2016-11-25,True,False,sa,bos,109,103,22,24,29,34,0,32,16,26,29,0,away,4.0,201.0,-165.0,145.0,4.0,107.0,1.0,1,False
2017,2016-11-26,True,False,mem,mia,110,107,24,27,31,28,0,31,18,33,25,0,away,1.0,187.0,-120.0,100.0,0.5,93.5,1.0,1,False
2017,2016-11-26,True,False,det,okc,88,106,19,27,22,20,0,29,27,21,29,0,home,4.5,203.0,160.0,-180.0,1.0,99.5,1.0,0,True
2017,2016-11-26,True,False,min,gs,102,115,33,15,25,29,0,30,26,34,25,0,home,12.5,222.5,800.0,-1400.0,5.0,110.0,1.0,0,True
2017,2016-11-26,True,False,ny,cha,102,107,22,25,24,31,0,38,20,17,32,0,home,5.5,207.0,200.0,-240.0,1.0,101.5,0.0,1,True
2017,2016-11-26,True,False,sa,wsh,112,100,23,31,36,22,0,22,22,32,24,0,away,6.0,206.0,-260.0,220.0,0.0,107.5,1.0,1,False
2017,2016-11-27,True,False,cle,phi,112,108,24,28,25,35,0,30,28,23,27,0,away,11.0,209.5,-900.0,600.0,10.5,104.0,0.0,1,False
2017,2016-11-27,True,False,den,phx,120,114,29,34,23,34,0,28,15,36,35,0,home,2.5,213.0,120.0,-140.0,6.5,106.5,0.0,1,False
2017,2016-11-27,True,False,sac,bkn,122,105,31,27,34,30,0,35,24,18,28,0,away,5.0,219.5,-205.0,175.0,4.5,108.0,1.0,1,False
2017,2016-11-27,True,False,mil,orl,104,96,36,22,21,25,0,29,23,20,24,0,home,2.0,196.5,115.0,-135.0,2.0,98.0,0.0,1,False
2017,2016-11-27,True,False,lac,ind,70,91,20,20,18,12,0,23,27,26,15,0,away,12.0,206.0,-800.0,575.0,11.0,103.0,0.0,0,True
2017,2016-11-27,True,False,no,dal,81,91,20,22,18,21,0,26,18,16,31,0,away,5.0,197.0,-205.0,175.0,4.5,98.0,0.0,0,True
2017,2016-11-27,True,False,hou,por,130,114,35,30,31,34,0,35,27,31,21,0,away,1.0,227.0,-115.0,-105.0,0.5,113.0,1.0,1,False
2017,2016-11-27,True,False,atl,lal,94,109,32,16,29,17,0,21,35,28,25,0,away,6.0,209.0,-245.0,205.0,6.5,110.5,0.0,0,True
2017,2016-11-28,True,False,utah,min,112,103,22,28,24,38,0,27,18,24,34,0,away,3.0,193.0,-150.0,130.0,0.5,101.0,1.0,1,False
2017,2016-11-28,True,False,cha,mem,104,85,25,31,25,23,0,25,14,21,25,0,away,2.0,198.0,-130.0,110.0,4.0,98.0,1.0,0,False
2017,2016-11-28,True,False,bos,mia,112,104,21,27,35,29,0,19,12,42,31,0,away,4.5,201.5,-180.0,160.0,2.5,105.0,1.0,1,False
2017,2016-11-28,True,False,atl,gs,100,105,27,26,28,19,0,29,21,30,25,0,home,13.5,219.0,950.0,-1650.0,10.0,114.0,0.0,0,True
2017,2016-11-28,True,False,phi,tor,95,122,26,23,22,24,0,33,27,31,31,0,home,15.0,206.5,1000.0,-2000.0,5.5,101.5,1.0,1,True
2017,2016-11-28,True,False,okc,ny,112,103,24,34,30,24,0,29,26,26,22,0,away,1.0,216.0,-115.0,-105.0,0.5,106.5,1.0,0,False
2017,2016-11-28,True,False,sac,wsh,95,101,19,34,19,20,3,25,25,24,18,9,home,5.0,209.5,175.0,-205.0,4.5,103.5,1.0,0,True
2017,2016-11-29,True,False,det,cha,112,89,33,24,27,28,0,25,29,20,15,0,home,3.5,199.5,145.0,-165.0,6.0,99.0,0.0,1,False
2017,2016-11-29,True,False,lac,bkn,122,127,28,37,21,21,15,24,29,20,34,20,away,11.0,212.5,-750.0,525.0,2.5,102.5,0.0,1,True
2017,2016-11-29,True,False,cle,mil,101,118,32,22,20,27,0,30,28,34,26,0,away,7.5,213.5,-330.0,270.0,7.5,105.5,0.0,1,True
2017,2016-11-29,True,False,lal,no,88,105,22,19,22,25,0,33,32,24,16,0,home,5.5,218.5,200.0,-240.0,3.0,107.0,1.0,0,True
2017,2016-11-29,True,False,orl,sa,95,83,16,29,30,20,0,20,23,21,19,0,home,12.5,194.5,800.0,-1400.0,9.0,95.5,0.0,0,False
2017,2016-11-29,True,False,hou,utah,101,120,29,21,23,28,0,38,24,23,35,0,away,1.5,204.5,-120.0,100.0,4.0,100.0,0.0,1,True
2017,2016-11-30,True,False,det,bos,121,114,31,28,33,29,0,28,25,31,30,0,home,6.5,201.0,215.0,-265.0,6.0,98.0,0.0,1,False
2017,2016-11-30,True,False,ind,por,109,131,23,35,25,26,0,31,42,36,22,0,home,7.5,209.0,250.0,-315.0,1.0,104.0,1.0,1,True
2017,2016-11-30,True,False,atl,phx,107,109,27,21,27,32,0,36,14,27,32,0,away,3.0,211.0,-165.0,145.0,4.0,111.0,0.0,1,True
2017,2016-11-30,True,False,mia,den,106,98,28,24,23,31,0,30,17,33,18,0,home,6.5,208.0,220.0,-270.0,6.5,103.5,0.0,0,False
2017,2016-11-30,True,False,sa,dal,94,87,21,22,18,33,0,17,23,26,21,0,away,8.5,186.5,-425.0,345.0,5.0,97.5,0.0,0,False
2017,2016-11-30,True,False,mem,tor,105,120,28,29,25,23,0,25,30,34,31,0,home,13.5,195.0,850.0,-1450.0,8.5,95.0,1.0,1,True
2017,2016-11-30,True,False,ny,min,106,104,28,30,23,25,0,31,18,25,30,0,home,3.5,211.5,155.0,-175.0,4.5,103.0,0.0,0,False
2017,2016-11-30,True,False,wsh,okc,115,126,19,34,31,21,10,32,28,24,21,21,home,5.0,216.0,170.0,-200.0,1.0,106.0,1.0,1,True
2017,2016-11-30,True,False,lal,chi,96,90,17,30,23,26,0,28,19,26,17,0,home,10.5,209.5,465.0,-615.0,7.0,103.5,0.0,0,False
2017,2016-12-01,True,False,mia,utah,111,110,26,26,31,28,0,27,21,29,33,0,home,6.5,186.5,230.0,-270.0,6.5,91.5,0.0,1,False
2017,2016-12-01,True,False,hou,gs,132,127,32,32,22,27,19,30,29,23,31,14,home,11.5,232.5,525.0,-750.0,9.0,113.0,0.0,1,False
2017,2016-12-01,True,False,orl,mem,94,95,28,21,19,26,0,30,20,15,30,0,away,4.0,191.0,-170.0,150.0,3.5,95.0,0.0,0,True
2017,2016-12-01,True,False,mil,bkn,111,93,27,25,38,21,0,26,25,27,15,0,away,5.5,215.0,-210.0,180.0,3.5,105.5,1.0,0,False
2017,2016-12-01,True,False,dal,cha,87,97,14,27,19,27,0,23,21,24,29,0,home,12.0,192.5,650.0,-1000.0,6.5,96.0,0.0,0,True
2017,2016-12-01,True,False,lac,cle,113,94,24,34,27,28,0,28,22,15,29,0,home,3.5,215.0,150.0,-170.0,4.5,106.0,0.0,0,False
2017,2016-12-02,True,False,wsh,sa,105,107,28,32,14,31,0,24,33,23,27,0,home,9.0,204.0,375.0,-450.0,7.5,100.5,0.0,1,True
2017,2016-12-02,True,False,lac,no,114,96,25,35,29,25,0,30,27,19,20,0,away,4.0,205.5,-180.0,160.0,2.5,101.5,1.0,1,False
2017,2016-12-02,True,False,cle,chi,105,111,33,27,20,25,0,30,29,29,23,0,away,1.5,209.0,-120.0,100.0,1.5,102.5,0.0,1,True
2017,2016-12-02,True,False,det,atl,121,85,27,31,32,31,0,24,15,18,28,0,home,1.5,199.5,105.0,-125.0,5.5,98.0,0.0,1,False
2017,2016-12-02,True,False,hou,den,128,110,42,31,26,29,0,33,30,21,26,0,home,3.5,221.5,140.0,-160.0,5.0,107.0,0.0,1,False
2017,2016-12-02,True,False,sac,bos,92,97,29,17,26,20,0,29,18,22,28,0,home,6.0,210.5,210.0,-250.0,4.0,103.5,0.0,0,True
2017,2016-12-02,True,False,lal,tor,80,113,22,26,14,18,0,28,41,15,29,0,home,9.5,214.0,400.0,-500.0,1.0,104.5,1.0,0,True
2017,2016-12-02,True,False,orl,phi,105,88,21,29,32,23,0,14,28,19,27,0,home,0.0,198.5,-110.0,-110.0,2.5,98.0,0.0,0,False
2017,2016-12-02,True,False,min,ny,114,118,21,31,36,26,0,30,32,36,20,0,away,2.5,210.5,-145.0,125.0,4.5,104.5,0.0,1,True
2017,2016-12-03,True,False,bkn,mil,103,112,22,18,32,31,0,25,25,25,37,0,home,10.0,214.5,425.0,-550.0,2.5,113.0,0.0,1,True
2017,2016-12-03,True,False,min,cha,125,120,19,30,25,32,19,29,23,32,22,14,home,6.0,211.0,210.0,-250.0,2.5,103.5,0.0,1,False
2017,2016-12-03,True,False,atl,tor,84,128,22,25,23,14,0,32,30,24,42,0,home,8.5,206.5,330.0,-400.0,0.0,108.0,1.0,1,True
2017,2016-12-03,True,False,bos,phi,107,106,22,23,29,33,0,30,23,21,32,0,away,10.0,207.5,-550.0,425.0,9.5,110.5,0.0,1,False
2017,2016-12-03,True,False,lal,mem,100,103,25,37,20,18,0,25,29,28,21,0,home,2.5,198.0,125.0,-145.0,3.5,97.0,1.0,1,True
2017,2016-12-03,True,False,chi,dal,82,107,18,27,21,16,0,29,28,25,25,0,away,3.5,190.5,-165.0,145.0,5.0,93.5,0.0,0,True
2017,2016-12-03,True,False,den,utah,98,105,21,26,16,35,0,24,25,33,23,0,home,7.5,200.5,260.0,-310.0,4.0,99.0,0.0,1,True
2017,2016-12-03,True,False,mia,por,92,99,29,20,22,21,0,21,34,18,26,0,home,6.0,216.0,205.0,-245.0,1.5,106.0,1.0,0,True
2017,2016-12-03,True,False,phx,gs,109,138,30,27,27,25,0,37,29,42,30,0,home,16.5,228.0,1600.0,-6000.0,7.0,120.0,1.0,1,True
2017,2016-12-04,True,False,ind,lac,111,102,17,31,35,28,0,28,24,17,33,0,home,11.5,207.0,550.0,-750.0,6.0,103.0,0.0,1,False
2017,2016-12-04,True,False,sac,ny,98,106,21,20,36,21,0,26,29,26,25,0,home,1.0,209.5,-105.0,-115.0,4.0,103.0,1.0,0,True
2017,2016-12-04,True,False,orl,det,98,92,23,35,20,20,0,27,23,23,19,0,home,7.5,195.5,260.0,-325.0,6.5,96.0,0.0,0,False
2017,2016-12-04,True,False,no,okc,92,101,26,15,25,26,0,29,20,29,23,0,home,6.0,214.5,210.0,-260.0,0.5,107.0,1.0,0,True
2017,2016-12-05,True,False,utah,lal,107,101,26,31,32,18,0,26,27,21,27,0,away,4.0,198.0,-180.0,160.0,1.5,105.0,1.0,1,False
2017,2016-12-05,True,False,cha,dal,109,101,23,25,27,34,0,23,27,28,23,0,away,3.5,193.5,-165.0,145.0,4.5,96.0,1.0,1,False
2017,2016-12-05,True,False,bos,hou,106,107,17,31,35,23,0,26,32,19,30,0,home,5.5,218.0,190.0,-220.0,0.0,114.0,0.0,0,True
2017,2016-12-05,True,False,sa,mil,97,96,26,9,36,26,0,24,24,25,23,0,away,6.0,203.0,-240.0,200.0,7.0,107.0,0.0,0,False
2017,2016-12-05,True,False,por,chi,112,110,29,36,21,26,0,32,25,30,23,0,home,4.0,212.5,155.0,-175.0,4.5,105.0,0.0,1,False
2017,2016-12-05,True,False,ind,gs,106,142,27,23,33,23,0,38,42,36,26,0,home,15.0,224.0,1100.0,-2100.0,1.5,110.0,1.0,1,True
2017,2016-12-05,True,False,wsh,bkn,118,113,29,22,32,35,0,32,34,15,32,0,away,6.5,218.0,-275.0,235.0,7.5,106.0,0.0,1,False
2017,2016-12-05,True,False,cle,tor,116,112,30,32,28,26,0,27,34,20,31,0,home,1.5,214.5,105.0,-125.0,1.0,105.5,0.0,1,False
2017,2016-12-05,True,False,okc,atl,102,99,23,32,28,19,0,21,33,15,30,0,home,4.0,212.5,155.0,-175.0,3.5,104.5,0.0,0,False
2017,2016-12-05,True,False,den,phi,106,98,18,33,23,32,0,27,26,17,28,0,away,3.5,210.0,-165.0,145.0,3.5,103.5,1.0,0,False
2017,2016-12-05,True,False,mem,no,110,108,17,27,30,20,16,21,25,23,25,14,home,4.0,196.5,155.0,-175.0,2.0,97.0,0.0,1,False
2017,2016-12-06,True,False,orl,wsh,124,116,25,40,31,28,0,24,28,29,35,0,home,3.0,200.5,130.0,-150.0,5.0,98.0,0.0,1,False
2017,2016-12-06,True,False,chi,det,91,102,21,23,28,19,0,32,19,20,31,0,home,5.5,201.5,195.0,-230.0,0.5,96.5,1.0,0,True
2017,2016-12-06,True,False,ny,mia,114,103,26,27,31,30,0,25,29,23,26,0,home,1.0,205.5,100.0,-120.0,0.5,101.0,0.0,1,False
2017,2016-12-06,True,False,phi,mem,91,96,20,23,34,14,0,28,19,29,20,0,home,7.0,194.5,250.0,-300.0,3.0,94.5,0.0,0,True
2017,2016-12-06,True,False,sa,min,105,91,19,24,29,33,0,22,24,18,27,0,away,4.0,205.5,-180.0,160.0,5.0,108.5,1.0,0,False
2017,2016-12-06,True,False,phx,utah,105,112,19,26,30,30,0,33,32,29,18,0,home,7.0,204.0,250.0,-300.0,2.0,107.5,2.0,1,True
2017,2016-12-07,True,False,por,mil,107,115,28,30,18,31,0,28,23,34,30,0,home,1.5,214.5,105.0,-125.0,2.5,105.0,1.0,1,True
2017,2016-12-07,True,False,gs,lac,115,98,37,25,29,24,0,19,30,26,23,0,away,4.0,224.5,-165.0,145.0,2.0,113.5,1.0,0,False
2017,2016-12-07,True,False,ind,phx,109,94,23,26,33,27,0,22,31,27,14,0,away,4.0,215.0,-170.0,150.0,5.0,106.5,1.0,0,False
2017,2016-12-07,True,False,sac,dal,120,89,26,30,29,35,0,23,29,12,25,0,away,3.0,196.0,-150.0,130.0,0.5,97.5,1.0,1,False
2017,2016-12-07,True,False,cle,ny,126,94,36,27,29,34,0,26,22,17,29,0,away,8.0,213.5,-380.0,320.0,0.0,105.0,1.0,1,False
2017,2016-12-07,True,False,det,cha,77,87,24,15,19,19,0,23,15,23,26,0,home,5.5,202.5,190.0,-220.0,4.0,101.0,1.0,0,True
2017,2016-12-07,True,False,mia,atl,95,103,25,21,17,32,0,29,24,25,25,0,home,9.0,203.5,375.0,-450.0,3.0,100.5,0.0,0,True
2017,2016-12-07,True,False,den,bkn,111,116,23,29,27,32,0,36,32,28,20,0,away,4.5,221.5,-185.0,165.0,7.0,107.0,0.0,1,True
2017,2016-12-07,True,False,bos,orl,117,87,26,23,36,32,0,27,23,23,14,0,away,1.0,195.5,-115.0,-105.0,0.5,103.0,1.0,1,False
2017,2016-12-07,True,False,lal,hou,95,134,27,28,22,18,0,43,24,39,28,0,home,13.5,222.5,1000.0,-2000.0,3.5,106.5,1.0,1,True
2017,2016-12-08,True,False,den,wsh,85,92,29,23,21,12,0,18,29,28,17,0,home,5.5,217.5,195.0,-230.0,4.5,107.5,1.0,0,True
2017,2016-12-08,True,False,min,tor,110,124,32,27,30,21,0,22,37,29,36,0,home,9.5,214.0,400.0,-500.0,6.5,103.0,1.0,1,True
2017,2016-12-08,True,False,por,mem,86,88,22,28,19,17,0,14,29,18,27,0,away,2.5,206.5,-130.0,110.0,0.0,101.0,0.0,0,True
2017,2016-12-08,True,False,phi,no,99,88,26,26,19,28,0,31,26,12,19,0,home,6.0,205.0,205.0,-245.0,2.0,100.5,0.0,0,False
2017,2016-12-08,True,False,gs,utah,106,99,35,30,17,24,0,17,29,24,29,0,away,11.0,208.0,-800.0,550.0,2.5,103.0,0.0,0,False
2017,2016-12-08,True,False,sa,chi,91,95,17,15,31,28,0,21,24,27,23,0,away,3.5,200.5,-160.0,140.0,6.5,106.5,0.0,0,True
2017,2016-12-09,True,False,ind,dal,103,111,27,25,25,26,0,25,29,31,26,0,away,3.5,199.5,-165.0,145.0,4.0,98.5,0.0,1,True
2017,2016-12-09,True,False,phx,lal,119,115,32,30,27,30,0,26,26,28,35,0,home,1.5,221.5,105.0,-125.0,4.0,117.0,0.0,1,False
2017,2016-12-09,True,False,ny,sac,103,100,30,24,24,25,0,32,21,24,23,0,home,5.5,210.0,190.0,-220.0,4.5,103.5,0.0,0,False
2017,2016-12-09,True,False,hou,okc,102,99,25,30,31,16,0,23,26,28,22,0,away,1.0,224.0,-120.0,100.0,1.5,107.5,1.0,0,False
2017,2016-12-09,True,False,atl,mil,114,110,23,21,40,30,0,30,34,28,18,0,home,3.0,205.5,135.0,-155.0,4.0,107.5,0.0,1,False
2017,2016-12-09,True,False,tor,bos,101,94,25,17,33,26,0,28,22,18,26,0,home,2.5,207.5,120.0,-140.0,1.5,103.0,0.0,0,False
2017,2016-12-09,True,False,mia,cle,84,114,27,19,23,15,0,31,26,30,27,0,home,12.0,208.0,600.0,-900.0,3.5,101.0,1.0,0,True
2017,2016-12-09,True,False,orl,cha,88,109,21,25,24,18,0,20,32,39,18,0,home,6.5,203.5,240.0,-280.0,1.5,100.5,1.0,0,True
2017,2016-12-09,True,False,det,min,117,90,25,24,33,35,0,20,23,25,22,0,away,3.0,202.5,-155.0,135.0,0.0,99.5,1.0,1,False
2017,2016-12-10,True,False,den,orl,121,113,32,33,27,29,0,29,29,37,18,0,away,2.0,205.5,-125.0,105.0,1.5,100.0,1.0,1,False
2017,2016-12-10,True,False,mil,wsh,105,110,32,20,25,28,0,23,29,25,33,0,home,4.5,209.5,160.0,-180.0,3.0,104.0,1.0,1,True
2017,2016-12-10,True,False,por,ind,111,118,44,27,27,13,0,31,33,26,28,0,away,0.0,217.0,-115.0,-105.0,2.0,106.5,0.0,1,True
2017,2016-12-10,True,False,cha,cle,105,116,26,26,29,24,0,36,31,25,24,0,home,8.0,214.5,285.0,-350.0,0.0,106.5,1.0,1,True
2017,2016-12-10,True,False,dal,hou,87,109,27,22,20,18,0,36,24,26,23,0,home,12.0,208.0,700.0,-1000.0,3.5,102.5,1.0,0,True
2017,2016-12-10,True,False,mia,chi,100,105,27,28,20,25,0,29,26,28,22,0,home,9.5,201.0,380.0,-475.0,6.5,98.5,0.0,1,True
2017,2016-12-10,True,False,gs,mem,89,110,16,22,27,24,0,31,30,26,23,0,away,13.0,211.5,-1300.0,800.0,13.0,104.5,0.0,0,True
2017,2016-12-10,True,False,bkn,sa,101,130,26,26,18,31,0,41,26,36,27,0,home,16.0,211.5,1050.0,-2650.0,5.0,110.5,1.0,1,True
2017,2016-12-10,True,False,sac,utah,84,104,25,25,26,8,0,29,23,26,26,0,home,6.0,196.5,210.0,-260.0,4.0,96.5,1.0,0,True
2017,2016-12-10,True,False,no,lac,105,133,31,24,25,25,0,35,26,37,35,0,home,15.5,200.0,1000.0,-2000.0,7.5,99.0,1.0,1,True
2017,2016-12-11,True,False,no,phx,120,119,25,26,25,34,10,31,27,24,28,9,home,2.0,216.0,105.0,-125.0,1.5,107.5,0.0,1,False
2017,2016-12-11,True,False,ny,lal,118,112,32,25,27,34,0,30,26,19,37,0,away,2.5,217.0,-140.0,120.0,2.0,107.5,1.0,1,False
2017,2016-12-11,True,False,gs,min,116,108,30,30,18,38,0,27,31,30,20,0,away,10.0,226.5,-520.0,400.0,6.5,111.5,0.0,0,False
2017,2016-12-11,True,False,bos,okc,96,99,24,19,28,25,0,21,18,28,32,0,home,3.0,207.5,135.0,-155.0,2.5,108.0,2.0,0,True
2017,2016-12-11,True,False,phi,det,97,79,32,26,22,17,0,12,23,29,15,0,home,12.0,198.0,700.0,-1000.0,12.5,95.0,0.0,0,False
2017,2016-12-12,True,False,cha,ind,94,110,20,23,30,21,0,25,20,31,34,0,home,0.0,208.5,-110.0,-110.0,1.0,103.5,1.0,0,True
2017,2016-12-12,True,False,mil,tor,100,122,23,26,33,18,0,33,36,23,30,0,home,8.0,213.0,300.0,-360.0,1.5,102.5,1.0,1,True
2017,2016-12-12,True,False,wsh,mia,101,112,29,24,29,19,0,28,31,22,31,0,away,1.0,208.5,-115.0,-105.0,2.5,101.5,0.0,1,True
2017,2016-12-12,True,False,bkn,hou,118,122,24,19,42,33,0,29,24,37,32,0,home,13.5,229.5,750.0,-1200.0,4.5,119.5,0.0,1,True
2017,2016-12-12,True,False,den,dal,92,112,19,24,24,25,0,27,38,27,20,0,away,3.0,203.5,-155.0,135.0,7.0,99.0,0.0,1,True
2017,2016-12-12,True,False,lal,sac,92,116,24,34,13,21,0,31,18,39,28,0,home,8.5,217.0,330.0,-400.0,6.5,103.5,1.0,0,True
2017,2016-12-12,True,False,por,lac,120,121,27,33,26,34,0,38,18,33,32,0,home,10.0,219.0,425.0,-550.0,8.5,107.0,0.0,1,True
2017,2016-12-13,True,False,mem,cle,86,103,20,23,15,28,0,32,26,15,30,0,home,14.5,201.0,900.0,-1600.0,4.0,98.0,1.0,0,True
2017,2016-12-13,True,False,orl,atl,131,120,35,37,27,32,0,34,28,34,24,0,home,8.5,201.5,320.0,-380.0,7.5,100.5,0.0,1,False
2017,2016-12-13,True,False,min,chi,99,94,22,30,26,21,0,38,18,19,19,0,home,5.5,207.5,190.0,-220.0,2.5,100.0,0.0,0,False
2017,2016-12-13,True,False,gs,no,113,109,29,29,37,18,0,35,30,29,15,0,away,11.5,225.5,-800.0,550.0,11.5,111.5,0.0,0,False
2017,2016-12-13,True,False,ny,phx,111,113,25,21,27,28,10,31,23,31,16,12,away,2.0,218.5,-135.0,115.0,4.0,108.5,0.0,1,True
2017,2016-12-13,True,False,okc,por,95,114,31,21,19,24,0,32,36,24,22,0,home,2.5,219.0,125.0,-145.0,4.5,107.5,1.0,0,True
2017,2016-12-14,True,False,det,dal,95,85,17,26,17,35,0,20,23,21,21,0,away,5.0,190.5,-220.0,190.0,3.5,94.5,1.0,0,False
2017,2016-12-14,True,False,sac,hou,98,132,25,18,24,31,0,36,28,38,30,0,home,13.5,213.0,800.0,-1400.0,1.5,102.5,1.0,1,True
2017,2016-12-14,True,False,bos,sa,101,108,23,24,26,28,0,32,24,21,31,0,home,6.0,196.0,220.0,-260.0,0.0,105.0,1.0,1,True
2017,2016-12-14,True,False,cle,mem,85,93,16,20,17,32,0,28,19,27,19,0,home,7.0,190.0,260.0,-310.0,0.5,91.5,1.0,0,True
2017,2016-12-14,True,False,okc,utah,89,109,21,20,27,21,0,26,29,25,29,0,home,7.5,199.0,280.0,-340.0,0.5,97.5,1.0,0,True
2017,2016-12-14,True,False,cha,wsh,106,109,30,24,23,29,0,26,23,38,22,0,away,2.0,211.5,-130.0,110.0,0.5,104.5,0.0,1,True
2017,2016-12-14,True,False,lac,orl,113,108,30,30,27,26,0,25,26,36,21,0,away,8.5,210.5,-420.0,350.0,2.0,102.0,0.0,1,False
2017,2016-12-14,True,False,tor,phi,123,114,22,38,32,31,0,25,29,20,40,0,away,8.0,205.0,-380.0,320.0,2.5,101.5,1.0,1,False
2017,2016-12-14,True,False,lal,bkn,97,107,30,13,33,21,0,27,25,23,32,0,away,1.0,228.5,-115.0,-105.0,3.5,111.5,0.0,0,True
2017,2016-12-14,True,False,ind,mia,89,95,21,31,27,10,0,20,33,25,17,0,away,1.0,203.5,-115.0,-105.0,0.5,100.5,0.0,0,True
2017,2016-12-15,True,False,ny,gs,90,103,25,20,21,24,0,32,27,29,15,0,home,17.5,222.0,1700.0,-5500.0,7.0,111.0,0.0,0,True
2017,2016-12-15,True,False,por,den,120,132,28,28,29,35,0,38,36,26,32,0,home,2.5,221.5,125.0,-145.0,4.0,107.0,1.0,1,True
2017,2016-12-15,True,False,ind,no,95,102,20,30,24,21,0,24,22,25,31,0,home,3.0,208.5,139.0,-159.0,2.0,103.0,1.0,0,True
2017,2016-12-15,True,False,chi,mil,97,108,18,27,21,31,0,30,34,24,20,0,away,0.0,206.5,-118.0,-102.0,5.0,101.0,0.0,0,True
2017,2016-12-15,True,False,sa,phx,107,92,23,28,23,33,0,20,23,28,21,0,away,8.0,211.5,-355.0,290.0,2.5,110.5,1.0,0,False
2017,2016-12-16,True,False,bkn,orl,111,118,28,24,30,29,0,25,28,30,35,0,home,6.5,217.5,240.0,-280.0,4.0,113.5,1.0,1,True
2017,2016-12-16,True,False,det,wsh,108,122,27,27,23,31,0,27,38,30,27,0,away,1.5,205.0,-120.0,100.0,4.5,101.0,0.0,1,True
2017,2016-12-16,True,False,atl,tor,125,121,35,34,26,30,0,27,25,30,39,0,home,7.0,214.0,245.0,-290.0,8.0,113.0,0.0,1,False
2017,2016-12-16,True,False,cha,bos,88,96,22,28,19,19,0,23,18,28,27,0,home,6.0,207.5,210.0,-250.0,6.5,102.5,1.0,0,True
2017,2016-12-16,True,False,mil,chi,95,69,34,22,18,21,0,15,22,15,17,0,home,5.5,204.0,190.0,-220.0,8.0,100.0,0.0,0,False
2017,2016-12-16,True,False,sac,mem,96,92,24,28,24,20,0,19,23,23,27,0,home,5.0,193.0,180.0,-210.0,5.5,100.0,0.0,0,False
2017,2016-12-16,True,False,no,hou,100,122,24,26,29,21,0,35,37,25,25,0,home,12.0,224.5,600.0,-900.0,1.0,108.0,1.0,0,True
2017,2016-12-16,True,False,lal,phi,100,89,30,23,21,26,0,18,22,24,25,0,home,1.0,211.0,100.0,-120.0,4.5,103.5,0.0,0,False
2017,2016-12-16,True,False,lac,mia,102,98,31,29,19,23,0,27,19,23,29,0,away,8.0,206.5,-400.0,330.0,0.5,99.5,0.0,0,False
2017,2016-12-16,True,False,dal,utah,100,103,29,29,19,23,0,33,31,26,13,0,home,11.0,185.5,550.0,-800.0,5.0,94.0,0.0,1,True
2017,2016-12-17,True,False,por,gs,90,135,21,24,27,18,0,39,31,38,27,0,home,14.0,234.0,900.0,-1600.0,1.5,112.0,1.0,0,True
2017,2016-12-17,True,False,hou,min,111,109,28,16,23,28,16,24,33,23,15,14,away,2.5,221.0,-140.0,120.0,5.0,106.0,0.0,0,False
2017,2016-12-17,True,False,cha,atl,107,99,22,31,27,27,0,22,20,32,25,0,home,2.5,208.5,120.0,-140.0,4.5,101.5,0.0,0,False
2017,2016-12-17,True,False,ny,den,114,127,22,32,26,34,0,33,29,34,31,0,home,4.0,215.0,150.0,-170.0,0.5,106.0,1.0,1,True
2017,2016-12-17,True,False,ind,det,105,90,27,28,28,22,0,26,18,25,21,0,home,4.5,200.5,170.0,-190.0,5.0,98.0,0.0,0,False
2017,2016-12-17,True,False,phx,okc,101,114,20,19,30,32,0,30,24,35,25,0,home,6.5,215.5,240.0,-280.0,1.5,113.5,1.0,0,True
2017,2016-12-17,True,False,lal,cle,108,119,31,28,24,25,0,26,36,27,30,0,home,15.5,219.5,1400.0,-4000.0,9.0,106.5,0.0,1,True
2017,2016-12-18,True,False,sac,dal,79,99,21,23,14,21,0,28,27,21,23,0,away,0.0,193.5,-115.0,-105.0,3.5,97.0,0.0,0,True
2017,2016-12-18,True,False,utah,mem,82,73,18,16,27,21,0,18,17,23,15,0,away,1.0,185.5,-115.0,-105.0,1.5,97.5,1.0,0,False
2017,2016-12-18,True,False,tor,orl,109,79,23,32,29,25,0,30,21,13,15,0,away,5.5,212.0,-230.0,190.0,2.5,105.5,1.0,0,False
2017,2016-12-18,True,False,no,sa,100,113,26,23,22,29,0,30,31,31,21,0,home,12.0,208.0,600.0,-900.0,3.0,100.5,1.0,1,True
2017,2016-12-18,True,False,bkn,phi,107,108,32,25,29,21,0,30,24,29,25,0,home,1.0,216.0,100.0,-120.0,1.0,113.5,2.0,0,True
2017,2016-12-18,True,False,lac,wsh,110,117,27,28,32,23,0,28,24,33,32,0,away,5.5,213.0,-215.0,185.0,2.5,105.5,0.0,1,True
2017,2016-12-18,True,False,bos,mia,105,95,37,21,19,28,0,19,22,30,24,0,away,4.0,202.5,-170.0,150.0,2.5,107.5,1.0,0,False
2017,2016-12-19,True,False,wsh,ind,105,107,36,21,22,26,0,29,28,31,19,0,home,5.0,211.0,175.0,-205.0,3.5,104.0,0.0,1,True
2017,2016-12-19,True,False,atl,okc,110,108,22,26,33,29,0,16,37,25,30,0,home,3.0,211.5,135.0,-155.0,0.5,112.5,0.0,1,False
2017,2016-12-19,True,False,det,chi,82,113,19,15,29,19,0,35,34,28,16,0,home,2.0,196.5,115.0,-135.0,6.5,95.0,1.0,0,True
2017,2016-12-19,True,False,phx,min,108,115,23,31,33,21,0,29,33,29,24,0,home,6.0,212.5,210.0,-260.0,1.0,113.0,1.0,1,True
2017,2016-12-19,True,False,dal,den,107,117,31,27,27,22,0,28,32,33,24,0,home,8.0,207.5,300.0,-365.0,4.5,102.5,1.0,1,True
2017,2016-12-20,True,False,utah,gs,74,104,15,18,21,20,0,19,36,27,22,0,home,12.5,210.5,750.0,-1200.0,1.0,111.5,1.0,0,True
2017,2016-12-20,True,False,den,lac,102,119,26,27,19,30,0,36,32,27,24,0,home,8.0,218.0,300.0,-360.0,0.5,106.5,1.0,1,True
2017,2016-12-20,True,False,por,sac,121,126,35,37,27,22,0,27,33,33,33,0,away,1.0,217.5,-115.0,-105.0,3.5,104.5,0.0,1,True
2017,2016-12-20,True,False,sa,hou,102,100,26,26,19,31,0,24,21,33,22,0,home,0.0,214.0,-110.0,-110.0,2.5,113.5,0.0,0,False
2017,2016-12-20,True,False,bos,mem,112,109,15,16,31,35,15,22,23,26,26,12,away,2.0,194.5,-130.0,110.0,4.5,104.0,1.0,1,False
2017,2016-12-20,True,False,cle,mil,114,108,35,22,27,16,14,27,26,25,22,8,away,3.5,212.0,-160.0,140.0,0.5,103.5,1.0,1,False
2017,2016-12-20,True,False,orl,mia,136,130,27,30,28,24,27,28,36,25,20,21,home,3.5,199.5,145.0,-165.0,0.0,98.0,0.0,1,False
2017,2016-12-20,True,False,ind,ny,111,118,24,35,28,24,0,20,34,30,34,0,home,4.5,210.5,170.0,-190.0,3.5,104.5,1.0,1,True
2017,2016-12-20,True,False,no,phi,108,93,15,42,27,24,0,23,21,25,24,0,away,3.5,205.5,-155.0,135.0,2.5,102.0,1.0,0,False
2017,2016-12-20,True,False,bkn,tor,104,116,23,23,26,32,0,29,35,27,25,0,home,15.5,224.0,1100.0,-2500.0,3.5,119.5,0.0,0,True
2017,2016-12-20,True,False,lal,cha,113,117,41,32,23,17,0,35,24,35,23,0,home,9.0,212.5,375.0,-450.0,9.0,104.0,0.0,1,True
2017,2016-12-21,True,False,mil,cle,102,113,22,32,23,25,0,31,28,33,21,0,home,7.0,207.5,255.0,-320.0,3.0,102.0,1.0,1,True
2017,2016-12-21,True,False,mem,det,98,86,29,24,26,19,0,19,25,19,23,0,home,6.0,189.0,215.0,-265.0,5.5,93.5,0.0,0,False
2017,2016-12-21,True,False,min,atl,92,84,28,21,18,25,0,26,18,25,15,0,home,4.0,216.0,155.0,-175.0,3.5,104.5,0.0,0,False
2017,2016-12-21,True,False,wsh,chi,107,97,22,33,22,30,0,33,23,21,20,0,home,4.0,209.5,160.0,-180.0,2.5,101.0,0.0,0,False
2017,2016-12-21,True,False,okc,no,121,110,34,29,24,34,0,28,30,26,26,0,away,1.5,209.0,-125.0,105.0,1.0,102.5,1.0,1,False
2017,2016-12-21,True,False,hou,phx,125,111,30,31,30,34,0,26,29,29,27,0,away,6.0,228.0,-245.0,205.0,2.0,111.5,1.0,1,False
2017,2016-12-21,True,False,sac,utah,94,93,17,21,24,32,0,24,24,25,20,0,home,8.0,194.0,295.0,-360.0,2.0,93.0,0.0,0,False
2017,2016-12-21,True,False,dal,por,96,95,30,32,19,15,0,20,18,33,24,0,home,6.0,210.0,205.0,-245.0,10.0,103.0,0.0,0,False
2017,2016-12-22,True,False,lal,mia,107,115,25,35,20,27,0,17,36,29,33,0,home,6.0,211.5,210.0,-250.0,5.0,103.5,1.0,1,True
2017,2016-12-22,True,False,orl,ny,95,106,19,28,25,23,0,27,30,24,25,0,home,4.0,211.0,160.0,-180.0,1.5,103.0,1.0,0,True
2017,2016-12-22,True,False,gs,bkn,117,101,33,16,39,29,0,34,31,19,17,0,away,13.0,231.0,-1600.0,900.0,13.0,113.0,1.0,0,False
2017,2016-12-22,True,False,bos,ind,109,102,22,29,26,32,0,31,9,27,35,0,away,1.0,209.5,-120.0,100.0,3.0,110.0,1.0,1,False
2017,2016-12-22,True,False,sa,lac,101,106,22,23,28,28,0,27,30,24,25,0,away,2.5,205.5,-155.0,135.0,5.5,108.0,0.0,1,True
2017,2016-12-23,True,False,atl,den,109,108,29,22,31,27,0,29,26,27,26,0,home,6.0,217.0,210.0,-260.0,2.5,114.5,0.0,2,False
2017,2016-12-23,True,False,tor,utah,104,98,28,28,16,32,0,29,22,23,24,0,away,0.0,198.5,-115.0,-105.0,1.0,99.5,1.0,1,False
2017,2016-12-23,True,False,gs,det,119,113,33,24,31,31,0,32,27,25,29,0,away,7.5,214.5,-345.0,280.0,7.0,105.5,0.0,1,False
2017,2016-12-23,True,False,dal,lac,90,88,21,29,18,22,0,24,27,21,16,0,home,3.5,195.0,150.0,-170.0,2.0,97.0,0.0,0,False
2017,2016-12-23,True,False,phi,phx,116,123,31,35,19,31,0,24,29,28,42,0,home,6.0,213.0,210.0,-260.0,6.5,106.5,1.0,1,True
2017,2016-12-23,True,False,sa,por,110,90,27,30,30,23,0,27,18,27,18,0,away,2.0,211.5,-125.0,105.0,2.5,111.5,1.0,0,False
2017,2016-12-23,True,False,sac,min,109,105,25,26,27,31,0,26,29,30,20,0,home,4.5,206.5,175.0,-205.0,1.5,101.0,0.0,1,False
2017,2016-12-23,True,False,chi,cha,91,103,26,14,27,24,0,22,26,27,28,0,home,4.0,205.0,160.0,-180.0,0.0,106.0,1.0,0,True
2017,2016-12-23,True,False,mia,no,87,91,28,21,19,19,0,25,19,20,27,0,home,4.5,206.0,165.0,-185.0,5.0,100.0,0.0,0,True
2017,2016-12-23,True,False,wsh,mil,96,123,29,29,20,18,0,37,36,27,23,0,home,3.0,214.5,130.0,-150.0,3.0,104.5,1.0,1,True
2017,2016-12-23,True,False,okc,bos,117,112,25,33,30,29,0,28,26,25,33,0,home,5.5,211.5,190.0,-230.0,5.5,105.0,0.0,1,False
2017,2016-12-23,True,False,bkn,cle,99,119,15,25,17,42,0,29,37,32,21,0,home,16.5,225.5,1400.0,-4000.0,2.5,117.0,1.0,0,True
2017,2016-12-23,True,False,lal,orl,90,109,14,26,29,21,0,30,27,29,23,0,home,4.5,209.5,180.0,-210.0,2.5,103.0,1.0,0,True
2017,2016-12-23,True,False,hou,mem,109,115,31,18,26,34,0,25,29,23,38,0,away,3.5,205.5,-160.0,140.0,3.5,100.0,0.0,1,True
2017,2016-12-25,True,False,lac,lal,102,111,31,27,16,28,0,27,28,34,22,0,away,2.5,209.5,-140.0,120.0,1.0,104.0,0.0,1,True
2017,2016-12-25,True,False,bos,ny,119,114,22,34,32,31,0,28,20,34,32,0,away,1.0,209.5,-116.0,-104.0,1.5,109.5,1.0,1,False
2017,2016-12-25,True,False,gs,cle,108,109,27,28,32,21,0,25,27,28,29,0,away,3.5,219.5,-155.0,135.0,1.5,110.0,0.0,0,True
2017,2016-12-25,True,False,chi,sa,100,119,25,25,26,24,0,36,19,32,32,0,home,9.0,199.0,370.0,-465.0,4.0,103.0,1.0,1,True
2017,2016-12-25,True,False,min,okc,100,112,27,26,22,25,0,23,34,29,26,0,home,3.5,212.0,155.0,-175.0,1.0,104.0,1.0,2,True
2017,2016-12-26,True,False,ind,chi,85,90,19,22,20,24,0,28,23,12,27,0,home,2.0,206.5,110.0,-130.0,2.0,99.0,1.0,0,True
2017,2016-12-26,True,False,phi,sac,100,102,23,24,30,23,0,24,27,19,32,0,home,8.0,204.0,305.0,-365.0,4.0,101.5,0.0,0,True
2017,2016-12-26,True,False,atl,min,90,104,25,20,20,25,0,23,31,35,15,0,away,1.5,209.0,-135.0,115.0,3.5,109.0,0.0,0,True
2017,2016-12-26,True,False,den,lac,106,102,23,40,16,27,0,23,23,31,25,0,away,4.5,209.5,-185.0,165.0,3.0,101.5,0.0,0,False
2017,2016-12-26,True,False,phx,hou,115,131,23,20,37,35,0,39,30,38,24,0,home,13.0,230.5,700.0,-1100.0,0.5,120.5,1.0,1,True
2017,2016-12-26,True,False,tor,por,95,91,21,22,30,22,0,24,18,26,23,0,away,8.0,215.5,-350.0,290.0,5.0,105.0,0.0,0,False
2017,2016-12-26,True,False,cha,bkn,118,120,40,23,25,30,0,31,23,29,37,0,away,6.5,217.0,-275.0,235.0,1.0,106.5,0.0,1,True
2017,2016-12-26,True,False,cle,det,90,106,19,25,20,26,0,22,28,26,30,0,home,5.0,203.5,190.0,-220.0,1.5,100.0,1.0,0,True
2017,2016-12-26,True,False,dal,no,104,111,20,33,24,27,0,25,30,30,26,0,home,4.5,199.5,165.0,-185.0,2.5,99.0,1.0,1,True
2017,2016-12-26,True,False,mil,wsh,102,107,27,30,27,18,0,28,25,29,25,0,home,3.5,213.5,140.0,-160.0,2.5,105.5,1.0,0,True
2017,2016-12-26,True,False,mem,orl,102,112,18,25,28,31,0,36,32,28,16,0,away,3.0,193.0,-155.0,135.0,7.0,94.0,0.0,1,True
2017,2016-12-27,True,False,mem,bos,103,113,24,24,29,26,0,28,28,28,29,0,home,7.5,198.0,280.0,-345.0,1.5,98.5,1.0,1,True
2017,2016-12-27,True,False,okc,mia,106,94,33,28,26,19,0,19,29,21,25,0,away,4.5,203.5,-180.0,160.0,2.0,98.5,1.0,0,False
2017,2016-12-27,True,False,hou,dal,123,107,31,35,32,25,0,31,16,27,33,0,away,4.5,209.0,-185.0,165.0,3.5,101.5,1.0,1,False
2017,2016-12-27,True,False,utah,lal,102,100,28,20,24,30,0,25,27,22,26,0,away,5.5,204.0,-215.0,185.0,6.0,107.5,0.0,0,False
2017,2016-12-28,True,False,sac,por,89,102,21,23,19,26,0,30,30,15,27,0,home,2.0,207.0,110.0,-130.0,3.5,101.0,1.0,0,True
2017,2016-12-28,True,False,min,den,103,105,31,18,24,30,0,22,27,32,24,0,home,4.0,217.0,150.0,-170.0,2.5,105.0,0.0,0,True
2017,2016-12-28,True,False,phx,sa,98,119,27,37,18,16,0,30,28,31,30,0,home,11.5,214.0,600.0,-900.0,10.0,114.0,1.0,1,True
2017,2016-12-28,True,False,lac,no,98,102,27,29,21,21,0,19,30,27,26,0,away,1.0,209.5,-120.0,100.0,2.0,102.5,0.0,0,True
2017,2016-12-28,True,False,tor,gs,111,121,17,38,32,24,0,42,30,32,17,0,home,9.5,227.5,425.0,-550.0,0.5,112.0,1.0,1,True
2017,2016-12-28,True,False,ny,atl,98,102,25,22,19,19,13,22,23,20,20,17,home,5.5,211.0,185.0,-215.0,5.5,103.5,0.0,0,True
2017,2016-12-28,True,False,mil,det,119,94,31,31,28,29,0,28,26,21,19,0,home,3.0,203.0,135.0,-155.0,4.0,99.5,0.0,1,False
2017,2016-12-28,True,False,cha,orl,120,101,32,30,35,23,0,28,27,13,33,0,away,4.5,204.5,-185.0,165.0,0.5,100.0,1.0,1,False
2017,2016-12-28,True,False,ind,wsh,105,111,25,23,26,31,0,23,35,27,26,0,home,4.0,214.5,160.0,-180.0,1.0,105.5,1.0,1,True
2017,2016-12-28,True,False,bkn,chi,99,101,20,29,29,21,0,23,23,30,25,0,home,9.5,213.5,425.0,-550.0,7.5,113.5,0.0,0,True
2017,2016-12-29,True,False,mia,cha,82,91,19,30,17,16,0,21,21,31,18,0,home,6.0,204.5,210.0,-250.0,6.0,100.0,1.0,0,True
2017,2016-12-29,True,False,bos,cle,118,124,25,34,24,35,0,32,34,35,23,0,home,6.0,216.5,210.0,-250.0,0.5,113.0,2.0,1,True
2017,2016-12-29,True,False,okc,mem,80,114,21,18,22,19,0,27,28,23,36,0,home,1.0,197.5,100.0,-120.0,4.5,95.5,1.0,0,True
2017,2016-12-29,True,False,phi,utah,83,100,24,27,23,9,0,22,27,21,30,0,home,14.0,196.5,1000.0,-2000.0,10.0,96.0,1.0,0,True
2017,2016-12-29,True,False,tor,phx,91,99,18,22,22,29,0,16,26,34,23,0,away,8.5,223.0,-420.0,350.0,6.5,110.0,0.0,0,True
2017,2016-12-29,True,False,dal,lal,101,89,26,24,31,20,0,27,30,13,19,0,home,4.0,205.0,155.0,-175.0,0.0,100.5,0.0,0,False
2017,2016-12-30,True,False,dal,gs,99,108,29,19,21,30,0,29,30,32,17,0,home,18.0,215.0,1800.0,-8000.0,7.0,106.0,0.0,0,True
2017,2016-12-30,True,False,phi,den,124,122,30,30,31,33,0,28,32,27,35,0,home,10.0,213.5,450.0,-600.0,6.5,106.0,0.0,1,False
2017,2016-12-30,True,False,por,sa,94,110,32,20,21,21,0,22,25,33,30,0,home,9.5,202.0,400.0,-500.0,8.5,97.5,1.0,1,True
2017,2016-12-30,True,False,lac,hou,116,140,23,34,41,18,0,37,37,34,32,0,home,10.5,217.0,475.0,-650.0,0.5,104.0,1.0,1,True
2017,2016-12-30,True,False,ny,no,92,104,21,30,18,23,0,31,24,24,25,0,home,3.5,215.5,140.0,-160.0,1.0,105.5,1.0,0,True
2017,2016-12-30,True,False,chi,ind,101,111,22,28,23,28,0,28,34,22,27,0,home,4.0,202.5,150.0,-170.0,2.5,106.0,1.0,1,True
2017,2016-12-30,True,False,det,atl,98,105,19,22,21,36,0,19,32,23,31,0,home,2.5,199.5,125.0,-145.0,1.5,97.5,1.0,1,True
2017,2016-12-30,True,False,mia,bos,114,117,25,23,30,36,0,25,27,30,35,0,home,9.5,203.5,400.0,-500.0,4.5,99.0,0.0,1,True
2017,2016-12-30,True,False,bkn,wsh,95,118,23,27,27,18,0,31,35,25,27,0,home,7.5,219.5,270.0,-330.0,1.0,114.5,1.0,0,True
2017,2016-12-30,True,False,mil,min,99,116,21,27,23,28,0,34,21,30,31,0,home,1.0,209.5,100.0,-120.0,1.5,103.0,1.0,1,True
2017,2016-12-31,True,False,lac,okc,88,114,12,28,28,20,0,33,36,27,18,0,home,9.0,209.5,375.0,-450.0,2.0,100.5,1.0,0,True
2017,2016-12-31,True,False,ny,hou,122,129,32,23,37,30,0,27,42,30,30,0,home,12.5,224.0,800.0,-1400.0,3.0,110.0,0.0,1,True
2017,2016-12-31,True,False,phx,utah,86,91,29,22,20,15,0,29,26,21,15,0,home,11.5,207.5,550.0,-800.0,5.0,107.5,0.0,0,True
2017,2016-12-31,True,False,cle,cha,121,109,35,36,28,22,0,28,31,23,27,0,away,1.0,210.5,-120.0,100.0,4.0,103.0,1.0,1,False
2017,2016-12-31,True,False,mem,sac,112,98,21,29,32,30,0,20,25,22,31,0,away,1.5,195.5,-125.0,105.0,0.5,94.0,1.0,1,False
2017,2016-12-31,True,False,mil,chi,116,96,22,27,31,36,0,27,24,25,20,0,home,3.0,204.0,130.0,-150.0,1.5,99.0,0.0,1,False
2017,2017-01-01,True,False,orl,ind,104,117,17,34,22,31,0,27,35,27,28,0,home,6.0,209.5,200.0,-240.0,1.0,102.5,1.0,1,True
2017,2017-01-01,True,False,det,mia,107,98,33,25,27,22,0,37,29,15,17,0,away,6.5,198.0,-280.0,240.0,6.5,99.5,1.0,1,False
2017,2017-01-01,True,False,sa,atl,112,114,27,19,28,26,12,25,19,25,31,14,away,5.0,199.5,-200.0,175.0,2.5,104.0,0.0,1,True
2017,2017-01-01,True,False,por,min,95,89,24,13,32,26,0,23,26,15,25,0,home,6.0,208.0,210.0,-250.0,0.0,100.5,0.0,0,False
2017,2017-01-01,True,False,tor,lal,123,114,27,31,27,38,0,33,24,26,31,0,away,8.0,218.0,-380.0,320.0,5.0,108.5,1.0,1,False
2017,2017-01-02,True,False,no,cle,82,90,22,21,26,13,0,15,29,23,23,0,home,9.0,218.0,350.0,-420.0,6.0,105.5,0.0,0,True
2017,2017-01-02,True,False,utah,bkn,101,89,24,26,20,31,0,26,26,18,19,0,away,6.5,206.0,-280.0,240.0,5.5,107.5,1.0,0,False
2017,2017-01-02,True,False,orl,ny,115,103,33,34,25,23,0,32,27,21,23,0,home,4.0,210.5,155.0,-175.0,4.5,104.0,0.0,1,False
2017,2017-01-02,True,False,wsh,hou,91,101,29,24,17,21,0,14,27,37,23,0,home,7.5,231.0,290.0,-350.0,8.0,113.0,1.0,0,True
2017,2017-01-02,True,False,cha,chi,111,118,23,34,28,26,0,25,33,24,36,0,away,1.0,200.0,-120.0,100.0,1.5,98.0,0.0,1,True
2017,2017-01-02,True,False,den,gs,119,127,33,31,21,34,0,35,33,26,33,0,home,15.5,232.0,1200.0,-3000.0,8.0,114.0,0.0,1,True
2017,2017-01-02,True,False,phx,lac,98,109,26,32,18,22,0,27,37,25,20,0,home,4.5,214.0,170.0,-190.0,0.5,111.0,1.0,0,True
2017,2017-01-02,True,False,okc,mil,94,98,30,26,16,22,0,22,28,29,19,0,home,1.5,213.5,100.0,-120.0,2.5,103.5,1.0,0,True
2017,2017-01-03,True,False,mia,phx,90,99,29,23,14,24,0,28,28,27,16,0,home,5.0,212.5,180.0,-210.0,2.0,106.0,1.0,0,True
2017,2017-01-03,True,False,sac,den,120,113,29,31,34,26,0,28,23,37,25,0,home,4.0,214.5,155.0,-175.0,4.5,106.0,0.0,1,False
2017,2017-01-03,True,False,mem,lal,102,116,20,28,29,25,0,22,35,34,25,0,away,5.0,207.0,-210.0,180.0,6.0,101.5,0.0,1,True
2017,2017-01-03,True,False,wsh,dal,105,113,29,38,21,17,0,28,33,26,26,0,home,0.0,201.5,-110.0,-110.0,2.5,99.5,1.0,1,True
2017,2017-01-03,True,False,ind,det,121,116,36,30,26,29,0,28,32,32,24,0,home,5.0,205.0,175.0,-200.0,4.0,101.5,0.0,1,False
2017,2017-01-03,True,False,utah,bos,104,115,29,16,29,30,0,28,26,31,30,0,home,5.5,200.0,185.0,-215.0,0.0,104.0,1.0,1,True
2017,2017-01-03,True,False,min,phi,91,93,16,26,26,23,0,29,28,22,14,0,away,4.5,205.5,-190.0,170.0,6.5,102.5,0.0,0,True
2017,2017-01-03,True,False,tor,sa,82,110,18,23,17,24,0,29,31,28,22,0,home,6.0,206.5,215.0,-255.0,2.5,100.5,1.0,0,True
2017,2017-01-04,True,False,por,gs,117,125,34,37,21,25,0,40,29,30,26,0,home,16.5,222.5,1200.0,-3000.0,11.5,109.0,0.0,1,True
2017,2017-01-04,True,False,mem,lac,106,115,29,34,22,21,0,30,23,36,26,0,away,1.5,196.5,-125.0,105.0,2.5,96.5,0.0,1,True
2017,2017-01-04,True,False,chi,cle,106,94,16,36,31,23,0,23,23,28,20,0,home,4.5,204.0,170.0,-190.0,4.0,105.0,0.0,0,False
2017,2017-01-04,True,False,mia,sac,107,102,30,34,23,20,0,25,34,22,21,0,home,7.5,204.0,280.0,-340.0,7.5,99.5,0.0,1,False
2017,2017-01-04,True,False,okc,cha,112,123,22,33,33,24,0,27,33,27,36,0,home,2.0,208.5,115.0,-135.0,0.5,102.0,1.0,1,True
2017,2017-01-04,True,False,atl,orl,111,92,23,29,26,33,0,26,21,18,27,0,away,2.0,207.0,-130.0,110.0,0.0,108.0,1.0,0,False
2017,2017-01-04,True,False,mil,ny,105,104,27,25,21,32,0,25,27,35,17,0,away,3.5,213.5,-170.0,150.0,2.5,103.5,0.0,0,False
2017,2017-01-05,True,False,bkn,ind,109,121,27,25,32,25,0,34,25,38,24,0,home,10.5,218.5,450.0,-600.0,3.5,113.0,1.0,1,True
2017,2017-01-05,True,False,utah,tor,93,101,27,25,21,20,0,18,30,23,30,0,home,4.5,197.0,175.0,-200.0,5.0,102.5,1.0,0,True
2017,2017-01-05,True,False,cha,det,114,115,26,22,22,44,0,37,21,27,30,0,home,4.5,208.5,180.0,-210.0,0.5,101.5,0.0,1,True
2017,2017-01-05,True,False,okc,hou,116,118,38,18,27,33,0,33,34,30,21,0,home,8.0,227.5,330.0,-400.0,1.0,110.5,0.0,1,True
2017,2017-01-05,True,False,atl,no,99,94,23,19,33,24,0,28,19,25,22,0,home,1.5,208.5,100.0,-120.0,0.5,107.5,0.0,0,False
2017,2017-01-05,True,False,phx,dal,102,95,19,22,29,32,0,22,23,27,23,0,home,5.0,206.0,185.0,-215.0,2.0,107.0,0.0,0,False
2017,2017-01-05,True,False,lal,por,109,118,24,38,22,25,0,29,24,31,34,0,home,6.5,221.0,230.0,-270.0,7.0,109.5,1.0,1,True
2017,2017-01-05,True,False,sa,den,127,99,29,29,32,37,0,33,20,24,22,0,away,7.0,213.5,-300.0,250.0,2.5,110.5,1.0,1,False
2017,2017-01-06,True,False,mia,lal,100,127,23,33,23,21,0,32,26,32,37,0,home,2.5,213.5,120.0,-140.0,1.5,105.5,1.0,1,True
2017,2017-01-06,True,False,mem,gs,128,119,27,28,24,32,17,34,33,31,13,8,home,13.5,216.0,750.0,-1200.0,4.5,106.0,0.0,1,False
2017,2017-01-06,True,False,ny,mil,116,111,32,21,30,33,0,33,32,31,15,0,home,5.5,213.5,190.0,-220.0,1.0,104.5,0.0,1,False
2017,2017-01-06,True,False,lac,sac,106,98,19,34,22,31,0,29,12,32,25,0,away,2.5,212.5,-140.0,120.0,2.5,103.5,1.0,0,False
2017,2017-01-06,True,False,cle,bkn,116,108,24,26,36,30,0,20,19,29,40,0,away,13.0,221.0,-1100.0,700.0,4.0,105.0,0.0,1,False
2017,2017-01-06,True,False,hou,orl,100,93,19,25,35,21,0,22,30,23,18,0,away,5.0,224.0,-200.0,175.0,5.5,107.0,1.0,0,False
2017,2017-01-06,True,False,min,wsh,105,112,29,19,37,20,0,32,24,24,32,0,home,4.5,211.5,170.0,-190.0,0.0,102.0,1.0,1,True
2017,2017-01-06,True,False,phi,bos,106,110,23,39,18,26,0,25,26,27,32,0,home,11.0,213.0,525.0,-750.0,10.0,104.5,0.0,1,True
2017,2017-01-07,True,False,ny,ind,109,123,29,14,27,39,0,33,29,34,27,0,home,7.0,216.0,260.0,-310.0,2.5,105.0,1.0,1,True
2017,2017-01-07,True,False,no,bos,108,117,31,22,20,35,0,28,29,36,24,0,home,6.0,212.5,220.0,-260.0,2.5,104.0,1.0,1,True
2017,2017-01-07,True,False,utah,min,94,92,25,22,22,25,0,24,24,32,12,0,away,4.5,193.0,-190.0,170.0,4.0,99.5,0.0,0,False
2017,2017-01-07,True,False,den,okc,106,121,22,38,20,26,0,24,36,28,33,0,home,8.0,221.5,300.0,-360.0,5.5,108.0,1.0,1,True
2017,2017-01-07,True,False,tor,chi,118,123,28,33,25,21,11,29,19,26,33,16,away,1.5,207.0,-120.0,100.0,3.5,101.0,0.0,1,True
2017,2017-01-07,True,False,atl,dal,97,82,22,23,21,31,0,20,22,17,23,0,away,1.5,197.0,-125.0,105.0,0.5,102.5,1.0,0,False
2017,2017-01-07,True,False,cha,sa,85,102,24,26,14,21,0,24,23,26,29,0,home,11.0,208.5,550.0,-800.0,8.5,102.5,1.0,0,True
2017,2017-01-08,True,False,orl,lal,95,111,34,26,9,26,0,40,22,19,30,0,home,2.5,217.0,120.0,-140.0,1.0,106.5,1.0,0,True
2017,2017-01-08,True,False,gs,sac,117,106,24,27,39,27,0,33,25,22,26,0,away,11.5,226.0,-850.0,575.0,12.0,112.0,0.0,0,False
2017,2017-01-08,True,False,cle,phx,120,116,41,28,24,27,0,28,25,37,26,0,away,8.5,221.0,-420.0,350.0,0.0,110.0,0.0,1,False
2017,2017-01-08,True,False,utah,mem,79,88,18,17,16,28,0,19,23,21,25,0,home,2.5,187.0,120.0,-140.0,1.5,97.5,1.0,0,True
2017,2017-01-08,True,False,det,por,125,124,31,22,27,26,19,30,26,31,19,18,home,3.5,213.0,150.0,-170.0,1.0,105.0,0.0,1,False
2017,2017-01-08,True,False,wsh,mil,107,101,24,25,33,25,0,31,26,21,23,0,away,1.0,211.5,-120.0,100.0,3.0,103.0,1.0,0,False
2017,2017-01-08,True,False,mia,lac,86,98,19,20,27,20,0,20,32,28,18,0,home,9.0,207.0,375.0,-450.0,1.0,101.5,1.0,0,True
2017,2017-01-08,True,False,phi,bkn,105,95,24,22,32,27,0,27,30,16,22,0,home,1.0,216.0,-105.0,-115.0,4.0,106.5,0.0,0,False
2017,2017-01-08,True,False,hou,tor,129,122,27,34,34,34,0,37,26,36,23,0,away,2.5,226.5,-135.0,115.0,3.0,110.5,1.0,1,False
2017,2017-01-09,True,False,no,ny,110,96,29,31,31,19,0,26,25,15,30,0,home,3.0,215.0,140.0,-160.0,4.0,104.0,0.0,0,False
2017,2017-01-09,True,False,dal,min,92,101,19,27,24,22,0,33,21,23,24,0,home,4.5,196.5,165.0,-185.0,0.0,97.5,1.0,0,True
2017,2017-01-09,True,False,okc,chi,109,94,26,35,28,20,0,20,26,21,27,0,away,1.0,210.0,-120.0,100.0,4.5,100.5,1.0,0,False
2017,2017-01-10,True,False,det,sac,94,100,29,27,21,17,0,21,22,25,32,0,home,3.0,206.0,130.0,-150.0,5.0,100.5,1.0,0,True
2017,2017-01-10,True,False,mia,gs,95,107,29,25,14,27,0,27,26,26,28,0,home,14.5,218.0,1000.0,-2000.0,10.5,106.5,0.0,0,True
2017,2017-01-10,True,False,por,lal,108,87,25,30,23,30,0,26,31,12,18,0,away,2.5,228.5,-140.0,120.0,3.5,110.5,1.0,0,False
2017,2017-01-10,True,False,cle,utah,92,100,29,12,25,26,0,29,27,19,25,0,away,1.0,203.0,-120.0,100.0,5.5,99.5,0.0,0,True
2017,2017-01-10,True,False,mil,sa,109,107,23,30,30,26,0,23,36,30,18,0,home,10.0,203.5,450.0,-600.0,4.0,97.5,0.0,1,False
2017,2017-01-10,True,False,atl,bkn,117,97,35,26,25,31,0,29,14,27,27,0,away,8.5,216.5,-380.0,320.0,0.5,113.5,1.0,0,False
2017,2017-01-10,True,False,bos,tor,106,114,18,37,29,22,0,23,23,34,34,0,home,5.5,218.0,190.0,-220.0,6.5,114.0,1.0,1,True
2017,2017-01-10,True,False,chi,wsh,99,101,36,25,16,22,0,26,23,32,20,0,home,12.0,203.5,600.0,-900.0,10.5,105.5,0.0,0,True
2017,2017-01-10,True,False,cha,hou,114,121,26,21,32,35,0,32,35,29,25,0,home,9.0,227.0,400.0,-500.0,1.5,109.5,0.0,1,True
2017,2017-01-11,True,False,ny,phi,97,98,32,20,23,22,0,27,20,24,27,0,away,2.0,211.5,-130.0,110.0,0.0,103.5,0.0,0,True
2017,2017-01-11,True,False,wsh,bos,108,117,35,24,26,23,0,36,19,28,34,0,home,5.5,218.0,195.0,-230.0,5.5,107.5,1.0,1,True
2017,2017-01-11,True,False,mem,okc,95,103,22,22,23,28,0,28,27,20,28,0,home,4.5,204.0,165.0,-185.0,1.5,98.5,1.0,0,True
2017,2017-01-11,True,False,hou,min,105,119,23,31,23,28,0,30,25,34,30,0,away,3.5,218.5,-160.0,140.0,3.5,104.0,0.0,1,True
2017,2017-01-11,True,False,cle,por,86,102,20,21,20,25,0,27,22,24,29,0,away,5.5,222.0,-240.0,200.0,6.0,109.0,0.0,0,True
2017,2017-01-11,True,False,orl,lac,96,105,33,18,24,21,0,28,28,17,32,0,home,10.5,209.0,475.0,-650.0,4.5,103.5,0.0,0,True
2017,2017-01-12,True,False,dal,phx,113,108,32,25,31,25,0,29,30,17,32,0,away,2.0,207.5,-140.0,120.0,1.5,105.0,1.0,1,False
2017,2017-01-12,True,False,lal,sa,94,134,24,30,21,19,0,36,36,34,28,0,home,14.0,212.5,950.0,-1800.0,1.5,102.5,1.0,1,True
2017,2017-01-12,True,False,det,gs,107,127,30,28,19,30,0,37,23,41,26,0,home,13.5,218.5,900.0,-1600.0,9.0,107.0,1.0,1,True
2017,2017-01-12,True,False,no,bkn,104,95,35,16,22,31,0,31,26,22,16,0,home,2.5,214.5,120.0,-140.0,1.0,104.0,0.0,0,False
2017,2017-01-12,True,False,ind,den,112,140,29,27,20,36,0,30,37,39,34,0,away,4.5,226.0,-180.0,160.0,6.0,112.0,0.0,1,True
2017,2017-01-12,True,False,chi,ny,89,104,22,29,14,24,0,24,30,22,28,0,home,3.0,207.5,130.0,-150.0,1.0,107.5,1.0,0,True
2017,2017-01-13,True,False,cle,sac,120,108,32,29,23,36,0,15,28,31,34,0,away,6.5,214.5,-300.0,250.0,2.0,104.5,1.0,1,False
2017,2017-01-13,True,False,det,utah,77,110,19,24,20,14,0,14,31,33,32,0,home,11.0,191.0,500.0,-700.0,7.0,93.0,1.0,0,True
2017,2017-01-13,True,False,okc,min,86,96,28,22,18,18,0,30,15,29,22,0,away,2.0,208.0,-130.0,110.0,0.0,100.5,0.0,0,True
2017,2017-01-13,True,False,mem,hou,110,105,25,26,32,27,0,31,33,21,20,0,home,7.5,216.5,290.0,-350.0,0.0,106.0,0.0,0,False
2017,2017-01-13,True,False,orl,por,115,109,36,18,28,33,0,23,26,29,31,0,home,7.0,213.5,260.0,-315.0,8.0,104.5,0.0,1,False
2017,2017-01-13,True,False,bos,atl,103,101,28,20,30,25,0,18,26,21,36,0,home,3.5,211.5,140.0,-160.0,2.5,111.5,0.0,0,False
2017,2017-01-13,True,False,bkn,tor,113,132,27,26,36,24,0,30,24,36,42,0,home,15.5,225.0,1100.0,-2500.0,9.0,116.5,1.0,1,True
2017,2017-01-13,True,False,cha,phi,93,102,21,24,26,22,0,26,26,24,26,0,away,5.0,208.0,-210.0,180.0,6.0,102.0,0.0,0,True
2017,2017-01-13,True,False,mia,mil,108,116,30,18,26,34,0,42,23,26,25,0,home,7.5,205.0,300.0,-360.0,1.0,98.5,1.0,1,True
2017,2017-01-14,True,False,lal,lac,97,113,15,24,29,29,0,26,32,26,29,0,home,11.5,219.5,600.0,-900.0,0.5,107.0,1.0,0,True
2017,2017-01-14,True,False,no,chi,99,107,22,23,26,28,0,21,34,22,30,0,home,3.5,206.5,145.0,-165.0,2.0,100.0,1.0,0,True
2017,2017-01-14,True,False,sa,phx,105,108,25,33,27,20,0,25,26,29,28,0,away,12.5,213.0,-1100.0,700.0,5.0,111.5,0.0,2,True
2017,2017-01-14,True,False,phi,wsh,93,109,30,26,15,22,0,21,35,30,23,0,home,10.0,210.0,450.0,-600.0,7.5,105.0,1.0,0,True
2017,2017-01-14,True,False,orl,utah,107,114,42,23,18,24,0,29,35,20,30,0,home,11.5,194.5,550.0,-800.0,8.0,97.0,0.0,1,True
2017,2017-01-15,True,False,chi,mem,108,104,14,38,26,30,0,19,27,31,27,0,home,8.5,193.5,340.0,-410.0,9.0,99.5,0.0,1,False
2017,2017-01-15,True,False,okc,sac,122,118,28,31,29,34,0,23,23,33,39,0,away,1.5,213.5,-125.0,105.0,3.5,104.0,1.0,1,False
2017,2017-01-15,True,False,hou,bkn,137,112,37,37,30,33,0,36,30,24,22,0,away,14.0,234.5,-1800.0,950.0,6.0,113.0,1.0,1,False
2017,2017-01-15,True,False,det,lal,102,97,23,36,16,27,0,31,26,15,25,0,away,2.0,213.5,-130.0,110.0,1.0,104.0,1.0,0,False
2017,2017-01-15,True,False,mil,atl,98,111,36,17,30,15,0,36,24,28,23,0,home,4.0,205.5,155.0,-175.0,0.0,99.5,1.0,1,True
2017,2017-01-15,True,False,ny,tor,101,116,26,28,8,39,0,27,42,27,20,0,home,10.0,219.5,450.0,-600.0,1.0,106.5,1.0,0,True
2017,2017-01-15,True,False,min,dal,87,98,25,22,23,17,0,27,29,23,19,0,home,0.0,198.5,-110.0,-110.0,3.5,98.5,1.0,0,True
2017,2017-01-16,True,False,atl,ny,108,107,26,27,35,20,0,27,27,29,24,0,away,2.5,210.0,-135.0,115.0,2.0,110.0,0.0,1,False
2017,2017-01-16,True,False,por,wsh,101,120,21,29,27,24,0,37,38,26,19,0,home,3.5,219.5,150.0,-170.0,5.0,104.0,1.0,1,True
2017,2017-01-16,True,False,phi,mil,113,104,24,22,35,32,0,24,30,24,26,0,home,8.5,207.0,340.0,-410.0,2.5,102.5,0.0,1,False
2017,2017-01-16,True,False,no,ind,95,98,18,34,18,25,0,32,22,22,22,0,home,5.0,214.5,180.0,-210.0,2.5,105.5,0.0,0,True
2017,2017-01-16,True,False,orl,den,112,125,36,25,22,29,0,39,30,31,25,0,home,6.0,223.5,200.0,-240.0,0.5,108.5,1.0,1,True
2017,2017-01-16,True,False,cha,bos,98,108,30,23,18,27,0,34,25,21,28,0,home,5.5,217.0,190.0,-220.0,1.0,107.5,1.0,0,True
2017,2017-01-16,True,False,cle,gs,91,126,22,27,22,20,0,37,41,17,31,0,home,9.0,227.5,320.0,-380.0,3.5,109.0,1.0,0,True
2017,2017-01-16,True,False,utah,phx,106,101,24,23,32,27,0,28,25,27,21,0,away,6.5,204.5,-270.0,230.0,7.0,107.5,0.0,1,False
2017,2017-01-16,True,False,okc,lac,98,120,25,22,28,23,0,34,30,32,24,0,home,8.5,217.5,320.0,-380.0,2.5,106.0,1.0,1,True
2017,2017-01-17,True,False,den,lal,127,121,40,26,35,26,0,26,28,30,37,0,away,1.0,230.5,-115.0,-105.0,4.0,110.5,1.0,1,False
2017,2017-01-17,True,False,min,sa,114,122,30,41,19,24,0,30,37,25,30,0,home,12.5,202.5,700.0,-1100.0,10.0,98.0,0.0,1,True
2017,2017-01-17,True,False,tor,bkn,119,109,26,32,34,27,0,29,32,24,24,0,away,8.5,223.5,-420.0,350.0,7.5,108.5,1.0,1,False
2017,2017-01-17,True,False,hou,mia,103,109,32,21,26,24,0,27,26,26,30,0,away,7.5,222.0,-320.0,265.0,5.0,106.5,0.0,0,True
2017,2017-01-17,True,False,dal,chi,99,98,24,30,22,23,0,28,19,27,24,0,home,4.5,197.5,180.0,-210.0,4.5,98.0,0.0,0,False
2017,2017-01-18,True,False,ind,sac,106,100,21,20,30,35,0,34,26,19,21,0,home,2.5,214.0,125.0,-145.0,5.0,103.5,0.0,0,False
2017,2017-01-18,True,False,por,cha,85,107,26,20,26,13,0,23,31,25,28,0,home,5.5,217.5,200.0,-240.0,0.0,107.0,1.0,0,True
2017,2017-01-18,True,False,mem,wsh,101,104,24,27,26,24,0,30,36,17,21,0,home,2.0,207.5,115.0,-135.0,4.0,101.5,1.0,0,True
2017,2017-01-18,True,False,tor,phi,89,94,21,23,21,24,0,25,21,22,26,0,away,6.0,215.5,-230.0,195.0,5.5,106.5,0.0,0,True
2017,2017-01-18,True,False,ny,bos,117,106,31,32,25,29,0,34,20,29,23,0,home,8.5,218.5,400.0,-500.0,10.5,107.0,0.0,1,False
2017,2017-01-18,True,False,orl,no,98,118,29,23,21,25,0,32,33,27,26,0,home,6.0,211.5,200.0,-240.0,1.0,102.0,1.0,1,True
2017,2017-01-18,True,False,atl,det,95,118,18,27,23,27,0,42,27,25,24,0,away,2.5,199.5,-140.0,120.0,6.5,103.0,0.0,1,True
2017,2017-01-18,True,False,mil,hou,92,111,27,12,26,27,0,22,30,27,32,0,home,6.5,226.0,220.0,-260.0,1.0,109.0,1.0,0,True
2017,2017-01-18,True,False,okc,gs,100,121,31,25,22,22,0,30,26,37,28,0,home,14.5,231.0,1000.0,-2000.0,10.0,113.5,1.0,0,True
2017,2017-01-19,True,False,min,lac,104,101,25,19,33,27,0,22,29,28,22,0,away,1.5,208.0,-125.0,105.0,3.5,103.0,1.0,0,False
2017,2017-01-19,True,False,den,sa,104,118,23,35,23,23,0,28,31,33,26,0,home,13.0,216.5,750.0,-1200.0,8.0,104.0,1.0,1,True
2017,2017-01-19,True,False,dal,mia,95,99,22,31,20,22,0,29,15,26,29,0,home,2.0,200.0,110.0,-130.0,4.0,97.0,1.0,0,True
2017,2017-01-19,True,False,wsh,ny,113,110,38,28,34,13,0,27,40,19,24,0,away,1.5,220.5,-125.0,105.0,0.0,105.5,1.0,1,False
2017,2017-01-19,True,False,phx,cle,103,118,21,20,35,27,0,29,30,30,29,0,home,11.0,220.0,600.0,-900.0,0.0,114.0,1.0,1,True
2017,2017-01-20,True,False,por,phi,92,93,33,23,15,21,0,22,21,27,23,0,away,2.0,209.5,-135.0,115.0,3.0,101.5,0.0,0,True
2017,2017-01-20,True,False,tor,cha,78,113,18,30,15,15,0,26,29,33,25,0,home,1.5,216.0,100.0,-120.0,2.0,106.5,1.0,0,True
2017,2017-01-20,True,False,mil,orl,96,112,23,32,19,22,0,25,34,29,24,0,away,3.5,211.5,-160.0,140.0,3.0,102.5,0.0,0,True
2017,2017-01-20,True,False,bkn,no,143,114,29,37,43,34,0,32,22,30,30,0,home,10.0,221.5,450.0,-600.0,10.0,115.0,0.0,1,False
2017,2017-01-20,True,False,chi,atl,93,102,13,23,21,36,0,35,30,22,15,0,home,4.0,204.0,150.0,-170.0,6.0,105.5,1.0,0,True
2017,2017-01-20,True,False,sac,mem,91,107,23,19,22,27,0,15,34,34,24,0,home,8.0,200.0,290.0,-350.0,2.0,102.0,1.0,0,True
2017,2017-01-20,True,False,gs,hou,125,108,32,30,37,26,0,29,28,22,29,0,away,5.0,242.0,-210.0,180.0,2.0,118.5,1.0,0,False
2017,2017-01-20,True,False,utah,dal,112,107,19,27,26,26,14,22,19,27,30,9,away,5.5,188.5,-220.0,190.0,1.5,98.0,0.0,1,False
2017,2017-01-20,True,False,ind,lal,96,108,24,29,22,21,0,27,24,35,22,0,away,3.5,221.0,-170.0,150.0,3.0,108.5,0.0,0,True
2017,2017-01-21,True,False,lac,den,98,123,18,27,26,27,0,27,32,36,28,0,home,5.0,222.5,175.0,-200.0,2.0,107.0,1.0,0,True
2017,2017-01-21,True,False,ind,utah,100,109,21,29,22,28,0,34,26,25,24,0,home,7.0,200.5,250.0,-300.0,0.0,98.5,1.0,1,True
2017,2017-01-21,True,False,sac,chi,99,102,21,31,21,26,0,24,31,20,27,0,home,6.5,205.0,240.0,-280.0,2.5,100.5,0.0,0,True
2017,2017-01-21,True,False,sa,cle,118,115,22,35,27,23,11,33,25,31,18,8,home,3.5,211.5,140.0,-160.0,2.0,110.0,0.0,1,False
2017,2017-01-21,True,False,hou,mem,119,95,32,26,33,28,0,22,27,23,23,0,home,0.0,214.5,-110.0,-110.0,2.5,104.5,0.0,0,False
2017,2017-01-21,True,False,por,bos,127,123,26,30,32,25,14,28,37,21,27,10,home,7.5,217.0,270.0,-330.0,1.5,105.5,0.0,1,False
2017,2017-01-21,True,False,mil,mia,97,109,22,21,28,26,0,25,28,29,27,0,away,2.0,205.5,-130.0,110.0,5.0,99.5,0.0,1,True
2017,2017-01-21,True,False,phi,atl,93,110,25,29,23,16,0,25,37,28,20,0,home,10.0,199.5,450.0,-600.0,3.5,96.5,1.0,1,True
2017,2017-01-21,True,False,bkn,cha,105,112,14,32,35,24,0,28,32,21,31,0,home,12.0,222.0,650.0,-1000.0,2.5,114.0,0.0,0,True
2017,2017-01-21,True,False,wsh,det,112,113,26,29,27,30,0,30,31,37,15,0,home,2.0,207.0,105.0,-125.0,1.0,100.5,0.0,1,True
2017,2017-01-21,True,False,phx,ny,107,105,30,31,29,17,0,33,22,35,15,0,home,4.5,224.0,180.0,-210.0,5.0,116.5,0.0,0,False
2017,2017-01-22,True,False,den,min,108,111,29,29,26,24,0,28,34,22,27,0,home,3.5,221.0,145.0,-165.0,0.5,108.0,0.0,0,True
2017,2017-01-22,True,False,phx,tor,115,103,28,29,25,33,0,31,29,25,18,0,home,12.0,219.5,650.0,-1000.0,6.5,114.0,0.0,0,False
2017,2017-01-22,True,False,gs,orl,118,98,28,22,42,26,0,22,28,24,24,0,away,13.5,225.0,-1400.0,800.0,9.5,111.0,1.0,0,False
2017,2017-01-22,True,False,lal,dal,73,122,22,11,22,18,0,29,38,23,32,0,home,6.0,206.5,210.0,-250.0,6.0,100.5,1.0,0,True
2017,2017-01-23,True,False,ny,ind,109,103,22,40,24,23,0,34,24,17,28,0,home,5.5,217.5,200.0,-240.0,5.5,107.5,0.0,0,False
2017,2017-01-23,True,False,wsh,cha,109,99,30,30,20,29,0,22,26,26,25,0,home,6.0,213.0,210.0,-250.0,7.0,103.0,0.0,0,False
2017,2017-01-23,True,False,sac,det,109,104,28,37,23,21,0,38,24,21,21,0,home,7.0,205.5,250.0,-300.0,6.5,107.0,0.0,1,False
2017,2017-01-23,True,False,sa,bkn,112,86,27,25,39,21,0,26,16,27,17,0,away,8.5,214.5,-420.0,350.0,1.5,111.5,1.0,0,False
2017,2017-01-23,True,False,gs,mia,102,105,30,18,25,29,0,28,18,31,28,0,away,11.0,218.5,-800.0,550.0,7.0,107.5,0.0,0,True
2017,2017-01-23,True,False,lac,atl,115,105,30,28,27,30,0,21,19,35,30,0,home,7.5,206.5,260.0,-310.0,8.5,100.0,0.0,1,False
2017,2017-01-23,True,False,hou,mil,114,127,33,31,27,23,0,33,35,25,34,0,away,5.0,226.5,-215.0,185.0,5.5,111.0,0.0,1,True
2017,2017-01-23,True,False,cle,no,122,124,26,24,36,36,0,35,35,24,30,0,away,10.0,216.0,-550.0,425.0,11.0,104.5,0.0,1,True
2017,2017-01-23,True,False,okc,utah,97,95,27,29,11,30,0,26,27,19,23,0,home,5.0,203.0,175.0,-200.0,4.5,99.5,0.0,0,False
2017,2017-01-24,True,False,min,phx,112,111,23,36,28,25,0,27,29,23,32,0,away,1.5,215.5,-125.0,105.0,0.5,107.0,0.0,1,False
2017,2017-01-24,True,False,lac,phi,110,121,29,39,21,21,0,27,32,30,32,0,away,4.5,203.5,-195.0,175.0,0.5,101.0,0.0,1,True
2017,2017-01-24,True,False,bos,wsh,108,123,24,35,21,28,0,33,33,25,32,0,home,1.0,217.0,-105.0,-115.0,1.5,112.0,1.0,1,True
2017,2017-01-24,True,False,chi,orl,100,92,20,32,26,22,0,22,27,24,19,0,away,3.0,204.5,-155.0,135.0,1.5,104.0,1.0,0,False
2017,2017-01-24,True,False,utah,den,93,103,22,17,28,26,0,18,33,29,23,0,home,2.0,210.5,105.0,-125.0,3.5,108.5,1.0,0,True
2017,2017-01-24,True,False,sa,tor,108,106,29,32,18,29,0,25,29,25,27,0,home,2.5,203.0,115.0,-135.0,3.5,105.5,0.0,1,False
2017,2017-01-25,True,False,okc,no,114,105,33,31,28,22,0,20,25,37,23,0,away,1.5,217.5,-125.0,105.0,4.5,104.5,1.0,1,False
2017,2017-01-25,True,False,gs,cha,113,103,29,24,22,38,0,28,19,33,23,0,away,9.5,223.5,-600.0,450.0,3.5,109.0,1.0,0,False
2017,2017-01-25,True,False,lal,por,98,105,31,27,17,23,0,30,29,24,22,0,home,8.0,220.5,310.0,-370.0,5.5,108.5,0.0,0,True
2017,2017-01-25,True,False,ny,dal,95,103,25,26,22,22,0,30,22,26,25,0,home,2.5,201.0,125.0,-145.0,1.5,97.0,1.0,0,True
2017,2017-01-25,True,False,tor,mem,99,101,34,23,20,22,0,32,24,31,14,0,home,5.0,201.0,180.0,-210.0,4.5,98.5,0.0,0,True
2017,2017-01-25,True,False,sac,cle,116,112,22,31,26,25,12,26,21,35,22,8,home,10.5,216.5,575.0,-850.0,10.0,113.0,0.0,1,False
2017,2017-01-25,True,False,phi,mil,114,109,33,39,16,26,0,39,19,24,27,0,home,11.0,207.5,600.0,-900.0,10.0,100.5,0.0,1,False
2017,2017-01-25,True,False,mia,bkn,109,106,34,21,16,38,0,30,36,23,17,0,away,2.5,217.0,-145.0,125.0,4.5,107.0,1.0,0,False
2017,2017-01-25,True,False,hou,bos,109,120,27,31,28,23,0,24,28,36,32,0,away,4.0,229.0,-175.0,155.0,0.5,113.5,0.0,2,True
2017,2017-01-25,True,False,atl,chi,119,114,22,29,27,41,0,29,30,24,31,0,away,1.5,203.0,-120.0,100.0,3.0,104.5,1.0,1,False
2017,2017-01-26,True,False,ind,min,109,103,25,27,24,33,0,20,26,24,33,0,home,3.0,213.0,135.0,-155.0,3.0,103.5,0.0,0,False
2017,2017-01-26,True,False,dal,okc,98,109,26,29,18,25,0,23,30,34,22,0,home,9.0,197.0,375.0,-450.0,7.5,96.5,1.0,1,True
2017,2017-01-26,True,False,phx,den,120,127,29,32,31,28,0,35,22,39,31,0,home,7.0,232.0,245.0,-290.0,7.0,119.5,2.0,1,True
2017,2017-01-26,True,False,lal,utah,88,96,16,25,19,28,0,23,21,26,26,0,home,14.0,203.5,900.0,-1600.0,8.5,99.5,0.0,0,True
2017,2017-01-27,True,False,sa,no,103,119,20,37,27,19,0,23,25,37,34,0,away,7.5,214.0,-320.0,265.0,1.5,112.0,0.0,1,True
2017,2017-01-27,True,False,mia,chi,100,88,33,20,24,23,0,24,29,14,21,0,home,7.0,204.5,260.0,-310.0,4.5,100.5,0.0,0,False
2017,2017-01-27,True,False,wsh,atl,112,86,37,30,26,19,0,25,20,23,18,0,home,3.5,214.5,135.0,-155.0,7.5,102.0,0.0,0,False
2017,2017-01-27,True,False,cha,ny,107,110,23,28,36,20,0,29,25,28,28,0,away,1.0,211.5,-115.0,-105.0,1.0,104.0,0.0,1,True
2017,2017-01-27,True,False,mem,por,109,112,24,32,28,25,0,28,34,23,27,0,home,1.5,206.0,105.0,-125.0,0.5,101.5,1.0,1,True
2017,2017-01-27,True,False,bkn,cle,116,124,25,22,26,43,0,27,28,39,30,0,home,17.0,226.0,1600.0,-6000.0,8.0,117.5,0.0,1,True
2017,2017-01-27,True,False,mil,tor,86,102,19,20,31,16,0,36,17,24,25,0,home,5.5,213.5,200.0,-240.0,1.0,102.5,1.0,0,True
2017,2017-01-27,True,False,sac,ind,111,115,30,34,23,17,7,27,28,26,23,11,home,4.5,211.5,165.0,-185.0,5.5,109.5,0.0,1,True
2017,2017-01-27,True,False,hou,phi,123,118,31,30,33,29,0,28,33,21,36,0,away,7.0,220.5,-300.0,250.0,5.0,107.5,0.0,1,False
2017,2017-01-27,True,False,orl,bos,98,128,24,24,17,33,0,39,29,36,24,0,home,7.0,214.0,270.0,-330.0,2.5,102.0,1.0,1,True
2017,2017-01-28,True,False,den,phx,123,112,21,38,36,28,0,33,28,22,29,0,home,3.5,227.5,140.0,-160.0,1.5,111.5,0.0,1,False
2017,2017-01-28,True,False,bkn,min,109,129,26,29,23,31,0,33,30,29,37,0,home,11.0,221.0,500.0,-650.0,3.5,115.0,1.0,1,True
2017,2017-01-28,True,False,lac,gs,98,144,22,29,23,24,0,31,41,45,27,0,home,13.0,224.5,750.0,-1150.0,1.5,108.5,1.0,1,True
2017,2017-01-28,True,False,mem,utah,102,95,26,26,28,22,0,27,16,31,21,0,home,7.5,191.0,295.0,-360.0,7.0,94.5,0.0,1,False
2017,2017-01-28,True,False,det,mia,103,116,33,27,31,12,0,35,29,26,26,0,away,3.0,202.0,-150.0,130.0,3.0,99.0,0.0,1,True
2017,2017-01-28,True,False,sac,cha,109,106,24,28,33,24,0,22,22,33,29,0,home,7.0,204.5,235.0,-295.0,6.0,105.5,0.0,1,False
2017,2017-01-28,True,False,bos,mil,112,108,42,22,17,21,10,27,26,20,29,6,home,2.5,217.0,120.0,-140.0,4.0,113.0,0.0,1,False
2017,2017-01-29,True,False,ny,atl,139,142,37,28,16,23,35,30,31,22,21,38,home,6.0,209.5,210.0,-250.0,6.0,103.5,0.0,1,True
2017,2017-01-29,True,False,okc,cle,91,107,24,21,20,26,0,21,37,22,27,0,home,7.5,217.0,290.0,-350.0,0.0,105.5,1.0,0,True
2017,2017-01-29,True,False,wsh,no,107,94,29,28,17,33,0,23,17,33,21,0,away,1.0,221.5,-115.0,-105.0,4.5,105.0,1.0,0,False
2017,2017-01-29,True,False,orl,tor,114,113,27,33,22,32,0,36,15,27,35,0,home,11.0,211.5,500.0,-700.0,11.0,102.5,0.0,1,False
2017,2017-01-29,True,False,hou,ind,101,120,20,23,27,31,0,33,24,33,30,0,away,3.5,228.5,-170.0,150.0,6.5,112.0,0.0,0,True
2017,2017-01-29,True,False,dal,sa,105,101,27,22,28,28,0,28,31,22,20,0,home,12.0,195.5,650.0,-1000.0,3.5,94.0,0.0,1,False
2017,2017-01-29,True,False,phi,chi,108,121,23,34,30,21,0,37,30,29,25,0,home,7.0,205.5,250.0,-300.0,0.0,99.5,1.0,1,True
2017,2017-01-29,True,False,gs,por,113,111,33,20,31,29,0,24,26,24,37,0,away,6.0,224.5,-250.0,210.0,3.0,111.5,0.0,0,False
2017,2017-01-30,True,False,mem,phx,115,96,31,28,29,27,0,28,20,22,26,0,away,4.0,207.5,-170.0,150.0,2.0,102.5,1.0,1,False
2017,2017-01-30,True,False,sac,phi,119,122,35,20,30,34,0,21,27,42,32,0,away,3.0,207.5,-150.0,130.0,0.5,105.5,0.0,1,True
2017,2017-01-30,True,False,cle,dal,97,104,29,21,20,27,0,26,29,26,23,0,away,4.5,208.0,-185.0,165.0,5.5,104.0,0.0,0,True
2017,2017-01-30,True,False,orl,min,105,111,23,28,28,19,7,26,26,28,18,13,home,8.0,212.5,320.0,-380.0,5.0,104.5,0.0,1,True
2017,2017-01-30,True,False,det,bos,109,113,25,21,24,39,0,26,28,25,34,0,home,5.5,216.5,195.0,-230.0,0.0,107.0,0.0,1,True
2017,2017-01-30,True,False,bkn,mia,96,104,32,20,25,19,0,28,28,28,20,0,home,7.5,218.5,310.0,-370.0,4.0,114.0,1.0,0,True
2017,2017-01-31,True,False,ny,wsh,101,117,28,26,22,25,0,28,31,32,26,0,home,8.0,215.0,320.0,-380.0,3.0,105.0,1.0,1,True
2017,2017-01-31,True,False,no,tor,106,108,25,35,15,21,10,23,23,31,19,12,home,7.5,212.5,270.0,-330.0,9.0,103.5,0.0,1,True
2017,2017-01-31,True,False,sac,hou,83,105,24,11,22,26,0,29,25,28,23,0,home,12.0,225.5,700.0,-1100.0,1.5,117.0,1.0,0,True
2017,2017-01-31,True,False,okc,sa,94,108,17,25,33,19,0,31,21,27,29,0,home,9.5,210.0,425.0,-550.0,2.0,102.0,1.0,0,True
2017,2017-01-31,True,False,cha,por,98,115,23,27,18,30,0,28,28,30,29,0,home,4.0,215.0,160.0,-180.0,0.0,106.5,1.0,0,True
2017,2017-01-31,True,False,den,lal,116,120,30,29,17,40,0,30,24,27,39,0,home,0.0,227.0,-110.0,-110.0,2.0,110.5,1.0,1,True
2017,2017-02-01,True,False,cha,gs,111,126,21,35,27,28,0,41,36,31,18,0,home,14.5,227.0,1100.0,-2500.0,2.5,110.0,1.0,1,True
2017,2017-02-01,True,False,lac,phx,124,114,38,24,30,32,0,31,28,29,26,0,away,2.5,219.0,-150.0,130.0,0.5,108.5,1.0,1,False
2017,2017-02-01,True,False,mem,den,119,99,27,35,25,32,0,18,31,20,30,0,away,4.0,212.0,-170.0,150.0,2.5,105.5,1.0,1,False
2017,2017-02-01,True,False,mil,utah,88,104,27,16,18,27,0,30,31,19,24,0,home,7.5,197.5,280.0,-340.0,1.0,97.0,1.0,0,True
2017,2017-02-01,True,False,phi,dal,95,113,23,24,22,26,0,20,30,31,32,0,home,7.5,206.0,280.0,-340.0,4.0,100.0,1.0,1,True
2017,2017-02-01,True,False,chi,okc,128,100,21,34,39,34,0,20,27,26,27,0,home,2.5,206.5,120.0,-140.0,4.5,106.0,0.0,1,False
2017,2017-02-01,True,False,no,det,98,118,30,24,27,17,0,34,26,23,35,0,home,7.5,211.0,265.0,-320.0,2.5,103.0,1.0,1,True
2017,2017-02-01,True,False,ny,bkn,95,90,15,23,26,31,0,27,18,24,21,0,away,3.0,224.5,-150.0,130.0,4.0,109.5,1.0,0,False
2017,2017-02-01,True,False,atl,mia,93,116,22,25,24,22,0,29,33,32,22,0,home,1.5,205.5,110.0,-130.0,3.5,105.5,1.0,1,True
2017,2017-02-01,True,False,ind,orl,98,88,28,28,24,18,0,23,24,27,14,0,away,2.5,212.5,-150.0,130.0,2.0,105.0,1.0,0,False
2017,2017-02-01,True,False,min,cle,97,125,32,28,19,18,0,36,27,30,32,0,home,6.0,216.5,230.0,-270.0,2.5,107.0,1.0,1,True
2017,2017-02-01,True,False,tor,bos,104,109,30,32,23,19,0,28,23,26,32,0,home,6.0,214.0,210.0,-250.0,6.5,106.5,0.0,0,True
2017,2017-02-02,True,False,lal,wsh,108,116,29,15,35,29,0,31,27,32,26,0,home,10.5,220.5,475.0,-650.0,1.5,108.0,0.0,1,True
2017,2017-02-02,True,False,atl,hou,113,108,26,21,26,40,0,32,18,36,22,0,home,9.5,226.0,425.0,-550.0,5.5,118.0,0.0,0,False
2017,2017-02-02,True,False,phi,sa,86,102,21,32,20,13,0,24,24,31,23,0,home,17.0,214.5,1500.0,-5000.0,13.0,106.0,0.0,0,True
2017,2017-02-02,True,False,gs,lac,133,120,33,32,39,29,0,22,33,32,33,0,away,7.5,230.0,-320.0,265.0,1.0,111.5,1.0,1,False
2017,2017-02-03,True,False,phx,sac,105,103,15,34,30,26,0,21,28,30,24,0,home,4.0,218.5,155.0,-175.0,3.5,114.5,0.0,0,False
2017,2017-02-03,True,False,dal,por,108,104,35,25,24,24,0,22,25,29,28,0,home,6.0,206.0,210.0,-250.0,8.5,102.0,0.0,1,False
2017,2017-02-03,True,False,mil,den,117,121,31,22,36,28,0,31,39,28,23,0,home,3.0,224.0,135.0,-155.0,4.0,109.0,1.0,1,True
2017,2017-02-03,True,False,lal,bos,107,113,30,21,23,33,0,29,33,20,31,0,home,11.0,223.5,525.0,-750.0,3.0,109.0,0.0,0,True
2017,2017-02-03,True,False,min,det,108,116,18,34,24,32,0,24,29,30,33,0,home,4.5,209.0,160.0,-180.0,2.5,102.0,1.0,1,True
2017,2017-02-03,True,False,mem,okc,102,114,23,25,34,20,0,21,37,22,34,0,away,1.0,205.0,-120.0,100.0,3.5,101.5,0.0,1,True
2017,2017-02-03,True,False,ind,bkn,106,97,27,29,24,26,0,16,30,28,23,0,away,6.5,218.5,-260.0,220.0,0.5,106.0,1.0,0,False
2017,2017-02-03,True,False,tor,orl,94,102,24,30,12,28,0,28,24,21,29,0,away,5.0,207.5,-210.0,180.0,3.0,100.0,0.0,0,True
2017,2017-02-03,True,False,chi,hou,117,121,26,23,32,27,9,24,36,19,29,13,home,10.0,222.0,400.0,-500.0,2.5,113.5,0.0,1,True
2017,2017-02-04,True,False,mil,phx,137,112,45,29,27,36,0,25,41,23,23,0,away,1.5,220.5,-125.0,105.0,1.5,110.0,1.0,1,False
2017,2017-02-04,True,False,gs,sac,106,109,31,25,26,16,8,27,29,26,16,11,away,14.5,225.0,-2000.0,1000.0,10.0,112.0,0.0,0,True
2017,2017-02-04,True,False,cha,utah,98,105,28,16,38,16,0,23,29,21,32,0,home,8.0,197.5,310.0,-370.0,2.0,99.0,0.0,1,True
2017,2017-02-04,True,False,den,sa,97,121,27,23,22,25,0,30,26,35,30,0,home,13.0,224.0,750.0,-1200.0,6.0,108.0,1.0,0,True
2017,2017-02-04,True,False,mem,min,107,99,15,33,21,38,0,31,17,19,32,0,home,4.5,203.0,165.0,-185.0,3.0,101.0,0.0,1,False
2017,2017-02-04,True,False,cle,ny,111,104,34,30,20,27,0,25,20,23,36,0,away,4.0,213.5,-180.0,160.0,2.5,103.0,1.0,1,False
2017,2017-02-04,True,False,phi,mia,102,125,17,35,23,27,0,32,32,36,25,0,home,9.0,209.0,375.0,-450.0,1.5,101.5,1.0,1,True
2017,2017-02-04,True,False,no,wsh,91,105,18,31,34,8,0,24,29,27,25,0,home,6.5,216.5,250.0,-300.0,2.5,106.5,1.0,0,True
2017,2017-02-04,True,False,det,ind,84,105,32,26,14,12,0,30,26,26,23,0,home,3.0,209.5,130.0,-150.0,1.5,103.0,1.0,0,True
2017,2017-02-04,True,False,orl,atl,86,113,24,15,26,21,0,35,30,26,22,0,home,7.0,210.0,260.0,-310.0,3.5,103.0,1.0,0,True
2017,2017-02-05,True,False,tor,bkn,103,95,26,29,20,28,0,24,19,20,32,0,away,6.5,216.0,-280.0,240.0,0.5,106.0,1.0,0,False
2017,2017-02-05,True,False,lac,bos,102,107,19,28,20,35,0,29,27,25,26,0,home,6.0,221.5,210.0,-250.0,0.5,109.0,0.0,0,True
2017,2017-02-05,True,False,por,okc,99,105,16,36,21,26,0,24,22,25,34,0,home,5.0,218.0,185.0,-215.0,4.0,106.0,1.0,0,True
2017,2017-02-06,True,False,dal,den,87,110,24,13,30,20,0,29,30,23,28,0,home,2.5,213.5,125.0,-145.0,5.0,102.0,1.0,0,True
2017,2017-02-06,True,False,phx,no,106,111,21,21,32,32,0,29,18,30,34,0,home,5.5,221.0,195.0,-230.0,2.0,116.0,0.0,0,True
2017,2017-02-06,True,False,mia,min,115,113,40,31,22,22,0,33,24,31,25,0,home,1.0,205.5,-105.0,-115.0,4.0,100.5,0.0,1,False
2017,2017-02-06,True,False,phi,det,96,113,27,19,21,29,0,24,31,34,24,0,home,8.5,210.5,350.0,-420.0,2.0,102.5,1.0,0,True
2017,2017-02-06,True,False,sa,mem,74,89,14,26,25,9,0,17,23,29,20,0,home,1.0,200.0,-105.0,-115.0,0.0,106.0,1.0,0,True
2017,2017-02-06,True,False,lac,tor,109,118,31,29,22,27,0,35,35,27,21,0,home,6.5,217.5,235.0,-275.0,0.0,107.5,1.0,1,True
2017,2017-02-06,True,False,okc,ind,90,93,25,27,18,20,0,20,21,32,20,0,home,5.0,211.5,175.0,-200.0,6.0,104.0,0.0,0,True
2017,2017-02-06,True,False,chi,sac,112,107,27,33,25,27,0,11,34,24,38,0,home,4.5,205.5,165.0,-185.0,6.5,106.0,0.0,1,False
2017,2017-02-06,True,False,cle,wsh,140,135,26,28,32,34,20,32,25,25,38,15,away,1.0,219.5,-120.0,100.0,1.5,108.0,1.0,1,False
2017,2017-02-06,True,False,utah,atl,120,95,29,25,37,29,0,21,29,23,22,0,home,0.0,197.0,-110.0,-110.0,1.0,104.0,0.0,1,False
2017,2017-02-06,True,False,lal,ny,121,107,29,32,36,24,0,19,26,28,34,0,home,5.0,222.5,175.0,-200.0,7.5,109.5,0.0,1,False
2017,2017-02-07,True,False,por,dal,114,113,32,32,22,28,0,27,26,29,31,0,away,3.0,207.0,-145.0,125.0,2.5,100.5,0.0,1,False
2017,2017-02-07,True,False,bkn,cha,107,111,16,21,35,35,0,24,30,27,30,0,home,10.0,219.0,450.0,-600.0,0.0,114.0,0.0,0,True
2017,2017-02-07,True,False,orl,hou,104,128,28,26,30,20,0,35,35,24,34,0,home,12.0,224.0,600.0,-900.0,1.5,108.0,1.0,1,True
2017,2017-02-08,True,False,bos,sac,92,108,28,21,22,21,0,19,30,28,31,0,away,8.5,212.0,-420.0,350.0,6.0,111.5,0.0,0,True
2017,2017-02-08,True,False,cle,ind,132,117,25,32,40,35,0,36,27,18,36,0,away,3.5,216.0,-165.0,145.0,4.0,106.0,1.0,1,False
2017,2017-02-08,True,False,sa,phi,111,103,29,29,24,29,0,23,28,24,28,0,away,12.5,208.0,-1000.0,650.0,5.5,108.0,0.0,1,False
2017,2017-02-08,True,False,den,atl,106,117,30,25,32,19,0,39,33,26,19,0,home,4.0,224.0,150.0,-170.0,3.5,107.5,1.0,0,True
2017,2017-02-08,True,False,lal,det,102,121,25,25,20,32,0,25,31,36,29,0,home,6.5,218.5,240.0,-280.0,1.5,107.5,1.0,1,True
2017,2017-02-08,True,False,wsh,bkn,114,110,31,28,20,21,14,22,27,23,28,10,away,10.0,222.5,-550.0,425.0,2.5,107.5,0.0,1,False
2017,2017-02-08,True,False,mia,mil,106,88,28,27,26,25,0,15,29,19,25,0,home,4.0,208.5,155.0,-175.0,6.0,100.5,0.0,0,False
2017,2017-02-08,True,False,phx,mem,91,110,15,23,27,26,0,24,22,33,31,0,home,7.5,211.5,280.0,-340.0,1.5,110.0,1.0,0,True
2017,2017-02-08,True,False,utah,no,127,94,32,30,28,37,0,25,28,16,25,0,away,3.5,199.5,-165.0,145.0,1.0,104.5,1.0,1,False
2017,2017-02-08,True,False,tor,min,109,112,33,30,25,21,0,25,28,30,29,0,away,3.0,211.5,-155.0,135.0,1.5,103.5,0.0,1,True
2017,2017-02-08,True,False,lac,ny,119,115,36,32,20,31,0,36,31,28,20,0,away,1.0,220.0,-120.0,100.0,0.5,107.5,1.0,1,False
2017,2017-02-08,True,False,chi,gs,92,123,17,24,29,22,0,30,25,31,37,0,home,18.5,222.5,1800.0,-8000.0,6.5,114.0,1.0,0,True
2017,2017-02-09,True,False,cle,okc,109,118,21,36,25,27,0,29,26,31,32,0,home,1.0,219.0,-105.0,-115.0,0.5,109.5,1.0,1,True
2017,2017-02-09,True,False,utah,dal,105,112,23,31,24,22,5,20,22,26,32,12,away,2.0,193.5,-140.0,120.0,3.0,100.0,0.0,1,True
2017,2017-02-09,True,False,phi,orl,112,111,20,35,30,27,0,25,23,36,27,0,home,6.5,209.0,230.0,-270.0,8.0,103.5,0.0,1,False
2017,2017-02-09,True,False,hou,cha,107,95,23,27,36,21,0,29,25,22,19,0,away,2.5,224.5,-140.0,120.0,3.0,110.5,1.0,0,False
2017,2017-02-09,True,False,bos,por,120,111,22,27,28,43,0,32,23,21,35,0,home,3.5,223.5,130.0,-150.0,0.5,116.5,0.0,1,False
2017,2017-02-10,True,False,ind,wsh,107,112,27,32,22,26,0,33,26,27,26,0,home,6.0,215.0,200.0,-240.0,3.5,106.5,0.0,1,True
2017,2017-02-10,True,False,atl,sac,107,108,28,31,25,23,0,17,26,31,34,0,away,2.0,209.5,-125.0,105.0,5.0,109.0,0.0,1,True
2017,2017-02-10,True,False,no,min,122,106,28,33,37,24,0,40,25,24,17,0,home,5.0,210.5,175.0,-200.0,1.5,103.0,0.0,1,False
2017,2017-02-10,True,False,chi,phx,97,115,26,17,33,21,0,28,28,30,29,0,away,3.5,219.5,-165.0,145.0,6.5,114.0,0.0,0,True
2017,2017-02-10,True,False,den,ny,131,123,34,30,36,31,0,32,34,22,35,0,home,2.0,229.0,110.0,-130.0,0.5,112.0,0.0,1,False
2017,2017-02-10,True,False,lal,mil,122,114,47,29,27,19,0,30,25,29,30,0,home,5.5,218.0,190.0,-220.0,8.0,107.5,0.0,1,False
2017,2017-02-10,True,False,mia,bkn,108,99,20,29,25,34,0,22,31,19,27,0,away,5.5,214.0,-230.0,195.0,6.0,106.0,1.0,0,False
2017,2017-02-10,True,False,gs,mem,122,107,29,33,36,24,0,22,27,28,30,0,away,7.5,216.5,-340.0,280.0,1.0,107.0,1.0,1,False
2017,2017-02-10,True,False,sa,det,103,92,27,33,23,20,0,19,22,25,26,0,away,5.0,208.5,-200.0,175.0,3.0,108.0,1.0,0,False
2017,2017-02-11,True,False,bos,utah,112,104,33,25,19,35,0,23,21,21,39,0,home,6.5,204.5,225.0,-265.0,8.0,108.0,0.0,1,False
2017,2017-02-11,True,False,lac,cha,107,102,29,24,24,30,0,27,24,19,32,0,home,2.5,218.0,120.0,-140.0,2.5,108.0,0.0,0,False
2017,2017-02-11,True,False,mil,ind,116,100,29,33,26,28,0,22,30,22,26,0,home,6.0,210.5,210.0,-250.0,6.5,102.5,0.0,1,False
2017,2017-02-11,True,False,mia,phi,109,117,27,21,28,33,0,27,27,30,33,0,away,2.5,208.0,-135.0,115.0,3.5,103.0,0.0,1,True
2017,2017-02-11,True,False,den,cle,109,125,33,22,23,31,0,28,31,33,33,0,home,11.5,232.0,625.0,-950.0,6.0,114.0,1.0,1,True
2017,2017-02-11,True,False,gs,okc,130,114,30,43,32,25,0,24,26,38,26,0,away,8.0,226.5,-360.0,300.0,2.0,108.0,1.0,1,False
2017,2017-02-11,True,False,phx,hou,102,133,24,29,24,25,0,38,39,34,22,0,home,16.0,233.5,1300.0,-3500.0,2.5,120.0,1.0,1,True
2017,2017-02-11,True,False,orl,dal,80,112,23,12,17,28,0,29,32,23,28,0,home,6.5,204.0,220.0,-260.0,3.0,99.0,1.0,0,True
2017,2017-02-12,True,False,sa,ny,90,94,21,27,17,25,0,18,24,27,25,0,away,9.5,211.0,-500.0,400.0,4.0,108.5,0.0,0,True
2017,2017-02-12,True,False,chi,min,89,117,17,23,25,24,0,34,23,27,33,0,home,7.0,204.5,250.0,-300.0,2.5,106.0,1.0,1,True
2017,2017-02-12,True,False,det,tor,102,101,25,20,21,36,0,27,24,31,19,0,home,6.5,213.0,240.0,-280.0,1.0,105.5,0.0,0,False
2017,2017-02-12,True,False,no,sac,99,105,29,27,17,26,0,23,30,23,29,0,home,4.0,213.5,155.0,-175.0,4.0,106.5,1.0,0,True
2017,2017-02-13,True,False,gs,den,110,132,30,24,31,25,0,42,37,28,25,0,away,12.0,236.0,-1000.0,650.0,13.5,116.0,0.0,1,True
2017,2017-02-13,True,False,no,phx,110,108,29,24,24,33,0,28,30,22,28,0,home,3.5,222.0,145.0,-165.0,0.5,109.5,0.0,0,False
2017,2017-02-13,True,False,atl,por,109,104,21,21,33,22,12,28,20,26,23,7,home,2.0,218.5,115.0,-135.0,1.5,114.0,0.0,0,False
2017,2017-02-13,True,False,lac,utah,88,72,18,27,31,12,0,19,15,15,23,0,home,8.5,207.0,320.0,-380.0,8.5,100.5,0.0,0,False
2017,2017-02-13,True,False,bos,dal,111,98,30,31,22,28,0,28,22,32,16,0,away,2.0,210.5,-130.0,110.0,3.0,108.5,1.0,0,False
2017,2017-02-13,True,False,orl,mia,116,107,36,24,27,29,0,28,29,30,20,0,home,7.5,207.5,290.0,-350.0,6.0,100.0,0.0,1,False
2017,2017-02-13,True,False,sa,ind,110,106,26,23,34,27,0,31,18,30,27,0,away,5.0,208.0,-210.0,180.0,4.0,109.0,0.0,1,False
2017,2017-02-13,True,False,mem,bkn,112,103,27,25,27,33,0,19,23,30,31,0,away,8.5,211.0,-400.0,330.0,1.5,103.0,1.0,1,False
2017,2017-02-13,True,False,okc,wsh,98,120,32,22,19,25,0,38,29,34,19,0,home,6.0,218.0,220.0,-260.0,1.0,106.0,1.0,2,True
2017,2017-02-13,True,False,phi,cha,105,99,31,17,32,25,0,22,25,25,27,0,home,7.5,213.5,290.0,-350.0,6.0,104.5,0.0,0,False
2017,2017-02-13,True,False,det,mil,89,102,19,15,27,28,0,23,28,26,25,0,home,2.5,209.5,125.0,-145.0,4.0,102.0,1.0,0,True
2017,2017-02-14,True,False,tor,chi,94,105,18,21,25,30,0,24,34,20,27,0,away,4.0,211.0,-180.0,160.0,8.0,104.5,0.0,0,True
2017,2017-02-14,True,False,cle,min,116,108,26,43,24,23,0,30,31,32,15,0,away,4.0,219.5,-190.0,170.0,0.5,107.0,1.0,1,False
2017,2017-02-14,True,False,sac,lal,97,96,29,14,27,27,0,23,18,23,32,0,home,2.5,218.0,125.0,-145.0,2.5,114.0,0.0,0,False
2017,2017-02-15,True,False,no,mem,95,91,28,22,27,18,0,22,21,18,30,0,home,8.0,205.0,300.0,-360.0,8.0,102.0,0.0,0,False
2017,2017-02-15,True,False,por,utah,88,111,17,20,25,26,0,18,22,34,37,0,home,9.0,204.5,375.0,-450.0,4.5,99.5,1.0,0,True
2017,2017-02-15,True,False,lal,phx,101,137,15,33,28,25,0,32,36,34,35,0,home,4.0,226.5,160.0,-180.0,4.0,111.0,1.0,1,True
2017,2017-02-15,True,False,min,den,112,99,32,30,23,27,0,31,29,19,20,0,home,6.0,226.0,210.0,-250.0,6.0,109.0,0.0,0,False
2017,2017-02-15,True,False,mia,hou,117,109,34,24,30,29,0,28,17,28,36,0,home,10.0,224.0,450.0,-600.0,9.5,110.0,0.0,1,False
2017,2017-02-15,True,False,ny,okc,105,116,39,21,20,25,0,27,35,26,28,0,home,7.0,218.0,250.0,-300.0,4.5,107.0,1.0,1,True
2017,2017-02-15,True,False,phi,bos,108,116,29,32,18,29,0,29,32,26,29,0,home,10.0,219.0,450.0,-600.0,6.5,109.0,0.0,1,True
2017,2017-02-15,True,False,mil,bkn,129,125,39,23,33,34,0,33,27,22,43,0,away,5.0,219.0,-210.0,180.0,3.5,107.5,0.0,1,False
2017,2017-02-15,True,False,dal,det,91,98,17,18,28,28,0,27,35,16,20,0,home,4.5,200.5,175.0,-200.0,5.0,98.0,1.0,0,True
2017,2017-02-15,True,False,sa,orl,107,79,30,24,31,22,0,16,21,27,15,0,away,10.0,207.0,-650.0,475.0,0.5,107.0,1.0,0,False
2017,2017-02-15,True,False,ind,cle,104,113,32,22,26,24,0,28,29,26,30,0,home,6.0,219.0,220.0,-260.0,3.0,107.5,1.0,0,True
2017,2017-02-15,True,False,atl,lac,84,99,22,18,24,20,0,21,33,29,16,0,home,3.5,213.0,140.0,-160.0,3.0,111.5,1.0,0,True
2017,2017-02-15,True,False,cha,tor,85,90,20,21,34,10,0,31,13,14,32,0,home,6.0,213.0,210.0,-250.0,2.5,104.0,0.0,0,True
2017,2017-02-15,True,False,sac,gs,86,109,25,25,15,21,0,28,19,42,20,0,home,19.0,225.5,2000.0,-9100.0,13.0,117.0,1.0,0,True
2017,2017-02-16,True,False,bos,chi,103,104,25,33,20,25,0,22,30,29,23,0,away,1.0,214.0,-120.0,100.0,1.5,110.5,0.0,0,True
2017,2017-02-16,True,False,wsh,ind,111,98,34,28,28,21,0,27,25,25,21,0,away,2.5,215.5,-145.0,125.0,2.5,104.5,1.0,0,False
2017,2017-02-23,True,False,por,orl,112,103,23,23,31,35,0,25,30,30,18,0,away,2.5,217.5,-140.0,120.0,4.5,111.0,1.0,0,False
2017,2017-02-23,True,False,cha,det,108,114,28,34,23,15,8,23,27,20,30,14,home,4.0,208.0,165.0,-185.0,6.0,104.0,1.0,1,True
2017,2017-02-23,True,False,hou,no,129,99,30,36,34,29,0,28,22,17,32,0,away,3.5,230.0,-160.0,140.0,3.0,113.0,1.0,0,False
2017,2017-02-23,True,False,ny,cle,104,119,33,18,28,25,0,34,35,18,32,0,home,10.0,223.5,475.0,-650.0,1.0,108.0,1.0,0,True
2017,2017-02-23,True,False,den,sac,100,116,26,18,26,30,0,29,32,26,29,0,away,6.5,222.0,-270.0,230.0,8.5,109.5,0.0,0,True
2017,2017-02-23,True,False,lac,gs,113,123,24,37,26,26,0,31,18,50,24,0,home,13.5,230.5,800.0,-1400.0,14.0,114.0,0.0,1,True
2017,2017-02-24,True,False,sa,lac,105,97,18,29,30,28,0,13,29,31,24,0,away,2.5,211.0,-145.0,125.0,0.0,111.0,1.0,0,False
2017,2017-02-24,True,False,bkn,den,109,129,25,28,22,34,0,30,34,37,28,0,home,10.0,234.5,450.0,-600.0,2.0,122.5,1.0,1,True
2017,2017-02-24,True,False,dal,min,84,97,22,18,23,21,0,26,23,22,26,0,home,3.5,204.5,145.0,-165.0,1.5,99.0,1.0,0,True
2017,2017-02-24,True,False,phx,chi,121,128,25,29,25,29,13,24,28,28,28,20,home,6.0,219.5,220.0,-260.0,5.5,114.5,1.0,1,True
2017,2017-02-24,True,False,lal,okc,93,110,23,28,19,23,0,29,29,28,24,0,home,10.5,221.0,475.0,-650.0,3.5,108.0,1.0,0,True
2017,2017-02-24,True,False,mia,atl,108,90,25,38,24,21,0,24,25,17,24,0,home,2.5,206.5,125.0,-145.0,5.5,100.5,0.0,0,False
2017,2017-02-24,True,False,bos,tor,97,107,29,26,22,20,0,18,27,29,33,0,home,1.5,213.5,105.0,-125.0,3.5,111.0,1.0,0,True
2017,2017-02-24,True,False,wsh,phi,112,120,28,21,32,31,0,26,35,34,25,0,away,9.5,217.5,-480.0,390.0,10.0,107.0,0.0,1,True
2017,2017-02-24,True,False,mem,ind,92,102,26,23,19,24,0,25,36,28,13,0,home,0.0,203.5,-110.0,-110.0,4.0,99.5,1.0,0,True
2017,2017-02-24,True,False,utah,mil,109,95,36,23,28,22,0,27,19,29,20,0,away,3.5,202.5,-160.0,140.0,2.5,105.0,1.0,1,False
2017,2017-02-25,True,False,chi,cle,117,99,23,32,34,28,0,22,34,20,23,0,home,6.0,210.0,220.0,-260.0,3.5,110.0,0.0,1,False
2017,2017-02-25,True,False,bkn,gs,95,112,28,23,25,19,0,32,30,29,21,0,home,21.0,235.5,2950.0,-4400.0,9.5,120.5,0.0,0,True
2017,2017-02-25,True,False,min,hou,130,142,28,30,30,42,0,35,31,40,36,0,home,13.0,229.5,775.0,-1300.0,4.5,112.0,0.0,1,True
2017,2017-02-25,True,False,no,dal,83,96,30,19,14,20,0,24,23,20,29,0,away,2.0,204.5,-130.0,110.0,1.0,101.0,0.0,0,True
2017,2017-02-25,True,False,cha,sac,99,85,24,27,28,20,0,19,21,18,27,0,away,3.5,208.0,-165.0,145.0,1.5,103.0,1.0,0,False
2017,2017-02-25,True,False,phi,ny,109,110,25,25,25,34,0,31,29,26,24,0,home,6.5,220.0,230.0,-270.0,0.5,108.0,0.0,0,True
2017,2017-02-25,True,False,atl,orl,86,105,19,27,19,21,0,22,27,31,25,0,away,4.0,210.5,-170.0,150.0,4.5,110.0,0.0,0,True
2017,2017-02-25,True,False,ind,mia,95,113,23,31,25,16,0,18,35,30,30,0,home,4.5,209.0,170.0,-190.0,4.5,101.5,1.0,0,True
2017,2017-02-26,True,False,no,okc,110,118,35,24,25,26,0,32,27,28,31,0,home,6.0,217.5,210.0,-250.0,4.5,109.0,1.0,1,True
2017,2017-02-26,True,False,sa,lal,119,98,36,25,35,23,0,20,21,29,28,0,away,12.0,210.0,-900.0,600.0,1.0,108.5,1.0,1,False
2017,2017-02-26,True,False,phx,mil,96,100,23,24,26,23,0,21,21,35,23,0,home,6.0,223.5,210.0,-250.0,6.0,116.5,0.0,0,True
2017,2017-02-26,True,False,utah,wsh,102,92,24,25,24,29,0,24,15,21,32,0,home,2.0,204.0,105.0,-125.0,4.0,106.5,0.0,0,False
2017,2017-02-26,True,False,mem,den,105,98,22,28,18,37,0,19,28,21,30,0,home,2.0,216.5,110.0,-130.0,1.0,106.5,0.0,0,False
2017,2017-02-26,True,False,por,tor,106,112,28,24,28,26,0,25,28,29,30,0,home,5.0,208.0,185.0,-215.0,3.0,107.0,1.0,1,True
2017,2017-02-26,True,False,bos,det,104,98,27,27,25,25,0,23,27,24,24,0,away,2.0,213.0,-135.0,115.0,0.0,110.5,1.0,0,False
2017,2017-02-26,True,False,cha,lac,121,124,24,27,29,33,8,32,27,25,29,11,home,11.5,212.5,550.0,-800.0,4.0,106.5,0.0,1,True
2017,2017-02-27,True,False,min,sac,102,88,20,40,17,25,0,25,19,21,23,0,away,4.0,210.0,-180.0,160.0,3.0,104.0,1.0,0,False
2017,2017-02-27,True,False,ind,hou,117,108,20,39,29,29,0,31,27,22,28,0,home,10.0,230.5,450.0,-600.0,7.5,113.5,0.0,0,False
2017,2017-02-27,True,False,atl,bos,114,98,24,27,33,30,0,24,23,24,27,0,home,4.5,212.5,170.0,-190.0,5.5,112.0,0.0,0,False
2017,2017-02-27,True,False,mia,dal,89,96,31,23,15,20,0,22,33,23,18,0,away,1.0,201.5,-115.0,-105.0,0.5,97.5,0.0,0,True
2017,2017-02-27,True,False,mil,cle,95,102,25,25,23,22,0,27,25,25,25,0,home,9.5,219.0,450.0,-600.0,5.5,106.5,0.0,0,True
2017,2017-02-27,True,False,tor,ny,92,91,21,19,23,29,0,25,28,14,24,0,away,3.5,211.0,-160.0,140.0,6.5,103.0,0.0,0,False
2017,2017-02-27,True,False,gs,phi,119,108,32,27,34,26,0,31,25,24,28,0,away,14.0,228.0,-2500.0,1100.0,8.5,113.0,0.0,0,False
2017,2017-02-28,True,False,utah,okc,106,109,25,28,22,31,0,31,30,25,23,0,away,2.5,203.5,-140.0,120.0,4.0,106.0,0.0,1,True
2017,2017-02-28,True,False,cha,lal,109,104,27,31,22,29,0,31,24,27,22,0,away,5.0,215.5,-200.0,175.0,3.0,106.5,2.0,0,False
2017,2017-02-28,True,False,phx,mem,112,130,27,29,29,27,0,25,30,38,37,0,home,9.0,212.0,350.0,-420.0,6.5,110.5,1.0,1,True
2017,2017-02-28,True,False,gs,wsh,108,112,26,23,36,23,0,40,21,24,27,0,away,7.0,231.5,-310.0,260.0,7.0,113.5,0.0,0,True
2017,2017-02-28,True,False,por,det,113,120,27,22,30,30,4,19,25,31,34,11,home,4.0,213.5,155.0,-175.0,3.5,111.5,1.0,1,True
2017,2017-02-28,True,False,den,chi,125,107,22,34,35,34,0,25,34,24,24,0,home,2.5,222.5,120.0,-140.0,1.0,109.0,0.0,1,False
2017,2017-03-01,True,False,bkn,sac,109,100,35,22,24,28,0,31,23,18,28,0,home,2.5,216.0,120.0,-140.0,2.0,111.0,0.0,0,False
2017,2017-03-01,True,False,hou,lac,122,103,34,36,38,14,0,37,21,20,25,0,home,2.5,235.5,120.0,-140.0,5.5,115.0,0.0,0,False
2017,2017-03-01,True,False,ind,sa,99,100,28,21,27,23,0,29,18,26,27,0,home,10.0,206.5,450.0,-600.0,7.5,100.0,0.0,0,True
2017,2017-03-01,True,False,det,no,86,109,18,32,20,16,0,31,22,25,31,0,home,2.5,209.0,120.0,-140.0,0.5,103.0,1.0,0,True
2017,2017-03-01,True,False,den,mil,110,98,32,31,23,24,0,15,22,29,32,0,home,4.5,223.5,165.0,-185.0,7.5,107.0,0.0,0,False
2017,2017-03-01,True,False,min,utah,107,80,21,30,30,26,0,16,19,18,27,0,home,6.5,199.5,225.0,-265.0,8.0,97.5,0.0,0,False
2017,2017-03-01,True,False,dal,atl,95,100,22,30,24,19,0,27,36,18,19,0,home,6.0,195.5,210.0,-250.0,1.0,95.5,0.0,0,True
2017,2017-03-01,True,False,phi,mia,98,125,27,17,30,24,0,37,27,24,37,0,home,9.5,213.0,425.0,-550.0,0.5,102.0,1.0,1,True
2017,2017-03-01,True,False,wsh,tor,105,96,24,38,20,23,0,26,20,14,36,0,home,4.5,208.5,165.0,-185.0,7.5,100.5,0.0,0,False
2017,2017-03-01,True,False,ny,orl,101,90,31,29,19,22,0,24,27,16,23,0,home,2.5,216.0,115.0,-135.0,4.0,106.5,0.0,0,False
2017,2017-03-01,True,False,cle,bos,99,103,26,24,21,28,0,20,29,25,29,0,home,2.0,224.5,110.0,-130.0,0.0,110.5,1.0,0,True
2017,2017-03-02,True,False,gs,chi,87,94,26,25,22,14,0,19,28,32,15,0,away,7.5,217.0,-335.0,275.0,4.0,107.5,0.0,0,True
2017,2017-03-02,True,False,cha,phx,103,120,32,26,33,12,0,28,33,33,26,0,away,3.5,219.5,-160.0,140.0,3.5,109.0,0.0,1,True
2017,2017-03-02,True,False,okc,por,109,114,24,36,25,24,0,26,31,24,33,0,away,1.0,222.5,-115.0,-105.0,1.0,110.5,0.0,1,True
2017,2017-03-03,True,False,bkn,utah,97,112,26,25,19,27,0,38,22,28,24,0,home,12.5,206.5,800.0,-1400.0,4.5,107.5,1.0,1,True
2017,2017-03-03,True,False,bos,lal,115,95,35,35,23,22,0,26,19,33,17,0,away,7.0,218.5,-310.0,260.0,2.5,112.0,1.0,0,False
2017,2017-03-03,True,False,sa,no,101,98,27,22,18,22,12,30,18,18,23,9,away,6.0,208.0,-240.0,200.0,3.5,109.0,0.0,0,False
2017,2017-03-03,True,False,okc,phx,111,118,28,27,24,32,0,23,35,29,31,0,away,5.0,225.5,-200.0,175.0,5.5,111.5,0.0,1,True
2017,2017-03-03,True,False,mem,dal,100,104,22,28,22,28,0,20,31,28,25,0,away,2.5,190.0,-145.0,125.0,2.5,94.5,0.0,1,True
2017,2017-03-03,True,False,mia,orl,99,110,25,28,20,26,0,33,27,25,25,0,away,5.0,210.0,-210.0,180.0,5.0,102.0,0.0,0,True
2017,2017-03-03,True,False,cle,atl,135,130,39,38,29,29,0,33,27,28,42,0,away,2.5,214.5,-155.0,135.0,4.0,104.0,1.0,1,False
2017,2017-03-03,True,False,ny,phi,102,105,35,18,28,21,0,29,34,16,26,0,away,2.0,217.0,-135.0,115.0,4.0,106.5,0.0,0,True
2017,2017-03-03,True,False,tor,wsh,114,106,35,27,17,35,0,27,26,25,28,0,home,5.0,207.5,180.0,-210.0,5.0,100.5,0.0,1,False
2017,2017-03-03,True,False,lac,mil,101,112,19,28,29,25,0,34,32,19,27,0,away,5.0,210.5,-215.0,185.0,7.5,100.0,0.0,1,True
2017,2017-03-04,True,False,det,phi,136,106,33,34,39,30,0,25,27,30,24,0,away,5.5,213.0,-240.0,200.0,2.0,102.5,1.0,1,False
2017,2017-03-04,True,False,cle,mia,92,120,35,16,24,17,0,35,32,34,19,0,home,8.5,209.5,320.0,-380.0,0.0,102.0,1.0,1,True
2017,2017-03-04,True,False,tor,mil,94,101,19,23,25,27,0,12,41,27,21,0,home,1.0,203.5,-105.0,-115.0,3.5,99.0,1.0,0,True
2017,2017-03-04,True,False,lac,chi,101,91,23,32,27,19,0,29,32,12,18,0,away,3.0,210.5,-155.0,135.0,4.0,104.0,1.0,0,False
2017,2017-03-04,True,False,min,sa,90,97,26,29,15,13,7,14,29,19,21,14,home,8.0,205.5,280.0,-340.0,8.0,100.5,0.0,0,True
2017,2017-03-04,True,False,mem,hou,108,123,24,27,27,30,0,27,28,38,30,0,home,8.5,222.0,340.0,-410.0,4.0,110.0,1.0,1,True
2017,2017-03-04,True,False,cha,den,112,102,31,30,29,22,0,23,29,27,23,0,home,5.5,222.0,190.0,-220.0,6.0,109.0,0.0,0,False
2017,2017-03-04,True,False,bkn,por,116,130,27,30,25,34,0,37,21,32,40,0,home,10.5,224.5,525.0,-750.0,7.5,116.0,1.0,1,True
2017,2017-03-05,True,False,utah,sac,110,109,25,20,24,28,13,31,28,22,16,12,away,10.0,191.5,-550.0,425.0,10.5,100.0,0.0,1,False
2017,2017-03-05,True,False,no,lal,105,97,26,29,28,22,0,20,39,14,24,0,away,6.0,217.0,-260.0,220.0,6.5,107.5,1.0,0,False
2017,2017-03-05,True,False,bos,phx,106,109,22,20,35,29,0,19,30,32,28,0,away,4.0,228.5,-180.0,160.0,4.5,118.5,0.0,0,True
2017,2017-03-05,True,False,okc,dal,89,104,27,23,21,18,0,28,32,28,16,0,home,1.0,206.5,100.0,-120.0,3.5,102.0,1.0,0,True
2017,2017-03-05,True,False,gs,ny,112,105,29,20,35,28,0,18,32,26,29,0,away,10.5,219.5,-800.0,550.0,8.0,108.5,0.0,0,False
2017,2017-03-05,True,False,ind,atl,97,96,19,31,31,16,0,30,20,24,22,0,home,3.0,209.5,130.0,-150.0,2.0,102.0,0.0,0,False
2017,2017-03-05,True,False,orl,wsh,114,115,28,33,29,24,0,25,20,34,36,0,home,12.5,216.5,650.0,-1000.0,11.5,106.5,0.0,1,True
2017,2017-03-06,True,False,bos,lac,102,116,25,21,25,31,0,22,21,32,41,0,home,7.0,218.0,260.0,-310.0,6.5,114.5,1.0,2,True
2017,2017-03-06,True,False,sac,den,96,108,24,26,23,23,0,25,32,33,18,0,home,10.5,215.5,500.0,-700.0,4.0,111.0,1.0,0,True
2017,2017-03-06,True,False,no,utah,83,88,14,20,18,31,0,29,14,18,27,0,home,5.0,197.0,175.0,-200.0,0.5,95.0,2.0,0,True
2017,2017-03-06,True,False,bkn,mem,122,109,36,20,32,34,0,34,23,34,18,0,home,11.0,213.0,600.0,-900.0,6.5,110.5,0.0,1,False
2017,2017-03-06,True,False,ind,cha,88,100,16,21,29,22,0,27,31,16,26,0,home,4.0,205.0,155.0,-175.0,4.0,100.5,1.0,0,True
2017,2017-03-06,True,False,hou,sa,110,112,39,15,28,28,0,23,24,34,31,0,home,3.5,222.0,145.0,-165.0,4.0,108.5,0.0,2,True
2017,2017-03-06,True,False,chi,det,95,109,26,29,24,16,0,14,37,28,30,0,home,6.0,204.0,200.0,-240.0,6.0,105.0,1.0,2,True
2017,2017-03-06,True,False,mil,phi,112,98,27,33,31,21,0,19,24,25,30,0,away,5.5,212.0,-220.0,190.0,2.5,104.5,1.0,0,False
2017,2017-03-06,True,False,mia,cle,106,98,29,33,27,17,0,22,30,19,27,0,home,9.5,214.5,400.0,-500.0,11.0,105.0,0.0,0,False
2017,2017-03-06,True,False,ny,orl,113,105,20,31,34,28,0,28,26,38,13,0,home,2.5,206.5,125.0,-145.0,1.0,100.5,0.0,1,False
2017,2017-03-06,True,False,gs,atl,119,111,35,26,33,25,0,42,24,24,21,0,away,5.5,216.5,-240.0,200.0,6.5,107.0,1.0,1,False
2017,2017-03-07,True,False,por,okc,126,121,29,32,38,27,0,40,27,25,29,0,home,6.5,222.0,235.0,-275.0,2.0,114.5,0.0,1,False
2017,2017-03-07,True,False,lal,dal,111,122,29,23,22,37,0,38,32,33,19,0,home,9.0,206.5,375.0,-450.0,1.0,100.0,1.0,1,True
2017,2017-03-07,True,False,wsh,phx,131,127,38,30,26,37,0,25,36,31,35,0,away,5.0,229.5,-210.0,180.0,0.5,114.0,0.0,1,False
2017,2017-03-08,True,False,bos,gs,99,86,25,21,26,27,0,28,22,24,12,0,home,8.0,225.0,280.0,-340.0,3.5,118.5,0.0,0,False
2017,2017-03-08,True,False,wsh,den,123,113,35,32,30,26,0,28,22,35,28,0,away,1.5,223.5,-125.0,105.0,4.5,107.5,1.0,1,False
2017,2017-03-08,True,False,sac,sa,104,114,37,26,23,18,0,15,33,34,32,0,home,11.5,195.0,550.0,-800.0,10.5,97.0,0.0,1,True
2017,2017-03-08,True,False,utah,hou,115,108,30,34,20,31,0,22,31,24,31,0,home,8.5,215.5,330.0,-400.0,8.0,112.0,0.0,1,False
2017,2017-03-08,True,False,det,ind,98,115,23,27,23,25,0,30,28,32,25,0,home,3.5,208.5,145.0,-165.0,0.5,102.0,1.0,1,True
2017,2017-03-08,True,False,ny,mil,93,104,30,26,17,20,0,32,23,21,28,0,home,6.5,208.5,225.0,-265.0,5.0,102.5,1.0,0,True
2017,2017-03-08,True,False,lac,min,91,107,19,36,13,23,0,31,27,24,25,0,away,3.0,211.5,-155.0,135.0,4.5,103.5,0.0,0,True
2017,2017-03-08,True,False,bkn,atl,105,110,27,23,30,25,0,23,23,35,29,0,home,9.5,220.0,450.0,-600.0,8.5,114.0,0.0,0,True
2017,2017-03-08,True,False,cha,mia,101,108,22,32,32,15,0,18,36,27,27,0,home,4.0,204.0,165.0,-185.0,2.5,100.0,1.0,1,True
2017,2017-03-08,True,False,chi,orl,91,98,22,31,24,14,0,19,24,34,21,0,home,0.0,204.5,-110.0,-110.0,3.0,107.0,1.0,0,True
2017,2017-03-08,True,False,tor,no,94,87,22,23,23,26,0,26,20,18,23,0,home,3.5,204.0,130.0,-150.0,2.0,99.5,0.0,0,False
2017,2017-03-09,True,False,phi,por,108,114,17,35,26,19,11,27,30,19,21,17,home,9.5,221.0,425.0,-550.0,4.5,108.0,0.0,1,True
2017,2017-03-09,True,False,lac,mem,114,98,26,28,31,29,0,21,24,20,33,0,home,2.5,206.5,125.0,-145.0,4.0,102.0,0.0,1,False
2017,2017-03-09,True,False,lal,phx,122,110,32,29,29,32,0,33,30,18,29,0,home,6.5,232.5,230.0,-270.0,3.5,115.0,0.0,0,False
2017,2017-03-09,True,False,cle,det,101,106,29,23,28,21,0,22,33,18,33,0,away,4.5,215.5,-180.0,160.0,4.5,106.5,0.0,0,True
2017,2017-03-09,True,False,sa,okc,92,102,28,21,22,21,0,29,27,26,20,0,away,3.0,209.5,-150.0,130.0,3.5,108.0,0.0,0,True
2017,2017-03-10,True,False,wsh,sac,130,122,28,28,26,34,14,32,36,29,19,6,away,8.5,215.0,-380.0,320.0,9.0,105.0,0.0,1,False
2017,2017-03-10,True,False,orl,cha,81,121,24,16,22,19,0,37,21,30,33,0,home,9.5,204.0,390.0,-480.0,0.5,98.5,1.0,0,True
2017,2017-03-10,True,False,gs,min,102,103,24,29,23,26,0,34,28,26,15,0,away,5.5,212.5,-210.0,180.0,6.5,104.0,0.0,0,True
2017,2017-03-10,True,False,hou,chi,115,94,23,33,36,23,0,33,16,14,31,0,away,6.0,223.5,-250.0,210.0,1.0,109.0,1.0,0,False
2017,2017-03-10,True,False,tor,atl,99,105,19,29,27,24,0,18,31,25,31,0,home,3.0,203.5,125.0,-145.0,2.0,100.0,1.0,1,True
2017,2017-03-10,True,False,ind,mil,85,99,27,23,18,17,0,23,22,29,25,0,home,2.0,204.0,110.0,-130.0,2.0,98.5,1.0,0,True
2017,2017-03-10,True,False,bos,den,99,119,25,29,26,19,0,35,30,29,25,0,away,2.5,223.0,-140.0,120.0,5.0,115.5,0.0,0,True
2017,2017-03-10,True,False,bkn,dal,96,105,26,23,24,23,0,23,23,28,31,0,home,10.0,211.5,475.0,-650.0,7.5,109.0,0.0,0,True
2017,2017-03-11,True,False,atl,mem,107,90,33,14,30,30,0,15,20,22,33,0,home,6.5,206.5,220.0,-260.0,7.5,107.0,0.0,0,False
2017,2017-03-11,True,False,ny,det,92,112,23,30,28,11,0,35,31,23,23,0,home,6.0,212.5,210.0,-250.0,1.0,103.0,1.0,0,True
2017,2017-03-11,True,False,den,sac,105,92,25,29,21,30,0,19,25,25,23,0,away,5.0,217.5,-200.0,175.0,0.0,106.0,1.0,0,False
2017,2017-03-11,True,False,phx,dal,100,98,25,20,27,28,0,24,23,22,29,0,home,5.5,217.5,200.0,-240.0,3.5,112.5,0.0,0,False
2017,2017-03-11,True,False,wsh,por,125,124,30,19,33,30,13,36,34,21,21,12,home,4.5,222.5,165.0,-185.0,4.0,107.5,0.0,1,False
2017,2017-03-11,True,False,gs,sa,85,107,22,22,19,22,0,33,31,22,21,0,home,10.5,198.5,500.0,-700.0,0.5,97.0,1.0,0,True
2017,2017-03-11,True,False,utah,okc,104,112,23,25,28,28,0,29,33,29,21,0,home,4.5,207.0,170.0,-190.0,2.0,106.5,1.0,1,True
2017,2017-03-11,True,False,tor,mia,89,104,26,15,22,26,0,32,27,26,19,0,home,5.5,202.5,190.0,-220.0,2.5,98.5,1.0,0,True
2017,2017-03-11,True,False,cle,orl,116,104,24,35,28,29,0,25,26,28,25,0,away,8.5,215.5,-400.0,330.0,2.5,105.5,1.0,1,False
2017,2017-03-11,True,False,no,cha,125,122,32,27,24,29,13,27,31,20,34,10,home,3.5,204.0,145.0,-165.0,2.0,100.0,0.0,1,False
2017,2017-03-11,True,False,phi,lac,100,112,30,27,22,21,0,32,24,19,37,0,home,14.5,214.0,1100.0,-2500.0,9.5,105.5,0.0,0,True
2017,2017-03-11,True,False,min,mil,95,102,19,29,27,20,0,23,25,28,26,0,home,3.0,203.0,135.0,-155.0,1.5,99.0,1.0,0,True
2017,2017-03-12,True,False,por,phx,110,101,33,33,16,28,0,18,32,29,22,0,away,2.0,228.0,-130.0,110.0,4.0,116.5,1.0,0,False
2017,2017-03-12,True,False,cle,hou,112,117,26,41,19,26,0,33,25,32,27,0,home,7.0,236.5,245.0,-290.0,6.0,115.5,0.0,0,True
2017,2017-03-12,True,False,phi,lal,118,116,32,33,28,25,0,27,38,20,31,0,home,4.5,223.0,165.0,-185.0,3.0,109.0,0.0,1,False
2017,2017-03-12,True,False,mia,ind,98,102,22,31,22,23,0,32,28,23,19,0,home,6.5,201.5,230.0,-270.0,1.0,99.0,0.0,0,True
2017,2017-03-12,True,False,chi,bos,80,100,9,17,31,23,0,22,24,30,24,0,home,7.5,207.5,250.0,-300.0,2.0,106.5,1.0,0,True
2017,2017-03-12,True,False,ny,bkn,112,120,26,23,31,32,0,39,28,24,29,0,home,1.0,221.0,100.0,-120.0,6.0,109.0,1.0,1,True
2017,2017-03-13,True,False,chi,cha,115,109,36,22,29,28,0,24,24,29,32,0,home,7.5,199.5,270.0,-330.0,7.0,103.0,0.0,1,False
2017,2017-03-13,True,False,dal,tor,78,100,26,20,20,12,0,25,25,29,21,0,home,4.5,196.5,170.0,-190.0,2.0,96.5,1.0,0,True
2017,2017-03-13,True,False,atl,sa,99,107,18,25,30,26,0,28,26,27,26,0,home,7.0,204.0,260.0,-310.0,0.5,106.0,1.0,1,True
2017,2017-03-13,True,False,mil,mem,93,113,24,27,23,19,0,30,31,24,28,0,home,3.5,199.0,150.0,-170.0,1.5,97.0,1.0,1,True
2017,2017-03-13,True,False,wsh,min,104,119,23,33,24,24,0,41,23,25,30,0,home,2.0,214.5,110.0,-130.0,2.5,103.5,1.0,1,True
2017,2017-03-13,True,False,lac,utah,108,114,28,28,30,22,0,23,26,40,25,0,home,2.0,203.0,115.0,-135.0,2.5,98.0,1.0,1,True
2017,2017-03-13,True,False,lal,den,101,129,23,20,33,25,0,35,32,26,36,0,home,13.0,227.0,775.0,-1300.0,1.0,108.0,1.0,1,True
2017,2017-03-13,True,False,orl,sac,115,120,23,35,26,31,0,24,34,35,27,0,away,1.5,206.5,-120.0,100.0,1.5,101.5,0.0,1,True
2017,2017-03-14,True,False,phi,gs,104,106,34,25,31,14,0,35,23,20,28,0,home,17.0,221.0,1600.0,-6000.0,11.0,110.0,0.0,0,True
2017,2017-03-14,True,False,por,no,77,100,16,20,18,23,0,23,27,27,23,0,home,3.5,214.0,145.0,-165.0,5.5,110.0,1.0,0,True
2017,2017-03-14,True,False,okc,bkn,122,104,32,30,29,31,0,32,30,21,21,0,away,6.5,226.0,-270.0,230.0,4.5,110.0,1.0,2,False
2017,2017-03-14,True,False,ind,ny,81,87,24,28,12,17,0,18,24,20,25,0,away,3.0,210.5,-155.0,135.0,1.5,102.0,0.0,0,True
2017,2017-03-14,True,False,det,cle,96,128,26,22,22,26,0,44,30,30,24,0,home,7.5,216.0,280.0,-340.0,3.0,104.0,1.0,1,True
2017,2017-03-15,True,False,mil,lac,97,96,28,18,21,30,0,20,26,23,27,0,home,7.5,206.5,280.0,-340.0,5.5,101.0,0.0,0,False
2017,2017-03-15,True,False,lal,hou,100,139,26,26,23,25,0,37,29,27,46,0,home,17.0,235.0,1900.0,-9000.0,5.5,115.0,1.0,1,True
2017,2017-03-15,True,False,por,sa,110,106,28,26,28,28,0,29,26,25,26,0,home,11.5,209.0,600.0,-900.0,7.0,107.5,0.0,1,False
2017,2017-03-15,True,False,mem,chi,98,91,24,30,20,24,0,24,26,21,20,0,away,2.0,202.0,-135.0,115.0,0.5,99.0,1.0,0,False
2017,2017-03-15,True,False,sac,phx,107,101,22,26,26,33,0,29,18,28,26,0,home,5.5,218.0,190.0,-220.0,3.0,111.5,0.0,0,False
2017,2017-03-15,True,False,no,mia,112,120,21,31,27,33,0,28,26,31,35,0,home,6.5,203.0,210.0,-250.0,3.5,98.0,1.0,1,True
2017,2017-03-15,True,False,min,bos,104,117,32,28,17,27,0,30,28,27,32,0,home,5.5,211.0,200.0,-240.0,4.5,104.5,1.0,1,True
2017,2017-03-15,True,False,dal,wsh,112,107,32,21,20,39,0,39,18,23,27,0,home,7.0,207.0,270.0,-330.0,2.0,100.0,0.0,1,False
2017,2017-03-15,True,False,cha,ind,77,98,22,20,16,19,0,24,18,33,23,0,home,2.5,203.0,120.0,-140.0,2.5,100.0,1.0,0,True
2017,2017-03-15,True,False,utah,det,97,83,28,26,23,20,0,19,16,27,21,0,away,3.0,199.5,-150.0,130.0,4.5,102.5,1.0,0,False
2017,2017-03-16,True,False,utah,cle,83,91,20,22,25,16,0,29,15,23,24,0,home,8.0,208.5,320.0,-380.0,4.0,108.0,2.0,0,True
2017,2017-03-16,True,False,okc,tor,123,102,29,29,39,26,0,24,24,22,32,0,home,2.0,207.0,110.0,-130.0,4.5,102.0,0.0,1,False
2017,2017-03-16,True,False,mem,atl,103,91,26,29,23,25,0,28,24,13,26,0,home,4.0,202.5,150.0,-170.0,4.5,100.0,0.0,0,False
2017,2017-03-16,True,False,bkn,ny,121,110,28,26,38,29,0,33,28,26,23,0,home,5.0,222.0,180.0,-210.0,0.0,115.0,0.0,1,False
2017,2017-03-16,True,False,lac,den,114,129,19,27,34,34,0,27,32,44,26,0,home,6.0,222.5,200.0,-240.0,1.0,109.0,1.0,1,True
2017,2017-03-16,True,False,orl,gs,92,122,20,30,21,21,0,34,33,36,19,0,home,14.5,220.0,1000.0,-2000.0,2.5,106.5,1.0,0,True
2017,2017-03-17,True,False,hou,no,112,128,23,27,31,31,0,36,32,31,29,0,away,6.5,228.5,-265.0,225.0,8.0,111.5,0.0,1,True
2017,2017-03-17,True,False,mil,lal,107,103,31,30,23,23,0,24,22,31,26,0,away,8.0,213.0,-360.0,300.0,0.5,103.5,0.0,0,False
2017,2017-03-17,True,False,orl,phx,109,103,30,30,24,25,0,22,36,27,18,0,home,2.0,220.5,110.0,-130.0,0.5,109.0,0.0,0,False
2017,2017-03-17,True,False,min,mia,105,123,23,26,32,24,0,27,37,26,33,0,home,4.5,205.0,160.0,-180.0,3.5,98.5,1.0,1,True
2017,2017-03-17,True,False,dal,phi,74,116,23,17,16,18,0,21,30,36,29,0,away,5.0,205.5,-220.0,190.0,6.0,100.0,0.0,0,True
2017,2017-03-17,True,False,tor,det,87,75,16,24,20,27,0,13,25,28,9,0,home,3.5,202.0,140.0,-160.0,3.5,99.5,0.0,0,False
2017,2017-03-17,True,False,chi,wsh,107,112,23,17,32,35,0,29,30,25,28,0,home,7.5,212.0,270.0,-330.0,1.5,108.5,0.0,1,True
2017,2017-03-17,True,False,bos,bkn,98,95,21,24,26,27,0,16,21,28,30,0,away,8.5,213.5,-420.0,350.0,2.5,110.5,0.0,0,False
2017,2017-03-18,True,False,sac,okc,94,110,19,22,24,29,0,29,34,22,25,0,home,12.5,212.5,800.0,-1400.0,0.5,108.5,1.0,0,True
2017,2017-03-18,True,False,por,atl,113,97,40,23,22,28,0,18,28,27,24,0,home,2.0,214.5,110.0,-130.0,5.5,111.5,0.0,0,False
2017,2017-03-18,True,False,wsh,cha,93,98,20,20,21,32,0,19,20,25,34,0,home,4.0,215.5,155.0,-175.0,4.0,104.0,1.0,0,True
2017,2017-03-18,True,False,cle,lac,78,108,16,15,27,20,0,14,33,29,32,0,home,14.0,213.5,800.0,-1400.0,2.5,103.5,1.0,0,True
2017,2017-03-18,True,False,utah,chi,86,95,23,21,20,22,0,16,24,21,34,0,away,6.5,192.5,-260.0,220.0,2.5,99.5,0.0,0,True
2017,2017-03-18,True,False,sa,mem,96,104,18,25,30,23,0,29,15,31,29,0,away,3.5,196.0,-165.0,145.0,3.0,102.0,0.0,1,True
2017,2017-03-18,True,False,hou,den,109,105,26,25,29,29,0,26,30,18,31,0,away,3.0,241.0,-145.0,125.0,3.0,118.0,1.0,0,False
2017,2017-03-18,True,False,mil,gs,92,117,29,15,26,22,0,27,36,31,23,0,home,10.5,215.0,525.0,-750.0,1.0,103.5,1.0,0,True
2017,2017-03-19,True,False,sac,sa,102,118,27,22,25,28,0,21,37,41,19,0,home,14.5,201.5,1000.0,-2000.0,6.5,98.5,1.0,1,True
2017,2017-03-19,True,False,min,no,109,123,34,20,30,25,0,28,20,40,35,0,home,3.5,208.0,145.0,-165.0,3.5,102.0,1.0,1,True
2017,2017-03-19,True,False,ind,tor,91,116,24,21,28,18,0,32,30,29,25,0,home,2.5,197.0,125.0,-145.0,3.5,96.5,1.0,1,True
2017,2017-03-19,True,False,cle,lal,125,120,31,24,27,43,0,28,31,33,28,0,away,12.0,222.5,-1100.0,700.0,10.5,109.0,0.0,1,False
2017,2017-03-19,True,False,phx,det,95,112,23,26,26,20,0,24,23,30,35,0,home,12.5,209.5,700.0,-1100.0,9.5,109.0,1.0,0,True
2017,2017-03-19,True,False,bos,phi,99,105,23,28,28,20,0,25,21,30,29,0,away,5.0,202.5,-210.0,180.0,1.5,105.5,0.0,1,True
2017,2017-03-19,True,False,dal,bkn,111,104,32,25,25,29,0,26,17,29,32,0,away,5.0,207.5,-200.0,175.0,1.5,101.0,1.0,1,False
2017,2017-03-19,True,False,por,mia,115,104,28,24,33,30,0,29,22,28,25,0,home,6.0,213.5,210.0,-250.0,4.0,111.0,0.0,1,False
2017,2017-03-20,True,False,gs,okc,111,95,25,34,33,19,0,22,17,27,29,0,away,2.0,223.5,-130.0,110.0,5.0,108.5,1.0,0,False
2017,2017-03-20,True,False,den,hou,124,125,28,37,32,27,0,35,27,32,31,0,home,8.0,238.0,300.0,-360.0,7.5,117.5,0.0,1,True
2017,2017-03-20,True,False,wsh,bos,102,110,28,19,28,27,0,30,28,34,18,0,home,4.0,217.0,155.0,-175.0,2.0,106.5,1.0,0,True
2017,2017-03-20,True,False,ny,lac,105,114,23,30,19,33,0,29,34,34,17,0,home,10.5,216.0,500.0,-700.0,2.5,104.0,0.0,1,True
2017,2017-03-20,True,False,atl,cha,90,105,19,23,26,22,0,19,32,32,22,0,home,5.5,205.5,180.0,-210.0,0.5,106.5,1.0,0,True
2017,2017-03-20,True,False,phi,orl,109,112,26,30,27,15,11,25,16,33,24,14,home,5.5,218.5,210.0,-250.0,7.0,108.0,0.0,1,True
2017,2017-03-20,True,False,utah,ind,100,107,23,23,24,30,0,28,23,29,27,0,away,2.5,193.0,-140.0,120.0,2.5,101.0,0.0,1,True
2017,2017-03-21,True,False,chi,tor,120,122,31,28,35,19,7,27,27,25,34,9,home,7.5,197.5,270.0,-330.0,7.5,102.5,0.0,1,True
2017,2017-03-21,True,False,det,bkn,96,98,31,13,21,31,0,22,28,24,24,0,away,5.0,215.0,-210.0,180.0,5.5,104.5,0.0,0,True
2017,2017-03-21,True,False,phx,mia,97,112,26,20,17,34,0,23,36,25,28,0,home,11.5,215.0,650.0,-1000.0,2.5,111.0,1.0,0,True
2017,2017-03-21,True,False,mem,no,82,95,23,18,13,28,0,21,13,32,29,0,home,2.5,208.0,120.0,-140.0,2.5,103.0,1.0,0,True
2017,2017-03-21,True,False,gs,dal,112,87,28,34,29,21,0,30,20,21,16,0,away,4.5,208.0,-200.0,175.0,1.0,102.0,1.0,0,False
2017,2017-03-21,True,False,sa,min,100,93,25,17,31,27,0,23,28,16,26,0,away,5.0,205.5,-200.0,175.0,6.0,107.0,1.0,0,False
2017,2017-03-21,True,False,mil,por,93,90,18,30,19,26,0,21,14,28,27,0,home,3.5,207.5,155.0,-175.0,6.0,99.5,0.0,0,False
2017,2017-03-21,True,False,lac,lal,133,109,33,37,38,25,0,24,16,34,35,0,away,10.0,222.5,-600.0,450.0,2.0,107.5,1.0,1,False
2017,2017-03-22,True,False,mil,sac,116,98,25,44,21,26,0,24,26,25,23,0,away,6.0,202.5,-230.0,195.0,2.5,98.0,1.0,1,False
2017,2017-03-22,True,False,ny,utah,101,108,34,21,20,26,0,26,25,21,36,0,home,12.0,202.0,575.0,-850.0,9.0,99.0,0.0,1,True
2017,2017-03-22,True,False,cle,den,113,126,31,28,31,23,0,34,39,28,25,0,away,2.5,228.0,-135.0,115.0,6.5,110.5,0.0,1,True
2017,2017-03-22,True,False,phi,okc,97,122,22,28,20,27,0,29,34,32,27,0,home,11.5,219.5,600.0,-900.0,2.5,106.5,1.0,0,True
2017,2017-03-22,True,False,atl,wsh,100,104,20,26,21,33,0,16,24,27,37,0,home,7.5,215.5,270.0,-330.0,7.5,112.0,0.0,0,True
2017,2017-03-22,True,False,det,chi,95,117,23,30,20,22,0,32,27,32,26,0,away,2.0,201.0,-130.0,110.0,3.5,99.0,0.0,1,True
2017,2017-03-22,True,False,ind,bos,100,109,19,23,32,26,0,21,28,39,21,0,home,6.5,209.0,225.0,-265.0,1.5,102.0,1.0,2,True
2017,2017-03-22,True,False,cha,orl,109,102,21,27,29,32,0,27,27,28,20,0,away,4.5,206.5,-190.0,170.0,4.5,101.5,1.0,1,False
2017,2017-03-23,True,False,tor,mia,101,84,23,22,30,26,0,33,14,21,16,0,home,4.0,200.0,160.0,-180.0,2.0,99.5,0.0,0,False
2017,2017-03-23,True,False,phx,bkn,98,126,32,18,15,33,0,22,30,32,42,0,home,5.5,226.5,190.0,-220.0,3.0,117.0,1.0,0,True
2017,2017-03-23,True,False,lac,dal,95,97,24,30,21,20,0,29,19,29,20,0,away,5.0,204.5,-215.0,185.0,1.5,101.5,0.0,0,True
2017,2017-03-23,True,False,mem,sa,90,97,22,20,27,21,0,27,24,23,23,0,home,8.0,197.5,320.0,-380.0,1.5,97.5,0.0,0,True
2017,2017-03-23,True,False,ny,por,95,110,23,23,22,27,0,37,30,18,25,0,home,12.5,210.5,800.0,-1400.0,2.0,101.5,1.0,0,True
2017,2017-03-24,True,False,sac,gs,100,114,20,30,22,28,0,27,30,35,22,0,home,18.5,214.0,2000.0,-9900.0,9.0,111.0,0.0,2,True
2017,2017-03-24,True,False,min,lal,119,130,27,40,21,21,10,26,28,26,29,21,away,6.5,219.5,-270.0,230.0,0.5,106.0,0.0,1,True
2017,2017-03-24,True,False,phi,chi,117,107,24,35,34,24,0,28,18,25,36,0,home,6.5,211.5,230.0,-270.0,8.0,103.5,0.0,1,False
2017,2017-03-24,True,False,no,hou,107,117,33,17,29,28,0,28,21,31,37,0,home,8.0,232.5,300.0,-360.0,6.0,114.0,1.0,0,True
2017,2017-03-24,True,False,atl,mil,97,100,21,22,31,23,0,29,16,27,28,0,home,6.5,201.5,220.0,-260.0,3.5,106.0,0.0,0,True
2017,2017-03-24,True,False,den,ind,125,117,34,30,30,31,0,26,27,22,42,0,home,1.5,216.5,105.0,-125.0,5.0,104.5,0.0,1,False
2017,2017-03-24,True,False,det,orl,87,115,18,21,23,25,0,22,35,35,23,0,away,2.0,208.5,-130.0,110.0,6.0,100.5,0.0,0,True
2017,2017-03-24,True,False,cle,cha,112,105,33,26,31,22,0,31,22,32,20,0,away,3.5,210.5,-160.0,140.0,0.5,104.0,1.0,1,False
2017,2017-03-24,True,False,bkn,wsh,108,129,22,20,39,27,0,31,32,34,32,0,home,11.0,221.0,500.0,-700.0,1.0,114.0,1.0,1,True
2017,2017-03-24,True,False,phx,bos,120,130,16,27,37,40,0,29,37,31,33,0,home,16.0,218.0,1500.0,-5000.0,2.5,113.0,0.0,1,True
2017,2017-03-25,True,False,tor,dal,94,86,30,24,20,20,0,22,22,20,22,0,away,1.0,196.0,-115.0,-105.0,3.0,95.5,1.0,0,False
2017,2017-03-25,True,False,min,por,100,112,21,25,28,26,0,27,33,34,18,0,home,6.0,212.5,210.0,-250.0,2.0,102.5,1.0,0,True
2017,2017-03-25,True,False,ny,sa,98,106,23,20,31,24,0,33,28,17,28,0,home,14.5,204.0,1100.0,-2500.0,3.5,99.0,0.0,2,True
2017,2017-03-25,True,False,wsh,cle,127,115,40,31,25,31,0,26,35,30,24,0,home,6.0,225.0,210.0,-250.0,7.5,110.0,0.0,1,False
2017,2017-03-25,True,False,utah,lac,95,108,14,27,29,25,0,28,21,23,36,0,home,5.0,200.0,175.0,-200.0,0.0,103.5,1.0,1,True
2017,2017-03-26,True,False,por,lal,97,81,22,18,37,20,0,17,15,24,25,0,away,7.0,220.5,-300.0,250.0,2.5,114.0,1.0,0,False
2017,2017-03-26,True,False,no,den,115,90,29,26,32,28,0,26,14,19,31,0,home,7.5,226.0,275.0,-335.0,7.5,110.5,0.0,0,False
2017,2017-03-26,True,False,phi,ind,94,107,18,27,24,25,0,27,24,30,26,0,home,9.0,213.5,375.0,-450.0,3.0,106.0,1.0,0,True
2017,2017-03-26,True,False,mia,bos,108,112,27,31,17,33,0,22,31,32,27,0,home,6.0,211.0,210.0,-250.0,6.5,105.0,0.0,1,True
2017,2017-03-26,True,False,mem,gs,94,106,28,26,27,13,0,25,31,27,23,0,home,11.5,209.0,575.0,-850.0,6.5,101.0,1.0,0,True
2017,2017-03-26,True,False,okc,hou,125,137,31,28,29,37,0,37,42,34,24,0,home,5.5,230.0,190.0,-220.0,3.5,112.5,1.0,1,True
2017,2017-03-26,True,False,sac,lac,98,97,24,18,23,33,0,24,20,32,21,0,home,13.0,210.0,900.0,-1600.0,7.5,108.5,0.0,0,False
2017,2017-03-26,True,False,phx,cha,106,120,18,29,33,26,0,38,31,29,22,0,home,13.0,212.0,850.0,-1500.0,1.0,108.5,1.0,1,True
2017,2017-03-26,True,False,bkn,atl,107,92,32,23,23,29,0,20,28,20,24,0,home,6.5,216.5,240.0,-280.0,7.5,114.0,0.0,0,False
2017,2017-03-26,True,False,chi,mil,109,94,29,27,35,18,0,31,24,24,15,0,home,6.5,202.0,220.0,-260.0,5.0,104.0,0.0,1,False
2017,2017-03-27,True,False,mem,sac,90,91,27,22,19,22,0,28,23,23,17,0,away,7.0,198.5,-280.0,240.0,6.0,98.0,0.0,0,True
2017,2017-03-27,True,False,orl,tor,112,131,34,23,32,23,0,35,38,26,32,0,home,7.5,208.5,290.0,-350.0,0.5,101.5,1.0,1,True
2017,2017-03-27,True,False,det,ny,95,109,36,23,15,21,0,34,30,25,20,0,home,0.0,208.0,-110.0,-110.0,2.0,101.5,1.0,0,True
2017,2017-03-27,True,False,cle,sa,74,103,18,22,18,16,0,28,36,17,22,0,home,5.5,211.5,190.0,-220.0,4.5,102.5,1.0,0,True
2017,2017-03-27,True,False,okc,dal,92,91,25,10,22,35,0,26,24,19,22,0,away,1.5,203.0,-120.0,100.0,6.0,98.5,0.0,0,False
2017,2017-03-27,True,False,no,utah,100,108,21,30,20,29,0,28,28,25,27,0,home,6.0,196.0,190.0,-220.0,2.0,95.5,1.0,1,True
2017,2017-03-28,True,False,den,por,113,122,35,29,21,28,0,32,34,29,27,0,home,2.0,222.0,115.0,-135.0,0.5,110.0,1.0,1,True
2017,2017-03-28,True,False,mia,det,97,96,24,31,23,19,0,24,26,19,27,0,away,3.0,201.0,-150.0,130.0,0.0,97.0,0.0,0,False
2017,2017-03-28,True,False,wsh,lal,119,108,27,28,27,37,0,27,31,37,13,0,away,9.0,224.5,-500.0,400.0,7.5,108.5,1.0,1,False
2017,2017-03-28,True,False,gs,hou,113,106,37,23,26,27,0,20,32,23,31,0,home,1.0,235.0,100.0,-120.0,3.0,117.5,0.0,0,False
2017,2017-03-28,True,False,min,ind,115,114,26,33,28,28,0,25,32,33,24,0,home,4.0,208.5,155.0,-175.0,4.0,101.0,0.0,1,False
2017,2017-03-28,True,False,phx,atl,91,95,12,32,24,23,0,27,20,24,24,0,home,10.0,217.5,450.0,-600.0,5.5,112.0,0.0,0,True
2017,2017-03-28,True,False,mil,cha,118,108,35,37,22,24,0,24,26,26,32,0,home,4.0,199.5,160.0,-180.0,7.5,98.0,0.0,1,False
2017,2017-03-28,True,False,phi,bkn,106,101,31,27,21,27,0,24,33,21,23,0,home,4.0,224.5,155.0,-175.0,3.5,111.0,0.0,0,False
2017,2017-03-29,True,False,atl,phi,99,92,25,27,27,20,0,18,25,27,22,0,away,2.5,212.5,-140.0,120.0,1.5,111.0,1.0,0,False
2017,2017-03-29,True,False,okc,orl,114,106,20,24,28,30,12,18,31,33,20,4,away,5.0,221.0,-220.0,190.0,5.5,107.5,1.0,0,False
2017,2017-03-29,True,False,cha,tor,110,106,22,28,16,44,0,19,28,27,32,0,home,5.0,202.5,180.0,-210.0,5.0,100.5,0.0,1,False
2017,2017-03-29,True,False,mia,ny,105,88,24,25,28,28,0,22,19,27,20,0,away,2.0,207.0,-135.0,115.0,1.5,98.5,1.0,0,False
2017,2017-03-29,True,False,mil,bos,103,100,24,31,25,23,0,24,25,28,23,0,home,7.0,209.5,250.0,-300.0,7.0,104.5,0.0,0,False
2017,2017-03-29,True,False,ind,mem,97,110,24,29,26,18,0,38,34,24,14,0,home,4.0,196.5,155.0,-175.0,3.5,96.5,1.0,1,True
2017,2017-03-29,True,False,dal,no,118,121,23,28,32,35,0,27,36,26,32,0,home,6.0,201.5,210.0,-250.0,0.5,100.5,0.0,1,True
2017,2017-03-29,True,False,gs,sa,110,98,17,37,30,26,0,33,24,20,21,0,home,4.5,207.5,165.0,-185.0,2.0,103.5,0.0,1,False
2017,2017-03-29,True,False,utah,sac,112,82,34,16,28,34,0,14,29,24,15,0,away,8.0,195.5,-340.0,280.0,2.5,101.5,1.0,0,False
2017,2017-03-29,True,False,wsh,lac,124,133,31,32,35,26,0,39,35,36,23,0,home,6.0,219.0,210.0,-250.0,0.0,107.5,1.0,1,True
2017,2017-03-30,True,False,lac,phx,124,118,31,36,26,31,0,35,24,33,26,0,away,10.0,222.5,-550.0,425.0,3.0,110.0,0.0,1,False
2017,2017-03-30,True,False,lal,min,104,119,37,23,22,22,0,37,30,29,23,0,home,11.0,217.5,550.0,-800.0,4.5,106.0,1.0,1,True
2017,2017-03-30,True,False,hou,por,107,117,31,25,29,22,0,32,33,31,21,0,home,0.0,231.0,-110.0,-110.0,3.5,113.5,1.0,0,True
2017,2017-03-30,True,False,bkn,det,89,90,18,21,24,26,0,16,19,24,31,0,home,6.5,213.5,220.0,-260.0,6.5,111.0,0.0,0,True
2017,2017-03-30,True,False,cle,chi,93,99,28,22,21,22,0,22,19,37,21,0,away,5.5,212.0,-220.0,190.0,0.5,102.5,0.0,0,True
2017,2017-03-31,True,False,hou,gs,98,107,25,36,24,13,0,23,33,27,24,0,home,8.5,232.5,351.0,-450.0,8.5,116.0,1.0,0,True
2017,2017-03-31,True,False,sa,okc,100,95,16,25,30,29,0,25,29,22,19,0,away,3.0,208.0,-155.0,135.0,6.0,108.0,1.0,0,False
2017,2017-03-31,True,False,wsh,utah,88,95,19,20,22,27,0,24,18,22,31,0,home,3.0,208.5,125.0,-145.0,0.5,101.5,1.0,0,True
2017,2017-03-31,True,False,dal,mem,90,99,19,15,28,28,0,21,34,18,26,0,home,3.0,192.0,140.0,-160.0,4.5,93.0,1.0,0,True
2017,2017-03-31,True,False,det,mil,105,108,22,26,25,22,10,35,21,15,24,13,home,7.0,197.0,263.0,-325.0,1.0,96.0,0.0,1,True
2017,2017-03-31,True,False,sac,no,89,117,19,19,26,25,0,32,26,26,33,0,home,11.5,208.0,639.0,-950.0,1.0,107.0,1.0,0,True
2017,2017-03-31,True,False,orl,bos,116,117,29,35,26,26,0,31,26,35,25,0,home,10.0,216.0,477.0,-650.0,10.0,108.5,0.0,1,True
2017,2017-03-31,True,False,phi,cle,105,122,29,23,25,28,0,32,38,34,18,0,home,12.5,215.0,973.0,-1777.0,2.5,105.0,1.0,1,True
2017,2017-03-31,True,False,ind,tor,100,111,25,23,20,32,0,28,18,34,31,0,home,5.0,203.5,180.0,-215.0,4.5,99.5,1.0,1,True
2017,2017-03-31,True,False,den,cha,114,122,32,24,38,20,0,24,32,30,36,0,home,2.5,219.0,115.0,-135.0,1.5,107.0,1.0,1,True
2017,2017-03-31,True,False,ny,mia,98,94,33,26,18,21,0,29,26,20,19,0,home,10.5,203.0,523.0,-730.0,9.0,99.0,0.0,0,False
2017,2017-04-01,True,False,lal,lac,104,115,22,28,22,32,0,28,27,38,22,0,home,15.0,220.0,1100.0,-2500.0,7.5,109.5,0.0,0,True
2017,2017-04-01,True,False,atl,chi,104,106,21,25,38,20,0,23,29,27,27,0,home,5.5,202.0,195.0,-230.0,1.0,105.0,0.0,1,True
2017,2017-04-01,True,False,orl,bkn,111,121,33,20,36,22,0,33,27,29,32,0,home,4.0,222.0,155.0,-175.0,0.5,108.5,1.0,1,True
2017,2017-04-01,True,False,sac,min,123,117,18,37,36,32,0,31,28,26,32,0,home,12.5,207.5,700.0,-1100.0,6.5,107.5,0.0,1,False
2017,2017-04-01,True,False,phx,por,117,130,21,32,34,30,0,37,26,34,33,0,home,11.5,224.0,575.0,-850.0,3.0,117.0,1.0,1,True
2017,2017-04-02,True,False,chi,no,117,110,28,35,24,30,0,21,26,32,31,0,home,8.5,210.5,300.0,-360.0,7.5,110.0,0.0,1,False
2017,2017-04-02,True,False,hou,phx,123,116,31,28,31,33,0,21,33,29,33,0,away,7.5,226.5,-310.0,260.0,2.5,111.5,0.0,1,False
2017,2017-04-02,True,False,atl,bkn,82,91,24,19,18,21,0,29,17,24,21,0,away,3.0,216.5,-150.0,130.0,4.0,112.5,0.0,0,True
2017,2017-04-02,True,False,wsh,gs,115,139,30,27,31,27,0,35,32,39,33,0,home,9.0,223.5,400.0,-500.0,2.0,107.5,1.0,1,True
2017,2017-04-02,True,False,phi,tor,105,113,29,20,27,29,0,28,31,27,27,0,home,11.5,211.5,575.0,-850.0,3.0,103.0,0.0,1,True
2017,2017-04-02,True,False,ind,cle,130,135,27,26,24,27,26,26,34,23,21,31,home,8.0,214.0,300.0,-360.0,2.5,102.0,0.0,1,True
2017,2017-04-02,True,False,dal,mil,109,105,31,22,22,34,0,28,25,25,27,0,home,6.0,195.0,210.0,-250.0,4.0,94.0,0.0,1,False
2017,2017-04-02,True,False,mem,lal,103,108,27,22,31,23,0,22,28,29,29,0,away,7.0,205.5,-300.0,250.0,5.5,102.0,0.0,1,True
2017,2017-04-02,True,False,utah,sa,103,109,28,24,26,25,0,33,21,34,21,0,home,5.0,189.0,180.0,-210.0,2.5,99.0,1.0,1,True
2017,2017-04-02,True,False,cha,okc,113,101,31,28,25,29,0,22,32,16,31,0,home,5.0,211.5,175.0,-200.0,5.5,106.5,0.0,1,False
2017,2017-04-02,True,False,bos,ny,110,94,34,26,28,22,0,23,24,24,23,0,away,7.5,206.0,-350.0,290.0,0.0,105.0,1.0,0,False
2017,2017-04-02,True,False,den,mia,116,113,37,31,25,23,0,30,28,29,26,0,home,3.5,219.5,140.0,-160.0,5.0,108.0,0.0,1,False
2017,2017-04-03,True,False,por,min,109,110,23,34,26,26,0,29,20,37,24,0,home,1.5,216.5,105.0,-125.0,3.5,111.0,0.0,1,True
2017,2017-04-04,True,False,por,utah,87,106,17,24,23,23,0,24,23,28,31,0,home,6.0,201.5,200.0,-240.0,1.5,104.0,1.0,0,True
2017,2017-04-04,True,False,min,gs,107,121,32,28,26,21,0,32,36,36,17,0,home,14.0,218.5,1000.0,-2000.0,6.0,107.0,2.0,1,True
2017,2017-04-04,True,False,dal,sac,87,98,17,21,31,18,0,22,14,32,30,0,away,2.5,197.0,-150.0,130.0,1.0,96.5,0.0,0,True
2017,2017-04-04,True,False,mem,sa,89,95,16,19,16,33,5,14,19,27,24,11,home,9.0,195.0,375.0,-450.0,7.0,95.0,0.0,0,True
2017,2017-04-04,True,False,den,no,134,131,27,42,33,32,0,31,44,30,26,0,home,3.0,228.5,135.0,-155.0,0.0,113.0,0.0,1,False
2017,2017-04-04,True,False,chi,ny,91,100,24,16,24,27,0,29,25,26,20,0,away,5.0,203.5,-200.0,175.0,7.0,106.5,0.0,0,True
2017,2017-04-04,True,False,cha,wsh,111,118,24,39,18,30,0,22,29,36,31,0,home,3.0,219.5,125.0,-145.0,6.0,108.5,1.0,1,True
2017,2017-04-04,True,False,tor,ind,90,108,26,25,24,15,0,18,22,37,31,0,home,3.0,203.0,120.0,-140.0,4.5,100.0,1.0,0,True
2017,2017-04-04,True,False,orl,cle,102,122,31,24,20,27,0,28,25,43,26,0,home,11.0,223.0,550.0,-800.0,8.0,110.5,1.0,1,True
2017,2017-04-04,True,False,bkn,phi,141,118,40,41,30,30,0,27,26,24,41,0,away,2.0,221.5,-135.0,115.0,6.5,115.0,1.0,1,False
2017,2017-04-04,True,False,mil,okc,79,110,20,19,20,20,0,28,35,26,21,0,home,6.0,209.5,210.0,-250.0,3.0,102.0,1.0,0,True
2017,2017-04-05,True,False,lal,sa,102,95,31,22,23,26,0,14,27,29,25,0,home,13.5,207.0,900.0,-1600.0,15.0,101.5,0.0,0,False
2017,2017-04-05,True,False,dal,lac,101,112,24,25,24,28,0,35,27,28,22,0,home,11.0,205.0,550.0,-800.0,2.5,101.0,2.0,1,True
2017,2017-04-05,True,False,gs,phx,120,111,41,17,33,29,0,18,34,26,33,0,away,8.5,228.5,-450.0,375.0,3.5,113.5,1.0,1,False
2017,2017-04-05,True,False,okc,mem,103,100,34,23,22,24,0,27,23,24,26,0,away,2.5,198.5,-140.0,120.0,1.5,99.0,1.0,1,False
2017,2017-04-05,True,False,mia,cha,112,99,27,25,34,26,0,23,28,22,26,0,home,2.5,203.5,130.0,-150.0,2.0,99.0,0.0,1,False
2017,2017-04-05,True,False,cle,bos,114,91,19,38,33,24,0,20,22,24,25,0,home,4.0,222.0,155.0,-175.0,6.5,109.5,0.0,0,False
2017,2017-04-05,True,False,tor,det,105,102,15,31,22,37,0,33,23,24,22,0,away,3.0,201.5,-155.0,135.0,4.5,99.0,2.0,1,False
2017,2017-04-05,True,False,den,hou,104,110,25,25,29,25,0,36,23,26,25,0,home,7.5,241.5,290.0,-350.0,1.0,118.5,0.0,0,True
2017,2017-04-06,True,False,bkn,orl,107,115,25,25,21,36,0,22,28,36,29,0,home,1.0,222.0,100.0,-120.0,1.0,115.5,1.0,2,True
2017,2017-04-06,True,False,chi,phi,102,90,27,26,27,22,0,17,30,20,23,0,away,6.0,209.0,-240.0,200.0,2.0,107.5,1.0,0,False
2017,2017-04-06,True,False,mil,ind,89,104,21,29,23,16,0,25,31,29,19,0,home,4.5,203.5,165.0,-185.0,0.5,101.0,1.0,0,True
2017,2017-04-06,True,False,wsh,ny,106,103,33,26,23,24,0,27,24,24,28,0,away,6.0,217.5,-245.0,205.0,1.0,105.0,0.0,0,False
2017,2017-04-06,True,False,bos,atl,116,123,24,31,34,27,0,32,39,28,24,0,away,1.5,209.0,-120.0,100.0,5.5,107.5,0.0,1,True
2017,2017-04-06,True,False,min,por,98,105,34,27,26,11,0,20,33,27,25,0,home,5.0,217.0,180.0,-210.0,6.5,108.0,1.0,0,True
2017,2017-04-07,True,False,min,utah,113,120,31,29,28,25,0,29,26,40,25,0,home,11.0,197.5,550.0,-800.0,9.5,96.5,0.0,1,True
2017,2017-04-07,True,False,sac,lal,94,98,31,14,25,24,0,18,26,25,29,0,home,2.5,216.5,125.0,-145.0,2.0,113.0,1.0,0,True
2017,2017-04-07,True,False,okc,phx,99,120,19,29,24,27,0,32,39,24,25,0,away,9.0,229.0,-500.0,400.0,12.0,113.0,0.0,0,True
2017,2017-04-07,True,False,sa,dal,102,89,21,29,25,27,0,26,35,8,20,0,home,5.0,189.0,180.0,-210.0,1.5,100.0,0.0,1,False
2017,2017-04-07,True,False,no,den,106,122,25,25,24,32,0,30,21,41,30,0,home,7.5,229.5,250.0,-300.0,4.0,112.5,1.0,0,True
2017,2017-04-07,True,False,det,hou,114,109,24,28,23,39,0,30,24,33,22,0,home,11.0,224.0,550.0,-800.0,6.0,111.5,0.0,0,False
2017,2017-04-07,True,False,ny,mem,88,101,21,26,25,16,0,27,26,17,31,0,home,12.5,196.0,800.0,-1400.0,5.0,96.5,1.0,0,True
2017,2017-04-07,True,False,atl,cle,114,100,21,31,31,31,0,19,31,28,22,0,home,15.5,212.5,1300.0,-3500.0,11.0,109.5,0.0,1,False
2017,2017-04-07,True,False,mia,tor,94,96,19,24,22,29,0,26,27,17,26,0,home,4.5,207.5,165.0,-185.0,1.0,101.5,0.0,0,True
2017,2017-04-08,True,False,utah,por,86,101,20,22,18,26,0,34,14,29,24,0,home,2.5,201.5,125.0,-145.0,1.5,105.0,1.0,0,True
2017,2017-04-08,True,False,lac,sa,98,87,22,30,30,16,0,23,20,27,17,0,home,1.5,208.5,105.0,-125.0,4.0,102.0,0.0,0,False
2017,2017-04-08,True,False,mil,phi,90,82,23,19,25,23,0,21,27,12,22,0,away,7.5,209.0,-300.0,250.0,8.5,103.5,1.0,0,False
2017,2017-04-08,True,False,no,gs,101,123,17,29,22,33,0,23,31,39,30,0,home,17.0,216.0,1600.0,-6000.0,7.5,106.0,1.0,1,True
2017,2017-04-08,True,False,ind,orl,127,112,39,29,31,28,0,38,21,23,30,0,away,4.5,211.5,-185.0,165.0,0.5,104.0,1.0,1,False
2017,2017-04-08,True,False,bos,cha,121,114,32,39,21,29,0,28,26,32,28,0,home,0.0,213.5,-110.0,-110.0,5.5,110.0,0.0,1,False
2017,2017-04-08,True,False,chi,bkn,106,107,25,20,37,24,0,32,19,24,32,0,away,3.0,215.5,-160.0,140.0,4.0,111.5,0.0,0,True
2017,2017-04-08,True,False,mia,wsh,106,103,28,24,26,28,0,29,23,22,29,0,home,3.5,216.5,145.0,-165.0,2.5,107.0,0.0,0,False
2017,2017-04-09,True,False,tor,ny,110,97,23,29,24,34,0,29,26,20,22,0,away,9.0,201.0,-500.0,400.0,8.0,99.5,1.0,1,False
2017,2017-04-09,True,False,cle,atl,125,126,38,27,28,18,14,21,25,21,44,15,away,5.0,214.5,-210.0,180.0,2.5,103.0,0.0,1,True
2017,2017-04-09,True,False,okc,den,106,105,27,25,29,25,0,26,27,38,14,0,home,5.0,229.5,190.0,-220.0,3.0,113.5,0.0,0,False
2017,2017-04-09,True,False,det,mem,103,90,24,24,27,28,0,28,29,10,23,0,home,5.5,193.5,190.0,-220.0,0.0,96.0,0.0,0,False
2017,2017-04-09,True,False,hou,sac,135,128,42,36,29,28,0,27,35,27,39,0,away,9.0,225.5,-500.0,400.0,0.5,109.5,0.0,1,False
2017,2017-04-09,True,False,dal,phx,111,124,29,36,20,26,0,40,28,36,20,0,home,2.5,210.5,120.0,-140.0,1.0,104.5,1.0,1,True
2017,2017-04-09,True,False,min,lal,109,110,21,30,28,30,0,29,24,25,32,0,away,6.0,222.0,-230.0,195.0,6.0,109.0,0.0,0,True
2017,2017-04-10,True,False,sa,por,98,99,28,15,33,22,0,31,16,24,28,0,away,10.5,192.5,-600.0,450.0,9.0,101.5,0.0,1,True
2017,2017-04-10,True,False,hou,lac,96,125,35,22,12,27,0,35,26,36,28,0,home,9.0,231.5,350.0,-420.0,5.0,115.5,1.0,0,True
2017,2017-04-10,True,False,utah,gs,105,99,32,17,25,31,0,33,18,23,25,0,home,10.0,206.0,450.0,-600.0,6.5,106.0,0.0,0,False
2017,2017-04-10,True,False,cha,mil,79,89,24,22,20,13,0,18,25,18,28,0,home,6.5,197.5,225.0,-265.0,5.5,98.5,1.0,0,True
2017,2017-04-10,True,False,ind,phi,120,111,35,29,26,30,0,20,34,25,32,0,away,8.0,211.5,-400.0,330.0,1.5,104.5,1.0,1,False
2017,2017-04-10,True,False,wsh,det,105,101,34,21,24,26,0,21,21,31,28,0,home,5.5,208.0,190.0,-220.0,6.0,102.0,0.0,0,False
2017,2017-04-10,True,False,bkn,bos,105,114,13,27,37,28,0,28,30,32,24,0,home,10.5,222.0,550.0,-800.0,0.0,115.0,0.0,0,True
2017,2017-04-10,True,False,cle,mia,121,124,37,23,31,17,13,24,32,24,28,16,home,10.5,204.0,450.0,-600.0,9.0,103.0,0.0,1,True
2017,2017-04-10,True,False,orl,chi,75,122,13,24,22,16,0,34,30,28,30,0,home,8.0,215.0,330.0,-400.0,1.5,102.5,1.0,0,True
2017,2017-04-11,True,False,cha,atl,76,103,26,18,17,15,0,38,25,21,19,0,home,8.0,203.5,280.0,-340.0,1.5,100.0,1.0,0,True
2017,2017-04-11,True,False,okc,min,100,98,33,23,15,29,0,16,27,29,26,0,home,8.0,208.5,270.0,-330.0,9.0,102.0,0.0,0,False
2017,2017-04-11,True,False,den,dal,109,91,23,34,26,26,0,26,18,31,16,0,home,2.0,213.5,110.0,-130.0,5.0,104.5,0.0,0,False
2017,2017-04-11,True,False,no,lal,96,108,25,28,20,23,0,26,31,28,23,0,home,2.5,219.0,120.0,-140.0,0.0,108.5,1.0,0,True
2017,2017-04-11,True,False,phx,sac,104,129,25,14,38,27,0,28,30,39,32,0,home,4.5,219.5,180.0,-210.0,3.5,111.5,1.0,1,True
2017,2017-04-12,True,False,wsh,mia,102,110,27,23,27,25,0,23,33,35,19,0,home,11.5,205.5,475.0,-650.0,5.0,100.5,0.0,1,True
2017,2017-04-12,True,False,lal,gs,94,109,28,22,20,24,0,43,21,29,16,0,home,13.5,222.5,700.0,-1100.0,3.5,106.5,1.0,0,True
2017,2017-04-12,True,False,no,por,103,100,22,31,25,25,0,30,23,32,15,0,home,7.0,202.0,250.0,-300.0,3.5,98.5,0.0,1,False
2017,2017-04-12,True,False,sac,lac,95,115,23,24,26,22,0,30,23,34,28,0,home,18.0,209.0,1500.0,-5000.0,8.5,107.0,1.0,1,True
2017,2017-04-12,True,False,bkn,chi,73,112,13,19,24,17,0,27,23,25,37,0,home,15.0,212.5,1200.0,-3000.0,3.0,109.0,1.0,0,True
2017,2017-04-12,True,False,phi,ny,113,114,22,37,28,26,0,25,31,22,36,0,home,3.0,209.5,130.0,-150.0,4.0,103.0,0.0,1,True
2017,2017-04-12,True,False,sa,utah,97,101,23,23,26,25,0,32,21,29,19,0,home,4.0,192.0,160.0,-180.0,0.5,100.5,2.0,1,True
2017,2017-04-12,True,False,mil,bos,94,112,36,20,22,16,0,25,32,23,32,0,home,13.5,205.0,1000.0,-2000.0,7.5,102.5,1.0,1,True
2017,2017-04-12,True,False,atl,ind,86,104,15,28,25,18,0,22,28,34,20,0,home,14.5,200.5,1100.0,-2500.0,6.5,102.0,1.0,0,True
2017,2017-04-12,True,False,tor,cle,98,83,26,27,22,23,0,21,13,24,25,0,away,4.0,200.5,-165.0,145.0,3.5,99.0,1.0,0,False
2017,2017-04-12,True,False,den,okc,111,105,25,31,30,25,0,26,38,21,20,0,home,6.0,224.0,200.0,-240.0,1.0,108.5,0.0,0,False
2017,2017-04-12,True,False,dal,mem,100,93,22,24,24,30,0,27,28,19,19,0,home,8.5,188.0,330.0,-400.0,1.5,94.0,0.0,1,False
2017,2017-04-12,True,False,min,hou,118,123,32,28,21,37,0,33,27,35,28,0,home,8.5,226.5,300.0,-360.0,5.5,112.5,0.0,1,True
2017,2017-04-12,True,False,det,orl,109,113,17,32,32,28,0,38,21,28,26,0,home,1.5,206.0,100.0,-120.0,3.0,101.5,1.0,1,True
