season,date,regular,playoffs,away_team,home_team,score_away,score_home,q1_away,q2_away,q3_away,q4_away,ot_away,q1_home,q2_home,q3_home,q4_home,ot_home,whos_favored,spread,total,away_ml,home_ml,h2_spread,h2_total,id_spread,id_total,home_won
2016,2015-10-27,True,False,cle,chi,95,97,17,23,28,27,0,26,20,25,26,0,home,4.0,198.5,160.0,-180.0,0.0,97.0,0.0,0,True
2016,2015-10-27,True,False,det,atl,106,94,25,23,34,24,0,25,18,23,28,0,home,7.0,196.5,255.0,-320.0,7.0,98.0,0.0,1,False
2016,2015-10-27,True,False,no,gs,95,111,35,14,26,20,0,39,20,35,17,0,home,10.5,215.0,510.0,-710.0,3.0,108.0,1.0,0,True
2016,2015-10-28,True,False,den,hou,105,85,27,26,23,29,0,21,28,14,22,0,home,10.5,211.5,510.0,-710.0,9.0,106.0,0.0,0,False
2016,2015-10-28,True,False,min,lal,112,111,22,29,37,24,0,31,29,35,16,0,home,2.5,202.5,120.0,-140.0,1.5,104.5,0.0,1,False
2016,2015-10-28,True,False,lac,sac,111,104,25,31,29,26,0,17,29,28,30,0,away,5.5,212.0,-230.0,190.0,0.5,106.0,1.0,1,False
2016,2015-10-28,True,False,dal,phx,111,95,24,30,34,23,0,22,23,21,29,0,home,6.0,203.0,210.0,-260.0,6.0,102.0,0.0,1,False
2016,2015-10-28,True,False,no,por,94,112,18,25,24,27,0,43,27,17,25,0,home,2.0,206.5,105.0,-125.0,5.0,102.0,1.0,0,True
2016,2015-10-28,True,False,cle,mem,106,76,26,27,26,27,0,10,22,23,21,0,home,5.0,189.0,185.0,-215.0,7.5,93.5,0.0,0,False
2016,2015-10-28,True,False,ny,mil,122,97,27,36,27,32,0,23,28,22,24,0,home,4.5,194.5,175.0,-205.0,5.5,98.5,0.0,1,False
2016,2015-10-28,True,False,phi,bos,95,112,26,14,27,28,0,21,30,28,33,0,home,12.5,198.0,800.0,-1300.0,4.5,98.5,1.0,1,True
2016,2015-10-28,True,False,utah,det,87,92,15,29,20,23,0,16,25,28,23,0,home,0.0,191.0,-105.0,-115.0,0.5,100.0,1.0,0,True
2016,2015-10-28,True,False,cha,mia,94,104,27,17,16,34,0,23,31,19,31,0,home,6.5,193.5,210.0,-260.0,0.5,94.0,1.0,1,True
2016,2015-10-28,True,False,chi,bkn,115,100,30,28,28,29,0,19,36,16,29,0,away,5.0,196.5,-205.0,175.0,2.5,100.5,1.0,1,False
2016,2015-10-28,True,False,ind,tor,99,106,30,15,23,31,0,20,17,35,34,0,home,5.5,199.5,195.0,-235.0,4.5,103.0,1.0,1,True
2016,2015-10-28,True,False,sa,okc,106,112,27,28,28,23,0,29,21,29,33,0,home,4.0,207.0,165.0,-185.0,3.5,108.5,1.0,1,True
2016,2015-10-28,True,False,wsh,orl,88,87,31,22,12,23,0,29,22,16,20,0,away,4.0,202.5,-180.0,160.0,2.5,100.5,0.0,0,False
2016,2015-10-29,True,False,mem,ind,112,103,29,21,23,39,0,20,29,26,28,0,away,3.0,191.0,-145.0,125.0,2.5,97.0,1.0,1,False
2016,2015-10-29,True,False,atl,ny,112,101,30,31,23,28,0,20,25,27,29,0,away,4.5,199.0,-185.0,165.0,2.5,101.5,1.0,1,False
2016,2015-10-29,True,False,dal,lac,88,104,17,26,25,20,0,22,29,34,19,0,home,12.0,212.5,650.0,-950.0,6.0,105.0,1.0,0,True
2016,2015-10-30,True,False,por,phx,92,110,23,26,20,23,0,27,28,28,27,0,home,4.5,204.5,170.0,-200.0,1.0,102.0,1.0,0,True
2016,2015-10-30,True,False,lal,sac,114,132,24,26,33,31,0,40,34,28,30,0,home,7.0,212.0,245.0,-305.0,3.0,106.0,1.0,1,True
2016,2015-10-30,True,False,min,den,95,78,26,23,30,16,0,16,23,24,15,0,home,3.5,204.0,140.0,-160.0,5.0,103.0,0.0,0,False
2016,2015-10-30,True,False,bkn,sa,75,102,21,26,17,11,0,25,17,34,26,0,home,13.5,202.0,900.0,-1600.0,11.0,100.5,1.0,0,True
2016,2015-10-30,True,False,cha,atl,94,97,22,30,17,25,0,29,24,23,21,0,home,4.0,194.5,155.0,-175.0,2.5,97.0,0.0,0,True
2016,2015-10-30,True,False,gs,hou,112,92,30,27,24,31,0,29,15,21,27,0,away,1.0,216.5,-115.0,-105.0,4.0,107.5,1.0,0,False
2016,2015-10-30,True,False,chi,det,94,98,19,20,25,19,11,23,12,29,19,15,away,2.5,203.5,-145.0,125.0,0.5,103.5,0.0,0,True
2016,2015-10-30,True,False,tor,bos,113,103,26,28,30,29,0,26,28,21,28,0,home,2.0,200.0,110.0,-130.0,1.0,101.0,0.0,1,False
2016,2015-10-30,True,False,okc,orl,139,136,31,22,22,42,22,35,32,26,24,19,away,7.5,205.5,-365.0,300.0,8.5,104.0,0.0,1,False
2016,2015-10-30,True,False,utah,phi,99,71,28,22,24,25,0,19,14,20,18,0,away,7.5,186.0,-325.0,260.0,1.0,95.5,1.0,0,False
2016,2015-10-30,True,False,mia,cle,92,102,23,19,25,25,0,29,18,29,26,0,home,4.5,200.5,185.0,-215.0,1.5,98.0,1.0,0,True
2016,2015-10-30,True,False,wsh,mil,118,113,22,39,21,36,0,33,32,27,21,0,away,2.0,200.0,-135.0,115.0,2.0,100.5,1.0,1,False
2016,2015-10-31,True,False,sac,lac,109,114,31,24,24,30,0,24,35,24,31,0,home,10.5,216.0,485.0,-635.0,5.0,109.0,0.0,1,True
2016,2015-10-31,True,False,bkn,mem,91,101,26,19,24,22,0,31,25,23,22,0,home,12.0,192.5,705.0,-955.0,4.0,96.5,0.0,0,True
2016,2015-10-31,True,False,phx,por,101,90,27,29,18,27,0,23,25,23,19,0,home,2.0,204.0,105.0,-125.0,2.5,102.0,0.0,0,False
2016,2015-10-31,True,False,ny,wsh,117,110,29,30,28,30,0,29,27,34,20,0,home,7.0,205.0,260.0,-320.0,6.0,101.5,0.0,1,False
2016,2015-10-31,True,False,utah,ind,97,76,23,19,28,27,0,29,20,12,15,0,home,4.0,193.0,140.0,-160.0,0.5,103.0,0.0,0,False
2016,2015-10-31,True,False,gs,no,134,120,31,33,41,29,0,28,37,26,29,0,away,5.5,211.5,-235.0,200.0,5.0,105.0,1.0,1,False
2016,2015-11-01,True,False,atl,cha,94,92,28,18,24,24,0,18,21,37,16,0,away,2.0,195.5,-140.0,120.0,1.0,100.0,2.0,0,False
2016,2015-11-01,True,False,sa,bos,95,87,23,21,20,31,0,13,18,23,33,0,away,5.5,203.0,-260.0,210.0,0.5,106.0,1.0,0,False
2016,2015-11-01,True,False,mil,tor,87,106,19,22,30,16,0,24,31,26,25,0,home,6.0,201.0,200.0,-240.0,1.5,99.0,1.0,0,True
2016,2015-11-01,True,False,hou,mia,89,109,35,28,12,14,0,30,14,31,34,0,home,4.0,207.5,150.0,-170.0,5.5,101.5,1.0,0,True
2016,2015-11-01,True,False,orl,chi,87,92,26,14,23,24,0,29,25,21,17,0,home,8.0,199.0,300.0,-365.0,0.5,99.0,0.0,0,True
2016,2015-11-01,True,False,den,okc,93,117,22,28,20,23,0,29,29,37,22,0,home,12.5,213.5,800.0,-1300.0,5.0,107.0,1.0,0,True
2016,2015-11-01,True,False,dal,lal,103,93,32,22,27,22,0,21,24,19,29,0,away,4.0,213.0,-180.0,160.0,0.0,105.0,1.0,0,False
2016,2015-11-02,True,False,mem,gs,69,119,22,12,15,20,0,21,32,40,26,0,home,9.0,204.0,380.0,-475.0,0.5,102.5,1.0,0,True
2016,2015-11-02,True,False,phx,lac,96,102,23,16,33,24,0,22,26,27,27,0,home,9.0,207.5,369.0,-464.0,3.0,103.0,0.0,0,True
2016,2015-11-02,True,False,okc,hou,105,110,26,39,14,26,0,21,33,28,28,0,away,4.5,217.5,-180.0,160.0,1.0,109.0,0.0,0,True
2016,2015-11-02,True,False,por,min,106,101,21,32,30,23,0,34,19,27,21,0,home,3.5,204.0,150.0,-170.0,2.5,102.0,0.0,1,False
2016,2015-11-02,True,False,sa,ny,94,84,18,29,23,24,0,21,14,30,19,0,away,7.5,202.0,-335.0,270.0,0.5,103.0,1.0,0,False
2016,2015-11-02,True,False,cle,phi,107,100,18,31,33,25,0,32,22,18,28,0,away,13.0,195.0,-1450.0,850.0,11.5,96.0,0.0,1,False
2016,2015-11-02,True,False,mil,bkn,103,96,33,26,21,23,0,33,15,32,16,0,away,1.5,194.0,-120.0,100.0,3.0,96.0,1.0,1,False
2016,2015-11-03,True,False,chi,cha,105,130,20,27,30,28,0,37,32,31,30,0,away,3.5,193.5,-170.0,150.0,8.0,99.0,0.0,1,True
2016,2015-11-03,True,False,atl,mia,98,92,25,26,28,19,0,24,16,25,27,0,home,4.0,197.0,155.0,-175.0,5.5,101.0,0.0,0,False
2016,2015-11-03,True,False,ind,det,94,82,24,35,26,9,0,30,17,20,15,0,home,4.5,200.5,165.0,-185.0,6.0,105.0,0.0,0,False
2016,2015-11-03,True,False,orl,no,103,94,28,29,21,25,0,17,26,26,25,0,home,5.0,205.5,175.0,-205.0,7.5,103.0,0.0,0,False
2016,2015-11-03,True,False,tor,dal,102,91,31,18,25,28,0,25,26,22,18,0,away,2.0,205.5,-135.0,115.0,2.0,102.5,1.0,0,False
2016,2015-11-03,True,False,mem,sac,103,89,25,25,33,20,0,29,11,27,22,0,away,4.0,196.5,-185.0,165.0,1.0,98.5,1.0,0,False
2016,2015-11-03,True,False,den,lal,120,109,30,30,33,27,0,36,21,26,26,0,home,3.0,203.0,130.0,-150.0,3.0,103.5,0.0,1,False
2016,2015-11-04,True,False,lac,gs,108,112,25,31,27,25,0,31,32,19,30,0,home,7.5,217.5,280.0,-345.0,2.0,109.5,0.0,1,True
2016,2015-11-04,True,False,sac,phx,97,118,18,22,29,28,0,28,21,32,37,0,home,10.0,209.5,405.0,-525.0,3.0,103.0,1.0,1,True
2016,2015-11-04,True,False,tor,okc,103,98,13,27,33,30,0,23,16,42,17,0,home,8.0,213.0,310.0,-380.0,6.0,104.5,0.0,0,False
2016,2015-11-04,True,False,orl,hou,114,119,35,24,29,22,4,34,34,22,20,9,home,9.0,207.5,400.0,-500.0,2.5,103.0,0.0,1,True
2016,2015-11-04,True,False,por,utah,108,92,27,30,19,32,0,26,23,19,24,0,home,7.0,189.5,240.0,-300.0,6.5,95.5,0.0,1,False
2016,2015-11-04,True,False,bkn,atl,87,101,17,26,27,17,0,23,18,31,29,0,home,7.0,197.0,280.0,-345.0,6.0,96.0,1.0,0,True
2016,2015-11-04,True,False,ny,cle,86,96,32,14,23,17,0,18,20,32,26,0,home,10.5,206.0,525.0,-725.0,10.5,103.5,0.0,0,True
2016,2015-11-04,True,False,bos,ind,98,100,16,27,29,26,0,23,26,24,27,0,away,2.0,207.0,-129.0,109.0,2.5,107.5,0.0,0,True
2016,2015-11-04,True,False,sa,wsh,99,102,23,28,22,26,0,22,25,19,36,0,away,4.0,201.0,-175.0,155.0,2.0,103.0,0.0,2,True
2016,2015-11-04,True,False,phi,mil,87,91,21,24,22,20,0,29,18,21,23,0,home,8.5,194.5,325.0,-400.0,5.0,96.0,0.0,0,True
2016,2015-11-05,True,False,okc,chi,98,104,28,22,23,25,0,25,32,19,28,0,home,1.0,212.5,-105.0,-115.0,2.0,106.0,1.0,0,True
2016,2015-11-05,True,False,mia,min,96,84,22,27,24,23,0,15,24,22,23,0,away,4.5,197.5,-180.0,160.0,1.0,96.0,1.0,0,False
2016,2015-11-05,True,False,cha,dal,108,94,27,27,24,30,0,23,30,14,27,0,home,3.5,200.5,150.0,-170.0,3.0,100.0,0.0,1,False
2016,2015-11-05,True,False,utah,den,96,84,19,21,25,31,0,24,18,22,20,0,away,3.0,191.0,-150.0,130.0,3.0,100.0,1.0,0,False
2016,2015-11-05,True,False,mem,por,96,115,23,23,25,25,0,18,32,40,25,0,away,4.5,193.0,-185.0,165.0,4.5,99.5,0.0,1,True
2016,2015-11-06,True,False,hou,sac,116,110,29,32,24,31,0,23,27,28,32,0,away,4.0,219.5,-200.0,170.0,1.0,110.5,1.0,1,False
2016,2015-11-06,True,False,det,phx,100,92,21,21,25,33,0,14,26,23,29,0,home,4.0,198.5,160.0,-180.0,3.5,97.5,0.0,0,False
2016,2015-11-06,True,False,atl,no,121,115,26,32,31,32,0,28,19,32,36,0,away,2.5,206.0,-140.0,120.0,2.5,105.0,1.0,1,False
2016,2015-11-06,True,False,mia,ind,87,90,26,23,19,19,0,16,33,22,19,0,away,1.0,194.5,-115.0,-105.0,1.0,94.5,0.0,0,True
2016,2015-11-06,True,False,tor,orl,87,92,15,21,33,18,0,21,24,19,28,0,away,6.0,196.5,-240.0,200.0,6.0,96.5,0.0,0,True
2016,2015-11-06,True,False,phi,cle,102,108,25,25,23,29,0,28,21,32,27,0,home,13.5,196.5,950.0,-1650.0,9.5,96.5,0.0,1,True
2016,2015-11-06,True,False,wsh,bos,98,118,25,24,25,24,0,40,32,28,18,0,home,2.0,209.5,105.0,-125.0,6.0,105.0,1.0,1,True
2016,2015-11-06,True,False,lal,bkn,104,98,18,34,27,25,0,27,20,25,26,0,home,3.0,207.5,135.0,-155.0,2.5,104.0,0.0,0,False
2016,2015-11-06,True,False,den,gs,104,119,23,21,31,29,0,40,34,25,20,0,home,17.0,211.0,2000.0,-7000.0,4.0,105.0,0.0,1,True
2016,2015-11-06,True,False,mil,ny,99,92,30,26,19,24,0,20,33,20,19,0,home,1.5,196.0,100.0,-120.0,1.5,98.5,0.0,0,False
2016,2015-11-07,True,False,mem,utah,79,89,19,19,19,22,0,21,30,26,12,0,home,2.5,179.5,125.0,-145.0,3.0,90.5,1.0,0,True
2016,2015-11-07,True,False,no,dal,98,107,21,27,22,28,0,26,16,30,35,0,home,5.5,211.5,190.0,-230.0,4.5,105.5,1.0,0,True
2016,2015-11-07,True,False,gs,sac,103,94,20,26,26,31,0,14,24,30,26,0,away,14.0,221.0,-1750.0,950.0,6.5,108.0,0.0,0,False
2016,2015-11-07,True,False,bkn,mil,86,94,24,20,17,25,0,18,26,23,27,0,home,6.5,192.5,235.0,-285.0,5.0,93.5,1.0,0,True
2016,2015-11-07,True,False,hou,lac,109,105,32,24,27,26,0,32,26,20,27,0,home,5.5,212.0,205.0,-245.0,3.0,105.0,0.0,1,False
2016,2015-11-07,True,False,wsh,atl,99,114,19,26,33,21,0,19,22,34,39,0,home,4.5,206.0,175.0,-205.0,5.0,100.5,1.0,1,True
2016,2015-11-07,True,False,min,chi,102,93,30,28,18,17,9,28,29,20,16,0,home,9.0,201.5,380.0,-475.0,6.5,102.5,0.0,0,False
2016,2015-11-07,True,False,cha,sa,94,114,21,26,29,18,0,29,22,42,21,0,home,9.0,193.5,400.0,-520.0,4.5,95.5,1.0,1,True
2016,2015-11-07,True,False,orl,phi,105,97,25,26,30,24,0,17,27,29,24,0,away,3.0,191.0,-145.0,125.0,6.5,102.5,1.0,1,False
2016,2015-11-08,True,False,lal,ny,95,99,25,24,21,25,0,25,20,26,28,0,home,6.0,212.0,205.0,-245.0,5.5,104.5,0.0,0,True
2016,2015-11-08,True,False,ind,cle,97,101,22,20,31,24,0,24,23,27,27,0,home,8.0,197.0,305.0,-370.0,3.0,99.5,0.0,1,True
2016,2015-11-08,True,False,tor,mia,76,96,24,23,16,13,0,22,22,30,22,0,home,3.0,190.5,130.0,-150.0,2.5,95.0,1.0,0,True
2016,2015-11-08,True,False,phx,okc,103,124,29,25,23,26,0,29,31,29,35,0,home,8.5,212.5,345.0,-425.0,4.0,107.0,1.0,1,True
2016,2015-11-08,True,False,det,por,120,103,23,24,32,41,0,32,25,35,11,0,home,2.0,200.0,110.0,-130.0,3.0,101.0,0.0,1,False
2016,2015-11-09,True,False,chi,phi,111,88,31,21,24,35,0,22,21,19,26,0,away,10.5,198.5,-725.0,525.0,3.0,100.0,1.0,1,False
2016,2015-11-09,True,False,orl,ind,84,97,25,23,23,13,0,25,24,23,25,0,home,4.0,195.0,160.0,-180.0,2.5,97.5,1.0,0,True
2016,2015-11-09,True,False,min,atl,117,107,30,42,21,24,0,19,23,42,23,0,home,8.5,204.0,325.0,-400.0,11.5,102.5,0.0,1,False
2016,2015-11-09,True,False,por,den,104,108,33,25,22,24,0,29,28,22,29,0,away,1.0,206.0,-120.0,100.0,0.5,103.5,0.0,1,True
2016,2015-11-09,True,False,sa,sac,106,88,23,26,23,34,0,24,19,26,19,0,away,7.5,202.5,-340.0,275.0,3.0,104.0,1.0,0,False
2016,2015-11-09,True,False,mem,lac,92,94,26,20,20,26,0,25,21,24,24,0,home,7.0,200.0,230.0,-290.0,4.5,102.0,0.0,0,True
2016,2015-11-09,True,False,det,gs,95,109,15,31,30,19,0,27,28,25,29,0,home,12.5,209.5,800.0,-1300.0,4.5,104.0,1.0,0,True
2016,2015-11-10,True,False,bos,mil,99,83,24,22,30,23,0,24,18,17,24,0,away,2.5,202.5,-140.0,120.0,0.5,104.5,1.0,0,False
2016,2015-11-10,True,False,cha,min,104,95,32,31,22,19,0,31,28,21,15,0,away,3.5,201.5,-165.0,145.0,2.0,101.0,1.0,0,False
2016,2015-11-10,True,False,ny,tor,111,109,24,36,25,26,0,17,35,33,24,0,home,7.5,196.5,250.0,-315.0,7.0,98.5,0.0,1,False
2016,2015-11-10,True,False,dal,no,105,120,22,18,35,30,0,29,29,36,26,0,home,2.5,211.0,125.0,-145.0,4.0,102.5,1.0,1,True
2016,2015-11-10,True,False,utah,cle,114,118,22,26,32,34,0,27,25,28,38,0,home,5.5,187.0,195.0,-235.0,2.5,98.0,0.0,1,True
2016,2015-11-10,True,False,okc,wsh,125,101,37,31,29,28,0,23,27,21,30,0,away,7.0,215.5,-290.0,230.0,2.0,106.0,1.0,1,False
2016,2015-11-10,True,False,lal,mia,88,101,23,26,17,22,0,29,21,25,26,0,home,11.0,199.5,575.0,-800.0,7.0,99.0,1.0,0,True
2016,2015-11-11,True,False,bkn,hou,106,98,22,33,24,27,0,28,21,34,15,0,home,11.5,208.0,700.0,-1000.0,10.5,102.5,0.0,0,False
2016,2015-11-11,True,False,sa,por,113,101,28,30,23,32,0,24,22,29,26,0,away,5.5,205.0,-250.0,210.0,0.5,106.5,1.0,1,False
2016,2015-11-11,True,False,det,sac,92,101,23,26,21,22,0,36,25,25,15,0,away,2.0,205.5,-125.0,105.0,4.5,103.0,0.0,0,True
2016,2015-11-11,True,False,mil,den,102,103,32,32,16,22,0,25,28,34,16,0,home,4.0,193.5,150.0,-170.0,5.0,95.0,0.0,1,True
2016,2015-11-11,True,False,gs,mem,100,84,26,21,27,26,0,15,26,22,21,0,away,7.0,200.0,-330.0,265.0,3.0,99.5,1.0,0,False
2016,2015-11-11,True,False,no,atl,98,106,26,30,19,23,0,24,23,29,30,0,home,13.0,208.5,850.0,-1450.0,12.0,104.0,0.0,0,True
2016,2015-11-11,True,False,lac,dal,108,118,35,19,24,30,0,27,26,31,34,0,away,7.0,211.5,-290.0,230.0,4.5,106.0,0.0,1,True
2016,2015-11-11,True,False,ind,bos,102,91,31,20,30,21,0,23,26,25,17,0,home,3.5,203.0,140.0,-160.0,3.0,106.5,0.0,0,False
2016,2015-11-11,True,False,ny,cha,93,95,27,20,32,14,0,18,31,20,26,0,home,6.5,201.0,215.0,-265.0,3.5,100.0,0.0,0,True
2016,2015-11-11,True,False,tor,phi,119,103,29,34,33,23,0,34,23,20,26,0,away,9.5,196.5,-500.0,400.0,4.0,98.5,1.0,1,False
2016,2015-11-11,True,False,lal,orl,99,101,25,20,25,29,0,26,22,26,27,0,home,8.0,201.5,305.0,-375.0,4.0,100.5,0.0,0,True
2016,2015-11-12,True,False,utah,mia,91,92,22,23,21,25,0,28,18,20,26,0,home,3.5,184.0,145.0,-165.0,2.5,97.0,0.0,0,True
2016,2015-11-12,True,False,gs,min,129,116,40,35,22,32,0,27,36,24,29,0,away,10.0,211.0,-600.0,460.0,2.5,105.5,1.0,1,False
2016,2015-11-12,True,False,lac,phx,104,118,25,24,24,31,0,30,28,35,25,0,home,2.5,205.5,120.0,-140.0,2.0,102.0,1.0,1,True
2016,2015-11-13,True,False,cha,chi,97,102,23,23,29,22,0,23,27,23,29,0,home,6.5,200.0,235.0,-285.0,3.0,97.5,0.0,0,True
2016,2015-11-13,True,False,por,mem,100,101,24,28,18,30,0,23,30,26,22,0,home,6.5,193.5,245.0,-295.0,4.0,96.0,0.0,1,True
2016,2015-11-13,True,False,hou,den,98,107,23,28,23,24,0,30,29,23,25,0,away,6.5,210.5,-270.0,220.0,6.5,103.5,0.0,0,True
2016,2015-11-13,True,False,lal,dal,82,90,24,16,15,27,0,29,19,16,26,0,home,7.5,210.0,280.0,-340.0,1.5,104.5,1.0,0,True
2016,2015-11-13,True,False,bkn,sac,109,111,30,30,22,27,0,23,31,31,26,0,home,6.5,204.5,225.0,-275.0,7.0,101.5,0.0,1,True
2016,2015-11-13,True,False,phi,okc,85,102,24,19,18,24,0,18,30,23,31,0,home,13.0,206.5,960.0,-1360.0,6.5,102.0,1.0,0,True
2016,2015-11-13,True,False,no,tor,81,100,21,19,21,20,0,17,23,32,28,0,home,10.0,205.5,465.0,-615.0,7.0,103.5,1.0,0,True
2016,2015-11-13,True,False,utah,orl,93,102,15,25,23,30,0,33,19,28,22,0,away,1.5,189.5,-120.0,100.0,4.0,99.5,0.0,1,True
2016,2015-11-13,True,False,atl,bos,93,106,26,19,24,24,0,23,22,35,26,0,away,1.5,206.5,-115.0,-105.0,1.5,107.0,0.0,0,True
2016,2015-11-13,True,False,cle,ny,90,84,29,17,20,24,0,23,30,19,12,0,away,7.0,203.5,-290.0,240.0,7.0,101.5,0.0,0,False
2016,2015-11-13,True,False,min,ind,103,107,27,23,23,30,0,24,37,29,17,0,home,7.5,200.0,285.0,-355.0,1.0,99.0,0.0,1,True
2016,2015-11-14,True,False,bkn,gs,99,107,36,18,23,20,2,21,31,18,27,10,home,16.0,207.0,1660.0,-2710.0,12.0,102.5,0.0,0,True
2016,2015-11-14,True,False,phi,sa,83,92,12,27,21,23,0,20,23,33,16,0,home,16.0,193.5,1855.0,-3105.0,8.5,95.5,0.0,0,True
2016,2015-11-14,True,False,cle,mil,105,108,23,21,17,27,17,23,27,20,18,20,away,5.0,194.5,-235.0,200.0,6.0,96.5,0.0,1,True
2016,2015-11-14,True,False,den,phx,81,105,13,15,26,27,0,27,33,28,17,0,home,7.5,205.0,265.0,-325.0,3.5,100.5,1.0,0,True
2016,2015-11-14,True,False,orl,wsh,99,108,27,29,20,23,0,29,21,29,29,0,home,5.5,203.5,195.0,-230.0,4.5,101.5,1.0,1,True
2016,2015-11-14,True,False,det,lac,96,101,28,32,20,16,0,25,26,30,20,0,home,2.5,196.5,120.0,-140.0,3.5,98.0,1.0,1,True
2016,2015-11-14,True,False,dal,hou,110,98,32,25,25,28,0,20,14,33,31,0,home,7.5,208.0,280.0,-350.0,10.0,102.0,0.0,2,False
2016,2015-11-15,True,False,mem,min,114,106,22,33,26,33,0,23,26,30,27,0,away,4.5,192.5,-185.0,160.0,1.0,96.0,1.0,1,False
2016,2015-11-15,True,False,por,cha,94,106,27,18,21,28,0,35,36,18,17,0,home,4.5,206.0,165.0,-190.0,4.0,101.0,1.0,0,True
2016,2015-11-15,True,False,utah,atl,97,96,27,20,27,23,0,24,28,22,22,0,home,3.0,191.5,135.0,-155.0,0.0,100.5,0.0,1,False
2016,2015-11-15,True,False,bos,okc,100,85,24,21,27,28,0,24,28,22,11,0,home,5.5,211.5,190.0,-225.0,1.0,110.0,0.0,0,False
2016,2015-11-15,True,False,tor,sac,101,107,23,28,31,19,0,22,31,26,28,0,away,2.0,208.5,-125.0,105.0,1.0,104.0,0.0,0,True
2016,2015-11-15,True,False,det,lal,85,97,18,26,22,19,0,21,27,18,31,0,away,4.5,201.0,-195.0,170.0,5.0,100.0,0.0,0,True
2016,2015-11-15,True,False,no,ny,87,95,27,17,21,22,0,23,19,26,27,0,home,1.5,203.5,105.0,-125.0,1.0,101.5,1.0,0,True
2016,2015-11-16,True,False,okc,mem,114,122,25,27,28,34,0,27,31,21,43,0,home,2.5,197.5,120.0,-140.0,0.5,97.5,1.0,1,True
2016,2015-11-16,True,False,lal,phx,101,120,22,31,22,26,0,26,31,23,40,0,home,11.0,205.0,610.0,-810.0,6.0,102.0,1.0,1,True
2016,2015-11-16,True,False,por,sa,80,93,13,15,32,20,0,17,19,29,28,0,home,12.0,200.5,735.0,-1035.0,4.5,98.5,1.0,0,True
2016,2015-11-16,True,False,bos,hou,111,95,24,31,32,24,0,28,27,13,27,0,home,5.0,206.0,175.0,-205.0,3.5,105.5,0.0,2,False
2016,2015-11-16,True,False,dal,phi,92,86,28,21,19,24,0,15,29,21,21,0,away,8.0,203.0,-405.0,325.0,3.5,100.0,0.0,0,False
2016,2015-11-16,True,False,ind,chi,95,96,21,24,30,20,0,31,22,26,17,0,home,6.5,197.0,230.0,-280.0,1.5,101.5,0.0,0,True
2016,2015-11-17,True,False,mil,wsh,86,115,29,17,20,20,0,27,37,21,30,0,home,3.5,197.0,140.0,-160.0,3.5,95.5,1.0,1,True
2016,2015-11-17,True,False,atl,bkn,88,90,19,27,22,20,0,17,28,27,18,0,away,4.5,198.0,-190.0,165.0,3.0,101.5,0.0,0,True
2016,2015-11-17,True,False,min,mia,103,91,20,25,17,41,0,25,25,19,22,0,home,8.5,199.5,330.0,-410.0,4.0,100.0,0.0,0,False
2016,2015-11-17,True,False,cle,det,99,104,27,29,25,18,0,31,24,20,29,0,away,4.5,195.5,-190.0,165.0,3.5,98.0,0.0,1,True
2016,2015-11-17,True,False,cha,ny,94,102,21,27,24,22,0,26,20,34,22,0,home,1.0,196.0,-110.0,-110.0,0.0,96.0,1.0,2,True
2016,2015-11-17,True,False,den,no,115,98,31,20,32,32,0,21,32,22,23,0,home,6.0,207.5,205.0,-245.0,0.5,102.0,0.0,1,False
2016,2015-11-17,True,False,tor,gs,110,115,25,22,36,27,0,29,34,27,25,0,home,9.5,208.5,410.0,-535.0,0.5,103.0,0.0,1,True
2016,2015-11-18,True,False,tor,utah,89,93,19,26,19,25,0,24,18,17,34,0,home,4.5,191.0,160.0,-180.0,4.5,96.0,0.0,0,True
2016,2015-11-18,True,False,den,sa,98,109,24,34,21,19,0,31,34,28,16,0,home,13.5,198.0,925.0,-1325.0,5.5,98.5,0.0,1,True
2016,2015-11-18,True,False,sac,atl,97,103,30,22,27,18,0,27,35,19,22,0,home,2.5,209.0,125.0,-145.0,2.0,105.0,1.0,0,True
2016,2015-11-18,True,False,por,hou,103,108,21,25,30,23,4,22,13,26,38,9,home,7.0,210.0,240.0,-290.0,6.5,103.0,0.0,1,True
2016,2015-11-18,True,False,ind,phi,112,85,23,29,32,28,0,18,20,24,23,0,away,6.0,190.5,-265.0,215.0,1.5,97.5,1.0,1,False
2016,2015-11-18,True,False,dal,bos,106,102,16,29,25,36,0,31,23,24,24,0,home,5.0,208.0,175.0,-205.0,0.5,104.5,0.0,2,False
2016,2015-11-18,True,False,bkn,cha,111,116,32,24,30,25,0,32,20,34,30,0,home,6.5,193.5,235.0,-285.0,5.5,97.5,0.0,1,True
2016,2015-11-18,True,False,min,orl,101,104,25,27,24,17,8,17,21,33,22,11,home,5.0,204.0,175.0,-205.0,6.5,102.0,0.0,1,True
2016,2015-11-18,True,False,chi,phx,103,97,31,22,19,31,0,18,29,23,27,0,home,3.0,203.0,135.0,-155.0,3.5,104.0,0.0,0,False
2016,2015-11-18,True,False,no,okc,103,110,27,18,29,29,0,21,32,27,30,0,home,12.0,212.5,740.0,-1040.0,4.5,106.5,0.0,1,True
2016,2015-11-19,True,False,gs,lac,124,117,25,29,31,39,0,41,27,23,26,0,away,5.5,213.5,-220.0,185.0,7.5,107.0,1.0,1,False
2016,2015-11-19,True,False,sac,mia,109,116,21,25,30,33,0,25,31,26,34,0,home,10.0,203.0,435.0,-560.0,2.5,100.0,0.0,1,True
2016,2015-11-19,True,False,mil,cle,100,115,23,25,31,21,0,28,35,23,29,0,home,10.0,192.5,530.0,-680.0,1.0,94.0,1.0,1,True
2016,2015-11-20,True,False,tor,lal,102,91,27,22,27,26,0,21,29,18,23,0,away,6.5,203.5,-285.0,235.0,5.5,103.0,1.0,0,False
2016,2015-11-20,True,False,lac,por,91,102,23,24,26,18,0,23,25,27,27,0,away,4.0,210.0,-180.0,155.0,3.5,105.5,0.0,0,True
2016,2015-11-20,True,False,phx,den,114,107,17,32,31,34,0,29,34,21,23,0,away,3.0,206.5,-150.0,130.0,6.0,101.5,1.0,1,False
2016,2015-11-20,True,False,utah,dal,93,102,26,17,28,22,0,21,35,24,22,0,home,1.5,196.0,105.0,-125.0,3.5,101.0,1.0,0,True
2016,2015-11-20,True,False,hou,mem,84,96,19,26,25,14,0,23,36,20,17,0,home,2.5,200.0,125.0,-145.0,3.5,98.0,1.0,0,True
2016,2015-11-20,True,False,chi,gs,94,106,29,18,26,21,0,28,22,27,29,0,home,9.0,208.0,381.0,-481.0,5.0,105.5,1.0,0,True
2016,2015-11-20,True,False,ny,okc,93,90,25,23,25,20,0,20,24,18,28,0,home,6.5,206.5,220.0,-270.0,6.5,104.0,0.0,0,False
2016,2015-11-20,True,False,det,min,96,86,22,16,30,28,0,26,18,21,21,0,away,2.5,202.5,-135.0,115.0,3.0,99.5,1.0,0,False
2016,2015-11-20,True,False,bkn,bos,95,120,19,23,25,28,0,23,43,25,29,0,home,9.0,204.0,355.0,-445.0,1.5,101.5,1.0,1,True
2016,2015-11-20,True,False,phi,cha,88,113,19,22,29,18,0,30,32,23,28,0,home,11.0,198.0,550.0,-725.0,1.0,97.5,1.0,1,True
2016,2015-11-20,True,False,sa,no,90,104,20,21,33,16,0,22,26,30,26,0,away,7.0,201.0,-325.0,265.0,6.0,106.0,0.0,0,True
2016,2015-11-21,True,False,sac,orl,97,91,27,26,30,14,0,22,25,20,24,0,home,3.0,209.0,130.0,-150.0,3.0,106.0,0.0,0,False
2016,2015-11-21,True,False,mil,ind,86,123,25,26,16,19,0,28,27,35,33,0,home,4.5,192.5,175.0,-205.0,1.5,95.5,1.0,1,True
2016,2015-11-21,True,False,atl,cle,97,109,19,23,22,33,0,27,30,20,32,0,home,5.5,198.5,195.0,-230.0,1.5,102.0,1.0,1,True
2016,2015-11-21,True,False,phi,mia,91,96,28,19,27,17,0,16,16,35,29,0,home,12.5,194.0,865.0,-1215.0,12.0,97.5,0.0,0,True
2016,2015-11-21,True,False,wsh,det,97,95,30,22,23,22,0,24,28,21,22,0,home,0.0,206.5,-105.0,-115.0,1.0,101.5,0.0,0,False
2016,2015-11-21,True,False,ny,hou,107,102,24,34,21,28,0,26,27,24,25,0,home,4.5,202.0,165.0,-190.0,4.0,99.5,0.0,1,False
2016,2015-11-21,True,False,mem,sa,82,92,19,20,22,21,0,24,29,21,18,0,home,8.0,190.0,290.0,-360.0,0.5,95.5,1.0,0,True
2016,2015-11-22,True,False,gs,den,118,105,34,30,27,27,0,23,35,21,26,0,away,12.5,210.0,-1050.0,750.0,6.0,103.0,1.0,1,False
2016,2015-11-22,True,False,por,lal,107,93,32,24,28,23,0,23,29,22,19,0,away,2.5,204.5,-150.0,130.0,0.5,101.5,1.0,0,False
2016,2015-11-22,True,False,dal,okc,114,117,25,27,33,29,0,31,29,27,30,0,home,3.5,208.5,135.0,-155.0,1.0,104.5,0.0,1,True
2016,2015-11-22,True,False,bos,bkn,101,111,19,23,36,23,0,24,35,27,25,0,away,5.5,201.0,-215.0,185.0,7.5,102.0,0.0,1,True
2016,2015-11-22,True,False,phx,no,116,122,21,34,30,31,0,27,29,36,30,0,home,1.0,210.5,-105.0,-115.0,0.5,106.0,1.0,1,True
2016,2015-11-22,True,False,tor,lac,91,80,33,30,8,20,0,23,11,21,25,0,home,6.5,203.5,230.0,-280.0,10.5,102.0,0.0,0,False
2016,2015-11-23,True,False,orl,cle,103,117,27,28,21,27,0,29,30,33,25,0,home,8.0,199.5,350.0,-420.0,3.5,100.0,1.0,1,True
2016,2015-11-23,True,False,sac,cha,122,127,30,30,31,21,10,33,27,14,38,15,home,3.5,210.5,145.0,-165.0,2.5,107.0,1.0,1,True
2016,2015-11-23,True,False,ny,mia,78,95,19,11,26,22,0,26,26,21,22,0,home,5.0,189.5,185.0,-215.0,3.5,92.0,1.0,0,True
2016,2015-11-23,True,False,phi,min,95,100,26,26,21,22,0,19,27,28,26,0,home,7.0,200.0,270.0,-330.0,6.5,99.5,0.0,0,True
2016,2015-11-23,True,False,det,mil,88,109,26,22,14,26,0,25,33,30,21,0,away,2.5,190.5,-145.0,125.0,5.0,93.5,0.0,1,True
2016,2015-11-23,True,False,phx,sa,84,98,17,17,26,24,0,20,24,23,31,0,home,10.0,196.5,425.0,-550.0,2.0,99.0,1.0,0,True
2016,2015-11-23,True,False,okc,utah,111,89,23,40,25,23,0,20,26,22,21,0,home,2.0,201.0,110.0,-130.0,5.5,101.0,0.0,0,False
2016,2015-11-24,True,False,lal,gs,77,111,11,27,17,22,0,30,24,35,22,0,home,17.0,215.0,2000.0,-9900.0,5.5,106.0,1.0,0,True
2016,2015-11-24,True,False,chi,por,93,88,29,19,23,22,0,22,17,24,25,0,away,2.5,201.5,-140.0,120.0,1.5,103.0,1.0,0,False
2016,2015-11-24,True,False,lac,den,111,94,25,26,32,28,0,26,19,27,22,0,away,7.0,206.0,-300.0,250.0,2.5,101.5,1.0,0,False
2016,2015-11-24,True,False,bos,atl,97,121,28,20,25,24,0,33,24,24,40,0,home,2.5,205.0,125.0,-145.0,2.0,106.0,1.0,1,True
2016,2015-11-24,True,False,ind,wsh,123,106,33,29,31,30,0,31,30,21,24,0,home,3.0,207.0,135.0,-155.0,3.5,105.0,0.0,1,False
2016,2015-11-24,True,False,dal,mem,96,110,17,19,24,36,0,21,25,36,28,0,home,2.5,196.0,120.0,-140.0,2.5,96.5,1.0,1,True
2016,2015-11-25,True,False,bkn,okc,99,110,26,26,24,23,0,25,31,27,27,0,home,12.5,210.5,750.0,-1200.0,6.5,103.5,0.0,0,True
2016,2015-11-25,True,False,utah,lac,102,91,21,24,28,29,0,23,22,23,23,0,home,4.5,197.0,180.0,-210.0,4.0,102.5,0.0,0,False
2016,2015-11-25,True,False,no,phx,120,114,25,33,30,32,0,39,21,25,29,0,home,4.0,211.5,160.0,-180.0,2.0,107.0,0.0,1,False
2016,2015-11-25,True,False,dal,sa,83,88,18,21,21,23,0,24,22,17,25,0,home,9.5,197.0,450.0,-600.0,4.0,100.5,0.0,0,True
2016,2015-11-25,True,False,atl,min,95,99,23,25,26,21,0,27,23,20,29,0,away,3.0,207.0,-155.0,135.0,3.5,106.5,0.0,0,True
2016,2015-11-25,True,False,mem,hou,102,93,28,28,26,20,0,24,29,24,16,0,home,4.5,198.0,160.0,-180.0,4.5,100.0,0.0,0,False
2016,2015-11-25,True,False,wsh,cha,87,101,24,30,27,6,0,28,30,16,27,0,home,3.5,210.0,145.0,-165.0,1.5,102.0,1.0,0,True
2016,2015-11-25,True,False,cle,tor,99,103,25,24,31,19,0,25,24,33,21,0,away,3.0,200.5,-150.0,130.0,2.5,99.5,0.0,1,True
2016,2015-11-25,True,False,mia,det,81,104,19,24,19,19,0,25,35,23,21,0,home,1.5,187.5,105.0,-125.0,4.5,93.0,1.0,0,True
2016,2015-11-25,True,False,phi,bos,80,84,24,23,15,18,0,26,14,17,27,0,home,11.5,201.0,650.0,-1000.0,11.0,103.0,0.0,0,True
2016,2015-11-25,True,False,sac,mil,129,118,40,29,27,33,0,33,33,26,26,0,home,5.0,210.0,170.0,-190.0,4.0,104.0,0.0,1,False
2016,2015-11-25,True,False,ny,orl,91,100,17,18,28,28,0,20,26,26,28,0,home,1.5,195.0,105.0,-125.0,3.0,96.0,1.0,0,True
2016,2015-11-27,True,False,no,lac,90,111,18,24,30,18,0,28,35,27,21,0,home,6.5,212.5,240.0,-280.0,3.0,104.5,1.0,0,True
2016,2015-11-27,True,False,min,sac,101,91,29,24,22,26,0,28,19,21,23,0,home,3.0,217.5,130.0,-150.0,3.0,106.0,0.0,0,False
2016,2015-11-27,True,False,gs,phx,135,116,44,31,28,32,0,27,30,24,35,0,away,8.5,216.5,-430.0,360.0,0.5,108.0,1.0,1,False
2016,2015-11-27,True,False,sa,den,91,80,16,30,24,21,0,16,26,17,21,0,away,7.5,194.5,-340.0,280.0,3.5,100.5,1.0,0,False
2016,2015-11-27,True,False,chi,ind,92,104,18,24,21,29,0,30,21,21,32,0,home,4.0,199.5,155.0,-175.0,1.0,101.0,1.0,0,True
2016,2015-11-27,True,False,det,okc,87,103,31,24,16,16,0,29,19,28,27,0,home,8.0,207.5,310.0,-370.0,6.5,104.5,1.0,0,True
2016,2015-11-27,True,False,phi,hou,114,116,19,30,31,34,0,30,26,35,25,0,home,11.0,199.0,550.0,-800.0,3.5,100.0,0.0,1,True
2016,2015-11-27,True,False,wsh,bos,78,111,18,18,20,22,0,29,25,25,32,0,home,3.0,209.0,130.0,-150.0,3.5,104.5,1.0,0,True
2016,2015-11-27,True,False,mia,ny,97,78,26,24,24,23,0,27,22,14,15,0,away,1.5,187.0,-125.0,105.0,0.5,93.0,1.0,0,False
2016,2015-11-27,True,False,cle,cha,95,90,23,27,22,23,0,22,30,24,14,0,away,4.0,203.0,-180.0,160.0,4.5,100.5,1.0,0,False
2016,2015-11-27,True,False,mil,orl,90,114,22,21,22,25,0,22,27,37,28,0,home,3.5,199.0,145.0,-165.0,0.0,97.5,1.0,1,True
2016,2015-11-27,True,False,atl,mem,116,101,29,24,32,31,0,36,22,24,19,0,home,3.0,196.0,135.0,-155.0,0.0,100.5,0.0,1,False
2016,2015-11-28,True,False,lal,por,96,108,21,25,30,20,0,34,26,24,24,0,home,8.5,201.0,350.0,-420.0,0.5,100.0,1.0,1,True
2016,2015-11-28,True,False,sac,gs,101,120,29,17,25,30,0,30,26,36,28,0,home,16.5,219.5,1500.0,-5000.0,6.5,108.5,1.0,1,True
2016,2015-11-28,True,False,no,utah,87,101,16,23,21,27,0,23,25,28,25,0,home,5.5,196.5,200.0,-240.0,0.5,97.5,1.0,0,True
2016,2015-11-28,True,False,tor,wsh,84,82,16,23,23,22,0,23,22,23,14,0,away,3.5,200.5,-165.0,145.0,4.0,99.0,0.0,0,False
2016,2015-11-28,True,False,atl,sa,88,108,25,12,22,29,0,23,31,26,28,0,home,7.0,193.0,270.0,-330.0,1.0,99.5,1.0,1,True
2016,2015-11-28,True,False,bkn,cle,88,90,24,26,18,20,0,17,27,25,21,0,home,9.0,200.0,425.0,-550.0,9.0,100.0,0.0,0,True
2016,2015-11-28,True,False,den,dal,81,92,25,27,5,24,0,22,26,25,19,0,home,8.5,205.0,360.0,-430.0,7.5,102.5,1.0,0,True
2016,2015-11-29,True,False,mil,cha,82,87,28,9,22,23,0,22,23,20,22,0,home,6.5,201.5,240.0,-280.0,0.0,97.5,0.0,0,True
2016,2015-11-29,True,False,min,lac,99,107,19,18,24,38,0,23,25,23,36,0,home,10.0,206.0,475.0,-650.0,2.5,102.0,0.0,2,True
2016,2015-11-29,True,False,phx,tor,107,102,21,32,28,26,0,18,31,23,30,0,home,3.0,202.0,145.0,-165.0,2.5,104.0,0.0,1,False
2016,2015-11-29,True,False,det,bkn,83,87,22,19,26,16,0,18,17,24,28,0,away,5.0,194.0,-200.0,175.0,1.0,96.5,0.0,0,True
2016,2015-11-29,True,False,phi,mem,84,92,13,18,36,17,0,21,16,27,28,0,home,13.0,193.5,900.0,-1600.0,6.0,95.5,0.0,0,True
2016,2015-11-29,True,False,bos,orl,91,110,20,25,22,24,0,21,32,31,26,0,away,2.0,201.0,-135.0,115.0,3.0,106.0,0.0,2,True
2016,2015-11-29,True,False,hou,ny,116,111,21,20,28,32,15,25,29,23,24,10,away,4.0,198.0,-180.0,160.0,5.5,97.5,1.0,1,False
2016,2015-11-29,True,False,ind,lal,107,103,28,20,32,27,0,12,23,30,38,0,away,10.0,201.5,-650.0,475.0,1.5,101.5,0.0,1,False
2016,2015-11-30,True,False,gs,utah,106,103,26,27,30,23,0,20,28,29,26,0,away,7.0,201.5,-360.0,300.0,3.5,99.5,0.0,1,False
2016,2015-11-30,True,False,por,lac,87,102,18,31,15,23,0,29,20,25,28,0,home,7.0,205.5,270.0,-330.0,5.0,102.0,1.0,0,True
2016,2015-11-30,True,False,okc,atl,100,106,21,31,22,26,0,31,22,26,27,0,away,3.0,213.5,-155.0,135.0,3.5,106.5,0.0,0,True
2016,2015-11-30,True,False,dal,sac,98,112,32,26,13,27,0,23,31,22,36,0,home,2.0,214.5,115.0,-135.0,1.0,108.0,1.0,0,True
2016,2015-11-30,True,False,sa,chi,89,92,23,25,25,16,0,17,32,21,22,0,away,4.5,189.0,-190.0,170.0,4.0,99.0,0.0,0,True
2016,2015-11-30,True,False,hou,det,105,116,21,20,32,32,0,29,35,20,32,0,home,4.0,198.0,160.0,-180.0,4.0,96.0,1.0,1,True
2016,2015-11-30,True,False,bos,mia,105,95,32,25,24,24,0,23,28,24,20,0,home,4.0,192.0,155.0,-175.0,4.0,98.5,0.0,1,False
2016,2015-11-30,True,False,den,mil,74,92,23,21,16,14,0,28,18,21,25,0,home,3.5,199.0,150.0,-170.0,2.0,97.0,1.0,0,True
2016,2015-12-01,True,False,dal,por,115,112,27,23,24,22,19,18,34,21,23,16,home,1.5,201.0,105.0,-125.0,0.5,102.0,0.0,1,False
2016,2015-12-01,True,False,orl,min,96,93,21,33,22,20,0,14,27,26,26,0,home,1.0,203.0,100.0,-120.0,5.0,102.0,0.0,0,False
2016,2015-12-01,True,False,mem,no,113,104,27,37,27,22,0,38,27,20,19,0,home,1.0,201.5,100.0,-120.0,0.0,103.0,0.0,1,False
2016,2015-12-01,True,False,wsh,cle,97,85,27,27,26,17,0,24,19,24,18,0,home,8.5,204.5,425.0,-550.0,8.0,102.0,0.0,0,False
2016,2015-12-01,True,False,lal,phi,91,103,33,25,17,16,0,26,24,30,23,0,home,2.0,195.0,110.0,-130.0,3.5,98.5,1.0,0,True
2016,2015-12-01,True,False,phx,bkn,91,94,20,22,31,18,0,25,26,19,24,0,away,4.0,208.0,-180.0,160.0,5.0,105.5,0.0,0,True
2016,2015-12-02,True,False,ind,lac,103,91,29,18,25,31,0,29,21,19,22,0,away,2.0,202.0,-135.0,115.0,2.5,103.5,1.0,0,False
2016,2015-12-02,True,False,tor,atl,96,86,16,16,25,39,0,18,28,20,20,0,home,4.0,196.5,150.0,-170.0,2.0,96.5,0.0,0,False
2016,2015-12-02,True,False,no,hou,101,108,29,21,32,19,0,17,31,36,24,0,home,3.5,215.5,145.0,-165.0,3.5,107.5,1.0,0,True
2016,2015-12-02,True,False,den,chi,90,99,21,25,26,18,0,28,23,17,31,0,home,9.5,197.0,425.0,-550.0,4.5,97.0,0.0,0,True
2016,2015-12-02,True,False,mil,sa,70,95,21,17,17,15,0,28,20,28,19,0,home,12.0,187.0,700.0,-1100.0,4.0,92.5,1.0,0,True
2016,2015-12-02,True,False,phx,det,122,127,26,31,32,23,10,30,27,23,32,15,home,3.5,203.5,150.0,-170.0,2.5,103.5,1.0,1,True
2016,2015-12-02,True,False,gs,cha,116,99,32,28,33,23,0,23,28,21,27,0,away,9.0,208.5,-500.0,400.0,3.0,102.5,1.0,1,False
2016,2015-12-02,True,False,lal,wsh,108,104,34,23,21,30,0,22,29,24,29,0,home,10.0,203.5,475.0,-650.0,9.5,102.0,0.0,1,False
2016,2015-12-02,True,False,phi,ny,87,99,21,18,19,29,0,27,27,27,18,0,home,8.5,191.0,350.0,-420.0,0.5,94.5,1.0,0,True
2016,2015-12-03,True,False,okc,mia,95,97,28,23,25,19,0,23,27,24,23,0,away,4.0,203.5,-180.0,160.0,2.5,101.5,0.0,0,True
2016,2015-12-03,True,False,den,tor,106,105,29,27,25,25,0,19,23,29,34,0,home,10.0,190.0,500.0,-700.0,10.0,95.5,0.0,1,False
2016,2015-12-03,True,False,orl,utah,103,94,29,25,23,26,0,25,32,21,16,0,home,4.0,192.5,155.0,-175.0,1.0,96.5,0.0,1,False
2016,2015-12-03,True,False,sa,mem,103,83,20,25,29,29,0,21,15,21,26,0,away,3.5,183.0,-160.0,140.0,1.0,95.0,1.0,1,False
2016,2015-12-03,True,False,bos,sac,114,97,32,19,39,24,0,17,19,32,29,0,away,2.5,216.5,-140.0,120.0,3.5,110.0,1.0,0,False
2016,2015-12-03,True,False,ind,por,111,123,31,28,31,21,0,28,28,41,26,0,away,2.5,202.5,-140.0,120.0,1.0,106.0,0.0,1,True
2016,2015-12-04,True,False,cle,no,108,114,27,26,24,28,3,21,31,32,21,9,away,4.5,208.5,-200.0,175.0,2.5,103.5,0.0,1,True
2016,2015-12-04,True,False,hou,dal,100,96,26,31,21,22,0,28,25,25,18,0,home,5.0,211.5,190.0,-220.0,3.5,104.5,0.0,0,False
2016,2015-12-04,True,False,lal,atl,87,100,19,17,30,21,0,23,29,20,28,0,home,11.0,206.5,600.0,-900.0,2.0,102.0,1.0,0,True
2016,2015-12-04,True,False,phx,wsh,106,109,31,29,25,21,0,22,29,27,31,0,away,2.5,214.5,-145.0,125.0,1.0,106.0,0.0,1,True
2016,2015-12-04,True,False,bkn,ny,91,108,21,21,25,24,0,42,23,27,16,0,home,3.5,192.5,145.0,-165.0,4.0,96.0,1.0,1,True
2016,2015-12-04,True,False,mil,det,95,102,16,24,19,36,0,17,34,16,35,0,home,6.5,192.0,230.0,-270.0,0.0,93.5,1.0,1,True
2016,2015-12-05,True,False,bos,sa,105,108,27,22,22,34,0,29,29,28,22,0,home,8.5,192.0,390.0,-480.0,2.0,101.0,0.0,1,True
2016,2015-12-05,True,False,orl,lac,101,103,24,26,29,22,0,22,31,21,29,0,home,2.0,198.0,115.0,-135.0,0.0,99.0,2.0,1,True
2016,2015-12-05,True,False,ind,utah,119,122,19,33,32,26,9,27,30,27,26,12,away,2.0,196.0,-130.0,110.0,2.0,101.5,0.0,1,True
2016,2015-12-05,True,False,cha,chi,102,96,26,26,20,30,0,22,28,25,21,0,home,5.5,195.5,200.0,-240.0,5.0,95.0,0.0,1,False
2016,2015-12-05,True,False,ny,mil,91,106,24,24,21,22,0,29,23,29,25,0,away,2.5,188.5,-140.0,120.0,1.5,94.5,0.0,1,True
2016,2015-12-05,True,False,por,min,109,103,22,24,34,29,0,32,27,23,21,0,home,1.5,204.0,105.0,-125.0,3.5,100.0,0.0,1,False
2016,2015-12-05,True,False,cle,mia,84,99,22,20,22,20,0,34,26,23,16,0,home,5.0,188.0,180.0,-210.0,2.5,92.5,1.0,0,True
2016,2015-12-05,True,False,gs,tor,112,109,32,27,24,29,0,21,28,30,30,0,away,7.5,210.0,-350.0,290.0,1.0,104.5,0.0,1,False
2016,2015-12-05,True,False,den,phi,108,105,29,23,25,31,0,25,34,26,20,0,away,3.0,193.5,-155.0,135.0,3.5,95.5,2.0,1,False
2016,2015-12-05,True,False,sac,hou,113,120,16,34,35,28,0,29,23,32,36,0,home,3.0,218.0,135.0,-155.0,1.5,108.5,1.0,1,True
2016,2015-12-06,True,False,sac,okc,95,98,25,23,16,31,0,28,23,25,22,0,home,11.5,222.0,650.0,-1000.0,6.5,110.5,0.0,0,True
2016,2015-12-06,True,False,phx,mem,93,95,16,25,27,25,0,20,23,24,28,0,home,5.5,203.0,200.0,-240.0,3.0,103.5,0.0,0,True
2016,2015-12-06,True,False,lal,det,91,111,19,23,23,26,0,32,33,25,21,0,home,9.0,199.5,425.0,-550.0,0.5,97.5,1.0,1,True
2016,2015-12-06,True,False,gs,bkn,114,98,30,27,30,27,0,16,38,26,18,0,away,11.0,209.5,-900.0,600.0,6.5,103.5,1.0,1,False
2016,2015-12-06,True,False,dal,wsh,116,104,29,26,32,29,0,28,30,26,20,0,away,2.0,208.0,-135.0,115.0,2.0,104.0,1.0,1,False
2016,2015-12-07,True,False,lac,min,110,106,29,21,21,39,0,25,27,25,29,0,away,4.0,205.5,-180.0,160.0,4.0,103.5,2.0,1,False
2016,2015-12-07,True,False,phx,chi,103,101,27,24,10,42,0,30,21,26,24,0,home,7.0,204.0,265.0,-320.0,5.0,104.0,0.0,2,False
2016,2015-12-07,True,False,por,mil,88,90,16,17,29,26,0,25,17,18,30,0,away,2.0,199.5,-130.0,110.0,3.5,98.5,0.0,0,True
2016,2015-12-07,True,False,bos,no,111,93,25,28,28,30,0,25,19,23,26,0,away,1.5,211.0,-125.0,105.0,2.0,108.0,1.0,0,False
2016,2015-12-07,True,False,sa,phi,119,68,33,32,31,23,0,17,12,23,16,0,away,10.5,190.5,-650.0,475.0,3.0,98.5,1.0,0,False
2016,2015-12-07,True,False,lal,tor,93,102,22,20,29,22,0,25,27,19,31,0,home,11.5,198.5,625.0,-950.0,3.5,100.0,0.0,0,True
2016,2015-12-07,True,False,dal,ny,104,97,34,29,25,16,0,28,22,22,25,0,home,0.0,198.0,-110.0,-110.0,3.5,99.5,0.0,1,False
2016,2015-12-07,True,False,det,cha,84,104,20,31,19,14,0,28,34,26,16,0,home,2.0,198.0,115.0,-135.0,2.5,97.5,1.0,0,True
2016,2015-12-07,True,False,wsh,mia,114,103,29,31,27,27,0,19,36,29,19,0,home,8.0,197.5,320.0,-380.0,7.5,97.5,0.0,1,False
2016,2015-12-08,True,False,gs,ind,131,123,44,35,32,20,0,28,32,23,40,0,away,5.5,215.0,-250.0,210.0,2.5,106.0,1.0,1,False
2016,2015-12-08,True,False,por,cle,100,105,25,31,19,25,0,17,30,30,28,0,home,9.0,199.5,425.0,-550.0,9.5,102.0,0.0,1,True
2016,2015-12-08,True,False,hou,bkn,105,110,24,22,26,33,0,31,26,23,30,0,away,5.0,206.5,-215.0,185.0,6.0,102.5,0.0,1,True
2016,2015-12-08,True,False,okc,mem,125,88,28,31,39,27,0,25,22,16,25,0,away,2.0,201.5,-130.0,110.0,3.0,100.5,1.0,1,False
2016,2015-12-08,True,False,orl,den,85,74,26,14,22,23,0,26,21,16,11,0,away,4.0,198.5,-170.0,150.0,4.0,99.5,1.0,0,False
2016,2015-12-08,True,False,utah,sac,106,114,22,26,32,26,0,33,21,32,28,0,home,3.0,205.5,130.0,-150.0,1.0,105.0,1.0,1,True
2016,2015-12-09,True,False,atl,dal,98,95,22,27,27,22,0,23,21,28,23,0,away,2.0,201.5,-130.0,110.0,0.0,103.5,1.0,0,False
2016,2015-12-09,True,False,ny,utah,85,106,11,24,24,26,0,29,31,22,24,0,home,2.5,192.5,125.0,-145.0,5.5,95.5,1.0,0,True
2016,2015-12-09,True,False,lac,mil,109,95,25,22,28,34,0,26,22,20,27,0,away,5.0,200.0,-220.0,190.0,4.5,99.0,1.0,1,False
2016,2015-12-09,True,False,lal,min,122,123,32,25,24,33,8,35,24,25,30,9,home,7.5,204.5,270.0,-330.0,4.5,101.5,0.0,1,True
2016,2015-12-09,True,False,orl,phx,104,107,24,23,26,31,0,21,28,35,23,0,home,4.5,206.0,175.0,-200.0,2.5,103.5,0.0,1,True
2016,2015-12-09,True,False,sa,tor,94,97,21,25,16,32,0,27,26,20,24,0,away,6.0,187.5,-260.0,220.0,5.5,100.0,0.0,1,True
2016,2015-12-09,True,False,hou,wsh,109,103,30,26,26,27,0,17,30,36,20,0,home,4.0,214.5,165.0,-185.0,4.5,105.0,0.0,0,False
2016,2015-12-09,True,False,chi,bos,100,105,24,30,21,25,0,24,27,24,30,0,home,3.5,200.0,145.0,-165.0,3.5,104.5,1.0,1,True
2016,2015-12-09,True,False,mia,cha,81,99,17,19,18,27,0,27,29,24,19,0,away,1.0,192.0,-120.0,100.0,5.5,93.0,0.0,0,True
2016,2015-12-09,True,False,mem,det,93,92,24,19,24,26,0,17,30,27,18,0,home,4.5,194.0,160.0,-180.0,1.5,97.5,0.0,0,False
2016,2015-12-10,True,False,phi,bkn,91,100,13,31,30,17,0,24,28,18,30,0,home,6.0,199.5,230.0,-270.0,1.0,101.0,1.0,0,True
2016,2015-12-10,True,False,atl,okc,94,107,28,21,26,19,0,35,25,23,24,0,home,7.5,210.0,290.0,-350.0,0.5,107.5,1.0,0,True
2016,2015-12-10,True,False,lac,chi,80,83,24,11,19,26,0,23,21,20,19,0,away,1.5,203.0,-125.0,105.0,3.5,101.5,0.0,0,True
2016,2015-12-10,True,False,ny,sac,97,99,16,23,26,32,0,24,22,30,23,0,home,6.0,210.0,210.0,-250.0,1.0,104.5,0.0,0,True
2016,2015-12-11,True,False,lal,sa,87,109,27,22,22,16,0,31,20,28,30,0,home,15.5,194.0,1400.0,-4000.0,8.5,98.5,1.0,1,True
2016,2015-12-11,True,False,min,den,108,111,29,27,22,22,8,23,18,32,27,11,home,0.0,202.0,-110.0,-110.0,4.0,98.5,1.0,1,True
2016,2015-12-11,True,False,okc,utah,94,90,27,25,20,22,0,15,29,23,23,0,away,3.5,204.0,-165.0,145.0,0.0,100.0,1.0,0,False
2016,2015-12-11,True,False,cha,mem,123,99,29,30,34,30,0,35,19,19,26,0,home,2.0,193.0,115.0,-135.0,2.0,96.0,0.0,1,False
2016,2015-12-11,True,False,wsh,no,105,107,27,27,23,28,0,29,26,22,30,0,home,3.5,211.0,145.0,-165.0,2.0,102.5,0.0,1,True
2016,2015-12-11,True,False,mia,ind,83,96,21,27,20,15,0,20,27,30,19,0,home,5.0,196.5,175.0,-200.0,3.5,96.5,1.0,0,True
2016,2015-12-11,True,False,gs,bos,124,119,26,31,25,21,21,25,28,22,28,16,away,5.0,214.5,-230.0,195.0,2.0,105.5,2.0,1,False
2016,2015-12-11,True,False,cle,orl,111,76,22,31,30,28,0,20,17,15,24,0,away,3.0,198.0,-160.0,140.0,3.0,97.0,1.0,0,False
2016,2015-12-11,True,False,det,phi,107,95,35,23,31,18,0,14,32,20,29,0,away,9.0,193.0,-450.0,375.0,1.0,95.5,1.0,1,False
2016,2015-12-11,True,False,por,phx,106,96,33,24,21,28,0,26,35,21,14,0,home,4.0,209.5,160.0,-180.0,1.5,106.0,0.0,0,False
2016,2015-12-11,True,False,mil,tor,83,90,17,14,29,23,0,24,25,21,20,0,home,7.5,191.5,280.0,-340.0,1.0,94.0,0.0,0,True
2016,2015-12-12,True,False,wsh,dal,114,111,26,25,39,24,0,28,22,22,39,0,home,6.5,205.0,230.0,-270.0,5.0,100.5,0.0,1,False
2016,2015-12-12,True,False,ind,det,96,118,29,26,24,17,0,28,37,37,16,0,home,1.0,204.0,100.0,-120.0,3.0,105.5,1.0,1,True
2016,2015-12-12,True,False,gs,mil,95,108,28,20,29,18,0,30,29,21,28,0,away,9.5,206.5,-550.0,425.0,10.5,101.5,0.0,0,True
2016,2015-12-12,True,False,ny,por,112,110,21,34,21,36,0,29,27,30,24,0,home,3.5,198.0,145.0,-165.0,2.5,100.5,0.0,1,False
2016,2015-12-12,True,False,no,chi,94,98,28,17,25,24,0,20,22,22,34,0,home,7.0,202.0,270.0,-330.0,6.0,101.0,0.0,0,True
2016,2015-12-12,True,False,lac,bkn,105,100,28,29,20,28,0,20,24,19,37,0,away,6.5,206.0,-280.0,240.0,0.5,103.0,0.0,0,False
2016,2015-12-12,True,False,lal,hou,97,126,25,21,30,21,0,32,31,28,35,0,home,11.5,212.5,650.0,-1000.0,2.0,104.5,1.0,1,True
2016,2015-12-12,True,False,bos,cha,98,93,16,22,35,25,0,17,25,27,24,0,home,3.0,202.5,135.0,-155.0,0.5,104.5,0.0,0,False
2016,2015-12-12,True,False,sa,atl,103,78,22,25,32,24,0,13,12,30,23,0,away,3.0,190.5,-150.0,130.0,4.5,97.5,1.0,0,False
2016,2015-12-13,True,False,min,phx,101,108,27,22,17,35,0,25,30,30,23,0,home,5.0,209.5,190.0,-220.0,0.5,105.0,1.0,0,True
2016,2015-12-13,True,False,mem,mia,97,100,27,29,22,19,0,21,27,23,29,0,home,2.5,189.0,125.0,-145.0,3.5,94.5,1.0,1,True
2016,2015-12-13,True,False,phi,tor,76,96,24,20,14,18,0,32,20,17,27,0,home,11.5,192.5,700.0,-1100.0,4.0,96.5,1.0,0,True
2016,2015-12-13,True,False,utah,okc,98,104,21,30,25,20,2,16,22,33,25,8,home,9.0,203.0,400.0,-500.0,9.0,106.0,0.0,0,True
2016,2015-12-14,True,False,hou,den,108,114,22,36,24,26,0,36,18,34,26,0,away,4.5,209.5,-190.0,170.0,2.0,103.0,0.0,1,True
2016,2015-12-14,True,False,utah,sa,81,118,15,21,22,23,0,29,30,39,20,0,home,12.5,186.0,800.0,-1400.0,1.0,96.0,1.0,1,True
2016,2015-12-14,True,False,phx,dal,94,104,21,22,15,36,0,25,21,31,27,0,home,4.0,208.0,160.0,-180.0,1.0,105.5,1.0,0,True
2016,2015-12-14,True,False,wsh,mem,95,112,21,25,15,34,0,25,32,26,29,0,home,3.0,201.0,135.0,-155.0,2.0,99.5,1.0,1,True
2016,2015-12-14,True,False,lac,det,105,103,27,21,25,21,11,27,12,24,31,9,away,2.0,205.0,-130.0,110.0,1.5,101.5,2.0,1,False
2016,2015-12-14,True,False,phi,chi,96,115,19,37,12,28,0,24,27,34,30,0,home,13.5,195.0,1000.0,-2000.0,11.0,99.0,1.0,1,True
2016,2015-12-14,True,False,orl,bkn,105,82,25,27,31,22,0,25,20,24,13,0,away,3.5,197.5,-165.0,145.0,0.0,99.5,1.0,0,False
2016,2015-12-14,True,False,no,por,101,105,31,17,21,32,0,26,24,28,27,0,home,3.0,211.0,140.0,-160.0,1.5,108.0,1.0,0,True
2016,2015-12-14,True,False,tor,ind,90,106,28,13,23,26,0,27,25,21,33,0,home,4.5,199.5,175.0,-200.0,1.0,99.5,1.0,0,True
2016,2015-12-14,True,False,mia,atl,100,88,22,25,27,26,0,20,18,23,27,0,home,6.0,192.5,220.0,-260.0,5.5,96.0,0.0,0,False
2016,2015-12-15,True,False,hou,sac,97,107,31,19,24,23,0,31,26,25,25,0,home,2.5,222.0,125.0,-145.0,1.5,110.5,1.0,0,True
2016,2015-12-15,True,False,mil,lal,95,113,25,21,20,29,0,30,25,31,27,0,away,4.0,198.5,-180.0,160.0,5.0,99.5,0.0,1,True
2016,2015-12-15,True,False,cle,bos,89,77,23,17,29,20,0,25,21,15,16,0,away,1.0,202.0,-120.0,100.0,2.5,101.0,1.0,0,False
2016,2015-12-15,True,False,den,min,112,100,27,36,29,20,0,24,25,31,20,0,home,6.0,202.5,220.0,-260.0,7.0,99.5,0.0,1,False
2016,2015-12-16,True,False,phx,gs,103,128,28,18,19,38,0,26,33,46,23,0,home,12.0,219.5,750.0,-1200.0,4.0,112.0,1.0,1,True
2016,2015-12-16,True,False,mil,lac,90,103,21,22,23,24,0,29,25,24,25,0,home,11.0,198.0,600.0,-900.0,3.0,97.5,1.0,0,True
2016,2015-12-16,True,False,wsh,sa,95,114,31,21,19,24,0,26,29,31,28,0,home,13.0,197.5,900.0,-1600.0,7.5,97.5,1.0,1,True
2016,2015-12-16,True,False,mem,chi,85,98,26,27,13,19,0,30,20,24,24,0,home,4.0,194.5,160.0,-180.0,4.5,97.5,1.0,0,True
2016,2015-12-16,True,False,por,okc,90,106,26,19,22,23,0,31,21,36,18,0,home,11.0,208.0,500.0,-700.0,4.0,104.0,1.0,0,True
2016,2015-12-16,True,False,no,utah,104,94,27,24,22,31,0,24,26,29,15,0,home,3.0,200.5,135.0,-155.0,2.5,101.0,0.0,0,False
2016,2015-12-16,True,False,bos,det,116,119,25,27,31,33,0,18,37,30,34,0,home,2.5,198.0,120.0,-140.0,0.5,102.5,1.0,1,True
2016,2015-12-16,True,False,mia,bkn,104,98,22,33,29,20,0,30,20,28,20,0,away,5.0,191.0,-220.0,190.0,1.5,96.0,1.0,1,False
2016,2015-12-16,True,False,min,ny,102,107,26,14,30,32,0,27,33,18,29,0,home,4.5,199.0,170.0,-190.0,3.5,96.5,1.0,1,True
2016,2015-12-16,True,False,cha,orl,98,113,23,22,28,25,0,30,28,31,24,0,home,0.0,198.0,-110.0,-110.0,4.5,98.5,1.0,1,True
2016,2015-12-16,True,False,dal,ind,81,107,19,28,17,17,0,20,25,30,32,0,home,4.0,207.5,160.0,-180.0,4.0,103.0,1.0,0,True
2016,2015-12-16,True,False,phi,atl,106,127,23,32,21,30,0,32,34,36,25,0,home,13.5,199.0,1100.0,-2500.0,4.5,99.0,1.0,1,True
2016,2015-12-17,True,False,tor,cha,99,109,20,24,21,25,9,25,31,21,13,19,away,3.0,193.5,-150.0,130.0,4.5,95.0,0.0,1,True
2016,2015-12-17,True,False,okc,cle,100,104,28,19,31,22,0,26,20,28,30,0,home,2.0,203.5,110.0,-130.0,2.0,101.0,1.0,1,True
2016,2015-12-17,True,False,hou,lal,107,87,29,23,26,29,0,18,21,29,19,0,away,6.0,215.5,-240.0,200.0,0.5,105.0,1.0,0,False
2016,2015-12-18,True,False,lac,sa,107,115,30,25,33,19,0,26,29,30,30,0,home,7.5,196.0,280.0,-340.0,5.0,99.5,1.0,1,True
2016,2015-12-18,True,False,no,phx,88,104,17,25,22,24,0,28,25,24,27,0,home,3.0,213.5,135.0,-155.0,2.5,107.0,1.0,0,True
2016,2015-12-18,True,False,den,utah,88,97,23,26,24,15,0,30,23,24,20,0,home,5.5,193.5,190.0,-220.0,2.5,94.5,1.0,0,True
2016,2015-12-18,True,False,mem,dal,88,97,26,23,17,22,0,25,30,20,22,0,home,2.0,197.0,115.0,-135.0,1.0,98.5,1.0,0,True
2016,2015-12-18,True,False,mil,gs,112,121,36,34,23,19,0,33,25,27,36,0,home,19.0,211.0,2000.0,-9900.0,16.5,106.0,0.0,1,True
2016,2015-12-18,True,False,sac,min,95,99,24,30,23,18,0,31,27,25,16,0,away,2.5,213.5,-135.0,115.0,2.0,107.0,0.0,0,True
2016,2015-12-18,True,False,atl,bos,109,101,19,23,29,38,0,25,18,30,28,0,home,4.0,206.5,145.0,-165.0,2.0,106.0,0.0,1,False
2016,2015-12-18,True,False,tor,mia,108,94,27,23,31,27,0,25,30,22,17,0,home,4.5,187.0,170.0,-190.0,1.5,93.0,0.0,1,False
2016,2015-12-18,True,False,ny,phi,107,97,30,35,24,18,0,23,21,24,29,0,away,6.5,196.5,-250.0,210.0,3.0,97.5,1.0,1,False
2016,2015-12-18,True,False,bkn,ind,97,104,18,29,30,20,0,23,26,23,32,0,home,10.5,206.5,500.0,-700.0,6.0,103.0,0.0,0,True
2016,2015-12-18,True,False,por,orl,94,102,26,22,20,26,0,29,20,25,28,0,home,4.5,202.0,170.0,-190.0,2.5,101.0,1.0,0,True
2016,2015-12-18,True,False,det,chi,147,144,31,24,19,31,42,27,25,25,28,39,home,4.5,197.0,170.0,-190.0,4.5,98.0,0.0,1,False
2016,2015-12-19,True,False,lal,okc,78,118,15,26,14,23,0,35,32,25,26,0,home,16.0,208.0,1700.0,-5000.0,1.5,102.0,1.0,0,True
2016,2015-12-19,True,False,cha,wsh,101,109,27,26,22,26,0,28,31,27,23,0,away,2.0,206.0,-130.0,110.0,2.5,100.5,0.0,1,True
2016,2015-12-19,True,False,chi,ny,91,107,18,21,29,23,0,25,24,28,30,0,home,2.0,194.5,115.0,-135.0,1.5,99.0,1.0,1,True
2016,2015-12-19,True,False,ind,mem,84,96,16,27,23,18,0,21,23,26,26,0,away,1.0,200.0,-115.0,-105.0,0.5,103.0,0.0,0,True
2016,2015-12-19,True,False,lac,hou,97,107,17,29,25,26,0,38,19,26,24,0,away,2.5,212.5,-140.0,120.0,5.0,108.0,0.0,0,True
2016,2015-12-20,True,False,no,den,130,125,36,31,32,31,0,31,43,22,29,0,home,1.0,204.5,-105.0,-115.0,1.0,104.0,0.0,1,False
2016,2015-12-20,True,False,sac,tor,104,94,37,18,23,26,0,18,30,22,24,0,home,5.5,206.5,200.0,-240.0,5.5,105.5,0.0,0,False
2016,2015-12-20,True,False,atl,orl,103,100,25,27,25,26,0,29,13,36,22,0,away,1.5,201.5,-120.0,100.0,2.0,104.0,1.0,1,False
2016,2015-12-20,True,False,min,bkn,100,85,26,26,23,25,0,16,27,22,20,0,away,1.5,202.0,-130.0,110.0,2.0,100.5,1.0,0,False
2016,2015-12-20,True,False,phi,cle,86,108,25,13,22,26,0,21,34,33,20,0,home,16.5,198.0,1700.0,-5000.0,5.0,99.5,1.0,0,True
2016,2015-12-20,True,False,por,mia,109,116,32,30,24,23,0,23,29,30,34,0,home,5.0,192.5,170.0,-200.0,6.0,97.5,1.0,1,True
2016,2015-12-20,True,False,mil,phx,101,95,27,18,25,31,0,26,27,18,24,0,home,7.5,202.0,280.0,-345.0,2.5,100.5,0.0,0,False
2016,2015-12-21,True,False,ind,sa,92,106,21,27,22,22,0,23,27,29,27,0,home,9.0,199.0,400.0,-500.0,5.5,103.5,1.0,0,True
2016,2015-12-21,True,False,okc,lac,100,99,23,27,22,28,0,29,23,25,22,0,away,1.5,209.0,-125.0,105.0,2.5,104.0,0.0,0,False
2016,2015-12-21,True,False,phx,utah,89,110,21,22,18,28,0,33,21,25,31,0,home,4.5,198.0,165.0,-185.0,1.5,100.5,1.0,1,True
2016,2015-12-21,True,False,cha,hou,95,102,28,16,16,35,0,27,18,24,33,0,home,3.0,208.0,135.0,-155.0,2.0,102.0,1.0,0,True
2016,2015-12-21,True,False,sac,wsh,99,113,35,24,25,15,0,34,29,21,29,0,home,2.5,218.5,120.0,-140.0,0.5,108.5,1.0,0,True
2016,2015-12-21,True,False,bkn,chi,105,102,29,29,27,20,0,22,33,23,24,0,home,10.5,197.0,550.0,-800.0,8.5,100.0,0.0,1,False
2016,2015-12-21,True,False,orl,ny,107,99,29,23,26,29,0,21,25,27,26,0,home,2.5,198.5,120.0,-140.0,3.0,98.5,0.0,1,False
2016,2015-12-21,True,False,min,bos,99,113,26,27,19,27,0,34,26,32,21,0,home,7.5,209.5,300.0,-360.0,2.0,106.0,1.0,1,True
2016,2015-12-21,True,False,por,atl,97,106,17,26,15,39,0,26,29,22,29,0,home,10.5,196.0,525.0,-750.0,2.0,97.5,0.0,1,True
2016,2015-12-22,True,False,mem,phi,104,90,31,22,24,27,0,23,24,19,24,0,away,10.0,193.5,-700.0,500.0,4.0,95.5,1.0,1,False
2016,2015-12-22,True,False,dal,tor,99,103,16,20,31,32,0,32,17,23,31,0,home,4.5,196.0,170.0,-190.0,2.0,98.5,0.0,1,True
2016,2015-12-22,True,False,det,mia,93,92,18,36,18,21,0,34,18,23,17,0,home,2.5,194.5,125.0,-145.0,2.0,97.0,0.0,0,False
2016,2015-12-22,True,False,lal,den,111,107,26,25,32,28,0,34,30,16,27,0,home,5.5,204.5,190.0,-220.0,1.5,101.0,0.0,1,False
2016,2015-12-23,True,False,okc,lal,120,85,27,30,35,28,0,17,29,15,24,0,away,14.0,207.0,-2500.0,1100.0,5.0,103.5,1.0,0,False
2016,2015-12-23,True,False,utah,gs,85,103,13,25,20,27,0,23,24,26,30,0,home,14.0,208.5,1100.0,-2500.0,5.5,106.5,1.0,0,True
2016,2015-12-23,True,False,den,phx,104,96,33,23,23,25,0,21,29,22,24,0,home,9.0,208.0,375.0,-450.0,8.5,103.0,0.0,0,False
2016,2015-12-23,True,False,det,atl,100,107,26,19,22,33,0,27,34,21,25,0,home,7.0,200.5,250.0,-300.0,1.0,100.0,2.0,1,True
2016,2015-12-23,True,False,phi,mil,100,113,18,28,24,30,0,35,30,27,21,0,home,11.0,195.0,550.0,-800.0,1.0,97.0,1.0,1,True
2016,2015-12-23,True,False,sa,min,108,83,28,24,25,31,0,16,22,23,22,0,away,10.5,195.0,-700.0,500.0,2.5,99.5,1.0,0,False
2016,2015-12-23,True,False,por,no,89,115,23,13,29,24,0,26,27,27,35,0,home,7.5,203.0,280.0,-340.0,0.5,103.0,1.0,1,True
2016,2015-12-23,True,False,sac,ind,108,106,30,34,20,24,0,27,22,33,24,0,home,6.5,215.0,250.0,-300.0,7.5,107.0,0.0,0,False
2016,2015-12-23,True,False,ny,cle,84,91,24,26,22,12,0,31,24,17,19,0,home,13.0,194.5,850.0,-1500.0,6.0,97.5,0.0,0,True
2016,2015-12-23,True,False,bos,cha,102,89,29,18,27,28,0,21,19,22,27,0,home,1.0,204.0,100.0,-120.0,2.5,105.0,0.0,0,False
2016,2015-12-23,True,False,dal,bkn,119,118,32,32,17,27,11,26,27,34,21,10,away,3.0,199.0,-155.0,135.0,2.0,100.0,0.0,1,False
2016,2015-12-23,True,False,mem,wsh,91,100,18,30,17,26,0,25,34,22,19,0,home,0.0,201.0,-110.0,-110.0,3.5,99.5,1.0,0,True
2016,2015-12-23,True,False,hou,orl,101,104,33,20,21,27,0,27,32,28,17,0,home,1.0,207.5,-105.0,-115.0,2.0,104.0,1.0,0,True
2016,2015-12-25,True,False,no,mia,88,94,15,23,14,26,10,27,15,21,15,16,home,4.0,200.5,155.0,-175.0,1.5,99.0,1.0,0,True
2016,2015-12-25,True,False,chi,okc,105,96,32,22,32,19,0,26,26,16,28,0,home,9.5,205.5,400.0,-500.0,8.5,107.5,0.0,0,False
2016,2015-12-25,True,False,cle,gs,83,89,19,23,17,24,0,28,17,19,25,0,home,6.5,207.5,240.0,-280.0,3.0,102.5,0.0,0,True
2016,2015-12-25,True,False,sa,hou,84,88,22,21,17,24,0,25,13,23,27,0,away,7.0,204.5,-300.0,250.0,3.0,106.0,0.0,0,True
2016,2015-12-25,True,False,lac,lal,94,84,32,28,25,9,0,22,22,13,27,0,away,12.5,207.5,-1100.0,700.0,2.5,104.0,0.0,0,False
2016,2015-12-26,True,False,cle,por,76,105,12,22,25,17,0,34,29,27,15,0,away,7.5,195.5,-340.0,280.0,10.5,96.0,0.0,0,True
2016,2015-12-26,True,False,phi,phx,111,104,29,22,34,26,0,15,30,30,29,0,home,11.5,205.5,625.0,-950.0,9.5,102.5,0.0,1,False
2016,2015-12-26,True,False,chi,dal,111,118,26,34,29,22,0,33,26,31,28,0,home,2.5,200.0,120.0,-140.0,1.5,102.5,1.0,1,True
2016,2015-12-26,True,False,ind,min,102,88,21,22,23,36,0,21,23,24,20,0,away,3.5,206.0,-165.0,145.0,3.5,106.0,1.0,0,False
2016,2015-12-26,True,False,ny,atl,98,117,32,31,12,23,0,22,38,27,30,0,home,7.5,203.0,290.0,-350.0,6.0,101.5,1.0,1,True
2016,2015-12-26,True,False,lac,utah,109,104,18,30,31,30,0,26,27,24,27,0,away,2.0,192.5,-130.0,110.0,2.0,95.5,1.0,1,False
2016,2015-12-26,True,False,mia,orl,108,101,20,24,25,39,0,24,32,20,25,0,home,5.0,193.0,175.0,-200.0,1.0,95.5,0.0,1,False
2016,2015-12-26,True,False,bos,det,99,93,25,26,25,23,0,24,22,15,32,0,away,1.0,203.5,-120.0,100.0,0.5,106.0,1.0,0,False
2016,2015-12-26,True,False,wsh,bkn,111,96,34,18,27,32,0,26,24,27,19,0,away,2.5,205.0,-140.0,120.0,1.0,101.0,1.0,1,False
2016,2015-12-26,True,False,tor,mil,111,90,22,34,20,35,0,17,35,27,11,0,away,3.0,193.0,-150.0,130.0,0.5,95.5,1.0,1,False
2016,2015-12-26,True,False,den,sa,86,101,20,22,23,21,0,22,34,20,25,0,home,14.5,194.5,1200.0,-3000.0,4.0,96.0,1.0,0,True
2016,2015-12-26,True,False,hou,no,108,110,41,21,29,17,0,33,30,21,26,0,away,1.0,209.5,-120.0,100.0,2.0,104.5,0.0,1,True
2016,2015-12-26,True,False,mem,cha,92,98,28,25,21,18,0,30,23,21,24,0,home,2.5,192.0,120.0,-140.0,2.0,95.5,1.0,0,True
2016,2015-12-27,True,False,lal,mem,96,112,23,23,28,22,0,32,27,33,20,0,home,9.5,195.0,430.0,-550.0,1.5,97.0,1.0,1,True
2016,2015-12-27,True,False,ny,bos,91,100,18,23,24,26,0,22,29,26,23,0,home,8.5,202.5,345.0,-425.0,1.5,101.0,1.0,0,True
2016,2015-12-27,True,False,den,okc,112,122,31,30,29,22,0,32,21,38,31,0,home,17.0,207.0,1700.0,-5000.0,13.5,102.5,0.0,1,True
2016,2015-12-27,True,False,por,sac,98,94,29,20,31,18,0,30,21,29,14,0,home,9.0,209.0,355.0,-450.0,6.0,105.5,0.0,0,False
2016,2015-12-28,True,False,sac,gs,103,122,29,32,14,28,0,27,31,32,32,0,home,14.5,220.0,1100.0,-2500.0,11.0,109.5,1.0,1,True
2016,2015-12-28,True,False,cle,phx,101,97,34,26,21,20,0,30,24,19,24,0,away,9.5,199.0,-550.0,425.0,3.5,98.5,0.0,0,False
2016,2015-12-28,True,False,phi,utah,91,95,23,22,33,13,0,37,21,20,17,0,home,8.0,195.0,330.0,-400.0,0.5,96.5,0.0,0,True
2016,2015-12-28,True,False,mil,dal,93,103,24,27,21,21,0,34,26,19,24,0,home,5.5,202.0,195.0,-230.0,0.0,99.5,1.0,0,True
2016,2015-12-28,True,False,min,sa,95,101,27,25,20,23,0,26,24,26,25,0,home,13.5,195.5,1000.0,-2000.0,10.0,98.0,0.0,1,True
2016,2015-12-28,True,False,lac,wsh,108,91,34,25,27,22,0,20,26,25,20,0,home,1.0,208.0,-105.0,-115.0,4.5,102.5,0.0,0,False
2016,2015-12-28,True,False,bkn,mia,111,105,24,20,34,33,0,26,32,19,28,0,home,8.0,195.0,310.0,-370.0,0.0,96.0,0.0,1,False
2016,2015-12-28,True,False,lal,cha,98,108,26,32,23,17,0,31,27,27,23,0,home,12.5,203.0,850.0,-1500.0,8.0,101.0,0.0,1,True
2016,2015-12-28,True,False,atl,ind,87,93,27,13,28,19,0,21,31,22,19,0,home,1.5,204.0,105.0,-125.0,3.5,105.5,1.0,0,True
2016,2015-12-28,True,False,tor,chi,97,104,32,20,21,24,0,23,26,29,26,0,home,1.0,198.0,100.0,-120.0,1.0,99.5,1.0,1,True
2016,2015-12-28,True,False,no,orl,89,104,23,23,18,25,0,25,25,25,29,0,home,4.0,204.5,155.0,-175.0,1.5,103.0,1.0,0,True
2016,2015-12-29,True,False,atl,hou,121,115,25,31,29,36,0,41,30,21,23,0,home,4.0,208.0,155.0,-175.0,3.0,106.5,0.0,1,False
2016,2015-12-29,True,False,cle,den,93,87,26,27,19,21,0,21,21,20,25,0,away,6.0,195.5,-270.0,230.0,0.0,96.0,2.0,0,False
2016,2015-12-29,True,False,mia,mem,90,99,30,17,15,21,7,26,21,22,14,16,home,4.5,189.5,170.0,-190.0,3.0,95.0,1.0,0,True
2016,2015-12-29,True,False,det,ny,96,108,26,23,23,24,0,25,25,29,29,0,away,1.5,198.5,-125.0,105.0,2.0,98.0,0.0,1,True
2016,2015-12-29,True,False,mil,okc,123,131,31,23,34,35,0,30,35,27,39,0,home,13.5,206.5,1000.0,-2000.0,4.5,103.0,0.0,1,True
2016,2015-12-30,True,False,bkn,orl,93,100,26,26,21,20,0,26,19,23,32,0,home,7.5,199.5,280.0,-340.0,7.0,99.0,0.0,0,True
2016,2015-12-30,True,False,phi,sac,110,105,30,27,28,25,0,31,26,24,24,0,home,10.5,215.0,500.0,-700.0,7.0,108.5,0.0,2,False
2016,2015-12-30,True,False,gs,dal,91,114,21,21,26,23,0,27,33,27,27,0,away,3.5,209.0,-165.0,145.0,6.5,102.5,0.0,0,True
2016,2015-12-30,True,False,utah,min,80,94,13,18,21,28,0,19,19,24,32,0,home,4.0,191.5,150.0,-170.0,0.5,98.5,1.0,0,True
2016,2015-12-30,True,False,den,por,103,110,27,24,20,32,0,26,32,26,26,0,home,6.0,201.0,210.0,-250.0,1.0,99.0,1.0,1,True
2016,2015-12-30,True,False,wsh,tor,91,94,27,14,24,26,0,28,24,25,17,0,home,7.5,203.0,280.0,-340.0,0.5,100.0,0.0,0,True
2016,2015-12-30,True,False,lal,bos,112,104,24,34,31,23,0,27,29,22,26,0,home,14.0,206.5,950.0,-1800.0,10.0,104.0,0.0,1,False
2016,2015-12-30,True,False,lac,cha,122,117,32,33,27,30,0,25,31,30,31,0,away,2.5,200.5,-140.0,120.0,1.5,99.5,1.0,1,False
2016,2015-12-30,True,False,ind,chi,100,102,21,19,22,29,9,21,29,16,25,11,home,3.0,201.5,135.0,-155.0,2.5,102.5,0.0,1,True
2016,2015-12-30,True,False,phx,sa,79,112,12,21,23,23,0,32,29,23,28,0,home,14.5,198.0,1200.0,-3000.0,1.0,101.5,1.0,0,True
2016,2015-12-31,True,False,mil,ind,120,116,33,26,30,31,0,24,28,25,39,0,home,6.0,201.0,200.0,-240.0,5.0,100.0,0.0,1,False
2016,2015-12-31,True,False,min,det,90,115,22,15,33,20,0,15,30,33,37,0,home,8.0,201.5,320.0,-380.0,2.0,99.5,1.0,1,True
2016,2015-12-31,True,False,gs,hou,114,110,33,28,29,24,0,30,29,23,28,0,home,3.5,211.5,145.0,-165.0,4.0,106.0,0.0,1,False
2016,2015-12-31,True,False,phx,okc,106,110,26,27,27,26,0,28,26,33,23,0,home,16.0,212.5,1300.0,-3500.0,9.0,108.5,0.0,1,True
2016,2015-12-31,True,False,lac,no,95,89,20,30,21,24,0,25,23,15,26,0,home,2.0,208.0,115.0,-135.0,1.0,104.0,0.0,0,False
2016,2015-12-31,True,False,por,utah,96,109,25,14,32,25,0,25,32,29,23,0,home,3.0,188.5,140.0,-160.0,4.5,93.0,1.0,1,True
2016,2016-01-01,True,False,ny,chi,81,108,18,32,23,8,0,34,22,21,31,0,home,7.0,199.0,250.0,-300.0,2.0,99.0,1.0,0,True
2016,2016-01-01,True,False,phi,lal,84,93,21,20,19,24,0,21,19,22,31,0,home,3.0,208.5,130.0,-150.0,3.0,102.5,1.0,0,True
2016,2016-01-01,True,False,dal,mia,82,106,10,35,16,21,0,22,36,22,26,0,home,2.5,196.0,120.0,-140.0,3.0,96.0,1.0,0,True
2016,2016-01-01,True,False,orl,wsh,91,103,21,22,29,19,0,24,24,24,31,0,home,1.5,203.0,105.0,-125.0,1.0,100.0,1.0,0,True
2016,2016-01-01,True,False,cha,tor,94,104,28,27,27,12,0,29,26,19,30,0,home,6.0,196.5,220.0,-260.0,4.0,98.5,1.0,1,True
2016,2016-01-02,True,False,phi,lac,99,130,29,23,22,25,0,31,38,34,27,0,home,13.5,203.5,900.0,-1600.0,3.0,102.0,1.0,1,True
2016,2016-01-02,True,False,den,gs,108,111,13,34,30,25,6,37,26,27,12,9,home,15.0,216.0,1050.0,-2650.0,4.5,105.5,0.0,1,True
2016,2016-01-02,True,False,mem,utah,87,92,25,20,24,15,3,28,18,20,18,8,away,2.0,184.0,-130.0,110.0,2.5,91.5,0.0,0,True
2016,2016-01-02,True,False,no,dal,105,98,26,22,26,31,0,25,22,19,32,0,home,4.0,206.0,150.0,-170.0,3.0,104.0,0.0,0,False
2016,2016-01-02,True,False,mil,min,95,85,15,29,28,23,0,28,19,23,15,0,home,2.0,204.0,110.0,-130.0,0.5,100.0,0.0,0,False
2016,2016-01-02,True,False,hou,sa,103,121,27,28,17,31,0,29,31,36,25,0,home,11.5,201.5,600.0,-900.0,5.0,100.5,1.0,1,True
2016,2016-01-02,True,False,okc,cha,109,90,34,32,21,22,0,22,32,22,14,0,away,9.0,210.0,-434.0,351.0,1.0,103.5,1.0,0,False
2016,2016-01-02,True,False,det,ind,82,94,20,22,17,23,0,24,17,23,30,0,home,4.5,204.0,165.0,-185.0,3.5,101.0,1.0,0,True
2016,2016-01-02,True,False,phx,sac,119,142,18,35,34,32,0,31,28,44,39,0,home,6.0,213.0,210.0,-260.0,2.0,108.5,1.0,1,True
2016,2016-01-02,True,False,bkn,bos,100,97,31,25,25,19,0,29,26,16,26,0,home,10.0,203.5,440.0,-570.0,6.5,102.5,0.0,0,False
2016,2016-01-02,True,False,orl,cle,79,104,13,19,21,26,0,29,26,26,23,0,home,8.0,192.0,310.0,-380.0,1.0,94.0,1.0,0,True
2016,2016-01-03,True,False,phx,lal,77,97,10,12,29,26,0,25,18,38,16,0,away,1.5,209.0,-120.0,100.0,6.5,102.5,0.0,0,True
2016,2016-01-03,True,False,atl,ny,97,111,21,24,31,21,0,22,33,31,25,0,away,4.5,200.5,-200.0,170.0,5.0,103.0,0.0,1,True
2016,2016-01-03,True,False,chi,tor,115,113,26,22,33,34,0,26,34,27,26,0,home,4.0,195.5,155.0,-175.0,2.5,99.5,0.0,1,False
2016,2016-01-03,True,False,mia,wsh,97,75,25,25,23,24,0,24,7,20,24,0,away,1.0,197.0,-120.0,100.0,4.5,96.0,1.0,0,False
2016,2016-01-03,True,False,por,den,112,106,23,38,19,32,0,22,34,24,26,0,away,1.0,203.5,-120.0,100.0,1.0,101.0,1.0,1,False
2016,2016-01-04,True,False,cha,gs,101,111,24,30,23,24,0,32,30,33,16,0,home,12.0,212.5,750.0,-1100.0,5.5,106.0,0.0,0,True
2016,2016-01-04,True,False,sac,okc,116,104,31,37,22,26,0,33,33,16,22,0,home,7.5,214.5,280.0,-345.0,6.0,107.0,0.0,1,False
2016,2016-01-04,True,False,mem,por,91,78,17,21,32,21,0,15,19,18,26,0,away,1.5,195.5,-125.0,105.0,0.5,98.5,1.0,0,False
2016,2016-01-04,True,False,hou,utah,93,91,28,20,21,24,0,21,37,19,14,0,away,3.5,198.0,-158.0,138.0,4.5,97.0,0.0,0,False
2016,2016-01-04,True,False,sa,mil,123,98,29,31,30,33,0,30,19,26,23,0,away,9.5,192.5,-530.0,410.0,2.5,99.5,1.0,1,False
2016,2016-01-04,True,False,ind,mia,100,103,29,18,27,21,5,19,25,22,29,8,home,2.0,193.5,105.0,-125.0,1.0,99.0,1.0,1,True
2016,2016-01-04,True,False,orl,det,89,115,23,24,27,15,0,31,26,31,27,0,home,4.5,199.0,160.0,-180.0,1.0,98.5,1.0,1,True
2016,2016-01-04,True,False,tor,cle,100,122,29,27,22,22,0,33,25,32,32,0,home,8.0,194.0,310.0,-380.0,5.0,96.5,1.0,1,True
2016,2016-01-04,True,False,min,phi,99,109,25,25,29,20,0,29,18,33,29,0,away,6.0,203.5,-245.0,205.0,3.5,101.5,0.0,1,True
2016,2016-01-04,True,False,bos,bkn,103,94,37,19,23,24,0,22,20,26,26,0,away,7.5,201.0,-325.0,260.0,0.5,104.0,1.0,0,False
2016,2016-01-05,True,False,ny,atl,107,101,29,25,30,23,0,20,29,22,30,0,home,7.5,202.5,265.0,-330.0,8.0,101.5,0.0,1,False
2016,2016-01-05,True,False,mil,chi,106,117,28,33,28,17,0,36,31,27,23,0,home,8.5,200.5,325.0,-400.0,4.0,99.5,1.0,1,True
2016,2016-01-05,True,False,sac,dal,116,117,24,19,27,28,18,27,22,29,20,19,home,7.0,213.0,230.0,-290.0,2.5,105.5,0.0,1,True
2016,2016-01-05,True,False,gs,lal,109,88,37,25,30,17,0,25,22,13,28,0,away,13.5,211.5,-1750.0,950.0,4.0,104.0,1.0,0,False
2016,2016-01-06,True,False,lac,por,109,98,31,32,22,24,0,18,22,30,28,0,away,3.5,205.0,-165.0,145.0,4.0,102.0,1.0,1,False
2016,2016-01-06,True,False,cha,phx,102,111,32,20,33,17,0,34,26,26,25,0,away,2.0,203.5,-130.0,110.0,3.5,101.5,0.0,1,True
2016,2016-01-06,True,False,utah,sa,98,123,22,29,23,24,0,32,36,27,28,0,home,13.5,183.5,1100.0,-2500.0,3.5,95.5,1.0,1,True
2016,2016-01-06,True,False,den,min,78,74,21,21,24,12,0,25,19,21,9,0,home,3.0,201.5,140.0,-160.0,1.5,98.0,0.0,0,False
2016,2016-01-06,True,False,dal,no,100,91,22,27,22,29,0,24,26,18,23,0,home,8.5,204.5,350.0,-420.0,5.0,102.5,0.0,0,False
2016,2016-01-06,True,False,mem,okc,94,112,16,20,29,29,0,25,31,27,29,0,home,9.0,198.5,340.0,-410.0,0.0,99.5,1.0,1,True
2016,2016-01-06,True,False,tor,bkn,91,74,24,21,25,21,0,17,19,20,18,0,away,7.0,195.0,-330.0,270.0,1.5,96.5,1.0,0,False
2016,2016-01-06,True,False,cle,wsh,121,115,24,38,33,26,0,26,24,39,26,0,away,7.5,202.5,-340.0,280.0,0.5,98.0,0.0,1,False
2016,2016-01-06,True,False,ny,mia,98,90,22,25,24,27,0,21,18,20,31,0,home,7.5,193.0,280.0,-340.0,6.5,95.5,0.0,0,False
2016,2016-01-06,True,False,ind,orl,95,86,22,15,29,29,0,20,18,21,27,0,away,3.5,198.5,-165.0,145.0,3.0,103.0,1.0,0,False
2016,2016-01-06,True,False,det,bos,99,94,24,24,18,33,0,33,22,20,19,0,home,3.0,202.5,130.0,-150.0,0.5,101.0,0.0,0,False
2016,2016-01-07,True,False,atl,phi,126,98,22,39,36,29,0,21,23,32,22,0,away,9.5,207.0,-550.0,425.0,0.0,105.0,1.0,1,False
2016,2016-01-07,True,False,bos,chi,92,101,27,20,16,29,0,21,27,26,27,0,home,6.5,204.5,240.0,-280.0,4.5,105.0,1.0,0,True
2016,2016-01-07,True,False,utah,hou,94,103,25,19,22,28,0,22,17,33,31,0,home,6.5,196.5,230.0,-270.0,6.0,102.0,1.0,1,True
2016,2016-01-07,True,False,lal,sac,115,118,21,27,38,29,0,38,31,33,16,0,home,8.5,214.5,350.0,-420.0,1.0,108.0,0.0,1,True
2016,2016-01-08,True,False,okc,lal,117,113,32,28,30,27,0,28,25,32,28,0,away,15.5,212.5,-5000.0,1500.0,8.0,105.0,0.0,1,False
2016,2016-01-08,True,False,gs,por,128,108,38,36,32,22,0,21,31,35,21,0,away,9.5,214.0,-550.0,425.0,0.0,106.5,1.0,1,False
2016,2016-01-08,True,False,mia,phx,103,95,21,32,24,26,0,20,20,33,22,0,away,5.0,198.0,-200.0,175.0,2.0,97.0,1.0,2,False
2016,2016-01-08,True,False,ny,sa,99,100,30,19,25,25,0,26,26,27,21,0,home,14.5,196.0,1300.0,-3500.0,7.5,99.5,0.0,1,True
2016,2016-01-08,True,False,den,mem,84,91,30,7,29,18,0,29,20,18,24,0,home,5.5,189.0,200.0,-240.0,1.0,92.0,1.0,0,True
2016,2016-01-08,True,False,orl,bkn,83,77,26,11,23,23,0,17,21,24,15,0,away,3.0,191.5,-155.0,135.0,3.5,95.5,1.0,0,False
2016,2016-01-08,True,False,cle,min,125,99,35,27,33,30,0,27,19,30,23,0,away,10.0,195.0,-600.0,450.0,1.0,96.0,1.0,1,False
2016,2016-01-08,True,False,ind,no,91,86,16,22,30,23,0,30,13,27,16,0,away,2.0,205.0,-130.0,110.0,6.0,107.0,1.0,0,False
2016,2016-01-08,True,False,tor,wsh,97,88,18,29,26,24,0,26,21,14,27,0,away,2.0,202.5,-135.0,115.0,1.5,100.5,1.0,0,False
2016,2016-01-08,True,False,dal,mil,95,96,18,21,36,20,0,28,27,24,17,0,home,0.0,205.0,-110.0,-110.0,5.0,100.0,1.0,0,True
2016,2016-01-09,True,False,tor,phi,108,95,25,32,18,33,0,26,18,25,26,0,away,9.0,202.0,-500.0,400.0,2.0,99.5,1.0,1,False
2016,2016-01-09,True,False,mia,utah,83,98,29,20,19,15,0,19,26,27,26,0,away,1.0,182.5,-115.0,-105.0,0.5,89.5,0.0,0,True
2016,2016-01-09,True,False,bkn,det,89,103,23,23,20,23,0,33,23,16,31,0,home,11.0,194.5,575.0,-850.0,3.5,96.0,1.0,0,True
2016,2016-01-09,True,False,gs,sac,128,116,26,34,36,32,0,27,31,26,32,0,away,9.0,225.0,-450.0,375.0,6.0,111.0,1.0,1,False
2016,2016-01-09,True,False,chi,atl,105,120,19,32,32,22,0,30,34,25,31,0,home,2.5,208.5,120.0,-140.0,3.0,107.0,1.0,1,True
2016,2016-01-09,True,False,cha,lac,83,97,18,28,18,19,0,27,16,27,27,0,home,8.5,202.5,350.0,-420.0,7.5,100.5,1.0,0,True
2016,2016-01-09,True,False,wsh,orl,105,99,27,33,25,20,0,17,32,21,29,0,home,3.5,199.5,140.0,-160.0,4.5,99.0,0.0,1,False
2016,2016-01-10,True,False,utah,lal,86,74,15,28,18,25,0,14,16,20,24,0,away,3.5,190.5,-165.0,145.0,2.5,97.0,1.0,0,False
2016,2016-01-10,True,False,okc,por,110,115,27,19,39,25,0,26,26,28,35,0,away,8.0,215.0,-380.0,320.0,8.5,108.5,0.0,1,True
2016,2016-01-10,True,False,cha,den,92,95,26,30,21,15,0,36,17,28,14,0,away,1.5,198.0,-125.0,105.0,0.0,97.0,0.0,0,True
2016,2016-01-10,True,False,ind,hou,103,107,24,26,27,16,10,28,20,16,29,14,home,2.5,207.0,120.0,-140.0,1.5,107.0,1.0,1,True
2016,2016-01-10,True,False,mil,ny,88,100,24,17,19,28,0,24,27,31,18,0,home,5.5,198.0,200.0,-240.0,0.0,98.5,1.0,0,True
2016,2016-01-10,True,False,cle,phi,95,85,26,22,27,20,0,20,27,22,16,0,away,16.5,206.0,-7000.0,1700.0,11.0,101.0,0.0,0,False
2016,2016-01-10,True,False,no,lac,111,114,24,25,27,25,10,19,37,28,17,13,home,10.0,204.5,450.0,-600.0,3.5,101.5,0.0,1,True
2016,2016-01-10,True,False,dal,min,93,87,22,26,20,25,0,22,20,13,32,0,away,4.5,198.5,-175.0,155.0,0.0,99.5,1.0,0,False
2016,2016-01-10,True,False,bos,mem,98,101,34,19,23,22,0,16,22,30,33,0,away,3.0,191.5,-150.0,130.0,2.5,99.5,0.0,1,True
2016,2016-01-11,True,False,sa,bkn,106,79,22,23,32,29,0,20,18,18,23,0,away,14.5,194.5,-2500.0,1100.0,7.0,100.5,1.0,0,False
2016,2016-01-11,True,False,wsh,chi,114,100,28,34,21,31,0,25,23,26,26,0,home,8.5,208.0,375.0,-450.0,9.0,102.0,0.0,1,False
2016,2016-01-11,True,False,mia,gs,103,111,25,29,23,26,0,27,29,24,31,0,home,14.5,209.5,1000.0,-2000.0,8.5,103.0,0.0,1,True
2016,2016-01-12,True,False,okc,min,101,96,32,28,20,21,0,21,27,18,30,0,away,11.0,209.0,-800.0,550.0,2.5,103.5,0.0,0,False
2016,2016-01-12,True,False,no,lal,91,95,22,19,30,20,0,15,23,29,28,0,away,2.0,203.5,-140.0,120.0,0.5,101.0,0.0,0,True
2016,2016-01-12,True,False,chi,mil,101,106,29,22,26,24,0,20,26,28,32,0,away,3.0,203.0,-155.0,135.0,0.5,103.5,0.0,1,True
2016,2016-01-12,True,False,cle,dal,110,107,22,25,20,28,15,25,27,20,23,12,away,5.5,199.5,-250.0,210.0,6.5,98.5,0.0,1,False
2016,2016-01-12,True,False,sa,det,109,99,24,29,28,28,0,25,19,22,33,0,away,7.0,196.5,-330.0,270.0,1.5,101.5,1.0,1,False
2016,2016-01-12,True,False,bos,ny,114,120,27,22,32,33,0,36,23,26,35,0,away,1.5,200.0,-125.0,105.0,4.0,104.0,0.0,1,True
2016,2016-01-12,True,False,phx,ind,97,116,19,23,34,21,0,25,27,28,36,0,home,12.0,204.5,700.0,-1100.0,4.0,104.5,1.0,1,True
2016,2016-01-12,True,False,hou,mem,107,91,22,29,21,35,0,24,20,25,22,0,away,2.5,196.5,-140.0,120.0,0.5,97.5,1.0,1,False
2016,2016-01-13,True,False,mia,lac,90,104,25,27,17,21,0,17,28,34,25,0,home,3.0,197.5,125.0,-145.0,3.5,97.5,1.0,0,True
2016,2016-01-13,True,False,utah,por,85,99,19,18,25,23,0,18,25,34,22,0,home,3.5,193.5,145.0,-165.0,8.5,109.0,1.0,0,True
2016,2016-01-13,True,False,gs,den,110,112,25,29,19,37,0,32,23,28,29,0,away,9.5,215.5,-570.0,440.0,8.0,107.0,0.0,1,True
2016,2016-01-13,True,False,min,hou,104,107,24,26,27,27,0,23,34,24,26,0,home,7.5,208.0,300.0,-365.0,2.0,103.5,0.0,1,True
2016,2016-01-13,True,False,no,sac,109,97,28,31,31,19,0,19,25,21,32,0,home,6.5,218.0,210.0,-260.0,8.5,109.0,0.0,0,False
2016,2016-01-13,True,False,ind,bos,94,103,24,25,27,18,0,28,29,21,25,0,home,3.5,204.5,142.0,-162.0,1.0,105.0,1.0,0,True
2016,2016-01-13,True,False,ny,bkn,104,110,20,31,24,29,0,29,25,20,36,0,away,3.5,191.5,-155.0,135.0,4.5,96.0,0.0,1,True
2016,2016-01-13,True,False,mil,wsh,101,106,18,25,31,27,0,29,27,15,35,0,home,5.5,207.0,190.0,-230.0,1.5,101.0,0.0,2,True
2016,2016-01-13,True,False,atl,cha,84,107,19,17,22,26,0,20,25,35,27,0,away,3.0,206.5,-145.0,125.0,4.5,106.0,0.0,0,True
2016,2016-01-13,True,False,dal,okc,89,108,20,22,22,25,0,30,35,18,25,0,home,13.0,207.0,799.0,-1299.0,2.0,103.0,1.0,0,True
2016,2016-01-14,True,False,tor,orl,106,103,31,30,16,19,10,18,36,19,23,7,away,4.5,193.5,-200.0,170.0,0.0,97.5,0.0,1,False
2016,2016-01-14,True,False,chi,phi,115,111,22,24,31,27,11,34,28,17,25,7,away,8.5,203.5,-430.0,345.0,10.0,105.0,0.0,1,False
2016,2016-01-14,True,False,det,mem,101,103,24,19,28,30,0,21,27,31,24,0,away,2.0,192.0,-130.0,110.0,2.5,95.5,0.0,1,True
2016,2016-01-14,True,False,cle,sa,95,99,32,18,23,22,0,20,24,28,27,0,home,6.0,195.0,225.0,-275.0,5.0,98.5,0.0,0,True
2016,2016-01-14,True,False,sac,utah,103,101,26,30,26,21,0,12,33,26,30,0,home,2.5,200.0,125.0,-145.0,5.0,100.0,0.0,1,False
2016,2016-01-14,True,False,lal,gs,98,116,23,26,23,26,0,24,28,34,30,0,home,18.0,215.5,2173.0,-5000.0,10.0,109.0,2.0,0,True
2016,2016-01-15,True,False,cha,no,107,109,34,15,32,26,0,32,25,27,25,0,home,3.5,202.0,140.0,-160.0,1.0,101.0,0.0,1,True
2016,2016-01-15,True,False,cle,hou,91,77,23,23,22,23,0,21,14,16,26,0,away,2.0,204.5,-135.0,115.0,3.0,101.5,1.0,0,False
2016,2016-01-15,True,False,mia,den,98,95,20,26,30,22,0,31,31,16,17,0,away,1.5,189.0,-125.0,105.0,5.5,94.0,1.0,1,False
2016,2016-01-15,True,False,atl,mil,101,108,28,23,25,19,6,22,24,27,22,13,away,4.5,206.0,-200.0,170.0,2.0,106.5,0.0,1,True
2016,2016-01-15,True,False,dal,chi,83,77,18,18,23,24,0,22,24,15,16,0,home,0.0,201.0,-105.0,-115.0,3.5,99.0,0.0,0,False
2016,2016-01-15,True,False,por,bkn,116,104,22,34,27,33,0,23,26,30,25,0,away,4.0,205.0,-165.0,146.0,0.5,103.0,1.0,1,False
2016,2016-01-15,True,False,phx,bos,103,117,29,18,31,25,0,36,32,28,21,0,home,9.5,209.5,400.0,-500.0,0.5,105.0,1.0,1,True
2016,2016-01-15,True,False,min,okc,93,113,17,26,22,28,0,31,26,25,31,0,home,13.0,209.5,850.0,-1450.0,3.5,103.5,1.0,0,True
2016,2016-01-15,True,False,wsh,ind,118,104,24,35,29,30,0,27,19,26,32,0,home,7.0,209.5,270.0,-335.0,8.0,104.0,0.0,1,False
2016,2016-01-16,True,False,sac,lac,110,103,30,34,18,28,0,30,30,19,24,0,home,3.5,218.5,150.0,-170.0,3.5,109.0,0.0,0,False
2016,2016-01-16,True,False,ny,mem,95,103,31,23,19,22,0,28,24,21,30,0,home,5.5,187.0,185.0,-215.0,4.5,94.5,1.0,1,True
2016,2016-01-16,True,False,gs,det,95,113,30,19,25,21,0,27,38,20,28,0,away,7.0,216.5,-295.0,235.0,10.5,107.5,0.0,0,True
2016,2016-01-16,True,False,lal,utah,82,109,18,18,23,23,0,32,28,29,20,0,home,8.5,191.0,325.0,-400.0,2.0,93.5,1.0,2,True
2016,2016-01-16,True,False,bkn,atl,86,114,23,25,20,18,0,27,28,29,30,0,home,10.0,206.5,470.0,-620.0,3.5,103.5,1.0,0,True
2016,2016-01-16,True,False,mil,cha,105,92,19,33,32,21,0,29,19,25,19,0,home,5.5,196.5,190.0,-230.0,5.5,97.0,0.0,1,False
2016,2016-01-16,True,False,bos,wsh,119,117,24,30,29,36,0,31,30,25,31,0,away,1.5,211.5,-125.0,105.0,3.0,109.0,1.0,1,False
2016,2016-01-16,True,False,por,phi,89,114,17,26,19,27,0,29,39,22,24,0,away,6.0,207.0,-240.0,200.0,9.5,103.0,0.0,0,True
2016,2016-01-17,True,False,phx,min,87,117,23,25,21,18,0,24,34,25,34,0,home,3.5,206.5,150.0,-170.0,1.5,103.0,1.0,0,True
2016,2016-01-17,True,False,dal,sa,83,112,16,20,20,27,0,14,32,32,34,0,home,12.5,195.5,750.0,-1200.0,4.5,96.5,1.0,0,True
2016,2016-01-17,True,False,mia,okc,74,99,18,24,16,16,0,24,20,31,24,0,home,10.0,200.5,450.0,-600.0,6.0,99.0,1.0,0,True
2016,2016-01-17,True,False,ind,den,126,129,30,36,25,35,0,30,24,30,45,0,away,2.5,199.5,-140.0,120.0,2.5,102.0,0.0,1,True
2016,2016-01-17,True,False,hou,lal,112,95,32,28,34,18,0,36,21,18,20,0,away,9.5,205.5,-550.0,425.0,5.5,102.5,1.0,1,False
2016,2016-01-18,True,False,bkn,tor,100,112,29,20,35,16,0,19,33,29,31,0,home,11.0,195.5,600.0,-900.0,6.0,98.5,1.0,1,True
2016,2016-01-18,True,False,hou,lac,132,140,21,31,28,42,10,33,26,35,28,18,home,6.0,209.5,210.0,-250.0,1.0,104.5,1.0,1,True
2016,2016-01-18,True,False,bos,dal,113,118,16,23,33,26,15,29,23,18,28,20,away,2.0,203.5,-130.0,110.0,5.5,106.0,0.0,1,True
2016,2016-01-18,True,False,gs,cle,132,98,34,36,34,28,0,21,23,23,31,0,home,3.5,209.5,140.0,-160.0,8.0,102.0,0.0,1,False
2016,2016-01-18,True,False,orl,atl,81,98,17,21,21,22,0,24,27,21,26,0,home,7.5,198.0,300.0,-360.0,0.0,99.0,1.0,0,True
2016,2016-01-18,True,False,phi,ny,113,119,29,18,16,33,17,29,23,24,20,23,home,9.5,200.5,450.0,-600.0,4.0,99.5,0.0,1,True
2016,2016-01-18,True,False,no,mem,99,101,26,25,25,23,0,24,25,23,29,0,home,4.5,193.0,170.0,-190.0,4.0,97.5,0.0,1,True
2016,2016-01-18,True,False,por,wsh,108,98,32,27,35,14,0,17,40,19,22,0,home,4.0,208.5,155.0,-175.0,3.5,103.0,0.0,0,False
2016,2016-01-18,True,False,utah,cha,119,124,28,15,21,31,24,29,23,21,22,29,home,3.5,185.5,145.0,-165.0,1.5,96.0,1.0,1,True
2016,2016-01-18,True,False,chi,det,111,101,26,30,27,28,0,32,21,26,22,0,home,3.5,200.5,140.0,-160.0,3.5,103.0,0.0,1,False
2016,2016-01-19,True,False,mil,mia,91,79,19,30,26,16,0,18,21,18,22,0,home,4.0,191.5,160.0,-180.0,4.5,95.0,0.0,0,False
2016,2016-01-19,True,False,min,no,99,114,38,22,15,24,0,25,26,31,32,0,home,5.5,204.0,200.0,-240.0,6.0,103.0,1.0,1,True
2016,2016-01-19,True,False,ind,phx,97,94,25,19,27,26,0,17,18,26,33,0,away,5.5,207.5,-250.0,210.0,0.5,105.5,0.0,0,False
2016,2016-01-19,True,False,okc,den,110,104,25,32,27,26,0,31,22,26,25,0,away,9.0,213.5,-450.0,375.0,4.5,104.0,0.0,1,False
2016,2016-01-20,True,False,gs,chi,125,94,34,29,24,38,0,18,26,19,31,0,away,6.0,216.0,-260.0,220.0,2.0,105.0,1.0,1,False
2016,2016-01-20,True,False,atl,por,104,98,29,19,26,30,0,18,25,29,26,0,away,1.5,210.5,-120.0,100.0,1.0,110.0,1.0,0,False
2016,2016-01-20,True,False,sac,lal,112,93,28,29,29,26,0,18,34,25,16,0,away,7.0,215.0,-310.0,260.0,3.0,107.5,1.0,0,False
2016,2016-01-20,True,False,cha,okc,95,109,22,23,25,25,0,30,22,36,21,0,home,9.5,207.0,425.0,-550.0,3.0,100.5,1.0,0,True
2016,2016-01-20,True,False,det,hou,123,114,33,23,29,38,0,23,24,32,35,0,home,3.0,209.0,140.0,-160.0,3.0,104.0,0.0,1,False
2016,2016-01-20,True,False,min,dal,94,106,33,16,18,22,5,23,26,15,25,17,home,6.5,200.0,230.0,-270.0,5.0,99.5,1.0,2,True
2016,2016-01-20,True,False,cle,bkn,91,78,23,28,22,18,0,17,21,17,23,0,away,13.0,197.5,-1500.0,850.0,4.0,95.5,2.0,0,False
2016,2016-01-20,True,False,bos,tor,109,115,27,35,28,19,0,35,21,40,19,0,home,3.5,202.0,145.0,-165.0,3.5,105.0,1.0,1,True
2016,2016-01-20,True,False,mia,wsh,87,106,22,15,27,23,0,26,25,30,25,0,home,6.0,193.5,235.0,-275.0,0.0,94.5,1.0,0,True
2016,2016-01-20,True,False,phi,orl,96,87,23,24,34,15,0,21,25,25,16,0,home,7.0,196.0,280.0,-340.0,5.5,97.0,0.0,0,False
2016,2016-01-20,True,False,utah,ny,111,118,22,26,28,23,12,17,20,31,31,19,home,2.5,187.0,120.0,-140.0,4.0,97.5,1.0,1,True
2016,2016-01-21,True,False,det,no,99,115,27,26,24,22,0,35,37,18,25,0,home,2.5,206.0,120.0,-140.0,4.5,102.0,1.0,1,True
2016,2016-01-21,True,False,lac,cle,102,115,31,19,22,30,0,28,31,29,27,0,home,6.5,203.0,235.0,-275.0,0.5,102.5,1.0,1,True
2016,2016-01-21,True,False,mem,den,102,101,37,18,24,23,0,23,25,29,24,0,away,2.5,196.5,-140.0,120.0,0.5,97.0,0.0,1,False
2016,2016-01-21,True,False,atl,sac,88,91,20,24,19,25,0,27,20,25,19,0,home,0.0,216.0,-110.0,-110.0,0.5,112.0,1.0,0,True
2016,2016-01-21,True,False,sa,phx,117,89,25,26,28,38,0,18,21,30,20,0,away,16.0,200.0,-6000.0,1600.0,6.0,103.5,1.0,1,False
2016,2016-01-22,True,False,sa,lal,108,95,31,25,31,21,0,22,21,28,24,0,away,16.5,200.0,-7000.0,1700.0,6.0,105.0,0.0,1,False
2016,2016-01-22,True,False,ind,gs,110,122,18,33,24,35,0,32,32,24,34,0,home,12.0,216.5,750.0,-1200.0,3.0,111.5,2.0,1,True
2016,2016-01-22,True,False,okc,dal,109,106,27,21,37,24,0,25,31,18,32,0,away,6.5,208.0,-260.0,220.0,6.0,104.0,0.0,1,False
2016,2016-01-22,True,False,mia,tor,81,101,20,24,23,14,0,31,29,20,21,0,home,10.5,189.5,525.0,-750.0,1.5,95.0,1.0,0,True
2016,2016-01-22,True,False,utah,bkn,108,86,22,26,37,23,0,23,17,17,29,0,away,6.0,188.5,-250.0,210.0,1.0,99.0,1.0,1,False
2016,2016-01-22,True,False,lac,ny,116,88,31,24,31,30,0,24,21,19,24,0,away,2.5,207.5,-150.0,130.0,2.0,101.5,1.0,0,False
2016,2016-01-22,True,False,chi,bos,101,110,23,26,33,19,0,34,30,26,20,0,home,3.5,209.0,145.0,-165.0,2.5,107.5,1.0,1,True
2016,2016-01-22,True,False,cha,orl,120,116,30,25,24,30,11,35,26,33,15,7,home,4.5,196.5,170.0,-190.0,1.0,98.0,0.0,1,False
2016,2016-01-22,True,False,mil,hou,98,102,28,17,21,32,0,31,26,22,23,0,home,2.5,211.0,125.0,-145.0,2.5,104.5,1.0,0,True
2016,2016-01-23,True,False,lal,por,103,121,22,30,24,27,0,37,25,39,20,0,home,11.5,209.5,600.0,-900.0,3.5,104.5,1.0,1,True
2016,2016-01-23,True,False,ind,sac,97,108,25,20,25,27,0,31,19,31,27,0,home,3.0,214.5,135.0,-155.0,0.5,111.0,1.0,0,True
2016,2016-01-23,True,False,det,den,101,104,32,22,20,27,0,26,19,39,20,0,away,4.5,205.5,-190.0,170.0,0.5,100.5,0.0,0,True
2016,2016-01-23,True,False,atl,phx,95,98,23,16,25,31,0,29,19,26,24,0,away,10.0,203.0,-750.0,525.0,10.0,106.5,0.0,0,True
2016,2016-01-23,True,False,mem,min,101,106,25,21,28,27,0,20,37,27,22,0,away,3.0,192.5,-160.0,140.0,5.0,95.0,0.0,1,True
2016,2016-01-23,True,False,mil,no,99,116,23,28,23,25,0,22,30,32,32,0,home,6.0,203.0,220.0,-260.0,4.0,100.5,1.0,1,True
2016,2016-01-23,True,False,ny,cha,84,97,22,21,13,28,0,20,25,32,20,0,away,1.5,200.5,-125.0,105.0,1.0,98.5,0.0,0,True
2016,2016-01-23,True,False,chi,cle,96,83,21,23,28,24,0,14,25,19,25,0,home,10.5,202.0,500.0,-700.0,9.5,105.0,0.0,0,False
2016,2016-01-24,True,False,bos,phi,112,92,30,28,36,18,0,25,18,26,23,0,away,8.0,206.0,-380.0,320.0,0.5,106.5,1.0,0,False
2016,2016-01-24,True,False,dal,hou,104,115,29,29,27,19,0,36,14,34,31,0,home,4.0,205.0,155.0,-175.0,4.5,103.5,1.0,1,True
2016,2016-01-24,True,False,okc,bkn,106,116,28,24,25,29,0,30,30,25,31,0,away,13.5,208.5,-2000.0,1000.0,12.0,104.5,0.0,1,True
2016,2016-01-24,True,False,lac,tor,94,112,34,15,22,23,0,27,35,21,29,0,home,2.5,205.5,120.0,-140.0,3.0,103.0,1.0,1,True
2016,2016-01-25,True,False,sa,gs,90,120,23,24,19,24,0,29,33,33,25,0,home,5.0,212.0,175.0,-200.0,2.0,109.5,1.0,0,True
2016,2016-01-25,True,False,cha,sac,129,128,16,30,42,27,14,31,25,28,31,13,home,8.0,214.0,320.0,-380.0,1.5,105.0,0.0,1,False
2016,2016-01-25,True,False,atl,den,119,105,31,35,24,29,0,30,20,26,29,0,away,4.0,208.0,-170.0,150.0,2.5,108.5,1.0,1,False
2016,2016-01-25,True,False,det,utah,95,92,22,26,21,26,0,13,23,23,33,0,home,3.0,193.0,135.0,-155.0,4.0,95.0,0.0,0,False
2016,2016-01-25,True,False,orl,mem,102,108,33,32,16,19,2,31,33,16,20,8,home,5.5,190.0,190.0,-220.0,4.5,96.5,1.0,1,True
2016,2016-01-25,True,False,mia,chi,89,84,18,31,12,28,0,23,24,21,16,0,home,6.5,192.0,250.0,-300.0,5.0,96.0,0.0,0,False
2016,2016-01-25,True,False,bos,wsh,116,91,22,31,31,32,0,20,29,21,21,0,home,3.0,214.0,135.0,-155.0,2.0,112.0,0.0,0,False
2016,2016-01-25,True,False,min,cle,107,114,29,26,18,34,0,32,27,24,31,0,home,13.5,205.0,950.0,-1800.0,8.5,101.5,0.0,1,True
2016,2016-01-25,True,False,hou,no,112,111,32,26,35,19,0,29,31,32,19,0,home,4.0,216.5,160.0,-180.0,1.0,107.0,0.0,1,False
2016,2016-01-26,True,False,orl,mil,100,107,30,26,22,22,0,23,30,29,25,0,home,5.0,197.0,180.0,-210.0,5.0,97.5,1.0,1,True
2016,2016-01-26,True,False,sac,por,97,112,29,23,22,23,0,33,25,30,24,0,home,5.0,214.0,175.0,-200.0,1.5,107.0,1.0,0,True
2016,2016-01-26,True,False,okc,ny,128,122,38,23,27,25,15,34,29,28,22,9,away,9.0,208.5,-460.0,380.0,8.0,104.5,0.0,1,False
2016,2016-01-26,True,False,dal,lal,92,90,32,24,21,15,0,25,33,20,12,0,away,6.5,201.0,-260.0,220.0,6.0,101.0,0.0,0,False
2016,2016-01-26,True,False,wsh,tor,89,106,18,32,20,19,0,24,29,24,29,0,home,8.5,206.0,320.0,-380.0,4.5,102.0,1.0,0,True
2016,2016-01-26,True,False,lac,ind,91,89,25,21,28,17,0,25,26,21,17,0,away,1.0,206.5,-120.0,100.0,2.5,103.0,1.0,0,False
2016,2016-01-26,True,False,mia,bkn,102,98,24,27,26,25,0,29,28,16,25,0,away,3.5,192.0,-165.0,145.0,3.5,95.5,1.0,1,False
2016,2016-01-26,True,False,phx,phi,103,113,24,21,26,32,0,31,23,30,29,0,home,2.0,204.5,115.0,-135.0,2.5,101.0,1.0,1,True
2016,2016-01-27,True,False,phx,cle,93,115,26,24,21,22,0,23,32,32,28,0,home,18.0,209.5,2100.0,-6500.0,9.0,103.5,1.0,0,True
2016,2016-01-27,True,False,den,bos,103,111,21,24,26,32,0,29,26,31,25,0,home,9.5,214.5,425.0,-550.0,2.5,105.0,0.0,0,True
2016,2016-01-27,True,False,phi,det,97,110,20,25,34,18,0,12,32,30,36,0,home,12.0,206.5,750.0,-1200.0,8.0,101.5,1.0,1,True
2016,2016-01-27,True,False,hou,sa,99,130,29,20,24,26,0,35,34,33,28,0,home,9.5,209.5,425.0,-550.0,0.0,104.0,1.0,1,True
2016,2016-01-27,True,False,lac,atl,85,83,17,26,21,21,0,23,22,21,17,0,home,5.0,205.5,190.0,-220.0,2.5,104.0,0.0,0,False
2016,2016-01-27,True,False,okc,min,126,123,28,34,29,35,0,28,36,30,29,0,away,6.5,213.0,-290.0,245.0,5.5,106.0,0.0,1,False
2016,2016-01-27,True,False,cha,utah,73,102,18,13,20,22,0,18,25,27,32,0,home,7.0,192.5,250.0,-300.0,0.0,95.0,1.0,0,True
2016,2016-01-27,True,False,dal,gs,107,127,22,26,29,30,0,32,24,39,32,0,home,18.0,214.0,2000.0,-9900.0,9.0,106.5,1.0,1,True
2016,2016-01-28,True,False,den,wsh,117,113,29,35,27,26,0,29,29,21,34,0,home,7.5,212.0,280.0,-340.0,8.0,106.0,0.0,1,False
2016,2016-01-28,True,False,atl,ind,92,111,24,20,31,17,0,27,24,31,29,0,home,3.0,202.5,130.0,-150.0,0.5,105.0,1.0,1,True
2016,2016-01-28,True,False,mil,mem,83,103,27,14,21,21,0,23,27,26,27,0,home,5.5,192.0,190.0,-220.0,0.0,96.0,1.0,0,True
2016,2016-01-28,True,False,ny,tor,93,103,21,22,20,30,0,27,26,20,30,0,home,12.0,199.0,600.0,-900.0,4.0,99.0,0.0,0,True
2016,2016-01-28,True,False,sac,no,105,114,19,34,26,26,0,37,26,29,22,0,away,5.5,215.0,-210.0,180.0,6.5,107.5,0.0,1,True
2016,2016-01-28,True,False,chi,lal,114,91,32,26,32,24,0,15,25,31,20,0,away,9.0,199.5,-450.0,375.0,0.0,101.5,1.0,1,False
2016,2016-01-29,True,False,cha,por,91,109,25,20,24,22,0,21,29,33,26,0,home,6.0,207.0,210.0,-250.0,2.0,104.0,1.0,0,True
2016,2016-01-29,True,False,min,utah,90,103,29,26,14,21,0,27,29,26,21,0,home,9.0,192.5,375.0,-450.0,5.5,96.0,1.0,1,True
2016,2016-01-29,True,False,lal,lac,93,105,29,20,22,22,0,28,26,24,27,0,home,14.5,205.0,1000.0,-2000.0,7.5,102.5,0.0,0,True
2016,2016-01-29,True,False,bkn,dal,79,91,18,21,16,24,0,25,26,20,20,0,home,8.0,199.5,320.0,-380.0,1.0,98.0,1.0,0,True
2016,2016-01-29,True,False,hou,okc,108,116,29,29,25,25,0,22,33,34,27,0,home,8.5,223.0,330.0,-400.0,7.0,110.0,0.0,1,True
2016,2016-01-29,True,False,mia,mil,107,103,33,22,26,26,0,28,20,35,20,0,home,0.0,194.0,-110.0,-110.0,1.5,96.0,0.0,1,False
2016,2016-01-29,True,False,orl,bos,94,113,22,28,27,17,0,26,32,28,27,0,home,8.0,205.5,320.0,-380.0,2.5,102.5,1.0,1,True
2016,2016-01-29,True,False,cle,det,114,106,33,33,30,18,0,27,31,20,28,0,away,4.0,207.0,-180.0,160.0,0.0,102.5,1.0,1,False
2016,2016-01-29,True,False,phx,ny,84,102,16,24,21,23,0,26,32,27,17,0,home,7.0,203.5,260.0,-310.0,2.0,101.5,1.0,0,True
2016,2016-01-30,True,False,sa,cle,103,117,30,19,27,27,0,37,29,26,25,0,away,1.0,203.0,-115.0,-105.0,5.5,104.0,0.0,1,True
2016,2016-01-30,True,False,wsh,hou,123,122,28,31,31,33,0,32,30,26,34,0,home,4.0,218.5,155.0,-175.0,1.0,106.0,0.0,1,False
2016,2016-01-30,True,False,bkn,no,103,105,22,29,15,37,0,16,28,27,34,0,home,9.0,205.0,375.0,-450.0,9.0,100.5,0.0,1,True
2016,2016-01-30,True,False,sac,mem,117,121,22,29,26,40,0,36,29,27,29,0,home,4.0,207.0,155.0,-175.0,2.0,102.5,2.0,1,True
2016,2016-01-30,True,False,det,tor,107,111,17,30,25,35,0,26,29,26,30,0,home,7.5,204.5,280.0,-340.0,2.0,102.0,0.0,1,True
2016,2016-01-30,True,False,gs,phi,108,105,34,39,18,17,0,28,26,18,33,0,away,17.0,218.0,-9900.0,2000.0,4.0,105.0,0.0,0,False
2016,2016-01-30,True,False,den,ind,105,109,27,24,32,16,6,35,24,21,19,10,home,9.5,210.0,400.0,-500.0,2.5,103.5,0.0,1,True
2016,2016-01-31,True,False,cha,lal,101,82,21,37,25,18,0,16,27,17,22,0,away,3.5,201.5,-165.0,145.0,2.5,100.0,1.0,0,False
2016,2016-01-31,True,False,chi,lac,93,120,22,25,26,20,0,24,27,33,36,0,home,4.5,202.5,170.0,-190.0,1.0,104.0,1.0,1,True
2016,2016-01-31,True,False,bos,orl,114,119,32,22,27,33,0,24,23,34,38,0,away,4.0,203.0,-175.0,155.0,0.5,105.0,0.0,1,True
2016,2016-01-31,True,False,atl,mia,87,105,17,17,28,25,0,27,20,28,30,0,away,3.0,197.5,-150.0,130.0,5.5,103.0,0.0,0,True
2016,2016-01-31,True,False,phx,dal,78,91,23,22,24,9,0,21,30,17,23,0,home,9.0,198.0,400.0,-500.0,3.0,99.5,1.0,0,True
2016,2016-01-31,True,False,gs,ny,116,95,18,37,27,34,0,20,29,16,30,0,away,11.0,219.0,-700.0,500.0,5.5,107.0,1.0,0,False
2016,2016-01-31,True,False,min,por,93,96,21,18,26,28,0,21,27,15,33,0,home,7.0,209.0,250.0,-300.0,0.5,104.5,0.0,0,True
2016,2016-02-01,True,False,tor,den,93,112,28,21,16,28,0,28,32,20,32,0,away,4.5,204.5,-200.0,175.0,6.0,102.5,0.0,1,True
2016,2016-02-01,True,False,dal,atl,97,112,15,31,27,24,0,27,26,33,26,0,home,6.5,199.0,220.0,-260.0,1.5,99.0,1.0,1,True
2016,2016-02-01,True,False,chi,utah,96,105,26,25,17,25,3,26,21,20,26,12,home,5.5,190.5,190.0,-220.0,5.5,99.0,1.0,1,True
2016,2016-02-01,True,False,mil,sac,104,111,32,24,18,30,0,25,28,21,37,0,home,1.5,213.5,110.0,-130.0,1.0,107.5,1.0,1,True
2016,2016-02-01,True,False,orl,sa,92,107,24,20,26,22,0,35,17,23,32,0,home,15.5,201.0,1600.0,-6000.0,7.0,100.5,0.0,0,True
2016,2016-02-01,True,False,det,bkn,105,100,28,26,24,27,0,26,31,18,25,0,away,7.0,202.5,-310.0,260.0,7.0,102.0,0.0,1,False
2016,2016-02-01,True,False,mem,no,110,95,22,32,23,33,0,27,25,23,20,0,home,3.0,202.5,130.0,-150.0,3.0,101.0,0.0,1,False
2016,2016-02-01,True,False,wsh,okc,98,114,26,26,24,22,0,36,28,28,22,0,home,10.0,223.5,450.0,-600.0,2.5,109.5,1.0,0,True
2016,2016-02-01,True,False,cle,ind,111,106,33,27,15,21,15,26,23,30,17,10,away,5.5,208.0,-230.0,195.0,0.5,103.5,0.0,1,False
2016,2016-02-02,True,False,bos,ny,97,89,21,24,25,27,0,22,25,18,24,0,away,4.5,208.5,-185.0,165.0,4.0,108.0,1.0,0,False
2016,2016-02-02,True,False,mia,hou,102,115,31,24,25,22,0,31,29,27,28,0,home,5.0,210.5,175.0,-205.0,1.0,106.0,1.0,1,True
2016,2016-02-02,True,False,tor,phx,104,97,28,24,26,26,0,32,13,26,26,0,away,9.5,198.0,-490.0,390.0,4.0,98.5,0.0,1,False
2016,2016-02-02,True,False,mil,por,95,107,19,30,24,22,0,27,29,23,28,0,home,7.5,206.0,260.0,-325.0,2.5,103.0,1.0,0,True
2016,2016-02-02,True,False,min,lal,115,119,26,26,29,34,0,27,39,26,27,0,away,4.0,206.0,-175.0,155.0,7.0,103.5,0.0,1,True
2016,2016-02-03,True,False,chi,sac,107,102,34,26,20,27,0,25,32,18,27,0,home,4.0,211.5,160.0,-180.0,4.0,111.5,0.0,0,False
2016,2016-02-03,True,False,den,utah,81,85,23,23,17,18,0,21,19,21,24,0,home,8.0,195.0,320.0,-380.0,8.0,95.5,0.0,0,True
2016,2016-02-03,True,False,no,sa,97,110,27,18,34,18,0,30,23,30,27,0,home,12.5,206.5,800.0,-1400.0,5.0,103.0,1.0,1,True
2016,2016-02-03,True,False,mia,dal,93,90,21,26,27,19,0,21,25,19,25,0,home,2.5,194.5,125.0,-145.0,2.5,95.5,0.0,0,False
2016,2016-02-03,True,False,gs,wsh,134,121,43,31,29,31,0,28,32,32,29,0,away,10.0,227.0,-600.0,450.0,2.0,111.0,1.0,1,False
2016,2016-02-03,True,False,min,lac,108,102,27,26,23,32,0,27,28,19,28,0,home,11.0,210.0,625.0,-950.0,6.5,104.0,0.0,2,False
2016,2016-02-03,True,False,det,bos,95,102,16,20,24,35,0,27,29,22,24,0,home,4.0,209.5,160.0,-180.0,3.5,103.5,1.0,0,True
2016,2016-02-03,True,False,ind,bkn,114,100,26,36,25,27,0,23,20,34,23,0,away,6.5,199.0,-270.0,230.0,2.5,103.0,1.0,1,False
2016,2016-02-03,True,False,atl,phi,124,86,27,31,30,36,0,17,25,20,24,0,away,7.5,208.5,-340.0,280.0,1.5,108.0,1.0,1,False
2016,2016-02-03,True,False,cle,cha,97,106,23,35,17,22,0,23,26,33,24,0,away,8.0,202.0,-370.0,310.0,1.5,98.5,0.0,1,True
2016,2016-02-03,True,False,orl,okc,114,117,32,33,29,20,0,32,34,30,21,0,home,11.5,211.5,650.0,-1000.0,7.0,104.5,0.0,1,True
2016,2016-02-04,True,False,ny,det,105,111,15,21,35,34,0,27,33,18,33,0,home,4.5,201.5,165.0,-185.0,3.5,99.5,1.0,1,True
2016,2016-02-04,True,False,lal,no,99,96,26,33,20,20,0,28,20,21,27,0,home,9.5,210.5,425.0,-550.0,8.5,105.5,0.0,0,False
2016,2016-02-04,True,False,tor,por,110,103,37,22,23,28,0,25,26,24,28,0,home,1.5,206.0,105.0,-125.0,3.0,104.0,0.0,1,False
2016,2016-02-04,True,False,hou,phx,111,105,19,37,32,23,0,28,31,21,25,0,away,7.5,217.5,-340.0,280.0,7.0,109.0,0.0,0,False
2016,2016-02-05,True,False,sa,dal,116,90,27,35,26,28,0,12,14,34,30,0,away,7.0,197.5,-290.0,245.0,4.5,102.5,1.0,1,False
2016,2016-02-05,True,False,chi,den,110,115,26,31,32,21,0,30,25,18,42,0,home,2.5,206.0,125.0,-145.0,4.5,107.0,1.0,1,True
2016,2016-02-05,True,False,mil,utah,81,84,19,25,16,21,0,18,22,21,23,0,home,7.0,188.0,250.0,-300.0,7.0,93.5,0.0,0,True
2016,2016-02-05,True,False,sac,bkn,119,128,25,36,24,34,0,33,32,38,25,0,away,5.5,213.5,-215.0,185.0,5.0,104.5,0.0,1,True
2016,2016-02-05,True,False,mem,ny,91,85,24,26,19,22,0,18,22,22,23,0,away,5.5,193.5,-220.0,190.0,0.5,95.5,1.0,0,False
2016,2016-02-05,True,False,phi,wsh,94,106,18,29,25,22,0,38,22,22,24,0,home,9.0,214.0,400.0,-500.0,1.0,105.5,1.0,0,True
2016,2016-02-05,True,False,lac,orl,107,93,28,27,22,30,0,20,24,29,20,0,away,3.5,204.5,-160.0,140.0,1.5,101.5,1.0,0,False
2016,2016-02-05,True,False,ind,atl,96,102,29,22,21,24,0,26,24,23,29,0,home,5.0,209.0,185.0,-215.0,4.0,108.0,1.0,0,True
2016,2016-02-05,True,False,mia,cha,98,95,25,22,20,31,0,31,16,26,22,0,home,4.0,195.0,155.0,-175.0,3.0,96.0,0.0,0,False
2016,2016-02-05,True,False,bos,cle,104,103,20,23,22,39,0,32,17,24,30,0,home,6.5,210.0,240.0,-280.0,2.0,109.0,0.0,0,False
2016,2016-02-06,True,False,dal,mem,114,110,25,29,25,23,12,30,22,28,22,8,home,5.5,192.5,185.0,-215.0,5.5,96.5,0.0,1,False
2016,2016-02-06,True,False,utah,phx,98,89,31,22,18,27,0,12,23,23,31,0,away,6.5,187.5,-280.0,240.0,1.5,97.5,1.0,0,False
2016,2016-02-06,True,False,lal,sa,102,106,20,31,30,21,0,29,25,25,27,0,home,17.0,205.5,1800.0,-8000.0,9.5,103.0,0.0,1,True
2016,2016-02-06,True,False,chi,min,105,112,21,34,29,21,0,26,23,35,28,0,home,3.5,204.5,145.0,-165.0,3.0,107.0,1.0,1,True
2016,2016-02-06,True,False,okc,gs,108,116,31,28,24,25,0,36,37,18,25,0,home,7.5,232.5,300.0,-360.0,0.5,115.0,1.0,0,True
2016,2016-02-06,True,False,bkn,phi,98,103,12,27,25,34,0,24,17,28,34,0,home,1.0,206.0,-105.0,-115.0,0.0,104.0,1.0,0,True
2016,2016-02-06,True,False,det,ind,104,112,22,26,33,23,0,34,28,25,25,0,home,4.5,204.0,160.0,-180.0,2.0,102.0,1.0,1,True
2016,2016-02-06,True,False,wsh,cha,104,108,25,33,17,29,0,25,23,30,30,0,home,5.5,210.5,175.0,-200.0,5.5,102.0,0.0,1,True
2016,2016-02-06,True,False,por,hou,96,79,29,26,19,22,0,23,13,17,26,0,home,5.0,218.0,180.0,-210.0,7.0,109.0,0.0,0,False
2016,2016-02-06,True,False,no,cle,84,99,20,23,27,14,0,28,26,20,25,0,home,9.5,206.5,450.0,-600.0,2.5,102.5,1.0,0,True
2016,2016-02-07,True,False,sac,bos,119,128,37,21,29,32,0,46,28,21,33,0,home,7.5,216.5,290.0,-350.0,0.5,108.0,1.0,1,True
2016,2016-02-07,True,False,den,ny,101,96,31,29,17,24,0,20,29,30,17,0,home,4.0,202.0,150.0,-170.0,5.5,99.0,0.0,0,False
2016,2016-02-07,True,False,atl,orl,94,96,19,22,19,34,0,30,18,23,25,0,away,3.0,202.0,-155.0,135.0,4.0,105.5,0.0,0,True
2016,2016-02-07,True,False,lac,mia,100,93,15,31,27,27,0,19,26,20,28,0,away,1.5,195.5,-120.0,100.0,0.5,96.5,1.0,0,False
2016,2016-02-08,True,False,okc,phx,122,106,28,29,32,33,0,19,38,28,21,0,away,13.0,214.0,-1600.0,900.0,8.5,106.0,1.0,1,False
2016,2016-02-08,True,False,por,mem,112,106,25,26,27,24,10,27,22,29,24,4,home,3.0,199.0,130.0,-150.0,1.0,98.5,0.0,1,False
2016,2016-02-08,True,False,orl,atl,117,110,18,23,31,29,16,30,24,29,18,9,home,8.5,203.0,330.0,-400.0,1.0,101.5,0.0,1,False
2016,2016-02-08,True,False,tor,det,103,89,19,30,21,33,0,24,19,22,24,0,away,2.0,206.0,-130.0,110.0,0.5,103.0,1.0,0,False
2016,2016-02-08,True,False,no,min,116,102,28,35,32,21,0,22,24,24,32,0,home,2.0,210.5,115.0,-135.0,5.0,105.0,0.0,1,False
2016,2016-02-08,True,False,lal,ind,87,89,22,16,21,28,0,23,23,18,25,0,home,12.5,206.0,750.0,-1200.0,4.5,102.0,0.0,0,True
2016,2016-02-08,True,False,lac,phi,98,92,22,27,16,23,10,25,34,14,15,4,away,9.0,207.5,-450.0,375.0,9.0,104.5,0.0,0,False
2016,2016-02-08,True,False,sac,cle,100,120,23,22,25,30,0,31,30,30,29,0,home,12.0,218.5,700.0,-1100.0,1.5,105.5,1.0,1,True
2016,2016-02-08,True,False,chi,cha,91,108,20,22,23,26,0,38,19,30,21,0,home,7.5,199.0,280.0,-340.0,0.5,102.5,1.0,2,True
2016,2016-02-08,True,False,den,bkn,104,105,22,27,29,26,0,26,29,26,24,0,away,2.5,206.0,-145.0,125.0,3.0,100.5,0.0,1,True
2016,2016-02-09,True,False,sa,mia,119,101,20,34,31,34,0,24,23,28,26,0,away,6.5,196.0,-280.0,240.0,1.5,102.0,1.0,1,False
2016,2016-02-09,True,False,wsh,ny,111,108,35,28,20,28,0,21,29,33,25,0,away,1.0,207.5,-120.0,100.0,3.0,102.0,1.0,1,False
2016,2016-02-09,True,False,bos,mil,111,112,30,24,20,37,0,26,27,40,19,0,away,4.0,208.0,-175.0,155.0,2.5,107.5,0.0,1,True
2016,2016-02-09,True,False,utah,dal,121,119,21,30,27,32,11,29,29,29,23,9,home,1.5,187.0,105.0,-125.0,2.0,98.0,0.0,1,False
2016,2016-02-09,True,False,hou,gs,110,123,27,39,27,17,0,42,27,24,30,0,home,14.0,228.0,1200.0,-3000.0,8.5,112.5,0.0,1,True
2016,2016-02-10,True,False,utah,no,96,100,22,23,32,19,0,20,27,24,29,0,home,1.5,194.0,105.0,-125.0,0.0,100.5,1.0,1,True
2016,2016-02-10,True,False,hou,por,103,116,29,17,35,22,0,29,28,35,24,0,home,4.5,215.0,165.0,-185.0,2.0,107.5,1.0,1,True
2016,2016-02-10,True,False,gs,phx,112,104,29,28,34,21,0,28,15,32,29,0,away,16.0,220.0,-6000.0,1600.0,5.0,108.5,0.0,0,False
2016,2016-02-10,True,False,tor,min,112,117,32,36,21,23,0,26,29,33,29,0,away,6.0,207.5,-250.0,210.0,0.5,102.5,0.0,1,True
2016,2016-02-10,True,False,atl,chi,113,90,28,25,38,22,0,29,19,25,17,0,away,4.0,205.5,-175.0,155.0,1.0,107.0,1.0,0,False
2016,2016-02-10,True,False,lal,cle,111,120,25,22,27,37,0,35,29,29,27,0,home,16.0,210.0,1600.0,-6000.0,4.0,103.5,0.0,1,True
2016,2016-02-10,True,False,sa,orl,98,96,29,21,17,31,0,23,28,28,17,0,away,8.5,202.5,-420.0,350.0,6.5,106.0,0.0,0,False
2016,2016-02-10,True,False,mem,bkn,109,90,22,28,39,20,0,27,18,18,27,0,away,4.0,198.0,-175.0,155.0,1.0,98.5,1.0,1,False
2016,2016-02-10,True,False,den,det,103,92,20,32,23,28,0,22,31,18,21,0,home,4.0,207.5,165.0,-185.0,2.5,102.5,0.0,0,False
2016,2016-02-10,True,False,cha,ind,117,95,25,35,29,28,0,25,18,27,25,0,home,3.5,201.0,145.0,-165.0,6.0,99.0,0.0,1,False
2016,2016-02-10,True,False,sac,phi,114,110,24,24,27,39,0,30,33,24,23,0,away,5.5,220.0,-220.0,190.0,7.5,108.0,0.0,1,False
2016,2016-02-10,True,False,lac,bos,134,139,37,27,27,31,12,33,38,27,24,17,home,2.0,212.0,115.0,-135.0,2.0,106.5,1.0,1,True
2016,2016-02-11,True,False,no,okc,95,121,25,28,21,21,0,29,33,33,26,0,home,12.0,218.5,750.0,-1200.0,4.5,108.5,1.0,0,True
2016,2016-02-11,True,False,wsh,mil,92,99,27,19,24,22,0,18,37,14,30,0,home,1.5,214.0,105.0,-125.0,2.5,106.0,1.0,0,True
2016,2016-02-18,True,False,utah,wsh,89,103,23,19,26,21,0,28,21,27,27,0,away,2.0,196.0,-130.0,110.0,3.5,103.0,0.0,0,True
2016,2016-02-18,True,False,sa,lac,86,105,15,19,29,23,0,21,21,30,33,0,away,1.0,206.5,-120.0,100.0,3.5,107.5,0.0,0,True
2016,2016-02-18,True,False,chi,cle,95,106,19,23,22,31,0,26,22,30,28,0,home,12.5,206.0,800.0,-1400.0,6.0,105.5,0.0,0,True
2016,2016-02-19,True,False,cha,mil,98,95,28,24,18,28,0,25,27,26,17,0,away,1.5,201.5,-125.0,105.0,1.0,99.5,1.0,0,False
2016,2016-02-19,True,False,sa,lal,119,113,33,27,25,34,0,30,19,26,38,0,away,10.0,201.0,-700.0,500.0,2.5,104.5,0.0,1,False
2016,2016-02-19,True,False,bos,utah,93,111,24,25,23,21,0,26,28,29,28,0,home,0.0,197.0,-110.0,-110.0,1.5,105.0,1.0,1,True
2016,2016-02-19,True,False,gs,por,105,137,31,31,17,26,0,42,26,36,33,0,away,8.0,225.0,-400.0,330.0,9.5,113.0,0.0,1,True
2016,2016-02-19,True,False,den,sac,110,116,24,33,20,33,0,31,39,18,28,0,home,4.0,218.5,150.0,-170.0,2.0,108.5,1.0,1,True
2016,2016-02-19,True,False,hou,phx,116,100,21,35,25,35,0,24,21,20,35,0,away,7.5,214.0,-360.0,300.0,0.5,105.5,1.0,1,False
2016,2016-02-19,True,False,tor,chi,106,116,35,23,23,25,0,24,28,37,27,0,away,7.5,200.5,-310.0,260.0,2.0,98.0,0.0,1,True
2016,2016-02-19,True,False,dal,orl,104,110,13,38,30,17,6,31,25,16,26,12,home,1.5,201.0,105.0,-125.0,1.0,100.0,1.0,1,True
2016,2016-02-19,True,False,ind,okc,101,98,24,20,23,34,0,24,27,25,22,0,home,8.0,214.5,330.0,-400.0,2.0,110.0,0.0,0,False
2016,2016-02-19,True,False,mia,atl,115,111,22,30,27,36,0,19,33,29,30,0,home,10.0,197.0,525.0,-750.0,7.0,99.0,0.0,1,False
2016,2016-02-19,True,False,phi,no,114,121,26,29,35,24,0,37,34,21,29,0,home,9.0,204.5,360.0,-430.0,1.0,101.0,0.0,1,True
2016,2016-02-19,True,False,ny,bkn,98,109,32,20,24,22,0,23,27,34,25,0,away,5.0,199.0,-200.0,175.0,3.0,99.0,0.0,1,True
2016,2016-02-19,True,False,det,wsh,86,98,15,25,21,25,0,29,26,28,15,0,home,2.0,209.0,110.0,-130.0,3.5,103.0,1.0,0,True
2016,2016-02-19,True,False,min,mem,104,109,27,21,33,23,0,28,23,25,33,0,home,4.5,205.0,160.0,-180.0,1.5,101.5,1.0,1,True
2016,2016-02-20,True,False,wsh,mia,94,114,19,25,24,26,0,30,29,23,32,0,away,1.5,201.5,-125.0,105.0,5.5,99.0,0.0,1,True
2016,2016-02-20,True,False,mil,atl,117,109,31,23,21,19,23,29,21,18,26,15,home,8.0,207.0,300.0,-360.0,7.5,104.0,0.0,1,False
2016,2016-02-20,True,False,ny,min,103,95,31,28,22,22,0,16,32,13,34,0,home,2.5,207.5,125.0,-145.0,4.5,103.5,0.0,0,False
2016,2016-02-20,True,False,gs,lac,115,112,33,30,30,22,0,20,33,31,28,0,away,4.0,228.0,-185.0,165.0,1.0,112.0,0.0,0,False
2016,2016-02-21,True,False,utah,por,111,115,25,27,30,29,0,18,29,33,35,0,home,3.5,196.5,140.0,-160.0,3.5,103.5,1.0,1,True
2016,2016-02-21,True,False,lal,chi,115,126,30,28,23,34,0,31,31,35,29,0,home,7.0,209.5,270.0,-330.0,3.0,104.5,1.0,1,True
2016,2016-02-21,True,False,cha,bkn,104,96,29,26,31,18,0,26,22,25,23,0,away,7.0,204.0,-320.0,265.0,1.5,102.0,1.0,0,False
2016,2016-02-21,True,False,mem,tor,85,98,20,23,21,21,0,22,24,28,24,0,home,7.5,201.5,290.0,-350.0,4.0,100.0,1.0,0,True
2016,2016-02-21,True,False,phi,dal,103,129,30,24,26,23,0,28,38,29,34,0,home,9.5,205.0,450.0,-600.0,1.5,101.5,1.0,1,True
2016,2016-02-21,True,False,bos,den,121,101,35,29,27,30,0,17,32,29,23,0,away,2.5,213.0,-145.0,125.0,3.0,109.0,1.0,1,False
2016,2016-02-21,True,False,sa,phx,118,111,30,30,28,30,0,21,29,32,29,0,away,14.0,204.0,-5000.0,1500.0,4.5,107.5,0.0,1,False
2016,2016-02-21,True,False,no,det,111,106,28,27,25,31,0,25,30,20,31,0,home,4.5,206.0,175.0,-200.0,3.0,104.5,0.0,1,False
2016,2016-02-21,True,False,cle,okc,115,92,27,35,33,20,0,28,25,20,19,0,home,3.0,218.5,140.0,-160.0,6.0,107.5,0.0,0,False
2016,2016-02-21,True,False,ind,orl,105,102,20,27,33,25,0,22,25,32,23,0,away,1.5,202.5,-125.0,105.0,1.0,105.5,1.0,1,False
2016,2016-02-22,True,False,phx,lac,84,124,17,25,19,23,0,36,23,31,34,0,home,15.0,212.0,1400.0,-4000.0,4.5,108.0,1.0,0,True
2016,2016-02-22,True,False,lal,mil,101,108,19,29,17,36,0,29,25,36,18,0,home,9.0,210.5,375.0,-450.0,3.0,103.5,0.0,0,True
2016,2016-02-22,True,False,bos,min,122,124,23,30,31,38,0,31,28,34,31,0,away,4.0,218.5,-175.0,155.0,4.5,114.0,0.0,1,True
2016,2016-02-22,True,False,gs,atl,102,92,30,28,18,26,0,15,24,36,17,0,away,6.0,226.5,-270.0,230.0,2.5,109.0,1.0,0,False
2016,2016-02-22,True,False,ind,mia,93,101,25,19,25,19,5,15,26,29,18,13,home,1.5,202.0,105.0,-125.0,1.5,104.5,1.0,0,True
2016,2016-02-22,True,False,det,cle,96,88,33,23,19,21,0,28,21,19,20,0,home,9.0,207.5,400.0,-500.0,9.0,103.5,0.0,0,False
2016,2016-02-22,True,False,tor,ny,122,95,26,31,29,36,0,28,15,25,27,0,away,4.0,203.0,-175.0,155.0,2.0,101.5,1.0,1,False
2016,2016-02-23,True,False,orl,phi,124,115,33,34,30,27,0,31,31,31,22,0,away,5.5,209.5,-240.0,200.0,2.0,102.5,1.0,1,False
2016,2016-02-23,True,False,no,wsh,89,109,19,32,14,24,0,24,30,31,24,0,home,5.0,217.5,175.0,-200.0,2.0,108.5,1.0,0,True
2016,2016-02-23,True,False,hou,utah,114,117,23,28,32,23,8,34,22,23,27,11,home,4.5,203.5,165.0,-185.0,1.5,100.0,0.0,1,True
2016,2016-02-23,True,False,sac,den,114,110,28,33,30,23,0,25,25,27,33,0,home,2.5,222.5,120.0,-140.0,4.0,108.0,0.0,1,False
2016,2016-02-23,True,False,bkn,por,104,112,21,28,33,22,0,34,29,22,27,0,home,11.5,212.0,650.0,-1000.0,2.5,109.0,0.0,1,True
2016,2016-02-24,True,False,wsh,chi,104,109,31,24,24,25,0,28,29,32,20,0,away,1.5,212.0,-120.0,100.0,1.0,103.5,0.0,1,True
2016,2016-02-24,True,False,sa,sac,108,92,25,24,27,32,0,24,14,32,22,0,away,8.0,219.0,-360.0,300.0,1.5,113.0,1.0,0,False
2016,2016-02-24,True,False,okc,dal,116,103,33,25,29,29,0,24,27,30,22,0,away,5.5,215.0,-230.0,195.0,1.0,105.0,1.0,1,False
2016,2016-02-24,True,False,lal,mem,119,128,26,32,26,35,0,36,31,30,31,0,home,8.5,206.5,350.0,-420.0,2.0,104.0,1.0,1,True
2016,2016-02-24,True,False,den,lac,87,81,23,30,18,16,0,19,20,23,19,0,home,11.0,214.0,600.0,-900.0,11.5,108.0,0.0,0,False
2016,2016-02-24,True,False,min,tor,105,114,28,30,28,19,0,37,24,26,27,0,home,9.5,211.0,425.0,-550.0,4.5,106.0,0.0,1,True
2016,2016-02-24,True,False,phi,det,91,111,20,22,19,30,0,33,32,20,26,0,home,12.0,210.0,650.0,-1000.0,1.0,102.0,1.0,0,True
2016,2016-02-24,True,False,cha,cle,103,114,24,28,24,27,0,23,40,25,26,0,home,9.0,208.0,350.0,-420.0,1.5,102.5,1.0,1,True
2016,2016-02-24,True,False,ny,ind,105,108,26,28,26,25,0,28,24,28,28,0,home,6.5,201.5,230.0,-270.0,5.0,101.0,0.0,1,True
2016,2016-02-24,True,False,gs,mia,118,112,21,30,29,38,0,30,25,28,29,0,away,9.0,218.5,-500.0,400.0,8.5,107.5,0.0,1,False
2016,2016-02-25,True,False,gs,orl,130,114,33,26,40,31,0,30,33,28,23,0,away,8.0,223.5,-375.0,305.0,8.5,110.5,1.0,1,False
2016,2016-02-25,True,False,mil,bos,107,112,25,27,21,34,0,35,27,26,24,0,home,7.5,214.0,265.0,-330.0,1.0,105.5,0.0,1,True
2016,2016-02-25,True,False,okc,no,119,123,32,32,23,32,0,35,26,28,34,0,away,6.0,222.5,-235.0,195.0,3.0,110.0,0.0,1,True
2016,2016-02-25,True,False,bkn,phx,116,106,34,32,24,26,0,29,16,26,35,0,home,1.0,208.5,-105.0,-115.0,5.5,106.5,0.0,1,False
2016,2016-02-25,True,False,hou,por,119,105,28,21,37,33,0,34,30,29,12,0,home,4.0,219.0,165.0,-185.0,2.5,107.5,0.0,1,False
2016,2016-02-25,True,False,sa,utah,96,78,18,21,26,31,0,23,12,22,21,0,away,3.0,193.5,-160.0,140.0,1.5,101.0,1.0,0,False
2016,2016-02-26,True,False,mem,lal,112,95,32,35,23,22,0,25,25,21,24,0,away,5.0,212.0,-220.0,190.0,2.5,104.5,1.0,0,False
2016,2016-02-26,True,False,lac,sac,117,107,30,34,34,19,0,30,37,16,24,0,away,5.0,218.5,-200.0,175.0,5.5,110.0,1.0,1,False
2016,2016-02-26,True,False,den,dal,116,122,28,28,24,28,8,20,24,32,32,14,home,6.0,208.0,210.0,-250.0,7.5,102.0,2.0,1,True
2016,2016-02-26,True,False,chi,atl,88,103,21,23,23,21,0,26,25,28,24,0,home,7.5,208.5,280.0,-340.0,2.5,105.0,1.0,0,True
2016,2016-02-26,True,False,wsh,phi,103,94,21,27,28,27,0,26,26,20,22,0,away,7.5,217.5,-370.0,310.0,7.0,106.5,1.0,0,False
2016,2016-02-26,True,False,orl,ny,95,108,23,21,25,26,0,32,30,20,26,0,home,2.5,209.5,115.0,-135.0,4.0,102.0,1.0,0,True
2016,2016-02-26,True,False,cha,ind,96,95,29,24,24,19,0,26,24,20,25,0,home,4.0,202.5,150.0,-170.0,4.0,101.5,0.0,0,False
2016,2016-02-26,True,False,cle,tor,97,99,31,18,28,20,0,21,24,23,31,0,away,2.5,206.0,-145.0,125.0,0.0,100.5,0.0,0,True
2016,2016-02-27,True,False,gs,okc,121,118,20,26,32,25,18,30,27,26,20,15,away,3.0,234.0,-160.0,140.0,6.5,116.0,2.0,1,False
2016,2016-02-27,True,False,mem,phx,106,111,18,28,30,30,0,25,29,32,25,0,away,6.5,208.5,-280.0,240.0,7.5,104.5,0.0,1,True
2016,2016-02-27,True,False,bkn,utah,98,96,20,28,22,28,0,22,21,18,35,0,home,11.5,197.0,700.0,-1100.0,9.5,102.0,0.0,0,False
2016,2016-02-27,True,False,det,mil,102,91,34,25,21,22,0,24,25,24,18,0,home,1.0,204.0,100.0,-120.0,3.5,100.5,0.0,0,False
2016,2016-02-27,True,False,sa,hou,104,94,26,25,25,28,0,11,20,26,37,0,away,6.0,212.5,-240.0,200.0,3.0,110.0,1.0,0,False
2016,2016-02-27,True,False,min,no,112,110,25,20,31,36,0,26,30,30,24,0,home,2.0,217.5,115.0,-135.0,3.0,107.0,0.0,1,False
2016,2016-02-27,True,False,mia,bos,89,101,26,23,21,19,0,18,28,26,29,0,home,6.0,211.5,200.0,-240.0,5.5,105.5,1.0,0,True
2016,2016-02-27,True,False,por,chi,103,95,21,30,28,24,0,21,20,32,22,0,away,4.5,210.0,-185.0,165.0,1.0,102.5,1.0,0,False
2016,2016-02-28,True,False,mia,ny,98,81,23,21,25,29,0,19,20,26,16,0,away,2.0,197.0,-130.0,110.0,0.0,97.0,1.0,0,False
2016,2016-02-28,True,False,phi,orl,116,130,26,25,36,29,0,40,37,25,28,0,home,9.0,214.5,400.0,-500.0,1.5,107.5,1.0,1,True
2016,2016-02-28,True,False,por,ind,111,102,39,26,22,24,0,27,27,23,25,0,home,6.0,208.0,210.0,-250.0,6.5,104.0,0.0,1,False
2016,2016-02-28,True,False,min,dal,101,128,24,30,20,27,0,39,26,34,29,0,home,7.5,211.0,280.0,-340.0,0.5,105.0,1.0,1,True
2016,2016-02-28,True,False,cha,atl,76,87,9,23,25,19,0,25,21,22,19,0,home,4.5,202.0,175.0,-200.0,2.0,100.0,1.0,0,True
2016,2016-02-28,True,False,cle,wsh,99,113,28,26,16,29,0,35,28,33,17,0,away,2.5,205.5,-140.0,120.0,3.5,101.5,0.0,1,True
2016,2016-02-28,True,False,tor,det,101,114,25,27,20,29,0,23,29,37,25,0,home,1.5,199.0,105.0,-125.0,1.0,98.5,1.0,1,True
2016,2016-02-29,True,False,okc,sac,131,116,29,32,33,37,0,25,28,31,32,0,away,8.5,227.5,-450.0,375.0,2.5,112.5,1.0,1,False
2016,2016-02-29,True,False,ind,cle,96,100,19,24,30,23,0,18,26,30,26,0,home,8.0,202.5,320.0,-380.0,5.0,105.5,0.0,0,True
2016,2016-02-29,True,False,phi,wsh,108,116,23,25,34,26,0,27,33,19,37,0,home,12.5,214.5,950.0,-1800.0,3.0,105.5,0.0,1,True
2016,2016-02-29,True,False,utah,bos,95,100,29,17,27,22,0,23,20,29,28,0,home,5.0,205.0,175.0,-200.0,5.0,108.5,2.0,0,True
2016,2016-02-29,True,False,hou,mil,121,128,26,38,28,29,0,32,33,27,36,0,away,3.5,215.0,-155.0,135.0,4.0,106.0,0.0,1,True
2016,2016-02-29,True,False,mem,den,103,96,22,26,23,32,0,19,28,24,25,0,away,1.5,204.0,-125.0,105.0,1.0,98.5,1.0,0,False
2016,2016-02-29,True,False,bkn,lac,95,105,27,19,33,16,0,29,23,29,24,0,home,12.5,212.5,850.0,-1500.0,5.5,110.0,0.0,0,True
2016,2016-03-01,True,False,bkn,lal,101,107,19,31,24,27,0,24,34,21,28,0,home,1.0,212.0,-105.0,-115.0,3.0,111.5,1.0,0,True
2016,2016-03-01,True,False,atl,gs,105,109,26,22,22,27,8,32,27,16,22,12,home,5.5,213.0,230.0,-270.0,1.5,111.5,0.0,1,True
2016,2016-03-01,True,False,orl,dal,108,121,27,34,20,27,0,35,34,27,25,0,home,4.5,214.5,170.0,-190.0,0.0,106.5,1.0,1,True
2016,2016-03-01,True,False,phx,cha,92,126,18,24,19,31,0,35,33,30,28,0,home,12.5,210.0,800.0,-1400.0,1.0,108.5,1.0,1,True
2016,2016-03-01,True,False,por,ny,104,85,27,31,27,19,0,25,25,22,13,0,away,4.5,209.5,-180.0,160.0,0.0,105.5,1.0,0,False
2016,2016-03-01,True,False,chi,mia,111,129,30,32,20,29,0,36,29,30,34,0,home,6.0,201.5,210.0,-250.0,3.0,102.5,1.0,1,True
2016,2016-03-02,True,False,okc,lac,98,103,37,21,27,13,0,24,14,30,35,0,away,1.0,218.5,-115.0,-105.0,5.5,107.0,0.0,0,True
2016,2016-03-02,True,False,lal,den,107,117,29,31,22,25,0,27,30,26,34,0,home,8.5,212.5,330.0,-400.0,6.5,105.5,1.0,1,True
2016,2016-03-02,True,False,ind,mil,104,99,22,27,24,31,0,22,17,24,36,0,away,3.0,206.0,-150.0,130.0,1.5,107.0,1.0,0,False
2016,2016-03-02,True,False,wsh,min,104,98,29,31,25,19,0,32,22,23,21,0,away,3.5,219.5,-160.0,140.0,0.0,106.5,1.0,0,False
2016,2016-03-02,True,False,no,hou,95,100,28,24,24,19,0,25,28,23,24,0,home,5.5,222.0,190.0,-220.0,3.5,112.5,0.0,0,True
2016,2016-03-02,True,False,det,sa,81,97,26,25,14,16,0,28,24,27,18,0,home,11.0,201.0,575.0,-850.0,7.0,101.5,1.0,0,True
2016,2016-03-02,True,False,utah,tor,94,104,26,23,25,20,0,24,28,33,19,0,home,5.5,193.5,190.0,-220.0,2.5,103.0,1.0,1,True
2016,2016-03-02,True,False,por,bos,93,116,33,22,12,26,0,30,31,30,25,0,home,6.0,220.0,220.0,-260.0,1.5,111.0,1.0,0,True
2016,2016-03-02,True,False,cha,phi,119,99,32,26,25,36,0,29,21,24,25,0,away,10.0,209.0,-600.0,450.0,3.0,103.5,1.0,1,False
2016,2016-03-02,True,False,chi,orl,89,102,23,27,17,22,0,33,27,24,18,0,home,4.5,216.0,175.0,-200.0,1.0,107.0,1.0,0,True
2016,2016-03-02,True,False,sac,mem,98,104,28,15,35,20,0,31,28,24,21,0,home,3.5,214.0,135.0,-155.0,3.5,106.5,1.0,0,True
2016,2016-03-03,True,False,phx,mia,92,108,21,22,25,24,0,29,28,27,24,0,home,14.0,209.5,1100.0,-2500.0,4.0,104.0,1.0,0,True
2016,2016-03-03,True,False,sa,no,94,86,22,23,23,26,0,26,20,22,18,0,away,10.0,208.0,-550.0,425.0,7.0,108.5,0.0,0,False
2016,2016-03-03,True,False,sac,dal,104,101,19,31,23,31,0,24,21,24,32,0,home,6.5,223.5,240.0,-280.0,7.0,110.0,0.0,0,False
2016,2016-03-03,True,False,okc,gs,106,121,28,33,22,23,0,29,34,19,39,0,home,7.5,230.0,290.0,-350.0,5.0,113.5,1.0,0,True
2016,2016-03-04,True,False,utah,mem,88,94,28,11,33,16,0,19,30,18,27,0,away,1.5,192.0,-120.0,100.0,4.0,100.0,0.0,0,True
2016,2016-03-04,True,False,bkn,den,121,120,31,32,27,22,9,25,32,33,22,8,home,5.5,208.5,195.0,-230.0,5.5,108.0,0.0,1,False
2016,2016-03-04,True,False,atl,lal,106,77,26,28,20,32,0,19,17,23,18,0,away,11.0,203.5,-700.0,500.0,0.5,104.0,1.0,0,False
2016,2016-03-04,True,False,min,mil,101,116,35,21,25,20,0,29,33,36,18,0,home,5.0,214.5,175.0,-200.0,1.0,107.0,1.0,1,True
2016,2016-03-04,True,False,wsh,cle,83,108,23,19,21,20,0,27,32,24,25,0,home,8.0,211.0,320.0,-380.0,0.0,102.5,1.0,0,True
2016,2016-03-04,True,False,ind,cha,101,108,30,20,32,19,0,31,24,25,28,0,home,3.0,202.0,140.0,-160.0,0.0,105.5,1.0,1,True
2016,2016-03-04,True,False,por,tor,115,117,30,22,25,38,0,31,27,32,27,0,home,6.0,207.5,200.0,-240.0,1.5,104.5,0.0,1,True
2016,2016-03-04,True,False,phx,orl,102,84,29,29,26,18,0,29,21,16,18,0,home,12.5,216.5,775.0,-1300.0,11.0,110.0,0.0,0,False
2016,2016-03-04,True,False,mia,phi,112,102,40,19,25,28,0,29,20,28,25,0,away,9.5,208.5,-550.0,425.0,2.5,102.0,1.0,1,False
2016,2016-03-04,True,False,ny,bos,104,105,31,27,29,17,0,27,26,28,24,0,home,10.0,210.0,500.0,-700.0,9.0,105.5,0.0,0,True
2016,2016-03-05,True,False,utah,no,106,94,29,22,33,22,0,20,25,25,24,0,home,1.0,195.5,100.0,-120.0,1.5,103.5,0.0,1,False
2016,2016-03-05,True,False,bos,cle,103,120,35,19,29,20,0,22,33,36,29,0,home,8.0,210.5,300.0,-360.0,6.0,110.5,1.0,1,True
2016,2016-03-05,True,False,ind,wsh,100,99,31,25,22,22,0,37,27,16,19,0,home,2.5,206.5,120.0,-140.0,2.0,104.5,0.0,0,False
2016,2016-03-05,True,False,det,ny,89,102,21,21,28,19,0,22,35,22,23,0,away,7.0,201.0,-290.0,245.0,8.0,100.5,0.0,0,True
2016,2016-03-05,True,False,bkn,min,118,132,30,21,28,39,0,37,31,29,35,0,home,9.5,211.0,400.0,-500.0,0.0,109.0,1.0,1,True
2016,2016-03-05,True,False,sac,sa,94,104,22,32,13,27,0,29,28,29,18,0,home,11.5,213.0,550.0,-800.0,6.5,105.5,0.0,0,True
2016,2016-03-05,True,False,hou,chi,100,108,23,20,32,25,0,29,26,28,25,0,home,1.5,216.5,105.0,-125.0,3.0,105.0,1.0,0,True
2016,2016-03-05,True,False,atl,lac,107,97,25,25,30,27,0,37,18,24,18,0,home,5.5,202.0,200.0,-240.0,2.0,105.5,0.0,1,False
2016,2016-03-06,True,False,por,det,103,123,16,35,24,28,0,30,28,27,38,0,away,1.5,207.5,-125.0,105.0,3.0,104.5,0.0,1,True
2016,2016-03-06,True,False,phi,mia,98,103,25,24,20,29,0,30,17,22,34,0,home,14.0,210.5,1300.0,-3500.0,9.0,105.0,0.0,0,True
2016,2016-03-06,True,False,dal,den,114,116,19,31,29,27,8,22,35,20,29,10,away,4.0,209.5,-175.0,155.0,5.0,103.5,0.0,1,True
2016,2016-03-06,True,False,hou,tor,113,107,26,25,26,36,0,30,31,24,22,0,home,8.0,213.5,290.0,-350.0,1.5,106.0,0.0,1,False
2016,2016-03-06,True,False,okc,mil,104,96,32,32,20,20,0,12,36,31,17,0,away,8.5,219.0,-380.0,320.0,0.0,106.5,0.0,0,False
2016,2016-03-06,True,False,phx,mem,109,100,24,29,32,24,0,24,35,15,26,0,home,9.5,205.5,450.0,-600.0,3.5,102.0,0.0,1,False
2016,2016-03-06,True,False,gs,lal,95,112,21,28,24,22,0,22,38,24,28,0,away,18.0,222.0,-9000.0,1900.0,16.5,111.5,0.0,0,True
2016,2016-03-07,True,False,min,cha,103,108,18,31,26,28,0,23,24,35,26,0,home,10.0,215.0,450.0,-600.0,8.0,106.5,0.0,0,True
2016,2016-03-07,True,False,mem,cle,106,103,33,25,24,24,0,25,24,25,29,0,home,15.0,199.0,1400.0,-4000.0,13.5,100.5,0.0,1,False
2016,2016-03-07,True,False,sa,ind,91,99,13,19,30,29,0,25,20,28,26,0,away,6.5,195.0,-280.0,240.0,8.0,101.5,0.0,0,True
2016,2016-03-07,True,False,sac,no,112,115,31,32,26,23,0,33,17,33,32,0,away,1.5,219.5,-125.0,105.0,3.0,106.0,0.0,1,True
2016,2016-03-07,True,False,mil,chi,90,100,16,24,29,21,0,25,22,26,27,0,home,5.0,211.5,180.0,-210.0,0.0,103.5,1.0,0,True
2016,2016-03-07,True,False,lac,dal,109,90,23,27,33,26,0,24,28,16,22,0,away,5.5,208.5,-230.0,195.0,5.0,105.0,1.0,0,False
2016,2016-03-07,True,False,orl,gs,113,119,18,28,31,36,0,31,28,35,25,0,home,16.0,225.0,1200.0,-3000.0,5.0,111.0,0.0,1,True
2016,2016-03-08,True,False,bkn,tor,99,104,23,35,22,19,0,28,14,36,26,0,home,12.5,208.5,700.0,-1100.0,12.5,108.5,0.0,0,True
2016,2016-03-08,True,False,sa,min,116,91,27,32,34,23,0,24,23,21,23,0,away,10.5,206.0,-700.0,500.0,2.0,107.5,1.0,1,False
2016,2016-03-08,True,False,atl,utah,91,84,16,25,25,25,0,27,15,15,27,0,home,2.0,192.0,115.0,-135.0,1.0,101.0,0.0,0,False
2016,2016-03-08,True,False,ny,den,94,110,25,24,19,26,0,31,29,22,28,0,home,1.0,205.5,-105.0,-115.0,3.5,100.5,1.0,0,True
2016,2016-03-08,True,False,wsh,por,109,116,22,33,26,23,5,29,25,31,19,12,home,5.5,213.0,200.0,-240.0,5.0,106.5,1.0,1,True
2016,2016-03-08,True,False,orl,lal,98,107,26,25,26,21,0,20,25,39,23,0,away,3.5,213.0,-165.0,145.0,0.5,104.0,0.0,0,True
2016,2016-03-09,True,False,ny,phx,128,97,29,34,25,40,0,19,24,32,22,0,home,2.0,207.0,110.0,-130.0,6.0,104.0,0.0,1,False
2016,2016-03-09,True,False,cle,sac,120,111,28,26,35,31,0,25,35,24,27,0,away,7.0,218.5,-260.0,220.0,8.5,108.5,1.0,1,False
2016,2016-03-09,True,False,utah,gs,94,115,21,20,22,31,0,23,29,29,34,0,home,14.0,209.0,1100.0,-2500.0,5.0,108.0,1.0,2,True
2016,2016-03-09,True,False,det,dal,102,96,26,28,22,26,0,28,24,22,22,0,home,2.0,206.0,110.0,-130.0,2.0,102.0,0.0,0,False
2016,2016-03-09,True,False,lac,okc,108,120,29,33,21,25,0,39,25,29,27,0,home,6.0,215.5,220.0,-260.0,3.5,106.5,1.0,1,True
2016,2016-03-09,True,False,hou,phi,118,104,21,40,32,25,0,27,25,27,25,0,away,9.5,222.0,-600.0,450.0,3.0,109.0,1.0,2,False
2016,2016-03-09,True,False,no,cha,113,122,28,32,30,23,0,39,32,28,23,0,home,8.5,209.0,375.0,-450.0,1.0,104.0,1.0,1,True
2016,2016-03-09,True,False,mia,mil,108,114,22,32,31,23,0,29,28,23,34,0,away,3.5,199.0,-165.0,145.0,3.0,98.5,0.0,1,True
2016,2016-03-09,True,False,mem,bos,96,116,26,29,12,29,0,24,28,31,33,0,home,11.5,210.5,575.0,-850.0,9.0,106.0,1.0,1,True
2016,2016-03-10,True,False,atl,tor,96,104,21,27,27,21,0,20,32,30,22,0,home,3.5,202.0,145.0,-165.0,0.5,106.0,1.0,0,True
2016,2016-03-10,True,False,chi,sa,101,109,27,20,27,27,0,27,27,30,25,0,home,14.5,201.0,1100.0,-2500.0,6.5,101.0,0.0,1,True
2016,2016-03-10,True,False,phx,den,98,116,18,23,33,24,0,25,30,27,34,0,home,9.5,214.5,400.0,-500.0,2.0,107.0,1.0,0,True
2016,2016-03-10,True,False,cle,lal,120,108,33,31,31,25,0,31,24,27,26,0,away,9.5,211.0,-600.0,450.0,3.0,104.5,1.0,1,False
2016,2016-03-11,True,False,hou,bos,102,98,19,27,31,25,0,23,20,30,25,0,home,4.5,224.5,175.0,-200.0,4.5,111.5,0.0,0,False
2016,2016-03-11,True,False,ny,lac,94,101,22,28,24,20,0,29,32,15,25,0,home,10.5,205.5,500.0,-700.0,2.5,102.0,0.0,0,True
2016,2016-03-11,True,False,orl,sac,107,100,27,23,30,27,0,21,28,26,25,0,home,1.0,218.0,-105.0,-115.0,1.0,108.5,0.0,0,False
2016,2016-03-11,True,False,wsh,utah,93,114,29,19,20,25,0,32,24,32,26,0,home,4.0,196.0,155.0,-175.0,0.5,95.5,1.0,1,True
2016,2016-03-11,True,False,mia,chi,118,96,23,31,30,34,0,31,27,23,15,0,away,4.0,199.5,-180.0,160.0,5.0,98.5,1.0,1,False
2016,2016-03-11,True,False,det,cha,103,118,32,21,28,22,0,38,31,19,30,0,home,4.0,202.5,150.0,-170.0,3.5,101.0,1.0,1,True
2016,2016-03-11,True,False,no,mem,114,121,24,23,19,33,15,20,28,25,26,22,away,2.5,205.0,-145.0,125.0,3.0,104.0,0.0,1,True
2016,2016-03-11,True,False,por,gs,112,128,27,34,25,26,0,40,41,29,18,0,home,14.0,228.5,1000.0,-2000.0,2.5,112.5,1.0,1,True
2016,2016-03-11,True,False,bkn,phi,89,95,21,24,22,22,0,27,26,19,23,0,away,2.0,209.0,-130.0,110.0,3.5,107.5,0.0,0,True
2016,2016-03-11,True,False,min,okc,99,96,24,26,19,30,0,21,32,20,23,0,home,12.0,224.0,750.0,-1200.0,6.5,111.5,0.0,0,False
2016,2016-03-12,True,False,wsh,den,100,116,23,27,33,17,0,27,25,23,41,0,home,1.0,212.5,105.0,-125.0,0.5,104.0,1.0,1,True
2016,2016-03-12,True,False,okc,sa,85,93,22,27,19,17,0,25,20,21,27,0,home,9.0,211.5,375.0,-450.0,8.5,106.0,0.0,0,True
2016,2016-03-12,True,False,orl,por,84,121,24,18,23,19,0,31,32,27,31,0,home,8.5,215.0,350.0,-420.0,1.5,106.0,1.0,0,True
2016,2016-03-12,True,False,phx,gs,116,123,24,32,39,21,0,31,29,26,37,0,home,18.5,228.5,2000.0,-9900.0,11.0,115.5,0.0,1,True
2016,2016-03-12,True,False,mem,atl,83,95,22,19,17,25,0,18,31,22,24,0,home,14.5,193.0,1100.0,-2500.0,6.0,97.0,0.0,0,True
2016,2016-03-12,True,False,mia,tor,104,112,24,22,25,26,7,28,25,17,27,15,home,6.0,202.5,210.0,-250.0,1.0,101.0,1.0,1,True
2016,2016-03-12,True,False,ind,dal,112,105,26,29,28,29,0,23,28,24,30,0,home,1.5,203.0,105.0,-125.0,2.0,101.5,0.0,1,False
2016,2016-03-12,True,False,no,mil,92,103,28,24,19,21,0,33,22,22,26,0,home,6.5,211.0,230.0,-270.0,3.0,106.5,1.0,0,True
2016,2016-03-12,True,False,hou,cha,109,125,19,38,30,22,0,34,28,28,35,0,home,5.0,215.0,180.0,-210.0,1.0,107.5,1.0,1,True
2016,2016-03-12,True,False,det,phi,125,111,27,25,38,35,0,32,25,30,24,0,away,11.5,206.0,-1000.0,650.0,9.5,103.5,1.0,1,False
2016,2016-03-13,True,False,cle,lac,114,90,21,37,33,23,0,19,22,27,22,0,away,2.0,207.0,-140.0,120.0,4.0,102.5,1.0,0,False
2016,2016-03-13,True,False,ind,atl,75,104,17,21,18,19,0,30,22,37,15,0,home,5.0,198.0,195.0,-230.0,2.5,98.0,1.0,0,True
2016,2016-03-13,True,False,utah,sac,108,99,36,25,23,24,0,18,27,24,30,0,home,0.0,207.5,-110.0,-110.0,4.5,108.0,0.0,0,False
2016,2016-03-13,True,False,mil,bkn,109,100,27,23,28,31,0,25,26,28,21,0,away,1.5,208.5,-125.0,105.0,2.5,104.5,1.0,1,False
2016,2016-03-13,True,False,ny,lal,90,87,18,28,19,25,0,11,24,25,27,0,away,1.5,210.0,-120.0,100.0,4.0,104.5,1.0,0,False
2016,2016-03-14,True,False,no,gs,107,125,24,26,19,38,0,28,31,35,31,0,home,16.0,231.5,1600.0,-6000.0,7.0,114.0,1.0,1,True
2016,2016-03-14,True,False,min,phx,104,107,25,32,21,26,0,27,20,29,31,0,away,1.0,222.5,-115.0,-105.0,3.0,112.0,0.0,0,True
2016,2016-03-14,True,False,cle,utah,85,94,26,18,22,19,0,28,20,18,28,0,away,7.0,193.0,-300.0,250.0,8.0,96.0,0.0,0,True
2016,2016-03-14,True,False,por,okc,94,128,22,20,30,22,0,31,35,36,26,0,home,7.5,217.0,280.0,-340.0,3.0,105.5,1.0,1,True
2016,2016-03-14,True,False,dal,cha,107,96,22,30,19,36,0,18,15,32,31,0,home,5.5,209.0,200.0,-240.0,8.5,103.0,0.0,0,False
2016,2016-03-14,True,False,chi,tor,109,107,34,24,26,25,0,29,23,25,30,0,home,9.5,206.0,425.0,-550.0,9.5,104.0,0.0,1,False
2016,2016-03-14,True,False,den,mia,119,124,33,29,29,28,0,36,28,26,34,0,home,7.0,209.0,260.0,-310.0,4.5,104.0,0.0,1,True
2016,2016-03-14,True,False,mem,hou,81,130,22,19,15,25,0,34,31,32,33,0,home,12.0,207.5,700.0,-1100.0,0.5,102.0,1.0,1,True
2016,2016-03-14,True,False,det,wsh,81,124,15,24,24,18,0,34,26,33,31,0,home,2.0,210.5,110.0,-130.0,5.5,104.0,1.0,0,True
2016,2016-03-15,True,False,lac,sa,87,108,21,23,26,17,0,19,29,23,37,0,home,9.5,201.0,425.0,-550.0,5.0,100.0,1.0,0,True
2016,2016-03-15,True,False,sac,lal,106,98,32,25,22,27,0,15,26,26,31,0,away,5.0,220.0,-200.0,175.0,2.0,108.0,1.0,0,False
2016,2016-03-15,True,False,tor,mil,107,89,22,30,29,26,0,28,21,17,23,0,home,1.0,205.5,100.0,-120.0,1.5,100.0,0.0,0,False
2016,2016-03-15,True,False,den,orl,110,116,25,21,33,31,0,32,29,24,31,0,home,3.5,215.0,145.0,-165.0,3.0,106.0,1.0,1,True
2016,2016-03-15,True,False,bos,ind,98,103,20,19,31,28,0,20,23,28,32,0,home,2.5,209.5,120.0,-140.0,0.0,108.5,1.0,0,True
2016,2016-03-15,True,False,phi,bkn,114,131,15,36,32,31,0,32,39,29,31,0,home,7.0,212.5,270.0,-330.0,2.0,108.5,1.0,1,True
2016,2016-03-16,True,False,no,sac,123,108,33,41,24,25,0,31,22,30,25,0,home,3.5,223.5,140.0,-160.0,7.0,111.0,0.0,1,False
2016,2016-03-16,True,False,lac,hou,122,106,35,37,25,25,0,26,24,25,31,0,home,3.5,217.0,150.0,-170.0,7.5,109.0,0.0,1,False
2016,2016-03-16,True,False,min,mem,114,108,42,22,26,24,0,25,30,23,30,0,away,3.5,207.5,-165.0,145.0,1.0,105.5,1.0,1,False
2016,2016-03-16,True,False,atl,det,118,114,30,31,26,31,0,32,30,26,26,0,home,0.0,199.0,-110.0,-110.0,1.0,103.5,0.0,1,False
2016,2016-03-16,True,False,ny,gs,85,121,19,27,18,21,0,31,31,35,24,0,home,15.5,220.0,1200.0,-3000.0,4.5,107.0,1.0,0,True
2016,2016-03-16,True,False,chi,wsh,96,117,25,27,22,22,0,32,31,29,25,0,home,5.0,213.0,185.0,-215.0,1.5,106.0,1.0,2,True
2016,2016-03-16,True,False,dal,cle,98,99,28,23,17,30,0,31,26,27,15,0,home,5.5,207.0,200.0,-240.0,1.0,102.5,0.0,0,True
2016,2016-03-16,True,False,orl,cha,99,107,30,13,28,28,0,26,35,31,15,0,home,10.0,212.0,450.0,-600.0,0.5,102.0,0.0,0,True
2016,2016-03-16,True,False,okc,bos,130,109,35,31,42,22,0,30,25,26,28,0,away,5.0,220.0,-210.0,180.0,0.5,108.0,1.0,1,False
2016,2016-03-17,True,False,wsh,phi,99,94,30,28,15,26,0,22,17,22,33,0,away,8.5,215.0,-450.0,375.0,0.5,103.5,0.0,0,False
2016,2016-03-17,True,False,tor,ind,101,94,27,16,20,22,16,25,21,14,25,9,home,1.5,204.0,105.0,-125.0,0.0,101.5,0.0,0,False
2016,2016-03-17,True,False,cha,mia,109,106,26,28,28,27,0,29,23,21,33,0,home,4.5,208.0,165.0,-185.0,4.5,103.5,0.0,1,False
2016,2016-03-17,True,False,den,atl,98,116,23,25,28,22,0,33,21,33,29,0,home,8.0,210.0,300.0,-360.0,3.0,104.5,1.0,1,True
2016,2016-03-17,True,False,mem,mil,86,96,32,21,20,13,0,32,15,21,28,0,home,11.0,201.0,525.0,-750.0,9.5,100.0,0.0,0,True
2016,2016-03-17,True,False,bkn,chi,102,118,14,23,37,28,0,24,31,24,39,0,home,7.0,213.0,260.0,-310.0,1.5,106.5,1.0,1,True
2016,2016-03-17,True,False,por,sa,110,118,28,26,24,32,0,23,33,39,23,0,home,11.5,205.0,625.0,-950.0,7.0,103.0,0.0,1,True
2016,2016-03-17,True,False,phx,utah,69,103,21,17,16,15,0,24,22,25,32,0,home,9.0,198.5,400.0,-500.0,3.0,99.5,1.0,0,True
2016,2016-03-18,True,False,min,hou,111,116,23,29,26,33,0,31,23,34,28,0,home,9.0,222.0,375.0,-470.0,6.0,110.5,0.0,1,True
2016,2016-03-18,True,False,phx,lal,95,90,26,21,21,27,0,22,10,22,36,0,home,4.0,214.0,155.0,-175.0,5.5,108.0,0.0,0,False
2016,2016-03-18,True,False,gs,dal,130,112,42,31,21,36,0,36,31,18,27,0,away,9.0,226.5,-485.0,385.0,3.5,114.0,1.0,1,False
2016,2016-03-18,True,False,por,no,117,112,36,31,26,24,0,30,23,28,31,0,away,2.5,220.0,-140.0,120.0,3.0,109.5,1.0,1,False
2016,2016-03-18,True,False,okc,phi,111,97,27,26,32,26,0,23,24,21,29,0,away,15.5,220.0,-3500.0,1500.0,8.0,106.0,0.0,0,False
2016,2016-03-18,True,False,sac,det,108,115,25,29,29,25,0,39,28,20,28,0,home,7.0,218.5,250.0,-310.0,0.0,107.5,2.0,1,True
2016,2016-03-18,True,False,cle,orl,109,103,27,36,20,26,0,29,25,32,17,0,away,10.0,211.0,-600.0,460.0,4.0,104.0,0.0,1,False
2016,2016-03-18,True,False,bos,tor,91,105,14,27,33,17,0,30,25,24,26,0,home,1.5,207.5,101.0,-121.0,3.5,107.0,1.0,0,True
2016,2016-03-19,True,False,den,cha,101,93,28,29,21,23,0,22,18,22,31,0,home,9.0,213.5,380.0,-460.0,9.5,104.5,0.0,0,False
2016,2016-03-19,True,False,okc,ind,115,111,27,37,24,27,0,28,26,33,24,0,away,3.0,210.5,-150.0,130.0,2.0,104.0,1.0,1,False
2016,2016-03-19,True,False,bkn,det,103,115,23,29,25,26,0,29,25,23,38,0,home,8.5,210.5,330.0,-400.0,6.0,108.5,1.0,1,True
2016,2016-03-19,True,False,ny,wsh,89,99,29,24,13,23,0,20,23,33,23,0,home,8.0,207.0,320.0,-380.0,8.0,100.5,1.0,0,True
2016,2016-03-19,True,False,cle,mia,101,122,19,25,26,31,0,31,34,33,24,0,away,4.0,206.0,-170.0,150.0,8.0,100.5,0.0,1,True
2016,2016-03-19,True,False,hou,atl,97,109,16,42,25,14,0,30,22,30,27,0,home,6.5,215.0,240.0,-280.0,6.5,107.5,1.0,0,True
2016,2016-03-19,True,False,utah,chi,85,92,19,21,27,18,0,25,25,29,13,0,home,1.0,195.0,-105.0,-115.0,2.5,101.5,1.0,0,True
2016,2016-03-19,True,False,lac,mem,102,113,29,29,17,27,0,31,27,27,28,0,away,9.0,198.5,-450.0,375.0,6.0,98.0,0.0,1,True
2016,2016-03-19,True,False,gs,sa,79,87,18,19,28,14,0,17,26,22,22,0,home,5.0,220.5,170.0,-190.0,0.5,107.5,1.0,0,True
2016,2016-03-20,True,False,utah,mil,94,85,23,19,31,21,0,22,19,18,26,0,away,1.0,191.0,-115.0,-105.0,1.5,101.0,1.0,0,False
2016,2016-03-20,True,False,lac,no,105,109,24,32,16,33,0,21,33,24,31,0,away,10.0,209.0,-550.0,430.0,6.5,104.0,0.0,1,True
2016,2016-03-20,True,False,sac,ny,88,80,28,22,19,19,0,12,35,18,15,0,away,5.0,212.5,-205.0,175.0,3.0,105.5,1.0,0,False
2016,2016-03-20,True,False,orl,tor,100,105,25,30,27,18,0,30,23,27,25,0,home,9.0,209.5,355.0,-450.0,7.5,104.5,0.0,0,True
2016,2016-03-20,True,False,por,dal,120,132,36,19,27,31,7,25,33,32,23,19,away,1.5,214.5,-125.0,105.0,1.5,108.5,0.0,1,True
2016,2016-03-20,True,False,bos,phi,120,105,28,27,33,32,0,16,28,35,26,0,away,11.5,213.5,-900.0,600.0,3.5,110.0,1.0,1,False
2016,2016-03-21,True,False,mem,phx,103,97,24,15,31,33,0,21,29,23,24,0,away,2.5,202.0,-145.0,125.0,5.5,104.0,1.0,0,False
2016,2016-03-21,True,False,sac,chi,102,109,26,25,30,21,0,30,29,23,27,0,home,8.0,220.0,320.0,-380.0,2.0,107.0,0.0,0,True
2016,2016-03-21,True,False,wsh,atl,117,102,27,34,28,28,0,30,29,27,16,0,home,7.0,208.5,260.0,-310.0,5.5,105.5,0.0,1,False
2016,2016-03-21,True,False,orl,bos,96,107,17,32,29,18,0,22,34,35,16,0,home,9.0,217.0,330.0,-400.0,4.0,106.5,1.0,0,True
2016,2016-03-21,True,False,gs,min,109,104,27,34,28,20,0,29,29,31,15,0,away,12.0,232.5,-1400.0,800.0,7.5,113.0,0.0,0,False
2016,2016-03-21,True,False,sa,cha,88,91,28,23,21,16,0,7,29,31,24,0,away,6.0,196.0,-250.0,210.0,2.0,101.5,0.0,0,True
2016,2016-03-21,True,False,den,cle,91,124,23,25,24,19,0,38,18,31,37,0,home,11.5,212.0,650.0,-1000.0,4.5,103.5,1.0,1,True
2016,2016-03-21,True,False,phi,ind,75,91,18,18,20,19,0,25,22,19,25,0,home,15.5,210.5,1300.0,-3500.0,5.5,104.0,1.0,0,True
2016,2016-03-21,True,False,mil,det,91,92,30,18,26,17,0,17,28,20,27,0,home,7.5,207.0,280.0,-340.0,6.0,102.0,0.0,0,True
2016,2016-03-22,True,False,cha,bkn,105,100,25,21,21,38,0,14,22,28,36,0,away,6.0,207.0,-250.0,210.0,0.0,100.5,0.0,0,False
2016,2016-03-22,True,False,hou,okc,107,111,27,29,21,30,0,28,27,23,33,0,home,9.0,226.0,400.0,-500.0,7.0,112.0,0.0,0,True
2016,2016-03-22,True,False,mia,no,113,99,35,24,27,27,0,21,19,33,26,0,away,9.5,209.5,-525.0,400.0,0.0,102.5,1.0,1,False
2016,2016-03-22,True,False,mem,lal,100,107,25,22,31,22,0,25,23,33,26,0,away,3.0,202.5,-160.0,140.0,3.0,106.5,0.0,1,True
2016,2016-03-23,True,False,mia,sa,88,112,21,26,16,25,0,26,30,32,24,0,home,11.0,196.0,550.0,-800.0,3.5,97.5,1.0,1,True
2016,2016-03-23,True,False,lac,gs,98,114,28,21,23,26,0,23,28,30,33,0,home,10.0,223.0,450.0,-600.0,6.5,110.0,1.0,0,True
2016,2016-03-23,True,False,lal,phx,107,119,22,25,27,33,0,16,31,36,36,0,home,5.5,215.0,180.0,-210.0,3.5,107.5,1.0,1,True
2016,2016-03-23,True,False,phi,den,103,104,35,10,28,30,0,24,29,22,29,0,home,8.5,213.5,350.0,-420.0,3.0,105.0,0.0,0,True
2016,2016-03-23,True,False,utah,hou,89,87,21,13,26,29,0,25,24,17,21,0,home,2.0,201.0,110.0,-130.0,4.0,104.0,0.0,0,False
2016,2016-03-23,True,False,dal,por,103,109,26,27,20,30,0,28,29,26,26,0,home,6.5,214.0,240.0,-280.0,2.5,107.0,0.0,0,True
2016,2016-03-23,True,False,mil,cle,104,113,25,36,26,17,0,35,28,28,22,0,home,11.5,207.0,600.0,-900.0,7.0,104.0,0.0,1,True
2016,2016-03-23,True,False,ny,chi,115,107,23,34,35,23,0,30,25,18,34,0,home,9.0,202.0,375.0,-450.0,7.0,99.0,0.0,1,False
2016,2016-03-23,True,False,orl,det,102,118,21,36,30,15,0,32,34,30,22,0,home,6.0,205.0,220.0,-260.0,0.0,101.5,1.0,1,True
2016,2016-03-23,True,False,tor,bos,79,91,25,21,16,17,0,25,21,23,22,0,home,4.0,205.5,150.0,-170.0,2.5,102.5,1.0,0,True
2016,2016-03-23,True,False,atl,wsh,122,101,22,30,29,41,0,25,31,19,26,0,home,1.0,207.5,100.0,-120.0,1.0,108.0,0.0,1,False
2016,2016-03-23,True,False,sac,min,104,113,29,19,24,32,0,28,22,34,29,0,home,3.5,221.5,150.0,-170.0,2.0,108.0,1.0,0,True
2016,2016-03-24,True,False,no,ind,84,92,22,17,22,23,0,24,25,21,22,0,home,14.0,202.5,1000.0,-2000.0,5.5,100.0,0.0,0,True
2016,2016-03-24,True,False,cle,bkn,95,104,23,26,34,12,0,26,33,21,24,0,away,9.5,209.5,-575.0,435.0,11.0,104.0,0.0,0,True
2016,2016-03-24,True,False,chi,ny,94,106,27,18,20,29,0,31,22,27,26,0,away,3.5,204.0,-165.0,145.0,4.5,103.0,0.0,0,True
2016,2016-03-24,True,False,utah,okc,91,113,23,16,21,31,0,26,24,31,32,0,home,9.5,199.0,405.0,-525.0,2.5,103.5,1.0,1,True
2016,2016-03-24,True,False,por,lac,94,96,21,18,26,29,0,18,28,19,31,0,home,6.0,216.0,205.0,-245.0,1.5,107.0,0.0,0,True
2016,2016-03-25,True,False,dal,gs,120,128,33,25,31,31,0,40,32,30,26,0,home,16.5,221.0,1600.0,-6000.0,5.0,108.5,0.0,1,True
2016,2016-03-25,True,False,den,lal,116,105,24,34,25,33,0,31,15,31,28,0,away,4.0,214.0,-170.0,150.0,1.5,104.0,1.0,1,False
2016,2016-03-25,True,False,phx,sac,94,116,27,21,19,27,0,25,33,31,27,0,home,7.5,223.0,290.0,-350.0,1.5,115.5,1.0,0,True
2016,2016-03-25,True,False,mem,sa,104,110,23,28,33,20,0,37,27,24,22,0,home,13.0,190.0,925.0,-1700.0,3.5,94.5,0.0,1,True
2016,2016-03-25,True,False,cha,det,105,112,24,32,20,29,0,36,36,26,14,0,home,1.5,205.5,105.0,-125.0,4.5,101.5,1.0,1,True
2016,2016-03-25,True,False,tor,hou,109,112,21,37,20,31,0,29,25,25,33,0,away,1.0,211.0,-120.0,100.0,1.0,105.5,0.0,1,True
2016,2016-03-25,True,False,mil,atl,90,101,21,25,25,19,0,29,22,24,26,0,home,9.5,201.5,400.0,-500.0,3.5,99.0,1.0,0,True
2016,2016-03-25,True,False,min,wsh,132,129,27,35,23,24,23,29,33,27,20,20,home,9.0,218.0,360.0,-430.0,6.0,107.5,0.0,1,False
2016,2016-03-25,True,False,orl,mia,97,108,31,26,12,28,0,28,26,31,23,0,home,10.0,209.5,500.0,-700.0,8.5,104.0,1.0,0,True
2016,2016-03-26,True,False,phi,por,105,108,27,22,25,31,0,31,26,29,22,0,home,15.0,219.5,1200.0,-3000.0,8.0,111.5,0.0,0,True
2016,2016-03-26,True,False,bos,phx,102,99,35,23,23,21,0,22,19,34,24,0,away,9.0,217.0,-420.0,350.0,0.5,113.5,0.0,0,False
2016,2016-03-26,True,False,cha,mil,115,91,29,26,35,25,0,17,21,26,27,0,away,3.5,201.5,-165.0,145.0,3.0,98.0,1.0,1,False
2016,2016-03-26,True,False,sa,okc,92,111,26,18,19,29,0,24,24,35,28,0,home,12.5,207.0,650.0,-1000.0,7.0,107.5,1.0,0,True
2016,2016-03-26,True,False,utah,min,93,84,18,17,25,33,0,10,24,25,25,0,away,8.0,196.0,-330.0,270.0,4.5,102.0,1.0,0,False
2016,2016-03-26,True,False,atl,det,112,95,27,29,27,29,0,15,27,32,21,0,home,2.0,207.0,110.0,-130.0,5.0,107.5,0.0,2,False
2016,2016-03-26,True,False,chi,orl,89,111,22,28,21,18,0,36,32,21,22,0,away,6.5,209.0,-280.0,240.0,8.0,104.0,0.0,0,True
2016,2016-03-26,True,False,tor,no,115,91,20,28,37,30,0,15,21,25,30,0,away,11.0,200.5,-800.0,550.0,2.5,99.0,1.0,1,False
2016,2016-03-26,True,False,ind,bkn,110,120,29,37,27,17,0,26,34,25,35,0,away,5.5,205.5,-240.0,200.0,1.5,103.5,0.0,1,True
2016,2016-03-26,True,False,cle,ny,107,93,32,24,33,18,0,15,17,40,21,0,away,9.0,202.0,-430.0,360.0,2.0,99.0,1.0,0,False
2016,2016-03-27,True,False,den,lac,90,105,26,22,12,30,0,31,21,25,28,0,home,8.5,208.5,350.0,-420.0,4.5,104.0,1.0,0,True
2016,2016-03-27,True,False,dal,sac,111,133,20,26,33,32,0,25,38,39,31,0,home,2.0,217.0,115.0,-135.0,4.5,107.5,1.0,1,True
2016,2016-03-27,True,False,hou,ind,101,104,24,23,32,22,0,30,27,24,23,0,home,1.5,210.5,105.0,-125.0,2.5,105.0,1.0,0,True
2016,2016-03-27,True,False,phi,gs,105,117,31,24,24,26,0,32,39,25,21,0,home,21.5,225.0,2000.0,-12000.0,8.0,111.5,0.0,0,True
2016,2016-03-27,True,False,wsh,lal,101,88,24,26,27,24,0,27,17,15,29,0,away,9.0,212.0,-420.0,350.0,4.0,105.0,1.0,0,False
2016,2016-03-28,True,False,bos,lac,90,114,24,26,20,20,0,30,37,25,22,0,home,4.0,208.0,160.0,-180.0,3.5,108.5,1.0,0,True
2016,2016-03-28,True,False,sac,por,93,105,32,20,11,30,0,37,31,23,14,0,home,13.0,220.0,850.0,-1500.0,3.0,108.0,0.0,0,True
2016,2016-03-28,True,False,lal,utah,75,123,16,21,21,17,0,34,30,34,25,0,home,13.5,189.5,950.0,-1800.0,1.5,93.5,1.0,1,True
2016,2016-03-28,True,False,dal,den,97,88,28,22,22,25,0,24,22,20,22,0,home,2.0,212.0,110.0,-130.0,1.5,104.5,0.0,0,False
2016,2016-03-28,True,False,ny,no,91,99,28,26,10,27,0,24,25,19,31,0,away,5.5,202.5,-200.0,175.0,2.0,101.5,0.0,0,True
2016,2016-03-28,True,False,okc,tor,119,100,27,34,36,22,0,21,27,26,26,0,away,3.0,211.5,-150.0,130.0,3.0,104.5,1.0,1,False
2016,2016-03-28,True,False,atl,chi,102,100,22,30,28,22,0,31,14,26,29,0,away,3.0,206.5,-150.0,130.0,0.5,108.0,0.0,0,False
2016,2016-03-28,True,False,phx,min,116,121,37,24,23,32,0,40,26,33,22,0,home,6.0,219.5,200.0,-240.0,1.5,114.5,0.0,1,True
2016,2016-03-28,True,False,bkn,mia,99,110,27,25,23,24,0,27,30,25,28,0,home,8.5,213.0,360.0,-430.0,3.0,106.5,1.0,0,True
2016,2016-03-28,True,False,sa,mem,101,87,32,21,28,20,0,18,27,23,19,0,away,5.5,193.0,-210.0,180.0,0.0,101.0,1.0,0,False
2016,2016-03-29,True,False,hou,cle,106,100,26,14,31,35,0,24,35,25,16,0,home,1.5,212.0,105.0,-125.0,5.0,104.5,0.0,0,False
2016,2016-03-29,True,False,wsh,gs,94,102,22,24,26,22,0,27,22,30,23,0,home,12.5,225.5,800.0,-1400.0,8.5,111.0,0.0,0,True
2016,2016-03-29,True,False,okc,det,82,88,21,27,9,25,0,25,21,25,17,0,home,2.0,214.0,110.0,-130.0,3.0,105.0,1.0,0,True
2016,2016-03-29,True,False,bkn,orl,105,139,23,22,28,32,0,32,41,30,36,0,home,8.0,211.5,320.0,-380.0,3.5,109.0,1.0,1,True
2016,2016-03-29,True,False,chi,ind,98,96,28,32,24,14,0,27,31,26,12,0,home,5.5,204.5,200.0,-240.0,4.5,102.0,0.0,0,False
2016,2016-03-29,True,False,cha,phi,100,85,23,29,25,23,0,19,17,26,23,0,away,11.5,210.0,-1000.0,650.0,2.0,103.0,1.0,0,False
2016,2016-03-30,True,False,wsh,sac,111,120,34,21,28,28,0,32,28,29,31,0,away,2.0,218.5,-125.0,105.0,2.5,108.0,0.0,1,True
2016,2016-03-30,True,False,gs,utah,103,96,26,16,21,26,14,21,19,29,20,7,away,4.5,203.0,-200.0,175.0,3.0,101.5,1.0,0,False
2016,2016-03-30,True,False,ny,dal,89,91,30,18,26,15,0,24,27,16,24,0,home,6.0,199.5,200.0,-240.0,3.0,99.0,0.0,0,True
2016,2016-03-30,True,False,no,sa,92,100,26,13,16,37,0,27,19,27,27,0,home,19.0,196.5,2500.0,-10000.0,8.5,97.0,0.0,0,True
2016,2016-03-30,True,False,mia,lal,100,102,27,21,19,20,13,25,16,26,20,15,away,10.5,208.0,-800.0,550.0,4.5,103.0,0.0,0,True
2016,2016-03-30,True,False,lac,min,99,79,27,20,32,20,0,17,17,19,26,0,away,6.0,212.5,-230.0,195.0,1.0,103.0,1.0,0,False
2016,2016-03-30,True,False,den,mem,109,105,26,33,25,25,0,20,27,21,37,0,home,3.0,204.5,130.0,-150.0,5.0,101.5,0.0,1,False
2016,2016-03-30,True,False,atl,tor,97,105,20,21,26,30,0,25,29,35,16,0,home,1.5,201.5,105.0,-125.0,3.5,104.5,1.0,1,True
2016,2016-03-30,True,False,phx,mil,94,105,32,15,28,19,0,28,25,27,25,0,home,7.5,211.0,290.0,-350.0,2.5,108.5,1.0,0,True
2016,2016-03-31,True,False,orl,ind,114,94,33,24,32,25,0,28,23,28,15,0,home,6.0,209.5,200.0,-240.0,5.5,103.5,0.0,0,False
2016,2016-03-31,True,False,bkn,cle,87,107,22,17,24,24,0,29,34,26,18,0,home,17.0,211.5,1600.0,-6000.0,4.0,107.5,1.0,0,True
2016,2016-03-31,True,False,chi,hou,103,100,24,28,19,32,0,24,28,28,20,0,home,6.0,218.0,220.0,-260.0,4.0,109.0,0.0,0,False
2016,2016-03-31,True,False,den,no,95,101,26,28,24,17,0,31,25,21,24,0,away,7.0,206.5,-280.0,240.0,6.0,102.5,0.0,0,True
2016,2016-03-31,True,False,lac,okc,117,119,30,39,28,20,0,37,28,28,26,0,home,16.5,209.0,1400.0,-4000.0,13.0,105.0,0.0,1,True
2016,2016-03-31,True,False,bos,por,109,116,31,27,25,26,0,30,24,27,35,0,home,2.5,214.0,135.0,-155.0,2.5,112.0,1.0,1,True
2016,2016-04-01,True,False,min,utah,85,98,24,25,19,17,0,25,26,26,21,0,home,7.0,192.5,260.0,-310.0,4.0,95.0,1.0,0,True
2016,2016-04-01,True,False,wsh,phx,106,99,25,25,27,29,0,26,26,27,20,0,away,8.5,214.0,-410.0,340.0,7.0,107.5,0.0,0,False
2016,2016-04-01,True,False,bos,gs,109,106,21,24,37,27,0,23,20,36,27,0,home,11.5,221.0,650.0,-1000.0,9.0,114.0,0.0,0,False
2016,2016-04-01,True,False,mia,sac,112,106,39,27,26,20,0,24,24,28,30,0,away,6.5,211.5,-280.0,240.0,1.5,103.5,0.0,1,False
2016,2016-04-01,True,False,orl,mil,110,113,22,35,28,25,0,31,27,26,29,0,home,2.5,209.0,120.0,-140.0,1.0,101.5,1.0,1,True
2016,2016-04-01,True,False,bkn,ny,91,105,17,29,24,21,0,18,29,30,28,0,home,6.0,201.0,200.0,-240.0,3.5,103.5,1.0,0,True
2016,2016-04-01,True,False,cle,atl,110,108,32,23,22,19,14,23,18,30,25,12,home,2.0,206.5,110.0,-130.0,5.5,102.0,0.0,1,False
2016,2016-04-01,True,False,dal,det,98,89,25,26,20,27,0,25,11,25,28,0,home,6.0,205.0,200.0,-240.0,7.0,102.0,0.0,0,False
2016,2016-04-01,True,False,phi,cha,91,100,25,25,16,25,0,25,34,22,19,0,home,13.5,209.5,1000.0,-2000.0,5.0,103.5,0.0,0,True
2016,2016-04-01,True,False,tor,mem,99,95,27,18,29,25,0,23,30,19,23,0,away,5.5,198.0,-220.0,190.0,5.5,99.5,0.0,0,False
2016,2016-04-02,True,False,ind,phi,115,102,28,33,13,41,0,28,21,28,25,0,away,11.0,201.5,-800.0,575.0,3.0,100.5,1.0,1,False
2016,2016-04-02,True,False,det,chi,94,90,26,20,24,24,0,27,18,20,25,0,home,2.5,206.5,130.0,-150.0,2.5,101.0,0.0,0,False
2016,2016-04-02,True,False,tor,sa,95,102,18,28,20,29,0,26,29,16,31,0,home,13.5,191.5,850.0,-1450.0,5.0,95.0,0.0,1,True
2016,2016-04-02,True,False,sac,den,115,106,23,32,29,31,0,27,35,26,18,0,home,9.5,218.5,400.0,-500.0,3.5,107.5,0.0,1,False
2016,2016-04-02,True,False,mia,por,93,110,22,20,25,26,0,20,39,28,23,0,home,6.5,208.5,215.0,-265.0,2.0,103.0,1.0,0,True
2016,2016-04-03,True,False,mem,orl,107,119,30,26,29,22,0,29,38,30,22,0,home,4.5,207.0,165.0,-185.0,1.0,103.0,1.0,1,True
2016,2016-04-03,True,False,por,gs,111,136,37,19,33,22,0,31,32,38,35,0,home,11.5,226.5,650.0,-1000.0,5.5,111.5,1.0,1,True
2016,2016-04-03,True,False,ind,ny,92,87,18,36,20,18,0,23,18,24,22,0,away,7.0,195.5,-280.0,240.0,0.0,97.0,0.0,0,False
2016,2016-04-03,True,False,bos,lal,107,100,31,26,20,30,0,26,22,27,25,0,away,9.0,210.5,-500.0,400.0,3.0,108.5,0.0,0,False
2016,2016-04-03,True,False,utah,phx,101,86,16,30,28,27,0,23,10,31,22,0,away,8.5,192.5,-450.0,375.0,1.5,102.0,1.0,0,False
2016,2016-04-03,True,False,chi,mil,102,98,24,33,22,23,0,24,17,32,25,0,home,1.5,202.5,105.0,-125.0,4.5,98.5,0.0,0,False
2016,2016-04-03,True,False,okc,hou,110,118,26,27,29,28,0,31,21,28,38,0,away,3.5,221.5,-160.0,140.0,2.0,109.5,0.0,1,True
2016,2016-04-03,True,False,no,bkn,106,87,18,35,22,31,0,14,28,24,21,0,home,2.5,200.5,120.0,-140.0,3.5,99.5,0.0,0,False
2016,2016-04-03,True,False,wsh,lac,109,114,23,26,24,36,0,33,27,24,30,0,home,6.5,206.5,230.0,-270.0,0.0,100.5,0.0,1,True
2016,2016-04-03,True,False,cha,cle,103,112,19,23,29,32,0,29,29,28,26,0,home,7.0,202.5,260.0,-310.0,2.0,100.0,1.0,1,True
2016,2016-04-03,True,False,dal,min,88,78,22,19,27,20,0,27,13,23,15,0,away,2.5,206.0,-145.0,125.0,2.5,103.0,1.0,0,False
2016,2016-04-05,True,False,no,phi,93,107,29,22,22,20,0,21,36,31,19,0,home,2.5,207.0,120.0,-140.0,1.0,103.5,1.0,0,True
2016,2016-04-05,True,False,det,mia,89,107,19,17,27,26,0,25,29,28,25,0,home,4.5,202.0,170.0,-190.0,3.5,99.0,1.0,0,True
2016,2016-04-05,True,False,cha,tor,90,96,16,26,17,31,0,26,30,19,21,0,home,5.5,201.5,185.0,-215.0,1.5,99.0,1.0,0,True
2016,2016-04-05,True,False,phx,atl,90,103,38,18,17,17,0,28,16,26,33,0,home,15.0,205.0,1300.0,-3500.0,14.0,108.0,0.0,0,True
2016,2016-04-05,True,False,cle,mil,109,80,33,34,26,16,0,19,24,24,13,0,away,9.5,202.0,-500.0,400.0,1.0,96.0,1.0,0,False
2016,2016-04-05,True,False,sa,utah,88,86,25,17,25,21,0,20,17,16,33,0,away,3.5,182.0,-160.0,140.0,0.5,97.0,0.0,0,False
2016,2016-04-05,True,False,okc,den,124,102,32,36,39,17,0,30,21,26,25,0,away,9.0,217.5,-430.0,360.0,0.0,105.0,1.0,1,False
2016,2016-04-05,True,False,por,sac,115,107,30,21,33,31,0,33,24,23,27,0,away,4.0,222.0,-170.0,150.0,5.0,111.0,1.0,2,False
2016,2016-04-05,True,False,min,gs,124,117,19,27,32,28,18,28,27,31,20,11,home,14.5,226.0,1400.0,-4000.0,6.5,111.0,0.0,1,False
2016,2016-04-05,True,False,lal,lac,81,103,22,22,16,21,0,33,19,32,19,0,home,15.0,208.0,1100.0,-2500.0,6.5,104.0,1.0,0,True
2016,2016-04-05,True,False,chi,mem,92,108,21,23,21,27,0,23,31,29,25,0,away,3.5,200.5,-170.0,150.0,5.0,100.0,0.0,0,True
2016,2016-04-06,True,False,lac,lal,91,81,29,25,19,18,0,25,17,19,20,0,away,11.5,203.5,-750.0,525.0,3.0,99.5,0.0,0,False
2016,2016-04-06,True,False,hou,dal,86,88,22,22,27,15,0,18,34,18,18,0,away,1.5,206.5,-125.0,105.0,4.0,103.0,0.0,0,True
2016,2016-04-06,True,False,okc,por,115,120,26,33,24,32,0,33,39,27,21,0,home,8.0,213.5,280.0,-340.0,0.5,106.0,0.0,1,True
2016,2016-04-06,True,False,cha,ny,111,97,30,23,28,30,0,25,27,20,25,0,away,4.5,196.0,-180.0,160.0,3.0,98.5,1.0,1,False
2016,2016-04-06,True,False,det,orl,108,104,25,19,29,35,0,21,30,26,27,0,home,3.0,208.5,130.0,-150.0,1.5,104.0,0.0,1,False
2016,2016-04-06,True,False,cle,ind,109,123,33,28,21,27,0,36,34,26,27,0,home,3.5,196.0,145.0,-165.0,1.0,98.0,1.0,1,True
2016,2016-04-06,True,False,bkn,wsh,103,121,23,29,23,28,0,30,24,34,33,0,home,11.5,209.0,650.0,-1000.0,7.0,106.5,1.0,1,True
2016,2016-04-06,True,False,no,bos,97,104,17,28,28,24,0,23,30,23,28,0,home,14.5,208.5,1200.0,-3000.0,6.0,103.5,0.0,0,True
2016,2016-04-07,True,False,phx,hou,124,115,27,30,32,35,0,39,21,30,25,0,home,12.0,213.0,650.0,-1000.0,7.0,109.5,0.0,1,False
2016,2016-04-07,True,False,tor,atl,87,95,20,23,20,24,0,28,19,23,25,0,home,5.5,199.5,195.0,-230.0,2.0,100.5,1.0,0,True
2016,2016-04-07,True,False,chi,mia,98,106,22,24,23,29,0,21,19,35,31,0,home,6.0,205.0,200.0,-240.0,4.5,101.5,1.0,0,True
2016,2016-04-07,True,False,min,sac,105,97,31,27,25,22,0,27,24,25,21,0,home,0.0,222.5,-110.0,-110.0,1.5,110.0,0.0,0,False
2016,2016-04-07,True,False,sa,gs,101,112,15,25,29,32,0,20,32,35,25,0,home,6.0,209.0,210.0,-250.0,0.0,107.5,1.0,1,True
2016,2016-04-08,True,False,lac,utah,102,99,25,22,29,18,8,26,26,20,22,5,home,13.5,184.0,750.0,-1200.0,7.0,90.5,0.0,1,False
2016,2016-04-08,True,False,sa,den,98,102,18,35,19,26,0,24,27,26,25,0,home,1.0,199.5,-105.0,-115.0,0.5,104.5,1.0,1,True
2016,2016-04-08,True,False,mem,dal,93,103,21,28,19,25,0,18,28,28,29,0,home,6.5,191.0,210.0,-250.0,6.0,95.0,1.0,1,True
2016,2016-04-08,True,False,lal,no,102,110,27,19,21,35,0,24,33,30,23,0,home,3.5,201.5,145.0,-165.0,1.5,100.5,1.0,1,True
2016,2016-04-08,True,False,mil,bos,109,124,35,23,22,29,0,30,35,36,23,0,home,11.0,203.0,550.0,-800.0,4.5,101.5,1.0,1,True
2016,2016-04-08,True,False,ny,phi,109,102,28,21,33,27,0,24,22,28,28,0,away,2.5,203.0,-150.0,130.0,1.0,99.5,1.0,1,False
2016,2016-04-08,True,False,wsh,det,99,112,25,30,29,15,0,39,23,24,26,0,home,5.5,203.0,195.0,-230.0,1.0,99.5,1.0,1,True
2016,2016-04-08,True,False,mia,orl,109,112,27,28,25,29,0,19,34,26,33,0,away,1.5,207.5,-125.0,105.0,0.5,104.0,0.0,1,True
2016,2016-04-08,True,False,bkn,cha,99,113,25,18,21,35,0,25,25,34,29,0,home,14.0,207.0,1100.0,-2500.0,5.5,106.0,2.0,1,True
2016,2016-04-08,True,False,ind,tor,98,111,15,31,20,32,0,20,30,32,29,0,away,5.0,193.5,-190.0,170.0,5.0,96.5,0.0,1,True
2016,2016-04-09,True,False,min,por,106,105,21,32,22,31,0,28,21,23,33,0,home,8.5,215.0,325.0,-400.0,8.0,108.0,0.0,0,False
2016,2016-04-09,True,False,okc,sac,112,114,30,22,32,28,0,22,34,27,31,0,away,8.5,224.0,-385.0,315.0,8.0,111.5,0.0,1,True
2016,2016-04-09,True,False,cle,chi,102,105,31,23,28,20,0,27,25,27,26,0,away,7.0,204.5,-300.0,240.0,4.0,100.5,0.0,1,True
2016,2016-04-09,True,False,gs,mem,100,99,31,22,17,30,0,28,22,28,21,0,away,13.0,213.5,-1427.0,841.0,8.0,107.5,0.0,0,False
2016,2016-04-09,True,False,bos,atl,107,118,32,39,20,16,0,34,33,26,25,0,home,5.5,207.5,185.0,-215.0,5.5,109.5,1.0,1,True
2016,2016-04-09,True,False,phx,no,121,100,32,23,30,36,0,22,25,20,33,0,away,3.0,208.5,-150.0,130.0,1.0,107.5,1.0,1,False
2016,2016-04-10,True,False,gs,sa,92,86,14,21,27,30,0,19,16,26,25,0,home,3.5,206.5,145.0,-165.0,2.5,102.0,0.0,0,False
2016,2016-04-10,True,False,orl,mia,96,118,28,21,20,27,0,31,25,33,29,0,home,9.0,211.5,370.0,-465.0,3.0,105.0,1.0,1,True
2016,2016-04-10,True,False,bkn,ind,105,129,19,22,31,33,0,39,30,35,25,0,home,13.5,204.0,800.0,-1300.0,1.5,104.5,1.0,1,True
2016,2016-04-10,True,False,mil,phi,109,108,29,33,14,22,11,23,22,25,28,10,away,4.5,205.5,-185.0,165.0,3.0,101.0,0.0,1,False
2016,2016-04-10,True,False,tor,ny,93,89,20,34,21,18,0,25,26,18,20,0,away,6.5,196.0,-265.0,215.0,4.0,99.5,0.0,0,False
2016,2016-04-10,True,False,dal,lac,91,98,21,26,12,32,0,23,26,27,22,0,home,6.5,196.0,220.0,-270.0,3.5,99.0,1.0,0,True
2016,2016-04-10,True,False,lal,hou,110,130,27,26,27,30,0,29,26,33,42,0,home,15.0,212.5,1000.0,-2000.0,8.5,106.5,1.0,1,True
2016,2016-04-10,True,False,cha,wsh,98,113,27,21,26,24,0,28,27,31,27,0,away,5.5,205.0,-230.0,190.0,5.5,101.5,0.0,1,True
2016,2016-04-10,True,False,utah,den,100,84,26,22,34,18,0,22,25,15,22,0,away,6.5,192.0,-265.0,215.0,4.5,100.0,1.0,0,False
2016,2016-04-11,True,False,mil,orl,98,107,22,22,29,25,0,32,26,27,22,0,home,2.5,210.0,120.0,-140.0,3.0,102.5,1.0,0,True
2016,2016-04-11,True,False,atl,cle,94,109,26,19,30,19,0,22,29,39,19,0,home,6.5,205.0,235.0,-275.0,1.5,107.5,1.0,0,True
2016,2016-04-11,True,False,cha,bos,114,100,24,39,31,20,0,28,13,31,28,0,home,7.0,210.0,250.0,-300.0,9.0,104.5,0.0,1,False
2016,2016-04-11,True,False,wsh,bkn,120,111,34,36,30,20,0,28,41,29,13,0,away,6.5,213.5,-270.0,230.0,4.0,107.5,1.0,1,False
2016,2016-04-11,True,False,lal,okc,79,112,21,27,13,18,0,27,31,31,23,0,home,16.0,216.5,1300.0,-3500.0,6.5,108.0,1.0,0,True
2016,2016-04-11,True,False,chi,no,121,116,27,26,36,32,0,29,33,26,28,0,away,5.0,204.5,-210.0,180.0,5.5,103.5,2.0,1,False
2016,2016-04-11,True,False,hou,min,129,105,38,30,35,26,0,21,26,27,31,0,away,3.5,217.5,-160.0,140.0,4.0,106.5,1.0,1,False
2016,2016-04-11,True,False,dal,utah,101,92,22,28,21,30,0,20,26,18,28,0,home,7.0,181.5,250.0,-300.0,6.0,92.5,0.0,1,False
2016,2016-04-11,True,False,sac,phx,105,101,26,30,31,18,0,22,27,23,29,0,home,6.0,218.5,205.0,-245.0,6.0,110.0,0.0,0,False
2016,2016-04-12,True,False,mem,lac,84,110,22,21,21,20,0,29,32,23,26,0,home,9.0,200.0,330.0,-400.0,0.5,98.5,1.0,0,True
2016,2016-04-12,True,False,phi,tor,98,122,23,38,13,24,0,32,23,32,35,0,home,12.0,204.5,750.0,-1200.0,10.5,103.5,1.0,1,True
2016,2016-04-12,True,False,okc,sa,98,102,32,21,19,21,5,21,22,31,19,9,home,12.5,202.5,700.0,-1100.0,12.5,102.5,0.0,0,True
2016,2016-04-12,True,False,ny,ind,90,102,36,18,16,20,0,29,24,26,23,0,home,11.0,197.5,550.0,-800.0,8.0,98.5,1.0,0,True
2016,2016-04-12,True,False,mia,det,99,93,19,31,21,28,0,17,33,19,24,0,away,2.0,200.0,-135.0,115.0,2.0,97.5,1.0,0,False
2016,2016-04-13,True,False,orl,cha,103,117,22,28,29,24,0,38,28,20,31,0,home,7.5,211.5,280.0,-340.0,0.5,104.0,1.0,1,True
2016,2016-04-13,True,False,lac,phx,105,114,27,28,20,30,0,25,37,23,29,0,home,5.0,206.0,165.0,-185.0,0.5,103.0,1.0,1,True
2016,2016-04-13,True,False,den,por,99,107,31,25,23,20,0,27,31,29,20,0,home,9.5,218.0,330.0,-400.0,5.0,109.5,0.0,0,True
2016,2016-04-13,True,False,mem,gs,104,125,23,27,31,23,0,37,33,32,23,0,home,17.0,213.0,2000.0,-9900.0,4.5,105.5,1.0,1,True
2016,2016-04-13,True,False,utah,lal,96,101,21,36,18,21,0,19,23,24,35,0,away,3.5,196.0,-155.0,135.0,3.0,100.0,0.0,1,True
2016,2016-04-13,True,False,mia,bos,88,98,35,27,5,21,0,13,25,25,35,0,home,4.5,205.0,170.0,-190.0,8.0,99.5,1.0,0,True
2016,2016-04-13,True,False,phi,chi,105,115,32,28,13,32,0,16,35,35,29,0,home,9.0,209.5,400.0,-500.0,7.0,106.5,1.0,1,True
2016,2016-04-13,True,False,ind,mil,97,92,37,25,16,19,0,20,26,24,22,0,home,5.0,201.5,170.0,-190.0,6.5,101.0,0.0,0,False
2016,2016-04-13,True,False,atl,wsh,98,109,33,26,17,22,0,33,24,27,25,0,away,8.5,209.5,-390.0,325.0,5.5,108.5,0.0,0,True
2016,2016-04-13,True,False,tor,bkn,103,96,16,33,29,25,0,26,21,19,30,0,away,5.5,207.0,-215.0,185.0,3.0,102.5,1.0,0,False
2016,2016-04-13,True,False,no,min,109,144,23,27,29,30,0,40,32,34,38,0,home,9.5,213.0,425.0,-550.0,0.0,106.0,1.0,1,True
2016,2016-04-13,True,False,sa,dal,96,91,20,14,31,31,0,27,25,15,24,0,home,5.0,187.5,175.0,-200.0,2.5,95.5,0.0,0,False
2016,2016-04-13,True,False,sac,hou,81,116,18,26,20,17,0,34,30,28,24,0,home,15.5,219.5,1200.0,-3000.0,3.5,108.5,1.0,0,True
2016,2016-04-13,True,False,det,cle,112,110,29,29,24,21,9,24,20,28,31,7,home,3.5,195.0,145.0,-165.0,6.0,96.5,0.0,1,False
