season,date,regular,playoffs,away_team,home_team,score_away,score_home,q1_away,q2_away,q3_away,q4_away,ot_away,q1_home,q2_home,q3_home,q4_home,ot_home,whos_favored,spread,total,away_ml,home_ml,h2_spread,h2_total,id_spread,id_total,home_won
2010,2009-10-27,True,False,lac,lal,92,99,22,27,26,17,0,32,27,17,23,0,home,12.0,202.0,625.0,-850.0,3.5,102.0,0.0,0,True
2010,2009-10-27,True,False,hou,por,87,96,23,18,15,31,0,23,31,21,21,0,home,9.0,188.0,400.0,-500.0,1.5,93.5,2.0,0,True
2010,2009-10-27,True,False,bos,cle,95,89,21,30,21,23,0,28,17,20,24,0,home,5.0,183.5,170.0,-200.0,4.5,90.5,0.0,1,False
2010,2009-10-27,True,False,wsh,dal,102,91,21,35,21,25,0,21,29,24,17,0,home,8.5,210.0,320.0,-400.0,8.0,107.0,0.0,0,False
2010,2009-10-28,True,False,utah,den,105,114,30,25,25,25,0,23,31,28,32,0,home,5.0,208.5,185.0,-225.0,4.5,105.5,1.0,1,True
2010,2009-10-28,True,False,phx,lac,109,107,24,29,24,32,0,31,22,26,28,0,away,2.5,217.0,-145.0,125.0,2.5,107.0,0.0,0,False
2010,2009-10-28,True,False,hou,gs,108,107,26,26,35,21,0,28,34,19,26,0,home,5.5,213.0,190.0,-230.0,0.0,105.5,0.0,1,False
2010,2009-10-28,True,False,bkn,min,93,95,25,30,23,15,0,21,22,21,31,0,away,2.0,194.0,-130.0,110.0,2.5,97.0,0.0,0,True
2010,2009-10-28,True,False,sac,okc,89,102,22,29,17,21,0,39,29,21,13,0,home,6.5,204.5,250.0,-300.0,1.0,101.0,1.0,0,True
2010,2009-10-28,True,False,no,sa,96,113,13,26,29,28,0,19,38,31,25,0,home,9.5,187.5,400.0,-525.0,0.0,93.5,1.0,1,True
2010,2009-10-28,True,False,ny,mia,93,115,23,24,15,31,0,27,29,34,25,0,home,5.0,206.0,180.0,-220.0,0.0,102.5,1.0,1,True
2010,2009-10-28,True,False,cha,bos,59,92,13,18,10,18,0,22,20,25,25,0,home,10.0,183.0,500.0,-700.0,2.5,91.0,1.0,0,True
2010,2009-10-28,True,False,cle,tor,91,101,22,17,32,20,0,27,30,21,23,0,away,7.5,194.0,-325.0,265.0,8.5,97.5,0.0,0,True
2010,2009-10-28,True,False,ind,atl,109,120,32,33,29,15,0,29,37,29,25,0,home,7.5,206.0,300.0,-370.0,4.0,103.5,1.0,1,True
2010,2009-10-28,True,False,phi,orl,106,120,27,20,22,37,0,29,41,30,20,0,home,10.0,194.5,450.0,-600.0,0.5,96.5,1.0,1,True
2010,2009-10-28,True,False,det,mem,96,74,24,29,18,25,0,20,21,16,17,0,away,1.5,191.0,-125.0,105.0,2.5,95.0,1.0,0,False
2010,2009-10-29,True,False,sa,chi,85,92,23,23,18,21,0,22,25,27,18,0,away,3.5,193.0,-150.0,130.0,3.0,96.5,0.0,0,True
2010,2009-10-29,True,False,den,por,97,94,24,18,20,35,0,17,26,24,27,0,home,7.0,201.0,270.0,-330.0,4.5,99.5,0.0,0,False
2010,2009-10-30,True,False,orl,bkn,95,85,29,21,25,20,0,24,20,18,23,0,away,9.5,199.0,-600.0,400.0,3.5,98.5,1.0,0,False
2010,2009-10-30,True,False,lac,utah,98,111,32,28,24,14,0,34,26,23,28,0,home,9.0,202.5,325.0,-450.0,6.5,101.5,1.0,1,True
2010,2009-10-30,True,False,cle,min,104,87,25,32,26,21,0,18,29,21,19,0,away,12.0,192.0,-1100.0,750.0,4.0,96.5,1.0,0,False
2010,2009-10-30,True,False,gs,phx,101,123,24,27,22,28,0,28,34,30,31,0,home,5.0,233.0,190.0,-230.0,0.5,114.0,1.0,0,True
2010,2009-10-30,True,False,dal,lal,94,80,24,28,26,16,0,21,24,15,20,0,home,7.5,204.5,310.0,-380.0,8.0,101.5,0.0,0,False
2010,2009-10-30,True,False,tor,mem,107,115,22,27,30,28,0,23,30,23,39,0,away,2.5,195.0,-140.0,120.0,2.5,97.5,0.0,1,True
2010,2009-10-30,True,False,ny,cha,100,102,13,24,18,27,18,32,19,18,13,20,home,1.5,196.0,105.0,-125.0,3.5,96.5,1.0,1,True
2010,2009-10-30,True,False,mia,ind,96,83,28,21,30,17,0,16,31,16,20,0,home,1.5,213.0,105.0,-125.0,1.0,106.5,0.0,0,False
2010,2009-10-30,True,False,okc,det,91,83,16,22,24,29,0,24,21,16,22,0,home,5.0,190.0,180.0,-220.0,1.0,93.0,0.0,0,False
2010,2009-10-30,True,False,chi,bos,90,118,17,18,26,29,0,21,29,38,30,0,home,11.5,187.5,600.0,-900.0,2.0,93.5,1.0,1,True
2010,2009-10-30,True,False,wsh,atl,89,100,24,20,22,23,0,29,29,17,25,0,home,6.0,202.5,220.0,-260.0,1.5,103.5,1.0,0,True
2010,2009-10-30,True,False,mil,phi,86,99,18,29,20,19,0,23,18,35,23,0,home,6.0,191.5,220.0,-260.0,5.0,95.5,1.0,0,True
2010,2009-10-30,True,False,sac,no,92,97,27,23,25,17,0,25,25,22,25,0,home,11.5,201.5,600.0,-900.0,7.0,100.5,0.0,0,True
2010,2009-10-31,True,False,bkn,wsh,104,123,24,27,28,25,0,28,34,37,24,0,home,6.5,191.0,230.0,-270.0,0.0,96.0,1.0,1,True
2010,2009-10-31,True,False,cha,cle,79,90,21,20,13,25,0,25,20,21,24,0,home,15.0,181.5,1300.0,-2400.0,8.5,90.0,0.0,0,True
2010,2009-10-31,True,False,phi,ny,141,127,40,30,26,26,19,25,26,30,41,5,away,2.0,206.0,-140.0,120.0,3.5,101.0,1.0,1,False
2010,2009-10-31,True,False,por,hou,107,111,28,26,25,28,0,33,26,24,28,0,away,2.5,187.5,-145.0,125.0,2.5,94.5,0.0,1,True
2010,2009-10-31,True,False,det,mil,85,96,29,20,14,22,0,20,18,36,22,0,home,2.0,184.0,125.0,-145.0,3.5,91.5,1.0,0,True
2010,2009-10-31,True,False,sac,sa,94,113,27,18,30,19,0,34,27,34,18,0,home,16.5,201.5,2000.0,-4000.0,4.0,99.5,1.0,1,True
2010,2009-10-31,True,False,dal,lac,93,84,23,32,25,13,0,27,28,16,13,0,away,5.0,195.0,-210.0,175.0,3.5,98.0,1.0,0,False
2010,2009-11-01,True,False,atl,lal,110,118,25,33,18,34,0,27,37,34,20,0,home,8.5,196.5,350.0,-450.0,4.0,100.5,0.0,1,True
2010,2009-11-01,True,False,mem,den,123,133,40,26,28,29,0,35,32,36,30,0,home,11.0,207.0,525.0,-700.0,6.5,104.0,0.0,1,True
2010,2009-11-01,True,False,por,okc,83,74,25,14,21,23,0,15,22,19,18,0,away,3.0,186.5,-145.0,125.0,1.0,92.5,1.0,0,False
2010,2009-11-01,True,False,min,phx,112,120,34,27,24,27,0,35,32,29,24,0,home,13.0,220.0,800.0,-1500.0,6.0,110.5,0.0,1,True
2010,2009-11-01,True,False,no,bos,87,97,20,18,31,18,0,22,25,25,25,0,home,11.0,185.5,550.0,-800.0,3.0,92.5,0.0,0,True
2010,2009-11-01,True,False,orl,tor,125,116,36,28,35,26,0,28,25,36,27,0,away,5.5,200.0,-240.0,190.0,1.0,100.0,1.0,1,False
2010,2009-11-01,True,False,chi,mia,87,95,27,21,22,17,0,24,25,20,26,0,home,4.0,193.0,160.0,-190.0,2.5,97.0,1.0,0,True
2010,2009-11-02,True,False,bkn,cha,68,79,14,27,7,20,0,10,23,20,26,0,home,7.0,175.0,245.0,-290.0,6.0,88.0,1.0,0,True
2010,2009-11-02,True,False,no,ny,111,117,24,28,29,30,0,31,27,19,40,0,away,3.0,203.0,-150.0,130.0,3.5,101.0,0.0,1,True
2010,2009-11-02,True,False,hou,utah,113,96,26,28,25,34,0,28,29,19,20,0,home,8.0,202.5,310.0,-380.0,4.0,101.0,0.0,1,False
2010,2009-11-02,True,False,mem,sac,116,127,33,21,26,30,6,26,30,23,31,17,home,1.0,206.0,100.0,-110.0,0.0,104.0,1.0,1,True
2010,2009-11-02,True,False,min,lac,90,93,28,20,22,20,0,30,27,14,22,0,home,7.5,196.5,320.0,-400.0,2.5,97.5,0.0,0,True
2010,2009-11-03,True,False,atl,por,97,91,15,32,25,25,0,25,23,21,22,0,home,7.0,193.0,250.0,-300.0,4.5,98.5,0.0,0,False
2010,2009-11-03,True,False,utah,dal,85,96,20,17,30,18,0,17,18,17,44,0,home,6.5,202.0,220.0,-260.0,5.5,101.0,1.0,0,True
2010,2009-11-03,True,False,lal,okc,101,98,32,20,19,19,11,25,26,22,17,8,away,7.0,193.5,-300.0,250.0,4.5,96.0,0.0,1,False
2010,2009-11-03,True,False,mil,chi,81,83,25,18,17,21,0,13,16,27,27,0,home,8.5,191.5,350.0,-450.0,8.5,95.5,0.0,0,True
2010,2009-11-03,True,False,bos,phi,105,74,19,25,25,36,0,17,19,18,20,0,away,7.0,191.5,-330.0,270.0,1.5,95.5,1.0,0,False
2010,2009-11-03,True,False,orl,det,80,85,14,27,19,20,0,19,19,22,25,0,away,8.5,193.0,-400.0,320.0,5.0,95.0,0.0,0,True
2010,2009-11-03,True,False,den,ind,111,93,30,25,28,28,0,13,26,32,22,0,away,5.0,223.5,-230.0,190.0,2.0,107.5,1.0,0,False
2010,2009-11-03,True,False,wsh,cle,90,102,31,23,19,17,0,17,33,28,24,0,home,11.5,197.0,600.0,-800.0,9.0,99.5,1.0,0,True
2010,2009-11-03,True,False,phx,mia,104,96,23,21,31,29,0,26,26,29,15,0,home,4.5,215.0,155.0,-175.0,0.0,106.0,0.0,0,False
2010,2009-11-04,True,False,lal,hou,103,102,22,22,29,19,11,22,26,26,18,10,away,2.0,203.0,-130.0,110.0,2.5,99.5,0.0,1,False
2010,2009-11-04,True,False,mem,gs,105,113,29,27,24,25,0,19,38,33,23,0,home,6.0,227.5,190.0,-240.0,4.5,112.0,1.0,0,True
2010,2009-11-04,True,False,dal,no,107,114,17,31,21,28,10,25,25,24,23,17,home,4.5,189.5,155.0,-175.0,2.0,94.0,1.0,1,True
2010,2009-11-04,True,False,bos,min,92,90,22,19,31,20,0,27,22,23,18,0,away,12.5,186.5,-650.0,450.0,11.0,94.0,0.0,0,False
2010,2009-11-04,True,False,atl,sac,113,105,26,30,27,30,0,24,31,32,18,0,away,5.5,207.5,-240.0,190.0,3.5,103.5,1.0,1,False
2010,2009-11-04,True,False,den,bkn,122,94,22,28,44,28,0,23,28,26,17,0,away,9.5,199.5,-570.0,420.0,6.0,100.0,1.0,1,False
2010,2009-11-04,True,False,mia,wsh,93,89,31,19,16,27,0,17,24,25,23,0,home,2.0,195.0,115.0,-135.0,3.5,97.5,0.0,0,False
2010,2009-11-04,True,False,phx,orl,100,122,25,27,26,22,0,29,29,34,30,0,home,7.5,218.0,260.0,-340.0,2.0,107.5,1.0,1,True
2010,2009-11-04,True,False,ind,ny,101,89,21,29,23,28,0,25,31,18,15,0,home,5.0,223.5,175.0,-215.0,1.0,110.0,0.0,0,False
2010,2009-11-04,True,False,det,tor,99,110,28,28,21,22,0,24,44,17,25,0,home,7.5,193.0,305.0,-370.0,0.5,96.5,1.0,1,True
2010,2009-11-05,True,False,chi,cle,86,85,25,21,17,23,0,27,16,22,20,0,home,11.5,191.0,650.0,-900.0,9.0,96.0,0.0,0,False
2010,2009-11-05,True,False,sa,utah,99,113,22,28,30,19,0,32,28,33,20,0,home,1.0,198.0,-101.0,-109.0,3.0,97.5,1.0,1,True
2010,2009-11-06,True,False,sa,por,84,96,14,26,18,26,0,29,22,17,28,0,home,4.0,185.5,155.0,-175.0,1.0,91.5,1.0,0,True
2010,2009-11-06,True,False,mem,lal,98,114,22,29,24,23,0,25,24,38,27,0,home,9.5,211.0,450.0,-600.0,7.0,106.0,1.0,1,True
2010,2009-11-06,True,False,lac,gs,118,90,30,27,34,27,0,19,26,16,29,0,home,4.0,217.0,165.0,-190.0,5.5,106.5,0.0,0,False
2010,2009-11-06,True,False,okc,hou,94,105,21,24,24,25,0,26,24,30,25,0,home,6.5,189.5,240.0,-280.0,2.0,94.5,1.0,1,True
2010,2009-11-06,True,False,cle,ny,100,91,40,23,14,23,0,21,19,18,33,0,away,8.0,200.0,-400.0,320.0,2.5,98.0,1.0,0,False
2010,2009-11-06,True,False,tor,no,107,90,19,30,34,24,0,23,28,14,25,0,home,4.5,205.0,180.0,-220.0,2.0,103.5,0.0,0,False
2010,2009-11-06,True,False,phx,bos,110,103,29,28,28,25,0,27,24,32,20,0,home,10.5,207.0,500.0,-700.0,9.5,103.0,0.0,1,False
2010,2009-11-06,True,False,den,mia,88,96,21,17,18,32,0,23,27,28,18,0,away,1.0,201.5,-110.0,100.0,3.0,100.0,0.0,0,True
2010,2009-11-06,True,False,bkn,phi,94,97,20,27,26,21,0,18,32,18,29,0,home,12.0,194.0,800.0,-1000.0,6.5,98.0,0.0,0,True
2010,2009-11-06,True,False,wsh,ind,86,102,19,22,24,21,0,23,30,29,20,0,home,1.5,207.5,113.0,-123.0,3.0,104.0,1.0,0,True
2010,2009-11-06,True,False,det,orl,103,110,23,20,25,35,0,40,18,24,28,0,home,13.0,192.0,980.0,-1180.0,2.5,93.5,0.0,1,True
2010,2009-11-06,True,False,mil,min,87,72,16,17,31,23,0,24,14,14,20,0,home,2.5,189.0,120.0,-140.0,0.5,93.0,0.0,0,False
2010,2009-11-07,True,False,sac,utah,104,99,19,36,30,19,0,30,25,13,31,0,home,15.5,206.5,1400.0,-2500.0,9.0,103.0,0.0,0,False
2010,2009-11-07,True,False,mem,lac,110,113,29,31,22,28,0,23,32,27,31,0,home,4.0,201.0,165.0,-185.0,4.0,100.5,0.0,1,True
2010,2009-11-07,True,False,tor,dal,101,129,25,23,22,31,0,26,29,30,44,0,home,7.5,202.5,280.0,-340.0,2.0,100.5,1.0,1,True
2010,2009-11-07,True,False,ny,mil,87,102,22,13,23,29,0,40,26,17,19,0,home,4.5,195.0,165.0,-185.0,3.5,98.0,1.0,0,True
2010,2009-11-07,True,False,bos,bkn,86,76,18,21,20,27,0,19,21,21,15,0,away,14.0,179.0,-1500.0,950.0,9.0,89.0,0.0,0,False
2010,2009-11-07,True,False,den,atl,100,125,25,25,24,26,0,33,27,30,35,0,home,3.0,210.5,130.0,-150.0,2.0,103.5,1.0,1,True
2010,2009-11-07,True,False,cha,chi,90,93,28,25,17,20,0,26,20,27,20,0,home,6.5,176.5,250.0,-300.0,6.0,89.5,0.0,1,True
2010,2009-11-08,True,False,phi,det,81,88,19,18,22,22,0,23,20,21,24,0,home,2.0,191.5,105.0,-125.0,1.0,95.5,1.0,0,True
2010,2009-11-08,True,False,phx,wsh,102,90,26,30,24,22,0,29,22,20,19,0,away,2.0,216.0,-135.0,115.0,0.0,108.0,1.0,0,False
2010,2009-11-08,True,False,orl,okc,74,102,25,19,13,17,0,23,30,26,23,0,away,6.0,193.0,-260.0,220.0,6.0,96.0,0.0,0,True
2010,2009-11-08,True,False,gs,sac,107,120,29,25,23,30,0,30,35,31,24,0,away,3.0,216.5,-155.0,135.0,4.5,107.5,0.0,1,True
2010,2009-11-08,True,False,min,por,93,116,24,21,22,26,0,33,29,30,24,0,home,12.5,188.5,850.0,-1300.0,2.5,95.0,1.0,1,True
2010,2009-11-08,True,False,no,lal,88,104,17,25,16,30,0,27,28,27,22,0,home,7.0,197.0,250.0,-300.0,0.5,97.5,1.0,0,True
2010,2009-11-09,True,False,min,gs,105,146,29,26,22,28,0,33,41,37,35,0,home,6.0,214.5,210.0,-260.0,2.5,104.0,1.0,1,True
2010,2009-11-09,True,False,no,lac,112,84,35,25,34,18,0,28,18,17,21,0,away,2.0,193.0,-130.0,110.0,5.0,94.5,1.0,1,False
2010,2009-11-09,True,False,utah,ny,95,93,25,23,30,17,0,18,13,33,29,0,away,5.5,211.0,-240.0,190.0,2.0,106.0,0.0,0,False
2010,2009-11-09,True,False,phx,phi,119,115,25,29,30,35,0,27,39,20,29,0,away,2.0,213.5,-125.0,105.0,4.5,106.5,1.0,1,False
2010,2009-11-09,True,False,tor,sa,124,131,32,31,32,29,0,31,32,30,38,0,home,4.5,201.5,160.0,-190.0,3.0,102.0,1.0,1,True
2010,2009-11-10,True,False,orl,cha,93,81,35,22,20,16,0,23,18,30,10,0,away,4.0,182.0,-175.0,155.0,2.5,89.0,1.0,0,False
2010,2009-11-10,True,False,wsh,mia,76,90,27,22,13,14,0,21,20,24,25,0,home,8.5,185.0,360.0,-460.0,8.0,93.5,1.0,0,True
2010,2009-11-10,True,False,den,chi,90,89,22,24,25,19,0,20,23,23,23,0,away,2.5,204.5,-145.0,125.0,1.0,104.5,0.0,0,False
2010,2009-11-10,True,False,por,mem,93,79,24,21,24,24,0,21,24,16,18,0,away,6.5,202.0,-260.0,220.0,4.5,101.0,1.0,0,False
2010,2009-11-10,True,False,hou,dal,103,121,37,24,13,29,0,28,29,26,38,0,home,6.5,199.5,235.0,-275.0,6.5,101.0,1.0,1,True
2010,2009-11-10,True,False,okc,sac,98,101,26,25,26,21,0,24,30,29,18,0,away,2.0,199.0,-135.0,115.0,1.5,101.0,0.0,2,True
2010,2009-11-11,True,False,mem,hou,79,104,17,21,19,22,0,20,23,31,30,0,home,9.5,212.5,400.0,-550.0,4.5,103.5,1.0,0,True
2010,2009-11-11,True,False,dal,sa,83,92,21,17,26,19,0,21,30,28,13,0,away,1.5,196.5,-130.0,110.0,4.0,96.0,0.0,0,True
2010,2009-11-11,True,False,cle,orl,102,93,35,31,22,14,0,28,23,17,25,0,home,0.0,190.5,110.0,-130.0,4.0,94.5,0.0,1,False
2010,2009-11-11,True,False,okc,lac,83,79,22,21,23,17,0,22,26,21,10,0,home,2.0,186.0,110.0,-130.0,0.0,93.5,0.0,0,False
2010,2009-11-11,True,False,no,phx,104,124,29,27,21,27,0,40,35,26,23,0,home,6.5,217.5,240.0,-290.0,2.5,107.0,1.0,1,True
2010,2009-11-11,True,False,por,min,107,84,18,32,35,22,0,23,19,19,23,0,away,7.5,189.5,-350.0,280.0,2.0,94.0,1.0,1,False
2010,2009-11-11,True,False,gs,ind,94,108,28,19,23,24,0,32,32,20,24,0,home,5.5,225.0,180.0,-230.0,2.5,110.5,1.0,0,True
2010,2009-11-11,True,False,cha,det,75,98,22,19,12,22,0,20,32,29,17,0,home,4.5,171.5,165.0,-195.0,1.5,85.0,1.0,1,True
2010,2009-11-11,True,False,utah,bos,86,105,23,21,18,24,0,28,26,30,21,0,home,10.5,190.0,600.0,-800.0,3.0,97.5,1.0,1,True
2010,2009-11-11,True,False,phi,bkn,82,79,22,21,17,22,0,21,19,18,21,0,away,5.0,188.5,-215.0,175.0,2.0,95.0,0.0,0,False
2010,2009-11-11,True,False,atl,ny,114,101,23,24,37,30,0,25,29,23,24,0,away,5.5,208.0,-235.0,185.0,4.5,102.5,1.0,1,False
2010,2009-11-11,True,False,chi,tor,89,99,25,35,18,11,0,27,26,24,22,0,home,5.5,207.0,190.0,-240.0,5.5,104.0,1.0,0,True
2010,2009-11-11,True,False,den,mil,102,108,27,20,25,30,0,27,26,28,27,0,away,3.5,198.0,-165.0,145.0,3.0,100.0,0.0,1,True
2010,2009-11-12,True,False,cle,mia,111,104,35,27,30,19,0,33,24,27,20,0,away,2.0,179.5,-130.0,110.0,2.0,91.0,1.0,1,False
2010,2009-11-12,True,False,phx,lal,102,121,24,21,26,31,0,31,28,33,29,0,home,7.5,221.0,280.0,-340.0,0.0,108.5,1.0,1,True
2010,2009-11-13,True,False,tor,lac,104,89,17,28,29,30,0,34,20,20,15,0,away,3.0,203.0,-160.0,135.0,4.0,101.0,1.0,0,False
2010,2009-11-13,True,False,lal,den,79,105,28,28,8,15,0,26,32,29,18,0,home,4.0,212.0,135.0,-160.0,2.5,106.0,1.0,0,True
2010,2009-11-13,True,False,hou,sac,100,109,30,22,25,23,0,30,33,19,27,0,away,5.0,207.5,-210.0,175.0,5.0,102.5,0.0,1,True
2010,2009-11-13,True,False,atl,bos,97,86,24,17,31,25,0,22,20,28,16,0,home,9.0,193.0,385.0,-510.0,5.5,97.5,0.0,0,False
2010,2009-11-13,True,False,gs,ny,121,107,32,34,20,35,0,26,26,28,27,0,home,4.5,226.0,135.0,-160.0,6.0,111.0,0.0,1,False
2010,2009-11-13,True,False,por,no,86,78,14,23,28,21,0,12,21,21,24,0,away,3.5,187.5,-160.0,135.0,0.5,92.0,1.0,0,False
2010,2009-11-13,True,False,bkn,orl,72,88,27,15,14,16,0,23,19,20,26,0,home,14.5,188.5,1400.0,-3000.0,9.0,94.5,1.0,0,True
2010,2009-11-13,True,False,utah,phi,112,90,30,34,28,20,0,32,18,19,21,0,home,3.0,196.0,135.0,-160.0,5.5,100.0,0.0,1,False
2010,2009-11-13,True,False,dal,min,89,77,22,22,29,16,0,22,11,21,23,0,away,11.0,197.0,-850.0,600.0,3.0,96.0,1.0,0,False
2010,2009-11-14,True,False,phi,chi,88,94,23,18,18,29,0,22,18,23,31,0,home,7.0,190.0,250.0,-300.0,5.5,94.5,0.0,0,True
2010,2009-11-14,True,False,gs,mil,125,129,30,27,26,42,0,21,28,43,37,0,home,7.5,210.5,300.0,-360.0,6.0,105.0,0.0,1,True
2010,2009-11-14,True,False,okc,sa,101,98,25,21,32,23,0,25,28,21,24,0,home,8.5,186.0,320.0,-400.0,2.5,93.5,0.0,1,False
2010,2009-11-14,True,False,min,mem,87,97,23,22,18,24,0,25,20,23,29,0,home,9.0,206.0,325.0,-450.0,6.0,100.0,1.0,0,True
2010,2009-11-14,True,False,bkn,mia,80,81,16,22,19,23,0,17,23,18,23,0,home,12.5,178.0,750.0,-1200.0,7.5,87.5,0.0,0,True
2010,2009-11-14,True,False,det,wsh,106,103,27,28,23,28,0,18,29,33,23,0,home,3.5,184.5,145.0,-165.0,4.0,90.5,0.0,1,False
2010,2009-11-14,True,False,no,atl,98,121,28,27,23,20,0,37,28,26,30,0,home,12.5,196.0,700.0,-1000.0,3.5,96.0,1.0,1,True
2010,2009-11-14,True,False,por,cha,80,74,18,20,17,25,0,18,12,21,23,0,away,2.5,171.5,-150.0,130.0,1.0,84.0,1.0,0,False
2010,2009-11-14,True,False,bos,ind,104,113,27,34,18,25,0,26,26,32,29,0,away,7.5,188.5,-340.0,280.0,1.5,94.0,0.0,1,True
2010,2009-11-14,True,False,utah,cle,103,107,22,32,18,31,0,34,25,19,29,0,home,12.5,190.0,1000.0,-1600.0,6.5,97.5,0.0,1,True
2010,2009-11-15,True,False,dal,det,95,90,22,18,31,24,0,18,28,20,24,0,away,4.5,184.5,-200.0,170.0,4.0,90.0,1.0,1,False
2010,2009-11-15,True,False,lac,okc,101,93,26,23,26,26,0,23,18,35,17,0,home,5.0,184.5,180.0,-220.0,4.5,90.0,0.0,1,False
2010,2009-11-15,True,False,tor,phx,100,101,33,20,26,21,0,31,19,27,24,0,home,7.5,233.0,280.0,-340.0,6.0,116.5,0.0,0,True
2010,2009-11-15,True,False,hou,lal,101,91,23,29,28,21,0,29,25,19,18,0,home,9.0,201.5,370.0,-470.0,5.5,100.5,0.0,0,False
2010,2009-11-16,True,False,por,atl,95,99,28,20,19,18,10,20,23,15,27,14,home,3.5,189.5,140.0,-160.0,3.5,95.5,1.0,1,True
2010,2009-11-16,True,False,cha,orl,91,97,21,31,16,23,0,25,25,26,21,0,home,12.0,184.5,700.0,-1000.0,8.5,92.5,0.0,1,True
2010,2009-11-16,True,False,dal,mil,115,113,33,33,19,19,11,28,26,28,22,9,home,1.5,192.5,105.0,-125.0,4.0,96.5,0.0,1,False
2010,2009-11-17,True,False,tor,den,112,130,29,35,25,23,0,28,36,33,33,0,home,9.5,219.0,400.0,-525.0,6.5,109.0,1.0,1,True
2010,2009-11-17,True,False,det,lal,93,106,22,20,21,30,0,23,34,31,18,0,home,9.5,191.0,425.0,-550.0,1.5,93.5,1.0,1,True
2010,2009-11-17,True,False,chi,sac,101,87,27,34,25,15,0,23,24,25,15,0,away,2.5,196.5,-140.0,120.0,3.0,96.5,1.0,0,False
2010,2009-11-17,True,False,phx,hou,111,105,22,30,26,33,0,34,21,27,23,0,home,2.0,218.0,125.0,-145.0,0.0,107.0,0.0,0,False
2010,2009-11-17,True,False,gs,cle,108,114,30,25,24,29,0,35,31,24,24,0,home,14.5,216.5,1300.0,-2200.0,5.0,106.5,0.0,1,True
2010,2009-11-17,True,False,okc,mia,100,87,25,20,29,26,0,17,25,17,28,0,home,6.5,184.0,235.0,-295.0,6.5,92.0,0.0,1,False
2010,2009-11-17,True,False,lac,no,102,110,22,31,22,27,0,29,29,26,26,0,away,2.5,192.5,-130.0,110.0,3.0,94.5,0.0,1,True
2010,2009-11-17,True,False,ind,bkn,91,83,31,23,13,24,0,21,25,14,23,0,away,3.5,189.0,-185.0,155.0,2.0,93.5,1.0,0,False
2010,2009-11-18,True,False,tor,utah,91,104,17,35,23,16,0,33,28,17,26,0,home,7.5,211.5,295.0,-355.0,1.0,105.5,1.0,0,True
2010,2009-11-18,True,False,det,por,81,87,17,21,12,31,0,21,27,22,17,0,home,10.0,180.0,460.0,-560.0,2.5,90.5,0.0,0,True
2010,2009-11-18,True,False,sa,dal,94,99,21,14,24,25,10,19,18,26,21,15,home,3.0,195.5,130.0,-150.0,2.0,94.5,1.0,0,True
2010,2009-11-18,True,False,bkn,mil,85,99,19,29,12,25,0,20,21,28,30,0,home,10.0,185.5,425.0,-550.0,9.0,93.0,1.0,0,True
2010,2009-11-18,True,False,lac,mem,91,106,23,22,19,27,0,27,28,27,24,0,home,5.5,199.0,190.0,-230.0,0.5,97.5,1.0,0,True
2010,2009-11-18,True,False,hou,min,97,84,23,25,20,29,0,21,21,25,17,0,away,6.0,196.5,-245.0,205.0,1.5,98.0,1.0,0,False
2010,2009-11-18,True,False,okc,orl,94,108,17,26,15,36,0,28,33,27,20,0,home,12.0,195.5,700.0,-1000.0,1.5,96.5,1.0,1,True
2010,2009-11-18,True,False,ny,ind,110,103,25,29,22,34,0,26,43,17,17,0,home,6.0,214.5,205.0,-245.0,2.0,105.0,0.0,0,False
2010,2009-11-18,True,False,cha,phi,84,86,22,21,22,19,0,29,23,17,17,0,home,3.0,183.0,135.0,-155.0,1.5,89.5,0.0,0,True
2010,2009-11-18,True,False,mia,atl,90,105,23,20,29,18,0,26,34,19,26,0,home,7.5,191.5,270.0,-330.0,1.5,95.5,1.0,1,True
2010,2009-11-18,True,False,cle,wsh,91,108,32,19,21,19,0,22,22,31,33,0,away,3.5,195.0,-160.0,140.0,0.5,96.0,0.0,1,True
2010,2009-11-18,True,False,gs,bos,95,109,23,25,19,28,0,27,22,31,29,0,home,16.0,211.0,1650.0,-2600.0,9.0,105.5,0.0,0,True
2010,2009-11-19,True,False,chi,lal,93,108,19,23,25,26,0,25,28,31,24,0,home,10.0,195.5,410.0,-530.0,2.5,97.0,1.0,1,True
2010,2009-11-19,True,False,phx,no,103,110,22,27,27,27,0,26,26,26,32,0,away,8.0,216.0,-400.0,330.0,7.0,107.0,0.0,0,True
2010,2009-11-19,True,False,utah,sa,90,83,20,24,16,30,0,19,21,20,23,0,home,4.5,196.0,170.0,-200.0,4.0,99.0,0.0,0,False
2010,2009-11-20,True,False,den,lac,99,106,26,20,27,26,0,21,35,32,18,0,away,9.0,208.0,-460.0,360.0,7.5,103.0,0.0,0,True
2010,2009-11-20,True,False,cle,ind,105,95,38,28,11,28,0,38,23,21,13,0,away,3.5,200.0,-170.0,150.0,0.0,99.0,1.0,2,False
2010,2009-11-20,True,False,cha,mil,88,95,25,16,19,28,0,30,23,23,19,0,home,3.5,182.0,145.0,-165.0,2.5,90.0,1.0,1,True
2010,2009-11-20,True,False,por,gs,94,108,37,15,23,19,0,29,27,27,25,0,away,7.5,207.5,-360.0,300.0,6.5,104.5,0.0,0,True
2010,2009-11-20,True,False,sac,dal,102,104,24,18,23,37,0,22,25,21,36,0,home,10.0,202.5,500.0,-700.0,5.0,100.0,0.0,1,True
2010,2009-11-20,True,False,mem,phi,102,97,28,21,29,24,0,22,28,21,26,0,home,5.0,196.0,170.0,-200.0,3.0,98.0,0.0,1,False
2010,2009-11-20,True,False,orl,bos,83,78,29,14,23,17,0,13,27,19,19,0,home,6.0,190.5,220.0,-260.0,5.5,95.0,0.0,0,False
2010,2009-11-20,True,False,hou,atl,103,105,26,25,21,31,0,28,27,22,28,0,home,7.0,203.0,240.0,-280.0,3.0,99.5,0.0,1,True
2010,2009-11-20,True,False,mia,tor,113,120,24,25,34,30,0,26,43,20,31,0,home,3.0,199.0,130.0,-150.0,4.0,99.0,1.0,1,True
2010,2009-11-20,True,False,wsh,okc,108,127,29,26,31,22,0,32,30,33,32,0,home,4.0,194.5,150.0,-170.0,0.0,96.5,1.0,1,True
2010,2009-11-21,True,False,ny,bkn,98,91,29,23,22,24,0,24,19,24,24,0,home,2.5,194.0,120.0,-140.0,3.0,97.0,0.0,0,False
2010,2009-11-21,True,False,phi,cle,91,97,23,28,30,10,0,36,18,21,22,0,home,10.5,191.5,450.0,-650.0,6.0,93.5,0.0,0,True
2010,2009-11-21,True,False,atl,no,88,96,19,23,18,28,0,22,27,22,25,0,away,4.5,203.5,-200.0,170.0,4.5,100.0,0.0,0,True
2010,2009-11-21,True,False,mil,mem,103,98,19,26,31,27,0,29,21,22,26,0,home,4.0,196.0,150.0,-170.0,0.5,98.0,0.0,1,False
2010,2009-11-21,True,False,wsh,sa,84,106,21,19,18,26,0,27,25,28,26,0,home,7.5,194.5,260.0,-320.0,1.0,98.0,1.0,0,True
2010,2009-11-21,True,False,sac,hou,106,113,27,25,32,22,0,33,26,21,33,0,home,11.0,203.0,550.0,-750.0,4.5,99.5,0.0,1,True
2010,2009-11-21,True,False,det,utah,97,100,24,22,22,22,7,27,15,22,26,10,home,8.0,191.0,325.0,-450.0,7.0,95.0,0.0,1,True
2010,2009-11-21,True,False,chi,den,93,112,27,25,19,22,0,14,35,26,37,0,home,8.0,207.0,320.0,-400.0,7.0,102.0,1.0,0,True
2010,2009-11-21,True,False,min,por,78,106,14,23,26,15,0,23,17,36,30,0,home,13.0,187.5,950.0,-1500.0,7.5,92.5,1.0,0,True
2010,2009-11-22,True,False,det,phx,91,117,26,16,21,28,0,29,29,26,33,0,home,10.0,208.0,450.0,-600.0,1.0,102.5,1.0,2,True
2010,2009-11-22,True,False,okc,lal,85,101,16,18,24,27,0,35,22,22,22,0,home,11.0,199.5,500.0,-700.0,0.5,98.5,1.0,0,True
2010,2009-11-22,True,False,no,mia,101,102,25,27,31,18,0,30,29,27,16,0,home,10.0,192.0,450.0,-600.0,3.5,96.5,0.0,1,True
2010,2009-11-22,True,False,bos,ny,107,105,30,26,21,21,9,22,31,29,16,7,away,10.0,196.0,-600.0,450.0,5.5,98.0,0.0,1,False
2010,2009-11-22,True,False,orl,tor,104,96,22,28,26,28,0,28,21,27,20,0,away,3.5,207.0,-160.0,140.0,1.5,102.0,1.0,0,False
2010,2009-11-22,True,False,ind,cha,88,104,20,21,19,28,0,28,24,29,23,0,home,1.5,188.0,100.0,-120.0,2.5,93.0,1.0,1,True
2010,2009-11-23,True,False,sac,mem,105,116,18,32,19,36,0,25,35,26,30,0,home,5.5,206.5,205.0,-245.0,0.0,103.0,1.0,1,True
2010,2009-11-23,True,False,mil,sa,98,112,18,32,24,24,0,23,26,37,26,0,home,8.0,193.5,345.0,-435.0,5.5,97.5,1.0,1,True
2010,2009-11-23,True,False,chi,por,98,122,28,23,29,18,0,31,35,24,32,0,home,8.0,182.5,320.0,-400.0,0.0,92.0,1.0,1,True
2010,2009-11-23,True,False,min,lac,87,91,29,22,22,14,0,28,20,24,19,0,home,5.5,192.0,195.0,-235.0,5.5,95.5,0.0,0,True
2010,2009-11-24,True,False,ny,lal,90,100,24,21,17,28,0,30,25,28,17,0,home,14.5,213.0,1460.0,-2800.0,6.0,105.5,0.0,0,True
2010,2009-11-24,True,False,okc,utah,104,94,25,28,31,20,0,28,24,16,26,0,home,8.0,197.0,313.0,-375.0,5.5,99.0,0.0,1,False
2010,2009-11-24,True,False,bkn,den,87,101,19,24,18,26,0,27,28,25,21,0,home,13.5,205.0,1050.0,-1500.0,4.0,102.5,1.0,0,True
2010,2009-11-24,True,False,phi,wsh,107,108,22,24,29,32,0,23,22,40,23,0,home,2.5,197.5,120.0,-140.0,2.0,97.5,0.0,1,True
2010,2009-11-24,True,False,ind,tor,112,123,31,22,39,20,0,39,35,26,23,0,home,5.5,216.0,205.0,-245.0,3.0,106.0,1.0,1,True
2010,2009-11-24,True,False,gs,dal,111,103,25,25,28,33,0,27,27,28,21,0,home,12.5,218.5,700.0,-1100.0,6.5,110.5,0.0,0,False
2010,2009-11-25,True,False,bkn,por,83,93,23,21,12,27,0,28,21,13,31,0,home,14.0,181.5,1300.0,-2000.0,7.0,92.0,0.0,0,True
2010,2009-11-25,True,False,ny,sac,97,111,24,27,22,24,0,30,31,32,18,0,home,4.5,215.0,155.0,-180.0,1.5,105.5,1.0,0,True
2010,2009-11-25,True,False,mem,phx,111,126,27,22,28,34,0,27,33,38,28,0,home,10.5,219.0,500.0,-700.0,3.0,107.5,1.0,1,True
2010,2009-11-25,True,False,dal,hou,130,99,36,32,23,39,0,25,26,26,22,0,home,4.0,199.0,155.0,-175.0,6.0,98.5,0.0,1,False
2010,2009-11-25,True,False,den,min,124,111,29,33,40,22,0,18,24,37,32,0,away,8.5,204.0,-455.0,355.0,2.0,102.0,1.0,1,False
2010,2009-11-25,True,False,gs,sa,104,118,31,27,23,23,0,33,27,31,27,0,home,13.0,213.0,1100.0,-1600.0,7.0,106.0,1.0,1,True
2010,2009-11-25,True,False,cle,det,98,88,28,32,20,18,0,19,23,24,22,0,away,5.5,184.0,-245.0,205.0,1.5,90.5,1.0,1,False
2010,2009-11-25,True,False,mia,orl,99,98,26,17,23,33,0,24,20,27,27,0,home,10.0,192.5,450.0,-600.0,6.0,95.0,0.0,1,False
2010,2009-11-25,True,False,phi,bos,110,113,23,29,33,25,0,27,24,28,34,0,home,13.0,187.5,925.0,-1400.0,8.5,95.0,0.0,1,True
2010,2009-11-25,True,False,lac,ind,73,86,19,24,16,14,0,12,22,21,31,0,home,4.0,199.5,160.0,-190.0,4.0,96.0,1.0,0,True
2010,2009-11-25,True,False,tor,cha,81,116,23,23,21,14,0,20,32,33,31,0,home,3.5,195.5,130.0,-150.0,0.5,96.0,1.0,1,True
2010,2009-11-25,True,False,mil,no,99,102,30,17,23,21,8,20,19,29,23,11,home,2.5,199.5,115.0,-135.0,3.5,99.5,1.0,1,True
2010,2009-11-26,True,False,orl,atl,93,76,23,16,28,26,0,25,26,14,11,0,home,3.5,199.0,135.0,-155.0,2.5,99.5,0.0,0,False
2010,2009-11-26,True,False,chi,utah,86,105,22,18,25,21,0,28,29,24,24,0,home,7.0,197.5,250.0,-310.0,1.5,97.5,1.0,0,True
2010,2009-11-27,True,False,bkn,sac,96,109,20,22,27,27,0,33,26,25,25,0,home,4.0,195.0,165.0,-185.0,2.0,96.0,1.0,1,True
2010,2009-11-27,True,False,mem,por,106,96,29,32,16,29,0,15,24,24,33,0,home,11.5,194.5,650.0,-1000.0,12.0,97.0,0.0,1,False
2010,2009-11-27,True,False,phx,min,120,95,32,28,32,28,0,22,17,26,30,0,away,9.5,214.5,-520.0,370.0,2.0,106.0,1.0,1,False
2010,2009-11-27,True,False,ny,den,125,128,30,30,27,38,0,26,35,31,36,0,home,12.5,219.0,800.0,-1150.0,8.0,108.5,0.0,1,True
2010,2009-11-27,True,False,sa,hou,92,84,18,26,24,24,0,23,23,12,26,0,home,1.0,195.0,-115.0,105.0,0.0,97.5,0.0,0,False
2010,2009-11-27,True,False,lac,det,104,96,27,20,27,30,0,27,27,21,21,0,home,4.0,181.0,145.0,-165.0,1.0,90.5,0.0,1,False
2010,2009-11-27,True,False,cle,cha,87,94,19,24,28,16,0,26,32,24,12,0,away,5.5,184.0,-235.0,195.0,6.5,90.5,0.0,0,True
2010,2009-11-27,True,False,mil,okc,90,108,26,24,13,27,0,31,20,27,30,0,home,5.0,196.5,185.0,-225.0,3.5,99.0,1.0,1,True
2010,2009-11-27,True,False,tor,bos,103,116,27,28,17,31,0,33,21,33,29,0,home,9.5,203.5,400.0,-550.0,7.0,101.5,1.0,1,True
2010,2009-11-27,True,False,wsh,mia,94,84,26,25,16,27,0,24,18,22,20,0,home,7.0,198.5,250.0,-300.0,6.5,99.0,0.0,0,False
2010,2009-11-27,True,False,atl,phi,100,86,26,20,29,25,0,23,18,25,20,0,away,5.5,198.0,-235.0,195.0,2.0,98.0,1.0,0,False
2010,2009-11-27,True,False,dal,ind,113,92,35,31,29,18,0,26,28,15,23,0,away,3.0,202.0,-150.0,130.0,2.0,100.0,1.0,1,False
2010,2009-11-28,True,False,lal,gs,130,97,36,24,38,32,0,22,28,25,22,0,away,8.5,222.5,-460.0,340.0,2.0,110.0,1.0,1,False
2010,2009-11-28,True,False,por,utah,92,108,17,27,23,25,0,32,27,30,19,0,home,5.0,189.5,170.0,-210.0,1.5,94.5,1.0,1,True
2010,2009-11-28,True,False,orl,mil,100,98,21,26,26,27,0,26,30,16,26,0,away,7.0,195.0,-310.0,250.0,7.0,97.5,0.0,1,False
2010,2009-11-28,True,False,dal,cle,95,111,26,29,24,16,0,35,33,19,24,0,home,6.5,194.0,225.0,-275.0,1.0,95.5,1.0,1,True
2010,2009-11-28,True,False,cha,wsh,92,76,22,20,27,23,0,19,13,18,26,0,home,3.5,190.5,155.0,-175.0,4.0,93.5,0.0,0,False
2010,2009-11-29,True,False,bkn,lal,87,106,12,22,26,27,0,27,32,28,19,0,home,14.5,192.5,1250.0,-2000.0,1.5,95.5,1.0,1,True
2010,2009-11-29,True,False,no,sac,96,112,26,19,29,22,0,26,31,25,30,0,home,4.0,207.5,158.0,-180.0,1.5,101.5,1.0,1,True
2010,2009-11-29,True,False,min,den,106,100,25,25,31,25,0,40,24,12,24,0,home,14.0,214.5,1280.0,-2100.0,4.0,105.5,0.0,0,False
2010,2009-11-29,True,False,phi,sa,89,97,23,22,25,19,0,25,29,26,17,0,home,12.0,196.0,650.0,-1000.0,4.0,98.5,0.0,0,True
2010,2009-11-29,True,False,hou,okc,100,91,25,20,24,31,0,29,25,17,20,0,home,3.5,196.5,140.0,-160.0,1.0,96.5,0.0,0,False
2010,2009-11-29,True,False,orl,ny,114,102,31,23,28,32,0,29,23,21,29,0,away,6.0,205.5,-265.0,225.0,3.5,101.0,1.0,1,False
2010,2009-11-29,True,False,mem,lac,88,98,28,30,23,7,0,21,22,22,33,0,home,3.5,197.5,145.0,-165.0,5.5,97.0,1.0,0,True
2010,2009-11-29,True,False,phx,tor,113,94,33,17,34,29,0,25,24,27,18,0,away,2.5,229.5,-140.0,120.0,1.5,113.5,1.0,0,False
2010,2009-11-29,True,False,atl,det,88,94,25,22,18,23,0,27,28,12,27,0,away,7.0,187.0,-265.0,225.0,5.0,94.5,0.0,0,True
2010,2009-11-29,True,False,bos,mia,92,85,29,26,12,25,0,31,17,17,20,0,away,4.0,187.0,-160.0,140.0,0.5,93.5,1.0,0,False
2010,2009-11-30,True,False,chi,mil,97,99,17,27,28,25,0,22,26,29,22,0,home,3.0,193.0,130.0,-150.0,1.0,96.0,0.0,1,True
2010,2009-11-30,True,False,phi,dal,102,104,23,20,29,30,0,28,29,21,26,0,home,12.0,198.0,850.0,-1150.0,2.5,98.0,0.0,1,True
2010,2009-11-30,True,False,mem,utah,93,120,22,26,22,23,0,31,30,34,25,0,home,10.0,207.0,460.0,-570.0,2.5,102.5,1.0,1,True
2010,2009-11-30,True,False,ind,gs,107,126,33,24,26,24,0,25,26,34,41,0,home,2.5,228.0,125.0,-145.0,3.0,113.0,1.0,1,True
2010,2009-12-01,True,False,no,lal,99,110,27,15,27,30,0,31,31,28,20,0,home,15.0,202.0,1440.0,-2700.0,2.5,97.5,0.0,1,True
2010,2009-12-01,True,False,mia,por,107,100,32,28,28,19,0,28,22,22,28,0,home,6.0,183.0,225.0,-265.0,5.5,92.5,0.0,1,False
2010,2009-12-01,True,False,gs,den,107,135,28,27,29,23,0,25,44,38,28,0,home,15.0,235.0,1150.0,-1800.0,4.5,116.0,1.0,1,True
2010,2009-12-01,True,False,bos,cha,108,90,29,33,26,20,0,18,21,27,24,0,away,4.0,178.0,-175.0,155.0,4.5,87.5,1.0,1,False
2010,2009-12-01,True,False,wsh,tor,106,102,25,30,17,34,0,24,30,23,25,0,home,7.0,214.0,235.0,-275.0,5.0,106.5,0.0,0,False
2010,2009-12-01,True,False,phx,ny,99,126,28,30,18,23,0,39,32,29,26,0,away,7.0,227.0,-310.0,255.0,7.0,113.5,0.0,0,True
2010,2009-12-02,True,False,mem,min,97,95,22,25,30,20,0,28,27,18,22,0,away,3.5,202.0,-165.0,145.0,4.5,101.0,0.0,0,False
2010,2009-12-02,True,False,hou,lac,102,85,27,25,24,26,0,26,26,20,13,0,away,2.5,193.0,-140.0,120.0,2.0,96.0,1.0,0,False
2010,2009-12-02,True,False,ind,sac,105,110,33,24,24,24,0,30,30,28,22,0,home,1.5,216.5,107.0,-127.0,0.5,107.5,1.0,0,True
2010,2009-12-02,True,False,phi,okc,106,117,33,22,27,24,0,29,25,34,29,0,home,6.5,195.0,220.0,-260.0,4.5,96.0,1.0,1,True
2010,2009-12-02,True,False,det,chi,85,92,10,28,19,28,0,24,24,26,18,0,home,7.0,181.5,250.0,-300.0,1.0,91.0,2.0,0,True
2010,2009-12-02,True,False,phx,cle,90,107,14,15,29,32,0,33,24,22,28,0,home,7.5,212.5,290.0,-350.0,3.5,103.5,1.0,0,True
2010,2009-12-02,True,False,tor,atl,115,146,26,28,30,31,0,33,42,39,32,0,home,9.0,212.5,395.0,-495.0,2.0,104.0,1.0,1,True
2010,2009-12-02,True,False,mil,wsh,102,104,22,32,26,22,0,26,24,29,25,0,home,3.0,197.5,135.0,-155.0,3.0,100.5,0.0,1,True
2010,2009-12-02,True,False,ny,orl,104,118,23,16,31,34,0,31,20,41,26,0,home,12.5,208.0,700.0,-1000.0,3.5,101.0,1.0,1,True
2010,2009-12-02,True,False,dal,bkn,117,101,28,49,28,12,0,28,22,28,23,0,away,7.0,189.0,-300.0,250.0,3.5,93.0,1.0,1,False
2010,2009-12-03,True,False,mia,den,96,114,22,20,26,28,0,25,33,34,22,0,home,9.0,211.0,360.0,-460.0,1.5,104.5,1.0,0,True
2010,2009-12-03,True,False,bos,sa,90,83,25,22,27,16,0,15,24,24,20,0,away,1.0,187.5,-103.0,-117.0,2.5,93.0,1.0,0,False
2010,2009-12-03,True,False,hou,gs,111,109,28,30,25,28,0,28,23,38,20,0,away,3.5,220.0,-150.0,130.0,1.0,108.5,0.0,2,False
2010,2009-12-04,True,False,cha,bkn,91,97,29,22,18,22,0,28,19,21,29,0,away,3.0,183.0,-155.0,135.0,1.0,90.0,0.0,1,True
2010,2009-12-04,True,False,min,no,89,98,22,27,16,24,0,20,27,28,23,0,home,10.0,199.0,400.0,-600.0,7.5,99.5,0.0,0,True
2010,2009-12-04,True,False,mia,lal,107,108,23,25,28,31,0,21,30,25,32,0,home,12.5,199.0,750.0,-1000.0,7.0,99.0,0.0,1,True
2010,2009-12-04,True,False,mil,det,96,105,23,32,17,24,0,34,29,20,22,0,home,2.5,187.0,120.0,-140.0,1.5,94.0,1.0,1,True
2010,2009-12-04,True,False,ind,utah,87,96,14,30,26,17,0,32,25,22,17,0,home,8.0,210.0,300.0,-360.0,0.5,102.5,1.0,0,True
2010,2009-12-04,True,False,chi,cle,87,101,25,21,15,26,0,30,17,29,25,0,home,13.0,190.0,950.0,-1500.0,7.5,93.5,1.0,0,True
2010,2009-12-04,True,False,bos,okc,105,87,31,29,28,17,0,20,29,16,22,0,away,4.0,190.0,-180.0,160.0,2.0,93.0,1.0,1,False
2010,2009-12-04,True,False,ny,atl,114,107,35,29,19,31,0,34,17,33,23,0,home,11.0,215.5,500.0,-700.0,10.0,105.5,0.0,1,False
2010,2009-12-04,True,False,dal,mem,82,98,30,21,16,15,0,28,30,20,20,0,away,6.0,204.0,-260.0,220.0,5.0,100.5,0.0,0,True
2010,2009-12-04,True,False,tor,wsh,109,107,27,26,18,25,13,17,29,25,25,11,home,3.5,216.5,130.0,-150.0,3.5,108.0,0.0,0,False
2010,2009-12-05,True,False,ind,lac,72,88,18,21,17,16,0,22,19,22,25,0,home,2.5,200.5,115.0,-135.0,0.5,98.5,1.0,0,True
2010,2009-12-05,True,False,hou,por,89,90,23,25,21,20,0,23,22,23,22,0,home,5.5,193.0,180.0,-220.0,5.0,96.0,0.0,0,True
2010,2009-12-05,True,False,atl,dal,80,75,27,14,23,16,0,19,21,20,15,0,home,5.5,203.5,175.0,-210.0,4.0,101.5,0.0,0,False
2010,2009-12-05,True,False,sac,phx,107,115,26,29,28,24,0,35,25,22,33,0,home,11.5,224.5,625.0,-875.0,6.0,110.5,0.0,0,True
2010,2009-12-05,True,False,orl,gs,126,118,42,30,25,29,0,33,31,36,18,0,away,9.5,221.5,-485.0,375.0,2.5,110.0,0.0,1,False
2010,2009-12-05,True,False,utah,min,101,108,24,26,23,28,0,22,25,26,35,0,away,7.0,197.5,-330.0,260.0,4.0,101.0,0.0,1,True
2010,2009-12-05,True,False,tor,chi,110,78,37,27,23,23,0,16,29,14,19,0,home,6.0,205.0,190.0,-230.0,7.5,101.5,0.0,0,False
2010,2009-12-05,True,False,phi,cha,105,106,22,26,38,19,0,28,21,29,28,0,home,5.5,187.0,190.0,-230.0,3.5,93.5,0.0,1,True
2010,2009-12-05,True,False,den,sa,106,99,23,30,22,31,0,30,29,17,23,0,home,3.5,207.0,140.0,-165.0,1.0,104.0,0.0,0,False
2010,2009-12-06,True,False,mia,sac,115,102,30,29,29,27,0,25,19,33,25,0,away,1.5,204.0,-130.0,110.0,3.0,100.0,1.0,1,False
2010,2009-12-06,True,False,wsh,det,94,98,19,30,20,25,0,24,28,19,27,0,home,3.0,191.5,120.0,-140.0,0.5,96.0,1.0,1,True
2010,2009-12-06,True,False,phx,lal,88,108,26,18,22,22,0,29,25,33,21,0,home,9.5,220.0,400.0,-525.0,2.0,109.5,1.0,0,True
2010,2009-12-06,True,False,bkn,ny,97,106,30,31,18,18,0,26,27,33,20,0,home,4.0,205.5,160.0,-190.0,4.5,104.0,1.0,0,True
2010,2009-12-06,True,False,cle,mil,101,86,21,31,23,26,0,17,16,24,29,0,away,6.5,193.5,-285.0,240.0,2.0,95.0,1.0,0,False
2010,2009-12-07,True,False,den,phi,93,83,20,21,22,30,0,26,18,21,18,0,away,7.0,217.0,-300.0,250.0,6.5,108.5,1.0,0,False
2010,2009-12-07,True,False,por,ny,84,93,18,20,17,29,0,18,31,29,15,0,away,3.5,201.5,-160.0,140.0,4.0,99.0,0.0,0,True
2010,2009-12-07,True,False,gs,okc,88,104,23,26,18,21,0,22,28,29,25,0,home,7.0,222.0,255.0,-310.0,4.5,108.5,1.0,0,True
2010,2009-12-07,True,False,sa,utah,101,104,31,26,19,25,0,24,25,37,18,0,home,2.0,194.5,115.0,-135.0,3.0,96.5,1.0,1,True
2010,2009-12-08,True,False,sac,no,94,96,19,29,20,26,0,29,19,19,29,0,home,9.0,209.0,360.0,-460.0,6.0,103.0,0.0,0,True
2010,2009-12-08,True,False,orl,lac,97,86,34,19,20,24,0,24,23,22,17,0,away,7.5,192.5,-320.0,260.0,2.5,94.0,1.0,0,False
2010,2009-12-08,True,False,phx,dal,101,102,29,21,20,31,0,23,26,28,25,0,home,5.0,216.0,170.0,-200.0,4.0,109.5,0.0,0,True
2010,2009-12-08,True,False,bkn,chi,103,101,26,28,26,23,0,24,30,16,31,0,home,6.0,191.5,200.0,-240.0,4.0,97.5,0.0,1,False
2010,2009-12-08,True,False,den,cha,95,107,26,23,26,20,0,29,25,24,29,0,away,3.0,199.5,-150.0,130.0,3.0,100.0,0.0,1,True
2010,2009-12-08,True,False,mil,bos,89,98,27,21,23,18,0,26,23,22,27,0,home,12.5,193.0,760.0,-1000.0,7.0,97.0,0.0,0,True
2010,2009-12-08,True,False,min,tor,88,94,20,15,28,25,0,23,20,21,30,0,home,7.5,208.5,280.0,-304.0,1.5,101.0,0.0,0,True
2010,2009-12-08,True,False,cle,mem,109,111,31,28,19,22,9,25,23,28,24,11,away,7.0,194.5,-320.0,260.0,1.0,94.5,0.0,1,True
2010,2009-12-09,True,False,utah,lal,77,101,24,28,19,6,0,24,24,25,28,0,home,10.5,206.5,475.0,-625.0,8.5,105.0,1.0,0,True
2010,2009-12-09,True,False,sac,sa,106,118,24,30,28,24,0,30,33,26,29,0,home,12.5,202.0,700.0,-1000.0,4.0,99.5,0.0,1,True
2010,2009-12-09,True,False,no,min,97,96,29,24,25,19,0,29,35,19,13,0,away,3.0,194.0,-145.0,125.0,4.0,98.0,0.0,0,False
2010,2009-12-09,True,False,tor,mil,95,117,22,23,29,21,0,29,28,26,34,0,home,4.5,206.5,160.0,-190.0,2.0,103.5,1.0,1,True
2010,2009-12-09,True,False,cle,hou,85,95,19,20,19,27,0,33,19,16,27,0,away,3.0,194.0,-145.0,125.0,4.5,96.0,0.0,0,True
2010,2009-12-09,True,False,por,ind,102,91,26,26,25,25,0,19,26,30,16,0,away,4.5,191.5,-190.0,160.0,0.5,95.0,1.0,1,False
2010,2009-12-09,True,False,det,phi,90,86,18,24,25,23,0,16,26,21,23,0,home,4.5,190.0,175.0,-210.0,3.0,93.5,0.0,0,False
2010,2009-12-09,True,False,chi,atl,83,118,21,21,15,26,0,22,34,31,31,0,home,10.5,196.0,475.0,-650.0,2.0,97.5,1.0,1,True
2010,2009-12-09,True,False,gs,bkn,105,89,20,38,23,24,0,27,21,22,19,0,home,0.0,218.5,-120.0,100.0,3.0,108.5,0.0,0,False
2010,2009-12-10,True,False,den,det,99,101,24,26,23,26,0,23,29,28,21,0,away,8.0,198.0,-350.0,290.0,6.5,98.5,0.0,1,True
2010,2009-12-10,True,False,bos,wsh,104,102,27,37,19,21,0,28,22,24,28,0,away,7.5,194.0,-310.0,255.0,0.0,97.0,0.0,1,False
2010,2009-12-10,True,False,orl,utah,111,120,35,25,21,30,0,22,30,38,30,0,away,3.0,201.0,-140.0,120.0,2.0,99.0,0.0,1,True
2010,2009-12-11,True,False,okc,mem,102,94,29,27,10,36,0,18,24,28,24,0,home,2.0,198.0,115.0,-135.0,4.0,98.0,0.0,0,False
2010,2009-12-11,True,False,orl,phx,103,106,22,30,29,22,0,33,28,24,21,0,home,3.0,215.5,130.0,-150.0,1.5,107.0,2.0,0,True
2010,2009-12-11,True,False,min,lal,92,104,24,30,14,24,0,33,23,30,18,0,home,15.0,198.0,1400.0,-3000.0,8.5,98.5,0.0,0,True
2010,2009-12-11,True,False,cha,sa,85,104,19,23,29,14,0,29,30,13,32,0,home,7.5,187.5,270.0,-340.0,1.0,92.0,1.0,1,True
2010,2009-12-11,True,False,por,cle,99,104,23,31,22,23,0,26,19,31,28,0,home,10.0,186.0,475.0,-675.0,10.5,92.5,0.0,1,True
2010,2009-12-11,True,False,atl,tor,111,89,29,32,28,22,0,27,21,23,18,0,away,3.5,210.0,-175.0,150.0,3.0,103.5,1.0,0,False
2010,2009-12-11,True,False,ny,no,113,96,21,32,28,32,0,30,32,17,17,0,home,6.5,206.5,240.0,-300.0,1.0,102.5,0.0,1,False
2010,2009-12-11,True,False,dal,mia,106,93,30,23,31,22,0,18,28,27,20,0,away,1.5,194.0,-125.0,105.0,1.5,94.5,1.0,1,False
2010,2009-12-11,True,False,gs,chi,91,96,28,23,19,17,4,26,18,25,18,9,home,5.0,213.5,160.0,-190.0,4.0,106.5,2.0,0,True
2010,2009-12-11,True,False,hou,phi,96,91,19,29,28,20,0,29,22,13,27,0,away,2.5,193.5,-150.0,130.0,2.5,96.0,1.0,0,False
2010,2009-12-11,True,False,bkn,ind,91,107,21,30,23,17,0,27,33,27,20,0,home,4.0,198.5,160.0,-190.0,1.5,99.0,1.0,0,True
2010,2009-12-12,True,False,min,sac,100,120,32,25,20,23,0,35,29,33,23,0,home,7.0,206.0,260.0,-320.0,2.5,102.0,1.0,1,True
2010,2009-12-12,True,False,lal,utah,94,102,25,28,18,23,0,25,34,21,22,0,home,2.0,203.0,110.0,-130.0,1.5,99.5,1.0,0,True
2010,2009-12-12,True,False,por,mil,101,108,16,28,15,28,14,21,18,30,18,21,home,3.5,190.5,145.0,-165.0,3.0,95.0,1.0,1,True
2010,2009-12-12,True,False,phx,den,99,105,26,34,17,22,0,29,18,30,28,0,home,9.0,225.0,350.0,-500.0,8.5,110.0,0.0,0,True
2010,2009-12-12,True,False,bos,chi,106,80,29,25,29,23,0,26,20,17,17,0,away,9.5,186.5,-600.0,400.0,2.5,93.0,1.0,0,False
2010,2009-12-12,True,False,gs,det,95,104,30,25,12,28,0,24,25,22,33,0,home,5.5,205.5,200.0,-240.0,4.5,101.5,1.0,0,True
2010,2009-12-12,True,False,ind,wsh,114,113,36,30,21,27,0,38,14,38,23,0,home,7.5,206.5,260.0,-320.0,7.5,102.0,0.0,1,False
2010,2009-12-12,True,False,cha,dal,97,98,20,26,24,15,12,26,17,19,23,13,home,7.5,188.5,280.0,-340.0,6.0,93.0,0.0,1,True
2010,2009-12-13,True,False,hou,tor,88,101,17,25,21,25,0,32,23,20,26,0,away,2.0,203.5,-130.0,110.0,4.5,99.0,0.0,0,True
2010,2009-12-13,True,False,bkn,atl,107,130,29,21,32,25,0,31,31,39,29,0,home,13.0,196.5,700.0,-1000.0,3.0,97.0,1.0,1,True
2010,2009-12-13,True,False,mem,mia,118,90,37,25,31,25,0,25,24,18,23,0,home,6.0,197.0,210.0,-260.0,6.5,98.5,0.0,1,False
2010,2009-12-13,True,False,cle,okc,102,89,27,22,29,24,0,29,25,22,13,0,away,3.0,191.5,-160.0,140.0,3.5,94.5,1.0,0,False
2010,2009-12-13,True,False,sa,lac,115,90,39,27,22,27,0,23,33,19,15,0,away,5.5,189.0,-230.0,180.0,0.0,93.5,1.0,1,False
2010,2009-12-14,True,False,okc,den,93,102,23,17,21,32,0,25,30,19,28,0,home,10.0,210.0,425.0,-550.0,1.0,103.0,0.0,0,True
2010,2009-12-14,True,False,wsh,lac,95,97,25,19,25,26,0,21,18,28,30,0,home,2.0,194.0,110.0,-130.0,2.5,93.5,2.0,0,True
2010,2009-12-14,True,False,min,utah,110,108,30,31,27,22,0,33,32,17,26,0,home,13.5,202.5,1000.0,-1500.0,7.0,98.5,0.0,1,False
2010,2009-12-14,True,False,ind,orl,98,106,30,24,27,17,0,17,36,26,27,0,home,12.5,208.0,885.0,-1350.0,8.5,101.0,0.0,0,True
2010,2009-12-14,True,False,bos,mem,110,105,28,26,31,25,0,31,24,26,24,0,away,7.5,194.5,-325.0,265.0,6.0,95.0,0.0,1,False
2010,2009-12-14,True,False,gs,phi,101,117,24,33,11,33,0,36,35,26,20,0,home,4.0,211.5,160.0,-185.0,2.5,104.5,1.0,1,True
2010,2009-12-14,True,False,no,dal,90,94,18,25,23,24,0,35,14,22,23,0,home,9.0,198.5,365.0,-460.0,3.5,99.0,0.0,0,True
2010,2009-12-15,True,False,bkn,cle,89,99,22,23,18,26,0,30,22,20,27,0,home,14.5,196.5,1450.0,-2200.0,6.5,94.5,0.0,0,True
2010,2009-12-15,True,False,ny,cha,87,94,20,27,27,13,0,24,22,20,28,0,home,5.0,196.5,175.0,-210.0,4.0,95.0,1.0,0,True
2010,2009-12-15,True,False,tor,mia,95,115,26,24,24,21,0,24,36,31,24,0,home,6.5,206.0,220.0,-260.0,0.5,101.0,1.0,1,True
2010,2009-12-15,True,False,lal,chi,96,87,31,23,18,24,0,31,17,25,14,0,away,10.0,193.0,-520.0,430.0,3.5,94.5,0.0,0,False
2010,2009-12-15,True,False,det,hou,96,107,19,28,21,28,0,29,27,25,26,0,home,5.5,188.5,210.0,-250.0,0.5,93.5,1.0,1,True
2010,2009-12-15,True,False,sa,phx,104,116,17,35,32,20,0,28,39,22,27,0,home,2.0,209.5,108.0,-128.0,3.5,101.5,1.0,1,True
2010,2009-12-15,True,False,sac,por,88,95,23,31,19,15,0,23,20,23,29,0,home,7.0,201.5,250.0,-300.0,7.0,99.5,2.0,0,True
2010,2009-12-16,True,False,det,no,87,95,28,27,18,14,0,25,17,28,25,0,home,5.5,189.0,200.0,-240.0,6.0,92.5,1.0,0,True
2010,2009-12-16,True,False,wsh,sac,109,112,33,21,26,29,0,34,25,30,23,0,home,4.0,213.0,155.0,-175.0,0.5,103.5,0.0,1,True
2010,2009-12-16,True,False,sa,gs,103,91,27,20,31,25,0,25,24,20,22,0,away,5.5,214.0,-240.0,200.0,5.0,106.0,1.0,0,False
2010,2009-12-16,True,False,dal,okc,100,86,24,19,28,29,0,24,24,20,18,0,away,2.0,194.0,-125.0,105.0,2.5,93.5,1.0,0,False
2010,2009-12-16,True,False,lal,mil,107,106,19,26,29,21,12,20,27,24,24,11,away,5.0,198.5,-220.0,180.0,5.0,96.5,0.0,1,False
2010,2009-12-16,True,False,hou,den,101,111,21,30,27,23,0,25,33,27,26,0,home,8.5,211.0,335.0,-420.0,3.0,103.0,1.0,1,True
2010,2009-12-16,True,False,utah,bkn,108,92,26,26,25,31,0,24,17,21,30,0,away,9.0,200.0,-420.0,335.0,1.5,100.0,1.0,2,False
2010,2009-12-16,True,False,cha,ind,98,101,25,21,23,29,0,30,26,23,22,0,home,3.5,193.5,145.0,-165.0,1.5,94.0,0.0,1,True
2010,2009-12-16,True,False,cle,phi,108,101,32,28,23,25,0,26,29,25,21,0,away,6.0,195.0,-250.0,210.0,1.5,96.0,1.0,1,False
2010,2009-12-16,True,False,mem,atl,97,110,24,18,24,31,0,22,29,32,27,0,home,10.0,207.0,425.0,-550.0,2.5,100.5,1.0,2,True
2010,2009-12-16,True,False,tor,orl,99,118,24,30,25,20,0,35,31,26,26,0,home,11.0,207.5,600.0,-800.0,2.5,100.5,1.0,1,True
2010,2009-12-16,True,False,lac,min,120,95,27,37,27,29,0,29,24,26,16,0,home,0.0,188.0,-102.0,-118.0,3.5,92.0,0.0,1,False
2010,2009-12-17,True,False,ny,chi,89,98,34,16,22,17,0,23,25,21,29,0,home,2.5,202.5,125.0,-145.0,3.0,100.0,1.0,0,True
2010,2009-12-17,True,False,orl,mia,86,104,18,26,16,26,0,33,26,30,15,0,away,4.0,199.0,-180.0,158.0,5.5,98.0,0.0,0,True
2010,2009-12-17,True,False,phx,por,102,105,28,27,26,21,0,25,23,22,35,0,home,1.5,204.5,105.0,-125.0,2.5,102.5,1.0,1,True
2010,2009-12-18,True,False,wsh,gs,118,109,39,21,29,29,0,31,28,23,27,0,home,3.0,222.0,125.0,-145.0,2.5,110.5,0.0,1,False
2010,2009-12-18,True,False,hou,dal,116,108,19,30,24,27,16,24,17,24,35,8,home,5.5,198.0,200.0,-240.0,4.0,97.0,0.0,1,False
2010,2009-12-18,True,False,det,okc,98,109,27,24,22,25,0,24,28,25,32,0,home,4.5,185.0,180.0,-220.0,3.0,92.0,1.0,1,True
2010,2009-12-18,True,False,ind,mem,94,107,24,32,17,21,0,28,23,32,24,0,home,6.0,209.5,210.0,-250.0,6.0,103.0,1.0,0,True
2010,2009-12-18,True,False,lac,ny,91,95,31,27,14,19,0,16,26,30,23,0,home,1.5,202.0,110.0,-130.0,5.0,99.0,1.0,0,True
2010,2009-12-18,True,False,mil,cle,82,85,26,23,12,21,0,24,23,24,14,0,home,9.5,194.0,425.0,-550.0,7.0,96.5,0.0,0,True
2010,2009-12-18,True,False,sac,min,96,112,22,23,31,20,0,27,25,35,25,0,away,2.0,210.0,-125.0,105.0,3.0,102.5,0.0,0,True
2010,2009-12-18,True,False,utah,atl,83,96,18,16,17,32,0,22,22,37,15,0,home,6.0,207.0,200.0,-240.0,0.0,104.0,1.0,0,True
2010,2009-12-18,True,False,phi,bos,98,97,17,25,30,26,0,24,29,23,21,0,home,12.0,195.0,640.0,-840.0,3.0,99.5,0.0,2,False
2010,2009-12-18,True,False,bkn,tor,95,118,15,18,27,35,0,39,31,24,24,0,home,7.5,204.0,295.0,-355.0,4.5,99.0,1.0,1,True
2010,2009-12-18,True,False,den,no,92,98,23,29,19,21,0,25,21,33,19,0,away,1.0,204.0,-120.0,100.0,1.5,102.0,0.0,0,True
2010,2009-12-19,True,False,wsh,phx,95,121,21,26,25,23,0,30,33,39,19,0,home,10.5,219.0,475.0,-600.0,0.5,105.5,1.0,0,True
2010,2009-12-19,True,False,okc,hou,90,95,22,18,25,25,0,23,27,24,21,0,home,3.5,195.5,140.0,-160.0,1.5,97.0,1.0,0,True
2010,2009-12-19,True,False,ind,sa,99,100,21,24,38,16,0,30,20,20,30,0,home,12.0,204.5,650.0,-900.0,6.0,100.0,0.0,0,True
2010,2009-12-19,True,False,sac,mil,96,95,21,28,24,23,0,21,32,19,23,0,home,6.5,210.0,240.0,-280.0,2.5,105.0,0.0,0,False
2010,2009-12-19,True,False,utah,cha,110,102,24,28,31,27,0,25,22,28,27,0,home,3.0,190.5,125.0,-145.0,2.5,96.5,0.0,1,False
2010,2009-12-19,True,False,lal,bkn,103,84,29,17,28,29,0,21,27,16,20,0,away,13.0,196.5,-1600.0,1100.0,9.0,96.0,1.0,0,False
2010,2009-12-19,True,False,por,orl,83,92,21,23,21,18,0,19,20,26,27,0,home,9.0,191.5,330.0,-410.0,8.0,94.5,2.0,0,True
2010,2009-12-19,True,False,lac,phi,112,107,30,30,18,21,13,18,29,26,26,8,home,3.5,193.0,150.0,-170.0,5.0,95.0,0.0,1,False
2010,2009-12-19,True,False,atl,chi,98,101,29,17,23,23,6,16,24,23,29,9,away,4.5,194.0,-190.0,165.0,0.5,96.0,0.0,1,True
2010,2009-12-20,True,False,cle,dal,95,102,26,24,17,28,0,25,27,21,29,0,away,3.5,188.0,-190.0,165.0,4.0,93.5,0.0,1,True
2010,2009-12-20,True,False,min,bos,104,122,19,22,31,32,0,34,32,26,30,0,home,13.5,196.0,1350.0,-2250.0,0.0,96.0,1.0,1,True
2010,2009-12-20,True,False,lal,det,93,81,31,25,27,10,0,19,19,24,19,0,away,7.5,189.0,-360.0,300.0,1.5,91.0,1.0,0,False
2010,2009-12-20,True,False,cha,ny,94,98,14,31,25,24,0,16,35,25,22,0,home,6.5,196.0,240.0,-280.0,2.0,96.5,0.0,0,True
2010,2009-12-20,True,False,den,mem,96,102,19,24,24,29,0,33,28,19,22,0,away,1.5,208.5,-125.0,105.0,5.0,103.0,0.0,0,True
2010,2009-12-20,True,False,no,tor,92,98,22,25,22,23,0,26,25,25,22,0,home,1.5,206.0,110.0,-130.0,0.5,102.0,1.0,0,True
2010,2009-12-20,True,False,por,mia,102,95,21,24,26,31,0,25,23,21,26,0,home,5.0,186.5,180.0,-220.0,2.5,92.5,0.0,1,False
2010,2009-12-21,True,False,mil,ind,84,81,19,17,29,19,0,16,27,20,18,0,home,1.0,198.5,100.0,-120.0,2.0,97.5,0.0,0,False
2010,2009-12-21,True,False,utah,orl,99,104,18,22,28,31,0,19,21,30,34,0,home,8.0,203.0,310.0,-380.0,5.5,103.0,0.0,2,True
2010,2009-12-21,True,False,sac,chi,102,98,19,24,26,33,0,38,29,21,10,0,home,4.5,198.5,165.0,-185.0,4.0,96.5,0.0,1,False
2010,2009-12-21,True,False,lac,sa,87,103,19,27,18,23,0,33,24,28,18,0,home,9.0,194.0,350.0,-500.0,1.5,94.5,1.0,0,True
2010,2009-12-21,True,False,cle,phx,109,91,29,30,23,27,0,30,23,22,16,0,home,2.5,209.5,115.0,-135.0,3.0,101.5,0.0,0,False
2010,2009-12-22,True,False,lac,hou,99,108,33,21,28,17,0,34,31,23,20,0,home,8.0,194.5,323.0,-395.0,1.0,95.0,1.0,1,True
2010,2009-12-22,True,False,okc,lal,108,111,30,31,21,26,0,25,29,34,23,0,home,10.0,198.0,450.0,-600.0,10.0,100.5,0.0,1,True
2010,2009-12-22,True,False,por,dal,85,81,18,26,14,27,0,14,19,32,16,0,home,6.0,187.5,195.0,-235.0,6.0,95.5,0.0,0,False
2010,2009-12-22,True,False,gs,mem,108,121,38,20,21,29,0,32,36,29,24,0,home,7.5,222.0,305.0,-365.0,1.0,107.5,1.0,1,True
2010,2009-12-22,True,False,det,cha,76,88,19,17,19,21,0,23,29,17,19,0,home,5.5,177.5,200.0,-240.0,2.0,87.5,1.0,0,True
2010,2009-12-22,True,False,chi,ny,81,88,12,19,25,25,0,22,31,15,20,0,home,6.0,199.5,225.0,-265.0,3.5,97.5,1.0,0,True
2010,2009-12-22,True,False,ind,bos,94,103,28,29,20,17,0,21,21,35,26,0,home,14.0,200.5,1050.0,-1600.0,11.5,99.0,0.0,0,True
2010,2009-12-22,True,False,atl,min,112,87,26,28,27,31,0,17,24,28,18,0,away,9.5,202.0,-400.0,325.0,1.0,101.0,1.0,0,False
2010,2009-12-22,True,False,phi,wsh,98,105,21,23,35,19,0,27,20,25,33,0,home,1.5,208.0,110.0,-130.0,0.0,104.5,1.0,0,True
2010,2009-12-23,True,False,hou,orl,87,102,22,30,13,22,0,34,21,23,24,0,home,8.0,200.0,360.0,-450.0,4.5,98.0,1.0,0,True
2010,2009-12-23,True,False,min,bkn,103,99,27,25,24,27,0,23,25,26,25,0,home,4.0,196.0,160.0,-185.0,3.5,95.5,0.0,1,False
2010,2009-12-23,True,False,tor,det,94,64,25,29,20,20,0,21,16,14,13,0,home,0.0,196.0,-117.0,-103.0,4.0,96.0,0.0,0,False
2010,2009-12-23,True,False,utah,mia,70,80,16,14,19,21,0,19,13,31,17,0,home,0.0,200.5,100.0,-120.0,0.0,101.0,1.0,0,True
2010,2009-12-23,True,False,gs,no,102,108,26,30,24,22,0,27,31,27,23,0,home,9.5,214.0,425.0,-550.0,5.5,105.5,0.0,0,True
2010,2009-12-23,True,False,wsh,mil,109,97,37,20,24,28,0,27,25,23,22,0,home,7.5,201.5,290.0,-350.0,7.0,99.5,0.0,1,False
2010,2009-12-23,True,False,por,sa,98,94,28,20,27,23,0,24,23,22,25,0,home,12.5,187.0,775.0,-1200.0,9.0,94.0,0.0,1,False
2010,2009-12-23,True,False,atl,den,104,124,24,27,31,22,0,34,29,29,32,0,home,3.5,207.0,145.0,-165.0,2.0,103.0,1.0,1,True
2010,2009-12-23,True,False,okc,phx,117,113,36,30,23,28,0,31,33,25,24,0,home,8.5,213.0,345.0,-430.0,7.0,106.0,0.0,1,False
2010,2009-12-23,True,False,cle,sac,117,104,32,25,32,15,13,29,24,32,19,0,away,5.5,204.5,-235.0,195.0,2.5,100.5,1.0,1,False
2010,2009-12-25,True,False,lac,phx,93,124,26,29,22,16,0,30,37,34,23,0,home,9.5,215.0,425.0,-550.0,1.5,105.0,1.0,1,True
2010,2009-12-25,True,False,cle,lal,102,87,23,28,25,26,0,19,23,17,28,0,home,6.0,194.0,210.0,-250.0,6.5,97.0,0.0,0,False
2010,2009-12-25,True,False,den,por,96,107,31,20,25,20,0,24,25,25,33,0,away,2.5,198.0,-143.0,123.0,1.5,99.0,0.0,1,True
2010,2009-12-25,True,False,mia,ny,93,87,21,20,23,29,0,23,14,17,33,0,home,2.0,198.5,110.0,-130.0,1.5,98.5,0.0,0,False
2010,2009-12-25,True,False,bos,orl,86,77,18,20,23,25,0,19,8,26,24,0,home,5.5,191.5,190.0,-230.0,6.0,95.0,0.0,0,False
2010,2009-12-26,True,False,phx,gs,127,132,35,36,37,19,0,36,34,34,28,0,away,3.0,233.0,-155.0,135.0,2.0,115.0,0.0,1,True
2010,2009-12-26,True,False,phi,utah,76,97,19,20,25,12,0,25,23,24,25,0,home,7.0,203.0,300.0,-360.0,1.5,100.0,1.0,0,True
2010,2009-12-26,True,False,sa,mil,112,97,26,30,33,23,0,14,27,23,33,0,away,2.0,191.5,-130.0,110.0,3.5,94.5,1.0,1,False
2010,2009-12-26,True,False,cha,okc,91,98,25,25,23,18,0,24,29,28,17,0,home,5.5,190.0,205.0,-245.0,2.5,93.0,1.0,0,True
2010,2009-12-26,True,False,lal,sac,112,103,26,29,23,16,18,29,28,21,16,9,away,6.0,210.0,-260.0,220.0,5.5,102.5,1.0,1,False
2010,2009-12-26,True,False,no,chi,85,96,27,24,9,25,0,24,26,23,23,0,home,2.5,190.0,105.0,-125.0,2.0,94.5,1.0,0,True
2010,2009-12-26,True,False,hou,bkn,98,93,27,30,13,28,0,20,31,18,24,0,away,8.5,195.0,-390.0,320.0,3.0,94.5,0.0,0,False
2010,2009-12-26,True,False,atl,ind,110,98,33,18,33,26,0,20,20,26,32,0,away,6.0,203.5,-275.0,235.0,0.0,100.5,1.0,1,False
2010,2009-12-26,True,False,mem,dal,101,106,30,25,22,24,0,24,29,26,27,0,home,8.5,201.0,350.0,-440.0,6.5,102.5,0.0,1,True
2010,2009-12-26,True,False,wsh,min,89,101,22,20,25,22,0,23,20,25,33,0,away,2.0,206.5,-130.0,110.0,2.5,102.5,0.0,0,True
2010,2009-12-27,True,False,det,tor,95,102,22,19,28,26,0,29,31,14,28,0,home,4.0,193.5,155.0,-175.0,3.5,94.0,1.0,1,True
2010,2009-12-27,True,False,ind,mia,80,114,21,23,16,20,0,34,32,32,16,0,home,9.0,196.0,335.0,-420.0,3.0,96.0,1.0,0,True
2010,2009-12-27,True,False,hou,cle,83,108,24,24,15,20,0,24,27,32,25,0,home,8.0,192.0,330.0,-410.0,4.5,93.5,1.0,0,True
2010,2009-12-27,True,False,sa,ny,95,88,21,29,20,25,0,20,27,21,20,0,away,3.5,198.0,-160.0,140.0,1.5,98.0,1.0,0,False
2010,2009-12-27,True,False,dal,den,104,96,30,25,28,21,0,23,29,20,24,0,home,5.5,207.0,200.0,-240.0,6.5,99.5,0.0,0,False
2010,2009-12-27,True,False,bos,lac,90,92,23,25,25,17,0,22,24,23,23,0,away,8.5,190.0,-390.0,320.0,5.0,93.5,0.0,0,True
2010,2009-12-28,True,False,den,sac,101,106,32,16,22,31,0,26,21,28,31,0,away,2.0,212.0,-130.0,110.0,1.0,103.5,0.0,0,True
2010,2009-12-28,True,False,bos,gs,99,103,35,23,18,23,0,22,35,23,23,0,away,5.5,210.0,-220.0,180.0,3.5,105.0,0.0,0,True
2010,2009-12-28,True,False,lal,phx,103,118,23,27,27,26,0,25,31,33,29,0,away,1.0,217.0,-117.0,-103.0,2.0,106.0,0.0,1,True
2010,2009-12-28,True,False,phi,por,104,93,22,21,32,29,0,25,24,24,20,0,home,5.5,193.0,230.0,-270.0,1.5,96.5,0.0,1,False
2010,2009-12-28,True,False,okc,bkn,105,89,30,31,23,21,0,26,29,21,13,0,away,5.5,195.5,-230.0,190.0,1.0,97.5,1.0,0,False
2010,2009-12-28,True,False,mil,cha,84,94,20,14,28,22,0,23,33,18,20,0,home,4.5,186.5,160.0,-185.0,4.0,93.0,1.0,0,True
2010,2009-12-28,True,False,wsh,mem,111,116,23,28,29,22,9,23,27,31,21,14,home,5.0,208.0,175.0,-210.0,4.0,102.0,2.0,1,True
2010,2009-12-29,True,False,cle,atl,95,84,23,33,19,20,0,26,25,23,10,0,home,2.5,194.0,120.0,-140.0,2.5,94.0,0.0,0,False
2010,2009-12-29,True,False,okc,wsh,110,98,30,23,23,34,0,25,30,21,22,0,away,1.0,204.0,-117.0,-103.0,0.5,101.0,1.0,1,False
2010,2009-12-29,True,False,ny,det,104,87,27,22,30,25,0,21,19,26,21,0,home,4.5,193.0,160.0,-185.0,4.5,94.5,0.0,0,False
2010,2009-12-29,True,False,ind,chi,95,104,15,38,21,21,0,34,23,30,17,0,home,6.5,193.0,240.0,-280.0,3.0,94.5,1.0,1,True
2010,2009-12-29,True,False,no,hou,100,108,23,28,31,18,0,31,30,13,34,0,home,6.0,194.0,190.0,-230.0,0.5,95.0,1.0,1,True
2010,2009-12-29,True,False,min,sa,99,117,24,28,21,26,0,29,37,23,28,0,home,11.0,198.0,575.0,-850.0,2.5,96.5,1.0,1,True
2010,2009-12-29,True,False,gs,lal,118,124,35,25,26,32,0,29,24,35,36,0,home,11.5,217.5,650.0,-1000.0,11.0,106.5,0.0,1,True
2010,2009-12-30,True,False,lac,por,99,103,20,28,28,23,0,25,32,24,22,0,home,6.5,190.0,240.0,-280.0,1.0,95.0,0.0,1,True
2010,2009-12-30,True,False,phi,sac,116,106,17,33,29,37,0,28,22,26,30,0,home,2.5,206.0,120.0,-140.0,1.5,103.0,0.0,1,False
2010,2009-12-30,True,False,bos,phx,98,116,20,29,24,25,0,30,31,29,26,0,home,5.0,206.5,170.0,-200.0,0.5,100.0,1.0,1,True
2010,2009-12-30,True,False,utah,min,107,103,27,19,33,28,0,24,23,22,34,0,away,7.5,202.0,-350.0,290.0,6.0,104.0,0.0,1,False
2010,2009-12-30,True,False,mia,no,91,95,19,21,19,32,0,25,23,25,22,0,away,1.5,192.0,-115.0,-105.0,3.5,96.0,0.0,0,True
2010,2009-12-30,True,False,mil,orl,92,117,25,24,25,18,0,21,20,38,38,0,home,10.5,195.0,460.0,-560.0,9.5,97.5,1.0,1,True
2010,2009-12-30,True,False,atl,cle,101,106,30,34,21,16,0,23,29,25,29,0,home,5.5,193.0,195.0,-235.0,6.0,95.0,0.0,1,True
2010,2009-12-30,True,False,cha,tor,103,107,26,30,24,23,0,31,24,29,23,0,home,5.5,197.5,200.0,-240.0,4.0,97.0,0.0,1,True
2010,2009-12-30,True,False,mem,ind,121,110,35,33,25,28,0,29,22,28,31,0,away,3.0,207.0,-150.0,130.0,3.5,101.5,1.0,1,False
2010,2009-12-30,True,False,ny,bkn,95,104,28,25,19,23,0,27,33,25,19,0,away,2.5,198.0,-140.0,120.0,3.5,97.0,0.0,1,True
2010,2009-12-31,True,False,phi,lac,88,104,31,20,14,23,0,26,23,29,26,0,home,1.0,196.0,-105.0,-115.0,0.5,96.0,1.0,0,True
2010,2009-12-31,True,False,utah,okc,86,87,24,22,16,24,0,22,26,17,22,0,home,3.0,199.0,130.0,-150.0,1.0,101.5,0.0,0,True
2010,2009-12-31,True,False,chi,det,98,87,25,19,25,29,0,19,20,17,31,0,home,4.0,185.0,160.0,-185.0,3.0,92.0,0.0,2,False
2010,2009-12-31,True,False,mia,sa,78,108,26,23,13,16,0,26,32,28,22,0,home,7.5,194.5,285.0,-345.0,1.5,97.0,1.0,0,True
2010,2009-12-31,True,False,dal,hou,94,97,17,30,23,24,0,24,32,22,19,0,away,1.5,197.0,-125.0,105.0,3.0,95.5,0.0,0,True
2010,2010-01-01,True,False,ny,atl,112,108,22,33,12,32,13,26,28,26,19,9,home,11.0,205.5,600.0,-800.0,8.0,102.0,0.0,1,False
2010,2010-01-01,True,False,orl,min,106,94,24,27,22,33,0,26,19,26,23,0,away,8.5,202.0,-380.0,310.0,2.5,100.5,1.0,0,False
2010,2010-01-01,True,False,sac,lal,108,109,28,36,22,22,0,23,26,30,30,0,home,12.0,211.0,700.0,-1000.0,12.0,104.5,0.0,1,True
2010,2010-01-02,True,False,dal,sac,99,91,25,30,22,22,0,27,21,19,24,0,away,4.0,206.0,-175.0,155.0,0.5,100.0,1.0,0,False
2010,2010-01-02,True,False,gs,por,89,105,41,15,17,16,0,31,24,23,27,0,home,3.5,213.5,135.0,-155.0,3.0,106.5,1.0,0,True
2010,2010-01-02,True,False,mem,phx,128,103,33,36,31,28,0,29,21,26,27,0,home,8.0,227.5,300.0,-360.0,9.0,113.5,0.0,1,False
2010,2010-01-02,True,False,den,utah,105,95,28,23,27,27,0,25,22,21,27,0,home,7.5,202.0,260.0,-320.0,6.5,100.0,0.0,0,False
2010,2010-01-02,True,False,okc,mil,97,103,20,29,24,15,9,23,25,23,17,15,home,1.5,197.0,108.0,-119.0,2.0,99.5,1.0,1,True
2010,2010-01-02,True,False,orl,chi,93,101,29,19,24,21,0,26,26,32,17,0,away,3.5,193.0,-165.0,145.0,3.0,95.0,0.0,1,True
2010,2010-01-02,True,False,tor,bos,96,103,27,21,19,29,0,29,29,20,25,0,home,3.5,194.5,135.0,-155.0,2.0,97.0,1.0,1,True
2010,2010-01-02,True,False,min,ind,111,122,26,19,40,26,0,32,41,25,24,0,home,4.5,208.0,165.0,-190.0,3.0,100.5,1.0,1,True
2010,2010-01-02,True,False,sa,wsh,97,86,30,20,20,27,0,24,26,21,15,0,away,6.0,202.5,-270.0,230.0,4.0,102.0,1.0,0,False
2010,2010-01-02,True,False,cha,mia,107,97,17,32,24,34,0,30,16,26,25,0,home,5.0,187.0,175.0,-210.0,4.5,91.5,0.0,1,False
2010,2010-01-02,True,False,cle,bkn,94,86,19,25,25,25,0,26,17,18,25,0,away,10.0,192.0,-600.0,450.0,6.5,93.5,0.0,0,False
2010,2010-01-02,True,False,hou,no,95,99,26,24,27,18,0,24,22,25,28,0,home,2.5,195.0,120.0,-140.0,2.5,96.0,1.0,0,True
2010,2010-01-03,True,False,phi,den,108,105,27,32,25,24,0,36,24,16,29,0,home,4.0,207.0,155.0,-175.0,2.5,104.5,0.0,1,False
2010,2010-01-03,True,False,cha,cle,91,88,18,27,25,21,0,24,22,23,19,0,home,11.5,185.5,600.0,-800.0,7.0,91.0,0.0,0,False
2010,2010-01-03,True,False,dal,lal,96,131,13,26,24,33,0,30,34,39,28,0,home,6.5,201.0,235.0,-275.0,4.0,98.0,1.0,1,True
2010,2010-01-03,True,False,ind,ny,89,132,16,26,20,27,0,38,36,33,25,0,home,9.5,208.5,370.0,-470.0,3.5,100.5,1.0,1,True
2010,2010-01-03,True,False,sa,tor,86,91,19,15,21,31,0,27,21,19,24,0,away,3.0,200.0,-155.0,135.0,5.0,97.5,0.0,0,True
2010,2010-01-04,True,False,atl,mia,75,92,14,20,24,17,0,30,21,22,19,0,away,2.5,194.0,-140.0,120.0,5.0,96.0,0.0,0,True
2010,2010-01-04,True,False,okc,chi,98,85,23,24,32,19,0,30,22,14,19,0,home,2.5,192.0,115.0,-135.0,0.5,94.0,0.0,0,False
2010,2010-01-04,True,False,no,utah,91,87,24,20,25,22,0,32,19,11,25,0,home,7.5,196.5,280.0,-340.0,2.0,95.0,0.0,0,False
2010,2010-01-04,True,False,por,lac,95,105,21,24,29,21,0,20,25,33,27,0,home,4.0,189.0,155.0,-175.0,3.5,92.0,1.0,1,True
2010,2010-01-05,True,False,hou,lal,79,88,15,18,22,24,0,22,19,18,29,0,home,7.0,201.0,270.0,-330.0,1.5,98.0,1.0,0,True
2010,2010-01-05,True,False,mem,por,109,105,24,33,30,22,0,25,33,21,26,0,home,1.0,199.5,-102.0,-118.0,0.5,98.0,0.0,1,False
2010,2010-01-05,True,False,phx,sac,113,109,34,29,25,25,0,25,24,32,28,0,away,2.5,226.0,-150.0,130.0,2.5,110.5,1.0,0,False
2010,2010-01-05,True,False,gs,den,122,123,30,32,34,26,0,28,37,33,25,0,home,5.5,223.5,210.0,-250.0,3.0,107.5,0.0,1,True
2010,2010-01-05,True,False,det,dal,93,98,22,22,24,25,0,14,22,32,30,0,home,9.0,190.0,350.0,-440.0,8.0,95.5,0.0,1,True
2010,2010-01-05,True,False,mil,bkn,98,76,22,30,26,20,0,16,25,18,17,0,away,1.5,191.5,-125.0,105.0,2.5,95.0,1.0,0,False
2010,2010-01-05,True,False,chi,cha,108,113,28,24,28,28,0,31,28,28,26,0,home,7.0,186.5,240.0,-280.0,2.0,92.5,0.0,1,True
2010,2010-01-05,True,False,wsh,phi,104,97,23,21,34,26,0,26,32,22,17,0,home,5.0,206.0,180.0,-220.0,2.0,101.0,0.0,0,False
2010,2010-01-05,True,False,orl,ind,90,97,19,20,23,28,0,24,21,23,29,0,away,11.5,209.0,-800.0,550.0,10.5,100.5,0.0,0,True
2010,2010-01-06,True,False,lal,lac,91,102,26,17,30,18,0,25,27,27,23,0,away,5.0,196.0,-210.0,175.0,6.0,96.5,0.0,0,True
2010,2010-01-06,True,False,hou,phx,110,118,33,27,26,24,0,36,17,32,33,0,home,4.5,215.5,168.0,-195.0,4.5,105.0,1.0,1,True
2010,2010-01-06,True,False,mem,utah,94,117,28,20,23,23,0,28,32,31,26,0,home,5.5,204.0,190.0,-230.0,1.0,99.0,1.0,1,True
2010,2010-01-06,True,False,no,okc,97,92,23,25,31,18,0,23,23,35,11,0,home,4.5,192.0,165.0,-190.0,4.0,94.0,0.0,0,False
2010,2010-01-06,True,False,det,sa,92,112,28,24,23,17,0,27,32,18,35,0,home,10.0,188.0,450.0,-600.0,3.5,93.0,1.0,1,True
2010,2010-01-06,True,False,gs,min,107,101,34,27,17,29,0,22,22,23,34,0,home,2.5,223.5,125.0,-145.0,5.5,110.0,0.0,0,False
2010,2010-01-06,True,False,tor,orl,108,103,23,35,28,22,0,27,22,19,35,0,home,7.5,205.5,260.0,-320.0,7.0,103.0,0.0,1,False
2010,2010-01-06,True,False,bkn,atl,89,119,15,30,25,19,0,32,29,28,30,0,home,14.0,199.5,1125.0,-1750.0,3.0,97.0,1.0,1,True
2010,2010-01-06,True,False,wsh,cle,98,121,23,20,37,18,0,29,36,36,20,0,home,14.0,196.0,1400.0,-2500.0,2.0,96.0,1.0,1,True
2010,2010-01-06,True,False,bos,mia,112,106,30,27,18,26,11,35,19,24,23,5,home,1.5,186.0,100.0,-120.0,1.0,91.0,0.0,1,False
2010,2010-01-07,True,False,cha,ny,93,97,22,22,27,22,0,28,21,19,29,0,home,3.0,199.0,135.0,-155.0,0.0,97.0,1.0,0,True
2010,2010-01-08,True,False,cle,den,97,99,24,25,24,24,0,30,18,21,30,0,away,4.5,202.5,-200.0,170.0,3.5,98.0,0.0,0,True
2010,2010-01-08,True,False,sac,gs,101,108,32,29,25,15,0,28,18,30,32,0,home,4.5,228.5,175.0,-210.0,6.0,112.5,1.0,0,True
2010,2010-01-08,True,False,lal,por,98,107,24,19,28,27,0,30,25,26,26,0,away,4.5,193.5,-190.0,165.0,5.5,96.0,0.0,1,True
2010,2010-01-08,True,False,mia,phx,109,105,27,32,22,28,0,33,20,23,29,0,home,5.5,214.5,190.0,-230.0,5.0,106.0,0.0,0,False
2010,2010-01-08,True,False,dal,sa,112,103,26,25,19,42,0,26,28,26,23,0,home,4.5,195.0,170.0,-200.0,2.0,94.5,0.0,1,False
2010,2010-01-08,True,False,chi,mil,93,96,19,22,23,29,0,29,18,17,32,0,home,4.0,193.5,158.0,-180.0,0.5,96.5,0.0,0,True
2010,2010-01-08,True,False,bkn,no,99,103,18,27,27,27,0,25,29,27,22,0,home,9.5,189.0,438.0,-575.0,2.5,94.0,0.0,1,True
2010,2010-01-08,True,False,bos,atl,85,93,17,28,15,25,0,19,20,29,25,0,home,3.5,195.0,150.0,-170.0,3.5,94.0,1.0,0,True
2010,2010-01-08,True,False,utah,mem,89,91,14,26,27,22,0,33,16,22,20,0,home,4.5,203.5,170.0,-200.0,0.5,103.5,0.0,0,True
2010,2010-01-08,True,False,tor,phi,108,106,23,26,34,25,0,32,28,25,21,0,home,2.0,208.0,115.0,-135.0,2.0,101.0,0.0,1,False
2010,2010-01-08,True,False,orl,wsh,97,104,29,27,21,20,0,29,22,20,33,0,away,7.5,203.0,-350.0,290.0,2.5,99.5,0.0,0,True
2010,2010-01-08,True,False,ind,min,109,116,26,36,19,28,0,26,35,31,24,0,home,3.0,212.0,130.0,-150.0,2.5,105.0,1.0,1,True
2010,2010-01-09,True,False,den,sac,100,102,26,28,22,24,0,19,24,30,29,0,home,2.0,212.5,110.0,-130.0,4.0,104.5,2.0,0,True
2010,2010-01-09,True,False,ny,hou,96,105,32,25,22,17,0,21,30,27,27,0,home,6.5,202.5,235.0,-275.0,5.0,99.5,1.0,0,True
2010,2010-01-09,True,False,utah,dal,111,93,26,24,33,28,0,18,22,22,31,0,home,5.5,195.0,205.0,-245.0,5.5,101.5,0.0,1,False
2010,2010-01-09,True,False,min,chi,96,110,32,14,18,32,0,28,24,27,31,0,home,8.5,201.0,333.0,-415.0,3.5,98.5,1.0,1,True
2010,2010-01-09,True,False,phi,det,104,94,26,30,20,28,0,10,20,29,35,0,home,4.5,192.0,165.0,-190.0,7.5,96.0,0.0,1,False
2010,2010-01-09,True,False,atl,orl,81,113,21,16,22,22,0,29,37,25,22,0,home,3.5,196.5,145.0,-165.0,5.0,98.0,1.0,0,True
2010,2010-01-09,True,False,ind,okc,102,108,21,26,27,28,0,24,29,34,21,0,home,9.0,207.0,360.0,-450.0,3.5,101.5,0.0,1,True
2010,2010-01-09,True,False,mem,cha,87,89,21,31,16,19,0,25,17,22,25,0,home,6.0,199.5,220.0,-260.0,5.5,98.0,0.0,0,True
2010,2010-01-10,True,False,bos,tor,114,107,29,30,34,21,0,26,24,30,27,0,away,1.5,198.5,-125.0,105.0,2.5,98.0,1.0,1,False
2010,2010-01-10,True,False,no,wsh,115,110,28,32,20,35,0,31,18,33,28,0,home,1.5,197.5,102.0,-122.0,3.5,97.0,0.0,1,False
2010,2010-01-10,True,False,mia,lac,84,94,20,21,17,26,0,30,26,23,15,0,home,1.5,192.0,105.0,-125.0,3.0,95.0,1.0,0,True
2010,2010-01-10,True,False,bkn,sa,85,97,22,25,18,20,0,20,29,28,20,0,home,14.5,196.5,1200.0,-1750.0,7.5,96.0,0.0,0,True
2010,2010-01-10,True,False,cle,por,106,94,34,30,18,24,0,29,20,29,16,0,away,5.0,190.0,-210.0,175.0,2.0,95.0,1.0,1,False
2010,2010-01-10,True,False,mil,lal,77,95,8,20,18,31,0,24,15,26,30,0,home,9.5,196.0,400.0,-500.0,2.0,97.5,1.0,0,True
2010,2010-01-11,True,False,tor,ind,101,105,30,35,19,17,0,22,30,26,27,0,home,2.0,217.0,115.0,-135.0,4.5,106.0,1.0,0,True
2010,2010-01-11,True,False,cle,gs,117,114,33,29,31,24,0,31,23,29,31,0,away,5.5,214.0,-230.0,190.0,0.0,103.5,0.0,1,False
2010,2010-01-11,True,False,min,den,94,105,15,35,20,24,0,20,38,27,20,0,home,13.5,216.5,1150.0,-1800.0,6.0,105.0,0.0,0,True
2010,2010-01-11,True,False,mia,utah,89,118,22,25,24,18,0,24,34,32,28,0,home,7.0,194.5,260.0,-320.0,0.5,97.0,1.0,1,True
2010,2010-01-11,True,False,mil,phx,101,105,15,27,34,25,0,36,18,25,26,0,home,9.5,213.5,420.0,-535.0,2.0,105.5,0.0,0,True
2010,2010-01-11,True,False,no,phi,92,96,12,31,31,18,0,29,19,27,21,0,home,2.0,199.5,115.0,-135.0,0.5,97.5,1.0,0,True
2010,2010-01-11,True,False,det,chi,87,120,25,22,22,18,0,28,33,36,23,0,home,5.5,192.5,195.0,-235.0,2.0,95.0,1.0,1,True
2010,2010-01-11,True,False,atl,bos,102,96,21,25,31,25,0,31,24,25,16,0,home,3.5,193.0,155.0,-175.0,1.5,97.0,0.0,1,False
2010,2010-01-11,True,False,ny,okc,88,106,24,23,15,26,0,34,29,21,22,0,home,5.0,201.5,175.0,-210.0,2.5,96.5,1.0,0,True
2010,2010-01-12,True,False,lal,sa,85,105,23,18,22,22,0,27,26,22,30,0,home,3.5,194.0,155.0,-175.0,2.0,95.0,1.0,0,True
2010,2010-01-12,True,False,orl,sac,109,88,24,27,25,33,0,24,31,23,10,0,away,4.0,207.0,-180.0,160.0,4.0,102.5,1.0,0,False
2010,2010-01-12,True,False,lac,mem,102,104,37,28,25,12,0,26,26,27,25,0,home,6.0,199.0,220.0,-260.0,6.5,96.0,0.0,1,True
2010,2010-01-12,True,False,det,wsh,99,90,21,27,19,32,0,27,11,26,26,0,home,5.5,199.0,190.0,-230.0,5.5,99.0,0.0,0,False
2010,2010-01-12,True,False,hou,cha,94,102,34,26,17,17,0,29,21,24,28,0,home,2.5,190.0,120.0,-140.0,4.0,92.5,1.0,1,True
2010,2010-01-13,True,False,mia,gs,115,102,22,30,38,25,0,23,21,32,26,0,home,2.5,214.5,125.0,-145.0,3.5,107.0,0.0,1,False
2010,2010-01-13,True,False,mil,por,108,120,16,30,25,37,0,31,35,31,23,0,home,6.0,192.5,220.0,-260.0,2.5,97.5,1.0,1,True
2010,2010-01-13,True,False,lal,dal,100,95,27,22,27,24,0,24,21,26,24,0,home,6.0,195.5,225.0,-265.0,7.0,96.5,0.0,0,False
2010,2010-01-13,True,False,min,hou,114,120,13,31,17,28,25,30,23,16,20,31,home,9.0,203.5,380.0,-475.0,2.5,100.0,0.0,1,True
2010,2010-01-13,True,False,sa,okc,109,108,35,28,13,23,10,18,33,26,22,9,home,3.5,193.0,155.0,-175.0,6.0,95.0,0.0,1,False
2010,2010-01-13,True,False,orl,den,97,115,25,28,19,25,0,25,25,35,30,0,home,6.0,209.5,185.0,-225.0,5.5,103.0,1.0,1,True
2010,2010-01-13,True,False,bos,bkn,111,87,38,33,19,21,0,22,13,29,23,0,away,8.0,189.5,-350.0,290.0,4.0,92.0,1.0,1,False
2010,2010-01-13,True,False,phx,ind,114,122,35,33,23,23,0,24,28,39,31,0,away,4.0,227.0,-185.0,160.0,4.5,110.5,0.0,1,True
2010,2010-01-13,True,False,wsh,atl,82,94,13,20,29,20,0,17,28,21,28,0,home,11.5,203.0,525.0,-750.0,2.5,101.0,1.0,0,True
2010,2010-01-13,True,False,ny,phi,93,92,30,17,21,25,0,26,22,20,24,0,home,2.5,204.0,120.0,-140.0,1.5,100.5,0.0,0,False
2010,2010-01-13,True,False,lac,no,94,108,25,23,22,24,0,28,22,28,30,0,home,7.5,192.5,295.0,-355.0,4.0,93.5,1.0,1,True
2010,2010-01-14,True,False,chi,bos,96,83,29,18,23,26,0,18,21,24,20,0,home,6.5,195.0,235.0,-275.0,5.5,98.5,0.0,0,False
2010,2010-01-14,True,False,cle,utah,96,97,26,21,13,36,0,19,21,15,42,0,home,1.0,194.5,100.0,-120.0,2.5,95.5,2.0,0,True
2010,2010-01-15,True,False,mia,hou,115,106,27,35,29,24,0,29,24,24,29,0,home,4.0,194.5,160.0,-190.0,4.5,97.5,0.0,1,False
2010,2010-01-15,True,False,lac,lal,86,126,25,25,17,19,0,28,25,36,37,0,home,10.5,196.5,550.0,-750.0,6.0,97.0,1.0,1,True
2010,2010-01-15,True,False,orl,por,87,102,14,18,27,28,0,24,28,25,25,0,away,5.5,194.0,-240.0,200.0,7.0,96.5,0.0,0,True
2010,2010-01-15,True,False,mil,gs,113,104,21,27,36,29,0,23,33,23,25,0,home,3.5,217.0,140.0,-160.0,0.5,109.0,0.0,2,False
2010,2010-01-15,True,False,okc,dal,98,99,28,27,16,27,0,19,29,26,25,0,home,5.0,195.5,180.0,-220.0,5.0,99.5,0.0,1,True
2010,2010-01-15,True,False,wsh,chi,119,121,24,24,29,27,15,26,21,27,30,17,home,6.0,198.0,210.0,-250.0,4.5,99.0,0.0,1,True
2010,2010-01-15,True,False,phx,atl,101,102,25,30,20,26,0,17,33,28,24,0,home,5.5,216.0,195.0,-235.0,4.5,108.0,0.0,0,True
2010,2010-01-15,True,False,tor,ny,112,104,39,28,26,19,0,20,23,37,24,0,home,2.0,210.5,115.0,-135.0,6.0,103.0,0.0,1,False
2010,2010-01-15,True,False,no,det,104,110,16,28,25,27,8,31,24,21,20,14,away,2.5,190.5,-145.0,125.0,4.0,95.0,0.0,1,True
2010,2010-01-15,True,False,min,mem,110,135,30,29,22,29,0,35,31,40,29,0,home,7.5,209.5,275.0,-335.0,1.5,103.0,1.0,1,True
2010,2010-01-15,True,False,ind,bkn,121,105,31,41,24,25,0,28,24,24,29,0,away,2.5,207.5,-135.0,115.0,4.5,101.5,1.0,1,False
2010,2010-01-15,True,False,sac,phi,86,98,25,22,24,15,0,32,17,25,24,0,home,3.0,209.0,130.0,-150.0,1.0,103.0,1.0,0,True
2010,2010-01-15,True,False,sa,cha,76,92,24,18,15,19,0,22,16,26,28,0,away,2.0,188.5,-135.0,115.0,0.0,92.5,0.0,0,True
2010,2010-01-16,True,False,cle,lac,102,101,23,24,26,29,0,26,30,22,23,0,away,9.0,193.0,-450.0,350.0,8.0,94.0,0.0,1,False
2010,2010-01-16,True,False,mil,utah,95,112,20,27,24,24,0,31,29,29,23,0,home,10.0,195.0,450.0,-600.0,2.0,98.0,1.0,1,True
2010,2010-01-16,True,False,sa,mem,86,92,27,15,23,21,0,24,28,23,17,0,home,1.0,200.5,110.0,-130.0,3.0,97.5,1.0,0,True
2010,2010-01-16,True,False,mia,okc,80,98,19,26,22,13,0,29,26,29,14,0,home,4.0,194.0,160.0,-180.0,1.5,96.5,1.0,0,True
2010,2010-01-16,True,False,no,ind,101,96,26,26,23,26,0,25,23,20,28,0,home,2.5,208.0,125.0,-145.0,2.0,102.0,0.0,0,False
2010,2010-01-16,True,False,sac,wsh,86,96,23,21,22,20,0,22,26,22,26,0,away,2.0,208.5,-130.0,110.0,2.0,103.0,0.0,0,True
2010,2010-01-16,True,False,phx,cha,99,125,23,24,30,22,0,42,32,31,20,0,home,3.0,208.5,125.0,-145.0,5.0,102.0,1.0,1,True
2010,2010-01-16,True,False,ny,det,90,94,24,13,23,30,0,23,28,26,17,0,home,1.0,194.0,-104.0,-106.0,3.5,94.5,1.0,0,True
2010,2010-01-17,True,False,dal,tor,88,110,23,18,27,20,0,20,34,30,26,0,home,1.0,206.5,-103.0,-117.0,3.0,101.0,1.0,0,True
2010,2010-01-17,True,False,utah,den,112,119,28,25,28,31,0,28,32,25,34,0,home,7.0,212.0,260.0,-320.0,2.0,109.0,2.0,1,True
2010,2010-01-18,True,False,sa,no,97,90,29,27,22,19,0,16,25,20,29,0,home,1.0,189.5,-103.0,-117.0,4.0,92.0,0.0,0,False
2010,2010-01-18,True,False,orl,lal,92,98,25,22,21,24,0,33,19,12,34,0,home,6.0,200.0,215.0,-255.0,2.0,99.0,2.0,0,True
2010,2010-01-18,True,False,dal,bos,99,90,20,21,34,24,0,25,25,18,22,0,home,4.5,194.0,170.0,-200.0,1.0,95.0,0.0,0,False
2010,2010-01-18,True,False,phx,mem,118,125,20,36,30,32,0,34,24,30,37,0,home,2.5,225.5,115.0,-135.0,1.0,112.0,1.0,1,True
2010,2010-01-18,True,False,chi,gs,97,114,25,28,26,18,0,33,21,29,31,0,away,2.0,215.5,-130.0,110.0,2.0,108.0,0.0,0,True
2010,2010-01-18,True,False,bkn,lac,95,106,24,25,17,29,0,39,22,27,18,0,home,8.0,195.5,310.0,-370.0,0.5,94.0,1.0,1,True
2010,2010-01-18,True,False,por,wsh,92,97,21,17,35,19,0,24,19,27,27,0,home,2.0,194.5,115.0,-135.0,0.5,98.5,1.0,0,True
2010,2010-01-18,True,False,mil,hou,98,101,34,17,22,18,7,27,31,21,12,10,home,6.5,195.5,240.0,-280.0,1.5,96.5,0.0,1,True
2010,2010-01-18,True,False,okc,atl,94,91,29,23,27,15,0,22,27,26,16,0,home,5.5,194.0,200.0,-240.0,5.0,95.5,0.0,0,False
2010,2010-01-18,True,False,sac,cha,103,105,23,24,25,31,0,32,34,18,21,0,home,6.5,197.0,255.0,-310.0,2.5,94.5,0.0,1,True
2010,2010-01-18,True,False,det,ny,91,99,23,20,27,21,0,23,34,11,31,0,home,7.5,191.0,275.0,-335.0,0.0,94.5,1.0,0,True
2010,2010-01-18,True,False,phi,min,103,108,29,28,18,24,4,17,23,33,26,9,away,3.0,204.0,-160.0,140.0,3.0,103.0,0.0,1,True
2010,2010-01-19,True,False,tor,cle,100,108,28,32,23,17,0,28,34,29,17,0,home,10.0,205.0,450.0,-650.0,6.0,102.0,0.0,1,True
2010,2010-01-19,True,False,ind,mia,83,113,19,24,15,25,0,36,26,23,28,0,home,6.5,207.0,225.0,-265.0,2.5,100.0,1.0,0,True
2010,2010-01-20,True,False,tor,mil,107,113,24,32,22,29,0,22,27,32,32,0,home,2.5,205.0,120.0,-140.0,3.0,102.5,1.0,1,True
2010,2010-01-20,True,False,den,gs,123,118,30,23,28,24,18,25,28,29,23,13,away,6.0,231.0,-240.0,200.0,4.0,116.5,0.0,1,False
2010,2010-01-20,True,False,chi,lac,97,104,26,21,23,27,0,19,31,25,29,0,home,3.5,194.5,145.0,-165.0,1.5,95.0,1.0,1,True
2010,2010-01-20,True,False,utah,sa,105,98,21,24,29,31,0,22,28,20,28,0,home,5.5,195.0,200.0,-240.0,1.5,99.0,0.0,1,False
2010,2010-01-20,True,False,okc,min,94,92,24,31,22,17,0,24,27,18,23,0,away,7.0,199.5,-300.0,250.0,3.0,99.5,0.0,0,False
2010,2010-01-20,True,False,mem,no,111,113,24,30,31,26,0,31,33,18,31,0,home,3.5,204.0,135.0,-155.0,1.5,102.0,0.0,1,True
2010,2010-01-20,True,False,bkn,phx,94,118,26,23,28,17,0,32,24,34,28,0,home,14.0,219.5,850.0,-1300.0,6.5,108.5,1.0,0,True
2010,2010-01-20,True,False,sac,atl,97,108,23,29,16,29,0,23,31,27,27,0,home,9.0,203.5,400.0,-525.0,5.5,99.5,1.0,1,True
2010,2010-01-20,True,False,por,phi,98,90,22,25,24,27,0,21,21,26,22,0,away,1.0,194.0,-120.0,100.0,1.5,96.5,1.0,0,False
2010,2010-01-20,True,False,dal,wsh,94,93,25,25,20,24,0,20,27,20,26,0,away,4.0,196.0,-190.0,160.0,1.5,96.5,0.0,0,False
2010,2010-01-20,True,False,ind,orl,98,109,20,26,28,24,0,40,28,26,15,0,home,12.0,210.0,750.0,-1100.0,1.0,102.5,0.0,0,True
2010,2010-01-20,True,False,mia,cha,65,104,17,17,19,12,0,38,23,26,17,0,home,4.0,191.0,160.0,-190.0,4.5,93.0,1.0,0,True
2010,2010-01-20,True,False,bos,det,86,92,30,26,13,17,0,21,27,21,23,0,away,6.0,187.5,-250.0,210.0,1.0,93.0,0.0,0,True
2010,2010-01-21,True,False,lal,cle,87,93,27,19,19,22,0,18,26,23,26,0,home,2.5,192.0,125.0,-145.0,2.5,94.5,1.0,0,True
2010,2010-01-21,True,False,lac,den,85,105,24,24,17,20,0,24,23,34,24,0,home,10.5,212.5,475.0,-650.0,7.5,103.0,1.0,0,True
2010,2010-01-22,True,False,bkn,gs,79,111,21,23,21,14,0,26,24,38,23,0,home,7.5,217.0,260.0,-320.0,2.5,106.0,1.0,0,True
2010,2010-01-22,True,False,chi,phx,115,104,35,29,24,27,0,26,28,29,21,0,home,6.5,220.5,250.0,-300.0,6.5,113.0,0.0,0,False
2010,2010-01-22,True,False,hou,sa,116,109,28,27,28,33,0,31,25,21,32,0,home,6.0,192.0,210.0,-250.0,4.0,94.0,0.0,1,False
2010,2010-01-22,True,False,no,min,96,94,26,27,21,22,0,24,29,18,23,0,away,3.5,201.0,-165.0,145.0,2.0,100.0,0.0,0,False
2010,2010-01-22,True,False,ind,det,105,93,31,22,32,20,0,19,26,22,26,0,home,3.5,201.5,145.0,-165.0,4.5,99.0,0.0,0,False
2010,2010-01-22,True,False,lal,ny,115,105,36,27,21,31,0,30,33,22,20,0,away,6.0,205.0,-240.0,200.0,4.0,102.5,1.0,1,False
2010,2010-01-22,True,False,por,bos,95,98,25,25,19,22,4,30,25,19,17,7,home,10.5,186.5,500.0,-700.0,5.0,95.0,0.0,1,True
2010,2010-01-22,True,False,cha,atl,89,103,17,26,22,24,0,31,16,36,20,0,home,6.5,190.5,240.0,-280.0,2.5,93.5,1.0,1,True
2010,2010-01-22,True,False,dal,phi,81,92,25,23,12,21,0,24,30,18,20,0,away,2.5,196.5,-140.0,120.0,3.0,95.5,0.0,0,True
2010,2010-01-22,True,False,mil,tor,96,101,25,32,16,23,0,28,20,22,31,0,home,6.5,205.5,240.0,-280.0,6.0,102.5,0.0,0,True
2010,2010-01-22,True,False,sac,orl,84,100,22,10,17,35,0,23,25,29,23,0,home,9.5,207.0,400.0,-600.0,0.5,100.5,1.0,0,True
2010,2010-01-22,True,False,mia,wsh,112,88,32,25,28,27,0,15,27,22,24,0,away,3.0,192.0,-145.0,125.0,3.5,95.5,1.0,1,False
2010,2010-01-22,True,False,okc,mem,84,86,20,29,20,15,0,28,20,24,14,0,home,3.5,205.0,145.0,-165.0,2.5,100.5,0.0,0,True
2010,2010-01-23,True,False,min,mil,94,127,23,22,22,27,0,32,23,30,42,0,home,8.0,204.5,300.0,-360.0,1.5,101.0,1.0,1,True
2010,2010-01-23,True,False,gs,phx,103,112,28,32,20,23,0,25,30,24,33,0,home,11.5,233.0,625.0,-950.0,10.0,114.0,0.0,0,True
2010,2010-01-23,True,False,bkn,utah,83,116,21,21,21,20,0,34,26,34,22,0,home,16.5,201.0,2000.0,-3000.0,4.0,100.0,1.0,0,True
2010,2010-01-23,True,False,no,den,110,116,33,21,24,23,9,32,21,26,22,15,home,12.0,207.0,650.0,-1000.0,8.0,102.5,0.0,1,True
2010,2010-01-23,True,False,chi,hou,104,97,32,32,16,24,0,21,31,23,22,0,home,6.0,199.0,210.0,-250.0,6.0,101.0,0.0,1,False
2010,2010-01-23,True,False,phi,ind,107,97,27,30,29,21,0,29,21,23,24,0,home,2.5,207.0,110.0,-130.0,3.0,104.5,0.0,0,False
2010,2010-01-23,True,False,por,det,97,93,32,24,18,23,0,21,21,27,24,0,home,3.0,183.0,135.0,-155.0,5.0,93.0,0.0,1,False
2010,2010-01-23,True,False,sac,mia,84,115,25,20,16,23,0,33,32,24,26,0,home,7.0,201.5,260.0,-320.0,2.0,99.0,1.0,0,True
2010,2010-01-23,True,False,orl,cha,106,95,24,25,20,23,14,21,24,14,33,3,home,0.0,191.0,100.0,-120.0,1.0,93.5,0.0,1,False
2010,2010-01-23,True,False,okc,cle,99,100,23,20,35,21,0,26,30,21,23,0,home,8.0,191.0,300.0,-360.0,0.5,93.0,0.0,1,True
2010,2010-01-24,True,False,lac,wsh,92,78,30,18,23,21,0,26,20,22,10,0,home,3.0,194.0,140.0,-160.0,3.0,96.0,0.0,0,False
2010,2010-01-24,True,False,dal,ny,128,78,27,32,38,31,0,25,18,13,22,0,away,1.0,197.5,-120.0,100.0,4.0,97.0,1.0,1,False
2010,2010-01-24,True,False,lal,tor,105,106,24,32,28,21,0,21,33,28,24,0,away,4.0,208.0,-175.0,155.0,2.0,103.0,0.0,1,True
2010,2010-01-25,True,False,no,por,98,97,31,16,25,26,0,23,26,24,24,0,home,2.5,188.0,125.0,-145.0,1.0,91.5,0.0,1,False
2010,2010-01-25,True,False,cha,den,93,104,26,26,21,20,0,29,27,28,20,0,home,5.5,195.5,200.0,-240.0,2.0,95.5,1.0,1,True
2010,2010-01-25,True,False,phx,utah,115,124,24,45,27,19,0,24,34,33,33,0,home,7.0,221.5,250.0,-300.0,7.0,110.5,1.0,1,True
2010,2010-01-25,True,False,atl,hou,102,95,23,32,22,25,0,25,19,23,28,0,home,1.0,197.5,100.0,-120.0,3.0,97.0,0.0,0,False
2010,2010-01-25,True,False,cle,mia,92,91,24,26,17,25,0,34,20,15,22,0,home,0.0,190.0,-110.0,-110.0,1.0,91.0,0.0,0,False
2010,2010-01-25,True,False,orl,mem,94,99,23,27,29,15,0,22,30,25,22,0,away,1.5,205.0,-130.0,110.0,1.0,101.0,0.0,0,True
2010,2010-01-25,True,False,lac,bos,89,95,19,25,15,30,0,17,26,21,31,0,home,11.5,189.0,650.0,-900.0,8.0,93.0,0.0,0,True
2010,2010-01-25,True,False,ind,phi,109,98,25,31,24,29,0,29,30,17,22,0,home,5.5,208.5,195.0,-235.0,2.5,100.5,0.0,0,False
2010,2010-01-25,True,False,chi,sa,98,93,29,23,18,28,0,31,19,21,22,0,home,8.0,198.0,320.0,-400.0,6.0,99.5,0.0,0,False
2010,2010-01-26,True,False,gs,sac,96,99,18,20,22,36,0,23,26,24,26,0,home,5.5,219.0,205.0,-245.0,1.0,105.5,0.0,0,True
2010,2010-01-26,True,False,mil,dal,107,108,27,26,24,30,0,28,31,24,25,0,home,7.0,197.0,245.0,-290.0,1.5,100.5,0.0,1,True
2010,2010-01-26,True,False,cha,phx,114,109,26,22,29,21,16,33,21,29,15,11,home,5.5,209.5,195.0,-235.0,1.0,103.0,0.0,1,False
2010,2010-01-26,True,False,lal,wsh,115,103,30,30,27,28,0,29,15,28,31,0,away,8.0,199.0,-400.0,325.0,0.0,98.0,1.0,1,False
2010,2010-01-26,True,False,min,ny,105,132,16,29,19,41,0,40,28,28,36,0,home,6.5,208.0,235.0,-275.0,3.0,100.5,1.0,1,True
2010,2010-01-27,True,False,no,gs,123,110,33,29,34,27,0,30,25,20,35,0,away,1.5,214.0,-125.0,105.0,2.0,107.0,1.0,1,False
2010,2010-01-27,True,False,utah,por,106,95,36,27,22,21,0,16,30,29,20,0,away,2.5,195.0,-140.0,120.0,4.0,100.0,1.0,1,False
2010,2010-01-27,True,False,atl,sa,90,105,21,23,30,16,0,36,30,21,18,0,home,3.0,194.5,135.0,-155.0,4.0,96.5,1.0,1,True
2010,2010-01-27,True,False,phi,mil,88,91,19,27,23,19,0,20,28,24,19,0,home,2.5,199.5,115.0,-135.0,1.0,100.0,1.0,0,True
2010,2010-01-27,True,False,chi,okc,96,86,28,28,12,28,0,30,17,19,20,0,home,6.0,194.5,210.0,-250.0,5.5,95.5,0.0,0,False
2010,2010-01-27,True,False,den,hou,97,92,16,34,22,25,0,31,20,23,18,0,home,2.5,207.5,120.0,-140.0,1.5,104.0,0.0,0,False
2010,2010-01-27,True,False,lac,bkn,87,103,20,21,23,23,0,23,28,20,32,0,away,7.0,191.5,-290.0,245.0,6.5,94.0,0.0,0,True
2010,2010-01-27,True,False,min,cle,95,109,26,22,18,29,0,27,33,25,24,0,home,13.0,201.0,850.0,-1300.0,3.5,98.0,1.0,1,True
2010,2010-01-27,True,False,lal,ind,118,96,31,28,33,26,0,29,27,22,18,0,away,5.5,210.0,-240.0,200.0,2.5,102.5,1.0,1,False
2010,2010-01-27,True,False,mia,tor,103,111,34,26,21,22,0,23,34,28,26,0,home,3.5,205.0,135.0,-155.0,4.0,102.0,1.0,1,True
2010,2010-01-27,True,False,mem,det,99,93,27,29,23,20,0,21,29,24,19,0,away,2.0,197.5,-130.0,110.0,0.5,98.0,1.0,0,False
2010,2010-01-28,True,False,tor,ny,106,104,20,29,30,27,0,34,19,28,23,0,home,3.5,216.5,150.0,-170.0,1.0,106.0,0.0,0,False
2010,2010-01-28,True,False,bos,orl,94,96,34,17,21,22,0,23,17,21,35,0,home,4.0,187.0,150.0,-170.0,4.5,93.0,0.0,1,True
2010,2010-01-28,True,False,dal,phx,106,112,34,25,31,16,0,25,30,29,28,0,home,2.5,216.0,110.0,-130.0,2.0,105.0,1.0,1,True
2010,2010-01-29,True,False,chi,no,108,106,30,27,31,14,6,29,21,27,25,4,home,4.5,197.0,170.0,-200.0,3.5,99.5,0.0,1,False
2010,2010-01-29,True,False,cha,gs,121,110,24,41,27,29,0,28,31,21,30,0,away,2.0,211.0,-130.0,110.0,1.0,106.0,1.0,1,False
2010,2010-01-29,True,False,sac,utah,94,101,20,26,17,31,0,22,27,24,28,0,home,8.5,203.0,325.0,-450.0,4.5,99.5,0.0,0,True
2010,2010-01-29,True,False,por,hou,100,104,28,19,24,29,0,18,31,29,26,0,home,5.0,194.0,190.0,-230.0,3.0,98.0,0.0,1,True
2010,2010-01-29,True,False,mem,sa,97,104,21,29,20,27,0,28,25,24,27,0,home,5.0,200.0,180.0,-220.0,2.0,98.5,1.0,1,True
2010,2010-01-29,True,False,den,okc,84,101,26,19,15,24,0,27,24,28,22,0,home,2.0,200.5,115.0,-135.0,0.5,99.5,1.0,0,True
2010,2010-01-29,True,False,bos,atl,91,100,22,19,32,18,0,23,30,21,26,0,home,4.0,190.0,160.0,-190.0,1.5,92.0,1.0,1,True
2010,2010-01-29,True,False,mia,det,92,65,26,21,24,21,0,23,13,12,17,0,away,2.0,187.5,-130.0,110.0,3.0,92.5,1.0,0,False
2010,2010-01-29,True,False,wsh,bkn,81,79,18,28,17,18,0,26,21,19,13,0,away,3.5,192.5,-160.0,140.0,2.5,95.0,0.0,0,False
2010,2010-01-29,True,False,lal,phi,99,91,19,32,25,23,0,18,24,25,24,0,away,6.5,202.5,-300.0,250.0,0.5,99.0,1.0,0,False
2010,2010-01-29,True,False,cle,ind,94,73,36,22,19,17,0,18,26,20,9,0,away,6.0,204.0,-260.0,220.0,1.5,98.0,1.0,0,False
2010,2010-01-29,True,False,lac,min,97,111,20,17,36,24,0,34,22,26,29,0,home,1.0,201.5,100.0,-120.0,4.0,99.0,1.0,1,True
2010,2010-01-30,True,False,atl,orl,86,104,18,26,19,23,0,21,28,28,27,0,home,6.0,195.5,190.0,-230.0,1.5,97.5,1.0,0,True
2010,2010-01-30,True,False,no,mem,109,102,18,24,34,21,12,33,28,20,16,5,home,7.5,203.5,280.0,-340.0,1.0,100.0,0.0,1,False
2010,2010-01-30,True,False,ny,wsh,96,106,19,25,25,27,0,36,14,32,24,0,away,2.0,204.5,-130.0,110.0,2.5,100.5,0.0,0,True
2010,2010-01-30,True,False,mia,mil,84,95,21,17,20,26,0,23,33,15,24,0,home,4.0,190.0,165.0,-185.0,2.5,94.5,1.0,0,True
2010,2010-01-30,True,False,por,dal,114,112,26,18,29,30,11,21,26,22,34,9,home,8.5,193.0,365.0,-440.0,4.5,99.0,0.0,1,False
2010,2010-01-30,True,False,cha,sac,103,96,29,27,34,13,0,33,21,13,29,0,away,1.0,198.5,-115.0,-105.0,0.0,99.0,1.0,1,False
2010,2010-01-31,True,False,orl,det,91,86,29,19,16,27,0,21,24,20,21,0,away,5.0,187.0,-210.0,175.0,2.0,92.5,2.0,0,False
2010,2010-01-31,True,False,gs,okc,104,112,26,29,20,29,0,29,25,33,25,0,home,8.5,214.0,335.0,-425.0,6.5,103.5,0.0,1,True
2010,2010-01-31,True,False,ny,min,91,112,26,20,26,19,0,23,26,33,30,0,home,2.0,210.5,115.0,-135.0,0.5,104.0,1.0,0,True
2010,2010-01-31,True,False,ind,tor,102,117,29,30,27,16,0,32,31,32,22,0,home,8.5,218.0,350.0,-450.0,3.5,107.0,1.0,1,True
2010,2010-01-31,True,False,phx,hou,115,111,28,32,19,21,15,21,27,25,27,11,home,3.5,218.5,145.0,-165.0,5.5,108.0,0.0,1,False
2010,2010-01-31,True,False,lac,cle,89,114,20,19,28,22,0,46,21,16,31,0,home,12.0,190.5,800.0,-1200.0,2.0,91.5,1.0,1,True
2010,2010-01-31,True,False,den,sa,103,89,21,24,30,28,0,23,18,27,21,0,home,5.5,197.5,205.0,-245.0,6.0,97.5,0.0,0,False
2010,2010-01-31,True,False,phi,bkn,83,79,22,24,23,14,0,25,23,12,19,0,away,5.5,189.5,-240.0,200.0,4.5,94.5,0.0,0,False
2010,2010-01-31,True,False,lal,bos,90,89,30,17,19,24,0,19,33,21,16,0,away,1.0,195.0,-117.0,-103.0,2.0,97.0,2.0,0,False
2010,2010-02-01,True,False,bos,wsh,99,88,24,24,26,25,0,23,31,24,10,0,away,6.0,190.0,-235.0,195.0,7.0,94.0,1.0,0,False
2010,2010-02-01,True,False,mil,mia,97,81,21,33,22,21,0,17,21,21,22,0,home,6.0,186.0,205.0,-245.0,7.0,92.0,0.0,0,False
2010,2010-02-01,True,False,lal,mem,93,95,24,26,21,22,0,24,28,18,25,0,home,0.0,206.0,-118.0,-102.0,0.0,100.0,1.0,0,True
2010,2010-02-01,True,False,phx,no,109,100,30,29,26,24,0,31,15,24,30,0,home,0.0,211.5,-103.0,-117.0,4.0,104.5,0.0,0,False
2010,2010-02-01,True,False,sac,den,109,112,26,38,14,21,10,26,24,23,26,13,home,11.0,210.5,525.0,-750.0,10.5,103.0,0.0,1,True
2010,2010-02-01,True,False,dal,utah,92,104,26,20,30,16,0,24,29,24,27,0,home,4.0,200.5,150.0,-170.0,0.0,96.5,1.0,0,True
2010,2010-02-01,True,False,cha,por,79,98,19,24,22,14,0,29,22,21,26,0,home,2.0,190.0,110.0,-130.0,1.5,93.5,1.0,0,True
2010,2010-02-02,True,False,tor,ind,115,130,34,19,33,29,0,32,26,42,30,0,away,1.5,216.5,-120.0,100.0,1.5,103.5,0.0,1,True
2010,2010-02-02,True,False,gs,hou,97,119,25,24,19,29,0,39,20,24,36,0,home,7.5,217.0,260.0,-320.0,1.0,104.0,1.0,0,True
2010,2010-02-02,True,False,lac,chi,90,82,31,19,28,12,0,26,16,21,19,0,home,7.0,197.5,260.0,-320.0,6.0,96.5,0.0,0,False
2010,2010-02-02,True,False,atl,okc,99,106,22,27,23,27,0,22,27,30,27,0,home,1.5,191.5,100.0,-120.0,1.5,93.5,1.0,1,True
2010,2010-02-02,True,False,mil,orl,82,99,26,10,21,25,0,23,27,25,24,0,home,9.5,193.0,418.0,-530.0,1.5,96.0,1.0,0,True
2010,2010-02-02,True,False,mem,cle,89,105,16,21,25,27,0,28,27,31,19,0,home,10.0,198.5,465.0,-630.0,1.0,94.0,1.0,0,True
2010,2010-02-02,True,False,det,bkn,97,93,24,19,28,26,0,29,19,19,26,0,away,2.5,182.5,-145.0,125.0,2.0,88.5,1.0,1,False
2010,2010-02-03,True,False,gs,dal,101,110,21,27,27,26,0,32,30,19,29,0,home,11.5,218.0,700.0,-1000.0,2.0,109.0,0.0,0,True
2010,2010-02-03,True,False,por,utah,105,118,27,25,25,28,0,29,31,28,30,0,home,7.5,195.5,270.0,-330.0,1.5,98.0,1.0,1,True
2010,2010-02-03,True,False,sa,sac,115,113,31,30,27,27,0,29,31,23,30,0,away,4.5,200.5,-200.0,170.0,2.5,98.0,0.0,1,False
2010,2010-02-03,True,False,phx,den,109,97,28,32,26,23,0,22,27,23,25,0,home,5.5,220.0,200.0,-240.0,5.5,109.0,0.0,0,False
2010,2010-02-03,True,False,cha,lal,97,99,21,26,20,30,0,19,30,23,27,0,home,10.5,195.0,500.0,-700.0,6.5,96.5,0.0,1,True
2010,2010-02-03,True,False,mia,bos,102,107,26,25,23,28,0,27,26,21,33,0,home,5.5,182.0,200.0,-240.0,3.0,90.5,0.0,1,True
2010,2010-02-03,True,False,wsh,ny,85,107,22,23,20,20,0,22,19,31,35,0,home,6.0,202.5,210.0,-250.0,6.0,99.5,1.0,0,True
2010,2010-02-03,True,False,chi,phi,103,106,25,26,19,24,9,26,19,26,23,12,home,2.0,194.5,110.0,-130.0,3.0,97.0,1.0,1,True
2010,2010-02-03,True,False,lac,atl,97,103,23,23,26,25,0,17,24,28,34,0,home,9.5,194.5,400.0,-600.0,8.5,95.5,0.0,1,True
2010,2010-02-03,True,False,bkn,tor,99,108,22,34,22,21,0,28,29,26,25,0,home,10.5,204.0,500.0,-700.0,7.0,101.0,0.0,1,True
2010,2010-02-03,True,False,okc,no,103,99,22,36,24,21,0,22,30,24,23,0,away,2.5,192.5,-140.0,120.0,0.0,94.5,1.0,1,False
2010,2010-02-04,True,False,mia,cle,86,102,28,24,21,13,0,29,27,25,21,0,home,9.5,188.0,410.0,-560.0,4.5,93.0,1.0,2,True
2010,2010-02-04,True,False,sa,por,93,96,24,29,21,19,0,26,25,15,30,0,away,2.0,194.0,-135.0,115.0,1.0,96.5,0.0,0,True
2010,2010-02-05,True,False,den,lal,126,113,30,29,35,32,0,30,34,25,24,0,home,8.0,199.5,320.0,-400.0,4.0,102.0,0.0,1,False
2010,2010-02-05,True,False,phx,sac,114,102,39,27,30,18,0,24,27,20,31,0,away,2.5,222.5,-145.0,125.0,3.0,110.0,1.0,0,False
2010,2010-02-05,True,False,min,dal,117,108,32,25,32,28,0,29,32,19,28,0,home,10.0,205.5,400.0,-600.0,5.0,102.5,0.0,1,False
2010,2010-02-05,True,False,phi,no,101,94,25,31,20,25,0,23,24,23,24,0,home,2.5,192.5,120.0,-140.0,3.5,96.0,0.0,1,False
2010,2010-02-05,True,False,hou,mem,101,83,25,25,25,26,0,25,19,22,17,0,home,5.0,203.5,180.0,-220.0,4.5,99.5,0.0,0,False
2010,2010-02-05,True,False,mil,ny,114,107,29,25,36,24,0,26,33,22,26,0,home,2.0,201.0,110.0,-130.0,0.0,100.5,0.0,1,False
2010,2010-02-05,True,False,bkn,bos,87,96,25,30,18,14,0,29,22,21,24,0,home,12.5,190.0,800.0,-1200.0,10.5,94.5,0.0,0,True
2010,2010-02-05,True,False,det,ind,83,107,20,17,19,27,0,24,28,24,31,0,home,4.0,201.0,155.0,-175.0,2.5,98.5,1.0,0,True
2010,2010-02-05,True,False,wsh,orl,92,91,13,22,39,18,0,32,18,17,24,0,home,13.0,194.5,800.0,-1200.0,3.0,96.0,0.0,0,False
2010,2010-02-05,True,False,chi,atl,81,91,20,26,24,11,0,27,23,14,27,0,home,8.5,196.5,320.0,-400.0,4.0,98.0,1.0,0,True
2010,2010-02-06,True,False,okc,gs,104,95,26,26,36,16,0,27,23,23,22,0,away,3.5,215.5,-165.0,145.0,1.5,106.0,1.0,0,False
2010,2010-02-06,True,False,sa,lac,98,81,28,21,33,16,0,10,17,35,19,0,away,3.5,195.0,-165.0,145.0,3.5,95.5,1.0,0,False
2010,2010-02-06,True,False,lal,por,99,82,26,28,19,26,0,29,19,16,18,0,away,2.0,192.5,-130.0,110.0,1.0,95.0,1.0,0,False
2010,2010-02-06,True,False,den,utah,106,116,28,27,31,20,0,38,28,27,23,0,home,10.0,207.0,400.0,-600.0,2.0,103.0,2.0,1,True
2010,2010-02-06,True,False,phi,hou,102,95,26,21,23,32,0,22,35,19,19,0,home,5.5,195.5,200.0,-240.0,0.5,97.5,0.0,1,False
2010,2010-02-06,True,False,mia,chi,91,95,27,15,27,22,0,23,26,20,26,0,home,1.0,190.0,100.0,-120.0,1.5,94.5,1.0,0,True
2010,2010-02-06,True,False,mem,min,102,109,27,26,25,24,0,17,30,29,33,0,away,2.5,209.5,-145.0,125.0,0.5,104.0,0.0,1,True
2010,2010-02-06,True,False,ny,cle,106,113,24,30,26,26,0,44,30,20,19,0,home,12.5,201.0,800.0,-1200.0,0.0,99.0,0.0,1,True
2010,2010-02-06,True,False,bkn,det,92,99,18,29,24,21,0,26,30,22,21,0,home,7.0,187.0,250.0,-300.0,1.5,92.0,2.0,1,True
2010,2010-02-06,True,False,no,cha,104,99,21,22,36,25,0,26,27,21,25,0,home,9.0,190.5,350.0,-500.0,2.0,93.5,0.0,1,False
2010,2010-02-06,True,False,ind,mil,81,93,21,25,17,18,0,31,22,17,23,0,home,7.0,209.0,250.0,-300.0,1.5,102.5,1.0,0,True
2010,2010-02-07,True,False,sac,tor,104,115,24,35,28,17,0,31,31,22,31,0,home,8.0,217.0,320.0,-380.0,4.5,107.0,1.0,1,True
2010,2010-02-07,True,False,orl,bos,96,89,23,17,36,20,0,24,27,11,27,0,home,3.0,187.5,135.0,-155.0,2.0,92.5,0.0,0,False
2010,2010-02-08,True,False,no,orl,117,123,32,38,24,23,0,28,27,32,36,0,home,9.5,194.5,420.0,-535.0,10.0,97.0,0.0,1,True
2010,2010-02-08,True,False,sa,lal,89,101,34,13,21,21,0,28,22,23,28,0,home,2.5,192.5,125.0,-145.0,0.5,94.0,1.0,0,True
2010,2010-02-08,True,False,dal,gs,127,117,29,32,29,37,0,34,36,28,19,0,away,5.0,217.0,-210.0,175.0,5.5,106.0,1.0,1,False
2010,2010-02-09,True,False,utah,lac,109,99,29,23,28,29,0,26,30,28,15,0,away,5.5,201.5,-200.0,170.0,3.0,102.5,1.0,1,False
2010,2010-02-09,True,False,okc,por,89,77,23,18,18,30,0,17,24,20,16,0,away,1.5,190.5,-120.0,100.0,1.0,92.5,1.0,0,False
2010,2010-02-09,True,False,det,mil,93,81,20,25,19,29,0,9,29,24,19,0,home,8.0,189.5,320.0,-390.0,8.0,94.5,0.0,0,False
2010,2010-02-09,True,False,atl,mem,108,94,27,26,29,26,0,30,25,20,19,0,away,1.0,199.0,-117.0,-103.0,0.5,98.5,1.0,1,False
2010,2010-02-09,True,False,sac,ny,118,114,26,26,24,29,13,33,23,28,21,9,home,5.0,215.0,180.0,-220.0,2.0,105.0,0.0,1,False
2010,2010-02-09,True,False,dal,den,91,127,21,18,31,21,0,32,33,38,24,0,home,7.0,211.0,250.0,-300.0,4.0,102.0,1.0,1,True
2010,2010-02-09,True,False,chi,ind,109,101,29,28,24,28,0,28,32,26,15,0,home,2.0,205.0,110.0,-130.0,0.5,101.0,0.0,1,False
2010,2010-02-09,True,False,min,phi,97,119,23,28,25,21,0,30,43,24,22,0,home,7.0,205.5,245.0,-290.0,2.5,99.5,1.0,1,True
2010,2010-02-09,True,False,wsh,cha,92,94,27,22,21,22,0,24,26,23,21,0,home,8.0,189.0,315.0,-380.0,5.0,93.5,0.0,0,True
2010,2010-02-09,True,False,bkn,cle,97,104,27,22,23,25,0,26,29,23,26,0,home,16.0,189.5,3000.0,-5000.0,8.0,91.0,0.0,1,True
2010,2010-02-09,True,False,hou,mia,66,99,16,15,24,11,0,24,32,24,19,0,home,5.0,192.5,175.0,-210.0,4.0,93.0,1.0,0,True
2010,2010-02-10,True,False,lac,gs,102,132,20,26,28,28,0,38,26,46,22,0,away,2.0,214.0,-145.0,125.0,5.0,106.0,0.0,1,True
2010,2010-02-10,True,False,por,phx,108,101,30,30,23,25,0,20,24,23,34,0,home,9.5,209.5,400.0,-500.0,10.0,104.5,0.0,0,False
2010,2010-02-10,True,False,lal,utah,96,81,31,25,20,20,0,18,23,16,24,0,home,5.5,202.0,190.0,-230.0,7.5,99.5,0.0,0,False
2010,2010-02-10,True,False,cha,min,93,92,37,19,24,13,0,24,19,27,22,0,away,2.5,200.5,-135.0,115.0,3.0,99.0,0.0,0,False
2010,2010-02-10,True,False,bos,no,85,93,27,28,12,18,0,29,14,29,21,0,away,5.5,193.5,-220.0,180.0,1.0,95.5,0.0,0,True
2010,2010-02-10,True,False,sac,det,103,97,20,35,23,25,0,22,34,23,18,0,home,4.0,198.0,160.0,-180.0,2.5,96.5,0.0,1,False
2010,2010-02-10,True,False,mil,bkn,97,77,20,24,24,29,0,26,18,16,17,0,away,5.5,188.5,-220.0,180.0,3.5,93.0,1.0,0,False
2010,2010-02-10,True,False,phi,tor,93,104,24,17,22,30,0,30,20,28,26,0,home,5.5,209.5,195.0,-235.0,0.0,103.0,1.0,0,True
2010,2010-02-10,True,False,mia,atl,94,76,20,23,24,27,0,27,15,22,12,0,home,6.5,189.5,245.0,-290.0,5.0,94.0,0.0,0,False
2010,2010-02-10,True,False,orl,chi,107,87,41,26,22,18,0,17,28,19,23,0,away,4.5,195.5,-200.0,170.0,3.0,95.5,1.0,0,False
2010,2010-02-11,True,False,orl,cle,106,115,23,40,20,23,0,37,29,21,28,0,home,7.0,194.5,200.0,-240.0,3.0,95.0,1.0,1,True
2010,2010-02-11,True,False,sa,den,111,92,32,22,29,28,0,29,16,25,22,0,home,6.0,206.0,210.0,-250.0,6.0,101.5,0.0,0,False
2010,2010-02-16,True,False,lac,por,87,109,20,18,27,22,0,26,23,29,31,0,home,8.0,195.0,290.0,-350.0,1.5,96.5,1.0,1,True
2010,2010-02-16,True,False,gs,lal,94,104,24,27,22,21,0,36,18,25,25,0,home,12.5,216.0,1000.0,-1600.0,6.5,106.0,0.0,0,True
2010,2010-02-16,True,False,bos,sac,95,92,30,27,19,19,0,30,22,17,23,0,away,5.5,198.5,-250.0,210.0,1.5,95.5,0.0,0,False
2010,2010-02-16,True,False,ny,chi,85,118,28,22,18,17,0,29,35,31,23,0,home,6.0,200.0,235.0,-275.0,1.0,97.5,1.0,1,True
2010,2010-02-16,True,False,utah,hou,104,95,28,21,27,28,0,23,32,19,21,0,away,3.0,201.5,-155.0,135.0,3.0,101.5,1.0,0,False
2010,2010-02-16,True,False,dal,okc,86,99,26,28,11,21,0,16,40,22,21,0,home,5.0,195.5,170.0,-200.0,2.5,94.0,1.0,0,True
2010,2010-02-16,True,False,phx,mem,109,95,27,36,24,22,0,30,25,19,21,0,home,0.0,220.0,-115.0,-105.0,2.5,107.0,0.0,0,False
2010,2010-02-16,True,False,min,det,85,108,31,21,13,20,0,25,27,33,23,0,home,5.5,197.5,185.0,-225.0,3.5,95.0,1.0,0,True
2010,2010-02-16,True,False,mia,phi,105,78,23,23,33,26,0,21,14,17,26,0,home,2.0,189.0,115.0,-135.0,3.0,92.5,0.0,0,False
2010,2010-02-16,True,False,bkn,cha,103,94,31,21,30,21,0,27,25,21,21,0,home,11.0,188.5,500.0,-700.0,7.0,92.5,0.0,1,False
2010,2010-02-17,True,False,atl,lac,110,92,29,27,25,29,0,26,18,31,17,0,away,7.0,195.5,-320.0,260.0,0.0,95.5,1.0,1,False
2010,2010-02-17,True,False,sac,gs,98,130,29,16,31,22,0,30,42,35,23,0,home,4.5,223.5,160.0,-190.0,4.5,109.5,1.0,1,True
2010,2010-02-17,True,False,phx,dal,97,107,23,26,19,29,0,28,28,26,25,0,home,4.0,215.0,160.0,-190.0,0.5,108.0,1.0,0,True
2010,2010-02-17,True,False,utah,no,98,90,17,24,31,26,0,23,20,28,19,0,away,4.0,202.0,-175.0,155.0,4.0,102.0,1.0,0,False
2010,2010-02-17,True,False,mia,bkn,87,84,23,28,19,17,0,22,23,21,18,0,away,7.5,187.5,-300.0,250.0,0.0,91.5,0.0,0,False
2010,2010-02-17,True,False,hou,mil,127,99,20,37,43,27,0,20,32,14,33,0,home,5.5,193.0,200.0,-240.0,6.0,94.0,0.0,1,False
2010,2010-02-17,True,False,det,orl,91,116,25,30,22,14,0,30,26,27,33,0,home,11.0,193.0,500.0,-700.0,7.0,97.0,1.0,1,True
2010,2010-02-17,True,False,sa,ind,90,87,24,27,18,21,0,28,17,22,20,0,away,5.0,204.0,-210.0,175.0,1.0,100.5,0.0,0,False
2010,2010-02-17,True,False,min,wsh,99,108,31,23,21,24,0,25,27,34,22,0,home,4.5,206.0,170.0,-200.0,4.0,102.0,1.0,1,True
2010,2010-02-17,True,False,mem,tor,109,102,28,21,22,26,12,16,31,22,28,5,home,7.0,216.5,250.0,-300.0,5.5,107.5,0.0,0,False
2010,2010-02-17,True,False,chi,ny,115,109,25,28,29,33,0,27,37,20,25,0,home,2.0,201.0,110.0,-130.0,2.0,99.5,0.0,1,False
2010,2010-02-18,True,False,den,cle,118,116,31,21,23,31,12,21,23,35,27,10,home,6.5,206.5,240.0,-290.0,6.0,103.0,0.0,1,False
2010,2010-02-18,True,False,bos,lal,87,86,29,24,23,11,0,27,21,21,17,0,home,2.5,188.0,125.0,-145.0,2.5,93.5,0.0,0,False
2010,2010-02-19,True,False,tor,bkn,106,89,32,24,26,24,0,21,20,30,18,0,away,2.5,199.5,-140.0,120.0,3.0,98.5,1.0,0,False
2010,2010-02-19,True,False,utah,gs,100,89,28,31,26,15,0,31,10,24,24,0,away,5.0,221.0,-220.0,180.0,2.5,111.0,1.0,0,False
2010,2010-02-19,True,False,atl,phx,80,88,23,27,16,14,0,26,23,21,18,0,home,4.0,211.5,160.0,-190.0,3.0,103.5,1.0,0,True
2010,2010-02-19,True,False,bos,por,96,76,32,24,17,23,0,25,13,23,15,0,home,3.0,186.0,140.0,-160.0,6.0,92.0,0.0,0,False
2010,2010-02-19,True,False,mia,mem,100,87,21,25,17,13,24,14,17,26,19,11,home,7.0,188.5,250.0,-300.0,7.5,93.0,0.0,0,False
2010,2010-02-19,True,False,chi,min,100,94,30,25,22,23,0,29,29,18,18,0,away,2.0,205.5,-130.0,110.0,1.5,103.0,1.0,0,False
2010,2010-02-19,True,False,sa,phi,94,106,26,26,24,18,0,25,20,28,33,0,away,3.5,191.5,-165.0,145.0,0.5,94.5,0.0,1,True
2010,2010-02-19,True,False,dal,orl,95,85,23,19,23,30,0,33,14,22,16,0,home,7.0,204.5,250.0,-300.0,2.5,102.5,0.0,0,False
2010,2010-02-19,True,False,mil,det,91,85,23,27,22,19,0,29,17,19,20,0,away,1.0,188.0,-120.0,100.0,1.0,92.5,1.0,0,False
2010,2010-02-19,True,False,cle,cha,93,110,32,18,18,25,0,27,23,32,28,0,away,4.5,191.0,-210.0,175.0,3.0,93.0,0.0,1,True
2010,2010-02-19,True,False,den,wsh,97,107,25,35,22,15,0,28,24,21,34,0,away,6.0,209.0,-250.0,210.0,1.0,105.5,0.0,0,True
2010,2010-02-19,True,False,ind,no,101,107,19,24,28,30,0,31,31,21,24,0,home,4.5,205.0,170.0,-200.0,2.5,100.0,1.0,1,True
2010,2010-02-20,True,False,wsh,tor,104,109,32,25,31,16,0,34,30,21,24,0,home,7.0,205.0,250.0,-300.0,1.5,101.0,0.0,1,True
2010,2010-02-20,True,False,okc,ny,121,118,25,27,30,23,16,31,26,23,25,13,away,5.5,206.5,-230.0,190.0,5.0,100.5,0.0,1,False
2010,2010-02-20,True,False,phi,chi,90,122,23,16,30,21,0,25,33,30,34,0,home,5.0,196.0,180.0,-220.0,2.5,98.0,1.0,1,True
2010,2010-02-20,True,False,mia,dal,91,97,27,25,12,27,0,21,23,26,27,0,home,10.5,183.5,500.0,-700.0,10.5,92.0,0.0,1,True
2010,2010-02-20,True,False,ind,hou,125,115,27,27,36,35,0,30,35,25,25,0,home,7.5,209.0,295.0,-355.0,1.0,103.0,0.0,1,False
2010,2010-02-20,True,False,cha,mil,88,93,16,23,23,26,0,24,30,19,20,0,home,3.0,188.0,140.0,-160.0,3.0,91.5,1.0,0,True
2010,2010-02-20,True,False,sac,lac,89,99,22,23,23,21,0,21,39,17,22,0,away,1.5,201.0,-130.0,110.0,4.5,98.5,0.0,0,True
2010,2010-02-21,True,False,okc,min,109,107,30,32,24,23,0,23,28,29,27,0,away,5.0,201.5,-220.0,180.0,0.5,100.0,0.0,1,False
2010,2010-02-21,True,False,sac,phx,88,104,27,27,15,19,0,25,26,24,29,0,home,9.5,216.0,425.0,-550.0,7.5,106.0,1.0,0,True
2010,2010-02-21,True,False,utah,por,93,89,14,24,22,23,10,27,23,23,10,6,home,1.5,192.0,105.0,-125.0,2.0,97.0,0.0,0,False
2010,2010-02-21,True,False,hou,no,94,102,16,23,23,32,0,24,26,24,28,0,home,2.5,202.0,120.0,-140.0,2.0,99.0,1.0,0,True
2010,2010-02-21,True,False,atl,gs,104,108,24,28,38,14,0,21,30,22,35,0,away,5.0,212.0,-225.0,185.0,3.0,105.5,0.0,2,True
2010,2010-02-21,True,False,sa,det,101,109,24,21,22,26,8,24,21,24,24,16,away,5.0,186.5,-200.0,170.0,3.5,91.5,0.0,1,True
2010,2010-02-21,True,False,bos,den,105,114,19,28,26,32,0,37,17,28,32,0,home,4.5,198.0,165.0,-195.0,0.5,97.5,1.0,1,True
2010,2010-02-21,True,False,cle,orl,95,101,18,25,32,20,0,25,24,25,27,0,home,2.0,197.0,110.0,-130.0,1.5,98.0,1.0,0,True
2010,2010-02-21,True,False,mem,bkn,104,94,20,27,31,26,0,36,22,16,20,0,away,6.0,195.0,-250.0,210.0,6.0,95.5,1.0,1,False
2010,2010-02-22,True,False,chi,wsh,95,101,26,30,16,23,0,25,21,31,24,0,away,2.5,200.0,-145.0,125.0,1.5,98.0,0.0,0,True
2010,2010-02-22,True,False,mil,ny,83,67,27,20,16,20,0,20,21,14,12,0,home,1.5,208.0,100.0,-120.0,2.5,103.5,0.0,0,False
2010,2010-02-22,True,False,ind,dal,82,91,20,21,20,21,0,29,20,23,19,0,home,9.5,207.0,420.0,-535.0,3.0,101.0,0.0,0,True
2010,2010-02-22,True,False,atl,utah,105,100,28,26,20,31,0,24,27,24,25,0,home,3.0,193.5,135.0,-155.0,1.5,96.0,0.0,1,False
2010,2010-02-22,True,False,cha,lac,94,98,23,27,24,20,0,30,23,18,27,0,away,4.5,192.5,-175.0,155.0,4.0,95.0,0.0,0,True
2010,2010-02-23,True,False,phi,gs,110,102,37,29,24,20,0,26,22,25,29,0,away,1.0,216.0,-120.0,100.0,5.0,107.5,1.0,0,False
2010,2010-02-23,True,False,det,sac,101,89,29,25,29,18,0,26,16,16,31,0,home,2.5,195.5,120.0,-140.0,4.5,96.0,0.0,0,False
2010,2010-02-23,True,False,phx,okc,104,102,27,24,31,22,0,25,27,26,24,0,home,6.0,204.5,220.0,-260.0,3.5,99.5,0.0,1,False
2010,2010-02-23,True,False,lal,mem,99,98,27,26,23,23,0,16,32,33,17,0,away,5.5,198.0,-240.0,200.0,2.0,96.5,0.0,0,False
2010,2010-02-23,True,False,min,mia,91,88,24,21,23,23,0,15,26,17,30,0,home,8.0,192.0,310.0,-380.0,7.5,93.5,0.0,0,False
2010,2010-02-23,True,False,ny,bos,106,110,27,33,31,15,0,38,26,30,16,0,home,9.5,198.5,400.0,-600.0,5.0,99.5,0.0,1,True
2010,2010-02-23,True,False,no,cle,95,105,16,40,20,19,0,28,25,29,23,0,home,11.5,200.5,700.0,-1000.0,9.5,97.0,0.0,0,True
2010,2010-02-23,True,False,por,bkn,102,93,32,24,21,25,0,22,15,33,23,0,away,8.0,184.0,-360.0,300.0,1.0,90.5,1.0,1,False
2010,2010-02-24,True,False,cha,utah,93,102,31,22,16,24,0,28,14,31,29,0,home,7.0,193.0,270.0,-340.0,6.0,95.0,1.0,1,True
2010,2010-02-24,True,False,det,lac,91,97,25,24,22,20,0,22,19,26,30,0,home,4.0,189.5,145.0,-170.0,4.5,93.5,1.0,0,True
2010,2010-02-24,True,False,lal,dal,96,101,23,27,22,24,0,20,29,25,27,0,home,1.5,196.0,-105.0,-115.0,1.0,97.0,1.0,1,True
2010,2010-02-24,True,False,phi,phx,95,106,25,22,27,21,0,33,25,31,17,0,home,7.5,210.0,300.0,-380.0,0.5,103.5,1.0,0,True
2010,2010-02-24,True,False,okc,sa,87,95,27,15,25,20,0,23,25,20,27,0,home,5.0,194.5,170.0,-200.0,0.5,96.0,1.0,0,True
2010,2010-02-24,True,False,por,tor,101,87,32,21,25,23,0,24,23,21,19,0,home,3.0,198.0,125.0,-145.0,3.0,99.5,0.0,0,False
2010,2010-02-24,True,False,ind,chi,110,120,18,36,28,28,0,37,21,37,25,0,home,8.5,205.0,330.0,-430.0,3.5,101.5,1.0,1,True
2010,2010-02-24,True,False,no,mil,95,115,28,27,17,23,0,31,30,28,26,0,home,6.0,194.5,195.0,-240.0,1.5,97.5,1.0,1,True
2010,2010-02-24,True,False,mem,wsh,99,94,27,19,23,30,0,23,25,20,26,0,away,1.0,198.5,-120.0,100.0,1.0,99.0,1.0,0,False
2010,2010-02-24,True,False,min,atl,92,98,21,21,24,26,0,23,27,28,20,0,home,11.5,202.0,700.0,-1000.0,4.0,100.0,0.0,0,True
2010,2010-02-24,True,False,orl,hou,110,92,23,37,25,25,0,18,22,34,18,0,away,4.0,205.0,-200.0,170.0,3.5,100.0,1.0,0,False
2010,2010-02-25,True,False,mil,ind,112,110,30,31,28,23,0,31,25,21,33,0,away,2.0,202.5,-130.0,110.0,1.0,101.0,2.0,1,False
2010,2010-02-25,True,False,cle,bos,108,88,21,27,25,35,0,31,25,18,14,0,away,2.5,192.0,-140.0,120.0,3.5,93.5,1.0,1,False
2010,2010-02-25,True,False,den,gs,127,112,29,36,33,29,0,21,35,31,25,0,away,6.0,226.5,-260.0,220.0,1.0,113.0,1.0,1,False
2010,2010-02-26,True,False,sa,hou,104,109,14,27,28,35,0,31,28,26,24,0,away,3.5,198.0,-155.0,135.0,5.5,99.0,0.0,1,True
2010,2010-02-26,True,False,phi,lal,90,99,25,26,18,21,0,24,26,24,25,0,home,11.0,198.5,575.0,-725.0,8.0,100.0,0.0,0,True
2010,2010-02-26,True,False,utah,sac,99,103,20,30,25,24,0,25,24,26,28,0,away,7.5,201.5,-330.0,280.0,4.5,101.0,0.0,1,True
2010,2010-02-26,True,False,det,den,102,107,29,20,26,27,0,22,31,24,30,0,home,9.0,204.0,400.0,-500.0,4.5,102.0,0.0,1,True
2010,2010-02-26,True,False,cha,mem,93,89,26,22,21,24,0,27,20,19,23,0,home,2.5,193.0,135.0,-155.0,2.5,94.5,0.0,0,False
2010,2010-02-26,True,False,lac,phx,112,125,28,31,27,26,0,36,27,33,29,0,home,9.5,209.5,425.0,-525.0,4.5,102.5,1.0,1,True
2010,2010-02-26,True,False,dal,atl,111,103,29,21,15,34,12,19,31,26,23,4,home,4.0,192.0,135.0,-155.0,3.0,93.0,0.0,1,False
2010,2010-02-26,True,False,min,okc,92,109,19,22,24,27,0,30,25,29,25,0,home,9.5,203.0,425.0,-525.0,1.5,100.0,1.0,0,True
2010,2010-02-26,True,False,orl,no,93,100,21,35,24,13,0,26,20,26,28,0,away,5.0,198.5,-200.0,170.0,0.5,98.0,0.0,0,True
2010,2010-02-26,True,False,ny,wsh,118,116,24,28,29,31,6,30,29,26,27,4,home,1.5,207.0,105.0,-125.0,2.0,103.0,0.0,1,False
2010,2010-02-26,True,False,cle,tor,126,118,33,27,26,25,15,30,30,22,29,7,away,5.5,206.5,-240.0,200.0,4.0,101.0,1.0,1,False
2010,2010-02-26,True,False,por,chi,111,115,22,29,28,24,8,30,22,28,23,12,home,3.0,192.0,140.0,-160.0,2.0,96.0,1.0,1,True
2010,2010-02-27,True,False,hou,utah,110,133,35,24,35,16,0,39,31,37,26,0,home,9.5,206.5,400.0,-600.0,2.0,102.0,1.0,1,True
2010,2010-02-27,True,False,por,min,110,91,25,22,36,27,0,23,10,24,34,0,away,4.5,196.0,-180.0,160.0,2.0,98.5,1.0,1,False
2010,2010-02-27,True,False,mem,ny,120,109,31,25,29,35,0,23,29,36,21,0,away,2.5,212.0,-140.0,120.0,0.0,105.0,1.0,1,False
2010,2010-02-27,True,False,det,gs,88,95,22,28,19,19,0,14,23,29,29,0,home,4.0,207.0,155.0,-175.0,5.0,101.5,1.0,0,True
2010,2010-02-27,True,False,mil,mia,94,71,26,24,25,19,0,18,27,12,14,0,home,2.0,181.0,115.0,-135.0,2.5,89.5,0.0,0,False
2010,2010-02-27,True,False,bkn,bos,104,96,29,20,25,30,0,27,15,22,32,0,home,10.5,190.0,500.0,-700.0,10.0,94.5,0.0,1,False
2010,2010-02-27,True,False,chi,ind,90,100,24,23,21,22,0,25,29,26,20,0,home,3.0,213.0,135.0,-155.0,1.0,105.5,1.0,0,True
2010,2010-02-28,True,False,phx,sa,110,113,25,27,24,34,0,21,28,28,36,0,home,4.0,206.0,160.0,-190.0,4.5,102.0,0.0,1,True
2010,2010-02-28,True,False,den,lal,89,95,29,23,18,19,0,21,22,24,28,0,home,6.0,209.0,240.0,-285.0,6.0,106.0,2.0,0,True
2010,2010-02-28,True,False,mil,atl,102,106,24,22,27,19,10,24,20,30,18,14,home,8.5,190.0,330.0,-420.0,7.0,95.0,0.0,1,True
2010,2010-02-28,True,False,wsh,bkn,89,85,24,20,25,20,0,31,19,18,17,0,away,1.0,193.0,-120.0,100.0,2.0,95.0,1.0,0,False
2010,2010-02-28,True,False,mia,orl,80,96,24,24,16,16,0,26,26,24,20,0,home,11.0,188.0,500.0,-700.0,5.5,94.5,1.0,0,True
2010,2010-02-28,True,False,tor,okc,99,119,24,23,20,32,0,34,27,30,28,0,home,9.0,206.0,375.0,-475.0,1.0,100.5,1.0,1,True
2010,2010-02-28,True,False,lac,sac,92,97,18,24,26,24,0,32,24,20,21,0,home,4.5,204.5,160.0,-190.0,2.5,100.0,1.0,0,True
2010,2010-02-28,True,False,no,dal,100,108,24,26,25,25,0,35,34,17,22,0,home,8.0,200.0,320.0,-400.0,1.5,99.5,2.0,1,True
2010,2010-03-01,True,False,utah,lac,104,108,19,24,27,34,0,29,24,29,26,0,away,6.5,202.0,-275.0,235.0,6.5,101.0,0.0,1,True
2010,2010-03-01,True,False,den,phx,85,101,33,11,23,18,0,24,33,27,17,0,home,2.5,221.0,115.0,-135.0,3.0,108.5,1.0,0,True
2010,2010-03-01,True,False,tor,hou,92,116,28,19,18,27,0,37,31,29,19,0,home,6.0,214.0,220.0,-260.0,2.5,104.0,1.0,0,True
2010,2010-03-01,True,False,por,mem,103,93,21,20,41,21,0,27,26,21,19,0,away,1.5,192.5,-125.0,105.0,3.5,96.0,1.0,1,False
2010,2010-03-01,True,False,ny,cle,93,124,26,22,11,34,0,38,36,27,23,0,home,11.0,213.0,500.0,-700.0,1.5,102.0,1.0,1,True
2010,2010-03-01,True,False,sa,no,106,92,31,27,22,26,0,24,23,26,19,0,away,3.0,195.0,-145.0,125.0,2.0,95.5,1.0,1,False
2010,2010-03-01,True,False,orl,phi,126,105,35,33,34,24,0,36,25,20,24,0,away,4.0,196.0,-175.0,155.0,0.0,95.0,1.0,1,False
2010,2010-03-01,True,False,dal,cha,89,84,24,19,23,23,0,28,25,15,16,0,home,3.0,190.0,135.0,-155.0,1.5,92.0,0.0,0,False
2010,2010-03-01,True,False,atl,chi,116,92,34,25,16,41,0,23,20,25,24,0,home,1.0,196.5,100.0,-120.0,4.0,97.0,0.0,1,False
2010,2010-03-02,True,False,bos,det,105,100,25,30,17,33,0,25,27,23,25,0,away,4.5,188.0,-225.0,185.0,2.0,91.0,1.0,1,False
2010,2010-03-02,True,False,gs,mia,106,110,34,20,24,28,0,33,23,30,24,0,home,10.5,200.5,500.0,-700.0,6.0,98.0,0.0,1,True
2010,2010-03-02,True,False,sac,okc,107,113,25,33,24,25,0,28,37,25,23,0,home,10.5,203.0,500.0,-700.0,4.0,97.5,0.0,1,True
2010,2010-03-02,True,False,ind,lal,99,122,28,26,17,28,0,27,33,38,24,0,home,11.5,211.0,675.0,-975.0,5.5,103.5,1.0,1,True
2010,2010-03-03,True,False,ind,por,79,102,26,15,21,17,0,32,21,26,23,0,home,9.0,204.0,330.0,-400.0,1.5,99.0,1.0,0,True
2010,2010-03-03,True,False,okc,den,90,119,25,27,12,26,0,32,29,31,27,0,home,7.5,207.0,245.0,-295.0,1.0,102.5,1.0,1,True
2010,2010-03-03,True,False,sac,hou,84,81,22,21,26,15,0,17,20,28,16,0,home,7.5,210.5,240.0,-290.0,7.0,102.5,0.0,0,False
2010,2010-03-03,True,False,min,dal,109,112,28,25,34,22,0,30,30,29,23,0,home,13.0,202.0,1200.0,-2000.0,5.5,101.0,0.0,1,True
2010,2010-03-03,True,False,mem,no,104,100,29,25,20,30,0,24,27,25,24,0,home,2.0,201.5,110.0,-130.0,2.5,100.0,0.0,1,False
2010,2010-03-03,True,False,cle,bkn,111,92,35,24,27,25,0,15,27,26,24,0,away,10.5,196.0,-550.0,450.0,1.0,96.0,1.0,1,False
2010,2010-03-03,True,False,det,ny,104,128,23,32,30,19,0,33,34,27,34,0,home,4.5,206.5,145.0,-165.0,1.5,103.0,1.0,1,True
2010,2010-03-03,True,False,cha,bos,80,104,21,24,16,19,0,31,23,28,22,0,home,4.5,190.0,190.0,-230.0,1.0,93.5,1.0,0,True
2010,2010-03-03,True,False,phi,atl,93,112,22,29,17,25,0,32,29,26,25,0,home,9.0,199.5,380.0,-460.0,2.0,100.0,1.0,1,True
2010,2010-03-03,True,False,gs,orl,90,117,22,23,27,18,0,32,32,30,23,0,home,15.0,215.0,1350.0,-2300.0,2.5,105.0,1.0,0,True
2010,2010-03-03,True,False,phx,lac,127,101,30,27,39,31,0,26,32,18,25,0,away,3.5,210.0,-155.0,135.0,3.5,106.0,1.0,1,False
2010,2010-03-03,True,False,wsh,mil,87,100,26,22,12,27,0,28,28,21,23,0,home,10.0,193.5,425.0,-525.0,3.5,95.5,1.0,0,True
2010,2010-03-04,True,False,utah,phx,116,108,24,25,26,41,0,34,23,29,22,0,home,1.5,213.0,110.0,-130.0,1.5,107.5,0.0,1,False
2010,2010-03-04,True,False,lal,mia,111,114,27,20,21,31,12,26,18,30,25,15,away,4.5,189.5,-200.0,170.0,1.5,92.0,0.0,1,True
2010,2010-03-04,True,False,mem,chi,105,96,19,26,31,29,0,32,19,29,16,0,home,5.0,205.0,180.0,-220.0,0.5,102.0,0.0,0,False
2010,2010-03-05,True,False,no,sa,91,102,19,26,24,22,0,29,25,20,28,0,home,8.0,197.0,320.0,-400.0,1.5,98.5,1.0,0,True
2010,2010-03-05,True,False,ind,den,114,122,28,28,26,32,0,38,26,33,25,0,home,11.0,221.0,600.0,-800.0,4.0,110.0,0.0,1,True
2010,2010-03-05,True,False,sac,dal,100,108,26,27,19,28,0,24,28,33,23,0,home,8.5,200.5,325.0,-450.0,6.0,98.5,0.0,1,True
2010,2010-03-05,True,False,orl,bkn,97,87,32,18,22,25,0,18,25,14,30,0,away,10.5,196.5,-700.0,500.0,4.0,97.5,0.0,0,False
2010,2010-03-05,True,False,gs,atl,122,127,35,28,25,34,0,35,28,29,35,0,home,13.0,213.0,1200.0,-2000.0,8.5,106.0,0.0,1,True
2010,2010-03-05,True,False,okc,lac,104,87,31,22,25,26,0,21,25,23,18,0,away,5.0,201.5,-230.0,190.0,0.5,99.0,1.0,0,False
2010,2010-03-05,True,False,ny,tor,96,102,24,28,25,19,0,31,22,25,24,0,home,6.5,221.0,250.0,-300.0,3.5,109.0,0.0,0,True
2010,2010-03-05,True,False,det,cle,92,99,31,24,15,22,0,22,24,22,31,0,home,12.0,198.5,750.0,-1200.0,12.0,100.5,0.0,0,True
2010,2010-03-05,True,False,lal,cha,83,98,26,17,20,20,0,23,26,26,23,0,away,4.0,189.0,-170.0,150.0,3.5,92.5,0.0,0,True
2010,2010-03-05,True,False,mil,wsh,102,74,28,23,30,21,0,19,17,19,19,0,away,4.0,192.5,-170.0,150.0,2.5,95.0,1.0,0,False
2010,2010-03-05,True,False,bos,phi,96,86,23,23,28,22,0,25,18,24,19,0,away,5.0,195.5,-225.0,185.0,2.5,95.0,1.0,0,False
2010,2010-03-06,True,False,ind,phx,105,113,28,29,29,19,0,29,34,30,20,0,home,13.0,221.5,885.0,-1350.0,6.5,108.5,0.0,0,True
2010,2010-03-06,True,False,lac,utah,85,107,32,18,22,13,0,26,25,32,24,0,home,14.5,206.5,1250.0,-2000.0,8.0,101.5,1.0,0,True
2010,2010-03-06,True,False,cle,mil,85,92,14,27,20,24,0,25,17,27,23,0,away,2.5,194.5,155.0,-175.0,2.5,93.5,0.0,0,True
2010,2010-03-06,True,False,sa,mem,102,92,22,36,20,24,0,28,20,24,20,0,home,1.5,198.0,-102.0,-118.0,3.5,97.0,0.0,0,False
2010,2010-03-06,True,False,hou,min,112,98,33,27,29,23,0,22,28,23,25,0,away,4.5,208.0,-185.0,160.0,1.0,104.0,1.0,1,False
2010,2010-03-06,True,False,bkn,ny,113,93,22,34,27,30,0,32,18,24,19,0,home,8.0,210.5,310.0,-370.0,7.0,104.0,0.0,0,False
2010,2010-03-06,True,False,atl,mia,94,100,27,29,21,17,0,22,30,25,23,0,home,2.0,189.5,110.0,-130.0,2.5,95.0,1.0,1,True
2010,2010-03-06,True,False,gs,cha,90,101,19,35,22,14,0,24,29,28,20,0,home,10.0,205.5,438.0,-575.0,7.5,101.0,1.0,0,True
2010,2010-03-06,True,False,dal,chi,122,116,30,36,28,28,0,26,29,25,36,0,home,1.5,199.5,-102.0,-118.0,4.0,99.5,0.0,1,False
2010,2010-03-07,True,False,okc,sac,108,102,26,31,24,27,0,25,27,27,23,0,away,3.5,201.0,-170.0,145.0,0.5,97.5,1.0,1,False
2010,2010-03-07,True,False,por,den,106,118,21,28,26,31,0,34,32,23,29,0,home,7.0,206.5,265.0,-335.0,1.5,104.0,1.0,1,True
2010,2010-03-07,True,False,wsh,bos,83,86,25,19,22,17,0,19,19,24,24,0,home,12.0,193.0,700.0,-1000.0,10.5,95.5,0.0,0,True
2010,2010-03-07,True,False,phi,tor,114,101,24,31,34,25,0,24,23,28,26,0,home,5.5,206.5,210.0,-260.0,5.5,102.5,0.0,1,False
2010,2010-03-07,True,False,lal,orl,94,96,24,24,16,30,0,31,21,22,22,0,home,2.5,196.5,105.0,-125.0,0.0,97.5,0.0,0,True
2010,2010-03-07,True,False,hou,det,107,110,20,35,31,16,5,29,28,25,20,8,away,1.5,198.5,-125.0,105.0,1.0,98.0,0.0,1,True
2010,2010-03-08,True,False,sa,cle,95,97,26,26,24,19,0,28,21,23,25,0,away,2.0,188.5,-130.0,110.0,0.5,92.5,0.0,1,True
2010,2010-03-08,True,False,atl,ny,98,99,27,19,24,28,0,27,17,32,23,0,away,7.0,211.0,-300.0,250.0,4.0,103.0,0.0,0,True
2010,2010-03-08,True,False,bkn,mem,101,107,27,24,26,24,0,32,35,14,26,0,home,7.5,197.0,280.0,-340.0,1.5,95.5,0.0,1,True
2010,2010-03-08,True,False,dal,min,125,112,34,37,26,28,0,27,34,23,28,0,away,6.5,207.5,-275.0,235.0,0.5,102.0,1.0,1,False
2010,2010-03-08,True,False,gs,no,131,135,25,37,33,36,0,36,31,33,35,0,home,6.0,217.0,210.0,-250.0,2.0,107.0,0.0,1,True
2010,2010-03-09,True,False,tor,lal,107,109,24,34,26,23,0,29,21,31,28,0,home,11.5,211.0,600.0,-900.0,11.0,105.5,0.0,1,True
2010,2010-03-09,True,False,sac,por,81,88,29,13,20,19,0,25,27,21,15,0,home,8.5,198.5,335.0,-420.0,2.0,94.5,0.0,0,True
2010,2010-03-09,True,False,utah,chi,132,108,35,28,29,40,0,30,31,20,27,0,away,5.0,206.5,-210.0,175.0,2.5,105.0,1.0,1,False
2010,2010-03-09,True,False,bos,mil,84,86,22,24,22,16,0,24,18,22,22,0,home,1.5,188.5,105.0,-125.0,2.0,91.5,1.0,0,True
2010,2010-03-09,True,False,phi,ind,96,107,29,23,15,29,0,24,30,22,31,0,away,1.0,206.5,-117.0,-103.0,0.5,101.5,0.0,0,True
2010,2010-03-09,True,False,lac,orl,87,113,21,20,27,19,0,31,36,24,22,0,home,12.5,199.5,775.0,-1200.0,0.0,98.0,1.0,1,True
2010,2010-03-09,True,False,hou,wsh,96,88,21,27,23,25,0,22,18,20,28,0,away,4.0,198.5,-180.0,158.0,1.0,96.5,1.0,0,False
2010,2010-03-09,True,False,mia,cha,78,83,30,18,18,12,0,20,19,23,21,0,home,4.0,182.5,150.0,-170.0,4.0,89.0,1.0,0,True
2010,2010-03-10,True,False,bkn,dal,87,96,33,14,15,25,0,19,20,31,26,0,home,11.0,203.5,600.0,-800.0,11.0,100.0,0.0,0,True
2010,2010-03-10,True,False,tor,sac,90,113,25,20,23,22,0,24,16,43,30,0,home,1.5,211.5,105.0,-125.0,2.0,103.0,1.0,0,True
2010,2010-03-10,True,False,ny,sa,87,97,22,17,21,27,0,31,20,16,30,0,home,9.5,208.5,400.0,-600.0,1.5,101.0,1.0,0,True
2010,2010-03-10,True,False,no,okc,83,98,26,19,17,21,0,29,25,26,18,0,home,7.5,202.5,280.0,-340.0,2.0,99.0,1.0,0,True
2010,2010-03-10,True,False,cha,phi,102,87,37,25,23,17,0,23,21,14,29,0,away,1.5,186.5,-125.0,105.0,4.5,92.0,1.0,1,False
2010,2010-03-10,True,False,mem,bos,111,91,27,28,27,29,0,12,21,30,28,0,home,5.5,195.0,190.0,-230.0,10.0,96.5,0.0,1,False
2010,2010-03-10,True,False,utah,det,115,104,28,35,24,28,0,29,14,31,30,0,away,6.0,200.5,-240.0,200.0,3.5,99.5,1.0,1,False
2010,2010-03-10,True,False,lac,mia,97,108,24,24,24,25,0,34,23,33,18,0,home,9.5,190.5,400.0,-600.0,2.5,94.5,1.0,1,True
2010,2010-03-10,True,False,den,min,110,102,20,28,31,31,0,23,30,19,30,0,away,8.0,216.5,-380.0,310.0,7.0,108.5,2.0,0,False
2010,2010-03-11,True,False,chi,orl,82,111,17,16,18,31,0,28,37,14,32,0,home,12.5,206.5,900.0,-1275.0,1.0,100.0,1.0,0,True
2010,2010-03-11,True,False,por,gs,110,105,28,30,25,27,0,28,32,36,9,0,away,6.0,215.5,-245.0,205.0,5.5,108.0,0.0,0,False
2010,2010-03-11,True,False,atl,wsh,105,99,27,27,25,26,0,22,29,22,26,0,away,7.5,193.0,-285.0,243.0,3.5,96.0,0.0,1,False
2010,2010-03-12,True,False,lal,phx,102,96,24,29,24,25,0,31,15,27,23,0,away,2.0,212.5,-140.0,120.0,1.5,104.5,1.0,0,False
2010,2010-03-12,True,False,utah,mil,87,95,22,18,23,24,0,25,23,23,24,0,home,1.0,197.5,-103.0,-117.0,2.0,101.0,1.0,0,True
2010,2010-03-12,True,False,sa,min,103,85,22,29,22,30,0,21,22,15,27,0,away,7.0,202.0,-300.0,250.0,1.5,99.5,1.0,0,False
2010,2010-03-12,True,False,den,no,102,95,29,22,22,29,0,29,23,23,20,0,away,6.0,210.5,-230.0,190.0,4.0,105.5,1.0,0,False
2010,2010-03-12,True,False,wsh,det,87,101,23,17,23,24,0,27,29,21,24,0,home,6.5,191.5,250.0,-300.0,1.5,95.0,1.0,0,True
2010,2010-03-12,True,False,por,sac,110,94,31,30,26,23,0,24,22,20,28,0,away,1.5,194.5,-130.0,110.0,3.5,97.0,1.0,1,False
2010,2010-03-12,True,False,ny,mem,112,119,24,18,31,39,0,32,31,31,25,0,home,7.0,213.0,250.0,-300.0,2.5,103.5,2.0,1,True
2010,2010-03-12,True,False,chi,mia,95,108,22,27,18,28,0,28,22,29,29,0,home,11.5,190.5,700.0,-1100.0,7.5,94.5,1.0,1,True
2010,2010-03-12,True,False,ind,bos,103,122,23,24,31,25,0,29,38,31,24,0,home,9.0,204.5,400.0,-500.0,0.5,100.0,1.0,1,True
2010,2010-03-12,True,False,cle,phi,100,95,36,25,17,22,0,34,23,22,16,0,away,7.5,198.5,-330.0,270.0,3.0,96.5,0.0,0,False
2010,2010-03-12,True,False,lac,cha,98,106,23,22,23,30,0,31,30,19,26,0,home,10.0,188.5,450.0,-600.0,0.0,91.5,0.0,1,True
2010,2010-03-12,True,False,bkn,okc,102,104,20,29,22,31,0,31,28,23,22,0,home,11.0,194.0,550.0,-800.0,3.0,94.5,0.0,1,True
2010,2010-03-13,True,False,tor,gs,112,124,35,25,25,27,0,25,31,41,27,0,away,2.0,232.0,-135.0,115.0,0.0,115.0,0.0,1,True
2010,2010-03-13,True,False,bkn,hou,108,116,31,24,23,30,0,31,23,28,34,0,home,9.5,202.0,475.0,-625.0,7.0,99.0,0.0,1,True
2010,2010-03-13,True,False,lac,sa,88,118,18,30,20,20,0,32,33,25,28,0,home,11.5,195.0,650.0,-900.0,2.0,96.5,1.0,1,True
2010,2010-03-13,True,False,ny,dal,128,94,30,28,33,37,0,25,23,18,28,0,home,10.5,213.0,550.0,-750.0,12.0,106.0,0.0,1,False
2010,2010-03-13,True,False,det,atl,99,112,12,29,36,22,0,30,39,23,20,0,home,12.0,197.0,800.0,-1200.0,2.0,97.0,1.0,1,True
2010,2010-03-13,True,False,orl,wsh,109,95,20,41,27,21,0,33,22,21,19,0,away,11.5,194.5,-1300.0,850.0,5.0,98.0,1.0,1,False
2010,2010-03-13,True,False,den,mem,125,108,24,33,28,40,0,33,30,22,23,0,away,1.5,213.0,-125.0,105.0,2.5,106.0,1.0,1,False
2010,2010-03-14,True,False,ind,mil,94,98,19,22,21,32,0,23,26,27,22,0,home,10.0,204.0,400.0,-600.0,2.5,100.0,0.0,0,True
2010,2010-03-14,True,False,bos,cle,93,104,18,30,24,21,0,24,30,26,24,0,home,7.0,193.0,245.0,-305.0,2.0,93.0,1.0,1,True
2010,2010-03-14,True,False,phi,mia,91,104,21,28,24,18,0,31,26,21,26,0,home,6.0,191.5,230.0,-280.0,1.0,95.0,1.0,1,True
2010,2010-03-14,True,False,cha,orl,96,89,26,25,21,24,0,25,28,15,21,0,home,8.5,189.5,350.0,-475.0,5.0,93.5,0.0,0,False
2010,2010-03-14,True,False,utah,okc,111,119,26,23,30,32,0,29,30,31,29,0,home,3.0,204.5,140.0,-160.0,2.0,102.5,1.0,1,True
2010,2010-03-14,True,False,no,phx,106,120,22,27,22,35,0,34,21,28,37,0,home,10.0,215.5,400.0,-575.0,4.0,106.0,1.0,1,True
2010,2010-03-14,True,False,min,sac,100,114,28,21,12,39,0,32,32,30,20,0,home,8.0,210.5,315.0,-415.0,0.5,103.0,1.0,1,True
2010,2010-03-14,True,False,tor,por,98,109,30,19,29,20,0,32,28,25,24,0,home,8.5,203.0,325.0,-450.0,1.0,100.5,1.0,1,True
2010,2010-03-15,True,False,no,lac,108,100,26,20,31,31,0,23,27,28,22,0,home,3.0,204.5,130.0,-150.0,0.0,100.0,0.0,1,False
2010,2010-03-15,True,False,lal,gs,124,121,39,20,35,30,0,32,33,22,34,0,away,8.5,224.5,-450.0,325.0,9.0,110.5,0.0,1,False
2010,2010-03-15,True,False,wsh,utah,89,112,25,20,15,29,0,25,34,31,22,0,home,11.0,204.5,600.0,-800.0,2.0,101.0,1.0,0,True
2010,2010-03-15,True,False,den,hou,123,125,29,28,38,28,0,38,30,25,32,0,away,2.5,216.5,-140.0,120.0,4.5,110.0,0.0,1,True
2010,2010-03-15,True,False,det,bos,93,119,15,20,35,23,0,31,33,25,30,0,home,9.0,195.0,350.0,-500.0,2.5,95.5,1.0,1,True
2010,2010-03-15,True,False,ny,phi,94,84,26,18,29,21,0,25,30,14,15,0,home,2.5,209.5,120.0,-140.0,2.0,100.5,0.0,0,False
2010,2010-03-16,True,False,cha,ind,94,99,24,19,24,27,0,20,32,26,21,0,away,3.5,197.5,-155.0,135.0,3.5,95.0,0.0,0,True
2010,2010-03-16,True,False,sa,mia,88,76,29,26,16,17,0,14,23,17,22,0,home,2.5,186.5,120.0,-140.0,5.5,91.0,0.0,0,False
2010,2010-03-16,True,False,cle,det,113,101,28,26,21,38,0,28,28,20,25,0,away,10.5,198.5,-800.0,600.0,8.0,95.5,1.0,1,False
2010,2010-03-16,True,False,atl,bkn,108,84,22,33,23,30,0,22,17,19,26,0,away,7.0,194.5,-300.0,250.0,1.5,94.5,1.0,0,False
2010,2010-03-16,True,False,chi,mem,97,104,26,18,23,30,0,25,30,30,19,0,home,11.0,207.0,550.0,-750.0,3.0,102.0,0.0,0,True
2010,2010-03-16,True,False,wsh,den,87,97,24,21,18,24,0,18,21,26,32,0,home,14.5,212.0,1500.0,-3000.0,13.0,104.0,0.0,0,True
2010,2010-03-16,True,False,min,phx,114,152,33,28,27,26,0,38,41,35,38,0,home,12.5,225.5,750.0,-1100.0,1.5,109.5,1.0,1,True
2010,2010-03-16,True,False,lal,sac,106,99,28,21,28,29,0,17,31,20,31,0,away,6.0,206.0,-250.0,210.0,4.0,100.5,1.0,0,False
2010,2010-03-17,True,False,mil,lac,93,101,27,16,31,19,0,27,25,20,29,0,away,5.0,193.5,-230.0,190.0,5.0,96.5,0.0,1,True
2010,2010-03-17,True,False,no,gs,121,131,34,35,27,25,0,30,26,32,43,0,home,2.5,227.5,140.0,-165.0,5.0,113.0,1.0,1,True
2010,2010-03-17,True,False,chi,dal,106,113,20,24,28,34,0,32,32,24,25,0,home,14.0,208.0,1300.0,-2600.0,2.5,103.0,0.0,1,True
2010,2010-03-17,True,False,mem,hou,94,107,29,26,18,21,0,22,31,29,25,0,home,6.0,212.5,175.0,-210.0,5.0,105.0,1.0,0,True
2010,2010-03-17,True,False,sa,orl,84,110,24,18,16,26,0,29,23,28,30,0,home,7.0,193.0,260.0,-320.0,1.5,95.0,1.0,1,True
2010,2010-03-17,True,False,min,utah,100,122,26,17,30,27,0,26,26,35,35,0,home,15.0,220.0,1500.0,-2800.0,6.0,108.0,1.0,1,True
2010,2010-03-17,True,False,okc,cha,92,100,26,25,19,22,0,15,28,30,27,0,away,1.5,187.5,-125.0,105.0,2.0,91.0,0.0,1,True
2010,2010-03-17,True,False,ind,cle,94,99,25,23,17,29,0,30,20,31,18,0,home,14.5,208.5,1500.0,-2800.0,9.5,100.0,0.0,0,True
2010,2010-03-17,True,False,atl,tor,105,106,25,31,30,19,0,30,29,16,31,0,home,3.0,208.5,125.0,-145.0,0.5,103.0,0.0,1,True
2010,2010-03-17,True,False,bkn,phi,97,108,22,27,19,29,0,32,28,21,27,0,home,7.0,191.5,250.0,-310.0,0.5,93.5,1.0,1,True
2010,2010-03-17,True,False,ny,bos,97,109,19,30,22,26,0,32,36,24,17,0,home,9.0,208.0,400.0,-525.0,0.5,103.0,1.0,0,True
2010,2010-03-18,True,False,orl,mia,108,102,29,25,22,19,13,25,29,17,24,7,away,2.0,189.5,-145.0,125.0,1.5,94.0,1.0,1,False
2010,2010-03-18,True,False,no,den,80,93,17,20,24,19,0,27,35,15,16,0,home,14.0,218.0,1450.0,-2500.0,1.5,107.0,0.0,0,True
2010,2010-03-19,True,False,min,lal,96,104,20,29,19,28,0,31,28,19,26,0,home,15.0,215.5,1500.0,-3000.0,5.0,106.5,0.0,0,True
2010,2010-03-19,True,False,mil,sac,114,108,29,20,17,29,19,21,27,25,22,13,away,4.0,194.5,-175.0,155.0,3.0,95.5,1.0,1,False
2010,2010-03-19,True,False,wsh,por,74,76,18,12,21,23,0,23,19,13,21,0,home,12.5,190.5,750.0,-1100.0,3.5,93.5,0.0,0,True
2010,2010-03-19,True,False,utah,phx,100,110,22,15,30,33,0,32,20,29,29,0,home,5.5,223.0,195.0,-235.0,2.5,110.5,1.0,0,True
2010,2010-03-19,True,False,gs,sa,116,147,28,33,29,26,0,41,36,44,26,0,home,12.0,219.5,750.0,-1100.0,3.0,108.5,1.0,1,True
2010,2010-03-19,True,False,phi,ny,88,92,26,24,14,24,0,15,33,15,29,0,home,1.5,207.5,105.0,-125.0,0.0,103.0,1.0,0,True
2010,2010-03-19,True,False,cle,chi,92,85,29,25,15,23,0,28,18,19,20,0,away,10.0,206.0,-700.0,500.0,3.5,101.0,0.0,0,False
2010,2010-03-19,True,False,cha,atl,92,93,26,18,25,15,8,20,26,18,20,9,home,6.0,190.5,220.0,-260.0,3.5,94.0,0.0,0,True
2010,2010-03-19,True,False,okc,tor,115,89,39,32,26,18,0,25,19,21,24,0,home,0.0,209.0,-120.0,100.0,6.0,101.5,0.0,0,False
2010,2010-03-19,True,False,det,ind,102,106,18,23,29,32,0,33,29,25,19,0,home,2.5,203.0,120.0,-140.0,4.0,99.0,1.0,1,True
2010,2010-03-19,True,False,bos,hou,94,87,28,22,22,22,0,24,17,21,25,0,away,1.5,202.5,-125.0,105.0,2.5,99.5,1.0,0,False
2010,2010-03-20,True,False,no,utah,86,106,22,16,19,29,0,30,33,28,15,0,home,9.5,210.0,415.0,-525.0,0.5,102.0,1.0,0,True
2010,2010-03-20,True,False,mil,den,102,97,27,26,23,26,0,31,23,22,21,0,home,10.0,203.0,500.0,-700.0,7.0,101.5,0.0,0,False
2010,2010-03-20,True,False,gs,mem,107,123,31,33,26,17,0,30,39,38,16,0,home,9.5,234.5,425.0,-550.0,4.0,117.0,1.0,0,True
2010,2010-03-20,True,False,bos,dal,102,93,30,18,25,29,0,24,23,25,21,0,home,4.0,199.0,160.0,-185.0,3.5,98.0,0.0,0,False
2010,2010-03-20,True,False,tor,bkn,100,90,29,19,32,20,0,29,22,19,20,0,away,4.0,207.5,-185.0,160.0,4.0,103.0,1.0,0,False
2010,2010-03-20,True,False,cha,mia,71,77,21,24,11,15,0,20,27,14,16,0,home,6.0,180.5,240.0,-280.0,3.5,89.0,2.0,0,True
2010,2010-03-20,True,False,chi,phi,98,84,21,31,25,21,0,17,23,22,22,0,home,4.5,199.5,170.0,-200.0,6.0,98.0,0.0,0,False
2010,2010-03-21,True,False,hou,ny,116,112,17,45,30,24,0,32,32,30,18,0,away,3.5,211.0,-160.0,140.0,3.0,104.0,1.0,1,False
2010,2010-03-21,True,False,okc,ind,101,121,25,23,26,27,0,32,27,34,28,0,away,5.0,206.5,-210.0,175.0,5.0,100.0,0.0,1,True
2010,2010-03-21,True,False,sac,lac,102,89,32,24,25,21,0,19,28,22,20,0,home,4.5,203.5,165.0,-190.0,5.0,99.5,0.0,0,False
2010,2010-03-21,True,False,sa,atl,114,119,33,18,27,27,9,22,31,28,24,14,home,3.5,193.5,135.0,-155.0,2.0,94.5,1.0,1,True
2010,2010-03-21,True,False,det,cle,79,104,20,21,18,20,0,28,25,28,23,0,home,11.5,201.0,850.0,-1200.0,3.0,96.0,1.0,0,True
2010,2010-03-21,True,False,wsh,lal,92,99,19,14,27,32,0,24,35,23,17,0,home,12.0,193.5,800.0,-1250.0,0.5,94.0,0.0,0,True
2010,2010-03-21,True,False,por,phx,87,93,26,21,21,19,0,21,26,17,29,0,home,6.0,207.5,225.0,-265.0,4.5,104.0,2.0,0,True
2010,2010-03-22,True,False,mia,bkn,99,89,25,27,27,20,0,32,21,14,22,0,away,7.0,188.0,-320.0,260.0,5.5,91.5,1.0,2,False
2010,2010-03-22,True,False,phx,gs,133,131,33,32,34,34,0,31,31,36,33,0,away,5.0,243.0,-215.0,175.0,2.0,120.0,0.0,1,False
2010,2010-03-22,True,False,mem,sac,102,85,30,21,24,27,0,28,24,18,15,0,away,1.5,207.0,-135.0,115.0,1.0,103.0,1.0,0,False
2010,2010-03-22,True,False,bos,utah,97,110,26,28,19,24,0,21,28,33,28,0,home,4.0,199.5,165.0,-195.0,3.5,98.0,1.0,1,True
2010,2010-03-22,True,False,dal,no,99,115,32,13,25,29,0,19,33,30,33,0,away,4.5,202.5,-195.0,165.0,4.0,99.5,0.0,1,True
2010,2010-03-22,True,False,orl,phi,109,93,27,29,26,27,0,23,24,25,21,0,away,8.5,196.0,-415.0,315.0,1.5,94.0,1.0,1,False
2010,2010-03-22,True,False,sa,okc,99,96,25,31,25,18,0,34,25,17,20,0,home,5.0,195.0,170.0,-210.0,2.5,95.5,0.0,2,False
2010,2010-03-22,True,False,atl,mil,95,98,20,34,20,21,0,23,22,22,31,0,home,6.0,190.5,200.0,-250.0,6.0,93.5,0.0,1,True
2010,2010-03-22,True,False,tor,min,106,100,21,25,32,28,0,22,23,23,32,0,away,4.5,217.5,-190.0,160.0,3.0,106.0,1.0,0,False
2010,2010-03-22,True,False,hou,chi,88,98,29,24,13,22,0,30,18,24,26,0,home,2.5,209.0,120.0,-140.0,3.0,101.5,1.0,0,True
2010,2010-03-23,True,False,ind,det,98,83,29,23,25,21,0,18,31,17,17,0,home,4.0,208.0,160.0,-190.0,4.0,101.0,0.0,0,False
2010,2010-03-23,True,False,lac,dal,96,106,24,24,29,19,0,32,30,14,30,0,home,10.0,207.0,450.0,-600.0,2.0,103.5,2.0,0,True
2010,2010-03-23,True,False,den,ny,104,109,27,26,21,30,0,26,23,34,26,0,away,7.0,220.5,-310.0,250.0,3.0,109.0,0.0,0,True
2010,2010-03-23,True,False,cha,wsh,95,86,27,11,26,18,13,23,21,21,17,4,away,6.5,182.0,-285.0,235.0,6.0,90.0,1.0,0,False
2010,2010-03-24,True,False,cle,no,105,92,26,26,35,18,0,21,27,23,21,0,away,5.5,200.0,-250.0,210.0,1.0,96.0,1.0,0,False
2010,2010-03-24,True,False,min,cha,95,108,33,12,31,19,0,30,25,30,23,0,home,9.0,195.5,375.0,-525.0,2.5,96.5,1.0,1,True
2010,2010-03-24,True,False,utah,tor,113,87,33,28,26,26,0,17,26,24,20,0,away,3.5,213.0,-165.0,145.0,4.5,106.5,1.0,0,False
2010,2010-03-24,True,False,den,bos,99,113,27,24,29,19,0,30,31,26,26,0,home,4.5,205.5,170.0,-200.0,1.5,103.0,1.0,1,True
2010,2010-03-24,True,False,orl,atl,84,86,22,20,20,22,0,16,30,22,18,0,home,1.0,200.0,100.0,-120.0,1.0,98.5,1.0,0,True
2010,2010-03-24,True,False,wsh,ind,82,99,25,17,16,24,0,29,20,25,25,0,home,9.0,199.5,390.0,-470.0,2.5,96.0,1.0,0,True
2010,2010-03-24,True,False,sac,bkn,79,93,23,18,18,20,0,24,21,23,25,0,away,1.5,197.5,-125.0,105.0,1.5,94.5,0.0,0,True
2010,2010-03-24,True,False,hou,okc,104,122,25,32,25,22,0,39,35,27,21,0,home,8.0,205.5,330.0,-400.0,2.5,99.5,1.0,1,True
2010,2010-03-24,True,False,phi,mil,101,86,28,30,23,20,0,23,22,18,23,0,home,10.0,190.5,445.0,-625.0,9.0,95.0,0.0,0,False
2010,2010-03-24,True,False,lal,sa,92,83,22,19,30,21,0,25,23,18,17,0,home,2.0,198.0,115.0,-135.0,2.0,98.0,0.0,0,False
2010,2010-03-24,True,False,mem,gs,110,128,23,33,30,24,0,34,44,25,25,0,away,1.5,233.5,-125.0,105.0,6.0,115.5,0.0,1,True
2010,2010-03-25,True,False,mia,chi,103,74,31,32,23,17,0,19,14,16,25,0,home,2.0,190.0,110.0,-130.0,6.5,93.0,0.0,0,False
2010,2010-03-25,True,False,lac,hou,99,93,19,25,25,30,0,28,15,27,23,0,home,4.5,207.5,175.0,-215.0,4.0,100.5,0.0,0,False
2010,2010-03-25,True,False,dal,por,89,101,27,27,21,14,0,32,28,20,21,0,home,3.5,192.0,145.0,-165.0,0.0,95.5,1.0,0,True
2010,2010-03-26,True,False,det,bkn,110,118,30,23,24,33,0,24,23,33,38,0,home,1.5,193.5,106.0,-117.0,2.5,95.0,1.0,1,True
2010,2010-03-26,True,False,lal,okc,75,91,15,19,13,28,0,27,26,27,11,0,away,1.0,200.0,-101.0,-109.0,4.5,97.0,0.0,0,True
2010,2010-03-26,True,False,ny,phx,96,132,29,19,22,26,0,34,30,32,36,0,home,10.5,225.0,550.0,-750.0,2.0,108.5,1.0,1,True
2010,2010-03-26,True,False,cle,sa,97,102,20,30,20,27,0,22,23,24,33,0,away,1.0,194.5,102.0,-113.0,1.5,95.0,0.0,1,True
2010,2010-03-26,True,False,sac,bos,86,94,17,20,24,25,0,32,25,17,20,0,home,11.0,196.0,650.0,-900.0,0.5,95.0,0.0,0,True
2010,2010-03-26,True,False,mia,mil,87,74,28,20,21,18,0,20,15,20,19,0,home,2.5,182.5,120.0,-140.0,5.0,90.0,0.0,0,False
2010,2010-03-26,True,False,atl,phi,98,105,27,24,24,23,0,26,23,31,25,0,away,5.5,193.5,-230.0,190.0,3.0,95.5,0.0,1,True
2010,2010-03-26,True,False,den,tor,97,96,26,30,16,25,0,19,33,29,15,0,away,0.5,216.0,-270.0,230.0,2.0,106.0,1.0,0,False
2010,2010-03-26,True,False,wsh,cha,96,107,25,20,26,25,0,29,25,31,22,0,home,10.0,181.0,450.0,-600.0,2.5,90.0,1.0,1,True
2010,2010-03-26,True,False,utah,ind,106,122,29,32,22,23,0,28,26,33,35,0,away,5.5,211.5,-240.0,200.0,1.0,106.0,0.0,1,True
2010,2010-03-26,True,False,min,orl,97,106,29,25,19,24,0,27,32,23,24,0,home,15.5,210.5,2000.0,-4750.0,8.5,104.0,0.0,0,True
2010,2010-03-27,True,False,utah,wsh,103,87,23,27,30,23,0,21,22,22,22,0,away,9.5,199.0,-500.0,400.0,3.0,101.5,1.0,0,False
2010,2010-03-27,True,False,por,no,112,101,28,29,33,22,0,23,18,27,33,0,away,3.5,193.0,-155.0,135.0,3.0,96.5,1.0,1,False
2010,2010-03-27,True,False,bkn,chi,83,106,23,14,19,27,0,28,25,29,24,0,home,9.0,197.5,430.0,-550.0,0.5,97.0,1.0,0,True
2010,2010-03-27,True,False,lal,hou,109,101,27,35,27,20,0,34,11,24,32,0,away,6.0,199.5,-265.0,225.0,1.5,97.0,1.0,1,False
2010,2010-03-27,True,False,dal,gs,111,90,31,36,24,20,0,27,14,21,28,0,away,3.0,234.5,-150.0,130.0,5.0,116.0,1.0,0,False
2010,2010-03-28,True,False,gs,lac,121,103,29,40,26,26,0,36,14,33,20,0,home,5.5,228.5,200.0,-240.0,7.0,114.5,0.0,0,False
2010,2010-03-28,True,False,sa,bos,94,73,19,25,33,17,0,23,20,17,13,0,home,3.0,192.5,135.0,-155.0,3.0,95.5,0.0,0,False
2010,2010-03-28,True,False,phx,min,111,105,26,40,17,28,0,25,19,31,30,0,away,9.0,223.5,-500.0,400.0,1.0,110.0,0.0,0,False
2010,2010-03-28,True,False,por,okc,92,87,30,20,24,18,0,21,28,22,16,0,home,4.0,190.0,150.0,-170.0,3.5,94.0,0.0,0,False
2010,2010-03-28,True,False,den,orl,97,103,24,27,26,20,0,22,30,25,26,0,home,6.0,208.5,225.0,-265.0,3.5,103.5,2.0,0,True
2010,2010-03-28,True,False,sac,cle,90,97,21,31,24,14,0,30,28,20,19,0,home,14.0,195.0,1315.0,-2200.0,7.0,102.0,0.0,0,True
2010,2010-03-28,True,False,tor,mia,94,97,23,26,28,17,0,26,17,24,30,0,home,7.0,194.5,235.0,-275.0,7.5,95.5,0.0,0,True
2010,2010-03-28,True,False,ind,atl,84,94,31,19,13,21,0,26,22,24,22,0,home,8.5,207.5,340.0,-425.0,6.0,102.0,1.0,0,True
2010,2010-03-28,True,False,mem,mil,103,108,23,21,29,21,9,24,22,24,24,14,home,4.0,195.0,155.0,-175.0,2.0,96.5,1.0,1,True
2010,2010-03-28,True,False,chi,det,110,103,28,34,22,26,0,22,22,32,27,0,home,2.5,197.0,120.0,-140.0,5.0,96.5,0.0,1,False
2010,2010-03-29,True,False,ny,utah,98,103,30,30,27,11,0,44,20,23,16,0,home,11.0,213.5,575.0,-850.0,6.0,108.0,0.0,0,True
2010,2010-03-29,True,False,den,dal,93,109,23,23,23,24,0,31,24,24,30,0,home,5.5,211.0,200.0,-240.0,0.0,104.5,1.0,0,True
2010,2010-03-29,True,False,sa,bkn,84,90,33,13,20,18,0,27,16,19,28,0,away,8.0,193.0,-380.0,315.0,3.5,92.0,0.0,0,True
2010,2010-03-29,True,False,tor,cha,103,101,18,25,29,31,0,18,29,31,23,0,home,8.0,195.5,275.0,-335.0,4.5,95.5,0.0,1,False
2010,2010-03-29,True,False,lal,no,100,108,22,20,21,37,0,27,23,27,31,0,away,6.0,201.5,-260.0,220.0,6.0,99.0,0.0,1,True
2010,2010-03-30,True,False,sac,ind,95,102,30,26,14,25,0,24,23,26,29,0,home,7.0,207.5,250.0,-300.0,6.0,100.5,2.0,0,True
2010,2010-03-30,True,False,okc,phi,111,93,33,23,28,27,0,23,22,29,19,0,away,6.5,196.0,-270.0,230.0,0.5,95.0,1.0,1,False
2010,2010-03-30,True,False,lac,mil,89,107,19,25,24,21,0,26,33,23,25,0,home,11.0,191.5,600.0,-800.0,1.0,94.5,1.0,1,True
2010,2010-03-30,True,False,phx,chi,111,105,36,21,24,30,0,25,35,24,21,0,away,3.0,213.5,-150.0,130.0,2.0,106.0,1.0,1,False
2010,2010-03-30,True,False,wsh,hou,94,98,30,23,14,27,0,27,21,17,33,0,home,7.5,195.5,260.0,-320.0,7.0,95.5,0.0,0,True
2010,2010-03-31,True,False,ny,por,90,118,20,18,27,25,0,31,34,30,23,0,home,11.0,200.5,525.0,-750.0,2.0,97.0,1.0,1,True
2010,2010-03-31,True,False,gs,utah,104,128,26,23,29,26,0,40,36,30,22,0,home,12.0,232.5,900.0,-1350.0,2.5,112.5,1.0,0,True
2010,2010-03-31,True,False,hou,sa,102,119,27,32,19,24,0,34,30,28,27,0,home,11.5,199.0,550.0,-800.0,5.5,97.5,1.0,1,True
2010,2010-03-31,True,False,dal,mem,106,102,22,28,17,23,16,27,23,23,17,12,away,1.5,203.5,-118.0,-102.0,1.0,99.5,1.0,1,False
2010,2010-03-31,True,False,sac,min,99,108,31,13,26,29,0,31,22,34,21,0,home,2.5,207.0,120.0,-140.0,1.5,101.5,1.0,2,True
2010,2010-03-31,True,False,wsh,no,96,91,23,20,27,26,0,19,20,20,32,0,home,9.5,198.0,425.0,-550.0,8.0,97.5,0.0,0,False
2010,2010-03-31,True,False,lac,tor,92,114,28,25,22,17,0,31,17,33,33,0,home,10.0,205.5,500.0,-700.0,9.0,100.0,1.0,1,True
2010,2010-03-31,True,False,phx,bkn,116,105,23,27,38,28,0,23,30,23,29,0,away,7.0,211.0,-310.0,255.0,6.0,103.5,1.0,1,False
2010,2010-03-31,True,False,okc,bos,109,104,30,27,26,26,0,23,38,22,21,0,home,3.0,192.5,140.0,-160.0,0.5,95.5,0.0,1,False
2010,2010-03-31,True,False,lal,atl,92,109,25,20,19,28,0,29,26,25,29,0,home,1.5,195.0,100.0,-120.0,3.0,96.0,1.0,1,True
2010,2010-03-31,True,False,mil,cle,98,101,30,20,21,27,0,29,23,25,24,0,home,9.5,189.5,425.0,-550.0,6.0,92.5,0.0,1,True
2010,2010-03-31,True,False,phi,cha,84,103,18,24,17,25,0,24,28,25,26,0,home,10.5,189.5,500.0,-700.0,3.0,93.0,1.0,0,True
2010,2010-03-31,True,False,mia,det,98,81,23,31,21,23,0,25,20,17,19,0,away,6.5,186.5,-275.0,235.0,0.5,91.0,1.0,0,False
2010,2010-04-01,True,False,por,den,92,109,24,31,21,16,0,27,29,31,22,0,home,5.5,200.0,175.0,-210.0,3.5,99.5,1.0,1,True
2010,2010-04-01,True,False,orl,dal,97,82,18,25,29,25,0,16,20,20,26,0,away,2.5,197.5,-140.0,120.0,1.0,97.0,1.0,0,False
2010,2010-04-02,True,False,mia,ind,105,96,23,16,31,19,16,22,27,18,22,7,home,1.0,192.5,-103.0,-117.0,3.0,94.0,0.0,1,False
2010,2010-04-02,True,False,mil,cha,86,87,19,26,20,15,6,17,27,21,15,7,home,3.5,182.5,145.0,-165.0,3.0,91.0,0.0,0,True
2010,2010-04-02,True,False,chi,wsh,95,87,30,23,23,19,0,25,25,25,12,0,away,5.5,191.0,-230.0,190.0,2.5,94.5,1.0,0,False
2010,2010-04-02,True,False,hou,bos,119,114,32,25,30,22,10,30,23,30,26,5,home,11.0,202.5,550.0,-800.0,9.0,98.5,0.0,1,False
2010,2010-04-02,True,False,no,mem,96,107,20,26,25,25,0,25,36,25,21,0,home,3.5,205.5,145.0,-165.0,2.5,99.0,1.0,0,True
2010,2010-04-02,True,False,phx,det,109,94,26,30,29,24,0,23,27,23,21,0,away,9.0,210.0,-500.0,400.0,3.5,104.5,1.0,0,False
2010,2010-04-02,True,False,atl,cle,88,93,23,23,20,22,0,23,26,20,24,0,home,5.5,197.0,180.0,-220.0,2.5,96.5,0.0,0,True
2010,2010-04-02,True,False,orl,sa,100,112,27,29,22,22,0,29,25,33,25,0,home,3.0,193.5,135.0,-155.0,3.0,95.5,1.0,1,True
2010,2010-04-02,True,False,ny,gs,117,128,32,19,38,28,0,34,31,32,31,0,home,5.0,237.0,165.0,-190.0,2.0,116.0,1.0,1,True
2010,2010-04-02,True,False,utah,lal,92,106,16,29,22,25,0,33,21,21,31,0,home,5.0,203.5,170.0,-200.0,0.5,102.0,1.0,0,True
2010,2010-04-03,True,False,por,sac,98,87,32,16,24,26,0,25,24,20,18,0,away,7.5,191.5,-355.0,295.0,5.5,94.0,1.0,0,False
2010,2010-04-03,True,False,lac,den,90,98,34,21,16,19,0,25,22,29,22,0,home,13.5,210.5,1375.0,-2400.0,13.0,104.5,0.0,0,True
2010,2010-04-03,True,False,phx,mil,98,107,18,16,28,36,0,22,36,23,26,0,home,2.0,205.0,120.0,-140.0,5.5,100.0,1.0,2,True
2010,2010-04-03,True,False,okc,dal,121,116,35,32,27,27,0,37,22,26,31,0,home,3.0,200.5,135.0,-155.0,4.5,100.5,0.0,1,False
2010,2010-04-03,True,False,det,atl,85,91,21,24,29,11,0,23,31,20,17,0,home,13.0,194.5,1000.0,-1500.0,5.0,96.0,0.0,0,True
2010,2010-04-03,True,False,mia,min,97,84,25,28,20,24,0,27,17,14,26,0,away,7.0,191.5,-300.0,250.0,1.0,95.0,1.0,0,False
2010,2010-04-03,True,False,no,bkn,87,115,24,23,24,16,0,30,29,25,31,0,away,3.0,204.0,-155.0,135.0,5.0,100.0,0.0,0,True
2010,2010-04-03,True,False,tor,phi,128,123,26,37,36,15,14,24,36,27,27,9,away,5.0,205.5,-200.0,170.0,2.5,103.0,2.0,1,False
2010,2010-04-03,True,False,cha,chi,88,96,24,17,22,25,0,29,21,20,26,0,home,4.5,185.5,170.0,-200.0,0.5,91.0,1.0,0,True
2010,2010-04-04,True,False,bkn,wsh,99,109,22,26,23,28,0,29,26,25,29,0,home,3.5,189.5,150.0,-170.0,0.0,93.0,1.0,1,True
2010,2010-04-04,True,False,ny,lac,113,107,29,30,27,27,0,27,28,24,28,0,away,1.5,209.5,105.0,-125.0,0.0,102.5,1.0,1,False
2010,2010-04-04,True,False,min,okc,108,116,25,25,31,27,0,43,29,18,26,0,home,13.5,211.0,1050.0,-1600.0,1.5,102.0,0.0,1,True
2010,2010-04-04,True,False,gs,tor,113,112,37,20,31,25,0,24,30,25,33,0,home,8.0,232.5,318.0,-385.0,7.0,113.0,0.0,0,False
2010,2010-04-04,True,False,sa,lal,100,81,22,26,19,33,0,24,16,19,22,0,home,5.0,193.5,180.0,-220.0,6.0,96.0,0.0,0,False
2010,2010-04-04,True,False,mem,orl,92,107,24,22,23,23,0,32,22,21,32,0,home,11.5,201.0,588.0,-875.0,4.0,99.0,1.0,0,True
2010,2010-04-04,True,False,cle,bos,113,117,24,25,32,32,0,33,31,34,19,0,home,2.0,193.0,115.0,-135.0,4.0,95.5,1.0,1,True
2010,2010-04-04,True,False,hou,ind,102,133,28,28,19,27,0,33,39,29,32,0,home,4.0,215.0,163.0,-188.0,2.0,105.5,1.0,1,True
2010,2010-04-06,True,False,sa,sac,95,86,18,29,24,24,0,18,29,20,19,0,away,7.5,194.5,-340.0,280.0,5.0,95.5,1.0,0,False
2010,2010-04-06,True,False,okc,utah,139,140,29,36,29,35,10,32,31,34,32,11,home,7.0,212.5,260.0,-320.0,6.0,103.0,0.0,1,True
2010,2010-04-06,True,False,hou,mem,113,103,32,27,29,25,0,32,23,19,29,0,home,4.5,213.5,170.0,-200.0,4.5,103.0,0.0,1,False
2010,2010-04-06,True,False,bos,ny,101,104,21,31,26,23,0,27,26,33,18,0,away,7.5,206.5,-350.0,290.0,6.0,101.5,0.0,0,True
2010,2010-04-06,True,False,mil,chi,79,74,14,28,18,19,0,27,9,15,23,0,home,5.0,191.0,190.0,-230.0,5.0,94.5,0.0,0,False
2010,2010-04-06,True,False,det,phi,124,103,34,27,30,33,0,30,31,19,23,0,home,4.5,197.5,170.0,-200.0,3.5,98.0,0.0,1,False
2010,2010-04-06,True,False,atl,cha,100,109,14,22,36,28,0,34,25,25,25,0,home,5.0,184.5,175.0,-210.0,3.5,90.5,1.0,1,True
2010,2010-04-06,True,False,tor,cle,101,113,26,27,26,22,0,35,20,35,23,0,home,5.5,205.5,210.0,-250.0,3.0,99.5,1.0,1,True
2010,2010-04-06,True,False,gs,wsh,94,112,23,20,34,17,0,40,28,26,18,0,away,3.0,222.0,-150.0,130.0,7.0,108.5,0.0,0,True
2010,2010-04-07,True,False,cha,no,104,103,32,28,19,25,0,21,17,40,25,0,away,2.0,192.0,-130.0,110.0,4.5,94.5,0.0,1,False
2010,2010-04-07,True,False,sa,phx,101,112,29,23,28,21,0,29,32,27,24,0,home,6.0,209.0,215.0,-255.0,1.0,103.0,1.0,1,True
2010,2010-04-07,True,False,utah,hou,96,113,22,24,31,19,0,33,27,36,17,0,away,4.0,215.5,-185.0,160.0,5.5,108.5,0.0,0,True
2010,2010-04-07,True,False,mem,dal,84,110,20,25,21,18,0,33,24,21,32,0,home,9.5,205.5,425.0,-550.0,1.5,102.5,1.0,0,True
2010,2010-04-07,True,False,por,lac,93,85,27,23,27,16,0,18,28,14,25,0,away,9.0,193.5,-475.0,380.0,4.5,96.0,0.0,0,False
2010,2010-04-07,True,False,den,okc,98,94,30,21,22,25,0,33,19,28,14,0,home,2.5,214.0,115.0,-135.0,1.0,106.0,0.0,0,False
2010,2010-04-07,True,False,atl,det,88,90,20,28,24,16,0,25,23,17,25,0,away,5.5,192.5,-225.0,185.0,4.5,96.0,0.0,0,True
2010,2010-04-07,True,False,wsh,orl,94,121,25,19,21,29,0,24,26,34,37,0,home,13.5,192.5,1250.0,-1850.0,6.5,95.0,1.0,1,True
2010,2010-04-07,True,False,bkn,mil,89,108,38,20,17,14,0,33,25,24,26,0,home,8.0,190.5,310.0,-370.0,5.0,95.5,1.0,1,True
2010,2010-04-07,True,False,phi,mia,95,99,25,22,30,18,0,27,26,24,22,0,home,11.5,192.0,700.0,-1000.0,4.5,95.0,0.0,1,True
2010,2010-04-07,True,False,ny,ind,105,113,25,34,31,15,0,38,34,20,21,0,home,11.0,218.5,575.0,-775.0,2.0,106.5,0.0,0,True
2010,2010-04-07,True,False,bos,tor,115,104,30,22,30,33,0,25,29,22,28,0,away,5.5,203.0,-235.0,195.0,4.5,101.0,1.0,1,False
2010,2010-04-07,True,False,gs,min,116,107,31,37,31,17,0,28,29,21,29,0,away,2.0,231.0,-130.0,110.0,3.0,114.5,1.0,0,False
2010,2010-04-08,True,False,cle,chi,108,109,28,28,24,28,0,28,32,22,27,0,home,6.5,194.0,240.0,-290.0,2.5,96.0,0.0,1,True
2010,2010-04-08,True,False,lac,sac,94,116,27,20,29,18,0,33,30,21,32,0,home,7.0,201.0,245.0,-295.0,2.0,98.0,1.0,1,True
2010,2010-04-08,True,False,lal,den,96,98,20,27,27,22,0,22,35,16,25,0,home,4.0,202.0,110.0,-130.0,0.5,99.0,0.0,0,True
2010,2010-04-09,True,False,dal,por,83,77,23,19,16,25,0,18,21,20,18,0,home,5.0,191.0,185.0,-225.0,4.5,94.0,0.0,0,False
2010,2010-04-09,True,False,mem,sa,107,99,21,37,28,21,0,30,27,25,17,0,home,10.5,200.0,550.0,-750.0,7.0,99.5,0.0,1,False
2010,2010-04-09,True,False,utah,no,114,103,32,28,29,25,0,30,25,20,28,0,away,8.0,211.0,-370.0,300.0,3.0,107.5,1.0,1,False
2010,2010-04-09,True,False,phx,okc,91,96,31,26,12,22,0,32,26,21,17,0,home,4.5,219.0,175.0,-210.0,3.0,107.5,1.0,0,True
2010,2010-04-09,True,False,lal,min,97,88,21,31,22,23,0,17,17,31,23,0,away,7.5,199.5,-350.0,290.0,2.0,97.5,1.0,0,False
2010,2010-04-09,True,False,chi,bkn,116,127,29,24,16,34,13,24,28,23,28,24,away,6.0,196.0,-245.0,205.0,3.5,96.5,0.0,1,True
2010,2010-04-09,True,False,cha,hou,90,97,23,24,16,27,0,24,26,21,26,0,home,3.0,198.0,130.0,-150.0,1.0,99.0,1.0,0,True
2010,2010-04-09,True,False,tor,atl,101,107,25,22,26,28,0,14,45,22,26,0,home,10.5,204.0,550.0,-750.0,1.5,101.0,0.0,1,True
2010,2010-04-09,True,False,ind,cle,116,113,26,29,28,33,0,25,32,27,29,0,home,0.0,203.0,-110.0,-110.0,0.5,98.5,0.0,1,False
2010,2010-04-09,True,False,wsh,bos,106,96,30,22,23,31,0,17,14,23,42,0,home,10.5,194.5,550.0,-750.0,10.5,96.5,0.0,1,False
2010,2010-04-09,True,False,ny,orl,103,118,21,27,31,24,0,35,27,28,28,0,home,12.0,211.0,675.0,-925.0,2.0,104.5,1.0,1,True
2010,2010-04-09,True,False,mil,phi,95,90,24,24,17,30,0,15,21,24,30,0,away,4.5,193.0,-210.0,175.0,1.5,94.5,1.0,0,False
2010,2010-04-09,True,False,det,mia,106,99,27,26,28,25,0,23,25,28,23,0,home,11.5,184.0,650.0,-900.0,9.5,91.0,0.0,1,False
2010,2010-04-10,True,False,gs,lac,104,107,27,28,24,25,0,35,28,20,24,0,away,2.0,224.5,-130.0,110.0,3.5,109.5,0.0,0,True
2010,2010-04-10,True,False,sa,den,104,85,20,25,23,36,0,19,21,21,24,0,home,6.0,200.5,235.0,-275.0,6.0,98.0,0.0,0,False
2010,2010-04-10,True,False,bos,mil,105,90,15,26,27,37,0,18,22,25,25,0,home,2.0,188.0,115.0,-135.0,2.0,92.0,0.0,1,False
2010,2010-04-10,True,False,dal,sac,126,108,35,30,35,26,0,24,29,26,29,0,away,4.5,195.5,-200.0,170.0,1.5,96.0,1.0,1,False
2010,2010-04-10,True,False,atl,wsh,105,95,30,22,26,27,0,30,20,28,17,0,away,6.0,192.5,-255.0,215.0,3.0,95.0,1.0,1,False
2010,2010-04-10,True,False,det,cha,95,99,20,23,26,26,0,19,31,24,25,0,home,8.0,188.5,310.0,-380.0,2.0,93.5,0.0,1,True
2010,2010-04-10,True,False,bkn,ind,102,115,34,26,19,23,0,25,31,32,27,0,home,11.5,210.5,500.0,-700.0,9.0,104.5,1.0,1,True
2010,2010-04-10,True,False,phi,mem,120,101,21,30,35,34,0,26,32,20,23,0,home,6.0,206.5,200.0,-240.0,0.5,101.5,0.0,1,False
2010,2010-04-11,True,False,orl,cle,98,92,19,27,31,21,0,28,22,23,19,0,away,5.0,200.0,-230.0,190.0,5.5,99.0,1.0,0,False
2010,2010-04-11,True,False,por,lal,91,88,20,25,24,22,0,23,23,25,17,0,home,3.0,186.0,130.0,-150.0,2.5,92.5,0.0,0,False
2010,2010-04-11,True,False,mia,ny,111,98,24,31,32,24,0,29,18,27,24,0,away,6.0,198.0,-260.0,220.0,0.0,96.0,1.0,1,False
2010,2010-04-11,True,False,chi,tor,104,88,28,30,26,20,0,23,25,17,23,0,away,2.5,203.0,-140.0,120.0,2.0,99.5,1.0,0,False
2010,2010-04-11,True,False,min,no,86,114,21,18,25,22,0,25,33,25,31,0,home,5.5,213.0,185.0,-225.0,2.5,104.0,1.0,0,True
2010,2010-04-11,True,False,hou,phx,106,116,36,21,28,21,0,33,29,25,29,0,home,9.0,224.5,415.0,-515.0,4.5,108.5,1.0,0,True
2010,2010-04-11,True,False,okc,gs,117,120,42,21,27,27,0,25,31,30,34,0,away,7.0,227.0,-320.0,270.0,2.0,111.0,0.0,1,True
2010,2010-04-12,True,False,dal,lac,117,94,37,27,35,18,0,26,17,26,25,0,away,12.0,196.5,-850.0,575.0,0.5,94.0,1.0,1,False
2010,2010-04-12,True,False,okc,por,95,103,28,23,20,24,0,22,21,30,30,0,home,1.5,186.5,100.0,-120.0,3.0,92.0,1.0,1,True
2010,2010-04-12,True,False,hou,sac,117,107,28,34,26,29,0,40,27,18,22,0,home,2.5,212.0,120.0,-140.0,0.0,105.0,0.0,1,False
2010,2010-04-12,True,False,mem,den,101,123,31,26,17,27,0,32,31,30,30,0,home,11.0,208.5,550.0,-800.0,5.0,103.5,1.0,1,True
2010,2010-04-12,True,False,min,sa,111,133,26,21,27,37,0,33,36,29,35,0,home,14.5,206.0,1400.0,-2100.0,1.5,99.0,1.0,1,True
2010,2010-04-12,True,False,tor,det,111,97,24,34,31,22,0,26,20,26,25,0,home,2.5,204.0,120.0,-140.0,5.0,99.5,0.0,1,False
2010,2010-04-12,True,False,cha,bkn,105,95,28,31,22,24,0,20,24,33,18,0,away,4.5,190.0,-200.0,170.0,2.0,92.0,1.0,1,False
2010,2010-04-12,True,False,wsh,ny,103,114,30,16,36,21,0,25,20,29,40,0,home,3.5,206.5,140.0,-160.0,2.5,100.5,1.0,1,True
2010,2010-04-12,True,False,orl,ind,118,98,42,23,25,28,0,18,33,19,28,0,away,3.0,210.5,-160.0,140.0,3.0,102.0,1.0,1,False
2010,2010-04-12,True,False,mia,phi,107,105,27,26,29,25,0,27,27,32,19,0,away,3.5,191.0,-185.0,160.0,2.5,94.5,0.0,1,False
2010,2010-04-12,True,False,atl,mil,104,96,30,25,23,26,0,21,27,22,26,0,away,1.5,188.0,-125.0,105.0,1.5,94.0,1.0,1,False
2010,2010-04-13,True,False,bos,chi,93,101,20,21,27,25,0,17,27,23,34,0,home,5.0,198.0,180.0,-220.0,2.0,96.5,1.0,0,True
2010,2010-04-13,True,False,utah,gs,103,94,22,25,30,26,0,22,25,22,25,0,away,7.5,231.0,-370.0,310.0,5.5,114.0,1.0,0,False
2010,2010-04-13,True,False,den,phx,101,123,26,23,21,31,0,38,32,27,26,0,home,5.0,215.5,175.0,-210.0,3.5,105.5,1.0,1,True
2010,2010-04-13,True,False,sac,lal,100,106,28,26,19,27,0,28,32,26,20,0,home,8.0,196.0,313.0,-375.0,3.0,96.5,0.0,1,True
2010,2010-04-14,True,False,lal,lac,91,107,28,21,16,26,0,23,29,26,29,0,away,7.0,194.0,-300.0,250.0,6.0,97.0,0.0,1,True
2010,2010-04-14,True,False,gs,por,122,116,33,27,25,37,0,33,25,33,25,0,home,10.0,211.0,400.0,-600.0,7.0,104.5,0.0,1,False
2010,2010-04-14,True,False,phx,utah,100,86,30,29,22,19,0,25,17,18,26,0,home,5.5,217.5,190.0,-230.0,7.5,106.5,0.0,0,False
2010,2010-04-14,True,False,det,min,103,98,27,21,20,35,0,29,29,21,19,0,home,1.5,206.5,105.0,-125.0,2.5,101.5,0.0,0,False
2010,2010-04-14,True,False,no,hou,123,115,34,23,38,28,0,34,26,30,25,0,home,6.5,216.0,250.0,-300.0,3.5,105.5,0.0,1,False
2010,2010-04-14,True,False,sa,dal,89,96,22,24,18,25,0,30,26,19,21,0,home,5.0,199.0,180.0,-220.0,1.0,98.0,1.0,0,True
2010,2010-04-14,True,False,chi,cha,98,89,33,24,18,23,0,26,17,22,24,0,away,1.5,188.5,-125.0,105.0,3.0,93.0,1.0,0,False
2010,2010-04-14,True,False,mil,bos,106,95,23,32,33,18,0,20,30,28,17,0,away,5.0,190.0,-220.0,180.0,1.0,95.0,1.0,1,False
2010,2010-04-14,True,False,cle,atl,83,99,23,23,14,23,0,27,21,29,22,0,home,2.0,194.0,110.0,-130.0,0.5,95.0,1.0,0,True
2010,2010-04-14,True,False,bkn,mia,86,94,20,18,13,27,8,20,22,22,14,16,home,4.5,189.0,170.0,-200.0,1.0,92.0,1.0,0,True
2010,2010-04-14,True,False,phi,orl,111,125,20,30,20,41,0,37,26,30,32,0,home,11.0,209.5,650.0,-850.0,2.0,104.0,1.0,1,True
2010,2010-04-14,True,False,ny,tor,113,131,30,34,30,19,0,33,40,32,26,0,home,7.5,219.0,290.0,-350.0,1.5,108.5,1.0,1,True
2010,2010-04-14,True,False,ind,wsh,97,98,21,30,29,17,0,30,17,27,24,0,away,2.0,212.5,-135.0,115.0,0.0,104.5,0.0,0,True
2010,2010-04-14,True,False,mem,okc,105,114,26,23,29,27,0,38,33,19,24,0,home,8.5,209.0,320.0,-400.0,3.0,102.0,1.0,1,True
