season,date,regular,playoffs,away_team,home_team,score_away,score_home,q1_away,q2_away,q3_away,q4_away,ot_away,q1_home,q2_home,q3_home,q4_home,ot_home,whos_favored,spread,total,away_ml,home_ml,h2_spread,h2_total,id_spread,id_total,home_won
2011,2010-10-26,True,False,mia,bos,80,88,9,21,27,23,0,16,29,18,25,0,away,1.0,188.0,-125.0,105.0,5.0,94.0,0.0,0,True
2011,2010-10-26,True,False,phx,por,92,106,26,20,35,11,0,28,22,25,31,0,home,7.0,204.0,255.0,-310.0,3.5,101.5,1.0,0,True
2011,2010-10-26,True,False,hou,lal,110,112,33,29,20,28,0,26,25,26,35,0,home,6.5,195.0,255.0,-310.0,7.0,99.0,0.0,1,True
2011,2010-10-27,True,False,utah,den,88,110,20,20,25,23,0,29,31,26,24,0,home,3.0,209.5,135.0,-155.0,3.5,106.0,1.0,0,True
2011,2010-10-27,True,False,ind,sa,109,122,31,34,24,20,0,37,29,26,30,0,home,8.5,204.0,335.0,-430.0,6.0,102.0,1.0,1,True
2011,2010-10-27,True,False,cha,dal,86,101,21,24,22,19,0,25,24,31,21,0,home,7.0,183.0,250.0,-300.0,3.0,92.5,1.0,1,True
2011,2010-10-27,True,False,chi,okc,95,106,25,29,28,13,0,30,29,23,24,0,home,6.5,193.0,230.0,-270.0,2.5,95.5,1.0,1,True
2011,2010-10-27,True,False,mil,no,91,95,31,16,25,19,0,29,18,31,17,0,home,3.0,189.0,130.0,-150.0,2.0,95.0,1.0,0,True
2011,2010-10-27,True,False,bos,cle,87,95,23,24,26,14,0,21,25,22,27,0,away,4.5,185.0,-200.0,170.0,2.5,91.5,0.0,0,True
2011,2010-10-27,True,False,atl,mem,119,104,30,32,29,28,0,22,28,25,29,0,home,2.0,192.5,110.0,-130.0,4.0,96.0,0.0,1,False
2011,2010-10-27,True,False,mia,phi,97,87,18,31,31,17,0,15,26,13,33,0,away,8.0,192.0,-380.0,310.0,2.5,97.0,1.0,0,False
2011,2010-10-27,True,False,ny,tor,98,93,29,22,23,24,0,22,25,25,21,0,home,1.0,214.5,103.0,-114.0,1.0,107.0,0.0,0,False
2011,2010-10-27,True,False,det,bkn,98,101,20,27,20,31,0,20,19,31,31,0,home,4.0,188.0,145.0,-165.0,4.0,94.5,0.0,1,True
2011,2010-10-27,True,False,hou,gs,128,132,31,37,28,32,0,34,33,37,28,0,home,3.5,217.0,135.0,-155.0,2.5,110.0,1.0,1,True
2011,2010-10-27,True,False,sac,min,117,116,27,26,34,30,0,23,35,25,33,0,home,3.5,205.0,135.0,-155.0,0.5,101.5,0.0,1,False
2011,2010-10-27,True,False,por,lac,98,88,31,23,16,28,0,23,26,22,17,0,away,2.5,192.0,-140.0,120.0,0.5,95.0,1.0,0,False
2011,2010-10-28,True,False,phx,utah,110,94,27,31,26,26,0,22,20,30,22,0,home,7.5,209.5,260.0,-320.0,7.5,104.5,0.0,0,False
2011,2010-10-28,True,False,wsh,orl,83,112,15,19,25,24,0,29,29,32,22,0,home,13.5,191.0,1025.0,-1450.0,1.0,93.5,1.0,1,True
2011,2010-10-29,True,False,lal,phx,114,106,28,29,30,27,0,27,23,29,27,0,away,4.0,207.5,-180.0,160.0,0.5,103.0,1.0,1,False
2011,2010-10-29,True,False,lac,gs,91,109,28,26,13,24,0,27,31,32,19,0,home,6.0,219.5,220.0,-260.0,2.5,108.5,1.0,0,True
2011,2010-10-29,True,False,mem,dal,91,90,24,17,28,22,0,29,21,25,15,0,home,9.0,199.5,400.0,-500.0,2.0,97.5,0.0,0,False
2011,2010-10-29,True,False,den,no,95,101,25,25,21,24,0,27,32,13,29,0,home,2.0,208.5,110.0,-130.0,1.5,104.5,1.0,0,True
2011,2010-10-29,True,False,orl,mia,70,96,24,21,10,15,0,24,27,28,17,0,home,3.5,188.5,140.0,-160.0,0.0,94.0,1.0,0,True
2011,2010-10-29,True,False,mil,min,85,96,28,18,18,21,0,27,28,19,22,0,away,4.5,204.0,-190.0,165.0,4.5,102.0,0.0,0,True
2011,2010-10-29,True,False,ny,bos,101,105,20,26,26,29,0,27,23,29,26,0,home,9.5,200.0,400.0,-500.0,5.0,100.5,0.0,1,True
2011,2010-10-29,True,False,cle,tor,81,101,20,18,17,26,0,24,22,31,24,0,home,4.0,194.5,150.0,-170.0,0.0,95.5,1.0,0,True
2011,2010-10-29,True,False,atl,phi,104,101,33,29,22,20,0,30,22,22,27,0,away,3.5,193.0,-165.0,145.0,1.0,97.0,0.0,1,False
2011,2010-10-29,True,False,sac,bkn,100,106,21,32,24,23,0,29,32,15,30,0,home,2.0,197.5,115.0,-135.0,1.5,98.5,1.0,1,True
2011,2010-10-29,True,False,ind,cha,104,101,27,23,23,31,0,31,27,22,21,0,home,5.0,197.5,170.0,-200.0,0.5,97.5,0.0,1,False
2011,2010-10-29,True,False,okc,det,105,104,26,30,27,22,0,21,30,28,25,0,away,6.0,195.5,-260.0,220.0,2.0,96.0,0.0,1,False
2011,2010-10-30,True,False,min,mem,89,109,19,27,29,14,0,34,25,28,22,0,home,7.0,211.0,305.0,-370.0,0.0,105.0,1.0,0,True
2011,2010-10-30,True,False,no,sa,99,90,17,26,33,23,0,24,18,18,30,0,home,9.0,196.0,350.0,-450.0,6.5,96.0,0.0,0,False
2011,2010-10-30,True,False,cha,mil,88,98,18,22,22,26,0,27,21,25,25,0,home,5.5,181.0,210.0,-250.0,0.5,90.0,1.0,1,True
2011,2010-10-30,True,False,det,chi,91,101,24,39,19,9,0,21,23,23,34,0,home,9.0,193.5,425.0,-550.0,8.5,96.0,1.0,0,True
2011,2010-10-30,True,False,den,hou,107,94,24,24,24,35,0,27,24,18,25,0,home,5.0,216.5,190.0,-230.0,2.5,106.5,0.0,0,False
2011,2010-10-30,True,False,por,ny,100,95,26,18,30,26,0,19,25,30,21,0,away,5.0,199.5,-190.0,165.0,3.5,99.0,2.0,0,False
2011,2010-10-30,True,False,phi,ind,86,99,26,25,15,20,0,21,30,27,21,0,home,5.5,208.0,175.0,-210.0,3.5,104.0,1.0,0,True
2011,2010-10-30,True,False,sac,cle,107,104,34,19,31,23,0,34,33,15,22,0,home,3.0,193.0,115.0,-135.0,3.0,94.5,0.0,1,False
2011,2010-10-30,True,False,wsh,atl,95,99,27,13,30,25,0,18,26,26,29,0,home,9.0,195.0,425.0,-550.0,4.5,96.5,0.0,0,True
2011,2010-10-31,True,False,mia,bkn,101,78,29,29,27,16,0,18,24,19,17,0,away,9.0,188.0,-500.0,400.0,1.0,94.0,1.0,0,False
2011,2010-10-31,True,False,dal,lac,99,83,27,22,29,21,0,23,24,19,17,0,away,5.5,190.5,-225.0,185.0,3.0,93.0,1.0,0,False
2011,2010-10-31,True,False,utah,okc,120,99,27,29,35,29,0,23,17,34,25,0,home,7.0,203.0,240.0,-280.0,8.0,101.5,0.0,1,False
2011,2010-10-31,True,False,gs,lal,83,107,14,24,26,19,0,34,22,25,26,0,home,9.5,217.5,450.0,-600.0,1.0,105.5,1.0,0,True
2011,2010-11-01,True,False,tor,sac,108,111,33,29,24,22,0,16,35,27,33,0,home,6.0,208.0,200.0,-240.0,6.5,102.5,0.0,1,True
2011,2010-11-01,True,False,sa,lac,97,88,26,24,25,22,0,26,18,21,23,0,away,8.0,193.5,-380.0,310.0,3.0,93.5,1.0,0,False
2011,2010-11-01,True,False,por,chi,98,110,21,26,26,25,0,32,24,32,22,0,home,0.0,187.0,-110.0,100.0,3.0,93.5,1.0,1,True
2011,2010-11-02,True,False,atl,cle,100,88,40,19,15,26,0,27,20,26,15,0,away,3.0,190.5,-150.0,130.0,2.5,92.5,1.0,0,False
2011,2010-11-02,True,False,phi,wsh,115,116,28,20,18,40,9,27,23,22,34,10,home,3.0,192.0,125.0,-145.0,1.0,95.0,0.0,1,True
2011,2010-11-02,True,False,bos,det,109,86,31,26,31,21,0,26,18,24,18,0,away,6.0,189.0,-290.0,245.0,0.5,93.5,1.0,1,False
2011,2010-11-02,True,False,min,mia,97,129,27,26,18,26,0,33,36,29,31,0,home,16.5,194.0,1850.0,-4600.0,4.5,95.5,1.0,1,True
2011,2010-11-02,True,False,por,mil,90,76,21,26,26,17,0,27,18,17,14,0,home,3.0,186.5,125.0,-145.0,1.5,94.0,0.0,0,False
2011,2010-11-02,True,False,mem,lal,105,124,23,23,30,29,0,34,39,24,27,0,home,9.0,203.5,400.0,-500.0,3.0,101.5,1.0,1,True
2011,2010-11-03,True,False,sa,phx,112,110,23,27,31,31,0,22,28,29,31,0,away,1.0,208.0,-113.0,102.0,1.0,103.5,1.0,1,False
2011,2010-11-03,True,False,lal,sac,112,100,35,27,30,20,0,33,20,25,22,0,away,5.0,207.5,-240.0,200.0,0.5,102.5,1.0,1,False
2011,2010-11-03,True,False,okc,lac,92,107,21,22,23,26,0,27,26,27,27,0,away,8.5,196.5,-430.0,335.0,8.0,97.0,0.0,1,True
2011,2010-11-03,True,False,mem,gs,109,115,26,26,31,26,0,27,37,24,27,0,home,4.5,218.5,150.0,-170.0,1.5,109.5,1.0,1,True
2011,2010-11-03,True,False,dal,den,102,101,23,27,34,18,0,27,25,28,21,0,home,3.0,205.0,155.0,-175.0,1.0,101.0,0.0,0,False
2011,2010-11-03,True,False,tor,utah,108,125,22,25,37,24,0,41,25,25,34,0,home,10.5,206.5,500.0,-700.0,0.5,102.0,1.0,1,True
2011,2010-11-03,True,False,mil,bos,102,105,16,31,16,28,11,25,22,15,29,14,home,8.0,184.5,320.0,-400.0,5.5,92.5,0.0,1,True
2011,2010-11-03,True,False,no,hou,107,99,28,15,30,34,0,28,21,22,28,0,home,5.0,207.5,180.0,-220.0,1.0,103.0,0.0,0,False
2011,2010-11-03,True,False,ind,phi,75,101,16,15,27,17,0,31,26,21,23,0,away,2.5,203.5,-140.0,120.0,6.5,99.0,0.0,0,True
2011,2010-11-03,True,False,min,orl,86,128,18,27,18,23,0,37,41,24,26,0,home,18.0,204.5,3000.0,-6500.0,0.5,100.5,1.0,1,True
2011,2010-11-03,True,False,cha,bkn,85,83,23,18,21,23,0,19,21,21,22,0,home,0.0,187.0,120.0,-140.0,1.0,97.0,0.0,0,False
2011,2010-11-03,True,False,det,atl,85,94,22,26,18,19,0,24,20,26,24,0,home,10.0,196.0,450.0,-600.0,8.0,97.5,0.0,0,True
2011,2010-11-04,True,False,ny,chi,120,112,34,36,23,27,0,30,22,31,29,0,home,6.0,205.0,230.0,-270.0,8.0,102.0,0.0,1,False
2011,2010-11-04,True,False,okc,por,107,106,29,22,24,25,7,23,35,23,19,6,home,6.0,194.0,190.0,-230.0,1.0,97.5,0.0,1,False
2011,2010-11-05,True,False,tor,lal,103,108,20,38,20,25,0,33,22,27,26,0,home,13.0,212.5,1125.0,-1700.0,10.0,107.0,0.0,0,True
2011,2010-11-05,True,False,utah,gs,78,85,16,23,17,22,0,17,23,20,25,0,away,1.5,223.5,-135.0,115.0,1.5,110.0,0.0,0,True
2011,2010-11-05,True,False,lac,den,104,111,28,26,17,33,0,24,29,29,29,0,home,10.0,206.5,550.0,-750.0,7.5,102.5,0.0,1,True
2011,2010-11-05,True,False,mem,phx,118,123,35,20,21,23,19,20,25,25,29,24,home,6.0,219.0,200.0,-240.0,6.0,110.0,0.0,1,True
2011,2010-11-05,True,False,mia,no,93,96,17,24,23,29,0,29,21,22,24,0,away,6.5,186.5,-270.0,230.0,6.5,93.5,0.0,1,True
2011,2010-11-05,True,False,atl,min,113,103,26,30,27,30,0,25,26,20,32,0,away,6.5,204.0,-310.0,255.0,2.0,101.0,1.0,1,False
2011,2010-11-05,True,False,wsh,ny,91,112,27,22,24,18,0,26,32,23,31,0,home,5.5,209.0,200.0,-240.0,0.5,104.5,1.0,0,True
2011,2010-11-05,True,False,cha,det,90,97,15,24,25,26,0,32,23,17,25,0,home,0.0,183.0,-102.0,-108.0,4.0,90.5,1.0,1,True
2011,2010-11-05,True,False,cle,phi,123,116,34,27,18,44,0,20,33,31,32,0,home,5.0,188.0,175.0,-210.0,5.0,94.5,0.0,1,False
2011,2010-11-05,True,False,bkn,orl,90,105,18,33,16,23,0,20,28,32,25,0,home,16.5,194.5,1900.0,-4000.0,11.5,97.0,0.0,1,True
2011,2010-11-05,True,False,mil,ind,94,90,18,34,18,24,0,20,40,16,14,0,home,3.0,197.0,125.0,-145.0,1.5,97.5,0.0,0,False
2011,2010-11-05,True,False,chi,bos,105,110,23,15,26,32,9,19,30,23,24,14,home,7.5,193.5,290.0,-350.0,1.0,96.0,0.0,1,True
2011,2010-11-06,True,False,lac,utah,107,109,35,20,18,18,16,22,17,31,21,18,home,11.0,202.5,650.0,-900.0,10.0,100.5,0.0,1,True
2011,2010-11-06,True,False,tor,por,84,97,17,17,25,25,0,18,27,28,24,0,home,12.0,202.5,736.0,-950.0,3.0,99.0,1.0,0,True
2011,2010-11-06,True,False,mem,sac,100,91,30,23,27,20,0,24,25,18,24,0,home,6.0,210.5,175.0,-210.0,5.0,104.0,0.0,0,False
2011,2010-11-06,True,False,den,dal,103,92,26,27,26,24,0,24,28,27,13,0,home,6.5,204.0,230.0,-270.0,5.0,101.5,0.0,0,False
2011,2010-11-06,True,False,cle,wsh,107,102,27,32,17,31,0,28,23,25,26,0,home,4.5,196.0,160.0,-180.0,4.5,98.5,0.0,1,False
2011,2010-11-06,True,False,no,mil,87,81,23,18,24,22,0,18,17,19,27,0,home,4.0,188.0,135.0,-155.0,3.5,93.0,0.0,0,False
2011,2010-11-06,True,False,bkn,mia,89,101,25,26,17,21,0,24,31,32,14,0,home,17.0,189.0,2000.0,-5250.0,9.5,93.0,0.0,1,True
2011,2010-11-06,True,False,orl,cha,91,88,23,20,30,18,0,15,21,26,26,0,away,6.0,185.0,-300.0,250.0,1.0,92.0,0.0,0,False
2011,2010-11-06,True,False,hou,sa,121,124,34,18,32,29,8,34,23,34,22,11,home,6.5,208.5,230.0,-270.0,3.0,102.5,0.0,1,True
2011,2010-11-07,True,False,min,hou,94,120,14,23,30,27,0,26,34,37,23,0,home,9.0,216.0,330.0,-420.0,2.0,106.0,1.0,0,True
2011,2010-11-07,True,False,bos,okc,92,83,28,30,15,19,0,21,16,27,19,0,home,2.5,196.5,115.0,-135.0,6.5,97.0,0.0,0,False
2011,2010-11-07,True,False,por,lal,96,121,14,22,28,32,0,27,31,31,32,0,home,7.0,194.5,290.0,-350.0,3.0,95.5,1.0,1,True
2011,2010-11-07,True,False,phx,atl,118,114,30,31,31,26,0,28,22,38,26,0,home,5.5,208.0,190.0,-230.0,6.0,105.0,0.0,1,False
2011,2010-11-07,True,False,phi,ny,106,96,33,21,26,26,0,25,31,25,15,0,home,7.0,206.0,250.0,-300.0,4.0,104.0,0.0,0,False
2011,2010-11-07,True,False,gs,det,97,102,18,27,31,21,0,23,26,24,29,0,away,2.0,208.5,-135.0,115.0,2.0,103.5,0.0,0,True
2011,2010-11-08,True,False,sa,cha,95,91,19,25,27,24,0,26,22,21,22,0,away,4.0,187.0,-175.0,155.0,3.0,94.5,2.0,0,False
2011,2010-11-08,True,False,gs,tor,109,102,26,29,29,25,0,19,22,31,30,0,home,0.0,217.0,-107.0,-103.0,4.5,108.5,0.0,0,False
2011,2010-11-08,True,False,atl,orl,89,93,23,24,23,19,0,21,30,21,21,0,home,9.0,194.0,340.0,-440.0,4.5,95.0,0.0,0,True
2011,2010-11-08,True,False,den,chi,92,94,28,15,27,22,0,23,27,18,26,0,home,2.0,207.5,110.0,-130.0,1.0,101.0,2.0,0,True
2011,2010-11-08,True,False,phx,mem,99,109,26,26,23,24,0,28,27,33,21,0,home,5.0,215.0,170.0,-200.0,2.0,107.0,1.0,0,True
2011,2010-11-08,True,False,bos,dal,87,89,19,21,29,18,0,23,27,20,19,0,home,3.5,188.5,140.0,-160.0,2.0,94.5,0.0,0,True
2011,2010-11-09,True,False,det,por,78,100,25,20,18,15,0,36,17,21,26,0,home,10.0,191.0,475.0,-650.0,3.0,94.5,1.0,0,True
2011,2010-11-09,True,False,min,lal,94,99,28,24,22,20,0,26,32,24,17,0,home,17.5,215.0,1937.0,-4437.0,9.0,107.5,0.0,0,True
2011,2010-11-09,True,False,lac,no,82,101,18,23,19,22,0,27,21,22,31,0,home,9.5,189.5,400.0,-500.0,3.5,93.0,1.0,0,True
2011,2010-11-09,True,False,cle,bkn,93,91,23,22,18,30,0,23,19,23,26,0,home,2.5,195.5,120.0,-140.0,3.0,96.0,0.0,0,False
2011,2010-11-09,True,False,utah,mia,116,114,13,19,30,42,12,25,26,24,29,10,home,9.0,192.5,450.0,-600.0,1.0,96.0,0.0,1,False
2011,2010-11-09,True,False,den,ind,113,144,25,24,27,37,0,27,32,54,31,0,away,1.5,209.5,-130.0,110.0,3.0,102.0,0.0,1,True
2011,2010-11-09,True,False,ny,mil,80,107,19,24,24,13,0,41,23,26,17,0,home,5.5,197.5,190.0,-230.0,4.0,99.0,1.0,0,True
2011,2010-11-10,True,False,utah,orl,104,94,22,13,30,39,0,23,22,29,20,0,home,10.5,195.0,500.0,-700.0,3.0,99.5,0.0,1,False
2011,2010-11-10,True,False,min,sac,98,89,27,24,23,24,0,22,23,27,17,0,home,10.5,214.5,450.0,-600.0,9.0,105.0,0.0,0,False
2011,2010-11-10,True,False,phi,okc,103,109,28,23,23,29,0,32,27,26,24,0,home,8.5,201.5,350.0,-450.0,2.5,98.5,0.0,1,True
2011,2010-11-10,True,False,gs,ny,122,117,34,26,29,33,0,32,24,25,36,0,home,3.0,221.0,135.0,-155.0,2.0,111.5,0.0,1,False
2011,2010-11-10,True,False,lac,sa,95,107,20,24,21,30,0,24,27,28,28,0,home,13.5,195.0,1150.0,-1800.0,5.0,96.0,0.0,1,True
2011,2010-11-10,True,False,hou,wsh,91,98,21,25,26,19,0,30,23,20,25,0,away,3.5,210.0,-165.0,145.0,3.5,103.5,0.0,0,True
2011,2010-11-10,True,False,cha,tor,101,96,26,22,21,32,0,24,24,26,22,0,home,1.0,193.5,-103.0,-107.0,0.0,97.0,0.0,1,False
2011,2010-11-10,True,False,mil,atl,108,91,21,33,34,20,0,26,14,19,32,0,home,6.5,187.0,240.0,-280.0,7.0,94.0,0.0,1,False
2011,2010-11-10,True,False,bkn,cle,95,87,18,24,25,28,0,25,27,17,18,0,home,4.0,193.0,160.0,-180.0,2.0,95.5,0.0,0,False
2011,2010-11-10,True,False,dal,mem,106,91,27,28,31,20,0,21,29,19,22,0,away,1.0,196.0,-107.0,-103.0,2.5,96.5,1.0,1,False
2011,2010-11-11,True,False,bos,mia,112,107,27,34,27,24,0,20,26,32,29,0,home,7.5,186.5,260.0,-320.0,8.5,94.0,0.0,1,False
2011,2010-11-11,True,False,gs,chi,90,120,20,18,25,27,0,34,32,28,26,0,home,7.0,214.0,250.0,-300.0,3.5,104.5,1.0,0,True
2011,2010-11-11,True,False,lal,den,112,118,26,38,29,19,0,24,35,26,33,0,away,3.0,212.5,-160.0,140.0,0.5,107.5,0.0,1,True
2011,2010-11-12,True,False,phi,dal,90,99,22,26,27,15,0,31,24,23,21,0,home,8.5,196.0,400.0,-500.0,2.5,97.5,1.0,0,True
2011,2010-11-12,True,False,det,lac,113,107,26,31,17,29,10,19,28,27,29,4,home,1.5,191.0,120.0,-133.0,3.5,94.5,0.0,1,False
2011,2010-11-12,True,False,por,okc,108,110,35,30,22,21,0,29,32,23,26,0,home,2.5,194.5,120.0,-140.0,2.0,97.5,0.0,1,True
2011,2010-11-12,True,False,sac,phx,89,103,24,19,25,21,0,30,22,25,26,0,home,7.5,215.0,270.0,-330.0,1.5,106.0,1.0,0,True
2011,2010-11-12,True,False,ny,min,103,112,30,35,22,16,0,27,24,29,32,0,away,4.0,216.0,-170.0,150.0,2.0,108.0,0.0,0,True
2011,2010-11-12,True,False,tor,orl,110,106,30,29,30,21,0,31,28,23,24,0,home,14.5,199.5,1500.0,-2600.0,9.5,101.0,0.0,1,False
2011,2010-11-12,True,False,hou,ind,102,99,26,22,30,24,0,23,27,28,21,0,home,3.5,216.5,140.0,-160.0,1.5,106.5,0.0,0,False
2011,2010-11-12,True,False,utah,atl,90,86,25,17,21,27,0,26,19,24,17,0,home,3.5,200.0,140.0,-160.0,1.0,104.5,0.0,0,False
2011,2010-11-12,True,False,cha,wsh,93,85,19,23,28,23,0,22,21,22,20,0,home,0.0,188.0,-110.0,100.0,0.0,94.0,0.0,0,False
2011,2010-11-13,True,False,gs,mil,72,79,14,16,21,21,0,26,17,23,13,0,home,7.5,203.5,263.0,-302.0,0.5,100.5,0.0,0,True
2011,2010-11-13,True,False,phi,sa,93,116,28,24,12,29,0,39,22,35,20,0,home,10.0,204.0,501.0,-624.0,2.5,101.5,1.0,1,True
2011,2010-11-13,True,False,bos,mem,116,110,27,27,19,26,17,27,22,24,26,11,away,3.5,196.5,-157.0,143.0,0.5,97.0,1.0,1,False
2011,2010-11-13,True,False,wsh,chi,96,103,25,17,16,38,0,24,26,22,31,0,home,10.5,201.0,501.0,-624.0,3.0,100.0,0.0,0,True
2011,2010-11-13,True,False,por,no,87,107,19,16,31,21,0,26,22,27,32,0,home,4.0,188.0,164.0,-181.0,2.5,94.0,1.0,1,True
2011,2010-11-13,True,False,ind,cle,99,85,26,28,19,26,0,30,24,14,17,0,home,1.5,201.5,106.0,-120.0,1.0,98.5,0.0,0,False
2011,2010-11-13,True,False,orl,bkn,91,90,31,21,16,23,0,25,26,18,21,0,away,7.5,190.0,-311.0,269.0,5.0,94.5,0.0,0,False
2011,2010-11-13,True,False,utah,cha,96,95,13,20,30,33,0,28,21,24,22,0,away,1.0,190.0,-112.0,-102.0,4.0,99.0,2.0,1,False
2011,2010-11-13,True,False,tor,mia,100,109,25,25,23,27,0,34,29,20,26,0,home,15.0,201.5,1620.0,-2180.0,4.5,99.5,0.0,1,True
2011,2010-11-14,True,False,min,atl,105,111,27,25,20,33,0,30,30,23,28,0,home,10.0,204.5,450.0,-600.0,3.0,102.5,0.0,1,True
2011,2010-11-14,True,False,det,sac,100,94,22,28,25,25,0,19,26,27,22,0,home,5.0,198.5,175.0,-210.0,3.5,98.0,0.0,0,False
2011,2010-11-14,True,False,sa,okc,117,104,30,31,21,35,0,35,31,14,24,0,home,2.5,207.0,125.0,-145.0,0.0,103.5,0.0,1,False
2011,2010-11-14,True,False,hou,ny,104,96,26,32,26,20,0,27,25,23,21,0,home,2.5,213.5,120.0,-140.0,3.0,105.5,0.0,0,False
2011,2010-11-14,True,False,phx,lal,121,116,23,33,36,29,0,25,28,31,32,0,home,8.5,216.0,350.0,-450.0,7.5,108.0,0.0,1,False
2011,2010-11-15,True,False,bkn,lac,110,96,24,31,21,34,0,23,21,26,26,0,home,2.0,191.0,110.0,-130.0,4.0,92.5,0.0,1,False
2011,2010-11-15,True,False,det,gs,97,101,21,21,27,28,0,34,31,22,14,0,home,6.5,208.0,240.0,-280.0,3.0,101.5,0.0,0,True
2011,2010-11-15,True,False,okc,utah,115,108,27,31,35,22,0,33,23,29,23,0,home,6.0,209.0,230.0,-270.0,5.5,103.5,0.0,1,False
2011,2010-11-15,True,False,mem,orl,72,89,12,22,22,16,0,20,27,22,20,0,home,9.0,200.0,400.0,-500.0,1.5,97.5,1.0,0,True
2011,2010-11-15,True,False,no,dal,95,98,24,28,24,19,0,27,20,22,29,0,home,3.0,190.0,140.0,-160.0,2.5,96.5,2.0,1,True
2011,2010-11-15,True,False,min,cha,110,113,27,33,21,29,0,22,38,24,29,0,home,9.0,197.0,400.0,-500.0,6.5,98.0,0.0,1,True
2011,2010-11-15,True,False,den,phx,94,100,22,36,18,18,0,20,26,23,31,0,home,2.0,221.5,110.0,-130.0,5.0,111.0,1.0,0,True
2011,2010-11-16,True,False,phi,cle,93,101,23,31,16,23,0,19,35,26,21,0,home,3.0,196.0,130.0,-150.0,2.0,95.5,1.0,0,True
2011,2010-11-16,True,False,tor,wsh,94,109,23,24,21,26,0,27,27,36,19,0,away,1.0,204.0,-107.0,-103.0,2.0,101.0,0.0,0,True
2011,2010-11-16,True,False,atl,ind,102,92,21,29,27,25,0,24,25,16,27,0,away,2.0,202.5,-130.0,110.0,1.0,97.5,1.0,0,False
2011,2010-11-16,True,False,por,mem,100,99,22,29,20,29,0,17,28,25,29,0,away,1.0,195.0,110.0,-130.0,1.5,96.0,2.0,1,False
2011,2010-11-16,True,False,lal,mil,118,107,32,25,33,28,0,29,30,22,26,0,away,4.5,193.5,-200.0,170.0,4.0,96.0,1.0,1,False
2011,2010-11-16,True,False,chi,hou,95,92,19,30,14,32,0,26,15,30,21,0,home,0.0,202.0,102.0,-113.0,2.5,102.0,0.0,0,False
2011,2010-11-16,True,False,ny,den,118,120,26,28,28,36,0,26,35,33,26,0,home,7.5,218.0,310.0,-380.0,2.5,107.5,0.0,1,True
2011,2010-11-17,True,False,ny,sac,113,106,14,40,29,30,0,27,22,25,32,0,home,4.0,209.5,160.0,-180.0,3.0,103.0,0.0,1,False
2011,2010-11-17,True,False,bkn,utah,88,98,25,22,23,18,0,24,29,24,21,0,home,9.5,196.5,450.0,-600.0,4.0,96.5,1.0,0,True
2011,2010-11-17,True,False,hou,okc,99,116,23,30,26,20,0,28,36,30,22,0,home,7.0,210.5,250.0,-300.0,1.0,102.5,1.0,1,True
2011,2010-11-17,True,False,lac,min,111,113,28,33,24,26,0,28,33,27,25,0,home,3.5,210.0,155.0,-175.0,2.0,103.0,0.0,1,True
2011,2010-11-17,True,False,chi,sa,94,103,25,22,12,35,0,18,19,37,29,0,home,6.5,204.0,260.0,-320.0,6.5,101.0,1.0,0,True
2011,2010-11-17,True,False,lal,det,103,90,34,25,25,19,0,25,20,18,27,0,away,7.5,202.5,-340.0,280.0,0.0,98.5,1.0,0,False
2011,2010-11-17,True,False,wsh,bos,83,114,28,16,25,14,0,33,27,29,25,0,home,13.5,194.0,1050.0,-1700.0,3.0,99.0,1.0,1,True
2011,2010-11-17,True,False,tor,phi,94,86,25,21,23,25,0,26,21,24,15,0,home,3.0,208.5,135.0,-155.0,2.0,103.5,0.0,0,False
2011,2010-11-17,True,False,phx,mia,96,123,24,19,30,23,0,27,37,36,23,0,home,8.0,211.0,325.0,-400.0,1.0,103.5,1.0,1,True
2011,2010-11-17,True,False,dal,no,97,99,31,21,17,28,0,23,19,33,24,0,home,5.0,192.0,175.0,-210.0,5.0,96.5,0.0,1,True
2011,2010-11-18,True,False,lac,ind,80,107,25,18,16,21,0,22,31,27,27,0,home,8.5,204.5,305.0,-375.0,1.5,100.5,1.0,0,True
2011,2010-11-18,True,False,phx,orl,89,105,15,19,25,30,0,31,31,29,14,0,home,10.5,205.0,480.0,-660.0,2.0,100.0,1.0,0,True
2011,2010-11-18,True,False,den,por,83,86,28,17,26,12,0,16,27,26,17,0,home,2.5,204.5,120.0,-140.0,3.0,101.0,1.0,0,True
2011,2010-11-19,True,False,ny,gs,125,119,31,41,26,27,0,31,28,25,35,0,home,4.0,221.5,155.0,-175.0,6.0,112.0,0.0,1,False
2011,2010-11-19,True,False,bkn,sac,81,86,19,27,17,18,0,21,22,21,22,0,home,3.0,197.0,130.0,-150.0,3.5,97.5,1.0,0,True
2011,2010-11-19,True,False,chi,dal,88,83,19,20,17,32,0,13,22,24,24,0,home,5.0,193.5,175.0,-210.0,5.0,97.0,0.0,0,False
2011,2010-11-19,True,False,sa,utah,94,82,24,20,26,24,0,14,26,28,14,0,home,2.0,202.5,115.0,-135.0,1.5,100.0,0.0,0,False
2011,2010-11-19,True,False,cle,no,101,108,28,15,25,33,0,26,36,19,27,0,home,9.0,193.5,400.0,-500.0,0.0,96.5,0.0,1,True
2011,2010-11-19,True,False,hou,tor,96,106,27,16,31,22,0,28,23,24,31,0,away,1.5,210.5,-125.0,105.0,2.5,104.5,0.0,0,True
2011,2010-11-19,True,False,cha,mia,87,95,23,14,31,19,0,31,25,19,20,0,home,12.0,189.5,700.0,-1100.0,1.0,93.0,0.0,0,True
2011,2010-11-19,True,False,mem,wsh,86,89,24,21,23,18,0,25,18,23,23,0,away,3.5,199.0,-160.0,140.0,1.5,98.5,0.0,0,True
2011,2010-11-19,True,False,mil,phi,79,90,25,18,16,20,0,20,29,23,18,0,away,4.5,188.0,-185.0,165.0,3.5,94.0,0.0,0,True
2011,2010-11-19,True,False,okc,bos,89,84,25,24,28,12,0,23,23,23,15,0,home,9.0,197.5,350.0,-450.0,7.5,97.5,0.0,0,False
2011,2010-11-19,True,False,lal,min,112,95,20,31,33,28,0,21,20,30,24,0,away,9.0,215.0,-550.0,450.0,2.0,103.0,1.0,0,False
2011,2010-11-20,True,False,bkn,den,103,107,25,29,21,28,0,28,31,24,24,0,home,10.0,206.0,500.0,-700.0,4.5,104.0,0.0,1,True
2011,2010-11-20,True,False,ny,lac,124,115,28,30,35,31,0,29,24,32,30,0,home,1.5,210.0,105.0,-125.0,2.0,103.5,0.0,1,False
2011,2010-11-20,True,False,utah,por,103,94,19,26,20,38,0,24,24,26,20,0,home,3.5,191.0,145.0,-165.0,1.0,99.0,0.0,1,False
2011,2010-11-20,True,False,cle,sa,92,116,29,28,18,17,0,28,36,25,27,0,home,10.0,201.0,500.0,-700.0,3.5,101.0,1.0,1,True
2011,2010-11-20,True,False,dal,atl,98,93,28,27,22,21,0,25,18,25,25,0,home,3.0,192.0,130.0,-150.0,4.5,97.0,0.0,0,False
2011,2010-11-20,True,False,mia,mem,95,97,17,22,29,27,0,26,17,25,29,0,away,5.5,193.0,-240.0,200.0,5.0,94.5,0.0,0,True
2011,2010-11-20,True,False,orl,ind,90,86,29,20,22,19,0,26,26,14,20,0,away,5.0,197.0,-225.0,185.0,4.0,97.5,0.0,0,False
2011,2010-11-20,True,False,phx,cha,105,123,25,26,23,31,0,30,25,34,34,0,home,2.5,198.5,120.0,-140.0,0.5,99.0,1.0,1,True
2011,2010-11-20,True,False,okc,mil,82,81,26,21,15,20,0,19,18,19,25,0,home,5.5,188.0,190.0,-230.0,5.0,93.0,0.0,0,False
2011,2010-11-21,True,False,bos,tor,101,102,31,27,17,26,0,23,38,21,20,0,away,5.5,195.0,-240.0,200.0,4.5,99.5,0.0,1,True
2011,2010-11-21,True,False,no,sac,75,71,14,25,20,16,0,16,23,17,15,0,away,5.0,198.5,-200.0,170.0,3.5,99.0,0.0,0,False
2011,2010-11-21,True,False,wsh,det,110,115,17,38,23,24,8,24,28,25,25,13,home,4.0,195.0,150.0,-170.0,4.0,98.0,1.0,1,True
2011,2010-11-21,True,False,gs,lal,89,117,21,20,19,29,0,37,32,26,22,0,home,10.5,218.5,625.0,-850.0,2.5,107.5,1.0,0,True
2011,2010-11-22,True,False,no,lac,95,99,37,20,16,22,0,33,22,22,22,0,away,6.0,196.0,-240.0,200.0,3.5,100.0,0.0,0,True
2011,2010-11-22,True,False,den,gs,106,89,21,30,28,27,0,24,28,19,18,0,away,2.0,219.5,-125.0,105.0,2.5,110.5,1.0,0,False
2011,2010-11-22,True,False,sac,utah,83,94,22,15,19,27,0,20,29,29,16,0,home,10.5,197.5,550.0,-750.0,2.5,98.0,1.0,0,True
2011,2010-11-22,True,False,orl,sa,97,106,30,22,25,20,0,28,25,21,32,0,home,3.5,196.0,145.0,-165.0,2.0,96.0,1.0,1,True
2011,2010-11-22,True,False,bos,atl,99,76,39,25,21,14,0,13,29,14,20,0,home,2.5,192.5,130.0,-150.0,6.5,94.5,0.0,0,False
2011,2010-11-22,True,False,min,okc,107,117,27,27,27,26,0,28,37,25,27,0,home,9.5,215.5,425.0,-550.0,2.5,106.0,1.0,1,True
2011,2010-11-22,True,False,ind,mia,93,77,19,35,20,19,0,22,19,23,13,0,home,9.0,198.0,405.0,-530.0,9.0,99.5,0.0,0,False
2011,2010-11-22,True,False,phx,hou,123,116,26,33,31,33,0,25,20,31,40,0,home,2.0,215.5,110.0,-130.0,4.5,108.5,0.0,1,False
2011,2010-11-23,True,False,chi,lal,91,98,26,23,24,18,0,26,25,23,24,0,home,8.0,204.5,325.0,-400.0,4.5,103.0,0.0,0,True
2011,2010-11-23,True,False,cha,ny,107,110,26,23,26,32,0,32,28,29,21,0,home,3.0,204.5,130.0,-150.0,2.5,101.5,2.0,1,True
2011,2010-11-23,True,False,det,dal,84,88,17,25,19,23,0,24,14,18,32,0,home,9.5,191.5,425.0,-550.0,8.5,93.5,0.0,0,True
2011,2010-11-23,True,False,atl,bkn,101,107,21,22,24,26,8,31,20,19,23,14,away,3.0,190.5,-155.0,135.0,4.0,94.0,0.0,1,True
2011,2010-11-23,True,False,cle,ind,89,100,16,21,19,33,0,24,38,21,17,0,home,5.0,199.5,175.0,-210.0,3.5,97.0,1.0,0,True
2011,2010-11-23,True,False,phi,wsh,114,116,30,22,25,29,8,20,18,35,33,10,home,2.5,196.0,120.0,-140.0,4.5,95.5,0.0,1,True
2011,2010-11-24,True,False,no,utah,87,105,30,21,21,15,0,31,30,19,25,0,home,4.0,193.0,155.0,-175.0,1.0,96.5,1.0,0,True
2011,2010-11-24,True,False,chi,phx,123,115,17,33,22,29,22,36,26,22,17,14,home,2.5,210.0,120.0,-140.0,2.5,104.5,0.0,1,False
2011,2010-11-24,True,False,gs,hou,101,111,23,28,27,23,0,36,23,23,29,0,home,5.5,216.5,200.0,-240.0,0.5,110.5,1.0,0,True
2011,2010-11-24,True,False,sa,min,113,109,18,23,30,35,7,33,22,27,24,3,away,7.5,212.0,-350.0,290.0,8.0,105.0,0.0,1,False
2011,2010-11-24,True,False,det,mem,84,105,21,29,18,16,0,24,23,33,25,0,home,6.5,197.0,240.0,-280.0,6.0,97.5,1.0,0,True
2011,2010-11-24,True,False,dal,okc,111,103,24,31,20,36,0,27,29,25,22,0,home,4.0,198.0,160.0,-180.0,2.5,96.5,0.0,1,False
2011,2010-11-24,True,False,bkn,bos,83,89,17,29,17,20,0,18,20,23,28,0,home,10.5,189.5,600.0,-800.0,10.0,94.0,0.0,0,True
2011,2010-11-24,True,False,phi,tor,90,106,18,25,28,19,0,33,29,25,19,0,home,5.5,205.5,200.0,-240.0,2.5,102.0,1.0,0,True
2011,2010-11-24,True,False,ny,cha,99,95,24,27,30,18,0,25,23,23,24,0,home,5.0,205.5,200.0,-240.0,5.0,102.0,0.0,0,False
2011,2010-11-24,True,False,mil,cle,81,83,22,22,24,13,0,19,15,31,18,0,away,1.5,186.0,-125.0,105.0,2.0,90.5,0.0,0,True
2011,2010-11-24,True,False,mia,orl,95,104,18,25,28,24,0,26,25,23,30,0,home,4.0,189.0,160.0,-180.0,0.5,94.0,1.0,1,True
2011,2010-11-25,True,False,wsh,atl,96,116,18,18,27,33,0,28,25,36,27,0,home,7.0,196.5,260.0,-320.0,0.5,98.5,1.0,1,True
2011,2010-11-25,True,False,sac,lac,82,100,25,25,19,13,0,30,24,30,16,0,home,2.5,193.5,120.0,-140.0,0.5,96.0,1.0,0,True
2011,2010-11-26,True,False,no,por,97,78,26,28,21,22,0,33,15,17,13,0,home,4.0,189.0,155.0,-175.0,4.0,94.0,0.0,0,False
2011,2010-11-26,True,False,gs,mem,111,116,24,29,29,29,0,30,33,24,29,0,home,7.0,210.5,245.0,-290.0,1.0,105.5,0.0,1,True
2011,2010-11-26,True,False,lac,phx,108,116,21,30,30,27,0,42,25,31,18,0,home,9.5,216.0,400.0,-500.0,1.0,107.5,0.0,1,True
2011,2010-11-26,True,False,lal,utah,96,102,33,17,22,24,0,17,29,29,27,0,away,1.0,202.5,-115.0,-105.0,1.0,101.0,0.0,0,True
2011,2010-11-26,True,False,chi,den,97,98,20,18,35,24,0,25,23,28,22,0,home,5.5,203.0,200.0,-240.0,0.5,100.0,0.0,0,True
2011,2010-11-26,True,False,dal,sa,103,94,27,22,22,32,0,29,22,22,21,0,home,4.5,196.5,170.0,-200.0,2.0,96.0,0.0,1,False
2011,2010-11-26,True,False,tor,bos,101,110,20,32,15,34,0,31,27,28,24,0,home,9.0,197.0,425.0,-550.0,3.0,98.0,2.0,1,True
2011,2010-11-26,True,False,phi,mia,90,99,17,30,24,19,0,25,26,22,26,0,home,11.0,196.0,600.0,-800.0,6.0,96.5,0.0,0,True
2011,2010-11-26,True,False,mil,det,89,103,18,25,21,25,0,29,26,20,28,0,away,1.0,182.5,-115.0,-105.0,3.5,89.5,0.0,1,True
2011,2010-11-26,True,False,cle,orl,100,111,22,27,25,26,0,32,30,23,26,0,home,10.5,191.5,550.0,-750.0,2.0,94.0,1.0,1,True
2011,2010-11-26,True,False,hou,cha,89,99,26,26,16,21,0,22,23,27,27,0,home,4.0,197.5,155.0,-175.0,4.0,98.5,1.0,0,True
2011,2010-11-26,True,False,okc,ind,110,106,23,21,27,25,14,20,32,24,20,10,home,2.0,206.0,110.0,-130.0,2.0,100.5,0.0,1,False
2011,2010-11-27,True,False,atl,ny,99,90,32,24,19,24,0,22,16,28,24,0,home,1.0,209.5,100.0,-120.0,5.0,102.5,0.0,0,False
2011,2010-11-27,True,False,orl,wsh,100,99,30,25,19,26,0,20,23,29,27,0,away,7.0,195.0,-300.0,240.0,0.0,96.5,0.0,1,False
2011,2010-11-27,True,False,mem,cle,86,92,32,19,16,19,0,22,23,30,17,0,away,1.0,198.5,-120.0,100.0,1.5,97.5,0.0,0,True
2011,2010-11-27,True,False,bkn,phi,86,102,24,24,18,20,0,27,19,20,36,0,home,1.0,190.5,100.0,-120.0,0.5,93.5,1.0,0,True
2011,2010-11-27,True,False,gs,min,104,94,28,20,36,20,0,26,25,17,26,0,home,2.5,220.0,115.0,-135.0,1.0,109.5,0.0,0,False
2011,2010-11-27,True,False,mia,dal,95,103,26,23,17,29,0,26,25,31,21,0,home,2.0,188.5,110.0,-130.0,1.0,94.5,1.0,1,True
2011,2010-11-27,True,False,cha,mil,101,104,16,37,19,29,0,29,31,22,22,0,home,2.5,181.0,135.0,-160.0,1.0,92.0,1.0,1,True
2011,2010-11-27,True,False,chi,sac,96,85,21,23,25,27,0,28,29,19,9,0,away,3.0,190.5,-170.0,145.0,5.0,95.0,1.0,0,False
2011,2010-11-28,True,False,ind,lal,95,92,23,28,26,18,0,26,19,24,23,0,home,8.5,204.5,470.0,-670.0,10.0,101.5,0.0,0,False
2011,2010-11-28,True,False,phx,den,133,138,18,39,32,44,0,31,37,37,33,0,home,5.0,221.0,170.0,-200.0,1.5,110.0,2.0,1,True
2011,2010-11-28,True,False,okc,hou,98,99,25,17,29,27,0,33,17,27,22,0,away,3.0,210.0,-140.0,120.0,4.0,105.0,0.0,0,True
2011,2010-11-28,True,False,por,bkn,96,98,26,26,26,18,0,23,21,29,25,0,away,4.0,186.0,-215.0,175.0,0.0,92.5,0.0,1,True
2011,2010-11-28,True,False,sa,no,109,95,26,18,28,37,0,34,27,16,18,0,home,0.0,194.0,-105.0,-115.0,5.0,98.5,0.0,1,False
2011,2010-11-28,True,False,ny,det,125,116,28,25,22,24,26,25,30,23,21,17,home,1.5,206.5,105.0,-125.0,0.0,102.0,0.0,1,False
2011,2010-11-28,True,False,atl,tor,96,78,27,25,25,19,0,23,23,11,21,0,away,1.0,205.0,-120.0,100.0,1.0,102.5,1.0,0,False
2011,2010-11-28,True,False,utah,lac,109,97,30,22,27,30,0,32,28,14,23,0,away,6.5,197.5,-300.0,240.0,6.0,102.5,1.0,1,False
2011,2010-11-29,True,False,wsh,mia,94,105,21,23,25,25,0,24,28,28,25,0,home,13.0,196.5,805.0,-1405.0,5.0,98.0,0.0,1,True
2011,2010-11-29,True,False,no,okc,89,95,19,29,22,19,0,23,27,18,27,0,home,3.5,200.5,135.0,-160.0,2.0,96.0,1.0,0,True
2011,2010-11-29,True,False,hou,dal,91,101,26,19,26,20,0,25,27,31,18,0,home,8.5,198.5,420.0,-545.0,3.0,97.5,1.0,0,True
2011,2010-11-29,True,False,mil,utah,88,109,26,26,21,15,0,30,30,20,29,0,home,9.5,187.0,450.0,-600.0,3.0,92.0,1.0,1,True
2011,2010-11-30,True,False,sa,gs,118,98,30,28,33,27,0,26,22,25,25,0,away,4.0,215.0,-190.0,160.0,0.5,105.0,1.0,1,False
2011,2010-11-30,True,False,ind,sac,107,98,22,30,28,27,0,23,29,17,29,0,away,4.0,192.5,-190.0,160.0,3.0,93.0,1.0,1,False
2011,2010-11-30,True,False,lal,mem,96,98,27,22,16,31,0,27,24,19,28,0,away,5.5,204.0,-270.0,220.0,5.0,101.0,0.0,0,True
2011,2010-11-30,True,False,det,orl,79,90,23,22,16,18,0,18,25,21,26,0,home,11.5,192.0,625.0,-875.0,8.5,94.0,0.0,0,True
2011,2010-11-30,True,False,por,phi,79,88,29,17,22,11,0,29,18,19,22,0,away,3.0,192.0,-180.0,150.0,2.5,94.5,0.0,0,True
2011,2010-11-30,True,False,bos,cle,106,87,21,35,24,26,0,23,22,20,22,0,away,7.0,192.0,-350.0,270.0,1.0,92.5,1.0,1,False
2011,2010-11-30,True,False,bkn,ny,100,111,28,30,15,27,0,30,25,33,23,0,home,4.5,205.0,170.0,-200.0,5.0,100.5,1.0,1,True
2011,2010-12-01,True,False,sa,lac,85,90,24,16,28,17,0,25,23,25,17,0,away,7.0,203.5,-320.0,260.0,7.0,99.5,0.0,0,True
2011,2010-12-01,True,False,ind,utah,88,110,17,29,22,20,0,35,19,31,25,0,home,7.5,198.0,310.0,-380.0,2.0,98.5,1.0,2,True
2011,2010-12-01,True,False,mil,den,94,105,22,28,21,23,0,19,26,31,29,0,home,8.5,199.0,350.0,-450.0,8.0,98.0,1.0,2,True
2011,2010-12-01,True,False,lal,hou,99,109,26,30,22,21,0,23,30,23,33,0,away,5.5,205.0,-250.0,210.0,3.0,103.0,0.0,1,True
2011,2010-12-01,True,False,cha,no,73,89,24,18,20,11,0,28,15,22,24,0,home,8.5,186.0,325.0,-400.0,6.0,92.5,1.0,0,True
2011,2010-12-01,True,False,min,dal,86,100,20,23,21,22,0,29,26,28,17,0,home,10.0,205.0,500.0,-700.0,2.0,100.5,1.0,0,True
2011,2010-12-01,True,False,por,bos,95,99,26,23,23,23,0,20,28,31,20,0,home,7.0,187.0,250.0,-300.0,5.0,92.5,0.0,1,True
2011,2010-12-01,True,False,det,mia,72,97,18,24,9,21,0,29,25,19,24,0,home,11.0,191.0,750.0,-1100.0,2.5,94.5,1.0,0,True
2011,2010-12-01,True,False,okc,bkn,123,120,16,28,27,22,30,22,27,13,31,27,away,5.0,192.0,-230.0,190.0,4.0,94.5,0.0,1,False
2011,2010-12-01,True,False,wsh,tor,108,127,25,27,29,27,0,34,38,29,26,0,home,4.5,208.5,170.0,-200.0,3.5,104.0,1.0,1,True
2011,2010-12-01,True,False,mem,atl,109,112,29,28,19,33,0,27,36,23,26,0,home,5.5,196.0,190.0,-230.0,1.5,98.0,0.0,1,True
2011,2010-12-01,True,False,orl,chi,107,78,28,33,24,22,0,22,15,25,16,0,home,2.0,192.0,110.0,-130.0,6.5,93.0,0.0,0,False
2011,2010-12-02,True,False,mia,cle,118,90,31,28,36,23,0,23,17,25,25,0,away,6.0,191.0,-240.0,200.0,3.0,93.0,1.0,1,False
2011,2010-12-02,True,False,phx,gs,107,101,31,21,23,32,0,20,29,23,29,0,home,2.5,227.5,115.0,-135.0,3.0,114.0,0.0,0,False
2011,2010-12-03,True,False,dal,utah,93,81,23,16,27,27,0,20,23,19,19,0,home,4.0,193.0,155.0,-175.0,1.0,95.5,0.0,0,False
2011,2010-12-03,True,False,sac,lal,80,113,16,19,17,28,0,21,31,30,31,0,home,12.5,201.0,900.0,-1400.0,2.0,96.0,1.0,0,True
2011,2010-12-03,True,False,ind,phx,97,105,28,31,17,21,0,20,32,22,31,0,home,1.0,216.0,100.0,-120.0,2.5,106.5,1.0,0,True
2011,2010-12-03,True,False,min,sa,101,107,25,29,32,15,0,25,28,18,36,0,home,12.0,210.0,800.0,-1200.0,8.0,102.5,0.0,0,True
2011,2010-12-03,True,False,chi,bos,92,104,19,29,19,25,0,31,22,29,22,0,home,5.5,190.5,185.0,-225.0,1.5,94.5,1.0,1,True
2011,2010-12-03,True,False,hou,mem,127,111,38,31,29,29,0,31,29,30,21,0,home,4.5,205.0,170.0,-200.0,4.5,101.0,0.0,1,False
2011,2010-12-03,True,False,lac,den,104,109,29,19,29,27,0,25,24,32,28,0,home,9.0,213.0,425.0,-550.0,5.5,104.0,0.0,2,True
2011,2010-12-03,True,False,phi,atl,88,93,26,28,20,14,0,18,28,23,24,0,home,5.5,192.5,200.0,-240.0,5.0,95.0,0.0,0,True
2011,2010-12-03,True,False,orl,det,104,91,24,30,24,26,0,26,29,18,18,0,away,4.0,184.5,-175.0,155.0,3.0,92.0,1.0,1,False
2011,2010-12-03,True,False,okc,tor,99,111,25,34,18,22,0,28,24,34,25,0,away,1.0,209.0,-120.0,100.0,1.0,101.5,0.0,1,True
2011,2010-12-03,True,False,ny,no,100,92,21,34,24,21,0,26,27,20,19,0,home,5.0,204.0,180.0,-220.0,4.5,101.5,0.0,0,False
2011,2010-12-03,True,False,por,wsh,79,83,24,22,10,23,0,18,16,23,26,0,away,4.0,193.5,-175.0,155.0,2.0,96.5,0.0,0,True
2011,2010-12-03,True,False,bkn,cha,84,91,16,16,16,31,5,18,15,27,19,12,home,6.5,184.5,240.0,-280.0,3.5,90.5,1.0,0,True
2011,2010-12-04,True,False,orl,mil,85,96,16,26,20,23,0,24,25,20,27,0,home,4.5,184.0,165.0,-195.0,0.5,90.0,1.0,0,True
2011,2010-12-04,True,False,hou,chi,116,119,23,21,35,30,7,25,31,25,28,10,home,7.0,202.0,250.0,-300.0,0.0,99.5,0.0,1,True
2011,2010-12-04,True,False,dal,sac,105,103,28,26,26,25,0,37,18,25,23,0,away,7.5,186.5,-355.0,295.0,6.0,93.0,0.0,1,False
2011,2010-12-04,True,False,cha,phi,91,109,16,29,22,24,0,32,24,29,24,0,home,3.5,186.5,140.0,-160.0,2.0,93.0,1.0,1,True
2011,2010-12-04,True,False,atl,mia,77,89,15,21,25,16,0,26,24,13,26,0,home,8.5,192.5,365.0,-465.0,0.0,93.5,1.0,0,True
2011,2010-12-04,True,False,cle,min,95,129,24,30,17,24,0,37,36,29,27,0,home,1.0,205.0,100.0,-120.0,3.5,99.5,1.0,1,True
2011,2010-12-05,True,False,bos,bkn,100,75,27,30,23,20,0,25,12,16,22,0,away,5.5,184.5,-245.0,205.0,2.5,90.0,1.0,0,False
2011,2010-12-05,True,False,ny,tor,116,99,33,27,22,34,0,18,32,25,24,0,home,2.0,218.5,110.0,-130.0,3.0,106.5,0.0,0,False
2011,2010-12-05,True,False,cle,det,92,102,24,22,21,25,0,19,32,27,24,0,home,4.5,192.5,170.0,-200.0,0.5,94.5,1.0,1,True
2011,2010-12-05,True,False,no,sa,84,109,23,18,18,25,0,34,34,22,19,0,home,6.5,194.0,245.0,-290.0,3.5,94.5,1.0,0,True
2011,2010-12-05,True,False,gs,okc,109,114,17,25,28,39,0,32,22,36,24,0,home,7.0,216.5,250.0,-300.0,0.5,105.0,0.0,1,True
2011,2010-12-05,True,False,mem,den,107,108,16,31,30,30,0,33,29,14,32,0,home,6.5,214.5,235.0,-275.0,1.5,104.5,0.0,1,True
2011,2010-12-05,True,False,wsh,phx,108,125,31,30,17,30,0,28,36,31,30,0,home,8.0,215.0,305.0,-375.0,4.0,109.5,1.0,1,True
2011,2010-12-05,True,False,lac,por,91,100,15,22,27,27,0,30,29,17,24,0,home,7.0,191.0,245.0,-290.0,2.0,93.5,1.0,2,True
2011,2010-12-06,True,False,okc,chi,90,99,22,26,18,24,0,24,29,29,17,0,home,4.5,204.0,170.0,-200.0,1.5,99.0,1.0,0,True
2011,2010-12-06,True,False,mem,utah,85,94,16,24,25,20,0,20,21,29,24,0,home,10.0,202.5,450.0,-600.0,6.5,100.0,0.0,0,True
2011,2010-12-06,True,False,mia,mil,88,78,25,21,23,19,0,21,14,24,19,0,away,5.0,184.0,-230.0,190.0,1.0,92.0,1.0,0,False
2011,2010-12-06,True,False,sac,lac,91,98,20,24,19,28,0,16,34,29,19,0,home,5.0,198.0,175.0,-210.0,1.5,98.0,1.0,0,True
2011,2010-12-06,True,False,atl,orl,80,74,19,17,18,26,0,19,15,19,21,0,home,7.0,187.5,240.0,-280.0,6.0,91.0,0.0,0,False
2011,2010-12-06,True,False,min,ny,114,121,36,32,18,28,0,32,29,31,29,0,home,6.5,221.5,250.0,-300.0,6.0,109.0,1.0,1,True
2011,2010-12-06,True,False,tor,ind,100,124,18,26,23,33,0,31,37,21,35,0,home,8.0,207.5,270.0,-330.0,2.5,100.0,1.0,1,True
2011,2010-12-07,True,False,bkn,atl,101,116,26,21,24,30,0,27,33,23,33,0,home,6.0,185.5,230.0,-270.0,1.0,92.5,1.0,1,True
2011,2010-12-07,True,False,den,cha,98,100,16,31,29,22,0,21,31,24,24,0,away,1.5,203.0,-125.0,105.0,2.0,101.0,0.0,0,True
2011,2010-12-07,True,False,cle,phi,97,117,26,28,20,23,0,35,31,23,28,0,home,7.0,197.0,250.0,-300.0,0.0,96.0,1.0,1,True
2011,2010-12-07,True,False,det,hou,83,97,24,21,21,17,0,29,25,21,22,0,home,7.0,201.0,250.0,-300.0,1.5,99.5,1.0,0,True
2011,2010-12-07,True,False,gs,dal,100,105,26,22,24,28,0,27,23,21,34,0,home,8.5,205.0,350.0,-450.0,5.0,102.0,0.0,2,True
2011,2010-12-07,True,False,phx,por,99,106,23,24,28,24,0,29,22,18,37,0,home,2.5,203.5,125.0,-145.0,0.5,101.0,1.0,1,True
2011,2010-12-07,True,False,wsh,lal,108,115,23,33,28,24,0,36,33,18,28,0,home,13.5,209.0,1250.0,-2200.0,3.5,106.0,0.0,1,True
2011,2010-12-08,True,False,den,bos,89,105,21,31,17,20,0,35,24,21,25,0,home,9.0,204.5,350.0,-450.0,3.0,101.0,1.0,0,True
2011,2010-12-08,True,False,wsh,sac,91,116,27,18,25,21,0,26,33,33,24,0,home,4.5,203.0,165.0,-185.0,1.5,100.5,1.0,1,True
2011,2010-12-08,True,False,mem,phx,104,98,25,28,25,14,12,22,19,23,28,6,home,4.0,218.5,155.0,-175.0,5.5,107.0,0.0,0,False
2011,2010-12-08,True,False,mia,utah,111,98,28,28,21,34,0,27,23,28,20,0,home,1.0,191.0,100.0,-120.0,1.5,96.5,0.0,1,False
2011,2010-12-08,True,False,gs,sa,94,111,19,28,27,20,0,29,28,29,25,0,home,10.0,213.0,500.0,-700.0,3.0,105.0,1.0,0,True
2011,2010-12-08,True,False,chi,cle,88,83,21,20,19,28,0,15,20,33,15,0,away,7.5,196.5,-340.0,280.0,3.0,96.0,0.0,0,False
2011,2010-12-08,True,False,ind,mil,95,97,27,21,31,16,0,33,23,22,19,0,home,2.0,189.0,110.0,-130.0,1.5,93.0,2.0,1,True
2011,2010-12-08,True,False,det,no,74,93,15,19,23,17,0,22,22,29,20,0,home,10.0,188.0,450.0,-600.0,2.5,93.0,1.0,0,True
2011,2010-12-08,True,False,tor,ny,110,113,32,25,27,26,0,28,31,25,29,0,home,7.0,220.5,250.0,-300.0,4.0,108.0,0.0,1,True
2011,2010-12-08,True,False,lal,lac,87,86,20,21,24,22,0,18,25,28,15,0,away,8.0,204.5,-380.0,310.0,6.5,100.5,0.0,0,False
2011,2010-12-08,True,False,okc,min,111,103,22,31,31,27,0,40,24,22,17,0,away,5.0,216.5,-230.0,190.0,5.0,107.0,1.0,0,False
2011,2010-12-09,True,False,orl,por,83,97,22,24,16,21,0,14,31,22,30,0,away,2.5,184.5,-140.0,120.0,2.0,92.0,0.0,0,True
2011,2010-12-09,True,False,bkn,dal,89,102,19,21,29,20,0,30,25,24,23,0,home,9.5,190.0,500.0,-700.0,1.5,93.5,1.0,1,True
2011,2010-12-09,True,False,bos,phi,102,101,29,27,25,21,0,32,23,25,21,0,away,5.5,189.0,-220.0,180.0,3.0,92.5,0.0,1,False
2011,2010-12-10,True,False,por,phx,101,94,28,33,26,14,0,22,31,20,21,0,home,5.0,202.0,170.0,-200.0,5.0,100.5,0.0,0,False
2011,2010-12-10,True,False,mia,gs,106,84,26,22,36,22,0,20,25,20,19,0,away,9.5,206.0,-480.0,380.0,5.0,103.0,1.0,0,False
2011,2010-12-10,True,False,atl,sa,92,108,21,27,21,23,0,26,27,18,37,0,home,8.0,195.0,330.0,-420.0,3.5,95.5,1.0,1,True
2011,2010-12-10,True,False,hou,mil,91,97,24,19,28,20,0,27,20,26,24,0,home,4.0,195.0,150.0,-170.0,1.5,95.5,1.0,0,True
2011,2010-12-10,True,False,lal,chi,84,88,22,10,26,26,0,12,24,30,22,0,away,2.0,198.0,-130.0,110.0,2.0,96.5,0.0,0,True
2011,2010-12-10,True,False,orl,utah,105,117,31,26,15,33,0,30,28,24,35,0,home,3.0,192.5,140.0,-160.0,2.0,95.0,1.0,1,True
2011,2010-12-10,True,False,okc,no,97,92,31,21,22,23,0,32,27,12,21,0,home,3.0,196.5,135.0,-155.0,0.0,97.0,0.0,0,False
2011,2010-12-10,True,False,cha,ind,92,100,22,28,19,23,0,30,27,22,21,0,home,6.5,193.5,240.0,-280.0,1.0,94.5,1.0,0,True
2011,2010-12-10,True,False,den,tor,123,116,39,35,24,25,0,33,32,21,30,0,home,1.0,217.0,-135.0,115.0,3.0,108.5,0.0,1,False
2011,2010-12-10,True,False,ny,wsh,101,95,19,30,27,25,0,23,31,19,22,0,away,3.0,218.0,-150.0,130.0,3.0,108.0,1.0,0,False
2011,2010-12-10,True,False,det,min,99,109,23,24,23,29,0,19,31,26,33,0,home,4.0,200.5,150.0,-170.0,2.0,97.5,1.0,1,True
2011,2010-12-11,True,False,cle,hou,95,110,29,29,17,20,0,37,29,26,18,0,home,8.0,204.5,350.0,-450.0,2.0,102.0,1.0,1,True
2011,2010-12-11,True,False,mem,lac,84,83,19,22,22,21,0,27,20,19,17,0,home,0.0,198.5,-110.0,-110.0,1.5,97.5,0.0,0,False
2011,2010-12-11,True,False,ind,atl,83,97,14,21,25,23,0,16,32,27,22,0,home,3.5,193.5,145.0,-165.0,2.0,94.5,1.0,0,True
2011,2010-12-11,True,False,bos,cha,93,62,20,22,22,29,0,16,16,15,15,0,away,7.5,186.0,-300.0,250.0,1.0,91.5,1.0,0,False
2011,2010-12-11,True,False,tor,det,120,116,28,25,30,37,0,29,43,27,17,0,home,2.0,203.5,115.0,-135.0,3.5,100.0,0.0,1,False
2011,2010-12-11,True,False,min,chi,82,113,18,19,28,17,0,27,31,29,26,0,home,10.0,207.0,500.0,-650.0,1.0,100.5,1.0,0,True
2011,2010-12-11,True,False,utah,dal,97,103,19,23,28,27,0,34,20,27,22,0,home,6.0,194.5,210.0,-250.0,1.5,101.5,2.0,1,True
2011,2010-12-11,True,False,mia,sac,104,83,17,30,31,26,0,24,18,20,21,0,away,10.0,193.5,-650.0,500.0,4.5,95.0,1.0,0,False
2011,2010-12-12,True,False,cle,okc,77,106,17,28,13,19,0,31,25,30,20,0,home,13.0,204.5,950.0,-1500.0,4.0,98.5,1.0,0,True
2011,2010-12-12,True,False,por,sa,78,95,17,23,21,17,0,26,24,23,22,0,home,7.5,192.5,280.0,-340.0,0.5,95.0,1.0,0,True
2011,2010-12-12,True,False,orl,lac,94,85,35,24,10,25,0,14,26,19,26,0,away,7.5,190.5,-380.0,310.0,1.5,92.0,1.0,0,False
2011,2010-12-12,True,False,den,ny,125,129,24,41,24,36,0,35,31,31,32,0,home,2.5,221.5,120.0,-140.0,1.5,109.0,1.0,1,True
2011,2010-12-12,True,False,no,phi,70,88,13,10,23,24,0,20,25,22,21,0,away,1.0,188.5,-115.0,-105.0,5.5,92.5,0.0,0,True
2011,2010-12-12,True,False,lal,bkn,99,92,30,22,17,30,0,24,18,25,25,0,away,8.5,194.0,-450.0,350.0,2.0,96.5,0.0,0,False
2011,2010-12-13,True,False,gs,utah,95,108,23,23,24,25,0,20,23,31,34,0,home,11.5,207.5,600.0,-800.0,9.0,104.5,1.0,0,True
2011,2010-12-13,True,False,mil,dal,103,99,15,28,32,28,0,25,27,22,25,0,home,7.5,183.5,300.0,-360.0,2.0,90.5,0.0,1,False
2011,2010-12-13,True,False,ind,chi,73,92,18,23,17,15,0,27,16,22,27,0,home,9.0,191.5,400.0,-500.0,5.0,92.0,1.0,0,True
2011,2010-12-13,True,False,no,mia,84,96,23,31,21,9,0,25,28,29,14,0,home,12.0,187.5,675.0,-950.0,7.5,92.0,2.0,0,True
2011,2010-12-13,True,False,por,mem,73,86,18,24,22,9,0,23,26,12,25,0,home,3.5,187.0,140.0,-160.0,0.5,92.0,1.0,0,True
2011,2010-12-14,True,False,phi,bkn,82,77,26,14,19,23,0,20,14,21,22,0,away,1.5,190.5,-125.0,105.0,1.5,91.0,1.0,0,False
2011,2010-12-14,True,False,tor,cha,91,97,29,24,19,19,0,20,27,25,25,0,home,4.5,203.5,180.0,-220.0,4.0,100.5,1.0,0,True
2011,2010-12-14,True,False,lal,wsh,103,89,22,35,35,11,0,24,22,24,19,0,away,10.0,204.0,-900.0,650.0,2.5,100.5,1.0,0,False
2011,2010-12-14,True,False,atl,det,80,103,19,18,24,19,0,28,21,15,39,0,away,4.0,186.5,-200.0,170.0,5.0,91.0,0.0,0,True
2011,2010-12-14,True,False,sac,hou,105,118,30,18,24,33,0,27,31,33,27,0,home,9.5,203.0,425.0,-550.0,2.5,99.0,1.0,1,True
2011,2010-12-14,True,False,orl,den,94,111,31,24,23,16,0,29,32,18,32,0,away,2.0,205.0,-130.0,110.0,3.0,101.0,0.0,2,True
2011,2010-12-14,True,False,min,gs,99,108,25,26,25,23,0,17,37,25,29,0,home,3.5,215.5,140.0,-160.0,1.5,107.0,1.0,0,True
2011,2010-12-15,True,False,por,dal,98,103,14,25,29,30,0,17,34,27,25,0,home,7.0,184.5,249.0,-279.0,0.0,92.0,0.0,1,True
2011,2010-12-15,True,False,mil,sa,90,92,20,15,28,27,0,25,26,20,21,0,home,9.0,190.0,394.0,-461.0,1.5,93.5,0.0,0,True
2011,2010-12-15,True,False,cha,mem,80,113,20,16,19,25,0,24,35,25,29,0,home,8.5,186.0,342.0,-398.0,2.5,91.5,1.0,1,True
2011,2010-12-15,True,False,sac,no,91,94,29,28,20,14,0,23,18,28,25,0,home,10.0,187.5,501.0,-624.0,10.0,92.0,0.0,0,True
2011,2010-12-15,True,False,hou,okc,105,117,31,25,20,29,0,31,31,25,30,0,home,8.0,208.5,304.0,-346.0,3.0,101.0,1.0,1,True
2011,2010-12-15,True,False,min,phx,122,128,30,26,30,36,0,31,25,35,37,0,home,10.0,223.5,530.0,-670.0,6.0,110.0,0.0,1,True
2011,2010-12-15,True,False,lac,phi,91,105,29,27,18,17,0,28,25,34,18,0,home,5.5,193.0,201.0,-229.0,5.5,94.0,1.0,1,True
2011,2010-12-15,True,False,lal,ind,109,94,36,23,28,22,0,22,15,32,25,0,away,4.0,196.0,-177.0,161.0,4.0,94.5,1.0,1,False
2011,2010-12-15,True,False,bos,ny,118,116,24,27,32,35,0,32,26,32,26,0,away,4.0,205.0,-181.0,164.0,4.0,100.0,0.0,1,False
2011,2010-12-15,True,False,chi,tor,110,93,23,40,28,19,0,18,26,20,29,0,away,6.5,200.5,-234.0,206.0,2.5,97.5,1.0,1,False
2011,2010-12-15,True,False,cle,mia,95,101,26,23,22,24,0,24,22,27,28,0,home,16.5,194.0,2875.0,-4625.0,11.0,95.5,0.0,1,True
2011,2010-12-16,True,False,wsh,bkn,89,97,17,21,29,22,0,32,23,19,23,0,home,6.5,192.0,225.0,-275.0,2.0,96.5,1.0,0,True
2011,2010-12-16,True,False,atl,bos,90,102,20,23,26,21,0,22,22,31,27,0,home,7.5,185.5,280.0,-360.0,4.5,92.0,1.0,1,True
2011,2010-12-16,True,False,sa,den,113,112,28,29,28,28,0,37,23,24,28,0,home,0.0,211.0,-105.0,-115.0,0.0,106.0,0.0,1,False
2011,2010-12-17,True,False,min,por,102,107,24,30,24,24,0,25,36,21,25,0,home,8.5,201.0,375.0,-475.0,2.0,100.5,0.0,1,True
2011,2010-12-17,True,False,phx,dal,91,106,25,17,17,32,0,22,32,26,26,0,home,7.0,212.5,280.0,-340.0,2.5,102.5,1.0,0,True
2011,2010-12-17,True,False,mem,hou,87,103,13,20,27,27,0,34,27,28,14,0,home,2.5,206.5,120.0,-140.0,5.0,101.0,1.0,0,True
2011,2010-12-17,True,False,utah,no,71,100,14,19,21,17,0,21,29,31,19,0,away,1.5,193.0,-125.0,105.0,5.0,100.5,0.0,0,True
2011,2010-12-17,True,False,sac,okc,87,102,22,24,21,20,0,21,32,19,30,0,home,11.5,202.5,700.0,-1000.0,4.5,97.5,1.0,0,True
2011,2010-12-17,True,False,cle,ind,99,108,23,25,26,25,0,19,34,31,24,0,home,9.0,198.0,350.0,-450.0,4.0,97.0,2.0,1,True
2011,2010-12-17,True,False,lac,det,109,88,25,26,29,29,0,19,27,16,26,0,home,3.0,191.5,130.0,-150.0,3.0,94.0,0.0,1,False
2011,2010-12-17,True,False,lal,phi,93,81,18,26,14,35,0,21,18,23,19,0,away,5.5,196.5,-240.0,200.0,1.5,96.5,1.0,0,False
2011,2010-12-17,True,False,mia,ny,113,91,34,23,33,23,0,25,32,17,17,0,away,5.0,209.0,-210.0,175.0,4.0,104.0,1.0,0,False
2011,2010-12-17,True,False,bkn,tor,92,98,23,25,23,21,0,21,21,27,29,0,home,5.5,203.0,200.0,-240.0,4.5,100.5,1.0,0,True
2011,2010-12-17,True,False,cha,atl,85,90,20,19,19,27,0,25,21,22,22,0,home,7.0,182.5,260.0,-320.0,2.5,90.5,0.0,0,True
2011,2010-12-18,True,False,utah,mil,95,86,19,24,28,24,0,25,21,22,18,0,home,1.5,188.0,105.0,-125.0,0.0,97.0,0.0,0,False
2011,2010-12-18,True,False,min,den,113,115,27,23,25,38,0,35,27,26,27,0,home,10.5,227.0,620.0,-820.0,2.0,110.5,0.0,1,True
2011,2010-12-18,True,False,mem,sa,106,112,31,18,22,29,6,28,25,27,20,12,home,11.5,197.5,700.0,-1000.0,6.0,96.0,0.0,1,True
2011,2010-12-18,True,False,gs,por,95,96,18,24,23,30,0,21,30,23,22,0,home,5.5,198.0,190.0,-230.0,0.0,100.0,0.0,0,True
2011,2010-12-18,True,False,ny,cle,102,109,27,25,22,19,9,21,28,25,19,16,away,5.0,210.5,-230.0,190.0,2.5,102.5,0.0,1,True
2011,2010-12-18,True,False,mia,wsh,95,94,19,27,26,23,0,25,22,27,20,0,away,12.0,194.5,-1500.0,1000.0,9.0,96.5,0.0,0,False
2011,2010-12-18,True,False,lac,chi,100,99,28,33,22,17,0,31,22,23,23,0,home,8.5,194.0,425.0,-550.0,7.5,96.5,0.0,1,False
2011,2010-12-18,True,False,phi,orl,97,89,20,20,31,26,0,21,18,25,25,0,home,6.5,187.0,250.0,-300.0,4.5,92.0,0.0,0,False
2011,2010-12-19,True,False,ind,bos,88,99,23,25,17,23,0,30,21,18,30,0,home,7.5,194.0,400.0,-500.0,4.0,95.5,1.0,0,True
2011,2010-12-19,True,False,atl,bkn,82,89,30,13,19,20,0,23,20,19,27,0,away,3.0,183.0,-165.0,145.0,2.5,90.5,0.0,0,True
2011,2010-12-19,True,False,lal,tor,120,110,28,29,29,34,0,34,15,30,31,0,away,8.0,208.0,-385.0,315.0,2.5,103.5,1.0,1,False
2011,2010-12-19,True,False,hou,sac,102,93,26,26,27,23,0,31,26,24,12,0,away,3.5,206.0,-165.0,145.0,3.5,102.0,1.0,0,False
2011,2010-12-19,True,False,no,det,108,111,20,31,27,22,8,20,21,31,28,11,away,5.0,184.5,-210.0,175.0,0.5,91.5,0.0,1,True
2011,2010-12-19,True,False,phx,okc,113,110,25,29,28,31,0,23,22,40,25,0,home,9.5,214.5,500.0,-650.0,8.5,106.5,0.0,1,False
2011,2010-12-20,True,False,no,ind,93,94,16,27,26,24,0,24,28,16,26,0,home,3.5,192.0,145.0,-165.0,1.5,93.5,0.0,0,True
2011,2010-12-20,True,False,hou,gs,121,112,26,24,31,40,0,26,20,29,37,0,away,2.5,213.5,-140.0,120.0,0.5,105.0,1.0,1,False
2011,2010-12-20,True,False,min,lac,90,113,31,27,21,11,0,34,34,26,19,0,home,5.0,214.5,180.0,-220.0,0.5,106.5,1.0,0,True
2011,2010-12-20,True,False,mil,por,80,106,18,17,25,20,0,25,34,19,28,0,home,3.0,177.5,135.0,-155.0,4.0,88.5,1.0,1,True
2011,2010-12-20,True,False,phx,sa,110,118,26,28,24,32,0,27,26,40,25,0,home,11.0,213.0,625.0,-850.0,7.5,107.5,0.0,1,True
2011,2010-12-20,True,False,orl,atl,81,91,14,24,20,23,0,20,23,22,26,0,away,3.0,190.0,-150.0,130.0,3.0,94.5,0.0,0,True
2011,2010-12-20,True,False,cha,wsh,75,108,25,20,11,19,0,32,18,31,27,0,home,3.0,186.5,135.0,-155.0,0.0,93.5,1.0,0,True
2011,2010-12-20,True,False,utah,cle,101,90,24,25,27,25,0,20,24,20,26,0,away,6.5,195.0,-280.0,240.0,2.0,99.0,1.0,0,False
2011,2010-12-20,True,False,dal,mia,98,96,23,20,22,33,0,22,22,24,28,0,home,6.5,193.0,250.0,-300.0,4.5,95.5,0.0,1,False
2011,2010-12-21,True,False,gs,sac,117,109,26,23,21,32,15,18,30,36,18,7,home,3.0,205.0,135.0,-155.0,2.5,103.0,0.0,1,False
2011,2010-12-21,True,False,mil,lal,98,79,25,25,22,26,0,22,24,20,13,0,home,12.0,190.0,850.0,-1250.0,10.0,96.5,0.0,0,False
2011,2010-12-21,True,False,phi,chi,76,121,19,24,11,22,0,33,28,31,29,0,home,5.0,191.5,190.0,-230.0,3.5,94.5,1.0,1,True
2011,2010-12-21,True,False,okc,cha,99,81,21,24,23,31,0,23,17,29,12,0,away,7.0,191.0,-300.0,250.0,2.5,93.0,1.0,0,False
2011,2010-12-21,True,False,dal,orl,105,99,27,22,27,29,0,21,24,27,27,0,home,2.5,191.5,125.0,-145.0,2.0,95.5,0.0,1,False
2011,2010-12-21,True,False,bkn,mem,101,94,26,19,28,28,0,18,25,24,27,0,home,7.0,189.5,230.0,-270.0,5.5,94.0,0.0,1,False
2011,2010-12-22,True,False,den,sa,103,109,27,29,33,14,0,26,33,21,29,0,home,8.0,212.0,305.0,-375.0,4.0,104.5,0.0,2,True
2011,2010-12-22,True,False,utah,min,112,107,20,25,26,41,0,29,27,27,24,0,away,6.0,208.5,-260.0,220.0,6.5,108.5,0.0,1,False
2011,2010-12-22,True,False,bkn,no,91,105,29,21,13,28,0,32,25,26,22,0,home,8.5,186.0,370.0,-470.0,3.0,93.0,1.0,1,True
2011,2010-12-22,True,False,okc,ny,98,112,28,27,23,20,0,27,36,27,22,0,home,1.5,216.5,100.0,-120.0,2.0,106.0,1.0,0,True
2011,2010-12-22,True,False,hou,lac,97,92,32,24,18,23,0,28,15,19,30,0,home,1.0,206.5,100.0,-120.0,4.0,101.5,0.0,0,False
2011,2010-12-22,True,False,chi,wsh,87,80,29,17,27,14,0,33,17,20,10,0,away,3.5,194.0,-165.0,145.0,3.0,98.0,1.0,0,False
2011,2010-12-22,True,False,cle,atl,84,98,22,24,23,15,0,17,32,28,21,0,home,9.5,191.0,425.0,-550.0,5.0,94.5,1.0,0,True
2011,2010-12-22,True,False,det,tor,115,93,24,38,24,29,0,23,21,24,25,0,home,5.0,207.5,175.0,-210.0,6.5,101.0,0.0,1,False
2011,2010-12-22,True,False,phi,bos,80,84,17,27,17,19,0,23,15,26,20,0,home,9.0,191.5,350.0,-450.0,8.5,94.0,0.0,0,True
2011,2010-12-23,True,False,sa,orl,101,123,26,27,23,25,0,28,34,35,26,0,home,2.0,198.5,110.0,-130.0,2.5,100.0,1.0,1,True
2011,2010-12-23,True,False,mil,sac,84,79,24,19,19,22,0,25,14,25,15,0,away,2.5,183.5,-135.0,115.0,0.0,90.0,1.0,0,False
2011,2010-12-23,True,False,mia,phx,95,83,19,26,27,23,0,22,17,20,24,0,away,5.0,208.0,-230.0,190.0,1.5,102.0,1.0,0,False
2011,2010-12-25,True,False,chi,ny,95,103,20,34,29,12,0,21,31,33,18,0,home,2.5,207.0,120.0,-140.0,2.0,103.0,1.0,0,True
2011,2010-12-25,True,False,bos,orl,78,86,20,26,17,15,0,19,17,21,29,0,home,2.5,191.0,120.0,-140.0,4.5,94.5,1.0,0,True
2011,2010-12-25,True,False,mia,lal,96,80,20,27,28,21,0,14,24,26,16,0,home,3.5,194.0,150.0,-170.0,5.0,97.0,0.0,0,False
2011,2010-12-25,True,False,den,okc,106,114,34,24,27,21,0,26,30,32,26,0,home,6.5,213.5,230.0,-270.0,5.5,105.0,1.0,1,True
2011,2010-12-25,True,False,por,gs,102,109,28,29,23,22,0,25,31,22,31,0,home,3.0,202.5,130.0,-150.0,2.5,103.5,1.0,1,True
2011,2010-12-26,True,False,mem,ind,104,90,32,19,26,27,0,20,26,18,26,0,home,4.5,197.5,175.0,-210.0,3.5,97.0,0.0,0,False
2011,2010-12-26,True,False,phi,den,95,89,13,30,23,29,0,25,21,25,18,0,home,3.5,207.5,155.0,-185.0,1.5,101.0,0.0,0,False
2011,2010-12-26,True,False,atl,no,86,93,27,28,16,15,0,25,21,28,19,0,home,3.5,184.0,145.0,-170.0,4.5,91.5,1.0,0,True
2011,2010-12-26,True,False,wsh,sa,80,94,23,19,23,15,0,27,21,33,13,0,home,13.5,201.0,1000.0,-1700.0,6.5,100.0,1.0,0,True
2011,2010-12-26,True,False,min,cle,98,97,17,34,19,28,0,28,21,24,24,0,home,2.0,209.0,115.0,-135.0,2.0,102.0,0.0,0,False
2011,2010-12-26,True,False,chi,det,95,92,23,17,28,17,10,15,19,23,28,7,away,4.5,190.0,-215.0,175.0,1.0,93.0,0.0,0,False
2011,2010-12-26,True,False,phx,lac,103,108,18,31,29,25,0,33,28,18,29,0,home,0.0,207.5,-110.0,-110.0,3.5,102.0,1.0,1,True
2011,2010-12-27,True,False,lac,sac,100,99,28,30,18,24,0,21,28,27,23,0,away,1.0,196.0,-106.0,-104.0,2.5,96.0,2.0,1,False
2011,2010-12-27,True,False,por,utah,96,91,20,25,21,30,0,27,20,19,25,0,home,7.5,191.0,305.0,-370.0,5.0,94.5,0.0,0,False
2011,2010-12-27,True,False,wsh,hou,93,100,27,21,25,20,0,28,19,21,32,0,home,9.5,205.5,425.0,-550.0,6.5,102.5,0.0,0,True
2011,2010-12-27,True,False,no,min,98,113,35,22,20,21,0,27,27,28,31,0,away,4.0,202.0,-175.0,155.0,1.5,98.5,0.0,1,True
2011,2010-12-27,True,False,phi,gs,95,110,30,19,22,24,0,25,30,21,34,0,home,4.0,204.0,150.0,-170.0,1.0,101.0,1.0,1,True
2011,2010-12-27,True,False,atl,mil,95,80,29,28,20,18,0,18,24,25,13,0,home,2.0,179.5,115.0,-135.0,5.0,88.0,0.0,0,False
2011,2010-12-27,True,False,dal,okc,103,93,34,22,23,24,0,29,27,25,12,0,home,1.5,201.0,115.0,-135.0,3.5,95.0,0.0,0,False
2011,2010-12-27,True,False,det,cha,100,105,26,14,29,31,0,26,30,29,20,0,home,5.5,193.5,200.0,-240.0,2.5,95.0,0.0,1,True
2011,2010-12-27,True,False,orl,bkn,104,88,24,27,30,23,0,25,19,25,19,0,away,6.5,190.5,-270.0,230.0,1.5,93.0,1.0,1,False
2011,2010-12-27,True,False,tor,mem,85,96,24,20,19,22,0,16,32,29,19,0,home,6.5,208.5,235.0,-275.0,3.0,102.0,1.0,0,True
2011,2010-12-28,True,False,por,den,77,95,21,20,17,19,0,25,23,30,17,0,home,7.0,203.0,260.0,-320.0,2.5,100.0,1.0,0,True
2011,2010-12-28,True,False,lal,sa,82,97,18,26,18,20,0,27,15,29,26,0,home,3.0,199.0,140.0,-160.0,2.5,99.5,1.0,0,True
2011,2010-12-28,True,False,tor,dal,84,76,23,23,18,20,0,13,27,19,17,0,home,10.0,204.5,500.0,-700.0,9.0,100.5,0.0,0,False
2011,2010-12-28,True,False,mil,chi,77,90,15,30,17,15,0,27,17,23,23,0,home,9.0,179.0,400.0,-500.0,6.5,89.0,1.0,0,True
2011,2010-12-28,True,False,orl,cle,110,95,30,30,15,35,0,33,24,17,21,0,away,7.5,194.0,-380.0,310.0,4.0,94.5,1.0,1,False
2011,2010-12-28,True,False,bos,ind,95,83,19,26,21,29,0,26,21,20,16,0,away,5.5,191.5,-235.0,195.0,4.5,93.0,1.0,0,False
2011,2010-12-28,True,False,ny,mia,98,106,18,22,25,33,0,34,19,27,26,0,home,8.5,204.0,375.0,-475.0,0.5,98.0,0.0,2,True
2011,2010-12-29,True,False,mia,hou,125,119,35,24,29,37,0,28,34,22,35,0,away,5.0,198.5,-230.0,190.0,5.0,99.5,1.0,1,False
2011,2010-12-29,True,False,utah,lac,103,95,23,28,30,22,0,31,26,13,25,0,away,2.0,194.5,-125.0,105.0,3.0,99.0,1.0,1,False
2011,2010-12-29,True,False,mem,sac,98,100,27,24,23,24,0,24,26,20,30,0,away,4.0,196.0,-200.0,170.0,3.0,96.5,0.0,1,True
2011,2010-12-29,True,False,phi,phx,123,110,33,33,26,31,0,35,30,21,24,0,home,6.0,207.0,205.0,-245.0,4.0,103.5,0.0,1,False
2011,2010-12-29,True,False,den,min,119,113,23,30,29,37,0,30,29,24,30,0,home,3.0,218.0,125.0,-145.0,0.0,107.0,0.0,1,False
2011,2010-12-29,True,False,cle,cha,92,101,20,24,23,25,0,33,24,24,20,0,home,7.5,197.5,270.0,-330.0,0.0,97.5,1.0,0,True
2011,2010-12-29,True,False,bkn,okc,93,114,24,22,24,23,0,24,33,31,26,0,home,9.0,196.5,375.0,-475.0,1.0,96.0,1.0,1,True
2011,2010-12-29,True,False,bos,det,92,104,21,16,25,30,0,27,18,29,30,0,away,6.5,186.0,-260.0,220.0,4.5,91.5,0.0,1,True
2011,2010-12-29,True,False,gs,atl,93,103,27,20,22,24,0,29,23,26,25,0,home,7.5,205.5,270.0,-330.0,3.0,104.0,1.0,0,True
2011,2010-12-29,True,False,ind,wsh,90,104,19,25,23,23,0,19,25,28,32,0,home,2.5,196.0,130.0,-150.0,2.0,96.0,1.0,0,True
2011,2010-12-29,True,False,lal,no,103,88,26,33,24,20,0,23,18,19,28,0,away,3.0,190.5,-155.0,135.0,2.5,94.0,1.0,1,False
2011,2010-12-30,True,False,ny,orl,103,112,23,21,27,32,0,22,40,20,30,0,home,7.5,213.5,300.0,-360.0,1.0,104.5,1.0,1,True
2011,2010-12-30,True,False,sa,dal,99,93,29,24,18,28,0,27,19,18,29,0,away,4.0,190.5,-165.0,145.0,0.0,95.0,1.0,1,False
2011,2010-12-30,True,False,utah,por,89,100,25,16,27,21,0,29,17,33,21,0,home,1.0,188.0,-105.0,-115.0,1.5,95.5,1.0,1,True
2011,2010-12-31,True,False,phi,lal,98,102,19,25,29,25,0,29,23,30,20,0,home,10.0,199.5,500.0,-650.0,3.5,98.0,0.0,1,True
2011,2010-12-31,True,False,det,phx,75,92,14,18,26,17,0,24,26,18,24,0,home,7.0,208.0,250.0,-300.0,1.5,101.0,1.0,0,True
2011,2010-12-31,True,False,atl,okc,94,103,24,29,26,15,0,33,27,23,20,0,home,5.0,196.0,190.0,-230.0,0.5,95.0,1.0,1,True
2011,2010-12-31,True,False,tor,hou,105,114,34,21,20,30,0,20,42,22,30,0,home,9.0,212.5,350.0,-450.0,3.5,106.0,2.0,1,True
2011,2010-12-31,True,False,wsh,ind,86,95,22,12,28,24,0,25,24,27,19,0,home,6.5,195.5,215.0,-255.0,1.0,95.5,1.0,0,True
2011,2010-12-31,True,False,gs,cha,96,95,30,22,25,19,0,28,18,24,25,0,home,4.0,205.5,150.0,-170.0,3.5,102.0,0.0,0,False
2011,2010-12-31,True,False,bkn,chi,81,90,21,23,19,18,0,23,23,24,20,0,home,10.5,187.0,500.0,-650.0,6.0,92.0,0.0,0,True
2011,2010-12-31,True,False,no,bos,83,81,23,14,29,17,0,19,20,18,24,0,home,5.0,185.0,180.0,-220.0,2.5,90.5,0.0,0,False
2011,2011-01-01,True,False,sac,den,86,104,23,16,21,26,0,23,28,18,35,0,home,11.0,208.5,650.0,-900.0,2.5,101.5,1.0,0,True
2011,2011-01-01,True,False,mem,utah,92,98,21,17,31,23,0,21,27,23,27,0,home,7.5,197.0,250.0,-300.0,1.5,98.5,0.0,0,True
2011,2011-01-01,True,False,dal,mil,87,99,18,32,21,16,0,25,27,21,26,0,away,2.0,179.0,-130.0,110.0,2.0,88.5,0.0,1,True
2011,2011-01-01,True,False,okc,sa,74,101,17,19,17,21,0,31,18,28,24,0,home,6.5,203.5,290.0,-350.0,0.5,98.5,1.0,0,True
2011,2011-01-01,True,False,cle,chi,91,100,28,33,9,21,0,24,29,32,15,0,home,13.0,189.0,1000.0,-1700.0,11.0,93.0,0.0,1,True
2011,2011-01-01,True,False,gs,mia,107,114,36,36,12,23,0,28,30,25,31,0,home,12.0,205.0,800.0,-1200.0,15.0,103.5,0.0,1,True
2011,2011-01-01,True,False,no,wsh,92,81,24,18,26,24,0,23,24,15,19,0,away,1.0,186.5,-120.0,100.0,2.0,92.0,1.0,0,False
2011,2011-01-01,True,False,bkn,min,88,103,29,26,9,24,0,36,18,23,26,0,home,5.5,204.0,190.0,-230.0,4.0,101.5,1.0,0,True
2011,2011-01-02,True,False,phx,sac,89,94,27,21,25,16,0,17,22,26,29,0,away,5.0,207.0,-230.0,190.0,0.5,102.0,0.0,0,True
2011,2011-01-02,True,False,hou,por,85,100,25,23,14,23,0,27,27,25,21,0,home,3.5,199.5,150.0,-170.0,0.0,98.0,1.0,0,True
2011,2011-01-02,True,False,dal,cle,104,95,27,28,24,25,0,25,22,22,26,0,away,5.0,189.5,-230.0,190.0,0.5,91.5,1.0,1,False
2011,2011-01-02,True,False,mem,lal,104,85,23,25,31,25,0,18,21,23,23,0,home,9.0,197.0,475.0,-625.0,10.5,97.0,0.0,0,False
2011,2011-01-02,True,False,atl,lac,107,98,18,24,28,37,0,31,22,21,24,0,away,2.0,189.0,-130.0,110.0,3.5,92.5,1.0,1,False
2011,2011-01-02,True,False,ind,ny,92,98,32,23,22,15,0,30,25,24,19,0,home,7.0,212.0,250.0,-300.0,4.5,104.0,0.0,0,True
2011,2011-01-02,True,False,bos,tor,93,79,24,19,28,22,0,23,19,20,17,0,away,6.0,197.5,-245.0,205.0,3.5,96.5,1.0,0,False
2011,2011-01-03,True,False,mia,cha,96,82,23,24,31,18,0,28,15,16,23,0,away,9.5,188.0,-550.0,425.0,5.0,93.5,1.0,0,False
2011,2011-01-03,True,False,gs,orl,90,110,28,25,18,19,0,24,20,35,31,0,home,11.0,211.0,600.0,-800.0,11.5,105.5,1.0,0,True
2011,2011-01-03,True,False,min,bos,93,96,25,22,26,20,0,17,26,27,26,0,home,8.0,203.5,350.0,-425.0,6.5,99.5,0.0,0,True
2011,2011-01-03,True,False,phi,no,77,84,26,14,18,19,0,23,20,25,16,0,home,6.0,189.5,220.0,-260.0,3.0,92.5,1.0,0,True
2011,2011-01-03,True,False,det,utah,97,102,28,23,28,18,0,25,28,25,24,0,home,9.0,192.5,400.0,-500.0,5.5,97.0,0.0,1,True
2011,2011-01-03,True,False,hou,den,106,113,21,31,29,25,0,25,27,29,32,0,home,7.0,218.0,260.0,-320.0,5.0,107.0,2.0,1,True
2011,2011-01-04,True,False,det,lal,83,108,19,23,17,24,0,24,21,31,32,0,home,12.0,195.5,805.0,-1405.0,7.0,96.5,1.0,0,True
2011,2011-01-04,True,False,atl,sac,108,102,27,27,23,31,0,23,17,23,39,0,away,5.0,190.0,-225.0,185.0,1.5,92.5,1.0,1,False
2011,2011-01-04,True,False,okc,mem,105,110,27,28,22,28,0,31,24,24,31,0,away,1.5,198.5,-130.0,110.0,1.0,95.5,0.0,1,True
2011,2011-01-04,True,False,por,dal,81,84,24,16,20,21,0,24,19,19,22,0,home,2.5,181.5,125.0,-145.0,0.5,89.5,1.0,0,True
2011,2011-01-04,True,False,sa,ny,115,128,35,34,26,20,0,36,36,29,27,0,away,5.5,208.5,-250.0,200.0,5.0,102.5,0.0,1,True
2011,2011-01-04,True,False,mil,mia,89,101,20,31,19,19,0,26,21,26,28,0,home,9.5,182.0,500.0,-700.0,9.0,88.5,1.0,1,True
2011,2011-01-04,True,False,tor,chi,91,111,27,14,28,22,0,29,30,22,30,0,home,9.5,199.0,400.0,-525.0,0.5,97.0,1.0,1,True
2011,2011-01-05,True,False,lal,phx,99,95,31,18,31,19,0,24,26,23,22,0,away,4.5,207.0,-215.0,175.0,4.5,103.0,0.0,0,False
2011,2011-01-05,True,False,den,lac,93,106,23,20,31,19,0,30,21,31,24,0,away,3.0,209.5,-145.0,125.0,4.0,101.0,0.0,0,True
2011,2011-01-05,True,False,atl,utah,110,87,30,25,31,24,0,17,24,28,18,0,home,5.5,191.0,200.0,-250.0,7.5,97.5,0.0,1,False
2011,2011-01-05,True,False,cha,min,108,105,24,33,14,24,13,23,20,30,22,10,home,8.0,204.0,270.0,-340.0,8.5,100.0,0.0,1,False
2011,2011-01-05,True,False,gs,no,110,103,29,18,25,38,0,34,24,24,21,0,home,6.0,200.5,235.0,-295.0,0.5,98.5,0.0,1,False
2011,2011-01-05,True,False,por,hou,103,100,31,24,19,29,0,25,22,33,20,0,home,5.0,195.0,175.0,-210.0,4.5,95.5,0.0,1,False
2011,2011-01-05,True,False,tor,cle,120,105,26,40,24,30,0,38,25,21,21,0,home,2.5,205.0,110.0,-130.0,2.0,100.0,0.0,1,False
2011,2011-01-05,True,False,chi,bkn,94,96,24,23,18,29,0,25,21,32,18,0,away,5.0,185.5,-240.0,195.0,3.5,91.5,0.0,1,True
2011,2011-01-05,True,False,mil,orl,87,97,17,16,24,30,0,25,24,22,26,0,home,12.0,188.0,800.0,-1200.0,2.5,93.0,0.0,0,True
2011,2011-01-05,True,False,wsh,phi,97,109,26,26,23,22,0,29,21,26,33,0,home,6.5,191.5,240.0,-300.0,5.5,93.5,1.0,1,True
2011,2011-01-05,True,False,sa,bos,103,105,25,26,21,31,0,27,22,28,28,0,home,2.5,190.0,115.0,-135.0,1.0,94.5,0.0,1,True
2011,2011-01-06,True,False,okc,dal,99,95,23,28,22,26,0,30,25,15,25,0,away,3.0,193.0,-155.0,135.0,3.0,94.5,1.0,1,False
2011,2011-01-06,True,False,den,sac,102,122,27,28,26,21,0,29,40,22,31,0,away,5.0,206.5,-220.0,180.0,7.0,104.0,0.0,1,True
2011,2011-01-07,True,False,mia,mil,101,95,30,25,20,16,10,18,30,24,19,4,away,7.5,183.5,-275.0,235.0,2.0,91.5,0.0,1,False
2011,2011-01-07,True,False,no,lal,97,101,24,22,25,26,0,27,24,29,21,0,home,7.5,188.5,310.0,-380.0,3.0,92.0,0.0,1,True
2011,2011-01-07,True,False,cle,gs,98,116,24,25,28,21,0,33,32,23,28,0,home,10.5,209.0,500.0,-700.0,1.5,102.0,1.0,1,True
2011,2011-01-07,True,False,ny,phx,121,96,30,25,38,28,0,22,23,26,25,0,home,2.5,220.5,115.0,-135.0,4.0,107.0,0.0,0,False
2011,2011-01-07,True,False,por,min,108,98,37,26,25,20,0,27,16,29,26,0,away,2.5,198.5,-140.0,120.0,4.0,96.5,1.0,1,False
2011,2011-01-07,True,False,sa,ind,90,87,19,29,16,26,0,20,27,28,12,0,away,5.0,200.0,-225.0,185.0,4.0,98.0,0.0,0,False
2011,2011-01-07,True,False,hou,orl,95,110,28,22,21,24,0,27,26,39,18,0,home,9.0,208.0,425.0,-550.0,5.0,104.0,1.0,0,True
2011,2011-01-07,True,False,tor,bos,102,122,22,23,32,25,0,34,33,27,28,0,home,9.0,200.5,450.0,-600.0,1.5,98.0,1.0,1,True
2011,2011-01-07,True,False,chi,phi,99,105,30,26,18,25,0,28,26,32,19,0,away,2.5,190.0,-120.0,100.0,0.0,93.0,0.0,1,True
2011,2011-01-07,True,False,utah,mem,99,110,23,21,21,34,0,27,22,27,34,0,home,2.0,195.5,110.0,-130.0,0.5,102.0,1.0,1,True
2011,2011-01-07,True,False,bkn,wsh,77,97,13,24,20,20,0,30,26,15,26,0,home,4.5,190.0,175.0,-210.0,3.0,94.5,1.0,0,True
2011,2011-01-08,True,False,orl,dal,117,107,19,32,29,37,0,28,29,24,26,0,away,6.0,189.0,-255.0,215.0,6.0,94.0,1.0,1,False
2011,2011-01-08,True,False,utah,hou,103,99,19,19,26,25,14,27,25,15,22,10,home,0.0,208.0,-110.0,-110.0,4.0,106.5,0.0,0,False
2011,2011-01-08,True,False,bos,chi,79,90,21,21,22,15,0,22,24,21,23,0,home,2.0,188.0,120.0,-140.0,0.0,92.5,1.0,0,True
2011,2011-01-08,True,False,mem,okc,100,109,20,27,30,23,0,27,22,34,26,0,home,6.5,203.5,250.0,-300.0,3.5,98.0,1.0,1,True
2011,2011-01-08,True,False,ind,atl,93,108,24,26,18,25,0,29,26,29,24,0,home,7.0,192.0,265.0,-325.0,2.5,95.0,1.0,1,True
2011,2011-01-08,True,False,mil,bkn,115,92,28,27,33,27,0,15,30,20,27,0,home,0.0,178.0,100.0,-120.0,3.0,89.0,0.0,1,False
2011,2011-01-08,True,False,wsh,cha,89,104,20,26,25,18,0,26,23,28,27,0,home,3.5,189.0,145.0,-165.0,1.5,95.0,1.0,1,True
2011,2011-01-08,True,False,phi,det,109,112,34,22,18,25,10,30,22,19,28,13,home,1.5,193.0,105.0,-125.0,1.5,95.0,1.0,1,True
2011,2011-01-09,True,False,ny,lal,87,109,21,26,23,17,0,25,27,29,28,0,home,6.5,212.0,240.0,-300.0,2.5,104.5,1.0,0,True
2011,2011-01-09,True,False,sac,tor,112,118,31,19,35,27,0,34,23,28,33,0,home,6.5,205.5,240.0,-300.0,1.5,102.5,0.0,1,True
2011,2011-01-09,True,False,gs,lac,91,105,28,20,25,18,0,32,30,29,14,0,home,4.0,210.5,155.0,-185.0,2.5,103.0,1.0,0,True
2011,2011-01-09,True,False,min,sa,91,94,21,23,23,24,0,18,32,24,20,0,home,11.5,211.0,710.0,-1060.0,5.0,104.0,0.0,0,True
2011,2011-01-09,True,False,cle,phx,100,108,26,26,29,19,0,26,25,30,27,0,home,10.5,211.5,600.0,-850.0,7.5,105.5,0.0,0,True
2011,2011-01-09,True,False,mia,por,107,100,27,19,19,28,14,26,18,23,26,7,away,5.0,183.5,-245.0,195.0,3.0,91.0,1.0,1,False
2011,2011-01-09,True,False,no,den,96,87,23,31,24,18,0,22,21,23,21,0,home,5.0,201.5,185.0,-225.0,6.0,99.5,0.0,0,False
2011,2011-01-10,True,False,det,chi,82,95,25,30,15,12,0,20,23,33,19,0,home,10.0,188.0,450.0,-600.0,8.5,92.5,1.0,0,True
2011,2011-01-10,True,False,mem,cha,82,96,15,16,26,25,0,22,22,24,28,0,away,3.5,192.0,-150.0,130.0,5.5,94.5,0.0,0,True
2011,2011-01-10,True,False,hou,bos,108,102,27,23,30,28,0,22,27,25,28,0,home,9.5,198.0,400.0,-500.0,6.5,98.0,0.0,1,False
2011,2011-01-11,True,False,ind,phi,111,103,27,30,27,27,0,23,26,32,22,0,home,6.0,196.0,190.0,-230.0,5.0,96.0,0.0,1,False
2011,2011-01-11,True,False,sac,wsh,133,136,19,37,25,45,7,38,16,40,32,10,home,7.0,196.5,240.0,-300.0,6.0,97.0,0.0,1,True
2011,2011-01-11,True,False,sa,min,107,96,36,27,25,19,0,25,28,23,20,0,away,6.5,207.0,-275.0,225.0,0.5,101.5,1.0,0,False
2011,2011-01-11,True,False,phx,den,98,132,32,23,17,26,0,20,44,38,30,0,home,4.5,218.5,165.0,-195.0,0.0,107.5,1.0,1,True
2011,2011-01-11,True,False,ny,por,100,86,29,27,19,25,0,23,27,16,20,0,home,4.5,203.5,150.0,-180.0,3.5,101.0,0.0,0,False
2011,2011-01-11,True,False,cle,lal,57,112,12,13,16,16,0,27,30,35,20,0,home,16.0,197.5,1550.0,-4400.0,2.0,95.0,1.0,0,True
2011,2011-01-12,True,False,lal,gs,115,110,21,24,24,46,0,26,27,24,33,0,away,6.0,207.0,-250.0,210.0,7.0,104.0,0.0,1,False
2011,2011-01-12,True,False,mia,lac,105,111,26,32,20,27,0,44,24,18,25,0,away,7.0,193.0,-320.0,260.0,10.0,97.0,0.0,1,True
2011,2011-01-12,True,False,bkn,phx,109,118,28,29,27,19,6,28,27,18,30,15,home,5.5,201.5,190.0,-230.0,5.5,99.5,1.0,1,True
2011,2011-01-12,True,False,ny,utah,125,131,32,25,37,31,0,31,34,35,31,0,home,7.0,209.0,250.0,-300.0,1.5,104.0,0.0,1,True
2011,2011-01-12,True,False,okc,hou,118,112,31,21,30,36,0,31,23,25,33,0,away,3.0,209.5,-155.0,135.0,3.5,102.0,1.0,1,False
2011,2011-01-12,True,False,orl,no,89,92,21,18,22,20,8,17,23,27,14,11,away,3.0,190.0,-155.0,135.0,2.5,92.0,0.0,0,True
2011,2011-01-12,True,False,dal,ind,89,102,26,26,17,20,0,25,27,25,25,0,home,2.0,191.5,110.0,-130.0,1.5,93.5,1.0,0,True
2011,2011-01-12,True,False,sac,bos,95,119,22,27,18,28,0,28,29,33,29,0,home,13.0,196.5,1000.0,-1500.0,5.5,96.5,1.0,1,True
2011,2011-01-12,True,False,mem,det,107,99,21,22,30,34,0,26,20,18,35,0,away,3.0,195.0,-155.0,135.0,3.0,98.5,1.0,1,False
2011,2011-01-12,True,False,chi,cha,91,96,22,20,28,21,0,36,19,14,27,0,away,3.0,185.0,-150.0,130.0,5.0,92.0,0.0,1,True
2011,2011-01-12,True,False,atl,tor,104,101,27,33,15,29,0,21,34,22,24,0,away,4.0,206.0,-170.0,150.0,1.0,103.5,0.0,0,False
2011,2011-01-12,True,False,sa,mil,91,84,21,22,22,26,0,26,25,15,18,0,away,3.0,190.0,-155.0,135.0,4.0,93.5,1.0,0,False
2011,2011-01-13,True,False,wsh,min,97,109,18,30,29,20,0,28,27,27,27,0,home,4.5,208.0,165.0,-190.0,0.0,103.0,1.0,0,True
2011,2011-01-13,True,False,mia,den,102,130,23,20,25,34,0,26,34,38,32,0,home,2.0,205.0,110.0,-130.0,3.0,102.0,1.0,1,True
2011,2011-01-13,True,False,orl,okc,124,125,24,36,26,38,0,35,29,32,29,0,away,1.5,203.0,-116.0,105.0,2.0,100.0,0.0,1,True
2011,2011-01-14,True,False,bkn,lal,88,100,24,16,23,25,0,22,23,25,30,0,home,13.5,192.0,1100.0,-2000.0,7.0,95.0,0.0,0,True
2011,2011-01-14,True,False,por,phx,111,115,36,23,27,25,0,28,28,29,30,0,away,2.0,195.5,-120.0,100.0,0.0,98.0,0.0,1,True
2011,2011-01-14,True,False,cle,utah,99,121,25,25,33,16,0,31,39,23,28,0,home,14.5,199.5,1500.0,-3300.0,3.0,98.5,1.0,1,True
2011,2011-01-14,True,False,no,hou,110,105,21,29,14,31,15,28,19,29,19,10,home,2.0,196.5,110.0,-130.0,1.5,98.0,0.0,1,False
2011,2011-01-14,True,False,dal,sa,89,101,19,23,19,28,0,27,30,28,16,0,home,9.5,193.0,480.0,-680.0,1.0,95.5,1.0,0,True
2011,2011-01-14,True,False,lac,gs,112,122,39,23,24,26,0,35,34,25,28,0,home,3.0,214.5,135.0,-160.0,0.5,108.0,1.0,1,True
2011,2011-01-14,True,False,sac,ny,93,83,24,22,23,24,0,15,27,16,25,0,home,9.0,220.0,385.0,-510.0,8.5,107.5,0.0,0,False
2011,2011-01-14,True,False,chi,ind,99,86,28,25,26,20,0,24,17,22,23,0,home,0.0,191.5,-120.0,100.0,4.0,95.5,0.0,0,False
2011,2011-01-14,True,False,mil,phi,94,95,23,26,23,22,0,28,27,22,18,0,home,4.5,185.5,185.0,-225.0,0.5,91.0,0.0,1,True
2011,2011-01-14,True,False,det,tor,101,95,31,30,22,18,0,26,28,20,21,0,home,5.5,207.0,195.0,-240.0,5.0,103.0,0.0,0,False
2011,2011-01-14,True,False,cha,bos,94,99,24,18,24,28,0,24,18,27,30,0,home,8.0,188.5,360.0,-470.0,5.5,94.0,0.0,1,True
2011,2011-01-15,True,False,bkn,por,89,96,26,27,23,13,0,18,28,28,22,0,home,9.5,184.5,425.0,-550.0,9.5,93.0,0.0,1,True
2011,2011-01-15,True,False,tor,wsh,95,98,25,17,25,28,0,19,28,28,23,0,home,5.5,208.5,175.0,-210.0,1.5,103.5,0.0,0,True
2011,2011-01-15,True,False,hou,atl,112,106,29,27,27,29,0,31,27,24,24,0,home,8.5,204.0,350.0,-440.0,5.0,102.5,0.0,1,False
2011,2011-01-15,True,False,no,cha,88,81,25,23,21,19,0,21,21,25,14,0,home,3.5,183.0,140.0,-160.0,3.0,90.5,0.0,0,False
2011,2011-01-15,True,False,sac,det,106,110,36,34,10,26,0,27,32,23,28,0,home,4.5,198.5,175.0,-210.0,5.0,98.5,0.0,1,True
2011,2011-01-15,True,False,dal,mem,70,89,19,17,12,22,0,31,15,21,22,0,home,4.0,192.0,165.0,-190.0,1.5,95.0,1.0,0,True
2011,2011-01-15,True,False,mia,chi,96,99,19,34,17,26,0,28,20,25,26,0,home,2.5,187.5,125.0,-145.0,3.5,93.0,1.0,1,True
2011,2011-01-15,True,False,orl,min,108,99,20,28,33,27,0,29,26,18,26,0,away,8.0,209.5,-380.0,315.0,9.5,103.5,1.0,0,False
2011,2011-01-15,True,False,cle,den,99,127,22,27,21,29,0,34,46,25,22,0,home,17.0,213.5,2250.0,-4500.0,2.0,103.5,1.0,1,True
2011,2011-01-16,True,False,den,sa,97,110,24,21,22,30,0,20,37,25,28,0,home,6.5,209.0,250.0,-300.0,0.5,103.0,1.0,0,True
2011,2011-01-16,True,False,lal,lac,92,99,22,23,26,21,0,27,17,24,31,0,away,5.5,196.5,-240.0,200.0,4.0,96.5,0.0,0,True
2011,2011-01-17,True,False,utah,wsh,101,108,18,21,29,33,0,21,21,36,30,0,away,5.0,197.0,-200.0,170.0,5.0,100.5,0.0,1,True
2011,2011-01-17,True,False,okc,lal,94,101,28,27,20,19,0,28,30,23,20,0,home,5.0,202.5,175.0,-210.0,2.0,102.0,1.0,0,True
2011,2011-01-17,True,False,min,por,102,113,29,17,27,29,0,30,20,38,25,0,home,7.5,201.0,300.0,-360.0,3.5,99.0,1.0,1,True
2011,2011-01-17,True,False,orl,bos,106,109,22,32,27,25,0,27,28,26,28,0,home,3.0,193.5,135.0,-155.0,2.0,95.5,2.0,1,True
2011,2011-01-17,True,False,bkn,gs,100,109,28,18,27,27,0,28,26,25,30,0,home,7.0,204.5,260.0,-320.0,2.0,100.5,1.0,1,True
2011,2011-01-17,True,False,dal,det,89,103,18,19,25,27,0,21,20,34,28,0,away,4.5,189.0,-180.0,160.0,4.5,94.0,0.0,1,True
2011,2011-01-17,True,False,sac,atl,98,100,32,30,20,16,0,27,26,20,27,0,home,9.5,202.0,425.0,-550.0,10.0,100.0,0.0,0,True
2011,2011-01-17,True,False,mil,hou,84,93,15,24,27,18,0,18,21,35,19,0,home,5.0,196.5,175.0,-210.0,3.5,98.5,1.0,0,True
2011,2011-01-17,True,False,tor,no,81,85,16,28,21,16,0,20,17,25,23,0,home,9.0,194.0,350.0,-450.0,8.0,96.0,0.0,0,True
2011,2011-01-17,True,False,cha,phi,92,96,23,16,20,27,6,22,18,25,21,10,home,5.5,189.5,190.0,-230.0,3.5,95.0,0.0,0,True
2011,2011-01-17,True,False,chi,mem,96,84,26,27,26,17,0,17,25,18,24,0,home,5.0,187.0,175.0,-210.0,5.0,91.5,0.0,0,False
2011,2011-01-17,True,False,phx,ny,129,121,39,22,36,32,0,30,34,27,30,0,home,6.5,224.0,230.0,-270.0,3.0,110.0,0.0,1,False
2011,2011-01-17,True,False,ind,lac,107,114,31,27,22,27,0,26,29,26,33,0,home,3.5,199.0,145.0,-165.0,4.5,97.5,1.0,1,True
2011,2011-01-18,True,False,atl,mia,93,89,19,15,24,19,16,11,24,20,22,12,home,5.5,192.5,200.0,-240.0,3.5,96.0,0.0,0,False
2011,2011-01-18,True,False,cha,chi,83,82,27,20,17,19,0,24,20,22,16,0,home,8.0,184.0,315.0,-390.0,6.5,91.0,0.0,0,False
2011,2011-01-19,True,False,okc,den,107,112,24,31,31,21,0,27,28,30,27,0,home,3.5,221.5,145.0,-165.0,2.5,110.0,1.0,0,True
2011,2011-01-19,True,False,por,sac,94,90,21,25,19,20,9,26,22,17,20,5,away,1.5,195.0,-125.0,105.0,0.5,95.5,1.0,0,False
2011,2011-01-19,True,False,lal,dal,100,109,31,25,17,27,0,23,29,30,27,0,away,3.0,188.5,-160.0,140.0,1.0,94.5,0.0,1,True
2011,2011-01-19,True,False,min,lac,111,126,19,29,31,32,0,29,31,32,34,0,home,6.5,213.5,250.0,-300.0,0.5,103.0,1.0,1,True
2011,2011-01-19,True,False,ind,gs,108,110,29,29,25,25,0,28,25,28,29,0,home,5.0,214.0,185.0,-225.0,5.5,105.5,0.0,1,True
2011,2011-01-19,True,False,ny,hou,89,104,27,23,21,18,0,36,24,22,22,0,home,2.5,222.5,115.0,-135.0,2.5,111.0,1.0,0,True
2011,2011-01-19,True,False,phx,cle,106,98,36,26,28,16,0,28,21,28,21,0,away,7.0,214.5,-335.0,275.0,0.0,105.5,1.0,0,False
2011,2011-01-19,True,False,mem,no,102,103,26,25,16,25,10,18,24,25,25,11,home,3.5,184.5,145.0,-165.0,4.0,91.0,0.0,1,True
2011,2011-01-19,True,False,phi,orl,98,99,21,27,22,20,8,17,27,19,27,9,home,9.0,199.5,400.0,-525.0,8.0,100.0,0.0,0,True
2011,2011-01-19,True,False,utah,bkn,95,103,19,29,16,31,0,27,21,29,26,0,away,6.5,193.0,-285.0,240.0,5.0,101.0,0.0,1,True
2011,2011-01-19,True,False,tor,sa,95,104,23,30,16,26,0,22,20,33,29,0,home,12.5,204.5,800.0,-1200.0,12.5,101.0,0.0,0,True
2011,2011-01-19,True,False,wsh,mil,87,100,27,22,17,21,0,19,28,28,25,0,home,6.0,188.5,220.0,-260.0,5.0,94.0,1.0,0,True
2011,2011-01-19,True,False,det,bos,82,86,22,23,16,21,0,22,20,16,28,0,home,12.0,191.5,750.0,-1100.0,9.5,95.5,0.0,0,True
2011,2011-01-20,True,False,phi,cha,97,100,27,23,18,29,0,30,26,18,26,0,home,4.5,187.5,165.0,-190.0,0.0,93.0,0.0,1,True
2011,2011-01-20,True,False,dal,chi,77,82,20,15,25,17,0,19,25,12,26,0,home,3.5,185.5,140.0,-160.0,2.0,92.0,1.0,0,True
2011,2011-01-20,True,False,lac,por,93,108,27,23,21,22,0,23,32,29,24,0,home,3.0,194.5,125.0,-145.0,0.0,95.5,1.0,1,True
2011,2011-01-21,True,False,lal,den,107,97,22,27,33,25,0,25,27,20,25,0,away,1.0,209.0,-115.0,-105.0,1.5,105.0,1.0,0,False
2011,2011-01-21,True,False,ny,sa,92,101,27,23,21,21,0,29,32,16,24,0,home,9.0,213.0,375.0,-475.0,1.5,104.5,2.0,0,True
2011,2011-01-21,True,False,hou,mem,110,115,37,30,21,22,0,32,26,29,28,0,home,3.5,205.5,145.0,-165.0,4.5,102.5,1.0,1,True
2011,2011-01-21,True,False,phx,wsh,109,91,22,30,31,26,0,33,20,18,20,0,home,1.0,212.5,-105.0,-115.0,0.5,107.5,0.0,0,False
2011,2011-01-21,True,False,sac,gs,112,119,28,23,23,30,8,27,24,31,22,15,home,6.5,216.5,220.0,-260.0,4.5,106.5,1.0,1,True
2011,2011-01-21,True,False,utah,bos,86,110,19,22,22,23,0,30,29,26,25,0,home,6.0,194.5,215.0,-255.0,2.5,101.0,1.0,1,True
2011,2011-01-21,True,False,no,atl,100,59,19,30,21,30,0,17,17,11,14,0,home,4.0,183.0,160.0,-180.0,6.0,89.5,0.0,0,False
2011,2011-01-21,True,False,tor,orl,72,112,18,23,16,15,0,26,21,26,39,0,home,12.5,207.0,950.0,-1500.0,6.0,103.0,1.0,0,True
2011,2011-01-21,True,False,det,bkn,74,89,18,23,19,14,0,21,25,21,22,0,home,2.0,190.0,110.0,-130.0,0.5,94.5,1.0,0,True
2011,2011-01-21,True,False,mil,cle,102,88,27,26,26,23,0,25,16,29,18,0,away,6.5,189.0,-290.0,245.0,0.0,92.5,1.0,1,False
2011,2011-01-22,True,False,gs,lac,109,113,22,34,26,27,0,34,31,21,27,0,home,9.0,215.0,350.0,-450.0,2.0,106.5,0.0,1,True
2011,2011-01-22,True,False,ind,por,92,97,28,25,17,22,0,19,27,21,30,0,home,5.0,192.5,190.0,-230.0,5.0,94.5,2.0,0,True
2011,2011-01-22,True,False,mem,mil,94,81,21,22,29,22,0,19,21,19,22,0,home,2.5,185.0,120.0,-140.0,1.5,91.0,0.0,0,False
2011,2011-01-22,True,False,orl,hou,118,104,34,34,32,18,0,26,25,25,28,0,away,3.0,209.0,-155.0,135.0,3.0,103.0,1.0,1,False
2011,2011-01-22,True,False,ny,okc,98,101,30,30,17,21,0,31,22,22,26,0,home,8.0,219.0,310.0,-380.0,8.0,106.5,0.0,0,True
2011,2011-01-22,True,False,sa,no,72,96,12,26,10,24,0,13,28,31,24,0,away,2.0,185.5,-130.0,110.0,1.5,90.5,0.0,0,True
2011,2011-01-22,True,False,cle,chi,79,92,17,21,24,17,0,22,26,24,20,0,home,15.5,191.5,1400.0,-2400.0,6.0,94.0,0.0,0,True
2011,2011-01-22,True,False,phx,det,74,75,17,21,23,13,0,21,15,11,28,0,away,2.0,206.0,-130.0,110.0,0.5,101.5,0.0,0,True
2011,2011-01-22,True,False,tor,mia,103,120,17,23,37,26,0,32,34,26,28,0,home,10.0,196.5,638.0,-800.0,2.5,97.0,1.0,1,True
2011,2011-01-22,True,False,atl,cha,103,87,24,20,32,27,0,29,20,18,20,0,home,3.0,185.0,130.0,-150.0,0.0,92.0,0.0,1,False
2011,2011-01-22,True,False,bos,wsh,83,85,35,21,16,11,0,20,26,24,15,0,away,7.0,190.5,-290.0,245.0,1.5,93.5,0.0,0,True
2011,2011-01-22,True,False,utah,phi,85,96,22,19,22,22,0,26,21,23,26,0,home,2.0,198.0,110.0,-130.0,1.0,101.5,1.0,0,True
2011,2011-01-22,True,False,dal,bkn,87,86,22,26,20,19,0,26,19,23,18,0,away,5.0,187.0,-210.0,175.0,2.0,92.5,0.0,0,False
2011,2011-01-23,True,False,ind,den,107,121,30,21,27,29,0,27,32,34,28,0,home,10.0,214.0,450.0,-600.0,3.5,106.0,1.0,1,True
2011,2011-01-24,True,False,sa,gs,113,102,34,28,28,23,0,34,21,23,24,0,away,5.5,211.5,-210.0,175.0,0.5,104.5,1.0,1,False
2011,2011-01-24,True,False,hou,min,129,125,39,26,35,29,0,31,32,25,37,0,away,3.0,221.0,-150.0,130.0,1.5,108.5,1.0,1,False
2011,2011-01-24,True,False,sac,por,96,81,25,20,25,26,0,20,23,22,16,0,home,7.0,193.5,285.0,-345.0,6.0,95.5,0.0,0,False
2011,2011-01-24,True,False,okc,no,89,91,33,12,26,18,0,19,31,21,20,0,home,3.5,190.5,145.0,-165.0,0.5,93.0,0.0,0,True
2011,2011-01-24,True,False,mil,chi,83,92,18,14,26,25,0,19,29,20,24,0,home,7.0,178.0,250.0,-300.0,1.5,87.0,1.0,0,True
2011,2011-01-24,True,False,cle,bkn,101,103,29,25,23,24,0,26,22,25,30,0,home,9.5,194.0,400.0,-525.0,9.0,96.0,0.0,1,True
2011,2011-01-24,True,False,mem,tor,100,98,25,26,29,20,0,24,25,25,24,0,away,5.0,202.0,-225.0,185.0,3.0,100.0,0.0,0,False
2011,2011-01-24,True,False,phx,phi,95,105,25,22,23,25,0,26,35,26,18,0,home,4.5,206.5,160.0,-190.0,2.5,102.0,1.0,0,True
2011,2011-01-24,True,False,det,orl,103,96,27,29,19,28,0,26,20,19,31,0,home,12.0,190.5,700.0,-1000.0,12.5,95.5,0.0,1,False
2011,2011-01-24,True,False,wsh,ny,106,115,26,36,29,15,0,33,29,31,22,0,home,7.5,211.0,290.0,-350.0,5.5,104.0,1.0,1,True
2011,2011-01-25,True,False,den,wsh,120,109,33,35,28,24,0,26,30,23,30,0,away,4.5,208.5,-190.0,160.0,2.0,104.0,1.0,1,False
2011,2011-01-25,True,False,cle,bos,95,112,26,19,24,26,0,34,33,24,21,0,home,16.5,197.0,1600.0,-4800.0,3.0,96.5,1.0,1,True
2011,2011-01-25,True,False,lac,dal,105,112,33,29,16,27,0,25,29,27,31,0,home,7.0,192.5,250.0,-300.0,7.0,94.5,2.0,1,True
2011,2011-01-25,True,False,cha,sac,94,89,21,31,24,18,0,19,23,25,22,0,home,1.0,192.5,100.0,-120.0,3.5,95.5,0.0,0,False
2011,2011-01-25,True,False,utah,lal,91,120,22,16,27,26,0,37,29,27,27,0,home,8.0,199.0,320.0,-400.0,3.5,99.0,1.0,1,True
2011,2011-01-26,True,False,sa,utah,112,105,29,29,30,24,0,25,24,29,27,0,away,3.5,196.0,-155.0,135.0,2.0,98.5,1.0,1,False
2011,2011-01-26,True,False,cha,phx,114,107,31,28,33,22,0,26,31,30,20,0,home,6.5,199.5,240.0,-285.0,6.0,100.0,0.0,1,False
2011,2011-01-26,True,False,lac,hou,83,96,22,30,21,10,0,27,28,15,26,0,home,8.5,212.5,330.0,-420.0,4.5,103.5,1.0,0,True
2011,2011-01-26,True,False,okc,min,118,117,25,29,29,27,8,28,28,23,31,7,away,5.0,220.5,-235.0,195.0,5.5,108.0,0.0,1,False
2011,2011-01-26,True,False,no,gs,112,103,34,27,32,19,0,21,28,27,27,0,away,1.5,198.5,-125.0,105.0,3.5,98.5,1.0,1,False
2011,2011-01-26,True,False,den,det,109,100,29,27,24,29,0,24,26,24,26,0,away,1.5,204.0,-125.0,105.0,0.5,100.5,1.0,1,False
2011,2011-01-26,True,False,mem,bkn,88,93,32,21,13,22,0,16,26,18,33,0,away,3.5,192.0,-170.0,150.0,0.0,95.5,0.0,0,True
2011,2011-01-26,True,False,phi,tor,107,94,20,30,34,23,0,29,21,27,17,0,away,3.5,200.0,-165.0,145.0,2.5,100.0,1.0,1,False
2011,2011-01-26,True,False,orl,ind,111,96,24,38,24,25,0,21,27,24,24,0,away,6.0,203.5,-240.0,200.0,1.5,99.5,1.0,1,False
2011,2011-01-26,True,False,atl,mil,90,98,23,24,28,15,0,22,22,20,34,0,away,2.0,180.5,-130.0,110.0,0.5,89.0,0.0,1,True
2011,2011-01-27,True,False,mia,ny,88,93,24,24,25,15,0,23,23,18,29,0,away,3.5,214.0,-155.0,135.0,2.0,105.5,0.0,0,True
2011,2011-01-27,True,False,hou,dal,106,111,15,32,34,25,0,33,31,24,23,0,home,6.5,205.0,240.0,-285.0,2.0,101.5,0.0,1,True
2011,2011-01-27,True,False,bos,por,88,78,21,20,23,24,0,18,19,21,20,0,away,5.0,183.0,-200.0,170.0,1.5,90.0,1.0,0,False
2011,2011-01-28,True,False,cha,gs,121,113,22,22,27,30,20,28,22,26,25,12,home,4.0,209.5,150.0,-180.0,0.5,103.5,0.0,1,False
2011,2011-01-28,True,False,bos,phx,71,88,16,19,23,13,0,30,19,26,13,0,away,4.5,200.5,-210.0,175.0,5.5,98.0,0.0,0,True
2011,2011-01-28,True,False,sac,lal,100,95,30,29,26,15,0,33,22,16,24,0,home,12.0,199.0,850.0,-1450.0,10.0,99.0,0.0,0,False
2011,2011-01-28,True,False,min,utah,100,108,25,30,22,23,0,32,26,27,23,0,home,6.5,213.5,270.0,-340.0,3.0,106.5,1.0,0,True
2011,2011-01-28,True,False,wsh,okc,117,124,29,23,28,23,14,21,35,19,28,21,home,10.0,208.5,600.0,-850.0,5.5,103.0,0.0,1,True
2011,2011-01-28,True,False,orl,chi,90,99,23,28,17,22,0,24,22,34,19,0,away,1.5,189.0,-130.0,110.0,1.0,92.0,0.0,2,True
2011,2011-01-28,True,False,det,mia,87,88,22,20,26,19,0,19,20,25,24,0,home,8.5,189.5,375.0,-485.0,7.0,92.5,0.0,0,True
2011,2011-01-28,True,False,ny,atl,102,111,21,22,33,26,0,30,30,31,20,0,home,7.0,205.5,235.0,-295.0,1.5,100.5,1.0,1,True
2011,2011-01-28,True,False,bkn,ind,92,124,27,27,24,14,0,33,35,36,20,0,home,6.0,195.0,220.0,-270.0,1.5,95.5,1.0,1,True
2011,2011-01-28,True,False,mil,tor,116,110,32,23,26,23,12,22,35,21,26,6,away,2.5,192.5,-140.0,120.0,3.0,96.5,1.0,1,False
2011,2011-01-28,True,False,mem,phi,99,94,21,19,17,42,0,18,26,29,21,0,home,4.0,195.0,160.0,-190.0,1.5,97.5,0.0,0,False
2011,2011-01-28,True,False,den,cle,117,103,31,39,23,24,0,24,26,33,20,0,away,9.5,215.0,-650.0,450.0,0.5,103.5,1.0,1,False
2011,2011-01-29,True,False,atl,dal,91,102,24,25,29,13,0,28,24,25,25,0,home,5.0,190.0,180.0,-220.0,2.0,94.5,1.0,1,True
2011,2011-01-29,True,False,cha,lac,88,103,23,19,18,28,0,24,33,26,20,0,home,6.0,192.0,235.0,-275.0,1.0,95.5,1.0,0,True
2011,2011-01-29,True,False,no,sac,96,102,22,24,21,29,0,24,32,20,26,0,away,4.5,186.5,-210.0,175.0,4.5,92.5,0.0,1,True
2011,2011-01-29,True,False,bkn,mil,81,91,25,12,24,20,0,22,23,23,23,0,home,6.5,184.5,235.0,-275.0,1.0,92.0,1.0,0,True
2011,2011-01-29,True,False,tor,min,87,103,20,19,20,28,0,21,28,31,23,0,home,5.0,220.0,170.0,-200.0,0.5,108.0,1.0,0,True
2011,2011-01-29,True,False,hou,sa,95,108,26,25,20,24,0,25,28,23,32,0,home,8.0,211.0,330.0,-400.0,5.0,104.5,1.0,0,True
2011,2011-01-29,True,False,wsh,mem,93,107,28,22,17,26,0,33,26,27,21,0,home,9.0,197.0,370.0,-470.0,2.0,98.0,1.0,1,True
2011,2011-01-29,True,False,ind,chi,89,110,27,24,21,17,0,25,30,22,33,0,home,7.0,193.0,280.0,-340.0,3.0,93.0,1.0,1,True
2011,2011-01-30,True,False,utah,gs,81,96,25,20,16,20,0,31,18,22,25,0,home,4.5,213.0,155.0,-185.0,1.5,106.5,1.0,0,True
2011,2011-01-30,True,False,det,ny,106,124,31,31,29,15,0,30,30,31,33,0,home,6.5,203.5,250.0,-310.0,6.0,101.5,1.0,1,True
2011,2011-01-30,True,False,den,phi,99,110,34,17,21,27,0,32,22,28,28,0,home,2.0,207.5,100.0,-120.0,0.5,102.5,1.0,1,True
2011,2011-01-30,True,False,no,phx,102,104,25,28,27,22,0,27,26,35,16,0,home,1.5,196.0,105.0,-125.0,1.0,96.5,1.0,1,True
2011,2011-01-30,True,False,bos,lal,109,96,22,28,27,32,0,21,33,18,24,0,home,3.0,185.5,130.0,-150.0,0.5,93.0,0.0,1,False
2011,2011-01-30,True,False,mia,okc,108,103,35,29,21,23,0,38,23,24,18,0,home,1.0,202.0,-105.0,-115.0,0.5,100.5,0.0,1,False
2011,2011-01-30,True,False,cle,orl,87,103,17,26,20,24,0,33,23,23,24,0,home,18.5,206.0,1700.0,-6000.0,7.0,100.5,0.0,0,True
2011,2011-01-31,True,False,mil,lac,98,105,16,31,26,25,0,26,23,28,28,0,home,3.5,190.5,140.0,-160.0,1.0,94.5,1.0,1,True
2011,2011-01-31,True,False,den,bkn,99,115,21,29,28,21,0,31,32,22,30,0,away,3.5,205.0,-165.0,145.0,5.5,100.5,0.0,1,True
2011,2011-01-31,True,False,tor,ind,93,104,21,24,25,23,0,32,19,24,29,0,home,8.5,211.0,330.0,-420.0,2.5,104.0,1.0,0,True
2011,2011-01-31,True,False,cle,mia,90,117,20,37,15,18,0,35,31,23,28,0,home,17.5,198.5,2173.0,-5000.0,8.0,96.0,1.0,1,True
2011,2011-01-31,True,False,orl,mem,97,100,28,30,16,23,0,21,33,32,14,0,away,1.5,196.5,-130.0,110.0,0.5,96.5,0.0,1,True
2011,2011-01-31,True,False,wsh,dal,92,102,25,24,19,24,0,21,29,24,28,0,home,9.5,196.0,450.0,-600.0,6.0,96.0,1.0,0,True
2011,2011-01-31,True,False,cha,utah,78,83,18,23,21,16,0,24,19,19,21,0,home,3.0,190.0,135.0,-155.0,1.5,96.0,1.0,0,True
2011,2011-02-01,True,False,sa,por,86,99,22,30,19,15,0,24,23,24,28,0,away,5.0,187.5,-225.0,185.0,1.5,92.5,0.0,0,True
2011,2011-02-01,True,False,hou,lal,106,114,23,25,26,24,8,31,23,20,24,16,home,8.5,210.5,375.0,-475.0,3.5,105.5,0.0,1,True
2011,2011-02-01,True,False,wsh,no,89,97,26,18,21,24,0,29,26,25,17,0,home,9.5,190.0,370.0,-470.0,2.0,93.0,0.0,0,True
2011,2011-02-01,True,False,bos,sac,95,90,27,18,29,21,0,20,34,17,19,0,away,6.5,191.0,-265.0,225.0,6.0,93.5,0.0,0,False
2011,2011-02-02,True,False,chi,lac,106,88,28,27,27,24,0,23,26,22,17,0,away,2.5,192.5,-140.0,120.0,0.5,93.0,1.0,1,False
2011,2011-02-02,True,False,mil,phx,77,92,17,14,22,24,0,25,27,19,21,0,home,6.0,200.0,200.0,-240.0,2.5,98.0,1.0,0,True
2011,2011-02-02,True,False,por,den,90,109,23,23,24,20,0,22,23,32,32,0,home,8.5,204.0,325.0,-400.0,7.0,100.0,1.0,0,True
2011,2011-02-02,True,False,mem,min,102,84,26,23,33,20,0,20,21,16,27,0,away,2.5,209.5,-140.0,120.0,1.0,102.5,1.0,0,False
2011,2011-02-02,True,False,no,okc,93,104,25,30,17,21,0,29,20,32,23,0,home,7.0,198.0,260.0,-320.0,6.5,95.5,1.0,0,True
2011,2011-02-02,True,False,hou,utah,97,96,30,24,25,18,0,26,29,27,14,0,home,2.0,203.0,110.0,-130.0,1.5,100.5,0.0,0,False
2011,2011-02-02,True,False,dal,ny,113,97,27,29,30,27,0,34,18,21,24,0,home,2.0,209.0,110.0,-130.0,2.0,101.5,0.0,1,False
2011,2011-02-02,True,False,phi,bkn,106,92,28,25,25,28,0,26,18,22,26,0,away,2.5,187.5,-140.0,120.0,1.5,91.0,1.0,1,False
2011,2011-02-02,True,False,ind,cle,117,112,35,24,30,28,0,25,29,33,25,0,away,6.5,204.5,-280.0,240.0,2.0,100.0,0.0,1,False
2011,2011-02-02,True,False,tor,atl,87,100,24,21,24,18,0,28,26,21,25,0,home,10.0,201.5,-650.0,-650.0,2.5,100.5,1.0,0,True
2011,2011-02-02,True,False,cha,det,97,87,25,19,24,29,0,21,20,24,22,0,home,2.0,187.0,110.0,-130.0,1.5,92.5,0.0,0,False
2011,2011-02-03,True,False,mia,orl,104,100,30,25,24,25,0,26,19,18,37,0,home,0.0,197.5,-101.0,-109.0,3.5,98.5,0.0,1,False
2011,2011-02-03,True,False,mil,gs,94,100,22,25,26,21,0,18,28,26,28,0,home,7.5,201.5,250.0,-300.0,5.5,101.0,0.0,0,True
2011,2011-02-03,True,False,sa,lal,89,88,22,20,24,23,0,18,24,21,25,0,home,3.0,196.0,130.0,-150.0,2.5,96.5,0.0,0,False
2011,2011-02-04,True,False,dal,bos,101,97,34,20,23,24,0,27,24,26,20,0,home,7.0,188.0,250.0,-310.0,6.5,92.5,0.0,1,False
2011,2011-02-04,True,False,utah,den,113,106,23,27,32,31,0,24,23,30,29,0,home,9.0,209.0,400.0,-525.0,7.0,107.0,0.0,1,False
2011,2011-02-04,True,False,sa,sac,113,100,34,27,30,22,0,19,24,32,25,0,away,4.5,196.0,-210.0,175.0,3.5,94.5,1.0,1,False
2011,2011-02-04,True,False,okc,phx,111,107,31,32,17,31,0,36,24,27,20,0,away,2.0,213.5,-140.0,120.0,1.0,104.5,1.0,1,False
2011,2011-02-04,True,False,cle,mem,105,112,32,27,25,21,0,26,26,31,29,0,home,13.5,202.5,950.0,-1600.0,11.5,100.5,0.0,1,True
2011,2011-02-04,True,False,bkn,det,82,92,22,22,19,19,0,28,20,24,20,0,home,5.5,186.5,190.0,-230.0,2.0,91.5,1.0,0,True
2011,2011-02-04,True,False,por,ind,87,100,25,29,18,15,0,32,28,26,14,0,home,4.0,192.0,160.0,-190.0,0.5,95.5,1.0,0,True
2011,2011-02-04,True,False,mia,cha,109,97,29,30,24,26,0,26,29,22,20,0,away,4.5,191.0,-225.0,185.0,1.5,95.5,1.0,1,False
2011,2011-02-04,True,False,min,tor,100,111,31,24,25,20,0,33,26,27,25,0,home,3.0,218.5,140.0,-165.0,1.0,108.0,1.0,0,True
2011,2011-02-04,True,False,orl,wsh,110,92,29,22,23,36,0,21,28,15,28,0,away,6.0,202.0,-290.0,230.0,3.5,99.5,1.0,2,False
2011,2011-02-04,True,False,ny,phi,98,100,21,31,30,16,0,35,16,22,27,0,home,4.5,209.0,155.0,-185.0,3.5,103.5,0.0,0,True
2011,2011-02-04,True,False,lac,atl,100,101,19,31,17,33,0,22,25,32,22,0,home,7.5,195.0,310.0,-400.0,6.5,94.5,0.0,1,True
2011,2011-02-05,True,False,dal,cha,101,92,31,24,27,19,0,22,23,21,26,0,away,3.0,188.0,-150.0,130.0,2.5,95.0,1.0,1,False
2011,2011-02-05,True,False,atl,wsh,99,92,28,24,24,23,0,19,27,25,21,0,away,2.0,195.0,-135.0,115.0,1.5,96.0,1.0,0,False
2011,2011-02-05,True,False,por,cle,111,105,23,32,31,25,0,20,37,26,22,0,away,6.0,196.0,-250.0,210.0,5.0,96.5,2.0,1,False
2011,2011-02-05,True,False,lal,no,101,95,27,29,25,20,0,19,31,32,13,0,away,5.0,188.5,-210.0,175.0,1.0,93.0,1.0,1,False
2011,2011-02-05,True,False,mem,hou,93,95,26,25,20,16,6,20,23,24,20,8,home,4.5,205.5,170.0,-200.0,4.5,101.0,0.0,0,True
2011,2011-02-05,True,False,det,mil,89,78,26,26,14,23,0,22,25,13,18,0,home,7.0,183.0,250.0,-300.0,7.0,91.0,0.0,0,False
2011,2011-02-05,True,False,den,min,113,100,25,34,28,26,0,23,23,38,16,0,away,4.5,222.5,-200.0,170.0,1.0,109.0,1.0,0,False
2011,2011-02-05,True,False,okc,utah,121,105,27,35,30,29,0,37,20,24,24,0,home,1.5,206.0,105.0,-125.0,2.0,104.0,0.0,1,False
2011,2011-02-05,True,False,chi,gs,90,101,25,22,25,18,0,23,25,25,28,0,away,3.5,205.0,-165.0,145.0,2.5,102.5,0.0,0,True
2011,2011-02-06,True,False,orl,bos,80,91,22,21,18,19,0,17,29,24,21,0,home,4.5,193.5,170.0,-200.0,2.0,94.5,1.0,0,True
2011,2011-02-06,True,False,lac,mia,79,97,19,17,25,18,0,20,27,23,27,0,home,11.5,204.0,675.0,-950.0,3.5,98.5,1.0,0,True
2011,2011-02-06,True,False,phi,ny,103,117,24,27,29,23,0,31,24,31,31,0,home,4.5,209.0,160.0,-180.0,1.5,101.5,1.0,1,True
2011,2011-02-06,True,False,ind,bkn,105,86,33,23,25,24,0,24,19,24,19,0,away,1.5,196.5,-111.0,101.0,3.5,96.0,1.0,0,False
2011,2011-02-07,True,False,phx,gs,104,92,33,29,27,15,0,17,28,30,17,0,home,5.0,221.0,180.0,-220.0,7.0,110.5,0.0,0,False
2011,2011-02-07,True,False,chi,por,103,109,26,24,22,31,0,28,22,25,34,0,away,2.5,181.5,-140.0,120.0,2.0,89.5,0.0,1,True
2011,2011-02-07,True,False,hou,den,108,103,25,27,29,27,0,26,24,16,37,0,home,5.0,219.5,185.0,-225.0,4.0,107.0,0.0,0,False
2011,2011-02-07,True,False,utah,sac,107,104,30,25,25,27,0,30,26,31,17,0,away,2.0,200.5,-130.0,110.0,2.0,101.5,1.0,1,False
2011,2011-02-07,True,False,lal,mem,93,84,26,24,23,20,0,29,16,23,16,0,away,3.0,193.5,-160.0,140.0,0.5,95.5,1.0,0,False
2011,2011-02-07,True,False,min,no,104,92,23,37,22,22,0,23,23,24,22,0,home,8.0,202.5,325.0,-400.0,9.0,99.0,0.0,0,False
2011,2011-02-07,True,False,bos,cha,89,94,29,21,19,20,0,25,26,14,29,0,away,4.5,182.5,-190.0,165.0,5.0,90.5,0.0,1,True
2011,2011-02-07,True,False,cle,dal,96,99,28,21,24,23,0,29,30,18,22,0,home,14.5,206.5,1250.0,-2000.0,5.0,100.5,0.0,0,True
2011,2011-02-08,True,False,min,hou,112,108,27,29,27,29,0,29,24,32,23,0,home,9.0,216.5,400.0,-500.0,8.0,105.5,0.0,1,False
2011,2011-02-08,True,False,phi,atl,117,83,33,32,23,29,0,15,18,25,25,0,home,3.5,192.0,145.0,-165.0,8.0,95.0,0.0,1,False
2011,2011-02-08,True,False,lac,orl,85,101,23,23,19,20,0,21,21,24,35,0,home,9.5,202.5,425.0,-550.0,8.5,100.5,1.0,0,True
2011,2011-02-08,True,False,sa,det,100,89,26,26,19,29,0,25,26,15,23,0,away,6.5,188.5,-300.0,250.0,4.0,94.5,1.0,1,False
2011,2011-02-08,True,False,ind,mia,112,117,29,37,31,15,0,33,30,27,27,0,home,10.5,199.0,500.0,-700.0,9.0,100.0,0.0,1,True
2011,2011-02-08,True,False,tor,mil,74,92,17,21,20,16,0,24,16,26,26,0,home,7.0,193.0,250.0,-300.0,4.0,94.0,1.0,0,True
2011,2011-02-08,True,False,mem,okc,105,101,24,20,30,21,10,27,27,17,24,6,home,7.5,205.0,290.0,-350.0,2.0,98.5,0.0,1,False
2011,2011-02-09,True,False,dal,sac,102,100,20,36,18,28,0,28,19,26,27,0,away,5.0,197.5,-230.0,190.0,0.5,96.5,0.0,1,False
2011,2011-02-09,True,False,den,gs,114,116,35,33,24,22,0,34,36,30,16,0,home,3.0,222.0,125.0,-145.0,1.0,113.0,0.0,1,True
2011,2011-02-09,True,False,lac,ny,116,108,28,30,30,28,0,29,18,31,30,0,home,7.5,215.0,290.0,-350.0,7.0,104.0,0.0,1,False
2011,2011-02-09,True,False,cha,ind,103,104,28,20,22,33,0,29,29,23,23,0,home,4.0,195.0,155.0,-175.0,0.5,96.5,0.0,1,True
2011,2011-02-09,True,False,chi,utah,91,86,21,23,22,25,0,23,18,19,26,0,home,1.0,193.5,110.0,-130.0,0.5,95.5,0.0,0,False
2011,2011-02-09,True,False,det,cle,103,94,25,30,26,22,0,16,27,27,24,0,home,1.5,194.5,107.0,-118.0,3.5,94.0,0.0,1,False
2011,2011-02-09,True,False,orl,phi,99,95,18,31,25,25,0,27,20,22,26,0,away,1.5,196.5,-102.0,-108.0,0.0,97.0,1.0,0,False
2011,2011-02-09,True,False,no,bkn,101,103,27,15,29,20,10,23,23,23,22,12,away,3.0,185.0,-150.0,130.0,3.0,91.0,0.0,1,True
2011,2011-02-09,True,False,sa,tor,111,100,31,29,21,30,0,29,27,28,16,0,away,8.0,201.0,-360.0,300.0,3.5,98.0,1.0,1,False
2011,2011-02-09,True,False,mil,wsh,85,100,19,18,23,25,0,22,25,30,23,0,home,0.0,185.5,102.0,-113.0,2.5,93.0,1.0,0,True
2011,2011-02-10,True,False,lal,bos,92,86,20,25,27,20,0,27,26,15,18,0,home,2.0,188.0,115.0,-135.0,2.5,93.5,0.0,0,False
2011,2011-02-10,True,False,gs,phx,88,112,22,20,19,27,0,32,33,22,25,0,home,6.5,218.0,220.0,-260.0,4.0,107.0,1.0,0,True
2011,2011-02-10,True,False,dal,den,120,121,19,39,34,28,0,33,26,29,33,0,home,3.0,209.0,125.0,-145.0,2.0,104.0,0.0,1,True
2011,2011-02-11,True,False,phx,utah,95,83,19,25,27,24,0,31,25,13,14,0,home,6.0,209.5,200.0,-240.0,1.5,105.5,0.0,0,False
2011,2011-02-11,True,False,lal,ny,113,96,30,32,23,28,0,28,20,20,28,0,away,3.0,211.5,-155.0,135.0,3.0,103.5,1.0,0,False
2011,2011-02-11,True,False,mil,mem,86,89,17,23,28,18,0,20,25,18,26,0,home,4.0,182.0,155.0,-175.0,0.5,90.5,0.0,0,True
2011,2011-02-11,True,False,mia,det,106,92,25,39,22,20,0,21,22,22,27,0,away,8.0,190.0,-380.0,320.0,2.0,92.5,1.0,1,False
2011,2011-02-11,True,False,lac,cle,119,126,33,20,28,29,9,29,23,31,27,16,away,4.5,206.5,-185.0,165.0,3.0,99.0,0.0,1,True
2011,2011-02-11,True,False,por,tor,102,96,23,32,17,30,0,19,28,23,26,0,away,3.5,196.5,-175.0,155.0,1.0,96.5,1.0,1,False
2011,2011-02-11,True,False,no,orl,99,93,28,33,19,19,0,24,28,28,13,0,home,8.5,192.0,360.0,-460.0,8.5,96.0,0.0,2,False
2011,2011-02-11,True,False,sa,phi,71,77,22,24,12,13,0,27,19,14,17,0,away,3.0,195.5,-145.0,125.0,2.0,96.5,0.0,0,True
2011,2011-02-11,True,False,min,ind,105,116,31,27,32,15,0,31,25,27,33,0,home,9.0,217.5,400.0,-500.0,7.0,106.0,1.0,1,True
2011,2011-02-11,True,False,bkn,cha,94,89,24,28,20,22,0,21,16,23,29,0,home,6.5,187.5,240.0,-285.0,7.0,92.5,0.0,0,False
2011,2011-02-12,True,False,okc,sac,99,97,27,27,21,24,0,24,21,27,25,0,away,4.0,208.5,-200.0,170.0,1.5,100.5,0.0,0,False
2011,2011-02-12,True,False,ind,mil,103,97,32,19,24,28,0,29,20,23,25,0,home,2.5,192.0,120.0,-140.0,3.0,94.0,0.0,1,False
2011,2011-02-12,True,False,sa,wsh,118,94,37,35,29,17,0,18,27,20,29,0,away,6.5,195.5,-300.0,245.0,4.5,95.5,1.0,1,False
2011,2011-02-12,True,False,dal,hou,106,102,23,34,25,24,0,25,19,23,35,0,home,0.0,206.5,-125.0,105.0,4.0,101.5,0.0,1,False
2011,2011-02-12,True,False,phi,min,107,87,28,26,31,22,0,32,18,24,13,0,away,4.5,206.0,-190.0,160.0,1.5,100.5,1.0,0,False
2011,2011-02-12,True,False,ny,bkn,105,95,27,32,13,33,0,21,33,14,27,0,away,1.5,205.5,-150.0,130.0,0.5,101.0,1.0,0,False
2011,2011-02-12,True,False,chi,no,97,88,24,18,30,25,0,22,31,21,14,0,away,3.0,181.5,-150.0,130.0,4.0,90.0,1.0,1,False
2011,2011-02-12,True,False,cha,atl,88,86,27,12,29,20,0,27,25,20,14,0,home,7.5,187.5,285.0,-350.0,0.0,93.5,0.0,0,False
2011,2011-02-13,True,False,okc,gs,94,100,20,23,23,28,0,23,24,27,26,0,home,2.0,216.0,100.0,-120.0,0.5,107.0,1.0,0,True
2011,2011-02-13,True,False,wsh,cle,115,100,35,33,27,20,0,23,23,33,21,0,home,2.5,207.5,115.0,-135.0,4.5,101.5,0.0,1,False
2011,2011-02-13,True,False,den,mem,108,116,26,41,23,18,0,31,24,27,34,0,home,3.0,210.0,120.0,-140.0,4.0,103.0,1.0,1,True
2011,2011-02-13,True,False,sac,phx,113,108,30,20,28,35,0,32,25,24,27,0,home,9.5,205.5,450.0,-600.0,3.5,101.0,0.0,1,False
2011,2011-02-13,True,False,lac,tor,93,98,24,24,23,22,0,24,24,30,20,0,away,2.5,208.0,-135.0,115.0,1.5,102.0,0.0,0,True
2011,2011-02-13,True,False,lal,orl,75,89,21,20,19,15,0,24,21,20,24,0,home,0.0,193.5,-120.0,100.0,1.5,97.0,1.0,0,True
2011,2011-02-13,True,False,mia,bos,82,85,20,23,18,21,0,15,24,35,11,0,away,3.0,189.0,-160.0,135.0,0.5,93.5,0.0,0,True
2011,2011-02-13,True,False,por,det,105,100,20,27,27,31,0,21,28,21,30,0,away,2.0,184.0,-145.0,125.0,2.0,92.0,1.0,1,False
2011,2011-02-14,True,False,sa,bkn,102,85,27,32,21,22,0,23,25,18,19,0,away,8.0,190.5,-450.0,350.0,1.0,93.5,1.0,0,False
2011,2011-02-14,True,False,lal,cha,89,109,22,21,17,29,0,24,25,29,31,0,away,5.0,185.5,-220.0,180.0,6.0,92.0,0.0,1,True
2011,2011-02-14,True,False,atl,det,94,79,20,33,21,20,0,27,24,17,11,0,away,4.0,185.5,-180.0,160.0,2.0,92.5,1.0,0,False
2011,2011-02-14,True,False,lac,mil,78,102,17,28,20,13,0,22,25,24,31,0,home,5.5,187.5,210.0,-250.0,3.5,91.0,1.0,0,True
2011,2011-02-14,True,False,por,min,95,81,29,27,21,18,0,14,34,13,20,0,away,3.0,202.0,-150.0,130.0,1.0,99.0,1.0,0,False
2011,2011-02-14,True,False,den,hou,102,121,32,22,14,34,0,19,39,30,33,0,home,2.5,221.0,120.0,-140.0,0.5,108.0,1.0,1,True
2011,2011-02-15,True,False,cha,chi,94,106,23,22,28,21,0,29,23,26,28,0,home,10.0,183.0,425.0,-550.0,4.0,91.0,1.0,1,True
2011,2011-02-15,True,False,utah,phx,101,102,27,26,20,28,0,29,21,26,26,0,home,4.5,208.0,165.0,-190.0,4.0,105.0,0.0,0,True
2011,2011-02-15,True,False,no,gs,89,102,32,21,18,18,0,22,36,25,19,0,home,3.0,203.0,115.0,-135.0,0.5,100.0,1.0,0,True
2011,2011-02-15,True,False,sac,okc,96,126,24,26,25,21,0,37,31,32,26,0,home,9.0,207.0,400.0,-500.0,0.5,100.0,1.0,1,True
2011,2011-02-15,True,False,mia,ind,110,103,41,17,24,28,0,19,35,29,20,0,away,5.5,206.0,-240.0,200.0,2.0,101.5,1.0,1,False
2011,2011-02-15,True,False,phi,mem,91,102,10,34,31,16,0,26,29,22,25,0,home,3.0,192.0,135.0,-155.0,2.5,94.0,1.0,1,True
2011,2011-02-16,True,False,wsh,orl,76,101,18,21,16,21,0,17,31,32,21,0,home,12.5,200.5,700.0,-1000.0,4.5,98.5,1.0,0,True
2011,2011-02-16,True,False,no,por,96,103,26,23,27,20,0,35,13,22,33,0,home,5.5,184.0,190.0,-230.0,4.0,90.5,1.0,1,True
2011,2011-02-16,True,False,gs,utah,107,100,20,28,28,31,0,23,25,28,24,0,home,5.0,208.5,185.0,-225.0,3.5,105.0,0.0,0,False
2011,2011-02-16,True,False,den,mil,94,87,27,19,25,23,0,16,27,28,16,0,home,1.5,200.5,105.0,-125.0,0.5,97.5,0.0,0,False
2011,2011-02-16,True,False,lac,min,98,90,23,20,29,26,0,20,22,20,28,0,home,1.5,209.0,105.0,-125.0,0.0,101.0,0.0,0,False
2011,2011-02-16,True,False,phi,hou,114,105,23,32,31,28,0,23,29,26,27,0,home,4.5,205.0,170.0,-200.0,4.0,101.0,0.0,1,False
2011,2011-02-16,True,False,bkn,bos,80,94,22,24,24,10,0,27,19,24,24,0,home,10.5,185.5,550.0,-750.0,7.0,91.0,1.0,0,True
2011,2011-02-16,True,False,atl,ny,90,102,19,26,20,25,0,26,26,26,24,0,home,2.5,205.5,115.0,-135.0,1.0,100.0,1.0,0,True
2011,2011-02-16,True,False,ind,det,109,115,22,33,23,26,5,33,27,24,20,11,away,1.5,200.0,-125.0,105.0,1.5,99.0,0.0,1,True
2011,2011-02-16,True,False,mia,tor,103,95,29,21,30,23,0,27,19,26,23,0,away,9.0,204.0,-500.0,400.0,4.5,100.5,0.0,0,False
2011,2011-02-16,True,False,lal,cle,99,104,21,25,25,28,0,29,22,23,30,0,away,11.0,201.0,-800.0,600.0,10.0,98.5,0.0,1,True
2011,2011-02-16,True,False,sac,dal,100,116,25,23,28,24,0,25,36,35,20,0,home,11.0,204.5,600.0,-800.0,3.0,100.5,1.0,1,True
2011,2011-02-17,True,False,sa,chi,99,109,25,26,24,24,0,30,28,25,26,0,home,2.0,187.0,110.0,-130.0,1.0,91.5,1.0,1,True
2011,2011-02-17,True,False,dal,phx,112,106,28,26,31,27,0,25,26,29,26,0,away,2.5,205.5,-145.0,125.0,0.5,100.5,1.0,1,False
2011,2011-02-22,True,False,min,mil,88,94,23,21,23,21,0,26,18,23,27,0,home,8.0,193.0,300.0,-360.0,5.0,94.5,0.0,0,True
2011,2011-02-22,True,False,bos,gs,115,93,31,29,28,27,0,30,30,18,15,0,away,4.5,195.5,-200.0,170.0,3.0,98.0,1.0,1,False
2011,2011-02-22,True,False,atl,lal,80,104,15,18,21,26,0,28,26,26,24,0,home,8.0,190.0,290.0,-350.0,1.5,93.0,1.0,0,True
2011,2011-02-22,True,False,mem,den,107,120,23,19,34,31,0,32,29,41,18,0,home,1.5,205.0,103.0,-114.0,4.0,102.5,1.0,1,True
2011,2011-02-22,True,False,lac,okc,88,111,23,23,21,21,0,23,39,16,33,0,home,8.5,206.0,350.0,-450.0,0.5,99.0,1.0,0,True
2011,2011-02-22,True,False,hou,det,108,100,20,31,27,30,0,28,23,24,25,0,away,2.0,201.0,-130.0,110.0,1.5,99.5,1.0,1,False
2011,2011-02-22,True,False,ind,wsh,113,96,25,33,32,23,0,30,19,19,28,0,away,2.5,208.5,-140.0,120.0,2.0,102.5,1.0,1,False
2011,2011-02-22,True,False,tor,cha,101,114,27,17,25,32,0,33,28,28,25,0,home,6.5,197.5,250.0,-300.0,2.0,98.5,1.0,1,True
2011,2011-02-22,True,False,sac,mia,97,117,16,28,26,27,0,35,28,30,24,0,home,13.5,205.0,1125.0,-1700.0,2.5,98.5,1.0,1,True
2011,2011-02-23,True,False,lal,por,106,101,23,18,26,20,19,29,18,22,18,14,away,2.5,191.0,-145.0,125.0,3.0,96.0,1.0,1,False
2011,2011-02-23,True,False,atl,phx,97,105,31,16,24,26,0,33,28,19,25,0,home,4.0,200.5,150.0,-170.0,2.5,98.5,1.0,1,True
2011,2011-02-23,True,False,utah,dal,99,118,26,29,22,22,0,23,36,29,30,0,home,10.0,197.0,510.0,-720.0,5.0,99.0,1.0,1,True
2011,2011-02-23,True,False,okc,sa,105,109,37,16,27,25,0,31,33,24,21,0,home,7.0,205.5,255.0,-310.0,0.5,100.0,0.0,1,True
2011,2011-02-23,True,False,lac,no,87,98,16,22,24,25,0,23,22,28,25,0,home,7.5,190.5,290.0,-350.0,2.0,93.0,1.0,0,True
2011,2011-02-23,True,False,mem,min,104,95,26,28,22,28,0,18,24,26,27,0,away,3.0,204.0,-155.0,135.0,2.0,101.5,1.0,0,False
2011,2011-02-23,True,False,mil,ny,108,114,24,33,22,29,0,33,26,27,28,0,home,7.0,200.0,243.0,-285.0,4.0,99.5,0.0,1,True
2011,2011-02-23,True,False,hou,cle,124,119,28,33,30,33,0,27,38,23,31,0,away,6.0,214.0,-245.0,205.0,5.0,105.0,0.0,1,False
2011,2011-02-23,True,False,det,ind,101,102,19,24,30,28,0,26,25,27,24,0,home,8.0,204.0,310.0,-370.0,2.5,98.5,0.0,0,True
2011,2011-02-23,True,False,chi,tor,113,118,29,29,23,32,0,25,30,30,33,0,away,8.5,198.5,-440.0,350.0,4.5,98.0,0.0,1,True
2011,2011-02-23,True,False,wsh,phi,94,117,31,18,15,30,0,24,30,34,29,0,home,9.5,198.5,450.0,-600.0,4.5,98.0,1.0,1,True
2011,2011-02-23,True,False,sac,orl,111,105,31,27,21,32,0,25,36,23,21,0,home,14.0,205.0,1250.0,-2000.0,8.5,101.5,0.0,1,False
2011,2011-02-24,True,False,mia,chi,89,93,31,22,14,22,0,23,21,27,22,0,away,3.0,192.5,-150.0,130.0,1.5,95.0,0.0,0,True
2011,2011-02-24,True,False,bos,den,75,89,23,13,24,15,0,18,19,24,28,0,away,5.0,205.0,-210.0,175.0,4.5,98.0,0.0,0,True
2011,2011-02-25,True,False,bkn,sa,96,106,25,29,18,24,0,29,24,35,18,0,home,11.0,194.5,675.0,-975.0,7.5,97.0,0.0,1,True
2011,2011-02-25,True,False,atl,gs,95,79,29,26,26,14,0,17,18,20,24,0,home,3.0,202.0,120.0,-140.0,5.5,99.0,0.0,0,False
2011,2011-02-25,True,False,wsh,mia,113,121,25,36,23,29,0,20,43,25,33,0,home,15.5,203.5,1700.0,-3500.0,9.5,101.5,0.0,1,True
2011,2011-02-25,True,False,lac,lal,95,108,31,19,17,28,0,30,22,33,23,0,home,10.5,193.0,600.0,-850.0,6.0,95.5,1.0,1,True
2011,2011-02-25,True,False,den,por,106,107,19,20,33,25,9,25,24,16,32,10,home,7.5,203.0,250.0,-310.0,1.5,98.5,0.0,1,True
2011,2011-02-25,True,False,okc,orl,88,111,22,26,22,18,0,28,31,21,31,0,home,6.0,204.5,205.0,-255.0,0.5,100.0,1.0,0,True
2011,2011-02-25,True,False,utah,ind,95,84,24,19,22,30,0,13,25,25,21,0,home,6.0,208.0,220.0,-270.0,6.0,104.0,0.0,0,False
2011,2011-02-25,True,False,ny,cle,109,115,30,23,22,34,0,28,25,30,32,0,away,8.5,222.0,-475.0,365.0,6.0,109.0,0.0,1,True
2011,2011-02-25,True,False,phx,tor,110,92,35,25,26,24,0,14,28,20,30,0,away,4.0,214.0,-170.0,145.0,3.0,105.0,1.0,0,False
2011,2011-02-25,True,False,sac,cha,98,110,30,14,29,25,0,28,24,26,32,0,home,5.5,203.0,210.0,-260.0,1.0,100.5,1.0,1,True
2011,2011-02-25,True,False,det,phi,94,110,22,27,26,19,0,29,30,27,24,0,home,11.0,195.0,600.0,-850.0,3.5,97.0,1.0,1,True
2011,2011-02-25,True,False,no,min,95,81,35,20,24,16,0,26,17,18,20,0,away,5.0,195.5,-220.0,180.0,1.5,96.5,1.0,0,False
2011,2011-02-26,True,False,utah,det,116,120,28,25,31,32,0,27,31,25,37,0,away,5.0,193.5,-210.0,175.0,4.0,99.0,0.0,1,True
2011,2011-02-26,True,False,sac,mem,92,120,28,21,17,26,0,23,33,33,31,0,home,11.0,205.0,550.0,-750.0,4.5,100.5,1.0,1,True
2011,2011-02-26,True,False,dal,wsh,105,99,23,36,19,27,0,22,27,23,27,0,away,10.0,205.0,-630.0,465.0,2.5,102.0,0.0,0,False
2011,2011-02-26,True,False,chi,mil,83,75,21,18,31,13,0,25,14,20,16,0,away,4.0,182.0,-175.0,155.0,3.0,89.5,1.0,0,False
2011,2011-02-26,True,False,bkn,hou,108,123,33,25,24,26,0,37,34,28,24,0,home,8.5,207.0,320.0,-400.0,1.5,103.5,1.0,1,True
2011,2011-02-26,True,False,bos,lac,99,92,18,22,34,25,0,26,21,21,24,0,away,8.0,186.0,-340.0,280.0,8.0,90.5,0.0,1,False
2011,2011-02-27,True,False,atl,por,90,83,19,29,20,22,0,18,18,13,34,0,home,5.0,185.0,175.0,-210.0,6.0,91.5,0.0,0,False
2011,2011-02-27,True,False,ny,mia,91,86,23,29,13,26,0,34,17,15,20,0,home,9.5,216.5,425.0,-550.0,7.5,107.5,0.0,0,False
2011,2011-02-27,True,False,hou,no,91,89,21,19,22,29,0,27,28,17,17,0,home,6.0,203.0,220.0,-270.0,1.5,100.0,0.0,0,False
2011,2011-02-27,True,False,cha,orl,86,100,28,23,18,17,0,30,29,21,20,0,home,11.0,195.5,600.0,-850.0,3.5,97.0,1.0,0,True
2011,2011-02-27,True,False,mem,sa,88,95,16,19,28,25,0,26,17,16,36,0,home,9.0,197.5,410.0,-535.0,2.5,97.0,0.0,0,True
2011,2011-02-27,True,False,phi,cle,95,91,22,27,26,20,0,23,20,21,27,0,away,7.5,209.0,-370.0,290.0,2.0,101.0,0.0,0,False
2011,2011-02-27,True,False,gs,min,123,126,41,32,16,34,0,32,37,35,22,0,away,3.0,214.0,-165.0,140.0,0.5,108.0,0.0,1,True
2011,2011-02-27,True,False,lal,okc,90,87,22,29,21,18,0,28,28,13,18,0,away,1.5,199.0,-130.0,110.0,2.0,96.5,1.0,0,False
2011,2011-02-27,True,False,phx,ind,110,108,33,27,22,17,11,29,22,21,27,9,home,2.0,215.0,115.0,-135.0,3.5,106.0,0.0,1,False
2011,2011-02-27,True,False,dal,tor,114,96,24,26,25,39,0,30,27,15,24,0,away,9.0,206.5,-500.0,375.0,9.0,101.0,1.0,1,False
2011,2011-02-28,True,False,chi,wsh,105,77,25,25,28,27,0,20,17,20,20,0,away,8.0,195.0,-400.0,320.0,0.6,96.6,1.0,0,False
2011,2011-02-28,True,False,phx,bkn,104,103,26,26,17,27,8,23,28,15,30,7,away,3.0,205.5,-150.0,130.0,1.5,101.0,0.0,1,False
2011,2011-02-28,True,False,atl,den,90,100,25,22,23,20,0,21,25,25,29,0,home,6.0,202.0,220.0,-260.0,4.5,100.5,1.0,0,True
2011,2011-02-28,True,False,bos,utah,107,102,30,26,23,28,0,21,32,22,27,0,away,4.5,189.0,-200.0,170.0,2.0,94.5,1.0,1,False
2011,2011-02-28,True,False,lac,sac,99,105,29,23,31,16,0,29,22,27,27,0,away,1.0,207.0,100.0,-110.0,0.0,102.5,0.0,0,True
2011,2011-03-01,True,False,hou,por,103,87,30,23,30,20,0,26,16,26,19,0,home,5.0,202.5,175.0,-210.0,6.0,99.5,0.0,0,False
2011,2011-03-01,True,False,det,mil,90,92,22,28,25,15,0,28,23,21,20,0,home,6.0,188.0,200.0,-240.0,4.0,94.0,0.0,0,True
2011,2011-03-01,True,False,sa,mem,93,109,30,22,15,26,0,32,29,22,26,0,home,1.5,193.0,105.0,-125.0,2.5,95.0,1.0,1,True
2011,2011-03-01,True,False,lal,min,90,79,18,22,25,25,0,21,24,16,18,0,away,9.0,205.0,-550.0,425.0,9.0,101.0,1.0,0,False
2011,2011-03-01,True,False,ny,orl,110,116,21,37,26,26,0,32,15,32,37,0,home,7.0,212.0,260.0,-320.0,7.0,104.0,0.0,1,True
2011,2011-03-01,True,False,dal,phi,101,93,23,28,29,21,0,22,22,33,16,0,away,2.0,201.0,-130.0,110.0,1.5,98.5,1.0,0,False
2011,2011-03-01,True,False,no,tor,90,96,20,22,20,28,0,27,30,15,24,0,away,5.5,194.5,-230.0,190.0,6.5,94.0,0.0,0,True
2011,2011-03-01,True,False,gs,ind,100,109,19,27,25,29,0,29,14,37,29,0,home,5.5,218.0,200.0,-240.0,5.5,108.0,1.0,0,True
2011,2011-03-02,True,False,hou,lac,103,106,21,33,15,34,0,23,26,26,31,0,home,2.5,211.0,120.0,-140.0,2.5,103.0,1.0,0,True
2011,2011-03-02,True,False,por,sac,107,102,30,31,18,28,0,29,24,20,29,0,away,3.5,195.5,-165.0,145.0,1.0,97.5,1.0,1,False
2011,2011-03-02,True,False,cha,den,80,120,23,23,21,13,0,31,31,29,29,0,home,7.0,205.0,250.0,-300.0,1.0,101.5,1.0,0,True
2011,2011-03-02,True,False,phx,bos,103,115,21,21,30,31,0,32,30,29,24,0,home,7.0,199.0,260.0,-320.0,2.0,97.5,1.0,1,True
2011,2011-03-02,True,False,ind,okc,89,113,18,24,20,27,0,27,36,26,24,0,home,8.5,209.0,320.0,-400.0,1.0,101.0,1.0,0,True
2011,2011-03-02,True,False,no,ny,88,107,25,17,20,26,0,27,25,30,25,0,home,2.5,201.0,120.0,-140.0,2.5,98.0,1.0,0,True
2011,2011-03-02,True,False,gs,wsh,106,102,32,30,29,15,0,33,20,21,28,0,home,0.0,212.0,-110.0,-110.0,2.5,105.5,0.0,0,False
2011,2011-03-02,True,False,min,det,116,105,30,33,26,27,0,32,29,24,20,0,home,4.5,206.0,170.0,-200.0,4.0,103.5,0.0,1,False
2011,2011-03-02,True,False,chi,atl,80,83,28,22,13,17,0,19,14,25,25,0,away,4.0,182.5,-190.0,160.0,2.5,90.0,0.0,0,True
2011,2011-03-02,True,False,sa,cle,109,99,24,33,32,20,0,25,27,20,27,0,away,9.0,202.0,-525.0,400.0,4.5,98.5,1.0,1,False
2011,2011-03-03,True,False,orl,mia,99,96,22,23,26,28,0,30,33,17,16,0,home,5.5,197.0,200.0,-240.0,3.0,96.0,0.0,0,False
2011,2011-03-03,True,False,den,utah,103,101,30,28,16,29,0,23,28,25,25,0,home,3.0,210.0,130.0,-150.0,3.0,105.5,0.0,0,False
2011,2011-03-04,True,False,cha,lal,84,92,19,16,22,27,0,29,16,24,23,0,home,13.0,189.0,875.0,-1475.0,4.5,92.5,0.0,0,True
2011,2011-03-04,True,False,mia,sa,95,125,12,38,22,23,0,36,26,32,31,0,home,2.5,196.0,105.0,-125.0,3.0,97.5,1.0,1,True
2011,2011-03-04,True,False,phx,mil,102,88,22,23,31,26,0,26,22,15,25,0,away,3.0,195.0,-140.0,120.0,3.0,97.0,1.0,0,False
2011,2011-03-04,True,False,ind,dal,108,116,33,24,24,27,0,35,33,22,26,0,home,9.0,208.0,360.0,-470.0,1.5,102.0,0.0,1,True
2011,2011-03-04,True,False,no,mem,98,91,20,25,27,26,0,20,25,27,19,0,home,5.5,186.0,195.0,-240.0,4.5,91.5,0.0,1,False
2011,2011-03-04,True,False,cle,ny,119,115,32,26,27,34,0,32,32,24,27,0,home,12.5,216.5,850.0,-1450.0,6.0,105.0,0.0,1,False
2011,2011-03-04,True,False,gs,bos,103,107,27,26,28,22,0,32,32,24,19,0,home,9.5,205.5,450.0,-600.0,2.0,102.5,0.0,1,True
2011,2011-03-04,True,False,chi,orl,89,81,21,28,16,24,0,21,14,22,24,0,home,2.0,189.5,115.0,-135.0,4.5,94.5,0.0,0,False
2011,2011-03-04,True,False,tor,bkn,103,116,23,28,30,22,0,27,20,31,38,0,home,2.5,203.5,125.0,-145.0,2.5,101.0,1.0,1,True
2011,2011-03-04,True,False,okc,atl,111,104,31,25,27,28,0,26,25,22,31,0,home,2.5,192.0,125.0,-145.0,2.0,94.5,0.0,1,False
2011,2011-03-04,True,False,min,phi,100,111,31,18,29,22,0,22,34,29,26,0,home,9.5,206.5,400.0,-525.0,3.5,100.5,1.0,1,True
2011,2011-03-05,True,False,cha,por,69,93,16,19,17,17,0,15,25,25,28,0,home,11.0,184.0,500.0,-700.0,5.5,91.0,1.0,0,True
2011,2011-03-05,True,False,den,lac,94,100,23,15,27,29,0,30,18,23,29,0,home,2.0,208.5,110.0,-130.0,2.5,100.0,1.0,0,True
2011,2011-03-05,True,False,sac,utah,102,109,29,20,23,23,7,30,27,15,23,14,home,8.0,210.0,300.0,-360.0,2.0,105.0,0.0,1,True
2011,2011-03-05,True,False,min,wsh,96,103,29,20,23,24,0,25,26,17,35,0,home,3.5,212.0,150.0,-170.0,1.5,104.5,1.0,0,True
2011,2011-03-05,True,False,tor,bkn,136,137,30,32,26,22,26,23,42,23,22,27,home,2.0,205.5,110.0,-130.0,0.0,103.0,0.0,1,True
2011,2011-03-05,True,False,ind,hou,95,112,18,31,19,27,0,29,36,29,18,0,home,7.0,217.0,250.0,-300.0,1.5,107.0,1.0,0,True
2011,2011-03-06,True,False,bos,mil,89,83,27,16,26,20,0,26,23,16,18,0,away,7.5,181.5,-350.0,290.0,7.5,90.5,0.0,0,False
2011,2011-03-06,True,False,phx,okc,118,122,28,33,30,18,9,25,32,29,23,13,home,6.0,211.5,205.0,-245.0,6.0,103.5,0.0,1,True
2011,2011-03-06,True,False,no,cle,96,81,27,24,22,23,0,24,24,18,15,0,away,5.0,193.0,-185.0,165.0,2.0,95.0,1.0,0,False
2011,2011-03-06,True,False,wsh,det,102,113,22,29,22,29,0,29,31,22,31,0,home,6.5,203.0,220.0,-260.0,1.0,101.5,1.0,1,True
2011,2011-03-06,True,False,mem,dal,104,103,21,17,41,25,0,27,28,23,25,0,home,6.5,200.5,240.0,-280.0,1.5,98.5,0.0,1,False
2011,2011-03-06,True,False,gs,phi,117,125,25,31,24,26,11,31,33,16,26,19,home,7.5,209.5,300.0,-360.0,1.5,103.5,1.0,1,True
2011,2011-03-06,True,False,lal,sa,99,83,34,31,16,18,0,13,24,15,31,0,home,3.0,192.0,130.0,-150.0,8.0,95.0,0.0,0,False
2011,2011-03-06,True,False,chi,mia,87,86,18,22,23,24,0,22,27,16,21,0,home,5.5,188.0,210.0,-250.0,0.0,92.5,0.0,0,False
2011,2011-03-06,True,False,ny,atl,92,79,24,20,18,30,0,19,23,14,23,0,home,3.0,203.0,140.0,-160.0,3.0,99.5,0.0,0,False
2011,2011-03-07,True,False,lac,cha,92,87,27,22,22,21,0,26,21,20,20,0,away,1.5,188.5,-120.0,100.0,0.0,93.0,1.0,0,False
2011,2011-03-07,True,False,por,orl,89,85,24,23,23,19,0,19,24,23,19,0,home,2.0,188.5,110.0,-130.0,2.0,93.0,0.0,0,False
2011,2011-03-07,True,False,utah,ny,109,131,24,24,26,35,0,40,26,36,29,0,home,6.0,211.5,220.0,-260.0,2.5,104.5,1.0,1,True
2011,2011-03-07,True,False,no,chi,77,85,23,20,17,17,0,26,17,23,19,0,home,10.0,179.5,500.0,-700.0,6.5,87.0,0.0,0,True
2011,2011-03-07,True,False,dal,min,108,105,22,26,25,35,0,30,20,30,25,0,away,7.0,210.5,-280.0,240.0,6.0,103.5,0.0,1,False
2011,2011-03-07,True,False,okc,mem,101,107,24,22,27,28,0,25,33,21,28,0,home,3.0,204.5,125.0,-145.0,2.5,99.0,1.0,1,True
2011,2011-03-07,True,False,hou,sac,123,101,29,36,30,28,0,30,28,16,27,0,away,5.0,217.0,-185.0,165.0,0.5,107.0,1.0,1,False
2011,2011-03-08,True,False,hou,phx,110,113,26,24,32,28,0,24,24,31,34,0,home,4.0,219.0,155.0,-180.0,4.0,107.5,0.0,1,True
2011,2011-03-08,True,False,por,mia,105,96,25,32,20,28,0,25,26,24,21,0,home,9.0,188.0,370.0,-470.0,8.0,92.0,0.0,1,False
2011,2011-03-08,True,False,lal,atl,101,87,29,28,24,20,0,25,24,16,22,0,away,5.0,182.5,-210.0,175.0,0.0,89.5,1.0,1,False
2011,2011-03-08,True,False,phi,ind,110,100,34,31,19,26,0,23,30,17,30,0,away,1.0,204.5,105.0,-125.0,3.0,101.5,1.0,1,False
2011,2011-03-08,True,False,mil,wsh,95,76,22,29,24,20,0,21,15,16,24,0,away,1.5,186.0,-125.0,105.0,3.0,92.5,1.0,0,False
2011,2011-03-08,True,False,gs,cle,95,85,18,29,29,19,0,30,16,19,20,0,away,5.0,219.5,-200.0,170.0,2.5,107.0,1.0,0,False
2011,2011-03-09,True,False,orl,sac,106,102,29,27,20,30,0,33,26,20,23,0,away,10.5,205.5,-675.0,475.0,8.5,100.5,0.0,1,False
2011,2011-03-09,True,False,det,sa,104,111,26,26,23,29,0,40,27,21,23,0,home,11.0,201.5,700.0,-1000.0,2.0,98.0,0.0,1,True
2011,2011-03-09,True,False,ny,mem,110,108,30,31,35,14,0,27,26,29,26,0,home,4.0,210.0,135.0,-160.0,4.5,103.5,0.0,1,False
2011,2011-03-09,True,False,cle,mil,90,110,27,22,18,23,0,23,39,26,22,0,home,9.0,186.5,435.0,-585.0,1.5,90.5,1.0,1,True
2011,2011-03-09,True,False,dal,no,92,93,16,30,24,22,0,16,27,17,33,0,away,5.0,187.5,-250.0,200.0,2.0,91.5,0.0,0,True
2011,2011-03-09,True,False,ind,min,75,101,19,21,16,19,0,27,23,29,22,0,home,1.0,215.0,100.0,-120.0,2.0,105.5,1.0,0,True
2011,2011-03-09,True,False,okc,phi,110,105,28,27,27,19,9,34,21,25,21,4,home,1.5,206.5,-105.0,-115.0,1.0,101.0,0.0,1,False
2011,2011-03-09,True,False,gs,bkn,90,94,22,27,28,13,0,29,22,23,20,0,away,1.5,203.0,-125.0,105.0,1.0,98.5,0.0,0,True
2011,2011-03-09,True,False,utah,tor,96,94,31,21,18,26,0,26,24,28,16,0,home,2.0,208.0,110.0,-130.0,1.5,103.5,0.0,0,False
2011,2011-03-09,True,False,chi,cha,101,84,27,25,23,26,0,24,25,20,15,0,away,8.0,178.5,-435.0,335.0,4.5,89.0,1.0,1,False
2011,2011-03-09,True,False,lac,bos,108,103,30,30,16,32,0,17,25,24,37,0,home,8.5,192.0,430.0,-580.0,10.5,93.5,0.0,1,False
2011,2011-03-10,True,False,lal,mia,88,94,26,27,17,18,0,29,26,13,26,0,away,1.5,189.5,-130.0,110.0,0.5,94.5,0.0,0,True
2011,2011-03-10,True,False,ny,dal,109,127,21,30,34,24,0,31,41,27,28,0,home,5.0,217.0,170.0,-200.0,3.0,106.0,1.0,1,True
2011,2011-03-10,True,False,den,phx,116,97,30,29,31,26,0,25,24,17,31,0,home,4.0,217.0,150.0,-170.0,5.0,107.5,0.0,0,False
2011,2011-03-11,True,False,utah,min,101,122,28,29,15,29,0,39,27,31,25,0,home,2.0,208.0,110.0,-130.0,1.5,105.0,1.0,1,True
2011,2011-03-11,True,False,orl,gs,120,123,27,29,25,20,19,20,22,30,29,22,away,5.0,208.0,-220.0,180.0,2.0,103.0,0.0,1,True
2011,2011-03-11,True,False,sac,sa,103,108,20,26,25,32,0,22,30,23,33,0,home,12.0,209.5,650.0,-900.0,6.0,103.0,0.0,1,True
2011,2011-03-11,True,False,atl,chi,76,94,20,30,10,16,0,22,26,24,22,0,home,7.0,179.0,280.0,-340.0,6.0,89.0,1.0,0,True
2011,2011-03-11,True,False,lac,bkn,98,102,26,25,16,27,4,14,23,31,26,8,away,2.5,195.0,-140.0,120.0,3.0,96.0,0.0,1,True
2011,2011-03-11,True,False,ind,tor,98,108,27,21,25,25,0,32,30,21,25,0,away,1.5,211.0,-120.0,100.0,3.5,103.0,0.0,0,True
2011,2011-03-11,True,False,bos,phi,86,89,22,23,23,18,0,25,24,23,17,0,away,1.0,192.5,-120.0,100.0,1.5,94.0,0.0,0,True
2011,2011-03-11,True,False,por,cha,92,97,25,20,25,22,0,22,23,19,33,0,away,4.5,183.0,-200.0,170.0,3.0,91.0,0.0,1,True
2011,2011-03-11,True,False,det,okc,94,104,26,24,25,19,0,22,33,31,18,0,home,9.0,209.0,400.0,-500.0,4.0,102.0,1.0,0,True
2011,2011-03-12,True,False,mem,mia,85,118,22,15,23,25,0,28,27,29,34,0,home,7.5,197.0,305.0,-365.0,1.0,98.0,1.0,1,True
2011,2011-03-12,True,False,por,atl,82,91,18,20,16,28,0,19,16,27,29,0,away,1.5,180.5,-120.0,100.0,0.0,88.0,0.0,0,True
2011,2011-03-12,True,False,lac,wsh,122,101,38,26,27,31,0,27,28,18,28,0,away,2.5,200.5,-140.0,120.0,1.5,99.0,1.0,1,False
2011,2011-03-12,True,False,sac,no,103,115,24,33,28,18,0,31,26,27,31,0,home,9.5,194.5,425.0,-550.0,6.0,96.0,1.0,1,True
2011,2011-03-12,True,False,utah,chi,100,118,17,24,30,29,0,37,31,20,30,0,home,10.5,189.5,500.0,-700.0,1.0,95.0,1.0,1,True
2011,2011-03-12,True,False,phi,mil,74,102,25,16,16,17,0,26,33,21,22,0,home,3.0,184.0,120.0,-140.0,3.5,89.5,1.0,0,True
2011,2011-03-12,True,False,sa,hou,115,107,36,23,22,34,0,25,24,33,25,0,home,1.0,211.0,-105.0,-115.0,3.0,103.0,0.0,1,False
2011,2011-03-12,True,False,lal,dal,96,91,22,28,23,23,0,21,23,21,26,0,away,1.0,194.5,-120.0,100.0,1.0,96.0,1.0,0,False
2011,2011-03-12,True,False,det,den,101,131,28,32,14,27,0,33,33,27,38,0,home,9.5,208.0,425.0,-550.0,4.0,104.5,1.0,1,True
2011,2011-03-13,True,False,mil,bos,56,87,9,13,16,18,0,20,19,21,27,0,home,8.0,179.5,350.0,-450.0,1.0,87.5,1.0,0,True
2011,2011-03-13,True,False,ind,ny,106,93,29,25,31,21,0,21,25,26,21,0,home,9.5,220.5,425.0,-550.0,9.0,109.0,0.0,0,False
2011,2011-03-13,True,False,min,gs,77,100,23,21,15,18,0,26,23,26,25,0,home,7.0,220.5,250.0,-300.0,2.5,107.5,1.0,0,True
2011,2011-03-13,True,False,okc,cle,95,75,29,21,25,20,0,14,24,18,19,0,away,9.5,210.0,-600.0,450.0,1.5,101.5,1.0,0,False
2011,2011-03-13,True,False,orl,phx,111,88,32,29,26,24,0,26,26,13,23,0,away,6.0,202.5,-260.0,220.0,0.5,100.0,1.0,0,False
2011,2011-03-13,True,False,cha,tor,95,90,24,26,26,19,0,22,25,24,19,0,home,2.0,198.0,115.0,-135.0,1.5,98.5,0.0,0,False
2011,2011-03-14,True,False,orl,lal,84,97,25,21,20,18,0,19,22,30,26,0,home,5.5,186.5,190.0,-230.0,6.5,92.0,1.0,0,True
2011,2011-03-14,True,False,phi,utah,107,112,23,19,27,34,4,28,32,22,21,9,away,3.5,199.0,-160.0,140.0,6.0,97.5,0.0,1,True
2011,2011-03-14,True,False,phx,hou,93,95,16,26,22,29,0,27,23,24,21,0,home,9.0,217.0,360.0,-460.0,3.0,106.5,0.0,0,True
2011,2011-03-14,True,False,lac,mem,82,105,20,16,20,26,0,21,29,28,27,0,home,6.0,201.5,200.0,-240.0,1.5,97.5,1.0,0,True
2011,2011-03-14,True,False,gs,sac,119,129,20,39,25,35,0,35,36,36,22,0,home,1.5,218.0,105.0,-116.0,3.5,108.5,1.0,1,True
2011,2011-03-14,True,False,sa,mia,80,110,19,20,24,17,0,22,27,28,33,0,home,5.0,198.5,180.0,-220.0,1.0,96.0,1.0,0,True
2011,2011-03-14,True,False,okc,wsh,116,89,33,35,27,21,0,24,23,23,19,0,away,9.0,208.0,-450.0,350.0,1.5,101.0,1.0,0,False
2011,2011-03-14,True,False,bos,bkn,79,88,23,15,23,18,0,14,22,31,21,0,away,5.5,186.5,-240.0,200.0,3.0,91.0,0.0,0,True
2011,2011-03-14,True,False,den,no,114,103,23,35,36,20,0,21,24,30,28,0,home,2.5,199.0,120.0,-140.0,4.5,97.5,0.0,1,False
2011,2011-03-15,True,False,mil,atl,85,110,17,22,16,30,0,28,27,29,26,0,home,5.0,174.0,180.0,-220.0,2.5,86.0,1.0,1,True
2011,2011-03-15,True,False,ny,ind,117,119,27,27,28,35,0,29,28,30,32,0,away,5.5,216.5,-220.0,180.0,5.5,105.5,0.0,1,True
2011,2011-03-15,True,False,wsh,chi,79,98,19,27,14,19,0,31,19,25,23,0,home,15.5,192.0,1700.0,-3500.0,8.5,93.5,1.0,0,True
2011,2011-03-15,True,False,dal,por,101,104,32,24,24,21,0,29,24,29,22,0,away,2.0,191.0,-130.0,110.0,0.5,97.0,0.0,1,True
2011,2011-03-16,True,False,cha,hou,78,94,22,17,18,21,0,29,20,19,26,0,home,7.5,202.5,260.0,-320.0,1.0,100.0,1.0,0,True
2011,2011-03-16,True,False,dal,gs,112,106,25,28,28,31,0,34,25,22,25,0,away,3.5,213.0,-165.0,145.0,4.0,105.0,1.0,1,False
2011,2011-03-16,True,False,cle,sac,97,93,18,27,28,24,0,28,23,23,19,0,home,9.5,216.0,425.0,-550.0,3.5,105.0,0.0,0,False
2011,2011-03-16,True,False,min,utah,104,119,32,18,30,24,0,35,36,21,27,0,home,5.5,210.0,215.0,-255.0,3.0,102.5,1.0,1,True
2011,2011-03-16,True,False,phi,lac,104,94,24,25,30,25,0,24,22,19,29,0,home,0.0,197.0,100.0,-120.0,1.5,97.0,0.0,1,False
2011,2011-03-16,True,False,phx,no,95,100,29,17,19,30,0,31,25,21,23,0,home,5.0,196.0,175.0,-210.0,0.0,97.5,2.0,0,True
2011,2011-03-16,True,False,orl,mil,93,89,23,23,15,18,14,14,23,27,15,10,away,6.5,183.0,-280.0,240.0,1.5,89.5,0.0,0,False
2011,2011-03-16,True,False,ind,bos,80,92,20,20,20,20,0,15,32,27,18,0,home,11.0,194.5,500.0,-700.0,4.5,95.5,1.0,0,True
2011,2011-03-16,True,False,tor,det,93,107,24,28,24,17,0,38,25,24,20,0,home,4.5,207.0,165.0,-185.0,1.0,102.0,1.0,0,True
2011,2011-03-16,True,False,den,atl,102,87,17,29,26,30,0,20,22,21,24,0,home,2.0,202.0,110.0,-130.0,2.0,99.5,0.0,0,False
2011,2011-03-16,True,False,okc,mia,96,85,24,22,19,31,0,18,27,17,23,0,home,6.0,202.5,215.0,-255.0,4.5,97.5,0.0,0,False
2011,2011-03-17,True,False,chi,bkn,84,73,24,19,17,24,0,20,16,14,23,0,away,6.5,184.0,-295.0,235.0,1.5,90.5,1.0,0,False
2011,2011-03-17,True,False,mem,ny,99,120,29,22,23,25,0,29,30,33,28,0,home,5.0,215.5,190.0,-230.0,0.0,107.0,1.0,1,True
2011,2011-03-17,True,False,cle,por,70,111,12,22,11,25,0,37,27,25,22,0,home,14.0,192.0,1200.0,-3000.0,2.0,93.0,1.0,0,True
2011,2011-03-18,True,False,gs,phx,97,108,20,18,27,32,0,27,23,34,24,0,home,5.0,218.0,195.0,-240.0,0.5,105.0,1.0,0,True
2011,2011-03-18,True,False,sa,dal,97,91,30,20,23,24,0,20,25,21,25,0,home,2.5,199.5,110.0,-130.0,3.0,98.5,0.0,0,False
2011,2011-03-18,True,False,bos,hou,77,93,22,18,16,21,0,28,34,19,12,0,away,2.0,196.0,-150.0,130.0,5.5,94.5,0.0,0,True
2011,2011-03-18,True,False,bkn,mil,95,110,26,28,19,22,0,29,23,28,30,0,home,6.5,178.0,200.0,-250.0,5.5,89.0,1.0,1,True
2011,2011-03-18,True,False,cha,okc,82,99,18,25,22,17,0,26,19,29,25,0,home,11.0,193.5,575.0,-775.0,6.5,93.5,1.0,0,True
2011,2011-03-18,True,False,chi,ind,108,115,21,27,25,29,6,31,31,27,13,13,away,4.5,188.5,-195.0,165.0,6.0,93.0,0.0,1,True
2011,2011-03-18,True,False,mia,atl,106,85,25,25,36,20,0,21,16,20,28,0,away,6.0,188.0,-265.0,215.0,0.5,92.0,1.0,1,False
2011,2011-03-18,True,False,den,orl,82,85,21,21,18,22,0,18,29,17,21,0,home,5.5,205.0,205.0,-255.0,2.0,101.5,0.0,0,True
2011,2011-03-18,True,False,wsh,tor,107,116,27,26,24,30,0,33,29,26,28,0,home,8.5,205.5,330.0,-430.0,2.0,101.0,1.0,1,True
2011,2011-03-18,True,False,phi,sac,102,80,32,23,25,22,0,23,15,16,26,0,away,5.0,207.5,-190.0,160.0,2.0,100.5,1.0,0,False
2011,2011-03-18,True,False,ny,det,95,99,25,28,25,17,0,26,29,15,29,0,away,3.5,215.5,-195.0,165.0,3.5,106.5,0.0,0,True
2011,2011-03-18,True,False,min,lal,98,106,27,24,23,24,0,21,28,29,28,0,home,14.0,200.5,1150.0,-2200.0,10.0,98.5,0.0,1,True
2011,2011-03-19,True,False,cha,sa,98,109,13,28,27,30,0,24,34,32,19,0,home,12.5,190.0,700.0,-1000.0,2.5,92.5,0.0,1,True
2011,2011-03-19,True,False,phi,por,101,110,27,27,29,18,0,36,26,25,23,0,home,7.5,187.5,250.0,-300.0,2.0,93.5,1.0,1,True
2011,2011-03-19,True,False,ind,mem,78,99,20,21,19,18,0,27,31,18,23,0,home,9.0,202.5,400.0,-500.0,1.0,99.0,1.0,0,True
2011,2011-03-19,True,False,cle,lac,92,100,28,22,28,14,0,25,29,28,18,0,home,15.0,201.0,850.0,-1300.0,8.0,98.0,0.0,0,True
2011,2011-03-19,True,False,den,mia,98,103,21,26,24,27,0,29,27,23,24,0,home,8.0,205.5,325.0,-400.0,2.0,102.0,0.0,0,True
2011,2011-03-19,True,False,bos,no,89,85,14,26,27,22,0,28,23,13,21,0,away,2.0,177.5,-120.0,100.0,3.5,87.0,1.0,0,False
2011,2011-03-20,True,False,bkn,wsh,92,98,35,21,12,24,0,23,20,28,27,0,away,2.0,193.0,-140.0,120.0,2.5,94.0,0.0,0,True
2011,2011-03-20,True,False,det,atl,96,104,17,33,24,22,0,21,34,24,25,0,home,7.0,189.5,260.0,-320.0,3.0,94.0,1.0,1,True
2011,2011-03-20,True,False,ny,mil,95,100,9,32,31,23,0,32,15,28,25,0,away,2.0,196.0,-130.0,110.0,2.5,95.5,0.0,0,True
2011,2011-03-20,True,False,phx,lac,108,99,27,27,27,27,0,23,26,29,21,0,home,1.0,208.0,100.0,-120.0,1.5,102.0,0.0,0,False
2011,2011-03-20,True,False,sac,min,127,95,28,29,28,42,0,23,25,27,20,0,home,4.5,214.5,170.0,-200.0,4.0,104.5,0.0,1,False
2011,2011-03-20,True,False,utah,hou,108,110,19,28,28,33,0,30,25,22,33,0,home,8.5,210.5,325.0,-400.0,2.0,104.5,0.0,1,True
2011,2011-03-20,True,False,tor,okc,95,93,25,23,28,19,0,22,22,22,27,0,home,14.5,207.5,850.0,-1300.0,12.0,100.0,0.0,0,False
2011,2011-03-20,True,False,gs,dal,73,101,23,20,20,10,0,31,20,25,25,0,home,8.5,212.5,350.0,-450.0,2.0,105.0,1.0,0,True
2011,2011-03-20,True,False,por,lal,80,84,20,28,18,14,0,27,17,18,22,0,home,6.5,186.5,210.0,-250.0,6.0,93.5,0.0,0,True
2011,2011-03-21,True,False,tor,den,90,123,23,21,28,18,0,36,36,29,22,0,home,12.5,214.0,760.0,-1040.0,0.5,106.0,1.0,0,True
2011,2011-03-21,True,False,gs,sa,96,111,21,24,24,27,0,32,22,32,25,0,home,11.0,208.5,587.0,-763.0,3.0,101.5,1.0,0,True
2011,2011-03-21,True,False,sac,chi,92,132,28,19,25,20,0,34,30,34,34,0,home,15.0,197.0,2012.0,-3238.0,4.5,96.0,1.0,1,True
2011,2011-03-21,True,False,utah,mem,85,103,21,21,23,20,0,29,25,26,23,0,home,8.0,202.5,325.0,-370.0,1.0,103.0,1.0,0,True
2011,2011-03-21,True,False,bos,ny,96,86,22,15,26,33,0,25,26,18,17,0,away,1.5,199.5,-122.0,108.0,4.5,98.5,1.0,0,False
2011,2011-03-21,True,False,orl,cle,97,86,30,26,24,17,0,15,23,20,28,0,away,12.5,194.0,-1040.0,760.0,2.0,94.5,0.0,0,False
2011,2011-03-21,True,False,ind,bkn,102,98,15,25,29,33,0,19,25,17,37,0,away,3.5,195.0,-152.0,138.0,4.0,94.0,1.0,1,False
2011,2011-03-22,True,False,chi,atl,114,81,31,41,26,16,0,21,22,17,21,0,away,4.5,181.0,-190.0,165.0,5.5,91.5,1.0,1,False
2011,2011-03-22,True,False,wsh,por,76,111,29,16,14,17,0,35,27,29,20,0,home,16.0,195.0,1500.0,-3000.0,4.0,96.0,1.0,0,True
2011,2011-03-22,True,False,phx,lal,137,139,31,29,26,26,25,27,39,29,17,27,home,7.5,200.5,255.0,-310.0,2.5,102.5,0.0,1,True
2011,2011-03-23,True,False,wsh,lac,119,127,21,28,28,25,17,33,25,17,27,25,home,13.5,203.5,900.0,-1500.0,5.5,99.5,0.0,1,True
2011,2011-03-23,True,False,sa,den,112,115,32,37,24,19,0,24,40,26,25,0,home,6.0,212.0,175.0,-210.0,6.0,108.0,0.0,1,True
2011,2011-03-23,True,False,tor,phx,106,114,32,29,25,20,0,26,29,31,28,0,home,8.0,212.0,270.0,-340.0,7.5,106.0,2.0,1,True
2011,2011-03-23,True,False,gs,hou,112,131,33,24,28,27,0,36,30,34,31,0,home,8.0,217.0,360.0,-470.0,2.5,107.0,1.0,1,True
2011,2011-03-23,True,False,orl,ny,111,99,28,27,24,32,0,25,34,19,21,0,away,1.0,204.5,-120.0,100.0,1.5,101.0,1.0,1,False
2011,2011-03-23,True,False,sac,mil,97,90,25,28,22,22,0,32,24,18,16,0,home,9.0,194.5,370.0,-480.0,4.5,96.5,0.0,0,False
2011,2011-03-23,True,False,bkn,cle,98,94,17,22,23,20,16,22,20,20,20,12,away,2.5,193.0,-140.0,120.0,2.0,94.5,1.0,0,False
2011,2011-03-23,True,False,mem,bos,90,87,20,24,23,23,0,15,30,25,17,0,home,6.0,185.5,245.0,-305.0,4.0,93.5,0.0,0,False
2011,2011-03-23,True,False,mia,det,100,94,21,32,20,27,0,27,28,26,13,0,away,8.5,198.0,-515.0,390.0,7.0,98.0,0.0,0,False
2011,2011-03-23,True,False,ind,cha,111,88,23,31,33,24,0,28,25,19,16,0,home,2.0,192.5,105.0,-125.0,2.0,96.0,0.0,1,False
2011,2011-03-23,True,False,atl,phi,100,105,28,31,21,20,0,30,23,21,31,0,home,7.0,190.5,235.0,-295.0,7.0,95.0,0.0,1,True
2011,2011-03-23,True,False,utah,okc,94,106,25,20,24,25,0,32,18,28,28,0,home,12.0,205.0,640.0,-890.0,6.0,102.5,2.0,0,True
2011,2011-03-24,True,False,min,dal,96,104,23,24,25,24,0,17,32,27,28,0,home,15.0,210.5,2000.0,-3000.0,8.5,103.5,0.0,0,True
2011,2011-03-24,True,False,no,utah,121,117,27,29,22,27,16,32,22,24,27,12,away,5.0,190.5,-200.0,170.0,3.0,95.5,0.0,1,False
2011,2011-03-25,True,False,wsh,den,94,114,16,29,22,27,0,30,34,18,32,0,home,17.0,216.5,1800.0,-6000.0,4.5,107.5,1.0,0,True
2011,2011-03-25,True,False,lac,lal,104,112,23,25,32,24,0,33,24,28,27,0,home,9.5,198.0,460.0,-660.0,2.5,98.5,0.0,1,True
2011,2011-03-25,True,False,tor,gs,100,138,36,22,16,26,0,45,39,32,22,0,home,7.5,219.5,265.0,-335.0,2.5,110.0,1.0,1,True
2011,2011-03-25,True,False,no,phx,106,100,21,29,23,33,0,27,29,22,22,0,home,6.5,199.0,225.0,-275.0,2.0,99.0,0.0,1,False
2011,2011-03-25,True,False,sa,por,96,98,28,21,21,26,0,24,23,26,25,0,home,4.0,193.0,150.0,-180.0,4.0,95.0,0.0,1,True
2011,2011-03-25,True,False,mem,chi,96,99,22,24,27,23,0,21,28,25,25,0,home,9.0,189.0,400.0,-525.0,5.0,95.5,0.0,1,True
2011,2011-03-25,True,False,cha,bos,83,81,19,18,16,30,0,25,17,24,15,0,home,13.5,178.0,1000.0,-1700.0,6.5,87.5,0.0,0,False
2011,2011-03-25,True,False,det,cle,91,97,24,27,17,23,0,26,26,23,22,0,away,4.5,197.0,-205.0,170.0,3.5,96.0,0.0,0,True
2011,2011-03-25,True,False,phi,mia,99,111,27,23,32,17,0,20,31,26,34,0,home,8.0,196.0,325.0,-425.0,5.0,96.5,1.0,1,True
2011,2011-03-25,True,False,mil,ny,102,96,35,23,24,20,0,24,27,26,19,0,home,6.0,196.5,245.0,-305.0,5.5,97.0,0.0,1,False
2011,2011-03-25,True,False,sac,ind,110,93,22,33,30,25,0,18,19,31,25,0,home,7.0,216.0,245.0,-305.0,7.5,105.5,0.0,0,False
2011,2011-03-25,True,False,bkn,orl,85,95,20,18,25,22,0,25,23,18,29,0,home,13.5,188.5,950.0,-1600.0,5.0,93.0,0.0,0,True
2011,2011-03-25,True,False,min,okc,103,111,27,26,29,21,0,30,34,24,23,0,home,16.0,209.0,1700.0,-5000.0,6.0,102.5,0.0,1,True
2011,2011-03-26,True,False,ny,cha,106,114,31,20,28,27,0,30,34,28,22,0,away,5.0,201.5,-210.0,175.0,6.0,101.0,0.0,1,True
2011,2011-03-26,True,False,bkn,atl,87,98,15,16,30,26,0,32,25,25,16,0,home,9.5,187.5,425.0,-550.0,1.0,93.0,1.0,0,True
2011,2011-03-26,True,False,ind,det,88,100,25,22,18,23,0,26,22,29,23,0,home,2.0,203.0,110.0,-130.0,0.5,98.5,1.0,0,True
2011,2011-03-26,True,False,chi,mil,95,87,21,23,25,26,0,25,23,26,13,0,away,5.5,177.0,-250.0,210.0,5.5,87.0,1.0,1,False
2011,2011-03-26,True,False,dal,utah,94,77,20,23,15,36,0,22,25,13,17,0,away,6.0,204.0,-275.0,235.0,6.5,100.0,1.0,0,False
2011,2011-03-26,True,False,tor,lac,90,94,21,23,29,17,0,18,25,23,28,0,home,11.0,213.0,600.0,-800.0,7.5,103.5,0.0,0,True
2011,2011-03-27,True,False,wsh,gs,104,114,36,31,17,20,0,35,29,26,24,0,home,12.5,219.0,650.0,-900.0,9.0,108.5,0.0,0,True
2011,2011-03-27,True,False,dal,phx,91,83,17,27,21,26,0,26,23,18,16,0,away,3.0,207.5,-145.0,125.0,3.5,103.0,1.0,0,False
2011,2011-03-27,True,False,no,lal,84,102,19,22,22,21,0,30,27,17,28,0,home,9.0,189.5,425.0,-550.0,0.5,93.0,1.0,0,True
2011,2011-03-27,True,False,por,okc,90,99,20,21,31,18,0,21,34,23,21,0,home,5.0,191.0,170.0,-200.0,1.5,93.0,1.0,0,True
2011,2011-03-27,True,False,bos,min,85,82,32,15,17,21,0,13,21,28,20,0,away,8.5,191.0,-480.0,380.0,1.5,92.0,0.0,0,False
2011,2011-03-27,True,False,atl,cle,99,83,21,31,22,25,0,18,21,27,17,0,away,5.5,188.0,-210.0,175.0,1.0,91.5,1.0,0,False
2011,2011-03-27,True,False,hou,mia,119,125,37,31,25,26,0,38,33,22,32,0,home,7.5,209.0,290.0,-350.0,4.5,104.0,0.0,1,True
2011,2011-03-27,True,False,sa,mem,104,111,23,27,27,27,0,24,31,26,30,0,home,0.0,199.0,110.0,-130.0,1.0,99.0,1.0,1,True
2011,2011-03-27,True,False,sac,phi,114,111,18,26,30,26,14,27,22,22,29,11,home,8.5,208.5,340.0,-440.0,3.5,101.5,0.0,1,False
2011,2011-03-28,True,False,mil,cha,86,87,26,20,26,14,0,27,18,20,22,0,away,1.0,178.0,-107.0,-103.0,0.5,88.0,0.0,0,True
2011,2011-03-28,True,False,bos,ind,100,107,33,16,36,15,0,27,30,24,26,0,away,2.0,186.0,-130.0,110.0,3.0,90.5,0.0,1,True
2011,2011-03-28,True,False,orl,ny,106,113,18,26,29,27,6,18,30,27,25,13,away,2.5,206.5,-135.0,115.0,1.5,101.0,0.0,1,True
2011,2011-03-28,True,False,phi,chi,97,85,27,26,16,28,0,13,24,27,21,0,home,11.0,192.5,550.0,-750.0,11.0,96.0,0.0,0,False
2011,2011-03-28,True,False,por,sa,100,92,28,30,9,33,0,22,29,21,20,0,away,2.0,187.5,-135.0,115.0,0.5,93.0,1.0,1,False
2011,2011-03-28,True,False,wsh,utah,100,95,16,35,22,12,15,21,22,20,22,10,home,11.0,204.5,600.0,-800.0,9.5,98.5,0.0,0,False
2011,2011-03-29,True,False,mia,cle,90,102,24,18,28,20,0,24,29,22,27,0,away,14.0,197.5,-1950.0,1300.0,13.0,97.5,0.0,0,True
2011,2011-03-29,True,False,hou,bkn,112,87,34,27,22,29,0,21,22,20,24,0,away,7.5,203.0,-320.0,260.0,1.5,99.5,1.0,0,False
2011,2011-03-29,True,False,gs,okc,114,115,29,21,27,29,8,25,33,20,28,9,home,11.0,213.5,575.0,-775.0,4.0,104.0,0.0,1,True
2011,2011-03-29,True,False,phx,sac,113,116,34,27,32,20,0,30,29,26,31,0,away,2.5,216.5,-135.0,115.0,1.0,107.5,0.0,1,True
2011,2011-03-30,True,False,gs,mem,91,110,24,29,19,19,0,29,19,31,31,0,home,10.5,210.0,475.0,-650.0,8.5,103.0,1.0,0,True
2011,2011-03-30,True,False,sac,den,90,104,28,23,20,19,0,20,21,33,30,0,home,14.5,221.5,1200.0,-1800.0,13.0,110.0,0.0,0,True
2011,2011-03-30,True,False,chi,min,108,91,30,27,29,22,0,19,25,22,25,0,away,9.5,196.5,-520.0,410.0,1.5,96.0,1.0,1,False
2011,2011-03-30,True,False,dal,lac,106,100,23,25,27,31,0,28,18,24,30,0,away,5.5,199.0,-230.0,190.0,3.0,98.5,1.0,1,False
2011,2011-03-30,True,False,okc,phx,116,98,33,22,24,37,0,28,23,22,25,0,away,3.0,211.0,-145.0,125.0,0.5,103.5,1.0,1,False
2011,2011-03-30,True,False,bkn,ny,116,120,36,32,24,24,0,30,28,33,29,0,home,8.5,209.5,330.0,-420.0,8.0,105.0,0.0,1,True
2011,2011-03-30,True,False,por,no,91,95,31,19,20,21,0,25,23,20,27,0,away,2.0,181.0,-130.0,110.0,0.0,88.5,0.0,1,True
2011,2011-03-30,True,False,det,ind,101,111,27,20,23,31,0,24,35,32,20,0,home,6.5,201.5,240.0,-280.0,0.0,99.0,1.0,1,True
2011,2011-03-30,True,False,mia,wsh,123,107,32,31,25,35,0,29,23,29,26,0,away,12.5,200.5,-1300.0,1000.0,4.5,98.0,1.0,1,False
2011,2011-03-30,True,False,mil,tor,104,98,22,30,24,28,0,28,21,27,22,0,away,4.5,191.0,-190.0,165.0,1.5,93.0,1.0,1,False
2011,2011-03-30,True,False,cle,cha,97,98,26,24,26,21,0,28,19,29,22,0,home,10.0,190.5,410.0,-520.0,7.5,95.0,0.0,1,True
2011,2011-03-30,True,False,hou,phi,97,108,33,22,27,15,0,31,21,32,24,0,home,3.5,210.5,135.0,-155.0,2.0,103.5,1.0,0,True
2011,2011-03-30,True,False,orl,atl,82,85,25,18,18,21,0,27,19,23,16,0,away,3.5,188.0,-165.0,145.0,2.0,92.0,0.0,0,True
2011,2011-03-31,True,False,bos,sa,107,97,31,18,28,30,0,33,16,21,27,0,home,2.0,185.5,110.0,-130.0,2.0,92.0,0.0,1,False
2011,2011-03-31,True,False,dal,lal,82,110,26,25,19,12,0,28,26,28,28,0,home,6.0,192.0,240.0,-280.0,3.5,96.0,1.0,2,True
2011,2011-04-01,True,False,lal,utah,96,85,22,20,29,25,0,28,20,16,21,0,away,8.5,194.0,-450.0,350.0,9.0,95.5,1.0,0,False
2011,2011-04-01,True,False,okc,por,91,98,30,29,11,21,0,20,33,25,20,0,home,3.5,192.0,140.0,-160.0,3.5,94.5,1.0,0,True
2011,2011-04-01,True,False,lac,phx,98,111,23,21,26,28,0,25,32,31,23,0,home,5.0,213.0,180.0,-220.0,1.5,104.5,1.0,0,True
2011,2011-04-01,True,False,den,sac,99,90,21,27,31,20,0,28,23,16,23,0,away,5.0,217.0,-200.0,170.0,5.0,105.5,1.0,0,False
2011,2011-04-01,True,False,sa,hou,114,119,27,29,29,23,6,31,33,23,21,11,home,2.0,213.5,110.0,-130.0,2.0,105.0,1.0,1,True
2011,2011-04-01,True,False,mem,no,93,81,23,28,20,22,0,12,26,23,20,0,home,0.0,186.5,-107.0,-103.0,3.5,93.5,0.0,0,False
2011,2011-04-01,True,False,cha,orl,77,89,17,22,21,17,0,23,26,21,19,0,home,12.5,185.0,650.0,-900.0,4.0,90.5,0.0,0,True
2011,2011-04-01,True,False,bos,atl,83,88,21,31,16,15,0,23,21,18,26,0,away,1.0,177.5,-113.0,102.0,2.0,87.0,0.0,0,True
2011,2011-04-01,True,False,chi,det,101,96,31,27,22,21,0,21,26,25,24,0,away,8.5,190.0,-450.0,350.0,2.0,93.5,0.0,1,False
2011,2011-04-01,True,False,mil,ind,88,89,22,17,21,28,0,14,32,23,20,0,home,3.0,190.0,135.0,-155.0,1.5,93.0,0.0,0,True
2011,2011-04-01,True,False,cle,wsh,107,115,26,31,25,25,0,29,23,31,32,0,home,2.5,202.5,130.0,-150.0,2.5,98.0,1.0,1,True
2011,2011-04-01,True,False,bkn,phi,90,115,21,22,22,25,0,29,31,34,21,0,home,10.5,199.0,475.0,-650.0,1.0,96.5,1.0,1,True
2011,2011-04-01,True,False,mia,min,111,92,30,21,34,26,0,20,32,20,20,0,away,11.0,207.0,-900.0,650.0,8.0,102.0,1.0,0,False
2011,2011-04-02,True,False,okc,lac,92,98,22,27,22,21,0,15,22,31,30,0,away,5.0,205.5,-220.0,180.0,1.0,100.0,0.0,0,True
2011,2011-04-02,True,False,dal,gs,92,99,29,21,17,25,0,28,20,24,27,0,away,5.5,212.0,-240.0,200.0,3.5,104.5,0.0,0,True
2011,2011-04-02,True,False,min,mem,89,106,20,24,20,25,0,29,27,17,33,0,home,13.5,203.5,1200.0,-1900.0,3.5,100.0,1.0,0,True
2011,2011-04-02,True,False,tor,chi,106,113,19,24,32,31,0,25,28,30,30,0,home,14.5,196.5,1500.0,-2100.0,5.5,95.5,0.0,1,True
2011,2011-04-02,True,False,phi,mil,87,93,30,18,13,18,8,20,19,22,18,14,away,1.5,186.0,-130.0,110.0,2.5,91.5,0.0,0,True
2011,2011-04-03,True,False,dal,por,96,104,17,29,21,29,0,23,38,24,19,0,home,4.0,188.0,145.0,-165.0,3.0,93.5,1.0,1,True
2011,2011-04-03,True,False,atl,hou,109,114,23,40,18,28,0,21,33,32,28,0,home,7.0,200.5,240.0,-280.0,6.0,99.0,0.0,1,True
2011,2011-04-03,True,False,ind,no,96,108,21,23,21,31,0,29,28,32,19,0,home,4.5,191.5,165.0,-190.0,1.5,94.5,1.0,1,True
2011,2011-04-03,True,False,det,bos,90,101,29,19,18,24,0,26,23,33,19,0,home,10.5,185.0,500.0,-700.0,7.0,92.0,1.0,1,True
2011,2011-04-03,True,False,mia,bkn,108,94,32,26,19,31,0,18,26,25,25,0,away,10.5,199.5,-800.0,600.0,1.5,98.5,1.0,1,False
2011,2011-04-03,True,False,wsh,cha,97,91,22,26,28,21,0,19,24,22,26,0,home,8.5,192.0,350.0,-450.0,7.0,94.0,0.0,0,False
2011,2011-04-03,True,False,cle,ny,107,123,25,32,31,19,0,36,31,26,30,0,home,12.0,218.0,1025.0,-1500.0,4.0,105.0,1.0,1,True
2011,2011-04-03,True,False,utah,sac,97,106,19,21,32,25,0,26,24,31,25,0,home,6.5,206.5,220.0,-260.0,0.0,103.0,1.0,0,True
2011,2011-04-03,True,False,den,lal,95,90,21,19,29,26,0,20,27,22,21,0,home,6.5,200.5,245.0,-290.0,1.5,99.0,0.0,0,False
2011,2011-04-03,True,False,phx,sa,97,114,20,26,25,26,0,35,35,21,23,0,home,11.0,209.0,600.0,-800.0,1.0,102.0,1.0,1,True
2011,2011-04-03,True,False,orl,tor,98,102,19,30,30,19,0,23,23,27,29,0,away,10.0,196.5,-550.0,425.0,5.5,95.5,0.0,1,True
2011,2011-04-05,True,False,utah,lal,86,85,20,14,23,29,0,24,16,17,28,0,home,13.5,193.0,1200.0,-2000.0,6.5,94.5,0.0,0,False
2011,2011-04-05,True,False,gs,por,108,87,19,28,37,24,0,19,28,21,19,0,home,10.0,203.0,450.0,-600.0,6.5,100.5,0.0,0,False
2011,2011-04-05,True,False,okc,den,101,94,27,21,21,32,0,16,31,20,27,0,home,4.5,206.5,170.0,-200.0,3.5,101.0,0.0,0,False
2011,2011-04-05,True,False,sac,hou,104,101,24,28,24,28,0,28,18,28,27,0,home,8.5,218.5,320.0,-400.0,8.5,107.0,0.0,0,False
2011,2011-04-05,True,False,lac,mem,82,81,18,21,20,23,0,23,20,25,13,0,home,9.5,198.5,400.0,-500.0,4.5,97.5,0.0,0,False
2011,2011-04-05,True,False,phx,chi,94,97,24,16,30,24,0,25,28,28,16,0,home,10.5,203.5,550.0,-750.0,2.5,99.5,0.0,0,True
2011,2011-04-05,True,False,cha,cle,89,99,16,22,28,23,0,34,21,19,25,0,home,0.0,190.0,-130.0,110.0,4.0,94.0,1.0,0,True
2011,2011-04-05,True,False,phi,bos,82,99,26,24,15,17,0,24,30,21,24,0,home,6.0,186.0,230.0,-270.0,2.5,92.5,1.0,0,True
2011,2011-04-05,True,False,det,wsh,105,107,22,32,27,24,0,31,21,26,29,0,home,0.0,203.0,-102.0,-108.0,0.0,99.0,1.0,1,True
2011,2011-04-05,True,False,mil,orl,72,78,14,19,22,17,0,26,16,15,21,0,home,8.0,180.0,320.0,-400.0,1.5,89.5,0.0,0,True
2011,2011-04-05,True,False,sa,atl,97,90,16,27,23,31,0,21,25,19,25,0,away,6.0,195.0,-230.0,190.0,6.0,95.0,1.0,0,False
2011,2011-04-05,True,False,min,bkn,105,107,23,27,25,30,0,29,32,24,22,0,home,5.5,207.0,190.0,-230.0,1.0,101.5,0.0,1,True
2011,2011-04-05,True,False,tor,ny,118,131,26,28,28,36,0,39,39,21,32,0,home,9.0,221.5,400.0,-500.0,1.5,109.5,1.0,1,True
2011,2011-04-06,True,False,sac,sa,92,124,22,27,21,22,0,23,28,41,32,0,home,10.0,211.5,500.0,-700.0,5.5,104.0,1.0,1,True
2011,2011-04-06,True,False,lac,okc,108,112,31,22,24,31,0,26,32,29,25,0,home,10.5,201.5,500.0,-700.0,5.0,98.5,0.0,1,True
2011,2011-04-06,True,False,phx,min,108,98,26,30,26,26,0,23,30,24,21,0,away,4.5,218.0,-200.0,170.0,2.0,107.0,1.0,0,False
2011,2011-04-06,True,False,hou,no,93,101,38,17,16,22,0,21,30,23,27,0,home,3.0,203.0,125.0,-145.0,3.0,99.5,1.0,0,True
2011,2011-04-06,True,False,bkn,det,109,116,28,31,29,21,0,32,22,35,27,0,home,7.5,198.0,265.0,-325.0,7.0,96.5,0.0,1,True
2011,2011-04-06,True,False,cle,tor,104,96,28,32,17,27,0,17,23,24,32,0,home,5.5,209.0,190.0,-230.0,7.0,101.5,0.0,0,False
2011,2011-04-06,True,False,orl,cha,111,102,26,21,24,25,15,28,25,24,19,6,away,6.0,181.0,-275.0,235.0,5.0,89.5,1.0,1,False
2011,2011-04-06,True,False,den,dal,104,96,23,30,19,32,0,17,26,26,27,0,home,4.0,199.5,155.0,-175.0,4.5,100.0,0.0,1,False
2011,2011-04-06,True,False,wsh,ind,112,136,29,27,31,25,0,43,32,33,28,0,home,12.0,208.0,650.0,-900.0,0.5,102.5,1.0,1,True
2011,2011-04-06,True,False,ny,phi,97,92,26,23,29,19,0,19,22,24,27,0,home,4.5,214.5,175.0,-210.0,4.5,106.0,0.0,0,False
2011,2011-04-06,True,False,mil,mia,90,85,25,20,18,27,0,15,25,23,22,0,home,8.5,182.0,350.0,-450.0,8.0,89.5,0.0,0,False
2011,2011-04-06,True,False,lal,gs,87,95,23,15,17,32,0,14,29,29,23,0,away,6.0,201.5,-240.0,200.0,6.5,98.5,0.0,0,True
2011,2011-04-07,True,False,por,utah,98,87,27,22,30,19,0,18,24,25,20,0,away,5.5,192.0,-210.0,175.0,1.5,95.0,1.0,0,False
2011,2011-04-07,True,False,bos,chi,81,97,18,25,17,21,0,26,22,23,26,0,home,5.0,180.0,170.0,-200.0,1.5,89.0,1.0,0,True
2011,2011-04-08,True,False,phx,no,97,109,30,23,26,18,0,31,28,26,24,0,home,6.0,197.5,220.0,-260.0,1.5,97.0,1.0,1,True
2011,2011-04-08,True,False,lal,por,86,93,21,26,15,24,0,21,32,21,19,0,away,3.0,185.0,-150.0,130.0,3.5,92.5,0.0,0,True
2011,2011-04-08,True,False,lac,dal,96,107,35,19,21,21,0,19,28,30,30,0,home,8.0,200.0,350.0,-450.0,8.5,100.0,1.0,1,True
2011,2011-04-08,True,False,den,okc,89,104,17,25,22,25,0,17,31,27,29,0,home,4.5,205.5,160.0,-190.0,1.0,101.0,1.0,0,True
2011,2011-04-08,True,False,cha,mia,103,112,25,19,25,34,0,31,24,28,29,0,home,14.0,188.5,850.0,-1300.0,5.0,94.0,0.0,1,True
2011,2011-04-08,True,False,sac,mem,96,101,21,22,24,29,0,28,18,31,24,0,home,9.5,204.5,425.0,-550.0,5.0,101.0,0.0,0,True
2011,2011-04-08,True,False,mil,det,100,110,21,30,23,26,0,26,29,29,26,0,away,1.0,191.0,-115.0,-105.0,1.5,94.5,0.0,1,True
2011,2011-04-08,True,False,chi,cle,93,82,29,25,24,15,0,26,20,17,19,0,away,9.0,192.5,-525.0,400.0,2.5,95.0,1.0,0,False
2011,2011-04-08,True,False,atl,ind,102,114,26,24,21,31,0,33,23,26,32,0,home,5.5,198.5,200.0,-240.0,1.5,97.0,1.0,1,True
2011,2011-04-08,True,False,tor,phi,93,98,18,24,30,21,0,28,26,19,25,0,home,11.5,202.5,600.0,-800.0,2.5,97.5,0.0,0,True
2011,2011-04-08,True,False,ny,bkn,116,93,36,32,28,20,0,31,20,21,21,0,away,5.0,212.5,-190.0,160.0,1.5,105.0,1.0,0,False
2011,2011-04-08,True,False,wsh,bos,88,104,23,33,19,13,0,28,31,24,21,0,home,13.5,193.5,850.0,-1300.0,7.0,94.5,1.0,0,True
2011,2011-04-09,True,False,utah,sa,102,111,22,24,30,26,0,25,32,32,22,0,home,10.0,201.0,450.0,-600.0,2.0,101.0,0.0,1,True
2011,2011-04-09,True,False,atl,wsh,83,115,18,28,26,11,0,29,32,27,27,0,away,2.5,201.0,-140.0,120.0,4.0,98.5,0.0,0,True
2011,2011-04-09,True,False,cle,mil,101,108,18,26,34,23,0,30,30,25,23,0,home,9.0,193.0,350.0,-450.0,0.5,96.0,0.0,1,True
2011,2011-04-09,True,False,lac,hou,78,99,18,19,18,23,0,25,28,21,25,0,home,8.0,215.5,300.0,-360.0,0.5,105.0,1.0,0,True
2011,2011-04-09,True,False,min,den,106,130,23,28,18,37,0,25,40,36,29,0,home,13.5,212.5,1000.0,-1450.0,3.5,105.5,1.0,1,True
2011,2011-04-10,True,False,ny,ind,110,109,33,34,20,23,0,33,28,35,13,0,home,2.5,220.5,120.0,-140.0,2.5,109.0,0.0,0,False
2011,2011-04-10,True,False,okc,lal,120,106,36,30,22,32,0,31,33,26,16,0,home,5.0,193.0,180.0,-220.0,5.5,99.0,0.0,1,False
2011,2011-04-10,True,False,bkn,tor,92,99,22,20,20,30,0,31,30,21,17,0,home,6.5,206.5,235.0,-275.0,2.0,100.5,1.0,0,True
2011,2011-04-10,True,False,sac,gs,104,103,30,30,17,27,0,26,33,24,20,0,home,6.0,219.0,210.0,-250.0,5.5,109.0,0.0,0,False
2011,2011-04-10,True,False,det,cha,112,101,25,25,34,28,0,40,19,19,23,0,away,1.0,197.0,110.0,-130.0,3.0,97.0,1.0,1,False
2011,2011-04-10,True,False,no,mem,89,111,30,18,19,22,0,30,22,30,29,0,home,4.5,185.0,170.0,-200.0,1.5,91.5,1.0,1,True
2011,2011-04-10,True,False,chi,orl,102,99,32,18,30,22,0,24,25,28,22,0,away,6.5,183.5,-265.0,225.0,5.0,90.5,0.0,1,False
2011,2011-04-10,True,False,phx,dal,90,115,17,22,21,30,0,36,29,15,35,0,home,9.0,206.0,400.0,-500.0,3.0,99.5,1.0,0,True
2011,2011-04-10,True,False,bos,mia,77,100,22,18,19,18,0,21,26,27,26,0,home,6.0,184.0,210.0,-250.0,1.0,90.0,1.0,0,True
2011,2011-04-11,True,False,okc,sac,120,112,24,27,36,33,0,20,37,26,29,0,away,6.5,207.5,-270.0,230.0,7.0,101.0,1.0,1,False
2011,2011-04-11,True,False,gs,den,111,134,32,22,37,20,0,31,23,44,36,0,home,12.5,216.0,825.0,-1175.0,7.5,106.0,1.0,1,True
2011,2011-04-11,True,False,dal,hou,98,91,20,23,24,19,12,23,24,24,15,5,away,3.5,203.5,-160.0,140.0,5.0,99.0,1.0,0,False
2011,2011-04-11,True,False,utah,no,90,78,29,18,23,20,0,21,16,20,21,0,home,7.0,193.0,250.0,-300.0,6.5,95.5,0.0,0,False
2011,2011-04-11,True,False,tor,mil,86,93,33,18,20,15,0,25,21,23,24,0,home,9.5,199.0,425.0,-550.0,8.5,95.5,0.0,0,True
2011,2011-04-11,True,False,min,phx,127,135,33,32,27,29,6,24,34,34,29,14,home,9.0,219.5,370.0,-470.0,8.0,106.5,0.0,1,True
2011,2011-04-11,True,False,cha,bkn,105,103,25,24,30,26,0,29,24,20,30,0,home,2.0,196.5,115.0,-135.0,0.0,97.5,0.0,1,False
2011,2011-04-11,True,False,mia,atl,98,90,28,34,17,19,0,23,23,21,23,0,away,6.5,193.5,-260.0,220.0,1.5,95.5,1.0,0,False
2011,2011-04-11,True,False,orl,phi,95,85,34,16,26,19,0,25,22,15,23,0,home,2.0,191.0,110.0,-130.0,1.0,93.0,0.0,0,False
2011,2011-04-11,True,False,bos,wsh,94,95,23,21,16,24,10,19,18,23,24,11,away,1.5,189.0,-300.0,250.0,2.0,90.0,0.0,2,True
2011,2011-04-11,True,False,cle,det,110,101,23,33,30,24,0,33,24,18,26,0,home,7.0,211.5,250.0,-300.0,4.5,102.5,0.0,0,False
2011,2011-04-12,True,False,chi,ny,103,90,24,28,32,19,0,27,28,18,17,0,away,6.5,204.0,-260.0,220.0,5.5,100.5,1.0,0,False
2011,2011-04-12,True,False,mem,por,89,102,25,20,21,23,0,27,18,29,28,0,home,6.0,188.5,220.0,-260.0,5.0,93.5,1.0,1,True
2011,2011-04-12,True,False,sa,lal,93,102,15,30,19,29,0,24,21,25,32,0,home,11.5,191.0,650.0,-900.0,8.0,93.5,0.0,1,True
2011,2011-04-13,True,False,no,dal,89,121,27,34,13,15,0,28,30,28,35,0,home,10.5,185.5,475.0,-650.0,7.5,92.0,1.0,1,True
2011,2011-04-13,True,False,lal,sac,116,108,31,25,32,11,17,26,22,22,29,9,away,4.0,201.5,-175.0,155.0,0.0,98.5,1.0,1,False
2011,2011-04-13,True,False,sa,phx,103,106,27,26,21,29,0,43,18,24,21,0,away,3.5,212.5,-160.0,140.0,3.0,102.0,0.0,0,True
2011,2011-04-13,True,False,por,gs,86,110,28,17,24,17,0,30,21,34,25,0,home,5.5,202.5,180.0,-220.0,2.0,98.0,1.0,0,True
2011,2011-04-13,True,False,mem,lac,103,110,20,17,37,29,0,34,32,26,18,0,home,7.5,197.0,270.0,-330.0,3.0,97.0,0.0,1,True
2011,2011-04-13,True,False,den,utah,103,107,31,27,20,25,0,29,32,21,25,0,home,5.0,210.0,175.0,-210.0,2.0,104.0,0.0,2,True
2011,2011-04-13,True,False,hou,min,121,102,32,37,21,31,0,30,22,37,13,0,away,5.5,221.5,-230.0,190.0,2.0,107.0,1.0,1,False
2011,2011-04-13,True,False,bkn,chi,92,97,20,23,25,24,0,26,24,18,29,0,home,14.5,193.0,1000.0,-1800.0,6.5,93.5,0.0,0,True
2011,2011-04-13,True,False,wsh,cle,93,100,35,15,24,19,0,23,24,24,29,0,home,5.0,211.0,175.0,-210.0,4.0,101.5,1.0,0,True
2011,2011-04-13,True,False,ind,orl,74,92,14,15,26,19,0,28,25,18,21,0,home,5.5,193.0,180.0,-220.0,2.0,91.0,1.0,0,True
2011,2011-04-13,True,False,det,phi,104,100,29,23,31,21,0,24,32,21,23,0,home,4.5,205.5,165.0,-190.0,1.0,99.0,0.0,0,False
2011,2011-04-13,True,False,mia,tor,97,79,29,21,20,27,0,20,31,18,10,0,home,5.0,196.5,160.0,-180.0,3.5,95.5,0.0,0,False
2011,2011-04-13,True,False,atl,cha,85,96,18,25,23,19,0,29,32,13,22,0,home,1.5,191.5,110.0,-130.0,2.5,93.0,1.0,0,True
2011,2011-04-13,True,False,ny,bos,102,112,28,29,27,18,0,27,34,25,26,0,home,3.0,193.5,140.0,-160.0,0.5,95.0,1.0,1,True
2011,2011-04-13,True,False,mil,okc,110,106,16,30,18,32,14,21,22,31,22,10,home,9.0,193.0,400.0,-500.0,6.0,93.5,0.0,1,False
