season,date,regular,playoffs,away_team,home_team,score_away,score_home,q1_away,q2_away,q3_away,q4_away,ot_away,q1_home,q2_home,q3_home,q4_home,ot_home,whos_favored,spread,total,away_ml,home_ml,h2_spread,h2_total,id_spread,id_total,home_won
2012,2011-12-25,True,False,lac,gs,105,86,24,17,34,30,0,20,23,25,18,0,away,4.5,209.0,-200.0,175.0,4.5,103.5,1.0,0,False
2012,2011-12-25,True,False,orl,okc,89,97,22,19,22,26,0,27,28,26,16,0,home,7.5,194.5,310.0,-380.0,0.5,96.0,1.0,0,True
2012,2011-12-25,True,False,mia,dal,105,94,32,30,35,8,0,17,24,24,29,0,away,4.5,190.0,-210.0,185.0,3.0,95.0,1.0,1,False
2012,2011-12-25,True,False,bos,ny,104,106,23,29,35,17,0,34,28,17,27,0,home,4.5,189.0,185.0,-210.0,1.0,95.5,0.0,1,True
2012,2011-12-25,True,False,chi,lal,88,87,22,34,12,20,0,20,29,20,18,0,away,5.0,183.5,-245.0,205.0,1.0,92.0,0.0,0,False
2012,2011-12-26,True,False,mem,sa,82,95,22,22,14,24,0,14,29,29,23,0,home,5.0,193.0,175.0,-210.0,3.5,96.0,1.0,0,True
2012,2011-12-26,True,False,chi,gs,91,99,22,19,20,30,0,30,27,21,21,0,away,6.5,190.5,-300.0,250.0,7.5,95.0,0.0,0,True
2012,2011-12-26,True,False,phi,por,103,107,15,29,28,31,0,26,22,29,30,0,home,5.0,187.0,170.0,-200.0,2.0,92.5,0.0,1,True
2012,2011-12-26,True,False,lal,sac,91,100,20,20,24,27,0,21,28,29,22,0,away,3.0,193.5,-145.0,125.0,4.5,95.5,0.0,0,True
2012,2011-12-26,True,False,no,phx,85,84,23,24,15,23,0,20,21,24,19,0,home,6.0,191.5,220.0,-260.0,4.5,94.5,0.0,0,False
2012,2011-12-26,True,False,den,dal,115,93,32,37,28,18,0,23,19,26,25,0,home,4.5,200.5,170.0,-200.0,8.5,96.5,0.0,1,False
2012,2011-12-26,True,False,det,ind,79,91,17,21,20,21,0,26,26,24,15,0,home,8.0,192.0,325.0,-400.0,0.5,95.0,1.0,0,True
2012,2011-12-26,True,False,tor,cle,104,96,23,29,26,26,0,23,19,28,26,0,home,2.0,194.0,110.0,-130.0,3.5,95.0,0.0,1,False
2012,2011-12-26,True,False,hou,orl,95,104,23,27,23,22,0,27,26,24,27,0,home,6.5,194.5,225.0,-265.0,3.0,95.0,1.0,1,True
2012,2011-12-26,True,False,mil,cha,95,96,27,25,14,29,0,19,22,30,25,0,away,4.0,178.0,-175.0,155.0,1.0,89.0,0.0,1,True
2012,2011-12-26,True,False,bkn,wsh,90,84,13,24,29,24,0,26,19,22,17,0,home,3.5,189.0,145.0,-165.0,0.5,93.0,0.0,0,False
2012,2011-12-26,True,False,okc,min,104,100,23,29,26,26,0,24,22,26,28,0,away,5.5,206.5,-230.0,190.0,1.5,101.0,0.0,0,False
2012,2011-12-27,True,False,atl,bkn,106,70,28,24,25,29,0,11,19,25,15,0,away,4.0,176.5,-175.0,155.0,3.5,86.5,1.0,0,False
2012,2011-12-27,True,False,bos,mia,107,115,27,27,29,24,0,30,39,22,24,0,home,9.5,187.0,450.0,-600.0,1.5,94.5,0.0,1,True
2012,2011-12-27,True,False,min,mil,95,98,30,18,20,27,0,32,28,19,19,0,home,5.5,192.5,200.0,-240.0,1.0,97.0,0.0,1,True
2012,2011-12-27,True,False,sac,por,79,101,25,21,19,14,0,23,23,28,27,0,home,8.5,196.5,350.0,-450.0,6.0,97.5,1.0,0,True
2012,2011-12-27,True,False,utah,lal,71,96,17,14,15,25,0,18,23,30,25,0,home,5.5,188.5,200.0,-240.0,0.0,93.5,1.0,0,True
2012,2011-12-28,True,False,phi,phx,103,83,25,23,32,23,0,18,16,20,29,0,away,1.5,197.0,-125.0,105.0,3.5,96.5,1.0,0,False
2012,2011-12-28,True,False,ny,gs,78,92,23,20,21,14,0,21,16,27,28,0,away,6.0,208.5,-260.0,220.0,2.0,103.0,0.0,0,True
2012,2011-12-28,True,False,utah,den,100,117,23,23,20,34,0,28,35,25,29,0,home,12.5,200.5,700.0,-1200.0,2.0,98.5,1.0,1,True
2012,2011-12-28,True,False,lac,sa,90,115,19,35,17,19,0,26,32,38,19,0,home,4.5,198.5,170.0,-200.0,1.5,99.0,1.0,1,True
2012,2011-12-28,True,False,okc,mem,98,95,23,31,18,26,0,20,29,21,25,0,away,1.0,192.0,-120.0,100.0,0.5,94.5,1.0,1,False
2012,2011-12-28,True,False,bos,no,78,97,18,21,24,15,0,24,24,24,25,0,away,4.5,174.0,-200.0,170.0,4.5,86.0,0.0,1,True
2012,2011-12-28,True,False,cle,det,105,89,25,25,29,26,0,23,16,30,20,0,home,5.5,187.0,195.0,-235.0,5.5,93.0,0.0,1,False
2012,2011-12-28,True,False,wsh,atl,83,101,17,25,22,19,0,26,29,30,16,0,home,8.5,185.5,375.0,-475.0,1.5,92.5,1.0,0,True
2012,2011-12-28,True,False,mia,cha,96,95,20,25,24,27,0,32,28,10,25,0,away,11.0,195.0,-800.0,600.0,11.5,97.5,0.0,0,False
2012,2011-12-28,True,False,ind,tor,90,85,18,20,25,27,0,11,23,21,30,0,away,4.0,193.5,-175.0,155.0,1.5,94.5,1.0,0,False
2012,2011-12-29,True,False,bkn,orl,78,94,16,28,18,16,0,28,22,25,19,0,home,11.5,181.0,600.0,-800.0,5.0,90.5,1.0,0,True
2012,2011-12-29,True,False,sa,hou,85,105,18,17,24,26,0,23,30,25,27,0,away,3.0,197.5,-155.0,135.0,6.0,97.5,0.0,0,True
2012,2011-12-29,True,False,dal,okc,102,104,29,23,24,26,0,28,28,19,29,0,home,5.0,195.0,190.0,-230.0,2.0,95.0,0.0,1,True
2012,2011-12-29,True,False,den,por,102,111,17,36,26,23,0,30,23,30,28,0,home,6.0,202.0,200.0,-240.0,4.0,101.0,1.0,1,True
2012,2011-12-29,True,False,chi,sac,108,98,30,30,25,23,0,24,29,22,23,0,away,8.0,188.0,-380.0,310.0,2.5,93.5,1.0,1,False
2012,2011-12-29,True,False,ny,lal,82,99,24,27,21,10,0,31,32,17,19,0,home,3.5,195.0,150.0,-170.0,3.0,97.5,1.0,0,True
2012,2011-12-30,True,False,wsh,mil,81,102,24,17,26,14,0,36,29,13,24,0,home,8.5,185.5,360.0,-460.0,2.0,91.5,1.0,0,True
2012,2011-12-30,True,False,tor,dal,86,99,23,23,24,16,0,29,21,27,22,0,home,8.5,192.0,350.0,-450.0,4.0,95.0,1.0,0,True
2012,2011-12-30,True,False,phx,no,93,78,22,30,23,18,0,22,23,16,17,0,home,2.5,182.5,120.0,-140.0,3.0,90.5,0.0,0,False
2012,2011-12-30,True,False,hou,mem,93,113,28,23,16,26,0,30,27,31,25,0,home,6.5,196.0,230.0,-270.0,2.0,98.0,1.0,1,True
2012,2011-12-30,True,False,phi,utah,99,102,29,22,22,26,0,22,31,18,31,0,away,5.0,191.5,-200.0,170.0,4.5,95.0,0.0,1,True
2012,2011-12-30,True,False,bkn,atl,98,105,19,18,35,26,0,20,23,33,29,0,home,11.5,177.5,700.0,-1000.0,5.0,88.0,0.0,1,True
2012,2011-12-30,True,False,det,bos,85,96,22,21,21,21,0,24,26,36,10,0,home,10.0,182.0,500.0,-700.0,3.5,89.5,1.0,0,True
2012,2011-12-30,True,False,cle,ind,91,98,24,23,14,23,7,22,23,25,14,14,home,9.5,193.5,425.0,-550.0,7.0,97.0,0.0,0,True
2012,2011-12-30,True,False,orl,cha,100,79,29,27,19,25,0,23,20,19,17,0,away,4.0,183.5,-175.0,155.0,2.0,90.0,1.0,0,False
2012,2011-12-30,True,False,mia,min,103,101,31,20,31,21,0,20,33,22,26,0,away,8.5,209.5,-450.0,350.0,7.0,104.0,0.0,0,False
2012,2011-12-30,True,False,chi,lac,114,101,29,28,26,31,0,28,24,25,24,0,away,1.0,191.5,-115.0,-105.0,1.0,94.0,1.0,1,False
2012,2011-12-31,True,False,ny,sac,114,92,35,21,22,36,0,20,22,23,27,0,away,1.0,201.5,-115.0,-105.0,4.0,99.5,1.0,1,False
2012,2011-12-31,True,False,utah,sa,89,104,18,21,21,29,0,23,31,29,21,0,home,14.0,195.5,1000.0,-1500.0,3.5,97.5,1.0,0,True
2012,2011-12-31,True,False,phi,gs,107,79,19,31,22,35,0,25,17,12,25,0,away,2.0,191.0,-130.0,110.0,2.0,96.0,1.0,0,False
2012,2011-12-31,True,False,phx,okc,97,107,22,24,21,30,0,27,33,29,18,0,home,11.5,201.5,650.0,-900.0,2.0,99.5,0.0,1,True
2012,2011-12-31,True,False,ind,det,88,96,18,26,20,24,0,21,31,30,14,0,away,2.5,181.5,-140.0,120.0,3.5,90.0,0.0,1,True
2012,2011-12-31,True,False,atl,hou,84,95,22,22,16,24,0,31,20,21,23,0,home,1.0,193.0,100.0,-120.0,2.0,95.5,1.0,0,True
2012,2011-12-31,True,False,den,lal,89,92,23,22,26,18,0,22,24,23,23,0,home,5.0,198.0,180.0,-220.0,3.0,98.5,0.0,0,True
2012,2012-01-01,True,False,bos,wsh,94,86,28,23,22,21,0,17,17,26,26,0,away,7.0,187.0,-280.0,240.0,1.0,93.0,1.0,0,False
2012,2012-01-01,True,False,bkn,cle,82,98,27,22,18,15,0,24,19,30,25,0,home,2.5,186.0,115.0,-135.0,3.0,94.0,1.0,0,True
2012,2012-01-01,True,False,tor,orl,96,102,27,25,29,15,0,18,29,23,32,0,home,12.0,185.5,750.0,-1100.0,10.0,92.5,0.0,1,True
2012,2012-01-01,True,False,cha,mia,90,129,15,22,27,26,0,33,32,27,37,0,home,14.0,197.0,1200.0,-2000.0,1.0,95.5,1.0,1,True
2012,2012-01-01,True,False,dal,min,82,99,25,16,28,13,0,25,25,24,25,0,away,2.5,201.5,-140.0,120.0,4.0,99.0,0.0,0,True
2012,2012-01-01,True,False,mem,chi,64,104,12,16,16,20,0,25,29,30,20,0,home,6.5,187.5,240.0,-280.0,1.5,91.5,1.0,0,True
2012,2012-01-01,True,False,lal,den,90,99,21,15,35,19,0,26,21,25,27,0,home,5.5,199.0,185.0,-225.0,1.0,98.5,1.0,0,True
2012,2012-01-01,True,False,no,sac,80,96,22,18,18,22,0,21,17,30,28,0,home,4.0,183.5,155.0,-175.0,4.0,91.0,1.0,0,True
2012,2012-01-01,True,False,por,lac,88,93,17,19,16,36,0,21,23,25,24,0,home,3.0,199.5,135.0,-155.0,1.0,96.5,1.0,0,True
2012,2012-01-02,True,False,mil,den,86,91,30,18,26,12,0,24,24,20,23,0,home,4.5,197.0,170.0,-200.0,3.5,97.5,1.0,0,True
2012,2012-01-02,True,False,okc,dal,87,100,20,27,18,22,0,20,34,24,22,0,away,2.5,196.5,-145.0,125.0,3.0,97.0,0.0,0,True
2012,2012-01-02,True,False,sa,min,96,106,25,34,21,16,0,35,31,28,12,0,away,5.0,196.5,-220.0,180.0,4.5,97.0,0.0,1,True
2012,2012-01-02,True,False,orl,det,78,89,19,27,17,15,0,21,23,24,21,0,away,5.0,184.5,-210.0,175.0,2.5,90.5,0.0,0,True
2012,2012-01-02,True,False,no,utah,90,94,22,25,27,16,0,18,32,20,24,0,home,6.5,179.5,240.0,-280.0,3.5,88.0,0.0,1,True
2012,2012-01-02,True,False,ind,bkn,108,94,29,19,29,31,0,21,21,22,30,0,away,6.0,180.0,-250.0,210.0,2.0,88.5,1.0,1,False
2012,2012-01-02,True,False,atl,mia,100,92,19,28,20,33,0,23,27,21,21,0,home,9.5,193.5,500.0,-650.0,5.0,94.5,0.0,0,False
2012,2012-01-02,True,False,tor,ny,90,85,22,29,16,23,0,23,11,24,27,0,home,8.5,200.0,325.0,-400.0,9.0,98.5,0.0,0,False
2012,2012-01-02,True,False,gs,phx,91,102,26,21,22,22,0,25,26,21,30,0,home,4.5,193.5,160.0,-180.0,2.0,96.0,1.0,0,True
2012,2012-01-02,True,False,wsh,bos,92,100,24,24,22,22,0,23,24,22,31,0,home,11.0,188.0,600.0,-800.0,7.5,93.5,0.0,1,True
2012,2012-01-03,True,False,hou,lal,99,108,25,21,29,24,0,31,19,26,32,0,home,7.0,191.5,280.0,-340.0,3.5,94.0,1.0,1,True
2012,2012-01-03,True,False,mil,utah,73,85,16,18,21,18,0,22,21,19,23,0,home,1.5,186.5,100.0,-120.0,2.0,92.0,1.0,0,True
2012,2012-01-03,True,False,atl,chi,74,76,23,15,18,18,0,15,11,16,34,0,home,10.0,183.0,450.0,-600.0,10.0,89.5,0.0,0,True
2012,2012-01-03,True,False,por,okc,103,93,21,30,27,25,0,26,27,21,19,0,home,4.5,196.5,170.0,-200.0,2.5,96.5,0.0,0,False
2012,2012-01-03,True,False,cha,cle,101,115,34,17,29,21,0,27,30,30,28,0,home,4.0,189.0,150.0,-170.0,0.5,92.5,1.0,1,True
2012,2012-01-03,True,False,sac,mem,96,113,17,33,18,28,0,31,21,35,26,0,home,6.5,190.5,220.0,-260.0,3.5,93.0,1.0,1,True
2012,2012-01-04,True,False,phi,no,101,93,16,24,27,34,0,27,20,26,20,0,away,5.5,181.5,-230.0,190.0,5.0,90.0,1.0,1,False
2012,2012-01-04,True,False,sac,den,83,110,17,22,25,19,0,27,29,29,25,0,home,11.0,209.0,650.0,-900.0,2.0,102.0,1.0,0,True
2012,2012-01-04,True,False,hou,lac,89,117,26,29,20,14,0,41,26,23,27,0,home,7.0,207.0,260.0,-320.0,0.0,103.0,1.0,0,True
2012,2012-01-04,True,False,phx,dal,89,98,25,16,25,23,0,25,24,28,21,0,home,7.5,194.5,290.0,-350.0,2.0,97.0,1.0,0,True
2012,2012-01-04,True,False,gs,sa,95,101,26,27,22,20,0,20,25,25,31,0,home,7.5,189.5,290.0,-350.0,6.5,93.0,0.0,1,True
2012,2012-01-04,True,False,mem,min,90,86,20,23,14,33,0,14,23,22,27,0,home,4.5,196.5,170.0,-200.0,4.0,97.5,0.0,0,False
2012,2012-01-04,True,False,wsh,orl,85,103,14,24,22,25,0,31,25,27,20,0,home,13.0,189.0,900.0,-1400.0,2.5,94.0,1.0,0,True
2012,2012-01-04,True,False,chi,det,99,83,22,29,20,28,0,14,21,23,25,0,away,6.5,180.5,-280.0,240.0,1.5,90.0,1.0,1,False
2012,2012-01-04,True,False,ind,mia,83,118,27,12,27,17,0,29,33,26,30,0,home,7.5,197.5,300.0,-360.0,2.0,96.5,1.0,1,True
2012,2012-01-04,True,False,bkn,bos,70,89,17,18,12,23,0,18,16,29,26,0,home,12.5,180.0,900.0,-1400.0,8.0,89.0,1.0,0,True
2012,2012-01-04,True,False,cle,tor,77,92,18,21,12,26,0,21,25,20,26,0,home,5.0,191.0,180.0,-220.0,1.0,93.5,1.0,0,True
2012,2012-01-04,True,False,cha,ny,118,110,30,32,26,30,0,26,26,26,32,0,home,11.5,201.5,600.0,-800.0,11.0,101.0,0.0,1,False
2012,2012-01-05,True,False,lal,por,96,107,31,25,18,22,0,27,25,32,23,0,home,3.5,184.0,145.0,-165.0,2.5,90.5,1.0,1,True
2012,2012-01-05,True,False,mil,sac,100,103,30,28,24,18,0,25,12,31,35,0,away,3.0,187.0,-155.0,135.0,3.5,92.0,0.0,1,True
2012,2012-01-05,True,False,dal,sa,71,93,17,12,13,29,0,31,24,11,27,0,home,2.0,189.0,115.0,-135.0,4.5,92.0,1.0,0,True
2012,2012-01-05,True,False,mia,atl,116,109,22,32,14,25,23,19,30,21,23,16,home,4.0,186.0,165.0,-185.0,6.0,92.0,0.0,1,False
2012,2012-01-06,True,False,gs,lal,90,97,22,17,19,32,0,20,15,32,30,0,home,10.5,186.0,500.0,-700.0,9.0,92.5,0.0,1,True
2012,2012-01-06,True,False,por,phx,77,102,19,15,21,22,0,30,19,25,28,0,away,2.0,196.5,-135.0,115.0,5.0,97.5,0.0,0,True
2012,2012-01-06,True,False,mem,utah,85,94,26,21,17,21,0,22,23,22,27,0,away,1.0,185.0,-120.0,100.0,0.5,92.5,0.0,0,True
2012,2012-01-06,True,False,den,no,96,88,24,17,21,34,0,32,15,16,25,0,away,6.5,190.0,-270.0,230.0,7.0,94.5,1.0,0,False
2012,2012-01-06,True,False,hou,okc,94,109,20,21,24,29,0,30,28,28,23,0,home,10.5,206.5,550.0,-750.0,1.5,101.0,1.0,0,True
2012,2012-01-06,True,False,cle,min,98,87,28,24,24,22,0,24,21,19,23,0,home,6.5,199.0,250.0,-300.0,5.5,98.5,0.0,0,False
2012,2012-01-06,True,False,ind,bos,87,74,14,19,30,24,0,14,11,30,19,0,home,6.0,185.5,220.0,-260.0,5.5,90.5,0.0,0,False
2012,2012-01-06,True,False,ny,wsh,99,96,18,28,26,27,0,32,15,22,27,0,away,6.0,200.0,-260.0,220.0,4.5,100.5,0.0,0,False
2012,2012-01-06,True,False,bkn,tor,97,85,22,26,27,22,0,21,19,24,21,0,home,6.0,181.5,230.0,-270.0,5.5,90.0,0.0,1,False
2012,2012-01-06,True,False,det,phi,73,96,19,15,22,17,0,20,23,21,32,0,home,10.0,186.0,475.0,-625.0,3.0,92.5,1.0,0,True
2012,2012-01-06,True,False,atl,cha,102,96,20,23,27,21,11,18,20,23,30,5,away,1.5,184.0,-125.0,105.0,1.0,90.5,1.0,1,False
2012,2012-01-06,True,False,chi,orl,97,83,26,27,20,24,0,27,16,19,21,0,away,2.0,181.5,-130.0,110.0,2.0,89.0,1.0,0,False
2012,2012-01-07,True,False,no,dal,81,96,20,21,24,16,0,26,26,23,21,0,home,11.5,180.0,700.0,-1000.0,4.0,89.5,1.0,0,True
2012,2012-01-07,True,False,utah,gs,88,87,27,18,18,25,0,19,27,20,21,0,home,3.5,189.5,140.0,-160.0,2.0,97.5,0.0,0,False
2012,2012-01-07,True,False,mil,lac,86,92,15,25,25,21,0,18,20,34,20,0,home,10.0,191.5,500.0,-650.0,7.5,95.5,0.0,0,True
2012,2012-01-07,True,False,okc,hou,98,95,23,25,24,26,0,21,25,26,23,0,away,5.5,202.5,-240.0,200.0,3.0,97.5,0.0,0,False
2012,2012-01-07,True,False,den,sa,117,121,25,30,30,32,0,37,25,32,27,0,home,4.5,199.5,165.0,-185.0,0.5,99.5,0.0,1,True
2012,2012-01-07,True,False,mia,bkn,101,90,31,26,21,23,0,18,17,29,26,0,away,8.5,191.0,-450.0,350.0,0.0,95.5,1.0,2,False
2012,2012-01-07,True,False,tor,phi,62,97,16,18,15,13,0,19,22,32,24,0,home,10.0,187.0,475.0,-625.0,3.5,93.0,1.0,0,True
2012,2012-01-07,True,False,ny,det,103,80,25,39,22,17,0,24,18,15,23,0,away,4.0,191.0,-185.0,165.0,3.0,95.0,1.0,0,False
2012,2012-01-07,True,False,chi,atl,94,109,18,27,17,32,0,33,30,22,24,0,away,6.0,175.0,-260.0,220.0,7.0,87.0,0.0,1,True
2012,2012-01-07,True,False,cha,ind,77,99,30,19,14,14,0,22,21,28,28,0,home,10.0,190.0,450.0,-600.0,8.5,95.0,1.0,0,True
2012,2012-01-08,True,False,cle,por,78,98,17,18,22,21,0,18,24,27,29,0,home,10.5,192.0,500.0,-700.0,4.0,95.0,1.0,0,True
2012,2012-01-08,True,False,mil,phx,93,109,25,22,19,27,0,30,27,34,18,0,home,7.5,185.0,290.0,-350.0,1.5,91.5,1.0,1,True
2012,2012-01-08,True,False,mem,lal,82,90,22,24,22,14,0,31,25,22,12,0,home,7.5,183.0,260.0,-320.0,1.5,92.0,1.0,0,True
2012,2012-01-08,True,False,orl,sac,104,97,19,30,32,23,0,21,26,32,18,0,away,7.0,195.5,-300.0,250.0,4.0,96.0,2.0,1,False
2012,2012-01-08,True,False,min,wsh,93,72,20,28,27,18,0,17,17,26,12,0,away,2.5,196.0,-145.0,125.0,3.0,97.5,1.0,0,False
2012,2012-01-08,True,False,sa,okc,96,108,22,26,21,27,0,24,30,37,17,0,home,6.5,196.5,240.0,-280.0,2.0,97.0,1.0,1,True
2012,2012-01-09,True,False,min,tor,87,97,25,24,20,18,0,27,28,18,24,0,home,3.0,186.5,135.0,-155.0,0.0,92.5,1.0,0,True
2012,2012-01-09,True,False,ind,phi,86,96,20,20,24,22,0,25,20,28,23,0,home,7.0,185.5,245.0,-305.0,2.5,93.5,1.0,0,True
2012,2012-01-09,True,False,atl,bkn,106,101,31,25,24,26,0,18,27,26,30,0,away,5.5,179.0,-240.0,190.0,0.5,89.5,0.0,1,False
2012,2012-01-09,True,False,cha,ny,87,91,21,24,20,22,0,24,26,22,19,0,home,10.5,200.5,510.0,-735.0,4.5,98.0,0.0,0,True
2012,2012-01-09,True,False,det,chi,68,92,21,13,25,9,0,21,22,25,24,0,home,14.5,177.5,1205.0,-1905.0,5.5,88.5,1.0,0,True
2012,2012-01-09,True,False,no,den,94,81,26,28,24,16,0,27,19,18,17,0,home,13.5,192.0,890.0,-1340.0,11.5,96.5,0.0,0,False
2012,2012-01-10,True,False,mia,gs,106,111,22,35,27,12,10,27,26,19,24,15,away,9.5,197.0,-610.0,450.0,4.5,99.5,0.0,1,True
2012,2012-01-10,True,False,phx,lal,83,99,19,23,26,15,0,25,21,27,26,0,home,8.0,191.5,305.0,-375.0,3.5,95.0,1.0,0,True
2012,2012-01-10,True,False,lac,por,97,105,26,21,24,26,0,24,30,24,27,0,home,5.5,196.0,200.0,-250.0,1.0,98.5,1.0,1,True
2012,2012-01-10,True,False,cle,utah,105,113,26,17,37,25,0,27,25,33,28,0,home,6.5,187.5,225.0,-275.0,1.0,93.0,1.0,1,True
2012,2012-01-10,True,False,chi,min,111,100,33,20,26,32,0,17,30,27,26,0,away,6.5,184.5,-300.0,240.0,2.0,89.5,1.0,1,False
2012,2012-01-10,True,False,sa,mil,103,106,33,26,22,22,0,25,34,20,27,0,away,2.0,185.5,-130.0,110.0,1.5,91.5,0.0,1,True
2012,2012-01-10,True,False,dal,det,100,86,30,22,24,24,0,20,18,17,31,0,away,7.0,180.5,-315.0,255.0,0.5,88.0,1.0,1,False
2012,2012-01-10,True,False,hou,cha,82,70,20,23,24,15,0,23,16,14,17,0,away,3.5,193.5,-155.0,135.0,1.0,95.0,1.0,0,False
2012,2012-01-10,True,False,okc,mem,100,95,26,28,21,25,0,25,27,19,24,0,away,2.5,193.5,-135.0,115.0,1.0,96.0,1.0,1,False
2012,2012-01-10,True,False,sac,phi,85,112,22,20,18,25,0,26,26,32,28,0,home,9.5,197.0,425.0,-550.0,2.0,99.5,1.0,2,True
2012,2012-01-10,True,False,tor,wsh,78,93,20,14,18,26,0,17,29,25,22,0,home,3.0,183.0,120.0,-140.0,2.5,93.0,1.0,0,True
2012,2012-01-11,True,False,atl,ind,84,96,20,30,9,25,0,28,25,27,16,0,home,2.5,183.5,125.0,-145.0,1.0,92.0,1.0,0,True
2012,2012-01-11,True,False,sac,tor,98,91,23,18,22,35,0,19,21,23,28,0,home,5.5,191.0,195.0,-245.0,4.0,96.0,0.0,0,False
2012,2012-01-11,True,False,phi,ny,79,85,15,20,21,23,0,28,17,22,18,0,home,4.0,196.0,155.0,-175.0,1.5,97.5,1.0,0,True
2012,2012-01-11,True,False,wsh,chi,64,78,15,22,16,11,0,17,28,12,21,0,home,11.5,180.5,640.0,-940.0,4.0,89.0,1.0,0,True
2012,2012-01-11,True,False,okc,no,95,85,22,27,24,22,0,27,21,22,15,0,away,6.5,183.5,-295.0,235.0,4.0,90.5,1.0,0,False
2012,2012-01-11,True,False,dal,bos,90,85,23,19,26,22,0,15,26,18,26,0,home,5.0,183.0,165.0,-205.0,4.0,91.5,0.0,0,False
2012,2012-01-11,True,False,hou,sa,95,101,27,23,18,22,5,23,24,25,18,11,home,7.0,198.5,245.0,-305.0,6.0,98.0,0.0,0,True
2012,2012-01-11,True,False,bkn,den,115,123,28,24,28,35,0,35,33,32,23,0,home,12.0,198.5,745.0,-1145.0,1.5,99.0,0.0,1,True
2012,2012-01-11,True,False,lal,utah,90,87,26,15,25,12,12,23,19,19,17,9,away,1.5,183.5,-125.0,105.0,2.0,91.5,1.0,0,False
2012,2012-01-11,True,False,orl,por,107,104,36,26,23,22,0,22,28,18,36,0,home,3.0,186.0,130.0,-150.0,5.0,92.5,0.0,1,False
2012,2012-01-11,True,False,mia,lac,89,95,24,24,21,17,3,21,22,27,16,9,away,3.0,203.5,-155.0,135.0,0.0,100.5,0.0,0,True
2012,2012-01-12,True,False,orl,gs,117,109,22,31,27,37,0,29,28,25,27,0,away,3.5,187.5,-165.0,145.0,3.0,94.0,1.0,1,False
2012,2012-01-12,True,False,ny,mem,83,94,19,19,14,31,0,28,21,26,19,0,home,4.5,192.5,170.0,-200.0,1.5,94.0,1.0,0,True
2012,2012-01-12,True,False,cle,phx,101,90,30,26,23,22,0,30,18,23,19,0,home,7.5,196.5,260.0,-320.0,6.0,98.5,0.0,0,False
2012,2012-01-12,True,False,cha,atl,81,111,21,26,19,15,0,25,32,28,26,0,home,7.5,181.0,310.0,-380.0,0.5,91.0,1.0,1,True
2012,2012-01-12,True,False,det,mil,93,102,27,16,25,25,0,31,21,27,23,0,home,8.5,178.0,325.0,-400.0,2.0,88.0,1.0,1,True
2012,2012-01-13,True,False,por,sa,83,99,31,16,18,18,0,27,23,15,34,0,home,1.5,195.5,105.0,-116.0,0.0,99.0,1.0,0,True
2012,2012-01-13,True,False,det,cha,98,81,27,24,27,20,0,23,16,20,22,0,home,3.5,181.5,140.0,-160.0,5.0,91.5,0.0,0,False
2012,2012-01-13,True,False,ind,tor,95,90,15,25,25,30,0,27,18,20,25,0,away,6.0,178.0,-250.0,210.0,6.0,90.0,0.0,1,False
2012,2012-01-13,True,False,wsh,phi,89,120,23,17,18,31,0,33,21,38,28,0,home,13.0,185.5,1000.0,-1500.0,3.0,92.0,1.0,1,True
2012,2012-01-13,True,False,chi,bos,88,79,26,26,15,21,0,13,20,26,20,0,home,0.0,176.5,-130.0,110.0,5.0,87.5,0.0,0,False
2012,2012-01-13,True,False,sac,hou,89,103,28,24,20,17,0,26,24,31,22,0,home,8.5,200.5,320.0,-400.0,6.5,101.0,1.0,0,True
2012,2012-01-13,True,False,min,no,87,80,16,21,26,24,0,21,17,13,29,0,away,1.5,182.0,-113.0,102.0,2.0,88.5,1.0,0,False
2012,2012-01-13,True,False,mil,dal,76,102,23,22,18,13,0,32,28,23,19,0,home,9.5,184.0,415.0,-530.0,1.0,93.0,1.0,0,True
2012,2012-01-13,True,False,bkn,phx,110,103,22,32,34,22,0,25,26,31,21,0,home,5.0,192.5,190.0,-230.0,4.0,97.0,0.0,1,False
2012,2012-01-13,True,False,mia,den,104,117,21,32,28,23,0,30,25,31,31,0,away,3.5,210.0,-165.0,145.0,4.0,104.5,0.0,1,True
2012,2012-01-13,True,False,cle,lal,92,97,28,13,29,22,0,32,27,23,15,0,home,11.0,188.0,570.0,-770.0,1.5,93.0,0.0,1,True
2012,2012-01-14,True,False,tor,chi,64,77,14,23,15,12,0,23,14,19,21,0,home,14.0,176.5,1200.0,-2000.0,9.5,88.5,0.0,0,True
2012,2012-01-14,True,False,no,mem,99,108,24,23,28,24,0,20,37,29,22,0,home,11.0,175.0,580.0,-780.0,2.5,86.5,0.0,1,True
2012,2012-01-14,True,False,bkn,utah,94,107,20,20,27,27,0,30,27,30,20,0,home,8.0,190.5,320.0,-400.0,0.5,95.0,1.0,1,True
2012,2012-01-14,True,False,ny,okc,92,104,22,25,18,27,0,32,38,22,12,0,home,11.0,197.0,600.0,-800.0,0.5,96.5,1.0,0,True
2012,2012-01-14,True,False,lal,lac,94,102,24,18,30,22,0,31,24,21,26,0,home,2.5,188.0,115.0,-135.0,3.0,93.5,1.0,1,True
2012,2012-01-14,True,False,gs,cha,100,112,25,21,27,27,0,38,28,27,19,0,away,3.5,190.5,-165.0,145.0,6.0,95.0,0.0,1,True
2012,2012-01-14,True,False,por,hou,105,107,21,32,23,21,8,27,31,26,13,10,away,1.0,196.0,100.0,-110.0,1.5,98.5,0.0,1,True
2012,2012-01-14,True,False,bos,ind,83,97,24,24,19,16,0,29,27,26,15,0,home,3.5,180.5,145.0,-165.0,1.0,90.0,1.0,0,True
2012,2012-01-14,True,False,sac,dal,60,99,11,12,22,15,0,27,25,20,27,0,home,12.0,195.0,650.0,-900.0,0.5,96.0,1.0,0,True
2012,2012-01-14,True,False,min,atl,91,93,24,29,18,20,0,18,24,21,30,0,home,7.0,188.0,270.0,-330.0,6.5,95.0,0.0,0,True
2012,2012-01-14,True,False,phi,wsh,103,90,23,29,25,26,0,26,14,20,30,0,away,8.0,186.0,-370.0,305.0,1.0,94.0,1.0,1,False
2012,2012-01-15,True,False,gs,det,99,91,24,20,30,25,0,19,29,21,22,0,home,4.5,187.5,155.0,-180.0,1.5,94.0,0.0,1,False
2012,2012-01-15,True,False,utah,den,106,96,25,23,29,29,0,26,22,25,23,0,home,10.5,206.5,500.0,-725.0,7.0,104.5,0.0,0,False
2012,2012-01-15,True,False,phx,sa,91,102,26,16,26,23,0,30,26,22,24,0,home,8.5,197.0,355.0,-455.0,1.0,97.5,1.0,0,True
2012,2012-01-16,True,False,dal,lal,70,73,18,17,16,19,0,15,24,7,27,0,home,4.0,183.0,165.0,-185.0,2.0,91.0,0.0,0,True
2012,2012-01-16,True,False,okc,bos,97,88,25,21,26,25,0,17,22,23,26,0,away,2.5,186.5,-145.0,125.0,1.0,92.0,1.0,0,False
2012,2012-01-16,True,False,sac,min,86,99,22,24,16,24,0,28,14,25,32,0,home,7.5,198.0,260.0,-320.0,7.0,98.0,1.0,0,True
2012,2012-01-16,True,False,tor,atl,84,93,18,27,26,13,0,26,24,23,20,0,home,10.0,177.5,465.0,-655.0,4.5,89.0,0.0,0,True
2012,2012-01-16,True,False,bkn,lac,91,101,17,23,23,28,0,32,21,21,27,0,home,7.5,193.0,270.0,-340.0,0.5,96.0,1.0,0,True
2012,2012-01-16,True,False,cle,cha,102,94,30,16,33,23,0,23,34,20,17,0,home,1.0,193.0,-105.0,-115.0,3.0,95.5,0.0,1,False
2012,2012-01-16,True,False,hou,wsh,114,106,27,31,33,23,0,28,26,21,31,0,away,5.5,192.5,-245.0,195.0,2.5,97.0,1.0,1,False
2012,2012-01-16,True,False,mil,phi,82,94,25,18,19,20,0,31,16,29,18,0,home,8.5,185.0,355.0,-455.0,4.0,92.5,1.0,0,True
2012,2012-01-16,True,False,chi,mem,86,102,21,17,28,20,0,28,30,19,25,0,away,2.0,174.5,-130.0,110.0,5.5,84.5,0.0,1,True
2012,2012-01-16,True,False,orl,ny,102,93,17,28,28,29,0,23,28,24,18,0,away,2.0,193.0,-125.0,105.0,2.5,95.0,1.0,1,False
2012,2012-01-16,True,False,por,no,84,77,20,17,27,20,0,15,20,16,26,0,away,6.0,181.5,-250.0,200.0,4.0,90.0,1.0,0,False
2012,2012-01-17,True,False,lac,utah,79,108,17,24,18,20,0,29,23,26,30,0,home,5.0,190.0,170.0,-200.0,0.0,94.0,1.0,0,True
2012,2012-01-17,True,False,det,hou,80,97,20,20,19,21,0,28,19,22,28,0,home,7.5,188.5,285.0,-345.0,2.0,93.5,1.0,0,True
2012,2012-01-17,True,False,den,mil,105,95,26,37,22,20,0,21,23,23,28,0,away,3.0,197.5,-150.0,130.0,3.5,94.5,1.0,1,False
2012,2012-01-17,True,False,sa,mia,98,120,35,28,12,23,0,26,23,39,32,0,home,7.0,197.5,250.0,-300.0,7.5,96.5,1.0,1,True
2012,2012-01-17,True,False,gs,cle,105,95,26,29,26,24,0,26,24,29,16,0,home,2.0,196.5,110.0,-130.0,2.0,99.0,0.0,1,False
2012,2012-01-17,True,False,cha,orl,89,96,24,26,17,22,0,17,30,20,29,0,home,12.0,193.0,700.0,-1000.0,9.5,96.0,0.0,0,True
2012,2012-01-17,True,False,phx,chi,97,118,31,16,21,29,0,39,28,29,22,0,home,9.0,181.0,370.0,-470.0,0.5,90.0,1.0,1,True
2012,2012-01-18,True,False,dal,lac,89,91,27,24,20,18,0,31,21,19,20,0,away,3.5,182.5,-170.0,150.0,2.5,91.5,0.0,0,True
2012,2012-01-18,True,False,ind,sac,88,92,23,27,30,8,0,19,26,21,26,0,away,5.5,191.5,-220.0,180.0,1.5,95.0,0.0,0,True
2012,2012-01-18,True,False,por,atl,89,92,17,25,20,27,0,21,30,24,17,0,home,2.5,185.0,115.0,-135.0,2.0,91.5,1.0,0,True
2012,2012-01-18,True,False,det,min,85,93,20,22,29,14,0,17,19,28,29,0,home,8.5,186.0,350.0,-450.0,7.5,92.5,0.0,0,True
2012,2012-01-18,True,False,tor,bos,73,96,14,24,17,18,0,29,15,29,23,0,home,9.0,175.5,420.0,-530.0,4.0,88.0,1.0,0,True
2012,2012-01-18,True,False,mem,no,93,87,33,22,17,21,0,22,26,19,20,0,away,4.0,177.0,-175.0,155.0,0.0,89.5,1.0,1,False
2012,2012-01-18,True,False,phx,ny,91,88,20,25,19,27,0,19,23,19,27,0,home,8.0,200.5,300.0,-370.0,6.0,96.5,0.0,0,False
2012,2012-01-18,True,False,sa,orl,85,83,13,24,20,18,10,19,21,18,17,8,home,5.0,192.5,165.0,-190.0,2.0,94.0,0.0,0,False
2012,2012-01-18,True,False,okc,wsh,102,105,22,29,25,26,0,18,28,26,33,0,away,11.0,197.0,-870.0,570.0,5.5,97.5,0.0,1,True
2012,2012-01-18,True,False,den,phi,108,104,19,32,27,18,12,28,17,27,24,8,home,6.0,203.5,195.0,-245.0,4.5,101.5,0.0,1,False
2012,2012-01-18,True,False,gs,bkn,100,107,31,25,27,17,0,29,26,24,28,0,home,3.0,197.0,130.0,-150.0,2.0,98.5,1.0,1,True
2012,2012-01-19,True,False,lal,mia,87,98,20,17,19,31,0,25,27,25,21,0,home,5.5,191.5,200.0,-240.0,2.5,94.0,1.0,0,True
2012,2012-01-19,True,False,no,hou,88,90,27,22,14,19,6,32,26,17,7,8,home,9.5,184.0,450.0,-600.0,2.5,91.5,0.0,0,True
2012,2012-01-19,True,False,dal,utah,94,91,25,34,12,23,0,22,28,21,20,0,home,3.0,184.5,135.0,-155.0,4.0,93.0,0.0,1,False
2012,2012-01-20,True,False,ind,gs,94,91,27,16,24,27,0,23,20,26,22,0,away,1.0,194.0,105.0,-125.0,1.0,96.0,1.0,0,False
2012,2012-01-20,True,False,min,lac,101,98,22,26,24,29,0,31,28,20,19,0,home,4.5,191.5,180.0,-220.0,0.5,94.5,0.0,1,False
2012,2012-01-20,True,False,sac,sa,88,86,32,18,23,15,0,20,27,20,19,0,home,10.5,194.5,515.0,-765.0,8.5,96.5,0.0,0,False
2012,2012-01-20,True,False,lal,orl,80,92,10,21,21,28,0,22,26,19,25,0,home,3.0,178.5,140.0,-160.0,3.0,88.0,1.0,0,True
2012,2012-01-20,True,False,phx,bos,79,71,20,26,14,19,0,15,20,20,16,0,home,6.0,183.0,235.0,-295.0,6.0,91.0,0.0,0,False
2012,2012-01-20,True,False,chi,cle,114,75,34,29,22,29,0,26,18,17,14,0,away,5.0,185.5,-200.0,170.0,2.5,91.0,1.0,1,False
2012,2012-01-20,True,False,mil,ny,100,86,27,28,24,21,0,23,28,16,19,0,home,4.5,189.0,175.0,-205.0,5.0,94.5,0.0,0,False
2012,2012-01-20,True,False,por,tor,94,84,27,20,24,23,0,14,18,28,24,0,away,7.5,180.0,-345.0,275.0,0.0,88.5,1.0,0,False
2012,2012-01-20,True,False,mem,det,98,81,22,27,24,25,0,12,18,35,16,0,away,5.0,181.0,-215.0,175.0,2.5,88.0,1.0,0,False
2012,2012-01-20,True,False,atl,phi,76,90,24,23,10,19,0,18,21,25,26,0,home,6.5,184.0,245.0,-305.0,6.0,91.5,1.0,0,True
2012,2012-01-20,True,False,den,wsh,108,104,27,34,25,22,0,37,26,18,23,0,away,7.5,205.5,-320.0,260.0,5.5,102.5,0.0,1,False
2012,2012-01-21,True,False,min,utah,98,108,26,26,29,17,0,22,32,30,24,0,home,7.0,190.5,250.0,-300.0,4.0,94.0,1.0,1,True
2012,2012-01-21,True,False,okc,bkn,84,74,28,20,16,20,0,18,17,18,21,0,away,8.0,201.0,-380.0,310.0,1.0,98.5,1.0,0,False
2012,2012-01-21,True,False,sa,hou,102,105,23,26,26,27,0,28,27,22,28,0,home,5.0,193.0,175.0,-210.0,1.0,96.5,0.0,1,True
2012,2012-01-21,True,False,dal,no,83,81,27,14,23,19,0,23,18,12,28,0,away,3.5,170.5,-170.0,150.0,2.5,84.0,0.0,0,False
2012,2012-01-21,True,False,cha,chi,89,95,23,20,26,20,0,27,23,30,15,0,home,12.5,183.5,1000.0,-1500.0,5.5,89.5,0.0,1,True
2012,2012-01-21,True,False,den,ny,119,114,25,21,26,26,21,24,30,18,26,16,away,2.5,207.0,-140.0,120.0,3.5,101.5,1.0,1,False
2012,2012-01-21,True,False,por,det,91,94,27,16,25,23,0,26,28,19,21,0,away,6.5,177.5,-300.0,250.0,6.0,89.0,0.0,1,True
2012,2012-01-21,True,False,phi,mia,92,113,28,21,20,23,0,29,27,25,32,0,home,7.0,193.0,265.0,-325.0,2.0,97.0,1.0,1,True
2012,2012-01-21,True,False,cle,atl,94,121,19,23,21,31,0,27,34,28,32,0,home,7.5,187.5,275.0,-335.0,1.0,92.0,1.0,1,True
2012,2012-01-21,True,False,sac,mem,95,128,21,39,16,19,0,36,32,34,26,0,home,9.5,190.0,400.0,-500.0,2.5,94.5,1.0,1,True
2012,2012-01-22,True,False,bos,wsh,100,94,20,29,24,27,0,21,19,29,25,0,away,4.0,179.0,-175.0,155.0,1.5,89.0,1.0,1,False
2012,2012-01-22,True,False,tor,lac,91,103,11,26,21,33,0,27,22,27,27,0,home,8.5,184.5,350.0,-450.0,1.0,91.5,1.0,1,True
2012,2012-01-22,True,False,mil,mia,91,82,18,28,19,26,0,21,20,22,19,0,home,9.0,193.0,415.0,-525.0,9.0,96.0,0.0,0,False
2012,2012-01-22,True,False,cha,bkn,87,97,21,21,19,26,0,28,30,17,22,0,home,5.0,193.0,170.0,-200.0,2.0,95.0,1.0,0,True
2012,2012-01-22,True,False,ind,lal,98,96,14,35,28,21,0,27,25,26,18,0,home,5.5,180.0,195.0,-235.0,3.0,91.5,0.0,1,False
2012,2012-01-23,True,False,sa,no,104,102,30,26,23,25,0,28,27,25,22,0,away,4.5,177.0,-190.0,165.0,2.5,88.0,0.0,1,False
2012,2012-01-23,True,False,sac,por,89,101,21,17,18,33,0,21,32,21,27,0,home,11.0,195.0,525.0,-725.0,2.0,95.5,1.0,0,True
2012,2012-01-23,True,False,mem,gs,91,90,13,22,17,39,0,21,23,24,22,0,home,2.5,194.5,115.0,-135.0,1.5,96.0,0.0,0,False
2012,2012-01-23,True,False,phx,dal,87,93,27,19,19,22,0,32,17,25,19,0,home,5.0,183.5,175.0,-210.0,2.0,91.0,1.0,0,True
2012,2012-01-23,True,False,hou,min,107,92,28,26,22,31,0,19,28,24,21,0,home,2.0,196.5,120.0,-140.0,3.0,97.5,0.0,1,False
2012,2012-01-23,True,False,orl,bos,56,87,20,16,10,10,0,22,24,23,18,0,away,7.5,176.0,-350.0,290.0,7.0,88.0,0.0,0,True
2012,2012-01-23,True,False,bkn,chi,95,110,18,25,25,27,0,28,31,26,25,0,home,13.5,189.0,950.0,-1450.0,3.0,94.0,1.0,1,True
2012,2012-01-23,True,False,det,okc,79,99,12,21,25,21,0,29,31,25,14,0,home,13.5,186.5,1000.0,-1600.0,0.0,90.5,1.0,0,True
2012,2012-01-23,True,False,atl,mil,97,92,28,20,22,27,0,23,25,16,28,0,away,1.5,179.0,-125.0,105.0,1.0,88.0,1.0,1,False
2012,2012-01-23,True,False,wsh,phi,83,103,14,18,26,25,0,33,29,23,18,0,home,13.0,194.0,700.0,-1100.0,0.5,95.5,1.0,0,True
2012,2012-01-24,True,False,ny,cha,111,78,26,26,21,38,0,23,19,15,21,0,away,5.5,191.0,-235.0,195.0,0.5,93.5,1.0,0,False
2012,2012-01-24,True,False,orl,ind,102,83,22,23,29,28,0,29,16,17,21,0,home,3.5,183.0,140.0,-160.0,2.5,92.0,0.0,1,False
2012,2012-01-24,True,False,cle,mia,85,92,18,19,21,27,0,17,20,24,31,0,home,13.5,203.5,1050.0,-1650.0,9.0,98.0,0.0,0,True
2012,2012-01-24,True,False,tor,phx,99,96,17,31,31,20,0,27,25,19,25,0,home,5.5,187.5,190.0,-240.0,2.0,95.5,0.0,1,False
2012,2012-01-24,True,False,mem,por,84,97,25,18,13,28,0,25,22,23,27,0,home,6.5,187.0,225.0,-275.0,3.0,94.0,1.0,0,True
2012,2012-01-25,True,False,atl,sa,83,105,18,26,17,22,0,24,24,28,29,0,home,4.0,189.0,165.0,-190.0,1.0,93.5,1.0,0,True
2012,2012-01-25,True,False,lac,lal,91,96,27,24,20,20,0,25,24,19,28,0,home,4.0,186.5,155.0,-175.0,3.0,93.0,1.0,1,True
2012,2012-01-25,True,False,por,gs,93,101,26,27,20,20,0,24,24,31,22,0,home,4.0,192.5,150.0,-170.0,3.5,97.0,1.0,1,True
2012,2012-01-25,True,False,den,sac,122,93,32,34,28,28,0,26,17,22,28,0,away,6.5,205.0,-280.0,240.0,3.0,100.5,1.0,1,False
2012,2012-01-25,True,False,tor,utah,111,106,23,27,19,21,21,32,18,25,15,16,home,10.5,188.0,500.0,-650.0,6.5,94.0,0.0,1,False
2012,2012-01-25,True,False,min,dal,105,90,26,26,26,27,0,27,27,18,18,0,home,6.0,182.5,220.0,-260.0,3.5,90.0,0.0,1,False
2012,2012-01-25,True,False,no,okc,91,101,22,29,20,20,0,30,30,18,23,0,home,11.5,186.5,750.0,-1200.0,4.0,92.0,0.0,1,True
2012,2012-01-25,True,False,ind,chi,95,90,24,20,31,20,0,23,31,20,16,0,home,8.0,187.5,325.0,-400.0,1.5,93.5,0.0,0,False
2012,2012-01-25,True,False,mia,det,101,98,24,32,24,21,0,17,33,24,24,0,away,8.5,187.0,-450.0,350.0,3.5,93.0,0.0,1,False
2012,2012-01-25,True,False,bkn,phi,97,90,22,21,23,16,15,18,27,16,21,8,home,11.5,192.0,625.0,-825.0,6.5,95.5,0.0,0,False
2012,2012-01-25,True,False,ny,cle,81,91,23,22,19,17,0,27,18,24,22,0,away,4.0,196.0,-170.0,150.0,3.0,95.5,0.0,0,True
2012,2012-01-25,True,False,cha,wsh,75,92,17,11,21,26,0,31,17,23,21,0,home,7.5,192.5,280.0,-340.0,1.0,93.0,1.0,0,True
2012,2012-01-25,True,False,mil,hou,105,99,29,13,30,33,0,23,28,19,29,0,home,4.5,189.5,170.0,-200.0,0.5,92.0,0.0,1,False
2012,2012-01-26,True,False,bos,orl,91,83,16,21,27,27,0,32,26,17,8,0,home,10.0,174.0,450.0,-600.0,0.0,85.0,0.0,2,False
2012,2012-01-26,True,False,mem,lac,91,98,17,27,28,19,0,29,16,29,24,0,home,4.0,192.5,155.0,-175.0,2.5,97.0,1.0,0,True
2012,2012-01-27,True,False,okc,gs,120,109,28,29,28,35,0,23,29,25,32,0,away,4.5,199.0,-200.0,175.0,1.5,99.5,1.0,1,False
2012,2012-01-27,True,False,tor,den,81,96,12,20,32,17,0,28,26,24,18,0,home,13.0,196.0,885.0,-1335.0,1.0,96.5,1.0,0,True
2012,2012-01-27,True,False,utah,dal,101,116,30,20,32,19,0,30,28,30,28,0,home,4.5,185.0,160.0,-185.0,0.0,93.5,1.0,1,True
2012,2012-01-27,True,False,sa,min,79,87,22,20,22,15,0,21,20,23,23,0,away,1.0,195.5,-115.0,-105.0,0.5,96.5,0.0,0,True
2012,2012-01-27,True,False,ny,mia,89,99,22,26,23,18,0,22,30,22,25,0,home,11.5,196.5,645.0,-1045.0,6.0,97.0,0.0,0,True
2012,2012-01-27,True,False,wsh,hou,76,103,21,20,21,14,0,17,27,34,25,0,home,9.0,197.0,375.0,-475.0,5.0,97.0,1.0,0,True
2012,2012-01-27,True,False,phx,por,71,109,24,9,12,26,0,21,26,31,31,0,home,9.5,193.0,385.0,-485.0,1.0,95.0,1.0,0,True
2012,2012-01-27,True,False,mil,chi,100,107,27,23,18,32,0,30,21,28,28,0,home,11.0,185.5,520.0,-770.0,6.5,91.5,0.0,1,True
2012,2012-01-27,True,False,atl,det,107,101,15,20,28,24,20,17,29,22,19,14,away,6.5,179.0,-255.0,205.0,6.0,89.0,0.0,1,False
2012,2012-01-27,True,False,ind,bos,87,94,17,17,27,26,0,23,19,29,23,0,away,4.0,176.0,-170.0,150.0,4.0,86.5,0.0,1,True
2012,2012-01-27,True,False,bkn,cle,99,96,30,17,25,27,0,20,17,24,35,0,home,4.0,191.0,155.0,-175.0,4.5,95.0,0.0,1,False
2012,2012-01-27,True,False,cha,phi,72,89,10,27,14,21,0,23,36,18,12,0,home,15.5,182.0,1495.0,-3295.0,2.5,89.5,1.0,0,True
2012,2012-01-27,True,False,orl,no,67,93,19,15,18,15,0,23,24,22,24,0,away,3.5,176.0,-155.0,135.0,5.0,86.5,0.0,0,True
2012,2012-01-28,True,False,mem,phx,84,86,16,16,24,28,0,24,24,15,23,0,away,4.5,190.5,-175.0,155.0,6.0,94.5,0.0,0,True
2012,2012-01-28,True,False,lal,mil,89,100,23,20,30,16,0,27,24,29,20,0,away,5.0,183.0,-200.0,170.0,4.5,90.0,0.0,1,True
2012,2012-01-28,True,False,sac,utah,93,96,26,21,20,26,0,27,22,29,18,0,home,9.0,192.0,400.0,-500.0,5.0,95.5,0.0,0,True
2012,2012-01-28,True,False,det,phi,74,95,14,17,22,21,0,24,18,27,26,0,home,13.0,177.0,850.0,-1300.0,4.5,88.0,1.0,0,True
2012,2012-01-28,True,False,wsh,cha,102,99,26,32,25,19,0,26,22,30,21,0,away,1.5,183.5,-125.0,105.0,2.5,91.5,1.0,1,False
2012,2012-01-28,True,False,ny,hou,84,97,21,25,14,24,0,20,33,22,22,0,home,7.0,192.5,240.0,-280.0,1.5,95.5,1.0,0,True
2012,2012-01-29,True,False,chi,mia,93,97,22,29,20,22,0,24,32,20,21,0,home,4.5,191.5,165.0,-185.0,1.5,97.0,0.0,0,True
2012,2012-01-29,True,False,tor,bkn,94,73,24,20,26,24,0,24,15,14,20,0,home,5.0,184.0,180.0,-220.0,4.0,92.5,0.0,0,False
2012,2012-01-29,True,False,cle,bos,88,87,23,21,18,26,0,24,19,27,17,0,home,6.5,179.5,260.0,-320.0,5.0,90.0,0.0,0,False
2012,2012-01-29,True,False,ind,orl,106,85,29,19,32,26,0,22,29,17,17,0,home,3.5,181.5,140.0,-160.0,1.5,92.0,0.0,1,False
2012,2012-01-29,True,False,sa,dal,100,101,18,22,18,33,9,24,27,18,22,10,home,6.0,185.5,220.0,-260.0,0.5,91.0,0.0,1,True
2012,2012-01-29,True,False,lal,min,106,101,22,31,26,27,0,19,26,29,27,0,home,2.0,183.5,110.0,-130.0,3.0,91.5,0.0,1,False
2012,2012-01-29,True,False,atl,no,94,72,27,19,30,18,0,11,24,17,20,0,away,2.5,176.5,-135.0,115.0,1.5,88.0,1.0,0,False
2012,2012-01-29,True,False,lac,den,109,105,23,25,29,32,0,26,27,30,22,0,home,5.5,205.5,200.0,-240.0,2.0,102.5,0.0,1,False
2012,2012-01-30,True,False,okc,lac,100,112,25,21,24,30,0,36,28,26,22,0,away,2.0,201.0,-135.0,115.0,5.5,99.5,0.0,1,True
2012,2012-01-30,True,False,dal,phx,122,99,31,35,30,26,0,24,24,22,29,0,away,5.0,184.0,-220.0,180.0,3.0,91.0,1.0,1,False
2012,2012-01-30,True,False,por,utah,89,93,26,19,25,19,0,20,19,30,24,0,away,2.0,186.5,-130.0,110.0,1.0,92.0,0.0,0,True
2012,2012-01-30,True,False,sa,mem,83,73,24,21,25,13,0,19,16,15,23,0,home,6.0,189.5,210.0,-250.0,6.0,93.5,0.0,0,False
2012,2012-01-30,True,False,min,hou,120,108,26,28,42,24,0,24,32,25,27,0,home,6.5,198.0,240.0,-280.0,3.5,97.5,0.0,1,False
2012,2012-01-30,True,False,no,mia,95,109,29,20,19,27,0,27,24,36,22,0,home,12.5,185.5,900.0,-1300.0,7.5,93.0,1.0,1,True
2012,2012-01-30,True,False,orl,phi,69,74,18,15,9,27,0,19,18,21,16,0,home,7.5,178.0,265.0,-325.0,3.0,88.5,0.0,0,True
2012,2012-01-30,True,False,chi,wsh,98,88,26,25,25,22,0,16,24,19,29,0,away,9.0,189.5,-475.0,375.0,2.0,93.5,1.0,0,False
2012,2012-01-30,True,False,det,mil,82,103,16,25,19,22,0,30,17,28,28,0,home,8.0,182.0,280.0,-340.0,2.5,90.0,1.0,1,True
2012,2012-01-31,True,False,bkn,ind,99,106,24,29,19,27,0,28,27,29,22,0,home,9.5,190.5,425.0,-550.0,6.0,95.5,0.0,1,True
2012,2012-01-31,True,False,bos,cle,93,90,28,23,25,17,0,24,15,19,32,0,away,5.0,179.0,-200.0,170.0,1.5,87.5,0.0,1,False
2012,2012-01-31,True,False,atl,tor,100,77,23,33,21,23,0,18,19,23,17,0,away,5.5,177.5,-240.0,200.0,2.5,90.0,1.0,0,False
2012,2012-01-31,True,False,det,ny,86,113,24,21,12,29,0,33,24,24,32,0,home,10.0,184.0,425.0,-525.0,2.0,92.0,1.0,1,True
2012,2012-01-31,True,False,den,mem,97,100,23,26,18,24,6,19,18,23,31,9,away,1.5,201.0,-125.0,105.0,3.5,98.5,0.0,0,True
2012,2012-01-31,True,False,sac,gs,90,93,23,24,21,22,0,24,21,22,26,0,home,7.0,198.0,260.0,-320.0,5.5,100.5,0.0,0,True
2012,2012-01-31,True,False,cha,lal,73,106,18,18,22,15,0,30,30,13,33,0,home,13.0,180.0,1100.0,-1700.0,1.5,88.0,1.0,0,True
2012,2012-02-01,True,False,cha,por,68,112,18,17,13,20,0,35,26,31,20,0,home,15.5,182.5,1380.0,-2180.0,2.0,89.5,1.0,0,True
2012,2012-02-01,True,False,hou,sa,91,99,27,25,19,20,0,16,23,28,32,0,home,5.5,196.0,185.0,-225.0,6.0,96.5,1.0,0,True
2012,2012-02-01,True,False,okc,dal,95,86,21,28,22,24,0,29,23,14,20,0,home,0.0,197.0,-115.0,-105.0,0.5,97.0,0.0,0,False
2012,2012-02-01,True,False,phx,no,120,103,25,31,32,32,0,27,32,28,16,0,home,1.5,183.0,100.0,-120.0,0.5,93.0,0.0,1,False
2012,2012-02-01,True,False,mia,mil,97,105,40,20,19,18,0,23,24,29,29,0,away,7.0,198.0,-325.0,265.0,0.0,97.0,0.0,1,True
2012,2012-02-01,True,False,lac,utah,107,105,32,24,16,35,0,29,29,16,31,0,away,2.5,196.5,-135.0,115.0,2.5,98.5,0.0,1,False
2012,2012-02-01,True,False,det,bkn,96,99,23,15,33,25,0,23,26,23,27,0,home,6.0,181.5,205.0,-255.0,0.0,90.5,0.0,1,True
2012,2012-02-01,True,False,tor,bos,64,100,16,19,14,15,0,29,28,20,23,0,home,9.0,172.5,380.0,-480.0,1.0,86.0,1.0,0,True
2012,2012-02-01,True,False,chi,phi,82,98,21,23,11,27,0,27,22,26,23,0,away,2.0,178.5,-120.0,100.0,2.0,88.0,0.0,1,True
2012,2012-02-01,True,False,wsh,orl,103,109,20,23,25,35,0,25,22,22,40,0,home,10.5,185.0,470.0,-670.0,5.0,91.5,0.0,1,True
2012,2012-02-01,True,False,ind,min,109,99,20,25,31,33,0,25,16,29,29,0,home,3.0,196.0,140.0,-160.0,2.5,97.5,0.0,1,False
2012,2012-02-02,True,False,mem,atl,96,77,21,32,26,17,0,19,24,12,22,0,home,4.5,183.0,165.0,-185.0,5.5,93.5,0.0,0,False
2012,2012-02-02,True,False,chi,ny,105,102,29,26,22,28,0,25,19,31,27,0,away,4.0,189.0,-170.0,150.0,2.0,92.5,0.0,1,False
2012,2012-02-02,True,False,no,sa,81,93,22,23,23,13,0,23,21,27,22,0,home,10.5,181.0,500.0,-700.0,7.5,89.5,1.0,0,True
2012,2012-02-02,True,False,por,sac,92,95,30,26,13,23,0,27,20,24,24,0,away,4.0,189.5,-170.0,150.0,1.0,94.0,0.0,0,True
2012,2012-02-02,True,False,den,lac,112,91,19,35,32,26,0,32,19,16,24,0,home,0.0,207.5,-110.0,-110.0,0.5,103.5,0.0,0,False
2012,2012-02-02,True,False,utah,gs,101,119,22,24,31,24,0,25,23,40,31,0,home,5.5,197.0,190.0,-230.0,3.0,99.5,1.0,1,True
2012,2012-02-03,True,False,lal,den,93,89,23,21,28,21,0,21,20,27,21,0,home,3.5,194.5,140.0,-160.0,2.0,97.5,0.0,0,False
2012,2012-02-03,True,False,ind,dal,98,87,29,23,24,22,0,28,25,16,18,0,home,4.5,191.5,170.0,-200.0,3.5,97.0,0.0,0,False
2012,2012-02-03,True,False,phx,hou,81,99,20,19,22,20,0,30,29,21,19,0,home,7.0,200.5,250.0,-300.0,2.5,98.0,1.0,0,True
2012,2012-02-03,True,False,ny,bos,89,91,28,27,17,17,0,27,22,20,22,0,home,6.5,186.5,245.0,-290.0,5.0,92.5,0.0,0,True
2012,2012-02-03,True,False,mem,okc,94,101,30,20,27,17,0,25,19,25,32,0,home,8.5,192.5,350.0,-450.0,8.0,96.0,0.0,1,True
2012,2012-02-03,True,False,cle,orl,94,102,17,20,16,41,0,18,30,24,30,0,home,7.0,189.0,260.0,-320.0,1.0,94.0,1.0,1,True
2012,2012-02-03,True,False,mil,det,80,88,26,15,20,19,0,26,25,21,16,0,away,4.5,183.5,-200.0,170.0,5.0,91.5,0.0,0,True
2012,2012-02-03,True,False,wsh,tor,89,106,22,23,24,20,0,22,33,25,26,0,home,4.5,186.0,170.0,-200.0,0.5,95.0,1.0,1,True
2012,2012-02-03,True,False,mia,phi,99,79,25,26,16,32,0,24,23,16,16,0,away,2.0,190.0,-130.0,110.0,0.5,93.0,1.0,0,False
2012,2012-02-03,True,False,min,bkn,108,105,23,26,31,28,0,19,31,25,30,0,away,4.5,199.0,-190.0,165.0,3.5,99.5,0.0,1,False
2012,2012-02-04,True,False,okc,sa,96,107,21,26,23,26,0,25,32,31,19,0,home,2.5,194.5,125.0,-145.0,2.0,95.0,1.0,1,True
2012,2012-02-04,True,False,den,por,97,117,26,27,18,26,0,33,26,26,32,0,home,6.5,201.0,240.0,-280.0,2.0,100.5,1.0,1,True
2012,2012-02-04,True,False,gs,sac,106,114,28,26,22,26,4,27,26,34,15,12,home,1.5,198.5,105.0,-125.0,1.0,100.0,1.0,1,True
2012,2012-02-04,True,False,lal,utah,87,96,25,24,18,20,0,22,25,20,29,0,home,2.0,187.5,110.0,-130.0,0.5,93.0,1.0,0,True
2012,2012-02-04,True,False,cha,phx,89,95,24,24,24,17,0,25,17,30,23,0,home,9.5,188.0,425.0,-550.0,9.5,93.5,0.0,0,True
2012,2012-02-04,True,False,chi,mil,113,90,30,37,20,26,0,16,27,21,26,0,away,5.0,186.5,-210.0,175.0,4.0,90.5,1.0,1,False
2012,2012-02-04,True,False,lac,wsh,107,81,28,30,29,20,0,17,17,19,28,0,away,8.5,201.0,-400.0,325.0,1.5,98.5,1.0,0,False
2012,2012-02-04,True,False,dal,cle,88,91,24,27,13,24,0,15,28,27,21,0,away,5.5,191.0,-240.0,200.0,0.5,94.0,0.0,0,True
2012,2012-02-04,True,False,no,det,87,89,23,21,17,26,0,25,16,24,24,0,away,1.0,175.5,-115.0,-105.0,0.5,86.5,0.0,1,True
2012,2012-02-04,True,False,bkn,ny,92,99,30,18,24,20,0,20,26,24,29,0,home,6.5,197.5,230.0,-270.0,5.5,,1.0,0,True
2012,2012-02-04,True,False,hou,min,91,100,25,17,30,19,0,33,22,26,19,0,home,1.5,204.0,100.0,-120.0,3.0,101.5,1.0,0,True
2012,2012-02-04,True,False,phi,atl,98,87,20,37,24,17,0,21,20,21,25,0,home,3.0,180.0,140.0,-160.0,6.0,89.5,0.0,1,False
2012,2012-02-04,True,False,orl,ind,85,81,23,16,23,23,0,21,18,14,28,0,home,5.0,188.0,180.0,-220.0,3.5,92.0,0.0,0,False
2012,2012-02-05,True,False,mem,bos,80,98,16,19,26,19,0,24,19,26,29,0,home,4.0,175.5,165.0,-190.0,0.5,88.5,1.0,1,True
2012,2012-02-05,True,False,tor,mia,89,95,27,21,14,27,0,31,22,22,20,0,home,16.5,191.0,2000.0,-4500.0,8.5,95.5,0.0,0,True
2012,2012-02-06,True,False,hou,den,99,90,26,21,26,26,0,28,17,26,19,0,home,7.0,210.5,240.0,-280.0,5.5,104.0,0.0,0,False
2012,2012-02-06,True,False,sac,no,100,92,20,19,30,31,0,29,23,26,14,0,home,2.0,182.5,110.0,-130.0,2.5,90.5,0.0,1,False
2012,2012-02-06,True,False,sa,mem,89,84,26,26,15,22,0,18,28,27,11,0,home,0.0,183.0,105.0,-125.0,1.5,90.5,0.0,0,False
2012,2012-02-06,True,False,utah,ny,88,99,16,22,35,15,0,19,32,24,24,0,home,3.0,196.0,135.0,-155.0,3.5,98.0,1.0,0,True
2012,2012-02-06,True,False,okc,por,111,107,29,31,25,18,8,31,21,27,24,4,home,0.0,195.5,-105.0,-115.0,3.0,97.5,0.0,1,False
2012,2012-02-06,True,False,phx,atl,99,90,27,28,29,15,0,23,25,16,26,0,home,8.0,189.5,310.0,-380.0,8.5,94.5,0.0,0,False
2012,2012-02-06,True,False,lal,phi,90,95,24,26,19,21,0,21,25,24,25,0,home,4.5,178.5,160.0,-180.0,5.0,90.0,1.0,1,True
2012,2012-02-06,True,False,lac,orl,107,102,21,21,23,29,13,30,17,15,32,8,away,1.0,191.5,-115.0,-105.0,2.0,95.5,1.0,1,False
2012,2012-02-06,True,False,tor,wsh,108,111,19,23,30,33,3,29,28,25,23,6,home,4.5,187.0,160.0,-180.0,2.0,92.5,0.0,1,True
2012,2012-02-06,True,False,chi,bkn,108,87,35,27,21,25,0,14,23,27,23,0,away,10.0,187.0,-600.0,450.0,1.5,90.5,1.0,1,False
2012,2012-02-07,True,False,utah,ind,99,104,23,23,31,22,0,27,30,27,20,0,home,9.0,192.0,395.0,-495.0,1.5,95.5,0.0,1,True
2012,2012-02-07,True,False,cle,mia,91,107,25,23,24,19,0,28,26,24,29,0,home,13.5,200.0,1050.0,-1650.0,6.5,99.0,1.0,0,True
2012,2012-02-07,True,False,cha,bos,84,94,22,16,24,22,0,27,18,24,25,0,home,14.0,176.5,1250.0,-1950.0,6.0,87.0,0.0,1,True
2012,2012-02-07,True,False,sac,min,84,86,16,20,24,24,0,31,17,21,17,0,home,6.5,197.0,240.0,-300.0,0.5,97.0,0.0,0,True
2012,2012-02-07,True,False,phx,mil,107,105,34,33,21,19,0,30,20,31,24,0,home,8.0,194.0,310.0,-380.0,9.5,96.0,0.0,1,False
2012,2012-02-07,True,False,okc,gs,119,116,29,30,33,27,0,35,22,36,23,0,away,2.0,207.0,-130.0,110.0,0.5,103.0,1.0,1,False
2012,2012-02-08,True,False,dal,den,105,95,33,31,23,18,0,25,28,25,17,0,away,1.0,195.5,-115.0,-105.0,2.5,97.5,1.0,1,False
2012,2012-02-08,True,False,min,mem,80,85,21,13,20,26,0,26,18,22,19,0,home,7.5,190.0,280.0,-340.0,1.0,93.5,0.0,0,True
2012,2012-02-08,True,False,chi,no,90,67,23,21,26,20,0,14,17,15,21,0,away,10.5,181.5,-650.0,500.0,2.0,87.5,1.0,0,False
2012,2012-02-08,True,False,det,bkn,99,92,20,31,23,25,0,20,19,28,25,0,home,3.5,187.5,145.0,-165.0,4.5,94.5,0.0,1,False
2012,2012-02-08,True,False,ind,atl,87,97,21,20,31,15,0,32,27,21,17,0,home,3.5,188.0,145.0,-165.0,3.0,93.5,1.0,0,True
2012,2012-02-08,True,False,mia,orl,89,102,18,32,11,28,0,26,27,24,25,0,away,3.5,191.0,-170.0,150.0,4.0,95.0,0.0,2,True
2012,2012-02-08,True,False,sa,phi,100,90,26,22,27,25,0,24,21,22,23,0,home,3.5,181.0,140.0,-160.0,4.0,91.0,0.0,1,False
2012,2012-02-08,True,False,mil,tor,105,99,28,30,18,29,0,29,22,22,26,0,away,1.5,186.0,-125.0,105.0,1.5,94.0,1.0,1,False
2012,2012-02-08,True,False,ny,wsh,107,93,17,35,25,30,0,23,23,22,25,0,home,1.5,192.0,105.0,-125.0,2.0,94.5,0.0,1,False
2012,2012-02-08,True,False,hou,por,103,96,30,30,17,26,0,28,18,24,26,0,home,8.0,196.0,310.0,-380.0,8.5,97.5,0.0,1,False
2012,2012-02-08,True,False,lac,cle,92,99,24,16,24,28,0,19,21,30,29,0,away,7.0,195.0,-300.0,250.0,5.0,95.0,0.0,0,True
2012,2012-02-09,True,False,hou,phx,96,89,26,28,20,22,0,29,15,32,13,0,home,4.0,197.5,160.0,-180.0,4.5,97.0,0.0,0,False
2012,2012-02-09,True,False,okc,sac,101,106,19,36,23,23,0,23,34,19,30,0,away,6.5,203.0,-280.0,240.0,5.5,101.0,0.0,1,True
2012,2012-02-09,True,False,lal,bos,88,87,22,23,22,15,6,26,21,17,18,5,home,3.5,174.0,140.0,-160.0,1.5,87.0,0.0,1,False
2012,2012-02-09,True,False,gs,den,109,101,27,20,37,25,0,28,23,20,30,0,home,6.0,212.0,210.0,-250.0,2.5,105.5,0.0,0,False
2012,2012-02-10,True,False,okc,utah,101,87,27,22,25,27,0,30,14,21,22,0,away,1.0,202.0,-115.0,-105.0,1.0,97.5,1.0,0,False
2012,2012-02-10,True,False,lal,ny,85,92,15,26,19,25,0,22,27,17,26,0,away,4.5,185.0,-190.0,165.0,4.5,92.5,0.0,0,True
2012,2012-02-10,True,False,por,no,94,86,21,21,28,24,0,19,27,21,19,0,away,7.0,177.5,-300.0,250.0,6.0,88.0,1.0,1,False
2012,2012-02-10,True,False,dal,min,104,97,29,27,22,26,0,16,29,28,24,0,away,2.0,192.0,-130.0,110.0,2.0,94.5,1.0,1,False
2012,2012-02-10,True,False,ind,mem,92,98,22,25,26,19,0,22,25,26,25,0,home,1.5,183.0,105.0,-125.0,0.0,92.5,1.0,1,True
2012,2012-02-10,True,False,bkn,det,92,109,15,18,31,28,0,24,28,35,22,0,home,2.5,188.0,120.0,-140.0,3.5,94.0,1.0,1,True
2012,2012-02-10,True,False,lac,phi,78,77,18,23,19,18,0,27,16,18,16,0,home,3.5,187.0,145.0,-165.0,2.0,94.0,0.0,0,False
2012,2012-02-10,True,False,chi,cha,95,64,30,26,23,16,0,16,18,17,13,0,away,12.5,180.5,-1400.0,900.0,1.5,87.0,1.0,0,False
2012,2012-02-10,True,False,atl,orl,89,87,20,21,20,17,11,17,22,15,24,9,home,5.0,181.5,170.0,-200.0,4.5,90.0,0.0,0,False
2012,2012-02-10,True,False,bos,tor,74,86,14,20,17,23,0,26,15,22,23,0,away,4.0,176.0,-180.0,160.0,4.0,88.0,0.0,0,True
2012,2012-02-10,True,False,mia,wsh,106,89,23,29,22,32,0,19,23,25,22,0,away,12.0,202.0,-1400.0,900.0,3.5,98.5,1.0,0,False
2012,2012-02-10,True,False,mil,cle,113,112,28,25,24,25,11,25,32,28,17,10,away,1.0,192.5,-120.0,100.0,1.5,96.0,2.0,1,False
2012,2012-02-11,True,False,orl,mil,99,94,16,27,29,27,0,21,28,24,21,0,away,1.5,187.5,-125.0,105.0,2.0,91.0,1.0,1,False
2012,2012-02-11,True,False,phx,sac,98,84,31,22,22,23,0,24,20,16,24,0,home,2.5,196.5,120.0,-140.0,3.5,96.0,0.0,0,False
2012,2012-02-11,True,False,por,dal,94,97,14,18,23,26,13,25,18,18,20,16,home,4.0,186.0,155.0,-175.0,1.5,92.0,0.0,1,True
2012,2012-02-11,True,False,sa,bkn,103,89,24,31,22,26,0,22,18,19,30,0,away,9.5,194.0,-600.0,450.0,1.5,96.0,1.0,0,False
2012,2012-02-11,True,False,phi,cle,99,84,21,37,21,20,0,19,22,19,24,0,away,7.5,186.0,-320.0,260.0,0.5,92.5,1.0,0,False
2012,2012-02-11,True,False,den,ind,113,109,26,34,27,26,0,35,25,24,25,0,home,3.0,201.0,130.0,-150.0,2.0,101.0,0.0,1,False
2012,2012-02-11,True,False,lac,cha,111,86,24,31,29,27,0,16,21,15,34,0,away,9.5,185.0,-550.0,425.0,0.0,90.5,1.0,1,False
2012,2012-02-11,True,False,ny,min,100,98,30,24,28,18,0,33,29,25,11,0,home,6.5,197.5,215.0,-255.0,1.0,98.5,0.0,1,False
2012,2012-02-12,True,False,utah,mem,98,88,22,24,23,29,0,18,22,26,22,0,home,6.5,189.0,230.0,-270.0,6.0,96.0,0.0,0,False
2012,2012-02-12,True,False,mia,atl,107,87,30,33,25,19,0,18,23,20,26,0,away,4.0,189.5,-175.0,155.0,3.5,92.0,1.0,1,False
2012,2012-02-12,True,False,hou,gs,97,106,29,15,30,23,0,23,25,28,30,0,home,1.0,203.5,100.0,-120.0,1.0,102.0,1.0,0,True
2012,2012-02-12,True,False,chi,bos,91,95,23,20,23,25,0,28,20,24,23,0,away,1.0,171.5,-120.0,100.0,1.5,85.5,0.0,1,True
2012,2012-02-12,True,False,lal,tor,94,92,34,20,19,21,0,19,27,21,25,0,away,6.0,175.5,-260.0,220.0,1.0,88.5,0.0,1,False
2012,2012-02-12,True,False,wsh,det,98,77,26,19,29,24,0,18,27,18,14,0,home,6.0,193.0,215.0,-255.0,4.0,97.0,0.0,0,False
2012,2012-02-13,True,False,phx,gs,96,102,27,19,27,23,0,20,23,33,26,0,home,3.0,205.0,135.0,-155.0,4.0,102.5,1.0,0,True
2012,2012-02-13,True,False,phi,cha,98,89,28,27,16,27,0,17,28,22,22,0,away,12.0,179.0,-1040.0,640.0,4.0,89.0,0.0,1,False
2012,2012-02-13,True,False,min,orl,89,102,26,18,22,23,0,29,26,24,23,0,home,4.5,190.5,175.0,-205.0,1.5,94.5,1.0,1,True
2012,2012-02-13,True,False,utah,no,80,86,21,15,15,29,0,20,21,25,20,0,away,5.0,181.0,-215.0,175.0,5.0,91.5,0.0,0,True
2012,2012-02-13,True,False,mia,mil,114,96,27,28,35,24,0,30,20,24,22,0,away,6.0,201.0,-280.0,230.0,2.0,96.5,1.0,1,False
2012,2012-02-13,True,False,lac,dal,92,96,19,28,29,16,0,27,28,19,22,0,home,3.5,189.0,150.0,-170.0,1.5,93.5,1.0,0,True
2012,2012-02-14,True,False,phx,den,92,109,21,30,19,22,0,33,25,28,23,0,home,10.0,204.5,435.0,-585.0,4.0,101.0,1.0,0,True
2012,2012-02-14,True,False,sac,chi,115,121,24,28,25,38,0,27,29,32,33,0,home,11.0,186.5,695.0,-1095.0,5.5,92.5,0.0,1,True
2012,2012-02-14,True,False,wsh,por,124,109,28,30,33,33,0,26,20,36,27,0,home,14.5,193.0,1435.0,-2435.0,10.0,96.5,0.0,1,False
2012,2012-02-14,True,False,hou,mem,83,93,17,26,21,19,0,21,31,20,21,0,home,3.0,187.0,130.0,-150.0,1.5,93.0,1.0,0,True
2012,2012-02-14,True,False,atl,lal,78,86,24,17,10,27,0,27,15,17,27,0,home,5.0,178.0,200.0,-240.0,3.5,88.0,1.0,0,True
2012,2012-02-14,True,False,sa,det,99,95,32,23,19,25,0,22,24,16,33,0,away,8.5,188.0,-405.0,325.0,1.5,92.0,0.0,1,False
2012,2012-02-14,True,False,ny,tor,90,87,21,15,30,24,0,28,19,28,12,0,away,4.5,190.0,-190.0,165.0,5.0,93.0,0.0,0,False
2012,2012-02-14,True,False,mia,ind,105,90,33,35,22,15,0,16,23,19,32,0,away,2.0,199.0,-135.0,115.0,5.0,94.5,1.0,0,False
2012,2012-02-14,True,False,utah,okc,85,111,19,20,24,22,0,25,28,26,32,0,home,11.5,199.5,775.0,-1225.0,2.5,101.0,1.0,0,True
2012,2012-02-15,True,False,wsh,lac,84,102,20,27,19,18,0,23,27,24,28,0,home,13.0,199.0,900.0,-1400.0,7.0,99.5,1.0,0,True
2012,2012-02-15,True,False,por,gs,93,91,20,37,15,21,0,27,27,16,21,0,home,5.0,197.5,185.0,-225.0,4.5,100.5,0.0,0,False
2012,2012-02-15,True,False,atl,phx,101,99,21,26,26,28,0,31,25,21,22,0,away,1.5,186.0,-125.0,105.0,2.5,93.0,1.0,1,False
2012,2012-02-15,True,False,den,dal,84,102,17,22,15,30,0,27,24,32,19,0,home,7.0,197.0,250.0,-300.0,0.0,96.0,1.0,0,True
2012,2012-02-15,True,False,okc,hou,95,96,13,31,29,22,0,29,16,30,21,0,away,2.5,201.0,-140.0,120.0,2.5,97.5,0.0,0,True
2012,2012-02-15,True,False,no,mil,92,89,27,23,22,20,0,28,17,20,24,0,home,9.0,185.0,400.0,-500.0,8.5,92.0,0.0,0,False
2012,2012-02-15,True,False,cha,min,90,102,30,18,18,24,0,25,21,30,26,0,home,10.5,195.0,475.0,-650.0,7.5,98.0,1.0,0,True
2012,2012-02-15,True,False,det,bos,98,88,26,21,26,25,0,28,21,23,16,0,home,9.0,181.5,400.0,-500.0,5.5,92.5,0.0,1,False
2012,2012-02-15,True,False,ind,cle,87,98,20,18,23,26,0,32,24,23,19,0,away,2.0,194.0,-130.0,110.0,5.0,95.5,0.0,0,True
2012,2012-02-15,True,False,mem,bkn,105,100,23,30,24,28,0,28,27,23,22,0,away,3.0,185.5,-150.0,130.0,3.0,94.0,1.0,1,False
2012,2012-02-15,True,False,sa,tor,113,106,25,30,28,30,0,17,28,33,28,0,away,7.0,186.0,-330.0,270.0,0.5,90.5,2.0,1,False
2012,2012-02-15,True,False,phi,orl,87,103,16,23,31,17,0,29,26,24,24,0,home,3.0,180.0,135.0,-155.0,3.0,91.0,1.0,1,True
2012,2012-02-15,True,False,sac,ny,85,100,17,19,19,30,0,25,29,23,23,0,home,6.0,198.5,220.0,-260.0,2.0,98.0,1.0,0,True
2012,2012-02-16,True,False,bkn,ind,88,93,29,21,15,23,0,21,29,14,29,0,home,9.0,195.0,400.0,-500.0,6.0,96.5,0.0,0,True
2012,2012-02-16,True,False,bos,chi,80,89,24,11,24,21,0,18,26,16,29,0,home,7.5,179.0,280.0,-340.0,1.0,88.0,1.0,0,True
2012,2012-02-16,True,False,lac,por,74,71,20,12,20,22,0,27,16,17,11,0,away,2.0,188.5,-135.0,115.0,4.5,92.5,1.0,0,False
2012,2012-02-17,True,False,den,mem,102,103,15,28,30,29,0,34,26,23,20,0,home,4.0,196.0,160.0,-185.0,2.5,96.0,0.0,1,True
2012,2012-02-17,True,False,wsh,utah,100,114,20,30,28,22,0,32,30,38,14,0,home,9.5,197.0,410.0,-520.0,2.0,97.5,1.0,1,True
2012,2012-02-17,True,False,no,ny,89,85,27,16,25,21,0,13,26,19,27,0,home,9.5,183.0,465.0,-575.0,8.0,91.0,0.0,0,False
2012,2012-02-17,True,False,phx,lal,99,111,25,23,25,26,0,21,36,30,24,0,home,8.0,186.5,325.0,-405.0,1.5,93.0,1.0,1,True
2012,2012-02-17,True,False,min,hou,111,98,30,31,30,20,0,29,25,23,21,0,home,5.0,198.0,170.0,-210.0,5.0,99.5,0.0,1,False
2012,2012-02-17,True,False,cha,tor,98,91,22,25,21,30,0,23,22,24,22,0,home,7.0,185.0,240.0,-300.0,5.5,91.5,0.0,1,False
2012,2012-02-17,True,False,sac,det,108,114,31,29,28,20,0,24,32,30,28,0,home,2.5,191.0,110.0,-130.0,2.0,96.0,1.0,1,True
2012,2012-02-17,True,False,mia,cle,111,87,35,28,27,21,0,14,24,29,20,0,away,9.5,199.0,-600.0,440.0,1.5,94.5,1.0,0,False
2012,2012-02-17,True,False,dal,phi,82,75,21,16,24,21,0,27,24,8,16,0,home,3.5,179.0,150.0,-170.0,3.0,88.5,0.0,0,False
2012,2012-02-17,True,False,mil,orl,85,94,27,19,28,11,0,15,29,28,22,0,home,7.5,192.0,280.0,-350.0,5.5,94.5,1.0,0,True
2012,2012-02-17,True,False,gs,okc,87,110,24,24,17,22,0,20,38,26,26,0,home,9.5,208.0,430.0,-555.0,2.5,103.0,1.0,0,True
2012,2012-02-18,True,False,sa,lac,103,100,15,30,25,25,8,26,17,24,28,5,home,2.5,192.5,125.0,-145.0,2.5,95.5,0.0,1,False
2012,2012-02-18,True,False,bkn,chi,97,85,34,25,14,24,0,19,26,11,29,0,home,12.5,189.5,885.0,-1335.0,11.0,95.0,0.0,0,False
2012,2012-02-18,True,False,gs,mem,103,104,19,37,22,25,0,34,20,22,28,0,home,6.0,195.5,200.0,-250.0,5.0,98.0,0.0,1,True
2012,2012-02-18,True,False,atl,por,77,97,25,12,19,21,0,33,19,20,25,0,home,5.5,182.5,175.0,-215.0,1.5,91.0,1.0,0,True
2012,2012-02-19,True,False,den,okc,118,124,27,31,25,28,7,25,28,30,28,13,home,8.0,210.5,315.0,-385.0,7.5,102.5,0.0,1,True
2012,2012-02-19,True,False,mil,bkn,92,85,23,20,27,22,0,17,19,20,29,0,away,2.0,195.5,-130.0,110.0,1.0,95.0,1.0,0,False
2012,2012-02-19,True,False,utah,hou,85,101,22,24,18,21,0,23,22,27,29,0,home,6.0,195.5,210.0,-250.0,4.5,99.0,1.0,0,True
2012,2012-02-19,True,False,phi,min,91,92,24,25,25,17,0,22,22,28,20,0,away,1.0,191.5,-115.0,-105.0,1.5,95.5,0.0,0,True
2012,2012-02-19,True,False,dal,ny,97,104,20,25,30,22,0,32,16,24,32,0,away,2.0,187.0,-130.0,110.0,1.5,92.0,0.0,1,True
2012,2012-02-19,True,False,sac,cle,92,93,31,18,19,24,0,27,23,25,18,0,home,2.0,199.0,110.0,-130.0,0.5,100.0,0.0,0,True
2012,2012-02-19,True,False,bos,det,81,96,26,16,19,20,0,26,29,20,21,0,away,5.0,180.5,-210.0,175.0,6.0,91.0,0.0,0,True
2012,2012-02-19,True,False,orl,mia,78,90,19,12,23,24,0,22,21,27,20,0,home,9.5,192.0,450.0,-600.0,1.5,94.0,1.0,0,True
2012,2012-02-19,True,False,lal,phx,90,102,19,21,27,23,0,35,28,19,20,0,away,2.5,190.5,-145.0,125.0,7.0,95.0,0.0,1,True
2012,2012-02-19,True,False,cha,ind,73,108,12,21,15,25,0,24,29,35,20,0,home,10.5,190.0,475.0,-625.0,0.5,93.5,1.0,0,True
2012,2012-02-20,True,False,wsh,phx,88,104,25,23,13,27,0,31,22,32,19,0,home,6.0,203.5,215.0,-255.0,2.0,101.0,1.0,0,True
2012,2012-02-20,True,False,min,den,101,103,30,16,27,20,8,18,33,25,17,10,home,3.5,209.5,145.0,-165.0,0.5,104.0,0.0,0,True
2012,2012-02-20,True,False,lac,gs,97,104,23,33,18,23,0,29,27,21,27,0,away,2.5,198.5,-140.0,120.0,1.5,99.5,0.0,1,True
2012,2012-02-20,True,False,por,lal,92,103,7,23,36,26,0,29,23,28,23,0,home,4.0,181.0,155.0,-175.0,4.0,89.0,1.0,1,True
2012,2012-02-20,True,False,sa,utah,106,102,26,30,24,26,0,30,23,27,22,0,away,2.5,192.5,-145.0,125.0,0.5,94.5,1.0,1,False
2012,2012-02-20,True,False,mem,hou,93,97,28,26,22,17,0,31,27,18,21,0,home,3.0,187.0,125.0,-145.0,0.5,93.5,1.0,1,True
2012,2012-02-20,True,False,no,okc,93,101,18,20,31,24,0,31,29,24,17,0,home,10.5,186.5,550.0,-750.0,0.5,89.0,0.0,1,True
2012,2012-02-20,True,False,orl,mil,93,90,27,22,18,26,0,29,19,22,20,0,away,1.5,187.0,-125.0,105.0,0.5,91.5,1.0,0,False
2012,2012-02-20,True,False,bos,dal,73,89,15,19,19,20,0,20,24,26,19,0,home,9.5,176.5,425.0,-550.0,2.0,85.0,1.0,0,True
2012,2012-02-20,True,False,bkn,ny,100,92,18,32,32,18,0,21,21,22,28,0,home,8.5,196.0,350.0,-450.0,8.0,98.5,0.0,0,False
2012,2012-02-20,True,False,atl,chi,79,90,17,20,27,15,0,35,20,18,17,0,home,10.5,180.5,500.0,-700.0,1.5,88.5,1.0,0,True
2012,2012-02-21,True,False,no,ind,108,117,31,25,20,24,8,24,29,27,20,17,home,10.0,181.0,485.0,-710.0,8.0,89.5,0.0,1,True
2012,2012-02-21,True,False,det,cle,100,101,29,26,22,23,0,30,14,22,35,0,home,1.5,193.0,115.0,-135.0,4.0,95.5,0.0,1,True
2012,2012-02-21,True,False,sac,mia,108,120,32,21,35,20,0,26,31,36,27,0,home,13.0,202.0,1050.0,-1650.0,7.0,100.0,0.0,1,True
2012,2012-02-21,True,False,phi,mem,76,89,10,32,18,16,0,30,17,22,20,0,away,2.0,181.0,-130.0,110.0,2.0,91.0,0.0,0,True
2012,2012-02-21,True,False,sa,por,97,137,23,20,22,32,0,41,25,37,34,0,home,7.0,187.5,320.0,-400.0,1.0,92.0,1.0,1,True
2012,2012-02-22,True,False,den,lac,95,103,27,27,25,16,0,27,25,28,23,0,home,9.0,199.5,385.0,-485.0,7.0,99.0,0.0,0,True
2012,2012-02-22,True,False,lal,dal,96,91,25,23,24,24,0,21,27,24,19,0,home,4.5,180.5,155.0,-180.0,3.5,90.5,0.0,1,False
2012,2012-02-22,True,False,utah,min,98,100,27,22,28,21,0,15,22,27,36,0,home,5.5,198.0,175.0,-215.0,6.5,101.0,0.0,2,True
2012,2012-02-22,True,False,mil,chi,91,110,23,30,22,16,0,30,34,29,17,0,home,10.5,189.0,510.0,-760.0,3.0,93.5,1.0,1,True
2012,2012-02-22,True,False,phi,hou,87,93,16,25,24,22,0,19,26,16,32,0,home,4.0,187.0,145.0,-165.0,1.0,92.5,1.0,0,True
2012,2012-02-22,True,False,orl,bkn,108,91,34,24,29,21,0,17,24,29,21,0,away,6.5,184.0,-260.0,210.0,1.0,90.5,1.0,1,False
2012,2012-02-22,True,False,gs,phx,106,104,39,20,24,23,0,22,23,34,25,0,home,4.0,205.0,165.0,-190.0,6.0,102.0,0.0,1,False
2012,2012-02-22,True,False,sac,wsh,115,107,29,31,28,27,0,34,34,21,18,0,home,3.0,203.5,130.0,-150.0,1.0,103.0,0.0,1,False
2012,2012-02-22,True,False,ind,cha,102,88,23,27,28,24,0,28,14,26,20,0,away,5.5,190.0,-230.0,190.0,0.5,94.5,1.0,2,False
2012,2012-02-22,True,False,no,cle,89,84,29,21,19,20,0,20,23,16,25,0,home,5.0,182.5,170.0,-210.0,5.0,90.5,0.0,0,False
2012,2012-02-22,True,False,bos,okc,104,119,25,24,31,24,0,35,37,22,25,0,home,8.5,186.5,345.0,-435.0,2.0,91.5,1.0,1,True
2012,2012-02-22,True,False,det,tor,93,103,24,21,15,33,0,28,25,21,29,0,home,4.5,188.0,155.0,-175.0,0.5,94.0,1.0,1,True
2012,2012-02-22,True,False,atl,ny,82,99,16,19,21,26,0,30,30,18,21,0,home,7.0,187.0,250.0,-310.0,2.5,92.0,1.0,0,True
2012,2012-02-23,True,False,ny,mia,88,102,20,27,19,22,0,24,27,29,22,0,home,10.0,203.0,450.0,-600.0,5.0,101.0,1.0,0,True
2012,2012-02-23,True,False,orl,atl,78,83,20,10,25,23,0,29,18,11,25,0,away,5.0,177.0,-210.0,175.0,6.5,88.0,0.0,0,True
2012,2012-02-23,True,False,sa,den,114,99,31,34,27,22,0,15,24,33,27,0,away,4.0,202.5,-175.0,155.0,4.5,99.5,1.0,1,False
2012,2012-02-23,True,False,lal,okc,85,100,23,20,19,23,0,19,27,27,27,0,home,7.5,195.5,260.0,-320.0,4.0,96.0,1.0,0,True
2012,2012-02-28,True,False,min,lac,109,97,22,29,22,36,0,31,23,22,21,0,home,6.5,195.5,230.0,-270.0,3.5,97.5,0.0,1,False
2012,2012-02-28,True,False,utah,sac,96,103,25,22,24,25,0,23,21,30,29,0,home,3.5,202.0,140.0,-160.0,3.0,102.0,1.0,0,True
2012,2012-02-28,True,False,bkn,dal,93,92,28,28,23,14,0,23,22,31,16,0,home,10.0,187.5,450.0,-600.0,9.5,94.0,0.0,0,False
2012,2012-02-28,True,False,wsh,mil,118,119,24,29,36,29,0,33,34,25,27,0,home,7.5,202.0,260.0,-320.0,0.5,99.5,0.0,1,True
2012,2012-02-28,True,False,phi,det,97,68,22,28,25,22,0,20,14,19,15,0,away,3.5,183.5,-160.0,140.0,2.5,91.0,1.0,0,False
2012,2012-02-28,True,False,tor,hou,85,88,15,21,28,21,0,27,18,24,19,0,home,9.5,190.5,425.0,-550.0,2.5,93.0,0.0,0,True
2012,2012-02-28,True,False,gs,ind,78,102,21,17,16,24,0,24,28,33,17,0,home,6.0,201.0,200.0,-240.0,1.0,97.5,1.0,0,True
2012,2012-02-28,True,False,bos,cle,86,83,28,15,21,22,0,15,23,28,17,0,away,3.5,184.0,-165.0,145.0,0.5,90.0,0.0,0,False
2012,2012-02-28,True,False,no,chi,95,99,26,24,20,25,0,30,17,29,23,0,home,13.5,180.0,500.0,-650.0,10.5,88.5,0.0,1,True
2012,2012-02-29,True,False,dal,mem,85,96,17,32,18,18,0,25,22,27,22,0,home,2.5,182.0,115.0,-135.0,3.5,90.0,1.0,0,True
2012,2012-02-29,True,False,min,lal,85,104,18,26,15,26,0,26,24,33,21,0,home,7.0,188.5,260.0,-320.0,2.0,94.0,1.0,1,True
2012,2012-02-29,True,False,por,den,95,104,22,23,26,24,0,29,33,23,19,0,home,3.0,201.5,130.0,-150.0,3.5,99.5,1.0,0,True
2012,2012-02-29,True,False,chi,sa,96,89,20,30,15,31,0,22,20,24,23,0,home,2.0,192.5,110.0,-130.0,3.5,94.0,0.0,0,False
2012,2012-02-29,True,False,hou,utah,83,104,26,18,19,20,0,18,31,27,28,0,home,2.0,194.5,110.0,-130.0,0.0,97.0,1.0,0,True
2012,2012-02-29,True,False,tor,no,95,84,29,22,11,33,0,25,21,23,15,0,home,3.0,179.0,135.0,-155.0,2.5,90.5,0.0,2,False
2012,2012-02-29,True,False,mil,bos,96,102,25,29,13,29,0,25,25,27,25,0,home,6.5,185.5,225.0,-265.0,6.0,93.0,0.0,1,True
2012,2012-02-29,True,False,gs,atl,85,82,20,28,16,21,0,21,17,23,21,0,home,7.0,190.5,230.0,-270.0,6.0,93.0,0.0,0,False
2012,2012-02-29,True,False,cha,det,94,109,23,20,26,25,0,24,34,25,26,0,home,6.0,189.0,200.0,-240.0,1.0,95.0,1.0,1,True
2012,2012-02-29,True,False,okc,phi,92,88,26,27,10,29,0,24,24,19,21,0,away,3.0,191.0,-150.0,130.0,0.5,93.5,1.0,0,False
2012,2012-02-29,True,False,orl,wsh,102,95,27,19,25,31,0,18,23,29,25,0,away,8.5,192.5,-400.0,325.0,3.5,96.0,0.0,1,False
2012,2012-02-29,True,False,cle,ny,103,120,31,30,19,23,0,24,25,33,38,0,home,10.0,195.5,450.0,-600.0,9.5,98.0,1.0,1,True
2012,2012-03-01,True,False,okc,orl,105,102,20,30,20,35,0,23,30,28,21,0,away,1.0,192.5,-120.0,100.0,1.5,95.0,1.0,1,False
2012,2012-03-01,True,False,min,phx,95,104,23,28,23,21,0,22,24,31,27,0,home,4.5,203.0,165.0,-185.0,3.0,100.0,1.0,0,True
2012,2012-03-01,True,False,lac,sac,108,100,28,29,28,23,0,25,32,22,21,0,away,4.0,200.5,-175.0,155.0,3.0,99.5,1.0,1,False
2012,2012-03-01,True,False,mia,por,107,93,32,28,27,20,0,24,18,27,24,0,away,3.5,198.5,-175.0,155.0,3.0,97.0,1.0,1,False
2012,2012-03-02,True,False,sac,lal,107,115,26,32,16,33,0,31,34,27,23,0,home,10.0,196.0,495.0,-720.0,4.0,97.5,0.0,1,True
2012,2012-03-02,True,False,lac,phx,78,81,21,14,17,26,0,17,15,31,18,0,away,2.5,196.0,-150.0,130.0,1.0,96.0,0.0,0,True
2012,2012-03-02,True,False,cha,sa,72,102,20,21,18,13,0,29,22,23,28,0,home,15.0,197.0,1750.0,-3750.0,5.5,96.5,1.0,0,True
2012,2012-03-02,True,False,gs,phi,83,105,23,24,18,18,0,25,25,25,30,0,home,7.5,188.5,280.0,-350.0,4.0,94.5,1.0,0,True
2012,2012-03-02,True,False,den,hou,117,105,26,25,31,35,0,25,29,24,27,0,home,3.5,204.0,140.0,-160.0,1.0,101.0,0.0,1,False
2012,2012-03-02,True,False,mia,utah,98,99,26,18,27,27,0,27,30,21,21,0,away,5.0,197.0,-235.0,195.0,7.0,97.0,0.0,2,True
2012,2012-03-02,True,False,chi,cle,112,91,30,26,38,18,0,28,16,27,20,0,away,10.0,187.5,-680.0,480.0,2.0,91.0,1.0,1,False
2012,2012-03-02,True,False,mil,atl,94,99,25,26,25,18,0,27,12,26,34,0,home,4.5,186.0,150.0,-170.0,5.5,92.0,1.0,1,True
2012,2012-03-02,True,False,bkn,bos,94,107,20,20,31,23,0,29,29,29,20,0,home,6.0,184.0,185.0,-235.0,2.0,91.5,1.0,1,True
2012,2012-03-02,True,False,mem,tor,102,99,23,22,32,25,0,21,31,23,24,0,away,3.5,183.0,-160.0,140.0,3.5,90.5,0.0,1,False
2012,2012-03-02,True,False,dal,no,92,97,19,27,23,23,0,25,27,22,23,0,away,7.0,176.5,-320.0,260.0,8.0,88.0,0.0,1,True
2012,2012-03-03,True,False,min,por,122,110,40,21,23,38,0,28,32,22,28,0,home,6.5,195.5,220.0,-260.0,5.0,98.5,0.0,1,False
2012,2012-03-03,True,False,ind,no,102,84,25,29,25,23,0,23,14,17,30,0,away,6.0,184.0,-260.0,220.0,1.5,90.5,1.0,1,False
2012,2012-03-03,True,False,det,mem,83,100,28,19,23,13,0,28,18,23,31,0,home,8.0,187.5,300.0,-360.0,5.0,94.0,1.0,0,True
2012,2012-03-03,True,False,utah,dal,96,102,20,16,19,41,0,24,19,31,28,0,home,8.0,187.0,300.0,-360.0,2.5,93.5,0.0,1,True
2012,2012-03-03,True,False,cle,wsh,98,101,33,22,23,20,0,24,26,28,23,0,home,4.0,201.0,155.0,-175.0,3.5,100.5,0.0,0,True
2012,2012-03-03,True,False,mil,orl,98,114,21,39,20,18,0,36,25,24,29,0,home,9.5,190.5,425.0,-525.0,6.0,95.5,1.0,1,True
2012,2012-03-03,True,False,okc,atl,90,97,24,23,28,15,0,27,26,23,21,0,away,6.0,192.0,-260.0,220.0,7.0,93.0,0.0,0,True
2012,2012-03-04,True,False,den,sa,99,94,25,24,26,24,0,17,28,26,23,0,home,7.0,208.0,250.0,-300.0,6.5,103.0,0.0,0,False
2012,2012-03-04,True,False,ny,bos,111,115,29,27,16,31,8,27,24,29,23,12,home,1.0,188.5,-105.0,-115.0,1.5,95.0,1.0,1,True
2012,2012-03-04,True,False,mia,lal,83,93,20,18,24,21,0,28,22,21,22,0,away,2.5,191.5,-145.0,125.0,5.0,94.0,0.0,0,True
2012,2012-03-04,True,False,bkn,cha,104,101,22,23,28,31,0,25,28,19,29,0,away,4.5,193.0,-200.0,170.0,4.5,96.5,0.0,1,False
2012,2012-03-04,True,False,gs,tor,75,83,20,27,11,17,0,18,20,22,23,0,home,1.0,192.0,100.0,-120.0,2.5,95.0,1.0,0,True
2012,2012-03-04,True,False,lac,hou,105,103,25,20,32,20,8,30,17,27,23,6,home,2.5,192.0,115.0,-135.0,0.5,95.0,0.0,1,False
2012,2012-03-04,True,False,chi,phi,96,91,26,14,24,32,0,24,22,18,27,0,away,3.5,180.5,-170.0,150.0,3.5,89.0,1.0,1,False
2012,2012-03-04,True,False,sac,phx,88,96,32,20,19,17,0,29,18,23,26,0,home,5.5,205.0,210.0,-250.0,4.0,102.0,1.0,0,True
2012,2012-03-05,True,False,dal,okc,91,95,23,29,13,26,0,26,19,23,27,0,home,7.0,196.0,250.0,-310.0,7.0,97.0,0.0,0,True
2012,2012-03-05,True,False,ind,chi,72,92,20,23,13,16,0,22,20,33,17,0,home,7.0,190.0,255.0,-315.0,5.0,94.0,1.0,0,True
2012,2012-03-05,True,False,no,por,74,86,17,21,10,26,0,27,19,24,16,0,home,10.5,187.5,585.0,-885.0,4.0,93.5,1.0,0,True
2012,2012-03-05,True,False,phi,mil,93,97,33,22,16,22,0,28,23,23,23,0,away,2.0,191.5,-130.0,110.0,0.0,94.0,0.0,0,True
2012,2012-03-05,True,False,sac,den,116,119,26,27,26,29,8,24,29,32,23,11,home,9.5,212.5,395.0,-495.0,6.0,106.0,0.0,1,True
2012,2012-03-05,True,False,gs,wsh,120,100,41,24,24,31,0,24,27,20,29,0,home,1.0,203.5,-105.0,-115.0,4.0,101.5,0.0,1,False
2012,2012-03-05,True,False,orl,tor,92,88,23,20,25,24,0,20,18,25,25,0,away,6.5,185.5,-265.0,215.0,2.5,91.5,0.0,0,False
2012,2012-03-05,True,False,lac,min,94,95,16,28,21,29,0,26,19,30,20,0,home,2.5,197.0,115.0,-135.0,1.5,97.5,0.0,0,True
2012,2012-03-05,True,False,utah,cle,109,100,28,28,29,24,0,26,15,31,28,0,away,2.0,194.0,-130.0,110.0,3.5,97.5,1.0,1,False
2012,2012-03-06,True,False,atl,ind,101,96,29,29,18,25,0,22,32,17,25,0,home,8.0,184.0,300.0,-370.0,7.5,91.5,0.0,1,False
2012,2012-03-06,True,False,orl,cha,84,100,25,23,23,13,0,15,28,29,28,0,away,9.0,187.5,-550.0,425.0,4.0,93.5,0.0,0,True
2012,2012-03-06,True,False,hou,bos,92,97,28,12,28,16,8,21,25,17,21,13,home,4.5,188.0,170.0,-195.0,0.5,94.0,1.0,1,True
2012,2012-03-06,True,False,bkn,mia,78,108,17,20,19,22,0,30,34,24,20,0,home,14.0,197.5,1205.0,-1905.0,0.5,97.0,1.0,0,True
2012,2012-03-06,True,False,lal,det,85,88,24,17,20,17,7,17,28,9,24,10,away,5.5,186.5,-255.0,205.0,6.0,92.5,0.0,0,True
2012,2012-03-06,True,False,ny,dal,85,95,15,29,19,22,0,27,23,28,17,0,home,2.0,192.0,125.0,-145.0,1.0,95.5,1.0,0,True
2012,2012-03-07,True,False,no,sac,98,99,27,27,26,18,0,29,29,20,21,0,home,4.5,192.0,180.0,-210.0,2.0,95.5,0.0,1,True
2012,2012-03-07,True,False,cle,den,100,99,26,31,19,24,0,27,28,17,27,0,home,10.0,208.0,460.0,-650.0,7.0,105.0,0.0,0,False
2012,2012-03-07,True,False,ny,sa,105,118,23,18,32,32,0,28,30,35,25,0,home,7.5,201.0,295.0,-365.0,1.0,99.0,1.0,1,True
2012,2012-03-07,True,False,phx,okc,104,115,34,30,24,16,0,25,33,26,31,0,home,9.5,203.0,450.0,-610.0,9.0,100.5,1.0,1,True
2012,2012-03-07,True,False,por,min,94,106,31,23,18,22,0,37,24,20,25,0,away,1.0,195.0,-115.0,-105.0,2.5,98.0,0.0,1,True
2012,2012-03-07,True,False,lac,bkn,100,101,22,23,26,29,0,27,30,23,21,0,away,7.5,191.5,-320.0,260.0,7.0,96.0,0.0,1,True
2012,2012-03-07,True,False,hou,tor,98,116,28,18,30,22,0,28,30,24,34,0,away,1.5,188.0,-120.0,100.0,3.5,93.0,0.0,1,True
2012,2012-03-07,True,False,atl,mia,86,89,22,23,23,18,0,25,18,25,21,0,home,12.5,188.5,885.0,-1335.0,9.0,93.0,0.0,0,True
2012,2012-03-07,True,False,lal,wsh,101,106,29,35,19,18,0,21,28,32,25,0,away,7.0,193.5,-340.0,270.0,0.5,96.0,0.0,1,True
2012,2012-03-07,True,False,utah,cha,99,93,22,29,29,19,0,21,26,17,29,0,away,7.0,192.5,-315.0,255.0,3.0,99.0,0.0,0,False
2012,2012-03-07,True,False,mem,gs,110,92,33,23,28,26,0,23,28,22,19,0,home,0.0,193.0,100.0,-120.0,2.0,96.5,0.0,1,False
2012,2012-03-07,True,False,bos,phi,71,103,17,16,20,18,0,33,22,25,23,0,home,6.0,176.5,195.0,-245.0,3.5,86.5,1.0,0,True
2012,2012-03-07,True,False,chi,mil,106,104,33,22,18,33,0,30,20,23,31,0,away,7.5,194.5,-320.0,260.0,3.0,94.5,0.0,1,False
2012,2012-03-08,True,False,dal,phx,94,96,24,29,23,18,0,23,21,34,18,0,away,3.5,192.0,-155.0,135.0,1.5,94.5,0.0,0,True
2012,2012-03-08,True,False,orl,chi,99,94,37,20,22,20,0,22,30,19,23,0,home,6.0,182.0,215.0,-265.0,7.0,91.0,0.0,1,False
2012,2012-03-09,True,False,bkn,cha,83,74,23,16,21,23,0,15,20,24,15,0,away,2.0,192.5,-120.0,100.0,2.5,94.0,1.0,0,False
2012,2012-03-09,True,False,utah,phi,91,104,27,20,21,23,0,25,24,29,26,0,home,7.0,185.5,245.0,-305.0,4.0,95.0,1.0,1,True
2012,2012-03-09,True,False,atl,det,85,86,27,23,12,23,0,24,17,26,19,0,away,2.0,182.5,-130.0,110.0,1.5,91.0,0.0,0,True
2012,2012-03-09,True,False,por,bos,86,104,17,13,24,32,0,27,38,23,16,0,home,2.5,183.0,120.0,-140.0,6.0,90.0,1.0,1,True
2012,2012-03-09,True,False,lal,min,105,102,21,28,29,27,0,33,25,20,24,0,away,3.0,190.5,-165.0,145.0,5.0,95.0,2.0,1,False
2012,2012-03-09,True,False,cle,okc,96,90,29,20,20,27,0,27,24,18,21,0,home,13.0,204.0,1005.0,-1555.0,8.0,100.0,0.0,0,False
2012,2012-03-09,True,False,ny,mil,114,119,34,31,18,31,0,36,25,32,26,0,away,1.0,206.5,-130.0,110.0,0.5,102.5,0.0,1,True
2012,2012-03-09,True,False,lac,sa,120,108,33,31,30,26,0,34,22,34,18,0,home,4.0,193.0,140.0,-160.0,4.0,96.5,0.0,1,False
2012,2012-03-09,True,False,no,den,97,110,26,20,25,26,0,32,18,29,31,0,home,11.0,195.5,535.0,-835.0,5.5,96.0,1.0,1,True
2012,2012-03-09,True,False,dal,sac,97,110,22,22,28,25,0,31,23,34,22,0,away,1.5,196.5,-120.0,100.0,4.0,95.0,0.0,1,True
2012,2012-03-10,True,False,dal,gs,87,111,15,27,24,21,0,26,26,31,28,0,home,4.0,195.0,145.0,-165.0,1.5,96.0,1.0,1,True
2012,2012-03-10,True,False,mem,phx,91,98,29,22,23,17,0,26,27,27,18,0,away,1.5,192.0,-120.0,100.0,1.0,95.5,0.0,0,True
2012,2012-03-10,True,False,cha,okc,95,122,25,15,30,25,0,28,30,33,31,0,home,17.5,197.0,2005.0,-4405.0,4.0,94.0,1.0,1,True
2012,2012-03-10,True,False,utah,chi,97,111,22,19,22,34,0,22,26,31,32,0,home,10.5,191.5,545.0,-845.0,3.5,96.0,1.0,1,True
2012,2012-03-10,True,False,tor,det,86,105,14,23,21,28,0,37,24,28,16,0,home,2.0,187.5,115.0,-135.0,4.5,93.0,1.0,1,True
2012,2012-03-10,True,False,no,min,95,89,24,25,21,25,0,24,20,21,24,0,home,7.5,189.0,285.0,-355.0,7.0,93.0,0.0,0,False
2012,2012-03-10,True,False,ind,mia,91,93,26,17,18,24,6,17,22,21,25,8,home,9.0,195.0,425.0,-550.0,8.5,96.5,0.0,0,True
2012,2012-03-10,True,False,por,wsh,110,99,27,28,27,28,0,27,25,24,23,0,away,6.0,200.0,-270.0,220.0,3.0,99.5,1.0,1,False
2012,2012-03-10,True,False,hou,bkn,112,106,29,30,25,28,0,21,28,34,23,0,away,6.0,189.0,-265.0,215.0,0.0,93.5,2.0,1,False
2012,2012-03-11,True,False,mem,den,94,91,23,27,23,21,0,25,28,17,21,0,home,6.0,199.5,220.0,-260.0,3.0,98.0,0.0,0,False
2012,2012-03-11,True,False,gs,lac,97,93,28,27,23,19,0,16,26,22,29,0,home,7.5,198.5,280.0,-340.0,8.0,99.0,0.0,0,False
2012,2012-03-11,True,False,atl,sac,106,99,23,28,29,26,0,24,28,22,25,0,home,1.5,193.5,105.0,-125.0,0.5,97.0,0.0,1,False
2012,2012-03-11,True,False,hou,cle,107,118,26,31,27,23,0,30,24,27,37,0,home,2.5,196.0,120.0,-140.0,2.0,97.5,1.0,1,True
2012,2012-03-11,True,False,phi,ny,106,94,22,29,38,17,0,24,25,24,21,0,home,2.5,193.5,120.0,-140.0,3.0,96.5,0.0,1,False
2012,2012-03-11,True,False,ind,orl,94,107,22,23,21,28,0,36,20,35,16,0,home,5.5,184.5,185.0,-225.0,0.5,91.5,1.0,1,True
2012,2012-03-11,True,False,bos,lal,94,97,14,28,28,24,0,24,20,28,25,0,home,5.0,179.0,175.0,-210.0,2.5,89.0,0.0,1,True
2012,2012-03-11,True,False,mil,tor,105,99,21,30,27,27,0,28,28,23,20,0,away,1.5,198.0,-125.0,105.0,2.0,98.0,1.0,1,False
2012,2012-03-12,True,False,mil,bkn,105,99,27,20,26,32,0,32,22,19,26,0,away,3.0,198.0,-155.0,135.0,3.5,98.0,1.0,1,False
2012,2012-03-12,True,False,ny,chi,99,104,25,25,28,21,0,23,25,31,25,0,home,8.5,198.5,350.0,-450.0,5.5,99.0,0.0,1,True
2012,2012-03-12,True,False,cha,no,73,71,14,21,26,12,0,20,17,18,16,0,home,6.5,182.5,220.0,-270.0,3.5,90.0,0.0,0,False
2012,2012-03-12,True,False,wsh,sa,97,112,24,25,25,23,0,32,31,25,24,0,home,14.0,206.5,1155.0,-1805.0,3.5,101.5,1.0,1,True
2012,2012-03-12,True,False,det,utah,90,105,19,29,29,13,0,22,30,23,30,0,home,7.0,193.5,250.0,-310.0,3.0,97.5,1.0,1,True
2012,2012-03-12,True,False,min,phx,127,124,28,35,29,35,0,34,22,34,34,0,home,3.5,198.5,140.0,-160.0,4.5,99.0,0.0,1,False
2012,2012-03-12,True,False,bos,lac,94,85,25,14,23,32,0,21,27,13,24,0,home,5.5,185.5,165.0,-205.0,0.0,91.0,0.0,0,False
2012,2012-03-13,True,False,gs,sac,115,89,29,25,30,31,0,24,25,24,16,0,home,3.5,205.0,140.0,-160.0,4.0,101.0,0.0,0,False
2012,2012-03-13,True,False,atl,den,117,118,26,29,25,25,12,30,34,18,23,13,home,5.0,195.5,170.0,-200.0,0.0,97.5,0.0,1,True
2012,2012-03-13,True,False,wsh,dal,98,107,26,25,24,23,0,27,33,23,24,0,home,12.5,200.0,900.0,-1500.0,4.0,98.5,0.0,1,True
2012,2012-03-13,True,False,hou,okc,104,103,23,30,24,27,0,22,31,20,30,0,home,11.0,204.0,650.0,-900.0,7.5,100.0,0.0,1,False
2012,2012-03-13,True,False,tor,cle,96,88,21,33,21,21,0,22,24,19,23,0,home,4.0,194.0,155.0,-175.0,4.5,97.0,0.0,0,False
2012,2012-03-13,True,False,por,ind,75,92,15,23,14,23,0,19,29,27,17,0,home,3.5,191.0,150.0,-170.0,1.5,93.0,1.0,0,True
2012,2012-03-13,True,False,mia,orl,98,104,27,29,17,21,4,30,15,27,22,10,away,4.0,189.5,-180.0,160.0,1.5,93.0,0.0,1,True
2012,2012-03-13,True,False,lal,mem,116,111,21,30,20,26,19,29,23,28,17,14,home,1.5,183.0,105.0,-125.0,0.5,90.5,0.0,1,False
2012,2012-03-14,True,False,orl,sa,111,122,35,23,26,27,0,36,23,30,33,0,home,7.5,192.5,290.0,-350.0,4.0,96.0,1.0,1,True
2012,2012-03-14,True,False,atl,lac,82,96,27,15,20,20,0,30,20,21,25,0,home,7.0,184.5,245.0,-290.0,1.5,91.0,1.0,0,True
2012,2012-03-14,True,False,utah,phx,111,120,30,23,29,29,0,22,31,36,31,0,home,4.5,199.5,165.0,-190.0,3.0,102.5,1.0,1,True
2012,2012-03-14,True,False,bos,gs,105,103,21,34,26,24,0,25,35,17,26,0,away,5.0,188.0,-220.0,180.0,4.0,95.0,0.0,1,False
2012,2012-03-14,True,False,det,sac,124,112,25,32,40,27,0,32,26,23,31,0,home,3.5,199.0,145.0,-165.0,2.5,100.0,0.0,1,False
2012,2012-03-14,True,False,mia,chi,102,106,23,19,28,32,0,19,34,28,25,0,away,2.5,189.0,-150.0,130.0,5.5,93.0,0.0,1,True
2012,2012-03-14,True,False,tor,bkn,84,98,22,24,15,23,0,19,22,27,30,0,home,2.0,188.5,110.0,-130.0,2.0,94.0,1.0,0,True
2012,2012-03-14,True,False,cha,hou,87,107,18,22,17,30,0,30,20,36,21,0,home,8.0,190.5,310.0,-380.0,1.0,93.5,1.0,1,True
2012,2012-03-14,True,False,lal,no,107,101,20,20,30,23,14,28,26,16,23,8,away,4.0,180.5,-185.0,165.0,6.0,89.5,1.0,1,False
2012,2012-03-14,True,False,por,ny,79,121,12,17,27,23,0,25,30,23,43,0,home,6.0,199.5,210.0,-250.0,3.5,96.5,1.0,1,True
2012,2012-03-14,True,False,phi,ind,94,111,29,22,24,19,0,24,30,29,28,0,away,1.0,185.0,-115.0,-105.0,1.0,92.0,0.0,1,True
2012,2012-03-14,True,False,cle,mil,105,115,28,27,23,27,0,23,34,27,31,0,home,7.0,205.5,250.0,-300.0,3.5,102.0,1.0,1,True
2012,2012-03-15,True,False,wsh,no,99,89,28,28,19,24,0,28,21,24,16,0,home,3.5,195.0,150.0,-170.0,3.5,96.0,0.0,0,False
2012,2012-03-15,True,False,cha,dal,96,101,23,31,14,28,0,23,25,26,27,0,home,14.0,187.5,1305.0,-2105.0,11.5,93.5,0.0,1,True
2012,2012-03-15,True,False,okc,den,103,90,29,21,28,25,0,25,26,14,25,0,away,2.0,214.0,-135.0,115.0,2.5,106.0,1.0,0,False
2012,2012-03-15,True,False,min,utah,105,111,20,27,24,28,6,24,29,24,22,12,home,3.0,205.0,125.0,-145.0,0.5,102.5,1.0,1,True
2012,2012-03-15,True,False,phx,lac,91,87,17,22,25,27,0,29,18,28,12,0,home,9.5,195.5,465.0,-625.0,3.5,95.5,0.0,0,False
2012,2012-03-16,True,False,bos,sac,95,120,20,31,23,21,0,26,26,41,27,0,away,3.5,197.5,-180.0,160.0,3.0,99.0,0.0,1,True
2012,2012-03-16,True,False,min,lal,92,97,19,22,20,31,0,23,27,24,23,0,home,8.0,196.0,285.0,-355.0,1.0,95.5,0.0,0,True
2012,2012-03-16,True,False,mil,gs,120,98,31,25,31,33,0,12,31,32,23,0,away,1.5,208.5,-130.0,110.0,3.0,101.5,1.0,1,False
2012,2012-03-16,True,False,det,phx,101,109,27,32,21,21,0,31,23,25,30,0,home,4.5,197.5,165.0,-190.0,4.0,99.0,1.0,1,True
2012,2012-03-16,True,False,sa,okc,114,105,30,35,27,22,0,19,29,31,26,0,home,5.0,206.0,185.0,-225.0,7.5,100.5,0.0,1,False
2012,2012-03-16,True,False,bkn,orl,70,86,18,18,24,10,0,22,24,26,14,0,home,12.0,191.0,650.0,-1050.0,4.0,94.5,1.0,0,True
2012,2012-03-16,True,False,tor,mem,114,110,26,21,25,31,11,24,22,23,34,7,home,10.0,186.5,450.0,-610.0,7.0,92.0,0.0,1,False
2012,2012-03-16,True,False,mia,phi,84,78,31,26,12,15,0,18,12,26,22,0,away,4.0,188.5,-170.0,150.0,4.5,90.5,1.0,0,False
2012,2012-03-16,True,False,por,chi,100,89,29,21,28,22,0,32,21,26,10,0,home,8.5,194.0,350.0,-450.0,4.5,95.5,0.0,0,False
2012,2012-03-16,True,False,wsh,atl,88,102,26,28,10,24,0,30,20,21,31,0,home,11.5,196.5,570.0,-870.0,9.0,96.5,1.0,0,True
2012,2012-03-16,True,False,ind,ny,100,115,14,17,27,42,0,24,26,38,27,0,home,4.0,197.5,165.0,-190.0,3.0,95.5,1.0,1,True
2012,2012-03-17,True,False,hou,lac,91,95,23,24,19,25,0,19,20,30,26,0,home,7.5,193.0,280.0,-340.0,6.5,94.0,0.0,0,True
2012,2012-03-17,True,False,tor,cha,103,107,29,24,14,36,0,20,23,38,26,0,away,1.0,185.5,-115.0,-105.0,3.0,92.5,0.0,1,True
2012,2012-03-17,True,False,ny,ind,102,88,33,27,17,25,0,35,16,23,14,0,home,4.0,198.5,165.0,-185.0,4.5,99.0,0.0,0,False
2012,2012-03-17,True,False,phi,chi,80,89,24,20,15,21,0,11,27,26,25,0,home,4.0,185.0,160.0,-180.0,3.5,91.5,1.0,0,True
2012,2012-03-17,True,False,no,bkn,102,94,26,21,23,32,0,29,22,31,12,0,home,3.0,186.0,130.0,-150.0,0.5,92.5,0.0,1,False
2012,2012-03-17,True,False,sa,dal,99,106,19,25,24,31,0,28,18,32,28,0,home,3.0,198.0,135.0,-155.0,2.0,98.0,1.0,1,True
2012,2012-03-17,True,False,bos,den,91,98,22,20,26,23,0,29,26,25,18,0,home,6.0,198.5,220.0,-260.0,1.0,99.5,1.0,0,True
2012,2012-03-17,True,False,gs,utah,92,99,25,26,14,22,5,18,28,23,18,12,home,7.5,200.0,285.0,-345.0,7.0,99.5,0.0,0,True
2012,2012-03-18,True,False,por,okc,95,111,15,27,28,25,0,31,26,27,27,0,home,9.0,200.5,400.0,-500.0,1.0,98.0,1.0,1,True
2012,2012-03-18,True,False,hou,phx,86,99,13,23,28,22,0,26,26,28,19,0,home,5.5,202.0,200.0,-240.0,2.0,98.5,1.0,0,True
2012,2012-03-18,True,False,orl,mia,81,91,22,25,16,18,0,31,19,17,24,0,home,9.0,190.5,400.0,-500.0,5.0,94.5,1.0,0,True
2012,2012-03-18,True,False,utah,lal,103,99,23,22,30,28,0,20,24,25,30,0,home,11.0,193.0,600.0,-800.0,8.0,98.5,0.0,1,False
2012,2012-03-18,True,False,wsh,mem,92,97,20,28,18,26,0,21,24,29,23,0,home,12.5,200.0,750.0,-1150.0,9.0,98.5,0.0,0,True
2012,2012-03-18,True,False,det,lac,83,87,18,23,24,9,9,24,14,19,17,13,home,7.0,189.5,260.0,-320.0,6.0,93.0,0.0,0,True
2012,2012-03-18,True,False,atl,cle,103,87,31,28,17,27,0,19,26,23,19,0,away,2.5,187.5,-140.0,120.0,3.0,91.5,1.0,1,False
2012,2012-03-18,True,False,min,sac,99,115,31,26,25,17,0,28,29,33,25,0,away,1.0,212.5,-125.0,105.0,0.0,106.5,0.0,1,True
2012,2012-03-19,True,False,phi,cha,105,80,25,21,30,29,0,19,25,19,17,0,away,10.0,183.0,-600.0,450.0,6.0,90.0,1.0,1,False
2012,2012-03-19,True,False,bos,atl,79,76,12,19,19,29,0,15,18,18,25,0,home,2.0,182.0,105.0,-125.0,0.5,89.5,0.0,0,False
2012,2012-03-19,True,False,cle,bkn,105,100,30,23,23,29,0,17,33,24,26,0,home,4.0,198.0,155.0,-175.0,4.0,99.5,0.0,1,False
2012,2012-03-19,True,False,chi,orl,85,59,22,26,12,25,0,14,19,15,11,0,home,2.5,183.5,110.0,-130.0,5.5,89.5,0.0,0,False
2012,2012-03-19,True,False,dal,den,112,95,33,30,29,20,0,29,27,22,17,0,home,4.5,204.5,165.0,-185.0,4.0,102.0,0.0,1,False
2012,2012-03-19,True,False,min,gs,97,93,21,28,22,26,0,14,21,32,26,0,home,1.5,203.0,105.0,-125.0,4.5,99.0,0.0,0,False
2012,2012-03-20,True,False,mil,por,116,87,25,29,28,34,0,23,20,21,23,0,home,3.5,206.5,145.0,-165.0,5.0,101.5,0.0,0,False
2012,2012-03-20,True,False,mem,sac,110,119,28,28,30,24,0,37,29,27,26,0,away,3.0,205.0,-150.0,130.0,4.5,102.5,0.0,1,True
2012,2012-03-20,True,False,okc,utah,90,97,25,19,26,20,0,24,28,24,21,0,away,3.0,205.0,-150.0,130.0,4.5,100.5,0.0,0,True
2012,2012-03-20,True,False,lac,ind,89,102,31,15,20,23,0,31,23,24,24,0,home,3.5,189.0,145.0,-165.0,0.5,93.0,1.0,1,True
2012,2012-03-20,True,False,tor,ny,87,106,24,20,24,19,0,27,26,26,27,0,home,8.5,199.0,350.0,-450.0,2.0,100.0,1.0,0,True
2012,2012-03-20,True,False,phx,mia,95,99,22,31,22,20,0,28,21,23,27,0,home,10.5,200.0,525.0,-725.0,9.0,99.0,0.0,0,True
2012,2012-03-20,True,False,lal,hou,104,107,40,16,23,25,0,25,26,22,34,0,away,3.0,191.0,-150.0,130.0,0.5,95.0,0.0,1,True
2012,2012-03-21,True,False,gs,no,101,92,24,20,31,26,0,26,19,27,20,0,home,2.0,187.0,110.0,-130.0,1.0,92.0,0.0,1,False
2012,2012-03-21,True,False,lal,dal,109,93,27,30,23,29,0,29,15,28,21,0,home,4.5,191.0,160.0,-180.0,6.0,94.5,0.0,1,False
2012,2012-03-21,True,False,min,sa,100,116,16,31,24,29,0,32,24,35,25,0,home,9.5,208.0,425.0,-550.0,2.0,102.5,1.0,1,True
2012,2012-03-21,True,False,wsh,bkn,108,89,33,23,28,24,0,25,28,19,17,0,home,4.5,203.0,170.0,-200.0,4.0,101.5,0.0,0,False
2012,2012-03-21,True,False,det,den,115,116,18,39,34,24,0,40,22,29,25,0,home,8.0,200.0,320.0,-400.0,3.5,99.5,0.0,1,True
2012,2012-03-21,True,False,phx,orl,93,103,21,23,18,31,0,27,30,24,22,0,home,8.0,193.5,305.0,-375.0,1.0,93.5,1.0,1,True
2012,2012-03-21,True,False,cle,atl,102,103,36,17,20,18,11,21,33,18,19,12,home,7.5,188.0,270.0,-330.0,4.5,92.5,0.0,1,True
2012,2012-03-21,True,False,ny,phi,82,79,19,24,16,23,0,11,24,23,21,0,home,4.0,191.5,150.0,-170.0,4.5,94.0,0.0,0,False
2012,2012-03-21,True,False,lac,okc,91,114,30,20,21,20,0,33,33,22,26,0,home,9.0,196.0,375.0,-475.0,1.0,96.0,1.0,1,True
2012,2012-03-21,True,False,chi,tor,94,82,27,16,19,32,0,23,28,18,13,0,away,7.5,184.0,-350.0,290.0,7.0,90.5,1.0,0,False
2012,2012-03-22,True,False,ind,wsh,85,83,18,13,26,28,0,34,17,15,17,0,away,7.0,200.0,-300.0,250.0,8.5,98.5,0.0,0,False
2012,2012-03-22,True,False,bos,mil,100,91,35,21,18,26,0,29,29,13,20,0,home,4.0,199.0,155.0,-175.0,2.5,97.5,0.0,0,False
2012,2012-03-22,True,False,gs,hou,83,109,18,29,20,16,0,30,26,28,25,0,home,8.0,195.5,290.0,-350.0,2.0,97.0,1.0,0,True
2012,2012-03-22,True,False,lac,no,90,97,35,23,21,11,0,29,25,22,21,0,away,4.5,181.0,-185.0,165.0,2.0,91.0,0.0,1,True
2012,2012-03-22,True,False,mem,por,93,97,20,24,25,24,0,26,23,17,31,0,away,1.0,194.5,-120.0,100.0,1.5,96.5,0.0,0,True
2012,2012-03-22,True,False,utah,sac,103,102,30,28,29,16,0,26,22,29,25,0,home,2.0,214.5,110.0,-130.0,3.5,108.5,0.0,0,False
2012,2012-03-23,True,False,den,utah,102,121,32,23,21,26,0,30,33,31,27,0,home,2.0,208.0,110.0,-130.0,2.0,104.5,1.0,1,True
2012,2012-03-23,True,False,por,lal,96,103,19,29,22,26,0,30,23,18,32,0,home,9.5,194.0,425.0,-550.0,4.5,96.5,0.0,1,True
2012,2012-03-23,True,False,dal,sa,87,104,21,24,18,24,0,24,28,18,34,0,home,4.0,201.0,150.0,-170.0,0.5,99.0,1.0,0,True
2012,2012-03-23,True,False,min,okc,140,149,29,32,27,28,24,30,33,31,22,33,home,10.5,209.5,475.0,-650.0,6.0,104.0,0.0,1,True
2012,2012-03-23,True,False,bos,phi,86,99,32,17,17,20,0,26,17,37,19,0,home,7.5,177.0,255.0,-310.0,6.5,87.0,1.0,1,True
2012,2012-03-23,True,False,phx,ind,113,111,28,26,32,27,0,31,30,18,32,0,home,3.5,195.5,140.0,-160.0,0.5,96.0,0.0,1,False
2012,2012-03-23,True,False,mia,det,88,73,27,32,13,16,0,20,16,21,16,0,away,9.0,190.5,-450.0,350.0,1.5,92.5,1.0,0,False
2012,2012-03-23,True,False,cle,orl,80,93,20,20,23,17,0,31,24,17,21,0,home,9.5,191.0,400.0,-500.0,1.0,94.0,1.0,0,True
2012,2012-03-23,True,False,mil,cha,112,92,21,31,31,29,0,20,20,28,24,0,away,7.0,203.0,-320.0,260.0,0.5,100.5,1.0,1,False
2012,2012-03-23,True,False,ny,tor,79,96,16,20,17,26,0,25,14,31,26,0,away,5.5,194.5,-240.0,200.0,5.5,95.5,0.0,0,True
2012,2012-03-23,True,False,bkn,atl,84,93,20,24,25,15,0,21,22,19,31,0,home,7.0,188.0,250.0,-300.0,5.0,92.0,1.0,0,True
2012,2012-03-24,True,False,tor,chi,101,102,30,25,18,21,7,20,30,21,23,8,home,12.5,182.5,750.0,-1100.0,10.5,92.0,0.0,1,True
2012,2012-03-24,True,False,sac,gs,108,111,24,27,37,20,0,34,28,27,22,0,home,1.5,211.0,105.0,-125.0,2.5,105.5,1.0,1,True
2012,2012-03-24,True,False,ind,mil,125,104,29,28,35,33,0,26,22,28,28,0,home,4.5,204.5,165.0,-185.0,5.0,102.5,0.0,1,False
2012,2012-03-24,True,False,sa,no,89,86,23,24,26,16,0,22,26,24,14,0,away,5.0,192.5,-210.0,175.0,4.5,96.0,0.0,0,False
2012,2012-03-24,True,False,atl,wsh,95,92,23,18,27,27,0,23,29,26,14,0,away,3.0,192.5,-150.0,130.0,4.5,94.5,2.0,0,False
2012,2012-03-24,True,False,cha,bkn,89,102,21,21,16,31,0,26,22,33,21,0,home,6.0,193.5,210.0,-250.0,1.5,96.0,1.0,0,True
2012,2012-03-24,True,False,det,ny,79,101,17,20,24,18,0,21,28,27,25,0,home,11.0,193.0,550.0,-750.0,2.5,95.5,1.0,0,True
2012,2012-03-24,True,False,mem,lac,85,101,17,25,19,24,0,33,23,25,20,0,home,2.0,187.0,110.0,-130.0,3.0,91.5,1.0,0,True
2012,2012-03-24,True,False,dal,hou,101,99,26,30,16,19,10,30,24,18,19,8,home,3.0,195.0,130.0,-150.0,3.0,96.0,0.0,1,False
2012,2012-03-25,True,False,phx,cle,108,83,29,30,26,23,0,21,17,24,21,0,away,4.0,202.5,-175.0,155.0,3.5,99.0,1.0,0,False
2012,2012-03-25,True,False,den,min,100,117,20,23,32,25,0,33,35,25,24,0,home,1.5,210.5,105.0,-125.0,5.0,102.5,1.0,1,True
2012,2012-03-25,True,False,utah,atl,133,139,22,18,34,24,35,29,26,20,23,41,home,0.0,190.0,-110.0,-110.0,4.0,96.0,1.0,1,True
2012,2012-03-25,True,False,wsh,bos,76,88,12,22,21,21,0,27,26,16,19,0,home,9.5,190.5,425.0,-550.0,0.0,93.5,1.0,0,True
2012,2012-03-25,True,False,phi,sa,76,93,22,27,16,11,0,29,23,24,17,0,home,2.5,192.0,125.0,-145.0,1.0,95.5,1.0,0,True
2012,2012-03-25,True,False,mia,okc,87,103,24,25,20,18,0,25,35,20,23,0,home,1.5,201.5,105.0,-125.0,3.5,98.5,1.0,0,True
2012,2012-03-25,True,False,gs,por,87,90,27,20,16,24,0,26,14,29,21,0,home,10.0,196.0,450.0,-600.0,10.0,96.5,0.0,0,True
2012,2012-03-25,True,False,mem,lal,102,96,28,28,17,29,0,24,22,24,26,0,home,6.5,193.0,250.0,-300.0,6.5,95.0,0.0,1,False
2012,2012-03-26,True,False,utah,bkn,105,84,15,34,23,33,0,17,15,33,19,0,home,1.0,197.5,110.0,-130.0,5.0,99.5,0.0,0,False
2012,2012-03-26,True,False,sac,hou,106,113,29,22,21,27,7,17,25,29,28,14,home,6.0,211.0,220.0,-260.0,6.0,103.5,1.0,1,True
2012,2012-03-26,True,False,den,chi,108,91,25,29,27,27,0,27,25,16,23,0,home,8.0,198.5,300.0,-360.0,6.0,98.5,0.0,1,False
2012,2012-03-26,True,False,no,lac,85,97,20,18,17,30,0,27,22,25,23,0,home,10.5,182.0,500.0,-700.0,3.0,88.0,1.0,2,True
2012,2012-03-26,True,False,bos,cha,102,95,33,19,30,20,0,15,35,25,20,0,away,6.5,182.5,-270.0,230.0,3.5,92.0,1.0,1,False
2012,2012-03-26,True,False,det,wsh,79,77,16,14,23,26,0,14,21,27,15,0,away,1.0,193.5,-130.0,110.0,1.5,95.0,1.0,0,False
2012,2012-03-26,True,False,mia,ind,90,105,24,22,19,25,0,24,25,29,27,0,away,3.5,192.5,-170.0,150.0,4.5,93.5,0.0,1,True
2012,2012-03-26,True,False,orl,tor,117,101,28,33,32,24,0,26,23,24,28,0,away,6.0,183.0,-250.0,210.0,1.5,90.5,1.0,1,False
2012,2012-03-26,True,False,mil,ny,80,89,26,26,12,16,0,30,17,21,21,0,home,4.5,206.0,170.0,-200.0,4.0,102.5,1.0,0,True
2012,2012-03-27,True,False,cle,phi,85,103,21,22,25,17,0,29,28,25,21,0,home,8.5,186.0,400.0,-500.0,1.0,92.0,1.0,1,True
2012,2012-03-27,True,False,min,mem,86,93,22,19,26,19,0,24,20,24,25,0,home,4.5,201.0,170.0,-200.0,2.0,99.0,1.0,0,True
2012,2012-03-27,True,False,atl,mil,101,108,23,23,33,22,0,31,24,23,30,0,home,2.5,197.5,120.0,-140.0,1.5,96.5,1.0,1,True
2012,2012-03-27,True,False,hou,dal,81,90,30,19,12,20,0,19,27,23,21,0,home,7.0,193.5,250.0,-300.0,6.5,95.0,1.0,0,True
2012,2012-03-27,True,False,sa,phx,107,100,29,33,22,23,0,28,29,26,17,0,away,2.0,204.5,-130.0,110.0,0.5,103.0,1.0,1,False
2012,2012-03-27,True,False,okc,por,109,95,32,33,19,25,0,18,29,28,20,0,away,5.0,198.0,-220.0,180.0,3.0,97.5,1.0,1,False
2012,2012-03-27,True,False,lal,gs,104,101,25,30,24,25,0,16,32,24,29,0,away,8.0,196.0,-380.0,310.0,3.0,97.0,0.0,1,False
2012,2012-03-28,True,False,no,gs,102,87,27,30,24,21,0,24,16,25,22,0,home,2.5,190.0,120.0,-140.0,6.0,94.0,0.0,0,False
2012,2012-03-28,True,False,sa,sac,117,112,27,26,28,36,0,22,27,29,34,0,away,4.0,213.5,-175.0,155.0,1.5,107.5,1.0,1,False
2012,2012-03-28,True,False,chi,atl,98,77,21,33,22,22,0,23,19,18,17,0,away,4.0,181.5,-180.0,160.0,2.0,88.5,1.0,0,False
2012,2012-03-28,True,False,utah,bos,82,94,21,14,26,21,0,18,28,20,28,0,home,3.5,188.5,140.0,-160.0,2.0,94.5,1.0,0,True
2012,2012-03-28,True,False,phx,lac,86,103,27,14,23,22,0,24,19,31,29,0,home,7.0,194.0,255.0,-310.0,4.0,95.5,1.0,0,True
2012,2012-03-28,True,False,den,tor,96,105,22,31,32,11,0,27,28,30,20,0,away,4.0,202.5,-175.0,155.0,4.0,101.5,0.0,0,True
2012,2012-03-28,True,False,orl,ny,86,108,29,12,18,27,0,25,32,33,18,0,away,2.0,189.5,-130.0,110.0,5.0,95.0,0.0,1,True
2012,2012-03-28,True,False,det,cle,87,75,21,28,19,19,0,23,21,17,14,0,away,1.5,191.0,-115.0,104.0,1.0,94.0,1.0,0,False
2012,2012-03-28,True,False,min,cha,88,83,24,21,23,20,0,21,26,18,18,0,away,5.5,201.5,-220.0,180.0,5.0,100.5,0.0,0,False
2012,2012-03-28,True,False,ind,bkn,84,100,20,23,24,17,0,26,23,20,31,0,away,6.5,195.0,-250.0,210.0,6.0,98.0,0.0,0,True
2012,2012-03-29,True,False,wsh,ind,89,93,26,23,20,20,0,30,22,20,21,0,home,9.5,192.5,450.0,-600.0,5.5,95.0,0.0,0,True
2012,2012-03-29,True,False,dal,mia,85,106,29,24,19,13,0,24,36,20,26,0,home,8.0,189.0,320.0,-400.0,2.5,93.5,1.0,1,True
2012,2012-03-29,True,False,no,por,93,99,27,27,16,23,0,28,23,25,23,0,home,9.0,185.0,370.0,-470.0,7.5,92.0,0.0,1,True
2012,2012-03-29,True,False,okc,lal,102,93,18,26,34,24,0,30,19,19,25,0,home,0.0,199.0,105.0,-116.0,1.5,99.0,0.0,0,False
2012,2012-03-30,True,False,por,lac,97,98,18,25,27,27,0,23,23,27,25,0,home,9.5,187.5,450.0,-600.0,5.5,93.0,0.0,1,True
2012,2012-03-30,True,False,bkn,gs,102,100,22,20,28,32,0,26,25,33,16,0,home,3.5,197.5,145.0,-165.0,1.0,98.5,0.0,1,False
2012,2012-03-30,True,False,sac,utah,104,103,32,24,24,24,0,29,30,25,19,0,home,7.5,213.0,290.0,-350.0,4.0,106.5,0.0,0,False
2012,2012-03-30,True,False,mem,hou,89,98,19,29,21,20,0,30,19,25,24,0,home,1.5,190.5,105.0,-125.0,1.0,95.0,1.0,0,True
2012,2012-03-30,True,False,dal,orl,100,98,17,29,25,29,0,27,28,23,20,0,home,5.5,184.5,180.0,-220.0,0.5,90.5,0.0,1,False
2012,2012-03-30,True,False,det,chi,71,83,25,10,26,10,0,28,16,21,18,0,home,11.0,182.0,700.0,-1000.0,3.5,89.0,1.0,0,True
2012,2012-03-30,True,False,mil,cle,121,84,35,36,28,22,0,26,18,30,10,0,away,5.0,205.5,-200.0,170.0,4.5,101.0,1.0,0,False
2012,2012-03-30,True,False,ny,atl,90,100,20,20,29,21,0,28,24,22,26,0,home,3.0,186.5,130.0,-150.0,1.5,92.0,1.0,1,True
2012,2012-03-30,True,False,den,cha,99,88,23,29,22,25,0,28,23,15,22,0,away,8.5,202.5,-400.0,325.0,5.5,100.5,1.0,0,False
2012,2012-03-30,True,False,phi,wsh,76,97,15,21,26,14,0,23,32,24,18,0,away,8.0,185.5,-420.0,345.0,9.0,91.5,0.0,0,True
2012,2012-03-30,True,False,mia,tor,113,101,31,28,24,30,0,27,24,32,18,0,away,7.5,191.5,-355.0,295.0,1.5,93.5,1.0,1,False
2012,2012-03-30,True,False,bos,min,100,79,31,25,23,21,0,20,25,22,12,0,away,1.0,190.0,-120.0,100.0,3.0,94.0,1.0,0,False
2012,2012-03-31,True,False,utah,lac,96,105,22,23,21,30,0,38,19,22,26,0,home,5.5,192.5,180.0,-220.0,1.0,96.5,1.0,1,True
2012,2012-03-31,True,False,bkn,sac,111,99,31,28,32,20,0,35,21,20,23,0,home,6.0,210.0,220.0,-260.0,5.0,105.5,0.0,2,False
2012,2012-03-31,True,False,ind,sa,103,112,18,30,30,25,0,25,39,26,22,0,home,8.0,203.5,310.0,-380.0,0.0,101.0,1.0,1,True
2012,2012-03-31,True,False,mem,mil,99,95,11,36,31,21,0,19,32,20,24,0,home,3.0,203.0,130.0,-150.0,0.5,101.0,0.0,0,False
2012,2012-03-31,True,False,atl,phi,90,95,23,18,25,24,0,17,26,19,33,0,home,7.0,176.5,255.0,-310.0,4.0,87.5,0.0,1,True
2012,2012-03-31,True,False,cle,ny,75,91,17,21,22,15,0,25,21,20,25,0,home,11.5,191.5,650.0,-900.0,4.0,94.0,1.0,0,True
2012,2012-03-31,True,False,no,lal,85,88,14,25,28,18,0,20,23,18,27,0,home,12.5,186.5,1095.0,-1620.0,7.0,93.0,0.0,0,True
2012,2012-03-31,True,False,cha,det,107,110,17,32,28,20,10,21,27,20,29,13,home,7.5,182.5,290.0,-350.0,5.5,90.5,0.0,1,True
2012,2012-04-01,True,False,min,por,106,119,27,23,30,26,0,27,30,31,31,0,home,3.5,199.0,140.0,-160.0,0.5,100.0,1.0,1,True
2012,2012-04-01,True,False,no,phx,75,92,21,20,17,17,0,26,24,25,17,0,home,10.0,192.0,500.0,-700.0,3.0,94.5,1.0,0,True
2012,2012-04-01,True,False,ind,hou,104,102,27,17,19,30,11,23,19,31,20,9,home,3.5,193.5,145.0,-165.0,3.5,96.5,0.0,1,False
2012,2012-04-01,True,False,gs,lal,112,120,26,28,22,36,0,27,30,32,31,0,home,10.0,197.0,520.0,-720.0,5.5,99.0,0.0,1,True
2012,2012-04-01,True,False,wsh,tor,92,99,21,21,19,31,0,22,24,25,28,0,home,6.5,192.5,240.0,-280.0,2.5,94.5,1.0,0,True
2012,2012-04-01,True,False,mia,bos,72,91,19,25,12,16,0,29,20,31,11,0,away,4.5,185.5,-190.0,165.0,4.0,92.5,0.0,0,True
2012,2012-04-01,True,False,chi,okc,78,92,20,19,12,27,0,27,22,31,12,0,home,6.5,192.0,235.0,-275.0,0.0,95.0,1.0,0,True
2012,2012-04-01,True,False,den,orl,104,101,27,21,27,29,0,19,23,32,27,0,home,3.5,202.0,145.0,-165.0,3.0,100.0,0.0,1,False
2012,2012-04-02,True,False,mil,wsh,112,98,28,27,28,29,0,19,28,22,29,0,away,7.0,205.5,-320.0,260.0,1.5,102.5,1.0,1,False
2012,2012-04-02,True,False,hou,chi,99,93,26,14,31,28,0,22,29,19,23,0,home,8.0,185.0,310.0,-380.0,1.5,90.5,0.0,1,False
2012,2012-04-02,True,False,mem,okc,94,88,21,21,26,26,0,22,22,20,24,0,home,7.5,196.5,280.0,-340.0,4.5,96.0,0.0,0,False
2012,2012-04-02,True,False,lac,dal,94,75,25,22,25,22,0,17,16,21,21,0,home,4.5,189.5,165.0,-185.0,7.0,92.5,0.0,0,False
2012,2012-04-02,True,False,min,sac,108,116,30,28,28,22,0,33,32,22,29,0,home,3.0,217.0,140.0,-160.0,0.5,108.5,1.0,1,True
2012,2012-04-02,True,False,utah,por,102,97,22,32,29,19,0,35,22,21,19,0,home,2.0,198.0,115.0,-135.0,0.5,101.0,0.0,1,False
2012,2012-04-03,True,False,gs,mem,94,98,24,26,29,15,0,20,30,20,28,0,home,7.5,195.0,260.0,-320.0,5.0,95.5,0.0,0,True
2012,2012-04-03,True,False,phx,sac,109,100,29,30,20,30,0,18,33,27,22,0,away,3.0,212.5,-145.0,125.0,1.5,105.0,1.0,0,False
2012,2012-04-03,True,False,bkn,lal,87,91,23,22,21,21,0,32,26,20,13,0,home,8.0,196.0,345.0,-435.0,1.0,97.0,0.0,0,True
2012,2012-04-03,True,False,phi,mia,93,99,27,27,16,23,0,29,22,25,23,0,home,7.0,184.0,265.0,-325.0,5.5,90.5,0.0,1,True
2012,2012-04-03,True,False,ny,ind,104,112,31,28,28,17,0,31,20,21,40,0,home,5.5,191.5,195.0,-245.0,5.5,93.0,1.0,1,True
2012,2012-04-03,True,False,cha,tor,87,92,22,24,18,23,0,24,29,18,21,0,home,9.0,189.0,445.0,-635.0,3.5,95.0,0.0,0,True
2012,2012-04-03,True,False,sa,cle,125,90,32,28,30,35,0,18,23,22,27,0,away,9.0,201.5,-655.0,465.0,0.5,97.0,1.0,1,False
2012,2012-04-03,True,False,orl,det,95,102,25,22,27,21,0,27,23,24,28,0,away,1.0,181.5,-115.0,-105.0,0.5,89.5,0.0,1,True
2012,2012-04-04,True,False,lal,lac,113,108,34,29,29,21,0,29,26,26,27,0,home,3.0,189.0,120.0,-140.0,4.0,94.5,0.0,1,False
2012,2012-04-04,True,False,ind,wsh,109,96,37,15,34,23,0,28,23,23,22,0,away,5.5,196.0,-250.0,210.0,3.5,98.0,1.0,1,False
2012,2012-04-04,True,False,tor,phi,99,78,29,26,24,20,0,31,25,15,7,0,home,8.5,183.0,335.0,-430.0,5.5,91.0,0.0,0,False
2012,2012-04-04,True,False,sa,bos,87,86,27,32,9,19,0,20,28,16,22,0,home,0.0,193.0,-103.0,-107.0,4.0,95.5,0.0,0,False
2012,2012-04-04,True,False,cha,atl,93,120,25,19,26,23,0,27,34,28,31,0,home,13.0,185.5,1000.0,-1425.0,2.5,91.0,1.0,1,True
2012,2012-04-04,True,False,okc,mia,93,98,23,26,24,20,0,21,29,30,18,0,home,3.0,198.5,125.0,-145.0,2.5,98.5,1.0,0,True
2012,2012-04-04,True,False,den,no,92,94,18,28,21,25,0,20,25,30,19,0,away,5.0,195.0,-200.0,170.0,3.0,95.5,0.0,0,True
2012,2012-04-04,True,False,gs,min,97,94,21,18,38,20,0,26,25,20,23,0,home,6.0,207.0,210.0,-250.0,0.0,101.5,0.0,0,False
2012,2012-04-04,True,False,cle,mil,98,107,14,25,29,30,0,29,24,26,28,0,home,12.0,204.0,675.0,-950.0,2.5,99.5,0.0,1,True
2012,2012-04-04,True,False,mem,dal,85,95,23,28,17,17,0,20,27,19,29,0,home,5.5,185.0,200.0,-240.0,5.0,90.5,1.0,0,True
2012,2012-04-04,True,False,phx,utah,107,105,31,27,25,24,0,31,25,24,25,0,home,6.0,202.0,210.0,-250.0,5.0,99.5,0.0,1,False
2012,2012-04-04,True,False,bkn,por,88,101,17,27,20,24,0,21,25,30,25,0,home,9.0,195.0,400.0,-500.0,5.5,98.0,1.0,0,True
2012,2012-04-05,True,False,bos,chi,86,93,22,27,17,20,0,18,20,29,26,0,home,6.5,178.0,230.0,-270.0,6.0,88.5,1.0,1,True
2012,2012-04-05,True,False,lac,sac,93,85,27,21,19,26,0,23,19,20,23,0,away,3.0,205.5,-150.0,130.0,0.0,101.0,1.0,0,False
2012,2012-04-05,True,False,ny,orl,96,80,23,33,20,20,0,21,23,17,19,0,home,3.0,188.5,125.0,-145.0,5.0,93.0,0.0,0,False
2012,2012-04-05,True,False,wsh,det,94,99,21,19,24,30,0,28,23,25,23,0,home,8.0,190.5,305.0,-375.0,1.5,93.5,0.0,1,True
2012,2012-04-06,True,False,okc,ind,98,103,20,21,20,37,0,32,24,19,28,0,away,4.0,200.5,-170.0,150.0,6.0,98.0,0.0,1,True
2012,2012-04-06,True,False,wsh,bkn,98,110,20,23,23,32,0,33,24,26,27,0,home,8.0,197.0,300.0,-360.0,0.5,98.0,1.0,1,True
2012,2012-04-06,True,False,det,atl,96,101,20,23,25,28,0,24,28,26,23,0,home,9.0,186.0,410.0,-520.0,2.5,92.5,0.0,1,True
2012,2012-04-06,True,False,mem,mia,97,82,25,23,25,24,0,12,20,29,21,0,home,8.0,189.0,320.0,-400.0,9.0,93.5,0.0,0,False
2012,2012-04-06,True,False,cle,tor,84,80,20,19,12,33,0,22,20,21,17,0,home,7.5,188.5,290.0,-350.0,3.5,93.0,0.0,0,False
2012,2012-04-06,True,False,no,sa,103,128,24,21,28,30,0,34,38,27,29,0,home,11.0,194.0,625.0,-850.0,1.0,94.5,1.0,1,True
2012,2012-04-06,True,False,cha,mil,90,95,30,22,16,22,0,28,25,19,23,0,home,13.0,203.0,1025.0,-1500.0,8.0,100.5,0.0,0,True
2012,2012-04-06,True,False,por,dal,99,97,17,27,30,17,8,27,29,10,25,6,home,6.0,191.0,220.0,-260.0,0.5,94.5,0.0,1,False
2012,2012-04-06,True,False,phx,den,99,105,29,23,23,24,0,21,31,26,27,0,home,3.0,210.5,135.0,-155.0,2.0,104.0,1.0,0,True
2012,2012-04-06,True,False,gs,utah,98,104,27,28,25,18,0,28,27,23,26,0,home,8.0,203.0,300.0,-360.0,5.5,102.0,0.0,0,True
2012,2012-04-06,True,False,hou,lal,112,107,29,21,34,28,0,24,35,24,24,0,home,6.0,195.5,230.0,-270.0,0.5,97.5,0.0,1,False
2012,2012-04-07,True,False,lal,phx,105,125,32,25,26,22,0,24,38,37,26,0,home,2.0,199.0,110.0,-130.0,0.5,99.5,1.0,1,True
2012,2012-04-07,True,False,por,mil,94,116,31,32,20,11,0,33,21,32,30,0,home,5.0,206.0,170.0,-200.0,5.0,102.0,1.0,1,True
2012,2012-04-07,True,False,dal,mem,89,94,10,29,28,22,0,29,21,22,22,0,home,4.0,183.0,160.0,-180.0,1.5,91.5,1.0,2,True
2012,2012-04-07,True,False,den,gs,97,112,27,22,26,22,0,26,30,29,27,0,away,3.0,210.0,-155.0,135.0,3.5,104.5,0.0,0,True
2012,2012-04-07,True,False,orl,phi,88,82,24,13,25,26,0,19,26,16,21,0,home,6.0,179.0,210.0,-250.0,1.0,88.5,0.0,0,False
2012,2012-04-07,True,False,min,no,90,99,21,20,26,23,0,20,26,33,20,0,away,3.0,192.0,-145.0,125.0,3.5,95.0,0.0,0,True
2012,2012-04-07,True,False,sac,lac,94,109,22,29,23,20,0,29,27,26,27,0,home,8.0,203.0,320.0,-400.0,3.5,100.0,1.0,2,True
2012,2012-04-07,True,False,bos,ind,86,72,24,19,16,27,0,19,14,18,21,0,home,1.5,185.5,110.0,-130.0,4.0,91.0,0.0,0,False
2012,2012-04-07,True,False,atl,cha,116,96,19,29,38,30,0,23,13,32,28,0,away,8.0,188.0,-420.0,330.0,0.5,92.5,1.0,1,False
2012,2012-04-08,True,False,chi,ny,99,100,19,26,30,16,8,31,22,19,19,9,away,3.0,185.5,-155.0,135.0,4.5,93.0,0.0,1,True
2012,2012-04-08,True,False,cle,bkn,117,122,30,18,23,38,8,26,30,20,33,13,home,7.5,191.5,290.0,-350.0,1.5,95.0,0.0,1,True
2012,2012-04-08,True,False,phi,bos,79,103,22,14,27,16,0,25,25,34,19,0,home,3.5,175.0,150.0,-170.0,2.5,86.5,1.0,1,True
2012,2012-04-08,True,False,det,mia,75,98,21,19,14,21,0,19,31,19,29,0,home,11.5,189.0,685.0,-975.0,3.0,93.5,1.0,0,True
2012,2012-04-08,True,False,tor,okc,75,91,20,23,12,20,0,25,25,20,21,0,home,12.5,196.5,816.0,-1100.0,5.5,97.5,1.0,0,True
2012,2012-04-08,True,False,utah,sa,104,114,19,21,36,28,0,31,26,28,29,0,home,10.0,210.0,425.0,-550.0,1.0,104.0,2.0,1,True
2012,2012-04-08,True,False,hou,sac,104,87,32,26,15,31,0,21,22,20,24,0,away,4.0,209.0,-170.0,150.0,2.5,103.5,1.0,0,False
2012,2012-04-09,True,False,det,orl,89,119,22,21,28,18,0,29,35,30,25,0,home,7.5,184.5,265.0,-325.0,1.5,91.0,1.0,1,True
2012,2012-04-09,True,False,hou,por,94,89,24,25,22,23,0,17,23,25,24,0,home,3.0,196.0,125.0,-145.0,3.5,97.0,0.0,0,False
2012,2012-04-09,True,False,sa,utah,84,91,19,25,24,16,0,23,24,17,27,0,home,4.0,207.5,155.0,-175.0,2.0,101.5,1.0,0,True
2012,2012-04-09,True,False,phx,min,114,90,21,32,30,31,0,18,27,23,22,0,away,2.5,209.0,-145.0,125.0,1.0,102.5,1.0,0,False
2012,2012-04-09,True,False,gs,den,84,123,13,25,20,26,0,37,28,25,33,0,home,8.5,211.0,350.0,-450.0,2.5,102.0,1.0,0,True
2012,2012-04-09,True,False,tor,ind,98,103,16,21,25,36,0,21,30,26,26,0,home,10.5,188.0,500.0,-700.0,2.0,90.5,0.0,1,True
2012,2012-04-09,True,False,lac,mem,85,94,18,23,19,25,0,24,28,19,23,0,home,4.5,186.5,160.0,-180.0,1.0,91.0,1.0,0,True
2012,2012-04-09,True,False,lal,no,93,91,21,23,21,28,0,19,24,29,19,0,away,3.5,186.5,-170.0,150.0,2.5,92.0,0.0,0,False
2012,2012-04-09,True,False,wsh,cha,113,85,31,29,25,28,0,20,20,18,27,0,home,1.5,196.5,105.0,-125.0,5.0,97.0,0.0,1,False
2012,2012-04-09,True,False,okc,mil,109,89,35,26,26,22,0,18,29,19,23,0,away,3.0,212.5,-150.0,130.0,2.5,104.0,1.0,0,False
2012,2012-04-10,True,False,ny,chi,86,98,25,10,27,24,0,22,25,25,26,0,home,7.0,187.0,250.0,-300.0,0.5,92.0,1.0,0,True
2012,2012-04-10,True,False,sac,dal,100,110,27,23,27,23,0,25,32,26,27,0,home,9.0,202.5,450.0,-600.0,3.0,99.0,1.0,1,True
2012,2012-04-10,True,False,phi,bkn,107,88,20,32,32,23,0,20,23,25,20,0,away,6.0,186.0,-260.0,220.0,0.5,92.5,1.0,1,False
2012,2012-04-10,True,False,cha,cle,90,103,22,23,26,19,0,30,19,23,31,0,home,6.5,195.0,240.0,-280.0,2.5,97.0,1.0,0,True
2012,2012-04-10,True,False,orl,wsh,85,93,29,12,20,24,0,18,23,19,33,0,away,4.5,195.0,-210.0,175.0,3.0,96.5,0.0,0,True
2012,2012-04-10,True,False,bos,mia,115,107,33,32,24,26,0,22,35,24,26,0,home,7.5,183.0,290.0,-350.0,7.5,91.5,0.0,1,False
2012,2012-04-11,True,False,gs,por,110,118,25,30,20,35,0,30,32,23,33,0,home,4.5,197.5,155.0,-175.0,0.0,99.5,1.0,1,True
2012,2012-04-11,True,False,lal,sa,98,84,24,24,27,23,0,21,22,16,25,0,home,10.0,201.5,450.0,-600.0,9.0,99.0,0.0,0,False
2012,2012-04-11,True,False,lac,okc,100,98,21,27,28,24,0,24,31,25,18,0,home,8.0,197.0,300.0,-360.0,2.5,96.0,0.0,1,False
2012,2012-04-11,True,False,phx,mem,93,104,26,27,19,21,0,32,27,21,24,0,home,5.5,194.5,180.0,-220.0,1.5,96.5,1.0,1,True
2012,2012-04-11,True,False,sac,no,96,105,29,20,21,26,0,20,30,29,26,0,home,3.0,197.0,120.0,-140.0,1.5,97.5,1.0,1,True
2012,2012-04-11,True,False,min,den,107,113,24,23,33,27,0,37,31,21,24,0,home,8.0,213.5,350.0,-450.0,0.5,103.0,0.0,1,True
2012,2012-04-11,True,False,ny,mil,111,107,36,26,22,27,0,26,36,26,19,0,home,4.0,202.0,155.0,-175.0,3.0,100.0,0.0,1,False
2012,2012-04-11,True,False,atl,bos,86,88,25,23,20,16,2,26,14,27,17,4,home,3.0,180.0,120.0,-140.0,3.5,90.0,0.0,0,True
2012,2012-04-11,True,False,ind,cle,104,98,28,18,27,21,10,25,21,20,28,4,away,9.0,192.5,-500.0,400.0,6.0,95.0,0.0,1,False
2012,2012-04-11,True,False,phi,tor,93,75,20,22,21,30,0,20,17,20,18,0,away,4.5,178.0,-190.0,165.0,1.5,88.5,1.0,0,False
2012,2012-04-11,True,False,utah,hou,103,91,30,26,24,23,0,26,20,21,24,0,home,6.0,198.0,220.0,-260.0,6.0,101.0,0.0,0,False
2012,2012-04-12,True,False,det,cha,109,85,22,30,40,17,0,18,22,22,23,0,away,5.5,192.0,-230.0,190.0,1.0,96.0,1.0,1,False
2012,2012-04-12,True,False,mia,chi,86,96,22,19,21,22,2,19,17,24,24,12,home,1.5,185.0,120.0,-140.0,2.0,91.5,1.0,0,True
2012,2012-04-12,True,False,lac,min,95,82,21,26,26,22,0,26,22,20,14,0,away,8.0,193.5,-380.0,310.0,6.0,96.5,1.0,0,False
2012,2012-04-12,True,False,mem,sa,97,107,21,28,25,23,0,27,18,37,25,0,home,6.0,196.5,200.0,-240.0,6.0,97.0,1.0,1,True
2012,2012-04-12,True,False,dal,gs,112,103,27,36,26,23,0,20,29,30,24,0,away,6.5,197.0,-275.0,235.0,1.0,98.5,1.0,1,False
2012,2012-04-13,True,False,sac,okc,89,115,21,18,24,26,0,23,35,28,29,0,home,13.5,213.0,1075.0,-1600.0,2.5,105.0,1.0,0,True
2012,2012-04-13,True,False,dal,por,97,94,30,26,25,16,0,16,25,20,33,0,away,4.5,193.0,-180.0,160.0,2.5,96.5,0.0,0,False
2012,2012-04-13,True,False,utah,no,85,96,28,19,23,15,0,24,23,26,23,0,away,4.0,191.0,-175.0,155.0,3.0,96.0,0.0,0,True
2012,2012-04-13,True,False,den,lal,97,103,19,29,23,26,0,30,24,25,24,0,home,3.5,201.0,150.0,-170.0,0.0,100.5,1.0,0,True
2012,2012-04-13,True,False,mil,det,113,97,30,22,33,28,0,25,22,26,24,0,away,5.0,203.0,-210.0,175.0,1.5,100.5,1.0,1,False
2012,2012-04-13,True,False,phx,hou,112,105,21,30,30,31,0,28,27,14,36,0,home,4.0,200.0,155.0,-175.0,1.0,99.0,0.0,1,False
2012,2012-04-13,True,False,bos,tor,79,84,20,16,11,32,0,13,17,27,27,0,away,8.0,177.0,-360.0,300.0,3.0,87.5,0.0,0,True
2012,2012-04-13,True,False,wsh,ny,65,103,13,20,14,18,0,26,28,26,23,0,home,10.5,197.5,530.0,-730.0,0.0,97.5,1.0,0,True
2012,2012-04-13,True,False,bkn,phi,95,89,24,17,22,32,0,18,26,22,23,0,home,11.0,186.5,600.0,-800.0,6.0,92.5,0.0,0,False
2012,2012-04-13,True,False,atl,orl,109,81,36,26,27,20,0,23,19,22,17,0,away,2.5,185.0,-140.0,120.0,4.0,92.5,1.0,1,False
2012,2012-04-13,True,False,cle,ind,83,102,19,24,13,27,0,16,25,34,27,0,home,12.0,193.5,650.0,-900.0,9.0,96.0,1.0,0,True
2012,2012-04-13,True,False,cha,mia,82,105,19,20,20,23,0,33,25,23,24,0,home,16.5,193.5,2750.0,-6000.0,4.0,95.5,1.0,0,True
2012,2012-04-14,True,False,gs,lac,104,112,23,35,24,22,0,35,24,27,26,0,home,13.0,195.0,650.0,-900.0,8.0,98.0,0.0,1,True
2012,2012-04-14,True,False,cle,wsh,98,89,22,28,23,25,0,22,21,28,18,0,home,5.5,198.5,190.0,-230.0,5.5,99.5,0.0,0,False
2012,2012-04-14,True,False,bos,bkn,94,82,22,26,26,20,0,28,20,13,21,0,away,7.0,184.0,-320.0,260.0,5.0,92.5,1.0,0,False
2012,2012-04-14,True,False,utah,mem,98,103,30,21,25,22,0,28,22,20,33,0,home,9.5,191.0,400.0,-500.0,6.5,97.0,0.0,1,True
2012,2012-04-14,True,False,okc,min,115,110,34,25,27,29,0,31,27,22,30,0,away,11.5,201.5,-900.0,650.0,7.5,101.5,0.0,1,False
2012,2012-04-14,True,False,ind,mil,105,99,27,32,21,25,0,27,21,30,21,0,home,3.0,206.0,130.0,-150.0,5.0,102.5,0.0,0,False
2012,2012-04-14,True,False,phx,sa,91,105,13,25,27,26,0,35,27,22,21,0,home,9.0,208.5,330.0,-420.0,3.0,101.5,1.0,0,True
2012,2012-04-15,True,False,hou,den,86,101,27,22,19,18,0,22,21,37,21,0,home,3.5,208.5,135.0,-155.0,3.5,103.5,1.0,0,True
2012,2012-04-15,True,False,mem,no,75,88,16,21,19,19,0,15,18,29,26,0,away,5.0,182.0,-200.0,170.0,1.5,90.0,0.0,0,True
2012,2012-04-15,True,False,por,sac,103,104,28,26,27,22,0,22,24,33,25,0,home,3.0,210.0,125.0,-145.0,3.5,104.5,0.0,0,True
2012,2012-04-15,True,False,orl,cle,100,84,23,20,31,26,0,15,15,30,24,0,away,6.5,190.5,-270.0,230.0,0.5,93.0,1.0,0,False
2012,2012-04-15,True,False,bos,cha,94,82,34,18,21,21,0,23,26,18,15,0,away,6.5,180.0,-280.0,240.0,3.5,89.5,1.0,0,False
2012,2012-04-15,True,False,tor,atl,102,86,25,28,20,29,0,23,16,25,22,0,home,10.0,183.0,450.0,-600.0,9.5,91.5,0.0,1,False
2012,2012-04-15,True,False,mia,ny,93,85,29,17,25,22,0,22,22,24,17,0,away,3.0,189.0,-150.0,130.0,1.5,94.0,1.0,0,False
2012,2012-04-15,True,False,chi,det,100,94,26,23,15,22,14,19,22,25,20,8,away,9.5,184.5,-575.0,435.0,2.5,92.0,0.0,1,False
2012,2012-04-15,True,False,dal,lal,108,112,27,27,21,23,10,22,26,28,22,14,home,2.0,188.5,110.0,-130.0,2.0,94.0,1.0,1,True
2012,2012-04-16,True,False,sa,gs,120,99,39,31,26,24,0,24,25,23,27,0,away,10.0,208.0,-600.0,450.0,1.5,103.5,1.0,1,False
2012,2012-04-16,True,False,por,phx,107,125,24,29,27,27,0,35,31,31,28,0,home,11.0,201.0,600.0,-800.0,2.0,101.0,1.0,1,True
2012,2012-04-16,True,False,den,hou,105,102,21,23,31,30,0,32,19,23,28,0,home,4.5,207.0,160.0,-180.0,0.5,101.5,0.0,2,False
2012,2012-04-16,True,False,wsh,chi,87,84,19,24,14,30,0,23,17,23,21,0,home,11.5,187.5,675.0,-950.0,9.0,92.0,0.0,0,False
2012,2012-04-16,True,False,okc,lac,77,92,27,25,14,11,0,21,22,23,26,0,away,3.0,199.0,-155.0,135.0,2.0,98.0,0.0,0,True
2012,2012-04-16,True,False,atl,tor,109,87,30,24,25,30,0,32,19,17,19,0,away,6.0,182.0,-240.0,200.0,3.0,91.5,1.0,1,False
2012,2012-04-16,True,False,phi,orl,100,113,27,28,24,21,0,21,40,29,23,0,away,6.5,181.5,-270.0,230.0,5.0,91.0,0.0,1,True
2012,2012-04-16,True,False,min,ind,88,111,13,17,33,25,0,32,32,29,18,0,home,11.0,199.5,550.0,-750.0,1.5,96.5,1.0,0,True
2012,2012-04-16,True,False,no,cha,75,67,14,21,12,28,0,15,24,8,20,0,away,6.5,185.0,-270.0,230.0,6.0,90.5,1.0,0,False
2012,2012-04-16,True,False,mia,bkn,101,98,29,23,18,31,0,34,21,24,19,0,away,8.5,192.5,-500.0,400.0,7.0,95.0,0.0,1,False
2012,2012-04-16,True,False,dal,utah,121,123,18,24,20,27,32,22,21,28,18,34,home,3.5,193.5,150.0,-170.0,2.5,94.0,0.0,1,True
2012,2012-04-17,True,False,ind,phi,102,97,23,24,23,32,0,21,21,28,27,0,home,3.5,184.5,135.0,-155.0,3.0,92.5,0.0,1,False
2012,2012-04-17,True,False,cle,det,77,116,16,22,12,27,0,27,34,39,16,0,home,7.0,192.5,260.0,-320.0,2.5,95.0,1.0,1,True
2012,2012-04-17,True,False,mem,min,91,84,32,23,23,13,0,22,34,13,15,0,away,9.5,192.5,-490.0,390.0,7.0,95.5,0.0,0,False
2012,2012-04-17,True,False,bos,ny,110,118,26,27,31,26,0,32,40,24,22,0,home,3.5,183.0,135.0,-155.0,4.0,92.5,1.0,1,True
2012,2012-04-17,True,False,sa,lal,112,91,27,36,28,21,0,28,19,23,21,0,away,3.0,198.0,-145.0,125.0,3.5,98.5,1.0,1,False
2012,2012-04-18,True,False,sa,sac,127,102,29,29,39,30,0,28,29,29,16,0,away,5.0,215.5,-210.0,175.0,3.0,107.5,1.0,1,False
2012,2012-04-18,True,False,okc,phx,109,97,29,23,30,27,0,25,20,32,20,0,away,4.0,208.5,-175.0,155.0,0.5,103.5,1.0,0,False
2012,2012-04-18,True,False,mil,wsh,112,121,31,31,19,31,0,28,32,28,33,0,away,8.0,205.0,-420.0,330.0,4.5,103.5,0.0,1,True
2012,2012-04-18,True,False,lal,gs,99,87,32,24,28,15,0,26,22,19,20,0,away,7.0,203.5,-310.0,255.0,1.5,101.0,1.0,0,False
2012,2012-04-18,True,False,lac,den,104,98,22,25,29,28,0,34,19,23,22,0,home,3.0,201.5,135.0,-155.0,0.5,100.0,0.0,1,False
2012,2012-04-18,True,False,utah,por,112,91,26,31,24,31,0,23,16,21,31,0,away,5.0,198.5,-210.0,175.0,2.0,100.0,1.0,1,False
2012,2012-04-18,True,False,hou,dal,110,117,27,28,29,26,0,27,28,23,39,0,home,4.5,191.5,170.0,-200.0,3.0,95.0,1.0,1,True
2012,2012-04-18,True,False,chi,cha,100,68,34,18,25,23,0,20,17,22,9,0,away,13.0,179.0,-450.0,385.0,3.0,88.5,1.0,0,False
2012,2012-04-18,True,False,no,mem,91,103,21,27,12,31,0,23,24,37,19,0,home,9.5,180.0,425.0,-550.0,7.0,89.0,1.0,1,True
2012,2012-04-18,True,False,tor,mia,72,96,24,25,11,12,0,25,26,23,22,0,home,9.5,187.0,450.0,-600.0,5.5,92.5,1.0,0,True
2012,2012-04-18,True,False,ny,bkn,104,95,38,26,14,26,0,22,25,24,24,0,away,8.0,193.0,-400.0,320.0,0.0,96.0,1.0,1,False
2012,2012-04-18,True,False,det,atl,84,116,20,22,19,23,0,39,33,22,22,0,home,9.5,190.5,410.0,-520.0,3.5,94.0,1.0,1,True
2012,2012-04-18,True,False,phi,cle,103,87,28,25,31,19,0,22,27,17,21,0,away,9.0,185.0,-480.0,380.0,4.5,92.0,1.0,1,False
2012,2012-04-18,True,False,orl,bos,98,102,22,29,19,28,0,33,22,24,23,0,home,4.5,178.0,170.0,-200.0,1.5,89.5,0.0,1,True
2012,2012-04-19,True,False,mil,ind,109,118,29,21,28,31,0,34,22,33,29,0,home,6.0,207.0,200.0,-240.0,1.5,103.0,1.0,1,True
2012,2012-04-19,True,False,min,det,91,80,24,25,19,23,0,16,15,17,32,0,home,5.0,197.5,175.0,-210.0,7.0,97.0,0.0,0,False
2012,2012-04-19,True,False,hou,no,99,105,29,22,13,23,12,22,21,26,18,18,away,5.5,187.5,-250.0,210.0,0.5,93.0,0.0,1,True
2012,2012-04-19,True,False,chi,mia,72,83,23,17,21,11,0,27,15,24,17,0,home,6.5,183.5,240.0,-280.0,4.0,90.5,1.0,0,True
2012,2012-04-19,True,False,lac,phx,90,93,29,16,26,19,0,27,19,23,24,0,home,2.0,197.0,110.0,-130.0,1.5,97.0,1.0,0,True
2012,2012-04-20,True,False,lal,sa,97,121,25,27,21,24,0,32,24,35,30,0,home,6.5,203.5,220.0,-260.0,2.5,101.0,1.0,1,True
2012,2012-04-20,True,False,okc,sac,103,92,32,25,24,22,0,25,24,21,22,0,away,10.0,213.5,-620.0,460.0,3.5,105.0,1.0,0,False
2012,2012-04-20,True,False,gs,dal,94,104,22,27,21,24,0,27,23,26,28,0,home,13.0,201.0,685.0,-975.0,8.5,99.0,0.0,0,True
2012,2012-04-20,True,False,bos,atl,92,97,27,22,22,21,0,34,24,16,23,0,home,10.5,180.0,475.0,-650.0,3.5,90.5,0.0,1,True
2012,2012-04-20,True,False,mem,cha,85,80,17,20,20,28,0,21,18,26,15,0,away,14.0,182.5,-2200.0,1300.0,9.5,90.0,0.0,0,False
2012,2012-04-20,True,False,ny,cle,90,98,20,14,22,34,0,25,20,27,26,0,away,10.0,195.0,-650.0,475.0,9.0,95.5,0.0,0,True
2012,2012-04-21,True,False,den,phx,118,107,30,30,33,25,0,34,24,22,27,0,home,4.0,210.5,160.0,-180.0,4.0,105.5,0.0,1,False
2012,2012-04-21,True,False,phi,ind,109,106,34,19,28,17,11,23,31,20,24,8,home,4.5,189.5,165.0,-190.0,3.0,94.0,0.0,1,False
2012,2012-04-21,True,False,wsh,mia,86,84,23,22,18,23,0,15,22,25,22,0,home,10.0,193.0,450.0,-600.0,7.5,90.0,0.0,0,False
2012,2012-04-21,True,False,dal,chi,83,93,8,30,18,27,0,21,23,22,27,0,home,8.0,182.5,310.0,-380.0,3.0,90.5,1.0,0,True
2012,2012-04-21,True,False,por,mem,89,93,27,18,22,22,0,24,30,25,14,0,home,12.0,191.5,816.0,-1100.0,4.0,95.0,0.0,0,True
2012,2012-04-21,True,False,gs,hou,96,99,21,34,16,25,0,31,27,19,22,0,home,13.0,204.0,1750.0,-3400.0,7.0,101.0,0.0,0,True
2012,2012-04-21,True,False,bkn,mil,95,106,23,19,27,26,0,24,29,20,33,0,home,9.5,209.0,425.0,-550.0,2.0,102.5,1.0,0,True
2012,2012-04-21,True,False,orl,utah,107,117,36,19,28,18,6,23,32,26,20,16,home,9.0,194.5,400.0,-500.0,6.5,97.5,1.0,1,True
2012,2012-04-22,True,False,no,lac,98,107,27,25,32,14,0,32,25,17,33,0,home,10.5,182.5,480.0,-680.0,5.0,90.5,0.0,1,True
2012,2012-04-22,True,False,orl,den,74,101,19,25,18,12,0,24,20,29,28,0,home,11.0,205.0,505.0,-730.0,7.0,101.5,1.0,0,True
2012,2012-04-22,True,False,gs,min,93,88,17,22,30,24,0,32,23,20,13,0,home,9.0,205.0,375.0,-475.0,0.5,99.5,0.0,0,False
2012,2012-04-22,True,False,cle,sa,98,114,22,22,26,28,0,29,23,29,33,0,home,15.5,205.5,1520.0,-3320.0,7.0,102.5,1.0,1,True
2012,2012-04-22,True,False,ny,atl,113,112,31,29,34,19,0,31,34,28,19,0,home,2.5,191.0,125.0,-145.0,0.5,97.5,0.0,1,False
2012,2012-04-22,True,False,tor,det,73,76,15,19,16,23,0,14,15,24,23,0,home,4.0,187.0,165.0,-190.0,4.0,91.5,0.0,0,True
2012,2012-04-22,True,False,sac,cha,114,88,31,28,28,27,0,19,25,23,21,0,away,4.5,196.5,-180.0,160.0,2.0,97.0,1.0,1,False
2012,2012-04-22,True,False,okc,lal,106,114,26,26,25,14,15,20,27,14,30,23,away,1.0,198.5,-115.0,-105.0,1.0,98.0,0.0,1,True
2012,2012-04-22,True,False,hou,mia,88,97,27,17,25,19,0,22,23,21,31,0,home,5.0,191.0,175.0,-215.0,3.0,93.0,1.0,0,True
2012,2012-04-23,True,False,por,sa,89,124,18,23,24,24,0,31,32,28,33,0,home,15.0,207.5,1800.0,-2700.0,3.0,101.0,1.0,1,True
2012,2012-04-23,True,False,tor,mil,86,92,25,23,19,19,0,17,26,19,30,0,home,9.5,200.0,425.0,-550.0,8.5,97.0,0.0,0,True
2012,2012-04-23,True,False,cle,mem,101,109,32,20,26,23,0,26,29,22,32,0,home,12.5,190.5,933.0,-1308.0,7.0,94.0,0.0,1,True
2012,2012-04-23,True,False,cha,wsh,73,101,22,17,23,11,0,31,32,20,18,0,home,10.5,190.0,475.0,-650.0,1.0,94.5,1.0,0,True
2012,2012-04-23,True,False,det,ind,97,103,26,26,23,22,0,26,28,22,27,0,home,7.5,190.5,260.0,-320.0,3.5,95.5,0.0,1,True
2012,2012-04-23,True,False,phi,bkn,105,87,31,22,23,29,0,18,25,25,19,0,away,9.5,186.5,-500.0,400.0,2.5,93.0,1.0,1,False
2012,2012-04-24,True,False,lac,atl,102,109,28,22,22,30,0,23,29,33,24,0,away,1.0,193.5,110.0,-130.0,0.5,95.5,0.0,1,True
2012,2012-04-24,True,False,sac,okc,110,118,40,19,27,24,0,35,22,25,36,0,home,10.5,211.0,475.0,-650.0,8.0,104.5,0.0,1,True
2012,2012-04-24,True,False,mia,bos,66,78,17,17,16,16,0,10,18,22,28,0,home,7.0,181.5,245.0,-290.0,4.5,86.5,1.0,0,True
2012,2012-04-24,True,False,phx,utah,88,100,19,23,26,20,0,25,24,24,27,0,home,4.5,204.5,175.0,-210.0,0.5,99.5,1.0,0,True
2012,2012-04-24,True,False,no,gs,83,81,21,22,18,22,0,22,21,21,17,0,away,2.5,193.0,-140.0,120.0,1.5,94.5,0.0,0,False
2012,2012-04-25,True,False,sa,phx,110,106,26,32,24,28,0,29,24,29,24,0,home,3.0,207.0,130.0,-150.0,3.0,103.5,0.0,1,False
2012,2012-04-25,True,False,phi,mil,90,85,24,21,26,19,0,29,21,13,22,0,home,7.5,194.5,300.0,-360.0,3.0,94.5,0.0,0,False
2012,2012-04-25,True,False,lac,ny,93,99,19,20,27,27,0,24,24,26,25,0,home,5.0,190.5,180.0,-220.0,0.0,93.0,1.0,1,True
2012,2012-04-25,True,False,cha,orl,95,102,24,23,26,22,0,37,20,26,19,0,home,14.5,185.5,1200.0,-2000.0,5.0,91.0,0.0,1,True
2012,2012-04-25,True,False,wsh,cle,96,85,21,28,28,19,0,27,18,18,22,0,away,2.5,195.0,-145.0,125.0,0.5,97.0,1.0,0,False
2012,2012-04-25,True,False,chi,ind,92,87,32,17,18,25,0,24,12,23,28,0,away,3.0,187.5,-145.0,125.0,2.5,91.0,1.0,0,False
2012,2012-04-25,True,False,den,okc,106,101,36,28,16,26,0,30,28,24,19,0,away,2.0,210.5,-130.0,110.0,1.0,104.5,1.0,0,False
2012,2012-04-26,True,False,sa,gs,107,101,27,26,31,23,0,29,25,28,19,0,away,6.0,207.5,-250.0,210.0,5.0,102.5,2.0,1,False
2012,2012-04-26,True,False,lal,sac,96,113,24,19,31,22,0,35,21,34,23,0,home,7.0,204.5,245.0,-290.0,1.0,98.5,1.0,1,True
2012,2012-04-26,True,False,por,utah,94,96,16,24,35,19,0,23,24,31,18,0,home,7.5,198.0,270.0,-330.0,2.0,96.5,0.0,0,True
2012,2012-04-26,True,False,den,min,131,102,29,32,32,38,0,25,17,27,33,0,away,8.0,208.0,-360.0,300.0,0.0,100.5,1.0,1,False
2012,2012-04-26,True,False,bkn,tor,67,98,15,12,16,24,0,26,28,19,25,0,home,7.0,183.0,260.0,-320.0,3.0,89.5,1.0,0,True
2012,2012-04-26,True,False,mil,bos,74,87,18,24,19,13,0,21,39,18,9,0,home,9.5,189.5,400.0,-500.0,0.5,93.5,1.0,0,True
2012,2012-04-26,True,False,orl,mem,76,88,9,21,24,22,0,27,27,13,21,0,home,15.5,186.0,1900.0,-4000.0,2.5,90.0,0.0,0,True
2012,2012-04-26,True,False,ny,cha,104,84,23,23,30,28,0,20,24,19,21,0,away,5.5,191.5,-220.0,180.0,2.5,93.0,1.0,0,False
2012,2012-04-26,True,False,phi,det,86,108,15,28,23,20,0,26,39,21,22,0,home,8.0,181.5,350.0,-450.0,1.5,88.5,1.0,1,True
2012,2012-04-26,True,False,no,hou,77,84,20,22,29,6,0,12,21,30,21,0,home,5.5,189.0,190.0,-230.0,5.0,90.5,1.0,0,True
2012,2012-04-26,True,False,cle,chi,75,107,25,20,17,13,0,26,32,22,27,0,home,14.0,183.0,1750.0,-3700.0,3.0,89.5,1.0,0,True
2012,2012-04-26,True,False,dal,atl,89,106,21,23,28,17,0,38,22,26,20,0,home,5.0,194.0,190.0,-230.0,1.5,95.5,1.0,1,True
2012,2012-04-26,True,False,mia,wsh,70,104,18,14,18,20,0,28,29,23,24,0,home,7.5,182.5,260.0,-320.0,2.0,87.5,1.0,0,True
