season,date,regular,playoffs,away_team,home_team,score_away,score_home,q1_away,q2_away,q3_away,q4_away,ot_away,q1_home,q2_home,q3_home,q4_home,ot_home,whos_favored,spread,total,away_ml,home_ml,h2_spread,h2_total,id_spread,id_total,home_won
2014,2013-10-29,True,False,chi,mia,95,107,15,18,25,37,0,17,37,24,29,0,home,5.0,188.5,180.0,-220.0,3.5,93.5,1.0,1,True
2014,2013-10-29,True,False,lac,lal,103,116,30,27,22,24,0,28,27,20,41,0,away,9.5,202.5,-575.0,435.0,5.5,103.0,0.0,1,True
2014,2013-10-29,True,False,orl,ind,87,97,18,26,20,23,0,23,17,29,28,0,home,12.0,188.5,675.0,-1025.0,9.5,94.5,0.0,0,True
2014,2013-10-30,True,False,lal,gs,94,125,16,24,23,31,0,26,33,37,29,0,home,12.5,206.0,690.0,-1090.0,1.5,101.5,1.0,1,True
2014,2013-10-30,True,False,den,sac,88,90,22,23,27,16,0,25,23,22,20,0,home,2.5,203.5,120.0,-140.0,0.5,101.5,0.0,0,True
2014,2013-10-30,True,False,atl,dal,109,118,28,27,24,30,0,33,20,33,32,0,home,6.0,196.0,205.0,-245.0,5.0,98.5,1.0,1,True
2014,2013-10-30,True,False,por,phx,91,104,16,30,23,22,0,30,20,31,23,0,away,5.5,197.5,-215.0,180.0,6.0,98.5,0.0,0,True
2014,2013-10-30,True,False,okc,utah,101,98,29,28,24,20,0,29,19,25,25,0,away,6.5,191.5,-275.0,225.0,0.5,93.5,0.0,1,False
2014,2013-10-30,True,False,mem,sa,94,101,20,7,31,36,0,18,30,24,29,0,home,6.0,189.0,210.0,-250.0,3.0,92.5,1.0,1,True
2014,2013-10-30,True,False,ind,no,95,90,14,22,23,36,0,24,26,16,24,0,home,1.5,187.5,100.0,-120.0,3.5,95.5,0.0,0,False
2014,2013-10-30,True,False,bkn,cle,94,98,26,22,22,24,0,27,22,30,19,0,away,3.0,194.0,-155.0,135.0,3.0,98.0,0.0,0,True
2014,2013-10-30,True,False,cha,hou,83,96,19,20,22,22,0,17,28,22,29,0,home,13.0,200.0,1030.0,-1630.0,6.0,98.0,2.0,0,True
2014,2013-10-30,True,False,mil,ny,83,90,18,13,33,19,0,24,32,18,16,0,home,8.0,196.5,290.0,-360.0,2.0,97.0,0.0,0,True
2014,2013-10-30,True,False,wsh,det,102,113,22,21,30,29,0,24,31,26,32,0,home,2.5,189.0,120.0,-140.0,3.0,93.0,1.0,1,True
2014,2013-10-30,True,False,bos,tor,87,93,26,11,34,16,0,21,28,22,22,0,home,8.0,189.5,305.0,-385.0,1.5,93.5,0.0,0,True
2014,2013-10-30,True,False,mia,phi,110,114,14,35,45,16,0,33,18,34,29,0,away,9.5,195.0,-795.0,495.0,9.0,96.5,0.0,1,True
2014,2013-10-30,True,False,orl,min,115,120,27,25,28,23,12,38,22,27,16,17,home,10.5,199.0,495.0,-795.0,4.0,100.0,0.0,1,True
2014,2013-10-31,True,False,ny,chi,81,82,16,22,23,20,0,26,17,28,11,0,home,7.5,188.0,290.0,-350.0,3.0,93.5,0.0,0,True
2014,2013-10-31,True,False,gs,lac,115,126,28,27,25,35,0,36,32,25,33,0,home,6.0,205.5,210.0,-250.0,2.0,103.5,1.0,1,True
2014,2013-11-01,True,False,mia,bkn,100,101,18,29,20,33,0,27,20,31,23,0,away,4.0,195.0,-170.0,150.0,3.0,97.5,0.0,1,True
2014,2013-11-01,True,False,por,den,113,98,24,40,27,22,0,22,28,21,27,0,home,4.5,198.0,165.0,-190.0,6.5,99.0,0.0,1,False
2014,2013-11-01,True,False,okc,min,81,100,19,20,21,21,0,34,25,29,12,0,home,2.0,201.0,115.0,-135.0,4.5,99.5,1.0,0,True
2014,2013-11-01,True,False,lac,sac,110,101,24,30,25,31,0,22,23,32,24,0,away,3.5,203.0,-165.0,145.0,0.5,100.5,1.0,1,False
2014,2013-11-01,True,False,sa,lal,91,85,16,25,22,28,0,23,19,19,24,0,away,7.0,208.5,-345.0,285.0,6.0,105.0,0.0,0,False
2014,2013-11-01,True,False,utah,phx,84,87,23,23,16,22,0,29,14,20,24,0,home,3.0,195.5,135.0,-155.0,3.0,99.0,2.0,0,True
2014,2013-11-01,True,False,det,mem,108,111,21,20,28,26,13,17,30,20,28,16,home,7.5,189.5,275.0,-335.0,2.0,94.0,0.0,1,True
2014,2013-11-01,True,False,mil,bos,105,98,16,31,24,34,0,29,34,20,15,0,home,2.5,185.5,120.0,-140.0,3.0,91.5,0.0,1,False
2014,2013-11-01,True,False,tor,atl,95,102,24,15,29,27,0,25,24,30,23,0,home,3.5,195.0,140.0,-160.0,1.5,95.0,1.0,1,True
2014,2013-11-01,True,False,phi,wsh,109,102,21,23,30,35,0,33,21,20,28,0,home,9.5,201.0,405.0,-530.0,2.0,99.0,0.0,1,False
2014,2013-11-01,True,False,cle,cha,84,90,23,26,17,18,0,30,24,21,15,0,away,3.5,188.0,-165.0,145.0,3.5,94.0,0.0,0,True
2014,2013-11-01,True,False,no,orl,90,110,20,15,25,30,0,22,31,32,25,0,away,4.0,193.5,-175.0,155.0,6.5,97.0,0.0,1,True
2014,2013-11-01,True,False,dal,hou,105,113,22,28,22,33,0,38,23,24,28,0,home,6.5,207.0,230.0,-280.0,0.0,104.0,1.0,1,True
2014,2013-11-02,True,False,cle,ind,74,89,16,21,18,19,0,21,22,19,27,0,home,8.0,188.0,350.0,-430.0,3.0,94.0,1.0,0,True
2014,2013-11-02,True,False,chi,phi,104,107,34,30,19,21,0,22,27,33,25,0,away,9.0,194.5,-450.0,370.0,1.0,97.5,0.0,1,True
2014,2013-11-02,True,False,cha,no,84,105,15,26,21,22,0,33,23,21,28,0,home,8.5,184.5,340.0,-420.0,1.0,91.5,1.0,1,True
2014,2013-11-02,True,False,tor,mil,97,90,27,24,26,20,0,19,27,19,25,0,away,1.0,190.5,-120.0,100.0,1.0,95.0,1.0,0,False
2014,2013-11-02,True,False,mem,dal,99,111,16,27,20,36,0,32,17,24,38,0,home,3.0,194.5,130.0,-150.0,0.5,97.5,1.0,1,True
2014,2013-11-02,True,False,hou,utah,104,93,16,24,33,31,0,24,32,17,20,0,away,6.0,199.5,-260.0,220.0,7.5,100.0,1.0,0,False
2014,2013-11-02,True,False,sa,por,105,115,19,20,35,31,0,21,29,32,33,0,away,2.5,198.5,-140.0,120.0,4.5,100.0,0.0,1,True
2014,2013-11-02,True,False,sac,gs,87,98,17,19,23,28,0,27,29,23,19,0,home,11.0,208.0,520.0,-750.0,0.5,103.0,2.0,0,True
2014,2013-11-03,True,False,min,ny,109,100,40,24,29,16,0,19,30,29,22,0,home,3.0,195.0,135.0,-155.0,6.0,97.5,0.0,1,False
2014,2013-11-03,True,False,atl,lal,103,105,22,27,27,27,0,33,29,26,17,0,away,0.0,205.5,-120.0,100.0,3.5,104.5,0.0,1,True
2014,2013-11-03,True,False,phx,okc,96,103,24,21,25,26,0,21,23,23,36,0,home,12.5,198.5,850.0,-1400.0,8.0,99.0,0.0,1,True
2014,2013-11-03,True,False,bkn,orl,86,107,22,16,21,27,0,22,19,33,33,0,away,5.5,195.0,-240.0,200.0,5.0,96.5,0.0,0,True
2014,2013-11-03,True,False,wsh,mia,93,103,27,21,16,29,0,33,28,26,16,0,home,12.5,199.5,890.0,-1500.0,3.5,100.5,0.0,0,True
2014,2013-11-03,True,False,bos,det,77,87,21,14,23,19,0,24,21,18,24,0,home,9.0,193.0,367.0,-471.0,2.0,96.0,1.0,0,True
2014,2013-11-04,True,False,gs,phi,110,90,36,30,32,12,0,22,20,23,25,0,away,7.0,211.5,-280.0,230.0,2.5,104.5,1.0,0,False
2014,2013-11-04,True,False,min,cle,92,93,23,15,23,31,0,31,24,21,17,0,home,1.5,198.0,110.0,-130.0,4.0,98.0,0.0,0,True
2014,2013-11-04,True,False,bos,mem,88,95,24,26,22,16,0,27,19,20,29,0,home,12.0,185.5,660.0,-1060.0,9.5,93.5,0.0,0,True
2014,2013-11-04,True,False,hou,lac,118,137,25,41,23,29,0,42,36,26,33,0,home,5.0,211.0,175.0,-205.0,1.5,107.0,1.0,1,True
2014,2013-11-05,True,False,mia,tor,104,95,23,29,26,26,0,25,25,24,21,0,away,5.5,195.5,-215.0,182.0,3.0,97.5,1.0,1,False
2014,2013-11-05,True,False,utah,bkn,88,104,18,20,23,27,0,28,26,31,19,0,home,9.5,191.0,435.0,-570.0,1.0,97.5,1.0,1,True
2014,2013-11-05,True,False,cha,ny,102,97,31,33,18,20,0,28,26,22,21,0,home,9.5,185.5,425.0,-550.0,9.0,94.0,0.0,1,False
2014,2013-11-05,True,False,ind,det,99,91,29,9,36,25,0,14,27,22,28,0,away,0.0,186.0,-119.0,-101.0,1.0,93.5,1.0,1,False
2014,2013-11-05,True,False,phx,no,104,98,17,24,37,26,0,28,17,24,29,0,home,9.5,192.0,405.0,-525.0,4.5,96.5,0.0,1,False
2014,2013-11-05,True,False,lal,dal,104,123,22,26,29,27,0,35,32,27,29,0,home,9.0,213.0,355.0,-455.0,0.0,105.0,1.0,1,True
2014,2013-11-05,True,False,sa,den,102,94,24,19,29,30,0,27,25,26,16,0,away,5.0,203.0,-205.0,175.0,5.5,103.0,1.0,0,False
2014,2013-11-05,True,False,hou,por,116,101,30,25,29,32,0,31,19,23,28,0,home,2.5,208.0,125.0,-145.0,1.5,104.0,0.0,1,False
2014,2013-11-05,True,False,atl,sac,105,100,25,29,28,23,0,32,13,20,35,0,home,2.0,201.0,115.0,-135.0,3.5,99.0,0.0,1,False
2014,2013-11-06,True,False,phx,sa,96,99,21,32,20,23,0,29,22,22,26,0,home,13.0,198.5,850.0,-1400.0,9.0,100.0,0.0,0,True
2014,2013-11-06,True,False,cle,mil,104,109,23,30,26,25,0,30,25,28,26,0,away,3.0,191.0,-150.0,130.0,3.5,97.0,0.0,1,True
2014,2013-11-06,True,False,dal,okc,93,107,31,20,24,18,0,33,24,28,22,0,home,7.0,210.5,243.0,-294.0,2.5,105.0,1.0,0,True
2014,2013-11-06,True,False,no,mem,99,84,33,18,28,20,0,18,23,16,27,0,home,7.5,190.0,265.0,-320.0,7.0,96.5,0.0,0,False
2014,2013-11-06,True,False,gs,min,106,93,26,24,29,27,0,28,19,24,22,0,away,0.0,210.5,-115.0,-105.0,1.0,105.0,1.0,0,False
2014,2013-11-06,True,False,wsh,phi,116,102,39,21,29,27,0,27,24,25,26,0,away,3.0,204.5,-150.0,130.0,1.5,101.5,1.0,1,False
2014,2013-11-06,True,False,tor,cha,90,92,18,35,17,20,0,32,21,23,16,0,away,2.5,187.0,-145.0,125.0,2.0,93.0,0.0,0,True
2014,2013-11-06,True,False,utah,bos,87,97,26,8,28,25,0,23,27,34,13,0,home,4.5,185.5,162.0,-190.0,2.5,93.5,1.0,0,True
2014,2013-11-06,True,False,chi,ind,80,97,19,24,19,18,0,25,12,26,34,0,home,2.0,182.5,110.0,-130.0,2.5,91.0,1.0,0,True
2014,2013-11-06,True,False,lac,orl,90,98,20,22,32,16,0,29,28,15,26,0,away,7.0,207.5,-290.0,240.0,8.0,104.0,0.0,0,True
2014,2013-11-07,True,False,lac,mia,97,102,31,25,17,24,0,28,24,24,26,0,home,6.0,207.0,215.0,-260.0,6.5,103.5,0.0,0,True
2014,2013-11-07,True,False,atl,den,107,109,26,25,32,24,0,26,28,29,26,0,home,5.0,203.5,175.0,-205.0,2.5,102.0,0.0,1,True
2014,2013-11-07,True,False,lal,hou,99,98,36,28,17,18,0,19,31,27,21,0,home,13.5,216.5,970.0,-1700.0,12.0,108.5,0.0,0,False
2014,2013-11-08,True,False,sac,por,91,104,22,27,17,25,0,29,25,23,27,0,home,8.0,200.0,295.0,-365.0,3.0,100.0,1.0,0,True
2014,2013-11-08,True,False,den,phx,103,114,29,18,40,16,0,35,29,20,30,0,home,1.5,200.0,105.0,-125.0,4.0,99.5,1.0,1,True
2014,2013-11-08,True,False,gs,sa,74,76,20,13,22,19,0,28,12,24,12,0,home,6.0,203.5,205.0,-245.0,1.0,99.5,0.0,0,True
2014,2013-11-08,True,False,lal,no,85,96,27,21,18,19,0,28,27,14,27,0,home,9.5,202.5,395.0,-505.0,3.5,101.5,1.0,0,True
2014,2013-11-08,True,False,dal,min,108,116,24,32,25,27,0,28,27,30,31,0,home,4.5,210.5,160.0,-185.0,3.5,105.0,1.0,1,True
2014,2013-11-08,True,False,utah,chi,73,97,18,22,16,17,0,30,21,27,19,0,home,12.5,186.0,705.0,-1105.0,3.0,94.0,1.0,0,True
2014,2013-11-08,True,False,cle,phi,79,94,29,13,19,18,0,14,30,33,17,0,away,3.0,206.0,-155.0,135.0,3.0,101.5,0.0,0,True
2014,2013-11-08,True,False,bkn,wsh,108,112,33,25,15,26,9,27,26,20,26,13,away,1.5,197.5,-120.0,100.0,0.5,99.5,0.0,1,True
2014,2013-11-08,True,False,bos,orl,91,89,17,29,25,20,0,24,25,19,21,0,home,5.5,191.0,190.0,-230.0,2.5,95.5,0.0,0,False
2014,2013-11-08,True,False,tor,ind,84,91,32,14,13,25,0,22,22,28,19,0,home,8.5,187.5,325.0,-425.0,6.5,94.0,0.0,0,True
2014,2013-11-08,True,False,ny,cha,101,91,28,23,34,16,0,22,25,22,22,0,away,3.5,190.5,-155.0,135.0,1.5,94.0,1.0,1,False
2014,2013-11-08,True,False,okc,det,119,110,20,35,29,35,0,22,29,25,34,0,away,3.0,197.0,-155.0,135.0,1.0,98.0,1.0,1,False
2014,2013-11-09,True,False,gs,mem,90,108,29,21,27,13,0,32,22,36,18,0,home,2.0,191.5,110.0,-130.0,0.5,95.0,1.0,1,True
2014,2013-11-09,True,False,por,sac,96,85,21,24,24,27,0,18,20,16,31,0,home,2.0,198.5,110.0,-130.0,3.0,98.0,0.0,0,False
2014,2013-11-09,True,False,dal,mil,91,83,34,21,13,23,0,19,21,24,19,0,away,3.0,206.5,-150.0,130.0,3.0,100.0,1.0,0,False
2014,2013-11-09,True,False,lac,hou,107,94,22,24,27,34,0,26,29,16,23,0,home,3.0,214.5,130.0,-150.0,1.5,105.5,0.0,0,False
2014,2013-11-09,True,False,utah,tor,91,115,16,20,24,31,0,30,32,29,24,0,home,9.0,187.0,345.0,-450.0,1.5,95.0,1.0,1,True
2014,2013-11-09,True,False,phi,cle,125,127,27,21,37,22,18,30,23,22,32,20,home,8.0,199.5,310.0,-390.0,3.5,100.0,0.0,1,True
2014,2013-11-09,True,False,ind,bkn,96,91,23,21,28,24,0,21,25,21,24,0,home,0.0,187.5,-110.0,-110.0,0.5,96.5,0.0,0,False
2014,2013-11-09,True,False,orl,atl,94,104,22,23,26,23,0,28,18,26,32,0,home,6.5,199.0,230.0,-280.0,4.0,100.0,1.0,0,True
2014,2013-11-09,True,False,bos,mia,111,110,25,35,20,31,0,31,28,23,28,0,home,13.5,193.0,1065.0,-1665.0,9.0,97.0,0.0,1,False
2014,2013-11-10,True,False,sa,ny,120,89,37,24,29,30,0,17,28,15,29,0,away,3.0,195.0,-150.0,130.0,3.0,98.5,1.0,1,False
2014,2013-11-10,True,False,wsh,okc,105,106,24,18,31,23,9,27,10,28,31,10,home,8.5,204.0,344.0,-433.0,8.5,101.5,0.0,1,True
2014,2013-11-10,True,False,no,phx,94,101,16,22,27,29,0,19,23,29,30,0,away,1.5,196.0,-125.0,105.0,2.0,99.5,0.0,0,True
2014,2013-11-10,True,False,min,lal,113,90,47,20,23,23,0,23,25,28,14,0,away,4.0,209.5,-175.0,150.0,2.5,103.0,1.0,0,False
2014,2013-11-11,True,False,den,utah,100,81,20,26,24,30,0,26,19,23,13,0,away,2.0,197.0,-130.0,110.0,1.0,99.0,1.0,0,False
2014,2013-11-11,True,False,tor,hou,104,110,20,13,29,25,17,24,23,24,16,23,home,7.0,203.5,245.0,-295.0,0.0,101.5,0.0,1,True
2014,2013-11-11,True,False,cle,chi,81,96,17,19,24,21,0,20,25,19,32,0,home,8.5,187.5,320.0,-400.0,2.5,91.5,1.0,0,True
2014,2013-11-11,True,False,atl,cha,103,94,26,20,34,23,0,29,25,16,24,0,away,2.0,197.0,-125.0,105.0,3.5,99.0,1.0,2,False
2014,2013-11-11,True,False,sa,phi,109,85,31,26,26,26,0,13,25,26,21,0,away,6.5,204.0,-285.0,235.0,2.0,102.0,1.0,0,False
2014,2013-11-11,True,False,mem,ind,79,95,16,23,16,24,0,23,23,26,23,0,home,6.0,182.0,235.0,-285.0,1.5,92.5,1.0,0,True
2014,2013-11-11,True,False,det,por,103,109,30,25,23,25,0,34,24,25,26,0,home,5.0,199.0,170.0,-200.0,2.0,100.0,1.0,1,True
2014,2013-11-11,True,False,orl,bos,105,120,25,25,24,31,0,31,28,28,33,0,home,1.5,191.0,100.0,-120.0,2.0,95.5,1.0,1,True
2014,2013-11-11,True,False,min,lac,107,109,26,32,22,27,0,23,36,26,24,0,home,6.5,211.5,215.0,-260.0,4.0,105.5,0.0,1,True
2014,2013-11-12,True,False,det,gs,95,113,16,25,30,24,0,35,27,32,19,0,home,9.0,204.5,375.0,-480.0,0.5,101.0,1.0,1,True
2014,2013-11-12,True,False,no,lal,95,116,19,20,23,33,0,22,33,31,30,0,away,3.5,199.5,-160.0,140.0,6.0,99.5,0.0,1,True
2014,2013-11-12,True,False,wsh,dal,95,105,34,15,30,16,0,33,28,27,17,0,home,5.5,205.5,185.0,-225.0,0.5,102.0,1.0,0,True
2014,2013-11-12,True,False,mil,mia,95,118,23,22,17,33,0,32,24,29,33,0,home,13.5,195.5,1110.0,-1710.0,4.0,95.5,1.0,1,True
2014,2013-11-13,True,False,okc,lac,103,111,33,29,16,25,0,25,28,30,28,0,home,4.5,209.5,160.0,-185.0,6.0,105.0,1.0,1,True
2014,2013-11-13,True,False,bkn,sac,86,107,19,21,19,27,0,23,29,28,27,0,away,4.0,194.5,-170.0,150.0,5.5,97.0,0.0,0,True
2014,2013-11-13,True,False,phx,por,89,90,22,21,25,21,0,25,16,21,28,0,home,7.0,203.0,260.0,-320.0,5.5,100.5,0.0,0,True
2014,2013-11-13,True,False,lal,den,99,111,28,26,25,20,0,33,27,23,28,0,home,9.5,208.5,395.0,-505.0,4.0,103.5,1.0,1,True
2014,2013-11-13,True,False,wsh,sa,79,92,17,25,15,22,0,25,27,18,22,0,home,11.0,198.0,485.0,-785.0,3.0,98.0,1.0,0,True
2014,2013-11-13,True,False,no,utah,105,111,29,26,22,28,0,22,23,28,38,0,away,2.5,191.5,-145.0,125.0,1.5,97.0,0.0,1,True
2014,2013-11-13,True,False,cle,min,95,124,24,23,29,19,0,38,32,38,16,0,home,8.0,201.0,310.0,-390.0,1.5,99.5,1.0,1,True
2014,2013-11-13,True,False,tor,mem,103,87,26,29,23,25,0,20,24,27,16,0,home,6.0,185.5,200.0,-240.0,6.5,92.5,0.0,1,False
2014,2013-11-13,True,False,cha,bos,89,83,27,24,20,18,0,21,22,21,19,0,home,5.5,191.5,190.0,-230.0,5.5,96.5,0.0,0,False
2014,2013-11-13,True,False,hou,phi,117,123,31,26,33,16,11,28,32,20,26,17,away,6.5,208.0,-250.0,210.0,6.0,104.0,0.0,1,True
2014,2013-11-13,True,False,mil,orl,91,94,36,18,20,17,0,23,22,27,22,0,home,7.5,194.0,265.0,-325.0,7.0,97.0,0.0,0,True
2014,2013-11-13,True,False,ny,atl,95,91,29,26,10,30,0,24,21,23,23,0,home,4.0,201.5,155.0,-175.0,5.0,99.0,0.0,0,False
2014,2013-11-14,True,False,hou,ny,109,106,28,25,22,34,0,23,29,20,34,0,away,2.0,206.5,-130.0,110.0,0.5,103.0,1.0,1,False
2014,2013-11-14,True,False,okc,gs,115,116,33,29,24,29,0,32,30,33,21,0,home,5.0,207.0,175.0,-200.0,3.5,105.0,0.0,1,True
2014,2013-11-15,True,False,bkn,phx,100,98,18,28,27,19,8,29,21,17,25,6,home,1.0,197.0,-105.0,-115.0,1.0,98.0,0.0,1,False
2014,2013-11-15,True,False,det,sac,97,90,27,27,26,17,0,21,30,19,20,0,home,2.0,198.5,110.0,-130.0,1.0,99.5,0.0,0,False
2014,2013-11-15,True,False,mem,lal,89,86,24,16,23,26,0,17,23,26,20,0,away,3.0,197.5,-150.0,130.0,2.0,97.0,2.0,0,False
2014,2013-11-15,True,False,sa,utah,91,82,16,25,19,31,0,29,17,21,15,0,away,10.0,193.0,-670.0,445.0,9.0,99.0,0.0,0,False
2014,2013-11-15,True,False,min,den,113,117,26,34,21,32,0,35,21,30,31,0,away,2.0,210.0,-130.0,110.0,0.0,103.5,0.0,1,True
2014,2013-11-15,True,False,por,bos,109,96,23,34,33,19,0,21,30,27,18,0,away,1.5,194.0,-120.0,100.0,1.0,97.5,1.0,1,False
2014,2013-11-15,True,False,cha,cle,86,80,12,21,24,29,0,18,19,21,22,0,home,6.0,187.0,210.0,-250.0,2.5,92.0,0.0,0,False
2014,2013-11-15,True,False,phi,atl,103,113,17,39,17,30,0,25,29,28,31,0,home,8.5,207.5,330.0,-430.0,6.0,103.0,1.0,1,True
2014,2013-11-15,True,False,chi,tor,96,80,27,18,29,22,0,16,15,23,26,0,home,1.5,181.5,100.0,-120.0,5.0,90.5,0.0,0,False
2014,2013-11-15,True,False,mil,ind,77,104,21,16,24,16,0,31,21,23,29,0,home,14.0,184.0,1230.0,-1930.0,3.5,91.0,1.0,0,True
2014,2013-11-15,True,False,dal,mia,104,110,32,19,27,26,0,31,29,26,24,0,home,8.5,205.5,330.0,-430.0,2.0,101.5,0.0,1,True
2014,2013-11-16,True,False,utah,gs,88,102,13,21,29,25,0,27,24,23,28,0,home,15.5,198.5,1585.0,-3185.0,4.5,100.5,0.0,0,True
2014,2013-11-16,True,False,okc,mil,92,79,23,17,32,20,0,23,17,25,14,0,away,10.5,199.5,-805.0,505.0,7.0,99.0,1.0,0,False
2014,2013-11-16,True,False,phi,no,98,135,22,24,20,32,0,34,33,36,32,0,home,8.5,204.5,345.0,-450.0,1.0,101.5,1.0,1,True
2014,2013-11-16,True,False,bos,min,88,106,24,26,20,18,0,33,22,34,17,0,home,10.0,202.5,425.0,-580.0,5.0,101.0,1.0,0,True
2014,2013-11-16,True,False,den,hou,111,122,23,23,29,36,0,33,30,27,32,0,home,8.0,214.0,320.0,-410.0,0.5,105.5,1.0,1,True
2014,2013-11-16,True,False,atl,ny,110,90,24,30,26,30,0,26,21,22,21,0,home,4.0,202.5,160.0,-185.0,4.5,100.0,0.0,0,False
2014,2013-11-16,True,False,cle,wsh,103,96,18,26,20,26,13,25,24,20,21,6,home,7.5,192.5,290.0,-350.0,3.0,96.0,0.0,1,False
2014,2013-11-16,True,False,dal,orl,108,100,31,28,28,21,0,24,22,34,20,0,away,2.5,204.0,-140.0,120.0,2.0,100.5,1.0,1,False
2014,2013-11-16,True,False,mia,cha,97,81,26,19,23,29,0,16,25,19,21,0,away,8.5,193.0,-410.0,320.0,4.0,95.5,1.0,0,False
2014,2013-11-16,True,False,bkn,lac,103,110,26,29,20,28,0,29,25,22,34,0,home,14.0,202.5,1010.0,-1610.0,10.0,101.0,0.0,1,True
2014,2013-11-16,True,False,ind,chi,94,110,20,15,24,35,0,31,29,24,26,0,home,1.5,178.5,110.0,-130.0,5.5,92.0,1.0,1,True
2014,2013-11-17,True,False,det,lal,99,114,29,27,15,28,0,27,23,29,35,0,away,2.5,205.0,-135.0,115.0,0.5,102.0,0.0,1,True
2014,2013-11-17,True,False,mem,sac,97,86,25,22,27,23,0,18,16,31,21,0,away,2.5,187.5,-140.0,120.0,2.5,93.5,1.0,0,False
2014,2013-11-17,True,False,por,tor,118,110,31,26,19,26,16,29,25,15,33,8,home,2.0,193.0,110.0,-130.0,1.0,98.0,0.0,1,False
2014,2013-11-18,True,False,gs,utah,98,87,22,37,19,20,0,19,17,29,22,0,away,8.0,195.5,-385.0,305.0,2.0,96.0,1.0,0,False
2014,2013-11-18,True,False,mem,lac,106,102,29,23,29,25,0,20,31,30,21,0,home,8.5,196.5,355.0,-460.0,6.5,97.5,0.0,1,False
2014,2013-11-18,True,False,phi,dal,94,97,21,26,24,23,0,18,25,31,23,0,home,11.5,215.5,640.0,-1040.0,9.0,107.0,0.0,0,True
2014,2013-11-18,True,False,por,bkn,108,98,31,25,27,25,0,40,23,15,20,0,home,1.5,195.5,105.0,-125.0,1.5,97.5,0.0,1,False
2014,2013-11-18,True,False,cha,chi,81,86,21,23,15,22,0,26,14,22,24,0,home,13.0,180.5,730.0,-1130.0,10.0,91.5,0.0,0,True
2014,2013-11-18,True,False,den,okc,113,115,39,24,29,21,0,28,32,23,32,0,home,9.0,212.5,390.0,-495.0,7.5,105.0,0.0,1,True
2014,2013-11-19,True,False,min,wsh,100,104,34,29,18,19,0,27,24,30,23,0,away,3.5,206.5,-160.0,140.0,2.0,101.5,0.0,0,True
2014,2013-11-19,True,False,ny,det,86,92,24,19,20,23,0,26,17,28,21,0,home,4.0,198.5,155.0,-180.0,2.5,98.0,1.0,0,True
2014,2013-11-19,True,False,atl,mia,88,104,25,20,23,20,0,24,24,30,26,0,home,8.5,203.5,345.0,-450.0,4.5,100.0,1.0,0,True
2014,2013-11-19,True,False,bos,hou,85,109,18,26,13,28,0,40,28,20,21,0,home,10.5,205.0,495.0,-795.0,1.5,102.0,1.0,0,True
2014,2013-11-19,True,False,phx,sac,104,107,25,37,26,16,0,33,21,28,25,0,home,3.5,195.0,140.0,-160.0,4.5,99.5,0.0,1,True
2014,2013-11-20,True,False,mem,gs,88,81,16,18,25,16,13,26,18,13,18,6,home,5.0,189.0,180.0,-220.0,0.5,94.0,0.0,0,False
2014,2013-11-20,True,False,hou,dal,120,123,40,28,33,19,0,29,32,26,36,0,home,2.5,215.0,120.0,-140.0,3.0,107.0,1.0,1,True
2014,2013-11-20,True,False,sac,phx,113,106,27,28,19,39,0,27,23,12,44,0,home,5.5,196.0,200.0,-240.0,5.0,98.5,0.0,1,False
2014,2013-11-20,True,False,utah,no,98,105,17,24,28,29,0,20,25,28,32,0,home,11.0,195.0,500.0,-700.0,5.5,99.0,0.0,1,True
2014,2013-11-20,True,False,lac,min,102,98,24,22,25,31,0,24,22,21,31,0,home,2.0,213.0,105.0,-125.0,1.5,104.5,0.0,0,False
2014,2013-11-20,True,False,por,mil,91,82,23,30,17,21,0,24,27,13,18,0,away,5.5,194.5,-210.0,175.0,3.0,96.5,1.0,0,False
2014,2013-11-20,True,False,bos,sa,93,104,25,23,22,23,0,22,26,32,24,0,home,14.5,193.0,1350.0,-2300.0,9.0,97.0,0.0,1,True
2014,2013-11-20,True,False,tor,phi,108,98,25,30,38,15,0,25,23,29,21,0,away,4.5,203.5,-175.0,155.0,1.0,101.5,1.0,1,False
2014,2013-11-20,True,False,mia,orl,120,92,25,29,36,30,0,20,29,22,21,0,away,7.0,200.0,-300.0,250.0,2.5,99.0,1.0,1,False
2014,2013-11-20,True,False,ind,ny,103,96,14,23,21,31,14,19,23,20,27,7,away,6.5,185.5,-250.0,210.0,6.0,95.0,1.0,1,False
2014,2013-11-20,True,False,wsh,cle,98,91,30,26,24,18,0,19,19,21,32,0,home,3.0,191.0,130.0,-150.0,5.5,94.5,0.0,0,False
2014,2013-11-20,True,False,bkn,cha,91,95,29,21,22,19,0,30,23,30,12,0,away,2.5,186.0,-145.0,125.0,1.0,92.0,0.0,2,True
2014,2013-11-20,True,False,det,atl,85,93,13,33,18,21,0,15,28,23,27,0,home,5.5,202.0,180.0,-220.0,5.5,100.0,1.0,0,True
2014,2013-11-21,True,False,lac,okc,91,105,22,21,29,19,0,28,23,30,24,0,home,5.5,212.0,195.0,-235.0,0.0,105.5,1.0,0,True
2014,2013-11-21,True,False,chi,den,87,97,25,23,14,25,0,24,26,20,27,0,away,1.0,199.0,-120.0,100.0,1.0,100.0,0.0,0,True
2014,2013-11-22,True,False,chi,por,95,98,32,27,12,24,0,22,22,34,20,0,home,4.0,190.0,150.0,-170.0,6.0,95.0,0.0,1,True
2014,2013-11-22,True,False,utah,dal,93,103,18,16,30,29,0,31,27,22,23,0,home,10.5,201.5,490.0,-790.0,1.0,102.0,0.0,0,True
2014,2013-11-22,True,False,cle,no,100,104,20,31,20,29,0,21,21,28,34,0,home,7.0,195.0,245.0,-305.0,6.5,98.0,0.0,1,True
2014,2013-11-22,True,False,bkn,min,81,111,14,23,21,23,0,30,27,33,21,0,home,9.0,202.0,370.0,-475.0,0.5,100.5,1.0,0,True
2014,2013-11-22,True,False,sa,mem,102,86,26,25,20,31,0,21,16,28,21,0,away,1.0,184.0,-115.0,-105.0,2.5,93.5,1.0,1,False
2014,2013-11-22,True,False,mil,phi,107,115,20,33,20,29,5,28,27,20,27,13,home,3.0,202.0,130.0,-150.0,1.0,101.0,1.0,1,True
2014,2013-11-22,True,False,ind,bos,97,82,22,20,25,30,0,25,25,8,24,0,away,7.5,186.5,-345.0,285.0,8.0,95.5,1.0,0,False
2014,2013-11-22,True,False,wsh,tor,88,96,27,11,32,18,0,32,19,15,30,0,home,4.5,194.0,165.0,-190.0,1.5,95.5,1.0,0,True
2014,2013-11-22,True,False,phx,cha,98,91,27,28,19,24,0,24,20,19,28,0,home,3.5,190.5,140.0,-160.0,4.5,94.5,0.0,0,False
2014,2013-11-22,True,False,gs,lal,95,102,21,25,17,32,0,22,33,20,27,0,away,4.5,202.5,-200.0,170.0,5.5,101.5,0.0,0,True
2014,2013-11-22,True,False,atl,det,96,89,27,22,24,23,0,22,22,24,21,0,home,3.5,197.0,150.0,-170.0,3.0,98.0,0.0,0,False
2014,2013-11-23,True,False,cle,sa,96,126,21,11,35,29,0,30,35,31,30,0,home,13.0,192.0,860.0,-1310.0,0.5,95.0,1.0,1,True
2014,2013-11-23,True,False,cha,mil,96,72,25,21,28,22,0,21,18,12,21,0,home,2.0,184.5,110.0,-130.0,2.5,92.0,0.0,0,False
2014,2013-11-23,True,False,por,gs,113,101,23,26,32,32,0,24,30,30,17,0,home,4.5,200.0,170.0,-195.0,1.0,100.0,0.0,1,False
2014,2013-11-23,True,False,dal,den,100,102,22,31,27,20,0,35,30,21,16,0,home,5.0,214.0,175.0,-205.0,1.0,106.5,0.0,0,True
2014,2013-11-23,True,False,min,hou,101,112,18,24,32,27,0,25,30,27,30,0,home,6.0,212.5,215.0,-255.0,1.5,103.5,1.0,1,True
2014,2013-11-23,True,False,bos,atl,94,87,25,24,15,30,0,24,29,21,13,0,home,9.5,194.5,380.0,-485.0,4.5,97.5,0.0,0,False
2014,2013-11-23,True,False,orl,mia,99,101,20,35,22,22,0,16,23,32,30,0,home,13.0,202.0,925.0,-1425.0,13.0,102.0,0.0,0,True
2014,2013-11-23,True,False,ny,wsh,89,98,27,25,17,20,0,26,23,27,22,0,home,1.5,192.5,110.0,-130.0,1.5,95.5,1.0,0,True
2014,2013-11-23,True,False,phi,ind,98,106,22,30,14,32,0,25,31,21,29,0,home,15.5,195.0,1520.0,-2620.0,8.0,99.0,0.0,1,True
2014,2013-11-23,True,False,sac,lac,102,103,13,35,21,33,0,29,28,18,28,0,home,11.0,207.5,505.0,-805.0,3.5,102.5,0.0,0,True
2014,2013-11-24,True,False,det,bkn,109,97,23,21,34,31,0,19,32,15,31,0,home,2.0,190.5,110.0,-130.0,1.0,95.0,0.0,1,False
2014,2013-11-24,True,False,chi,lac,82,121,24,28,21,9,0,31,34,31,25,0,home,6.5,193.5,230.0,-280.0,0.0,97.0,1.0,1,True
2014,2013-11-24,True,False,phx,orl,104,96,31,22,27,24,0,21,23,28,24,0,home,1.5,199.5,110.0,-130.0,3.5,100.5,0.0,1,False
2014,2013-11-24,True,False,utah,okc,73,95,13,17,13,30,0,22,25,28,20,0,home,13.0,196.0,830.0,-1330.0,2.5,100.5,1.0,0,True
2014,2013-11-24,True,False,sac,lal,86,100,24,24,13,25,0,29,26,18,27,0,home,4.0,204.5,160.0,-185.0,0.0,102.5,1.0,0,True
2014,2013-11-25,True,False,ny,por,91,102,18,21,30,22,0,34,22,25,21,0,home,7.0,195.5,260.0,-315.0,1.5,97.0,1.0,0,True
2014,2013-11-25,True,False,chi,utah,83,89,18,14,24,22,5,23,17,24,14,11,away,5.0,181.0,-214.0,181.0,5.0,90.0,0.0,0,True
2014,2013-11-25,True,False,no,sa,93,112,24,16,25,28,0,27,30,34,21,0,home,9.5,200.5,405.0,-525.0,0.5,101.0,1.0,1,True
2014,2013-11-25,True,False,den,dal,110,96,32,24,29,25,0,27,24,26,19,0,home,6.5,213.5,230.0,-280.0,7.0,106.0,0.0,0,False
2014,2013-11-25,True,False,bos,cha,96,86,14,33,21,28,0,21,17,28,20,0,home,3.0,185.5,140.0,-165.0,4.5,92.0,0.0,0,False
2014,2013-11-25,True,False,phx,mia,92,107,21,26,24,21,0,24,26,29,28,0,home,12.5,203.0,810.0,-1300.0,7.0,101.0,1.0,0,True
2014,2013-11-25,True,False,mil,det,94,113,18,16,32,28,0,38,27,27,21,0,home,7.0,192.0,255.0,-310.0,3.0,95.5,1.0,1,True
2014,2013-11-25,True,False,min,ind,84,98,24,22,22,16,0,28,20,25,25,0,home,6.5,196.0,227.0,-275.0,3.5,98.0,1.0,0,True
2014,2013-11-25,True,False,hou,mem,93,86,20,12,23,38,0,24,20,19,23,0,away,0.0,194.5,-119.0,-101.0,4.0,96.0,1.0,0,False
2014,2013-11-26,True,False,gs,no,102,101,28,29,19,26,0,18,31,28,24,0,home,0.0,206.5,-110.0,-110.0,2.5,103.0,0.0,0,False
2014,2013-11-26,True,False,orl,atl,109,92,26,23,36,24,0,25,28,20,19,0,home,7.5,199.5,275.0,-325.0,3.0,99.0,0.0,1,False
2014,2013-11-26,True,False,bkn,tor,102,100,26,29,26,21,0,28,23,25,24,0,home,7.0,191.0,240.0,-290.0,5.5,95.5,0.0,1,False
2014,2013-11-26,True,False,lal,wsh,111,116,29,26,22,34,0,31,28,23,34,0,home,5.5,198.0,190.0,-230.0,2.0,98.0,0.0,1,True
2014,2013-11-27,True,False,ind,cha,99,74,22,21,17,39,0,11,27,14,22,0,away,7.0,181.5,-320.0,265.0,3.5,93.0,1.0,0,False
2014,2013-11-27,True,False,phi,orl,94,105,27,23,23,21,0,33,22,22,28,0,home,4.0,208.5,145.0,-170.0,1.0,104.5,1.0,0,True
2014,2013-11-27,True,False,mem,bos,100,93,27,22,20,31,0,13,23,23,34,0,away,1.5,182.0,-125.0,105.0,2.5,90.5,1.0,1,False
2014,2013-11-27,True,False,lal,bkn,99,94,34,20,23,22,0,18,22,28,26,0,home,2.5,199.5,120.0,-140.0,5.0,98.5,0.0,0,False
2014,2013-11-27,True,False,mia,cle,95,84,22,27,21,25,0,28,14,18,24,0,away,8.5,197.5,-440.0,350.0,4.0,97.5,1.0,0,False
2014,2013-11-27,True,False,chi,det,99,79,25,26,25,23,0,29,24,15,11,0,home,3.5,185.0,140.0,-165.0,1.5,93.5,0.0,0,False
2014,2013-11-27,True,False,atl,hou,84,113,19,26,22,17,0,30,26,21,36,0,home,7.5,205.0,290.0,-355.0,1.5,101.0,1.0,0,True
2014,2013-11-27,True,False,wsh,mil,100,92,27,22,22,16,13,21,27,20,19,5,away,2.5,190.0,-145.0,125.0,1.5,94.5,1.0,1,False
2014,2013-11-27,True,False,den,min,117,110,28,36,26,27,0,27,28,28,27,0,home,7.0,213.0,250.0,-300.0,6.5,106.0,0.0,1,False
2014,2013-11-27,True,False,sa,okc,88,94,21,25,15,27,0,19,24,25,26,0,home,3.0,201.5,130.0,-150.0,3.0,103.0,1.0,0,True
2014,2013-11-27,True,False,gs,dal,99,103,22,24,25,28,0,28,27,27,21,0,home,4.5,206.0,162.0,-190.0,1.0,102.0,0.0,0,True
2014,2013-11-27,True,False,por,phx,106,120,32,26,18,30,0,21,40,29,30,0,away,4.5,200.0,-180.0,155.0,4.5,99.5,0.0,1,True
2014,2013-11-27,True,False,ny,lac,80,93,27,18,23,12,0,29,20,25,19,0,home,9.0,204.0,395.0,-510.0,5.0,100.5,1.0,0,True
2014,2013-11-29,True,False,no,phi,121,105,35,26,26,34,0,30,25,22,28,0,away,4.0,209.0,-170.0,150.0,0.5,106.0,1.0,1,False
2014,2013-11-29,True,False,ny,den,95,97,20,25,22,28,0,30,21,24,22,0,home,8.0,202.5,310.0,-390.0,2.5,100.0,0.0,0,True
2014,2013-11-29,True,False,cle,bos,86,103,10,29,19,28,0,28,27,24,24,0,home,4.0,189.5,155.0,-175.0,3.0,94.5,1.0,0,True
2014,2013-11-29,True,False,lac,sac,104,98,23,27,23,21,10,24,21,27,22,4,away,2.5,202.5,-145.0,125.0,1.0,100.5,1.0,0,False
2014,2013-11-29,True,False,wsh,ind,73,93,14,22,20,17,0,28,15,26,24,0,home,11.0,186.0,515.0,-815.0,3.5,93.0,1.0,0,True
2014,2013-11-29,True,False,phx,utah,112,101,31,31,33,17,0,33,18,27,23,0,away,2.5,190.5,-130.0,110.0,2.0,95.0,1.0,1,False
2014,2013-11-29,True,False,gs,okc,112,113,28,23,31,22,8,32,22,22,28,9,home,7.5,204.0,280.0,-340.0,4.0,101.5,0.0,1,True
2014,2013-11-29,True,False,mia,tor,90,83,27,30,21,12,0,22,21,27,13,0,away,6.0,195.5,-255.0,215.0,0.5,97.0,1.0,0,False
2014,2013-11-29,True,False,lal,det,106,102,31,25,21,29,0,32,23,32,15,0,home,5.5,202.0,190.0,-230.0,4.0,100.5,0.0,1,False
2014,2013-11-29,True,False,dal,atl,87,88,28,25,22,12,0,23,16,25,24,0,away,1.5,202.5,-120.0,100.0,3.0,99.5,0.0,0,True
2014,2013-11-29,True,False,sa,orl,109,91,29,34,18,28,0,24,21,25,21,0,away,9.0,193.5,-495.0,390.0,0.5,99.0,1.0,1,False
2014,2013-11-29,True,False,mil,cha,76,92,20,21,18,17,0,24,27,20,21,0,home,5.0,185.5,175.0,-210.0,1.0,92.0,1.0,0,True
2014,2013-11-29,True,False,bkn,hou,95,114,17,23,22,33,0,33,33,26,22,0,home,10.5,205.5,490.0,-790.0,1.0,102.0,1.0,1,True
2014,2013-11-30,True,False,atl,wsh,101,108,20,24,26,31,0,28,26,25,29,0,home,4.5,190.5,170.0,-200.0,1.0,94.0,1.0,1,True
2014,2013-11-30,True,False,chi,cle,93,97,25,26,15,27,0,27,29,21,20,0,away,5.0,182.5,-205.0,175.0,4.0,92.0,0.0,1,True
2014,2013-11-30,True,False,bkn,mem,97,88,24,24,25,24,0,19,18,28,23,0,home,7.5,186.5,290.0,-340.0,7.0,93.5,0.0,0,False
2014,2013-11-30,True,False,min,dal,112,106,29,25,30,28,0,24,23,30,29,0,away,2.0,208.5,-130.0,110.0,1.0,102.5,1.0,1,False
2014,2013-11-30,True,False,hou,sa,112,106,30,27,26,29,0,24,22,34,26,0,home,6.5,205.5,230.0,-270.0,6.0,103.0,0.0,1,False
2014,2013-11-30,True,False,bos,mil,85,92,27,14,22,22,0,19,28,23,22,0,away,2.5,185.5,-140.0,120.0,2.5,92.5,0.0,0,True
2014,2013-11-30,True,False,utah,phx,112,104,28,21,29,34,0,23,30,24,27,0,home,9.0,194.5,370.0,-450.0,4.5,100.0,0.0,1,False
2014,2013-12-01,True,False,por,lal,114,108,32,21,41,20,0,24,26,24,34,0,away,3.5,206.5,-170.0,150.0,1.5,103.5,1.0,1,False
2014,2013-12-01,True,False,no,ny,103,99,16,28,32,27,0,20,29,25,25,0,home,1.5,198.5,100.0,-120.0,0.5,100.5,0.0,1,False
2014,2013-12-01,True,False,min,okc,103,113,32,26,25,20,0,26,29,23,35,0,home,8.5,209.0,340.0,-440.0,7.0,104.0,1.0,1,True
2014,2013-12-01,True,False,cha,mia,98,99,21,27,25,25,0,24,23,14,38,0,home,11.5,189.0,625.0,-1025.0,8.0,95.0,0.0,1,True
2014,2013-12-01,True,False,phi,det,100,115,25,21,36,18,0,40,30,24,21,0,home,8.0,206.5,315.0,-405.0,2.0,102.5,1.0,1,True
2014,2013-12-01,True,False,ind,lac,105,100,29,24,31,21,0,22,25,27,26,0,away,1.0,191.0,-120.0,100.0,1.0,98.5,1.0,1,False
2014,2013-12-01,True,False,den,tor,112,98,25,22,29,36,0,31,14,27,26,0,home,2.0,201.0,120.0,-140.0,2.0,100.0,0.0,1,False
2014,2013-12-01,True,False,gs,sac,115,113,24,32,34,25,0,26,27,27,33,0,away,4.5,201.0,-195.0,170.0,2.5,101.0,0.0,1,False
2014,2013-12-02,True,False,hou,utah,103,109,23,27,24,29,0,36,17,29,27,0,away,7.5,202.0,-350.0,290.0,7.0,101.0,0.0,1,True
2014,2013-12-02,True,False,atl,sa,100,102,23,26,22,29,0,25,25,23,29,0,home,12.0,199.0,670.0,-1000.0,7.0,99.5,0.0,1,True
2014,2013-12-02,True,False,ind,por,102,106,23,23,26,30,0,20,25,27,34,0,away,0.0,191.5,-119.0,-101.0,0.5,96.5,0.0,1,True
2014,2013-12-02,True,False,orl,wsh,80,98,22,19,20,19,0,22,30,23,23,0,home,7.0,194.0,250.0,-300.0,0.0,98.0,1.0,0,True
2014,2013-12-02,True,False,no,chi,131,128,24,26,27,26,28,21,35,24,23,25,home,7.0,191.0,250.0,-300.0,2.0,97.0,0.0,1,False
2014,2013-12-03,True,False,okc,sac,97,95,19,31,28,19,0,31,16,18,30,0,away,8.5,201.0,-400.0,325.0,6.0,100.5,0.0,0,False
2014,2013-12-03,True,False,orl,phi,125,126,34,23,23,24,21,29,29,27,19,22,home,3.5,206.0,155.0,-180.0,2.5,103.0,0.0,1,True
2014,2013-12-03,True,False,det,mia,107,97,28,26,28,25,0,18,25,25,29,0,home,9.0,200.0,405.0,-520.0,9.0,101.0,0.0,1,False
2014,2013-12-03,True,False,mil,bos,100,108,23,18,22,37,0,28,20,21,39,0,home,7.0,185.5,270.0,-330.0,2.0,92.5,1.0,1,True
2014,2013-12-03,True,False,den,bkn,111,87,27,31,31,22,0,29,21,15,22,0,away,4.5,203.5,-185.0,160.0,0.5,100.0,1.0,0,False
2014,2013-12-03,True,False,phx,mem,91,110,19,35,20,17,0,23,23,36,28,0,home,2.5,191.5,125.0,-145.0,3.0,96.0,1.0,1,True
2014,2013-12-03,True,False,cha,dal,82,89,18,24,25,15,0,22,17,21,29,0,home,8.0,195.5,315.0,-375.0,7.0,96.5,0.0,0,True
2014,2013-12-03,True,False,tor,gs,103,112,36,29,23,15,0,19,29,22,42,0,home,8.0,202.0,290.0,-350.0,9.5,102.5,1.0,1,True
2014,2013-12-04,True,False,det,mil,105,98,26,19,35,25,0,19,31,17,31,0,away,4.5,192.5,-185.0,160.0,4.0,96.0,1.0,1,False
2014,2013-12-04,True,False,ind,utah,95,86,17,30,21,27,0,23,25,19,19,0,away,8.5,186.0,-425.0,325.0,6.0,97.0,1.0,0,False
2014,2013-12-04,True,False,dal,no,100,97,27,25,23,25,0,24,29,24,20,0,home,2.5,208.0,120.0,-140.0,1.5,104.0,0.0,0,False
2014,2013-12-04,True,False,okc,por,104,111,27,32,21,24,0,25,23,35,28,0,home,2.5,205.5,115.0,-135.0,4.5,103.0,1.0,1,True
2014,2013-12-04,True,False,lac,atl,97,107,21,23,26,27,0,29,26,24,28,0,away,2.5,203.5,-145.0,125.0,4.5,101.5,0.0,1,True
2014,2013-12-04,True,False,den,cle,88,98,24,28,21,15,0,31,25,23,19,0,away,3.5,201.0,-170.0,150.0,4.0,100.0,0.0,0,True
2014,2013-12-04,True,False,phx,hou,97,88,25,26,22,24,0,20,20,21,27,0,home,10.0,212.0,450.0,-700.0,9.0,105.5,0.0,0,False
2014,2013-12-05,True,False,lac,mem,101,81,18,22,24,37,0,20,22,11,28,0,away,1.5,192.5,-130.0,110.0,2.5,95.5,1.0,0,False
2014,2013-12-05,True,False,mia,chi,87,107,20,24,19,24,0,29,29,27,22,0,away,4.0,187.0,-190.0,162.0,7.5,94.5,0.0,1,True
2014,2013-12-05,True,False,ny,bkn,113,83,29,21,34,29,0,23,20,16,24,0,away,1.5,189.5,-125.0,106.0,1.0,94.5,1.0,1,False
2014,2013-12-06,True,False,lal,sac,106,100,28,24,29,25,0,30,25,32,13,0,home,4.0,202.5,155.0,-175.0,1.5,101.5,0.0,1,False
2014,2013-12-06,True,False,tor,phx,97,106,27,23,24,23,0,27,25,29,25,0,home,3.5,199.5,150.0,-170.0,1.5,99.5,1.0,1,True
2014,2013-12-06,True,False,okc,no,109,95,24,34,22,29,0,26,26,16,27,0,away,5.5,206.5,-235.0,195.0,1.5,103.0,1.0,0,False
2014,2013-12-06,True,False,gs,hou,83,105,12,25,29,17,0,31,30,26,18,0,home,5.0,213.0,165.0,-200.0,4.0,106.0,1.0,0,True
2014,2013-12-06,True,False,utah,por,98,130,22,34,13,29,0,39,28,40,23,0,home,11.0,199.5,520.0,-750.0,3.0,102.5,1.0,1,True
2014,2013-12-06,True,False,orl,ny,83,121,31,23,15,14,0,28,31,30,32,0,home,6.5,195.5,225.0,-265.0,2.0,98.5,1.0,1,True
2014,2013-12-06,True,False,cle,atl,89,108,20,23,21,25,0,37,26,19,26,0,home,6.0,195.5,215.0,-255.0,3.0,96.5,1.0,1,True
2014,2013-12-06,True,False,mil,wsh,109,105,34,22,22,24,7,30,13,31,28,3,home,9.5,192.5,420.0,-550.0,9.0,96.0,0.0,1,False
2014,2013-12-06,True,False,phi,cha,88,105,33,18,21,16,0,36,26,22,21,0,home,7.0,198.5,240.0,-290.0,0.0,99.0,1.0,0,True
2014,2013-12-06,True,False,den,bos,98,106,15,29,33,21,0,39,25,23,19,0,away,4.0,200.5,-180.0,155.0,7.0,100.5,0.0,1,True
2014,2013-12-07,True,False,den,phi,103,92,25,24,28,26,0,27,26,24,15,0,away,6.5,207.5,-285.0,235.0,6.0,103.0,1.0,0,False
2014,2013-12-07,True,False,lac,cle,82,88,23,26,17,16,0,29,21,17,21,0,away,6.0,199.0,-250.0,210.0,4.5,100.0,0.0,0,True
2014,2013-12-07,True,False,gs,mem,108,82,29,20,28,31,0,19,24,17,22,0,away,2.5,193.0,-135.0,115.0,0.0,96.0,1.0,0,False
2014,2013-12-07,True,False,mia,min,103,82,24,31,21,27,0,25,17,18,22,0,away,6.0,202.0,-285.0,235.0,0.5,99.5,1.0,0,False
2014,2013-12-07,True,False,det,chi,92,75,25,22,24,21,0,24,23,9,19,0,home,2.0,188.0,110.0,-130.0,1.5,95.0,0.0,0,False
2014,2013-12-07,True,False,ind,sa,111,100,20,32,35,24,0,28,20,17,35,0,home,4.0,191.5,155.0,-175.0,4.0,99.0,0.0,1,False
2014,2013-12-07,True,False,bkn,mil,90,82,20,19,26,25,0,18,22,19,23,0,away,2.5,191.5,-140.0,120.0,2.0,94.5,1.0,0,False
2014,2013-12-07,True,False,sac,utah,112,102,23,24,27,23,15,24,26,20,27,5,home,3.0,193.5,135.0,-155.0,1.0,97.0,0.0,1,False
2014,2013-12-07,True,False,dal,por,108,106,28,27,24,29,0,30,23,23,30,0,home,5.5,208.5,190.0,-230.0,5.0,104.0,0.0,1,False
2014,2013-12-08,True,False,tor,lal,106,94,30,21,22,33,0,20,27,21,26,0,home,6.5,204.0,225.0,-265.0,6.5,103.0,0.0,0,False
2014,2013-12-08,True,False,orl,hou,88,98,18,20,23,27,0,28,24,28,18,0,home,13.5,210.0,925.0,-1425.0,3.5,105.0,0.0,0,True
2014,2013-12-08,True,False,mia,det,110,95,29,30,32,19,0,21,32,17,25,0,away,3.5,197.0,-160.0,140.0,0.0,98.5,1.0,1,False
2014,2013-12-08,True,False,bos,ny,114,73,34,24,34,22,0,11,20,25,17,0,home,6.0,191.5,205.0,-245.0,8.5,95.0,0.0,0,False
2014,2013-12-08,True,False,ind,okc,94,118,18,19,32,25,0,28,28,34,28,0,home,5.0,194.5,170.0,-200.0,3.0,99.5,1.0,1,True
2014,2013-12-09,True,False,lac,phi,94,83,23,21,32,18,0,17,19,24,23,0,away,9.5,208.5,-600.0,425.0,3.0,103.0,1.0,0,False
2014,2013-12-09,True,False,gs,cha,111,115,21,20,36,34,0,27,26,30,32,0,away,6.0,195.0,-230.0,190.0,6.5,97.5,0.0,1,True
2014,2013-12-09,True,False,den,wsh,75,74,18,22,18,17,0,22,23,15,14,0,away,1.0,196.5,-115.0,-105.0,1.5,96.5,2.0,0,False
2014,2013-12-09,True,False,orl,mem,85,94,16,14,30,25,0,23,28,22,21,0,home,9.0,188.0,355.0,-460.0,1.0,93.0,2.0,0,True
2014,2013-12-09,True,False,por,utah,105,94,22,29,26,28,0,22,23,19,30,0,away,7.0,203.5,-305.0,245.0,2.5,101.0,1.0,0,False
2014,2013-12-09,True,False,dal,sac,97,112,23,24,26,24,0,34,23,35,20,0,away,4.5,207.5,-185.0,160.0,5.0,104.0,0.0,1,True
2014,2013-12-10,True,False,ny,cle,94,109,19,26,20,29,0,31,17,33,28,0,home,2.5,190.5,120.0,-140.0,0.5,94.5,1.0,1,True
2014,2013-12-10,True,False,mil,chi,78,74,20,15,20,23,0,14,28,15,17,0,home,6.0,180.0,210.0,-250.0,1.5,88.0,0.0,0,False
2014,2013-12-10,True,False,okc,atl,101,92,21,27,28,25,0,21,18,29,24,0,away,3.5,203.5,-165.0,145.0,0.5,100.0,1.0,0,False
2014,2013-12-10,True,False,bos,bkn,96,104,20,27,25,24,0,31,25,29,19,0,home,2.0,193.0,110.0,-130.0,2.0,95.0,1.0,1,True
2014,2013-12-10,True,False,mia,ind,84,90,30,17,17,20,0,19,21,28,22,0,home,3.5,191.5,145.0,-165.0,3.5,95.5,1.0,0,True
2014,2013-12-10,True,False,sa,tor,116,103,24,35,30,27,0,36,17,21,29,0,away,8.5,199.0,-330.0,280.0,3.5,102.0,1.0,1,False
2014,2013-12-10,True,False,phx,lal,114,108,26,30,23,35,0,21,30,23,34,0,home,3.0,207.5,130.0,-150.0,3.0,104.0,0.0,1,False
2014,2013-12-10,True,False,min,det,121,94,33,31,32,25,0,32,19,26,17,0,away,1.0,206.0,-120.0,100.0,3.0,101.0,1.0,1,False
2014,2013-12-11,True,False,utah,sac,122,101,26,32,38,26,0,23,23,26,29,0,home,7.0,200.5,240.0,-300.0,7.0,102.5,0.0,1,False
2014,2013-12-11,True,False,okc,mem,116,100,25,32,32,27,0,22,20,31,27,0,away,6.5,191.0,-270.0,220.0,1.0,95.5,1.0,1,False
2014,2013-12-11,True,False,dal,gs,93,95,23,32,17,21,0,16,28,22,29,0,home,6.0,210.0,205.0,-245.0,6.5,107.0,0.0,0,True
2014,2013-12-11,True,False,chi,ny,78,83,17,15,22,24,0,15,31,22,15,0,home,4.5,180.0,170.0,-200.0,1.5,88.0,1.0,0,True
2014,2013-12-11,True,False,lac,bos,96,88,20,19,27,30,0,23,22,19,24,0,away,5.0,195.0,-220.0,185.0,4.5,97.0,1.0,0,False
2014,2013-12-11,True,False,det,no,106,111,28,23,23,22,10,29,28,26,13,15,home,2.5,204.0,125.0,-145.0,0.5,101.5,1.0,1,True
2014,2013-12-11,True,False,sa,mil,109,77,32,31,29,17,0,16,24,14,23,0,away,11.0,192.0,-850.0,550.0,0.5,98.0,1.0,0,False
2014,2013-12-11,True,False,phi,min,99,106,39,22,20,18,0,20,28,30,28,0,home,13.0,210.5,785.0,-1235.0,11.0,105.0,0.0,0,True
2014,2013-12-11,True,False,orl,cha,92,83,16,27,24,25,0,18,24,20,21,0,home,4.5,194.0,170.0,-200.0,3.0,97.0,0.0,0,False
2014,2013-12-12,True,False,lac,bkn,93,102,25,19,18,31,0,20,36,27,19,0,away,1.0,197.5,-120.0,100.0,4.0,99.5,0.0,0,True
2014,2013-12-12,True,False,hou,por,104,111,20,24,32,28,0,21,22,33,35,0,home,2.5,213.5,125.0,-145.0,2.5,106.5,1.0,1,True
2014,2013-12-13,True,False,sac,phx,107,116,34,27,21,25,0,28,30,27,31,0,home,6.0,208.5,215.0,-260.0,5.5,104.0,1.0,1,True
2014,2013-12-13,True,False,utah,den,103,93,33,20,20,30,0,28,16,31,18,0,home,10.5,201.0,485.0,-650.0,9.5,103.0,0.0,0,False
2014,2013-12-13,True,False,chi,mil,91,90,26,21,15,29,0,18,33,18,21,0,away,4.5,177.0,-190.0,162.0,4.0,89.0,0.0,1,False
2014,2013-12-13,True,False,min,sa,110,117,30,24,35,21,0,27,35,18,37,0,home,8.0,207.5,305.0,-375.0,2.0,102.5,0.0,1,True
2014,2013-12-13,True,False,mem,no,98,104,34,20,11,33,0,26,29,27,22,0,home,2.5,192.0,120.0,-140.0,1.5,96.5,1.0,1,True
2014,2013-12-13,True,False,lal,okc,97,122,28,23,23,23,0,38,28,28,28,0,home,12.0,210.5,670.0,-1000.0,2.5,105.0,1.0,1,True
2014,2013-12-13,True,False,hou,gs,116,112,30,28,24,34,0,29,22,22,39,0,home,3.0,213.5,135.0,-160.0,4.0,107.0,0.0,1,False
2014,2013-12-13,True,False,bkn,det,99,103,24,20,24,31,0,23,38,25,17,0,home,6.0,198.5,205.0,-245.0,2.5,99.5,0.0,1,True
2014,2013-12-13,True,False,ny,bos,86,90,26,22,25,13,0,29,25,14,22,0,home,3.0,190.0,130.0,-150.0,0.5,95.5,1.0,0,True
2014,2013-12-13,True,False,cha,ind,94,99,25,30,21,18,0,27,29,23,20,0,home,12.0,183.5,720.0,-1100.0,8.0,93.0,0.0,1,True
2014,2013-12-13,True,False,phi,tor,100,108,21,27,28,24,0,36,20,27,25,0,home,7.0,202.0,254.0,-309.0,1.5,100.5,1.0,1,True
2014,2013-12-13,True,False,cle,orl,109,100,19,31,23,36,0,28,23,25,24,0,home,2.0,195.0,110.0,-130.0,1.0,98.0,0.0,1,False
2014,2013-12-13,True,False,wsh,atl,99,101,19,27,15,25,13,21,27,23,15,15,home,6.0,194.0,215.0,-260.0,3.0,97.5,0.0,1,True
2014,2013-12-14,True,False,sa,utah,100,84,23,32,25,20,0,17,23,26,18,0,away,7.5,196.5,-305.0,245.0,0.5,101.0,1.0,0,False
2014,2013-12-14,True,False,mil,dal,93,106,26,15,20,32,0,38,21,34,13,0,home,11.0,193.0,500.0,-800.0,2.0,96.0,1.0,1,True
2014,2013-12-14,True,False,por,phi,139,105,32,39,40,28,0,34,30,15,26,0,away,10.5,212.0,-755.0,455.0,4.0,107.0,1.0,1,False
2014,2013-12-14,True,False,tor,chi,99,77,24,27,22,26,0,21,20,25,11,0,home,3.5,187.0,140.0,-160.0,5.0,95.5,0.0,0,False
2014,2013-12-14,True,False,cle,mia,107,114,29,23,28,27,0,35,33,16,30,0,home,12.5,199.5,775.0,-1225.0,2.5,99.5,0.0,1,True
2014,2013-12-14,True,False,lac,wsh,113,97,34,25,30,24,0,28,18,31,20,0,away,5.0,193.5,-195.0,170.0,0.5,95.5,1.0,1,False
2014,2013-12-14,True,False,lal,cha,88,85,22,22,20,24,0,23,20,25,17,0,home,3.0,198.0,125.0,-145.0,2.5,96.5,0.0,0,False
2014,2013-12-14,True,False,atl,ny,106,111,22,26,29,29,0,26,31,24,30,0,home,1.0,192.0,100.0,-114.0,1.5,95.5,1.0,1,True
2014,2013-12-15,True,False,hou,sac,91,106,28,21,22,20,0,28,29,24,25,0,away,6.5,214.5,-260.0,220.0,6.0,107.0,0.0,0,True
2014,2013-12-15,True,False,min,mem,101,93,28,28,21,24,0,17,29,27,20,0,away,3.5,196.5,-155.0,135.0,0.5,97.0,1.0,0,False
2014,2013-12-15,True,False,por,det,111,109,29,21,23,26,12,22,29,33,15,10,away,3.5,208.5,-165.0,145.0,3.0,103.0,0.0,1,False
2014,2013-12-15,True,False,orl,okc,98,101,22,27,22,27,0,28,28,27,18,0,home,13.0,205.5,935.0,-1635.0,5.5,103.0,0.0,0,True
2014,2013-12-15,True,False,no,den,93,102,27,25,16,25,0,24,28,23,27,0,home,7.0,205.5,245.0,-305.0,4.5,104.5,1.0,0,True
2014,2013-12-15,True,False,gs,phx,102,106,27,26,27,22,0,33,26,22,25,0,away,1.0,209.5,-115.0,-105.0,2.0,105.0,0.0,0,True
2014,2013-12-16,True,False,utah,mia,94,117,20,30,21,23,0,26,21,36,34,0,home,12.0,199.5,760.0,-1200.0,9.5,101.5,1.0,1,True
2014,2013-12-16,True,False,sa,lac,92,115,28,21,21,22,0,21,34,23,37,0,away,3.0,203.5,-160.0,135.0,3.0,103.0,0.0,1,True
2014,2013-12-16,True,False,orl,chi,83,82,21,22,24,16,0,14,21,24,23,0,home,7.0,185.5,240.0,-290.0,6.0,93.0,0.0,0,False
2014,2013-12-16,True,False,min,bos,97,101,21,29,19,28,0,29,22,23,27,0,away,1.0,200.0,-119.0,-101.0,1.0,99.5,0.0,0,True
2014,2013-12-16,True,False,lal,atl,100,114,28,26,19,27,0,20,27,35,32,0,home,6.0,205.0,212.0,-255.0,6.0,102.0,1.0,1,True
2014,2013-12-16,True,False,wsh,ny,102,101,26,27,22,27,0,21,21,35,24,0,home,1.5,191.5,105.0,-125.0,4.0,95.5,0.0,1,False
2014,2013-12-16,True,False,phi,bkn,94,130,22,26,25,21,0,32,26,42,30,0,home,8.5,206.5,320.0,-400.0,1.0,103.0,1.0,1,True
2014,2013-12-16,True,False,det,ind,101,96,31,25,23,22,0,28,21,24,23,0,home,11.0,191.5,540.0,-750.0,9.5,96.0,0.0,1,False
2014,2013-12-17,True,False,por,cle,119,116,26,29,37,27,0,28,31,29,28,0,away,4.5,205.5,-190.0,165.0,5.0,103.0,0.0,1,False
2014,2013-12-17,True,False,sac,cha,87,95,22,21,29,15,0,35,21,22,17,0,home,1.5,197.0,100.0,-120.0,3.5,98.5,1.0,0,True
2014,2013-12-17,True,False,lal,mem,96,92,34,18,15,29,0,24,23,20,25,0,home,2.5,193.0,120.0,-140.0,2.0,95.5,0.0,0,False
2014,2013-12-17,True,False,okc,den,105,93,29,23,23,30,0,24,20,21,28,0,away,2.5,211.0,-150.0,130.0,1.0,104.5,1.0,0,False
2014,2013-12-17,True,False,no,gs,93,104,19,20,26,28,0,26,31,31,16,0,home,9.0,207.0,350.0,-455.0,0.0,103.5,1.0,0,True
2014,2013-12-18,True,False,no,lac,95,108,22,23,20,30,0,27,25,26,30,0,home,9.0,205.5,410.0,-560.0,3.0,104.0,1.0,0,True
2014,2013-12-18,True,False,chi,hou,94,109,16,30,20,28,0,24,33,26,26,0,home,8.0,191.0,290.0,-350.0,1.5,96.0,1.0,1,True
2014,2013-12-18,True,False,mem,dal,91,105,21,18,27,25,0,27,25,26,27,0,home,9.5,191.5,405.0,-555.0,1.5,95.5,1.0,1,True
2014,2013-12-18,True,False,por,min,109,120,22,21,35,31,0,31,38,29,22,0,home,3.0,213.5,135.0,-155.0,4.5,105.5,1.0,1,True
2014,2013-12-18,True,False,ny,mil,107,101,24,21,23,19,20,22,22,22,21,14,away,4.5,186.0,-175.0,155.0,3.0,92.0,1.0,1,False
2014,2013-12-18,True,False,sa,phx,108,101,29,30,28,21,0,34,24,23,20,0,away,3.5,201.5,-160.0,140.0,2.5,102.5,1.0,1,False
2014,2013-12-18,True,False,det,bos,107,106,23,29,28,27,0,42,21,18,25,0,home,0.0,194.5,-110.0,-110.0,3.5,98.0,0.0,1,False
2014,2013-12-18,True,False,sac,atl,107,124,26,28,33,20,0,28,25,32,39,0,home,6.5,205.0,215.0,-255.0,4.5,102.0,1.0,1,True
2014,2013-12-18,True,False,cha,tor,104,102,18,19,33,25,9,15,32,23,25,7,home,7.5,189.5,255.0,-315.0,1.0,95.5,0.0,1,False
2014,2013-12-18,True,False,utah,orl,86,82,27,22,19,18,0,20,19,23,20,0,home,3.0,194.0,135.0,-155.0,4.0,99.0,0.0,0,False
2014,2013-12-18,True,False,ind,mia,94,97,26,26,24,18,0,22,19,30,26,0,home,4.0,190.5,155.0,-175.0,5.5,99.0,0.0,1,True
2014,2013-12-18,True,False,wsh,bkn,113,107,30,29,26,28,0,28,25,24,30,0,home,4.5,196.5,165.0,-190.0,4.0,97.5,0.0,1,False
2014,2013-12-19,True,False,chi,okc,95,107,24,28,20,23,0,35,20,29,23,0,home,13.5,191.0,850.0,-1400.0,8.0,96.0,0.0,1,True
2014,2013-12-19,True,False,sa,gs,104,102,18,35,29,22,0,23,28,23,28,0,home,7.0,202.0,250.0,-300.0,6.5,104.0,0.0,1,False
2014,2013-12-20,True,False,min,lal,91,104,26,27,23,15,0,35,16,30,23,0,away,6.0,210.5,-270.0,225.0,4.5,105.0,0.0,0,True
2014,2013-12-20,True,False,phx,den,103,99,20,28,24,31,0,28,34,20,17,0,home,4.0,208.0,160.0,-185.0,2.5,104.5,0.0,0,False
2014,2013-12-20,True,False,tor,dal,109,108,22,27,29,23,8,33,19,29,20,7,home,6.5,203.5,227.0,-275.0,3.0,102.5,0.0,1,False
2014,2013-12-20,True,False,hou,ind,81,114,20,25,20,16,0,25,31,31,27,0,home,5.5,197.0,200.0,-240.0,1.0,98.0,1.0,0,True
2014,2013-12-20,True,False,utah,atl,85,118,16,18,24,27,0,30,25,30,33,0,home,7.5,197.5,295.0,-360.0,2.0,100.5,1.0,1,True
2014,2013-12-20,True,False,sac,mia,103,122,36,25,21,21,0,33,34,31,24,0,home,10.0,208.0,425.0,-555.0,4.5,104.0,1.0,1,True
2014,2013-12-20,True,False,mil,cle,111,114,26,21,23,26,15,25,22,23,26,18,home,8.0,191.5,310.0,-380.0,5.0,96.5,0.0,1,True
2014,2013-12-20,True,False,bkn,phi,120,121,31,26,26,25,12,29,31,22,26,13,away,6.0,211.5,-245.0,205.0,5.0,106.5,0.0,1,True
2014,2013-12-20,True,False,cha,det,116,106,22,22,31,41,0,31,28,30,17,0,home,6.0,190.5,212.0,-255.0,1.0,95.0,0.0,1,False
2014,2013-12-21,True,False,okc,sa,113,100,21,40,24,28,0,21,29,26,24,0,home,3.0,208.5,130.0,-150.0,5.0,104.0,0.0,1,False
2014,2013-12-21,True,False,lal,gs,83,102,26,16,15,26,0,27,19,26,30,0,home,13.5,208.0,970.0,-1700.0,7.5,102.5,1.0,0,True
2014,2013-12-21,True,False,den,lac,91,112,18,25,17,31,0,28,28,23,33,0,home,9.0,205.5,355.0,-450.0,1.0,101.5,1.0,0,True
2014,2013-12-21,True,False,no,por,107,110,26,27,25,29,0,21,31,31,27,0,home,8.0,213.0,305.0,-375.0,6.5,107.5,0.0,1,True
2014,2013-12-21,True,False,phi,mil,106,116,23,26,23,34,0,29,30,26,31,0,home,2.5,203.0,120.0,-140.0,2.0,101.5,1.0,1,True
2014,2013-12-21,True,False,dal,phx,108,123,25,33,24,26,0,38,25,28,32,0,home,2.5,208.0,120.0,-140.0,0.0,103.0,1.0,1,True
2014,2013-12-21,True,False,hou,det,114,97,33,28,25,28,0,24,29,18,26,0,away,1.5,208.0,-120.0,100.0,1.5,103.5,1.0,1,False
2014,2013-12-21,True,False,mem,ny,95,87,25,25,22,23,0,22,18,21,26,0,home,3.0,185.0,135.0,-160.0,4.5,93.0,0.0,0,False
2014,2013-12-21,True,False,wsh,bos,106,99,14,30,30,32,0,30,21,25,23,0,home,1.5,193.0,105.0,-125.0,1.0,96.5,0.0,1,False
2014,2013-12-21,True,False,cle,chi,84,100,26,17,22,19,0,33,27,21,19,0,home,3.0,187.0,130.0,-150.0,3.0,94.0,1.0,0,True
2014,2013-12-21,True,False,utah,cha,88,85,17,25,28,18,0,21,25,20,19,0,home,4.5,189.0,160.0,-185.0,1.5,97.0,0.0,0,False
2014,2013-12-21,True,False,sac,orl,105,100,25,31,19,30,0,31,27,19,23,0,home,3.0,203.5,130.0,-150.0,1.0,102.5,0.0,1,False
2014,2013-12-22,True,False,bos,ind,79,106,17,20,21,21,0,20,32,28,26,0,home,12.0,189.5,670.0,-1000.0,2.0,94.0,1.0,0,True
2014,2013-12-22,True,False,tor,okc,104,98,25,37,13,29,0,21,35,28,14,0,home,10.0,207.0,438.0,-579.0,9.5,105.0,0.0,0,False
2014,2013-12-22,True,False,min,lac,116,120,24,30,31,21,10,24,32,27,23,14,home,4.5,212.0,162.0,-190.0,2.5,105.0,0.0,1,True
2014,2013-12-23,True,False,atl,mia,119,121,23,31,30,27,8,33,17,27,34,10,home,7.5,206.0,290.0,-350.0,7.0,103.5,0.0,1,True
2014,2013-12-23,True,False,no,sac,113,100,28,24,25,36,0,27,25,25,23,0,home,0.0,209.5,-115.0,-105.0,0.0,105.0,0.0,1,False
2014,2013-12-23,True,False,lal,phx,90,117,24,27,17,22,0,28,36,26,27,0,home,7.5,211.0,285.0,-345.0,0.0,104.5,1.0,0,True
2014,2013-12-23,True,False,gs,den,89,81,30,17,17,25,0,22,21,23,15,0,away,1.5,208.0,-125.0,105.0,0.0,103.5,1.0,0,False
2014,2013-12-23,True,False,tor,sa,99,112,26,23,23,27,0,25,30,23,34,0,home,11.5,203.0,595.0,-895.0,5.5,101.0,1.0,1,True
2014,2013-12-23,True,False,utah,mem,94,104,21,27,23,23,0,27,26,24,27,0,home,6.5,186.5,220.0,-260.0,2.0,97.0,1.0,1,True
2014,2013-12-23,True,False,mil,cha,110,111,33,21,24,23,9,17,35,26,23,10,home,6.5,187.0,220.0,-260.0,5.0,95.0,0.0,1,True
2014,2013-12-23,True,False,ind,bkn,103,86,19,26,30,28,0,17,22,19,28,0,away,6.5,196.5,-260.0,220.0,2.0,101.0,1.0,0,False
2014,2013-12-23,True,False,det,cle,115,92,28,30,31,26,0,18,22,24,28,0,home,1.0,203.5,-105.0,-115.0,5.0,100.5,0.0,1,False
2014,2013-12-23,True,False,ny,orl,103,98,29,36,19,19,0,27,14,35,22,0,away,1.5,193.0,-125.0,105.0,4.5,96.0,1.0,1,False
2014,2013-12-23,True,False,dal,hou,111,104,20,30,36,25,0,26,31,21,26,0,home,4.0,210.5,155.0,-175.0,0.0,104.0,0.0,1,False
2014,2013-12-25,True,False,hou,sa,111,98,40,20,23,28,0,25,26,24,23,0,home,8.0,213.0,286.0,-345.0,8.5,107.5,0.0,0,False
2014,2013-12-25,True,False,lac,gs,103,105,30,23,25,25,0,22,29,24,30,0,home,3.5,207.0,140.0,-165.0,3.5,104.5,0.0,1,True
2014,2013-12-25,True,False,okc,ny,123,94,35,25,27,36,0,29,17,21,27,0,away,9.5,200.5,-620.0,465.0,2.0,99.0,1.0,1,False
2014,2013-12-25,True,False,chi,bkn,95,78,21,20,36,18,0,23,15,20,20,0,home,3.5,190.0,140.0,-165.0,4.5,94.5,0.0,0,False
2014,2013-12-25,True,False,mia,lal,101,95,21,30,25,25,0,27,19,28,21,0,away,9.5,206.5,-490.0,380.0,5.0,103.0,0.0,0,False
2014,2013-12-26,True,False,atl,cle,127,125,26,24,26,19,32,27,21,24,23,30,away,3.5,205.0,-165.0,140.0,2.0,102.5,0.0,1,False
2014,2013-12-26,True,False,mem,hou,92,100,23,30,19,20,0,26,19,21,34,0,home,7.5,199.5,280.0,-340.0,6.5,100.5,1.0,0,True
2014,2013-12-26,True,False,sa,dal,116,107,27,31,26,32,0,20,31,26,30,0,away,3.0,209.0,-160.0,135.0,0.5,105.5,1.0,1,False
2014,2013-12-26,True,False,lac,por,112,116,14,32,27,28,11,19,28,29,25,15,home,4.5,213.0,160.0,-185.0,3.0,106.5,0.0,1,True
2014,2013-12-27,True,False,phx,gs,86,115,22,18,24,22,0,28,31,26,30,0,home,6.0,211.0,212.0,-255.0,3.0,104.5,1.0,0,True
2014,2013-12-27,True,False,mia,sac,103,108,32,23,18,16,14,19,26,29,15,19,away,6.0,209.0,-280.0,230.0,1.0,103.0,0.0,1,True
2014,2013-12-27,True,False,lal,utah,103,105,23,29,29,22,0,25,30,28,22,0,home,4.0,198.5,150.0,-175.0,1.5,101.0,0.0,1,True
2014,2013-12-27,True,False,den,no,89,105,25,20,21,23,0,34,24,23,24,0,home,3.0,201.5,135.0,-160.0,2.5,99.5,1.0,0,True
2014,2013-12-27,True,False,tor,ny,95,83,18,22,26,29,0,25,24,22,12,0,away,3.5,193.5,-165.0,140.0,4.0,96.5,1.0,0,False
2014,2013-12-27,True,False,mil,bkn,93,104,18,19,23,33,0,31,17,28,28,0,home,4.5,195.5,162.0,-190.0,1.0,96.5,1.0,1,True
2014,2013-12-27,True,False,okc,cha,89,85,21,21,20,27,0,20,16,24,25,0,away,7.0,195.0,-310.0,255.0,3.0,96.0,0.0,0,False
2014,2013-12-27,True,False,det,orl,92,109,21,27,18,26,0,26,29,30,24,0,away,4.0,203.5,-175.0,150.0,4.5,101.5,0.0,0,True
2014,2013-12-27,True,False,wsh,min,98,120,23,24,27,24,0,22,39,27,32,0,home,6.0,207.0,205.0,-245.0,1.0,102.5,1.0,1,True
2014,2013-12-28,True,False,den,mem,99,120,29,27,16,27,0,27,28,30,35,0,home,3.0,189.0,133.0,-158.0,2.5,95.0,1.0,1,True
2014,2013-12-28,True,False,utah,lac,90,98,20,23,22,25,0,17,25,26,30,0,home,15.0,202.0,1500.0,-3000.0,9.0,101.0,0.0,0,True
2014,2013-12-28,True,False,mia,por,108,107,30,28,25,25,0,34,28,26,19,0,home,7.0,207.5,247.0,-300.0,3.5,104.5,0.0,1,False
2014,2013-12-28,True,False,phi,phx,101,115,27,32,22,20,0,36,24,28,27,0,home,10.5,216.0,450.0,-600.0,6.5,107.5,1.0,2,True
2014,2013-12-28,True,False,no,hou,98,107,22,30,21,25,0,31,21,22,33,0,home,9.0,211.5,365.0,-465.0,6.0,106.0,2.0,0,True
2014,2013-12-28,True,False,min,mil,117,95,34,30,39,14,0,28,27,21,19,0,away,7.5,203.0,-335.0,275.0,1.5,100.5,1.0,1,False
2014,2013-12-28,True,False,dal,chi,105,83,30,31,25,19,0,19,15,22,27,0,away,2.5,190.5,-140.0,120.0,5.0,93.0,1.0,0,False
2014,2013-12-28,True,False,cle,bos,100,103,22,22,22,34,0,24,35,26,18,0,home,4.5,196.5,160.0,-185.0,2.5,97.0,0.0,1,True
2014,2013-12-28,True,False,det,wsh,82,106,23,18,21,20,0,31,31,24,20,0,home,3.5,203.5,140.0,-165.0,3.5,100.0,1.0,0,True
2014,2013-12-28,True,False,cha,atl,116,118,22,28,27,24,15,25,20,26,30,17,home,6.0,194.0,225.0,-270.0,5.0,98.0,0.0,1,True
2014,2013-12-28,True,False,bkn,ind,91,105,27,29,20,15,0,29,29,28,19,0,home,13.0,195.5,810.0,-1300.0,7.5,99.0,1.0,1,True
2014,2013-12-28,True,False,ny,tor,100,115,22,22,27,29,0,26,31,28,30,0,home,6.5,190.5,230.0,-280.0,0.0,95.0,1.0,1,True
2014,2013-12-29,True,False,atl,orl,102,109,20,29,27,26,0,26,30,23,30,0,home,3.5,202.5,140.0,-160.0,0.5,100.5,1.0,1,True
2014,2013-12-29,True,False,gs,cle,108,104,26,29,27,17,9,35,29,20,15,5,away,7.0,206.5,-300.0,245.0,6.5,104.5,0.0,1,False
2014,2013-12-29,True,False,sac,sa,104,112,23,26,38,17,0,27,30,24,31,0,home,11.5,209.0,650.0,-1000.0,5.0,103.5,0.0,1,True
2014,2013-12-29,True,False,hou,okc,86,117,14,30,26,16,0,26,30,34,27,0,home,4.5,210.0,155.0,-180.0,1.5,106.0,1.0,0,True
2014,2013-12-29,True,False,phi,lal,111,104,20,32,34,25,0,22,30,25,27,0,home,7.0,218.5,240.0,-290.0,5.0,108.5,0.0,0,False
2014,2013-12-30,True,False,phx,lac,107,88,30,31,27,19,0,24,16,19,29,0,home,8.0,208.5,300.0,-360.0,10.0,104.0,0.0,0,False
2014,2013-12-30,True,False,cha,utah,80,83,21,13,19,27,0,21,21,21,20,0,home,3.0,188.5,125.0,-145.0,1.0,93.5,2.0,0,True
2014,2013-12-30,True,False,mia,den,97,94,29,17,26,25,0,30,25,22,17,0,away,5.0,202.5,-200.0,170.0,6.0,101.0,0.0,0,False
2014,2013-12-30,True,False,dal,min,100,98,29,33,19,19,0,23,20,38,17,0,home,4.0,212.5,160.0,-190.0,6.5,104.0,0.0,0,False
2014,2013-12-30,True,False,chi,mem,95,91,17,29,25,24,0,22,22,20,27,0,home,5.0,178.5,185.0,-215.0,4.5,88.5,0.0,1,False
2014,2013-12-30,True,False,wsh,det,106,99,33,20,25,28,0,32,31,24,12,0,home,2.5,203.5,120.0,-140.0,2.0,101.0,0.0,1,False
2014,2013-12-30,True,False,por,no,108,110,21,28,33,26,0,26,30,33,21,0,away,2.0,210.5,-130.0,110.0,3.5,104.0,0.0,1,True
2014,2013-12-31,True,False,por,okc,98,94,24,18,29,27,0,30,24,24,16,0,home,6.0,214.0,205.0,-245.0,1.0,105.5,0.0,0,False
2014,2013-12-31,True,False,mil,lal,94,79,23,19,32,20,0,12,21,27,19,0,home,6.0,202.5,200.0,-240.0,6.0,99.5,0.0,0,False
2014,2013-12-31,True,False,tor,chi,85,79,21,15,21,28,0,16,26,20,17,0,home,1.0,187.0,100.0,-120.0,1.0,91.5,0.0,0,False
2014,2013-12-31,True,False,bkn,sa,92,113,20,16,32,24,0,30,29,39,15,0,home,12.0,205.5,650.0,-1000.0,0.5,101.0,1.0,0,True
2014,2013-12-31,True,False,gs,orl,94,81,26,32,16,20,0,15,20,24,22,0,away,6.0,202.0,-235.0,195.0,2.5,99.5,1.0,0,False
2014,2013-12-31,True,False,cle,ind,76,91,25,19,22,10,0,23,18,24,26,0,home,13.0,197.0,800.0,-1350.0,9.0,97.5,1.0,0,True
2014,2013-12-31,True,False,atl,bos,92,91,20,19,23,30,0,23,21,23,24,0,home,3.0,204.0,135.0,-155.0,0.0,102.5,0.0,0,False
2014,2013-12-31,True,False,sac,hou,110,106,29,29,22,30,0,24,28,34,20,0,home,10.0,215.0,435.0,-580.0,9.0,107.5,0.0,1,False
2014,2014-01-01,True,False,dal,wsh,87,78,25,14,20,28,0,20,22,19,17,0,home,2.0,203.5,115.0,-135.0,0.0,100.0,0.0,0,False
2014,2014-01-01,True,False,ind,tor,82,95,18,26,19,19,0,26,14,26,29,0,away,5.5,190.0,-230.0,190.0,2.5,96.0,0.0,0,True
2014,2014-01-01,True,False,no,min,112,124,28,19,26,39,0,33,28,36,27,0,home,5.0,211.0,185.0,-220.0,2.0,106.0,1.0,1,True
2014,2014-01-01,True,False,phi,den,114,102,24,44,27,19,0,30,26,25,21,0,home,9.0,213.5,385.0,-490.0,8.5,107.0,0.0,1,False
2014,2014-01-01,True,False,cha,lac,85,112,27,29,13,16,0,25,31,25,31,0,home,10.5,193.0,495.0,-795.0,7.0,97.0,1.0,1,True
2014,2014-01-02,True,False,phi,sac,113,104,30,31,31,21,0,25,26,26,27,0,home,9.0,220.0,330.0,-410.0,7.5,108.5,0.0,0,False
2014,2014-01-02,True,False,cha,por,104,134,21,28,28,27,0,39,31,30,34,0,home,11.5,200.5,570.0,-850.0,1.0,99.0,1.0,1,True
2014,2014-01-02,True,False,mem,phx,99,91,22,31,16,30,0,26,15,32,18,0,home,4.5,196.5,185.0,-225.0,5.5,98.5,0.0,0,False
2014,2014-01-02,True,False,mil,utah,87,96,20,22,19,26,0,20,31,23,22,0,home,5.5,189.5,185.0,-225.0,0.0,94.0,1.0,0,True
2014,2014-01-02,True,False,orl,cle,81,87,23,16,23,17,2,19,22,16,22,8,home,2.0,194.5,115.0,-135.0,0.5,95.5,1.0,0,True
2014,2014-01-02,True,False,bkn,okc,95,93,29,15,22,29,0,26,33,18,16,0,home,12.0,202.5,695.0,-1000.0,2.5,99.5,0.0,0,False
2014,2014-01-02,True,False,bos,chi,82,94,21,24,17,20,0,24,24,22,24,0,home,5.0,183.0,170.0,-210.0,2.5,90.5,1.0,0,True
2014,2014-01-02,True,False,gs,mia,123,114,38,27,31,27,0,33,28,26,27,0,home,5.5,205.0,180.0,-220.0,5.5,102.5,0.0,1,False
2014,2014-01-02,True,False,ny,sa,105,101,26,26,29,24,0,25,22,28,26,0,home,11.5,202.0,570.0,-850.0,9.0,100.5,0.0,1,False
2014,2014-01-03,True,False,mem,den,108,111,23,25,27,33,0,28,30,19,34,0,home,4.5,192.0,165.0,-195.0,1.0,95.0,0.0,1,True
2014,2014-01-03,True,False,gs,atl,101,100,24,22,18,37,0,21,25,26,28,0,away,3.0,209.0,-170.0,145.0,2.5,105.0,0.0,0,False
2014,2014-01-03,True,False,utah,lal,99,110,12,28,27,32,0,30,22,31,27,0,home,3.0,195.0,135.0,-160.0,2.0,98.5,1.0,1,True
2014,2014-01-03,True,False,lac,dal,119,112,33,34,22,30,0,39,31,17,25,0,away,2.0,207.0,-130.0,110.0,1.0,104.5,1.0,1,False
2014,2014-01-03,True,False,tor,wsh,101,88,26,22,36,17,0,17,28,16,27,0,home,3.0,194.5,135.0,-160.0,2.0,96.5,0.0,0,False
2014,2014-01-03,True,False,no,bos,95,92,22,27,24,22,0,17,26,29,20,0,away,3.5,201.0,-170.0,145.0,0.0,100.0,0.0,0,False
2014,2014-01-03,True,False,ny,hou,100,102,24,23,34,19,0,20,28,25,29,0,home,11.5,205.5,525.0,-725.0,6.5,101.5,0.0,0,True
2014,2014-01-04,True,False,mia,orl,110,94,30,18,33,29,0,24,22,24,24,0,away,10.0,200.0,-662.0,488.0,6.5,99.0,1.0,1,False
2014,2014-01-04,True,False,mil,phx,100,116,26,23,29,22,0,28,32,27,29,0,home,8.0,197.0,305.0,-375.0,1.5,97.0,1.0,1,True
2014,2014-01-04,True,False,lac,sa,92,116,17,18,35,22,0,37,33,18,28,0,home,9.5,204.5,390.0,-500.0,2.0,101.0,1.0,1,True
2014,2014-01-04,True,False,okc,min,115,111,26,23,28,38,0,30,25,32,24,0,home,2.0,207.0,110.0,-130.0,0.5,103.5,0.0,1,False
2014,2014-01-04,True,False,cha,sac,113,103,32,33,24,24,0,27,25,30,21,0,home,5.0,199.5,180.0,-210.0,6.0,99.0,0.0,1,False
2014,2014-01-04,True,False,cle,bkn,82,89,17,21,27,17,0,22,29,16,22,0,home,6.5,192.0,225.0,-270.0,1.0,94.0,1.0,0,True
2014,2014-01-04,True,False,no,ind,82,99,27,22,12,21,0,15,29,30,25,0,home,12.0,192.0,670.0,-1000.0,10.0,97.0,1.0,0,True
2014,2014-01-04,True,False,atl,chi,84,91,18,27,19,20,0,26,24,17,24,0,home,5.0,190.0,182.0,-215.0,2.0,95.0,1.0,0,True
2014,2014-01-04,True,False,phi,por,101,99,32,20,17,32,0,19,31,26,23,0,home,12.0,223.5,670.0,-1000.0,9.0,110.0,0.0,0,False
2014,2014-01-05,True,False,den,lal,137,115,26,34,33,44,0,29,32,22,32,0,away,2.5,205.5,-150.0,130.0,2.5,104.0,1.0,1,False
2014,2014-01-05,True,False,mem,det,112,84,28,23,28,33,0,27,29,11,17,0,home,3.0,195.5,130.0,-150.0,0.5,98.0,0.0,1,False
2014,2014-01-05,True,False,gs,wsh,112,96,28,30,34,20,0,36,22,15,23,0,away,3.0,200.5,-160.0,135.0,2.5,100.0,1.0,1,False
2014,2014-01-05,True,False,ind,cle,82,78,22,22,23,15,0,18,17,23,20,0,away,10.0,181.5,-550.0,425.0,3.0,92.5,0.0,0,False
2014,2014-01-05,True,False,tor,mia,97,102,29,22,33,13,0,29,23,27,23,0,home,6.0,201.0,215.0,-260.0,4.0,100.5,0.0,0,True
2014,2014-01-05,True,False,bos,okc,96,119,26,30,22,18,0,34,32,26,27,0,home,9.0,194.5,355.0,-450.0,2.5,97.0,1.0,1,True
2014,2014-01-05,True,False,ny,dal,92,80,29,23,15,25,0,17,18,22,23,0,home,6.5,202.5,227.0,-275.0,8.5,101.0,0.0,0,False
2014,2014-01-06,True,False,orl,lac,81,101,18,16,21,26,0,36,24,25,16,0,home,8.0,196.0,300.0,-360.0,2.5,97.5,1.0,0,True
2014,2014-01-06,True,False,min,phi,126,95,32,38,35,21,0,29,25,20,21,0,away,7.0,221.0,-300.0,250.0,0.5,109.0,1.0,2,False
2014,2014-01-06,True,False,atl,bkn,86,91,21,31,15,19,0,27,19,26,19,0,home,1.5,195.5,105.0,-125.0,2.0,98.0,1.0,0,True
2014,2014-01-07,True,False,gs,mil,101,80,28,22,29,22,0,30,18,20,12,0,away,10.0,200.5,-550.0,425.0,6.0,100.5,1.0,0,False
2014,2014-01-07,True,False,wsh,cha,97,83,24,19,23,31,0,21,18,16,28,0,away,1.5,190.5,-125.0,105.0,0.5,93.5,1.0,0,False
2014,2014-01-07,True,False,phi,cle,93,111,20,21,25,27,0,36,28,27,20,0,home,5.5,208.0,200.0,-240.0,3.0,102.0,1.0,0,True
2014,2014-01-07,True,False,tor,ind,79,86,15,21,22,21,0,22,22,27,15,0,home,9.0,187.5,355.0,-450.0,2.5,92.0,0.0,0,True
2014,2014-01-07,True,False,no,mia,88,107,24,25,21,18,0,25,18,32,32,0,home,8.5,204.0,320.0,-400.0,9.0,102.5,1.0,0,True
2014,2014-01-07,True,False,det,ny,85,89,21,20,17,27,0,24,17,32,16,0,home,3.0,199.5,130.0,-150.0,2.5,99.0,1.0,0,True
2014,2014-01-07,True,False,sa,mem,110,108,25,28,21,24,12,22,19,23,34,10,away,6.0,196.0,-250.0,210.0,1.0,97.5,0.0,1,False
2014,2014-01-07,True,False,phx,chi,87,92,25,21,17,24,0,27,22,21,22,0,away,2.0,190.0,-135.0,115.0,1.5,94.0,0.0,0,True
2014,2014-01-07,True,False,lal,dal,97,110,31,22,24,20,0,33,27,25,25,0,home,10.5,209.5,465.0,-625.0,4.0,103.5,1.0,0,True
2014,2014-01-07,True,False,bos,den,98,129,23,22,33,20,0,31,37,35,26,0,home,7.5,203.0,270.0,-330.0,2.5,102.5,1.0,1,True
2014,2014-01-07,True,False,okc,utah,101,112,28,19,27,27,0,30,29,31,22,0,away,6.0,195.0,-255.0,212.0,7.0,99.0,0.0,1,True
2014,2014-01-07,True,False,por,sac,119,123,35,25,13,46,0,24,31,25,43,0,away,5.0,214.5,-210.0,180.0,2.0,106.0,0.0,1,True
2014,2014-01-08,True,False,lal,hou,99,113,28,29,15,27,0,24,28,33,28,0,home,13.5,212.0,900.0,-1800.0,11.0,104.5,1.0,2,True
2014,2014-01-08,True,False,phx,min,104,103,27,26,19,32,0,23,24,30,26,0,home,8.0,217.5,310.0,-370.0,7.5,108.0,0.0,0,False
2014,2014-01-08,True,False,orl,por,94,110,24,27,24,19,0,24,21,26,39,0,home,12.5,206.5,770.0,-1150.0,10.5,103.5,1.0,0,True
2014,2014-01-08,True,False,bos,lac,105,111,23,32,27,23,0,32,27,29,23,0,home,10.5,197.5,470.0,-650.0,5.5,99.0,0.0,1,True
2014,2014-01-08,True,False,wsh,no,102,96,28,33,26,15,0,28,16,22,30,0,home,4.0,191.5,155.0,-180.0,6.0,94.5,0.0,1,False
2014,2014-01-08,True,False,gs,bkn,98,102,32,20,24,22,0,22,37,16,27,0,away,6.0,197.0,-250.0,210.0,6.0,98.5,0.0,1,True
2014,2014-01-08,True,False,dal,sa,90,112,16,22,24,28,0,25,20,37,30,0,home,5.0,206.0,170.0,-210.0,1.0,101.5,1.0,0,True
2014,2014-01-08,True,False,det,tor,91,112,25,29,20,17,0,26,24,34,28,0,home,6.5,198.5,205.0,-245.0,5.5,101.0,1.0,1,True
2014,2014-01-08,True,False,ind,atl,87,97,12,20,34,21,0,25,24,30,18,0,away,4.0,187.5,-180.0,155.0,7.0,95.0,0.0,0,True
2014,2014-01-09,True,False,mia,ny,92,102,27,21,23,21,0,21,22,32,27,0,away,8.0,197.5,-380.0,309.0,3.5,98.0,0.0,0,True
2014,2014-01-09,True,False,okc,den,88,101,26,25,15,22,0,27,33,29,12,0,away,3.0,211.0,-160.0,135.0,4.5,106.0,0.0,0,True
2014,2014-01-10,True,False,lal,lac,87,123,25,27,8,27,0,43,27,31,22,0,home,10.5,211.0,450.0,-600.0,1.0,105.5,1.0,0,True
2014,2014-01-10,True,False,bos,gs,97,99,21,28,18,30,0,24,23,25,27,0,home,11.5,204.5,540.0,-750.0,9.0,102.5,0.0,0,True
2014,2014-01-10,True,False,orl,sac,83,103,24,16,24,19,0,18,28,30,27,0,home,7.5,206.5,265.0,-325.0,1.5,102.0,1.0,0,True
2014,2014-01-10,True,False,cle,utah,113,102,26,20,39,28,0,26,23,21,32,0,home,1.0,189.5,-105.0,-115.0,0.0,95.0,0.0,1,False
2014,2014-01-10,True,False,chi,mil,81,72,20,27,22,12,0,27,18,14,13,0,away,4.0,177.5,-180.0,155.0,2.0,88.0,1.0,0,False
2014,2014-01-10,True,False,cha,min,92,119,28,20,22,22,0,29,39,27,24,0,home,10.0,205.0,425.0,-550.0,0.5,101.0,1.0,1,True
2014,2014-01-10,True,False,phx,mem,99,104,29,26,19,25,0,25,23,26,30,0,home,3.0,194.5,135.0,-160.0,3.0,96.5,1.0,1,True
2014,2014-01-10,True,False,mia,bkn,95,104,32,13,19,25,6,33,20,23,13,15,away,5.5,193.5,-240.0,200.0,6.0,96.5,0.0,1,True
2014,2014-01-10,True,False,hou,atl,80,83,18,23,19,20,0,10,29,26,18,0,away,2.5,207.0,-141.0,121.0,1.5,102.5,0.0,0,True
2014,2014-01-10,True,False,det,phi,114,104,28,27,29,30,0,36,27,18,23,0,away,2.0,216.5,-131.0,111.0,4.0,107.5,1.0,1,False
2014,2014-01-10,True,False,wsh,ind,66,93,18,19,14,15,0,18,27,20,28,0,home,9.0,185.0,370.0,-475.0,2.5,93.0,1.0,0,True
2014,2014-01-10,True,False,dal,no,107,90,31,31,22,23,0,24,25,16,25,0,away,1.5,199.5,-125.0,105.0,3.0,98.0,1.0,0,False
2014,2014-01-11,True,False,no,dal,107,110,22,15,40,30,0,17,25,42,26,0,home,8.0,196.5,280.0,-340.0,3.5,99.5,0.0,1,True
2014,2014-01-11,True,False,bos,por,104,112,32,28,26,18,0,27,31,32,22,0,home,12.0,210.0,645.0,-950.0,9.0,105.0,0.0,1,True
2014,2014-01-11,True,False,orl,den,94,120,25,22,19,28,0,34,35,23,28,0,home,12.5,200.5,720.0,-1100.0,1.0,99.5,1.0,1,True
2014,2014-01-11,True,False,cha,chi,97,103,17,25,28,27,0,24,28,18,33,0,home,4.0,177.0,155.0,-180.0,0.5,86.0,1.0,1,True
2014,2014-01-11,True,False,bkn,tor,80,96,18,24,22,16,0,24,23,21,28,0,home,9.0,189.0,370.0,-475.0,3.5,92.0,1.0,0,True
2014,2014-01-11,True,False,phx,det,108,110,21,30,28,29,0,35,29,25,21,0,home,1.5,205.5,105.0,-125.0,3.0,101.5,1.0,1,True
2014,2014-01-11,True,False,ny,phi,102,92,20,32,32,18,0,28,12,28,24,0,away,5.0,206.5,-210.0,180.0,0.5,101.0,1.0,0,False
2014,2014-01-11,True,False,hou,wsh,114,107,29,34,31,20,0,29,17,33,28,0,away,2.0,199.5,-135.0,115.0,4.0,98.5,1.0,1,False
2014,2014-01-11,True,False,mil,okc,85,101,10,25,27,23,0,14,24,39,24,0,home,15.0,194.5,1500.0,-3000.0,8.5,97.0,1.0,0,True
2014,2014-01-12,True,False,cle,sac,80,124,32,18,11,19,0,30,29,30,35,0,home,3.5,206.5,135.0,-160.0,1.0,102.0,1.0,0,True
2014,2014-01-12,True,False,atl,mem,101,108,18,23,31,29,0,21,27,29,31,0,home,5.5,191.5,180.0,-210.0,1.0,95.5,1.0,1,True
2014,2014-01-12,True,False,min,sa,86,104,21,28,22,15,0,28,24,29,23,0,home,5.5,213.0,200.0,-240.0,2.5,104.0,1.0,0,True
2014,2014-01-13,True,False,den,utah,103,118,31,22,24,26,0,35,32,26,25,0,away,6.0,204.5,-245.0,205.0,6.5,103.0,0.0,1,True
2014,2014-01-13,True,False,mil,tor,94,116,24,26,23,21,0,38,20,30,28,0,home,10.5,188.0,460.0,-625.0,3.5,94.0,1.0,1,True
2014,2014-01-13,True,False,hou,bos,104,92,19,33,32,20,0,27,16,22,27,0,away,6.0,208.0,-250.0,210.0,0.5,103.0,1.0,0,False
2014,2014-01-13,True,False,phx,ny,96,98,21,22,25,24,4,28,24,22,18,6,home,4.0,198.0,155.0,-180.0,1.0,98.0,0.0,0,True
2014,2014-01-13,True,False,sa,no,101,95,24,27,25,25,0,28,24,21,22,0,away,7.0,197.0,-310.0,250.0,5.0,99.5,0.0,0,False
2014,2014-01-13,True,False,wsh,chi,102,88,26,30,22,24,0,19,24,25,20,0,home,2.5,180.5,120.0,-140.0,4.5,90.0,0.0,1,False
2014,2014-01-13,True,False,orl,dal,88,107,20,21,25,22,0,28,31,25,23,0,home,12.5,197.0,810.0,-1300.0,2.0,96.5,1.0,0,True
2014,2014-01-14,True,False,okc,mem,87,90,16,31,20,20,0,24,19,29,18,0,home,1.0,196.0,-110.0,-110.0,1.5,97.5,1.0,0,True
2014,2014-01-14,True,False,cle,lal,120,118,28,29,31,32,0,23,40,22,33,0,away,4.0,204.5,-170.0,150.0,3.5,102.5,0.0,1,False
2014,2014-01-14,True,False,ny,cha,98,108,24,22,27,25,0,27,28,23,30,0,home,1.0,187.5,-105.0,-115.0,2.5,92.5,1.0,1,True
2014,2014-01-14,True,False,sac,ind,92,116,20,25,29,18,0,25,34,27,30,0,home,10.5,195.5,490.0,-790.0,1.0,96.0,1.0,1,True
2014,2014-01-15,True,False,dal,lac,127,129,32,30,36,29,0,30,42,28,29,0,home,4.5,208.0,170.0,-195.0,1.5,106.0,0.0,1,True
2014,2014-01-15,True,False,den,gs,123,116,35,30,26,32,0,32,26,24,34,0,home,8.5,213.0,300.0,-370.0,9.0,107.5,0.0,1,False
2014,2014-01-15,True,False,lal,phx,114,121,27,31,24,32,0,26,28,34,33,0,home,11.0,214.0,500.0,-800.0,9.0,107.0,0.0,1,True
2014,2014-01-15,True,False,utah,sa,105,109,25,20,24,36,0,28,22,31,28,0,home,13.5,199.5,1080.0,-1680.0,7.0,102.0,0.0,1,True
2014,2014-01-15,True,False,mem,mil,82,77,20,22,16,24,0,10,25,25,17,0,away,6.0,185.0,-240.0,200.0,1.5,91.0,0.0,0,False
2014,2014-01-15,True,False,cle,por,96,108,27,23,25,21,0,26,28,23,31,0,home,10.5,212.5,455.0,-705.0,5.5,105.5,1.0,0,True
2014,2014-01-15,True,False,hou,no,103,100,19,26,29,29,0,30,26,25,19,0,away,5.5,203.5,-230.0,190.0,6.0,100.0,0.0,0,False
2014,2014-01-15,True,False,tor,bos,83,88,25,16,15,27,0,23,22,28,15,0,away,4.5,193.0,-170.0,150.0,4.0,95.0,0.0,0,True
2014,2014-01-15,True,False,cha,phi,92,95,27,18,23,24,0,24,29,19,23,0,home,2.0,209.0,110.0,-130.0,1.0,103.5,1.0,0,True
2014,2014-01-15,True,False,mia,wsh,97,114,18,30,29,20,0,43,26,17,28,0,away,6.0,196.0,-250.0,210.0,10.5,97.0,0.0,1,True
2014,2014-01-15,True,False,chi,orl,128,125,26,20,27,28,27,20,29,31,21,24,away,6.0,180.5,-240.0,200.0,6.0,91.0,0.0,1,False
2014,2014-01-15,True,False,sac,min,111,108,24,34,25,28,0,23,24,26,35,0,home,9.5,217.5,425.0,-600.0,9.0,108.0,0.0,1,False
2014,2014-01-16,True,False,bkn,atl,127,110,31,34,34,28,0,27,26,21,36,0,home,1.0,194.5,100.0,-120.0,4.0,98.0,0.0,1,False
2014,2014-01-16,True,False,ny,ind,89,117,31,17,21,20,0,30,33,24,30,0,home,9.5,184.0,400.0,-500.0,0.5,93.5,1.0,1,True
2014,2014-01-16,True,False,okc,hou,104,92,36,23,24,21,0,32,41,10,9,0,home,2.5,208.5,125.0,-145.0,3.0,107.0,0.0,0,False
2014,2014-01-17,True,False,gs,okc,121,127,32,33,26,30,0,39,32,30,26,0,away,1.5,206.0,-120.0,100.0,2.5,104.5,0.0,1,True
2014,2014-01-17,True,False,cle,den,117,109,26,42,19,30,0,29,28,23,29,0,home,7.0,212.0,240.0,-300.0,6.5,107.0,0.0,1,False
2014,2014-01-17,True,False,dal,phx,110,107,36,22,26,26,0,30,26,19,32,0,away,1.5,211.0,-125.0,105.0,0.0,104.5,1.0,1,False
2014,2014-01-17,True,False,por,sa,109,100,27,27,23,32,0,27,22,29,22,0,home,5.5,213.0,190.0,-230.0,6.5,106.0,0.0,0,False
2014,2014-01-17,True,False,sac,mem,90,91,21,21,29,19,0,20,24,28,19,0,home,5.5,198.0,190.0,-230.0,3.0,97.0,0.0,0,True
2014,2014-01-17,True,False,utah,det,110,89,27,31,31,21,0,25,20,20,24,0,home,7.0,204.0,240.0,-290.0,7.0,104.0,0.0,0,False
2014,2014-01-17,True,False,cha,orl,111,101,30,22,26,33,0,18,35,21,27,0,away,1.5,189.0,-120.0,100.0,1.0,94.5,1.0,1,False
2014,2014-01-17,True,False,lac,ny,109,95,23,27,26,33,0,27,23,17,28,0,away,4.0,202.0,-185.0,160.0,3.0,101.0,1.0,1,False
2014,2014-01-17,True,False,min,tor,89,94,15,25,21,28,0,22,22,25,25,0,home,0.0,205.5,-110.0,-110.0,1.0,99.0,1.0,0,True
2014,2014-01-17,True,False,mia,phi,101,86,34,24,21,22,0,24,17,20,25,0,away,11.0,212.0,-815.0,515.0,1.5,104.0,1.0,0,False
2014,2014-01-17,True,False,chi,wsh,93,96,27,23,24,19,0,30,24,20,22,0,home,5.0,186.5,170.0,-200.0,1.5,92.0,0.0,1,True
2014,2014-01-17,True,False,lal,bos,107,104,25,27,24,31,0,23,35,24,22,0,home,7.0,204.5,245.0,-305.0,3.0,101.5,0.0,1,False
2014,2014-01-18,True,False,por,dal,127,111,35,36,33,23,0,23,29,18,41,0,away,2.0,215.5,-130.0,110.0,5.5,108.0,1.0,1,False
2014,2014-01-18,True,False,utah,min,72,98,14,9,22,27,0,23,28,28,19,0,home,10.5,206.0,485.0,-650.0,2.0,101.5,1.0,0,True
2014,2014-01-18,True,False,gs,no,97,87,24,28,26,19,0,29,25,18,15,0,away,4.5,205.0,-190.0,162.0,5.0,102.0,1.0,0,False
2014,2014-01-18,True,False,mil,hou,104,114,23,29,26,26,0,29,33,29,23,0,home,13.5,199.5,970.0,-1700.0,4.5,100.5,0.0,1,True
2014,2014-01-18,True,False,mia,cha,104,96,27,26,22,15,14,29,31,16,14,6,away,6.5,192.5,-300.0,250.0,8.5,95.5,1.0,1,False
2014,2014-01-18,True,False,lac,ind,92,106,18,23,27,24,0,27,30,21,28,0,home,9.5,195.5,370.0,-475.0,1.0,97.0,1.0,1,True
2014,2014-01-18,True,False,det,wsh,104,98,22,24,33,25,0,29,25,22,22,0,home,6.5,203.5,220.0,-265.0,1.0,99.5,0.0,0,False
2014,2014-01-18,True,False,phi,chi,78,103,19,12,20,27,0,24,27,27,25,0,home,8.5,197.0,320.0,-400.0,1.5,97.5,1.0,0,True
2014,2014-01-19,True,False,lal,tor,112,106,29,25,28,30,0,36,22,23,25,0,home,9.0,204.5,370.0,-475.0,4.0,101.5,0.0,1,False
2014,2014-01-19,True,False,bos,orl,91,93,26,20,18,27,0,18,35,13,27,0,away,3.0,195.5,-150.0,130.0,4.0,97.0,0.0,0,True
2014,2014-01-19,True,False,mil,sa,82,110,16,22,22,22,0,29,24,31,26,0,home,15.0,197.5,1307.0,-2525.0,4.0,98.0,1.0,0,True
2014,2014-01-19,True,False,sac,okc,93,108,30,22,22,19,0,28,29,32,19,0,home,8.5,214.0,320.0,-400.0,4.0,105.0,1.0,0,True
2014,2014-01-19,True,False,den,phx,103,117,25,31,23,24,0,34,28,22,33,0,home,1.5,217.5,105.0,-125.0,1.5,107.0,1.0,1,True
2014,2014-01-20,True,False,lal,chi,100,102,26,26,20,21,7,31,18,20,24,9,home,8.5,198.0,320.0,-400.0,7.0,98.5,0.0,1,True
2014,2014-01-20,True,False,ind,gs,102,94,35,18,24,25,0,21,19,29,25,0,home,1.5,196.5,101.0,-120.0,5.0,100.5,0.0,0,False
2014,2014-01-20,True,False,mia,atl,114,121,31,39,22,22,0,34,37,26,24,0,away,5.0,200.5,-210.0,180.0,5.0,102.5,0.0,1,True
2014,2014-01-20,True,False,no,mem,95,92,25,16,27,27,0,20,20,29,23,0,home,7.0,188.0,270.0,-330.0,5.0,94.5,0.0,0,False
2014,2014-01-20,True,False,por,hou,113,126,28,28,35,22,0,37,34,35,20,0,home,2.0,219.0,110.0,-130.0,4.5,109.0,1.0,1,True
2014,2014-01-20,True,False,tor,cha,95,100,11,25,24,35,0,26,29,23,22,0,away,4.0,186.0,-180.0,155.0,6.5,93.0,0.0,1,True
2014,2014-01-20,True,False,phi,wsh,99,107,23,28,22,26,0,29,32,25,21,0,home,10.0,208.0,435.0,-575.0,2.5,103.0,0.0,0,True
2014,2014-01-20,True,False,bkn,ny,103,80,27,25,19,32,0,16,22,17,25,0,away,2.0,193.5,-130.0,110.0,4.0,95.5,1.0,0,False
2014,2014-01-20,True,False,dal,cle,102,97,30,29,20,23,0,23,14,29,31,0,away,0.0,206.0,-115.0,-105.0,5.0,100.5,1.0,0,False
2014,2014-01-20,True,False,lac,det,112,103,26,38,30,18,0,28,25,25,25,0,away,3.5,208.0,-170.0,145.0,2.0,102.0,1.0,1,False
2014,2014-01-21,True,False,bos,mia,86,93,15,25,27,19,0,29,22,20,22,0,home,8.5,197.0,375.0,-475.0,2.0,96.0,0.0,0,True
2014,2014-01-21,True,False,orl,bkn,90,101,21,21,14,34,0,27,19,27,28,0,home,9.0,193.5,360.0,-460.0,4.5,96.0,1.0,0,True
2014,2014-01-21,True,False,sac,no,114,97,38,26,27,23,0,20,36,14,27,0,away,1.5,205.5,-125.0,105.0,2.0,102.5,1.0,1,False
2014,2014-01-21,True,False,por,okc,97,105,27,25,23,22,0,21,30,26,28,0,home,6.0,215.0,220.0,-260.0,4.0,107.0,1.0,0,True
2014,2014-01-21,True,False,min,utah,112,97,34,20,30,28,0,16,23,23,35,0,away,4.5,202.0,-200.0,170.0,2.5,101.5,1.0,1,False
2014,2014-01-22,True,False,okc,sa,111,105,30,25,21,35,0,24,29,22,30,0,home,6.5,205.0,230.0,-270.0,5.5,103.0,0.0,1,False
2014,2014-01-22,True,False,ind,phx,100,124,29,20,30,21,0,30,32,34,28,0,away,6.0,196.0,-250.0,210.0,7.0,100.0,0.0,1,True
2014,2014-01-22,True,False,sac,hou,98,119,22,22,29,25,0,29,26,33,31,0,home,9.5,217.0,-525.0,-525.0,3.5,106.0,1.0,2,True
2014,2014-01-22,True,False,det,mil,101,104,28,28,29,16,0,25,25,31,23,0,away,4.5,196.0,-200.0,170.0,0.5,98.0,0.0,1,True
2014,2014-01-22,True,False,phi,ny,110,106,33,28,23,26,0,26,30,24,26,0,home,8.5,206.0,310.0,-380.0,7.5,102.0,0.0,1,False
2014,2014-01-22,True,False,dal,tor,85,93,34,17,22,12,0,15,31,22,25,0,home,3.0,200.0,135.0,-155.0,3.5,98.5,1.0,0,True
2014,2014-01-22,True,False,atl,orl,112,109,29,31,28,24,0,21,35,24,29,0,away,5.5,202.0,-230.0,190.0,2.5,101.5,0.0,1,False
2014,2014-01-22,True,False,chi,cle,98,87,23,20,28,27,0,17,27,18,25,0,home,4.5,186.0,160.0,-190.0,3.0,91.5,0.0,0,False
2014,2014-01-22,True,False,bos,wsh,113,111,32,29,15,23,14,22,21,30,26,12,home,10.0,191.5,400.0,-525.0,9.5,95.5,0.0,1,False
2014,2014-01-22,True,False,lac,cha,91,95,25,24,21,21,0,26,22,24,23,0,away,6.0,198.5,-245.0,205.0,4.0,98.5,0.0,0,True
2014,2014-01-23,True,False,lal,mia,102,109,27,19,29,27,0,30,27,28,24,0,home,12.0,209.5,670.0,-1000.0,3.5,103.0,0.0,1,True
2014,2014-01-23,True,False,den,por,105,110,30,37,24,14,0,27,32,27,24,0,home,7.0,221.0,250.0,-300.0,7.0,109.5,0.0,0,True
2014,2014-01-24,True,False,mem,hou,88,87,21,23,20,24,0,20,15,29,23,0,home,5.5,196.0,200.0,-240.0,5.5,97.0,0.0,0,False
2014,2014-01-24,True,False,min,gs,121,120,36,27,28,30,0,36,27,35,22,0,home,3.5,211.0,145.0,-170.0,3.5,107.5,0.0,1,False
2014,2014-01-24,True,False,ind,sac,116,111,26,24,29,24,13,37,23,24,19,8,away,11.5,198.0,-800.0,565.0,12.0,102.0,0.0,1,False
2014,2014-01-24,True,False,wsh,phx,101,95,30,21,31,19,0,29,28,19,19,0,home,4.0,207.5,155.0,-180.0,0.5,103.0,0.0,0,False
2014,2014-01-24,True,False,lac,chi,112,95,41,27,24,20,0,26,29,25,15,0,away,2.0,190.5,-130.0,110.0,3.0,94.5,1.0,1,False
2014,2014-01-24,True,False,no,det,103,101,25,29,17,32,0,26,22,32,21,0,home,3.5,203.0,145.0,-170.0,4.0,102.0,0.0,1,False
2014,2014-01-24,True,False,tor,phi,104,95,27,25,28,24,0,28,25,25,17,0,away,6.0,203.5,-250.0,210.0,5.0,100.5,1.0,0,False
2014,2014-01-24,True,False,okc,bos,101,83,27,23,27,24,0,28,18,13,24,0,away,2.5,191.5,-140.0,120.0,0.5,95.0,1.0,0,False
2014,2014-01-24,True,False,dal,bkn,106,107,21,25,24,36,0,18,39,21,29,0,home,2.0,200.0,110.0,-130.0,2.5,99.5,0.0,1,True
2014,2014-01-24,True,False,mil,cle,78,93,23,14,18,23,0,24,22,25,22,0,home,8.5,195.0,320.0,-400.0,2.0,95.0,1.0,0,True
2014,2014-01-24,True,False,sa,atl,105,79,27,28,29,21,0,14,20,22,23,0,away,5.0,210.5,-210.0,180.0,3.5,104.5,1.0,0,False
2014,2014-01-24,True,False,lal,orl,105,114,32,23,25,25,0,28,25,38,23,0,home,2.5,210.5,120.0,-140.0,1.5,103.5,1.0,1,True
2014,2014-01-24,True,False,cha,ny,96,125,21,25,20,30,0,30,37,34,24,0,home,4.0,189.5,155.0,-180.0,4.0,94.0,1.0,1,True
2014,2014-01-25,True,False,min,por,104,115,29,28,24,23,0,27,38,22,28,0,home,7.0,219.5,265.0,-325.0,2.0,108.0,1.0,0,True
2014,2014-01-25,True,False,wsh,utah,101,104,29,24,24,24,0,21,30,26,27,0,home,2.0,195.5,115.0,-135.0,1.5,100.5,1.0,1,True
2014,2014-01-25,True,False,ind,den,96,109,18,18,40,20,0,22,33,31,23,0,away,2.0,203.0,-135.0,115.0,6.5,102.0,0.0,1,True
2014,2014-01-25,True,False,atl,mil,112,87,31,29,36,16,0,25,20,19,23,0,away,2.5,196.5,-145.0,125.0,3.0,96.0,1.0,1,False
2014,2014-01-25,True,False,okc,phi,103,91,26,27,30,20,0,26,18,27,20,0,away,9.0,208.0,-475.0,370.0,3.0,102.0,1.0,0,False
2014,2014-01-25,True,False,lac,tor,126,118,36,35,22,33,0,37,28,28,25,0,home,1.0,198.0,100.0,-120.0,2.0,98.5,0.0,1,False
2014,2014-01-25,True,False,chi,cha,89,87,22,17,18,32,0,24,15,16,32,0,away,2.0,181.5,-130.0,110.0,2.0,90.0,2.0,0,False
2014,2014-01-25,True,False,hou,mem,81,99,14,21,19,27,0,16,30,25,28,0,away,1.5,194.5,-125.0,105.0,4.5,98.0,0.0,0,True
2014,2014-01-26,True,False,det,dal,106,116,25,21,35,25,0,28,28,28,32,0,home,6.5,214.0,235.0,-275.0,0.5,105.5,1.0,1,True
2014,2014-01-26,True,False,por,gs,88,103,22,33,12,21,0,28,26,22,27,0,home,6.0,216.5,210.0,-250.0,4.5,107.0,1.0,0,True
2014,2014-01-26,True,False,den,sac,125,117,30,35,30,30,0,31,28,34,24,0,away,4.0,216.0,-185.0,160.0,0.5,107.0,1.0,1,False
2014,2014-01-26,True,False,bkn,bos,85,79,11,24,24,26,0,17,17,19,26,0,away,4.5,191.0,-185.0,160.0,3.0,93.5,1.0,0,False
2014,2014-01-26,True,False,orl,no,92,100,21,23,25,23,0,27,27,21,25,0,home,6.5,197.5,235.0,-275.0,0.5,98.5,1.0,0,True
2014,2014-01-26,True,False,phx,cle,99,90,22,21,25,31,0,29,32,6,23,0,home,2.0,204.0,110.0,-130.0,4.0,101.0,0.0,0,False
2014,2014-01-26,True,False,lal,ny,103,110,25,22,34,22,0,22,29,32,27,0,home,5.5,210.0,185.0,-225.0,2.5,103.5,1.0,1,True
2014,2014-01-26,True,False,sa,mia,101,113,28,22,21,30,0,34,24,33,22,0,home,3.5,205.0,150.0,-170.0,1.0,102.0,1.0,1,True
2014,2014-01-27,True,False,phx,phi,124,113,40,22,33,29,0,26,28,28,31,0,away,5.0,214.5,-210.0,170.0,0.5,105.0,1.0,1,False
2014,2014-01-27,True,False,tor,bkn,104,103,25,32,25,22,0,26,30,25,22,0,home,4.0,190.5,160.0,-185.0,3.0,95.5,0.0,1,False
2014,2014-01-27,True,False,atl,okc,109,111,32,25,30,22,0,26,24,29,32,0,home,10.0,204.0,445.0,-600.0,9.5,103.0,0.0,1,True
2014,2014-01-27,True,False,lac,mil,114,86,32,32,20,30,0,25,16,20,25,0,away,10.0,203.0,-600.0,445.0,0.0,99.5,1.0,0,False
2014,2014-01-27,True,False,min,chi,95,86,23,31,18,23,0,20,26,19,21,0,away,4.5,197.0,-200.0,165.0,0.5,98.0,1.0,0,False
2014,2014-01-27,True,False,sac,utah,99,106,22,28,20,29,0,20,30,31,25,0,home,7.5,205.0,270.0,-330.0,5.0,102.5,0.0,2,True
2014,2014-01-28,True,False,ind,lal,104,92,22,27,30,25,0,19,30,20,23,0,away,10.0,205.0,-600.0,450.0,7.0,104.0,1.0,0,False
2014,2014-01-28,True,False,wsh,gs,88,85,24,21,21,22,0,22,27,16,20,0,home,8.0,205.0,310.0,-380.0,4.5,103.0,0.0,0,False
2014,2014-01-28,True,False,mem,por,98,81,31,30,20,17,0,22,24,12,23,0,home,5.0,197.5,182.0,-215.0,7.5,100.0,0.0,0,False
2014,2014-01-28,True,False,bos,ny,88,114,15,22,22,29,0,31,32,23,28,0,home,6.0,193.0,215.0,-260.0,3.5,95.5,1.0,1,True
2014,2014-01-28,True,False,orl,det,87,103,22,21,17,27,0,20,33,25,25,0,home,7.0,205.0,250.0,-300.0,1.0,100.5,1.0,0,True
2014,2014-01-28,True,False,no,cle,100,89,26,30,27,17,0,29,15,21,24,0,home,2.5,194.0,125.0,-145.0,5.0,97.0,0.0,0,False
2014,2014-01-28,True,False,sa,hou,90,97,28,18,18,26,0,20,19,33,25,0,away,1.5,209.5,-125.0,105.0,1.5,104.0,0.0,0,True
2014,2014-01-29,True,False,cha,den,101,98,32,21,22,26,0,21,31,23,23,0,home,7.5,205.5,290.0,-350.0,6.0,102.5,0.0,0,False
2014,2014-01-29,True,False,wsh,lac,103,110,31,20,23,29,0,30,32,19,29,0,home,9.0,206.5,355.0,-450.0,2.0,102.0,0.0,1,True
2014,2014-01-29,True,False,mem,sac,99,89,25,23,21,30,0,24,22,17,26,0,away,5.5,194.5,-230.0,192.0,3.0,97.5,1.0,0,False
2014,2014-01-29,True,False,chi,sa,96,86,21,19,28,28,0,15,21,25,25,0,home,7.5,187.5,305.0,-375.0,6.5,92.0,0.0,0,False
2014,2014-01-29,True,False,hou,dal,117,115,32,31,28,26,0,30,27,28,30,0,home,5.0,210.0,175.0,-205.0,4.5,105.0,0.0,1,False
2014,2014-01-29,True,False,no,min,77,88,16,19,27,15,0,23,24,20,21,0,home,10.5,203.0,465.0,-625.0,3.0,102.0,1.0,0,True
2014,2014-01-29,True,False,phi,bos,95,94,23,30,21,21,0,26,21,24,23,0,home,4.0,203.5,155.0,-180.0,3.5,102.0,0.0,0,False
2014,2014-01-29,True,False,okc,mia,112,95,21,34,36,21,0,30,20,25,20,0,home,4.0,203.0,155.0,-180.0,4.0,100.5,0.0,1,False
2014,2014-01-29,True,False,orl,tor,83,98,20,20,25,18,0,33,22,25,18,0,home,9.5,194.0,390.0,-500.0,0.5,95.5,1.0,0,True
2014,2014-01-29,True,False,phx,mil,126,117,28,34,29,35,0,19,31,34,33,0,away,8.5,201.5,-405.0,325.0,1.5,99.5,1.0,1,False
2014,2014-01-30,True,False,phx,ind,102,94,36,30,11,25,0,19,30,25,20,0,home,11.5,200.5,595.0,-850.0,12.0,101.5,0.0,0,False
2014,2014-01-30,True,False,cle,ny,86,117,21,15,29,21,0,38,22,21,36,0,home,6.5,197.5,227.0,-275.0,2.5,97.0,1.0,1,True
2014,2014-01-30,True,False,lac,gs,92,111,21,35,11,25,0,32,32,26,21,0,home,6.0,213.0,200.0,-240.0,1.0,106.0,1.0,0,True
2014,2014-01-31,True,False,atl,phi,125,99,27,37,38,23,0,21,31,23,24,0,away,5.5,212.5,-215.0,182.0,1.0,105.5,1.0,1,False
2014,2014-01-31,True,False,mil,orl,102,113,20,26,18,38,0,35,32,21,25,0,home,6.0,195.5,225.0,-270.0,2.0,96.5,1.0,1,True
2014,2014-01-31,True,False,mem,min,94,90,30,20,16,28,0,22,15,30,23,0,away,1.5,189.0,-125.0,105.0,3.0,94.5,1.0,0,False
2014,2014-01-31,True,False,okc,bkn,120,95,30,33,26,31,0,16,19,24,36,0,away,4.5,198.5,-190.0,162.0,4.0,96.5,1.0,1,False
2014,2014-01-31,True,False,sac,dal,103,107,20,29,32,22,0,24,30,21,32,0,home,9.0,214.5,390.0,-500.0,4.0,104.5,0.0,0,True
2014,2014-01-31,True,False,tor,den,100,90,29,31,26,14,0,25,28,17,20,0,home,0.0,203.5,-105.0,-115.0,2.0,101.0,0.0,0,False
2014,2014-01-31,True,False,gs,utah,95,90,23,18,25,29,0,21,27,23,19,0,away,6.0,201.0,-260.0,215.0,6.0,98.5,0.0,0,False
2014,2014-01-31,True,False,cha,lal,110,100,31,31,24,24,0,27,22,25,26,0,home,3.0,206.0,135.0,-160.0,5.5,102.0,0.0,1,False
2014,2014-02-01,True,False,sac,sa,93,95,24,29,25,15,0,27,25,19,24,0,home,10.0,205.0,425.0,-550.0,7.5,102.0,0.0,0,True
2014,2014-02-01,True,False,cha,phx,95,105,27,14,22,32,0,32,27,31,15,0,home,9.0,205.0,355.0,-450.0,0.5,99.5,1.0,0,True
2014,2014-02-01,True,False,mia,ny,106,91,29,24,24,29,0,22,24,25,20,0,away,5.0,201.5,-210.0,180.0,1.5,98.0,1.0,0,False
2014,2014-02-01,True,False,utah,lac,87,102,21,21,23,22,0,19,23,34,26,0,home,12.5,208.5,810.0,-1300.0,8.0,101.5,1.0,0,True
2014,2014-02-01,True,False,tor,por,103,106,19,21,34,29,0,31,26,26,23,0,home,7.0,205.5,255.0,-310.0,1.5,100.5,0.0,1,True
2014,2014-02-01,True,False,mil,mem,90,99,24,25,20,21,0,17,26,24,32,0,home,12.5,180.0,670.0,-1000.0,10.5,90.5,0.0,1,True
2014,2014-02-01,True,False,bkn,ind,96,97,24,21,25,26,0,25,21,26,25,0,home,11.5,191.0,565.0,-800.0,7.0,95.0,0.0,1,True
2014,2014-02-01,True,False,cle,hou,92,106,23,29,21,19,0,31,30,23,22,0,home,11.5,206.5,565.0,-800.0,3.5,102.0,1.0,0,True
2014,2014-02-01,True,False,okc,wsh,81,96,13,25,26,17,0,25,17,36,18,0,away,5.0,201.0,-200.0,170.0,6.0,98.0,0.0,0,True
2014,2014-02-01,True,False,chi,no,79,88,21,18,18,22,0,23,27,21,17,0,away,1.0,182.0,-115.0,-105.0,4.0,89.0,0.0,0,True
2014,2014-02-01,True,False,min,atl,113,120,24,30,21,38,0,25,23,38,34,0,home,3.0,208.0,130.0,-150.0,3.5,104.0,1.0,1,True
2014,2014-02-01,True,False,phi,det,96,113,22,27,21,26,0,32,25,36,20,0,home,10.0,215.0,405.0,-525.0,3.5,105.0,1.0,0,True
2014,2014-02-02,True,False,orl,bos,89,96,19,26,19,25,0,27,27,17,25,0,home,6.5,191.0,235.0,-285.0,0.5,95.0,1.0,0,True
2014,2014-02-03,True,False,orl,ind,79,98,22,28,13,16,0,29,30,16,23,0,home,15.0,188.5,1515.0,-3115.0,6.0,94.5,1.0,0,True
2014,2014-02-03,True,False,por,wsh,90,100,27,28,14,21,0,32,24,26,18,0,away,1.0,208.0,-115.0,-105.0,1.0,103.5,0.0,0,True
2014,2014-02-03,True,False,det,mia,96,102,29,28,23,16,0,32,31,21,18,0,home,9.5,206.0,410.0,-560.0,3.5,102.5,0.0,0,True
2014,2014-02-03,True,False,phi,bkn,102,108,16,33,20,33,0,24,30,30,24,0,home,9.0,210.0,385.0,-490.0,4.0,104.5,0.0,2,True
2014,2014-02-03,True,False,ny,mil,98,101,19,24,26,29,0,18,32,25,26,0,away,8.5,195.0,-395.0,315.0,7.0,97.0,0.0,1,True
2014,2014-02-03,True,False,mem,okc,77,86,18,18,25,16,0,20,31,18,17,0,home,8.0,186.0,320.0,-410.0,0.0,93.0,1.0,0,True
2014,2014-02-03,True,False,sa,no,102,95,25,17,22,38,0,27,27,22,19,0,away,3.0,193.0,-165.0,145.0,4.5,97.0,1.0,1,False
2014,2014-02-03,True,False,cle,dal,107,124,25,27,27,28,0,27,32,35,30,0,home,8.0,205.5,315.0,-405.0,2.0,102.0,1.0,1,True
2014,2014-02-03,True,False,tor,utah,94,79,24,31,16,23,0,27,17,18,17,0,away,5.0,191.5,-200.0,170.0,0.0,95.0,1.0,0,False
2014,2014-02-03,True,False,lac,den,115,116,29,31,21,34,0,25,35,22,34,0,away,1.0,215.0,-125.0,105.0,1.0,106.0,0.0,1,True
2014,2014-02-03,True,False,chi,sac,70,99,12,21,24,13,0,24,20,27,28,0,home,1.5,193.5,100.0,-120.0,3.0,95.0,1.0,0,True
2014,2014-02-04,True,False,cha,gs,91,75,26,25,21,19,0,13,26,18,18,0,home,11.0,199.5,515.0,-815.0,10.5,100.0,0.0,0,False
2014,2014-02-04,True,False,chi,phx,101,92,21,23,25,32,0,13,20,30,29,0,home,7.5,192.5,290.0,-350.0,7.0,95.5,0.0,1,False
2014,2014-02-04,True,False,ind,atl,89,85,19,23,24,23,0,15,28,12,30,0,away,3.5,200.5,-155.0,135.0,3.5,101.5,1.0,0,False
2014,2014-02-04,True,False,lal,min,99,109,26,26,26,21,0,38,30,21,20,0,home,10.5,217.0,505.0,-805.0,1.5,105.0,0.0,0,True
2014,2014-02-05,True,False,atl,no,100,105,24,27,24,25,0,28,19,24,34,0,home,2.5,201.5,125.0,-145.0,2.0,101.5,1.0,1,True
2014,2014-02-05,True,False,mia,lac,116,112,36,26,27,27,0,24,31,20,37,0,home,0.0,207.0,-110.0,-110.0,1.5,102.0,0.0,1,False
2014,2014-02-05,True,False,tor,sac,101,109,23,29,20,29,0,30,37,25,17,0,home,1.0,200.5,-105.0,-115.0,3.5,100.0,1.0,1,True
2014,2014-02-05,True,False,mil,den,100,110,24,28,20,28,0,30,21,33,26,0,home,12.0,210.0,685.0,-1085.0,8.0,104.0,0.0,2,True
2014,2014-02-05,True,False,phx,hou,108,122,30,33,27,18,0,35,31,29,27,0,home,7.5,214.5,290.0,-350.0,3.5,107.0,1.0,1,True
2014,2014-02-05,True,False,dal,mem,110,96,21,31,26,32,0,26,29,17,24,0,home,2.5,189.0,120.0,-140.0,0.0,95.0,0.0,1,False
2014,2014-02-05,True,False,bos,phi,114,108,34,22,32,26,0,23,24,35,26,0,away,3.5,205.5,-155.0,135.0,1.0,101.0,1.0,1,False
2014,2014-02-05,True,False,det,orl,98,112,26,17,31,24,0,26,31,31,24,0,away,3.0,202.5,-140.0,120.0,5.0,99.0,0.0,1,True
2014,2014-02-05,True,False,por,ny,94,90,26,21,30,17,0,23,23,22,22,0,away,2.5,206.0,-145.0,125.0,1.5,102.5,1.0,0,False
2014,2014-02-05,True,False,sa,wsh,125,118,25,23,34,17,26,33,29,21,16,19,away,2.0,193.0,-130.0,110.0,5.5,98.5,1.0,1,False
2014,2014-02-05,True,False,lal,cle,119,108,36,34,28,21,0,17,32,31,28,0,home,7.0,207.5,250.0,-310.0,8.0,101.5,0.0,1,False
2014,2014-02-05,True,False,min,okc,97,106,25,29,23,20,0,26,30,24,26,0,home,13.0,198.5,805.0,-1255.0,8.0,98.0,0.0,1,True
2014,2014-02-06,True,False,sa,bkn,89,103,24,15,29,21,0,17,23,35,28,0,home,7.0,196.5,250.0,-300.0,5.0,98.0,1.0,0,True
2014,2014-02-06,True,False,chi,gs,87,102,29,17,22,19,0,16,34,26,26,0,home,6.5,187.0,240.0,-290.0,3.5,93.5,1.0,1,True
2014,2014-02-07,True,False,tor,lac,105,118,22,29,32,22,0,29,38,25,26,0,home,6.0,206.5,215.0,-260.0,2.5,101.5,1.0,1,True
2014,2014-02-07,True,False,min,no,91,98,26,21,24,20,0,25,17,19,37,0,away,1.0,198.5,-120.0,100.0,1.5,98.0,0.0,0,True
2014,2014-02-07,True,False,utah,dal,81,103,23,20,24,14,0,28,26,28,21,0,home,9.5,205.0,425.0,-550.0,2.0,103.5,1.0,0,True
2014,2014-02-07,True,False,bkn,det,95,111,17,27,29,22,0,30,37,29,15,0,home,2.0,206.0,115.0,-135.0,5.0,102.0,1.0,2,True
2014,2014-02-07,True,False,den,ny,90,117,26,18,24,22,0,20,30,33,34,0,home,2.0,210.0,115.0,-135.0,1.0,104.0,1.0,0,True
2014,2014-02-07,True,False,sac,bos,89,99,29,17,23,20,0,21,28,22,28,0,away,1.5,198.5,-125.0,105.0,1.0,98.5,0.0,0,True
2014,2014-02-07,True,False,cle,wsh,115,113,32,35,26,22,0,38,25,22,28,0,home,9.5,198.0,390.0,-500.0,8.0,100.5,0.0,1,False
2014,2014-02-07,True,False,por,ind,113,118,28,22,27,26,10,16,29,26,32,15,home,6.0,197.5,200.0,-240.0,6.5,98.0,0.0,1,True
2014,2014-02-07,True,False,lal,phi,112,98,26,35,26,25,0,35,29,21,13,0,home,4.0,220.0,155.0,-180.0,2.0,109.0,0.0,0,False
2014,2014-02-07,True,False,okc,orl,102,103,36,29,23,14,0,23,28,29,23,0,away,9.5,199.0,-560.0,430.0,2.0,98.0,0.0,1,True
2014,2014-02-08,True,False,sa,cha,104,100,21,20,28,35,0,25,17,28,30,0,away,5.0,192.0,-215.0,182.0,5.0,97.5,0.0,1,False
2014,2014-02-08,True,False,mem,atl,79,76,27,10,24,18,0,29,14,11,22,0,home,1.0,190.5,-105.0,-115.0,1.5,96.0,0.0,0,False
2014,2014-02-08,True,False,den,det,109,126,29,32,25,23,0,30,35,32,29,0,home,1.5,216.0,105.0,-125.0,0.0,106.5,1.0,1,True
2014,2014-02-08,True,False,por,min,117,110,28,27,28,34,0,23,31,29,27,0,away,5.5,204.0,-215.0,182.0,3.5,100.5,1.0,1,False
2014,2014-02-08,True,False,hou,mil,101,95,29,27,25,20,0,26,19,24,26,0,away,10.5,204.0,-700.0,510.0,3.0,101.0,0.0,0,False
2014,2014-02-08,True,False,gs,phx,109,122,28,31,31,19,0,29,34,32,27,0,home,4.5,209.0,162.0,-190.0,1.0,104.5,1.0,1,True
2014,2014-02-08,True,False,mia,utah,89,94,20,30,16,23,0,32,20,16,26,0,away,9.5,195.5,-560.0,430.0,8.0,97.0,0.0,0,True
2014,2014-02-09,True,False,ind,orl,92,93,31,21,22,18,0,28,15,21,29,0,away,8.0,190.5,-410.0,320.0,2.5,97.0,0.0,0,True
2014,2014-02-09,True,False,sac,wsh,84,93,24,21,19,20,0,28,29,18,18,0,home,5.0,205.0,190.0,-230.0,1.0,101.0,1.0,0,True
2014,2014-02-09,True,False,dal,bos,102,91,17,27,28,30,0,16,22,18,35,0,away,4.0,201.0,-175.0,155.0,0.5,98.5,1.0,0,False
2014,2014-02-09,True,False,phi,lac,78,123,15,15,21,27,0,46,23,31,23,0,home,16.0,220.5,1620.0,-3220.0,0.5,104.5,1.0,0,True
2014,2014-02-09,True,False,no,bkn,81,93,14,14,32,21,0,29,22,20,22,0,home,4.5,195.5,170.0,-200.0,3.0,98.0,1.0,0,True
2014,2014-02-09,True,False,chi,lal,92,86,34,18,25,15,0,23,23,16,24,0,away,3.0,193.5,-155.0,135.0,0.0,96.5,1.0,0,False
2014,2014-02-09,True,False,ny,okc,100,112,28,25,25,22,0,29,29,28,26,0,home,9.0,198.0,385.0,-490.0,4.0,98.5,1.0,1,True
2014,2014-02-09,True,False,mem,cle,83,91,18,15,25,20,5,22,20,17,19,13,away,3.0,183.0,-150.0,130.0,4.0,90.5,0.0,0,True
2014,2014-02-10,True,False,den,ind,80,119,20,20,16,24,0,31,30,24,34,0,home,10.5,197.0,475.0,-650.0,0.0,96.5,1.0,1,True
2014,2014-02-10,True,False,no,tor,101,108,20,29,21,31,0,31,18,33,26,0,home,7.0,194.5,240.0,-280.0,5.0,98.5,2.0,1,True
2014,2014-02-10,True,False,sa,det,100,109,24,24,24,28,0,25,34,33,17,0,away,3.5,206.5,-165.0,145.0,5.0,104.5,0.0,1,True
2014,2014-02-10,True,False,hou,min,107,89,34,33,15,25,0,28,30,20,11,0,away,4.0,206.5,-185.0,160.0,0.5,103.0,1.0,0,False
2014,2014-02-10,True,False,bos,mil,102,86,26,23,21,32,0,24,22,22,18,0,home,1.0,189.5,-102.0,-118.0,0.5,93.5,0.0,0,False
2014,2014-02-10,True,False,phi,gs,80,123,21,12,19,28,0,29,37,32,25,0,home,15.0,215.0,1350.0,-2300.0,1.0,104.5,1.0,0,True
2014,2014-02-11,True,False,utah,lal,96,79,16,32,20,28,0,27,10,23,19,0,home,2.0,201.0,115.0,-135.0,4.0,102.5,0.0,0,False
2014,2014-02-11,True,False,okc,por,98,95,19,26,35,18,0,25,30,25,15,0,home,1.0,211.0,100.0,-120.0,3.0,103.0,0.0,0,False
2014,2014-02-11,True,False,mia,phx,103,97,22,21,28,32,0,25,21,28,23,0,away,3.0,210.0,-145.0,125.0,3.0,103.0,1.0,0,False
2014,2014-02-11,True,False,dal,cha,89,114,26,18,21,24,0,28,30,31,25,0,away,4.0,201.5,-165.0,145.0,5.5,100.0,0.0,1,True
2014,2014-02-11,True,False,atl,chi,85,100,17,22,31,15,0,33,25,22,20,0,home,1.5,187.0,105.0,-125.0,4.5,93.5,1.0,0,True
2014,2014-02-11,True,False,sac,cle,99,109,23,20,25,31,0,30,25,25,29,0,away,1.5,205.0,-125.0,105.0,4.0,102.5,0.0,1,True
2014,2014-02-11,True,False,wsh,mem,89,92,23,16,31,19,0,24,28,27,13,0,home,4.5,181.0,160.0,-190.0,2.5,90.0,0.0,2,True
2014,2014-02-12,True,False,no,mil,102,98,28,18,37,19,0,19,30,27,22,0,away,8.0,194.5,-360.0,300.0,6.5,100.0,0.0,1,False
2014,2014-02-12,True,False,mia,gs,97,90,28,29,27,13,0,20,26,36,8,0,away,1.0,206.5,-120.0,100.0,3.5,103.0,1.0,0,False
2014,2014-02-12,True,False,phi,utah,100,105,22,26,21,31,0,31,25,22,27,0,home,8.0,201.0,310.0,-380.0,1.5,100.5,0.0,1,True
2014,2014-02-12,True,False,wsh,hou,112,113,26,28,36,22,0,38,25,30,20,0,home,8.5,204.5,345.0,-425.0,1.5,100.5,0.0,1,True
2014,2014-02-12,True,False,por,lac,103,104,30,31,34,8,0,31,30,31,12,0,home,9.0,217.5,370.0,-450.0,5.5,107.5,0.0,0,True
2014,2014-02-12,True,False,den,min,90,117,19,22,23,26,0,31,30,28,28,0,home,6.5,208.5,235.0,-275.0,2.5,100.5,1.0,0,True
2014,2014-02-12,True,False,sa,bos,104,92,25,23,23,33,0,19,25,22,26,0,away,3.5,192.5,-170.0,150.0,1.0,99.0,1.0,1,False
2014,2014-02-12,True,False,cle,det,93,89,22,18,19,34,0,28,23,15,23,0,home,8.0,209.5,300.0,-360.0,1.0,102.0,0.0,0,False
2014,2014-02-12,True,False,cha,bkn,89,105,29,15,19,26,0,30,20,35,20,0,home,7.5,194.0,280.0,-330.0,2.5,96.5,1.0,2,True
2014,2014-02-12,True,False,atl,tor,83,104,24,20,21,18,0,19,26,33,26,0,home,6.5,203.0,225.0,-265.0,4.0,102.0,1.0,0,True
2014,2014-02-12,True,False,dal,ind,81,73,19,25,16,21,0,19,23,20,11,0,home,9.0,196.0,375.0,-475.0,6.5,98.0,0.0,0,False
2014,2014-02-12,True,False,mem,orl,86,81,24,18,22,22,0,17,17,27,20,0,away,1.5,181.5,-125.0,105.0,1.0,91.5,1.0,0,False
2014,2014-02-12,True,False,sac,ny,106,101,22,26,24,21,13,33,21,20,19,8,home,6.0,202.0,220.0,-260.0,1.5,101.0,0.0,1,False
2014,2014-02-13,True,False,bkn,chi,76,92,19,22,20,15,0,29,20,20,23,0,home,4.0,185.0,150.0,-175.0,0.5,91.5,1.0,0,True
2014,2014-02-13,True,False,okc,lal,107,103,17,28,27,35,0,24,30,28,21,0,away,11.0,204.5,-825.0,580.0,12.0,103.0,0.0,1,False
2014,2014-02-18,True,False,sa,lac,113,103,24,32,26,31,0,26,25,25,27,0,home,6.5,211.0,240.0,-290.0,6.5,106.5,0.0,1,False
2014,2014-02-18,True,False,phx,den,112,107,31,21,24,23,13,25,26,26,22,8,away,2.5,216.0,-135.0,115.0,2.0,106.0,1.0,1,False
2014,2014-02-18,True,False,mia,dal,117,106,30,30,24,33,0,28,26,31,21,0,away,2.0,205.5,-131.0,111.0,0.0,102.5,1.0,1,False
2014,2014-02-18,True,False,orl,mil,100,104,22,25,32,21,0,25,28,28,23,0,away,3.0,195.0,-150.0,130.0,3.5,97.5,0.0,1,True
2014,2014-02-18,True,False,atl,ind,98,108,23,26,26,23,0,35,22,30,21,0,home,10.0,195.5,465.0,-624.0,3.5,98.5,2.0,1,True
2014,2014-02-18,True,False,cha,det,108,96,32,22,25,29,0,21,22,24,29,0,home,4.5,201.0,165.0,-195.0,6.0,98.5,0.0,1,False
2014,2014-02-18,True,False,tor,wsh,103,93,27,28,29,19,0,27,22,21,23,0,home,2.5,196.5,121.0,-140.0,3.5,95.5,0.0,0,False
2014,2014-02-18,True,False,cle,phi,114,85,31,33,21,29,0,25,18,19,23,0,away,4.0,211.5,-185.0,160.0,3.5,104.0,1.0,0,False
2014,2014-02-18,True,False,ny,mem,93,98,17,20,27,29,0,22,28,16,32,0,home,5.5,181.5,197.0,-237.0,2.5,91.5,0.0,1,True
2014,2014-02-19,True,False,bkn,utah,105,99,21,27,27,30,0,28,28,18,25,0,away,4.0,190.0,-175.0,155.0,4.0,96.5,1.0,1,False
2014,2014-02-19,True,False,hou,lal,134,108,32,32,40,30,0,22,21,32,33,0,away,9.0,215.0,-425.0,345.0,0.0,106.0,1.0,1,False
2014,2014-02-19,True,False,gs,sac,101,92,30,29,16,26,0,26,24,26,16,0,away,5.0,207.0,-215.0,185.0,0.5,102.5,1.0,0,False
2014,2014-02-19,True,False,sa,por,111,109,18,33,28,32,0,24,28,29,28,0,home,3.0,209.5,130.0,-150.0,1.5,107.0,0.0,1,False
2014,2014-02-19,True,False,bos,phx,94,100,21,29,21,23,0,29,23,24,24,0,home,5.5,204.5,220.0,-260.0,3.0,102.0,1.0,0,True
2014,2014-02-19,True,False,chi,tor,94,92,31,17,22,24,0,21,20,21,30,0,home,3.0,182.0,135.0,-155.0,3.5,91.0,0.0,1,False
2014,2014-02-19,True,False,ny,no,98,91,23,30,25,20,0,24,23,23,21,0,home,3.5,194.5,145.0,-165.0,4.0,98.0,0.0,0,False
2014,2014-02-19,True,False,wsh,atl,114,97,31,27,33,23,0,14,33,36,14,0,home,1.0,203.0,100.0,-120.0,3.0,101.5,0.0,1,False
2014,2014-02-19,True,False,orl,cle,93,101,11,25,32,25,0,26,29,17,29,0,home,5.0,197.5,185.0,-215.0,2.5,98.0,1.0,0,True
2014,2014-02-19,True,False,det,cha,98,116,21,26,25,26,0,28,25,33,30,0,home,3.0,200.0,130.0,-150.0,0.5,99.0,1.0,1,True
2014,2014-02-19,True,False,ind,min,91,104,18,21,33,19,0,30,22,30,22,0,away,3.0,195.0,-155.0,135.0,5.5,99.0,0.0,2,True
2014,2014-02-20,True,False,mia,okc,103,81,34,20,22,27,0,17,30,18,16,0,home,3.0,206.5,125.0,-145.0,3.5,101.5,0.0,0,False
2014,2014-02-20,True,False,den,mil,101,90,31,19,28,23,0,22,20,25,23,0,away,5.0,202.0,-200.0,170.0,0.5,99.0,1.0,0,False
2014,2014-02-20,True,False,hou,gs,99,102,24,19,24,22,10,20,27,24,18,13,away,1.5,212.0,-125.0,105.0,2.0,104.0,0.0,0,True
2014,2014-02-21,True,False,lac,mem,96,102,27,23,18,28,0,21,32,20,29,0,away,2.0,192.5,-130.0,110.0,1.5,96.5,0.0,1,True
2014,2014-02-21,True,False,bos,lal,92,101,28,18,28,18,0,19,25,19,38,0,home,1.0,208.0,-105.0,-115.0,0.5,103.0,1.0,0,True
2014,2014-02-21,True,False,sa,phx,85,106,23,12,22,28,0,19,28,27,32,0,away,1.5,209.5,-130.0,110.0,4.0,104.5,0.0,0,True
2014,2014-02-21,True,False,den,chi,89,117,19,27,23,20,0,32,37,25,23,0,home,7.5,189.0,260.0,-320.0,2.5,92.0,1.0,1,True
2014,2014-02-21,True,False,utah,por,94,102,15,24,34,21,0,16,27,21,38,0,home,9.0,201.5,345.0,-450.0,4.0,104.0,0.0,0,True
2014,2014-02-21,True,False,ny,orl,121,129,30,30,26,20,15,31,22,26,27,23,away,3.5,197.0,-165.0,145.0,0.0,99.0,0.0,1,True
2014,2014-02-21,True,False,dal,phi,124,112,41,28,32,23,0,23,39,27,23,0,away,13.5,211.5,-1545.0,995.0,5.5,105.0,0.0,1,False
2014,2014-02-21,True,False,cle,tor,91,98,22,22,21,26,0,16,23,37,22,0,home,8.0,196.0,305.0,-385.0,7.0,95.0,0.0,0,True
2014,2014-02-21,True,False,no,cha,87,90,17,15,27,28,0,25,18,25,22,0,home,3.0,192.5,130.0,-150.0,2.0,98.0,2.0,0,True
2014,2014-02-21,True,False,atl,det,107,115,22,41,20,24,0,19,33,34,29,0,home,4.0,211.5,150.0,-170.0,5.0,105.5,1.0,1,True
2014,2014-02-22,True,False,bkn,gs,86,93,23,23,18,22,0,28,21,19,25,0,home,5.0,201.5,175.0,-205.0,2.5,101.0,1.0,0,True
2014,2014-02-22,True,False,min,utah,121,104,26,33,35,27,0,21,28,32,23,0,away,4.5,196.0,-195.0,170.0,1.0,98.0,1.0,1,False
2014,2014-02-22,True,False,ind,mil,110,100,27,24,24,35,0,18,21,29,32,0,away,12.0,189.0,-1030.0,630.0,3.5,95.5,0.0,1,False
2014,2014-02-22,True,False,bos,sac,98,105,16,27,27,28,0,23,28,26,28,0,home,8.0,197.5,315.0,-395.0,2.5,96.5,0.0,1,True
2014,2014-02-22,True,False,dal,det,113,102,29,35,24,25,0,27,27,28,20,0,away,3.0,212.5,-155.0,135.0,1.5,104.0,1.0,1,False
2014,2014-02-22,True,False,no,wsh,93,94,21,22,23,27,0,24,19,23,28,0,home,6.5,196.0,225.0,-275.0,4.0,99.0,0.0,0,True
2014,2014-02-22,True,False,mem,cha,89,92,21,27,15,26,0,28,14,22,28,0,away,3.0,180.0,-155.0,135.0,0.0,92.0,0.0,1,True
2014,2014-02-22,True,False,ny,atl,98,107,23,29,21,25,0,24,15,29,39,0,home,1.5,204.0,110.0,-130.0,4.0,101.0,1.0,1,True
2014,2014-02-23,True,False,lac,okc,125,117,28,44,27,26,0,32,34,27,24,0,home,5.0,211.5,180.0,-215.0,6.0,106.0,0.0,1,False
2014,2014-02-23,True,False,chi,mia,79,93,24,16,12,27,0,20,20,25,28,0,home,4.5,185.0,180.0,-210.0,3.5,92.5,1.0,0,True
2014,2014-02-23,True,False,orl,tor,90,105,14,27,24,25,0,19,25,36,25,0,home,11.0,194.5,563.0,-797.0,5.5,96.5,1.0,1,True
2014,2014-02-23,True,False,wsh,cle,96,83,30,28,20,18,0,27,25,20,11,0,away,1.5,196.0,-125.0,105.0,1.5,97.0,1.0,0,False
2014,2014-02-23,True,False,sac,den,109,95,27,21,39,22,0,27,25,18,25,0,home,5.5,209.5,210.0,-250.0,2.0,103.5,0.0,0,False
2014,2014-02-23,True,False,hou,phx,115,112,30,30,23,32,0,16,40,37,19,0,away,1.5,214.0,-120.0,101.0,0.5,105.0,1.0,1,False
2014,2014-02-23,True,False,min,por,97,108,34,26,20,17,0,26,26,32,24,0,home,3.5,215.0,145.0,-170.0,4.5,106.0,1.0,0,True
2014,2014-02-23,True,False,bkn,lal,108,102,33,30,23,22,0,21,26,27,28,0,away,3.0,208.0,-150.0,130.0,3.0,103.5,1.0,1,False
2014,2014-02-24,True,False,bos,utah,98,110,18,28,22,30,0,27,32,24,27,0,home,4.5,191.5,165.0,-190.0,1.5,95.5,1.0,1,True
2014,2014-02-24,True,False,lac,no,123,110,32,29,32,30,0,26,27,25,32,0,away,4.5,208.0,-190.0,165.0,0.5,102.0,1.0,1,False
2014,2014-02-24,True,False,mil,phi,130,110,30,43,33,24,0,28,16,32,34,0,away,3.0,210.0,-155.0,135.0,4.0,104.0,1.0,1,False
2014,2014-02-24,True,False,dal,ny,110,108,31,29,24,26,0,21,38,23,26,0,away,2.5,206.0,-145.0,125.0,1.5,103.0,0.0,1,False
2014,2014-02-24,True,False,gs,det,104,96,33,30,18,23,0,37,25,21,13,0,away,3.5,207.5,-170.0,150.0,2.0,101.5,1.0,0,False
2014,2014-02-25,True,False,orl,wsh,106,115,31,22,27,26,0,35,27,31,22,0,home,9.0,194.0,395.0,-505.0,2.5,95.5,2.0,1,True
2014,2014-02-25,True,False,tor,cle,99,93,23,24,23,29,0,17,24,28,24,0,away,4.0,193.0,-170.0,150.0,0.5,93.5,1.0,0,False
2014,2014-02-25,True,False,lal,ind,98,118,23,31,16,28,0,30,27,34,27,0,home,13.5,206.0,1010.0,-1610.0,7.0,102.0,1.0,1,True
2014,2014-02-25,True,False,chi,atl,107,103,20,34,26,27,0,30,21,24,28,0,away,2.5,189.5,-145.0,125.0,1.0,98.0,1.0,1,False
2014,2014-02-25,True,False,por,den,100,95,32,20,30,18,0,21,24,24,26,0,away,2.5,214.0,-145.0,125.0,0.0,103.0,1.0,0,False
2014,2014-02-25,True,False,min,phx,110,101,34,21,20,35,0,28,29,24,20,0,home,4.0,211.5,155.0,-175.0,2.5,102.5,0.0,0,False
2014,2014-02-25,True,False,hou,sac,129,103,42,27,35,25,0,17,34,26,26,0,away,4.0,212.5,-190.0,165.0,3.0,103.5,1.0,1,False
2014,2014-02-26,True,False,bkn,por,80,124,20,14,25,21,0,29,29,24,42,0,home,1.5,206.5,105.0,-125.0,5.5,102.0,1.0,0,True
2014,2014-02-26,True,False,phx,utah,86,109,25,19,20,22,0,28,25,25,31,0,home,2.5,200.0,120.0,-140.0,1.5,98.0,1.0,0,True
2014,2014-02-26,True,False,det,sa,110,120,26,27,28,29,0,28,29,33,30,0,home,10.5,210.5,495.0,-795.0,5.0,105.0,0.0,1,True
2014,2014-02-26,True,False,gs,chi,83,103,24,21,14,24,0,21,35,24,23,0,away,3.5,186.5,-160.0,140.0,5.0,89.5,0.0,0,True
2014,2014-02-26,True,False,orl,phi,101,90,19,21,27,34,0,22,22,23,23,0,away,4.0,215.0,-175.0,155.0,4.0,106.0,1.0,0,False
2014,2014-02-26,True,False,no,dal,89,108,27,16,24,22,0,20,29,29,30,0,home,7.0,205.0,245.0,-305.0,3.0,105.0,1.0,0,True
2014,2014-02-26,True,False,cle,okc,114,104,26,25,21,42,0,27,25,24,28,0,home,15.0,205.0,1490.0,-3090.0,8.5,99.5,0.0,1,False
2014,2014-02-26,True,False,atl,bos,104,115,27,29,23,25,0,25,33,23,34,0,home,3.0,203.0,125.0,-145.0,0.5,102.5,1.0,1,True
2014,2014-02-26,True,False,hou,lac,93,101,22,26,25,20,0,26,20,28,27,0,home,5.0,222.0,175.0,-210.0,4.5,108.0,1.0,0,True
2014,2014-02-26,True,False,lal,mem,103,108,23,23,27,30,0,31,34,17,26,0,home,11.5,198.5,585.0,-885.0,1.0,99.0,0.0,1,True
2014,2014-02-27,True,False,ny,mia,82,108,22,28,14,18,0,28,27,32,21,0,home,8.5,201.0,340.0,-440.0,3.5,99.5,1.0,0,True
2014,2014-02-27,True,False,bkn,den,112,89,29,30,30,23,0,8,28,20,33,0,away,2.0,201.0,-135.0,115.0,4.5,101.0,1.0,2,False
2014,2014-02-27,True,False,mil,ind,96,101,15,35,16,30,0,30,20,23,28,0,home,15.5,196.0,1510.0,-3110.0,9.5,97.0,0.0,1,True
2014,2014-02-27,True,False,wsh,tor,134,129,21,36,26,23,28,27,27,24,28,23,home,4.5,198.0,170.0,-200.0,4.0,97.5,0.0,1,False
2014,2014-02-28,True,False,utah,cle,79,99,27,14,19,19,0,20,19,30,30,0,home,4.5,192.5,162.0,-190.0,4.0,100.0,1.0,0,True
2014,2014-02-28,True,False,mem,okc,107,113,22,20,29,36,0,29,28,30,26,0,home,7.0,195.0,250.0,-300.0,1.0,97.5,0.0,1,True
2014,2014-02-28,True,False,gs,ny,126,103,38,35,26,27,0,27,25,28,23,0,away,5.5,199.0,-240.0,200.0,2.5,99.5,1.0,1,False
2014,2014-02-28,True,False,cha,sa,82,92,25,20,20,17,0,14,27,25,26,0,home,9.0,200.0,370.0,-475.0,7.5,100.5,1.0,0,True
2014,2014-02-28,True,False,chi,dal,100,91,20,31,22,27,0,32,22,22,15,0,home,4.5,193.5,162.0,-190.0,2.0,97.0,0.0,0,False
2014,2014-02-28,True,False,no,phx,104,116,28,26,27,23,0,30,26,25,35,0,home,7.0,201.5,250.0,-300.0,4.0,102.0,1.0,1,True
2014,2014-02-28,True,False,sac,lal,122,126,31,34,34,23,0,27,27,41,31,0,home,2.5,218.0,125.0,-145.0,4.5,108.5,1.0,1,True
2014,2014-03-01,True,False,no,lac,76,108,17,19,20,20,0,30,21,28,29,0,home,11.5,209.5,550.0,-850.0,2.0,104.5,1.0,0,True
2014,2014-03-01,True,False,den,por,96,102,24,24,25,23,0,32,24,28,18,0,home,12.0,215.0,545.0,-800.0,4.5,105.0,0.0,0,True
2014,2014-03-01,True,False,min,sac,108,97,30,23,31,24,0,31,25,14,27,0,away,5.0,216.5,-190.0,160.0,5.5,106.0,1.0,0,False
2014,2014-03-01,True,False,cle,mem,96,110,30,35,15,16,0,22,32,33,23,0,home,9.5,184.0,385.0,-475.0,8.5,94.5,1.0,1,True
2014,2014-03-01,True,False,det,hou,110,118,20,26,34,30,0,41,28,26,23,0,home,10.5,215.0,445.0,-600.0,0.5,104.5,0.0,1,True
2014,2014-03-01,True,False,ind,bos,102,97,28,27,21,26,0,27,21,30,19,0,away,8.0,190.5,-360.0,300.0,2.5,99.5,0.0,1,False
2014,2014-03-01,True,False,wsh,phi,122,103,41,33,23,25,0,28,34,21,20,0,away,11.0,214.5,-800.0,545.0,3.0,107.0,1.0,1,False
2014,2014-03-01,True,False,bkn,mil,107,98,31,24,22,30,0,29,24,19,26,0,away,6.0,198.5,-255.0,215.0,3.5,98.5,1.0,1,False
2014,2014-03-01,True,False,orl,mia,98,112,30,23,20,25,0,32,29,28,23,0,home,14.0,199.5,1200.0,-2300.0,5.5,98.0,2.0,1,True
2014,2014-03-02,True,False,atl,phx,120,129,37,28,30,25,0,40,39,23,27,0,home,8.0,217.0,295.0,-365.0,1.0,108.0,1.0,1,True
2014,2014-03-02,True,False,dal,sa,106,112,22,25,23,36,0,25,23,30,34,0,home,6.5,209.0,225.0,-270.0,4.0,103.0,0.0,1,True
2014,2014-03-02,True,False,cha,okc,99,116,25,30,26,18,0,31,30,24,31,0,home,11.0,204.0,510.0,-700.0,5.0,101.5,1.0,1,True
2014,2014-03-02,True,False,utah,ind,91,94,20,26,24,21,0,21,24,30,19,0,home,11.0,189.5,595.0,-850.0,8.0,98.0,0.0,0,True
2014,2014-03-02,True,False,gs,tor,98,104,28,22,28,20,0,25,30,20,29,0,away,2.5,203.0,-145.0,125.0,3.5,100.0,0.0,0,True
2014,2014-03-02,True,False,ny,chi,90,109,16,32,20,22,0,37,22,21,29,0,home,6.0,186.0,215.0,-260.0,0.0,93.0,1.0,1,True
2014,2014-03-02,True,False,phi,orl,81,92,27,19,23,12,0,28,15,23,26,0,home,11.0,211.0,510.0,-700.0,8.0,104.5,2.0,0,True
2014,2014-03-03,True,False,lal,por,107,106,33,30,24,20,0,20,36,28,22,0,home,12.0,224.0,700.0,-1100.0,10.5,110.0,0.0,0,False
2014,2014-03-03,True,False,min,den,132,128,40,26,32,34,0,25,24,34,45,0,away,5.5,216.5,-220.0,185.0,2.5,105.0,0.0,1,False
2014,2014-03-03,True,False,utah,mil,88,114,21,27,19,21,0,30,25,40,19,0,home,0.0,196.0,-110.0,-110.0,2.0,101.5,1.0,1,True
2014,2014-03-03,True,False,no,sac,89,96,18,20,21,30,0,23,17,28,28,0,home,4.5,204.0,160.0,-185.0,2.0,103.5,1.0,0,True
2014,2014-03-03,True,False,ny,det,85,96,28,16,20,21,0,20,19,30,27,0,home,4.0,210.0,155.0,-175.0,3.5,102.5,1.0,0,True
2014,2014-03-03,True,False,chi,bkn,80,96,18,24,17,21,0,27,23,26,20,0,home,3.5,187.0,140.0,-160.0,0.5,93.5,1.0,0,True
2014,2014-03-03,True,False,mem,wsh,110,104,20,30,29,31,0,20,25,19,40,0,away,2.0,191.0,-135.0,115.0,0.5,95.0,1.0,1,False
2014,2014-03-03,True,False,cha,mia,107,124,26,28,25,28,0,29,31,38,26,0,home,11.5,197.5,635.0,-1035.0,5.0,97.5,1.0,1,True
2014,2014-03-04,True,False,gs,ind,98,96,25,23,25,25,0,21,21,28,26,0,home,5.0,196.0,175.0,-210.0,4.5,96.5,0.0,0,False
2014,2014-03-04,True,False,sa,cle,122,101,13,37,35,37,0,23,17,28,33,0,away,7.5,203.5,-330.0,270.0,1.5,105.0,1.0,1,False
2014,2014-03-04,True,False,phi,okc,92,125,23,22,31,16,0,38,23,37,27,0,home,21.0,219.0,4000.0,-13000.0,7.5,107.0,1.0,0,True
2014,2014-03-04,True,False,mia,hou,103,106,32,20,21,30,0,39,14,30,23,0,home,2.0,208.5,110.0,-130.0,1.0,103.0,1.0,1,True
2014,2014-03-04,True,False,lac,phx,104,96,24,20,37,23,0,25,30,18,23,0,away,4.5,218.5,-185.0,160.0,5.5,105.0,1.0,0,False
2014,2014-03-04,True,False,no,lal,132,125,35,32,28,37,0,23,28,34,40,0,home,3.0,212.0,125.0,-145.0,6.0,109.5,0.0,1,False
2014,2014-03-05,True,False,atl,por,78,102,19,19,17,23,0,29,27,23,23,0,home,10.0,218.5,400.0,-500.0,0.5,107.0,1.0,0,True
2014,2014-03-05,True,False,dal,den,110,115,34,17,22,37,0,41,27,11,36,0,away,5.0,221.0,-200.0,170.0,7.5,107.5,0.0,1,True
2014,2014-03-05,True,False,ny,min,118,106,38,28,22,30,0,24,31,31,20,0,home,8.5,212.0,345.0,-425.0,8.5,105.5,0.0,1,False
2014,2014-03-05,True,False,sac,mil,116,102,28,33,34,21,0,26,22,26,28,0,away,3.5,205.5,-160.0,140.0,1.5,102.0,1.0,1,False
2014,2014-03-05,True,False,gs,bos,108,88,30,31,23,24,0,22,18,14,34,0,away,4.5,201.5,-215.0,185.0,3.5,99.0,1.0,0,False
2014,2014-03-05,True,False,mem,bkn,94,103,19,25,16,34,0,30,24,33,16,0,home,0.0,187.0,100.0,-120.0,2.0,94.5,1.0,1,True
2014,2014-03-05,True,False,utah,wsh,91,104,23,21,27,20,0,28,26,25,25,0,home,8.0,198.5,300.0,-360.0,1.5,102.0,1.0,0,True
2014,2014-03-05,True,False,hou,orl,101,89,19,22,34,26,0,32,16,17,24,0,away,8.0,204.5,-360.0,300.0,9.0,100.5,1.0,0,False
2014,2014-03-05,True,False,ind,cha,87,109,8,30,19,30,0,28,19,26,36,0,away,4.5,190.0,-190.0,160.0,5.0,97.0,0.0,1,True
2014,2014-03-05,True,False,chi,det,105,94,19,33,19,34,0,25,22,23,24,0,away,4.0,191.5,-175.0,155.0,1.0,94.0,1.0,1,False
2014,2014-03-06,True,False,mia,sa,87,111,22,29,23,13,0,37,25,20,29,0,home,3.5,206.0,140.0,-160.0,2.5,104.0,1.0,0,True
2014,2014-03-06,True,False,okc,phx,122,128,41,24,33,24,0,32,29,40,27,0,away,6.0,217.0,-245.0,205.0,3.0,105.5,0.0,1,True
2014,2014-03-06,True,False,lac,lal,142,94,29,44,36,33,0,27,13,20,34,0,away,11.0,224.0,-825.0,525.0,1.5,109.0,1.0,1,False
2014,2014-03-07,True,False,atl,gs,97,111,31,21,25,20,0,32,34,19,26,0,home,9.0,208.5,395.0,-505.0,0.5,104.0,1.0,0,True
2014,2014-03-07,True,False,ind,hou,86,112,16,27,16,27,0,27,23,38,24,0,home,5.0,201.5,180.0,-215.0,0.5,102.5,1.0,0,True
2014,2014-03-07,True,False,lal,den,126,134,35,31,25,35,0,42,35,33,24,0,home,10.0,230.0,430.0,-630.0,3.5,114.5,0.0,1,True
2014,2014-03-07,True,False,por,dal,98,103,10,28,36,24,0,33,24,18,28,0,home,2.5,215.0,120.0,-140.0,5.0,102.0,1.0,0,True
2014,2014-03-07,True,False,mil,no,104,112,25,24,28,27,0,22,29,27,34,0,home,8.0,200.0,300.0,-370.0,5.0,99.5,2.0,1,True
2014,2014-03-07,True,False,utah,ny,81,108,22,19,19,21,0,39,21,24,24,0,home,7.0,196.5,250.0,-310.0,1.5,101.0,1.0,0,True
2014,2014-03-07,True,False,bkn,bos,84,91,20,21,29,14,0,26,27,25,13,0,away,5.0,200.5,-215.0,180.0,6.5,100.5,0.0,0,True
2014,2014-03-07,True,False,sac,tor,87,99,19,25,19,24,0,29,22,29,19,0,home,6.5,205.0,240.0,-290.0,1.5,101.5,1.0,0,True
2014,2014-03-07,True,False,mem,chi,85,77,15,20,30,20,0,12,27,24,14,0,home,1.0,178.5,100.0,-120.0,0.5,88.5,0.0,0,False
2014,2014-03-07,True,False,cle,cha,92,101,25,25,24,18,0,32,23,21,25,0,home,5.0,198.0,170.0,-195.0,1.0,98.5,1.0,0,True
2014,2014-03-07,True,False,det,min,101,114,21,24,24,32,0,39,27,31,17,0,home,9.5,218.0,400.0,-525.0,0.0,106.0,1.0,0,True
2014,2014-03-08,True,False,atl,lac,108,109,32,26,20,30,0,25,32,31,21,0,home,15.0,221.0,1500.0,-3000.0,10.0,109.0,0.0,0,True
2014,2014-03-08,True,False,wsh,mil,114,107,36,39,10,29,0,27,26,21,33,0,away,8.0,203.5,-400.0,320.0,1.5,98.5,0.0,1,False
2014,2014-03-08,True,False,orl,sa,112,121,27,34,22,29,0,31,28,29,33,0,home,15.5,204.0,1500.0,-3000.0,11.0,104.0,0.0,1,True
2014,2014-03-08,True,False,ny,cle,107,97,23,35,19,30,0,19,31,26,21,0,home,1.0,201.5,-101.0,-119.0,2.5,100.0,0.0,1,False
2014,2014-03-08,True,False,utah,phi,104,92,24,26,25,29,0,22,30,18,22,0,away,7.0,206.5,-300.0,250.0,6.0,106.0,1.0,0,False
2014,2014-03-08,True,False,cha,mem,89,111,21,23,17,28,0,25,27,27,32,0,home,9.0,186.0,355.0,-450.0,3.0,93.0,1.0,1,True
2014,2014-03-09,True,False,phx,gs,107,113,29,32,17,29,0,22,34,38,19,0,home,9.5,211.0,400.0,-525.0,8.5,105.0,0.0,1,True
2014,2014-03-09,True,False,ind,dal,94,105,18,27,26,23,0,30,18,28,29,0,away,1.5,198.0,-130.0,110.0,1.5,101.0,0.0,1,True
2014,2014-03-09,True,False,tor,min,111,104,33,20,30,28,0,33,19,24,28,0,home,5.5,208.5,190.0,-230.0,4.5,102.5,0.0,1,False
2014,2014-03-09,True,False,det,bos,111,118,22,27,35,27,0,26,31,38,23,0,home,0.0,206.0,-110.0,-110.0,2.0,102.0,1.0,1,True
2014,2014-03-09,True,False,por,hou,113,118,30,24,31,21,7,28,19,26,33,12,home,6.5,214.0,220.0,-260.0,6.0,105.0,0.0,1,True
2014,2014-03-09,True,False,den,no,107,111,29,25,19,21,13,17,26,30,21,17,home,3.0,213.0,135.0,-155.0,5.0,104.5,1.0,1,True
2014,2014-03-09,True,False,okc,lal,110,114,35,21,19,35,0,26,25,36,27,0,away,12.5,228.0,-1130.0,730.0,6.5,112.5,0.0,0,True
2014,2014-03-09,True,False,mia,chi,88,95,19,24,24,19,2,21,16,22,27,9,away,4.5,186.5,-190.0,165.0,1.0,89.5,0.0,0,True
2014,2014-03-09,True,False,sac,bkn,89,104,19,21,25,24,0,28,21,28,27,0,home,6.5,203.5,240.0,-290.0,0.0,101.0,1.0,0,True
2014,2014-03-10,True,False,orl,mil,98,105,24,27,20,27,0,13,32,23,37,0,away,1.0,203.5,-110.0,-110.0,1.0,99.5,0.0,0,True
2014,2014-03-10,True,False,den,cha,98,105,22,23,23,30,0,25,26,28,26,0,home,5.5,212.0,190.0,-230.0,1.0,105.5,1.0,0,True
2014,2014-03-10,True,False,wsh,mia,90,99,23,22,28,17,0,31,22,20,26,0,home,8.0,205.0,320.0,-410.0,2.0,100.0,1.0,0,True
2014,2014-03-10,True,False,phi,ny,110,123,31,30,24,25,0,26,35,30,32,0,home,15.5,215.0,1410.0,-3010.0,9.5,108.0,0.0,1,True
2014,2014-03-10,True,False,tor,bkn,97,101,30,21,22,24,0,19,31,28,23,0,home,3.5,197.5,140.0,-160.0,2.5,98.5,1.0,1,True
2014,2014-03-10,True,False,atl,utah,112,110,28,31,19,34,0,22,22,36,30,0,away,2.5,201.5,-140.0,120.0,3.0,102.0,0.0,1,False
2014,2014-03-10,True,False,phx,lac,105,112,23,22,31,29,0,34,28,28,22,0,home,10.5,217.5,505.0,-805.0,1.0,105.0,0.0,0,True
2014,2014-03-11,True,False,sa,chi,104,96,38,23,29,14,0,14,19,33,30,0,away,5.0,190.0,-210.0,170.0,3.5,97.5,1.0,1,False
2014,2014-03-11,True,False,dal,gs,85,108,22,22,13,28,0,29,26,24,29,0,home,5.5,208.0,185.0,-225.0,1.0,103.0,1.0,0,True
2014,2014-03-11,True,False,mil,min,101,112,33,28,23,17,0,28,27,31,26,0,home,15.0,214.5,1400.0,-3300.0,12.5,106.5,0.0,0,True
2014,2014-03-11,True,False,hou,okc,98,106,24,17,26,31,0,26,30,21,29,0,home,4.5,216.0,165.0,-200.0,2.0,106.0,1.0,0,True
2014,2014-03-11,True,False,sac,det,89,99,31,23,11,24,0,28,24,20,27,0,home,2.5,215.0,125.0,-145.0,2.0,106.5,1.0,0,True
2014,2014-03-11,True,False,por,mem,99,109,23,24,22,30,0,22,32,24,31,0,home,2.5,196.5,125.0,-145.0,1.0,98.5,1.0,1,True
2014,2014-03-11,True,False,bos,ind,83,94,20,20,21,22,0,24,25,20,25,0,home,12.0,192.0,600.0,-900.0,4.5,94.5,0.0,0,True
2014,2014-03-12,True,False,gs,lac,98,111,29,27,23,19,0,29,25,30,27,0,home,7.0,211.0,265.0,-325.0,5.5,103.5,1.0,0,True
2014,2014-03-12,True,False,cle,phx,110,101,37,23,22,28,0,24,23,30,24,0,home,8.0,211.0,315.0,-390.0,8.0,104.0,0.0,2,False
2014,2014-03-12,True,False,por,sa,90,103,24,16,24,26,0,30,26,17,30,0,home,8.0,210.5,300.0,-370.0,1.0,104.5,1.0,0,True
2014,2014-03-12,True,False,mem,no,90,88,28,20,19,23,0,26,31,17,14,0,away,6.0,186.0,-260.0,215.0,6.0,94.5,0.0,0,False
2014,2014-03-12,True,False,ny,bos,116,92,36,32,17,31,0,24,24,27,17,0,away,4.0,199.5,-180.0,155.0,3.0,98.5,1.0,1,False
2014,2014-03-12,True,False,dal,utah,108,101,23,32,25,28,0,25,28,25,23,0,away,5.0,201.0,-210.0,180.0,2.5,101.0,1.0,1,False
2014,2014-03-12,True,False,den,orl,120,112,23,29,33,35,0,27,23,24,38,0,away,3.0,213.5,-151.0,128.0,1.5,105.5,1.0,1,False
2014,2014-03-12,True,False,sac,phi,115,98,28,30,32,25,0,24,30,22,22,0,away,9.5,216.5,-480.0,375.0,5.0,106.0,1.0,0,False
2014,2014-03-12,True,False,det,tor,87,101,21,24,24,18,0,29,23,22,27,0,home,8.5,206.0,357.0,-453.0,3.0,102.0,1.0,0,True
2014,2014-03-12,True,False,bkn,mia,96,95,22,20,31,23,0,22,20,29,24,0,home,9.0,201.5,405.0,-525.0,7.0,99.0,0.0,0,False
2014,2014-03-12,True,False,cha,wsh,98,85,22,26,21,29,0,27,19,20,19,0,home,6.0,199.0,200.0,-240.0,4.5,98.5,0.0,0,False
2014,2014-03-13,True,False,hou,chi,87,111,20,22,16,29,0,25,25,35,26,0,away,3.5,193.5,-155.0,135.0,4.0,95.5,0.0,1,True
2014,2014-03-13,True,False,mil,atl,97,102,30,23,14,30,0,23,24,21,34,0,home,8.5,208.5,330.0,-430.0,8.0,105.0,0.0,0,True
2014,2014-03-13,True,False,lal,okc,102,131,19,27,31,25,0,33,27,41,30,0,home,16.5,225.0,1545.0,-3145.0,5.5,108.5,1.0,1,True
2014,2014-03-14,True,False,por,no,111,103,29,24,27,31,0,26,29,26,22,0,away,2.5,200.5,-135.0,115.0,2.0,100.5,1.0,1,False
2014,2014-03-14,True,False,cle,gs,103,94,16,36,32,19,0,32,21,18,23,0,home,9.5,200.0,375.0,-475.0,6.5,100.0,0.0,0,False
2014,2014-03-14,True,False,lac,utah,96,87,22,21,34,19,0,33,18,21,15,0,away,9.0,205.0,-485.0,380.0,10.0,102.0,2.0,0,False
2014,2014-03-14,True,False,lal,sa,85,119,14,20,26,25,0,29,32,28,30,0,home,18.0,225.5,1810.0,-3060.0,3.5,111.5,1.0,0,True
2014,2014-03-14,True,False,den,mia,111,107,20,38,27,26,0,30,23,18,36,0,home,11.0,215.0,520.0,-670.0,9.5,106.5,0.0,1,False
2014,2014-03-14,True,False,ind,phi,101,94,27,25,26,23,0,20,25,21,28,0,away,16.5,205.5,-3100.0,1500.0,8.0,104.5,0.0,0,False
2014,2014-03-14,True,False,mem,tor,86,99,24,20,23,19,0,19,28,24,28,0,away,1.0,186.5,-110.0,-110.0,0.5,95.5,0.0,0,True
2014,2014-03-14,True,False,min,cha,93,105,33,20,22,18,0,33,32,23,17,0,away,2.5,206.0,-135.0,115.0,4.0,102.0,0.0,0,True
2014,2014-03-14,True,False,wsh,orl,105,101,27,17,23,20,18,20,21,25,21,14,away,5.0,200.5,-210.0,175.0,2.0,99.0,0.0,1,False
2014,2014-03-14,True,False,phx,bos,87,80,29,17,18,23,0,22,22,16,20,0,away,4.5,208.0,-180.0,155.0,2.0,102.5,1.0,0,False
2014,2014-03-15,True,False,mil,ny,94,115,23,19,24,28,0,30,30,28,27,0,home,10.5,204.5,480.0,-630.0,1.0,102.0,1.0,1,True
2014,2014-03-15,True,False,bkn,wsh,94,101,26,31,22,15,0,19,29,24,29,0,away,2.5,196.0,-145.0,125.0,2.0,96.0,0.0,0,True
2014,2014-03-15,True,False,den,atl,92,97,15,22,34,21,0,28,25,24,20,0,home,5.5,220.0,195.0,-230.0,2.0,108.5,0.0,0,True
2014,2014-03-15,True,False,ind,det,112,104,20,21,32,27,12,29,31,19,21,4,away,5.5,197.0,-215.0,185.0,8.5,101.0,1.0,1,False
2014,2014-03-15,True,False,mem,phi,103,77,22,23,29,29,0,21,15,21,20,0,away,13.5,201.0,-1925.0,1125.0,5.5,98.0,1.0,0,False
2014,2014-03-15,True,False,sac,chi,87,94,23,20,20,24,0,23,25,16,30,0,home,8.0,189.5,310.0,-390.0,4.0,94.0,0.0,0,True
2014,2014-03-16,True,False,utah,sa,104,122,23,30,23,28,0,26,35,30,31,0,home,15.0,200.0,1420.0,-2600.0,6.5,103.5,1.0,1,True
2014,2014-03-16,True,False,cle,lac,80,102,18,20,21,21,0,27,25,24,26,0,home,11.5,208.0,550.0,-800.0,3.5,99.5,1.0,0,True
2014,2014-03-16,True,False,sac,min,102,104,29,25,20,28,0,32,21,24,27,0,home,9.5,209.5,400.0,-500.0,7.0,101.5,0.0,0,True
2014,2014-03-16,True,False,dal,okc,109,86,29,30,32,18,0,23,25,22,16,0,home,7.5,212.5,260.0,-320.0,7.0,103.5,0.0,0,False
2014,2014-03-16,True,False,gs,por,113,112,23,21,33,36,0,24,31,30,27,0,away,2.0,206.5,-135.0,115.0,5.0,102.0,0.0,1,False
2014,2014-03-16,True,False,hou,mia,104,113,28,26,27,23,0,32,25,22,34,0,home,5.5,207.0,195.0,-235.0,3.0,102.0,1.0,1,True
2014,2014-03-16,True,False,phx,tor,121,113,37,24,35,25,0,35,24,31,23,0,home,4.0,203.5,155.0,-175.0,3.0,102.0,0.0,1,False
2014,2014-03-16,True,False,bos,no,120,121,25,39,20,28,8,27,30,27,28,9,home,5.5,194.5,200.0,-240.0,5.0,99.5,0.0,1,True
2014,2014-03-16,True,False,cha,mil,101,92,23,23,30,25,0,28,22,24,18,0,away,5.5,195.0,-235.0,195.0,5.5,97.5,1.0,0,False
2014,2014-03-17,True,False,lac,den,100,110,25,28,30,17,0,23,33,27,27,0,away,4.0,217.0,-185.0,160.0,4.0,106.5,0.0,0,True
2014,2014-03-17,True,False,utah,hou,86,124,20,21,28,17,0,28,32,32,32,0,home,12.5,203.0,720.0,-1100.0,2.0,104.0,1.0,1,True
2014,2014-03-17,True,False,okc,chi,97,85,23,24,27,23,0,21,24,22,18,0,away,3.0,194.0,-150.0,130.0,1.5,97.0,1.0,0,False
2014,2014-03-17,True,False,bos,dal,89,94,22,21,18,28,0,26,24,14,30,0,home,12.0,203.0,645.0,-950.0,5.0,100.5,0.0,0,True
2014,2014-03-17,True,False,atl,cha,97,83,22,24,30,21,0,28,24,16,15,0,home,3.0,200.5,130.0,-150.0,0.0,99.5,0.0,0,False
2014,2014-03-17,True,False,phi,ind,90,99,24,26,17,23,0,21,37,17,24,0,home,19.5,204.0,1700.0,-5000.0,9.5,102.0,0.0,0,True
2014,2014-03-17,True,False,phx,bkn,95,108,20,29,23,23,0,30,32,28,18,0,home,3.5,208.0,145.0,-170.0,2.5,103.5,1.0,0,True
2014,2014-03-18,True,False,tor,atl,113,118,26,23,29,28,7,17,32,31,26,12,away,3.0,201.0,-145.0,125.0,2.0,101.0,0.0,1,True
2014,2014-03-18,True,False,mil,por,115,120,29,18,25,26,17,26,26,23,23,22,home,12.5,206.5,890.0,-1240.0,6.5,104.5,0.0,1,True
2014,2014-03-18,True,False,wsh,sac,111,117,19,27,27,27,11,30,17,23,30,17,away,1.5,201.0,-125.0,105.0,2.0,99.0,0.0,1,True
2014,2014-03-18,True,False,orl,gs,89,103,27,20,19,23,0,30,27,30,16,0,home,12.5,206.5,835.0,-1185.0,3.5,102.5,1.0,0,True
2014,2014-03-18,True,False,mia,cle,100,96,37,22,20,21,0,25,29,25,17,0,away,10.0,192.5,-625.0,475.0,4.5,97.0,0.0,1,False
2014,2014-03-19,True,False,min,dal,123,122,37,29,28,19,10,24,35,28,26,9,home,5.0,210.0,185.0,-215.0,5.5,104.0,0.0,1,False
2014,2014-03-19,True,False,sa,lal,125,109,35,23,34,33,0,29,28,30,22,0,away,13.0,220.0,-1230.0,880.0,8.0,112.5,1.0,1,False
2014,2014-03-19,True,False,orl,phx,93,109,25,27,24,17,0,25,27,30,27,0,home,12.5,210.0,725.0,-1025.0,8.0,103.5,1.0,0,True
2014,2014-03-19,True,False,det,den,109,118,28,33,23,25,0,27,27,31,33,0,home,6.5,217.5,235.0,-285.0,5.5,107.0,1.0,1,True
2014,2014-03-19,True,False,utah,mem,86,96,19,13,31,23,0,30,18,26,22,0,home,11.5,187.5,605.0,-855.0,1.5,96.0,0.0,0,True
2014,2014-03-19,True,False,ind,ny,86,92,14,21,27,24,0,21,26,20,25,0,away,1.5,192.0,-120.0,100.0,4.0,98.0,0.0,0,True
2014,2014-03-19,True,False,cha,bkn,99,104,21,25,24,29,0,26,28,21,29,0,home,6.5,193.0,220.0,-270.0,0.5,96.5,0.0,1,True
2014,2014-03-19,True,False,mia,bos,96,101,34,25,19,18,0,22,31,27,21,0,away,4.5,194.5,-190.0,165.0,0.5,96.5,0.0,1,True
2014,2014-03-19,True,False,chi,phi,102,94,28,24,23,27,0,26,19,24,25,0,away,13.0,194.0,-1200.0,850.0,5.5,96.0,0.0,1,False
2014,2014-03-19,True,False,tor,no,107,100,24,32,25,26,0,32,25,28,15,0,away,2.5,194.0,-140.0,120.0,2.5,97.0,1.0,1,False
2014,2014-03-20,True,False,okc,cle,102,95,21,35,29,17,0,25,21,22,27,0,away,9.5,201.5,-535.0,410.0,2.5,99.5,0.0,0,False
2014,2014-03-20,True,False,min,hou,106,129,33,21,28,24,0,27,37,34,31,0,home,7.5,215.5,270.0,-340.0,1.0,105.0,1.0,1,True
2014,2014-03-20,True,False,wsh,por,103,116,28,23,22,30,0,23,30,33,30,0,home,6.0,205.5,190.0,-225.0,3.0,102.0,1.0,1,True
2014,2014-03-20,True,False,mil,gs,110,115,21,30,24,35,0,29,24,29,33,0,home,12.5,206.5,840.0,-1190.0,7.5,103.0,0.0,1,True
2014,2014-03-21,True,False,wsh,lal,117,107,33,25,30,29,0,21,26,34,26,0,away,5.0,218.5,-200.0,165.0,0.5,110.0,1.0,1,False
2014,2014-03-21,True,False,sa,sac,99,79,24,23,22,30,0,23,14,20,22,0,away,8.0,207.5,-380.0,315.0,2.0,105.0,1.0,0,False
2014,2014-03-21,True,False,det,phx,92,98,27,23,21,21,0,26,25,22,25,0,home,8.5,218.0,325.0,-400.0,5.5,107.5,0.0,0,True
2014,2014-03-21,True,False,den,dal,106,122,29,24,25,28,0,26,35,29,32,0,home,8.0,218.0,320.0,-390.0,2.0,107.0,1.0,1,True
2014,2014-03-21,True,False,bos,bkn,98,114,28,26,22,22,0,34,30,28,22,0,home,8.5,197.0,325.0,-400.0,1.5,98.0,1.0,1,True
2014,2014-03-21,True,False,chi,ind,79,91,23,20,19,17,0,19,25,31,16,0,home,6.5,179.5,235.0,-275.0,3.5,90.0,1.0,0,True
2014,2014-03-21,True,False,no,atl,111,105,20,24,25,42,0,16,28,27,34,0,home,4.5,203.5,165.0,-200.0,3.0,104.0,0.0,1,False
2014,2014-03-21,True,False,okc,tor,119,118,23,19,30,24,23,20,26,25,25,22,away,3.0,205.0,-155.0,135.0,2.5,103.0,0.0,1,False
2014,2014-03-21,True,False,ny,phi,93,92,21,20,31,21,0,24,12,29,27,0,away,12.0,210.5,-960.0,660.0,5.5,103.0,0.0,0,False
2014,2014-03-21,True,False,mem,mia,86,91,22,21,25,18,0,15,30,23,23,0,home,4.5,190.0,165.0,-200.0,2.5,94.5,1.0,0,True
2014,2014-03-22,True,False,det,lac,103,112,26,29,15,33,0,36,20,24,32,0,home,13.5,216.5,895.0,-1345.0,8.0,106.0,0.0,0,True
2014,2014-03-22,True,False,sa,gs,99,90,32,18,26,23,0,22,25,22,21,0,home,3.5,206.0,145.0,-165.0,4.0,106.5,0.0,0,False
2014,2014-03-22,True,False,orl,utah,88,89,16,27,18,27,0,27,22,17,23,0,home,4.5,195.5,165.0,-190.0,0.5,98.5,0.0,0,True
2014,2014-03-22,True,False,phi,chi,81,91,25,13,21,22,0,20,21,24,26,0,home,16.0,193.0,1620.0,-3370.0,9.0,94.0,0.0,0,True
2014,2014-03-22,True,False,mia,no,95,105,22,21,29,23,0,22,23,31,29,0,away,5.0,196.5,-205.0,175.0,4.5,95.5,0.0,1,True
2014,2014-03-22,True,False,ind,mem,71,82,17,13,19,22,0,19,24,21,18,0,home,3.0,181.0,130.0,-150.0,2.5,94.0,1.0,0,True
2014,2014-03-22,True,False,hou,cle,118,111,39,28,34,17,0,31,24,24,32,0,away,8.5,203.0,-390.0,310.0,1.5,100.5,0.0,1,False
2014,2014-03-22,True,False,por,cha,94,124,22,24,27,21,0,33,36,29,26,0,home,1.0,203.5,100.0,-120.0,5.5,101.5,1.0,1,True
2014,2014-03-23,True,False,atl,tor,86,96,25,24,22,15,0,16,26,18,36,0,home,7.5,202.5,280.0,-350.0,6.0,101.5,1.0,0,True
2014,2014-03-23,True,False,phx,min,127,120,27,35,31,34,0,41,32,30,17,0,home,2.0,217.5,115.0,-135.0,2.5,108.0,0.0,1,False
2014,2014-03-23,True,False,wsh,den,102,105,29,20,24,29,0,21,26,30,28,0,home,1.5,213.5,100.0,-120.0,1.0,104.5,1.0,0,True
2014,2014-03-23,True,False,mil,sac,107,124,16,28,26,37,0,39,31,34,20,0,home,7.5,207.0,270.0,-330.0,2.5,102.5,1.0,1,True
2014,2014-03-23,True,False,cle,ny,106,100,27,19,31,29,0,34,27,23,16,0,home,10.0,199.0,430.0,-555.0,2.0,98.0,0.0,1,False
2014,2014-03-23,True,False,bkn,dal,107,104,15,26,24,26,16,29,19,24,19,13,home,5.0,203.0,180.0,-210.0,0.5,101.0,0.0,1,False
2014,2014-03-23,True,False,orl,lal,94,103,24,24,25,21,0,29,26,20,28,0,home,3.5,217.0,155.0,-180.0,0.0,108.5,1.0,0,True
2014,2014-03-24,True,False,mil,lac,98,106,25,27,22,24,0,35,22,22,27,0,home,17.0,213.5,1670.0,-3170.0,10.0,105.5,0.0,0,True
2014,2014-03-24,True,False,phi,sa,91,113,24,20,24,23,0,31,29,29,24,0,home,20.0,210.5,2245.0,-5245.0,6.5,104.0,1.0,0,True
2014,2014-03-24,True,False,bkn,no,104,109,26,32,18,22,6,20,22,31,25,11,home,1.0,198.5,100.0,-120.0,4.5,97.5,1.0,1,True
2014,2014-03-24,True,False,ind,chi,77,89,19,15,22,21,0,15,18,31,25,0,home,1.0,176.0,100.0,-120.0,1.0,90.0,1.0,0,True
2014,2014-03-24,True,False,det,utah,114,94,26,34,26,28,0,23,17,29,25,0,away,2.0,203.0,-130.0,110.0,4.5,101.5,1.0,1,False
2014,2014-03-24,True,False,min,mem,92,109,15,24,29,24,0,30,27,24,28,0,home,7.5,199.5,295.0,-365.0,1.0,98.0,1.0,1,True
2014,2014-03-24,True,False,por,mia,91,93,25,17,19,30,0,22,24,26,21,0,home,6.5,209.0,220.0,-270.0,2.5,102.5,0.0,0,True
2014,2014-03-24,True,False,phx,atl,102,95,25,17,35,25,0,23,22,23,27,0,away,2.5,214.0,-145.0,125.0,3.0,106.5,1.0,0,False
2014,2014-03-24,True,False,den,okc,96,117,24,34,15,23,0,41,31,18,27,0,home,11.5,216.5,545.0,-720.0,2.5,105.5,1.0,0,True
2014,2014-03-24,True,False,hou,cha,100,89,25,29,24,22,0,24,26,18,21,0,away,5.0,205.5,-205.0,175.0,1.5,101.0,1.0,0,False
2014,2014-03-25,True,False,ny,lal,96,127,22,20,31,23,0,14,36,51,26,0,away,7.5,216.0,-320.0,265.0,7.0,106.0,0.0,1,True
2014,2014-03-25,True,False,okc,dal,119,128,24,36,29,22,8,28,31,25,27,17,away,3.0,209.5,-160.0,135.0,2.0,105.0,0.0,1,True
2014,2014-03-25,True,False,por,orl,85,95,26,16,23,20,0,23,27,29,16,0,away,6.0,204.0,-255.0,212.0,6.0,101.0,0.0,0,True
2014,2014-03-25,True,False,tor,cle,100,102,17,28,36,19,0,26,33,29,14,0,away,4.5,194.0,-190.0,162.0,6.5,97.0,0.0,1,True
2014,2014-03-26,True,False,bkn,cha,111,116,28,31,19,27,6,24,34,25,22,11,home,2.0,190.5,115.0,-135.0,2.0,95.0,1.0,1,True
2014,2014-03-26,True,False,phx,wsh,99,93,25,29,25,20,0,23,21,25,24,0,away,1.5,208.5,-120.0,100.0,2.0,101.0,1.0,0,False
2014,2014-03-26,True,False,cle,det,97,96,24,26,16,31,0,33,18,31,14,0,home,6.5,204.5,215.0,-265.0,3.5,99.0,0.0,0,False
2014,2014-03-26,True,False,atl,min,83,107,19,22,20,22,0,20,28,27,32,0,home,5.5,215.0,195.0,-230.0,1.0,105.0,1.0,0,True
2014,2014-03-26,True,False,mia,ind,83,84,17,28,23,15,0,23,21,19,21,0,home,2.5,186.5,110.0,-130.0,2.0,92.0,0.0,0,True
2014,2014-03-26,True,False,lac,no,96,98,27,25,23,21,0,29,26,21,22,0,away,7.5,206.0,-340.0,270.0,6.5,102.5,0.0,0,True
2014,2014-03-26,True,False,den,sa,103,108,28,15,24,36,0,34,29,21,24,0,home,13.5,216.5,985.0,-1385.0,2.0,107.0,0.0,0,True
2014,2014-03-26,True,False,ny,sac,107,99,31,32,23,21,0,28,20,24,27,0,away,2.5,200.0,-140.0,120.0,2.5,99.0,1.0,1,False
2014,2014-03-26,True,False,mem,utah,91,87,17,23,22,29,0,25,25,21,16,0,away,8.5,182.0,-435.0,345.0,8.0,92.5,0.0,0,False
2014,2014-03-26,True,False,tor,bos,99,90,31,24,22,22,0,22,24,16,28,0,away,3.5,196.5,-160.0,140.0,1.0,96.0,1.0,0,False
2014,2014-03-27,True,False,lac,dal,109,103,29,29,23,28,0,29,31,21,22,0,home,0.0,211.0,100.0,-121.0,0.5,105.5,0.0,1,False
2014,2014-03-27,True,False,por,atl,100,85,22,31,25,22,0,16,21,27,21,0,away,5.0,206.5,-215.0,182.0,2.5,102.5,1.0,0,False
2014,2014-03-27,True,False,lal,mil,105,108,30,23,27,25,0,26,29,32,21,0,home,2.5,219.5,120.0,-140.0,1.0,106.5,1.0,0,True
2014,2014-03-27,True,False,phi,hou,98,120,28,21,31,18,0,35,28,37,20,0,home,20.0,214.5,1695.0,-4963.0,7.5,104.5,1.0,1,True
2014,2014-03-28,True,False,sa,den,133,102,31,31,35,36,0,23,20,31,28,0,away,7.5,217.0,-364.0,294.0,1.0,108.0,1.0,1,False
2014,2014-03-28,True,False,cha,orl,105,110,30,20,31,16,8,16,25,33,23,13,away,4.5,191.0,-190.0,162.0,0.0,95.5,0.0,1,True
2014,2014-03-28,True,False,mem,gs,93,100,27,25,24,17,0,30,23,26,21,0,home,2.5,186.0,120.0,-140.0,1.0,93.0,1.0,1,True
2014,2014-03-28,True,False,sac,okc,81,94,15,23,13,30,0,32,22,28,12,0,home,13.0,207.0,810.0,-1300.0,3.0,100.0,2.0,0,True
2014,2014-03-28,True,False,ny,phx,88,112,26,14,26,22,0,34,28,26,24,0,home,6.5,208.0,227.0,-275.0,2.0,101.5,1.0,0,True
2014,2014-03-28,True,False,por,chi,91,74,19,28,26,18,0,16,20,22,16,0,home,4.5,186.5,162.0,-190.0,5.0,93.5,0.0,0,False
2014,2014-03-28,True,False,bos,tor,103,105,26,27,20,30,0,32,24,29,20,0,home,9.5,195.0,370.0,-475.0,5.0,98.5,0.0,1,True
2014,2014-03-28,True,False,utah,no,95,102,22,16,28,29,0,20,23,29,30,0,home,7.0,196.0,260.0,-315.0,1.5,100.5,2.0,1,True
2014,2014-03-28,True,False,mia,det,110,78,28,29,35,18,0,23,19,18,18,0,away,5.0,199.0,-220.0,185.0,1.5,96.5,1.0,0,False
2014,2014-03-28,True,False,cle,bkn,97,108,29,21,27,20,0,29,32,24,23,0,home,8.0,195.5,320.0,-400.0,1.0,97.0,1.0,1,True
2014,2014-03-28,True,False,ind,wsh,78,91,21,16,19,22,0,24,20,30,17,0,away,1.5,186.5,-125.0,105.0,2.5,96.5,0.0,0,True
2014,2014-03-28,True,False,lal,min,107,143,24,19,34,30,0,41,33,37,32,0,home,11.5,226.5,595.0,-850.0,1.5,109.0,1.0,1,True
2014,2014-03-29,True,False,det,phi,98,123,23,28,17,30,0,33,37,28,25,0,away,6.0,211.0,-260.0,215.0,7.5,104.5,0.0,1,True
2014,2014-03-29,True,False,atl,wsh,97,101,27,25,19,26,0,28,22,25,26,0,home,6.0,198.5,210.0,-250.0,4.5,98.0,0.0,0,True
2014,2014-03-29,True,False,lac,hou,118,107,23,38,27,30,0,33,25,26,23,0,home,1.0,215.5,-105.0,-115.0,1.5,106.0,0.0,1,False
2014,2014-03-29,True,False,sac,dal,100,103,19,23,28,30,0,26,28,18,31,0,home,12.0,204.0,620.0,-900.0,3.0,100.0,0.0,0,True
2014,2014-03-29,True,False,no,sa,80,96,15,20,24,21,0,28,24,18,26,0,home,14.5,202.0,1300.0,-2500.0,3.5,103.5,1.0,0,True
2014,2014-03-29,True,False,mia,mil,88,67,21,25,19,23,0,12,17,17,21,0,away,9.0,198.0,-510.0,395.0,0.5,95.0,1.0,0,False
2014,2014-03-30,True,False,phx,lal,99,115,15,28,31,25,0,26,35,28,26,0,away,9.0,224.0,-500.0,390.0,9.0,110.5,0.0,0,True
2014,2014-03-30,True,False,ny,gs,89,84,22,34,18,15,0,32,12,22,18,0,home,7.0,202.5,250.0,-300.0,7.5,100.0,0.0,0,False
2014,2014-03-30,True,False,chi,bos,107,102,25,26,27,29,0,26,24,27,25,0,away,4.5,180.5,-195.0,165.0,3.5,89.5,1.0,1,False
2014,2014-03-30,True,False,mem,por,98,105,23,22,25,28,0,25,32,29,19,0,home,2.0,189.0,115.0,-135.0,3.5,95.0,1.0,1,True
2014,2014-03-30,True,False,tor,orl,98,93,27,30,16,25,0,22,16,26,29,0,away,5.0,194.0,-205.0,175.0,3.0,96.0,2.0,0,False
2014,2014-03-30,True,False,ind,cle,76,90,20,16,22,18,0,25,24,24,17,0,away,5.5,182.5,-234.0,194.0,7.5,94.0,0.0,0,True
2014,2014-03-30,True,False,utah,okc,96,116,9,31,37,19,0,26,33,33,24,0,home,15.0,202.0,1300.0,-2500.0,3.0,104.0,1.0,1,True
2014,2014-03-30,True,False,min,bkn,99,114,27,27,28,17,0,30,29,26,29,0,home,4.0,210.5,160.0,-185.0,1.0,104.0,1.0,1,True
2014,2014-03-31,True,False,mem,den,94,92,25,22,28,19,0,16,29,23,24,0,away,4.5,201.0,-190.0,162.0,3.0,100.0,0.0,0,False
2014,2014-03-31,True,False,ny,utah,92,83,21,27,31,13,0,27,22,20,14,0,away,3.0,193.0,-151.0,131.0,3.5,98.0,1.0,0,False
2014,2014-03-31,True,False,lac,min,114,104,26,28,34,26,0,22,29,15,38,0,away,2.5,213.5,-145.0,125.0,0.5,104.0,1.0,1,False
2014,2014-03-31,True,False,sac,no,102,97,29,24,27,22,0,22,33,21,21,0,home,4.0,196.5,155.0,-180.0,2.5,98.5,0.0,1,False
2014,2014-03-31,True,False,bos,chi,80,94,24,26,20,10,0,25,23,23,23,0,home,9.5,184.5,425.0,-550.0,6.5,91.0,1.0,0,True
2014,2014-03-31,True,False,mil,det,111,116,30,31,21,29,0,34,18,29,35,0,home,6.5,206.5,240.0,-290.0,6.5,102.5,0.0,1,True
2014,2014-03-31,True,False,tor,mia,83,93,23,28,14,18,0,24,30,20,19,0,home,6.0,192.0,220.0,-265.0,3.0,94.5,1.0,0,True
2014,2014-03-31,True,False,sa,ind,103,77,25,23,21,34,0,15,20,24,18,0,away,4.0,188.5,-190.0,162.0,2.5,96.5,1.0,0,False
2014,2014-03-31,True,False,wsh,cha,94,100,20,40,20,14,0,25,19,26,30,0,home,3.0,194.5,130.0,-150.0,5.5,95.5,1.0,0,True
2014,2014-03-31,True,False,phi,atl,95,103,31,22,20,22,0,18,25,32,28,0,home,12.0,210.5,670.0,-1000.0,11.0,103.0,0.0,0,True
2014,2014-04-01,True,False,hou,bkn,96,105,24,27,28,17,0,29,25,29,22,0,home,3.5,210.0,135.0,-159.0,1.5,103.5,1.0,0,True
2014,2014-04-01,True,False,gs,dal,122,120,30,23,32,23,14,21,41,19,27,12,home,5.0,207.0,180.0,-210.0,0.0,101.5,0.0,1,False
2014,2014-04-01,True,False,por,lal,124,112,29,34,28,33,0,27,34,22,29,0,away,8.5,218.0,-425.0,335.0,5.5,109.5,1.0,1,False
2014,2014-04-02,True,False,mem,min,88,102,20,21,20,27,0,20,28,29,25,0,away,4.5,198.0,-195.0,165.0,4.5,99.0,0.0,0,True
2014,2014-04-02,True,False,gs,sa,90,111,18,24,25,23,0,31,26,30,24,0,home,10.5,200.0,485.0,-650.0,1.5,98.0,1.0,1,True
2014,2014-04-02,True,False,mil,mia,77,96,19,19,19,20,0,33,23,21,19,0,home,13.0,194.0,890.0,-1500.0,2.0,94.5,1.0,0,True
2014,2014-04-02,True,False,lal,sac,102,107,23,29,24,26,0,24,36,27,20,0,home,7.5,218.5,290.0,-350.0,2.0,106.5,0.0,0,True
2014,2014-04-02,True,False,lac,phx,112,108,30,30,18,34,0,25,37,29,17,0,home,2.5,212.5,130.0,-150.0,1.0,105.0,0.0,1,False
2014,2014-04-02,True,False,chi,atl,105,92,31,26,21,27,0,31,18,23,20,0,away,2.0,183.5,-135.0,115.0,1.0,92.5,1.0,1,False
2014,2014-04-02,True,False,no,den,107,137,26,27,28,26,0,40,31,34,32,0,home,4.0,209.0,155.0,-180.0,2.5,106.5,1.0,1,True
2014,2014-04-02,True,False,cle,orl,119,98,35,35,24,25,0,27,20,21,30,0,away,2.0,197.0,-135.0,115.0,4.5,98.5,1.0,1,False
2014,2014-04-02,True,False,hou,tor,103,107,25,25,30,23,0,23,32,35,17,0,home,2.0,202.5,110.0,-130.0,1.5,101.0,1.0,1,True
2014,2014-04-02,True,False,det,ind,94,101,27,19,28,20,0,28,22,23,28,0,home,10.5,191.0,519.0,-715.0,5.0,96.0,0.0,1,True
2014,2014-04-02,True,False,cha,phi,123,93,31,32,25,35,0,19,19,25,30,0,away,8.0,205.0,-388.0,316.0,1.5,100.5,1.0,1,False
2014,2014-04-02,True,False,bkn,ny,81,110,20,18,23,20,0,29,34,19,28,0,home,2.5,195.0,125.0,-145.0,4.5,96.0,1.0,0,True
2014,2014-04-02,True,False,bos,wsh,92,118,21,25,16,30,0,29,28,32,29,0,home,8.0,200.0,326.0,-409.0,1.0,98.0,1.0,1,True
2014,2014-04-03,True,False,sa,okc,94,106,24,27,20,23,0,22,26,32,26,0,home,3.5,206.0,145.0,-170.0,3.5,105.5,1.0,0,True
2014,2014-04-03,True,False,dal,lac,113,107,32,26,28,27,0,26,30,25,26,0,home,4.0,211.5,155.0,-180.0,4.0,104.0,0.0,1,False
2014,2014-04-04,True,False,dal,lal,107,95,27,25,30,25,0,23,31,24,17,0,away,8.5,222.0,-410.0,330.0,6.5,109.5,1.0,0,False
2014,2014-04-04,True,False,sac,gs,69,102,14,13,23,19,0,25,34,25,18,0,home,9.0,198.5,370.0,-475.0,3.0,97.5,1.0,0,True
2014,2014-04-04,True,False,phx,por,109,93,28,23,28,30,0,26,28,26,13,0,home,4.5,212.0,162.0,-190.0,1.5,105.5,0.0,0,False
2014,2014-04-04,True,False,okc,hou,107,111,23,22,39,23,0,27,23,32,29,0,home,3.0,214.0,125.0,-145.0,0.5,106.0,1.0,1,True
2014,2014-04-04,True,False,no,utah,96,100,23,22,20,31,0,25,18,30,27,0,home,2.0,194.5,115.0,-135.0,0.5,99.5,1.0,1,True
2014,2014-04-04,True,False,mil,chi,90,102,15,20,27,28,0,27,24,31,20,0,home,11.5,184.5,645.0,-950.0,2.5,91.5,1.0,1,True
2014,2014-04-04,True,False,wsh,ny,90,89,27,12,25,26,0,21,22,24,22,0,home,5.5,195.5,182.0,-215.0,2.5,97.5,0.0,0,False
2014,2014-04-04,True,False,cle,atl,98,117,23,26,24,25,0,39,22,29,27,0,home,1.5,202.5,105.0,-125.0,3.5,100.5,1.0,1,True
2014,2014-04-04,True,False,phi,bos,111,102,23,26,27,35,0,17,34,20,31,0,home,9.0,209.5,375.0,-480.0,5.5,103.5,0.0,1,False
2014,2014-04-04,True,False,min,mia,122,121,24,28,25,20,25,29,23,23,22,24,home,8.0,201.0,320.0,-400.0,5.5,97.5,0.0,1,False
2014,2014-04-04,True,False,den,mem,92,100,18,29,18,27,0,24,19,26,31,0,home,10.0,200.5,410.0,-535.0,8.5,100.0,0.0,0,True
2014,2014-04-04,True,False,orl,cha,80,91,19,17,24,20,0,20,33,19,19,0,home,9.5,194.0,450.0,-600.0,0.5,93.5,1.0,0,True
2014,2014-04-04,True,False,ind,tor,94,102,28,18,29,19,0,27,27,21,27,0,away,1.5,178.5,-125.0,105.0,3.0,92.5,0.0,1,True
2014,2014-04-04,True,False,det,bkn,104,116,22,23,24,35,0,22,35,34,25,0,home,9.5,206.0,410.0,-535.0,1.5,102.5,1.0,1,True
2014,2014-04-05,True,False,cha,cle,96,94,17,23,22,20,14,21,12,33,16,12,home,3.5,196.0,145.0,-170.0,4.0,98.0,0.0,0,False
2014,2014-04-05,True,False,tor,mil,102,98,28,19,28,27,0,22,34,20,22,0,away,6.5,196.0,-275.0,227.0,6.0,96.0,0.0,1,False
2014,2014-04-05,True,False,bos,det,111,115,32,33,30,16,0,29,26,30,30,0,home,6.5,206.5,220.0,-265.0,6.0,101.5,0.0,1,True
2014,2014-04-05,True,False,bkn,phi,105,101,27,30,24,24,0,21,21,27,32,0,away,11.0,207.0,-725.0,525.0,2.5,100.0,0.0,0,False
2014,2014-04-05,True,False,chi,wsh,96,78,28,24,24,20,0,16,10,35,17,0,home,2.0,184.0,115.0,-135.0,6.5,91.0,0.0,0,False
2014,2014-04-05,True,False,min,orl,92,100,26,22,29,15,0,25,21,26,28,0,away,2.0,201.0,-135.0,115.0,0.5,98.0,0.0,0,True
2014,2014-04-06,True,False,ny,mia,91,102,26,24,14,27,0,25,23,25,29,0,home,6.5,186.5,240.0,-290.0,5.5,93.0,1.0,1,True
2014,2014-04-06,True,False,lal,lac,97,120,22,27,23,25,0,25,32,37,26,0,home,15.5,224.5,1600.0,-4000.0,7.5,109.0,1.0,0,True
2014,2014-04-06,True,False,atl,ind,107,88,33,22,24,28,0,11,12,36,29,0,home,8.0,186.0,319.0,-399.0,10.5,93.0,0.0,1,False
2014,2014-04-06,True,False,dal,sac,93,91,29,16,23,25,0,24,24,17,26,0,away,7.0,201.0,-325.0,265.0,7.0,98.5,0.0,0,False
2014,2014-04-06,True,False,den,hou,125,130,27,25,36,29,8,22,47,19,29,13,home,11.0,222.5,565.0,-800.0,2.0,111.0,0.0,1,True
2014,2014-04-06,True,False,mem,sa,92,112,10,28,29,25,0,26,28,27,31,0,home,7.0,191.0,255.0,-310.0,1.5,96.5,1.0,1,True
2014,2014-04-06,True,False,utah,gs,102,130,22,30,21,29,0,35,31,35,29,0,home,12.0,197.0,621.0,-901.0,2.5,102.0,1.0,1,True
2014,2014-04-06,True,False,no,por,94,100,25,30,14,25,0,25,23,29,23,0,home,9.5,205.5,447.0,-595.0,9.5,105.0,0.0,0,True
2014,2014-04-06,True,False,okc,phx,115,122,25,28,38,24,0,28,34,32,28,0,away,3.0,211.0,-150.0,130.0,4.5,105.0,0.0,1,True
2014,2014-04-08,True,False,det,atl,102,95,35,23,23,21,0,27,25,26,17,0,home,7.0,210.0,265.0,-325.0,7.0,105.5,0.0,0,False
2014,2014-04-08,True,False,hou,lal,145,130,35,31,49,30,0,26,35,29,40,0,away,9.0,228.0,-525.0,405.0,4.0,113.5,1.0,1,False
2014,2014-04-08,True,False,okc,sac,107,92,30,31,24,22,0,27,22,28,15,0,away,9.5,200.5,-525.0,405.0,2.5,99.0,1.0,0,False
2014,2014-04-08,True,False,bkn,mia,88,87,26,18,18,26,0,14,29,22,22,0,home,7.5,192.0,280.0,-340.0,6.0,95.0,0.0,0,False
2014,2014-04-08,True,False,sa,min,91,110,19,15,29,28,0,27,27,31,25,0,away,7.5,206.5,-305.0,250.0,8.5,105.5,0.0,0,True
2014,2014-04-08,True,False,dal,utah,95,83,39,22,20,14,0,25,21,19,18,0,away,7.5,200.0,-350.0,290.0,0.5,98.5,1.0,0,False
2014,2014-04-09,True,False,chi,min,102,87,26,22,27,27,0,25,28,17,17,0,away,3.5,192.5,-170.0,145.0,3.5,96.5,1.0,0,False
2014,2014-04-09,True,False,okc,lac,107,101,29,30,26,22,0,22,32,19,28,0,home,3.5,212.0,145.0,-170.0,4.0,106.5,0.0,0,False
2014,2014-04-09,True,False,sac,por,99,100,20,26,25,28,0,27,29,23,21,0,home,13.5,200.0,930.0,-1600.0,4.5,99.5,0.0,0,True
2014,2014-04-09,True,False,hou,den,116,123,18,40,30,28,0,30,38,37,18,0,away,2.0,223.0,-130.0,110.0,4.0,113.0,0.0,1,True
2014,2014-04-09,True,False,phx,no,94,88,23,24,24,23,0,14,32,18,24,0,away,9.0,207.0,-475.0,370.0,6.0,103.5,0.0,0,False
2014,2014-04-09,True,False,mia,mem,102,107,32,26,22,22,0,31,23,26,27,0,home,5.0,180.5,175.0,-205.0,4.0,91.0,2.0,1,True
2014,2014-04-09,True,False,phi,tor,114,125,28,32,29,25,0,34,34,30,27,0,home,13.5,208.0,1100.0,-2000.0,6.0,105.0,0.0,1,True
2014,2014-04-09,True,False,bos,atl,97,105,23,28,26,20,0,32,24,14,35,0,home,7.0,204.5,260.0,-315.0,2.0,103.0,1.0,0,True
2014,2014-04-09,True,False,cha,wsh,94,88,32,22,17,16,7,18,23,25,21,1,home,5.5,190.0,200.0,-240.0,6.0,93.5,0.0,0,False
2014,2014-04-09,True,False,det,cle,100,122,18,19,33,30,0,31,38,29,24,0,home,6.5,208.0,240.0,-290.0,5.0,103.5,1.0,1,True
2014,2014-04-09,True,False,ind,mil,104,102,25,28,19,32,0,25,25,17,35,0,away,1.0,186.5,-119.0,-101.0,0.0,96.0,1.0,1,False
2014,2014-04-09,True,False,bkn,orl,111,115,22,21,35,33,0,20,35,28,32,0,away,5.0,191.5,-210.0,180.0,6.0,94.5,0.0,1,True
2014,2014-04-10,True,False,sa,dal,109,100,30,19,34,26,0,22,29,21,28,0,home,1.5,201.5,105.0,-125.0,0.5,103.5,0.0,1,False
2014,2014-04-10,True,False,den,gs,100,99,15,28,30,27,0,28,25,22,24,0,home,12.0,215.5,645.0,-950.0,4.5,106.0,0.0,0,False
2014,2014-04-11,True,False,por,utah,111,99,23,30,23,35,0,31,20,25,23,0,away,8.0,198.0,-400.0,320.0,4.5,99.5,1.0,1,False
2014,2014-04-11,True,False,phx,sa,104,112,37,25,19,23,0,24,25,37,26,0,home,3.5,205.0,140.0,-165.0,5.5,102.5,1.0,1,True
2014,2014-04-11,True,False,cle,mil,116,119,32,37,18,29,0,37,25,30,27,0,away,4.5,207.0,-190.0,162.0,1.0,104.5,0.0,1,True
2014,2014-04-11,True,False,phi,mem,95,117,24,23,17,31,0,30,27,30,30,0,home,14.5,202.0,1150.0,-2200.0,5.0,100.0,1.0,1,True
2014,2014-04-11,True,False,det,chi,98,106,28,28,24,18,0,17,21,32,36,0,home,10.0,192.5,450.0,-600.0,10.5,96.0,0.0,1,True
2014,2014-04-11,True,False,hou,min,110,112,32,31,21,26,0,37,22,23,30,0,away,3.0,215.5,-160.0,135.0,1.5,107.5,0.0,1,True
2014,2014-04-11,True,False,gs,lal,112,95,26,32,25,29,0,26,17,26,26,0,away,9.5,222.0,-650.0,485.0,2.0,109.0,1.0,0,False
2014,2014-04-11,True,False,cha,bos,103,106,29,26,20,28,0,28,29,27,22,0,away,5.0,192.0,-209.0,179.0,4.5,96.0,0.0,1,True
2014,2014-04-11,True,False,atl,bkn,93,88,16,39,19,19,0,23,24,26,15,0,home,5.0,199.0,180.0,-210.0,4.5,98.5,0.0,0,False
2014,2014-04-11,True,False,ind,mia,86,98,25,17,20,24,0,23,22,31,22,0,home,6.0,181.0,227.0,-275.0,2.5,92.0,1.0,1,True
2014,2014-04-11,True,False,ny,tor,108,100,24,21,33,30,0,26,21,30,23,0,home,5.0,194.0,185.0,-220.0,2.5,96.5,0.0,1,False
2014,2014-04-11,True,False,wsh,orl,96,86,17,28,22,29,0,29,22,19,16,0,away,7.0,194.0,-325.0,265.0,7.0,97.5,1.0,0,False
2014,2014-04-11,True,False,no,okc,94,116,23,24,15,32,0,30,30,27,29,0,home,15.5,204.5,1500.0,-3500.0,4.5,104.0,1.0,1,True
2014,2014-04-12,True,False,utah,den,94,101,23,21,21,29,0,18,16,30,37,0,home,9.5,212.0,425.0,-550.0,9.0,108.0,0.0,0,True
2014,2014-04-12,True,False,no,hou,104,111,20,39,23,22,0,22,24,26,39,0,home,15.0,211.5,1350.0,-2600.0,14.0,108.0,0.0,1,True
2014,2014-04-12,True,False,mia,atl,85,98,23,26,13,23,0,28,21,20,29,0,away,6.5,195.5,-260.0,215.0,5.0,96.5,0.0,0,True
2014,2014-04-12,True,False,phx,dal,98,101,26,31,21,20,0,27,19,29,26,0,home,5.0,210.5,182.0,-215.0,6.0,105.0,0.0,0,True
2014,2014-04-12,True,False,phi,cha,105,111,24,35,19,27,0,26,30,31,24,0,home,12.0,206.5,760.0,-1200.0,9.5,102.5,0.0,1,True
2014,2014-04-12,True,False,mil,wsh,91,104,26,26,22,17,0,27,28,32,17,0,home,11.0,203.5,540.0,-750.0,6.5,100.0,1.0,0,True
2014,2014-04-12,True,False,sac,lac,101,117,26,21,32,22,0,27,29,29,32,0,home,10.5,206.0,485.0,-650.0,3.0,102.0,1.0,1,True
2014,2014-04-12,True,False,bos,cle,111,99,28,32,29,22,0,18,24,16,41,0,home,9.0,206.0,370.0,-475.0,10.0,102.0,0.0,1,False
2014,2014-04-13,True,False,chi,ny,89,100,22,17,25,25,0,19,26,32,23,0,away,3.0,185.0,-160.0,135.0,3.5,92.0,0.0,1,True
2014,2014-04-13,True,False,tor,det,116,107,42,21,24,29,0,26,23,37,21,0,away,7.0,206.0,-300.0,250.0,1.0,101.5,1.0,1,False
2014,2014-04-13,True,False,orl,bkn,88,97,28,21,21,18,0,25,21,33,18,0,home,11.5,195.0,595.0,-850.0,9.0,98.0,0.0,0,True
2014,2014-04-13,True,False,okc,ind,97,102,21,24,21,31,0,22,25,27,28,0,away,1.0,192.0,-120.0,100.0,1.0,96.0,0.0,1,True
2014,2014-04-13,True,False,gs,por,117,119,19,33,23,30,12,23,21,32,29,14,home,4.0,207.5,155.0,-180.0,4.5,103.5,0.0,1,True
2014,2014-04-13,True,False,min,sac,103,106,28,24,24,27,0,30,17,28,31,0,away,2.0,208.0,-135.0,115.0,0.5,104.0,0.0,1,True
2014,2014-04-13,True,False,mem,lal,102,90,23,30,34,15,0,27,25,17,21,0,away,12.0,209.5,-1100.0,720.0,7.0,106.5,2.0,0,False
2014,2014-04-14,True,False,orl,chi,95,108,21,23,26,25,0,26,31,24,27,0,home,10.5,182.0,525.0,-725.0,2.0,91.5,1.0,1,True
2014,2014-04-14,True,False,mem,phx,97,91,24,22,21,30,0,14,28,25,24,0,home,4.0,194.5,160.0,-185.0,4.0,97.0,0.0,0,False
2014,2014-04-14,True,False,min,gs,120,130,42,22,28,28,0,28,34,35,33,0,home,7.5,213.5,285.0,-345.0,7.0,106.5,1.0,1,True
2014,2014-04-14,True,False,lal,utah,119,104,23,34,29,33,0,30,21,35,18,0,home,6.5,215.0,227.0,-275.0,6.0,109.0,0.0,1,False
2014,2014-04-14,True,False,sa,hou,98,104,21,22,25,30,0,30,20,26,28,0,home,5.5,212.0,200.0,-240.0,1.0,109.0,1.0,0,True
2014,2014-04-14,True,False,mia,wsh,93,114,26,22,17,28,0,27,43,28,16,0,home,5.5,190.0,192.0,-230.0,3.0,97.0,1.0,1,True
2014,2014-04-14,True,False,cha,atl,95,93,26,18,21,30,0,24,26,30,13,0,away,5.0,195.0,-210.0,180.0,5.0,98.5,0.0,0,False
2014,2014-04-14,True,False,mil,tor,100,110,19,27,23,31,0,32,27,25,26,0,home,10.5,204.5,485.0,-650.0,2.0,102.0,0.0,1,True
2014,2014-04-14,True,False,bos,phi,108,113,33,17,34,24,0,33,34,19,27,0,away,3.0,212.5,-150.0,130.0,5.5,105.0,0.0,1,True
2014,2014-04-14,True,False,okc,no,89,101,21,25,23,20,0,23,22,25,31,0,away,8.5,204.0,-400.0,320.0,5.5,102.5,0.0,0,True
2014,2014-04-15,True,False,ny,bkn,109,98,29,26,28,26,0,18,25,24,31,0,home,7.5,194.0,265.0,-325.0,7.0,95.5,0.0,1,False
2014,2014-04-15,True,False,den,lac,105,117,26,20,34,25,0,38,25,25,29,0,home,10.5,221.5,450.0,-600.0,1.0,108.5,1.0,1,True
2014,2014-04-16,True,False,gs,den,116,112,36,30,22,28,0,27,25,28,32,0,home,8.0,209.5,295.0,-364.0,8.0,103.0,0.0,1,False
2014,2014-04-16,True,False,phx,sac,104,99,21,26,24,33,0,24,23,27,25,0,away,2.5,208.5,-141.0,121.0,2.0,103.5,1.0,0,False
2014,2014-04-16,True,False,tor,ny,92,95,28,29,17,18,0,21,23,30,21,0,away,6.0,198.5,-250.0,210.0,1.0,99.0,0.0,0,True
2014,2014-04-16,True,False,chi,cha,86,91,21,18,21,20,6,16,27,16,21,11,home,1.5,180.5,105.0,-125.0,0.5,90.0,1.0,0,True
2014,2014-04-16,True,False,ind,orl,101,86,25,21,29,26,0,20,20,22,24,0,home,4.0,187.0,150.0,-175.0,3.0,96.5,0.0,2,False
2014,2014-04-16,True,False,phi,mia,100,87,29,26,29,16,0,27,24,15,21,0,home,6.0,207.5,204.0,-243.0,5.0,100.5,0.0,0,False
2014,2014-04-16,True,False,bkn,cle,85,114,21,28,15,21,0,33,18,30,33,0,home,8.5,197.5,335.0,-425.0,5.0,98.5,1.0,1,True
2014,2014-04-16,True,False,det,okc,111,112,30,25,32,24,0,28,26,25,33,0,home,14.5,212.5,1100.0,-2100.0,9.5,105.5,0.0,1,True
2014,2014-04-16,True,False,lal,sa,113,100,33,18,35,27,0,23,28,24,25,0,home,9.0,216.0,365.0,-465.0,6.5,107.0,0.0,0,False
2014,2014-04-16,True,False,lac,por,104,110,29,23,33,19,0,37,31,14,28,0,home,4.0,207.0,149.0,-175.0,2.0,103.5,1.0,1,True
2014,2014-04-16,True,False,hou,no,100,105,30,20,28,22,0,28,25,27,25,0,home,3.0,209.0,130.0,-150.0,0.5,103.5,1.0,0,True
2014,2014-04-16,True,False,utah,min,136,130,31,20,29,27,29,17,31,22,37,23,home,11.5,211.0,620.0,-900.0,8.5,107.0,0.0,1,False
2014,2014-04-16,True,False,atl,mil,111,103,29,29,24,29,0,39,24,20,20,0,home,3.0,204.5,135.0,-160.0,0.0,101.5,0.0,1,False
2014,2014-04-16,True,False,dal,mem,105,106,24,29,20,20,12,29,22,24,18,13,home,2.0,190.0,116.0,-137.0,1.0,94.5,0.0,1,True
2014,2014-04-16,True,False,wsh,bos,118,102,38,30,23,27,0,24,32,19,27,0,away,8.0,198.0,-375.0,305.0,1.0,98.5,1.0,1,False
