season,date,regular,playoffs,away_team,home_team,score_away,score_home,q1_away,q2_away,q3_away,q4_away,ot_away,q1_home,q2_home,q3_home,q4_home,ot_home,whos_favored,spread,total,away_ml,home_ml,h2_spread,h2_total,id_spread,id_total,home_won
2009,2008-10-28,True,False,cle,bos,85,90,28,22,13,22,0,22,21,24,23,0,home,6.0,182.5,220.0,-260.0,5.0,93.5,0.0,0,True
2009,2008-10-28,True,False,mil,chi,95,108,26,26,23,20,0,26,29,27,26,0,home,6.0,198.0,230.0,-270.0,3.0,101.5,1.0,1,True
2009,2008-10-28,True,False,por,lal,76,96,14,20,19,23,0,24,25,23,24,0,home,8.0,195.0,305.0,-370.0,1.0,96.0,1.0,0,True
2009,2008-10-29,True,False,den,utah,94,98,27,19,21,27,0,28,22,25,23,0,home,8.0,206.5,300.0,-360.0,4.5,104.5,0.0,0,True
2009,2008-10-29,True,False,lal,lac,117,79,30,29,26,32,0,27,17,13,22,0,away,10.0,197.5,-600.0,400.0,0.0,98.5,1.0,0,False
2009,2008-10-29,True,False,no,gs,108,103,27,29,29,23,0,34,23,27,19,0,away,7.5,206.5,-300.0,250.0,5.0,103.0,0.0,1,False
2009,2008-10-29,True,False,mem,hou,71,82,18,19,20,14,0,26,17,15,24,0,home,12.5,192.0,650.0,-1000.0,6.5,95.5,0.0,0,True
2009,2008-10-29,True,False,sac,min,96,98,32,17,28,19,0,33,23,20,22,0,home,6.0,200.0,210.0,-250.0,1.5,100.0,0.0,0,True
2009,2008-10-29,True,False,phx,sa,103,98,19,30,25,29,0,16,30,27,25,0,away,1.0,185.0,-115.0,-105.0,1.0,92.5,1.0,1,False
2009,2008-10-29,True,False,ind,det,94,100,17,23,24,30,0,23,27,25,25,0,home,10.5,188.0,500.0,-700.0,3.5,93.5,0.0,1,True
2009,2008-10-29,True,False,mil,okc,98,87,24,26,29,19,0,14,21,24,28,0,home,4.5,200.0,170.0,-190.0,6.0,98.5,0.0,0,False
2009,2008-10-29,True,False,mia,ny,115,120,27,18,30,40,0,28,32,31,29,0,home,2.0,209.5,110.0,-130.0,3.5,105.0,1.0,1,True
2009,2008-10-29,True,False,bkn,wsh,95,85,23,21,25,26,0,23,23,21,18,0,home,5.5,190.5,200.0,-240.0,3.0,98.0,0.0,0,False
2009,2008-10-29,True,False,atl,orl,99,85,26,21,27,25,0,13,27,15,30,0,home,8.0,202.5,310.0,-370.0,8.5,101.0,0.0,0,False
2009,2008-10-29,True,False,tor,phi,95,84,18,33,23,21,0,21,24,20,19,0,home,5.0,187.5,175.0,-210.0,4.5,94.0,0.0,0,False
2009,2008-10-30,True,False,hou,dal,112,102,32,30,23,27,0,33,26,27,16,0,home,3.5,190.0,145.0,-165.0,3.0,95.0,0.0,1,False
2009,2008-10-30,True,False,no,phx,108,95,30,26,25,27,0,23,21,25,26,0,home,3.0,199.0,135.0,-155.0,5.5,99.0,0.0,1,False
2009,2008-10-30,True,False,cha,cle,79,96,16,17,26,20,0,25,25,18,28,0,home,9.0,183.0,350.0,-500.0,1.0,91.0,1.0,0,True
2009,2008-10-31,True,False,gs,tor,108,112,22,28,23,23,12,28,23,24,21,16,home,6.5,207.0,240.0,-280.0,4.0,102.5,0.0,1,True
2009,2008-10-31,True,False,ny,phi,87,116,24,24,24,15,0,31,29,31,25,0,home,8.0,214.5,300.0,-360.0,0.5,105.5,1.0,0,True
2009,2008-10-31,True,False,sac,mia,77,103,14,17,16,30,0,22,27,29,25,0,home,6.5,204.0,240.0,-280.0,1.0,99.0,1.0,0,True
2009,2008-10-31,True,False,orl,mem,84,86,25,30,13,16,0,26,17,18,25,0,away,7.5,193.5,-320.0,260.0,0.5,96.5,0.0,0,True
2009,2008-10-31,True,False,chi,bos,80,96,13,18,23,26,0,24,25,21,26,0,home,10.0,189.0,450.0,-600.0,0.5,94.0,1.0,0,True
2009,2008-10-31,True,False,den,lac,113,103,20,17,31,26,19,28,27,21,18,9,away,1.5,196.5,-120.0,100.0,5.5,96.5,1.0,1,False
2009,2008-10-31,True,False,sa,por,99,100,22,23,25,29,0,21,30,27,22,0,away,2.0,175.0,-130.0,110.0,2.0,87.0,0.0,1,True
2009,2008-11-01,True,False,por,phx,96,107,23,27,22,24,0,29,20,31,27,0,home,9.0,195.0,325.0,-450.0,6.5,97.0,1.0,1,True
2009,2008-11-01,True,False,okc,hou,77,89,17,24,18,18,0,20,22,23,24,0,home,14.5,192.5,800.0,-1300.0,9.0,95.0,0.0,0,True
2009,2008-11-01,True,False,tor,mil,91,87,24,17,29,21,0,22,17,21,27,0,home,0.0,189.5,-105.0,-115.0,0.5,93.5,0.0,0,False
2009,2008-11-01,True,False,lal,den,104,97,23,23,30,28,0,21,31,24,21,0,away,8.0,210.0,-370.0,310.0,7.5,104.0,0.0,0,False
2009,2008-11-01,True,False,lac,utah,79,101,25,23,12,19,0,24,24,27,26,0,home,13.5,189.5,800.0,-1300.0,9.0,93.0,1.0,0,True
2009,2008-11-01,True,False,cle,no,92,104,27,21,24,20,0,19,30,24,31,0,home,3.5,185.0,135.0,-155.0,2.0,93.0,1.0,1,True
2009,2008-11-01,True,False,mem,chi,86,96,19,31,20,16,0,19,23,33,21,0,home,8.0,190.5,310.0,-380.0,6.5,96.0,1.0,0,True
2009,2008-11-01,True,False,wsh,det,109,117,21,31,24,33,0,31,20,30,36,0,home,9.0,179.0,350.0,-500.0,7.0,90.5,0.0,1,True
2009,2008-11-01,True,False,gs,bkn,105,97,24,28,33,20,0,25,26,18,28,0,home,4.0,206.0,165.0,-185.0,3.0,103.5,0.0,0,False
2009,2008-11-01,True,False,sac,orl,103,121,28,21,27,27,0,32,27,29,33,0,home,11.0,199.0,450.0,-650.0,3.5,97.0,1.0,1,True
2009,2008-11-01,True,False,bos,ind,79,95,17,24,17,21,0,27,21,21,26,0,away,6.0,193.5,-260.0,220.0,5.0,96.5,0.0,0,True
2009,2008-11-01,True,False,mia,cha,87,100,18,23,27,19,0,24,28,25,23,0,home,2.5,188.0,120.0,-140.0,2.0,93.0,1.0,0,True
2009,2008-11-01,True,False,phi,atl,88,95,34,23,18,13,0,18,26,22,29,0,home,2.0,190.5,120.0,-140.0,4.0,94.0,1.0,0,True
2009,2008-11-01,True,False,dal,min,95,85,31,22,14,28,0,20,29,15,21,0,away,6.0,199.5,-250.0,210.0,2.5,99.5,1.0,0,False
2009,2008-11-02,True,False,mil,ny,94,86,27,22,26,19,0,23,22,16,25,0,home,5.5,215.5,195.0,-235.0,5.0,107.5,0.0,0,False
2009,2008-11-02,True,False,min,okc,85,88,20,27,26,12,0,20,26,24,18,0,home,1.0,189.0,-105.0,-115.0,0.0,93.0,1.0,0,True
2009,2008-11-03,True,False,utah,lac,89,73,16,20,29,24,0,20,15,25,13,0,away,5.0,183.5,-220.0,180.0,3.0,91.0,1.0,0,False
2009,2008-11-03,True,False,cle,dal,100,81,28,23,21,28,0,16,26,24,15,0,home,4.0,194.5,155.0,-175.0,4.0,97.0,0.0,0,False
2009,2008-11-03,True,False,gs,mem,79,90,24,21,22,12,0,29,20,24,17,0,away,2.0,201.0,-130.0,110.0,2.0,100.0,0.0,0,True
2009,2008-11-03,True,False,chi,orl,93,96,21,26,21,25,0,31,19,26,20,0,home,8.0,196.0,290.0,-350.0,4.5,97.5,0.0,0,True
2009,2008-11-03,True,False,det,cha,101,83,23,22,31,25,0,14,29,20,20,0,away,3.0,180.0,-160.0,140.0,1.0,91.0,1.0,1,False
2009,2008-11-03,True,False,sac,phi,91,125,23,25,17,26,0,35,33,25,32,0,home,11.5,199.0,650.0,-900.0,0.0,97.5,1.0,1,True
2009,2008-11-04,True,False,phx,bkn,114,86,32,33,27,22,0,27,28,22,9,0,away,6.5,202.0,-270.0,230.0,0.5,102.0,1.0,0,False
2009,2008-11-04,True,False,bos,hou,103,99,28,30,23,22,0,22,31,25,21,0,home,3.5,177.5,135.0,-155.0,3.0,90.5,0.0,1,False
2009,2008-11-04,True,False,dal,sa,98,81,23,31,22,22,0,16,20,22,23,0,home,4.5,188.0,165.0,-190.0,7.0,93.5,0.0,0,False
2009,2008-11-05,True,False,lac,lal,88,106,29,22,17,20,0,27,20,25,34,0,home,13.5,191.5,1000.0,-1500.0,10.0,96.5,1.0,1,True
2009,2008-11-05,True,False,den,gs,101,111,35,24,21,21,0,28,30,26,27,0,home,3.5,210.5,130.0,-150.0,3.0,105.0,1.0,1,True
2009,2008-11-05,True,False,mem,sac,95,100,17,24,27,27,0,24,24,33,19,0,home,2.0,192.0,110.0,-130.0,1.0,96.0,1.0,1,True
2009,2008-11-05,True,False,por,utah,96,103,23,29,26,18,0,23,22,29,29,0,home,6.5,185.0,240.0,-280.0,6.0,91.5,1.0,1,True
2009,2008-11-05,True,False,wsh,mil,104,112,17,28,33,20,6,30,9,27,32,14,away,1.5,188.0,-115.0,105.0,1.5,96.0,0.0,1,True
2009,2008-11-05,True,False,sa,min,129,125,18,27,29,32,23,18,31,22,35,19,away,5.0,181.0,-190.0,165.0,5.0,95.0,0.0,1,False
2009,2008-11-05,True,False,phx,ind,113,103,27,32,31,23,0,38,28,18,19,0,away,3.0,208.0,-150.0,130.0,3.0,103.0,1.0,1,False
2009,2008-11-05,True,False,atl,no,87,79,24,22,12,29,0,16,24,22,17,0,home,8.5,192.5,335.0,-430.0,8.5,96.0,0.0,0,False
2009,2008-11-05,True,False,bos,okc,96,83,21,30,19,26,0,29,15,11,28,0,away,10.0,182.0,-550.0,425.0,3.5,90.0,1.0,0,False
2009,2008-11-05,True,False,cha,ny,98,101,20,31,25,22,0,19,32,30,20,0,home,4.0,204.0,145.0,-165.0,2.5,100.0,0.0,0,True
2009,2008-11-05,True,False,phi,mia,83,106,17,21,25,20,0,24,35,16,31,0,away,3.5,190.5,-160.0,140.0,5.5,95.0,0.0,0,True
2009,2008-11-05,True,False,det,tor,100,93,20,34,22,24,0,23,23,25,22,0,home,3.5,181.0,145.0,-165.0,4.5,91.0,0.0,1,False
2009,2008-11-05,True,False,chi,cle,93,107,24,21,26,22,0,30,27,26,24,0,home,9.0,186.5,335.0,-430.0,1.5,94.0,1.0,1,True
2009,2008-11-06,True,False,phi,orl,88,98,16,27,23,22,0,30,24,21,23,0,home,5.0,194.0,175.0,-210.0,0.5,97.0,1.0,0,True
2009,2008-11-06,True,False,hou,por,99,101,18,33,20,19,9,21,31,22,16,11,away,5.5,184.0,-220.0,180.0,2.5,92.5,0.0,1,True
2009,2008-11-07,True,False,phx,chi,83,100,17,17,25,24,0,20,28,31,21,0,away,4.0,204.5,-175.0,155.0,5.0,101.0,0.0,0,True
2009,2008-11-07,True,False,mem,gs,109,104,28,20,33,28,0,30,20,24,30,0,home,7.5,192.5,260.0,-320.0,4.5,97.0,0.0,1,False
2009,2008-11-07,True,False,dal,den,105,108,25,24,23,33,0,26,22,31,29,0,home,1.0,206.5,-101.0,-109.0,0.0,103.0,1.0,1,True
2009,2008-11-07,True,False,hou,lac,92,83,25,24,22,21,0,18,23,25,17,0,away,6.0,181.5,-240.0,200.0,1.0,90.0,1.0,0,False
2009,2008-11-07,True,False,okc,utah,97,104,15,14,34,34,0,29,29,20,26,0,home,12.5,186.5,650.0,-900.0,0.0,94.0,0.0,1,True
2009,2008-11-07,True,False,mia,sa,99,83,26,24,25,24,0,12,20,24,27,0,home,7.0,192.0,240.0,-280.0,5.0,93.0,0.0,0,False
2009,2008-11-07,True,False,min,sac,109,121,27,28,24,30,0,36,26,30,29,0,home,2.5,197.0,120.0,-140.0,1.0,99.5,1.0,1,True
2009,2008-11-07,True,False,tor,atl,92,110,26,24,19,23,0,31,31,21,27,0,home,2.0,184.0,110.0,-130.0,2.5,92.5,1.0,1,True
2009,2008-11-07,True,False,no,cha,89,92,28,7,26,28,0,26,21,19,26,0,away,7.5,185.5,-330.0,270.0,7.0,92.5,0.0,0,True
2009,2008-11-07,True,False,ny,wsh,114,108,29,35,25,25,0,28,30,30,20,0,home,6.0,211.5,210.0,-250.0,5.0,107.0,0.0,1,False
2009,2008-11-07,True,False,mil,bos,89,101,30,17,23,19,0,23,32,20,26,0,home,14.5,183.5,1750.0,-2350.0,7.0,91.5,0.0,1,True
2009,2008-11-07,True,False,ind,cle,107,111,29,19,26,33,0,20,23,28,40,0,home,8.5,193.5,340.0,-440.0,7.5,96.0,0.0,1,True
2009,2008-11-07,True,False,det,bkn,96,103,27,17,26,26,0,14,25,33,31,0,away,7.5,191.0,-340.0,280.0,3.0,96.5,0.0,1,True
2009,2008-11-08,True,False,min,por,93,97,24,25,21,23,0,18,25,26,28,0,home,8.0,192.0,310.0,-380.0,8.0,95.5,0.0,0,True
2009,2008-11-08,True,False,cle,chi,106,97,32,22,20,32,0,27,30,20,20,0,away,2.0,189.0,-130.0,110.0,1.5,94.0,1.0,1,False
2009,2008-11-08,True,False,phx,mil,104,96,29,23,24,28,0,19,23,25,29,0,away,6.0,196.5,-240.0,200.0,0.0,97.5,1.0,1,False
2009,2008-11-08,True,False,bkn,ind,80,98,27,24,15,14,0,32,17,25,24,0,home,9.0,201.0,360.0,-460.0,7.0,101.0,1.0,0,True
2009,2008-11-08,True,False,wsh,orl,81,106,21,18,19,23,0,27,31,26,22,0,home,10.0,199.0,425.0,-550.0,0.0,102.0,1.0,0,True
2009,2008-11-08,True,False,mia,no,89,100,23,13,30,23,0,24,23,27,26,0,home,10.5,193.0,480.0,-660.0,3.0,97.5,1.0,0,True
2009,2008-11-09,True,False,utah,ny,99,107,29,25,15,30,0,26,23,27,31,0,away,4.0,207.5,-175.0,155.0,1.0,107.0,0.0,0,True
2009,2008-11-09,True,False,dal,lac,92,103,24,21,24,23,0,25,22,26,30,0,away,4.5,183.5,-190.0,165.0,4.5,92.5,0.0,1,True
2009,2008-11-09,True,False,bos,det,88,76,17,30,22,19,0,19,10,20,27,0,home,0.0,185.0,-102.0,-118.0,4.5,92.0,0.0,0,False
2009,2008-11-09,True,False,atl,okc,89,85,22,16,20,31,0,14,27,21,23,0,away,4.0,186.0,-180.0,158.0,2.0,93.0,2.0,0,False
2009,2008-11-09,True,False,mem,den,80,92,34,20,15,11,0,28,25,20,19,0,home,8.5,198.0,350.0,-440.0,6.5,101.0,1.0,0,True
2009,2008-11-09,True,False,gs,sac,98,115,33,24,17,24,0,36,27,27,25,0,home,3.0,214.0,135.0,-155.0,0.5,107.0,1.0,0,True
2009,2008-11-09,True,False,hou,lal,82,111,28,20,17,17,0,16,34,22,39,0,home,7.0,193.0,243.0,-285.0,4.5,96.0,1.0,2,True
2009,2008-11-09,True,False,tor,cha,89,79,20,20,23,26,0,19,26,22,12,0,away,4.0,183.0,-190.0,165.0,4.0,92.0,1.0,0,False
2009,2008-11-10,True,False,bkn,mia,94,99,20,20,28,26,0,18,22,21,38,0,home,8.0,187.0,320.0,-400.0,5.5,93.5,0.0,1,True
2009,2008-11-10,True,False,mem,phx,102,107,19,25,26,32,0,19,25,38,25,0,home,11.5,197.5,600.0,-800.0,7.5,100.0,0.0,1,True
2009,2008-11-10,True,False,tor,bos,87,94,23,25,17,22,0,18,18,23,35,0,home,8.5,182.0,350.0,-400.0,8.0,89.0,0.0,0,True
2009,2008-11-10,True,False,por,orl,106,99,36,19,17,34,0,28,26,19,26,0,home,6.5,191.0,230.0,-270.0,5.0,95.0,0.0,1,False
2009,2008-11-10,True,False,okc,ind,99,107,34,17,27,21,0,24,24,30,29,0,home,11.5,197.5,700.0,-900.0,9.0,97.5,0.0,1,True
2009,2008-11-11,True,False,utah,phi,93,80,26,23,14,30,0,20,17,30,13,0,home,4.0,190.0,155.0,-175.0,5.0,97.0,0.0,0,False
2009,2008-11-11,True,False,den,cha,88,80,18,24,29,17,0,24,22,16,18,0,away,2.5,199.0,-135.0,115.0,2.0,98.5,1.0,0,False
2009,2008-11-11,True,False,mil,cle,93,99,18,24,29,22,0,23,25,26,25,0,home,12.0,189.5,700.0,-1000.0,6.0,95.0,0.0,1,True
2009,2008-11-11,True,False,atl,chi,113,108,26,29,29,29,0,22,30,22,34,0,home,4.0,187.0,155.0,-175.0,4.5,94.0,0.0,1,False
2009,2008-11-11,True,False,lal,dal,106,99,26,28,22,30,0,35,25,19,20,0,away,6.0,198.5,-240.0,200.0,6.5,99.0,1.0,1,False
2009,2008-11-11,True,False,ny,sa,80,92,20,21,23,16,0,20,18,29,25,0,home,4.0,198.0,155.0,-175.0,4.0,97.0,1.0,0,True
2009,2008-11-11,True,False,det,sac,100,92,18,32,25,25,0,31,19,27,15,0,away,7.5,198.0,-350.0,290.0,5.5,100.5,1.0,0,False
2009,2008-11-11,True,False,min,gs,110,113,27,23,37,19,4,27,31,25,23,7,home,5.0,203.5,175.0,-210.0,1.0,102.0,0.0,1,True
2009,2008-11-12,True,False,hou,phx,94,82,23,21,30,20,0,22,15,18,27,0,home,3.0,199.0,140.0,-160.0,4.0,99.0,0.0,0,False
2009,2008-11-12,True,False,ny,mem,132,103,23,37,35,37,0,24,25,28,26,0,home,4.5,204.5,160.0,-190.0,5.5,100.5,0.0,1,False
2009,2008-11-12,True,False,orl,okc,109,92,39,32,16,22,0,19,23,29,21,0,away,8.0,187.5,-345.0,285.0,3.0,92.0,1.0,1,False
2009,2008-11-12,True,False,lal,no,93,86,28,23,20,22,0,17,13,22,34,0,home,1.5,195.5,105.0,-125.0,5.0,98.0,0.0,0,False
2009,2008-11-12,True,False,sa,mil,78,82,18,25,16,19,0,15,16,22,29,0,home,2.5,181.0,125.0,-145.0,4.5,92.0,1.0,0,True
2009,2008-11-12,True,False,phi,tor,106,96,26,25,27,28,0,13,32,26,25,0,home,5.5,186.0,185.0,-225.0,4.5,93.0,0.0,1,False
2009,2008-11-12,True,False,por,mia,104,96,27,23,23,31,0,19,28,28,21,0,home,0.0,189.0,-110.0,-110.0,0.5,95.0,0.0,1,False
2009,2008-11-12,True,False,atl,bos,102,103,31,20,26,25,0,24,27,25,27,0,home,11.0,185.5,550.0,-750.0,7.0,93.5,0.0,1,True
2009,2008-11-12,True,False,ind,bkn,98,87,28,22,19,29,0,24,19,16,28,0,away,1.5,198.5,-120.0,100.0,2.0,101.0,1.0,0,False
2009,2008-11-12,True,False,sac,lac,103,98,27,23,31,22,0,20,25,24,29,0,home,7.5,195.0,265.0,-325.0,6.0,97.0,0.0,1,False
2009,2008-11-12,True,False,utah,wsh,87,95,26,15,25,21,0,23,23,19,30,0,away,4.5,197.0,-195.0,165.0,6.0,101.5,0.0,0,True
2009,2008-11-13,True,False,det,gs,107,102,21,25,34,27,0,23,30,20,29,0,away,4.5,199.0,-185.0,160.0,4.0,101.0,1.0,1,False
2009,2008-11-13,True,False,dal,chi,91,98,32,18,20,21,0,22,29,27,20,0,away,2.0,200.0,-135.0,115.0,2.0,99.0,0.0,0,True
2009,2008-11-13,True,False,den,cle,99,110,36,25,20,18,0,33,25,30,22,0,home,7.0,198.5,250.0,-300.0,6.5,100.0,1.0,1,True
2009,2008-11-14,True,False,det,lal,106,95,23,30,24,29,0,16,28,18,33,0,home,9.5,195.0,400.0,-500.0,9.5,98.5,0.0,1,False
2009,2008-11-14,True,False,orl,dal,102,100,17,29,26,30,0,21,35,24,20,0,home,1.5,198.0,102.0,-112.0,2.0,96.5,0.0,1,False
2009,2008-11-14,True,False,hou,sa,75,77,23,20,19,13,0,21,19,15,22,0,away,6.0,173.5,-260.0,220.0,2.5,86.5,0.0,0,True
2009,2008-11-14,True,False,por,no,82,87,19,25,18,20,0,21,20,23,23,0,home,7.0,191.0,250.0,-300.0,6.0,95.0,0.0,0,True
2009,2008-11-14,True,False,den,bos,94,85,23,25,16,30,0,29,13,23,20,0,home,10.0,196.0,475.0,-650.0,8.5,96.0,0.0,0,False
2009,2008-11-14,True,False,phx,sac,97,95,27,26,17,16,11,23,19,19,25,9,away,3.0,202.5,-150.0,130.0,2.0,101.0,0.0,0,False
2009,2008-11-14,True,False,okc,ny,106,116,20,24,33,29,0,37,31,25,23,0,home,8.0,208.5,330.0,-420.0,2.0,103.0,1.0,1,True
2009,2008-11-14,True,False,wsh,mia,77,97,20,16,17,24,0,27,22,27,21,0,home,6.5,196.5,230.0,-270.0,0.0,100.5,1.0,0,True
2009,2008-11-14,True,False,atl,bkn,108,115,22,28,26,32,0,27,22,24,42,0,away,4.0,191.0,-170.0,150.0,2.5,97.0,0.0,1,True
2009,2008-11-14,True,False,utah,cha,96,104,25,18,25,28,0,18,26,27,33,0,away,4.0,179.0,-170.0,150.0,2.5,90.0,0.0,1,True
2009,2008-11-14,True,False,phi,ind,94,92,13,36,22,23,0,38,19,21,14,0,home,1.0,197.5,-102.0,-108.0,2.5,97.5,0.0,0,False
2009,2008-11-14,True,False,mil,mem,101,96,21,16,27,23,14,25,24,15,23,9,home,5.0,187.5,170.0,-200.0,1.0,93.0,0.0,1,False
2009,2008-11-15,True,False,no,hou,82,91,21,15,17,29,0,26,22,22,21,0,home,2.0,181.0,110.0,-130.0,2.0,90.5,1.0,0,True
2009,2008-11-15,True,False,bos,mil,102,97,21,29,21,22,9,20,18,21,34,4,away,9.0,182.5,-480.0,380.0,2.0,91.5,0.0,1,False
2009,2008-11-15,True,False,ind,chi,91,104,19,28,26,18,0,27,28,26,23,0,home,5.5,202.5,190.0,-230.0,0.5,102.0,1.0,0,True
2009,2008-11-15,True,False,por,min,88,83,27,14,24,23,0,25,26,20,12,0,away,1.5,192.5,-110.0,100.0,2.5,94.5,1.0,0,False
2009,2008-11-15,True,False,okc,phi,85,110,22,20,18,25,0,24,22,33,31,0,home,10.5,189.0,475.0,-650.0,5.5,93.5,1.0,1,True
2009,2008-11-15,True,False,bkn,atl,119,107,29,26,30,34,0,28,22,23,34,0,home,9.5,196.5,380.0,-480.0,8.0,99.5,0.0,1,False
2009,2008-11-15,True,False,gs,lac,121,103,36,22,32,31,0,31,19,33,20,0,home,2.5,202.0,115.0,-135.0,3.5,100.0,0.0,1,False
2009,2008-11-15,True,False,utah,cle,93,105,21,32,23,17,0,25,21,34,25,0,home,10.5,191.0,500.0,-700.0,9.5,98.5,1.0,1,True
2009,2008-11-16,True,False,min,den,84,90,17,23,27,17,0,27,17,21,25,0,home,9.5,203.0,400.0,-600.0,5.0,101.0,0.0,0,True
2009,2008-11-16,True,False,sa,sac,90,88,15,28,25,22,0,23,19,30,16,0,home,2.0,181.5,110.0,-130.0,2.0,90.0,0.0,0,False
2009,2008-11-16,True,False,det,phx,86,104,42,4,21,19,0,55,6,20,23,0,home,2.0,197.0,110.0,-130.0,3.5,99.0,1.0,0,True
2009,2008-11-16,True,False,orl,cha,90,85,19,19,27,25,0,21,22,18,24,0,away,6.5,188.0,-270.0,230.0,6.5,93.0,0.0,0,False
2009,2008-11-16,True,False,mia,tor,96,107,27,27,24,18,0,29,21,30,27,0,home,3.0,186.0,135.0,-155.0,2.5,94.5,1.0,1,True
2009,2008-11-16,True,False,dal,ny,124,114,26,31,32,23,12,35,29,27,21,2,away,2.0,215.0,-125.0,105.0,3.0,107.0,1.0,1,False
2009,2008-11-17,True,False,hou,okc,100,89,32,24,25,19,0,30,20,19,20,0,away,9.0,183.5,-500.0,350.0,3.0,92.0,1.0,1,False
2009,2008-11-17,True,False,phx,utah,97,109,32,22,23,20,0,23,34,26,26,0,home,2.0,194.0,110.0,-130.0,0.0,97.0,1.0,1,True
2009,2008-11-17,True,False,sa,lac,86,83,21,22,25,18,0,23,15,26,19,0,home,2.5,176.0,125.0,-145.0,2.5,89.0,0.0,0,False
2009,2008-11-18,True,False,cle,bkn,106,82,26,23,28,29,0,28,24,13,17,0,away,5.5,193.5,-240.0,200.0,5.0,97.0,1.0,0,False
2009,2008-11-18,True,False,dal,cha,100,83,28,27,19,26,0,10,25,23,25,0,away,5.5,187.0,-240.0,200.0,2.0,94.5,1.0,0,False
2009,2008-11-18,True,False,atl,ind,96,113,25,23,25,23,0,32,29,27,25,0,home,3.5,209.0,130.0,-150.0,2.5,105.5,1.0,2,True
2009,2008-11-18,True,False,tor,orl,90,103,26,19,22,23,0,21,24,28,30,0,home,6.0,192.0,210.0,-250.0,3.5,96.0,1.0,1,True
2009,2008-11-18,True,False,mia,wsh,94,87,23,20,30,21,0,17,24,26,20,0,home,2.0,192.5,110.0,-130.0,1.0,98.0,0.0,0,False
2009,2008-11-18,True,False,ny,bos,101,110,28,19,30,24,0,26,30,33,21,0,home,8.0,204.0,315.0,-380.0,1.0,101.0,1.0,1,True
2009,2008-11-18,True,False,sac,mem,94,109,25,22,24,23,0,32,32,26,19,0,home,5.5,196.5,190.0,-230.0,2.0,97.5,1.0,1,True
2009,2008-11-18,True,False,mil,den,105,114,28,22,23,32,0,34,30,27,23,0,home,9.5,195.5,390.0,-490.0,1.0,96.5,0.0,1,True
2009,2008-11-18,True,False,chi,lal,109,116,29,27,18,35,0,30,31,29,26,0,home,12.5,202.0,850.0,-1300.0,6.5,102.5,0.0,1,True
2009,2008-11-18,True,False,por,gs,106,111,27,22,24,33,0,24,27,31,29,0,away,1.0,206.0,-115.0,-105.0,1.0,103.0,0.0,1,True
2009,2008-11-19,True,False,den,sa,91,81,22,28,25,16,0,21,19,14,27,0,home,0.0,181.5,-110.0,-110.0,3.0,90.0,0.0,0,False
2009,2008-11-19,True,False,dal,hou,96,86,31,22,19,24,0,25,21,15,25,0,home,3.5,189.0,145.0,-165.0,4.0,94.0,0.0,0,False
2009,2008-11-19,True,False,chi,por,74,116,13,24,20,17,0,34,28,26,28,0,home,6.0,196.0,230.0,-270.0,4.0,97.0,1.0,0,True
2009,2008-11-19,True,False,mil,utah,94,105,16,37,23,18,0,26,25,23,31,0,home,10.5,190.0,475.0,-625.0,7.5,96.5,1.0,1,True
2009,2008-11-19,True,False,sac,no,105,96,23,28,26,28,0,29,25,22,20,0,home,14.0,197.5,1100.0,-1800.0,8.0,98.5,0.0,1,False
2009,2008-11-19,True,False,wsh,atl,87,91,26,24,17,20,0,28,16,26,21,0,home,7.0,200.0,250.0,-300.0,7.0,101.0,0.0,0,True
2009,2008-11-19,True,False,phi,min,96,102,27,25,13,31,0,24,32,20,26,0,away,3.5,189.5,-165.0,145.0,4.0,95.5,0.0,1,True
2009,2008-11-19,True,False,cle,det,89,96,24,25,19,21,0,16,22,28,30,0,home,2.5,190.0,120.0,-140.0,4.5,95.0,1.0,0,True
2009,2008-11-19,True,False,tor,mia,101,95,25,22,30,24,0,23,20,24,28,0,home,2.5,188.5,120.0,-140.0,3.0,95.0,0.0,1,False
2009,2008-11-19,True,False,lac,okc,108,88,20,29,32,27,0,26,26,16,20,0,away,1.5,187.5,-125.0,105.0,1.5,92.5,1.0,1,False
2009,2008-11-20,True,False,det,bos,80,98,21,19,17,23,0,21,28,28,21,0,home,6.0,184.0,220.0,-260.0,0.5,93.0,1.0,0,True
2009,2008-11-20,True,False,lal,phx,105,92,26,24,30,25,0,24,20,23,25,0,away,5.0,208.0,-220.0,180.0,0.5,104.0,1.0,0,False
2009,2008-11-21,True,False,chi,gs,115,110,27,30,28,30,0,28,31,28,23,0,home,4.0,213.5,145.0,-165.0,2.0,106.5,0.0,1,False
2009,2008-11-21,True,False,por,sac,117,96,28,29,37,23,0,25,26,18,27,0,away,4.5,198.0,-190.0,165.0,0.5,99.5,1.0,1,False
2009,2008-11-21,True,False,no,okc,105,80,26,34,23,22,0,17,22,18,23,0,away,10.0,191.0,-650.0,475.0,1.5,95.0,1.0,0,False
2009,2008-11-21,True,False,ny,mil,87,104,19,28,13,27,0,28,22,22,32,0,home,4.5,205.5,160.0,-180.0,2.0,103.0,1.0,0,True
2009,2008-11-21,True,False,utah,sa,94,119,24,29,18,23,0,29,32,34,24,0,home,4.5,174.0,170.0,-200.0,0.5,90.5,1.0,1,True
2009,2008-11-21,True,False,mem,dal,76,91,22,19,15,20,0,22,22,24,23,0,home,9.0,195.5,350.0,-450.0,5.0,97.0,1.0,0,True
2009,2008-11-21,True,False,den,lal,90,104,20,27,20,23,0,35,32,21,16,0,home,8.5,205.5,305.0,-370.0,2.0,101.5,1.0,0,True
2009,2008-11-21,True,False,cha,atl,83,88,24,19,20,20,0,16,31,15,26,0,home,8.0,189.0,300.0,-360.0,4.0,93.5,0.0,0,True
2009,2008-11-21,True,False,hou,wsh,103,91,17,32,21,33,0,29,21,27,14,0,away,6.5,183.0,-280.0,240.0,4.0,91.0,1.0,1,False
2009,2008-11-21,True,False,orl,ind,100,98,28,22,20,21,9,34,20,23,14,7,away,2.0,204.0,-130.0,110.0,1.5,100.5,2.0,0,False
2009,2008-11-21,True,False,lac,phi,88,89,16,33,23,16,0,28,18,22,21,0,home,9.5,189.5,390.0,-490.0,7.0,93.0,0.0,0,True
2009,2008-11-21,True,False,bkn,tor,129,127,22,25,29,35,18,33,28,24,26,16,home,8.5,196.0,330.0,-420.0,1.0,100.5,0.0,1,False
2009,2008-11-21,True,False,bos,min,95,78,22,14,35,24,0,21,18,10,29,0,away,6.5,183.5,-260.0,220.0,6.0,91.5,1.0,0,False
2009,2008-11-22,True,False,por,phx,92,102,17,19,26,30,0,21,20,31,30,0,home,5.5,198.0,200.0,-240.0,1.5,99.5,1.0,0,True
2009,2008-11-22,True,False,utah,mem,103,94,28,22,27,26,0,25,18,26,25,0,home,3.5,187.5,135.0,-155.0,3.5,95.5,0.0,1,False
2009,2008-11-22,True,False,okc,no,97,109,30,18,24,25,0,28,25,29,27,0,home,15.0,190.5,2000.0,-3000.0,8.0,95.5,0.0,1,True
2009,2008-11-22,True,False,wsh,ny,117,122,29,29,31,28,0,35,25,31,31,0,home,2.5,204.0,115.0,-135.0,1.0,104.0,1.0,1,True
2009,2008-11-22,True,False,lac,bkn,95,112,29,18,24,24,0,31,24,29,28,0,home,3.5,190.0,140.0,-160.0,0.5,93.5,1.0,1,True
2009,2008-11-22,True,False,ind,mia,100,109,31,29,19,21,0,20,28,31,30,0,home,5.5,197.5,190.0,-230.0,6.0,99.5,1.0,1,True
2009,2008-11-22,True,False,mil,cha,79,74,22,13,27,17,0,21,15,16,22,0,home,3.0,180.0,125.0,-145.0,1.5,90.0,0.0,0,False
2009,2008-11-22,True,False,hou,orl,100,95,25,26,22,27,0,17,36,18,24,0,home,2.0,184.5,110.0,-130.0,0.0,91.0,0.0,1,False
2009,2008-11-22,True,False,atl,cle,96,110,12,20,26,38,0,28,21,30,31,0,home,12.0,197.5,650.0,-900.0,1.5,98.5,1.0,1,True
2009,2008-11-23,True,False,bos,tor,118,103,32,27,36,23,0,20,29,24,30,0,away,4.0,186.0,-185.0,160.0,0.5,93.5,1.0,1,False
2009,2008-11-23,True,False,gs,phi,81,89,17,22,23,19,0,27,30,15,17,0,home,6.5,208.5,240.0,-280.0,2.0,101.5,1.0,0,True
2009,2008-11-23,True,False,min,det,106,80,22,22,32,30,0,19,15,18,28,0,home,9.5,188.5,450.0,-600.0,8.5,94.5,0.0,0,False
2009,2008-11-23,True,False,chi,den,101,114,18,36,31,16,0,27,31,25,31,0,home,8.5,208.0,360.0,-450.0,4.0,104.0,1.0,1,True
2009,2008-11-23,True,False,sac,lal,108,118,27,25,28,28,0,32,29,35,22,0,home,17.0,208.5,2200.0,-3400.0,7.5,103.5,0.0,1,True
2009,2008-11-24,True,False,sac,por,90,91,21,23,27,19,0,27,21,27,16,0,home,11.5,204.5,650.0,-1000.0,6.0,101.5,0.0,0,True
2009,2008-11-24,True,False,no,lac,99,87,25,24,27,23,0,24,22,19,22,0,away,6.5,186.5,-270.0,230.0,3.0,94.0,1.0,0,False
2009,2008-11-24,True,False,chi,utah,101,100,28,25,19,29,0,26,19,30,25,0,home,6.5,202.0,240.0,-280.0,6.0,101.0,0.0,0,False
2009,2008-11-24,True,False,mil,orl,101,108,23,24,27,27,0,33,25,27,23,0,home,8.5,190.0,325.0,-450.0,1.5,94.0,0.0,1,True
2009,2008-11-24,True,False,hou,mia,107,98,30,26,24,27,0,21,27,27,23,0,away,3.0,186.0,-160.0,140.0,1.0,93.0,1.0,1,False
2009,2008-11-24,True,False,phi,cha,84,93,25,16,23,20,0,20,21,27,25,0,away,3.0,177.0,-160.0,140.0,2.5,88.0,0.0,2,True
2009,2008-11-24,True,False,sa,mem,94,81,22,19,31,22,0,17,19,19,26,0,away,3.0,180.5,-155.0,135.0,0.5,90.5,1.0,0,False
2009,2008-11-25,True,False,gs,wsh,100,124,26,23,23,28,0,32,31,30,31,0,away,2.0,209.5,-135.0,115.0,4.0,104.0,0.0,1,True
2009,2008-11-25,True,False,cle,ny,119,101,34,33,28,24,0,22,16,28,35,0,away,9.0,211.5,-430.0,345.0,2.5,104.0,1.0,1,False
2009,2008-11-25,True,False,phx,okc,99,98,26,15,29,29,0,25,29,27,17,0,away,9.5,202.5,-600.0,450.0,8.5,100.0,0.0,0,False
2009,2008-11-25,True,False,ind,dal,106,109,26,30,27,23,0,26,23,28,32,0,home,7.0,200.0,280.0,-340.0,6.0,100.0,0.0,1,True
2009,2008-11-25,True,False,bkn,lal,93,120,28,26,22,17,0,24,32,34,30,0,home,13.5,210.0,1050.0,-1600.0,7.5,107.5,1.0,1,True
2009,2008-11-26,True,False,mia,por,68,106,17,23,17,11,0,37,22,17,30,0,home,8.0,192.0,310.0,-370.0,1.0,97.0,1.0,0,True
2009,2008-11-26,True,False,mem,utah,100,117,19,27,25,29,0,33,26,36,22,0,home,9.5,194.0,425.0,-550.0,1.0,98.5,1.0,1,True
2009,2008-11-26,True,False,chi,sa,88,98,24,21,26,17,0,25,20,31,22,0,home,7.0,190.0,260.0,-320.0,4.5,95.0,1.0,0,True
2009,2008-11-26,True,False,ind,hou,91,90,18,29,17,27,0,25,19,30,16,0,home,8.0,193.0,315.0,-380.0,6.0,95.5,0.0,0,False
2009,2008-11-26,True,False,ny,det,96,110,20,23,25,28,0,29,30,27,24,0,home,13.0,208.5,1050.0,-1500.0,3.0,104.0,1.0,0,True
2009,2008-11-26,True,False,den,lac,106,105,32,24,23,27,0,22,33,16,34,0,away,4.0,198.5,-175.0,155.0,2.5,99.0,0.0,1,False
2009,2008-11-26,True,False,gs,bos,111,119,28,39,16,28,0,35,19,32,33,0,home,12.5,205.5,850.0,-1200.0,11.0,101.0,0.0,1,True
2009,2008-11-26,True,False,phx,min,110,102,28,31,21,30,0,23,20,29,30,0,away,3.5,196.0,-170.0,150.0,2.5,96.5,1.0,1,False
2009,2008-11-26,True,False,mil,atl,96,102,24,24,19,29,0,28,20,23,31,0,home,7.5,195.0,290.0,-350.0,4.5,97.0,0.0,1,True
2009,2008-11-26,True,False,bkn,sac,116,114,29,27,26,23,11,23,22,32,28,9,home,3.5,210.0,140.0,-160.0,4.5,106.5,0.0,1,False
2009,2008-11-26,True,False,cha,tor,86,93,25,21,22,18,0,24,27,24,18,0,home,8.5,187.0,335.0,-420.0,4.0,93.5,0.0,0,True
2009,2008-11-26,True,False,orl,phi,96,94,26,29,16,25,0,19,26,27,22,0,home,5.0,190.5,170.0,-200.0,5.5,93.0,0.0,0,False
2009,2008-11-26,True,False,okc,cle,82,117,14,18,20,30,0,33,33,26,25,0,home,15.5,199.5,1800.0,-2800.0,0.0,100.5,1.0,0,True
2009,2008-11-27,True,False,orl,wsh,105,90,38,17,31,19,0,25,19,21,25,0,away,3.0,197.5,-155.0,135.0,2.5,99.0,1.0,0,False
2009,2008-11-27,True,False,no,den,105,101,32,20,24,29,0,22,24,23,32,0,home,1.0,197.0,-101.0,-109.0,1.5,98.0,0.0,1,False
2009,2008-11-28,True,False,dal,lal,107,114,27,30,21,29,0,30,21,29,34,0,home,11.0,205.0,600.0,-800.0,10.0,103.5,0.0,1,True
2009,2008-11-28,True,False,no,por,86,101,26,22,21,17,0,31,19,27,24,0,home,4.5,187.5,160.0,-180.0,2.0,94.0,1.0,0,True
2009,2008-11-28,True,False,sac,utah,94,120,23,27,17,27,0,29,21,44,26,0,home,11.0,210.0,600.0,-800.0,7.0,106.0,1.0,1,True
2009,2008-11-28,True,False,mem,sa,98,109,16,20,34,28,0,17,29,27,36,0,home,10.5,185.0,500.0,-700.0,3.0,94.5,1.0,1,True
2009,2008-11-28,True,False,cha,ind,115,108,28,25,24,22,16,18,30,33,18,9,home,7.0,190.0,260.0,-320.0,7.0,95.0,0.0,1,False
2009,2008-11-28,True,False,mil,det,97,107,24,25,23,25,0,28,34,20,25,0,home,9.5,190.5,400.0,-500.0,1.5,96.5,1.0,1,True
2009,2008-11-28,True,False,gs,cle,97,112,32,20,16,29,0,29,29,36,18,0,home,11.5,216.5,600.0,-800.0,5.0,107.5,1.0,0,True
2009,2008-11-28,True,False,phi,bos,78,102,16,12,19,31,0,22,24,27,29,0,home,8.5,186.5,340.0,-440.0,1.0,91.5,1.0,0,True
2009,2008-11-28,True,False,atl,tor,88,93,21,29,15,23,0,24,22,23,24,0,home,6.5,201.5,220.0,-260.0,6.0,101.5,0.0,0,True
2009,2008-11-28,True,False,mia,phx,107,92,32,25,24,26,0,19,25,26,22,0,home,4.5,195.0,175.0,-210.0,5.5,98.0,0.0,1,False
2009,2008-11-28,True,False,min,okc,105,103,16,28,35,26,0,18,30,22,33,0,away,2.5,194.0,-145.0,125.0,2.0,98.0,0.0,1,False
2009,2008-11-29,True,False,mia,lac,96,97,28,28,17,23,0,29,25,14,29,0,away,2.5,190.5,-135.0,115.0,0.5,95.0,0.0,1,True
2009,2008-11-29,True,False,sa,hou,84,103,20,29,21,14,0,33,23,28,19,0,home,3.0,178.0,125.0,-145.0,0.5,91.0,1.0,1,True
2009,2008-11-29,True,False,dal,sac,101,78,29,17,30,25,0,20,18,19,21,0,away,4.0,207.5,-180.0,160.0,0.5,102.5,1.0,0,False
2009,2008-11-29,True,False,bkn,utah,105,88,28,31,24,22,0,29,22,16,21,0,home,9.0,209.5,400.0,-500.0,7.0,107.5,0.0,0,False
2009,2008-11-29,True,False,cle,mil,97,85,20,28,24,25,0,16,22,29,18,0,away,7.0,195.5,-320.0,260.0,1.0,97.5,1.0,0,False
2009,2008-11-29,True,False,okc,mem,111,103,22,21,33,35,0,28,26,26,23,0,home,8.0,199.0,300.0,-360.0,1.0,99.5,0.0,1,False
2009,2008-11-29,True,False,gs,ny,125,138,33,31,32,29,0,39,43,34,22,0,away,1.0,223.0,-130.0,110.0,4.5,110.0,0.0,1,True
2009,2008-11-29,True,False,ind,orl,96,110,22,25,20,29,0,27,31,29,23,0,home,7.0,202.5,270.0,-330.0,0.5,99.5,1.0,1,True
2009,2008-11-29,True,False,atl,wsh,102,98,28,27,25,22,0,17,28,26,27,0,home,1.5,200.0,105.0,-115.0,3.0,102.0,0.0,2,False
2009,2008-11-29,True,False,bos,cha,89,84,17,28,21,23,0,22,21,19,22,0,away,9.0,179.0,-450.0,350.0,5.0,89.5,0.0,0,False
2009,2008-11-29,True,False,den,min,106,97,25,35,27,19,0,31,23,16,27,0,away,5.5,200.5,-210.0,175.0,1.0,100.0,1.0,1,False
2009,2008-11-30,True,False,por,det,96,85,25,25,20,26,0,13,29,22,21,0,home,4.0,186.0,165.0,-190.0,5.0,95.0,0.0,0,False
2009,2008-11-30,True,False,chi,phi,103,92,24,28,31,20,0,34,21,11,26,0,home,6.0,195.0,205.0,-245.0,2.5,97.0,0.0,2,False
2009,2008-11-30,True,False,hou,den,94,104,21,23,24,26,0,21,27,30,26,0,home,3.5,193.5,145.0,-165.0,0.5,94.0,1.0,1,True
2009,2008-11-30,True,False,bkn,phx,117,109,24,32,18,43,0,35,27,23,24,0,home,8.5,206.5,360.0,-450.0,3.5,106.0,0.0,1,False
2009,2008-11-30,True,False,tor,lal,99,112,29,22,30,18,0,34,27,29,22,0,home,12.0,208.0,575.0,-850.0,4.0,103.5,1.0,1,True
2009,2008-12-01,True,False,min,cha,90,100,20,16,25,29,0,21,22,23,34,0,home,4.0,184.5,145.0,-165.0,0.0,94.5,1.0,1,True
2009,2008-12-01,True,False,orl,bos,88,107,18,28,19,23,0,28,20,29,30,0,home,9.0,189.5,350.0,-500.0,5.0,94.0,1.0,1,True
2009,2008-12-01,True,False,mia,gs,130,129,30,30,31,24,15,27,37,30,21,14,away,1.5,217.0,-125.0,105.0,2.0,108.0,0.0,1,False
2009,2008-12-02,True,False,utah,sac,97,94,20,19,25,33,0,24,14,28,28,0,away,2.0,208.5,-140.0,120.0,1.5,104.5,1.0,0,False
2009,2008-12-02,True,False,det,sa,89,77,17,23,21,28,0,22,23,18,14,0,home,5.5,184.5,190.0,-230.0,1.5,93.5,0.0,0,False
2009,2008-12-02,True,False,phi,chi,103,95,23,17,27,23,13,13,24,24,29,5,home,1.5,194.5,105.0,-125.0,1.5,95.0,0.0,1,False
2009,2008-12-02,True,False,tor,den,93,132,19,26,23,25,0,33,31,36,32,0,home,5.0,207.0,180.0,-220.0,2.5,102.5,1.0,1,True
2009,2008-12-02,True,False,wsh,bkn,108,88,28,23,35,22,0,27,23,12,26,0,home,6.5,206.0,230.0,-270.0,5.0,105.0,0.0,0,False
2009,2008-12-02,True,False,por,ny,104,97,24,25,22,33,0,31,20,24,22,0,away,8.0,211.5,-350.0,290.0,7.0,106.0,0.0,0,False
2009,2008-12-02,True,False,lal,ind,117,118,30,36,35,16,0,28,33,25,32,0,away,9.0,213.0,-600.0,400.0,4.0,106.0,0.0,1,True
2009,2008-12-02,True,False,lac,dal,98,100,27,28,26,17,0,21,26,21,32,0,home,10.5,199.0,600.0,-900.0,10.5,97.5,0.0,0,True
2009,2008-12-03,True,False,mia,utah,93,89,19,28,27,19,0,24,21,20,24,0,home,3.5,199.0,145.0,-165.0,3.0,101.0,0.0,0,False
2009,2008-12-03,True,False,lac,hou,96,103,19,27,30,20,0,27,26,24,26,0,home,10.0,188.0,500.0,-700.0,3.5,93.0,0.0,1,True
2009,2008-12-03,True,False,phx,no,91,104,21,29,19,22,0,35,16,31,22,0,home,9.0,193.0,375.0,-470.0,5.5,95.0,1.0,1,True
2009,2008-12-03,True,False,chi,mil,90,97,20,22,30,18,0,19,35,22,21,0,home,5.0,200.5,175.0,-210.0,1.5,101.5,1.0,0,True
2009,2008-12-03,True,False,okc,cha,97,103,21,24,27,25,0,24,25,29,25,0,home,8.5,191.0,340.0,-425.0,4.0,97.0,0.0,1,True
2009,2008-12-03,True,False,ind,bos,96,114,27,24,22,23,0,28,29,31,26,0,home,15.0,200.5,1700.0,-2700.0,7.5,99.0,1.0,1,True
2009,2008-12-03,True,False,min,orl,89,100,17,21,12,39,0,23,21,26,30,0,home,9.5,195.0,450.0,-600.0,4.0,97.5,1.0,0,True
2009,2008-12-03,True,False,lal,phi,114,102,31,30,24,29,0,25,26,18,33,0,away,9.0,201.5,-500.0,400.0,2.5,99.5,1.0,1,False
2009,2008-12-03,True,False,por,wsh,98,92,19,26,32,21,0,26,17,29,20,0,away,6.5,191.5,-270.0,230.0,3.5,97.5,0.0,0,False
2009,2008-12-03,True,False,mem,atl,95,105,24,15,30,26,0,24,26,33,22,0,home,9.0,199.0,400.0,-500.0,2.0,101.0,1.0,1,True
2009,2008-12-03,True,False,ny,cle,82,118,20,15,24,23,0,31,30,24,33,0,home,16.0,215.5,1800.0,-2800.0,1.5,107.5,1.0,0,True
2009,2008-12-04,True,False,phx,dal,97,112,24,22,28,23,0,33,31,24,24,0,home,3.5,206.5,135.0,-155.0,3.5,103.0,1.0,1,True
2009,2008-12-04,True,False,sa,den,108,91,30,31,22,25,0,26,15,26,24,0,home,4.0,194.5,150.0,-170.0,6.0,98.0,0.0,1,False
2009,2008-12-05,True,False,por,bos,78,93,21,15,15,27,0,24,25,25,19,0,home,8.0,184.5,300.0,-360.0,1.0,92.5,1.0,0,True
2009,2008-12-05,True,False,tor,utah,87,114,23,25,19,20,0,33,31,27,23,0,home,4.5,206.0,170.0,-200.0,1.5,105.0,1.0,0,True
2009,2008-12-05,True,False,gs,hou,112,131,32,25,27,28,0,30,32,26,43,0,home,8.5,210.0,325.0,-450.0,3.5,103.5,1.0,1,True
2009,2008-12-05,True,False,lac,mem,81,93,25,19,17,20,0,24,27,21,21,0,away,2.0,199.0,-125.0,105.0,2.5,99.5,0.0,0,True
2009,2008-12-05,True,False,phi,det,96,91,19,19,20,38,0,25,23,19,24,0,home,8.0,188.5,310.0,-380.0,1.5,94.0,0.0,0,False
2009,2008-12-05,True,False,cha,mil,96,101,24,32,18,22,0,29,25,22,25,0,home,4.0,185.5,155.0,-175.0,4.5,95.0,1.0,1,True
2009,2008-12-05,True,False,ny,atl,95,98,30,25,16,24,0,31,26,17,24,0,home,10.5,215.5,500.0,-700.0,5.5,107.5,0.0,0,True
2009,2008-12-05,True,False,min,bkn,84,113,17,24,25,18,0,31,19,33,30,0,home,6.5,201.5,260.0,-320.0,1.0,103.5,1.0,0,True
2009,2008-12-05,True,False,okc,orl,89,98,18,21,27,23,0,23,22,25,28,0,home,13.0,205.0,850.0,-1300.0,6.5,102.5,0.0,0,True
2009,2008-12-05,True,False,ind,cle,73,97,20,18,16,19,0,21,31,18,27,0,home,10.5,206.0,600.0,-900.0,1.5,102.5,1.0,0,True
2009,2008-12-05,True,False,lal,wsh,106,104,35,23,29,19,0,24,29,19,32,0,away,12.0,213.0,-1000.0,800.0,6.5,107.0,0.0,0,False
2009,2008-12-06,True,False,den,sac,118,85,37,23,29,29,0,18,21,23,23,0,away,4.5,212.5,-200.0,170.0,3.0,103.5,1.0,0,False
2009,2008-12-06,True,False,utah,phx,104,106,26,24,28,26,0,26,24,28,28,0,home,7.0,206.5,250.0,-300.0,5.0,105.5,0.0,1,True
2009,2008-12-06,True,False,wsh,chi,110,117,25,27,22,36,0,24,33,31,29,0,home,8.5,200.0,325.0,-450.0,4.0,102.0,0.0,1,True
2009,2008-12-06,True,False,atl,dal,98,100,23,20,16,39,0,21,20,33,26,0,home,6.5,199.5,240.0,-280.0,5.0,99.5,0.0,0,True
2009,2008-12-06,True,False,gs,sa,88,123,21,28,18,21,0,35,30,39,19,0,home,12.0,213.0,600.0,-800.0,3.0,105.0,1.0,0,True
2009,2008-12-06,True,False,lac,min,107,84,29,26,24,28,0,15,26,15,28,0,home,1.0,193.0,100.0,-120.0,4.0,95.0,0.0,0,False
2009,2008-12-06,True,False,okc,mia,99,105,27,27,16,29,0,36,23,26,20,0,home,11.0,202.5,500.0,-700.0,5.5,103.5,0.0,1,True
2009,2008-12-06,True,False,bkn,phi,95,84,26,21,22,26,0,21,23,21,19,0,home,2.5,195.5,120.0,-140.0,2.0,99.0,0.0,0,False
2009,2008-12-06,True,False,cle,cha,94,74,30,25,19,20,0,14,21,13,26,0,away,8.0,184.0,-370.0,310.0,2.0,93.5,1.0,0,False
2009,2008-12-06,True,False,mem,no,87,106,16,23,22,26,0,37,21,32,16,0,home,14.0,192.5,900.0,-1500.0,3.0,98.0,1.0,1,True
2009,2008-12-07,True,False,det,ny,92,104,12,31,20,29,0,29,36,16,23,0,away,6.5,207.0,-280.0,240.0,8.0,105.0,0.0,0,True
2009,2008-12-07,True,False,por,tor,98,97,20,28,30,20,0,31,19,25,22,0,away,3.0,191.5,-150.0,130.0,3.0,96.5,0.0,1,False
2009,2008-12-07,True,False,bos,ind,122,117,32,23,23,27,17,22,35,24,24,12,away,8.0,198.5,-400.0,320.0,6.0,98.5,0.0,1,False
2009,2008-12-07,True,False,mil,lal,92,105,16,15,23,38,0,24,19,31,31,0,home,14.0,211.0,950.0,-1500.0,5.0,103.0,0.0,0,True
2009,2008-12-08,True,False,orl,lac,95,88,26,16,24,29,0,19,29,27,13,0,away,4.0,193.5,-175.0,155.0,4.0,96.5,1.0,0,False
2009,2008-12-08,True,False,hou,mem,97,109,19,28,28,22,0,32,24,27,26,0,away,6.5,190.0,-280.0,240.0,6.0,94.0,0.0,1,True
2009,2008-12-08,True,False,gs,okc,112,102,29,32,25,26,0,23,19,26,34,0,home,0.0,220.0,-110.0,-110.0,4.0,103.0,0.0,0,False
2009,2008-12-08,True,False,cha,mia,96,100,25,23,20,28,0,22,29,15,34,0,home,8.0,186.0,300.0,-360.0,4.0,93.0,0.0,1,True
2009,2008-12-09,True,False,orl,por,109,108,29,20,32,28,0,25,23,32,28,0,home,4.5,188.0,170.0,-200.0,4.0,93.5,0.0,1,False
2009,2008-12-09,True,False,mil,phx,110,125,35,29,26,20,0,36,38,22,29,0,home,6.5,206.0,230.0,-270.0,1.0,106.5,1.0,1,True
2009,2008-12-09,True,False,sa,dal,133,126,17,30,34,26,26,22,23,34,28,19,away,2.5,191.5,-135.0,115.0,0.5,96.0,1.0,1,False
2009,2008-12-09,True,False,ny,chi,100,105,22,26,29,23,0,28,22,28,27,0,home,7.5,217.0,270.0,-330.0,4.0,108.0,0.0,0,True
2009,2008-12-09,True,False,lal,sac,101,113,22,29,29,21,0,27,29,31,26,0,away,12.0,212.0,-900.0,650.0,9.5,105.0,0.0,1,True
2009,2008-12-09,True,False,utah,min,99,96,32,14,29,24,0,24,23,24,25,0,away,6.5,196.5,-260.0,220.0,5.0,100.5,0.0,0,False
2009,2008-12-09,True,False,tor,cle,94,114,19,32,16,27,0,29,30,31,24,0,home,12.5,197.0,650.0,-900.0,5.0,98.0,1.0,1,True
2009,2008-12-09,True,False,det,wsh,94,107,29,17,22,26,0,14,29,31,33,0,away,5.5,194.0,-220.0,180.0,2.5,97.0,0.0,1,True
2009,2008-12-09,True,False,atl,hou,84,92,16,22,24,22,0,27,19,14,32,0,home,5.0,190.5,175.0,-210.0,0.5,96.5,1.0,0,True
2009,2008-12-10,True,False,phx,lal,110,115,25,23,33,29,0,29,24,29,33,0,home,13.5,216.0,1200.0,-2000.0,7.0,106.5,0.0,1,True
2009,2008-12-10,True,False,ind,tor,88,101,18,27,20,23,0,20,31,26,24,0,home,3.0,210.5,135.0,-155.0,0.5,105.5,1.0,0,True
2009,2008-12-10,True,False,ny,bkn,121,109,23,34,33,31,0,33,30,21,25,0,home,7.5,214.5,290.0,-350.0,2.5,108.0,0.0,1,False
2009,2008-12-10,True,False,cle,phi,101,93,25,23,36,17,0,28,18,19,28,0,away,6.5,186.5,-280.0,240.0,3.5,93.0,1.0,1,False
2009,2008-12-10,True,False,mem,okc,108,102,23,25,28,32,0,29,26,28,19,0,home,2.0,201.0,-130.0,110.0,3.0,103.5,0.0,1,False
2009,2008-12-10,True,False,cha,no,89,105,21,19,17,32,0,29,30,29,17,0,home,15.5,185.0,1250.0,-2500.0,3.0,91.5,1.0,1,True
2009,2008-12-10,True,False,atl,sa,89,95,17,18,20,34,0,25,18,19,33,0,home,6.5,189.0,230.0,-270.0,1.0,96.0,0.0,0,True
2009,2008-12-10,True,False,min,den,105,116,30,26,22,27,0,22,22,40,32,0,home,13.0,207.5,950.0,-1500.0,11.5,106.5,0.0,1,True
2009,2008-12-10,True,False,mil,gs,96,119,22,28,31,15,0,30,25,27,37,0,home,1.5,219.5,105.0,-125.0,0.5,108.5,1.0,0,True
2009,2008-12-11,True,False,cha,dal,90,95,26,28,20,16,0,26,27,21,21,0,home,13.5,192.0,1000.0,-1500.0,9.5,96.5,0.0,0,True
2009,2008-12-11,True,False,por,utah,88,97,29,17,20,22,0,27,30,21,19,0,home,3.0,194.0,130.0,-150.0,2.5,99.5,1.0,0,True
2009,2008-12-11,True,False,bos,wsh,122,88,36,27,26,33,0,21,18,35,14,0,away,10.0,196.0,-600.0,400.0,0.5,97.0,1.0,1,False
2009,2008-12-12,True,False,hou,gs,119,108,31,30,31,27,0,29,21,25,33,0,away,2.0,212.0,-130.0,110.0,2.0,106.0,1.0,1,False
2009,2008-12-12,True,False,atl,mia,87,73,20,23,32,12,0,25,15,15,18,0,home,2.0,191.5,110.0,-130.0,2.0,97.0,0.0,0,False
2009,2008-12-12,True,False,phi,cle,72,88,25,14,19,14,0,25,27,17,19,0,home,10.5,189.0,475.0,-650.0,2.0,94.5,1.0,0,True
2009,2008-12-12,True,False,tor,bkn,101,79,24,16,31,30,0,18,16,19,26,0,home,3.0,206.0,130.0,-150.0,3.0,103.0,0.0,0,False
2009,2008-12-12,True,False,chi,mem,96,103,30,24,20,22,0,22,30,31,20,0,away,3.0,200.5,-150.0,130.0,0.5,101.0,0.0,0,True
2009,2008-12-12,True,False,sa,min,98,86,19,22,25,32,0,19,22,16,29,0,away,8.0,192.5,-380.0,315.0,5.5,96.5,1.0,0,False
2009,2008-12-12,True,False,no,bos,82,94,21,19,24,18,0,21,18,30,25,0,home,7.0,189.0,260.0,-320.0,5.5,94.0,1.0,0,True
2009,2008-12-12,True,False,ind,det,110,114,26,31,23,30,0,32,31,23,28,0,home,5.5,200.5,205.0,-245.0,1.5,100.0,0.0,1,True
2009,2008-12-12,True,False,orl,phx,112,113,33,28,16,35,0,28,32,27,26,0,home,2.5,208.5,120.0,-140.0,2.5,104.5,0.0,1,True
2009,2008-12-12,True,False,lac,por,120,112,26,31,20,20,23,32,22,29,14,15,home,8.5,190.5,335.0,-420.0,6.5,95.5,0.0,1,False
2009,2008-12-12,True,False,sac,lal,103,112,27,25,20,31,0,33,19,32,28,0,home,17.0,214.0,2300.0,-3600.0,10.5,107.5,0.0,1,True
2009,2008-12-13,True,False,hou,lac,82,95,22,26,16,18,0,28,17,25,25,0,away,4.0,191.0,-175.0,155.0,1.5,94.5,0.0,0,True
2009,2008-12-13,True,False,gs,den,105,123,22,29,23,31,0,36,29,34,24,0,home,15.5,230.0,1500.0,-3000.0,5.0,112.0,1.0,0,True
2009,2008-12-13,True,False,orl,utah,103,94,25,21,34,23,0,26,30,12,26,0,home,7.5,202.0,325.0,-400.0,1.5,101.0,0.0,0,False
2009,2008-12-13,True,False,okc,dal,99,103,28,26,26,19,0,23,27,29,24,0,home,13.0,204.5,850.0,-1300.0,10.0,103.0,0.0,0,True
2009,2008-12-13,True,False,ny,sac,114,90,43,26,24,21,0,21,24,26,19,0,home,1.5,218.5,105.0,-125.0,5.0,109.0,0.0,0,False
2009,2008-12-13,True,False,bkn,chi,104,113,31,29,20,24,0,22,28,25,38,0,home,4.5,204.5,165.0,-190.0,4.5,103.5,1.0,1,True
2009,2008-12-13,True,False,wsh,phi,89,104,20,20,25,24,0,25,26,28,25,0,home,5.5,195.5,185.0,-225.0,1.0,99.0,1.0,0,True
2009,2008-12-13,True,False,det,cha,90,86,24,27,27,12,0,13,20,23,30,0,away,1.5,184.0,-125.0,105.0,3.5,94.0,1.0,0,False
2009,2008-12-13,True,False,cle,atl,92,97,24,14,28,26,0,31,16,21,29,0,away,4.0,187.0,-170.0,150.0,4.5,94.5,0.0,1,True
2009,2008-12-13,True,False,ind,mil,103,121,24,22,37,20,0,33,31,22,35,0,home,4.0,205.0,158.0,-180.0,3.5,103.0,1.0,1,True
2009,2008-12-14,True,False,min,lal,86,98,18,19,25,24,0,20,22,27,29,0,home,15.5,210.0,1750.0,-3500.0,8.5,106.5,0.0,0,True
2009,2008-12-14,True,False,okc,sa,104,109,19,25,25,35,0,39,23,21,26,0,home,16.5,196.5,1750.0,-3500.0,3.5,98.5,0.0,1,True
2009,2008-12-14,True,False,no,tor,99,91,22,29,29,19,0,24,22,26,19,0,away,2.5,195.0,-140.0,120.0,0.5,98.0,1.0,0,False
2009,2008-12-14,True,False,mia,mem,86,102,22,24,20,20,0,25,21,35,21,0,away,2.0,193.5,-130.0,110.0,1.5,96.5,0.0,0,True
2009,2008-12-15,True,False,min,sac,103,118,26,24,17,36,0,20,33,33,32,0,home,4.5,200.0,160.0,-180.0,1.5,104.0,1.0,1,True
2009,2008-12-15,True,False,bkn,tor,94,87,20,26,17,31,0,28,18,24,17,0,home,4.5,203.5,160.0,-180.0,3.0,103.5,0.0,0,False
2009,2008-12-15,True,False,ind,wsh,118,98,33,29,25,31,0,27,21,35,15,0,home,1.0,212.0,100.0,-110.0,2.5,105.5,0.0,1,False
2009,2008-12-15,True,False,cha,atl,79,83,27,21,20,11,0,23,19,26,15,0,home,8.5,185.5,340.0,-440.0,8.0,93.0,0.0,0,True
2009,2008-12-15,True,False,mil,mia,98,83,27,29,21,21,0,18,18,29,18,0,home,3.5,197.5,140.0,-160.0,6.0,99.5,0.0,0,False
2009,2008-12-15,True,False,utah,bos,91,100,16,27,22,26,0,28,15,26,31,0,home,10.0,191.0,450.0,-600.0,7.0,97.5,0.0,2,True
2009,2008-12-15,True,False,den,dal,98,88,27,29,19,23,0,15,28,28,17,0,home,2.5,210.5,120.0,-140.0,5.5,104.5,0.0,0,False
2009,2008-12-15,True,False,ny,phx,103,111,21,30,30,22,0,32,30,29,20,0,home,8.5,226.0,330.0,-420.0,2.0,111.5,0.0,0,True
2009,2008-12-15,True,False,orl,gs,109,98,21,25,31,32,0,20,20,27,31,0,away,4.0,221.0,-170.0,150.0,0.5,109.0,1.0,0,False
2009,2008-12-16,True,False,sac,por,77,109,27,15,18,17,0,28,26,27,28,0,home,12.0,200.0,650.0,-900.0,3.5,99.5,1.0,0,True
2009,2008-12-16,True,False,den,hou,96,108,25,36,18,17,0,30,26,29,23,0,home,4.0,201.0,150.0,-170.0,4.0,98.0,1.0,1,True
2009,2008-12-16,True,False,ny,lal,114,116,37,28,23,26,0,26,24,34,32,0,home,13.0,221.0,750.0,-1050.0,12.0,110.0,0.0,1,True
2009,2008-12-16,True,False,no,mem,91,84,26,23,12,30,0,11,31,18,24,0,away,7.5,194.0,-320.0,260.0,2.5,96.5,0.0,0,False
2009,2008-12-16,True,False,chi,cha,101,110,25,20,18,31,7,16,26,25,27,16,away,3.0,188.0,-155.0,135.0,1.0,94.5,0.0,1,True
2009,2008-12-16,True,False,lac,okc,98,88,28,22,20,28,0,16,32,17,23,0,away,5.0,199.5,-200.0,170.0,2.5,97.5,1.0,0,False
2009,2008-12-17,True,False,sa,no,83,90,15,27,28,13,0,14,23,26,27,0,home,1.5,184.5,110.0,-130.0,2.5,93.5,1.0,0,True
2009,2008-12-17,True,False,cle,min,93,70,24,20,19,30,0,21,17,18,14,0,away,10.0,188.5,-650.0,475.0,4.0,94.5,1.0,0,False
2009,2008-12-17,True,False,lac,chi,109,115,26,21,33,26,3,26,30,21,29,9,home,2.0,194.5,110.0,-130.0,2.0,96.0,1.0,1,True
2009,2008-12-17,True,False,wsh,det,74,88,21,13,24,16,0,23,21,17,27,0,home,9.5,200.0,450.0,-600.0,2.5,100.5,1.0,0,True
2009,2008-12-17,True,False,bos,atl,88,85,22,20,17,29,0,21,22,19,23,0,away,4.5,186.5,-170.0,150.0,3.5,93.0,0.0,0,False
2009,2008-12-17,True,False,dal,tor,96,86,21,23,25,27,0,33,16,14,23,0,away,2.5,198.0,-140.0,120.0,2.5,97.0,1.0,0,False
2009,2008-12-17,True,False,gs,ind,120,127,29,33,31,27,0,40,28,27,32,0,home,6.0,226.5,220.0,-260.0,1.5,111.5,1.0,1,True
2009,2008-12-17,True,False,mil,phi,88,93,26,27,20,15,0,24,22,21,26,0,home,3.5,193.0,145.0,-165.0,3.5,96.0,1.0,0,True
2009,2008-12-17,True,False,utah,bkn,103,92,7,24,32,40,0,27,12,30,23,0,away,2.5,199.0,-135.0,115.0,3.5,103.0,1.0,0,False
2009,2008-12-18,True,False,sa,orl,78,90,13,16,23,26,0,19,25,21,25,0,home,2.5,192.0,120.0,-140.0,3.5,98.5,1.0,0,True
2009,2008-12-18,True,False,phx,por,119,124,28,38,27,26,0,31,28,39,26,0,home,4.5,203.5,160.0,-180.0,3.5,104.5,1.0,1,True
2009,2008-12-19,True,False,cle,den,105,88,37,27,20,21,0,21,32,12,23,0,home,2.0,197.0,110.0,-130.0,4.5,101.5,0.0,0,False
2009,2008-12-19,True,False,sac,hou,96,107,33,22,18,23,0,30,25,27,25,0,home,13.0,204.5,1000.0,-1400.0,8.5,103.0,0.0,0,True
2009,2008-12-19,True,False,tor,okc,83,91,17,19,23,24,0,26,20,22,23,0,away,6.0,199.5,-250.0,210.0,5.5,99.0,0.0,0,True
2009,2008-12-19,True,False,lal,mia,87,89,26,20,17,24,0,26,20,29,14,0,away,8.0,203.0,-380.0,310.0,5.5,100.5,0.0,0,True
2009,2008-12-19,True,False,cha,mem,112,83,36,22,28,26,0,26,18,16,23,0,home,4.0,182.5,145.0,-165.0,6.0,91.5,0.0,1,False
2009,2008-12-19,True,False,utah,det,120,114,19,24,26,29,22,29,19,22,28,16,home,3.5,191.0,140.0,-160.0,1.0,99.0,0.0,1,False
2009,2008-12-19,True,False,mil,ny,105,81,24,29,30,22,0,15,22,26,18,0,home,5.0,216.0,165.0,-190.0,7.0,106.5,0.0,0,False
2009,2008-12-19,True,False,dal,bkn,97,121,30,21,26,20,0,33,31,26,31,0,away,3.5,199.0,-160.0,140.0,5.5,100.5,0.0,1,True
2009,2008-12-19,True,False,chi,bos,108,126,21,34,27,26,0,31,26,41,28,0,home,12.0,196.0,675.0,-950.0,7.5,97.5,1.0,1,True
2009,2008-12-19,True,False,gs,atl,99,115,21,33,27,18,0,31,21,27,36,0,home,11.0,217.0,500.0,-700.0,8.0,106.5,1.0,0,True
2009,2008-12-19,True,False,phi,wsh,109,103,27,29,28,25,0,28,29,29,17,0,away,1.5,194.0,-117.0,107.0,1.0,99.0,1.0,1,False
2009,2008-12-19,True,False,lac,ind,117,109,18,30,22,27,20,25,24,20,28,12,away,3.5,202.5,-160.0,140.0,3.5,98.5,1.0,1,False
2009,2008-12-20,True,False,den,phx,101,108,28,30,24,19,0,29,29,27,23,0,home,6.0,222.0,200.0,-240.0,4.0,108.5,1.0,0,True
2009,2008-12-20,True,False,tor,sa,97,107,25,23,25,24,0,20,36,28,23,0,home,10.0,185.0,400.0,-600.0,3.0,92.5,2.0,1,True
2009,2008-12-20,True,False,lac,mil,85,119,15,17,26,27,0,37,25,31,26,0,home,5.5,193.0,200.0,-240.0,4.0,94.5,1.0,1,True
2009,2008-12-20,True,False,utah,chi,98,106,29,23,27,19,0,27,24,27,28,0,away,2.5,203.5,-140.0,120.0,1.0,106.5,0.0,1,True
2009,2008-12-20,True,False,hou,min,109,102,30,30,22,27,0,32,19,20,31,0,away,5.0,192.0,-240.0,200.0,0.0,95.0,1.0,1,False
2009,2008-12-20,True,False,sac,no,90,99,21,25,17,27,0,29,17,26,27,0,home,15.5,196.0,1500.0,-3000.0,9.5,97.0,0.0,0,True
2009,2008-12-20,True,False,ind,phi,95,94,16,28,25,26,0,29,19,25,21,0,home,10.5,201.0,500.0,-700.0,5.0,98.0,0.0,0,False
2009,2008-12-20,True,False,lal,orl,103,106,24,34,26,19,0,23,26,36,21,0,away,1.5,206.0,-125.0,105.0,2.0,103.5,0.0,1,True
2009,2008-12-20,True,False,gs,cha,110,103,27,29,31,23,0,29,27,23,24,0,home,6.0,207.5,220.0,-260.0,4.0,103.0,0.0,1,False
2009,2008-12-20,True,False,mia,bkn,106,103,27,35,18,26,0,29,27,21,26,0,home,5.0,195.0,165.0,-185.0,4.0,99.0,0.0,1,False
2009,2008-12-21,True,False,det,atl,78,85,25,16,22,15,0,22,30,17,16,0,home,4.5,187.0,170.0,-200.0,1.5,94.5,1.0,0,True
2009,2008-12-21,True,False,ny,bos,105,124,21,37,29,18,0,40,26,32,26,0,home,13.0,208.5,950.0,-1500.0,5.0,105.0,1.0,1,True
2009,2008-12-21,True,False,dal,wsh,97,86,22,20,28,27,0,21,23,24,18,0,away,6.5,201.0,-260.0,220.0,5.0,99.5,1.0,0,False
2009,2008-12-21,True,False,cle,okc,102,91,27,25,30,20,0,25,22,25,19,0,away,13.0,194.5,-1500.0,950.0,6.5,97.5,0.0,0,False
2009,2008-12-22,True,False,hou,bkn,114,91,29,32,25,28,0,13,27,25,26,0,away,6.5,198.0,-240.0,200.0,2.5,97.0,1.0,1,False
2009,2008-12-22,True,False,gs,orl,81,113,16,29,21,15,0,25,28,34,26,0,home,11.5,220.0,700.0,-1000.0,4.0,108.0,1.0,0,True
2009,2008-12-22,True,False,lal,mem,105,96,25,24,28,28,0,25,32,23,16,0,away,12.0,206.5,-1000.0,700.0,11.0,104.0,0.0,0,False
2009,2008-12-22,True,False,sac,sa,85,101,22,23,16,24,0,33,29,18,21,0,home,13.0,197.0,900.0,-1400.0,2.5,97.5,1.0,0,True
2009,2008-12-22,True,False,por,den,89,97,27,20,28,14,0,29,24,25,19,0,home,3.0,199.0,130.0,-150.0,1.0,100.0,1.0,0,True
2009,2008-12-22,True,False,tor,lac,97,75,25,26,18,28,0,18,14,28,15,0,away,1.0,189.5,-125.0,105.0,3.5,95.0,1.0,0,False
2009,2008-12-23,True,False,utah,mil,86,94,18,20,26,22,0,26,24,19,25,0,home,2.5,196.5,120.0,-140.0,2.5,102.5,1.0,0,True
2009,2008-12-23,True,False,den,por,92,101,25,17,24,26,0,25,22,20,34,0,home,8.0,196.0,320.0,-400.0,3.5,95.5,1.0,0,True
2009,2008-12-23,True,False,chi,det,98,104,19,26,24,29,0,32,26,22,24,0,home,7.0,200.0,250.0,-300.0,0.0,100.5,0.0,1,True
2009,2008-12-23,True,False,min,sa,93,99,21,19,27,26,0,30,18,35,16,0,home,12.0,192.5,800.0,-1200.0,4.5,99.5,0.0,0,True
2009,2008-12-23,True,False,mem,dal,82,100,12,20,28,22,0,22,20,28,30,0,home,10.5,198.5,600.0,-900.0,3.5,100.5,1.0,0,True
2009,2008-12-23,True,False,lal,no,100,87,24,32,24,20,0,20,17,27,23,0,home,2.0,195.5,120.0,-140.0,5.5,97.0,0.0,0,False
2009,2008-12-23,True,False,hou,cle,90,99,23,24,19,24,0,26,21,26,26,0,home,7.5,186.5,280.0,-340.0,4.5,91.5,1.0,1,True
2009,2008-12-23,True,False,phi,bos,91,110,25,19,22,25,0,29,29,20,32,0,home,13.0,191.5,900.0,-1400.0,3.0,95.0,1.0,1,True
2009,2008-12-23,True,False,wsh,cha,72,80,18,18,17,19,0,26,10,19,25,0,home,5.5,189.0,220.0,-260.0,4.0,96.0,1.0,0,True
2009,2008-12-23,True,False,bkn,ind,108,107,30,26,27,25,0,30,27,24,26,0,home,3.0,209.5,135.0,-155.0,1.5,105.5,0.0,1,False
2009,2008-12-23,True,False,okc,atl,88,99,24,19,25,20,0,23,22,24,30,0,home,12.0,193.0,700.0,-1000.0,6.5,97.0,0.0,0,True
2009,2008-12-23,True,False,gs,mia,88,96,24,17,15,32,0,21,26,20,29,0,home,10.0,212.5,400.0,-600.0,4.0,103.0,0.0,0,True
2009,2008-12-25,True,False,no,orl,68,88,14,17,24,13,0,29,32,13,14,0,home,5.0,190.0,175.0,-210.0,5.0,96.0,1.0,0,True
2009,2008-12-25,True,False,sa,phx,91,90,18,21,32,20,0,27,18,31,14,0,home,2.5,201.0,125.0,-145.0,0.5,102.5,0.0,0,False
2009,2008-12-25,True,False,bos,lal,83,92,24,21,22,16,0,23,28,20,21,0,home,2.0,202.0,110.0,-130.0,1.0,101.5,1.0,0,True
2009,2008-12-25,True,False,wsh,cle,89,93,25,22,24,18,0,22,27,19,25,0,home,16.0,194.5,1500.0,-2600.0,10.0,99.5,0.0,0,True
2009,2008-12-25,True,False,dal,por,102,94,33,26,18,25,0,29,26,25,14,0,home,5.0,192.0,175.0,-210.0,4.5,97.5,0.0,1,False
2009,2008-12-26,True,False,bos,gs,89,99,29,22,21,17,0,19,20,25,35,0,away,11.5,210.0,-900.0,650.0,3.0,104.0,0.0,0,True
2009,2008-12-26,True,False,phi,den,101,105,21,31,27,22,0,21,28,19,37,0,home,6.5,197.0,240.0,-280.0,6.0,98.5,0.0,1,True
2009,2008-12-26,True,False,dal,utah,88,97,24,20,20,24,0,25,28,23,21,0,home,2.0,194.5,110.0,-130.0,1.5,96.0,1.0,0,True
2009,2008-12-26,True,False,okc,det,88,90,17,27,19,25,0,19,27,20,24,0,home,11.0,195.0,550.0,-750.0,6.5,99.5,0.0,0,True
2009,2008-12-26,True,False,tor,sac,107,101,30,21,34,22,0,26,30,26,19,0,away,3.5,197.0,-155.0,135.0,3.0,98.5,1.0,1,False
2009,2008-12-26,True,False,ind,mem,105,108,36,32,19,18,0,23,36,27,22,0,home,1.0,204.5,110.0,-130.0,3.5,101.5,1.0,1,True
2009,2008-12-26,True,False,cha,bkn,95,87,23,27,23,22,0,21,20,24,22,0,home,4.5,191.0,165.0,-190.0,4.5,95.5,0.0,0,False
2009,2008-12-26,True,False,min,ny,120,107,25,38,31,26,0,30,25,20,32,0,home,8.0,215.0,290.0,-350.0,7.0,111.5,0.0,1,False
2009,2008-12-26,True,False,chi,mia,77,90,21,24,19,13,0,18,22,24,26,0,home,5.5,196.5,200.0,-240.0,4.0,98.0,1.0,0,True
2009,2008-12-26,True,False,hou,no,79,88,18,26,20,15,0,23,23,20,22,0,home,2.5,184.5,125.0,-145.0,0.5,91.5,1.0,0,True
2009,2008-12-27,True,False,tor,por,89,102,28,29,10,22,0,26,23,20,33,0,home,8.0,190.5,310.0,-380.0,5.5,95.0,1.0,1,True
2009,2008-12-27,True,False,utah,hou,115,120,24,19,27,26,19,34,22,24,16,24,home,9.0,191.0,350.0,-500.0,1.0,97.0,0.0,1,True
2009,2008-12-27,True,False,det,mil,87,76,27,19,27,14,0,21,23,11,21,0,home,6.0,189.5,200.0,-240.0,5.0,95.5,0.0,0,False
2009,2008-12-27,True,False,mem,sa,103,106,18,31,17,24,13,23,19,24,24,16,home,13.0,191.0,900.0,-1500.0,11.0,98.0,0.0,1,True
2009,2008-12-27,True,False,bkn,cha,114,103,22,25,25,24,18,26,21,19,30,7,home,2.0,188.5,110.0,-130.0,0.0,97.0,0.0,1,False
2009,2008-12-27,True,False,okc,wsh,95,104,31,23,22,19,0,33,23,20,28,0,home,6.0,195.5,210.0,-250.0,3.0,99.5,1.0,1,True
2009,2008-12-27,True,False,chi,atl,117,129,35,28,32,22,0,32,36,30,31,0,home,10.0,193.0,400.0,-600.0,4.0,97.5,1.0,1,True
2009,2008-12-27,True,False,orl,min,118,94,31,22,26,39,0,22,33,19,20,0,away,10.0,194.0,-600.0,400.0,7.0,96.5,1.0,1,False
2009,2008-12-28,True,False,den,ny,117,110,27,39,27,24,0,27,29,33,21,0,away,4.5,220.5,-185.0,160.0,0.5,108.5,1.0,1,False
2009,2008-12-28,True,False,dal,lac,98,76,24,21,31,22,0,13,21,27,15,0,away,1.0,184.5,-120.0,100.0,3.0,90.5,1.0,0,False
2009,2008-12-28,True,False,mia,cle,86,93,22,20,25,19,0,22,22,14,35,0,home,11.0,187.0,600.0,-800.0,7.0,92.5,0.0,0,True
2009,2008-12-28,True,False,no,ind,105,103,27,22,27,29,0,29,27,19,28,0,away,6.0,194.5,-240.0,200.0,4.5,97.0,0.0,1,False
2009,2008-12-28,True,False,bos,sac,108,63,23,36,25,24,0,17,17,14,15,0,away,12.5,196.5,-1200.0,850.0,0.5,97.0,1.0,0,False
2009,2008-12-28,True,False,gs,lal,113,130,27,31,27,28,0,34,31,37,28,0,home,14.5,218.0,1200.0,-1800.0,7.5,107.5,1.0,1,True
2009,2008-12-29,True,False,phi,utah,95,112,20,23,21,31,0,24,27,28,33,0,home,6.5,193.5,240.0,-280.0,1.5,96.5,1.0,1,True
2009,2008-12-29,True,False,tor,gs,111,117,29,23,27,32,0,28,32,26,31,0,away,1.5,210.5,-125.0,105.0,3.5,106.5,0.0,1,True
2009,2008-12-29,True,False,mem,min,98,108,19,20,26,24,9,24,8,29,28,19,home,2.0,196.0,115.0,-135.0,3.5,99.5,1.0,1,True
2009,2008-12-29,True,False,wsh,hou,89,87,21,24,27,17,0,22,14,26,25,0,home,14.0,190.5,1000.0,-1600.0,11.5,95.5,0.0,0,False
2009,2008-12-29,True,False,orl,det,82,88,19,24,23,16,0,24,28,18,18,0,away,3.5,185.0,-165.0,145.0,4.0,93.0,0.0,0,True
2009,2008-12-29,True,False,phx,okc,110,102,34,26,32,18,0,34,21,32,15,0,away,9.5,210.5,-600.0,400.0,3.0,103.5,0.0,1,False
2009,2008-12-29,True,False,chi,bkn,100,87,32,22,16,30,0,20,29,23,15,0,home,4.5,209.5,170.0,-200.0,4.0,104.5,0.0,0,False
2009,2008-12-29,True,False,den,atl,91,109,24,29,18,20,0,29,25,24,31,0,home,5.0,199.0,175.0,-210.0,3.0,95.5,1.0,1,True
2009,2008-12-30,True,False,ny,cha,93,89,36,20,18,19,0,25,23,20,21,0,home,4.5,205.0,165.0,-190.0,4.5,103.0,0.0,0,False
2009,2008-12-30,True,False,atl,ind,110,104,26,24,35,25,0,25,21,37,21,0,home,1.0,206.0,-110.0,-110.0,1.5,103.5,0.0,1,False
2009,2008-12-30,True,False,cle,mia,95,104,19,15,33,28,0,26,24,24,30,0,away,5.5,183.0,-220.0,180.0,7.0,91.5,0.0,1,True
2009,2008-12-30,True,False,wsh,no,85,97,17,29,17,22,0,25,21,22,29,0,home,14.5,183.5,1075.0,-1650.0,8.5,93.0,0.0,0,True
2009,2008-12-30,True,False,phx,mem,101,89,21,25,24,31,0,27,22,29,11,0,away,4.0,202.5,-175.0,155.0,4.5,100.0,1.0,0,False
2009,2008-12-30,True,False,mil,sa,100,98,31,20,29,20,0,26,23,25,24,0,home,7.5,187.0,295.0,-355.0,6.5,94.5,0.0,1,False
2009,2008-12-30,True,False,min,dal,100,107,27,35,22,16,0,20,20,33,34,0,home,13.5,196.5,975.0,-1375.0,13.0,102.0,0.0,1,True
2009,2008-12-30,True,False,lac,sac,90,92,12,29,32,17,0,27,22,23,20,0,home,3.0,194.0,130.0,-150.0,1.0,96.5,0.0,0,True
2009,2008-12-30,True,False,bos,por,86,91,23,22,19,22,0,13,27,24,27,0,away,6.5,183.0,-260.0,220.0,2.5,90.5,0.0,0,True
2009,2008-12-31,True,False,gs,okc,100,107,28,27,15,30,0,22,29,27,29,0,away,2.0,219.5,-130.0,110.0,0.0,108.0,0.0,0,True
2009,2008-12-31,True,False,den,tor,114,107,29,24,32,29,0,31,19,27,30,0,away,3.0,200.0,-155.0,135.0,0.5,96.5,1.0,1,False
2009,2008-12-31,True,False,phi,lac,100,92,26,24,19,31,0,27,20,18,27,0,away,3.5,186.5,-165.0,145.0,1.0,93.5,1.0,1,False
2009,2008-12-31,True,False,bkn,det,75,83,18,11,23,23,0,22,18,22,21,0,home,7.0,188.0,250.0,-300.0,1.0,91.0,1.0,0,True
2009,2008-12-31,True,False,orl,chi,113,94,33,32,23,25,0,17,21,22,34,0,away,5.5,201.5,-230.0,190.0,3.5,98.0,1.0,1,False
2009,2008-12-31,True,False,mil,hou,81,85,22,14,24,21,0,27,20,18,20,0,home,8.0,189.5,318.0,-385.0,1.5,93.5,0.0,0,True
2009,2009-01-02,True,False,utah,lal,100,113,20,23,23,34,0,37,20,24,32,0,home,10.0,209.5,400.0,-600.0,2.0,107.0,1.0,1,True
2009,2009-01-02,True,False,no,por,92,77,21,24,16,31,0,16,27,18,16,0,away,1.5,180.5,-125.0,105.0,0.5,90.0,1.0,0,False
2009,2009-01-02,True,False,lac,phx,98,106,15,34,23,26,0,33,29,21,23,0,home,13.5,199.5,1000.0,-1600.0,3.5,98.5,0.0,1,True
2009,2009-01-02,True,False,cha,mil,75,103,25,19,13,18,0,29,27,20,27,0,home,6.5,182.5,240.0,-280.0,0.5,92.0,1.0,0,True
2009,2009-01-02,True,False,phi,dal,86,96,20,24,22,20,0,16,24,24,32,0,home,8.0,195.5,310.0,-380.0,7.0,97.0,1.0,0,True
2009,2009-01-02,True,False,sa,mem,91,80,28,16,23,24,0,20,20,16,24,0,away,8.0,185.5,-360.0,300.0,3.5,94.5,1.0,0,False
2009,2009-01-02,True,False,sac,det,92,98,18,26,22,26,0,29,16,28,25,0,home,9.0,187.5,325.0,-450.0,5.0,94.0,0.0,1,True
2009,2009-01-02,True,False,den,okc,122,120,32,21,36,33,0,26,38,32,24,0,away,8.5,206.5,-400.0,320.0,7.5,100.5,0.0,1,False
2009,2009-01-02,True,False,atl,bkn,91,93,21,28,20,16,6,16,13,32,24,8,away,4.5,197.5,-175.0,155.0,2.5,100.0,0.0,0,True
2009,2009-01-02,True,False,chi,cle,92,117,17,30,25,20,0,32,29,28,28,0,home,12.0,197.0,700.0,-1000.0,2.5,97.5,1.0,1,True
2009,2009-01-02,True,False,ind,ny,105,103,27,26,30,22,0,23,21,33,26,0,home,2.5,227.0,120.0,-140.0,3.5,111.0,0.0,0,False
2009,2009-01-02,True,False,wsh,bos,83,108,14,20,21,28,0,28,30,28,22,0,home,14.0,189.5,1000.0,-1800.0,2.5,96.0,1.0,1,True
2009,2009-01-02,True,False,mia,orl,76,86,21,23,21,11,0,24,21,22,19,0,home,8.5,190.0,320.0,-400.0,5.0,94.5,1.0,0,True
2009,2009-01-02,True,False,hou,tor,73,94,14,24,11,24,0,25,23,20,26,0,away,5.0,190.5,-210.0,175.0,5.0,93.5,0.0,0,True
2009,2009-01-02,True,False,gs,min,108,115,26,31,27,24,0,32,26,33,24,0,home,2.5,217.0,115.0,-135.0,1.0,107.5,1.0,1,True
2009,2009-01-03,True,False,min,chi,102,92,18,27,27,30,0,17,21,27,27,0,home,7.0,206.5,240.0,-280.0,7.0,105.0,0.0,0,False
2009,2009-01-03,True,False,no,den,100,105,23,17,31,29,0,28,30,25,22,0,home,4.0,199.0,150.0,-170.0,3.0,99.5,1.0,1,True
2009,2009-01-03,True,False,bkn,mia,96,101,27,19,17,22,11,14,24,23,24,16,home,8.5,184.5,310.0,-380.0,7.0,93.5,0.0,1,True
2009,2009-01-03,True,False,phi,sa,106,108,19,31,31,25,0,40,26,18,24,0,home,9.0,187.0,400.0,-600.0,0.5,94.0,0.0,1,True
2009,2009-01-03,True,False,hou,atl,100,103,27,19,31,23,0,22,32,25,24,0,home,5.5,183.0,200.0,-240.0,0.5,90.5,0.0,1,True
2009,2009-01-03,True,False,sac,ind,117,122,37,30,22,28,0,33,35,21,33,0,home,7.5,215.5,280.0,-340.0,4.0,108.5,0.0,1,True
2009,2009-01-03,True,False,mil,cha,92,102,22,20,21,29,0,21,30,25,26,0,home,1.0,181.0,100.0,-120.0,2.5,91.5,1.0,1,True
2009,2009-01-04,True,False,bos,ny,88,100,24,29,15,20,0,25,25,28,22,0,away,10.0,207.0,-600.0,450.0,5.0,103.0,0.0,0,True
2009,2009-01-04,True,False,dal,mem,82,102,25,20,23,14,0,35,15,26,26,0,away,5.5,189.0,-270.0,230.0,6.0,94.0,0.0,0,True
2009,2009-01-04,True,False,por,lal,86,100,25,25,16,20,0,19,32,30,19,0,home,11.0,200.0,650.0,-900.0,7.0,102.0,1.0,0,True
2009,2009-01-04,True,False,cle,wsh,77,80,23,20,11,23,0,26,21,21,12,0,away,8.5,189.0,-450.0,350.0,7.5,95.0,0.0,0,True
2009,2009-01-04,True,False,orl,tor,102,108,22,27,29,24,0,34,22,21,31,0,away,8.0,187.5,-350.0,290.0,8.0,94.0,0.0,1,True
2009,2009-01-04,True,False,det,lac,88,87,23,29,15,21,0,22,32,12,21,0,away,6.0,174.0,-260.0,220.0,5.0,89.0,0.0,1,False
2009,2009-01-05,True,False,sa,mia,91,84,21,18,26,26,0,15,24,21,24,0,away,3.5,182.0,-155.0,135.0,2.5,93.5,1.0,0,False
2009,2009-01-05,True,False,sac,bkn,90,98,18,37,19,16,0,23,20,29,26,0,home,5.0,202.0,180.0,-220.0,5.5,102.0,1.0,0,True
2009,2009-01-05,True,False,tor,mil,97,107,27,21,23,26,0,19,26,29,33,0,home,8.5,191.0,325.0,-400.0,6.5,96.0,1.0,1,True
2009,2009-01-05,True,False,gs,utah,114,119,29,30,32,23,0,28,37,29,25,0,home,10.5,220.5,450.0,-600.0,6.0,108.0,0.0,1,True
2009,2009-01-05,True,False,ind,den,115,135,28,42,22,23,0,40,34,23,38,0,home,9.0,221.0,400.0,-500.0,5.0,110.0,1.0,1,True
2009,2009-01-06,True,False,lac,dal,102,107,24,30,30,18,0,37,27,23,20,0,home,12.0,185.0,800.0,-1200.0,3.5,91.5,0.0,1,True
2009,2009-01-06,True,False,no,lal,116,105,32,29,28,27,0,26,30,36,13,0,home,7.0,196.5,260.0,-320.0,8.0,100.0,0.0,1,False
2009,2009-01-06,True,False,ny,okc,99,107,23,27,29,20,0,35,28,28,16,0,away,2.0,214.0,-130.0,110.0,4.0,105.0,0.0,0,True
2009,2009-01-06,True,False,sac,chi,94,99,23,19,25,27,0,22,27,26,24,0,home,9.0,212.0,325.0,-450.0,3.5,104.5,0.0,0,True
2009,2009-01-06,True,False,wsh,orl,80,89,24,6,33,17,0,30,16,24,19,0,home,12.5,193.0,850.0,-1300.0,2.0,97.5,0.0,0,True
2009,2009-01-06,True,False,hou,phi,96,104,27,28,16,25,0,24,29,26,25,0,away,3.0,189.0,-155.0,135.0,1.0,93.0,0.0,1,True
2009,2009-01-06,True,False,bos,cha,106,114,23,24,25,25,9,28,25,19,25,17,away,9.5,179.0,-600.0,400.0,9.5,90.5,0.0,1,True
2009,2009-01-06,True,False,min,mem,94,87,31,14,27,22,0,23,16,29,19,0,home,3.5,196.0,150.0,-170.0,3.5,103.0,0.0,0,False
2009,2009-01-07,True,False,lal,gs,114,106,28,28,21,37,0,20,31,29,26,0,away,9.0,225.5,-450.0,325.0,4.0,112.0,0.0,0,False
2009,2009-01-07,True,False,det,por,83,84,26,23,19,15,0,20,22,23,19,0,home,2.5,177.0,120.0,-140.0,4.0,88.0,0.0,0,True
2009,2009-01-07,True,False,no,utah,90,116,33,13,18,26,0,29,29,26,32,0,home,4.0,192.5,165.0,-185.0,1.5,97.0,1.0,1,True
2009,2009-01-07,True,False,mia,den,97,108,21,27,24,25,0,27,32,24,25,0,home,5.5,198.0,200.0,-240.0,1.0,97.0,1.0,1,True
2009,2009-01-07,True,False,okc,min,87,129,24,19,23,21,0,42,30,26,31,0,home,5.5,202.5,200.0,-240.0,4.0,103.5,1.0,1,True
2009,2009-01-07,True,False,ind,phx,113,110,28,33,34,18,0,21,36,29,24,0,home,8.5,223.5,350.0,-500.0,6.5,110.5,0.0,0,False
2009,2009-01-07,True,False,mem,bkn,89,100,18,24,29,18,0,32,23,26,19,0,home,4.0,187.0,150.0,-170.0,2.0,97.5,1.0,1,True
2009,2009-01-07,True,False,hou,bos,89,85,22,30,19,18,0,31,18,25,11,0,home,10.0,184.5,400.0,-600.0,7.5,90.0,0.0,0,False
2009,2009-01-07,True,False,tor,wsh,99,93,27,23,23,26,0,16,22,22,33,0,home,2.5,191.5,130.0,-150.0,5.0,96.0,0.0,1,False
2009,2009-01-07,True,False,orl,atl,106,102,29,31,26,20,0,24,21,25,32,0,home,2.5,191.0,120.0,-140.0,5.0,96.5,0.0,1,False
2009,2009-01-07,True,False,cha,cle,81,111,12,30,14,25,0,29,31,24,27,0,home,14.0,182.5,1100.0,-1800.0,2.5,90.5,1.0,1,True
2009,2009-01-07,True,False,phi,mil,110,105,30,25,24,31,0,25,34,26,20,0,home,7.0,196.0,250.0,-300.0,3.0,99.0,0.0,1,False
2009,2009-01-08,True,False,lac,sa,84,106,22,22,25,15,0,16,27,32,31,0,home,13.0,181.5,1000.0,-1500.0,8.5,89.0,1.0,1,True
2009,2009-01-08,True,False,ny,dal,94,99,29,30,19,16,0,27,27,26,19,0,home,8.0,212.0,305.0,-365.0,7.5,104.5,0.0,0,True
2009,2009-01-09,True,False,wsh,chi,86,98,16,18,23,29,0,30,22,19,27,0,home,4.5,196.5,170.0,-200.0,2.5,99.5,1.0,0,True
2009,2009-01-09,True,False,ind,lal,119,121,36,30,18,35,0,41,27,28,25,0,home,14.0,224.5,1250.0,-2500.0,8.5,111.5,0.0,1,True
2009,2009-01-09,True,False,dal,phx,100,128,31,27,19,23,0,29,35,40,24,0,home,7.0,211.5,250.0,-300.0,2.0,105.5,1.0,1,True
2009,2009-01-09,True,False,det,den,93,90,17,21,23,32,0,25,23,19,23,0,home,5.0,193.0,175.0,-210.0,0.5,95.0,0.0,0,False
2009,2009-01-09,True,False,bkn,mil,102,104,28,21,26,27,0,28,33,18,25,0,home,7.0,191.0,250.0,-300.0,1.0,97.5,0.0,1,True
2009,2009-01-09,True,False,mia,sac,119,115,25,33,16,30,15,30,32,20,22,11,away,3.0,193.5,-155.0,135.0,1.5,96.5,1.0,1,False
2009,2009-01-09,True,False,hou,okc,98,96,24,29,24,21,0,24,16,32,24,0,away,6.0,196.5,-260.0,220.0,0.5,96.5,0.0,0,False
2009,2009-01-09,True,False,mem,tor,82,103,19,25,17,21,0,23,24,25,31,0,home,5.5,190.0,195.0,-235.0,2.0,98.5,1.0,0,True
2009,2009-01-09,True,False,atl,orl,87,121,18,15,27,27,0,41,30,32,18,0,home,5.0,192.0,180.0,-220.0,4.0,98.5,1.0,1,True
2009,2009-01-09,True,False,lac,no,80,107,23,26,18,13,0,32,30,25,20,0,home,15.5,184.5,1500.0,-3500.0,5.0,92.0,1.0,1,True
2009,2009-01-09,True,False,bos,cle,83,98,23,17,20,23,0,33,16,23,26,0,home,4.0,182.5,155.0,-175.0,1.0,91.0,1.0,0,True
2009,2009-01-09,True,False,cha,phi,87,93,27,18,20,22,0,24,19,31,19,0,home,6.0,191.0,220.0,-260.0,5.0,93.0,2.0,0,True
2009,2009-01-10,True,False,cha,wsh,92,89,23,22,24,23,0,31,18,21,19,0,home,3.5,181.0,155.0,-175.0,1.0,90.5,0.0,2,False
2009,2009-01-10,True,False,mil,min,104,106,28,32,23,21,0,19,32,27,28,0,home,1.5,199.5,105.0,-125.0,2.5,100.5,1.0,1,True
2009,2009-01-10,True,False,ny,hou,76,96,24,21,14,17,0,26,20,31,19,0,home,5.5,204.5,190.0,-230.0,3.0,99.0,1.0,0,True
2009,2009-01-10,True,False,okc,chi,109,98,31,23,22,18,15,29,22,23,20,4,home,8.5,206.0,320.0,-400.0,7.0,104.0,0.0,1,False
2009,2009-01-10,True,False,det,utah,82,99,21,26,17,18,0,32,25,22,20,0,home,8.0,186.0,315.0,-385.0,1.0,95.0,1.0,0,True
2009,2009-01-10,True,False,gs,por,100,113,25,24,21,30,0,16,39,28,30,0,home,11.5,210.5,700.0,-1000.0,6.5,104.0,1.0,1,True
2009,2009-01-11,True,False,mia,lal,105,108,21,30,22,32,0,26,24,27,31,0,home,10.5,203.5,550.0,-725.0,7.5,100.5,0.0,1,True
2009,2009-01-11,True,False,dal,sac,95,102,27,28,23,17,0,29,20,28,25,0,away,2.5,201.5,-135.0,115.0,0.5,99.5,0.0,0,True
2009,2009-01-11,True,False,ind,gs,117,120,32,29,24,32,0,23,32,31,34,0,away,2.0,234.0,-125.0,105.0,1.0,115.5,0.0,1,True
2009,2009-01-11,True,False,bos,tor,94,88,32,22,21,19,0,20,21,14,33,0,away,5.5,188.5,-220.0,180.0,1.5,94.0,1.0,0,False
2009,2009-01-11,True,False,phx,lac,109,103,31,28,27,23,0,25,28,20,30,0,away,9.0,202.0,-535.0,420.0,3.0,100.0,0.0,1,False
2009,2009-01-11,True,False,phi,atl,109,94,30,29,24,26,0,30,22,26,16,0,home,5.5,197.5,185.0,-225.0,5.0,99.0,0.0,1,False
2009,2009-01-11,True,False,orl,sa,105,98,34,21,19,31,0,28,22,22,26,0,home,3.0,187.5,130.0,-150.0,3.0,93.0,0.0,1,False
2009,2009-01-12,True,False,ind,utah,113,120,32,31,24,26,0,36,34,26,24,0,home,10.0,221.0,350.0,-500.0,4.0,108.0,0.0,1,True
2009,2009-01-12,True,False,ny,no,101,95,23,24,22,32,0,23,17,23,32,0,home,11.5,203.5,600.0,-800.0,10.5,99.5,0.0,0,False
2009,2009-01-12,True,False,por,chi,109,95,21,28,28,32,0,28,17,21,29,0,away,2.0,193.5,-130.0,110.0,0.0,98.0,1.0,1,False
2009,2009-01-12,True,False,tor,bos,109,115,23,31,24,15,16,19,26,29,19,22,home,10.0,187.0,400.0,-600.0,6.5,93.5,0.0,1,True
2009,2009-01-12,True,False,okc,bkn,99,103,25,26,14,23,11,25,19,23,21,15,home,7.0,203.0,250.0,-300.0,4.5,102.0,0.0,0,True
2009,2009-01-12,True,False,mil,wsh,97,91,25,16,28,28,0,19,33,22,17,0,away,3.0,193.0,-150.0,130.0,3.5,97.5,1.0,0,False
2009,2009-01-13,True,False,cha,det,80,78,25,16,21,18,0,27,21,20,10,0,home,7.0,175.5,250.0,-300.0,2.0,87.0,0.0,0,False
2009,2009-01-13,True,False,cle,mem,102,87,26,21,29,26,0,20,24,22,21,0,away,8.0,185.5,-380.0,310.0,4.0,93.0,1.0,1,False
2009,2009-01-13,True,False,mia,min,99,96,20,26,27,26,0,21,31,24,20,0,away,1.0,195.0,-120.0,100.0,1.5,98.0,1.0,2,False
2009,2009-01-13,True,False,lal,hou,105,100,25,29,24,27,0,26,28,28,18,0,away,4.0,195.5,-190.0,170.0,3.0,97.0,1.0,1,False
2009,2009-01-13,True,False,atl,phx,102,107,16,30,29,27,0,31,19,31,26,0,home,7.5,214.0,280.0,-340.0,3.5,108.5,0.0,0,True
2009,2009-01-13,True,False,dal,den,97,99,26,21,25,25,0,33,27,18,21,0,home,6.0,206.0,210.0,-250.0,1.0,102.5,0.0,0,True
2009,2009-01-13,True,False,orl,sac,139,107,41,34,32,32,0,29,27,29,22,0,away,7.5,205.5,-340.0,280.0,2.5,102.5,1.0,1,False
2009,2009-01-14,True,False,det,ind,106,110,29,19,26,19,13,31,22,21,19,17,home,2.0,201.5,125.0,-145.0,0.0,100.5,1.0,1,True
2009,2009-01-14,True,False,sac,gs,135,133,31,26,28,20,30,20,28,29,28,28,home,5.0,227.0,175.0,-210.0,5.5,112.5,0.0,1,False
2009,2009-01-14,True,False,lal,sa,111,112,29,32,26,24,0,30,33,32,17,0,home,2.5,200.0,130.0,-150.0,1.0,100.5,0.0,1,True
2009,2009-01-14,True,False,no,dal,104,97,26,25,28,25,0,30,26,23,18,0,away,4.5,189.0,-190.0,160.0,2.5,95.5,1.0,1,False
2009,2009-01-14,True,False,mia,mil,102,99,28,27,25,22,0,24,31,18,26,0,home,6.0,194.0,210.0,-250.0,3.5,98.0,0.0,1,False
2009,2009-01-14,True,False,chi,tor,102,98,27,20,21,34,0,18,30,23,27,0,home,4.5,198.5,175.0,-210.0,3.0,99.5,0.0,1,False
2009,2009-01-14,True,False,wsh,ny,122,128,30,36,21,35,0,36,31,27,34,0,home,4.5,199.5,160.0,-190.0,2.5,100.5,1.0,1,True
2009,2009-01-14,True,False,bkn,bos,86,118,23,18,19,26,0,30,21,37,30,0,home,10.0,190.5,450.0,-600.0,2.5,96.5,1.0,1,True
2009,2009-01-14,True,False,por,phi,79,100,15,18,26,20,0,31,24,14,31,0,away,2.0,195.0,-130.0,110.0,4.5,98.5,0.0,0,True
2009,2009-01-14,True,False,atl,lac,97,80,15,28,23,31,0,12,19,27,22,0,away,4.0,190.5,-175.0,155.0,1.5,96.5,1.0,0,False
2009,2009-01-14,True,False,utah,okc,93,114,22,26,23,22,0,27,23,36,28,0,away,5.5,202.5,-225.0,185.0,5.0,105.5,0.0,1,True
2009,2009-01-15,True,False,phx,den,113,119,35,27,20,21,10,26,30,26,21,16,home,3.0,217.5,130.0,-150.0,3.0,107.5,1.0,1,True
2009,2009-01-15,True,False,por,bkn,105,99,27,19,22,37,0,29,21,21,28,0,away,2.0,186.0,-135.0,115.0,2.5,95.0,1.0,1,False
2009,2009-01-15,True,False,cle,chi,93,102,28,20,23,16,6,20,26,25,16,15,away,7.5,196.5,-360.0,300.0,4.0,99.5,0.0,0,True
2009,2009-01-16,True,False,atl,gs,114,119,20,31,30,33,0,23,33,29,34,0,away,1.5,216.5,-130.0,110.0,2.0,111.0,0.0,1,True
2009,2009-01-16,True,False,mil,sac,129,122,37,30,31,31,0,18,29,36,39,0,home,0.0,207.0,-110.0,-110.0,4.5,103.5,0.0,1,False
2009,2009-01-16,True,False,min,phx,105,103,27,22,24,32,0,23,30,26,24,0,home,8.0,216.5,310.0,-380.0,3.5,111.5,0.0,0,False
2009,2009-01-16,True,False,no,cle,78,92,17,19,22,20,0,28,23,17,24,0,home,2.5,184.5,120.0,-140.0,3.5,91.5,1.0,0,True
2009,2009-01-16,True,False,orl,lal,109,103,20,24,30,35,0,23,29,23,28,0,home,4.5,216.0,160.0,-190.0,0.0,106.0,0.0,0,False
2009,2009-01-16,True,False,det,okc,79,89,18,28,21,12,0,21,28,22,18,0,away,4.5,189.5,-200.0,170.0,0.5,93.5,0.0,0,True
2009,2009-01-16,True,False,sa,phi,87,109,18,29,23,17,0,28,26,31,24,0,away,3.0,193.5,-140.0,120.0,3.5,99.5,0.0,1,True
2009,2009-01-16,True,False,tor,ind,104,111,20,22,23,39,0,20,36,33,22,0,home,4.5,213.5,170.0,-200.0,2.0,105.0,1.0,1,True
2009,2009-01-16,True,False,ny,wsh,89,96,25,12,35,17,0,31,18,21,26,0,home,3.5,209.0,140.0,-160.0,2.0,103.0,1.0,0,True
2009,2009-01-16,True,False,utah,mem,101,91,26,28,26,21,0,21,22,26,22,0,away,4.5,194.5,-200.0,170.0,1.5,100.5,1.0,0,False
2009,2009-01-17,True,False,utah,dal,108,115,23,28,30,27,0,17,38,28,32,0,home,5.0,199.5,180.0,-220.0,1.5,103.0,1.0,1,True
2009,2009-01-17,True,False,bos,bkn,105,85,29,39,15,22,0,15,24,24,22,0,away,6.5,192.0,-280.0,240.0,2.5,97.5,1.0,0,False
2009,2009-01-17,True,False,por,cha,97,102,18,27,22,23,7,24,26,17,23,12,away,2.5,178.5,-140.0,120.0,3.0,90.5,0.0,1,True
2009,2009-01-17,True,False,no,det,91,85,18,21,28,24,0,20,17,31,17,0,away,2.5,175.5,-140.0,120.0,1.0,87.0,1.0,1,False
2009,2009-01-17,True,False,phi,ny,107,97,26,26,24,31,0,25,25,16,31,0,away,2.0,210.5,-135.0,115.0,1.0,104.5,1.0,0,False
2009,2009-01-17,True,False,sa,chi,92,87,28,15,22,27,0,17,26,16,28,0,away,3.5,194.5,-165.0,145.0,2.5,99.0,1.0,0,False
2009,2009-01-17,True,False,mia,hou,86,93,21,15,28,22,0,25,20,24,24,0,home,3.5,186.5,145.0,-165.0,1.0,92.0,1.0,0,True
2009,2009-01-17,True,False,orl,den,106,88,26,21,32,27,0,23,25,22,18,0,home,1.5,210.0,105.0,-125.0,0.5,103.5,0.0,0,False
2009,2009-01-17,True,False,mil,lac,92,101,30,23,23,16,0,32,20,25,24,0,away,3.0,192.0,-155.0,135.0,2.0,94.5,0.0,1,True
2009,2009-01-18,True,False,mia,okc,104,94,31,26,27,20,0,27,23,23,21,0,home,1.0,193.5,105.0,-125.0,2.5,96.0,0.0,1,False
2009,2009-01-18,True,False,phx,tor,117,113,36,35,24,22,0,34,29,24,26,0,away,4.0,207.5,-175.0,155.0,0.0,104.0,2.0,1,False
2009,2009-01-19,True,False,wsh,gs,98,119,23,25,31,19,0,28,32,26,33,0,home,4.5,218.5,170.0,-200.0,1.5,111.0,1.0,0,True
2009,2009-01-19,True,False,dal,phi,95,93,16,26,32,21,0,22,24,17,30,0,home,4.0,200.5,145.0,-165.0,1.0,99.0,0.0,0,False
2009,2009-01-19,True,False,chi,ny,98,102,20,34,23,21,0,22,35,21,24,0,home,2.0,208.0,110.0,-130.0,1.0,102.5,1.0,0,True
2009,2009-01-19,True,False,sa,cha,86,84,29,17,17,23,0,21,20,27,16,0,away,5.0,178.0,-220.0,180.0,1.5,90.5,0.0,0,False
2009,2009-01-19,True,False,tor,atl,84,87,24,27,13,20,0,23,19,20,25,0,home,7.5,196.0,290.0,-350.0,7.0,97.0,0.0,0,True
2009,2009-01-19,True,False,den,hou,113,115,36,32,19,26,0,36,29,25,25,0,home,2.5,192.5,115.0,-135.0,2.0,95.5,0.0,1,True
2009,2009-01-19,True,False,ind,no,100,103,28,27,10,35,0,26,30,18,29,0,home,7.0,208.0,240.0,-280.0,4.0,102.5,0.0,0,True
2009,2009-01-19,True,False,min,lac,94,86,26,21,24,23,0,16,20,28,22,0,away,7.0,194.0,-280.0,240.0,0.5,98.5,1.0,0,False
2009,2009-01-19,True,False,det,mem,87,79,20,23,24,20,0,17,22,30,10,0,away,4.5,177.5,-175.0,155.0,1.5,88.0,1.0,0,False
2009,2009-01-19,True,False,phx,bos,87,104,15,19,24,29,0,30,34,25,15,0,home,8.0,207.0,320.0,-400.0,4.0,100.5,1.0,0,True
2009,2009-01-19,True,False,mil,por,85,102,19,21,24,21,0,22,23,26,31,0,home,6.0,198.5,230.0,-270.0,2.0,98.0,1.0,0,True
2009,2009-01-19,True,False,cle,lal,88,105,24,26,16,22,0,26,23,26,30,0,home,5.0,202.5,180.0,-220.0,3.5,102.5,1.0,0,True
2009,2009-01-20,True,False,min,utah,107,112,25,24,31,27,0,32,26,25,29,0,home,8.5,205.5,325.0,-450.0,2.0,109.0,0.0,1,True
2009,2009-01-20,True,False,sac,den,99,118,31,16,28,24,0,23,34,37,24,0,home,9.5,220.5,350.0,-500.0,2.0,108.5,1.0,0,True
2009,2009-01-20,True,False,atl,chi,105,102,22,28,27,28,0,22,31,24,25,0,home,4.0,198.5,160.0,-190.0,2.0,104.5,0.0,1,False
2009,2009-01-20,True,False,ind,sa,81,99,17,23,17,24,0,22,31,28,18,0,home,7.5,208.0,270.0,-330.0,0.0,102.0,1.0,0,True
2009,2009-01-21,True,False,cle,por,104,98,28,25,21,30,0,25,20,24,29,0,away,1.0,182.5,-110.0,-110.0,3.0,91.5,1.0,1,False
2009,2009-01-21,True,False,okc,gs,122,121,37,35,17,33,0,36,32,27,26,0,home,6.0,221.5,210.0,-250.0,7.0,112.0,0.0,1,False
2009,2009-01-21,True,False,lal,lac,108,97,25,33,30,20,0,27,28,18,24,0,away,16.0,203.0,-3000.0,1500.0,8.5,101.5,0.0,1,False
2009,2009-01-21,True,False,wsh,sac,110,107,31,23,35,21,0,21,23,26,37,0,home,2.0,207.5,125.0,-145.0,4.0,105.5,0.0,1,False
2009,2009-01-21,True,False,bkn,no,92,102,28,18,16,30,0,22,25,28,27,0,home,5.0,188.5,180.0,-220.0,3.0,95.0,1.0,1,True
2009,2009-01-21,True,False,utah,hou,99,108,19,23,31,26,0,31,24,25,28,0,home,5.5,198.5,200.0,-240.0,1.0,102.5,1.0,1,True
2009,2009-01-21,True,False,phx,ny,109,114,30,28,21,30,0,26,28,30,30,0,away,6.0,219.5,-260.0,220.0,3.0,107.0,0.0,1,True
2009,2009-01-21,True,False,tor,det,76,95,22,21,19,14,0,17,29,30,19,0,home,5.5,178.0,200.0,-240.0,2.0,90.0,1.0,0,True
2009,2009-01-21,True,False,bos,mia,98,83,29,28,21,20,0,10,24,30,19,0,away,5.5,186.5,-250.0,210.0,2.0,92.5,1.0,0,False
2009,2009-01-21,True,False,mem,cha,86,101,15,26,23,22,0,21,25,24,31,0,home,6.0,179.0,220.0,-260.0,1.0,93.0,1.0,1,True
2009,2009-01-21,True,False,dal,mil,99,133,30,28,27,14,0,22,42,37,32,0,away,1.0,202.0,-120.0,100.0,2.0,100.0,0.0,1,True
2009,2009-01-22,True,False,bos,orl,90,80,24,20,21,25,0,19,17,18,26,0,home,4.5,191.5,170.0,-200.0,4.0,96.5,0.0,0,False
2009,2009-01-22,True,False,wsh,lal,97,117,24,23,21,29,0,31,41,25,20,0,home,14.0,208.5,1100.0,-1600.0,2.5,104.0,1.0,1,True
2009,2009-01-23,True,False,okc,lac,104,107,29,24,19,32,0,25,25,27,30,0,away,3.5,193.5,-160.0,140.0,1.0,96.5,0.0,1,True
2009,2009-01-23,True,False,cle,gs,106,105,28,27,29,22,0,26,28,27,24,0,away,6.0,216.0,-260.0,220.0,4.0,108.5,0.0,0,False
2009,2009-01-23,True,False,tor,chi,114,94,28,26,29,31,0,25,29,20,20,0,home,2.0,197.0,110.0,-130.0,1.5,98.5,0.0,1,False
2009,2009-01-23,True,False,bkn,sa,91,94,24,26,16,25,0,26,18,28,22,0,home,11.5,189.5,700.0,-1100.0,9.5,95.0,0.0,0,True
2009,2009-01-23,True,False,no,min,108,116,30,26,25,27,0,25,26,28,37,0,home,0.0,194.0,-110.0,-110.0,1.5,98.0,1.0,1,True
2009,2009-01-23,True,False,hou,ind,102,107,24,16,25,37,0,21,29,22,35,0,home,0.0,209.5,-110.0,-110.0,2.5,104.0,1.0,0,True
2009,2009-01-23,True,False,mil,atl,87,117,19,28,20,20,0,27,31,28,31,0,home,5.5,203.5,190.0,-230.0,0.5,103.5,1.0,1,True
2009,2009-01-23,True,False,dal,det,112,91,31,32,27,22,0,25,26,21,19,0,home,4.0,186.5,155.0,-175.0,5.5,93.5,0.0,1,False
2009,2009-01-23,True,False,phx,cha,76,98,13,24,18,21,0,21,38,22,17,0,away,4.0,199.5,-175.0,155.0,6.5,99.0,0.0,0,True
2009,2009-01-23,True,False,mem,ny,88,108,30,15,17,26,0,27,29,16,36,0,home,6.0,202.5,200.0,-240.0,0.0,103.5,1.0,0,True
2009,2009-01-24,True,False,wsh,por,87,100,17,14,24,32,0,22,17,34,27,0,home,9.5,193.0,400.0,-600.0,3.0,96.0,1.0,0,True
2009,2009-01-24,True,False,cle,utah,102,97,33,14,34,21,0,23,26,24,24,0,home,3.0,196.0,130.0,-150.0,1.0,97.5,0.0,1,False
2009,2009-01-24,True,False,sac,mil,104,106,36,27,19,22,0,33,29,22,22,0,home,7.0,216.5,260.0,-320.0,5.0,108.5,0.0,0,True
2009,2009-01-24,True,False,orl,mia,97,103,29,23,16,29,0,32,24,27,20,0,away,7.5,194.0,-330.0,270.0,6.0,97.5,0.0,1,True
2009,2009-01-24,True,False,ny,phi,110,116,30,36,15,29,0,36,27,23,30,0,home,7.5,206.5,270.0,-330.0,6.0,102.5,0.0,1,True
2009,2009-01-24,True,False,bkn,mem,99,88,25,22,25,27,0,17,23,30,18,0,away,1.0,191.5,-120.0,100.0,1.5,97.5,1.0,0,False
2009,2009-01-25,True,False,utah,den,97,117,26,25,26,20,0,35,25,31,26,0,home,8.0,214.5,290.0,-350.0,1.5,109.0,1.0,0,True
2009,2009-01-25,True,False,lac,gs,92,107,18,26,20,28,0,28,27,29,23,0,home,11.0,218.5,500.0,-700.0,3.0,108.0,1.0,0,True
2009,2009-01-25,True,False,cha,ind,93,98,25,19,26,23,0,26,28,23,21,0,home,5.0,201.5,170.0,-200.0,0.0,98.5,2.0,0,True
2009,2009-01-25,True,False,hou,det,108,105,39,22,28,19,0,27,30,24,24,0,home,3.0,178.5,135.0,-155.0,3.0,90.5,0.0,1,False
2009,2009-01-25,True,False,chi,min,108,109,30,25,27,15,11,19,30,28,20,12,home,4.0,207.0,170.0,-200.0,4.0,104.0,0.0,1,True
2009,2009-01-25,True,False,phx,atl,104,99,27,28,28,21,0,26,31,23,19,0,home,4.0,210.0,155.0,-175.0,2.0,105.0,0.0,0,False
2009,2009-01-25,True,False,sa,lal,85,99,23,22,21,19,0,22,29,28,20,0,home,7.0,201.0,270.0,-330.0,2.0,101.0,1.0,0,True
2009,2009-01-25,True,False,dal,bos,100,124,23,24,31,22,0,38,36,29,21,0,home,9.0,192.0,350.0,-500.0,2.0,95.5,1.0,1,True
2009,2009-01-25,True,False,sac,tor,97,113,28,25,21,23,0,26,30,31,26,0,home,9.0,211.0,350.0,-500.0,4.5,105.0,1.0,0,True
2009,2009-01-26,True,False,phi,no,86,101,23,24,16,23,0,20,20,29,32,0,home,3.0,193.5,130.0,-150.0,3.5,95.5,1.0,0,True
2009,2009-01-26,True,False,phx,wsh,103,87,22,29,24,28,0,24,27,22,14,0,away,4.5,207.0,-185.0,165.0,0.0,103.0,1.0,0,False
2009,2009-01-26,True,False,hou,ny,98,104,23,35,22,18,0,29,26,19,30,0,home,0.0,207.5,100.0,-120.0,1.5,101.5,1.0,0,True
2009,2009-01-26,True,False,atl,mia,79,95,14,13,24,28,0,17,29,18,31,0,home,3.0,192.5,130.0,-150.0,3.5,98.5,1.0,0,True
2009,2009-01-26,True,False,bkn,okc,85,94,23,17,14,31,0,24,27,31,12,0,home,1.5,203.5,105.0,-125.0,2.5,102.5,1.0,0,True
2009,2009-01-26,True,False,min,mil,90,83,20,27,27,16,0,21,22,17,23,0,home,3.5,203.5,145.0,-165.0,1.5,103.0,0.0,0,False
2009,2009-01-26,True,False,por,lac,113,88,21,28,28,36,0,22,26,25,15,0,away,10.5,187.0,-700.0,500.0,6.5,95.0,1.0,1,False
2009,2009-01-27,True,False,sa,utah,106,100,25,25,30,26,0,28,21,31,20,0,home,0.0,192.5,-110.0,-110.0,0.5,98.5,0.0,1,False
2009,2009-01-27,True,False,den,mem,100,85,24,30,21,25,0,25,20,23,17,0,away,6.5,204.5,-280.0,240.0,0.5,101.0,1.0,0,False
2009,2009-01-27,True,False,cha,lal,117,110,23,26,27,17,24,16,32,22,23,17,home,11.0,196.0,600.0,-800.0,8.5,97.0,0.0,1,False
2009,2009-01-27,True,False,ind,orl,111,135,18,32,37,24,0,36,32,34,33,0,home,9.0,215.5,350.0,-500.0,0.5,105.5,1.0,1,True
2009,2009-01-27,True,False,sac,cle,110,117,27,29,26,28,0,26,34,28,29,0,home,13.5,205.0,900.0,-1400.0,7.5,101.0,0.0,1,True
2009,2009-01-28,True,False,chi,lac,95,75,24,23,26,22,0,19,25,9,22,0,away,2.5,196.5,-150.0,130.0,1.0,98.0,1.0,0,False
2009,2009-01-28,True,False,cha,por,74,88,18,22,18,16,0,32,24,18,14,0,home,11.5,179.5,600.0,-800.0,2.5,88.5,1.0,0,True
2009,2009-01-28,True,False,gs,dal,93,117,25,22,23,23,0,31,38,23,25,0,home,6.5,225.0,250.0,-300.0,2.5,111.5,1.0,0,True
2009,2009-01-28,True,False,det,min,98,89,22,28,21,27,0,24,28,20,17,0,away,1.0,188.0,-120.0,100.0,1.0,94.5,1.0,0,False
2009,2009-01-28,True,False,mem,okc,102,114,37,20,14,29,2,24,32,25,19,14,home,7.0,196.5,250.0,-300.0,5.0,100.5,1.0,1,True
2009,2009-01-28,True,False,phi,hou,95,93,27,18,26,24,0,26,25,25,17,0,home,5.0,194.5,190.0,-230.0,1.0,97.0,0.0,0,False
2009,2009-01-28,True,False,atl,ny,104,112,26,29,19,30,0,25,22,35,30,0,home,0.0,208.0,-110.0,-110.0,2.0,106.5,1.0,1,True
2009,2009-01-28,True,False,tor,bkn,107,106,21,29,34,23,0,27,27,23,29,0,away,2.0,197.0,-130.0,110.0,2.0,98.0,0.0,1,False
2009,2009-01-28,True,False,wsh,mia,71,93,23,16,17,15,0,18,23,29,23,0,home,8.5,191.0,320.0,-400.0,4.5,97.5,1.0,0,True
2009,2009-01-28,True,False,sac,bos,100,119,30,19,29,22,0,28,40,24,27,0,home,17.0,205.0,1500.0,-3500.0,4.0,102.0,1.0,1,True
2009,2009-01-28,True,False,mil,ind,99,107,22,29,27,21,0,38,25,19,25,0,home,6.5,214.0,210.0,-250.0,1.5,105.5,1.0,0,True
2009,2009-01-28,True,False,den,no,81,94,20,24,21,16,0,19,27,22,26,0,home,4.0,199.5,155.0,-175.0,2.0,97.0,1.0,0,True
2009,2009-01-29,True,False,cle,orl,88,99,32,24,16,16,0,25,30,24,20,0,home,5.0,195.0,175.0,-215.0,4.0,99.0,1.0,0,True
2009,2009-01-29,True,False,sa,phx,114,104,32,25,32,25,0,31,26,27,20,0,home,1.5,198.0,105.0,-125.0,1.5,100.5,0.0,1,False
2009,2009-01-30,True,False,chi,sac,109,88,34,20,29,26,0,22,21,20,25,0,away,1.0,212.0,-117.0,-103.0,3.0,106.0,1.0,0,False
2009,2009-01-30,True,False,gs,no,91,87,19,28,18,26,0,27,17,21,22,0,home,8.5,215.0,335.0,-420.0,7.0,105.0,0.0,0,False
2009,2009-01-30,True,False,cha,den,99,110,19,23,29,28,0,24,33,29,24,0,home,10.0,193.0,450.0,-600.0,1.5,95.0,1.0,1,True
2009,2009-01-30,True,False,okc,utah,90,110,26,25,24,15,0,28,36,31,15,0,home,10.0,213.0,450.0,-600.0,2.0,107.0,1.0,0,True
2009,2009-01-30,True,False,lac,cle,95,112,26,28,19,22,0,26,28,29,29,0,home,14.5,189.0,1400.0,-2500.0,9.0,94.0,1.0,1,True
2009,2009-01-30,True,False,lal,min,132,119,33,31,36,32,0,31,29,25,34,0,away,6.5,209.5,-270.0,230.0,3.0,104.5,1.0,1,False
2009,2009-01-30,True,False,mia,ind,103,114,26,23,24,30,0,29,37,27,21,0,home,4.5,207.5,160.0,-185.0,2.0,101.5,1.0,1,True
2009,2009-01-30,True,False,bos,det,86,78,23,20,19,24,0,16,25,15,22,0,away,5.5,180.5,-240.0,200.0,3.0,89.0,1.0,0,False
2009,2009-01-30,True,False,mil,tor,96,85,24,25,21,26,0,30,17,12,26,0,home,7.0,198.5,270.0,-330.0,5.5,99.0,0.0,0,False
2009,2009-01-30,True,False,wsh,phi,94,104,17,22,31,24,0,32,14,28,30,0,home,10.0,194.0,450.0,-600.0,4.0,99.0,2.0,1,True
2009,2009-01-30,True,False,bkn,atl,88,105,28,25,18,17,0,25,30,25,25,0,home,7.0,198.0,260.0,-320.0,4.0,101.0,1.0,0,True
2009,2009-01-31,True,False,utah,por,108,122,26,21,26,35,0,33,19,38,32,0,home,9.0,201.0,365.0,-465.0,4.0,104.0,1.0,1,True
2009,2009-01-31,True,False,chi,phx,122,111,29,33,26,34,0,25,34,24,28,0,home,9.0,213.0,370.0,-470.0,7.5,106.5,0.0,1,False
2009,2009-01-31,True,False,atl,mil,107,110,22,26,26,33,0,29,24,34,23,0,home,1.5,192.5,100.0,-120.0,1.0,99.0,1.0,1,True
2009,2009-01-31,True,False,no,sa,93,106,22,20,29,22,0,28,22,30,26,0,home,7.5,183.5,265.0,-325.0,1.5,90.0,1.0,1,True
2009,2009-01-31,True,False,gs,hou,93,110,20,31,24,18,0,25,28,28,29,0,home,8.0,213.5,300.0,-370.0,4.5,105.0,1.0,0,True
2009,2009-01-31,True,False,lac,wsh,94,106,22,25,28,19,0,26,32,23,25,0,home,4.0,188.5,155.0,-175.0,1.0,93.0,1.0,1,True
2009,2009-01-31,True,False,dal,mia,111,96,24,33,28,26,0,15,34,21,26,0,away,2.0,196.5,-135.0,115.0,1.5,98.5,1.0,1,False
2009,2009-01-31,True,False,bkn,phi,85,83,31,19,15,20,0,31,27,17,8,0,home,8.0,201.5,295.0,-355.0,2.0,101.0,0.0,0,False
2009,2009-01-31,True,False,ny,ind,122,113,29,38,32,23,0,28,27,32,26,0,home,4.0,226.5,160.0,-190.0,5.5,110.5,0.0,1,False
2009,2009-01-31,True,False,lal,mem,115,98,26,29,36,24,0,29,32,21,16,0,away,10.5,206.0,-700.0,500.0,9.5,102.5,1.0,1,False
2009,2009-02-01,True,False,orl,tor,113,90,31,22,34,26,0,25,22,18,25,0,away,6.0,199.0,-260.0,220.0,1.5,100.0,1.0,1,False
2009,2009-02-01,True,False,min,bos,101,109,24,20,29,28,0,29,33,25,22,0,home,11.0,195.5,600.0,-800.0,0.5,100.5,0.0,1,True
2009,2009-02-01,True,False,cle,det,90,80,16,20,22,32,0,18,21,27,14,0,away,4.5,180.0,-200.0,170.0,4.0,89.5,1.0,0,False
2009,2009-02-01,True,False,okc,sac,118,122,31,26,33,22,6,33,30,29,20,10,home,2.0,217.0,110.0,-130.0,0.5,109.5,1.0,1,True
2009,2009-02-02,True,False,sac,phx,81,129,19,24,14,24,0,40,33,32,24,0,home,15.5,223.0,1400.0,-2500.0,1.0,108.0,1.0,0,True
2009,2009-02-02,True,False,cha,utah,86,105,25,26,19,16,0,19,30,27,29,0,home,7.0,190.5,260.0,-310.0,5.5,93.5,1.0,1,True
2009,2009-02-02,True,False,sa,gs,110,105,27,21,27,20,15,25,27,27,16,10,away,5.5,213.0,-220.0,180.0,7.0,108.0,0.0,1,False
2009,2009-02-02,True,False,por,no,97,89,17,22,20,38,0,25,23,26,15,0,home,3.0,184.5,140.0,-160.0,1.5,92.5,0.0,1,False
2009,2009-02-02,True,False,mem,wsh,113,97,32,29,33,19,0,29,28,24,16,0,home,4.5,191.5,170.0,-200.0,1.5,97.5,0.0,1,False
2009,2009-02-02,True,False,lal,ny,126,117,31,34,31,30,0,26,28,32,31,0,away,6.0,223.5,-250.0,210.0,0.5,109.5,1.0,1,False
2009,2009-02-02,True,False,dal,orl,105,95,25,29,23,28,0,27,20,16,32,0,home,7.5,207.5,280.0,-340.0,4.5,101.0,0.0,0,False
2009,2009-02-02,True,False,lac,mia,95,119,24,23,26,22,0,30,28,32,29,0,home,9.0,192.0,400.0,-600.0,2.0,96.5,1.0,1,True
2009,2009-02-03,True,False,tor,cle,83,101,15,25,26,17,0,37,22,15,27,0,home,10.5,194.5,450.0,-650.0,0.5,97.0,1.0,0,True
2009,2009-02-03,True,False,min,ind,116,111,27,29,22,38,0,32,27,23,29,0,home,4.5,220.0,170.0,-200.0,1.5,111.5,0.0,1,False
2009,2009-02-03,True,False,bos,phi,100,99,32,18,19,31,0,20,29,21,29,0,away,3.5,191.5,-165.0,145.0,2.0,94.0,0.0,1,False
2009,2009-02-03,True,False,mil,bkn,85,99,16,21,26,22,0,23,22,29,25,0,home,4.5,196.0,170.0,-200.0,0.0,98.0,1.0,0,True
2009,2009-02-03,True,False,chi,hou,100,107,18,27,21,34,0,20,28,31,28,0,home,7.0,198.0,260.0,-320.0,3.5,98.5,2.0,1,True
2009,2009-02-03,True,False,sa,den,96,104,25,19,24,28,0,31,25,22,26,0,home,13.0,195.5,800.0,-1200.0,4.0,97.0,0.0,1,True
2009,2009-02-04,True,False,por,dal,99,104,29,16,27,27,0,27,30,25,22,0,home,3.5,197.0,140.0,-160.0,2.0,99.5,1.0,1,True
2009,2009-02-04,True,False,chi,no,107,93,31,31,18,27,0,20,24,17,32,0,home,1.5,185.5,105.0,-125.0,3.5,93.5,0.0,1,False
2009,2009-02-04,True,False,atl,min,94,86,22,23,30,19,0,18,19,25,24,0,home,2.0,199.5,110.0,-130.0,3.5,102.5,0.0,0,False
2009,2009-02-04,True,False,den,okc,114,113,32,27,30,25,0,31,39,24,19,0,away,1.0,210.0,-120.0,100.0,3.0,103.5,2.0,1,False
2009,2009-02-04,True,False,hou,mem,93,104,31,24,19,19,0,31,27,30,16,0,away,6.0,195.0,-260.0,220.0,6.0,96.0,0.0,1,True
2009,2009-02-04,True,False,lac,orl,96,125,22,26,23,25,0,34,38,32,21,0,home,13.0,200.0,700.0,-1100.0,1.0,99.0,1.0,1,True
2009,2009-02-04,True,False,cle,ny,107,102,36,21,25,25,0,24,28,26,24,0,away,5.5,208.0,-230.0,190.0,1.5,102.5,0.0,1,False
2009,2009-02-04,True,False,bkn,wsh,115,88,27,31,35,22,0,22,31,18,17,0,away,1.0,189.0,-120.0,100.0,1.0,94.5,1.0,1,False
2009,2009-02-04,True,False,phx,gs,112,124,30,25,28,29,0,43,29,32,20,0,away,4.0,227.5,-175.0,155.0,5.5,111.5,0.0,1,True
2009,2009-02-04,True,False,lal,tor,115,107,26,32,27,30,0,31,32,24,20,0,away,8.0,213.0,-360.0,300.0,8.0,106.0,2.0,1,False
2009,2009-02-04,True,False,mia,det,90,93,21,21,20,28,0,20,25,25,23,0,home,4.5,179.0,160.0,-180.0,2.0,89.0,0.0,1,True
2009,2009-02-05,True,False,dal,utah,87,115,20,27,19,21,0,24,33,37,21,0,home,3.5,209.0,145.0,-165.0,1.0,104.0,1.0,0,True
2009,2009-02-05,True,False,lal,bos,110,109,23,28,26,24,9,20,32,29,20,8,home,6.5,206.0,250.0,-300.0,4.0,102.5,0.0,1,False
2009,2009-02-05,True,False,ind,phi,94,99,22,34,13,25,0,29,25,26,19,0,home,5.0,216.0,190.0,-230.0,4.5,106.0,2.0,0,True
2009,2009-02-06,True,False,atl,cha,102,97,19,24,35,24,0,22,33,22,20,0,home,0.0,179.0,-115.0,-105.0,3.0,93.5,0.0,1,False
2009,2009-02-06,True,False,orl,ind,102,107,29,22,23,28,0,32,29,19,27,0,away,6.0,215.5,-265.0,225.0,6.0,108.5,0.0,0,True
2009,2009-02-06,True,False,bos,ny,110,100,27,19,26,38,0,26,21,29,24,0,away,6.5,207.5,-295.0,245.0,5.0,102.0,1.0,1,False
2009,2009-02-06,True,False,lac,mem,126,105,33,35,34,24,0,20,29,28,28,0,home,4.0,204.5,155.0,-175.0,5.5,101.5,0.0,1,False
2009,2009-02-06,True,False,por,okc,93,102,25,15,26,27,0,37,23,21,21,0,away,6.0,198.5,-250.0,210.0,7.0,100.5,0.0,0,True
2009,2009-02-06,True,False,den,wsh,124,103,30,38,34,22,0,23,25,22,33,0,away,8.0,206.5,-420.0,330.0,1.5,99.5,1.0,1,False
2009,2009-02-06,True,False,tor,no,92,101,16,32,21,23,0,26,16,22,37,0,home,2.0,182.5,110.0,-130.0,2.0,91.5,1.0,1,True
2009,2009-02-06,True,False,utah,sac,111,107,28,17,35,31,0,25,30,22,30,0,away,3.0,215.5,-155.0,135.0,4.0,110.5,1.0,1,False
2009,2009-02-06,True,False,gs,phx,105,115,21,33,31,20,0,31,28,27,29,0,home,9.5,230.0,425.0,-550.0,4.5,113.5,1.0,0,True
2009,2009-02-07,True,False,min,hou,90,107,27,23,21,19,0,20,30,28,29,0,home,7.5,199.5,275.0,-335.0,5.0,103.5,1.0,0,True
2009,2009-02-07,True,False,chi,dal,114,115,24,26,22,25,17,20,28,29,20,18,home,7.0,208.5,250.0,-300.0,5.5,103.0,0.0,1,True
2009,2009-02-07,True,False,det,mil,126,121,30,24,25,30,17,19,26,37,27,12,away,4.5,184.5,-200.0,170.0,0.0,92.0,1.0,1,False
2009,2009-02-07,True,False,lac,atl,121,97,27,28,35,31,0,17,24,31,25,0,home,7.0,202.5,240.0,-285.0,6.5,99.0,0.0,1,False
2009,2009-02-07,True,False,den,bkn,70,114,19,20,16,15,0,24,35,33,22,0,away,2.5,208.0,-140.0,120.0,6.0,103.0,0.0,0,True
2009,2009-02-07,True,False,mia,phi,84,94,23,21,25,15,0,26,18,19,31,0,home,3.5,193.0,145.0,-165.0,3.0,95.5,1.0,0,True
2009,2009-02-07,True,False,tor,mem,70,78,21,14,20,15,0,18,25,19,16,0,away,1.5,198.5,-125.0,105.0,3.0,98.0,0.0,0,True
2009,2009-02-08,True,False,min,no,97,101,31,21,28,17,0,24,25,27,25,0,home,2.5,190.5,120.0,-140.0,1.0,98.5,1.0,1,True
2009,2009-02-08,True,False,phx,det,107,97,29,33,21,24,0,29,21,24,23,0,home,1.5,199.0,105.0,-125.0,4.0,99.0,0.0,1,False
2009,2009-02-08,True,False,utah,gs,96,116,21,24,24,27,0,23,25,38,30,0,away,1.5,224.0,-125.0,105.0,2.0,113.0,0.0,0,True
2009,2009-02-08,True,False,sac,okc,113,116,23,23,34,33,0,34,25,25,32,0,home,7.0,215.0,250.0,-300.0,0.0,105.0,0.0,1,True
2009,2009-02-08,True,False,ind,wsh,117,119,37,26,31,23,0,29,32,31,27,0,away,4.5,214.5,-200.0,170.0,2.0,105.5,0.0,1,True
2009,2009-02-08,True,False,lal,cle,101,91,30,21,31,19,0,32,29,16,14,0,home,4.5,205.5,175.0,-210.0,1.0,102.0,0.0,0,False
2009,2009-02-08,True,False,bkn,orl,84,101,18,27,20,19,0,32,27,20,22,0,home,13.0,195.5,900.0,-1400.0,3.5,97.0,1.0,0,True
2009,2009-02-08,True,False,ny,por,108,109,27,23,32,26,0,36,23,23,27,0,home,7.5,209.5,300.0,-360.0,2.0,102.5,0.0,1,True
2009,2009-02-08,True,False,sa,bos,105,99,22,38,14,31,0,23,29,24,23,0,home,6.5,186.0,250.0,-300.0,5.5,94.5,0.0,1,False
2009,2009-02-08,True,False,cha,mia,92,96,20,19,22,31,0,18,25,26,27,0,home,8.0,183.0,300.0,-360.0,4.0,91.0,0.0,1,True
2009,2009-02-09,True,False,phx,phi,91,108,25,19,22,25,0,30,25,25,28,0,home,3.5,210.0,140.0,-160.0,2.5,101.0,1.0,0,True
2009,2009-02-09,True,False,lac,cha,73,94,21,22,18,12,0,22,24,21,27,0,home,0.0,197.5,-110.0,-110.0,1.5,97.0,1.0,0,True
2009,2009-02-09,True,False,no,mem,80,85,22,17,19,22,0,21,19,24,21,0,home,3.5,186.0,150.0,-170.0,2.0,90.5,1.0,0,True
2009,2009-02-09,True,False,hou,mil,112,124,23,35,18,36,0,32,32,34,26,0,away,5.5,195.5,-240.0,200.0,5.0,96.0,0.0,1,True
2009,2009-02-10,True,False,ny,gs,127,144,29,36,30,32,0,41,24,40,39,0,home,4.0,231.5,160.0,-180.0,2.5,115.0,1.0,1,True
2009,2009-02-10,True,False,okc,lal,98,105,25,22,26,25,0,25,35,20,25,0,home,12.0,219.0,600.0,-800.0,3.0,107.5,0.0,0,True
2009,2009-02-10,True,False,det,chi,102,107,22,29,34,17,0,30,20,21,36,0,home,3.0,189.5,135.0,-155.0,2.5,95.0,1.0,1,True
2009,2009-02-10,True,False,sac,dal,100,118,31,26,14,29,0,38,24,26,30,0,home,10.5,212.0,550.0,-750.0,5.0,104.5,1.0,1,True
2009,2009-02-10,True,False,sa,bkn,108,93,28,26,28,26,0,21,30,18,24,0,away,5.5,188.0,-240.0,200.0,2.0,96.0,1.0,1,False
2009,2009-02-10,True,False,den,mia,99,82,32,24,18,25,0,20,20,25,17,0,away,1.5,205.0,-110.0,-110.0,3.5,101.0,1.0,0,False
2009,2009-02-10,True,False,cle,ind,95,96,24,19,25,27,0,24,18,25,29,0,away,6.5,208.0,-290.0,245.0,4.0,102.5,0.0,0,True
2009,2009-02-10,True,False,wsh,atl,90,111,17,20,24,29,0,26,27,24,34,0,home,9.0,199.5,350.0,-450.0,1.0,101.0,1.0,1,True
2009,2009-02-10,True,False,tor,min,110,102,23,18,32,37,0,16,32,32,22,0,away,3.0,194.5,-150.0,130.0,3.0,97.0,1.0,1,False
2009,2009-02-11,True,False,bos,no,89,77,23,19,22,25,0,21,23,20,13,0,away,7.0,186.5,-320.0,260.0,5.5,92.5,1.0,0,False
2009,2009-02-11,True,False,okc,por,92,106,20,26,28,18,0,23,30,27,26,0,home,12.0,201.0,600.0,-900.0,5.0,99.0,1.0,0,True
2009,2009-02-11,True,False,ny,lac,124,128,34,25,27,24,14,28,30,27,25,18,home,5.5,220.0,190.0,-230.0,3.5,108.0,0.0,1,True
2009,2009-02-11,True,False,lal,utah,109,113,29,34,22,24,0,31,30,26,26,0,away,1.0,216.0,-120.0,100.0,0.5,107.5,0.0,1,True
2009,2009-02-11,True,False,sac,hou,82,94,25,10,21,26,0,22,17,35,20,0,home,13.0,211.0,850.0,-1300.0,7.0,102.0,0.0,0,True
2009,2009-02-11,True,False,ind,mil,110,122,28,31,25,26,0,31,26,33,32,0,home,5.0,217.5,180.0,-220.0,4.5,107.5,1.0,1,True
2009,2009-02-11,True,False,den,orl,82,73,24,22,17,19,0,17,12,22,22,0,home,7.0,210.0,250.0,-300.0,8.0,101.5,0.0,0,False
2009,2009-02-11,True,False,sa,tor,89,91,22,21,26,20,0,20,29,18,24,0,away,6.5,189.0,-300.0,250.0,7.0,95.0,0.0,0,True
2009,2009-02-11,True,False,phx,cle,92,109,29,23,19,21,0,29,35,23,22,0,home,9.5,200.0,350.0,-500.0,1.5,98.0,1.0,1,True
2009,2009-02-11,True,False,wsh,cha,89,101,21,24,18,26,0,24,32,21,24,0,home,8.0,188.0,320.0,-400.0,1.0,95.5,1.0,1,True
2009,2009-02-11,True,False,mem,phi,87,91,18,19,22,28,0,26,15,23,27,0,home,11.0,189.0,550.0,-800.0,5.5,93.5,0.0,0,True
2009,2009-02-11,True,False,atl,det,99,95,24,24,28,23,0,24,22,22,27,0,home,4.0,189.5,150.0,-170.0,3.5,97.0,0.0,1,False
2009,2009-02-12,True,False,mia,chi,95,93,23,27,26,19,0,24,15,26,28,0,home,4.0,196.0,165.0,-185.0,5.0,97.0,0.0,0,False
2009,2009-02-12,True,False,bos,dal,99,92,17,23,29,30,0,21,30,24,17,0,away,3.5,194.5,-165.0,145.0,4.0,98.5,1.0,0,False
2009,2009-02-12,True,False,por,gs,98,105,20,26,16,36,0,32,25,23,25,0,home,3.0,216.5,125.0,-145.0,2.0,108.0,1.0,0,True
2009,2009-02-17,True,False,bkn,hou,88,114,17,23,25,23,0,27,29,28,30,0,home,6.5,191.5,230.0,-270.0,1.5,96.0,1.0,1,True
2009,2009-02-17,True,False,atl,lal,83,96,24,12,24,23,0,23,22,40,11,0,home,8.5,213.0,325.0,-450.0,2.0,110.0,1.0,0,True
2009,2009-02-17,True,False,mem,utah,99,117,25,31,24,19,0,33,23,32,29,0,home,10.5,204.0,500.0,-700.0,6.5,103.0,1.0,1,True
2009,2009-02-17,True,False,lac,phx,100,140,26,23,23,28,0,41,40,37,22,0,home,9.0,225.0,325.0,-450.0,0.5,111.5,1.0,1,True
2009,2009-02-17,True,False,no,okc,100,98,32,21,25,22,0,18,29,24,27,0,away,3.0,195.0,-160.0,140.0,0.5,98.0,0.0,1,False
2009,2009-02-17,True,False,sa,ny,107,112,27,29,21,25,5,27,30,20,25,10,away,4.0,207.0,-185.0,165.0,3.0,104.5,0.0,1,True
2009,2009-02-17,True,False,mil,det,92,86,29,21,24,18,0,17,20,24,25,0,home,6.5,197.0,240.0,-280.0,7.0,97.5,0.0,0,False
2009,2009-02-17,True,False,min,wsh,103,111,16,26,34,27,0,27,24,25,35,0,home,2.0,204.5,115.0,-135.0,1.0,105.0,1.0,1,True
2009,2009-02-17,True,False,cha,orl,102,107,21,29,24,21,7,25,18,25,27,12,home,8.5,186.0,325.0,-450.0,8.0,91.0,0.0,1,True
2009,2009-02-17,True,False,phi,ind,91,100,18,26,19,28,0,28,27,25,20,0,home,2.0,212.0,110.0,-130.0,1.5,104.5,1.0,0,True
2009,2009-02-18,True,False,phx,lac,142,119,30,37,36,39,0,29,24,37,29,0,away,8.0,227.5,-425.0,335.0,0.5,112.0,1.0,1,False
2009,2009-02-18,True,False,lal,gs,129,121,30,32,30,37,0,34,34,26,27,0,away,4.5,228.5,-195.0,165.0,7.0,114.0,1.0,1,False
2009,2009-02-18,True,False,atl,sac,105,100,30,25,28,22,0,27,32,18,23,0,away,6.5,206.5,-300.0,250.0,6.0,105.5,0.0,0,False
2009,2009-02-18,True,False,mem,por,90,94,27,26,19,18,0,30,27,18,19,0,home,11.5,193.5,650.0,-900.0,7.0,97.5,0.0,0,True
2009,2009-02-18,True,False,den,phi,101,89,13,24,34,30,0,25,22,21,21,0,away,1.0,200.5,-117.0,-103.0,3.0,97.5,1.0,0,False
2009,2009-02-18,True,False,bkn,dal,98,113,28,27,15,28,0,28,24,40,21,0,home,8.0,200.5,300.0,-370.0,7.0,102.0,1.0,1,True
2009,2009-02-18,True,False,chi,mil,113,104,23,26,30,34,0,22,29,24,29,0,away,2.0,205.0,-135.0,115.0,1.5,101.0,1.0,1,False
2009,2009-02-18,True,False,min,mia,111,104,20,26,36,29,0,31,18,24,31,0,home,9.5,195.5,450.0,-600.0,5.0,100.5,0.0,1,False
2009,2009-02-18,True,False,ind,cha,94,103,25,25,19,25,0,32,21,26,24,0,home,5.5,202.0,200.0,-240.0,3.0,99.5,1.0,0,True
2009,2009-02-18,True,False,cle,tor,93,76,24,23,24,22,0,23,18,15,20,0,away,7.5,191.0,-370.0,300.0,3.0,95.0,1.0,0,False
2009,2009-02-18,True,False,orl,no,85,117,20,23,19,23,0,35,21,30,31,0,home,1.5,189.0,105.0,-125.0,3.5,94.5,1.0,1,True
2009,2009-02-19,True,False,sa,det,83,79,20,25,19,19,0,24,16,18,21,0,home,1.0,180.0,100.0,-120.0,1.5,91.5,0.0,0,False
2009,2009-02-19,True,False,bos,utah,85,90,22,17,27,19,0,13,25,22,30,0,away,2.5,200.5,-140.0,120.0,0.5,99.0,0.0,0,True
2009,2009-02-20,True,False,den,chi,99,116,31,23,23,22,0,21,33,29,33,0,away,1.5,209.0,-135.0,115.0,1.0,103.0,0.0,1,True
2009,2009-02-20,True,False,no,lal,111,115,20,21,25,32,13,28,17,34,19,17,home,8.0,207.0,330.0,-420.0,4.0,103.5,0.0,1,True
2009,2009-02-20,True,False,atl,por,98,108,26,22,24,26,0,23,27,30,28,0,home,4.5,191.5,165.0,-195.0,2.5,98.0,1.0,1,True
2009,2009-02-20,True,False,okc,phx,118,140,23,34,36,25,0,38,41,24,37,0,home,8.0,231.0,315.0,-385.0,0.5,114.0,1.0,1,True
2009,2009-02-20,True,False,dal,hou,86,93,28,23,13,22,0,19,25,30,19,0,home,4.0,196.5,155.0,-175.0,4.0,98.0,1.0,0,True
2009,2009-02-20,True,False,cle,mil,111,103,25,26,35,25,0,27,30,25,21,0,away,7.5,196.5,-335.0,275.0,8.0,98.5,1.0,1,False
2009,2009-02-20,True,False,wsh,bkn,107,96,20,25,35,27,0,18,24,23,31,0,home,7.5,201.0,260.0,-320.0,6.0,102.5,0.0,1,False
2009,2009-02-20,True,False,sac,mem,115,106,27,27,27,34,0,28,22,28,28,0,home,7.0,208.0,240.0,-290.0,6.0,103.5,0.0,1,False
2009,2009-02-20,True,False,ind,min,112,105,33,28,25,26,0,26,22,23,34,0,home,1.5,213.0,105.0,-125.0,3.5,105.0,0.0,1,False
2009,2009-02-20,True,False,tor,ny,97,127,22,28,25,22,0,42,33,26,26,0,home,3.0,213.0,130.0,-150.0,4.0,107.0,1.0,1,True
2009,2009-02-20,True,False,orl,cha,92,80,21,28,28,15,0,18,17,26,19,0,away,1.5,187.5,-125.0,105.0,3.0,94.0,1.0,0,False
2009,2009-02-21,True,False,phi,mia,91,97,16,24,23,28,0,20,20,27,30,0,home,3.5,188.0,145.0,-165.0,2.5,94.5,1.0,2,True
2009,2009-02-21,True,False,sa,wsh,98,67,25,27,26,20,0,18,20,19,10,0,away,7.5,193.0,-360.0,300.0,0.0,97.5,1.0,0,False
2009,2009-02-21,True,False,sac,dal,95,116,20,30,21,24,0,30,40,28,18,0,home,13.0,213.0,900.0,-1400.0,2.0,105.0,1.0,0,True
2009,2009-02-21,True,False,no,utah,88,102,21,30,25,12,0,28,33,23,18,0,home,7.0,199.0,260.0,-320.0,0.5,101.0,1.0,0,True
2009,2009-02-21,True,False,okc,gs,120,133,38,32,24,26,0,34,36,31,32,0,home,7.5,231.0,280.0,-340.0,5.0,116.0,1.0,1,True
2009,2009-02-22,True,False,det,cle,78,99,17,17,24,20,0,31,36,21,11,0,home,9.0,181.0,350.0,-500.0,3.0,88.5,1.0,0,True
2009,2009-02-22,True,False,lal,min,111,108,29,25,24,33,0,26,24,30,28,0,away,9.5,219.0,-600.0,400.0,5.0,109.0,0.0,2,False
2009,2009-02-22,True,False,lac,por,87,116,16,23,29,19,0,38,27,27,24,0,home,15.5,203.5,1200.0,-2000.0,3.5,99.5,1.0,0,True
2009,2009-02-22,True,False,mia,orl,99,122,24,22,26,27,0,39,25,27,31,0,home,9.0,191.5,350.0,-500.0,0.0,96.5,1.0,1,True
2009,2009-02-22,True,False,chi,ind,91,98,27,24,23,17,0,27,25,23,23,0,away,2.0,216.5,-130.0,110.0,2.0,106.5,0.0,0,True
2009,2009-02-22,True,False,cha,hou,78,99,20,22,14,22,0,27,17,29,26,0,home,6.0,183.0,235.0,-275.0,3.5,90.5,1.0,0,True
2009,2009-02-22,True,False,bos,phx,128,108,38,30,28,32,0,33,21,29,25,0,home,2.0,221.5,115.0,-135.0,5.0,111.0,0.0,1,False
2009,2009-02-22,True,False,ny,tor,100,111,27,26,21,26,0,27,30,25,29,0,home,3.5,216.5,145.0,-165.0,0.5,105.5,1.0,0,True
2009,2009-02-22,True,False,den,mil,117,120,35,37,24,21,0,36,33,27,24,0,away,3.5,208.5,-165.0,145.0,1.0,104.0,0.0,1,True
2009,2009-02-23,True,False,no,sac,112,105,29,32,23,28,0,24,23,27,31,0,away,9.0,204.0,-475.0,375.0,1.5,102.0,0.0,1,False
2009,2009-02-23,True,False,gs,lac,105,118,27,28,24,26,0,27,33,29,29,0,away,3.5,229.0,-165.0,145.0,3.5,114.5,0.0,0,True
2009,2009-02-23,True,False,bos,den,114,76,29,31,26,28,0,20,17,21,18,0,away,1.0,197.5,-120.0,100.0,4.5,97.5,1.0,0,False
2009,2009-02-23,True,False,ind,ny,119,123,20,31,36,32,0,23,28,42,30,0,home,8.0,225.5,265.0,-325.0,5.0,109.0,0.0,1,True
2009,2009-02-23,True,False,phi,bkn,96,98,31,20,24,21,0,19,32,23,24,0,away,2.5,192.0,-145.0,125.0,2.0,96.5,0.0,1,True
2009,2009-02-23,True,False,atl,utah,89,108,24,28,17,20,0,31,35,27,15,0,home,7.5,205.0,275.0,-335.0,0.5,105.0,1.0,0,True
2009,2009-02-24,True,False,mem,cle,79,94,16,20,20,23,0,27,31,18,18,0,home,15.5,193.0,1750.0,-3500.0,2.0,96.0,0.0,0,True
2009,2009-02-24,True,False,min,tor,110,118,37,19,26,28,0,25,27,32,34,0,home,6.5,207.5,240.0,-280.0,6.0,105.0,1.0,1,True
2009,2009-02-24,True,False,det,mia,91,103,25,26,17,23,0,24,28,28,23,0,home,4.0,182.5,160.0,-180.0,2.5,92.5,1.0,1,True
2009,2009-02-24,True,False,lal,okc,107,93,32,24,19,32,0,22,22,24,25,0,away,7.5,221.0,-380.0,310.0,1.5,109.5,1.0,0,False
2009,2009-02-24,True,False,orl,chi,102,120,27,27,28,20,0,30,33,24,33,0,away,1.5,202.5,-125.0,105.0,3.5,101.0,0.0,1,True
2009,2009-02-24,True,False,por,hou,94,98,21,22,26,25,0,31,29,18,20,0,home,4.5,189.5,170.0,-200.0,2.5,95.5,0.0,1,True
2009,2009-02-24,True,False,dal,sa,76,93,19,25,14,18,0,32,18,19,24,0,home,1.0,188.0,100.0,-120.0,2.0,93.0,1.0,0,True
2009,2009-02-24,True,False,cha,phx,102,112,27,28,29,18,0,29,30,35,18,0,home,7.0,222.5,260.0,-320.0,3.5,109.0,1.0,0,True
2009,2009-02-25,True,False,bos,lac,91,93,22,28,22,19,0,27,19,25,22,0,away,10.0,200.0,-650.0,475.0,5.5,100.5,0.0,0,True
2009,2009-02-25,True,False,atl,den,109,110,33,20,25,31,0,28,32,32,18,0,home,9.5,202.5,425.0,-550.0,4.0,102.5,0.0,1,True
2009,2009-02-25,True,False,mil,dal,96,116,23,18,32,23,0,33,32,25,26,0,home,7.5,208.5,300.0,-380.0,1.5,104.0,1.0,1,True
2009,2009-02-25,True,False,por,sa,84,99,20,25,18,21,0,29,19,26,25,0,home,1.5,178.5,105.0,-125.0,0.0,89.0,1.0,1,True
2009,2009-02-25,True,False,utah,min,120,103,23,28,32,37,0,26,29,26,22,0,away,8.0,212.0,-400.0,320.0,7.0,110.0,1.0,1,False
2009,2009-02-25,True,False,cha,sac,98,91,30,25,23,20,0,20,21,19,31,0,away,3.0,199.5,-150.0,130.0,3.0,97.5,1.0,0,False
2009,2009-02-25,True,False,orl,ny,114,109,25,32,24,33,0,15,28,28,38,0,away,3.0,218.5,-175.0,155.0,2.0,107.0,1.0,1,False
2009,2009-02-25,True,False,chi,bkn,99,111,26,23,29,21,0,25,25,24,37,0,home,1.5,204.0,105.0,-125.0,0.5,103.0,1.0,1,True
2009,2009-02-25,True,False,phi,wsh,106,98,26,30,26,24,0,29,24,14,31,0,away,4.5,195.0,-190.0,165.0,2.0,98.0,1.0,1,False
2009,2009-02-25,True,False,mem,ind,99,104,29,22,25,23,0,30,30,22,22,0,home,7.5,208.0,265.0,-330.0,1.0,105.0,0.0,0,True
2009,2009-02-25,True,False,det,no,87,90,13,29,22,23,0,22,21,22,25,0,home,8.5,181.0,275.0,-350.0,5.0,88.0,0.0,0,True
2009,2009-02-26,True,False,cle,hou,74,93,11,29,10,24,0,19,26,23,25,0,away,3.5,185.0,-160.0,140.0,3.0,93.0,0.0,0,True
2009,2009-02-26,True,False,phx,lal,106,132,26,29,26,25,0,39,31,32,30,0,home,11.0,232.0,600.0,-800.0,2.5,115.0,1.0,1,True
2009,2009-02-27,True,False,cha,gs,112,109,25,36,28,23,0,24,31,31,23,0,home,2.0,206.5,115.0,-135.0,2.5,104.5,0.0,1,False
2009,2009-02-27,True,False,lac,sac,86,98,18,21,21,26,0,27,25,26,20,0,home,3.0,215.5,135.0,-155.0,3.0,105.5,1.0,0,True
2009,2009-02-27,True,False,cle,sa,97,86,27,18,32,20,0,13,25,18,30,0,away,4.0,177.0,-175.0,155.0,0.5,88.0,1.0,1,False
2009,2009-02-27,True,False,tor,phx,113,133,30,37,25,21,0,37,31,28,37,0,home,3.5,227.0,150.0,-170.0,2.0,114.5,1.0,1,True
2009,2009-02-27,True,False,lal,den,79,90,19,21,23,16,0,16,30,20,24,0,away,2.0,220.0,-130.0,110.0,3.5,107.5,0.0,0,True
2009,2009-02-27,True,False,okc,dal,108,110,22,21,26,26,13,24,24,16,31,15,home,9.0,209.5,400.0,-525.0,6.5,101.0,0.0,1,True
2009,2009-02-27,True,False,mia,atl,83,91,15,17,21,30,0,19,17,28,27,0,home,5.5,194.5,190.0,-230.0,1.5,97.0,1.0,0,True
2009,2009-02-27,True,False,phi,ny,108,103,29,25,23,31,0,11,26,34,32,0,home,2.0,214.0,110.0,-130.0,4.5,106.0,0.0,0,False
2009,2009-02-27,True,False,ind,bos,99,104,18,31,26,24,0,26,22,29,27,0,home,12.0,205.0,700.0,-1000.0,8.0,101.5,0.0,0,True
2009,2009-02-27,True,False,chi,wsh,90,113,18,27,29,16,0,27,22,34,30,0,away,5.0,208.0,-220.0,180.0,5.0,104.0,0.0,0,True
2009,2009-02-27,True,False,det,orl,93,85,20,23,28,22,0,24,27,14,20,0,home,9.5,187.5,400.0,-525.0,3.0,92.5,0.0,0,False
2009,2009-02-27,True,False,mil,no,94,95,18,17,26,33,0,29,21,25,20,0,home,9.5,201.0,425.0,-550.0,1.0,99.5,0.0,0,True
2009,2009-02-27,True,False,por,min,102,82,23,25,29,25,0,21,19,18,24,0,away,4.5,204.0,-200.0,170.0,0.5,103.0,1.0,0,False
2009,2009-02-28,True,False,sac,utah,89,102,25,25,23,16,0,32,22,25,23,0,home,17.0,215.5,1700.0,-2700.0,9.5,107.0,0.0,0,True
2009,2009-02-28,True,False,cha,lac,100,95,17,28,34,21,0,29,22,20,24,0,away,1.0,189.0,-117.0,-103.0,2.0,93.5,1.0,1,False
2009,2009-02-28,True,False,wsh,mil,93,109,17,23,30,23,0,30,25,28,26,0,home,6.5,208.0,245.0,-290.0,1.5,105.0,1.0,0,True
2009,2009-02-28,True,False,orl,phi,106,100,26,19,25,36,0,32,25,23,20,0,away,1.5,196.5,-125.0,105.0,4.0,98.0,1.0,1,False
2009,2009-02-28,True,False,okc,mem,99,92,29,27,21,22,0,17,28,16,31,0,home,7.0,198.0,250.0,-300.0,7.0,98.0,0.0,0,False
2009,2009-02-28,True,False,ny,mia,115,120,34,33,31,17,0,22,37,24,37,0,home,6.0,213.0,230.0,-270.0,5.5,106.5,0.0,1,True
2009,2009-02-28,True,False,hou,chi,102,105,31,27,30,14,0,26,29,16,34,0,home,1.5,197.5,105.0,-125.0,1.5,96.5,1.0,1,True
2009,2009-03-01,True,False,utah,gs,112,104,34,29,24,25,0,29,27,29,19,0,away,4.5,226.5,-200.0,170.0,0.5,115.5,1.0,0,False
2009,2009-03-01,True,False,sa,por,84,102,21,16,21,26,0,33,31,16,22,0,home,4.5,181.5,160.0,-185.0,3.0,92.0,1.0,1,True
2009,2009-03-01,True,False,hou,min,105,94,29,25,29,22,0,23,30,16,25,0,away,6.5,200.5,-280.0,240.0,4.0,99.0,1.0,0,False
2009,2009-03-01,True,False,den,ind,94,100,29,12,34,19,0,28,17,23,32,0,away,2.0,216.5,-128.0,108.0,2.0,104.5,0.0,0,True
2009,2009-03-01,True,False,tor,dal,98,109,24,29,22,23,0,27,33,30,19,0,home,6.0,205.5,220.0,-260.0,1.5,102.5,1.0,1,True
2009,2009-03-01,True,False,no,bkn,99,96,22,26,28,23,0,18,23,34,21,0,away,4.5,193.0,-185.0,160.0,0.0,97.5,0.0,1,False
2009,2009-03-01,True,False,lal,phx,111,118,26,30,25,30,0,34,32,25,27,0,away,6.5,237.0,-280.0,240.0,7.0,116.0,0.0,0,True
2009,2009-03-01,True,False,det,bos,105,95,20,35,22,28,0,22,25,23,25,0,home,8.5,179.0,360.0,-450.0,8.0,90.5,0.0,1,False
2009,2009-03-01,True,False,cle,atl,88,87,30,23,14,21,0,23,20,25,19,0,away,4.0,190.0,-180.0,158.0,1.0,95.5,0.0,0,False
2009,2009-03-02,True,False,no,phi,98,91,21,25,25,27,0,14,31,22,24,0,home,2.0,189.0,115.0,-135.0,2.5,94.5,0.0,2,False
2009,2009-03-02,True,False,atl,wsh,98,89,24,22,25,27,0,22,23,18,26,0,away,5.0,197.0,-220.0,180.0,3.0,102.0,1.0,0,False
2009,2009-03-02,True,False,cle,mia,107,100,30,28,18,31,0,26,29,27,18,0,away,3.5,186.0,-160.0,140.0,1.0,94.0,1.0,1,False
2009,2009-03-02,True,False,dal,okc,87,96,23,21,15,28,0,23,25,31,17,0,away,6.0,198.0,-255.0,215.0,6.0,98.0,0.0,0,True
2009,2009-03-02,True,False,sa,lac,106,78,26,23,31,26,0,21,15,23,19,0,away,8.5,184.0,-390.0,290.0,0.5,92.0,1.0,2,False
2009,2009-03-03,True,False,tor,hou,97,107,26,23,23,25,0,20,37,20,30,0,home,9.0,198.5,350.0,-500.0,2.5,97.5,1.0,1,True
2009,2009-03-03,True,False,mem,lal,89,99,19,28,20,22,0,32,20,26,21,0,home,15.0,208.0,1400.0,-2500.0,8.0,104.0,0.0,0,True
2009,2009-03-03,True,False,ind,sac,117,109,32,33,28,24,0,27,24,27,31,0,away,2.5,215.5,-140.0,120.0,3.0,106.0,1.0,1,False
2009,2009-03-03,True,False,gs,min,118,94,36,30,25,27,0,18,19,35,22,0,home,0.0,226.5,-120.0,100.0,5.0,110.0,0.0,0,False
2009,2009-03-03,True,False,bkn,mil,99,95,19,20,22,38,0,21,24,22,28,0,home,4.0,206.0,155.0,-175.0,0.5,102.5,0.0,0,False
2009,2009-03-03,True,False,den,det,95,100,26,28,20,21,0,26,18,30,26,0,home,3.5,189.5,135.0,-155.0,4.5,93.0,1.0,1,True
2009,2009-03-03,True,False,chi,cha,80,96,24,19,19,18,0,36,20,23,17,0,home,1.5,192.5,105.0,-125.0,3.0,96.5,1.0,0,True
2009,2009-03-03,True,False,phx,orl,99,111,29,27,25,18,0,24,32,22,33,0,home,7.0,233.5,260.0,-320.0,5.0,114.5,1.0,0,True
2009,2009-03-04,True,False,mem,lac,118,95,30,22,33,33,0,26,27,21,21,0,home,1.5,194.0,100.0,-120.0,0.5,98.5,0.0,1,False
2009,2009-03-04,True,False,ind,por,105,107,26,33,27,19,0,20,32,26,29,0,home,10.0,208.5,475.0,-625.0,9.0,104.5,0.0,1,True
2009,2009-03-04,True,False,hou,utah,94,101,26,20,22,26,0,22,26,27,26,0,home,8.5,202.5,350.0,-450.0,4.5,100.0,0.0,0,True
2009,2009-03-04,True,False,gs,chi,88,110,26,19,17,26,0,20,31,24,35,0,home,7.5,224.0,290.0,-350.0,2.5,109.0,1.0,0,True
2009,2009-03-04,True,False,sa,dal,102,107,31,26,19,26,0,29,27,27,24,0,home,3.5,188.5,150.0,-170.0,3.5,94.5,1.0,1,True
2009,2009-03-04,True,False,phx,mia,129,135,29,32,34,34,0,40,27,37,31,0,home,2.5,226.0,120.0,-140.0,0.5,112.5,1.0,1,True
2009,2009-03-04,True,False,atl,ny,105,109,26,23,26,30,0,22,29,33,25,0,away,2.5,213.5,-150.0,130.0,3.5,108.0,0.0,1,True
2009,2009-03-04,True,False,bos,bkn,115,111,27,31,34,23,0,20,31,30,30,0,away,7.5,194.0,-330.0,270.0,2.5,99.0,0.0,1,False
2009,2009-03-04,True,False,mil,cle,73,91,20,19,19,15,0,22,26,24,19,0,home,13.0,198.0,950.0,-1500.0,5.0,98.5,1.0,0,True
2009,2009-03-04,True,False,wsh,okc,83,88,26,17,19,21,0,20,24,24,20,0,home,5.0,194.0,185.0,-225.0,3.0,97.0,2.0,0,True
2009,2009-03-05,True,False,dal,no,88,104,21,24,22,21,0,24,21,30,29,0,home,6.0,195.5,220.0,-260.0,4.0,96.0,1.0,0,True
2009,2009-03-05,True,False,por,den,90,106,18,26,26,20,0,32,21,28,25,0,home,7.5,200.0,270.0,-350.0,1.0,99.0,1.0,0,True
2009,2009-03-06,True,False,wsh,sa,78,100,15,19,19,25,0,24,22,33,21,0,home,13.0,186.5,800.0,-1200.0,3.5,95.0,1.0,0,True
2009,2009-03-06,True,False,den,utah,91,97,24,23,22,22,0,16,21,36,24,0,home,9.5,209.5,400.0,-600.0,9.0,103.0,0.0,0,True
2009,2009-03-06,True,False,mil,chi,102,117,26,26,28,22,0,25,38,22,32,0,home,6.5,205.5,240.0,-280.0,0.5,102.5,1.0,1,True
2009,2009-03-06,True,False,min,lal,90,110,17,19,23,31,0,22,25,30,33,0,home,15.5,215.5,1500.0,-3000.0,6.0,108.0,1.0,0,True
2009,2009-03-06,True,False,phx,hou,112,116,18,28,30,36,0,23,33,25,35,0,home,5.5,226.0,210.0,-250.0,0.5,109.0,0.0,1,True
2009,2009-03-06,True,False,mia,tor,108,102,22,34,30,22,0,24,26,26,26,0,away,1.0,202.5,-120.0,100.0,1.5,101.5,1.0,1,False
2009,2009-03-06,True,False,gs,det,91,108,16,24,26,25,0,33,30,22,23,0,home,11.0,207.5,500.0,-700.0,0.0,101.5,1.0,0,True
2009,2009-03-06,True,False,atl,cha,91,98,21,29,20,21,0,36,23,21,18,0,home,3.0,183.0,130.0,-150.0,1.5,95.0,1.0,1,True
2009,2009-03-06,True,False,bkn,orl,102,105,29,30,27,16,0,32,28,23,22,0,home,9.5,201.5,400.0,-600.0,5.5,102.5,0.0,1,True
2009,2009-03-06,True,False,cle,bos,94,105,19,24,26,25,0,21,24,33,27,0,home,1.5,185.5,105.0,-125.0,0.5,93.0,1.0,1,True
2009,2009-03-07,True,False,det,atl,83,87,26,17,17,23,0,19,22,22,24,0,home,3.0,184.5,130.0,-150.0,3.0,91.5,1.0,0,True
2009,2009-03-07,True,False,mia,cle,89,99,14,22,25,28,0,28,22,20,29,0,home,9.0,191.5,380.0,-475.0,1.5,96.0,1.0,0,True
2009,2009-03-07,True,False,cha,ny,114,105,32,27,22,33,0,31,26,15,33,0,home,3.5,206.5,140.0,-160.0,3.0,103.5,0.0,1,False
2009,2009-03-07,True,False,phi,mem,110,105,27,24,28,31,0,26,29,24,26,0,away,5.5,193.0,-230.0,190.0,5.5,96.0,0.0,1,False
2009,2009-03-07,True,False,okc,no,90,108,18,31,23,18,0,31,22,23,32,0,home,13.0,188.5,1000.0,-1400.0,7.5,92.5,1.0,1,True
2009,2009-03-07,True,False,gs,mil,120,127,28,25,32,35,0,33,29,32,33,0,home,8.0,220.5,310.0,-370.0,1.5,108.0,0.0,1,True
2009,2009-03-07,True,False,wsh,dal,103,119,26,25,20,32,0,20,31,30,38,0,home,12.5,198.5,700.0,-1100.0,8.0,102.0,1.0,1,True
2009,2009-03-07,True,False,min,por,93,95,22,24,24,23,0,26,21,24,24,0,home,14.0,199.5,1225.0,-1800.0,8.5,101.5,0.0,0,True
2009,2009-03-07,True,False,ind,lac,106,105,25,26,33,22,0,30,34,25,16,0,away,7.0,211.5,-300.0,250.0,7.0,104.5,0.0,0,False
2009,2009-03-08,True,False,den,sac,106,114,25,24,26,31,0,35,26,24,29,0,away,9.0,214.5,-500.0,350.0,8.5,106.5,0.0,1,True
2009,2009-03-08,True,False,mem,hou,83,93,19,18,20,26,0,28,27,20,18,0,home,14.0,197.0,1400.0,-2500.0,2.5,98.0,0.0,0,True
2009,2009-03-08,True,False,ny,bkn,101,106,30,27,20,24,0,27,26,26,27,0,home,5.0,220.0,180.0,-220.0,5.5,109.5,2.0,0,True
2009,2009-03-08,True,False,phi,okc,74,89,24,12,16,22,0,18,30,18,23,0,away,6.0,196.5,-260.0,220.0,5.5,96.5,0.0,0,True
2009,2009-03-08,True,False,orl,bos,86,79,22,29,18,17,0,15,18,23,23,0,home,2.0,196.5,120.0,-140.0,5.5,98.5,0.0,0,False
2009,2009-03-08,True,False,utah,tor,109,101,29,20,32,28,0,24,24,39,14,0,away,4.5,205.0,-200.0,170.0,3.0,105.5,1.0,1,False
2009,2009-03-08,True,False,phx,sa,98,103,30,15,29,24,0,30,28,20,25,0,home,5.0,217.5,170.0,-200.0,2.0,107.0,2.0,0,True
2009,2009-03-09,True,False,no,atl,79,89,28,12,20,19,0,20,27,20,22,0,away,1.5,188.0,-127.0,107.0,3.0,95.5,0.0,0,True
2009,2009-03-09,True,False,orl,det,94,98,21,24,26,23,0,21,21,31,25,0,away,1.5,186.0,-125.0,105.0,0.0,90.5,0.0,1,True
2009,2009-03-09,True,False,chi,mia,127,130,26,26,22,30,23,22,32,30,20,26,home,5.0,202.0,175.0,-210.0,2.5,102.5,0.0,1,True
2009,2009-03-09,True,False,wsh,min,110,99,27,22,30,31,0,24,20,29,26,0,home,4.0,204.0,155.0,-175.0,3.5,105.5,0.0,1,False
2009,2009-03-09,True,False,hou,den,97,95,18,27,29,23,0,27,13,22,33,0,home,4.5,198.0,165.0,-195.0,4.0,96.5,0.0,0,False
2009,2009-03-09,True,False,lal,por,94,111,16,22,18,38,0,25,36,23,27,0,away,3.0,202.0,-150.0,130.0,7.0,99.5,0.0,1,True
2009,2009-03-10,True,False,cle,lac,87,83,17,17,18,35,0,24,24,21,14,0,away,11.0,197.5,-700.0,500.0,10.0,97.5,0.0,0,False
2009,2009-03-10,True,False,okc,sac,99,98,27,28,29,15,0,26,29,21,22,0,home,4.0,207.5,160.0,-185.0,3.0,103.0,0.0,0,False
2009,2009-03-10,True,False,dal,phx,122,117,33,25,34,30,0,30,32,25,30,0,home,5.5,230.0,200.0,-240.0,2.0,113.5,0.0,1,False
2009,2009-03-10,True,False,utah,ind,112,100,29,25,28,30,0,22,26,32,20,0,away,3.5,214.0,-165.0,145.0,0.0,110.0,1.0,0,False
2009,2009-03-10,True,False,ny,mil,120,112,29,27,32,32,0,31,34,19,28,0,home,3.5,223.5,145.0,-165.0,1.0,111.0,0.0,1,False
2009,2009-03-10,True,False,cha,sa,86,100,29,17,25,15,0,23,23,25,29,0,home,5.5,179.0,195.0,-235.0,4.0,88.5,1.0,1,True
2009,2009-03-11,True,False,lal,hou,102,96,24,16,27,35,0,24,27,19,26,0,home,3.5,201.0,150.0,-170.0,2.5,99.0,0.0,0,False
2009,2009-03-11,True,False,bkn,gs,112,116,28,39,20,25,0,30,23,32,31,0,home,3.0,222.5,130.0,-150.0,5.0,111.0,1.0,1,True
2009,2009-03-11,True,False,dal,por,93,89,24,30,20,19,0,25,19,23,22,0,home,8.0,195.5,310.0,-370.0,7.5,95.5,0.0,0,False
2009,2009-03-11,True,False,okc,den,99,112,19,25,26,29,0,31,22,30,29,0,home,13.5,203.0,1050.0,-1600.0,5.0,99.0,0.0,1,True
2009,2009-03-11,True,False,bos,mia,99,107,32,23,18,26,0,31,19,32,25,0,home,3.5,189.0,150.0,-170.0,3.0,96.0,1.0,1,True
2009,2009-03-11,True,False,mem,min,79,104,14,26,21,18,0,35,15,23,31,0,away,2.5,199.5,-145.0,125.0,4.0,100.5,0.0,0,True
2009,2009-03-11,True,False,ny,det,116,111,28,20,23,30,15,28,28,25,20,10,home,7.0,206.5,243.0,-285.0,1.0,101.0,0.0,1,False
2009,2009-03-11,True,False,tor,phi,106,115,19,20,35,32,0,19,37,36,23,0,home,6.0,202.5,220.0,-260.0,2.0,99.0,1.0,1,True
2009,2009-03-11,True,False,utah,atl,93,100,18,24,33,18,0,25,30,18,27,0,home,2.0,196.5,110.0,-130.0,3.0,102.0,1.0,0,True
2009,2009-03-11,True,False,chi,orl,79,107,13,23,17,26,0,26,22,37,22,0,home,8.0,203.5,300.0,-360.0,1.0,101.0,1.0,0,True
2009,2009-03-11,True,False,no,wsh,109,98,22,23,40,24,0,28,18,22,30,0,away,8.0,193.0,-400.0,325.0,6.0,98.0,1.0,1,False
2009,2009-03-12,True,False,lal,sa,102,95,35,18,25,24,0,17,21,32,25,0,home,3.0,194.0,130.0,-150.0,5.5,96.0,0.0,1,False
2009,2009-03-12,True,False,cle,phx,119,111,30,33,26,30,0,27,35,31,18,0,away,4.0,221.0,-185.0,165.0,2.5,110.5,1.0,1,False
2009,2009-03-13,True,False,dal,gs,110,119,31,23,24,32,0,29,31,29,30,0,away,1.5,224.0,-125.0,105.0,2.5,110.0,0.0,1,True
2009,2009-03-13,True,False,bkn,por,100,109,26,25,26,23,0,20,27,24,38,0,home,7.0,195.5,250.0,-300.0,6.5,97.5,1.0,1,True
2009,2009-03-13,True,False,cle,sac,126,123,28,32,25,31,10,32,27,34,23,7,away,10.0,199.5,-650.0,450.0,6.0,100.5,0.0,1,False
2009,2009-03-13,True,False,no,mil,95,86,14,25,27,29,0,14,24,25,23,0,away,4.5,198.0,-200.0,170.0,3.0,101.0,1.0,0,False
2009,2009-03-13,True,False,ny,min,102,94,25,21,28,28,0,19,29,21,25,0,away,5.0,220.5,-220.0,180.0,4.5,110.5,1.0,0,False
2009,2009-03-13,True,False,hou,cha,91,86,21,25,24,21,0,21,27,17,21,0,home,0.0,183.5,-110.0,-110.0,0.5,90.5,0.0,0,False
2009,2009-03-13,True,False,mem,bos,92,102,27,17,25,23,0,21,26,29,26,0,home,12.5,192.5,800.0,-1200.0,6.5,96.5,0.0,1,True
2009,2009-03-13,True,False,det,tor,99,95,24,16,28,20,11,21,24,12,31,7,away,1.0,193.5,-120.0,100.0,1.5,95.5,1.0,1,False
2009,2009-03-13,True,False,orl,wsh,112,103,30,30,21,31,0,25,27,23,28,0,away,7.5,200.0,-350.0,290.0,1.5,101.0,1.0,1,False
2009,2009-03-13,True,False,chi,phi,101,104,23,24,22,32,0,22,28,30,24,0,home,3.5,201.5,145.0,-165.0,0.5,100.0,0.0,1,True
2009,2009-03-13,True,False,ind,atl,87,101,29,19,16,23,0,22,23,30,26,0,home,5.5,207.5,200.0,-240.0,5.0,102.0,1.0,0,True
2009,2009-03-14,True,False,okc,phx,95,106,27,25,20,23,0,18,28,26,34,0,home,8.0,234.0,305.0,-365.0,8.0,114.0,1.0,0,True
2009,2009-03-14,True,False,lac,den,94,107,17,29,25,23,0,24,27,34,22,0,home,12.5,207.0,750.0,-1200.0,6.0,102.5,1.0,0,True
2009,2009-03-14,True,False,sa,hou,88,85,22,22,20,24,0,22,15,26,22,0,home,2.5,182.0,125.0,-145.0,3.5,92.0,0.0,0,False
2009,2009-03-14,True,False,cha,min,100,108,25,26,28,21,0,32,34,21,21,0,away,5.0,190.5,-220.0,180.0,5.5,96.5,0.0,1,True
2009,2009-03-14,True,False,utah,mia,129,140,29,26,25,27,22,19,32,32,24,33,away,2.5,203.0,-145.0,125.0,0.0,104.5,0.0,1,True
2009,2009-03-14,True,False,no,chi,79,97,22,17,18,22,0,27,26,28,16,0,away,2.0,193.5,-130.0,110.0,5.0,97.5,0.0,0,True
2009,2009-03-15,True,False,sac,wsh,104,106,29,26,28,21,0,37,29,21,19,0,home,2.5,212.0,125.0,-145.0,2.0,106.5,0.0,0,True
2009,2009-03-15,True,False,bkn,lac,105,107,30,24,24,27,0,33,32,23,19,0,away,2.0,200.5,-135.0,115.0,4.0,101.0,0.0,1,True
2009,2009-03-15,True,False,phx,gs,154,130,42,32,46,34,0,36,36,25,33,0,home,1.5,244.5,105.0,-125.0,2.0,122.0,0.0,1,False
2009,2009-03-15,True,False,utah,orl,87,105,20,23,24,20,0,30,27,28,20,0,home,5.5,203.5,200.0,-240.0,2.0,104.0,1.0,0,True
2009,2009-03-15,True,False,dal,lal,100,107,28,26,26,20,0,37,29,21,20,0,home,8.5,209.5,350.0,-500.0,0.5,103.5,0.0,0,True
2009,2009-03-15,True,False,ny,cle,93,98,25,18,29,21,0,24,26,24,24,0,home,10.0,210.0,400.0,-600.0,3.5,104.0,0.0,0,True
2009,2009-03-15,True,False,bos,mil,77,86,25,16,22,14,0,22,19,24,21,0,away,6.0,197.5,-260.0,220.0,4.0,99.5,0.0,0,True
2009,2009-03-15,True,False,mia,phi,77,85,22,21,25,9,0,29,17,15,24,0,home,7.0,196.0,260.0,-320.0,3.5,98.5,1.0,0,True
2009,2009-03-15,True,False,por,atl,80,98,18,21,22,19,0,21,21,30,26,0,home,4.0,188.0,165.0,-185.0,1.5,94.5,1.0,0,True
2009,2009-03-15,True,False,ind,tor,87,110,26,24,19,18,0,24,29,37,20,0,home,3.0,214.5,130.0,-150.0,1.0,106.5,1.0,0,True
2009,2009-03-15,True,False,mem,det,89,84,26,31,16,16,0,20,20,26,18,0,home,8.5,182.5,320.0,-400.0,9.5,93.5,0.0,0,False
2009,2009-03-16,True,False,bkn,den,96,121,20,23,29,24,0,30,19,34,38,0,home,13.5,204.0,800.0,-1300.0,6.5,101.0,1.0,1,True
2009,2009-03-16,True,False,tor,cha,86,112,22,21,29,14,0,27,30,32,23,0,home,7.5,194.0,260.0,-310.0,0.5,97.0,1.0,1,True
2009,2009-03-16,True,False,sa,okc,76,78,29,13,21,13,0,14,24,23,17,0,away,5.0,186.5,-230.0,190.0,2.0,92.5,0.0,0,True
2009,2009-03-16,True,False,por,mem,103,92,29,26,18,30,0,20,28,18,26,0,away,6.0,189.0,-260.0,220.0,1.5,94.0,1.0,1,False
2009,2009-03-16,True,False,hou,no,95,84,23,21,23,28,0,23,24,17,20,0,home,6.0,181.0,220.0,-260.0,3.0,90.5,0.0,0,False
2009,2009-03-17,True,False,lac,gs,120,127,27,24,30,39,0,25,34,33,35,0,home,3.5,224.5,155.0,-175.0,0.5,110.0,1.0,1,True
2009,2009-03-17,True,False,wsh,utah,88,103,15,21,25,27,0,25,21,30,27,0,home,15.5,203.5,1800.0,-2800.0,6.5,103.0,0.0,0,True
2009,2009-03-17,True,False,phi,lal,94,93,20,30,12,32,0,24,26,23,20,0,home,9.5,206.5,460.0,-570.0,6.5,104.0,0.0,0,False
2009,2009-03-17,True,False,min,sa,86,93,21,14,25,26,0,22,17,29,25,0,home,9.5,189.0,475.0,-600.0,5.0,97.0,0.0,0,True
2009,2009-03-17,True,False,sac,atl,97,119,31,28,27,11,0,26,42,24,27,0,home,12.0,204.0,650.0,-1000.0,4.5,100.5,1.0,1,True
2009,2009-03-17,True,False,bos,chi,121,127,26,29,35,31,0,34,20,35,38,0,away,1.5,195.5,-118.0,-102.0,0.5,98.0,0.0,1,True
2009,2009-03-17,True,False,det,dal,101,103,21,24,21,35,0,29,25,26,23,0,home,7.0,187.5,255.0,-310.0,1.0,92.0,0.0,1,True
2009,2009-03-17,True,False,orl,cle,93,97,23,27,25,18,0,28,25,19,25,0,home,6.5,191.5,255.0,-310.0,3.5,96.0,0.0,0,True
2009,2009-03-18,True,False,wsh,lac,108,123,32,32,29,15,0,27,29,37,30,0,home,6.5,203.5,240.0,-280.0,6.0,105.5,1.0,1,True
2009,2009-03-18,True,False,phi,phx,116,126,34,32,25,25,0,31,32,30,33,0,home,7.5,225.5,250.0,-300.0,6.0,113.5,1.0,1,True
2009,2009-03-18,True,False,det,hou,101,106,18,20,27,17,19,20,22,22,18,24,home,9.0,176.0,350.0,-500.0,4.5,86.5,0.0,1,True
2009,2009-03-18,True,False,chi,okc,103,96,22,29,29,23,0,29,27,19,21,0,home,1.5,202.5,105.0,-125.0,1.0,101.0,0.0,0,False
2009,2009-03-18,True,False,min,no,93,94,16,28,22,27,0,24,24,26,20,0,home,12.5,192.5,900.0,-1400.0,7.0,100.0,0.0,0,True
2009,2009-03-18,True,False,orl,mil,106,80,36,29,17,24,0,20,15,25,20,0,away,5.5,202.0,-240.0,200.0,4.0,102.0,1.0,0,False
2009,2009-03-18,True,False,bkn,ny,115,89,20,35,35,25,0,23,21,26,19,0,home,7.5,214.5,270.0,-330.0,8.0,107.0,0.0,0,False
2009,2009-03-18,True,False,sac,cha,88,104,25,21,24,18,0,33,18,27,26,0,home,13.5,199.5,1100.0,-1800.0,6.0,97.0,1.0,0,True
2009,2009-03-18,True,False,mia,bos,108,112,21,33,22,24,8,34,15,26,25,12,home,7.5,184.5,270.0,-330.0,7.5,92.5,0.0,1,True
2009,2009-03-18,True,False,por,ind,95,85,27,23,26,19,0,16,23,16,30,0,away,2.0,203.0,-130.0,110.0,2.5,100.5,1.0,0,False
2009,2009-03-18,True,False,den,mem,111,109,26,27,28,30,0,35,24,32,18,0,away,6.5,200.5,-275.0,235.0,7.0,99.0,0.0,1,False
2009,2009-03-19,True,False,dal,atl,87,95,29,16,27,15,0,23,33,20,19,0,home,5.5,196.5,190.0,-230.0,2.0,96.0,1.0,0,True
2009,2009-03-19,True,False,por,cle,92,97,19,17,21,29,6,12,22,31,21,11,home,10.5,186.5,500.0,-700.0,7.5,92.5,0.0,1,True
2009,2009-03-19,True,False,gs,lal,106,114,28,23,22,33,0,26,26,30,32,0,home,13.0,232.0,1100.0,-1400.0,8.5,115.0,0.0,0,True
2009,2009-03-20,True,False,min,hou,88,107,16,21,29,22,0,22,26,35,24,0,home,11.0,193.0,600.0,-800.0,3.0,98.5,1.0,1,True
2009,2009-03-20,True,False,wsh,den,105,116,31,20,25,29,0,28,30,28,30,0,home,14.0,212.0,1200.0,-2000.0,6.5,108.0,0.0,1,True
2009,2009-03-20,True,False,phi,gs,111,119,33,23,23,32,0,31,31,29,28,0,away,1.5,225.0,-125.0,105.0,2.0,112.0,0.0,1,True
2009,2009-03-20,True,False,bos,sa,80,77,16,21,27,16,0,22,20,21,14,0,home,3.5,183.0,145.0,-165.0,0.5,91.0,0.0,0,False
2009,2009-03-20,True,False,lac,det,90,108,27,23,19,21,0,23,23,28,34,0,home,6.5,190.0,240.0,-280.0,6.0,94.0,1.0,1,True
2009,2009-03-20,True,False,cha,tor,102,89,33,19,30,20,0,24,26,20,19,0,home,1.5,194.5,105.0,-125.0,1.0,95.5,0.0,0,False
2009,2009-03-20,True,False,utah,okc,101,94,23,26,28,24,0,24,16,26,28,0,away,4.0,199.0,-185.0,165.0,1.0,100.5,1.0,0,False
2009,2009-03-20,True,False,sac,ny,121,94,28,34,35,24,0,22,21,28,23,0,home,9.0,224.5,350.0,-500.0,8.5,108.5,0.0,0,False
2009,2009-03-20,True,False,mia,bkn,88,96,17,22,24,25,0,21,30,16,29,0,away,2.5,197.5,-140.0,120.0,4.0,99.0,0.0,0,True
2009,2009-03-20,True,False,dal,ind,94,92,25,26,26,17,0,23,23,30,16,0,home,2.5,211.5,120.0,-140.0,3.0,105.0,0.0,0,False
2009,2009-03-20,True,False,mem,no,84,96,21,19,28,16,0,21,20,26,29,0,home,11.5,190.0,650.0,-900.0,7.0,95.5,1.0,0,True
2009,2009-03-21,True,False,atl,cle,96,102,13,22,28,33,0,27,26,26,23,0,home,7.5,186.0,280.0,-340.0,2.0,95.5,0.0,1,True
2009,2009-03-21,True,False,ind,cha,108,83,23,30,33,22,0,25,20,9,29,0,home,6.5,198.5,250.0,-300.0,5.5,97.5,0.0,0,False
2009,2009-03-21,True,False,ny,orl,103,110,28,24,28,23,0,29,30,27,24,0,home,13.0,214.5,800.0,-1100.0,6.0,105.0,0.0,0,True
2009,2009-03-21,True,False,bos,mem,105,87,21,31,26,27,0,21,27,17,22,0,away,8.0,192.0,-360.0,300.0,4.0,96.5,1.0,2,False
2009,2009-03-21,True,False,lal,chi,117,109,24,24,33,36,0,34,28,25,22,0,away,3.5,212.5,-165.0,145.0,6.0,106.0,1.0,1,False
2009,2009-03-21,True,False,por,mil,96,84,18,21,30,27,0,24,19,17,24,0,away,3.0,192.5,-150.0,130.0,3.0,97.0,1.0,0,False
2009,2009-03-21,True,False,wsh,phx,96,128,16,37,22,21,0,31,26,33,38,0,home,14.5,232.0,1250.0,-2500.0,8.0,118.0,1.0,0,True
2009,2009-03-22,True,False,gs,no,89,99,20,17,21,31,0,27,27,24,21,0,home,8.5,215.5,325.0,-450.0,0.0,105.5,1.0,0,True
2009,2009-03-22,True,False,phi,sac,112,100,35,34,26,17,0,17,26,31,26,0,away,5.0,207.5,-220.0,180.0,4.0,101.5,1.0,1,False
2009,2009-03-22,True,False,cle,bkn,96,88,27,21,23,25,0,21,17,17,33,0,away,6.5,190.0,-260.0,220.0,0.5,95.5,1.0,0,False
2009,2009-03-22,True,False,okc,min,97,90,26,31,27,13,0,16,23,14,37,0,away,2.0,199.5,-135.0,115.0,3.0,100.0,1.0,0,False
2009,2009-03-22,True,False,lac,tor,76,100,20,20,14,22,0,33,21,23,23,0,home,4.5,210.0,170.0,-200.0,2.0,104.0,1.0,0,True
2009,2009-03-22,True,False,mia,det,101,96,20,23,24,34,0,23,24,26,23,0,home,2.0,183.0,115.0,-135.0,0.5,92.0,0.0,1,False
2009,2009-03-22,True,False,hou,sa,87,85,22,29,13,23,0,27,20,16,22,0,home,3.0,177.5,135.0,-155.0,3.0,88.0,0.0,0,False
2009,2009-03-23,True,False,den,phx,115,118,22,38,32,23,0,29,34,25,30,0,home,3.5,236.0,150.0,-170.0,1.5,116.5,0.0,0,True
2009,2009-03-23,True,False,lac,bos,77,90,18,24,18,17,0,31,13,26,20,0,home,15.0,200.0,2200.0,-3300.0,8.5,100.0,0.0,0,True
2009,2009-03-23,True,False,orl,ny,106,102,24,26,20,36,0,24,30,25,23,0,away,6.5,216.0,-260.0,220.0,6.0,108.0,0.0,0,False
2009,2009-03-23,True,False,phi,por,114,108,31,27,17,23,16,26,18,28,26,10,home,8.0,191.0,310.0,-380.0,8.0,95.5,0.0,1,False
2009,2009-03-23,True,False,chi,wsh,101,99,19,22,33,27,0,27,20,20,32,0,away,8.0,209.0,-350.0,290.0,8.0,104.5,0.0,0,False
2009,2009-03-23,True,False,min,atl,97,109,18,18,28,33,0,23,35,23,28,0,home,12.0,195.0,675.0,-950.0,0.5,99.5,2.0,1,True
2009,2009-03-23,True,False,mem,mia,82,94,16,24,22,20,0,30,26,24,14,0,home,8.5,195.0,330.0,-420.0,0.0,96.0,1.0,0,True
2009,2009-03-24,True,False,lal,okc,107,89,37,25,28,17,0,20,18,34,17,0,away,7.5,207.5,-360.0,300.0,2.5,102.5,1.0,0,False
2009,2009-03-24,True,False,det,chi,91,99,18,25,25,23,0,22,21,32,24,0,home,4.5,190.0,170.0,-200.0,3.5,94.5,1.0,2,True
2009,2009-03-24,True,False,gs,sa,106,107,25,29,24,28,0,28,24,27,28,0,home,8.0,208.0,320.0,-400.0,6.5,104.0,0.0,1,True
2009,2009-03-24,True,False,hou,utah,86,99,21,22,24,19,0,23,23,29,24,0,home,6.0,194.0,230.0,-270.0,3.5,97.0,1.0,0,True
2009,2009-03-25,True,False,den,no,101,88,28,18,31,24,0,21,24,23,20,0,home,4.0,196.5,160.0,-180.0,3.5,98.5,0.0,0,False
2009,2009-03-25,True,False,utah,phx,114,118,31,27,25,31,0,32,20,37,29,0,home,3.0,229.0,135.0,-155.0,3.5,117.0,1.0,1,True
2009,2009-03-25,True,False,gs,dal,106,128,26,30,27,23,0,37,26,32,33,0,home,9.0,225.0,425.0,-550.0,3.0,111.0,1.0,1,True
2009,2009-03-25,True,False,bos,orl,82,84,21,18,23,20,0,25,22,23,14,0,home,3.5,189.0,140.0,-160.0,0.5,95.0,0.0,0,True
2009,2009-03-25,True,False,lac,ny,140,135,28,37,30,32,13,44,22,27,34,8,home,6.0,217.5,220.0,-260.0,4.0,107.5,0.0,1,False
2009,2009-03-25,True,False,cha,wsh,93,95,29,28,14,22,0,24,26,23,22,0,away,7.0,191.5,-300.0,250.0,1.5,95.5,0.0,0,True
2009,2009-03-25,True,False,bkn,cle,87,98,17,23,20,27,0,26,18,24,30,0,home,12.5,189.5,850.0,-1100.0,6.5,95.5,0.0,0,True
2009,2009-03-25,True,False,sa,atl,102,92,28,25,21,28,0,22,26,26,18,0,home,7.0,179.0,245.0,-290.0,6.5,90.5,0.0,1,False
2009,2009-03-25,True,False,mia,ind,88,90,24,25,19,20,0,27,21,19,23,0,away,1.0,205.0,-120.0,100.0,0.5,102.5,0.0,0,True
2009,2009-03-25,True,False,mil,tor,106,115,20,24,27,35,0,25,40,29,21,0,home,4.0,201.0,155.0,-175.0,2.5,99.0,1.0,1,True
2009,2009-03-25,True,False,min,phi,88,96,16,27,19,26,0,14,23,28,31,0,home,10.0,200.5,475.0,-650.0,9.5,103.5,0.0,0,True
2009,2009-03-26,True,False,lal,det,92,77,25,14,31,22,0,12,30,13,22,0,away,9.0,193.5,-440.0,320.0,7.5,95.5,1.0,0,False
2009,2009-03-26,True,False,mia,chi,87,106,25,24,14,24,0,26,21,32,27,0,home,5.5,202.5,200.0,-240.0,4.5,102.5,1.0,0,True
2009,2009-03-26,True,False,phx,por,109,129,27,30,22,30,0,29,36,35,29,0,home,6.5,221.0,240.0,-280.0,1.5,110.5,1.0,1,True
2009,2009-03-27,True,False,lac,sa,98,111,19,27,26,26,0,39,20,37,15,0,home,11.5,193.0,600.0,-800.0,2.5,95.5,1.0,1,True
2009,2009-03-27,True,False,den,dal,103,101,25,32,29,17,0,26,26,24,25,0,home,3.5,205.0,145.0,-165.0,3.0,101.0,0.0,0,False
2009,2009-03-27,True,False,lal,bkn,103,95,31,20,30,22,0,25,24,21,25,0,away,6.5,205.0,-300.0,250.0,3.0,100.5,1.0,0,False
2009,2009-03-27,True,False,min,cle,85,107,18,21,25,21,0,27,29,23,28,0,home,14.0,192.5,1200.0,-2000.0,2.5,99.5,1.0,0,True
2009,2009-03-27,True,False,mil,orl,94,110,20,23,27,24,0,21,28,31,30,0,home,11.5,198.0,800.0,-1200.0,5.5,99.0,1.0,1,True
2009,2009-03-27,True,False,no,ny,93,103,26,23,16,28,0,23,19,35,26,0,away,4.0,205.5,-200.0,170.0,0.5,102.5,0.0,0,True
2009,2009-03-27,True,False,cha,phi,100,95,29,21,23,27,0,23,10,27,35,0,home,4.5,188.0,175.0,-210.0,7.0,92.5,0.0,1,False
2009,2009-03-27,True,False,mem,sac,113,95,32,27,23,31,0,22,15,30,28,0,home,3.0,209.5,135.0,-155.0,6.5,104.0,0.0,0,False
2009,2009-03-27,True,False,okc,tor,96,112,18,22,25,31,0,28,23,33,28,0,home,5.0,201.5,190.0,-230.0,0.5,99.0,1.0,1,True
2009,2009-03-27,True,False,bos,atl,99,93,28,24,25,22,0,25,17,18,33,0,home,1.0,186.0,100.0,-120.0,3.5,93.0,0.0,1,False
2009,2009-03-28,True,False,phx,utah,99,104,24,11,23,32,9,27,25,17,21,14,home,9.0,230.0,400.0,-500.0,0.5,112.5,0.0,0,True
2009,2009-03-28,True,False,ny,cha,85,96,27,17,23,18,0,20,30,23,23,0,home,6.5,206.0,250.0,-300.0,1.5,101.5,1.0,0,True
2009,2009-03-28,True,False,mem,por,66,86,16,20,11,19,0,25,23,20,18,0,home,13.0,190.0,850.0,-1150.0,4.0,94.5,1.0,0,True
2009,2009-03-28,True,False,gs,den,116,129,27,30,17,42,0,28,38,38,25,0,home,12.0,229.5,950.0,-1150.0,4.0,113.0,1.0,1,True
2009,2009-03-28,True,False,ind,chi,106,112,35,23,24,24,0,21,33,33,25,0,home,8.5,213.0,350.0,-450.0,7.5,106.5,0.0,1,True
2009,2009-03-28,True,False,mil,mia,85,102,23,20,20,22,0,28,30,19,25,0,home,8.5,197.5,370.0,-470.0,0.5,99.0,1.0,0,True
2009,2009-03-28,True,False,det,wsh,98,96,29,31,24,14,0,26,27,19,24,0,away,4.0,191.0,-180.0,160.0,0.5,97.0,0.0,1,False
2009,2009-03-28,True,False,lac,hou,93,110,17,19,23,34,0,30,27,28,25,0,home,15.5,195.0,1800.0,-2800.0,2.0,97.0,1.0,1,True
2009,2009-03-29,True,False,phx,sac,118,126,33,31,32,22,0,35,35,35,21,0,away,6.0,236.0,-260.0,220.0,7.0,117.5,0.0,1,True
2009,2009-03-29,True,False,sa,no,86,90,25,22,16,23,0,19,24,25,22,0,away,2.0,178.0,-125.0,105.0,0.0,90.0,0.0,0,True
2009,2009-03-29,True,False,wsh,ind,115,124,28,24,24,39,0,30,29,33,32,0,home,9.5,207.0,415.0,-525.0,3.5,105.0,0.0,1,True
2009,2009-03-29,True,False,phi,det,97,101,31,27,25,14,0,27,30,22,22,0,home,2.0,184.5,110.0,-130.0,2.0,92.5,1.0,1,True
2009,2009-03-29,True,False,okc,bos,84,103,25,20,23,16,0,20,25,26,32,0,home,10.5,191.5,550.0,-725.0,7.0,94.5,1.0,0,True
2009,2009-03-29,True,False,chi,tor,129,134,21,23,33,42,10,30,25,35,29,15,home,1.5,209.0,105.0,-125.0,3.0,104.0,1.0,1,True
2009,2009-03-29,True,False,lal,atl,76,86,13,26,19,18,0,20,20,32,14,0,away,3.5,199.5,-165.0,145.0,3.5,98.5,0.0,0,True
2009,2009-03-29,True,False,dal,cle,74,102,30,19,11,14,0,20,27,30,25,0,home,9.0,190.5,425.0,-515.0,7.0,95.5,1.0,0,True
2009,2009-03-29,True,False,bkn,min,99,108,24,24,23,28,0,29,29,26,24,0,away,4.5,199.5,-180.0,158.0,5.0,100.5,0.0,1,True
2009,2009-03-30,True,False,orl,mia,101,95,26,20,24,31,0,21,22,26,26,0,away,2.5,193.0,-135.0,115.0,0.0,95.0,1.0,1,False
2009,2009-03-30,True,False,mil,bkn,107,78,32,28,24,23,0,13,24,16,25,0,home,3.0,200.5,130.0,-150.0,6.5,101.0,0.0,0,False
2009,2009-03-30,True,False,ny,utah,104,112,24,22,32,26,0,36,31,19,26,0,home,11.0,214.0,600.0,-800.0,0.0,104.5,0.0,1,True
2009,2009-03-30,True,False,mem,gs,114,109,27,30,20,37,0,27,26,31,25,0,home,5.5,221.0,195.0,-235.0,5.5,110.5,0.0,1,False
2009,2009-03-31,True,False,ny,den,104,111,22,30,25,27,0,34,31,19,27,0,home,12.5,221.0,850.0,-1300.0,3.5,109.0,0.0,0,True
2009,2009-03-31,True,False,utah,por,104,125,25,23,27,29,0,39,22,33,31,0,home,6.0,192.0,215.0,-255.0,0.5,98.0,1.0,1,True
2009,2009-03-31,True,False,no,sac,111,110,32,32,22,25,0,38,26,26,20,0,away,6.0,201.5,-245.0,205.0,4.5,103.5,0.0,1,False
2009,2009-03-31,True,False,okc,sa,96,95,29,25,27,15,0,32,16,27,20,0,home,13.0,188.5,800.0,-1200.0,10.5,94.0,0.0,1,False
2009,2009-03-31,True,False,atl,phi,85,98,16,21,32,16,0,28,23,26,21,0,home,2.0,193.5,110.0,-130.0,3.0,98.0,1.0,0,True
2009,2009-03-31,True,False,chi,ind,105,107,24,28,27,26,0,28,22,26,31,0,home,2.5,215.5,120.0,-140.0,3.0,108.0,0.0,0,True
2009,2009-03-31,True,False,lal,cha,84,94,24,20,20,20,0,25,18,25,26,0,away,5.5,191.5,-245.0,205.0,3.5,96.0,0.0,0,True
2009,2009-03-31,True,False,det,cle,73,79,19,25,14,15,0,12,32,18,17,0,home,10.0,180.0,450.0,-600.0,6.5,89.5,0.0,0,True
2009,2009-03-31,True,False,dal,min,108,88,36,25,24,23,0,21,26,22,19,0,away,8.0,200.0,-375.0,305.0,1.5,98.5,1.0,0,False
2009,2009-04-01,True,False,no,lac,104,98,29,22,27,26,0,25,23,21,29,0,away,4.0,196.0,-185.0,165.0,2.0,99.0,1.0,1,False
2009,2009-04-01,True,False,tor,orl,99,95,32,21,27,19,0,28,24,21,22,0,home,10.0,206.0,400.0,-600.0,7.0,102.0,0.0,0,False
2009,2009-04-01,True,False,cha,bos,109,111,33,18,26,16,16,26,28,17,22,18,home,8.0,181.5,320.0,-400.0,4.0,90.0,0.0,1,True
2009,2009-04-01,True,False,det,bkn,98,111,21,27,27,23,0,32,27,27,25,0,home,1.0,187.0,100.0,-120.0,2.5,93.5,1.0,1,True
2009,2009-04-01,True,False,lal,mil,104,98,22,33,25,24,0,31,26,24,17,0,away,7.0,203.0,-300.0,250.0,5.5,101.5,0.0,0,False
2009,2009-04-01,True,False,wsh,mem,107,112,27,23,23,34,0,27,30,31,24,0,home,3.0,201.0,135.0,-155.0,0.5,103.5,1.0,1,True
2009,2009-04-01,True,False,mia,dal,96,98,27,20,26,23,0,26,20,25,27,0,home,5.5,196.5,180.0,-220.0,4.0,98.5,0.0,0,True
2009,2009-04-01,True,False,hou,phx,109,114,30,26,32,21,0,33,34,21,26,0,home,2.0,222.5,110.0,-130.0,2.5,110.0,1.0,1,True
2009,2009-04-01,True,False,sac,gs,141,143,40,36,30,26,9,37,30,43,22,11,home,8.0,239.0,300.0,-360.0,7.5,117.0,0.0,1,True
2009,2009-04-02,True,False,cle,wsh,101,109,19,22,29,31,0,22,27,31,29,0,away,10.0,197.5,-550.0,450.0,9.5,98.5,0.0,1,True
2009,2009-04-02,True,False,utah,den,104,114,24,19,29,32,0,21,33,29,31,0,home,5.5,209.0,180.0,-220.0,1.0,109.0,1.0,1,True
2009,2009-04-02,True,False,mil,phi,95,105,24,35,20,16,0,24,26,30,25,0,home,7.5,199.0,290.0,-350.0,6.5,100.5,1.0,1,True
2009,2009-04-03,True,False,sac,phx,111,139,25,40,28,18,0,39,30,37,33,0,home,15.0,245.0,1500.0,-2200.0,9.0,121.0,1.0,1,True
2009,2009-04-03,True,False,min,utah,103,102,19,27,26,31,0,27,29,21,25,0,home,13.5,202.5,1100.0,-1400.0,5.0,103.0,0.0,1,False
2009,2009-04-03,True,False,hou,lal,81,93,21,23,18,19,0,20,24,23,26,0,home,5.5,196.0,190.0,-230.0,4.0,96.0,1.0,0,True
2009,2009-04-03,True,False,no,gs,103,111,20,26,25,32,0,31,24,19,37,0,away,6.0,217.0,-250.0,210.0,6.5,108.5,0.0,0,True
2009,2009-04-03,True,False,cle,orl,87,116,22,16,22,27,0,27,28,37,24,0,home,3.5,187.0,145.0,-165.0,4.0,93.0,1.0,1,True
2009,2009-04-03,True,False,por,okc,107,72,25,22,29,31,0,14,21,15,22,0,away,4.5,191.0,-190.0,165.0,1.5,96.0,1.0,0,False
2009,2009-04-03,True,False,dal,mem,102,107,32,29,24,17,0,28,33,23,23,0,away,7.0,196.0,-300.0,250.0,5.0,97.5,0.0,1,True
2009,2009-04-03,True,False,atl,bos,92,104,23,25,23,21,0,21,31,28,24,0,home,4.5,187.5,170.0,-200.0,1.0,96.0,1.0,1,True
2009,2009-04-03,True,False,sa,ind,126,121,35,28,30,33,0,25,30,26,40,0,away,4.5,200.5,-190.0,165.0,0.5,100.0,1.0,1,False
2009,2009-04-03,True,False,mia,cha,97,92,16,29,22,30,0,28,17,26,21,0,home,5.0,183.0,175.0,-210.0,3.5,91.5,0.0,1,False
2009,2009-04-04,True,False,tor,ny,102,95,23,25,29,25,0,30,20,23,22,0,home,3.0,220.5,130.0,-150.0,1.0,110.5,0.0,0,False
2009,2009-04-04,True,False,bkn,chi,94,103,16,28,25,25,0,22,32,19,30,0,home,8.0,209.0,310.0,-370.0,1.5,105.0,1.0,0,True
2009,2009-04-04,True,False,det,phi,90,95,19,31,24,16,0,21,25,22,27,0,home,3.5,184.5,145.0,-165.0,3.0,91.5,1.0,1,True
2009,2009-04-04,True,False,orl,atl,88,82,22,18,22,26,0,18,26,17,21,0,away,1.5,192.0,-122.0,102.0,2.0,96.5,1.0,0,False
2009,2009-04-04,True,False,mia,wsh,118,104,30,32,18,38,0,28,24,25,27,0,away,1.5,201.5,-122.0,102.0,2.5,100.5,1.0,1,False
2009,2009-04-04,True,False,mem,mil,107,102,16,38,28,25,0,20,18,35,29,0,home,7.5,201.0,270.0,-330.0,8.0,100.5,0.0,1,False
2009,2009-04-04,True,False,lac,den,104,120,21,26,29,28,0,32,34,30,24,0,home,15.0,216.0,1200.0,-1750.0,3.5,106.0,1.0,1,True
2009,2009-04-05,True,False,lac,lal,85,88,17,27,12,29,0,30,24,14,20,0,home,16.5,209.5,1500.0,-3000.0,6.5,102.5,0.0,0,True
2009,2009-04-05,True,False,gs,sac,105,100,18,32,36,19,0,23,19,27,31,0,home,1.5,242.0,105.0,-125.0,3.0,119.5,0.0,0,False
2009,2009-04-05,True,False,phi,bkn,67,96,20,19,12,16,0,18,32,18,28,0,away,2.5,196.5,-140.0,120.0,4.0,97.5,0.0,0,True
2009,2009-04-05,True,False,utah,no,108,94,41,25,21,21,0,19,20,37,18,0,home,2.5,192.0,125.0,-145.0,6.0,99.0,0.0,1,False
2009,2009-04-05,True,False,por,hou,88,102,25,18,21,24,0,31,23,18,30,0,home,4.0,184.5,160.0,-180.0,1.0,94.0,1.0,1,True
2009,2009-04-05,True,False,den,min,110,87,27,33,27,23,0,20,20,22,25,0,away,7.0,208.5,-300.0,250.0,1.5,103.0,1.0,0,False
2009,2009-04-05,True,False,cha,det,97,104,17,27,25,28,0,24,27,17,36,0,home,2.5,176.0,120.0,-140.0,0.5,86.0,1.0,1,True
2009,2009-04-05,True,False,ny,tor,112,103,33,32,27,20,0,34,20,22,27,0,home,5.5,217.5,200.0,-240.0,5.5,107.0,0.0,0,False
2009,2009-04-05,True,False,phx,dal,116,140,33,26,25,32,0,39,42,33,26,0,home,4.0,231.0,155.0,-175.0,3.5,112.5,1.0,1,True
2009,2009-04-05,True,False,sa,cle,81,101,27,15,21,18,0,28,27,23,23,0,home,5.0,182.5,190.0,-230.0,2.0,91.5,1.0,0,True
2009,2009-04-05,True,False,ind,okc,117,99,31,26,33,27,0,19,29,19,32,0,home,2.0,211.0,110.0,-130.0,3.5,104.0,0.0,1,False
2009,2009-04-07,True,False,sa,okc,99,89,25,26,24,24,0,32,18,22,17,0,away,6.5,183.5,-275.0,235.0,4.0,91.5,1.0,1,False
2009,2009-04-07,True,False,atl,tor,118,110,26,27,32,33,0,31,26,27,26,0,away,1.0,198.0,-122.0,102.0,1.0,103.5,1.0,1,False
2009,2009-04-07,True,False,phi,cha,98,101,19,30,32,17,0,28,35,16,22,0,home,5.0,185.0,170.0,-200.0,2.5,91.5,0.0,1,True
2009,2009-04-07,True,False,no,mia,93,87,27,13,14,25,14,19,11,18,31,8,home,4.5,190.5,170.0,-200.0,4.5,95.0,0.0,0,False
2009,2009-04-07,True,False,por,mem,96,93,21,14,32,29,0,21,26,22,24,0,away,7.5,192.0,-320.0,260.0,7.0,97.5,0.0,0,False
2009,2009-04-07,True,False,ny,chi,103,110,24,32,28,19,0,26,27,28,29,0,home,8.0,220.0,310.0,-370.0,6.5,108.0,0.0,0,True
2009,2009-04-07,True,False,orl,hou,83,93,22,16,21,24,0,25,22,20,26,0,home,1.0,187.0,100.0,-120.0,2.5,94.0,1.0,0,True
2009,2009-04-07,True,False,lal,sac,122,104,31,40,25,26,0,37,18,31,18,0,away,12.5,214.0,-1100.0,775.0,2.5,105.5,1.0,1,False
2009,2009-04-07,True,False,min,lac,87,77,18,29,26,14,0,16,25,21,15,0,home,2.0,203.0,115.0,-135.0,3.0,103.5,0.0,0,False
2009,2009-04-08,True,False,okc,den,112,122,29,27,28,28,0,27,26,36,33,0,home,13.0,209.5,900.0,-1500.0,9.5,102.5,0.0,1,True
2009,2009-04-08,True,False,por,sa,95,83,16,31,23,25,0,33,16,18,16,0,home,3.0,181.0,135.0,-155.0,1.0,90.5,0.0,0,False
2009,2009-04-08,True,False,min,gs,105,97,26,32,20,27,0,27,34,12,24,0,home,7.0,225.0,240.0,-280.0,4.0,114.0,0.0,0,False
2009,2009-04-08,True,False,utah,dal,101,130,17,28,29,27,0,28,33,32,37,0,home,3.5,208.5,145.0,-165.0,3.0,107.5,1.0,1,True
2009,2009-04-08,True,False,phx,no,105,100,26,23,26,30,0,32,19,14,35,0,home,3.0,221.0,125.0,-145.0,1.0,109.5,0.0,0,False
2009,2009-04-08,True,False,atl,mil,113,105,27,26,31,29,0,28,34,12,31,0,away,1.0,197.5,-120.0,100.0,3.0,101.0,1.0,1,False
2009,2009-04-08,True,False,bkn,bos,104,106,31,20,27,26,0,21,37,23,25,0,home,9.5,195.5,400.0,-600.0,3.5,98.5,0.0,1,True
2009,2009-04-08,True,False,tor,ind,101,130,28,20,26,27,0,37,37,41,15,0,home,7.5,219.0,280.0,-340.0,3.5,106.5,1.0,1,True
2009,2009-04-08,True,False,mem,orl,78,81,24,22,17,15,0,19,26,10,26,0,home,15.0,196.5,1500.0,-3000.0,10.0,99.0,0.0,0,True
2009,2009-04-08,True,False,wsh,cle,86,98,13,24,21,28,0,26,22,30,20,0,home,16.5,198.0,2000.0,-4000.0,6.0,99.0,0.0,0,True
2009,2009-04-08,True,False,det,ny,113,86,37,26,28,22,0,20,19,24,23,0,away,4.0,202.5,-170.0,150.0,4.0,99.0,1.0,0,False
2009,2009-04-09,True,False,phi,chi,99,113,29,21,22,27,0,22,28,32,31,0,home,6.0,203.5,220.0,-260.0,4.5,102.0,1.0,1,True
2009,2009-04-09,True,False,hou,sac,115,98,30,19,36,30,0,33,21,20,24,0,away,11.5,207.5,-800.0,600.0,9.0,103.0,1.0,1,False
2009,2009-04-09,True,False,den,lal,102,116,25,31,25,21,0,33,23,32,28,0,home,8.5,210.0,350.0,-450.0,6.0,103.0,1.0,1,True
2009,2009-04-10,True,False,sac,lac,78,109,13,19,20,26,0,35,23,25,26,0,home,4.5,216.0,160.0,-185.0,3.5,103.0,1.0,0,True
2009,2009-04-10,True,False,hou,gs,113,109,25,34,27,27,0,20,36,23,30,0,away,6.0,212.0,-255.0,215.0,3.0,104.0,0.0,1,False
2009,2009-04-10,True,False,lal,por,98,106,23,30,24,21,0,24,25,32,25,0,home,1.0,194.0,-102.0,-118.0,1.0,95.5,1.0,1,True
2009,2009-04-10,True,False,no,dal,92,100,17,22,22,31,0,30,19,28,23,0,home,7.0,196.5,290.0,-350.0,0.5,98.5,1.0,0,True
2009,2009-04-10,True,False,cha,okc,81,84,17,20,24,20,0,27,21,16,20,0,away,3.5,189.5,-160.0,140.0,4.5,93.0,0.0,0,True
2009,2009-04-10,True,False,wsh,tor,100,98,16,21,29,34,0,20,21,22,35,0,home,7.0,216.0,250.0,-300.0,3.0,107.5,0.0,0,False
2009,2009-04-10,True,False,utah,sa,99,105,21,20,30,28,0,24,25,27,29,0,home,1.5,193.0,105.0,-125.0,2.0,98.0,1.0,1,True
2009,2009-04-10,True,False,bkn,det,93,100,20,18,30,25,0,27,27,24,22,0,home,8.0,191.0,310.0,-370.0,1.0,94.5,0.0,1,True
2009,2009-04-10,True,False,ind,atl,118,122,36,24,24,34,0,34,28,28,32,0,home,5.5,213.5,185.0,-225.0,3.0,104.5,0.0,1,True
2009,2009-04-10,True,False,mia,bos,98,105,25,22,25,26,0,22,32,25,26,0,home,6.0,190.5,205.0,-245.0,1.0,95.0,1.0,1,True
2009,2009-04-10,True,False,ny,orl,105,95,26,25,27,27,0,25,28,18,24,0,home,10.5,210.5,475.0,-650.0,6.0,103.5,0.0,0,False
2009,2009-04-10,True,False,cle,phi,102,92,23,29,24,26,0,19,27,24,22,0,away,6.5,185.5,-275.0,235.0,1.5,91.0,1.0,1,False
2009,2009-04-10,True,False,phx,mem,89,106,27,20,21,21,0,23,32,29,22,0,away,2.5,228.0,-140.0,120.0,4.0,112.0,0.0,0,True
2009,2009-04-11,True,False,por,lac,87,72,17,29,17,24,0,17,14,25,16,0,away,6.0,195.0,-260.0,220.0,1.0,96.5,1.0,0,False
2009,2009-04-11,True,False,gs,utah,118,108,28,36,29,25,0,31,20,25,32,0,home,14.5,226.5,1600.0,-2500.0,12.0,111.0,0.0,0,False
2009,2009-04-11,True,False,cha,chi,106,113,23,27,33,23,0,30,22,26,35,0,home,9.5,200.5,425.0,-550.0,5.5,98.5,0.0,1,True
2009,2009-04-11,True,False,okc,mil,98,115,24,27,21,26,0,22,34,37,22,0,home,7.0,206.5,260.0,-320.0,2.5,102.5,1.0,1,True
2009,2009-04-11,True,False,orl,bkn,93,103,24,23,27,19,0,28,29,26,20,0,away,6.5,190.5,-290.0,245.0,5.5,95.0,0.0,1,True
2009,2009-04-11,True,False,det,ind,102,106,27,22,24,29,0,28,24,26,28,0,home,2.0,206.5,110.0,-130.0,0.5,101.0,1.0,1,True
2009,2009-04-11,True,False,phx,min,110,97,31,26,24,29,0,8,35,21,33,0,away,2.0,223.5,-130.0,110.0,3.5,108.0,1.0,0,False
2009,2009-04-12,True,False,mem,lal,75,92,15,22,22,16,0,23,25,22,22,0,home,11.0,201.0,550.0,-750.0,3.5,100.0,1.0,0,True
2009,2009-04-12,True,False,dal,no,92,102,13,31,25,23,0,22,23,24,33,0,home,4.0,194.0,145.0,-165.0,2.0,95.5,1.0,2,True
2009,2009-04-12,True,False,bos,cle,76,107,9,24,23,20,0,31,21,30,25,0,home,8.0,185.0,340.0,-440.0,1.5,92.0,1.0,0,True
2009,2009-04-12,True,False,ny,mia,105,122,26,39,26,14,0,37,26,34,25,0,home,6.5,213.0,230.0,-270.0,5.0,105.0,1.0,1,True
2009,2009-04-12,True,False,phi,tor,104,111,22,31,27,24,0,27,26,28,30,0,away,2.0,208.0,-140.0,120.0,2.5,103.5,0.0,1,True
2009,2009-04-12,True,False,sa,sac,95,92,24,30,20,21,0,25,36,16,15,0,away,8.5,202.0,-450.0,350.0,8.0,101.5,0.0,0,False
2009,2009-04-13,True,False,sac,den,98,118,33,25,21,19,0,25,37,24,32,0,home,17.5,224.0,2250.0,-3500.0,9.5,110.0,1.0,0,True
2009,2009-04-13,True,False,lac,utah,85,106,17,26,21,21,0,30,26,27,23,0,home,12.5,203.5,850.0,-1200.0,3.0,98.5,1.0,0,True
2009,2009-04-13,True,False,sa,gs,101,72,29,28,24,20,0,24,14,13,21,0,away,4.0,209.5,-175.0,155.0,3.5,102.0,1.0,0,False
2009,2009-04-13,True,False,mem,phx,110,119,25,32,27,26,0,32,27,27,33,0,home,8.0,216.5,318.0,-385.0,5.0,107.0,1.0,1,True
2009,2009-04-13,True,False,no,hou,66,86,22,13,11,20,0,19,28,20,19,0,home,8.0,184.5,310.0,-370.0,0.5,93.0,1.0,0,True
2009,2009-04-13,True,False,okc,por,83,113,15,16,24,28,0,29,33,23,28,0,home,12.5,195.0,775.0,-1100.0,1.0,95.0,1.0,1,True
2009,2009-04-13,True,False,orl,mil,80,98,24,19,17,20,0,18,32,21,27,0,home,6.0,195.0,230.0,-270.0,1.5,96.0,1.0,0,True
2009,2009-04-13,True,False,cha,bkn,87,91,25,21,26,15,0,20,28,19,24,0,home,3.5,194.5,140.0,-160.0,1.5,96.5,1.0,0,True
2009,2009-04-13,True,False,chi,det,91,88,31,17,21,22,0,31,25,19,13,0,home,4.5,197.0,160.0,-185.0,0.5,99.0,0.0,0,False
2009,2009-04-13,True,False,tor,wsh,97,96,31,22,19,25,0,23,30,27,16,0,home,2.5,214.5,120.0,-140.0,2.0,107.5,0.0,0,False
2009,2009-04-13,True,False,min,dal,94,96,18,25,31,20,0,26,14,28,28,0,home,11.5,201.5,625.0,-850.0,8.5,100.5,0.0,0,True
2009,2009-04-13,True,False,cle,ind,117,109,26,36,29,26,0,27,20,37,25,0,away,4.5,208.0,-190.0,165.0,2.5,102.0,1.0,1,False
2009,2009-04-14,True,False,mia,atl,79,81,21,13,30,15,0,18,20,26,17,0,home,10.0,192.0,475.0,-650.0,6.0,93.5,0.0,0,True
2009,2009-04-14,True,False,bos,phi,100,98,27,23,28,22,0,26,32,25,15,0,home,6.5,190.0,230.0,-270.0,1.0,94.5,0.0,1,False
2009,2009-04-14,True,False,utah,lal,112,125,27,28,28,29,0,25,31,35,34,0,home,7.0,206.5,235.0,-275.0,5.0,107.5,1.0,1,True
2009,2009-04-15,True,False,den,por,76,104,22,12,26,16,0,23,30,18,33,0,home,9.0,198.5,385.0,-485.0,0.5,95.5,1.0,0,True
2009,2009-04-15,True,False,gs,phx,113,117,36,20,34,23,0,24,32,30,31,0,home,9.0,239.5,440.0,-540.0,6.0,116.0,0.0,0,True
2009,2009-04-15,True,False,okc,lac,126,85,28,32,32,34,0,21,18,24,22,0,home,2.5,196.0,125.0,-145.0,4.0,97.0,0.0,1,False
2009,2009-04-15,True,False,hou,dal,84,95,19,31,20,14,0,26,16,23,30,0,away,1.0,190.0,-117.0,-103.0,2.5,92.0,0.0,0,True
2009,2009-04-15,True,False,det,mia,96,102,22,19,20,27,8,24,22,21,21,14,away,2.0,180.5,-145.0,125.0,2.5,89.5,0.0,1,True
2009,2009-04-15,True,False,mil,ind,108,115,25,24,39,20,0,24,32,16,43,0,home,8.0,223.0,325.0,-400.0,2.5,110.5,0.0,2,True
2009,2009-04-15,True,False,wsh,bos,107,115,24,28,31,24,0,25,32,22,36,0,home,4.5,192.5,175.0,-210.0,1.0,97.5,1.0,1,True
2009,2009-04-15,True,False,bkn,ny,73,102,16,24,18,15,0,24,28,29,21,0,home,6.0,211.5,200.0,-240.0,0.0,103.0,1.0,0,True
2009,2009-04-15,True,False,no,sa,98,105,25,25,19,21,8,26,22,22,20,15,home,9.0,176.0,400.0,-500.0,7.0,89.0,0.0,1,True
2009,2009-04-15,True,False,tor,chi,109,98,32,29,23,25,0,18,31,20,29,0,home,10.5,214.0,525.0,-700.0,8.0,105.5,0.0,0,False
2009,2009-04-15,True,False,sac,min,97,90,21,28,30,18,0,19,28,18,25,0,home,7.5,209.5,285.0,-345.0,6.0,102.0,0.0,0,False
2009,2009-04-15,True,False,atl,mem,90,98,21,22,26,21,0,22,31,19,26,0,home,8.0,189.0,318.0,-385.0,2.0,95.5,2.0,0,True
2009,2009-04-15,True,False,cha,orl,73,98,14,24,20,15,0,28,29,20,21,0,home,3.5,183.0,150.0,-170.0,3.5,90.0,1.0,0,True
2009,2009-04-15,True,False,phi,cle,111,110,21,16,28,33,13,27,22,21,28,12,away,3.0,185.0,-150.0,130.0,4.5,89.5,0.0,1,False
