season,date,regular,playoffs,away_team,home_team,score_away,score_home,q1_away,q2_away,q3_away,q4_away,ot_away,q1_home,q2_home,q3_home,q4_home,ot_home,whos_favored,spread,total,away_ml,home_ml,h2_spread,h2_total,id_spread,id_total,home_won
2022,2021-10-19,True,False,bkn,mil,104,127,25,34,26,19,0,37,29,31,30,0,home,1.5,233.5,105.0,-125.0,2.0,114.0,1.0,0,True
2022,2021-10-19,True,False,gs,lal,121,114,32,21,30,38,0,34,25,26,29,0,home,3.5,226.5,140.0,-160.0,0.0,111.5,0.0,1,False
2022,2021-10-20,True,False,den,phx,110,98,26,25,34,25,0,20,38,24,16,0,home,6.0,224.0,200.0,-240.0,1.0,108.5,0.0,0,False
2022,2021-10-20,True,False,sac,por,124,121,24,38,38,24,0,23,26,36,36,0,home,6.5,234.0,220.0,-260.0,7.0,114.0,0.0,1,False
2022,2021-10-20,True,False,orl,sa,97,123,28,21,22,26,0,32,29,33,29,0,home,7.0,212.5,225.0,-265.0,0.0,104.0,1.0,1,True
2022,2021-10-20,True,False,hou,min,106,124,21,24,26,35,0,32,40,27,25,0,home,6.5,232.0,220.0,-260.0,3.5,113.0,1.0,0,True
2022,2021-10-20,True,False,phi,no,117,97,29,24,28,36,0,25,28,17,27,0,away,4.0,224.0,-170.0,150.0,2.5,109.0,1.0,0,False
2022,2021-10-20,True,False,okc,utah,86,107,18,24,21,23,0,27,27,29,24,0,home,14.0,221.5,750.0,-1200.0,5.0,107.0,1.0,0,True
2022,2021-10-20,True,False,bos,ny,134,138,35,23,24,34,18,29,25,32,30,22,home,2.5,220.0,120.0,-140.0,2.5,112.5,1.0,1,True
2022,2021-10-20,True,False,wsh,tor,98,83,26,31,24,17,0,18,19,22,24,0,home,2.5,223.0,120.0,-140.0,6.0,109.0,0.0,0,False
2022,2021-10-20,True,False,chi,det,94,88,14,26,31,23,0,20,24,25,19,0,away,5.0,218.0,-220.0,190.0,5.5,110.5,1.0,0,False
2022,2021-10-20,True,False,ind,cha,122,123,38,37,13,34,0,27,32,33,31,0,away,1.5,223.0,-125.0,105.0,4.0,110.5,0.0,1,True
2022,2021-10-20,True,False,cle,mem,121,132,32,29,29,31,0,32,41,21,38,0,home,7.0,218.5,240.0,-280.0,0.0,107.0,1.0,1,True
2022,2021-10-21,True,False,dal,atl,87,113,20,24,20,23,0,22,29,35,27,0,home,2.5,225.5,120.0,-140.0,1.0,110.0,1.0,0,True
2022,2021-10-21,True,False,mil,mia,95,137,17,26,26,26,0,40,32,33,32,0,home,3.0,222.5,130.0,-150.0,5.5,114.5,1.0,1,True
2022,2021-10-21,True,False,lac,gs,113,115,27,40,26,20,0,44,22,24,25,0,home,4.0,229.0,160.0,-180.0,4.0,116.5,0.0,0,True
2022,2021-10-22,True,False,utah,sac,110,101,24,22,35,29,0,26,26,28,21,0,away,6.5,227.0,-240.0,200.0,5.0,116.5,1.0,0,False
2022,2021-10-22,True,False,phx,lal,115,105,23,34,37,21,0,26,18,23,38,0,home,1.5,222.0,105.0,-125.0,5.0,112.5,0.0,0,False
2022,2021-10-22,True,False,sa,den,96,102,22,28,20,26,0,26,27,26,23,0,home,7.5,222.0,260.0,-310.0,4.0,108.0,0.0,0,True
2022,2021-10-22,True,False,no,chi,112,128,17,30,28,37,0,28,37,27,36,0,home,7.0,222.5,235.0,-275.0,2.0,113.5,1.0,1,True
2022,2021-10-22,True,False,okc,hou,91,124,21,26,26,18,0,34,35,31,24,0,home,2.5,221.0,130.0,-150.0,5.5,107.0,1.0,0,True
2022,2021-10-22,True,False,ind,wsh,134,135,36,37,23,27,11,32,41,33,17,12,away,2.0,225.5,-130.0,110.0,1.5,111.5,0.0,1,True
2022,2021-10-22,True,False,tor,bos,115,83,23,28,33,31,0,23,24,17,19,0,home,7.0,217.5,240.0,-280.0,6.5,105.0,0.0,0,False
2022,2021-10-22,True,False,cha,cle,123,112,27,27,36,33,0,30,29,30,23,0,away,2.5,226.0,-135.0,115.0,2.0,111.0,1.0,1,False
2022,2021-10-22,True,False,ny,orl,121,96,36,29,21,35,0,16,19,29,32,0,away,7.5,212.0,-350.0,290.0,3.5,103.5,1.0,1,False
2022,2021-10-22,True,False,bkn,phi,114,109,28,27,30,29,0,34,28,29,18,0,away,1.0,224.5,-120.0,100.0,2.5,109.5,1.0,0,False
2022,2021-10-23,True,False,mem,lac,120,114,25,34,38,23,0,34,28,27,25,0,home,4.0,226.0,155.0,-175.0,1.5,115.5,0.0,1,False
2022,2021-10-23,True,False,phx,por,105,134,24,23,34,24,0,30,37,39,28,0,home,3.0,229.0,135.0,-155.0,4.0,116.5,1.0,1,True
2022,2021-10-23,True,False,det,chi,82,97,28,15,11,28,0,31,23,25,18,0,home,8.0,213.5,280.0,-340.0,1.0,104.0,1.0,0,True
2022,2021-10-23,True,False,mil,sa,121,111,32,24,29,36,0,32,20,29,30,0,away,6.0,225.5,-250.0,210.0,2.5,114.5,1.0,1,False
2022,2021-10-23,True,False,dal,tor,103,95,18,27,29,29,0,25,26,21,23,0,away,5.0,217.5,-190.0,170.0,4.5,105.0,1.0,0,False
2022,2021-10-23,True,False,mia,ind,91,102,24,22,17,23,5,28,28,8,22,16,away,3.0,222.0,-155.0,135.0,4.5,107.5,0.0,0,True
2022,2021-10-23,True,False,atl,cle,95,101,27,28,17,23,0,24,28,31,18,0,away,8.5,223.5,-360.0,300.0,4.5,109.5,0.0,0,True
2022,2021-10-23,True,False,no,min,89,96,27,14,26,22,0,28,26,15,27,0,home,7.5,228.5,260.0,-310.0,0.5,115.5,0.0,0,True
2022,2021-10-24,True,False,cha,bkn,111,95,27,23,29,32,0,31,27,20,17,0,home,9.0,233.0,350.0,-420.0,3.0,114.5,0.0,0,False
2022,2021-10-24,True,False,orl,ny,110,104,27,25,22,36,0,29,28,23,24,0,home,12.0,212.0,600.0,-900.0,5.5,108.0,0.0,1,False
2022,2021-10-24,True,False,bos,hou,107,97,22,31,36,18,0,30,21,21,25,0,away,5.0,221.5,-210.0,180.0,3.5,113.0,1.0,0,False
2022,2021-10-24,True,False,phi,okc,115,103,36,23,28,28,0,26,25,27,25,0,away,9.5,216.0,-500.0,400.0,3.0,106.0,1.0,1,False
2022,2021-10-24,True,False,gs,sac,119,107,29,31,30,29,0,31,31,26,19,0,away,3.0,234.5,-150.0,130.0,3.5,114.5,1.0,0,False
2022,2021-10-24,True,False,mem,lal,118,121,24,32,34,28,0,29,33,25,34,0,home,5.5,225.5,180.0,-210.0,1.5,115.0,0.0,1,True
2022,2021-10-25,True,False,por,lac,86,116,17,25,19,25,0,31,25,35,25,0,home,2.5,229.5,120.0,-140.0,4.0,117.0,1.0,0,True
2022,2021-10-25,True,False,cle,den,99,87,29,21,25,24,0,24,22,24,17,0,home,9.5,221.0,400.0,-500.0,7.5,107.0,0.0,0,False
2022,2021-10-25,True,False,no,min,107,98,25,29,26,27,0,19,24,30,25,0,home,5.5,224.5,190.0,-220.0,6.0,113.5,0.0,0,False
2022,2021-10-25,True,False,wsh,bkn,90,104,20,22,22,26,0,38,21,23,22,0,home,6.0,229.0,200.0,-240.0,2.0,111.5,1.0,0,True
2022,2021-10-25,True,False,mil,ind,119,109,34,32,35,18,0,30,27,29,23,0,away,1.0,229.5,-115.0,-105.0,2.5,117.5,1.0,0,False
2022,2021-10-25,True,False,chi,tor,111,108,24,37,31,19,0,24,27,29,28,0,away,2.0,213.5,-135.0,115.0,2.5,109.5,1.0,1,False
2022,2021-10-25,True,False,orl,mia,90,107,15,29,26,20,0,27,30,24,26,0,home,13.5,211.5,700.0,-1100.0,4.0,108.0,1.0,0,True
2022,2021-10-25,True,False,bos,cha,140,129,33,35,26,28,18,33,33,31,25,7,away,2.0,225.0,-130.0,110.0,1.0,115.0,1.0,1,False
2022,2021-10-25,True,False,det,atl,104,122,18,36,25,25,0,28,34,33,27,0,home,11.5,212.5,525.0,-750.0,4.0,104.5,1.0,1,True
2022,2021-10-26,True,False,den,utah,110,122,31,33,26,20,0,35,31,25,31,0,home,7.5,218.5,265.0,-320.0,6.0,106.5,1.0,1,True
2022,2021-10-26,True,False,lal,sa,125,121,27,34,24,29,11,29,33,35,17,7,home,2.0,220.0,115.0,-135.0,1.0,109.0,0.0,1,False
2022,2021-10-26,True,False,hou,dal,106,116,31,29,28,18,0,27,30,34,25,0,home,11.0,222.5,475.0,-650.0,8.5,109.0,0.0,0,True
2022,2021-10-26,True,False,gs,okc,106,98,29,19,33,25,0,34,25,17,22,0,away,11.0,223.5,-600.0,450.0,11.0,108.5,0.0,0,False
2022,2021-10-26,True,False,phi,ny,99,112,26,16,30,27,0,23,39,28,22,0,home,1.0,217.0,100.0,-120.0,5.5,105.5,1.0,0,True
2022,2021-10-27,True,False,cle,lac,92,79,23,24,25,20,0,14,26,24,15,0,home,8.5,219.0,290.0,-350.0,8.0,106.0,0.0,0,False
2022,2021-10-27,True,False,sac,phx,110,107,23,30,29,28,0,29,32,15,31,0,home,8.0,224.5,300.0,-360.0,1.5,110.0,0.0,0,False
2022,2021-10-27,True,False,min,mil,113,108,44,22,28,19,0,34,24,21,29,0,home,5.5,231.0,195.0,-235.0,6.0,113.0,0.0,0,False
2022,2021-10-27,True,False,lal,okc,115,123,41,31,23,20,0,19,37,41,26,0,away,5.5,217.0,-220.0,190.0,1.5,106.5,0.0,1,True
2022,2021-10-27,True,False,mem,por,96,116,27,30,20,19,0,24,27,36,29,0,home,2.5,233.0,115.0,-135.0,3.0,117.5,1.0,0,True
2022,2021-10-27,True,False,atl,no,102,99,19,34,31,18,0,33,26,18,22,0,away,5.0,220.5,-200.0,175.0,5.0,108.5,0.0,0,False
2022,2021-10-27,True,False,ind,tor,100,118,24,24,23,29,0,29,28,30,31,0,home,1.0,214.0,100.0,-120.0,2.5,105.5,1.0,1,True
2022,2021-10-27,True,False,mia,bkn,106,93,29,20,32,25,0,22,29,23,19,0,home,3.5,218.0,140.0,-160.0,1.5,106.5,0.0,0,False
2022,2021-10-27,True,False,cha,orl,120,111,31,33,27,29,0,31,30,32,18,0,away,5.5,221.0,-210.0,180.0,3.0,107.0,1.0,1,False
2022,2021-10-27,True,False,wsh,bos,116,107,24,38,25,29,0,19,33,34,21,0,home,4.0,224.0,155.0,-175.0,5.0,109.0,0.0,0,False
2022,2021-10-28,True,False,det,phi,102,110,22,24,21,35,0,21,31,27,31,0,home,11.0,211.0,450.0,-600.0,4.5,102.5,0.0,1,True
2022,2021-10-28,True,False,atl,wsh,111,122,32,23,31,25,0,33,31,36,22,0,away,4.0,222.5,-170.0,150.0,4.5,109.5,0.0,1,True
2022,2021-10-28,True,False,ny,chi,104,103,27,28,27,22,0,25,26,22,30,0,home,1.5,216.5,100.0,-120.0,1.0,104.5,0.0,0,False
2022,2021-10-28,True,False,utah,hou,122,91,32,29,31,30,0,18,22,32,19,0,away,9.5,222.5,-450.0,375.0,0.5,113.5,1.0,0,False
2022,2021-10-28,True,False,sa,dal,99,104,25,24,27,23,0,15,32,29,28,0,home,6.5,219.5,220.0,-260.0,5.0,107.0,0.0,0,True
2022,2021-10-28,True,False,mem,gs,104,101,20,25,28,25,6,37,18,24,19,3,home,6.0,228.0,200.0,-240.0,0.0,116.0,0.0,0,False
2022,2021-10-29,True,False,dal,den,75,106,21,23,12,19,0,29,25,33,19,0,home,4.0,216.5,145.0,-165.0,1.0,105.0,1.0,0,True
2022,2021-10-29,True,False,cle,lal,101,113,28,26,31,16,0,21,33,34,25,0,home,8.0,221.5,290.0,-350.0,5.5,107.0,1.0,0,True
2022,2021-10-29,True,False,lac,por,92,111,24,16,27,25,0,25,23,28,35,0,home,3.5,223.5,140.0,-160.0,0.5,113.5,1.0,0,True
2022,2021-10-29,True,False,orl,tor,109,110,20,31,27,31,0,23,31,23,33,0,home,9.5,206.5,380.0,-460.0,5.0,105.5,0.0,1,True
2022,2021-10-29,True,False,ind,bkn,98,105,38,17,19,24,0,26,32,27,20,0,home,8.5,223.0,340.0,-410.0,4.5,107.5,0.0,0,True
2022,2021-10-29,True,False,cha,mia,99,114,22,24,29,24,0,33,31,20,30,0,home,7.0,221.5,240.0,-280.0,2.0,106.0,1.0,0,True
2022,2021-10-29,True,False,sac,no,113,109,33,26,18,36,0,26,22,24,37,0,away,1.5,221.0,-120.0,100.0,3.0,108.5,1.0,1,False
2022,2021-10-30,True,False,bos,wsh,112,115,20,27,26,30,9,25,28,23,27,12,home,2.0,223.5,110.0,-130.0,1.0,113.0,1.0,1,True
2022,2021-10-30,True,False,orl,det,103,110,20,27,26,30,0,25,23,34,28,0,home,6.0,207.5,200.0,-240.0,3.5,105.0,1.0,1,True
2022,2021-10-30,True,False,ny,no,123,117,34,29,25,35,0,28,31,24,34,0,away,8.0,214.0,-360.0,300.0,4.0,104.0,0.0,1,False
2022,2021-10-30,True,False,tor,ind,97,94,22,24,21,30,0,25,22,19,28,0,home,3.0,212.0,125.0,-145.0,2.0,103.5,0.0,0,False
2022,2021-10-30,True,False,atl,phi,94,122,15,31,23,25,0,28,32,29,33,0,home,3.5,216.5,145.0,-165.0,3.0,105.0,1.0,0,True
2022,2021-10-30,True,False,utah,chi,99,107,24,33,15,27,0,25,29,25,28,0,away,3.5,218.5,-160.0,140.0,1.0,111.0,0.0,0,True
2022,2021-10-30,True,False,sa,mil,102,93,27,18,24,33,0,24,23,20,26,0,home,7.0,223.5,240.0,-280.0,3.5,109.0,0.0,0,False
2022,2021-10-30,True,False,mia,mem,129,103,38,29,35,27,0,22,32,25,24,0,home,3.5,215.0,135.0,-155.0,5.5,105.0,0.0,1,False
2022,2021-10-30,True,False,okc,gs,82,103,20,24,14,24,0,28,27,27,21,0,home,12.5,217.0,600.0,-900.0,4.0,105.0,1.0,0,True
2022,2021-10-30,True,False,den,min,93,91,23,20,26,24,0,32,15,26,18,0,home,1.5,219.5,105.0,-125.0,1.0,106.0,0.0,0,False
2022,2021-10-30,True,False,cle,phx,92,101,31,15,19,27,0,24,26,28,23,0,home,10.0,216.0,400.0,-500.0,5.5,105.0,0.0,0,True
2022,2021-10-31,True,False,det,bkn,91,117,25,24,25,17,0,28,36,32,21,0,home,12.0,211.0,600.0,-900.0,3.5,102.0,1.0,0,True
2022,2021-10-31,True,False,utah,mil,107,95,30,27,27,23,0,23,25,21,26,0,away,4.5,222.0,-185.0,165.0,0.5,114.5,1.0,0,False
2022,2021-10-31,True,False,hou,lal,85,95,15,20,19,31,0,27,27,21,20,0,home,11.0,224.5,475.0,-650.0,1.0,109.0,0.0,0,True
2022,2021-10-31,True,False,sac,dal,99,105,22,25,25,27,0,31,22,29,23,0,home,4.5,218.5,165.0,-185.0,1.0,107.0,1.0,0,True
2022,2021-10-31,True,False,por,cha,113,125,29,31,28,25,0,27,26,36,36,0,away,2.0,231.0,-125.0,105.0,1.0,112.0,0.0,1,True
2022,2021-11-01,True,False,orl,min,115,97,26,27,19,43,0,32,26,20,19,0,home,8.5,217.0,320.0,-380.0,3.5,109.0,0.0,0,False
2022,2021-11-01,True,False,den,mem,97,106,26,32,15,24,0,31,29,22,24,0,home,2.0,215.5,115.0,-135.0,1.0,105.5,1.0,0,True
2022,2021-11-01,True,False,chi,bos,128,114,34,25,30,39,0,35,32,36,11,0,home,3.0,215.5,120.0,-140.0,2.5,106.0,0.0,1,False
2022,2021-11-01,True,False,wsh,atl,111,118,23,37,17,34,0,34,29,21,34,0,home,5.5,222.0,175.0,-200.0,2.5,106.0,1.0,1,True
2022,2021-11-01,True,False,okc,lac,94,99,23,21,30,20,0,14,26,26,33,0,home,12.5,210.0,550.0,-800.0,10.0,103.0,0.0,0,True
2022,2021-11-01,True,False,sa,ind,118,131,33,23,27,35,0,43,35,31,22,0,home,2.5,215.5,120.0,-140.0,5.0,105.0,1.0,1,True
2022,2021-11-01,True,False,por,phi,103,113,21,32,28,22,0,27,27,32,27,0,away,2.0,221.5,-125.0,105.0,2.5,108.0,0.0,0,True
2022,2021-11-01,True,False,cle,cha,113,110,40,25,23,25,0,21,28,27,34,0,home,5.0,220.0,180.0,-210.0,7.0,106.0,0.0,1,False
2022,2021-11-01,True,False,tor,ny,113,104,26,27,38,22,0,34,23,22,25,0,home,7.5,209.0,250.0,-300.0,3.5,103.0,0.0,1,False
2022,2021-11-02,True,False,mil,det,117,89,27,30,33,27,0,20,19,23,27,0,away,4.5,211.5,-180.0,160.0,2.5,108.5,1.0,0,False
2022,2021-11-02,True,False,mia,dal,125,110,24,46,29,26,0,30,32,26,22,0,away,2.5,209.5,-140.0,120.0,0.5,103.5,1.0,1,False
2022,2021-11-02,True,False,sac,utah,113,119,29,30,28,26,0,33,25,32,29,0,home,9.5,223.5,340.0,-410.0,7.0,108.5,0.0,1,True
2022,2021-11-02,True,False,no,phx,100,112,36,23,23,18,0,22,26,28,36,0,home,10.0,215.0,375.0,-450.0,8.0,111.0,1.0,0,True
2022,2021-11-02,True,False,hou,lal,117,119,35,35,19,28,0,32,32,23,32,0,home,11.0,219.5,450.0,-600.0,9.5,107.0,0.0,1,True
2022,2021-11-03,True,False,den,mem,106,108,19,36,28,23,0,37,19,22,30,0,away,1.0,215.5,-125.0,105.0,0.0,105.5,0.0,0,True
2022,2021-11-03,True,False,cha,gs,92,114,26,26,15,25,0,21,32,27,34,0,home,6.0,226.5,200.0,-240.0,3.5,109.5,1.0,0,True
2022,2021-11-03,True,False,dal,sa,109,108,28,31,22,28,0,28,30,25,25,0,away,2.0,217.0,-130.0,110.0,1.0,106.5,0.0,2,False
2022,2021-11-03,True,False,lac,min,126,115,27,31,45,23,0,23,31,34,27,0,away,2.5,212.5,-140.0,120.0,0.5,107.0,1.0,1,False
2022,2021-11-03,True,False,atl,bkn,108,117,28,31,20,29,0,35,26,34,22,0,home,4.5,221.0,165.0,-185.0,2.5,109.0,1.0,1,True
2022,2021-11-03,True,False,no,sac,99,112,26,26,35,12,0,27,29,36,20,0,home,6.0,219.0,190.0,-220.0,2.0,111.0,1.0,0,True
2022,2021-11-03,True,False,chi,phi,98,103,19,25,28,26,0,29,29,26,19,0,home,2.5,215.5,120.0,-140.0,2.5,109.0,1.0,0,True
2022,2021-11-03,True,False,tor,wsh,109,100,29,30,27,23,0,29,19,29,23,0,home,3.5,212.0,140.0,-160.0,5.0,104.0,0.0,0,False
2022,2021-11-03,True,False,bos,orl,92,79,26,18,31,17,0,28,18,10,23,0,away,7.0,212.5,-300.0,250.0,5.5,108.5,1.0,0,False
2022,2021-11-03,True,False,por,cle,104,107,26,27,24,27,0,23,37,27,20,0,away,5.5,216.5,-210.0,180.0,5.5,105.5,0.0,0,True
2022,2021-11-03,True,False,ny,ind,98,111,22,28,25,23,0,36,23,21,31,0,home,1.0,216.0,-105.0,-115.0,2.5,105.5,1.0,0,True
2022,2021-11-04,True,False,phi,det,109,98,31,32,23,23,0,32,34,16,16,0,away,4.5,207.5,-190.0,170.0,4.5,102.0,1.0,0,False
2022,2021-11-04,True,False,utah,atl,116,98,15,24,36,41,0,16,24,34,24,0,away,1.5,218.5,-120.0,100.0,2.0,111.5,1.0,0,False
2022,2021-11-04,True,False,bos,mia,95,78,18,33,24,20,0,24,9,24,21,0,home,6.5,213.5,225.0,-265.0,8.5,108.0,0.0,0,False
2022,2021-11-04,True,False,hou,phx,111,123,30,31,25,25,0,36,20,37,30,0,home,11.5,220.0,500.0,-700.0,10.0,108.0,1.0,1,True
2022,2021-11-04,True,False,okc,lal,107,104,21,27,24,35,0,25,27,28,24,0,home,10.5,214.0,475.0,-650.0,5.5,105.0,0.0,0,False
2022,2021-11-05,True,False,ind,por,106,110,19,34,30,23,0,24,35,23,28,0,home,6.0,222.5,180.0,-210.0,2.0,109.0,0.0,0,True
2022,2021-11-05,True,False,cha,sac,110,140,22,31,36,21,0,41,33,32,34,0,home,2.0,232.0,115.0,-135.0,5.0,110.0,1.0,1,True
2022,2021-11-05,True,False,no,gs,85,126,31,19,16,19,0,38,16,34,38,0,home,9.5,213.5,390.0,-480.0,4.5,108.5,1.0,0,True
2022,2021-11-05,True,False,lac,min,104,84,23,24,28,29,0,33,24,15,12,0,away,2.5,215.5,-140.0,120.0,4.5,111.0,1.0,0,False
2022,2021-11-05,True,False,sa,orl,102,89,30,19,23,30,0,20,16,26,27,0,away,4.0,213.0,-170.0,150.0,2.0,104.0,1.0,0,False
2022,2021-11-05,True,False,ny,mil,113,98,19,37,32,25,0,38,25,20,15,0,home,3.5,217.0,145.0,-165.0,0.0,104.0,0.0,0,False
2022,2021-11-05,True,False,mem,wsh,87,115,31,16,21,19,0,35,25,31,24,0,home,2.5,220.5,120.0,-140.0,3.0,111.0,1.0,0,True
2022,2021-11-05,True,False,bkn,det,96,90,28,11,39,18,0,23,16,23,28,0,away,9.5,210.5,-500.0,400.0,7.0,107.5,0.0,0,False
2022,2021-11-05,True,False,cle,tor,102,101,28,20,26,28,0,29,28,23,21,0,home,6.0,204.0,195.0,-230.0,1.0,99.0,0.0,0,False
2022,2021-11-06,True,False,atl,phx,117,121,26,32,40,19,0,25,34,27,35,0,home,3.0,222.0,145.0,-165.0,2.5,108.5,1.0,1,True
2022,2021-11-06,True,False,bos,dal,104,107,15,25,32,32,0,29,28,22,28,0,home,3.5,211.0,140.0,-160.0,3.0,107.5,0.0,2,True
2022,2021-11-06,True,False,lal,por,90,105,14,22,26,28,0,36,15,42,12,0,home,5.5,223.5,180.0,-205.0,0.5,108.0,1.0,0,True
2022,2021-11-06,True,False,utah,mia,115,118,24,28,26,37,0,27,28,32,31,0,home,0.0,212.0,-110.0,-110.0,1.0,107.5,1.0,1,True
2022,2021-11-06,True,False,hou,den,94,95,27,20,24,23,0,26,20,26,23,0,home,11.5,215.0,500.0,-700.0,8.0,103.0,0.0,0,True
2022,2021-11-06,True,False,phi,chi,114,105,22,35,27,30,0,21,26,30,28,0,home,4.0,215.0,150.0,-170.0,5.0,102.5,0.0,1,False
2022,2021-11-07,True,False,bkn,tor,116,103,29,24,35,28,0,26,34,17,26,0,away,3.5,210.0,-155.0,135.0,3.5,103.5,1.0,1,False
2022,2021-11-07,True,False,ind,sac,94,91,27,21,26,20,0,19,24,24,24,0,home,2.5,225.0,120.0,-140.0,2.0,114.5,0.0,0,False
2022,2021-11-07,True,False,cle,ny,126,109,29,27,33,37,0,30,27,18,34,0,home,7.5,207.5,260.0,-310.0,6.0,100.5,0.0,1,False
2022,2021-11-07,True,False,utah,orl,100,107,15,37,33,15,0,28,22,25,32,0,away,11.0,211.0,-700.0,500.0,6.0,109.0,0.0,0,True
2022,2021-11-07,True,False,mil,wsh,94,101,24,28,19,23,0,26,23,33,19,0,away,1.0,219.5,-115.0,-105.0,0.5,112.5,0.0,0,True
2022,2021-11-07,True,False,sa,okc,94,99,28,27,14,25,0,14,31,34,20,0,away,3.5,213.5,-165.0,145.0,1.0,104.0,0.0,0,True
2022,2021-11-07,True,False,hou,gs,107,120,32,29,22,24,0,37,32,34,17,0,home,13.0,218.5,650.0,-1000.0,5.5,106.5,2.0,1,True
2022,2021-11-07,True,False,cha,lac,106,120,39,19,29,19,0,31,30,28,31,0,home,6.0,224.5,210.0,-250.0,3.0,108.5,1.0,1,True
2022,2021-11-08,True,False,cha,lal,123,126,26,34,27,28,8,29,32,33,21,11,home,2.5,225.5,115.0,-135.0,1.0,107.5,1.0,1,True
2022,2021-11-08,True,False,phx,sac,109,104,34,33,31,11,0,28,36,12,28,0,away,3.5,224.0,-155.0,135.0,2.0,113.5,1.0,0,False
2022,2021-11-08,True,False,atl,gs,113,127,34,31,20,28,0,32,29,41,25,0,home,3.5,222.0,140.0,-160.0,2.5,108.0,1.0,1,True
2022,2021-11-08,True,False,mia,den,96,113,25,24,21,26,0,30,34,27,22,0,away,1.5,203.0,-125.0,105.0,5.0,100.0,0.0,1,True
2022,2021-11-08,True,False,min,mem,118,125,34,20,38,21,5,34,24,23,32,12,home,4.5,221.0,165.0,-185.0,2.0,105.0,1.0,1,True
2022,2021-11-08,True,False,bkn,chi,95,118,27,30,21,17,0,35,16,25,42,0,home,0.0,216.5,100.0,-120.0,1.0,104.5,1.0,0,True
2022,2021-11-08,True,False,ny,phi,103,96,28,30,14,31,0,21,23,25,27,0,away,2.0,213.5,-125.0,105.0,2.0,103.5,1.0,0,False
2022,2021-11-08,True,False,no,dal,92,108,27,20,22,23,0,22,29,27,30,0,home,9.0,210.5,330.0,-400.0,4.5,107.0,1.0,0,True
2022,2021-11-09,True,False,mil,phi,118,109,30,31,30,27,0,39,19,35,16,0,away,6.5,215.0,-280.0,240.0,4.5,109.0,1.0,1,False
2022,2021-11-09,True,False,atl,utah,98,110,28,22,30,18,0,30,32,33,15,0,home,8.5,223.0,300.0,-360.0,2.0,107.5,1.0,0,True
2022,2021-11-09,True,False,por,lac,109,117,26,29,24,30,0,33,23,27,34,0,home,3.0,220.0,125.0,-145.0,1.0,107.0,1.0,1,True
2022,2021-11-10,True,False,sac,sa,117,136,20,34,33,30,0,34,37,33,32,0,home,1.0,222.5,-105.0,-115.0,5.0,108.0,1.0,1,True
2022,2021-11-10,True,False,mia,lal,117,120,25,32,29,26,5,28,27,27,30,8,away,5.5,215.0,-220.0,190.0,3.0,103.5,0.0,1,True
2022,2021-11-10,True,False,min,gs,110,123,28,26,30,26,0,31,38,24,30,0,home,7.5,222.5,265.0,-320.0,0.5,107.0,1.0,1,True
2022,2021-11-10,True,False,ind,den,98,101,20,24,21,33,0,23,21,25,32,0,away,3.0,205.0,-150.0,130.0,3.0,104.0,0.0,0,True
2022,2021-11-10,True,False,por,phx,109,119,26,21,30,32,0,27,33,27,32,0,home,5.0,225.0,180.0,-210.0,1.5,109.5,1.0,1,True
2022,2021-11-10,True,False,dal,chi,107,117,33,21,26,27,0,32,29,34,22,0,home,3.5,215.0,145.0,-165.0,0.5,103.0,1.0,1,True
2022,2021-11-10,True,False,wsh,cle,97,94,24,20,24,29,0,22,27,25,20,0,away,3.5,208.5,-160.0,140.0,4.0,101.0,0.0,0,False
2022,2021-11-10,True,False,cha,mem,118,108,34,26,21,37,0,36,16,26,30,0,home,4.5,228.0,170.0,-190.0,4.0,110.5,0.0,0,False
2022,2021-11-10,True,False,det,hou,112,104,23,26,33,30,0,21,29,29,25,0,home,2.5,211.5,120.0,-140.0,1.5,103.0,0.0,1,False
2022,2021-11-10,True,False,mil,ny,112,100,31,20,31,30,0,22,20,24,34,0,home,3.5,216.0,140.0,-160.0,4.0,108.0,0.0,0,False
2022,2021-11-10,True,False,tor,bos,88,104,25,21,22,20,0,33,29,18,24,0,home,3.0,206.0,145.0,-165.0,3.5,101.0,1.0,0,True
2022,2021-11-10,True,False,bkn,orl,123,90,28,37,29,29,0,23,30,22,15,0,away,10.0,211.0,-500.0,400.0,2.5,104.0,1.0,1,False
2022,2021-11-10,True,False,okc,no,108,100,28,28,29,23,0,29,19,23,29,0,home,4.0,208.5,160.0,-180.0,4.0,102.0,0.0,0,False
2022,2021-11-11,True,False,tor,phi,115,109,27,25,29,34,0,30,27,21,31,0,home,4.0,212.0,155.0,-175.0,1.0,104.0,0.0,1,False
2022,2021-11-11,True,False,ind,utah,111,100,32,28,25,26,0,30,21,26,23,0,home,10.5,215.0,425.0,-550.0,10.5,105.5,0.0,0,False
2022,2021-11-11,True,False,mia,lac,109,112,40,18,20,31,0,25,31,30,26,0,home,5.5,211.5,190.0,-220.0,5.0,104.5,0.0,1,True
2022,2021-11-12,True,False,chi,gs,93,119,29,16,17,31,0,23,28,35,33,0,home,5.5,222.0,190.0,-220.0,1.0,112.0,1.0,0,True
2022,2021-11-12,True,False,atl,den,96,105,25,21,23,27,0,32,17,30,26,0,home,3.0,214.5,140.0,-160.0,2.0,104.0,1.0,0,True
2022,2021-11-12,True,False,dal,sa,123,109,31,37,34,21,0,22,35,20,32,0,away,2.5,220.0,-145.0,125.0,2.0,107.5,1.0,1,False
2022,2021-11-12,True,False,sac,okc,103,105,23,39,24,17,0,16,32,29,28,0,away,5.0,218.5,-200.0,175.0,1.5,105.0,0.0,0,True
2022,2021-11-12,True,False,phx,mem,119,94,36,26,30,27,0,23,20,21,30,0,away,2.0,222.5,-135.0,115.0,4.0,113.5,1.0,0,False
2022,2021-11-12,True,False,min,lal,107,83,19,25,40,23,0,26,23,12,22,0,home,0.0,223.5,105.0,-125.0,1.5,108.0,0.0,0,False
2022,2021-11-12,True,False,por,hou,104,92,30,25,26,23,0,27,18,22,25,0,away,7.0,222.5,-300.0,250.0,1.5,108.0,1.0,0,False
2022,2021-11-12,True,False,mil,bos,113,122,30,25,26,27,5,30,21,37,20,14,home,5.5,209.0,175.0,-200.0,6.0,106.0,1.0,1,True
2022,2021-11-12,True,False,det,cle,78,98,18,23,11,26,0,24,28,22,24,0,home,4.5,200.0,165.0,-185.0,0.5,97.0,1.0,0,True
2022,2021-11-12,True,False,ny,cha,96,104,34,21,21,20,0,18,28,34,24,0,away,2.5,225.0,-135.0,115.0,1.0,109.0,0.0,0,True
2022,2021-11-12,True,False,bkn,no,120,112,33,33,29,25,0,25,34,24,29,0,away,9.5,214.5,-430.0,360.0,3.0,104.5,0.0,1,False
2022,2021-11-13,True,False,bos,cle,89,91,20,32,22,15,0,9,29,24,29,0,home,2.0,202.0,115.0,-135.0,4.0,104.5,2.0,0,True
2022,2021-11-13,True,False,det,tor,127,121,31,34,28,34,0,34,30,31,26,0,home,7.5,203.0,280.0,-340.0,6.0,100.0,0.0,1,False
2022,2021-11-13,True,False,mem,no,101,112,22,22,28,29,0,35,27,21,29,0,away,3.5,218.5,-160.0,140.0,6.5,111.0,0.0,0,True
2022,2021-11-13,True,False,min,lac,102,129,26,17,28,31,0,32,38,28,31,0,home,7.0,221.0,235.0,-275.0,3.5,108.5,1.0,1,True
2022,2021-11-13,True,False,wsh,orl,104,92,28,22,32,22,0,18,19,22,33,0,away,5.0,203.0,-210.0,180.0,0.5,98.0,1.0,0,False
2022,2021-11-13,True,False,mia,utah,111,105,27,31,37,16,0,24,24,21,36,0,home,9.0,212.0,290.0,-350.0,8.5,103.0,0.0,1,False
2022,2021-11-13,True,False,phi,ind,113,118,25,35,22,31,0,32,38,24,24,0,home,4.5,214.0,160.0,-180.0,1.0,105.0,1.0,1,True
2022,2021-11-14,True,False,sa,lal,106,114,29,26,24,27,0,34,26,30,24,0,home,2.0,219.5,120.0,-140.0,0.5,106.0,1.0,1,True
2022,2021-11-14,True,False,mil,atl,100,120,24,20,33,23,0,32,26,31,31,0,home,2.0,224.0,110.0,-130.0,3.0,114.5,1.0,0,True
2022,2021-11-14,True,False,gs,cha,102,106,27,30,31,14,0,30,27,30,19,0,away,5.5,227.5,-210.0,180.0,4.0,111.5,0.0,0,True
2022,2021-11-14,True,False,phx,hou,115,89,27,24,29,35,0,23,21,19,26,0,away,8.5,221.5,-380.0,320.0,3.0,112.0,1.0,0,False
2022,2021-11-14,True,False,bkn,okc,120,96,30,31,29,30,0,25,23,26,22,0,away,9.0,215.5,-400.0,330.0,1.0,105.0,1.0,1,False
2022,2021-11-14,True,False,por,den,95,124,18,35,26,16,0,33,34,24,33,0,home,6.0,208.0,210.0,-250.0,1.0,102.0,1.0,1,True
2022,2021-11-14,True,False,chi,lac,100,90,30,24,23,23,0,17,28,26,19,0,home,3.5,219.0,145.0,-165.0,3.5,111.0,0.0,0,False
2022,2021-11-15,True,False,phx,min,99,96,18,22,26,33,0,21,18,23,34,0,away,4.0,222.0,-170.0,150.0,3.5,112.5,0.0,0,False
2022,2021-11-15,True,False,chi,lal,121,103,33,24,37,27,0,25,23,25,30,0,away,2.0,216.0,-125.0,105.0,1.0,109.5,1.0,1,False
2022,2021-11-15,True,False,tor,por,113,118,33,27,25,28,0,24,37,24,33,0,home,3.0,216.5,130.0,-150.0,2.0,105.5,1.0,1,True
2022,2021-11-15,True,False,mia,okc,103,90,23,20,31,29,0,24,19,24,23,0,away,6.5,207.0,-265.0,225.0,4.5,101.0,1.0,0,False
2022,2021-11-15,True,False,den,dal,101,111,32,26,25,18,0,35,14,30,32,0,home,5.5,209.0,180.0,-210.0,4.5,103.5,1.0,1,True
2022,2021-11-15,True,False,bos,cle,98,92,19,18,28,33,0,22,17,25,28,0,away,4.0,199.0,-170.0,150.0,4.0,102.0,1.0,0,False
2022,2021-11-15,True,False,orl,atl,111,129,31,25,28,27,0,30,30,33,36,0,home,10.5,215.0,450.0,-600.0,5.0,108.5,1.0,1,True
2022,2021-11-15,True,False,ind,ny,84,92,20,29,25,10,0,16,32,21,23,0,home,3.0,211.0,130.0,-150.0,2.5,102.5,1.0,0,True
2022,2021-11-15,True,False,sac,det,129,107,31,37,24,37,0,12,32,26,37,0,away,4.0,214.0,-180.0,160.0,4.0,104.0,1.0,1,False
2022,2021-11-15,True,False,hou,mem,102,136,20,36,15,31,0,33,41,31,31,0,home,11.5,219.0,525.0,-750.0,2.0,108.0,1.0,1,True
2022,2021-11-15,True,False,no,wsh,100,105,25,33,22,20,0,25,16,32,32,0,home,4.5,208.5,150.0,-170.0,6.5,107.5,1.0,0,True
2022,2021-11-16,True,False,gs,bkn,117,99,31,32,35,19,0,34,24,18,23,0,home,2.5,223.5,125.0,-145.0,2.5,108.5,0.0,0,False
2022,2021-11-16,True,False,phi,utah,85,120,28,19,19,19,0,30,33,34,23,0,home,11.5,216.5,450.0,-600.0,2.0,106.5,1.0,0,True
2022,2021-11-16,True,False,sa,lac,92,106,20,33,18,21,0,25,32,26,23,0,home,8.0,221.5,250.0,-300.0,4.0,107.0,1.0,0,True
2022,2021-11-17,True,False,dal,phx,98,105,22,24,27,25,0,25,20,23,37,0,home,8.0,212.0,300.0,-360.0,6.0,107.0,0.0,0,True
2022,2021-11-17,True,False,sac,min,97,107,18,30,24,25,0,22,22,33,30,0,home,2.5,228.0,125.0,-145.0,1.5,109.5,1.0,0,True
2022,2021-11-17,True,False,hou,okc,89,101,19,22,23,25,0,22,31,27,21,0,home,3.0,214.5,130.0,-150.0,2.0,105.5,1.0,0,True
2022,2021-11-17,True,False,lal,mil,102,109,32,21,30,19,0,30,34,21,24,0,home,9.0,223.0,350.0,-420.0,2.0,109.5,0.0,0,True
2022,2021-11-17,True,False,bos,atl,99,110,29,20,28,22,0,30,28,33,19,0,home,5.0,216.5,175.0,-200.0,0.5,110.0,1.0,0,True
2022,2021-11-17,True,False,chi,por,107,112,33,30,22,22,0,24,24,33,31,0,home,3.5,221.5,140.0,-160.0,6.0,112.0,1.0,0,True
2022,2021-11-17,True,False,orl,ny,104,98,21,29,22,32,0,23,26,18,31,0,home,11.5,207.0,525.0,-750.0,8.0,105.0,0.0,0,False
2022,2021-11-17,True,False,no,mia,98,113,34,18,18,28,0,21,26,34,32,0,home,6.5,210.5,235.0,-275.0,7.0,106.5,1.0,1,True
2022,2021-11-17,True,False,wsh,cha,87,97,29,22,14,22,0,24,21,30,22,0,home,1.0,220.5,100.0,-120.0,1.5,106.5,1.0,0,True
2022,2021-11-17,True,False,ind,det,89,97,21,20,32,16,0,24,25,24,24,0,away,6.5,206.0,-265.0,225.0,6.5,100.0,0.0,0,True
2022,2021-11-17,True,False,cle,bkn,99,109,25,16,32,26,0,31,31,19,28,0,home,9.5,206.5,450.0,-600.0,0.5,100.5,1.0,1,True
2022,2021-11-18,True,False,wsh,mia,97,112,19,21,30,27,0,21,26,36,29,0,home,6.5,206.5,225.0,-265.0,1.0,100.0,1.0,1,True
2022,2021-11-18,True,False,gs,cle,104,89,27,24,17,36,0,29,25,27,8,0,away,10.0,208.5,-500.0,400.0,8.0,101.5,1.0,0,False
2022,2021-11-18,True,False,sa,min,90,115,20,33,25,12,0,34,32,27,22,0,home,2.0,220.0,110.0,-130.0,3.0,106.5,1.0,0,True
2022,2021-11-18,True,False,lac,mem,108,120,24,29,32,23,0,30,26,38,26,0,home,0.0,220.5,-110.0,-110.0,1.0,112.0,1.0,1,True
2022,2021-11-18,True,False,phi,den,103,89,24,34,29,16,0,23,29,17,20,0,home,7.5,209.0,265.0,-320.0,6.0,102.0,0.0,0,False
2022,2021-11-18,True,False,tor,utah,103,119,27,36,17,23,0,32,29,31,27,0,home,10.0,214.5,400.0,-500.0,7.5,105.5,1.0,1,True
2022,2021-11-19,True,False,tor,sac,108,89,30,33,33,12,0,27,18,21,23,0,home,3.5,221.0,145.0,-165.0,6.5,107.5,0.0,0,False
2022,2021-11-19,True,False,dal,phx,104,112,24,27,33,20,0,27,28,24,33,0,home,8.5,211.0,290.0,-350.0,4.0,104.0,0.0,1,True
2022,2021-11-19,True,False,chi,den,114,108,30,23,35,26,0,30,22,26,30,0,away,3.5,206.0,-150.0,130.0,3.5,105.0,1.0,1,False
2022,2021-11-19,True,False,lac,no,81,94,29,26,14,12,0,16,27,29,22,0,away,4.5,214.5,-175.0,155.0,1.5,109.5,0.0,0,True
2022,2021-11-19,True,False,ind,cha,118,121,22,26,37,33,0,27,36,35,23,0,away,1.0,216.0,-115.0,-105.0,4.5,109.5,0.0,1,True
2022,2021-11-19,True,False,orl,bkn,113,115,41,21,21,30,0,25,28,37,25,0,home,9.5,209.0,400.0,-500.0,9.0,107.0,0.0,1,True
2022,2021-11-19,True,False,lal,bos,108,130,38,23,21,26,0,30,30,33,37,0,home,1.0,213.0,-110.0,-110.0,0.505,104.0,1.0,1,True
2022,2021-11-19,True,False,gs,det,105,102,26,30,30,19,0,23,28,19,32,0,away,1.5,201.0,-125.0,105.0,0.0,98.0,1.0,1,False
2022,2021-11-19,True,False,okc,mil,89,96,24,23,21,21,0,34,24,22,16,0,home,12.5,215.5,650.0,-1000.0,4.0,105.5,0.0,0,True
2022,2021-11-20,True,False,orl,mil,108,117,24,26,21,37,0,36,26,34,21,0,home,12.5,215.5,575.0,-850.0,3.0,109.5,0.0,1,True
2022,2021-11-20,True,False,phi,por,111,118,25,21,32,33,0,30,25,31,32,0,home,7.5,217.0,245.0,-290.0,1.5,106.0,0.0,1,True
2022,2021-11-20,True,False,utah,sac,123,105,29,25,30,39,0,28,21,31,25,0,away,7.5,221.0,-330.0,270.0,3.5,113.5,1.0,1,False
2022,2021-11-20,True,False,okc,bos,105,111,23,22,29,31,0,30,28,31,22,0,home,9.5,205.0,375.0,-450.0,2.0,101.0,0.0,1,True
2022,2021-11-20,True,False,mem,min,95,138,23,20,28,24,0,40,32,41,25,0,home,2.5,221.0,120.0,-140.0,5.0,113.0,1.0,1,True
2022,2021-11-20,True,False,cha,atl,105,115,21,27,29,28,0,25,35,29,26,0,home,7.5,226.5,250.0,-300.0,0.0,109.5,1.0,0,True
2022,2021-11-20,True,False,mia,wsh,100,103,25,18,32,25,0,26,15,30,32,0,away,2.0,207.0,-135.0,115.0,1.5,100.0,0.0,0,True
2022,2021-11-20,True,False,no,ind,94,111,19,27,18,30,0,32,26,38,15,0,home,7.5,206.5,260.0,-310.0,1.0,105.0,1.0,0,True
2022,2021-11-20,True,False,hou,ny,99,106,21,26,26,26,0,13,34,25,34,0,home,11.0,213.5,425.0,-550.0,7.5,104.0,0.0,0,True
2022,2021-11-21,True,False,dal,lac,91,97,22,25,15,29,0,19,27,25,26,0,home,5.5,209.0,185.0,-215.0,4.0,101.0,1.0,0,True
2022,2021-11-21,True,False,lal,det,121,116,30,31,23,37,0,26,42,31,17,0,away,7.0,213.0,-300.0,250.0,8.0,104.5,0.0,1,False
2022,2021-11-21,True,False,den,phx,97,126,28,32,18,19,0,48,25,27,26,0,home,11.0,208.5,400.0,-500.0,2.0,103.0,1.0,1,True
2022,2021-11-21,True,False,ny,chi,103,109,20,25,29,29,0,25,26,21,37,0,home,5.5,213.0,180.0,-210.0,1.5,104.0,1.0,0,True
2022,2021-11-21,True,False,tor,gs,104,119,24,23,30,27,0,36,25,31,27,0,home,9.0,217.0,330.0,-400.0,0.5,106.0,1.0,1,True
2022,2021-11-22,True,False,mem,utah,119,118,27,27,38,27,0,30,30,36,22,0,home,11.0,221.5,400.0,-500.0,4.5,112.5,0.0,1,False
2022,2021-11-22,True,False,phx,sa,115,111,24,33,33,25,0,20,24,31,36,0,away,5.5,220.0,-210.0,180.0,0.5,112.0,0.0,1,False
2022,2021-11-22,True,False,min,no,110,96,28,38,23,21,0,29,21,19,27,0,away,3.5,214.0,-155.0,135.0,3.5,103.5,1.0,0,False
2022,2021-11-22,True,False,orl,mil,92,123,16,20,20,36,0,36,41,28,18,0,home,13.0,218.5,800.0,-1400.0,0.503,111.0,1.0,0,True
2022,2021-11-22,True,False,phi,sac,102,94,28,27,22,25,0,33,19,30,12,0,home,5.0,220.5,175.0,-200.0,5.0,107.5,0.0,0,False
2022,2021-11-22,True,False,hou,bos,90,108,21,26,16,27,0,22,30,34,22,0,home,12.0,213.5,500.0,-700.0,5.5,103.0,1.0,0,True
2022,2021-11-22,True,False,okc,atl,101,113,27,33,11,30,0,32,34,27,20,0,home,13.5,212.0,600.0,-900.0,5.5,103.5,0.0,1,True
2022,2021-11-22,True,False,bkn,cle,117,112,24,28,32,33,0,27,36,19,30,0,away,5.5,208.5,-220.0,190.0,6.5,103.0,0.0,1,False
2022,2021-11-22,True,False,ind,chi,109,77,31,36,22,20,0,16,30,15,16,0,home,1.5,216.5,105.0,-125.0,6.5,106.5,0.0,0,False
2022,2021-11-22,True,False,cha,wsh,109,103,26,33,24,26,0,27,23,23,30,0,home,4.5,216.0,160.0,-180.0,5.0,103.5,0.0,0,False
2022,2021-11-23,True,False,den,por,100,119,27,25,27,21,0,33,33,24,29,0,home,10.0,212.5,350.0,-420.0,2.0,104.0,1.0,1,True
2022,2021-11-23,True,False,dal,lac,112,104,21,21,38,23,9,26,22,28,27,1,home,2.5,213.5,130.0,-150.0,0.0,103.0,0.0,1,False
2022,2021-11-23,True,False,lal,ny,100,106,20,31,30,19,0,36,27,20,23,0,home,4.5,214.5,165.0,-185.0,1.5,105.5,1.0,0,True
2022,2021-11-23,True,False,mia,det,100,92,20,26,21,33,0,25,28,23,16,0,away,10.5,208.5,-600.0,450.0,10.5,101.5,0.0,0,False
2022,2021-11-24,True,False,phi,gs,96,116,34,27,23,12,0,23,29,34,30,0,home,10.0,216.5,400.0,-500.0,11.5,105.5,1.0,0,True
2022,2021-11-24,True,False,lal,ind,124,116,26,34,22,30,12,31,35,18,28,4,home,6.5,217.0,210.0,-250.0,1.5,107.0,0.0,1,False
2022,2021-11-24,True,False,phx,cle,120,115,36,25,26,33,0,33,33,20,29,0,away,7.0,211.5,-300.0,250.0,7.0,108.5,0.0,1,False
2022,2021-11-24,True,False,cha,orl,106,99,24,28,30,24,0,28,21,28,22,0,away,8.0,219.0,-340.0,280.0,4.0,107.0,0.0,0,False
2022,2021-11-24,True,False,bkn,bos,123,104,29,33,35,26,0,22,27,27,28,0,home,1.5,217.5,105.0,-125.0,4.5,106.5,0.0,1,False
2022,2021-11-24,True,False,det,mil,93,114,26,26,22,19,0,32,32,24,26,0,home,15.0,213.0,900.0,-1600.0,5.0,103.5,1.0,0,True
2022,2021-11-24,True,False,utah,okc,110,104,21,28,32,29,0,25,27,28,24,0,away,14.0,208.0,-1200.0,750.0,10.0,108.0,0.0,1,False
2022,2021-11-24,True,False,chi,hou,113,118,32,32,18,31,0,30,25,35,28,0,away,9.5,217.5,-500.0,400.0,2.5,111.5,0.0,1,True
2022,2021-11-24,True,False,mia,min,101,113,27,35,20,19,0,30,24,32,27,0,away,1.0,213.5,-110.0,-110.0,1.5,103.5,0.0,1,True
2022,2021-11-24,True,False,tor,mem,126,113,25,34,32,35,0,32,39,21,21,0,home,3.5,218.0,135.0,-155.0,2.5,105.5,0.0,1,False
2022,2021-11-24,True,False,wsh,no,102,127,27,23,23,29,0,36,36,23,32,0,away,3.5,211.0,-165.0,145.0,8.0,104.0,0.0,1,True
2022,2021-11-24,True,False,atl,sa,124,106,27,38,38,21,0,27,31,25,23,0,away,3.5,222.5,-165.0,145.0,1.0,108.0,1.0,1,False
2022,2021-11-24,True,False,por,sac,121,125,36,35,21,29,0,32,37,24,32,0,away,3.5,225.5,-160.0,140.0,2.5,110.0,0.0,1,True
2022,2021-11-26,True,False,sac,lal,141,137,20,23,30,27,41,20,23,35,22,37,home,7.5,229.0,250.0,-300.0,5.0,109.5,0.0,1,False
2022,2021-11-26,True,False,bos,sa,88,96,14,23,26,25,0,30,22,18,26,0,away,4.5,213.5,-180.0,160.0,7.0,108.5,0.0,0,True
2022,2021-11-26,True,False,por,gs,103,118,26,18,26,33,0,27,31,33,27,0,home,6.0,225.0,200.0,-240.0,1.5,110.0,1.0,0,True
2022,2021-11-26,True,False,mil,den,120,109,27,31,32,30,0,16,31,26,36,0,away,6.5,215.5,-245.0,205.0,0.5,110.0,1.0,1,False
2022,2021-11-26,True,False,wsh,okc,101,99,25,31,20,25,0,27,27,14,31,0,away,6.0,209.5,-275.0,235.0,4.0,102.5,0.0,0,False
2022,2021-11-26,True,False,no,utah,98,97,23,23,26,26,0,28,17,30,22,0,home,13.5,218.5,650.0,-1000.0,9.0,110.5,0.0,0,False
2022,2021-11-26,True,False,atl,mem,132,100,29,33,43,27,0,21,27,18,34,0,away,1.0,227.0,-115.0,-105.0,2.0,109.5,1.0,1,False
2022,2021-11-26,True,False,chi,orl,123,88,27,28,35,33,0,27,19,23,19,0,away,9.5,212.5,-450.0,375.0,3.0,108.5,1.0,0,False
2022,2021-11-26,True,False,phx,ny,118,97,33,24,31,30,0,27,17,27,26,0,away,4.0,214.0,-165.0,145.0,2.0,108.0,1.0,1,False
2022,2021-11-26,True,False,min,cha,115,133,28,30,25,32,0,30,38,31,34,0,home,2.0,226.5,110.0,-130.0,2.0,108.0,1.0,1,True
2022,2021-11-26,True,False,det,lac,96,107,18,22,22,34,0,30,34,18,25,0,home,11.5,205.5,525.0,-750.0,0.5,100.0,0.0,0,True
2022,2021-11-26,True,False,tor,ind,97,114,35,22,24,16,0,31,35,26,22,0,home,5.0,209.0,170.0,-190.0,0.5,101.0,1.0,1,True
2022,2021-11-27,True,False,no,utah,105,127,23,22,22,38,0,37,27,32,31,0,home,12.5,215.0,650.0,-1000.0,1.5,109.5,1.0,1,True
2022,2021-11-27,True,False,wsh,dal,120,114,41,20,30,29,0,36,33,24,21,0,home,6.5,213.0,210.0,-250.0,1.0,104.5,0.0,1,False
2022,2021-11-27,True,False,mia,chi,107,104,27,22,23,35,0,20,26,28,30,0,away,1.0,209.5,-105.0,-115.0,1.5,101.0,1.0,1,False
2022,2021-11-27,True,False,orl,cle,92,105,22,27,20,23,0,27,27,24,27,0,home,10.0,204.5,375.0,-500.0,5.0,105.0,1.0,0,True
2022,2021-11-27,True,False,phx,bkn,113,107,34,22,34,23,0,20,26,26,35,0,home,1.5,226.0,110.0,-130.0,3.0,114.0,0.0,0,False
2022,2021-11-27,True,False,ny,atl,99,90,28,23,34,14,0,27,23,24,16,0,home,8.0,217.0,270.0,-340.0,6.0,104.5,0.0,0,False
2022,2021-11-27,True,False,min,phi,121,120,35,21,16,28,21,20,21,29,30,20,home,7.0,218.0,220.0,-270.0,7.5,105.5,0.0,1,False
2022,2021-11-27,True,False,cha,hou,143,146,30,41,28,36,8,43,30,37,25,11,away,5.0,227.5,-210.0,175.0,5.0,111.0,0.0,1,True
2022,2021-11-28,True,False,gs,lac,105,90,20,24,31,30,0,24,18,26,22,0,away,2.5,215.5,-140.0,120.0,1.5,104.0,1.0,0,False
2022,2021-11-28,True,False,mil,ind,118,100,26,26,39,27,0,26,21,27,26,0,away,2.0,216.5,-135.0,115.0,0.5,110.5,1.0,1,False
2022,2021-11-28,True,False,sac,mem,101,128,25,27,22,27,0,38,38,30,22,0,home,4.0,223.0,150.0,-170.0,4.0,107.0,1.0,1,True
2022,2021-11-28,True,False,bos,tor,109,97,27,27,26,29,0,26,25,25,21,0,away,2.0,207.0,-125.0,105.0,1.0,105.5,1.0,0,False
2022,2021-11-28,True,False,det,lal,106,110,21,27,22,36,0,23,28,32,27,0,home,10.5,214.5,400.0,-525.0,5.5,103.5,0.0,1,True
2022,2021-11-29,True,False,no,lac,123,104,37,30,23,33,0,22,30,26,26,0,home,7.0,210.5,240.0,-280.0,8.5,108.0,0.0,1,False
2022,2021-11-29,True,False,por,utah,107,129,23,26,35,23,0,21,32,41,35,0,home,7.0,221.5,240.0,-280.0,3.0,108.0,1.0,1,True
2022,2021-11-29,True,False,wsh,sa,99,116,20,31,27,21,0,20,25,39,32,0,away,3.0,214.5,-155.0,135.0,0.0,104.5,0.0,1,True
2022,2021-11-29,True,False,cle,dal,114,96,30,22,35,27,0,23,18,24,31,0,home,6.5,210.5,220.0,-260.0,7.0,102.5,0.0,0,False
2022,2021-11-29,True,False,okc,hou,89,102,23,14,23,29,0,28,18,26,30,0,home,2.5,217.5,120.0,-140.0,1.5,105.5,1.0,0,True
2022,2021-11-29,True,False,ind,min,98,100,26,31,19,22,0,20,28,30,22,0,home,4.0,220.5,150.0,-170.0,4.0,106.5,0.0,0,True
2022,2021-11-29,True,False,den,mia,120,111,32,31,32,25,0,23,20,35,33,0,home,3.0,205.5,130.0,-150.0,6.5,99.0,0.0,1,False
2022,2021-11-29,True,False,orl,phi,96,101,19,24,35,18,0,31,23,27,20,0,home,14.0,205.5,750.0,-1200.0,4.5,104.0,0.0,0,True
2022,2021-11-29,True,False,cha,chi,119,133,31,27,27,34,0,30,39,35,29,0,home,5.5,224.5,175.0,-200.0,0.5,109.5,1.0,1,True
2022,2021-11-30,True,False,mem,tor,98,91,27,23,20,28,0,18,21,28,24,0,home,3.0,214.5,130.0,-150.0,4.5,109.5,0.0,0,False
2022,2021-11-30,True,False,ny,bkn,110,112,28,33,23,26,0,33,27,28,24,0,home,6.0,215.0,200.0,-240.0,5.0,105.5,0.0,1,True
2022,2021-11-30,True,False,lal,sac,117,92,20,30,37,30,0,28,31,15,18,0,home,0.0,224.0,-110.0,-110.0,1.5,108.5,0.0,0,False
2022,2021-11-30,True,False,gs,phx,96,104,35,19,24,18,0,31,25,24,24,0,home,3.0,222.5,135.0,-155.0,2.0,108.0,1.0,0,True
2022,2021-11-30,True,False,det,por,92,110,21,24,17,30,0,27,27,29,27,0,home,7.5,209.5,290.0,-350.0,1.0,101.5,1.0,0,True
2022,2021-12-01,True,False,sac,lac,124,115,29,33,37,25,0,21,31,24,39,0,home,6.0,215.0,205.0,-245.0,5.5,104.5,0.0,1,False
2022,2021-12-01,True,False,cha,mil,125,127,41,27,27,30,0,25,35,37,30,0,home,9.0,230.5,300.0,-360.0,9.0,112.0,0.0,1,True
2022,2021-12-01,True,False,hou,okc,114,110,24,29,20,41,0,26,34,21,29,0,home,2.5,216.5,115.0,-135.0,1.0,105.0,0.0,1,False
2022,2021-12-01,True,False,dal,no,139,107,41,26,35,37,0,23,23,29,32,0,away,4.0,216.0,-170.0,150.0,3.5,105.0,1.0,1,False
2022,2021-12-01,True,False,min,wsh,107,115,24,33,31,19,0,24,29,38,24,0,home,3.5,217.0,150.0,-170.0,2.5,105.0,1.0,1,True
2022,2021-12-01,True,False,phi,bos,87,88,20,20,23,24,0,21,23,20,24,0,home,3.0,206.5,135.0,-155.0,1.0,99.5,0.0,0,True
2022,2021-12-01,True,False,den,orl,103,108,29,34,20,20,0,15,32,32,29,0,away,8.0,208.0,-340.0,280.0,0.5,101.0,0.0,1,True
2022,2021-12-01,True,False,atl,ind,114,111,38,27,22,27,0,29,28,31,23,0,home,2.0,217.5,115.0,-135.0,2.5,105.5,0.0,1,False
2022,2021-12-01,True,False,cle,mia,111,85,31,30,26,24,0,16,27,20,22,0,home,3.0,206.5,130.0,-150.0,6.5,100.5,0.0,0,False
2022,2021-12-02,True,False,sa,por,114,83,32,36,16,30,0,22,25,18,18,0,home,5.0,215.5,195.0,-230.0,7.5,106.0,0.0,0,False
2022,2021-12-02,True,False,det,phx,103,114,18,33,30,22,0,30,39,18,27,0,home,11.5,208.0,700.0,-1100.0,1.0,102.5,0.0,1,True
2022,2021-12-02,True,False,chi,ny,119,115,37,32,20,30,0,19,32,32,32,0,away,2.0,209.5,-115.0,-105.0,3.5,106.5,1.0,1,False
2022,2021-12-02,True,False,mil,tor,93,97,23,17,28,25,0,26,22,25,24,0,home,1.5,216.0,-150.0,130.0,2.0,108.5,1.0,0,True
2022,2021-12-02,True,False,okc,mem,79,152,16,20,26,17,0,31,41,41,39,0,home,11.5,210.5,340.0,-430.0,2.5,102.0,1.0,1,True
2022,2021-12-03,True,False,mia,ind,113,104,32,30,30,21,0,25,30,26,23,0,home,5.5,206.0,190.0,-220.0,4.0,101.5,0.0,1,False
2022,2021-12-03,True,False,bos,utah,130,137,25,31,41,33,0,38,21,41,37,0,home,8.0,209.5,290.0,-350.0,4.0,106.5,0.0,1,True
2022,2021-12-03,True,False,no,dal,107,91,14,30,35,28,0,19,29,20,23,0,home,7.0,215.0,250.0,-300.0,3.0,110.5,0.0,0,False
2022,2021-12-03,True,False,orl,hou,116,118,24,32,27,33,0,31,23,30,34,0,home,2.5,217.5,130.0,-150.0,3.0,111.0,0.0,1,True
2022,2021-12-03,True,False,lac,lal,119,115,23,30,34,32,0,22,28,29,36,0,home,2.5,219.0,115.0,-135.0,3.0,110.5,0.0,1,False
2022,2021-12-03,True,False,phi,atl,98,96,31,13,34,20,0,22,30,35,9,0,home,2.5,216.0,120.0,-140.0,1.5,103.5,0.0,0,False
2022,2021-12-03,True,False,cle,wsh,116,101,34,31,34,17,0,29,17,26,29,0,home,3.0,208.5,130.0,-150.0,7.0,101.5,0.0,1,False
2022,2021-12-03,True,False,min,bkn,105,110,34,21,30,20,0,27,32,27,24,0,home,9.0,219.0,340.0,-410.0,4.5,105.5,0.0,0,True
2022,2021-12-03,True,False,phx,gs,96,118,21,27,20,28,0,28,23,29,38,0,home,7.5,215.0,250.0,-300.0,3.5,110.5,1.0,0,True
2022,2021-12-04,True,False,lac,sac,99,104,29,16,25,29,0,29,21,26,28,0,away,2.0,219.0,-125.0,105.0,2.5,111.0,0.0,0,True
2022,2021-12-04,True,False,den,ny,113,99,30,30,32,21,0,25,24,22,28,0,home,2.5,209.0,120.0,-140.0,4.0,102.5,0.0,1,False
2022,2021-12-04,True,False,chi,bkn,111,107,28,24,27,32,0,34,22,26,25,0,home,2.5,222.0,120.0,-140.0,1.0,113.0,0.0,0,False
2022,2021-12-04,True,False,mia,mil,102,124,23,29,24,26,0,34,35,36,19,0,home,6.5,211.0,220.0,-260.0,2.0,102.0,1.0,1,True
2022,2021-12-04,True,False,mem,dal,97,90,22,27,23,25,0,18,19,21,32,0,home,0.0,215.0,-110.0,-110.0,3.5,109.0,0.0,0,False
2022,2021-12-04,True,False,sa,gs,112,107,36,31,32,13,0,21,37,30,19,0,home,9.0,219.0,330.0,-400.0,10.0,107.5,0.0,2,False
2022,2021-12-04,True,False,bos,por,145,117,38,26,39,42,0,23,35,26,33,0,home,1.0,211.0,-105.0,-115.0,1.5,108.5,0.0,1,False
2022,2021-12-05,True,False,no,hou,108,118,26,23,36,23,0,28,29,37,24,0,away,2.5,222.0,-145.0,125.0,3.5,113.5,0.0,1,True
2022,2021-12-05,True,False,cha,atl,130,127,30,38,31,31,0,30,31,31,35,0,home,7.5,225.5,270.0,-330.0,8.0,109.5,0.0,1,False
2022,2021-12-05,True,False,utah,cle,109,108,32,28,31,18,0,29,26,27,26,0,away,5.0,213.5,-200.0,175.0,2.0,108.5,0.0,1,False
2022,2021-12-05,True,False,wsh,tor,90,102,12,30,26,22,0,23,40,21,18,0,home,1.0,212.5,100.0,-120.0,5.5,103.5,1.0,0,True
2022,2021-12-06,True,False,orl,gs,95,126,26,18,35,16,0,31,34,33,28,0,home,16.0,217.5,950.0,-1800.0,3.0,111.0,1.0,1,True
2022,2021-12-06,True,False,sa,phx,104,108,33,15,22,34,0,26,25,28,29,0,home,7.0,215.5,250.0,-300.0,3.5,104.0,0.0,0,True
2022,2021-12-06,True,False,cle,mil,104,112,24,26,28,26,0,24,32,32,24,0,home,9.0,215.0,300.0,-360.0,3.5,103.5,0.0,1,True
2022,2021-12-06,True,False,atl,min,121,110,33,28,35,25,0,24,24,30,32,0,home,2.0,221.5,110.0,-130.0,4.0,108.5,0.0,1,False
2022,2021-12-06,True,False,lac,por,102,90,27,21,29,25,0,26,23,25,16,0,away,5.0,213.0,-200.0,175.0,4.0,108.5,1.0,0,False
2022,2021-12-06,True,False,mem,mia,105,90,34,26,22,23,0,25,24,18,23,0,home,5.5,213.0,185.0,-215.0,6.0,109.5,0.0,0,False
2022,2021-12-06,True,False,wsh,ind,110,116,18,29,31,32,0,28,30,30,28,0,home,6.0,211.5,190.0,-220.0,1.0,103.0,2.0,1,True
2022,2021-12-06,True,False,okc,det,114,103,28,22,22,42,0,37,26,18,22,0,home,3.0,205.0,135.0,-155.0,2.0,102.0,0.0,1,False
2022,2021-12-06,True,False,phi,cha,127,124,23,44,28,24,8,34,28,31,26,5,away,7.5,214.0,-300.0,250.0,3.0,106.0,0.0,1,False
2022,2021-12-06,True,False,den,chi,97,109,27,22,22,26,0,18,28,31,32,0,home,2.0,213.5,115.0,-135.0,0.5,103.5,1.0,0,True
2022,2021-12-07,True,False,bkn,dal,102,99,21,29,25,27,0,27,35,24,13,0,away,1.5,221.0,-125.0,105.0,5.0,107.5,1.0,0,False
2022,2021-12-07,True,False,ny,sa,121,109,28,34,33,26,0,28,28,25,28,0,away,1.5,211.5,-125.0,105.0,0.5,102.5,1.0,1,False
2022,2021-12-07,True,False,bos,lal,102,117,33,22,20,27,0,31,29,31,26,0,home,3.0,220.5,130.0,-150.0,0.5,111.5,1.0,0,True
2022,2021-12-08,True,False,bos,lac,111,114,28,23,27,33,0,24,39,24,27,0,home,0.0,209.0,100.0,-120.0,4.5,107.5,1.0,1,True
2022,2021-12-08,True,False,por,gs,94,104,23,22,21,28,0,26,21,29,28,0,home,14.5,215.5,850.0,-1500.0,8.5,104.5,0.0,0,True
2022,2021-12-08,True,False,orl,sac,130,142,36,31,25,38,0,38,32,34,38,0,home,7.5,223.0,250.0,-300.0,3.5,114.5,1.0,1,True
2022,2021-12-08,True,False,den,no,120,114,35,29,16,25,15,33,24,20,28,9,away,2.0,213.5,-130.0,110.0,0.5,103.5,1.0,1,False
2022,2021-12-08,True,False,dal,mem,104,96,26,22,28,28,0,25,27,23,21,0,home,1.0,219.0,100.0,-120.0,0.5,105.0,0.0,0,False
2022,2021-12-08,True,False,utah,min,136,104,34,26,35,41,0,33,26,22,23,0,away,6.5,218.0,-280.0,240.0,4.5,112.0,1.0,1,False
2022,2021-12-08,True,False,okc,tor,110,109,26,28,33,23,0,36,28,12,33,0,home,7.5,206.0,265.0,-320.0,1.5,100.5,0.0,1,False
2022,2021-12-08,True,False,mil,mia,104,113,26,25,26,27,0,24,20,39,30,0,away,6.5,217.5,-260.0,220.0,1.5,111.0,0.0,0,True
2022,2021-12-08,True,False,ny,ind,102,122,29,28,19,26,0,36,34,26,26,0,home,5.0,208.0,180.0,-210.0,1.5,101.0,1.0,1,True
2022,2021-12-08,True,False,chi,cle,92,115,24,19,23,26,0,29,23,30,33,0,home,3.0,212.5,145.0,-165.0,1.5,107.5,1.0,0,True
2022,2021-12-08,True,False,bkn,hou,104,114,23,29,21,31,0,30,37,23,24,0,away,3.5,223.0,-160.0,140.0,6.5,109.0,0.0,0,True
2022,2021-12-08,True,False,phi,cha,110,106,26,25,31,28,0,26,27,28,25,0,away,6.5,216.0,-250.0,210.0,5.0,104.5,0.0,2,False
2022,2021-12-08,True,False,wsh,det,119,116,27,25,37,17,13,29,31,26,20,10,away,5.0,210.5,-200.0,175.0,5.0,101.5,0.0,1,False
2022,2021-12-09,True,False,utah,phi,118,96,27,34,27,30,0,32,22,22,20,0,away,3.0,216.0,-140.0,120.0,1.0,110.5,1.0,0,False
2022,2021-12-09,True,False,lal,mem,95,108,29,24,25,17,0,25,34,26,23,0,away,4.0,221.5,-175.0,155.0,4.5,107.5,0.0,0,True
2022,2021-12-09,True,False,den,sa,111,123,29,36,25,21,0,37,37,26,23,0,home,2.0,216.5,120.0,-140.0,1.5,105.0,1.0,1,True
2022,2021-12-10,True,False,bos,phx,90,111,24,15,30,21,0,25,32,27,27,0,home,3.0,214.5,140.0,-160.0,3.5,108.5,1.0,0,True
2022,2021-12-10,True,False,det,no,93,109,32,23,12,26,0,25,29,29,26,0,home,6.5,211.5,200.0,-240.0,5.0,102.5,1.0,0,True
2022,2021-12-10,True,False,lal,okc,116,95,32,32,29,23,0,18,27,23,27,0,away,4.0,217.5,-170.0,150.0,3.0,105.5,1.0,0,False
2022,2021-12-10,True,False,mil,hou,123,114,26,32,32,33,0,23,42,30,19,0,away,9.5,227.5,-420.0,350.0,9.0,115.0,0.0,1,False
2022,2021-12-10,True,False,ny,tor,87,90,14,28,23,22,0,31,19,19,21,0,home,1.5,207.5,105.0,-125.0,2.0,100.0,1.0,0,True
2022,2021-12-10,True,False,bkn,atl,113,105,26,26,37,24,0,26,29,36,14,0,home,2.0,227.5,110.0,-130.0,0.5,110.0,0.0,0,False
2022,2021-12-10,True,False,dal,ind,93,106,26,28,26,13,0,22,34,26,24,0,home,2.0,213.5,110.0,-130.0,0.5,103.5,1.0,0,True
2022,2021-12-10,True,False,sac,cha,123,124,36,35,28,24,0,37,32,29,26,0,away,1.5,232.5,-125.0,105.0,0.5,114.0,0.0,1,True
2022,2021-12-10,True,False,cle,min,123,106,34,31,27,31,0,20,24,27,35,0,away,2.0,214.0,-125.0,105.0,4.0,104.5,1.0,1,False
2022,2021-12-11,True,False,gs,phi,93,102,22,27,24,20,0,23,23,24,32,0,away,3.0,212.5,-155.0,135.0,1.0,103.5,0.0,0,True
2022,2021-12-11,True,False,den,sa,127,112,28,44,31,24,0,29,27,18,38,0,home,0.0,218.5,-110.0,-110.0,4.5,107.0,0.0,1,False
2022,2021-12-11,True,False,chi,mia,92,118,25,27,18,22,0,39,26,21,32,0,away,1.5,210.0,-125.0,105.0,5.0,106.5,0.0,2,True
2022,2021-12-11,True,False,sac,cle,103,117,23,29,26,25,0,36,45,20,16,0,home,6.5,222.5,220.0,-260.0,4.0,108.5,1.0,0,True
2022,2021-12-11,True,False,utah,wsh,123,98,28,22,31,42,0,24,27,18,29,0,away,7.0,221.0,-300.0,250.0,5.5,112.5,1.0,2,False
2022,2021-12-11,True,False,orl,lac,104,106,30,14,31,29,0,23,26,29,28,0,home,8.5,215.5,280.0,-340.0,2.5,109.5,0.0,0,True
2022,2021-12-11,True,False,hou,mem,106,113,29,18,30,29,0,40,23,23,27,0,home,8.0,218.0,280.0,-340.0,0.5,106.0,0.0,1,True
2022,2021-12-12,True,False,mil,ny,112,97,26,35,32,19,0,16,32,31,18,0,away,6.0,216.0,-240.0,200.0,0.5,110.5,1.0,0,False
2022,2021-12-12,True,False,bkn,det,116,104,31,29,26,30,0,24,33,34,13,0,away,7.0,211.5,-310.0,260.0,4.0,103.0,1.0,1,False
2022,2021-12-12,True,False,no,sa,97,112,26,26,30,15,0,28,26,29,29,0,home,2.0,220.5,110.0,-130.0,0.5,113.5,1.0,0,True
2022,2021-12-12,True,False,dal,okc,103,84,28,28,24,23,0,27,19,25,13,0,away,4.0,206.5,-175.0,155.0,1.0,100.5,1.0,0,False
2022,2021-12-12,True,False,min,por,116,111,33,23,33,27,0,26,29,29,27,0,home,3.0,226.0,130.0,-150.0,2.5,109.5,0.0,1,False
2022,2021-12-12,True,False,orl,lal,94,106,25,27,10,32,0,18,31,36,21,0,home,10.0,221.0,360.0,-430.0,8.0,110.5,1.0,0,True
2022,2021-12-13,True,False,phx,lac,95,111,21,23,25,26,0,27,29,23,32,0,away,3.5,212.0,-155.0,135.0,5.5,109.0,0.0,0,True
2022,2021-12-13,True,False,wsh,den,107,113,22,19,29,37,0,29,30,32,22,0,home,4.0,215.5,145.0,-165.0,3.5,103.5,1.0,1,True
2022,2021-12-13,True,False,cha,dal,96,120,20,23,26,27,0,37,33,21,29,0,home,2.5,216.5,120.0,-140.0,5.0,105.5,1.0,0,True
2022,2021-12-13,True,False,phi,mem,91,126,30,26,19,16,0,37,31,33,25,0,away,1.0,209.0,125.0,-145.0,3.0,102.0,0.0,1,True
2022,2021-12-13,True,False,mia,cle,94,105,25,19,29,21,0,23,32,23,27,0,home,5.5,208.0,180.0,-210.0,1.0,100.5,1.0,0,True
2022,2021-12-13,True,False,hou,atl,132,126,28,30,30,44,0,38,31,32,25,0,home,10.5,227.0,400.0,-500.0,3.5,110.0,0.0,1,False
2022,2021-12-13,True,False,sac,tor,101,124,22,23,24,32,0,30,40,23,31,0,home,4.5,222.0,165.0,-185.0,4.5,108.0,1.0,1,True
2022,2021-12-13,True,False,gs,ind,102,100,25,22,33,22,0,29,26,29,16,0,away,4.0,214.0,-175.0,155.0,5.5,104.5,0.0,0,False
2022,2021-12-13,True,False,mil,bos,103,117,30,20,24,29,0,21,30,34,32,0,away,1.0,223.0,-115.0,-105.0,1.0,113.0,0.0,0,True
2022,2021-12-14,True,False,tor,bkn,129,131,32,24,44,20,9,33,33,25,29,11,home,4.0,216.5,145.0,-165.0,1.5,105.0,0.0,1,True
2022,2021-12-14,True,False,phx,por,111,107,32,17,24,29,9,21,22,32,27,5,away,1.0,217.0,-110.0,-110.0,1.5,111.5,1.0,1,False
2022,2021-12-14,True,False,gs,ny,105,96,24,23,24,34,0,24,24,16,32,0,away,5.5,211.5,-225.0,195.0,4.5,102.5,1.0,0,False
2022,2021-12-15,True,False,mem,por,113,103,24,31,25,33,0,19,28,35,21,0,home,0.0,218.0,-115.0,-105.0,2.5,110.5,0.0,0,False
2022,2021-12-15,True,False,lac,utah,103,124,31,28,22,22,0,35,30,28,31,0,home,13.5,217.5,550.0,-800.0,6.0,111.0,1.0,1,True
2022,2021-12-15,True,False,min,den,124,107,40,35,33,16,0,32,29,27,19,0,home,4.0,223.0,155.0,-175.0,6.0,107.5,0.0,1,False
2022,2021-12-15,True,False,cha,sa,131,115,46,27,37,21,0,31,26,25,33,0,home,2.5,224.0,120.0,-140.0,6.0,109.0,0.0,1,False
2022,2021-12-15,True,False,ind,mil,99,114,33,20,34,12,0,33,25,29,27,0,away,3.0,214.5,-150.0,130.0,2.5,105.0,0.0,0,True
2022,2021-12-15,True,False,wsh,sac,105,119,32,25,32,16,0,27,29,28,35,0,away,2.5,226.5,-130.0,110.0,1.5,109.0,0.0,0,True
2022,2021-12-15,True,False,lal,dal,107,104,33,14,26,20,14,23,27,23,20,11,away,4.0,212.5,-160.0,140.0,4.5,104.0,0.0,0,False
2022,2021-12-15,True,False,mia,phi,101,96,29,29,23,20,0,18,31,21,26,0,home,7.5,203.0,250.0,-300.0,7.5,98.5,0.0,0,False
2022,2021-12-15,True,False,hou,cle,89,124,16,22,25,26,0,35,34,31,24,0,home,9.5,217.0,350.0,-420.0,1.5,105.0,1.0,0,True
2022,2021-12-15,True,False,atl,orl,111,99,27,37,29,18,0,25,25,23,26,0,away,9.0,223.5,-380.0,320.0,0.5,108.5,1.0,0,False
2022,2021-12-15,True,False,no,okc,113,110,24,21,30,38,0,28,23,27,32,0,away,4.5,212.0,-180.0,160.0,4.5,108.0,0.0,1,False
2022,2021-12-16,True,False,det,ind,113,122,29,35,27,22,0,32,38,33,19,0,home,10.5,208.0,450.0,-600.0,4.0,101.0,0.0,1,True
2022,2021-12-16,True,False,phi,bkn,105,114,25,23,31,26,0,39,27,19,29,0,away,3.0,216.5,-150.0,130.0,7.0,104.0,0.0,1,True
2022,2021-12-16,True,False,ny,hou,116,103,39,18,27,32,0,30,21,31,21,0,away,5.5,215.5,-210.0,180.0,2.0,104.0,1.0,1,False
2022,2021-12-16,True,False,wsh,phx,98,118,23,27,21,27,0,31,31,27,29,0,home,8.5,213.0,325.0,-390.0,1.0,104.5,1.0,1,True
2022,2021-12-17,True,False,cha,por,116,125,24,31,31,30,0,41,40,22,22,0,home,1.5,230.0,105.0,-125.0,5.0,112.5,1.0,1,True
2022,2021-12-17,True,False,mil,no,112,116,28,21,28,26,9,21,31,25,26,13,home,1.5,214.5,100.0,-120.0,0.5,109.0,1.0,1,True
2022,2021-12-17,True,False,mem,sac,124,105,29,29,33,33,0,31,25,19,30,0,away,6.0,221.0,-270.0,230.0,3.0,113.5,1.0,1,False
2022,2021-12-17,True,False,sa,utah,128,126,36,23,41,28,0,37,36,23,30,0,home,11.5,226.5,500.0,-700.0,2.5,110.0,0.0,1,False
2022,2021-12-17,True,False,lal,min,92,110,16,29,20,27,0,23,31,31,25,0,away,1.0,222.5,-120.0,100.0,3.0,108.0,0.0,0,True
2022,2021-12-17,True,False,gs,bos,111,107,34,34,14,29,0,26,28,27,26,0,away,4.0,216.5,-185.0,165.0,2.0,105.0,2.0,1,False
2022,2021-12-17,True,False,den,atl,133,115,29,43,34,27,0,26,28,33,28,0,home,3.5,225.0,140.0,-160.0,6.5,108.5,0.0,1,False
2022,2021-12-17,True,False,mia,orl,115,105,31,35,27,22,0,22,35,26,22,0,away,9.0,203.0,-410.0,340.0,3.0,99.0,1.0,1,False
2022,2021-12-18,True,False,cle,mil,119,90,34,28,31,26,0,20,31,18,21,0,away,6.0,210.5,-230.0,195.0,0.5,103.0,1.0,0,False
2022,2021-12-18,True,False,ny,bos,107,114,18,29,41,19,0,32,30,24,28,0,home,6.0,208.5,185.0,-215.0,2.0,101.5,1.0,1,True
2022,2021-12-18,True,False,lac,okc,103,104,19,33,27,24,0,24,33,24,23,0,away,4.5,209.5,-185.0,165.0,4.0,107.5,0.0,0,True
2022,2021-12-18,True,False,wsh,utah,109,103,27,29,28,25,0,33,20,27,23,0,home,10.5,222.5,240.0,-280.0,8.0,108.5,0.0,0,False
2022,2021-12-18,True,False,orl,bkn,100,93,26,24,24,26,0,17,27,22,27,0,home,5.0,211.0,190.0,-220.0,4.0,107.5,0.0,0,False
2022,2021-12-18,True,False,hou,det,116,107,38,24,26,28,0,30,19,26,32,0,away,1.0,219.5,-110.0,-110.0,3.5,106.0,1.0,1,False
2022,2021-12-18,True,False,gs,tor,100,119,18,24,27,31,0,31,32,33,23,0,home,7.5,202.5,300.0,-360.0,2.0,98.5,1.0,1,True
2022,2021-12-19,True,False,lal,chi,110,115,22,37,25,26,0,28,33,22,32,0,home,7.0,217.0,240.0,-280.0,3.5,106.5,0.0,1,True
2022,2021-12-19,True,False,sa,sac,114,121,27,29,29,29,0,37,26,28,30,0,away,5.0,227.0,-190.0,170.0,4.5,110.0,0.0,1,True
2022,2021-12-19,True,False,por,mem,105,100,28,23,26,28,0,32,20,28,20,0,home,4.0,221.5,165.0,-185.0,3.0,106.5,0.0,0,False
2022,2021-12-19,True,False,mia,det,90,100,23,25,19,23,0,20,26,33,21,0,away,6.0,208.0,-260.0,220.0,3.5,101.5,0.0,0,True
2022,2021-12-19,True,False,dal,min,105,111,25,25,38,17,0,27,29,30,25,0,home,3.5,214.0,145.0,-165.0,1.0,104.5,1.0,1,True
2022,2021-12-19,True,False,cha,phx,106,137,15,32,33,26,0,37,32,39,29,0,home,8.5,232.0,330.0,-400.0,1.5,114.0,1.0,1,True
2022,2021-12-20,True,False,cha,utah,102,112,16,25,27,34,0,35,19,26,32,0,home,12.5,237.5,600.0,-900.0,3.0,114.0,0.0,0,True
2022,2021-12-20,True,False,sac,gs,98,113,16,30,33,19,0,26,32,26,29,0,home,13.5,221.5,650.0,-1000.0,3.5,107.0,1.0,0,True
2022,2021-12-20,True,False,sa,lac,116,92,35,27,30,24,0,27,21,17,27,0,home,6.0,220.0,195.0,-230.0,7.0,107.0,0.0,0,False
2022,2021-12-20,True,False,hou,chi,118,133,26,28,29,35,0,35,38,32,28,0,home,7.5,223.0,240.0,-280.0,1.5,107.0,1.0,1,True
2022,2021-12-20,True,False,phi,bos,108,103,28,23,24,33,0,20,29,31,23,0,home,3.0,214.5,120.0,-140.0,1.0,104.5,0.0,0,False
2022,2021-12-20,True,False,okc,mem,102,99,16,31,27,28,0,28,22,22,27,0,home,9.0,215.5,330.0,-400.0,5.5,105.0,0.0,0,False
2022,2021-12-21,True,False,det,ny,91,105,17,20,32,22,0,24,24,32,25,0,home,7.5,206.0,245.0,-290.0,1.5,100.0,1.0,0,True
2022,2021-12-21,True,False,ind,mia,96,125,21,24,24,27,0,33,35,30,27,0,away,2.5,211.0,-130.0,110.0,7.0,101.0,0.0,1,True
2022,2021-12-21,True,False,por,no,97,111,21,28,29,19,0,24,27,30,30,0,home,0.0,219.0,-120.0,100.0,0.0,106.0,1.0,0,True
2022,2021-12-21,True,False,min,dal,102,114,35,15,28,24,0,34,27,27,26,0,away,2.0,213.0,-140.0,120.0,4.5,104.5,0.0,1,True
2022,2021-12-21,True,False,phx,lal,108,90,24,30,31,23,0,25,27,21,17,0,away,7.0,223.5,-300.0,250.0,4.0,113.0,1.0,0,False
2022,2021-12-22,True,False,lac,sac,105,89,25,24,25,31,0,20,18,30,21,0,away,4.0,216.5,-175.0,155.0,1.5,110.5,1.0,0,False
2022,2021-12-22,True,False,den,okc,94,108,18,34,14,28,0,28,32,28,20,0,away,6.5,213.0,-260.0,220.0,6.0,104.5,0.0,0,True
2022,2021-12-22,True,False,cle,bos,101,111,26,22,25,28,0,31,32,22,26,0,home,6.5,216.5,210.0,-250.0,0.5,105.0,1.0,0,True
2022,2021-12-22,True,False,orl,atl,104,98,22,25,23,34,0,20,17,24,37,0,home,8.0,208.5,250.0,-300.0,7.0,106.5,0.0,0,False
2022,2021-12-22,True,False,hou,mil,106,126,24,26,26,30,0,25,38,34,29,0,home,8.5,224.0,325.0,-390.0,0.5,109.5,1.0,1,True
2022,2021-12-23,True,False,min,utah,116,128,27,33,30,26,0,35,32,34,27,0,home,15.0,225.5,775.0,-1300.0,7.0,110.5,0.0,1,True
2022,2021-12-23,True,False,mem,gs,104,113,31,22,30,21,0,27,25,32,29,0,home,5.5,217.0,180.0,-210.0,3.5,111.5,1.0,2,True
2022,2021-12-23,True,False,okc,phx,101,113,17,31,21,32,0,29,16,37,31,0,home,15.0,213.5,800.0,-1400.0,11.0,104.0,0.0,1,True
2022,2021-12-23,True,False,sa,lal,138,110,33,33,39,33,0,24,31,37,18,0,home,1.5,226.0,105.0,-125.0,3.5,108.5,0.0,1,False
2022,2021-12-23,True,False,mil,dal,102,95,15,26,34,27,0,23,20,31,21,0,away,3.5,208.5,-160.0,140.0,3.5,106.0,1.0,0,False
2022,2021-12-23,True,False,cha,den,115,107,27,25,25,38,0,26,39,29,13,0,home,2.0,231.0,120.0,-140.0,3.0,112.0,0.0,0,False
2022,2021-12-23,True,False,det,mia,112,115,29,32,26,25,0,29,26,33,27,0,home,12.0,207.5,525.0,-750.0,9.0,101.0,0.0,1,True
2022,2021-12-23,True,False,no,orl,110,104,32,23,28,27,0,17,26,35,26,0,away,4.5,211.0,-190.0,170.0,0.5,107.5,1.0,1,False
2022,2021-12-23,True,False,hou,ind,106,118,28,30,36,12,0,36,27,28,27,0,home,6.5,223.5,230.0,-270.0,3.0,108.5,1.0,1,True
2022,2021-12-23,True,False,atl,phi,98,96,32,19,28,19,0,18,33,24,21,0,home,11.0,205.0,500.0,-700.0,7.5,100.0,0.0,0,False
2022,2021-12-23,True,False,wsh,ny,124,117,31,26,33,34,0,27,37,22,31,0,home,3.5,206.5,140.0,-160.0,0.5,100.5,0.0,1,False
2022,2021-12-25,True,False,atl,ny,87,101,21,30,15,21,0,30,31,20,20,0,home,5.5,206.5,180.0,-210.0,0.5,101.0,1.0,0,True
2022,2021-12-25,True,False,bos,mil,113,117,35,27,32,19,0,22,25,43,27,0,home,7.5,221.5,270.0,-330.0,8.5,113.5,0.0,1,True
2022,2021-12-25,True,False,gs,phx,116,107,33,25,26,32,0,27,35,22,23,0,home,6.0,215.5,200.0,-240.0,2.5,105.5,0.0,1,False
2022,2021-12-25,True,False,bkn,lal,122,115,38,28,36,20,0,23,39,20,33,0,home,2.5,222.0,115.0,-135.0,2.5,108.5,0.0,1,False
2022,2021-12-25,True,False,dal,utah,116,120,34,29,27,26,0,25,40,25,30,0,home,13.5,214.0,650.0,-1000.0,8.0,103.5,0.0,1,True
2022,2021-12-26,True,False,den,lac,103,100,32,32,15,24,0,30,25,28,17,0,away,3.5,212.0,-160.0,140.0,0.5,103.5,0.0,0,False
2022,2021-12-26,True,False,ind,chi,105,113,27,21,31,26,0,33,30,24,26,0,home,4.0,219.5,160.0,-180.0,2.5,107.0,1.0,0,True
2022,2021-12-26,True,False,det,sa,109,144,30,24,26,29,0,38,40,41,25,0,home,10.0,221.0,425.0,-550.0,1.0,108.0,1.0,1,True
2022,2021-12-26,True,False,no,okc,112,117,18,31,32,31,0,32,25,32,28,0,away,1.5,212.5,-125.0,105.0,1.5,109.0,0.0,1,True
2022,2021-12-26,True,False,orl,mia,83,93,24,15,21,23,0,22,20,30,21,0,home,10.5,203.0,400.0,-500.0,5.5,104.0,0.0,0,True
2022,2021-12-26,True,False,tor,cle,99,144,34,21,23,21,0,35,37,46,26,0,home,9.0,208.0,320.0,-380.0,0.0,101.0,1.0,1,True
2022,2021-12-26,True,False,phi,wsh,117,96,25,38,29,25,0,31,24,17,24,0,away,4.0,206.0,-175.0,155.0,0.5,100.5,1.0,1,False
2022,2021-12-26,True,False,mem,sac,127,102,20,29,40,38,0,24,26,27,25,0,away,2.0,227.5,-140.0,120.0,2.0,116.0,1.0,1,False
2022,2021-12-27,True,False,bkn,lac,124,108,38,33,30,23,0,33,22,26,27,0,away,4.0,215.0,-170.0,150.0,3.0,104.5,1.0,1,False
2022,2021-12-27,True,False,dal,por,132,117,34,38,34,26,0,29,24,31,33,0,home,3.0,214.5,130.0,-150.0,6.5,104.5,0.0,1,False
2022,2021-12-27,True,False,utah,sa,110,104,34,19,29,28,0,27,16,27,34,0,away,7.0,230.0,-280.0,240.0,1.0,118.0,0.0,0,False
2022,2021-12-27,True,False,mem,phx,114,113,25,35,29,25,0,24,24,27,38,0,home,7.5,222.5,265.0,-320.0,8.0,114.0,0.0,1,False
2022,2021-12-27,True,False,chi,atl,130,118,31,38,29,32,0,36,27,24,31,0,away,3.0,219.0,-160.0,140.0,0.5,113.5,1.0,1,False
2022,2021-12-27,True,False,bos,min,103,108,29,27,23,24,0,23,22,29,34,0,away,5.0,214.0,-215.0,185.0,1.0,110.0,0.0,0,True
2022,2021-12-27,True,False,hou,cha,99,123,29,21,20,29,0,33,31,32,27,0,home,8.0,233.0,270.0,-330.0,0.5,112.5,1.0,0,True
2022,2021-12-28,True,False,okc,sac,111,117,34,23,24,30,0,32,29,26,30,0,home,5.5,225.0,190.0,-220.0,2.5,108.0,1.0,1,True
2022,2021-12-28,True,False,cle,no,104,108,39,19,25,21,0,20,28,28,32,0,away,4.5,209.5,-185.0,165.0,0.0,102.0,0.0,1,True
2022,2021-12-28,True,False,lal,hou,132,123,34,33,30,35,0,35,24,33,31,0,away,6.0,227.0,-220.0,190.0,1.5,110.5,1.0,1,False
2022,2021-12-28,True,False,den,gs,89,86,31,29,14,15,0,16,20,25,25,0,home,8.0,217.0,290.0,-350.0,10.0,105.5,0.0,0,False
2022,2021-12-28,True,False,wsh,mia,112,119,24,27,22,39,0,38,27,26,28,0,home,8.0,203.0,265.0,-320.0,0.5,99.0,0.0,1,True
2022,2021-12-28,True,False,phi,tor,114,109,27,28,30,29,0,24,24,33,28,0,away,6.0,215.0,-250.0,210.0,1.5,104.5,0.0,1,False
2022,2021-12-28,True,False,mil,orl,127,110,32,40,25,30,0,24,21,37,28,0,away,15.0,216.0,-1400.0,800.0,2.5,112.5,1.0,1,False
2022,2021-12-28,True,False,ny,min,96,88,29,15,28,24,0,22,19,21,26,0,away,5.0,211.5,-190.0,170.0,2.5,101.5,1.0,0,False
2022,2021-12-29,True,False,dal,sac,94,95,30,13,26,25,0,20,35,17,23,0,home,0.0,221.0,-115.0,-105.0,3.5,106.5,1.0,0,True
2022,2021-12-29,True,False,ny,det,94,85,23,25,16,30,0,20,21,30,14,0,away,8.5,214.5,-340.0,280.0,3.0,102.0,1.0,0,False
2022,2021-12-29,True,False,cha,ind,116,108,34,37,19,26,0,27,30,25,26,0,home,4.0,225.5,145.0,-165.0,5.5,110.0,0.0,0,False
2022,2021-12-29,True,False,lac,bos,91,82,26,21,22,22,0,21,19,23,19,0,home,6.0,210.0,200.0,-240.0,5.5,106.5,0.0,0,False
2022,2021-12-29,True,False,lal,mem,99,104,30,24,29,16,0,23,25,30,26,0,home,6.0,224.5,210.0,-250.0,5.0,109.0,0.0,0,True
2022,2021-12-29,True,False,atl,chi,117,131,36,17,34,30,0,38,36,30,27,0,home,7.5,227.5,270.0,-330.0,1.0,111.5,1.0,1,True
2022,2021-12-29,True,False,okc,phx,97,115,23,29,29,16,0,33,27,25,30,0,home,16.0,218.5,950.0,-1800.0,7.5,106.0,1.0,0,True
2022,2021-12-29,True,False,utah,por,120,105,36,33,27,24,0,27,32,23,23,0,away,8.0,228.5,-320.0,265.0,2.0,116.5,1.0,0,False
2022,2021-12-30,True,False,mil,orl,136,118,32,31,33,40,0,24,27,34,33,0,away,14.0,218.0,-1100.0,700.0,4.0,111.5,1.0,1,False
2022,2021-12-30,True,False,cle,wsh,93,110,30,21,21,21,0,31,27,33,19,0,home,4.0,209.0,145.0,-165.0,0.5,101.5,1.0,0,True
2022,2021-12-30,True,False,phi,bkn,110,102,39,16,29,26,0,31,23,28,20,0,home,5.0,221.0,175.0,-200.0,4.0,107.5,0.0,0,False
2022,2021-12-31,True,False,min,utah,108,120,22,28,37,21,0,29,34,23,34,0,home,12.5,222.0,550.0,-800.0,3.0,107.5,0.0,1,True
2022,2021-12-31,True,False,por,lal,106,139,28,26,23,29,0,43,26,32,38,0,home,5.5,227.0,195.0,-230.0,1.5,109.5,1.0,1,True
2022,2021-12-31,True,False,ny,okc,80,95,20,29,16,15,0,23,28,23,21,0,away,2.5,208.5,-150.0,130.0,1.0,101.5,0.0,0,True
2022,2021-12-31,True,False,lac,tor,108,116,29,33,25,21,0,32,24,26,34,0,home,6.5,212.5,220.0,-260.0,7.5,109.0,1.0,1,True
2022,2021-12-31,True,False,sa,mem,105,118,26,35,18,26,0,32,31,27,28,0,home,5.5,227.0,190.0,-220.0,3.5,109.5,1.0,0,True
2022,2021-12-31,True,False,mia,hou,120,110,41,33,26,20,0,30,30,27,23,0,away,5.0,218.5,-190.0,170.0,1.0,107.0,1.0,1,False
2022,2021-12-31,True,False,dal,sac,112,96,34,28,32,18,0,39,17,20,20,0,away,1.0,216.0,-115.0,-105.0,1.0,105.0,1.0,0,False
2022,2021-12-31,True,False,chi,ind,108,106,25,29,28,26,0,23,27,29,27,0,away,3.0,220.0,-135.0,115.0,0.5,112.5,0.0,0,False
2022,2021-12-31,True,False,phx,bos,108,123,20,21,36,31,0,32,35,33,23,0,away,3.0,217.0,-150.0,130.0,8.0,111.0,0.0,1,True
2022,2021-12-31,True,False,atl,cle,121,118,25,26,40,30,0,32,34,22,30,0,home,1.5,218.0,115.0,-135.0,3.0,105.5,0.0,1,False
2022,2022-01-01,True,False,den,hou,124,111,30,47,22,25,0,31,24,19,37,0,away,8.5,220.0,-320.0,265.0,1.5,107.0,1.0,1,False
2022,2022-01-01,True,False,no,mil,113,136,24,32,26,31,0,27,37,32,40,0,home,12.0,221.0,575.0,-850.0,5.0,113.5,1.0,1,True
2022,2022-01-01,True,False,chi,wsh,120,119,25,27,34,34,0,32,32,24,31,0,away,2.0,221.5,-130.0,110.0,4.0,111.5,0.0,1,False
2022,2022-01-01,True,False,sa,det,116,117,29,30,22,24,11,20,32,33,20,12,away,6.5,222.0,-265.0,225.0,2.0,108.5,0.0,1,True
2022,2022-01-01,True,False,lac,bkn,120,116,29,20,31,40,0,30,23,34,29,0,home,14.0,220.0,750.0,-1200.0,7.5,111.5,0.0,1,False
2022,2022-01-01,True,False,gs,utah,123,116,29,35,22,37,0,24,26,41,25,0,home,5.5,223.5,190.0,-220.0,6.5,109.5,0.0,1,False
2022,2022-01-02,True,False,min,lal,103,108,24,30,26,23,0,31,26,21,30,0,home,7.0,222.0,265.0,-320.0,3.5,108.0,0.0,0,True
2022,2022-01-02,True,False,phx,cha,133,99,36,37,33,27,0,27,20,27,25,0,away,1.5,234.0,-125.0,105.0,6.0,119.0,1.0,0,False
2022,2022-01-02,True,False,mia,sac,113,115,18,39,33,23,0,26,35,29,25,0,away,3.5,222.5,-165.0,145.0,2.5,109.0,0.0,1,True
2022,2022-01-02,True,False,dal,okc,95,86,26,25,22,22,0,22,17,25,22,0,away,10.0,206.5,-500.0,400.0,1.5,100.5,0.0,0,False
2022,2022-01-02,True,False,ind,cle,104,108,30,26,28,20,0,30,28,30,20,0,home,4.5,207.5,155.0,-175.0,2.5,101.5,0.0,1,True
2022,2022-01-02,True,False,ny,tor,105,120,27,18,29,31,0,30,26,40,24,0,home,8.0,208.0,300.0,-360.0,1.5,101.0,1.0,1,True
2022,2022-01-02,True,False,orl,bos,111,116,19,23,35,23,11,28,17,20,35,16,home,10.0,213.0,450.0,-600.0,5.5,108.5,0.0,1,True
2022,2022-01-03,True,False,min,lac,122,104,26,38,21,37,0,21,25,19,39,0,home,3.5,215.5,140.0,-160.0,6.0,105.0,0.0,1,False
2022,2022-01-03,True,False,atl,por,131,136,32,33,40,26,0,36,34,30,36,0,away,4.0,223.0,-170.0,150.0,3.0,108.5,0.0,1,True
2022,2022-01-03,True,False,den,dal,89,103,20,17,26,26,0,24,22,23,34,0,home,3.0,213.0,125.0,-145.0,1.5,102.0,1.0,0,True
2022,2022-01-03,True,False,utah,no,115,104,23,29,30,33,0,24,25,28,27,0,away,8.5,229.0,-400.0,330.0,4.5,117.0,1.0,0,False
2022,2022-01-03,True,False,mia,gs,108,115,25,29,28,26,0,33,26,30,26,0,home,10.5,215.5,425.0,-550.0,4.5,105.5,0.0,1,True
2022,2022-01-03,True,False,det,mil,115,106,28,33,26,28,0,30,34,21,21,0,home,17.0,226.5,1100.0,-2500.0,9.0,110.0,0.0,0,False
2022,2022-01-03,True,False,mem,bkn,118,104,29,27,40,22,0,24,23,26,31,0,home,6.5,230.0,220.0,-260.0,6.0,116.5,0.0,0,False
2022,2022-01-03,True,False,cha,wsh,121,124,25,39,26,31,0,38,18,28,40,0,home,2.0,230.5,105.0,-125.0,3.0,111.5,1.0,1,True
2022,2022-01-03,True,False,hou,phi,113,133,30,33,29,21,0,34,28,41,30,0,home,13.0,218.5,650.0,-1000.0,8.0,106.0,1.0,1,True
2022,2022-01-03,True,False,orl,chi,98,102,21,19,26,32,0,15,30,24,33,0,home,14.0,217.5,750.0,-1200.0,6.5,111.5,0.0,0,True
2022,2022-01-04,True,False,sa,tor,104,129,29,24,28,23,0,30,38,29,32,0,home,7.0,223.0,245.0,-290.0,1.0,108.5,1.0,1,True
2022,2022-01-04,True,False,mem,cle,110,106,27,30,19,34,0,30,25,20,31,0,home,3.5,216.0,140.0,-160.0,3.0,110.5,0.0,2,False
2022,2022-01-04,True,False,ind,ny,94,104,25,30,22,17,0,32,23,29,20,0,home,3.5,205.5,140.0,-160.0,3.0,100.5,1.0,0,True
2022,2022-01-04,True,False,phx,no,123,110,42,22,31,28,0,31,23,30,26,0,away,6.5,225.0,-265.0,225.0,0.5,115.0,1.0,1,False
2022,2022-01-04,True,False,sac,lal,114,122,31,28,24,31,0,26,31,28,37,0,home,6.5,230.0,210.0,-250.0,5.0,110.5,1.0,1,True
2022,2022-01-05,True,False,tor,mil,117,111,35,33,24,25,0,42,35,11,23,0,home,2.5,221.5,110.0,-130.0,2.0,109.0,0.0,1,False
2022,2022-01-05,True,False,utah,den,115,109,26,31,31,27,0,26,30,22,31,0,home,1.0,226.5,-110.0,-110.0,0.0,116.0,0.0,0,False
2022,2022-01-05,True,False,mia,por,115,109,30,28,25,32,0,23,24,33,29,0,away,2.5,215.5,-140.0,120.0,2.5,104.5,1.0,1,False
2022,2022-01-05,True,False,atl,sac,108,102,33,21,24,30,0,24,21,30,27,0,home,1.5,229.0,105.0,-125.0,3.5,110.0,0.0,0,False
2022,2022-01-05,True,False,okc,min,90,98,10,26,27,27,0,30,19,20,29,0,home,9.5,218.5,350.0,-420.0,2.0,106.0,0.0,0,True
2022,2022-01-05,True,False,gs,dal,82,99,21,18,28,15,0,21,29,20,29,0,away,4.5,213.0,-190.0,170.0,5.5,104.0,0.0,0,True
2022,2022-01-05,True,False,sa,bos,99,97,30,28,22,19,0,30,26,21,20,0,home,7.5,223.0,270.0,-330.0,6.0,108.5,0.0,0,False
2022,2022-01-05,True,False,hou,wsh,114,111,29,25,32,28,0,26,29,28,28,0,home,7.5,230.5,250.0,-300.0,4.5,110.5,0.0,0,False
2022,2022-01-05,True,False,det,cha,111,140,19,32,24,36,0,37,28,35,40,0,home,10.5,227.0,450.0,-600.0,1.5,109.5,1.0,1,True
2022,2022-01-05,True,False,phi,orl,116,106,33,29,26,28,0,33,26,30,17,0,away,8.5,212.0,-350.0,290.0,4.5,105.0,1.0,1,False
2022,2022-01-05,True,False,bkn,ind,129,121,32,28,34,35,0,37,36,28,20,0,away,8.0,224.5,-370.0,310.0,8.0,109.5,2.0,1,False
2022,2022-01-06,True,False,lac,phx,89,106,20,20,26,23,0,21,35,19,31,0,home,10.5,222.0,450.0,-600.0,1.0,113.5,1.0,0,True
2022,2022-01-06,True,False,bos,ny,105,108,25,38,21,21,0,18,29,30,31,0,away,2.0,207.0,-130.0,110.0,2.5,105.0,0.0,1,True
2022,2022-01-06,True,False,gs,no,96,101,22,24,26,24,0,16,31,28,26,0,home,1.0,212.0,-105.0,-115.0,1.0,103.5,1.0,0,True
2022,2022-01-06,True,False,det,mem,88,118,18,28,22,20,0,32,30,28,28,0,home,13.5,218.5,650.0,-1000.0,3.5,106.0,1.0,0,True
2022,2022-01-07,True,False,sac,den,111,121,23,31,31,26,0,35,31,30,25,0,home,8.0,225.5,260.0,-310.0,0.5,110.0,1.0,1,True
2022,2022-01-07,True,False,wsh,chi,122,130,32,34,29,27,0,37,36,34,23,0,home,5.5,225.0,190.0,-220.0,1.0,109.0,1.0,1,True
2022,2022-01-07,True,False,min,okc,135,105,32,41,30,32,0,28,29,23,25,0,away,5.0,218.5,-185.0,165.0,2.0,107.0,1.0,1,False
2022,2022-01-07,True,False,mil,bkn,121,109,29,31,38,23,0,21,28,31,29,0,home,4.0,232.5,160.0,-180.0,6.0,119.0,0.0,0,False
2022,2022-01-07,True,False,utah,tor,108,122,40,22,30,16,0,25,24,45,28,0,home,13.5,216.5,700.0,-1100.0,11.0,109.5,1.0,1,True
2022,2022-01-07,True,False,sa,phi,100,119,19,34,27,20,0,39,32,26,22,0,home,8.5,220.5,280.0,-340.0,0.0,107.0,1.0,0,True
2022,2022-01-07,True,False,cle,por,114,101,24,33,25,32,0,21,26,31,23,0,away,6.0,216.5,-240.0,200.0,0.5,105.5,1.0,0,False
2022,2022-01-07,True,False,dal,hou,130,106,43,37,30,20,0,23,37,26,20,0,away,3.0,215.0,-150.0,130.0,3.5,106.0,1.0,1,False
2022,2022-01-07,True,False,atl,lal,118,134,28,33,26,31,0,34,30,37,33,0,home,1.0,231.5,100.0,-120.0,0.5,112.5,1.0,1,True
2022,2022-01-08,True,False,ny,bos,75,99,26,16,18,15,0,21,23,32,23,0,home,8.0,205.5,260.0,-310.0,4.5,98.5,1.0,0,True
2022,2022-01-08,True,False,mia,phx,123,100,33,38,27,25,0,29,21,29,21,0,home,10.0,218.5,400.0,-500.0,11.0,108.0,0.0,1,False
2022,2022-01-08,True,False,mil,cha,106,114,29,12,34,31,0,27,20,42,25,0,home,1.5,235.0,105.0,-125.0,1.0,119.0,1.0,0,True
2022,2022-01-08,True,False,orl,det,92,97,26,19,28,19,0,31,21,21,24,0,home,1.0,215.0,100.0,-120.0,1.0,109.5,1.0,0,True
2022,2022-01-08,True,False,utah,ind,113,125,27,25,34,27,0,33,28,29,35,0,away,4.5,226.0,-185.0,165.0,5.5,115.5,0.0,1,True
2022,2022-01-08,True,False,mem,lac,123,108,28,38,28,29,0,36,20,28,24,0,away,2.0,214.0,-130.0,110.0,2.5,110.0,1.0,1,False
2022,2022-01-09,True,False,mem,lal,127,119,27,38,42,20,0,27,25,31,36,0,home,3.0,230.0,140.0,-160.0,5.0,117.0,0.0,1,False
2022,2022-01-09,True,False,cle,gs,82,96,21,25,14,22,0,24,27,28,17,0,home,6.5,217.0,245.0,-290.0,2.5,105.5,1.0,0,True
2022,2022-01-09,True,False,sa,bkn,119,121,32,19,38,24,6,32,28,31,22,8,home,9.5,232.5,400.0,-500.0,2.5,112.0,0.0,1,True
2022,2022-01-09,True,False,chi,dal,99,113,32,23,24,20,0,22,32,29,30,0,home,2.0,220.5,110.0,-130.0,1.0,112.0,1.0,0,True
2022,2022-01-09,True,False,sac,por,88,103,21,19,27,21,0,27,26,29,21,0,away,1.5,223.0,-125.0,105.0,4.0,107.0,0.0,0,True
2022,2022-01-09,True,False,min,hou,141,123,36,39,36,30,0,26,28,34,35,0,away,6.5,235.0,-250.0,210.0,2.5,113.5,1.0,1,False
2022,2022-01-09,True,False,no,tor,101,105,26,22,29,24,0,27,22,30,26,0,home,7.0,220.5,240.0,-280.0,4.5,111.5,0.0,0,True
2022,2022-01-09,True,False,wsh,orl,102,100,20,22,25,35,0,26,23,22,29,0,away,7.0,220.0,-280.0,240.0,5.0,106.0,0.0,0,False
2022,2022-01-09,True,False,atl,lac,93,106,23,30,20,20,0,31,28,27,20,0,away,4.0,227.0,-175.0,155.0,3.5,110.0,0.0,0,True
2022,2022-01-09,True,False,den,okc,99,95,36,25,19,19,0,23,26,29,17,0,away,7.0,214.5,-275.0,235.0,0.0,105.0,0.0,0,False
2022,2022-01-10,True,False,utah,det,116,126,35,26,23,32,0,21,27,40,38,0,away,10.5,224.0,-750.0,525.0,2.5,114.5,0.0,1,True
2022,2022-01-10,True,False,mil,cha,99,103,19,29,26,25,0,28,19,36,20,0,away,2.5,236.5,-140.0,120.0,1.5,120.5,0.0,0,True
2022,2022-01-10,True,False,sa,ny,96,111,26,23,26,21,0,23,28,31,29,0,home,6.5,212.5,215.0,-255.0,3.5,102.0,1.0,0,True
2022,2022-01-10,True,False,ind,bos,98,101,17,22,21,29,9,23,19,26,21,12,home,9.0,211.5,330.0,-400.0,5.0,102.0,0.0,0,True
2022,2022-01-10,True,False,cle,sac,109,108,28,34,22,25,0,22,27,30,29,0,away,5.5,220.5,-210.0,180.0,1.5,106.0,0.0,0,False
2022,2022-01-10,True,False,phi,hou,111,91,36,26,29,20,0,27,23,22,19,0,away,10.0,226.5,-500.0,400.0,2.5,110.5,1.0,0,False
2022,2022-01-10,True,False,bkn,por,108,114,26,36,19,27,0,33,22,32,27,0,away,8.5,225.5,-350.0,290.0,3.0,111.0,0.0,0,True
2022,2022-01-11,True,False,den,lac,85,87,18,23,25,19,0,16,12,27,32,0,away,2.5,213.0,-145.0,125.0,2.5,103.5,0.0,0,True
2022,2022-01-11,True,False,det,chi,87,133,27,25,14,21,0,28,33,36,36,0,home,13.5,220.0,750.0,-1200.0,5.0,107.5,1.0,2,True
2022,2022-01-11,True,False,min,no,125,128,36,23,30,36,0,35,30,32,31,0,away,3.0,226.0,-160.0,140.0,3.0,110.5,0.0,1,True
2022,2022-01-11,True,False,gs,mem,108,116,24,27,39,18,0,28,31,28,29,0,away,2.5,222.0,-130.0,110.0,3.0,109.0,0.0,1,True
2022,2022-01-11,True,False,phx,tor,99,95,23,23,23,30,0,31,17,23,24,0,away,4.5,222.0,-185.0,165.0,4.5,113.0,0.0,0,False
2022,2022-01-11,True,False,okc,wsh,118,122,31,30,32,25,0,30,28,36,28,0,home,7.0,210.5,220.0,-260.0,5.5,103.5,0.0,1,True
2022,2022-01-12,True,False,bkn,chi,138,112,38,24,39,37,0,31,29,19,33,0,away,1.5,238.0,-120.0,100.0,0.5,115.5,1.0,1,False
2022,2022-01-12,True,False,cle,utah,111,91,27,31,30,23,0,24,28,16,23,0,home,5.0,224.5,175.0,-200.0,4.0,109.0,0.0,0,False
2022,2022-01-12,True,False,hou,sa,128,124,39,24,28,37,0,36,31,23,34,0,home,7.0,234.5,240.0,-280.0,3.5,113.5,0.0,1,False
2022,2022-01-12,True,False,mia,atl,115,91,21,35,30,29,0,27,24,16,24,0,home,2.5,221.5,120.0,-140.0,2.0,108.0,0.0,0,False
2022,2022-01-12,True,False,lal,sac,116,125,34,33,23,26,0,29,32,40,24,0,away,4.0,231.0,-160.0,140.0,0.5,113.0,0.0,1,True
2022,2022-01-12,True,False,bos,ind,119,100,35,19,33,32,0,25,24,22,29,0,home,1.0,211.0,100.0,-120.0,1.0,107.5,0.0,1,False
2022,2022-01-12,True,False,orl,wsh,106,112,16,27,29,34,0,33,19,32,28,0,home,6.5,213.5,220.0,-260.0,0.5,108.5,0.0,1,True
2022,2022-01-12,True,False,cha,phi,109,98,34,30,21,24,0,35,15,26,22,0,home,5.5,225.5,190.0,-220.0,6.0,110.0,0.0,0,False
2022,2022-01-12,True,False,dal,ny,85,108,21,24,21,19,0,30,26,28,24,0,away,2.5,204.0,-135.0,115.0,4.5,99.5,0.0,0,True
2022,2022-01-13,True,False,gs,mil,99,118,21,17,34,27,0,37,40,20,21,0,home,0.0,224.5,100.0,-120.0,8.5,108.5,1.0,0,True
2022,2022-01-13,True,False,min,mem,108,116,31,29,24,24,0,25,28,37,26,0,home,3.0,231.0,125.0,-145.0,3.5,113.0,1.0,0,True
2022,2022-01-13,True,False,lac,no,89,113,15,19,29,26,0,28,25,34,26,0,home,4.0,213.0,160.0,-180.0,3.5,107.5,1.0,0,True
2022,2022-01-13,True,False,okc,bkn,130,109,38,32,30,30,0,26,25,32,26,0,home,5.5,216.0,180.0,-210.0,8.5,105.0,0.0,1,False
2022,2022-01-13,True,False,por,den,108,140,28,27,25,28,0,41,31,29,39,0,home,11.5,210.0,475.0,-650.0,2.0,104.0,1.0,1,True
2022,2022-01-14,True,False,cle,sa,114,109,35,29,20,30,0,26,33,27,23,0,away,3.0,220.0,-150.0,130.0,1.0,106.5,1.0,1,False
2022,2022-01-14,True,False,dal,mem,112,85,25,25,34,28,0,29,26,18,12,0,home,2.5,218.5,120.0,-140.0,0.5,106.0,0.0,0,False
2022,2022-01-14,True,False,hou,sac,114,126,40,20,29,25,0,31,34,33,28,0,home,5.0,238.5,190.0,-220.0,1.5,116.0,1.0,1,True
2022,2022-01-14,True,False,atl,mia,118,124,30,40,29,19,0,40,24,30,30,0,home,5.5,222.5,185.0,-215.0,4.0,108.5,1.0,1,True
2022,2022-01-14,True,False,orl,cha,116,109,35,26,27,28,0,36,27,28,18,0,home,11.5,223.5,475.0,-650.0,6.0,114.0,0.0,1,False
2022,2022-01-14,True,False,bos,phi,99,111,14,21,31,33,0,32,23,28,28,0,home,3.0,207.5,130.0,-150.0,4.5,106.5,1.0,1,True
2022,2022-01-14,True,False,phx,ind,112,94,23,23,34,32,0,19,19,38,18,0,away,5.5,219.5,-210.0,180.0,1.0,112.0,1.0,0,False
2022,2022-01-14,True,False,tor,det,87,103,27,16,23,21,0,31,25,27,20,0,away,9.0,210.5,-410.0,340.0,8.5,102.0,0.0,0,True
2022,2022-01-14,True,False,gs,chi,138,96,37,41,34,26,0,28,19,25,24,0,home,2.5,225.5,125.0,-145.0,7.5,109.5,0.0,1,False
2022,2022-01-15,True,False,orl,dal,92,108,23,20,25,24,0,32,23,30,23,0,home,11.5,211.0,550.0,-800.0,3.0,108.5,1.0,0,True
2022,2022-01-15,True,False,lal,den,96,133,29,31,19,17,0,34,39,29,31,0,home,4.5,225.5,165.0,-185.0,1.5,109.5,1.0,1,True
2022,2022-01-15,True,False,chi,bos,112,114,22,27,34,29,0,32,22,30,30,0,home,7.5,214.0,260.0,-310.0,3.5,109.5,0.0,1,True
2022,2022-01-15,True,False,phi,mia,109,98,20,23,32,34,0,29,21,23,25,0,home,3.0,212.5,135.0,-155.0,0.0,103.5,0.0,0,False
2022,2022-01-15,True,False,lac,sa,94,101,22,25,33,14,0,21,35,29,16,0,home,1.5,221.0,-105.0,-115.0,2.0,112.5,1.0,0,True
2022,2022-01-15,True,False,ny,atl,117,108,31,34,20,32,0,28,23,26,31,0,home,1.5,214.5,105.0,-125.0,5.0,104.5,0.0,1,False
2022,2022-01-15,True,False,no,bkn,105,120,22,19,36,28,0,32,37,26,25,0,home,5.5,230.0,175.0,-200.0,5.5,117.5,1.0,0,True
2022,2022-01-15,True,False,por,wsh,115,110,29,39,26,21,0,24,33,23,30,0,home,7.5,215.0,240.0,-280.0,6.5,105.0,0.0,1,False
2022,2022-01-15,True,False,tor,mil,103,96,20,26,27,30,0,29,20,20,27,0,home,7.5,218.5,280.0,-340.0,4.0,105.5,0.0,0,False
2022,2022-01-15,True,False,cle,okc,107,102,24,22,37,24,0,32,24,29,17,0,away,5.0,208.5,-200.0,175.0,5.0,100.5,2.0,1,False
2022,2022-01-16,True,False,hou,sac,118,112,29,26,30,33,0,21,39,28,24,0,home,4.5,239.5,165.0,-185.0,2.5,115.5,0.0,0,False
2022,2022-01-16,True,False,gs,min,99,119,22,28,31,18,0,30,26,35,28,0,home,5.0,215.5,170.0,-190.0,2.0,105.0,1.0,1,True
2022,2022-01-16,True,False,utah,den,125,102,37,31,23,34,0,33,25,30,14,0,away,5.5,224.0,-220.0,190.0,0.5,115.0,1.0,1,False
2022,2022-01-16,True,False,phx,det,135,108,39,25,39,32,0,35,19,28,26,0,away,11.5,216.0,-800.0,550.0,2.5,111.0,1.0,1,False
2022,2022-01-17,True,False,por,orl,98,88,22,32,27,17,0,17,23,21,27,0,away,2.0,219.0,-130.0,110.0,3.5,106.5,1.0,0,False
2022,2022-01-17,True,False,utah,lal,95,101,25,21,32,17,0,24,28,20,29,0,away,5.5,230.5,-220.0,190.0,6.0,117.0,0.0,0,True
2022,2022-01-17,True,False,okc,dal,102,104,24,18,30,30,0,33,20,24,27,0,home,11.5,210.5,550.0,-800.0,3.0,102.5,0.0,0,True
2022,2022-01-17,True,False,phx,sa,121,107,32,27,28,34,0,29,27,35,16,0,away,4.0,229.0,-170.0,150.0,2.5,118.0,1.0,0,False
2022,2022-01-17,True,False,tor,mia,99,104,30,21,24,24,0,27,31,22,24,0,home,4.0,206.0,105.0,-115.0,0.5,100.5,1.0,0,True
2022,2022-01-17,True,False,mil,atl,114,121,26,36,26,26,0,17,33,33,38,0,away,5.0,233.0,-210.0,180.0,1.0,118.5,0.0,1,True
2022,2022-01-17,True,False,no,bos,92,104,29,17,23,23,0,18,21,32,33,0,home,4.5,213.5,160.0,-180.0,4.5,110.0,1.0,0,True
2022,2022-01-17,True,False,chi,mem,106,119,20,25,27,34,0,20,38,34,27,0,home,8.5,225.0,300.0,-360.0,1.0,114.5,1.0,2,True
2022,2022-01-17,True,False,bkn,cle,107,114,31,28,29,19,0,30,35,22,27,0,home,4.0,222.0,140.0,-160.0,0.5,108.0,1.0,0,True
2022,2022-01-17,True,False,phi,wsh,98,117,29,26,28,15,0,38,23,30,26,0,away,1.5,221.5,-125.0,105.0,2.5,108.0,0.0,0,True
2022,2022-01-17,True,False,cha,ny,97,87,34,28,24,11,0,23,21,23,20,0,home,2.5,214.5,130.0,-150.0,6.5,106.0,0.0,0,False
2022,2022-01-17,True,False,ind,lac,133,139,27,32,31,43,0,40,28,36,35,0,home,2.5,210.5,110.0,-130.0,1.0,104.5,1.0,1,True
2022,2022-01-18,True,False,min,ny,112,110,30,31,25,26,0,23,28,40,19,0,away,4.0,216.5,-175.0,155.0,1.0,106.0,0.0,1,False
2022,2022-01-18,True,False,det,gs,86,102,22,16,25,23,0,33,33,17,19,0,home,15.5,217.5,1000.0,-2000.0,2.0,107.0,1.0,0,True
2022,2022-01-19,True,False,tor,dal,98,102,31,23,22,22,0,27,28,28,19,0,home,4.0,207.5,155.0,-175.0,3.0,101.5,2.0,0,True
2022,2022-01-19,True,False,lac,den,128,130,25,34,22,33,14,29,18,34,33,16,home,9.5,213.0,350.0,-420.0,9.0,109.0,0.0,1,True
2022,2022-01-19,True,False,det,sac,133,131,33,33,39,28,0,26,45,32,28,0,home,7.5,221.0,250.0,-300.0,3.5,108.5,0.0,1,False
2022,2022-01-19,True,False,hou,utah,116,111,36,21,26,33,0,27,35,19,30,0,home,14.0,230.0,750.0,-1200.0,7.5,112.5,0.0,0,False
2022,2022-01-19,True,False,ind,lal,111,104,23,27,26,35,0,32,24,24,24,0,home,3.5,224.5,145.0,-165.0,1.0,108.5,0.0,0,False
2022,2022-01-19,True,False,mem,mil,114,126,30,17,40,27,0,36,25,35,30,0,home,6.5,228.0,225.0,-265.0,1.0,116.0,1.0,1,True
2022,2022-01-19,True,False,okc,sa,96,118,22,29,27,18,0,32,37,37,12,0,home,7.0,221.0,240.0,-280.0,1.0,108.0,1.0,0,True
2022,2022-01-19,True,False,min,atl,122,134,42,31,20,29,0,26,35,45,28,0,home,1.5,235.5,105.0,-125.0,3.5,114.0,1.0,1,True
2022,2022-01-19,True,False,bkn,wsh,119,118,33,41,23,22,0,28,34,24,32,0,home,1.0,235.5,-105.0,-115.0,3.0,114.0,0.0,1,False
2022,2022-01-19,True,False,orl,phi,110,123,21,36,23,30,0,25,22,47,29,0,home,11.5,213.5,575.0,-850.0,11.5,110.0,1.0,1,True
2022,2022-01-19,True,False,cle,chi,104,117,29,20,29,26,0,24,34,29,30,0,away,3.5,214.5,-160.0,140.0,4.0,104.0,0.0,1,True
2022,2022-01-19,True,False,por,mia,92,104,26,30,24,12,0,23,35,20,26,0,home,9.0,210.5,360.0,-430.0,3.0,102.0,1.0,0,True
2022,2022-01-19,True,False,cha,bos,111,102,25,31,30,25,0,27,21,26,28,0,home,3.0,222.5,135.0,-155.0,3.5,108.0,0.0,0,False
2022,2022-01-20,True,False,no,ny,102,91,27,19,35,21,0,17,25,15,34,0,home,3.5,210.5,140.0,-160.0,2.5,107.5,0.0,0,False
2022,2022-01-20,True,False,phx,dal,109,101,22,23,29,35,0,26,27,29,19,0,away,2.0,217.0,-130.0,110.0,2.5,112.5,1.0,0,False
2022,2022-01-20,True,False,ind,gs,121,117,23,32,28,27,11,30,33,20,27,7,home,17.0,217.5,850.0,-1500.0,7.5,107.0,0.0,1,False
2022,2022-01-21,True,False,mem,den,122,118,37,31,30,24,0,28,35,29,26,0,home,3.5,224.5,140.0,-160.0,3.0,115.0,0.0,1,False
2022,2022-01-21,True,False,det,utah,101,111,26,26,30,19,0,27,33,27,24,0,home,14.5,216.5,750.0,-1200.0,6.0,105.0,0.0,0,True
2022,2022-01-21,True,False,bkn,sa,117,102,24,26,29,38,0,26,25,23,28,0,home,0.0,234.5,100.0,-120.0,2.0,113.0,0.0,0,False
2022,2022-01-21,True,False,chi,mil,90,94,20,24,25,21,0,24,21,23,26,0,home,11.5,227.0,450.0,-600.0,7.0,114.5,0.0,0,True
2022,2022-01-21,True,False,tor,wsh,109,105,20,35,36,18,0,30,24,23,28,0,away,2.0,218.5,-140.0,120.0,1.0,106.0,1.0,0,False
2022,2022-01-21,True,False,mia,atl,108,110,30,21,23,34,0,31,29,28,22,0,home,1.5,217.5,105.0,-125.0,2.0,105.5,1.0,1,True
2022,2022-01-21,True,False,lac,phi,102,101,24,16,30,32,0,17,37,26,21,0,home,7.0,213.5,270.0,-330.0,1.0,109.0,0.0,0,False
2022,2022-01-21,True,False,hou,gs,103,105,30,24,22,27,0,24,19,33,29,0,home,12.5,230.5,475.0,-650.0,11.5,111.5,0.0,0,True
2022,2022-01-21,True,False,okc,cha,98,121,20,32,23,23,0,37,32,24,28,0,home,9.0,224.5,330.0,-400.0,0.5,108.5,1.0,0,True
2022,2022-01-21,True,False,por,bos,109,105,30,24,29,26,0,25,33,24,23,0,home,8.5,212.0,280.0,-340.0,3.5,103.0,0.0,1,False
2022,2022-01-21,True,False,lal,orl,116,105,24,30,31,31,0,27,35,16,27,0,away,4.5,217.5,-190.0,170.0,4.5,107.0,1.0,1,False
2022,2022-01-22,True,False,ind,phx,103,113,25,29,20,29,0,24,35,33,21,0,home,13.0,219.0,625.0,-950.0,6.5,107.5,0.0,0,True
2022,2022-01-22,True,False,okc,cle,87,94,22,23,23,19,0,24,23,31,16,0,home,12.0,208.0,600.0,-900.0,6.0,100.0,0.0,0,True
2022,2022-01-22,True,False,sac,mil,127,133,35,19,32,41,0,27,35,32,39,0,home,8.0,226.5,265.0,-320.0,2.0,110.5,0.0,1,True
2022,2022-01-23,True,False,det,den,111,117,30,30,16,35,0,29,31,32,25,0,home,12.0,217.0,550.0,-800.0,8.0,106.0,0.0,1,True
2022,2022-01-23,True,False,utah,gs,92,94,29,25,21,17,0,33,22,28,11,0,home,2.0,218.0,110.0,-130.0,1.0,112.0,2.0,0,True
2022,2022-01-23,True,False,bkn,min,125,136,36,26,33,30,0,37,35,30,34,0,home,3.0,237.0,125.0,-145.0,1.5,115.0,1.0,1,True
2022,2022-01-23,True,False,phi,sa,115,109,29,30,27,29,0,23,24,30,32,0,away,1.0,222.0,-120.0,100.0,3.0,108.0,1.0,1,False
2022,2022-01-23,True,False,atl,cha,113,91,30,25,30,28,0,22,22,22,25,0,home,1.5,233.5,105.0,-125.0,3.5,112.5,0.0,0,False
2022,2022-01-23,True,False,mem,dal,91,104,16,18,27,30,0,24,24,29,27,0,home,4.0,219.0,150.0,-170.0,2.5,112.0,1.0,0,True
2022,2022-01-23,True,False,chi,orl,95,114,19,18,37,21,0,23,30,32,29,0,away,3.5,215.5,-160.0,140.0,6.5,110.5,0.0,0,True
2022,2022-01-23,True,False,por,tor,114,105,33,31,22,28,0,15,19,33,38,0,home,8.0,215.5,280.0,-340.0,11.5,104.0,0.0,1,False
2022,2022-01-23,True,False,bos,wsh,116,87,31,29,31,25,0,25,20,24,18,0,away,2.0,216.5,-135.0,115.0,2.5,109.5,1.0,0,False
2022,2022-01-23,True,False,lac,ny,102,110,31,30,20,21,0,39,27,25,19,0,home,4.0,204.0,155.0,-175.0,1.5,105.0,1.0,1,True
2022,2022-01-23,True,False,lal,mia,107,113,25,27,18,37,0,39,30,20,24,0,home,4.0,212.0,150.0,-170.0,3.0,102.5,1.0,1,True
2022,2022-01-24,True,False,chi,okc,111,110,35,23,34,19,0,27,21,30,32,0,away,1.0,218.0,-110.0,-110.0,3.0,112.0,2.0,1,False
2022,2022-01-24,True,False,ny,cle,93,95,23,27,19,24,0,28,22,26,19,0,home,4.5,201.5,170.0,-190.0,3.5,98.5,0.0,0,True
2022,2022-01-24,True,False,ind,no,113,117,32,30,17,34,0,31,30,22,34,0,home,4.0,218.0,145.0,-165.0,3.5,106.5,2.0,1,True
2022,2022-01-24,True,False,utah,phx,109,115,21,35,31,22,0,31,27,27,30,0,home,12.5,220.5,600.0,-900.0,7.5,112.0,0.0,1,True
2022,2022-01-25,True,False,min,por,109,107,26,29,29,25,0,29,34,19,25,0,away,3.0,234.5,-150.0,130.0,3.5,113.5,0.0,0,False
2022,2022-01-25,True,False,dal,gs,92,130,20,31,27,14,0,29,34,34,33,0,home,3.5,212.0,145.0,-165.0,2.5,105.5,1.0,1,True
2022,2022-01-25,True,False,no,phi,107,117,24,34,28,21,0,20,30,36,31,0,home,11.5,211.5,475.0,-650.0,10.5,108.0,0.0,1,True
2022,2022-01-25,True,False,sa,hou,134,104,34,32,39,29,0,23,28,23,30,0,away,4.5,234.5,-185.0,165.0,1.5,114.5,1.0,1,False
2022,2022-01-25,True,False,lac,wsh,116,115,23,13,40,40,0,32,34,27,22,0,home,5.0,219.0,175.0,-200.0,4.5,111.5,0.0,1,False
2022,2022-01-25,True,False,lal,bkn,106,96,33,29,30,14,0,25,28,25,18,0,away,3.5,225.0,-165.0,145.0,1.0,109.5,1.0,0,False
2022,2022-01-25,True,False,cha,tor,113,125,27,34,25,27,0,39,37,29,20,0,away,1.0,220.5,-125.0,105.0,4.5,108.0,0.0,1,True
2022,2022-01-25,True,False,den,det,110,105,34,35,28,13,0,32,27,26,20,0,away,7.0,218.5,-275.0,235.0,1.5,107.0,0.0,0,False
2022,2022-01-25,True,False,sac,bos,75,128,13,17,25,20,0,38,25,34,31,0,home,9.0,218.0,350.0,-420.0,3.0,106.5,1.0,0,True
2022,2022-01-26,True,False,tor,chi,105,111,27,23,32,23,0,31,36,24,20,0,home,4.5,220.0,160.0,-180.0,2.5,107.5,1.0,0,True
2022,2022-01-26,True,False,den,bkn,124,118,29,25,42,28,0,28,37,26,27,0,away,5.5,219.0,-210.0,180.0,6.0,106.5,1.0,1,False
2022,2022-01-26,True,False,dal,por,132,112,40,28,30,34,0,25,34,22,31,0,away,5.0,217.5,-180.0,160.0,0.5,106.0,1.0,1,False
2022,2022-01-26,True,False,ny,mia,96,110,16,30,21,29,0,30,29,33,18,0,home,6.0,202.5,200.0,-240.0,0.5,98.0,1.0,1,True
2022,2022-01-26,True,False,phx,utah,105,97,39,11,24,31,0,18,30,16,33,0,home,1.0,223.0,-110.0,-110.0,0.5,114.5,0.0,0,False
2022,2022-01-26,True,False,sac,atl,104,121,33,17,24,30,0,21,46,27,27,0,home,11.0,227.0,425.0,-550.0,1.5,110.5,1.0,0,True
2022,2022-01-26,True,False,mil,cle,99,115,35,22,20,22,0,26,39,30,20,0,away,4.0,217.5,-180.0,160.0,4.5,111.5,0.0,0,True
2022,2022-01-26,True,False,cha,ind,158,126,33,38,42,45,0,36,34,24,32,0,away,2.0,229.5,-130.0,110.0,1.5,111.0,1.0,1,False
2022,2022-01-26,True,False,lac,orl,111,102,23,26,27,35,0,25,23,30,24,0,home,1.0,213.0,100.0,-120.0,1.0,109.5,0.0,2,False
2022,2022-01-26,True,False,mem,sa,118,110,34,27,33,24,0,25,33,28,24,0,away,4.0,228.5,-170.0,150.0,2.5,116.5,1.0,0,False
2022,2022-01-27,True,False,lal,phi,87,105,22,26,20,19,0,32,22,34,17,0,home,6.0,216.0,200.0,-240.0,2.5,105.5,1.0,0,True
2022,2022-01-27,True,False,min,gs,115,124,29,32,20,34,0,29,28,38,29,0,home,6.5,229.5,200.0,-240.0,6.5,112.5,1.0,1,True
2022,2022-01-28,True,False,chi,sa,122,131,35,33,23,31,0,29,34,35,33,0,home,2.0,232.0,110.0,-130.0,2.0,118.5,1.0,1,True
2022,2022-01-28,True,False,den,no,116,105,26,24,36,30,0,17,31,30,27,0,away,4.0,222.5,-165.0,145.0,2.5,107.0,1.0,0,False
2022,2022-01-28,True,False,ny,mil,108,123,30,33,25,20,0,39,28,26,30,0,home,9.0,216.5,320.0,-380.0,4.5,105.5,1.0,1,True
2022,2022-01-28,True,False,min,phx,124,134,32,34,27,31,0,40,34,26,34,0,home,8.0,228.5,320.0,-380.0,2.5,111.0,1.0,1,True
2022,2022-01-28,True,False,utah,mem,109,119,30,21,27,31,0,31,28,29,31,0,home,5.0,225.0,190.0,-220.0,0.5,115.5,1.0,1,True
2022,2022-01-28,True,False,ind,okc,113,110,29,22,22,27,13,30,24,26,20,10,away,1.5,222.5,-130.0,110.0,1.0,108.0,1.0,1,False
2022,2022-01-28,True,False,lac,mia,114,121,19,26,35,34,0,28,29,39,25,0,home,8.5,208.5,310.0,-370.0,1.0,107.5,0.0,1,True
2022,2022-01-28,True,False,bos,atl,92,108,20,27,30,15,0,32,30,18,28,0,home,1.5,217.5,115.0,-135.0,3.5,111.5,1.0,0,True
2022,2022-01-28,True,False,det,orl,103,119,19,32,24,28,0,39,28,25,27,0,home,3.5,215.5,145.0,-165.0,3.0,104.5,1.0,1,True
2022,2022-01-28,True,False,lal,cha,114,117,21,28,36,29,0,31,34,22,30,0,home,9.5,226.0,340.0,-410.0,0.5,109.5,0.0,1,True
2022,2022-01-28,True,False,por,hou,125,110,32,34,25,34,0,20,33,32,25,0,away,2.5,235.0,-150.0,130.0,2.5,114.5,1.0,2,False
2022,2022-01-29,True,False,tor,mia,124,120,28,31,26,15,24,27,26,22,25,20,home,2.5,212.0,125.0,-145.0,2.5,102.0,0.0,1,False
2022,2022-01-29,True,False,bos,no,107,97,27,25,26,29,0,15,19,36,27,0,away,6.5,215.5,-240.0,200.0,1.0,109.5,1.0,0,False
2022,2022-01-29,True,False,ind,dal,105,132,23,37,20,25,0,34,38,32,28,0,home,10.0,216.5,425.0,-550.0,2.5,106.0,1.0,1,True
2022,2022-01-29,True,False,sac,phi,101,103,31,30,22,18,0,27,23,31,22,0,home,10.5,218.5,425.0,-550.0,9.5,106.5,0.0,0,True
2022,2022-01-29,True,False,wsh,mem,95,115,15,26,31,23,0,30,33,24,28,0,home,6.0,228.0,190.0,-220.0,2.5,110.0,1.0,0,True
2022,2022-01-29,True,False,bkn,gs,106,110,20,27,29,30,0,31,23,24,32,0,home,10.5,226.0,370.0,-440.0,3.5,109.5,0.0,0,True
2022,2022-01-30,True,False,utah,min,106,126,20,28,27,31,0,26,26,40,34,0,home,2.0,228.0,115.0,-135.0,1.0,116.5,1.0,1,True
2022,2022-01-30,True,False,dal,orl,108,110,34,25,29,20,0,23,41,27,19,0,away,5.0,212.5,-190.0,170.0,5.0,104.0,0.0,1,True
2022,2022-01-30,True,False,den,mil,136,100,33,32,38,33,0,30,27,24,19,0,home,6.5,232.0,210.0,-250.0,6.0,113.5,0.0,1,False
2022,2022-01-30,True,False,lal,atl,121,129,33,38,30,20,0,34,28,29,38,0,home,7.5,224.0,250.0,-300.0,7.0,108.0,1.0,1,True
2022,2022-01-30,True,False,por,chi,116,130,35,30,27,24,0,29,44,31,26,0,home,5.0,228.0,180.0,-210.0,0.5,111.0,1.0,1,True
2022,2022-01-30,True,False,lac,cha,115,90,24,27,33,31,0,25,22,29,14,0,home,6.0,226.0,200.0,-240.0,6.5,115.0,0.0,0,False
2022,2022-01-30,True,False,sa,phx,110,115,31,24,36,19,0,23,27,29,36,0,home,13.5,230.0,650.0,-1000.0,10.5,111.5,0.0,0,True
2022,2022-01-30,True,False,cle,det,105,115,29,26,33,17,0,24,25,35,31,0,away,7.5,207.5,-330.0,270.0,3.0,101.0,0.0,1,True
2022,2022-01-31,True,False,por,okc,81,98,31,16,14,20,0,19,20,26,33,0,away,3.5,214.5,-160.0,140.0,0.5,103.5,0.0,0,True
2022,2022-01-31,True,False,gs,hou,122,108,23,38,26,35,0,25,27,26,30,0,away,10.0,231.5,-500.0,400.0,3.0,113.0,1.0,0,False
2022,2022-01-31,True,False,tor,atl,106,100,25,23,32,26,0,24,33,15,28,0,away,2.5,212.5,-135.0,115.0,3.0,104.0,1.0,0,False
2022,2022-01-31,True,False,mia,bos,92,122,14,31,25,22,0,27,27,40,28,0,home,6.5,208.5,210.0,-250.0,1.0,101.0,1.0,1,True
2022,2022-01-31,True,False,no,cle,90,93,19,20,27,24,0,17,21,22,33,0,home,4.5,207.0,170.0,-190.0,3.0,106.0,0.0,0,True
2022,2022-01-31,True,False,lac,ind,116,122,27,28,30,31,0,30,30,24,38,0,home,0.0,224.5,-110.0,-110.0,1.0,115.0,1.0,1,True
2022,2022-01-31,True,False,mem,phi,119,122,30,28,22,31,8,39,24,21,27,11,away,3.5,217.5,-160.0,140.0,3.5,112.5,0.0,1,True
2022,2022-01-31,True,False,sac,ny,96,116,23,18,25,30,0,31,23,30,32,0,home,7.0,212.0,245.0,-290.0,0.5,102.0,1.0,2,True
2022,2022-02-01,True,False,no,det,111,101,31,26,27,27,0,33,32,22,14,0,away,2.5,218.0,-140.0,120.0,3.5,111.0,1.0,0,False
2022,2022-02-01,True,False,wsh,mil,98,112,20,20,33,25,0,24,29,25,34,0,home,11.5,228.5,500.0,-700.0,3.5,110.5,1.0,0,True
2022,2022-02-01,True,False,den,min,115,130,28,23,27,37,0,30,39,31,30,0,home,1.5,228.5,105.0,-125.0,5.0,110.5,1.0,1,True
2022,2022-02-01,True,False,orl,chi,115,126,33,30,31,21,0,34,36,33,23,0,home,8.0,223.0,300.0,-360.0,2.5,115.5,1.0,1,True
2022,2022-02-01,True,False,gs,sa,124,120,30,31,28,35,0,36,33,35,16,0,home,6.5,219.0,210.0,-250.0,1.5,107.5,0.0,1,False
2022,2022-02-01,True,False,bkn,phx,111,121,29,29,24,29,0,39,26,26,30,0,home,7.0,230.0,240.0,-280.0,2.0,113.0,1.0,1,True
2022,2022-02-01,True,False,mia,tor,106,110,32,30,21,23,0,22,28,30,30,0,home,1.5,210.5,105.0,-125.0,3.5,103.0,1.0,1,True
2022,2022-02-02,True,False,bkn,sac,101,112,32,30,24,15,0,23,31,29,29,0,away,5.0,231.0,-210.0,180.0,0.5,112.0,0.0,0,True
2022,2022-02-02,True,False,den,utah,104,108,30,31,18,25,0,28,32,22,26,0,home,6.5,216.0,215.0,-255.0,5.0,106.0,0.0,0,True
2022,2022-02-02,True,False,okc,dal,120,114,30,21,34,18,17,28,23,25,27,11,home,12.0,207.0,550.0,-800.0,7.0,101.5,0.0,1,False
2022,2022-02-02,True,False,cle,hou,104,115,31,22,30,21,0,32,32,26,25,0,away,5.0,217.5,-190.0,170.0,6.0,105.5,0.0,1,True
2022,2022-02-02,True,False,por,lal,94,99,16,37,22,19,0,28,26,18,27,0,home,4.0,225.0,155.0,-175.0,3.0,108.0,1.0,0,True
2022,2022-02-02,True,False,cha,bos,107,113,22,31,25,29,0,27,27,34,25,0,home,6.5,225.0,205.0,-245.0,3.5,109.0,0.0,0,True
2022,2022-02-02,True,False,orl,ind,119,118,28,25,33,33,0,34,33,21,30,0,home,3.5,225.0,145.0,-165.0,2.5,115.5,0.0,1,False
2022,2022-02-02,True,False,wsh,phi,106,103,29,30,22,25,0,28,26,25,24,0,home,10.0,209.0,425.0,-550.0,8.5,103.0,0.0,2,False
2022,2022-02-02,True,False,mem,ny,120,108,35,29,28,28,0,27,25,27,29,0,away,4.0,218.0,-170.0,150.0,1.5,111.0,1.0,1,False
2022,2022-02-03,True,False,min,det,128,117,31,34,38,25,0,32,35,27,23,0,away,7.5,226.5,-300.0,250.0,6.0,110.5,1.0,1,False
2022,2022-02-03,True,False,phx,atl,115,124,30,31,30,24,0,32,32,36,24,0,away,3.0,229.0,-155.0,135.0,2.0,116.5,0.0,1,True
2022,2022-02-03,True,False,lal,lac,110,111,26,28,28,28,0,28,32,34,17,0,home,3.5,218.5,145.0,-165.0,1.0,111.0,0.0,1,True
2022,2022-02-03,True,False,sac,gs,114,126,23,31,29,31,0,34,39,21,32,0,home,14.0,224.5,700.0,-1100.0,2.5,107.5,0.0,1,True
2022,2022-02-03,True,False,chi,tor,120,127,24,26,31,33,6,26,28,33,27,13,home,4.5,223.0,170.0,-190.0,1.5,112.5,1.0,1,True
2022,2022-02-03,True,False,mia,sa,112,95,21,36,31,24,0,19,28,19,29,0,away,8.5,223.5,-310.0,260.0,1.5,108.0,1.0,0,False
2022,2022-02-04,True,False,okc,por,96,93,21,25,29,21,0,19,31,26,17,0,home,5.5,213.5,200.0,-240.0,2.0,102.5,0.0,0,False
2022,2022-02-04,True,False,no,den,113,105,27,24,31,31,0,29,23,30,23,0,home,5.5,221.5,195.0,-230.0,3.0,114.0,0.0,0,False
2022,2022-02-04,True,False,bkn,utah,102,125,24,23,26,29,0,33,35,37,20,0,home,5.5,228.0,190.0,-220.0,3.0,110.0,1.0,0,True
2022,2022-02-04,True,False,phi,dal,98,107,33,30,15,20,0,24,29,32,22,0,away,1.5,210.5,-125.0,105.0,2.0,102.5,0.0,0,True
2022,2022-02-04,True,False,cle,cha,102,101,22,30,24,26,0,31,15,19,36,0,home,7.0,216.5,200.0,-240.0,7.0,105.0,0.0,0,False
2022,2022-02-04,True,False,atl,tor,114,125,28,31,27,28,0,39,21,36,29,0,home,2.0,221.0,110.0,-130.0,1.0,107.5,1.0,1,True
2022,2022-02-04,True,False,chi,ind,122,115,40,25,28,29,0,33,29,28,25,0,away,1.0,228.5,-115.0,-105.0,1.0,115.5,1.0,1,False
2022,2022-02-04,True,False,bos,det,102,93,28,18,32,24,0,16,15,25,37,0,away,11.0,215.5,-500.0,400.0,2.0,109.0,0.0,0,False
2022,2022-02-04,True,False,hou,sa,106,131,25,29,23,29,0,33,24,40,34,0,home,8.0,237.0,270.0,-330.0,4.0,113.5,1.0,2,True
2022,2022-02-05,True,False,mil,por,137,108,34,36,37,30,0,26,28,21,33,0,away,10.5,230.0,-550.0,425.0,1.5,117.5,1.0,1,False
2022,2022-02-05,True,False,okc,sac,103,113,30,27,22,24,0,36,28,25,24,0,home,7.5,211.0,270.0,-330.0,3.0,103.0,1.0,1,True
2022,2022-02-05,True,False,ny,lal,115,122,42,29,13,27,4,29,27,31,24,11,home,5.0,215.5,180.0,-210.0,7.0,105.0,1.0,1,True
2022,2022-02-05,True,False,phx,wsh,95,80,33,26,26,10,0,21,11,19,29,0,away,8.0,218.5,-330.0,270.0,2.0,111.5,1.0,0,False
2022,2022-02-05,True,False,mem,orl,135,115,37,39,32,27,0,24,32,25,34,0,away,8.0,226.0,-360.0,300.0,1.0,115.5,1.0,1,False
2022,2022-02-05,True,False,mia,cha,104,86,31,15,35,23,0,23,28,8,27,0,away,2.5,227.0,-140.0,120.0,2.5,110.0,1.0,0,False
2022,2022-02-06,True,False,det,min,105,118,26,30,23,26,0,24,31,28,35,0,home,12.5,231.0,600.0,-900.0,7.5,112.0,1.0,0,True
2022,2022-02-06,True,False,no,hou,120,107,26,23,38,33,0,21,33,23,30,0,away,6.5,226.5,-270.0,230.0,7.0,116.5,1.0,1,False
2022,2022-02-06,True,False,bos,orl,116,83,21,28,29,38,0,15,24,22,22,0,away,9.0,215.0,-430.0,360.0,2.0,108.5,1.0,0,False
2022,2022-02-06,True,False,atl,dal,94,103,26,24,26,18,0,29,25,26,23,0,away,1.5,223.5,-120.0,100.0,1.0,107.5,0.0,0,True
2022,2022-02-06,True,False,mil,lac,137,113,28,32,39,38,0,32,19,30,32,0,away,5.5,227.0,-210.0,180.0,0.5,115.5,1.0,1,False
2022,2022-02-06,True,False,bkn,den,104,124,40,35,16,13,0,39,37,31,17,0,home,8.5,228.0,290.0,-350.0,5.0,111.0,1.0,2,True
2022,2022-02-06,True,False,phi,chi,119,108,34,27,28,30,0,26,26,29,27,0,away,4.0,220.0,-170.0,150.0,0.5,106.5,1.0,1,False
2022,2022-02-06,True,False,ind,cle,85,98,27,20,21,17,0,12,24,25,37,0,home,7.0,212.5,230.0,-270.0,6.5,102.5,1.0,0,True
2022,2022-02-07,True,False,mia,wsh,121,100,39,21,31,30,0,24,29,17,30,0,away,7.5,207.5,-280.0,240.0,1.5,101.5,1.0,1,False
2022,2022-02-07,True,False,phx,chi,127,124,36,31,35,25,0,29,20,34,41,0,away,6.5,228.5,-265.0,225.0,2.0,115.5,0.0,1,False
2022,2022-02-07,True,False,gs,okc,110,98,20,36,29,25,0,23,23,26,26,0,away,12.0,210.0,-900.0,600.0,4.0,103.5,2.0,0,False
2022,2022-02-07,True,False,ny,utah,104,113,28,29,29,18,0,28,31,23,31,0,home,7.0,218.5,260.0,-310.0,3.5,106.0,1.0,0,True
2022,2022-02-07,True,False,tor,cha,116,101,35,21,24,36,0,21,20,34,26,0,away,1.0,225.0,-120.0,100.0,3.0,109.0,1.0,0,False
2022,2022-02-08,True,False,ny,den,115,132,36,24,34,21,0,40,43,28,21,0,home,9.0,221.0,330.0,-400.0,1.5,107.5,1.0,1,True
2022,2022-02-08,True,False,min,sac,134,114,35,38,29,32,0,35,32,23,24,0,away,8.0,235.0,-340.0,280.0,3.0,114.5,1.0,1,False
2022,2022-02-08,True,False,orl,por,113,95,32,30,21,30,0,28,19,32,16,0,away,1.5,222.0,-115.0,-105.0,4.0,113.5,1.0,0,False
2022,2022-02-08,True,False,mil,lal,131,116,38,40,31,22,0,24,32,29,31,0,away,4.0,234.5,-165.0,145.0,3.5,118.5,1.0,1,False
2022,2022-02-08,True,False,det,dal,86,116,26,25,20,15,0,36,29,33,18,0,home,10.5,212.0,450.0,-600.0,1.5,103.5,1.0,0,True
2022,2022-02-08,True,False,hou,no,97,110,30,23,23,21,0,35,29,22,24,0,home,8.5,224.5,330.0,-400.0,1.0,110.0,1.0,0,True
2022,2022-02-08,True,False,ind,atl,112,133,22,28,25,37,0,40,36,30,27,0,home,12.5,227.5,600.0,-900.0,1.0,111.0,1.0,1,True
2022,2022-02-08,True,False,bos,bkn,126,91,35,34,28,29,0,16,27,28,20,0,away,10.5,213.5,-450.0,375.0,1.5,109.5,1.0,1,False
2022,2022-02-08,True,False,phx,phi,114,109,29,26,28,31,0,25,34,25,25,0,home,1.5,217.5,100.0,-120.0,0.5,111.0,0.0,1,False
2022,2022-02-08,True,False,lac,mem,109,135,27,28,19,35,0,38,32,34,31,0,home,8.0,226.5,275.0,-335.0,0.5,116.0,1.0,1,True
2022,2022-02-09,True,False,lal,por,105,107,18,36,24,27,0,18,29,29,31,0,away,9.0,221.5,-460.0,380.0,4.0,107.5,0.0,0,True
2022,2022-02-09,True,False,min,sac,119,132,37,27,37,18,0,29,42,28,33,0,away,7.0,236.5,-330.0,270.0,7.0,115.0,0.0,1,True
2022,2022-02-09,True,False,gs,utah,85,111,31,18,16,20,0,30,25,24,32,0,home,1.0,226.0,100.0,-120.0,1.5,109.0,1.0,0,True
2022,2022-02-09,True,False,chi,cha,121,109,28,30,31,32,0,29,16,31,33,0,away,1.5,237.0,-125.0,105.0,2.5,119.0,1.0,0,False
2022,2022-02-09,True,False,sa,cle,92,105,30,18,25,19,0,29,28,27,21,0,home,5.5,217.5,190.0,-220.0,0.5,104.0,1.0,0,True
2022,2022-02-09,True,False,tor,okc,117,98,34,25,28,30,0,22,29,21,26,0,away,10.5,205.0,-550.0,425.0,4.0,101.5,1.0,1,False
2022,2022-02-10,True,False,mem,det,132,107,41,24,30,37,0,19,31,30,27,0,away,12.0,225.0,-750.0,525.0,2.5,114.5,1.0,1,False
2022,2022-02-10,True,False,bkn,wsh,112,113,27,32,19,34,0,24,31,31,27,0,home,1.0,218.5,-105.0,-115.0,1.0,106.5,2.0,1,True
2022,2022-02-10,True,False,mia,no,112,97,27,29,27,29,0,24,31,18,24,0,away,4.0,217.5,-175.0,155.0,2.5,106.0,1.0,0,False
2022,2022-02-10,True,False,tor,hou,139,120,37,36,31,35,0,41,23,28,28,0,away,7.0,224.0,-320.0,265.0,1.5,109.5,1.0,1,False
2022,2022-02-10,True,False,lac,dal,105,112,28,22,31,24,0,36,23,30,23,0,home,6.5,215.0,220.0,-260.0,1.0,111.0,1.0,1,True
2022,2022-02-10,True,False,mil,phx,107,131,34,22,21,30,0,31,33,33,34,0,home,3.0,233.5,135.0,-155.0,1.0,118.0,1.0,1,True
2022,2022-02-10,True,False,ny,gs,116,114,33,24,31,28,0,28,34,20,32,0,home,9.0,216.5,380.0,-460.0,4.5,105.5,0.0,1,False
2022,2022-02-11,True,False,orl,utah,99,114,12,27,35,25,0,28,16,33,37,0,home,11.5,223.0,550.0,-800.0,5.5,114.0,1.0,0,True
2022,2022-02-11,True,False,min,chi,122,134,27,32,32,31,0,27,33,32,42,0,home,0.0,240.5,-105.0,-115.0,1.0,116.0,1.0,1,True
2022,2022-02-11,True,False,sa,atl,136,121,43,30,30,33,0,29,27,31,34,0,home,8.5,233.0,320.0,-380.0,9.0,112.0,0.0,1,False
2022,2022-02-11,True,False,cle,ind,120,113,28,35,25,32,0,47,27,22,17,0,away,6.0,215.5,-230.0,195.0,6.5,104.5,1.0,1,False
2022,2022-02-11,True,False,cha,det,141,119,36,43,31,31,0,29,26,32,32,0,away,6.0,227.5,-245.0,205.0,3.0,111.5,1.0,1,False
2022,2022-02-11,True,False,okc,phi,87,100,24,17,20,26,0,24,22,31,23,0,home,13.5,206.0,700.0,-1100.0,6.0,100.5,0.0,0,True
2022,2022-02-11,True,False,den,bos,102,108,32,28,19,23,0,30,21,25,32,0,home,7.0,218.5,210.0,-250.0,6.0,105.5,0.0,0,True
2022,2022-02-12,True,False,orl,phx,105,132,26,27,25,27,0,36,31,33,32,0,home,16.5,222.5,1100.0,-2500.0,5.5,114.5,1.0,1,True
2022,2022-02-12,True,False,lal,gs,115,117,26,36,32,21,0,32,33,30,22,0,home,6.0,227.0,240.0,-280.0,3.0,111.0,0.0,1,True
2022,2022-02-12,True,False,lac,dal,99,97,23,26,21,29,0,26,22,19,30,0,home,7.0,213.0,250.0,-300.0,4.5,109.0,0.0,0,False
2022,2022-02-12,True,False,bkn,mia,111,115,26,32,18,35,0,26,38,27,24,0,home,11.5,223.0,500.0,-700.0,5.0,108.5,0.0,1,True
2022,2022-02-12,True,False,den,tor,110,109,31,25,27,27,0,25,32,29,23,0,home,5.5,221.5,180.0,-210.0,3.5,107.0,0.0,0,False
2022,2022-02-12,True,False,okc,chi,101,106,29,25,26,21,0,22,28,31,25,0,home,10.0,216.5,450.0,-600.0,8.5,106.0,0.0,0,True
2022,2022-02-12,True,False,sac,wsh,123,110,24,35,33,31,0,29,36,23,22,0,away,3.0,226.0,-150.0,130.0,3.0,109.0,1.0,1,False
2022,2022-02-12,True,False,sa,no,124,114,37,22,39,26,0,33,20,29,32,0,home,6.5,229.5,210.0,-250.0,6.0,111.5,0.0,1,False
2022,2022-02-12,True,False,mem,cha,125,118,36,38,25,26,0,15,28,32,43,0,away,6.5,239.5,-260.0,220.0,3.5,122.0,1.0,1,False
2022,2022-02-12,True,False,ny,por,103,112,23,30,39,11,0,20,28,29,35,0,away,4.5,216.5,-185.0,165.0,1.5,105.5,0.0,0,True
2022,2022-02-12,True,False,cle,phi,93,103,23,28,20,22,0,36,22,22,23,0,home,2.5,209.5,125.0,-145.0,0.5,102.0,1.0,0,True
2022,2022-02-13,True,False,atl,bos,95,105,28,27,23,17,0,17,28,42,18,0,home,7.5,223.5,260.0,-310.0,7.0,108.0,1.0,0,True
2022,2022-02-13,True,False,min,ind,129,120,33,41,28,27,0,37,25,36,22,0,away,7.5,239.0,-310.0,260.0,1.0,116.5,1.0,1,False
2022,2022-02-14,True,False,gs,lac,104,119,37,22,19,26,0,34,27,33,25,0,away,6.0,218.5,-240.0,200.0,6.0,107.5,0.0,1,True
2022,2022-02-14,True,False,hou,utah,101,135,24,29,25,23,0,36,42,22,35,0,home,16.0,233.0,900.0,-1600.0,3.0,113.0,1.0,1,True
2022,2022-02-14,True,False,orl,den,111,121,14,26,30,41,0,29,24,32,36,0,home,11.5,222.5,475.0,-650.0,2.0,113.5,0.0,1,True
2022,2022-02-14,True,False,sa,chi,109,120,27,30,32,20,0,29,30,24,37,0,home,3.0,234.5,130.0,-150.0,1.5,114.0,1.0,0,True
2022,2022-02-14,True,False,sac,bkn,85,109,24,24,18,19,0,35,20,25,29,0,away,1.5,229.5,-125.0,105.0,2.0,111.0,0.0,0,True
2022,2022-02-14,True,False,por,mil,122,107,31,40,23,28,0,30,24,24,29,0,home,11.0,225.5,475.0,-650.0,11.0,108.5,0.0,1,False
2022,2022-02-14,True,False,okc,ny,127,123,29,32,30,21,15,31,31,32,18,11,home,10.0,206.5,375.0,-450.0,6.5,102.0,0.0,1,False
2022,2022-02-14,True,False,det,wsh,94,103,22,28,28,16,0,24,26,37,16,0,home,3.5,217.0,145.0,-165.0,2.5,105.5,1.0,0,True
2022,2022-02-14,True,False,tor,no,90,120,17,27,25,21,0,29,31,34,26,0,away,3.5,219.5,-165.0,145.0,6.0,106.0,0.0,0,True
2022,2022-02-15,True,False,bos,phi,135,87,32,37,32,34,0,22,20,16,29,0,away,2.5,209.0,-130.0,110.0,6.5,108.0,1.0,1,False
2022,2022-02-15,True,False,dal,mia,107,99,23,28,30,26,0,28,31,19,21,0,home,5.5,211.0,180.0,-210.0,1.0,103.5,0.0,0,False
2022,2022-02-15,True,False,cle,atl,116,124,36,25,29,26,0,34,32,28,30,0,home,2.5,221.5,120.0,-140.0,0.5,108.0,1.0,1,True
2022,2022-02-15,True,False,ind,mil,119,128,27,36,31,25,0,34,35,30,29,0,home,14.5,239.0,700.0,-1100.0,6.5,115.5,0.0,1,True
2022,2022-02-15,True,False,mem,no,121,109,37,28,28,28,0,27,26,30,26,0,away,3.5,225.0,-160.0,140.0,2.0,115.5,1.0,1,False
2022,2022-02-15,True,False,cha,min,120,126,24,34,29,21,12,27,25,26,30,18,home,6.0,244.0,200.0,-240.0,4.5,118.0,2.0,1,True
2022,2022-02-15,True,False,lac,phx,96,103,26,21,25,24,0,22,31,28,22,0,home,12.5,223.0,650.0,-1000.0,5.5,114.5,0.0,0,True
2022,2022-02-16,True,False,por,mem,123,119,36,32,26,29,0,32,25,33,29,0,home,12.5,230.5,550.0,-800.0,12.0,111.5,0.0,1,False
2022,2022-02-16,True,False,utah,lal,101,106,27,26,26,22,0,27,19,25,35,0,away,4.0,226.0,-175.0,155.0,2.5,113.0,0.0,0,True
2022,2022-02-16,True,False,den,gs,117,116,25,29,24,39,0,33,30,23,30,0,home,5.0,227.5,175.0,-200.0,0.0,111.5,0.0,1,False
2022,2022-02-16,True,False,tor,min,103,91,30,19,23,31,0,23,28,23,17,0,home,1.0,228.0,100.0,-120.0,0.5,110.0,0.0,0,False
2022,2022-02-16,True,False,sa,okc,114,106,34,39,16,25,0,29,29,23,25,0,away,8.0,218.5,-340.0,280.0,0.5,107.0,2.0,1,False
2022,2022-02-16,True,False,hou,phx,121,124,32,35,28,26,0,27,32,30,35,0,home,17.0,234.5,1000.0,-2000.0,13.5,113.5,0.0,1,True
2022,2022-02-16,True,False,det,bos,112,111,23,25,36,28,0,25,27,31,28,0,home,12.0,213.0,600.0,-900.0,6.0,104.0,0.0,1,False
2022,2022-02-16,True,False,wsh,ind,108,113,25,26,25,32,0,25,31,28,29,0,home,1.0,226.0,-110.0,-110.0,1.0,109.5,1.0,0,True
2022,2022-02-16,True,False,sac,chi,118,125,30,29,29,30,0,33,32,25,35,0,home,6.0,232.5,200.0,-240.0,2.0,113.0,1.0,1,True
2022,2022-02-16,True,False,bkn,ny,111,106,18,26,29,38,0,38,27,22,19,0,home,4.5,215.0,170.0,-190.0,3.5,104.5,0.0,1,False
2022,2022-02-16,True,False,atl,orl,130,109,37,35,32,26,0,25,28,29,27,0,away,6.0,227.5,-215.0,185.0,2.5,110.0,1.0,1,False
2022,2022-02-17,True,False,mia,cha,111,107,37,10,17,23,24,30,24,17,16,20,away,4.0,227.0,-170.0,150.0,4.0,109.0,2.0,0,False
2022,2022-02-17,True,False,wsh,bkn,117,103,26,29,23,39,0,28,23,27,25,0,home,4.5,214.0,170.0,-190.0,3.0,104.0,0.0,1,False
2022,2022-02-17,True,False,dal,no,125,118,45,26,34,20,0,27,31,23,37,0,away,2.5,217.0,-140.0,120.0,3.0,106.0,1.0,1,False
2022,2022-02-17,True,False,phi,mil,123,120,24,45,31,23,0,27,34,32,27,0,home,6.5,222.5,220.0,-260.0,6.0,107.5,0.0,1,False
2022,2022-02-17,True,False,hou,lac,111,142,27,32,20,32,0,36,35,36,35,0,home,11.0,227.0,425.0,-550.0,1.5,110.5,1.0,1,True
2022,2022-02-24,True,False,den,sac,128,110,35,28,29,36,0,25,33,29,23,0,away,,235.5,-165.0,145.0,1.0,115.0,,1,False
2022,2022-02-24,True,False,gs,por,132,95,31,39,30,32,0,32,25,16,22,0,away,10.0,226.0,-500.0,400.0,2.0,109.5,1.0,1,False
2022,2022-02-24,True,False,mem,min,114,119,31,25,27,31,0,21,32,31,35,0,away,2.0,240.0,-130.0,110.0,1.0,122.5,0.0,0,True
2022,2022-02-24,True,False,cle,det,103,106,33,22,27,21,0,27,25,28,26,0,away,5.5,209.0,-220.0,190.0,2.5,103.0,0.0,2,True
2022,2022-02-24,True,False,atl,chi,108,112,19,31,32,26,0,24,28,30,30,0,home,3.0,240.5,130.0,-150.0,1.5,116.0,1.0,0,True
2022,2022-02-24,True,False,bos,bkn,129,106,35,32,30,32,0,22,30,22,32,0,away,9.0,213.5,-400.0,330.0,0.5,110.0,1.0,1,False
2022,2022-02-24,True,False,phx,okc,124,104,31,17,37,39,0,14,31,32,27,0,away,10.5,221.0,-600.0,450.0,5.5,113.5,1.0,1,False
2022,2022-02-25,True,False,dal,utah,109,114,34,33,19,23,0,31,29,29,25,0,home,6.0,216.5,195.0,-235.0,5.5,105.0,0.0,1,True
2022,2022-02-25,True,False,lac,lal,105,102,24,33,15,33,0,22,25,31,24,0,home,3.0,221.5,125.0,-145.0,4.5,113.0,0.0,0,False
2022,2022-02-25,True,False,no,phx,117,102,31,22,42,22,0,22,28,31,21,0,home,6.5,229.0,220.0,-260.0,5.5,117.0,0.0,0,False
2022,2022-02-25,True,False,phi,min,133,102,34,31,27,41,0,25,24,25,28,0,away,2.5,230.0,-140.0,120.0,3.5,111.0,1.0,1,False
2022,2022-02-25,True,False,hou,orl,111,119,33,18,32,28,0,27,31,28,33,0,home,3.5,235.0,140.0,-160.0,0.5,114.5,1.0,0,True
2022,2022-02-25,True,False,sa,wsh,157,153,30,45,26,29,27,33,38,29,30,23,away,3.5,226.0,-160.0,140.0,1.0,111.0,1.0,1,False
2022,2022-02-25,True,False,tor,cha,93,125,19,28,14,32,0,28,42,27,28,0,away,2.0,225.0,-135.0,115.0,6.5,108.0,0.0,0,True
2022,2022-02-25,True,False,okc,ind,129,125,29,40,23,31,6,36,25,32,30,2,home,8.0,226.5,270.0,-330.0,9.0,110.0,0.0,1,False
2022,2022-02-25,True,False,mia,ny,115,100,30,35,25,25,0,32,23,30,15,0,away,6.0,212.0,-240.0,200.0,0.5,103.5,1.0,1,False
2022,2022-02-26,True,False,bos,det,113,104,30,26,22,35,0,26,28,28,22,0,away,12.5,216.5,-700.0,500.0,7.5,111.0,0.0,1,False
2022,2022-02-26,True,False,tor,atl,100,127,37,21,16,26,0,32,34,38,23,0,home,3.5,225.0,160.0,-180.0,0.5,111.0,1.0,1,True
2022,2022-02-26,True,False,sa,mia,129,133,40,18,39,32,0,28,33,38,34,0,home,13.0,223.5,600.0,-900.0,7.0,108.5,0.0,1,True
2022,2022-02-26,True,False,wsh,cle,86,92,23,19,28,16,0,18,22,26,26,0,home,8.5,206.5,320.0,-380.0,6.5,100.0,0.0,0,True
2022,2022-02-26,True,False,mem,chi,116,110,31,28,34,23,0,22,30,27,31,0,away,2.0,237.5,-135.0,115.0,0.5,120.5,1.0,0,False
2022,2022-02-26,True,False,bkn,mil,126,123,25,28,43,30,0,32,27,34,30,0,home,9.5,238.5,400.0,-500.0,3.5,114.5,0.0,1,False
2022,2022-02-26,True,False,sac,den,110,115,30,29,26,25,0,38,21,26,30,0,home,8.0,237.0,290.0,-350.0,5.5,115.0,0.0,0,True
2022,2022-02-27,True,False,dal,gs,107,101,24,24,26,33,0,37,23,28,13,0,home,4.0,217.5,140.0,-160.0,2.0,106.5,0.0,0,False
2022,2022-02-27,True,False,no,lal,123,95,24,27,44,28,0,20,20,25,30,0,home,2.5,226.0,120.0,-140.0,4.5,115.0,0.0,0,False
2022,2022-02-27,True,False,lac,hou,99,98,19,27,28,25,0,28,22,30,18,0,away,7.5,230.5,-260.0,220.0,6.5,117.0,0.0,0,False
2022,2022-02-27,True,False,den,por,124,92,32,33,21,38,0,27,21,22,22,0,away,,229.0,-340.0,280.0,0.5,110.5,,0,False
2022,2022-02-27,True,False,bos,ind,107,128,30,25,27,25,0,27,39,27,35,0,away,9.5,226.5,-420.0,350.0,9.0,115.5,0.0,1,True
2022,2022-02-27,True,False,phi,ny,125,109,38,27,26,34,0,35,21,33,20,0,away,7.5,219.0,-340.0,280.0,1.5,107.0,1.0,1,False
2022,2022-02-27,True,False,det,cha,127,126,31,27,24,34,11,28,26,30,32,10,home,10.5,229.0,450.0,-600.0,8.5,111.0,0.0,1,False
2022,2022-02-27,True,False,utah,phx,118,114,32,24,38,24,0,32,28,29,25,0,away,3.0,226.0,-150.0,130.0,2.5,115.0,1.0,1,False
2022,2022-02-28,True,False,sac,okc,131,110,35,24,40,32,0,32,27,31,20,0,away,5.5,228.0,-210.0,180.0,4.5,110.5,1.0,1,False
2022,2022-02-28,True,False,sa,mem,105,118,34,24,27,20,0,42,26,28,22,0,home,8.5,239.5,320.0,-380.0,2.0,116.5,1.0,0,True
2022,2022-02-28,True,False,chi,mia,99,112,21,25,21,32,0,30,25,36,21,0,home,4.5,222.5,170.0,-190.0,0.5,113.0,1.0,0,True
2022,2022-02-28,True,False,cha,mil,106,130,32,21,23,30,0,32,44,32,22,0,home,10.5,238.0,425.0,-550.0,1.0,115.0,1.0,0,True
2022,2022-02-28,True,False,min,cle,127,122,26,38,37,26,0,37,24,27,34,0,away,3.5,217.5,-160.0,140.0,1.5,106.0,1.0,1,False
2022,2022-02-28,True,False,ind,orl,103,119,32,24,19,28,0,31,24,35,29,0,home,2.5,233.0,120.0,-140.0,2.0,112.5,1.0,0,True
2022,2022-02-28,True,False,tor,bkn,133,97,42,29,29,33,0,27,21,21,28,0,away,3.0,216.5,-155.0,135.0,5.0,105.5,1.0,1,False
2022,2022-03-01,True,False,atl,bos,98,107,28,37,13,20,0,19,32,31,25,0,home,6.5,226.5,220.0,-260.0,6.5,109.5,1.0,0,True
2022,2022-03-01,True,False,bkn,tor,108,109,25,34,30,19,0,32,23,26,28,0,home,8.0,218.5,300.0,-360.0,7.0,106.5,0.0,0,True
2022,2022-03-01,True,False,lac,hou,113,100,29,20,40,24,0,27,23,25,25,0,away,7.0,227.0,-270.0,230.0,5.5,117.0,1.0,0,False
2022,2022-03-01,True,False,gs,min,114,129,27,29,31,27,0,34,34,28,33,0,away,4.0,231.0,-170.0,150.0,5.0,111.5,0.0,1,True
2022,2022-03-01,True,False,dal,lal,109,104,30,41,14,24,0,25,31,31,17,0,away,4.5,218.5,-200.0,175.0,2.5,106.0,1.0,0,False
2022,2022-03-01,True,False,det,wsh,113,116,24,40,21,28,0,27,36,24,29,0,home,3.0,217.5,130.0,-150.0,3.0,107.0,2.0,1,True
2022,2022-03-02,True,False,utah,hou,132,127,25,41,27,24,15,20,33,30,34,10,away,15.0,229.0,-1500.0,850.0,5.0,117.5,0.0,1,False
2022,2022-03-02,True,False,por,phx,90,120,28,20,21,21,0,29,34,29,28,0,home,11.0,224.5,475.0,-650.0,2.5,110.5,1.0,0,True
2022,2022-03-02,True,False,okc,den,119,107,24,31,31,33,0,24,33,22,28,0,home,15.5,225.5,900.0,-1600.0,8.5,109.0,0.0,1,False
2022,2022-03-02,True,False,sac,no,95,125,33,28,21,13,0,31,34,31,29,0,home,6.5,235.0,210.0,-250.0,2.5,114.0,1.0,0,True
2022,2022-03-02,True,False,ny,phi,108,123,33,29,19,27,0,25,30,38,30,0,home,10.5,223.5,450.0,-600.0,9.5,108.5,1.0,1,True
2022,2022-03-02,True,False,ind,orl,122,114,22,36,18,34,12,31,31,29,19,4,away,2.0,232.5,-130.0,110.0,2.0,113.5,1.0,1,False
2022,2022-03-02,True,False,cha,cle,119,98,38,26,32,23,0,31,18,31,18,0,home,4.0,220.0,150.0,-170.0,6.0,106.5,0.0,0,False
2022,2022-03-02,True,False,mia,mil,119,120,28,38,31,22,0,36,28,29,27,0,home,4.5,225.0,160.0,-180.0,4.0,109.0,0.0,1,True
2022,2022-03-03,True,False,gs,dal,113,122,27,27,37,22,0,38,30,31,23,0,home,1.5,221.0,105.0,-125.0,3.5,107.5,1.0,1,True
2022,2022-03-03,True,False,sac,sa,115,112,30,34,24,27,0,27,24,31,30,0,home,6.5,243.0,220.0,-260.0,7.0,116.5,0.0,0,False
2022,2022-03-03,True,False,mem,bos,107,120,20,25,27,35,0,26,21,36,37,0,home,2.0,223.0,115.0,-135.0,1.0,114.5,1.0,1,True
2022,2022-03-03,True,False,lal,lac,111,132,31,32,18,30,0,36,30,40,26,0,home,2.0,220.5,110.0,-130.0,0.5,107.5,1.0,1,True
2022,2022-03-03,True,False,mia,bkn,113,107,23,37,28,25,0,35,32,17,23,0,home,3.0,223.5,125.0,-145.0,0.5,108.5,0.0,0,False
2022,2022-03-03,True,False,chi,atl,124,130,35,28,29,32,0,29,27,34,40,0,home,2.0,236.0,110.0,-130.0,2.5,119.5,1.0,1,True
2022,2022-03-03,True,False,det,tor,108,106,31,29,31,17,0,22,35,20,29,0,home,8.0,219.0,300.0,-360.0,7.0,106.5,0.0,0,False
2022,2022-03-04,True,False,cle,phi,119,125,43,28,28,20,0,30,33,34,28,0,home,7.5,216.0,270.0,-330.0,9.0,106.0,0.0,1,True
2022,2022-03-04,True,False,ind,det,106,111,32,30,26,18,0,39,26,24,22,0,away,2.5,230.5,-140.0,120.0,2.0,111.5,0.0,0,True
2022,2022-03-04,True,False,atl,wsh,117,114,33,35,25,24,0,25,34,25,30,0,away,6.0,224.5,-230.0,195.0,0.5,109.5,0.0,1,False
2022,2022-03-04,True,False,mil,chi,118,112,25,32,24,37,0,25,28,35,24,0,away,5.0,240.5,-200.0,175.0,2.5,122.0,1.0,0,False
2022,2022-03-04,True,False,orl,tor,103,97,27,21,24,31,0,23,16,21,37,0,home,8.0,219.5,260.0,-310.0,7.5,112.0,0.0,0,False
2022,2022-03-04,True,False,utah,no,90,124,17,21,25,27,0,35,30,30,29,0,away,4.5,223.0,-190.0,170.0,8.5,112.5,0.0,0,True
2022,2022-03-04,True,False,min,okc,138,101,32,45,31,30,0,34,26,27,14,0,away,10.0,230.5,-420.0,350.0,0.5,112.5,1.0,1,False
2022,2022-03-04,True,False,hou,den,101,116,26,20,24,31,0,25,26,36,29,0,home,8.5,233.5,375.0,-450.0,3.5,112.0,1.0,0,True
2022,2022-03-04,True,False,ny,phx,114,115,24,31,38,21,0,26,32,23,34,0,home,6.5,221.5,210.0,-250.0,3.0,107.5,0.0,1,True
2022,2022-03-05,True,False,gs,lal,116,124,25,42,27,22,0,32,30,27,35,0,away,5.5,229.0,-220.0,190.0,2.0,111.5,0.0,1,True
2022,2022-03-05,True,False,por,min,121,135,34,30,37,20,0,32,31,46,26,0,home,14.0,235.0,700.0,-1100.0,9.0,113.5,2.0,1,True
2022,2022-03-05,True,False,phi,mia,82,99,14,26,28,14,0,22,32,19,26,0,home,5.5,214.0,175.0,-200.0,1.5,103.5,1.0,0,True
2022,2022-03-05,True,False,orl,mem,96,124,29,16,29,22,0,31,37,29,27,0,home,16.0,229.0,900.0,-1600.0,3.0,116.5,1.0,0,True
2022,2022-03-05,True,False,sa,cha,117,123,30,30,37,20,0,31,31,37,24,0,home,4.0,237.0,150.0,-170.0,2.0,115.5,1.0,1,True
2022,2022-03-05,True,False,sac,dal,113,114,36,29,27,21,0,26,25,34,29,0,home,4.5,220.5,165.0,-185.0,6.0,107.0,0.0,1,True
2022,2022-03-06,True,False,no,den,130,138,19,38,37,30,6,35,27,22,40,14,home,4.5,229.0,165.0,-185.0,1.5,117.5,1.0,1,True
2022,2022-03-06,True,False,tor,cle,96,104,29,17,16,34,0,30,29,14,31,0,home,4.5,210.5,175.0,-200.0,2.0,102.5,1.0,0,True
2022,2022-03-06,True,False,mem,hou,112,123,34,28,30,20,0,27,25,40,31,0,away,10.5,238.0,-600.0,450.0,3.5,121.0,0.0,0,True
2022,2022-03-06,True,False,ny,lac,116,93,25,34,21,36,0,22,18,28,25,0,home,5.5,221.0,195.0,-230.0,9.0,108.5,0.0,0,False
2022,2022-03-06,True,False,ind,wsh,123,133,26,35,26,36,0,30,27,39,37,0,home,2.0,226.5,115.0,-135.0,1.5,110.5,1.0,1,True
2022,2022-03-06,True,False,phx,mil,122,132,33,30,27,32,0,30,30,31,41,0,home,9.0,231.5,375.0,-450.0,8.0,117.5,1.0,1,True
2022,2022-03-06,True,False,bkn,bos,120,126,34,26,30,30,0,29,29,31,37,0,home,6.0,226.0,190.0,-220.0,4.5,110.5,2.0,1,True
2022,2022-03-06,True,False,utah,okc,116,103,33,28,30,25,0,24,21,31,27,0,away,14.0,221.0,-1200.0,750.0,3.0,113.0,0.0,0,False
2022,2022-03-07,True,False,chi,phi,106,121,32,21,24,29,0,37,22,29,33,0,home,7.5,233.5,270.0,-330.0,3.0,119.5,1.0,0,True
2022,2022-03-07,True,False,atl,det,110,113,30,26,20,25,9,29,30,19,23,12,away,7.5,229.5,-300.0,250.0,6.5,111.0,0.0,0,True
2022,2022-03-07,True,False,hou,mia,106,123,32,26,20,28,0,25,37,28,33,0,home,16.5,224.5,1100.0,-2500.0,9.0,108.5,1.0,1,True
2022,2022-03-07,True,False,por,min,81,124,15,19,26,21,0,31,30,29,34,0,home,13.5,229.0,750.0,-1200.0,1.0,111.5,1.0,0,True
2022,2022-03-07,True,False,lal,sa,110,117,22,34,36,18,0,31,31,33,22,0,home,6.5,233.0,220.0,-260.0,2.0,113.0,1.0,0,True
2022,2022-03-07,True,False,utah,dal,103,111,24,25,19,35,0,30,30,25,26,0,away,1.0,216.0,-115.0,-105.0,3.5,110.0,0.0,0,True
2022,2022-03-07,True,False,gs,den,124,131,31,38,32,23,0,40,31,33,27,0,home,8.0,221.0,290.0,-350.0,5.0,108.0,0.0,1,True
2022,2022-03-07,True,False,ny,sac,131,115,17,31,44,39,0,33,30,24,28,0,home,4.0,231.5,150.0,-170.0,2.5,114.0,0.0,1,False
2022,2022-03-08,True,False,no,mem,111,132,34,24,26,27,0,44,33,35,20,0,home,8.0,230.0,270.0,-330.0,1.0,118.0,1.0,1,True
2022,2022-03-08,True,False,lac,gs,97,112,21,15,25,36,0,21,33,32,26,0,home,6.0,225.0,200.0,-240.0,2.0,114.5,1.0,0,True
2022,2022-03-08,True,False,mil,okc,142,115,39,37,29,37,0,34,31,28,22,0,away,13.5,232.0,-1100.0,700.0,4.5,118.5,1.0,1,False
2022,2022-03-08,True,False,cle,ind,127,124,32,31,27,37,0,24,39,35,26,0,away,2.5,221.5,-145.0,125.0,2.0,108.0,1.0,1,False
2022,2022-03-08,True,False,bkn,cha,132,121,34,35,31,32,0,20,23,41,37,0,away,4.0,239.5,-170.0,150.0,4.0,116.0,1.0,1,False
2022,2022-03-08,True,False,phx,orl,102,99,28,25,26,23,0,22,21,28,28,0,away,6.0,221.5,-245.0,205.0,0.5,113.5,0.0,0,False
2022,2022-03-09,True,False,den,sac,106,100,32,31,17,26,0,29,22,26,23,0,away,6.5,239.5,-260.0,220.0,0.0,116.0,0.0,0,False
2022,2022-03-09,True,False,chi,det,114,108,25,28,31,30,0,26,30,35,17,0,away,6.5,229.0,-255.0,215.0,5.5,117.5,0.0,0,False
2022,2022-03-09,True,False,bos,cha,115,101,29,23,35,28,0,22,26,30,23,0,away,7.0,224.5,-260.0,220.0,3.0,114.5,1.0,0,False
2022,2022-03-09,True,False,phx,mia,111,90,29,28,34,20,0,27,28,19,16,0,home,4.0,219.5,160.0,-180.0,4.0,112.5,0.0,0,False
2022,2022-03-09,True,False,atl,mil,115,124,26,28,32,29,0,37,31,25,31,0,home,4.5,241.0,165.0,-185.0,1.0,117.5,1.0,0,True
2022,2022-03-09,True,False,lal,hou,130,139,38,25,35,22,10,32,36,29,23,19,away,7.5,236.5,-310.0,260.0,7.0,115.5,0.0,1,True
2022,2022-03-09,True,False,orl,no,108,102,30,26,25,27,0,17,24,32,29,0,home,8.5,221.5,300.0,-360.0,9.0,113.5,0.0,0,False
2022,2022-03-09,True,False,okc,min,102,132,21,26,32,23,0,32,42,27,31,0,home,15.5,235.5,800.0,-1400.0,2.5,114.5,1.0,0,True
2022,2022-03-09,True,False,tor,sa,119,104,34,24,33,28,0,29,32,23,20,0,away,1.0,228.5,-120.0,100.0,1.0,111.0,1.0,0,False
2022,2022-03-09,True,False,ny,dal,107,77,31,30,22,24,0,17,17,31,12,0,home,8.5,217.0,330.0,-400.0,11.0,104.0,0.0,0,False
2022,2022-03-09,True,False,por,utah,85,123,15,20,14,36,0,33,30,33,27,0,home,19.5,223.5,1400.0,-4000.0,5.0,107.5,1.0,0,True
2022,2022-03-09,True,False,wsh,lac,109,115,29,26,30,24,0,28,29,26,32,0,home,3.5,217.5,140.0,-160.0,1.5,106.5,1.0,1,True
2022,2022-03-10,True,False,gs,den,113,102,30,21,37,25,0,29,31,24,18,0,away,1.5,230.0,-125.0,105.0,4.0,112.0,1.0,0,False
2022,2022-03-10,True,False,bkn,phi,129,100,40,32,30,27,0,23,28,19,30,0,home,3.5,236.5,160.0,-180.0,7.5,114.0,0.0,0,False
2022,2022-03-11,True,False,wsh,lal,109,122,26,33,23,27,0,26,26,37,33,0,home,4.5,229.5,165.0,-185.0,4.5,111.5,1.0,1,True
2022,2022-03-11,True,False,tor,phx,117,112,30,26,40,21,0,24,28,30,30,0,home,5.0,221.5,180.0,-210.0,4.5,110.0,0.0,1,False
2022,2022-03-11,True,False,cha,no,142,120,25,36,42,39,0,24,31,27,38,0,away,3.5,225.5,-150.0,130.0,0.5,110.5,1.0,1,False
2022,2022-03-11,True,False,utah,sa,102,104,33,26,15,28,0,30,20,14,40,0,away,5.5,228.5,-220.0,190.0,1.0,116.5,0.0,0,True
2022,2022-03-11,True,False,cle,mia,105,117,18,39,15,33,0,28,30,27,32,0,home,8.0,210.0,280.0,-340.0,5.5,102.0,1.0,1,True
2022,2022-03-11,True,False,det,bos,103,114,34,28,28,13,0,32,29,31,22,0,home,14.5,215.5,700.0,-1100.0,8.5,106.0,0.0,1,True
2022,2022-03-11,True,False,dal,hou,113,100,31,36,29,17,0,23,21,28,28,0,away,11.0,227.0,-600.0,450.0,0.5,109.5,1.0,0,False
2022,2022-03-11,True,False,lac,atl,106,112,24,35,26,21,0,33,27,30,22,0,home,7.5,225.5,240.0,-280.0,5.0,116.0,0.0,0,True
2022,2022-03-11,True,False,min,orl,110,118,36,29,28,17,0,24,36,37,21,0,away,8.5,232.5,-360.0,300.0,3.5,113.5,0.0,0,True
2022,2022-03-11,True,False,ny,mem,114,118,30,26,40,18,0,34,27,26,31,0,home,9.0,229.0,340.0,-410.0,4.0,111.0,0.0,1,True
2022,2022-03-12,True,False,ind,sa,119,108,34,37,26,22,0,26,38,18,26,0,home,1.5,239.5,110.0,-130.0,2.0,116.5,0.0,0,False
2022,2022-03-12,True,False,min,mia,113,104,30,25,34,24,0,25,42,19,18,0,home,4.0,230.5,145.0,-165.0,1.5,112.5,0.0,0,False
2022,2022-03-12,True,False,cle,chi,91,101,22,20,24,25,0,24,29,24,24,0,home,5.0,217.0,170.0,-190.0,0.5,105.5,1.0,0,True
2022,2022-03-12,True,False,mil,gs,109,122,28,30,26,25,0,28,39,36,19,0,away,2.0,238.0,-130.0,110.0,4.0,119.5,0.0,0,True
2022,2022-03-12,True,False,sac,utah,125,134,42,25,21,37,0,37,34,29,34,0,home,8.5,229.5,330.0,-400.0,3.5,112.0,1.0,1,True
2022,2022-03-12,True,False,tor,den,127,115,28,37,28,34,0,25,38,36,16,0,home,7.0,221.0,235.0,-275.0,5.5,108.0,0.0,1,False
2022,2022-03-12,True,False,wsh,por,118,127,26,28,37,27,0,38,34,31,24,0,away,7.0,220.5,-270.0,230.0,8.5,106.5,0.0,1,True
2022,2022-03-13,True,False,lal,phx,111,140,22,34,34,21,0,48,31,40,21,0,home,7.5,232.5,270.0,-330.0,2.5,113.5,1.0,1,True
2022,2022-03-13,True,False,hou,no,105,130,32,23,17,33,0,29,39,30,32,0,home,7.0,231.5,210.0,-250.0,0.5,113.5,1.0,1,True
2022,2022-03-13,True,False,mem,okc,125,118,38,23,34,30,0,26,28,25,39,0,away,15.0,229.0,-1400.0,800.0,7.0,116.5,0.0,1,False
2022,2022-03-13,True,False,ind,atl,128,131,28,31,33,36,0,37,40,28,26,0,home,12.5,237.5,550.0,-800.0,1.5,114.5,0.0,1,True
2022,2022-03-13,True,False,dal,bos,95,92,18,20,38,19,0,20,27,26,19,0,home,7.0,213.0,240.0,-280.0,0.5,103.0,0.0,0,False
2022,2022-03-13,True,False,lac,det,106,102,16,23,31,36,0,24,29,19,30,0,away,4.0,217.5,-175.0,155.0,6.0,111.0,2.0,0,False
2022,2022-03-13,True,False,ny,bkn,107,110,30,30,23,24,0,35,27,26,22,0,home,5.5,225.0,200.0,-240.0,3.0,109.5,0.0,0,True
2022,2022-03-13,True,False,phi,orl,116,114,24,23,27,30,12,29,30,21,24,10,away,11.0,221.5,-700.0,500.0,10.0,107.5,0.0,1,False
2022,2022-03-14,True,False,tor,lal,114,103,33,25,33,23,0,12,28,31,32,0,away,4.5,226.5,-185.0,165.0,3.0,109.0,1.0,0,False
2022,2022-03-14,True,False,mil,utah,117,111,37,31,21,28,0,39,20,34,18,0,home,2.0,232.0,115.0,-135.0,3.5,117.5,0.0,0,False
2022,2022-03-14,True,False,chi,sac,103,112,17,26,34,26,0,27,36,25,24,0,away,4.5,236.5,-180.0,160.0,8.0,119.0,0.0,0,True
2022,2022-03-14,True,False,wsh,gs,112,126,30,27,27,28,0,33,40,28,25,0,home,11.5,227.0,550.0,-800.0,1.5,110.5,1.0,1,True
2022,2022-03-14,True,False,min,sa,149,139,40,35,46,28,0,32,41,33,33,0,away,3.5,241.5,-165.0,145.0,1.5,118.0,1.0,1,False
2022,2022-03-14,True,False,den,phi,114,110,22,31,28,33,0,37,21,30,22,0,home,4.0,224.0,145.0,-165.0,0.5,109.0,0.0,2,False
2022,2022-03-14,True,False,por,atl,113,122,34,33,17,29,0,29,29,31,33,0,home,14.0,231.0,700.0,-1100.0,11.0,111.5,0.0,1,True
2022,2022-03-14,True,False,lac,cle,111,120,27,30,24,25,5,33,23,31,19,14,home,7.5,214.0,240.0,-280.0,5.0,110.5,1.0,1,True
2022,2022-03-14,True,False,cha,okc,134,116,29,36,37,32,0,41,23,27,25,0,away,11.5,230.0,-600.0,450.0,7.0,111.0,1.0,1,False
2022,2022-03-15,True,False,phx,no,131,115,33,34,31,33,0,29,30,26,30,0,away,4.5,231.5,-180.0,160.0,0.5,117.5,1.0,1,False
2022,2022-03-15,True,False,bkn,orl,150,108,48,38,30,34,0,30,26,33,19,0,away,10.0,232.0,-500.0,400.0,2.0,112.5,1.0,1,False
2022,2022-03-15,True,False,mem,ind,135,102,32,42,30,31,0,25,24,21,32,0,away,6.5,236.0,-265.0,225.0,3.0,120.0,1.0,1,False
2022,2022-03-15,True,False,det,mia,98,105,22,29,22,25,0,29,28,11,37,0,home,14.0,213.5,700.0,-1100.0,6.5,104.5,0.0,0,True
2022,2022-03-16,True,False,mil,sac,135,126,28,40,33,34,0,31,30,31,34,0,away,8.5,241.5,-400.0,330.0,3.0,123.0,1.0,1,False
2022,2022-03-16,True,False,okc,sa,120,122,29,27,35,29,0,37,31,30,24,0,home,11.5,233.5,525.0,-750.0,2.5,113.5,0.0,1,True
2022,2022-03-16,True,False,tor,lac,103,100,28,26,24,25,0,26,18,30,26,0,away,2.0,214.5,-140.0,120.0,2.0,104.0,1.0,0,False
2022,2022-03-16,True,False,bos,gs,110,88,23,25,31,31,0,17,15,37,19,0,home,2.0,220.0,105.0,-125.0,5.0,112.0,0.0,0,False
2022,2022-03-16,True,False,lal,min,104,124,17,29,31,27,0,31,36,19,38,0,home,8.5,242.0,350.0,-420.0,1.5,117.0,1.0,0,True
2022,2022-03-16,True,False,chi,utah,110,125,27,22,32,29,0,27,27,35,36,0,home,7.0,224.5,230.0,-270.0,2.5,115.0,1.0,1,True
2022,2022-03-16,True,False,dal,bkn,113,111,23,35,21,34,0,30,31,30,20,0,away,3.0,222.5,-155.0,135.0,1.5,108.0,0.0,1,False
2022,2022-03-16,True,False,por,ny,98,128,29,26,19,24,0,37,29,28,34,0,home,13.0,222.5,575.0,-850.0,4.0,108.5,1.0,1,True
2022,2022-03-16,True,False,phx,hou,129,112,35,24,36,34,0,31,27,24,30,0,away,10.0,236.5,-550.0,425.0,6.5,120.0,1.0,1,False
2022,2022-03-16,True,False,phi,cle,118,114,30,42,13,33,0,23,36,31,24,0,away,4.0,220.0,-170.0,150.0,1.5,107.5,2.0,1,False
2022,2022-03-16,True,False,den,wsh,127,109,34,39,31,23,0,28,24,29,28,0,away,6.0,230.0,-280.0,240.0,3.0,111.5,1.0,1,False
2022,2022-03-16,True,False,atl,cha,106,116,33,34,18,21,0,29,33,23,31,0,home,1.0,240.5,-110.0,-110.0,1.0,117.0,1.0,0,True
2022,2022-03-17,True,False,det,orl,134,120,37,36,33,28,0,39,23,32,26,0,home,3.0,219.5,125.0,-145.0,5.0,106.5,0.0,1,False
2022,2022-03-18,True,False,chi,phx,102,129,27,21,24,30,0,30,31,34,34,0,home,5.0,232.0,170.0,-190.0,1.5,118.0,1.0,0,True
2022,2022-03-18,True,False,bos,sac,126,97,32,35,25,34,0,26,22,31,18,0,away,10.5,221.0,-550.0,425.0,1.0,112.0,1.0,1,False
2022,2022-03-18,True,False,lac,utah,92,121,20,14,24,34,0,30,41,24,26,0,home,5.5,213.0,190.0,-220.0,5.0,109.5,1.0,2,True
2022,2022-03-18,True,False,no,sa,124,91,35,29,31,29,0,10,23,24,34,0,home,2.0,237.0,110.0,-130.0,7.0,120.0,0.0,0,False
2022,2022-03-18,True,False,okc,mia,108,120,26,28,25,29,0,27,42,34,17,0,home,14.5,218.5,900.0,-1600.0,3.5,106.5,0.0,1,True
2022,2022-03-18,True,False,ind,hou,121,118,28,33,22,38,0,32,24,39,23,0,away,4.0,243.5,-165.0,145.0,1.5,117.5,0.0,0,False
2022,2022-03-18,True,False,lal,tor,128,123,33,26,29,28,12,30,25,34,27,7,home,8.0,226.0,310.0,-370.0,7.0,109.0,0.0,1,False
2022,2022-03-18,True,False,mem,atl,105,120,27,21,24,33,0,34,33,24,29,0,away,6.0,232.5,-250.0,210.0,8.5,117.5,0.0,0,True
2022,2022-03-18,True,False,por,bkn,123,128,33,42,26,22,0,34,28,39,27,0,home,14.5,228.0,750.0,-1200.0,14.0,111.0,0.0,1,True
2022,2022-03-18,True,False,den,cle,116,119,29,34,24,20,9,31,21,26,29,12,away,2.5,226.0,-145.0,125.0,2.0,109.5,0.0,1,True
2022,2022-03-18,True,False,dal,phi,101,111,27,26,23,25,0,26,32,26,27,0,home,4.5,216.5,165.0,-185.0,1.0,105.5,1.0,0,True
2022,2022-03-18,True,False,wsh,ny,97,100,28,19,19,31,0,22,32,21,25,0,home,6.0,225.5,210.0,-250.0,1.5,108.5,0.0,0,True
2022,2022-03-19,True,False,lal,wsh,119,127,36,31,32,20,0,26,32,35,34,0,away,1.0,230.0,-120.0,100.0,1.5,112.0,0.0,1,True
2022,2022-03-19,True,False,det,cle,109,113,27,33,21,28,0,28,27,27,31,0,home,6.0,218.0,195.0,-235.0,6.5,106.5,0.0,1,True
2022,2022-03-19,True,False,dal,cha,108,129,24,28,28,28,0,35,26,41,27,0,home,2.5,224.0,115.0,-135.0,2.0,108.5,1.0,1,True
2022,2022-03-19,True,False,mil,min,119,138,28,28,26,37,0,34,34,38,32,0,home,3.0,242.5,135.0,-155.0,2.0,124.0,1.0,1,True
2022,2022-03-20,True,False,sa,gs,110,108,36,27,20,27,0,22,35,27,24,0,home,6.5,225.5,225.0,-265.0,5.0,108.5,0.0,0,False
2022,2022-03-20,True,False,bos,den,124,104,33,35,30,26,0,27,16,32,29,0,away,3.0,221.5,-145.0,125.0,4.5,113.0,1.0,1,False
2022,2022-03-20,True,False,utah,ny,108,93,26,34,25,23,0,31,22,20,20,0,away,3.5,224.0,-160.0,140.0,0.5,113.5,1.0,0,False
2022,2022-03-20,True,False,okc,orl,85,90,25,18,21,21,0,31,14,17,28,0,home,8.5,221.0,290.0,-350.0,5.0,107.5,0.0,0,True
2022,2022-03-20,True,False,tor,phi,93,88,27,30,12,24,0,37,17,20,14,0,home,8.0,219.0,290.0,-350.0,7.0,106.0,0.0,0,False
2022,2022-03-20,True,False,phx,sac,127,124,22,27,34,27,17,26,33,28,23,14,away,8.0,230.5,-350.0,290.0,7.5,117.0,0.0,1,False
2022,2022-03-20,True,False,por,ind,98,129,22,26,34,16,0,35,34,25,35,0,home,8.0,237.0,290.0,-350.0,1.5,114.5,1.0,0,True
2022,2022-03-20,True,False,mem,hou,122,98,30,26,28,38,0,21,23,27,27,0,away,12.5,237.0,-800.0,550.0,4.0,120.5,1.0,0,False
2022,2022-03-20,True,False,no,atl,117,112,35,25,31,26,0,18,32,26,36,0,home,5.0,235.0,175.0,-200.0,6.0,119.5,0.0,0,False
2022,2022-03-21,True,False,min,dal,108,110,29,25,27,27,0,23,37,26,24,0,home,1.5,228.5,105.0,-125.0,1.5,112.0,1.0,0,True
2022,2022-03-21,True,False,por,det,119,115,29,38,29,23,0,22,30,36,27,0,home,9.5,222.5,375.0,-450.0,8.5,107.5,0.0,1,False
2022,2022-03-21,True,False,lal,cle,131,120,28,39,29,35,0,35,27,35,23,0,home,5.0,228.0,175.0,-200.0,3.5,111.0,0.0,1,False
2022,2022-03-21,True,False,mia,phi,106,113,32,24,22,28,0,26,31,23,33,0,away,8.0,210.0,-330.0,270.0,6.0,102.5,0.0,1,True
2022,2022-03-21,True,False,no,cha,103,106,22,27,35,19,0,19,24,35,28,0,home,5.5,236.5,195.0,-230.0,4.5,119.5,0.0,0,True
2022,2022-03-21,True,False,utah,bkn,106,114,28,23,24,31,0,25,28,38,23,0,away,2.5,229.5,-130.0,110.0,2.0,117.5,0.0,0,True
2022,2022-03-21,True,False,tor,chi,99,113,24,31,18,26,0,30,24,30,29,0,home,3.5,219.0,145.0,-165.0,3.0,106.0,1.0,0,True
2022,2022-03-21,True,False,bos,okc,132,123,38,27,43,24,0,21,30,33,39,0,away,13.0,216.0,-1100.0,700.0,4.0,111.5,0.0,1,False
2022,2022-03-21,True,False,wsh,hou,97,115,39,24,20,14,0,26,25,29,35,0,away,3.5,233.5,-165.0,145.0,2.0,113.0,0.0,0,True
2022,2022-03-22,True,False,lac,den,115,127,27,34,27,27,0,37,35,27,28,0,home,6.5,222.5,220.0,-260.0,0.5,115.0,1.0,1,True
2022,2022-03-22,True,False,chi,mil,98,126,20,23,26,29,0,33,26,32,35,0,home,6.5,234.5,225.0,-265.0,1.5,119.5,1.0,0,True
2022,2022-03-22,True,False,atl,ny,117,111,30,34,23,30,0,34,24,31,22,0,away,3.5,226.0,-165.0,145.0,0.5,110.5,1.0,1,False
2022,2022-03-22,True,False,gs,orl,90,94,17,21,36,16,0,25,21,19,29,0,away,7.5,216.0,-310.0,260.0,8.0,104.5,0.0,0,True
2022,2022-03-23,True,False,sa,por,133,96,45,36,33,19,0,27,26,28,15,0,away,9.5,231.0,-440.0,370.0,1.5,112.5,1.0,0,False
2022,2022-03-23,True,False,phi,lal,126,121,27,34,32,33,0,30,22,39,30,0,away,10.0,226.0,-450.0,375.0,3.0,110.0,0.0,1,False
2022,2022-03-23,True,False,phx,min,125,116,25,26,32,42,0,30,34,24,28,0,home,2.0,239.0,105.0,-125.0,3.0,120.5,0.0,1,False
2022,2022-03-23,True,False,orl,okc,102,118,34,19,21,28,0,26,34,24,34,0,away,2.0,219.0,-130.0,110.0,3.0,112.0,0.0,1,True
2022,2022-03-23,True,False,utah,bos,97,125,24,21,23,29,0,39,29,25,32,0,home,5.0,215.5,175.0,-200.0,3.0,110.5,1.0,1,True
2022,2022-03-23,True,False,hou,dal,91,110,21,32,19,19,0,25,27,30,28,0,home,10.0,218.5,400.0,-500.0,7.0,106.5,1.0,0,True
2022,2022-03-23,True,False,gs,mia,118,104,23,27,31,37,0,23,27,30,24,0,home,10.0,209.5,400.0,-500.0,7.0,102.5,0.0,1,False
2022,2022-03-23,True,False,ny,cha,121,106,40,29,30,22,0,24,32,31,19,0,home,8.5,226.0,300.0,-360.0,9.0,108.5,0.0,1,False
2022,2022-03-23,True,False,sac,ind,110,109,37,29,19,25,0,34,27,28,20,0,home,6.0,233.5,190.0,-220.0,6.0,114.0,0.0,0,False
2022,2022-03-23,True,False,atl,det,101,122,31,20,27,23,0,26,33,34,29,0,away,5.0,227.5,-200.0,175.0,5.0,110.5,0.0,0,True
2022,2022-03-23,True,False,bkn,mem,120,132,32,30,42,16,0,40,36,27,29,0,away,1.0,237.5,-110.0,-110.0,4.0,114.5,0.0,1,True
2022,2022-03-24,True,False,cle,tor,104,117,17,31,27,29,0,25,33,25,34,0,home,5.5,214.0,175.0,-200.0,0.5,103.5,1.0,1,True
2022,2022-03-24,True,False,wsh,mil,102,114,13,29,24,36,0,32,28,32,22,0,home,8.5,228.5,330.0,-400.0,0.5,111.0,1.0,0,True
2022,2022-03-24,True,False,chi,no,109,126,39,23,23,24,0,31,32,23,40,0,home,3.5,223.5,140.0,-160.0,1.5,115.0,1.0,1,True
2022,2022-03-24,True,False,ind,mem,103,133,23,25,23,32,0,44,30,33,26,0,home,11.5,236.0,475.0,-650.0,0.5,114.5,1.0,2,True
2022,2022-03-24,True,False,phx,den,140,130,31,35,38,36,0,31,37,38,24,0,home,1.0,232.0,-105.0,-115.0,0.5,118.5,0.0,1,False
2022,2022-03-25,True,False,ny,mia,111,103,25,24,24,38,0,32,26,30,15,0,home,9.5,214.0,350.0,-420.0,2.0,103.5,0.0,2,False
2022,2022-03-25,True,False,phi,lac,122,97,35,29,29,29,0,19,24,28,26,0,away,5.0,218.0,-220.0,190.0,3.0,106.5,1.0,1,False
2022,2022-03-25,True,False,hou,por,125,106,35,31,30,29,0,22,31,29,24,0,away,4.5,234.0,-180.0,160.0,1.5,114.0,1.0,0,False
2022,2022-03-25,True,False,dal,min,95,116,22,28,17,28,0,26,35,28,27,0,home,4.5,228.0,145.0,-165.0,1.0,111.0,1.0,0,True
2022,2022-03-25,True,False,gs,atl,110,121,42,25,16,27,0,36,33,32,20,0,home,2.0,223.0,110.0,-130.0,1.0,109.5,1.0,1,True
2022,2022-03-25,True,False,wsh,det,100,97,25,35,19,21,0,24,20,26,27,0,home,3.5,223.0,150.0,-170.0,6.0,106.5,0.0,0,False
2022,2022-03-25,True,False,utah,cha,101,107,24,27,27,23,0,23,31,23,30,0,away,4.0,227.5,-170.0,150.0,4.0,116.0,0.0,0,True
2022,2022-03-26,True,False,hou,por,115,98,24,36,25,30,0,28,32,18,20,0,away,4.5,232.5,-180.0,160.0,3.0,114.5,1.0,0,False
2022,2022-03-26,True,False,chi,cle,98,94,28,25,22,23,0,16,19,28,31,0,home,2.0,223.0,110.0,-130.0,5.5,112.0,0.0,0,False
2022,2022-03-26,True,False,mil,mem,102,127,28,18,33,23,0,32,27,39,29,0,away,1.0,233.5,-120.0,100.0,3.5,119.0,0.0,0,True
2022,2022-03-26,True,False,okc,den,107,113,25,24,27,31,0,32,26,29,26,0,home,17.0,229.0,950.0,-1800.0,7.0,111.5,0.0,0,True
2022,2022-03-26,True,False,ind,tor,91,131,21,25,24,21,0,41,33,22,35,0,home,12.0,223.0,500.0,-700.0,1.0,108.0,1.0,0,True
2022,2022-03-26,True,False,sac,orl,114,110,41,25,15,24,9,28,34,22,21,5,home,2.5,220.5,120.0,-140.0,1.5,108.0,0.0,1,False
2022,2022-03-26,True,False,sa,no,107,103,22,36,26,23,0,32,25,27,19,0,home,6.0,230.5,200.0,-240.0,4.5,111.5,0.0,0,False
2022,2022-03-26,True,False,bkn,mia,110,95,27,40,29,14,0,25,21,22,27,0,away,2.5,231.5,-140.0,120.0,4.0,112.5,1.0,0,False
2022,2022-03-27,True,False,utah,dal,100,114,29,30,20,21,0,21,37,32,24,0,home,4.0,217.0,150.0,-170.0,3.5,110.5,1.0,0,True
2022,2022-03-27,True,False,ny,det,104,102,34,25,21,24,0,22,25,32,23,0,away,5.0,218.5,-185.0,165.0,1.0,106.5,0.0,0,False
2022,2022-03-27,True,False,min,bos,112,134,30,19,31,32,0,34,38,34,28,0,home,6.5,230.0,210.0,-250.0,3.0,112.5,1.0,1,True
2022,2022-03-27,True,False,gs,wsh,115,123,24,27,30,34,0,28,31,33,31,0,away,7.0,217.0,-280.0,240.0,6.0,105.0,0.0,1,True
2022,2022-03-27,True,False,phi,phx,104,114,39,25,22,18,0,37,23,31,23,0,home,4.5,226.5,165.0,-185.0,5.0,110.0,1.0,0,True
2022,2022-03-27,True,False,lal,no,108,116,31,38,25,14,0,23,26,41,26,0,home,4.0,233.5,140.0,-160.0,7.0,112.5,1.0,0,True
2022,2022-03-27,True,False,cha,bkn,119,110,26,30,37,26,0,32,28,29,21,0,home,7.0,238.0,225.0,-265.0,3.0,115.0,0.0,0,False
2022,2022-03-28,True,False,okc,por,134,131,34,24,23,34,19,28,33,28,26,16,home,1.5,220.5,100.0,-120.0,0.5,108.0,0.0,1,False
2022,2022-03-28,True,False,gs,mem,95,123,16,21,30,28,0,20,43,32,28,0,home,9.0,221.0,360.0,-430.0,1.5,107.5,1.0,0,True
2022,2022-03-28,True,False,sa,hou,123,120,39,28,29,27,0,31,24,29,36,0,away,9.5,233.0,-420.0,350.0,2.0,114.5,0.0,1,False
2022,2022-03-28,True,False,bos,tor,112,115,38,20,22,26,6,30,29,21,26,9,home,8.5,212.0,300.0,-360.0,5.5,109.5,0.0,1,True
2022,2022-03-28,True,False,orl,cle,101,107,22,31,27,21,0,27,33,21,26,0,home,9.0,216.5,330.0,-400.0,2.5,111.5,0.0,0,True
2022,2022-03-28,True,False,sac,mia,100,123,19,22,27,32,0,31,26,36,30,0,home,14.0,217.5,800.0,-1400.0,2.5,105.0,1.0,1,True
2022,2022-03-28,True,False,atl,ind,132,123,44,30,28,30,0,30,33,27,33,0,away,7.5,236.5,-320.0,265.0,0.5,114.5,1.0,1,False
2022,2022-03-28,True,False,den,cha,113,109,32,24,37,20,0,30,27,27,25,0,away,3.5,232.0,-160.0,140.0,2.5,112.5,1.0,0,False
2022,2022-03-28,True,False,chi,ny,104,109,28,22,25,29,0,24,29,28,28,0,away,3.5,218.0,-165.0,145.0,3.0,112.0,0.0,0,True
2022,2022-03-29,True,False,mil,phi,118,116,27,24,30,37,0,24,37,28,27,0,home,0.0,232.0,-110.0,-110.0,3.0,118.0,0.0,1,False
2022,2022-03-29,True,False,chi,wsh,107,94,28,23,24,32,0,23,23,27,21,0,away,4.0,223.5,-175.0,155.0,1.5,113.0,1.0,0,False
2022,2022-03-29,True,False,lal,dal,110,128,25,31,28,26,0,43,39,31,15,0,home,12.0,219.5,550.0,-800.0,1.0,108.0,1.0,1,True
2022,2022-03-29,True,False,det,bkn,123,130,35,29,30,29,0,33,25,38,34,0,home,14.0,233.5,750.0,-1200.0,11.5,113.0,0.0,1,True
2022,2022-03-29,True,False,utah,lac,115,121,32,29,33,21,0,14,34,34,39,0,away,2.5,217.0,-140.0,120.0,2.5,111.0,0.0,1,True
2022,2022-03-30,True,False,phx,gs,107,103,29,21,27,30,0,32,16,27,28,0,away,5.0,222.0,-200.0,175.0,3.0,114.0,0.0,0,False
2022,2022-03-30,True,False,no,por,117,107,32,19,34,32,0,36,18,28,25,0,away,15.0,225.5,-1500.0,850.0,10.5,115.5,0.0,0,False
2022,2022-03-30,True,False,mem,sa,112,111,31,34,28,19,0,27,25,34,25,0,away,5.0,234.0,-200.0,175.0,1.5,119.0,0.0,0,False
2022,2022-03-30,True,False,atl,okc,136,118,42,43,30,21,0,24,34,31,29,0,away,13.0,228.5,-900.0,600.0,2.0,111.5,1.0,1,False
2022,2022-03-30,True,False,sac,hou,121,118,28,44,32,17,0,39,27,37,15,0,away,3.0,231.0,-150.0,130.0,0.5,113.5,2.0,1,False
2022,2022-03-30,True,False,dal,cle,120,112,34,27,39,20,0,30,37,22,23,0,away,2.5,215.0,-130.0,110.0,3.0,105.0,1.0,1,False
2022,2022-03-30,True,False,min,tor,102,125,30,30,22,20,0,20,42,35,28,0,home,2.5,229.0,120.0,-140.0,1.0,112.5,1.0,0,True
2022,2022-03-30,True,False,cha,ny,125,114,29,29,33,34,0,31,24,28,31,0,away,2.5,223.5,-140.0,120.0,0.5,109.0,1.0,1,False
2022,2022-03-30,True,False,orl,wsh,110,127,35,21,23,31,0,28,30,28,41,0,home,4.0,219.0,145.0,-165.0,2.0,112.0,1.0,1,True
2022,2022-03-30,True,False,den,ind,125,118,43,26,22,34,0,15,38,38,27,0,away,10.0,237.5,-500.0,400.0,1.0,114.0,0.0,1,False
2022,2022-03-30,True,False,mia,bos,106,98,25,28,26,27,0,29,23,31,15,0,home,5.0,213.0,175.0,-200.0,4.0,104.5,0.0,0,False
2022,2022-03-31,True,False,lal,utah,109,122,28,27,30,24,0,34,32,33,23,0,home,13.5,228.0,650.0,-1000.0,5.0,111.5,0.0,1,True
2022,2022-03-31,True,False,lac,chi,130,135,32,27,33,26,12,22,28,32,36,17,home,2.5,221.0,115.0,-135.0,3.5,112.5,1.0,1,True
2022,2022-03-31,True,False,cle,atl,107,131,28,25,22,32,0,36,30,34,31,0,home,6.5,229.0,215.0,-255.0,1.5,109.5,1.0,1,True
2022,2022-03-31,True,False,mil,bkn,120,119,23,33,31,23,10,30,30,26,24,9,home,2.0,243.5,105.0,-125.0,0.5,124.0,0.0,0,False
2022,2022-03-31,True,False,phi,det,94,102,25,29,25,15,0,20,30,23,29,0,away,9.5,225.5,-450.0,375.0,4.5,109.0,0.0,0,True
2022,2022-04-01,True,False,min,den,136,130,40,30,28,38,0,35,30,29,36,0,home,3.0,242.0,120.0,-140.0,2.5,116.5,0.0,1,False
2022,2022-04-01,True,False,por,sa,111,130,29,20,32,30,0,34,43,24,29,0,home,13.5,230.5,800.0,-1400.0,0.5,111.5,1.0,1,True
2022,2022-04-01,True,False,phx,mem,114,122,23,27,33,31,0,34,20,30,38,0,away,8.0,229.0,-320.0,265.0,7.5,116.5,0.0,1,True
2022,2022-04-01,True,False,det,okc,110,101,21,34,28,27,0,20,32,14,35,0,away,4.5,222.0,-180.0,160.0,1.5,108.0,1.0,0,False
2022,2022-04-01,True,False,no,lal,114,111,30,20,36,28,0,25,25,37,24,0,home,2.0,229.5,115.0,-135.0,1.5,117.5,0.0,0,False
2022,2022-04-01,True,False,sac,hou,122,117,26,31,29,36,0,41,21,29,26,0,away,3.5,235.0,-160.0,140.0,3.0,113.5,1.0,1,False
2022,2022-04-01,True,False,ind,bos,123,128,28,33,30,32,0,37,31,28,32,0,home,15.0,227.0,900.0,-1600.0,7.0,110.5,0.0,1,True
2022,2022-04-01,True,False,tor,orl,102,89,29,30,26,17,0,23,23,17,26,0,away,11.5,217.0,-650.0,475.0,2.5,105.5,1.0,0,False
2022,2022-04-01,True,False,dal,wsh,103,135,30,23,25,25,0,41,26,27,41,0,away,7.5,216.5,-335.0,275.0,7.5,105.0,0.0,1,True
2022,2022-04-01,True,False,lac,mil,153,119,34,39,41,39,0,30,32,26,31,0,home,3.5,217.5,145.0,-165.0,5.0,112.0,0.0,1,False
2022,2022-04-02,True,False,cha,phi,114,144,26,27,27,34,0,29,29,45,41,0,home,5.5,229.5,190.0,-220.0,2.0,112.0,1.0,1,True
2022,2022-04-02,True,False,cle,ny,119,101,39,29,34,17,0,30,30,25,16,0,home,2.0,221.0,115.0,-135.0,3.5,106.0,0.0,0,False
2022,2022-04-02,True,False,bkn,atl,115,122,30,20,37,28,0,28,37,29,28,0,away,2.0,243.0,-135.0,115.0,5.5,118.0,0.0,0,True
2022,2022-04-02,True,False,mia,chi,127,109,31,35,32,29,0,30,27,22,30,0,away,2.5,216.5,-140.0,120.0,1.5,105.5,1.0,1,False
2022,2022-04-02,True,False,utah,gs,107,111,30,28,29,20,0,23,22,36,30,0,away,2.5,219.0,-140.0,120.0,2.5,112.0,0.0,0,True
2022,2022-04-03,True,False,por,sa,92,113,23,33,16,20,0,26,22,34,31,0,home,13.5,231.5,800.0,-1400.0,12.0,110.5,1.0,0,True
2022,2022-04-03,True,False,no,lac,100,119,31,13,27,29,0,37,29,26,27,0,home,2.0,223.0,110.0,-130.0,5.5,115.0,1.0,0,True
2022,2022-04-03,True,False,gs,sac,109,90,28,34,19,28,0,14,28,25,23,0,away,4.5,221.0,-185.0,165.0,3.0,107.0,1.0,0,False
2022,2022-04-03,True,False,min,hou,139,132,42,38,36,23,0,32,36,24,40,0,away,13.5,246.5,-1200.0,750.0,4.0,119.5,0.0,1,False
2022,2022-04-03,True,False,mia,tor,114,109,28,17,34,35,0,34,21,23,31,0,home,4.5,214.5,170.0,-190.0,1.0,104.0,0.0,1,False
2022,2022-04-03,True,False,phx,okc,96,117,27,26,22,21,0,20,32,32,33,0,away,14.0,221.5,-1400.0,800.0,8.5,114.0,0.0,0,True
2022,2022-04-03,True,False,dal,mil,118,112,25,32,33,28,0,33,22,32,25,0,home,6.5,227.0,240.0,-280.0,5.0,110.0,0.0,1,False
2022,2022-04-03,True,False,phi,cle,112,108,21,28,32,31,0,23,32,25,28,0,away,5.5,225.0,-210.0,180.0,4.5,109.0,0.0,0,False
2022,2022-04-03,True,False,det,ind,121,117,38,24,36,23,0,34,32,25,26,0,home,4.5,233.0,155.0,-175.0,2.0,113.5,0.0,1,False
2022,2022-04-03,True,False,den,lal,129,118,24,38,33,34,0,28,33,33,24,0,away,5.5,231.5,-230.0,195.0,3.0,113.0,1.0,1,False
2022,2022-04-03,True,False,wsh,bos,102,144,22,37,20,23,0,35,35,34,40,0,home,13.0,222.5,750.0,-1200.0,4.0,109.5,1.0,1,True
2022,2022-04-03,True,False,ny,orl,118,88,29,28,37,24,0,20,27,15,26,0,away,5.0,216.0,-210.0,180.0,0.5,105.5,1.0,0,False
2022,2022-04-05,True,False,no,sac,123,109,27,33,35,28,0,25,32,27,25,0,away,7.5,224.5,-320.0,265.0,4.0,116.0,1.0,1,False
2022,2022-04-05,True,False,mem,utah,115,121,19,31,33,27,5,24,26,33,27,11,home,6.0,226.5,200.0,-240.0,4.5,114.5,2.0,1,True
2022,2022-04-05,True,False,sa,den,116,97,32,32,21,31,0,30,14,35,18,0,home,9.0,234.5,330.0,-400.0,10.0,113.0,0.0,0,False
2022,2022-04-05,True,False,por,okc,94,98,27,27,28,12,0,29,19,19,31,0,home,3.5,220.5,140.0,-160.0,3.0,107.0,1.0,0,True
2022,2022-04-05,True,False,mil,chi,127,106,26,32,38,31,0,20,26,36,24,0,away,7.0,231.0,-275.0,235.0,0.5,118.0,1.0,1,False
2022,2022-04-05,True,False,lal,phx,110,121,31,27,22,30,0,28,35,35,23,0,home,13.0,234.5,575.0,-850.0,6.0,114.0,0.0,0,True
2022,2022-04-05,True,False,cha,mia,115,144,32,28,37,18,0,29,41,32,42,0,home,4.5,225.0,170.0,-190.0,1.0,109.5,1.0,1,True
2022,2022-04-05,True,False,hou,bkn,105,118,25,22,27,31,0,30,34,26,28,0,home,16.5,244.5,950.0,-1800.0,4.5,117.5,0.0,0,True
2022,2022-04-05,True,False,atl,tor,108,118,31,21,31,25,0,27,29,33,29,0,home,4.5,226.5,160.0,-180.0,1.5,109.5,1.0,0,True
2022,2022-04-05,True,False,phi,ind,131,122,33,49,25,24,0,31,28,40,23,0,away,11.0,235.0,-700.0,500.0,0.5,113.5,0.0,1,False
2022,2022-04-05,True,False,cle,orl,115,120,36,25,25,29,0,35,24,32,29,0,away,8.0,221.5,-350.0,290.0,4.5,106.5,0.0,1,True
2022,2022-04-05,True,False,wsh,min,132,114,35,32,34,31,0,38,28,27,21,0,home,12.0,239.0,525.0,-750.0,8.0,117.0,0.0,1,False
2022,2022-04-06,True,False,okc,utah,101,137,31,27,27,16,0,41,30,35,31,0,home,15.5,215.0,900.0,-1600.0,5.0,105.5,1.0,1,True
2022,2022-04-06,True,False,bos,chi,117,94,32,35,24,26,0,19,32,16,27,0,away,7.5,225.5,-290.0,245.0,0.5,114.5,1.0,0,False
2022,2022-04-06,True,False,phx,lac,109,113,22,9,30,48,0,26,34,27,26,0,home,7.5,223.0,240.0,-280.0,2.5,113.5,0.0,0,True
2022,2022-04-06,True,False,bkn,ny,110,98,25,25,22,38,0,29,38,15,16,0,away,7.0,229.5,-270.0,230.0,9.5,110.5,1.0,0,False
2022,2022-04-06,True,False,dal,det,131,113,32,33,34,32,0,34,24,28,27,0,away,9.0,218.5,-400.0,330.0,2.5,106.5,1.0,1,False
2022,2022-04-06,True,False,wsh,atl,103,118,31,34,18,20,0,40,27,28,23,0,home,10.0,235.5,425.0,-550.0,6.5,114.5,1.0,0,True
2022,2022-04-07,True,False,orl,cha,101,128,28,22,32,19,0,30,40,27,31,0,home,14.0,230.5,650.0,-1000.0,2.0,118.5,1.0,0,True
2022,2022-04-07,True,False,bos,mil,121,127,29,30,38,24,0,36,33,33,25,0,home,8.5,227.0,300.0,-360.0,1.5,116.5,0.0,1,True
2022,2022-04-07,True,False,phi,tor,114,119,33,27,25,29,0,26,30,31,32,0,away,3.5,219.5,-155.0,135.0,1.5,107.0,0.0,1,True
2022,2022-04-07,True,False,sa,min,121,127,35,22,25,39,0,30,34,33,30,0,home,7.0,239.0,240.0,-280.0,1.5,116.0,0.0,1,True
2022,2022-04-07,True,False,por,no,94,127,28,24,24,18,0,33,32,36,26,0,home,16.5,223.0,1000.0,-2000.0,5.5,107.5,1.0,0,True
2022,2022-04-07,True,False,mem,den,109,122,30,23,25,31,0,34,36,35,17,0,home,4.5,234.5,160.0,-180.0,3.0,119.0,1.0,0,True
2022,2022-04-07,True,False,lal,gs,112,128,32,30,22,28,0,27,38,26,37,0,home,14.0,219.0,750.0,-1200.0,8.0,107.5,1.0,1,True
2022,2022-04-08,True,False,cha,chi,133,117,39,40,32,22,0,30,21,32,34,0,home,2.5,236.5,125.0,-145.0,8.0,114.0,0.0,1,False
2022,2022-04-08,True,False,okc,lal,101,120,28,24,30,19,0,27,29,34,30,0,home,6.0,225.0,195.0,-230.0,2.5,110.0,1.0,0,True
2022,2022-04-08,True,False,por,dal,78,128,13,31,25,9,0,36,32,39,21,0,home,19.5,222.0,1200.0,-3000.0,5.0,108.0,1.0,0,True
2022,2022-04-08,True,False,atl,mia,109,113,22,39,26,22,0,24,32,35,22,0,home,1.5,231.0,105.0,-125.0,2.0,113.0,1.0,0,True
2022,2022-04-08,True,False,phx,utah,111,105,30,24,21,36,0,24,33,35,13,0,home,3.0,229.0,125.0,-145.0,1.0,118.0,0.0,0,False
2022,2022-04-08,True,False,hou,tor,115,117,36,30,29,20,0,20,37,28,32,0,home,11.5,228.0,500.0,-700.0,10.5,111.5,0.0,1,True
2022,2022-04-08,True,False,ny,wsh,114,92,23,36,35,20,0,31,19,22,20,0,away,3.5,224.0,-165.0,145.0,0.5,109.5,1.0,0,False
2022,2022-04-08,True,False,mil,det,131,101,30,26,34,41,0,8,30,30,33,0,away,10.0,232.0,-500.0,400.0,1.0,117.0,1.0,2,False
2022,2022-04-08,True,False,cle,bkn,107,118,19,35,34,19,0,34,28,21,35,0,home,8.5,233.0,300.0,-360.0,2.0,112.5,1.0,0,True
2022,2022-04-09,True,False,ind,phi,120,133,23,31,36,30,0,37,29,34,33,0,home,14.5,237.0,700.0,-1100.0,4.0,114.0,0.0,1,True
2022,2022-04-09,True,False,sac,lac,98,117,16,29,26,27,0,31,28,33,25,0,home,11.5,224.5,500.0,-700.0,2.5,109.5,1.0,0,True
2022,2022-04-09,True,False,no,mem,114,141,18,29,33,34,0,30,34,55,22,0,home,8.0,229.5,290.0,-350.0,1.5,117.5,1.0,1,True
2022,2022-04-09,True,False,gs,sa,100,94,23,31,24,22,0,21,23,27,23,0,away,7.5,218.5,-300.0,250.0,1.5,106.0,0.0,0,False
2022,2022-04-10,True,False,lal,den,146,141,36,33,26,40,11,33,36,39,27,6,home,6.0,229.5,200.0,-240.0,3.5,112.5,0.0,1,False
2022,2022-04-10,True,False,det,phi,106,118,30,30,28,18,0,36,26,31,25,0,home,6.5,221.0,215.0,-255.0,3.5,108.0,1.0,1,True
2022,2022-04-10,True,False,wsh,cha,108,124,29,25,28,26,0,32,24,33,35,0,home,12.5,233.5,600.0,-900.0,6.5,114.5,1.0,0,True
2022,2022-04-10,True,False,gs,no,128,107,27,41,21,39,0,26,22,28,31,0,away,7.0,222.5,-280.0,240.0,1.5,109.0,1.0,1,False
2022,2022-04-10,True,False,mil,cle,115,133,20,26,33,36,0,46,33,32,22,0,home,7.5,226.5,320.0,-380.0,1.5,116.5,1.0,1,True
2022,2022-04-10,True,False,sac,phx,116,109,33,34,19,30,0,24,27,26,32,0,home,9.0,227.0,400.0,-500.0,8.5,111.5,0.0,0,False
2022,2022-04-10,True,False,sa,dal,120,130,29,30,23,38,0,28,31,38,33,0,home,10.0,225.5,400.0,-500.0,7.0,109.5,2.0,1,True
2022,2022-04-10,True,False,atl,hou,130,114,35,38,29,28,0,24,35,32,23,0,away,12.0,241.0,-800.0,550.0,2.5,118.5,1.0,1,False
2022,2022-04-10,True,False,ind,bkn,126,134,29,31,34,32,0,41,35,27,31,0,home,16.5,245.0,1000.0,-2000.0,4.0,120.0,0.0,1,True
2022,2022-04-10,True,False,okc,lac,88,138,18,33,16,21,0,39,27,29,43,0,home,12.0,216.5,550.0,-800.0,2.5,107.5,1.0,1,True
2022,2022-04-10,True,False,mia,orl,111,125,31,28,29,23,0,31,37,33,24,0,away,6.0,218.0,-275.0,235.0,6.0,106.5,0.0,1,True
2022,2022-04-10,True,False,chi,min,124,120,33,37,27,27,0,21,26,40,33,0,home,7.0,229.5,250.0,-300.0,9.0,117.5,0.0,1,False
2022,2022-04-10,True,False,tor,ny,94,105,22,26,24,22,0,31,20,22,32,0,home,0.0,214.0,-110.0,-110.0,0.5,104.5,1.0,0,True
2022,2022-04-10,True,False,bos,mem,139,110,32,40,32,35,0,25,24,30,31,0,away,9.0,224.0,-400.0,330.0,1.5,114.0,1.0,1,False
2022,2022-04-10,True,False,utah,por,111,80,16,36,26,33,0,19,21,16,24,0,away,17.0,220.0,-2500.0,1100.0,6.0,113.0,1.0,0,False
