season,date,regular,playoffs,away_team,home_team,score_away,score_home,q1_away,q2_away,q3_away,q4_away,ot_away,q1_home,q2_home,q3_home,q4_home,ot_home,whos_favored,spread,total,away_ml,home_ml,h2_spread,h2_total,id_spread,id_total,home_won
2020,2019-10-22,True,False,no,tor,122,130,30,31,25,31,5,27,29,32,29,13,home,6.5,229.5,230.0,-280.0,6.0,113.0,1.0,1,True
2020,2019-10-22,True,False,lal,lac,102,112,25,29,31,17,0,22,40,23,27,0,away,3.5,224.0,-180.0,150.0,5.0,110.5,0.0,0,True
2020,2019-10-23,True,False,sac,phx,95,124,29,30,17,19,0,25,29,32,38,0,away,1.0,232.5,-115.0,-105.0,2.0,114.0,0.0,0,True
2020,2019-10-23,True,False,okc,utah,95,100,12,34,28,21,0,23,26,19,32,0,home,9.0,221.5,375.0,-500.0,4.5,107.0,0.0,0,True
2020,2019-10-23,True,False,wsh,dal,100,108,25,23,20,32,0,24,38,29,17,0,home,9.0,220.0,350.0,-450.0,1.0,105.5,0.0,0,True
2020,2019-10-23,True,False,ny,sa,111,120,15,36,33,27,0,22,37,24,37,0,home,11.0,214.5,525.0,-750.0,3.5,104.5,0.0,1,True
2020,2019-10-23,True,False,min,bkn,127,126,33,35,20,27,12,22,34,37,22,11,home,3.5,229.0,142.0,-165.0,5.0,112.5,0.0,1,False
2020,2019-10-23,True,False,chi,cha,125,126,28,27,40,30,0,37,26,33,30,0,away,3.5,216.5,-170.0,145.0,4.0,112.0,0.0,1,True
2020,2019-10-23,True,False,bos,phi,93,107,25,23,20,25,0,20,29,28,30,0,home,5.5,214.5,190.0,-240.0,3.5,110.5,1.0,0,True
2020,2019-10-23,True,False,cle,orl,85,94,24,17,24,20,0,28,27,16,23,0,home,9.5,211.5,400.0,-550.0,1.0,108.0,0.0,0,True
2020,2019-10-23,True,False,det,ind,119,110,27,27,29,36,0,24,31,31,24,0,home,7.0,211.0,240.0,-300.0,4.5,104.0,0.0,1,False
2020,2019-10-23,True,False,den,por,108,100,24,30,19,35,0,27,23,24,26,0,away,1.5,217.5,-120.0,100.0,1.0,106.0,1.0,0,False
2020,2019-10-23,True,False,mem,mia,101,120,32,28,24,17,0,24,30,29,37,0,home,6.5,213.0,240.0,-300.0,4.5,104.5,1.0,1,True
2020,2019-10-24,True,False,lac,gs,141,122,35,30,46,30,0,29,25,33,35,0,home,0.0,229.5,-110.0,-110.0,2.0,110.5,0.0,1,False
2020,2019-10-24,True,False,mil,hou,117,111,23,27,28,39,0,30,36,21,24,0,home,1.5,231.0,100.0,-120.0,4.5,117.5,0.0,0,False
2020,2019-10-24,True,False,atl,det,117,100,38,22,31,26,0,32,31,18,19,0,home,1.5,221.5,105.0,-125.0,0.0,110.0,0.0,0,False
2020,2019-10-25,True,False,tor,bos,106,112,21,28,33,24,0,22,28,26,36,0,home,2.5,213.0,120.0,-140.0,1.0,104.5,1.0,1,True
2020,2019-10-25,True,False,min,cha,121,99,30,28,45,18,0,32,24,25,18,0,away,5.0,225.0,-220.0,180.0,2.5,109.5,1.0,0,False
2020,2019-10-25,True,False,ny,bkn,109,113,23,28,32,26,0,32,32,30,19,0,home,8.0,228.0,280.0,-360.0,1.0,110.0,0.0,0,True
2020,2019-10-25,True,False,wsh,okc,97,85,28,24,26,19,0,24,22,24,15,0,home,8.5,218.0,300.0,-400.0,8.0,106.5,0.0,0,False
2020,2019-10-25,True,False,dal,no,123,116,27,45,23,28,0,41,23,29,23,0,home,2.0,227.0,110.0,-130.0,3.5,111.5,0.0,1,False
2020,2019-10-25,True,False,chi,mem,110,102,25,22,32,31,0,29,31,21,21,0,away,2.0,224.0,-125.0,105.0,5.5,116.0,1.0,0,False
2020,2019-10-25,True,False,phx,den,107,108,21,24,17,33,12,15,24,25,31,13,home,12.0,219.5,650.0,-1000.0,10.5,111.5,0.0,0,True
2020,2019-10-25,True,False,por,sac,122,112,25,32,37,28,0,27,30,27,28,0,away,1.0,227.5,-120.0,100.0,1.5,117.5,1.0,1,False
2020,2019-10-25,True,False,utah,lal,86,95,17,20,18,31,0,24,19,31,21,0,home,3.5,215.5,140.0,-160.0,0.0,109.5,1.0,0,True
2020,2019-10-26,True,False,lac,phx,122,130,20,35,30,37,0,26,29,36,39,0,away,10.0,225.5,-550.0,400.0,7.5,110.0,0.0,1,True
2020,2019-10-26,True,False,sac,utah,81,113,25,16,17,23,0,35,31,27,20,0,home,9.0,221.5,350.0,-450.0,2.0,107.5,1.0,0,True
2020,2019-10-26,True,False,wsh,sa,122,124,26,34,30,32,0,30,30,32,32,0,home,11.5,219.5,650.0,-1000.0,7.0,107.5,0.0,1,True
2020,2019-10-26,True,False,no,hou,123,126,24,37,39,23,0,29,32,36,29,0,home,12.0,238.5,650.0,-1000.0,8.0,116.5,0.0,1,True
2020,2019-10-26,True,False,tor,chi,108,84,24,24,36,24,0,23,17,22,22,0,away,3.0,219.5,-155.0,135.0,1.0,105.0,1.0,0,False
2020,2019-10-26,True,False,mia,mil,131,126,29,24,29,39,10,33,37,23,28,5,home,11.5,223.0,550.0,-800.0,2.0,107.5,0.0,1,False
2020,2019-10-26,True,False,orl,atl,99,103,26,24,25,24,0,23,29,25,26,0,away,2.5,216.5,-135.0,115.0,1.0,105.5,0.0,0,True
2020,2019-10-26,True,False,bos,ny,118,95,22,24,36,36,0,24,27,25,19,0,away,5.5,218.5,-240.0,190.0,5.5,112.0,1.0,0,False
2020,2019-10-26,True,False,phi,det,117,111,28,26,29,34,0,29,28,26,28,0,away,4.5,213.0,-190.0,160.0,4.5,103.0,1.0,1,False
2020,2019-10-26,True,False,ind,cle,99,110,28,20,26,25,0,26,39,25,20,0,away,4.5,213.0,-190.0,160.0,7.0,103.5,0.0,0,True
2020,2019-10-27,True,False,cha,lal,101,120,28,34,18,21,0,30,33,24,33,0,home,13.0,216.5,800.0,-1400.0,8.5,107.0,1.0,1,True
2020,2019-10-27,True,False,por,dal,121,119,25,34,36,26,0,40,31,24,24,0,home,2.5,219.0,125.0,-145.0,2.0,113.0,0.0,1,False
2020,2019-10-27,True,False,bkn,mem,133,134,29,28,40,23,13,35,24,33,28,14,away,4.0,224.0,-180.0,150.0,4.0,115.5,0.0,1,True
2020,2019-10-27,True,False,gs,okc,92,120,20,17,31,24,0,35,35,35,15,0,home,1.0,224.0,100.0,-120.0,6.0,109.0,1.0,0,True
2020,2019-10-27,True,False,mia,min,109,116,23,34,27,25,0,36,19,22,39,0,home,7.0,224.0,240.0,-300.0,5.5,109.5,2.0,1,True
2020,2019-10-28,True,False,utah,phx,96,95,28,18,24,26,0,21,18,31,25,0,away,5.0,213.5,-190.0,160.0,1.0,110.0,0.0,0,False
2020,2019-10-28,True,False,cha,lac,96,111,28,26,20,22,0,29,28,29,25,0,home,15.5,228.0,1200.0,-3000.0,9.0,111.5,0.0,0,True
2020,2019-10-28,True,False,den,sac,101,94,21,26,30,24,0,28,25,17,24,0,away,5.5,218.0,-220.0,180.0,4.5,106.0,1.0,0,False
2020,2019-10-28,True,False,por,sa,110,113,33,18,20,39,0,19,26,37,31,0,home,6.0,223.0,200.0,-250.0,7.0,116.0,0.0,2,True
2020,2019-10-28,True,False,cle,mil,112,129,31,21,28,32,0,30,29,32,38,0,home,15.5,224.5,1200.0,-3000.0,6.5,115.0,1.0,1,True
2020,2019-10-28,True,False,okc,hou,112,116,35,27,18,32,0,22,30,39,25,0,home,10.0,228.0,425.0,-600.0,9.0,111.5,0.0,2,True
2020,2019-10-28,True,False,orl,tor,95,104,22,24,21,28,0,31,20,27,26,0,home,5.0,209.0,175.0,-210.0,1.5,101.5,1.0,0,True
2020,2019-10-28,True,False,phi,atl,105,103,31,32,19,23,0,40,25,18,20,0,away,6.5,221.0,-280.0,230.0,5.5,107.0,0.0,0,False
2020,2019-10-28,True,False,chi,ny,98,105,33,19,28,18,0,15,27,30,33,0,away,2.0,224.0,-135.0,115.0,3.5,116.0,0.0,0,True
2020,2019-10-28,True,False,ind,det,94,96,25,28,18,23,0,33,26,19,18,0,away,2.0,213.0,-130.0,110.0,2.5,103.5,0.0,0,True
2020,2019-10-28,True,False,gs,no,134,123,27,45,31,31,0,23,32,24,44,0,home,2.5,235.5,120.0,-140.0,5.5,114.5,0.0,1,False
2020,2019-10-29,True,False,mem,lal,91,120,32,15,20,24,0,27,22,39,32,0,home,11.5,215.0,575.0,-850.0,7.0,109.0,1.0,0,True
2020,2019-10-29,True,False,atl,mia,97,112,26,23,21,27,0,29,30,29,24,0,home,8.5,223.0,300.0,-400.0,3.0,106.5,1.0,0,True
2020,2019-10-29,True,False,dal,den,109,106,27,33,23,26,0,31,30,27,18,0,home,5.5,212.5,185.0,-230.0,3.0,103.0,0.0,1,False
2020,2019-10-30,True,False,cha,sac,118,111,30,31,32,25,0,33,33,18,27,0,home,7.5,223.5,275.0,-350.0,3.0,109.0,0.0,1,False
2020,2019-10-30,True,False,por,okc,102,99,24,25,19,34,0,17,27,25,30,0,away,1.5,221.5,-120.0,100.0,0.0,115.5,1.0,0,False
2020,2019-10-30,True,False,phx,gs,121,110,43,29,23,26,0,14,32,21,43,0,home,5.5,230.5,185.0,-230.0,8.5,117.5,0.0,1,False
2020,2019-10-30,True,False,lac,utah,96,110,23,28,20,25,0,33,19,38,20,0,home,7.0,216.5,230.0,-280.0,5.0,106.0,1.0,0,True
2020,2019-10-30,True,False,hou,wsh,159,158,35,41,35,48,0,34,43,40,41,0,away,8.0,234.0,-350.0,275.0,6.0,114.5,0.0,1,False
2020,2019-10-30,True,False,chi,cle,111,117,26,27,29,29,0,25,25,30,37,0,away,2.0,216.5,-130.0,110.0,1.0,111.5,0.0,1,True
2020,2019-10-30,True,False,ind,bkn,118,108,31,29,30,28,0,31,32,20,25,0,home,3.0,220.5,130.0,-150.0,1.5,108.0,0.0,1,False
2020,2019-10-30,True,False,det,tor,113,125,28,30,27,28,0,37,27,37,24,0,home,9.5,214.0,375.0,-500.0,3.5,105.0,1.0,1,True
2020,2019-10-30,True,False,min,phi,95,117,24,19,35,17,0,32,30,30,25,0,home,7.0,222.5,250.0,-310.0,2.5,106.0,1.0,0,True
2020,2019-10-30,True,False,ny,orl,83,95,25,19,23,16,0,22,20,30,23,0,home,9.5,209.5,375.0,-500.0,7.5,101.5,1.0,0,True
2020,2019-10-30,True,False,mil,bos,105,116,34,24,18,29,0,19,23,38,36,0,away,3.5,224.0,-165.0,142.0,3.0,115.5,0.0,0,True
2020,2019-10-31,True,False,mia,atl,106,97,30,22,33,21,0,26,20,29,22,0,away,6.5,215.5,-270.0,220.0,2.0,104.5,1.0,0,False
2020,2019-10-31,True,False,den,no,107,122,30,22,23,32,0,32,24,30,36,0,away,4.0,223.5,-180.0,150.0,4.5,109.5,0.0,1,True
2020,2019-10-31,True,False,sa,lac,97,103,24,24,27,22,0,23,27,30,23,0,home,5.0,229.0,170.0,-200.0,2.5,117.5,1.0,0,True
2020,2019-11-01,True,False,sa,gs,127,110,29,28,40,30,0,28,27,31,24,0,away,7.0,223.0,-300.0,240.0,4.5,113.5,1.0,1,False
2020,2019-11-01,True,False,utah,sac,101,102,18,30,32,21,0,28,23,30,21,0,away,5.0,214.0,-210.0,175.0,5.5,110.0,0.0,0,True
2020,2019-11-01,True,False,lal,dal,119,110,20,28,28,27,16,25,33,27,18,7,away,1.5,217.0,-125.0,105.0,3.5,106.5,1.0,1,False
2020,2019-11-01,True,False,det,chi,106,112,23,29,28,26,0,30,27,29,26,0,home,3.5,216.0,142.0,-165.0,1.0,105.0,1.0,1,True
2020,2019-11-01,True,False,mil,orl,123,91,31,31,26,35,0,27,14,30,20,0,away,4.5,215.0,-190.0,160.0,3.0,109.5,1.0,0,False
2020,2019-11-01,True,False,cle,ind,95,102,26,11,24,34,0,19,23,26,34,0,home,7.5,215.0,260.0,-330.0,2.5,110.5,0.0,0,True
2020,2019-11-01,True,False,hou,bkn,116,123,33,26,24,33,0,24,37,34,28,0,away,4.5,244.0,-190.0,160.0,4.0,119.5,0.0,0,True
2020,2019-11-01,True,False,ny,bos,102,104,23,27,24,28,0,22,27,26,29,0,home,10.5,212.0,500.0,-700.0,6.5,104.5,0.0,0,True
2020,2019-11-02,True,False,phi,por,129,128,27,30,35,37,0,32,36,34,26,0,home,1.0,223.5,-105.0,-115.0,3.0,109.5,0.0,1,False
2020,2019-11-02,True,False,cha,gs,93,87,25,25,18,25,0,30,25,16,16,0,away,6.0,221.0,-255.0,205.0,6.5,108.5,2.0,0,False
2020,2019-11-02,True,False,tor,mil,105,115,17,33,40,15,0,36,30,29,20,0,home,6.0,226.5,210.0,-260.0,1.5,110.5,1.0,0,True
2020,2019-11-02,True,False,min,wsh,131,109,42,28,36,25,0,34,22,16,37,0,home,3.0,229.5,130.0,-150.0,6.0,111.5,0.0,1,False
2020,2019-11-02,True,False,den,orl,91,87,17,23,29,22,0,26,19,18,24,0,away,4.0,199.5,-180.0,150.0,4.5,97.0,2.0,0,False
2020,2019-11-02,True,False,bkn,det,109,113,26,28,18,37,0,33,13,32,35,0,away,4.0,222.5,-180.0,150.0,0.0,113.5,0.0,0,True
2020,2019-11-02,True,False,no,okc,104,115,26,34,26,18,0,33,32,29,21,0,home,2.0,228.0,110.0,-130.0,1.0,112.0,1.0,0,True
2020,2019-11-02,True,False,phx,mem,114,105,31,14,37,32,0,24,23,22,36,0,away,3.0,221.5,-150.0,130.0,3.5,113.5,1.0,0,False
2020,2019-11-03,True,False,dal,cle,131,111,31,27,32,41,0,28,25,33,25,0,away,5.5,218.5,-220.0,180.0,2.5,105.5,1.0,1,False
2020,2019-11-03,True,False,lal,sa,103,96,26,30,21,26,0,25,18,29,24,0,away,1.0,217.5,-120.0,100.0,3.0,105.5,1.0,0,False
2020,2019-11-03,True,False,utah,lac,94,105,20,21,28,25,0,16,23,26,40,0,home,4.5,214.0,170.0,-200.0,4.5,109.5,1.0,0,True
2020,2019-11-03,True,False,hou,mia,100,129,14,32,25,29,0,46,25,28,30,0,away,3.0,233.5,-155.0,135.0,9.0,114.5,0.0,0,True
2020,2019-11-03,True,False,chi,ind,95,108,18,24,32,21,0,24,31,31,22,0,home,2.0,217.0,110.0,-130.0,3.0,112.5,1.0,0,True
2020,2019-11-03,True,False,sac,ny,113,92,32,29,29,23,0,23,18,23,28,0,away,1.0,213.5,-115.0,-105.0,5.0,103.5,1.0,0,False
2020,2019-11-04,True,False,det,wsh,99,115,30,31,17,21,0,31,32,30,22,0,home,4.0,225.5,150.0,-180.0,2.0,110.0,1.0,0,True
2020,2019-11-04,True,False,no,bkn,125,135,27,23,48,27,0,33,34,37,31,0,home,3.5,238.5,145.0,-170.0,3.5,116.0,1.0,1,True
2020,2019-11-04,True,False,mil,min,134,106,31,33,38,32,0,27,30,25,24,0,away,7.5,229.5,-330.0,260.0,3.0,118.5,1.0,1,False
2020,2019-11-04,True,False,hou,mem,107,100,33,29,22,23,0,28,32,16,24,0,away,5.5,230.0,-240.0,190.0,3.5,112.0,1.0,0,False
2020,2019-11-04,True,False,phi,phx,109,114,31,30,21,27,0,29,26,26,33,0,home,0.0,224.0,-110.0,-110.0,2.0,108.0,1.0,0,True
2020,2019-11-04,True,False,por,gs,118,127,32,31,20,35,0,34,26,27,40,0,away,12.0,220.0,-900.0,600.0,7.5,,0.0,1,True
2020,2019-11-05,True,False,mia,den,89,109,28,20,21,20,0,29,29,31,20,0,home,5.0,211.0,180.0,-220.0,0.5,102.5,1.0,0,True
2020,2019-11-05,True,False,orl,okc,94,102,26,27,26,15,0,31,27,23,21,0,home,2.5,201.0,125.0,-145.0,0.5,98.0,1.0,0,True
2020,2019-11-05,True,False,lal,chi,118,112,24,24,32,38,0,29,36,28,19,0,away,7.0,215.5,-310.0,250.0,9.5,105.5,0.0,1,False
2020,2019-11-05,True,False,ind,cha,120,122,35,29,28,21,7,20,37,21,35,9,away,2.5,212.5,-135.0,115.0,0.5,104.0,0.0,1,True
2020,2019-11-05,True,False,sa,atl,100,108,21,24,33,22,0,22,22,26,38,0,away,5.5,222.5,-240.0,190.0,3.0,114.5,0.0,0,True
2020,2019-11-05,True,False,bos,cle,119,113,32,29,28,30,0,24,28,31,30,0,away,6.0,215.5,-260.0,210.0,0.5,111.5,2.0,1,False
2020,2019-11-06,True,False,mil,lac,129,124,28,42,28,31,0,30,29,30,35,0,away,6.5,228.5,-270.0,220.0,0.0,118.0,0.0,1,False
2020,2019-11-06,True,False,orl,dal,106,107,28,28,23,27,0,25,29,32,21,0,home,7.0,207.5,250.0,-310.0,6.5,101.5,0.0,1,True
2020,2019-11-06,True,False,min,mem,121,137,26,38,32,25,0,37,35,29,36,0,away,3.5,224.5,-170.0,145.0,4.5,108.5,0.0,1,True
2020,2019-11-06,True,False,chi,atl,113,93,33,23,35,22,0,19,22,24,28,0,home,0.0,221.5,-110.0,-110.0,5.0,114.0,0.0,0,False
2020,2019-11-06,True,False,phi,utah,104,106,29,27,17,31,0,26,32,26,22,0,home,3.0,209.0,130.0,-150.0,2.5,106.0,0.0,1,True
2020,2019-11-06,True,False,sac,tor,120,124,23,35,30,32,0,36,30,29,29,0,home,8.0,219.0,275.0,-350.0,2.5,107.5,0.0,1,True
2020,2019-11-06,True,False,wsh,ind,106,121,26,36,18,26,0,26,44,24,27,0,home,3.0,227.0,130.0,-150.0,1.0,110.5,1.0,2,True
2020,2019-11-06,True,False,ny,det,102,122,25,34,26,17,0,33,31,32,26,0,home,3.5,206.0,142.0,-165.0,0.5,102.0,1.0,1,True
2020,2019-11-06,True,False,gs,hou,112,129,29,23,31,29,0,30,33,35,31,0,home,16.0,229.0,1100.0,-2500.0,6.0,110.5,1.0,1,True
2020,2019-11-07,True,False,bos,cha,108,87,30,22,33,23,0,20,23,24,20,0,away,7.0,214.5,-310.0,250.0,1.5,110.5,1.0,0,False
2020,2019-11-07,True,False,okc,sa,112,121,30,27,27,28,0,33,23,36,29,0,home,5.0,211.5,170.0,-200.0,4.0,103.5,1.0,1,True
2020,2019-11-07,True,False,mia,phx,124,108,31,33,29,31,0,30,27,29,22,0,home,2.0,220.0,110.0,-130.0,2.5,107.5,0.0,1,False
2020,2019-11-07,True,False,por,lac,101,107,22,18,36,25,0,26,21,23,37,0,home,5.5,231.0,190.0,-240.0,1.0,118.0,1.0,0,True
2020,2019-11-08,True,False,ny,dal,106,102,36,25,23,22,0,28,29,23,22,0,home,11.0,215.5,500.0,-700.0,9.0,105.0,0.0,0,False
2020,2019-11-08,True,False,bkn,por,119,115,26,28,35,30,0,20,29,37,29,0,home,3.5,239.5,145.0,-170.0,3.0,124.5,0.0,0,False
2020,2019-11-08,True,False,phi,den,97,100,24,33,27,13,0,18,24,23,35,0,home,5.0,211.5,180.0,-220.0,7.0,109.0,0.0,0,True
2020,2019-11-08,True,False,mil,utah,100,103,16,19,39,26,0,30,25,26,22,0,away,2.0,217.5,-135.0,115.0,7.5,112.0,0.0,0,True
2020,2019-11-08,True,False,mia,lal,80,95,21,25,20,14,0,28,20,30,17,0,home,8.5,218.0,325.0,-425.0,5.5,107.5,1.0,0,True
2020,2019-11-08,True,False,tor,no,122,104,30,45,22,25,0,30,23,22,29,0,away,2.5,232.5,-135.0,115.0,4.5,110.5,1.0,0,False
2020,2019-11-08,True,False,sac,atl,121,109,31,32,28,30,0,24,23,36,26,0,away,3.0,225.5,-150.0,130.0,2.5,109.0,1.0,1,False
2020,2019-11-08,True,False,mem,orl,86,118,15,33,30,8,0,27,24,33,34,0,home,7.5,208.5,260.0,-330.0,4.0,107.5,1.0,0,True
2020,2019-11-08,True,False,cle,wsh,113,100,30,37,21,25,0,26,26,32,16,0,home,4.5,233.0,160.0,-190.0,7.5,119.5,0.0,0,False
2020,2019-11-08,True,False,det,ind,106,112,35,18,19,34,0,27,30,28,27,0,home,6.0,210.0,210.0,-260.0,2.5,101.0,2.0,1,True
2020,2019-11-08,True,False,gs,min,119,125,31,30,25,24,9,29,31,20,30,15,home,11.5,228.5,525.0,-750.0,8.0,111.5,0.0,1,True
2020,2019-11-09,True,False,bos,sa,135,115,39,33,32,31,0,30,24,37,24,0,home,1.5,218.5,105.0,-125.0,6.5,113.5,0.0,1,False
2020,2019-11-09,True,False,no,cha,115,110,33,22,26,34,0,28,33,25,24,0,away,1.5,232.0,-125.0,105.0,3.0,115.0,1.0,0,False
2020,2019-11-09,True,False,gs,okc,108,114,27,16,41,24,0,36,24,24,30,0,home,12.5,216.0,600.0,-900.0,2.0,104.0,0.0,1,True
2020,2019-11-09,True,False,dal,mem,138,122,31,37,36,34,0,34,28,29,31,0,away,5.5,222.0,-240.0,190.0,1.5,108.0,1.0,1,False
2020,2019-11-09,True,False,hou,chi,117,94,20,30,36,31,0,27,22,18,27,0,away,6.5,234.0,-275.0,225.0,5.0,113.5,1.0,0,False
2020,2019-11-10,True,False,tor,lal,113,104,29,23,26,35,0,30,30,18,26,0,home,10.5,210.5,450.0,-650.0,3.5,103.0,0.0,1,False
2020,2019-11-10,True,False,atl,por,113,124,21,23,31,32,6,20,26,29,32,17,home,9.0,226.0,325.0,-425.0,5.5,110.5,1.0,1,True
2020,2019-11-10,True,False,bkn,phx,112,138,30,20,30,32,0,37,31,38,32,0,home,3.0,231.5,130.0,-150.0,4.0,118.5,1.0,1,True
2020,2019-11-10,True,False,cle,ny,108,87,31,23,24,30,0,19,17,27,24,0,home,2.0,213.0,110.0,-130.0,6.0,109.5,0.0,0,False
2020,2019-11-10,True,False,den,min,100,98,27,22,27,14,10,27,24,13,26,8,away,4.0,219.0,-180.0,150.0,4.0,106.5,0.0,0,False
2020,2019-11-10,True,False,cha,phi,106,114,24,34,23,25,0,33,20,35,26,0,home,14.0,213.5,750.0,-1200.0,11.5,105.5,0.0,1,True
2020,2019-11-10,True,False,ind,orl,109,102,29,22,30,28,0,33,27,17,25,0,home,4.5,202.5,170.0,-200.0,0.0,99.0,0.0,1,False
2020,2019-11-10,True,False,mil,okc,121,119,21,29,37,34,0,24,32,24,39,0,away,9.0,219.5,-425.0,325.0,9.0,113.5,0.0,1,False
2020,2019-11-11,True,False,utah,gs,122,108,34,35,28,25,0,30,24,31,23,0,away,8.0,211.5,-400.0,300.0,0.0,108.5,1.0,1,False
2020,2019-11-11,True,False,tor,lac,88,98,23,23,32,10,0,15,36,22,25,0,home,10.0,221.5,375.0,-500.0,4.0,107.0,2.0,0,True
2020,2019-11-11,True,False,hou,no,122,116,30,28,32,32,0,23,29,30,34,0,away,7.5,242.5,-350.0,275.0,2.5,118.0,0.0,0,False
2020,2019-11-11,True,False,min,det,120,114,41,25,26,28,0,26,25,30,33,0,home,4.0,223.5,155.0,-185.0,7.0,109.0,0.0,1,False
2020,2019-11-11,True,False,dal,bos,106,116,21,33,25,27,0,25,29,30,32,0,home,3.0,220.0,125.0,-145.0,2.0,107.5,1.0,1,True
2020,2019-11-11,True,False,mem,sa,113,109,35,22,34,22,0,22,32,26,29,0,home,10.5,224.0,450.0,-650.0,9.0,111.0,0.0,0,False
2020,2019-11-12,True,False,bkn,utah,114,119,35,33,24,22,0,29,24,31,35,0,home,7.0,220.0,240.0,-300.0,8.0,114.0,0.0,1,True
2020,2019-11-12,True,False,atl,den,125,121,25,38,35,27,0,34,20,35,32,0,home,10.5,209.5,450.0,-650.0,10.0,104.5,0.0,1,False
2020,2019-11-12,True,False,lal,phx,123,115,26,34,35,28,0,29,29,34,23,0,away,3.5,221.0,-165.0,142.0,2.5,107.0,1.0,1,False
2020,2019-11-12,True,False,por,sac,99,107,24,25,21,29,0,21,25,35,26,0,away,1.5,222.5,-125.0,105.0,0.0,116.0,0.0,0,True
2020,2019-11-12,True,False,det,mia,108,117,17,20,35,36,0,28,31,33,25,0,home,8.5,215.0,300.0,-400.0,1.5,103.0,1.0,1,True
2020,2019-11-12,True,False,okc,ind,85,111,25,17,20,23,0,31,21,34,25,0,home,1.5,212.5,100.0,-120.0,3.0,104.0,1.0,0,True
2020,2019-11-12,True,False,cle,phi,97,98,21,27,30,19,0,24,30,28,16,0,home,11.0,220.5,525.0,-750.0,5.0,112.5,0.0,0,True
2020,2019-11-12,True,False,ny,chi,102,120,22,32,31,17,0,30,30,25,35,0,home,6.5,212.0,225.0,-275.0,2.0,104.0,1.0,1,True
2020,2019-11-13,True,False,phi,orl,97,112,30,23,29,15,0,31,22,27,32,0,home,2.0,207.5,110.0,-130.0,1.5,107.0,1.0,1,True
2020,2019-11-13,True,False,mem,cha,119,117,26,37,31,25,0,29,35,32,21,0,home,2.5,221.0,120.0,-140.0,1.0,114.0,0.0,1,False
2020,2019-11-13,True,False,lac,hou,93,102,15,22,31,25,0,31,18,25,28,0,home,2.0,233.5,115.0,-135.0,3.0,112.5,1.0,0,True
2020,2019-11-13,True,False,wsh,bos,133,140,34,32,30,37,0,34,34,34,38,0,home,7.0,230.0,250.0,-310.0,4.5,113.5,2.0,1,True
2020,2019-11-13,True,False,sa,min,114,129,24,35,36,19,0,26,40,40,23,0,home,1.5,228.5,100.0,-120.0,1.5,118.0,1.0,1,True
2020,2019-11-13,True,False,tor,por,114,106,23,31,33,27,0,30,23,25,28,0,home,3.5,218.5,140.0,-160.0,2.5,107.0,0.0,1,False
2020,2019-11-13,True,False,gs,lal,94,120,26,29,27,12,0,38,29,31,22,0,home,9.0,219.0,350.0,-450.0,2.0,107.5,1.0,0,True
2020,2019-11-14,True,False,bkn,den,93,101,35,26,18,14,0,28,21,30,22,0,home,7.5,222.5,275.0,-350.0,8.5,115.0,1.0,0,True
2020,2019-11-14,True,False,atl,phx,112,128,33,28,29,22,0,31,36,37,24,0,home,8.0,229.5,270.0,-340.0,3.0,112.0,1.0,1,True
2020,2019-11-14,True,False,lac,no,127,132,35,24,38,30,0,34,38,24,36,0,away,4.0,233.0,-190.0,160.0,5.5,114.0,0.0,1,True
2020,2019-11-14,True,False,chi,mil,115,124,32,34,20,29,0,30,35,32,27,0,home,11.5,228.5,550.0,-800.0,8.0,118.5,0.0,1,True
2020,2019-11-14,True,False,mia,cle,108,97,34,34,26,14,0,22,22,30,23,0,away,4.5,215.0,-200.0,170.0,3.5,104.0,1.0,0,False
2020,2019-11-14,True,False,dal,ny,103,106,23,30,34,16,0,27,31,29,19,0,away,8.0,214.5,-340.0,270.0,7.5,105.0,0.0,0,True
2020,2019-11-15,True,False,sac,lal,97,99,30,20,21,26,0,20,29,25,25,0,home,10.5,214.0,425.0,-600.0,8.0,104.0,0.0,0,True
2020,2019-11-15,True,False,utah,mem,106,107,26,22,31,27,0,23,30,24,30,0,away,8.0,215.0,-350.0,275.0,7.5,110.5,0.0,0,True
2020,2019-11-15,True,False,phi,okc,119,127,29,20,34,24,12,24,30,26,27,20,away,3.5,214.5,-160.0,140.0,4.0,110.0,0.0,1,True
2020,2019-11-15,True,False,bos,gs,105,100,23,29,24,29,0,32,19,20,29,0,away,7.0,223.0,-310.0,250.0,5.0,114.0,0.0,0,False
2020,2019-11-15,True,False,wsh,min,137,116,39,37,26,35,0,30,43,19,24,0,home,6.0,239.5,200.0,-250.0,5.5,116.5,0.0,1,False
2020,2019-11-15,True,False,sa,orl,109,111,31,25,26,27,0,24,23,32,32,0,home,2.5,211.0,125.0,-145.0,4.0,109.0,0.0,1,True
2020,2019-11-15,True,False,det,cha,106,109,35,30,18,23,0,25,26,32,26,0,away,4.0,220.5,-180.0,150.0,2.0,107.0,0.0,0,True
2020,2019-11-15,True,False,ind,hou,102,111,22,27,30,23,0,26,28,26,31,0,home,6.0,226.5,210.0,-260.0,2.0,108.5,1.0,0,True
2020,2019-11-16,True,False,por,sa,121,116,41,25,24,31,0,23,35,38,20,0,home,1.5,226.0,110.0,-130.0,3.5,116.5,0.0,1,False
2020,2019-11-16,True,False,bkn,chi,117,111,30,20,24,43,0,19,37,22,33,0,home,4.0,225.0,150.0,-180.0,0.0,115.5,0.0,1,False
2020,2019-11-16,True,False,mil,ind,102,83,26,23,22,31,0,22,14,27,20,0,away,7.5,220.0,-330.0,260.0,0.0,112.0,1.0,0,False
2020,2019-11-16,True,False,cha,ny,103,102,20,27,28,28,0,23,32,21,26,0,home,4.0,213.0,150.0,-180.0,0.0,102.5,0.0,0,False
2020,2019-11-16,True,False,hou,min,125,105,31,33,29,32,0,30,32,23,20,0,home,2.0,231.5,115.0,-135.0,1.5,112.5,0.0,0,False
2020,2019-11-16,True,False,no,mia,94,109,22,27,16,29,0,29,25,24,31,0,home,8.0,226.5,260.0,-330.0,3.0,109.5,1.0,0,True
2020,2019-11-16,True,False,tor,dal,102,110,22,38,17,25,0,32,21,25,32,0,home,4.5,218.0,155.0,-185.0,4.5,107.5,1.0,0,True
2020,2019-11-16,True,False,atl,lac,101,150,30,32,20,19,0,43,31,38,38,0,home,9.0,224.0,375.0,-500.0,1.0,109.0,1.0,1,True
2020,2019-11-17,True,False,atl,lal,101,122,24,17,36,24,0,36,33,27,26,0,home,14.5,220.5,900.0,-1600.0,1.5,106.5,1.0,1,True
2020,2019-11-17,True,False,gs,no,100,108,23,26,20,31,0,26,29,21,32,0,home,3.5,226.5,140.0,-160.0,0.0,110.0,1.0,0,True
2020,2019-11-17,True,False,wsh,orl,121,125,22,30,25,44,0,29,32,27,37,0,home,5.5,226.0,190.0,-240.0,0.5,111.5,0.0,1,True
2020,2019-11-17,True,False,den,mem,131,114,28,44,36,23,0,32,17,31,34,0,away,6.5,215.0,-275.0,225.0,3.0,104.0,1.0,1,False
2020,2019-11-17,True,False,bos,sac,99,100,18,28,29,24,0,30,20,21,29,0,away,2.5,215.0,-145.0,125.0,2.0,110.5,0.0,0,True
2020,2019-11-17,True,False,phi,cle,114,95,33,35,27,19,0,22,22,25,26,0,away,7.5,216.0,-310.0,250.0,2.0,110.5,1.0,0,False
2020,2019-11-18,True,False,okc,lac,88,90,17,30,17,24,0,23,19,24,24,0,home,7.5,221.5,300.0,-400.0,7.0,109.0,0.0,0,True
2020,2019-11-18,True,False,min,utah,112,102,36,23,17,36,0,32,24,22,24,0,home,9.5,219.5,375.0,-500.0,7.5,107.5,0.0,0,False
2020,2019-11-18,True,False,sa,dal,110,117,22,27,30,31,0,36,23,34,24,0,home,5.0,224.0,170.0,-200.0,0.5,114.0,1.0,1,True
2020,2019-11-18,True,False,por,hou,108,132,30,20,26,32,0,29,35,35,33,0,home,7.0,231.0,250.0,-310.0,0.5,119.0,1.0,1,True
2020,2019-11-18,True,False,bos,phx,99,85,26,31,23,19,0,22,20,23,20,0,home,2.5,226.0,115.0,-135.0,5.5,114.5,0.0,0,False
2020,2019-11-18,True,False,cha,tor,96,132,25,31,18,22,0,26,34,32,40,0,home,8.5,214.5,300.0,-400.0,3.5,103.5,1.0,1,True
2020,2019-11-18,True,False,ind,bkn,115,86,18,41,25,31,0,18,17,33,18,0,home,2.5,214.0,120.0,-140.0,6.0,102.5,0.0,0,False
2020,2019-11-18,True,False,cle,ny,105,123,20,31,20,34,0,32,32,30,29,0,home,5.5,210.0,190.0,-240.0,1.0,108.5,1.0,1,True
2020,2019-11-18,True,False,mil,chi,115,101,29,31,24,31,0,26,30,25,20,0,away,8.5,231.0,-400.0,300.0,4.5,118.5,1.0,0,False
2020,2019-11-19,True,False,por,no,104,115,28,26,25,25,0,27,26,35,27,0,home,3.5,231.5,140.0,-160.0,3.0,119.0,1.0,0,True
2020,2019-11-19,True,False,gs,mem,114,95,28,33,22,31,0,30,16,26,23,0,home,6.0,221.5,210.0,-260.0,7.5,108.0,0.0,0,False
2020,2019-11-19,True,False,phx,sac,116,120,19,26,30,41,0,33,29,25,33,0,home,3.0,219.0,135.0,-155.0,4.0,111.5,1.0,1,True
2020,2019-11-19,True,False,okc,lal,107,112,28,25,34,20,0,33,30,30,19,0,home,11.0,209.5,500.0,-700.0,3.0,103.0,0.0,1,True
2020,2019-11-20,True,False,orl,tor,97,113,32,19,17,29,0,32,29,18,34,0,home,3.0,207.0,130.0,-150.0,1.5,100.5,1.0,1,True
2020,2019-11-20,True,False,bos,lac,104,107,21,21,33,22,7,22,18,29,28,10,home,7.0,217.0,240.0,-300.0,5.5,110.5,0.0,0,True
2020,2019-11-20,True,False,hou,den,95,105,22,29,22,22,0,27,27,28,23,0,home,1.5,221.5,105.0,-125.0,0.5,107.5,1.0,0,True
2020,2019-11-20,True,False,utah,min,103,95,26,22,25,30,0,19,27,22,27,0,away,3.0,222.0,-150.0,130.0,1.5,114.5,1.0,0,False
2020,2019-11-20,True,False,det,chi,89,109,30,25,16,18,0,30,29,25,25,0,away,1.0,222.5,-115.0,-105.0,0.5,108.0,0.0,0,True
2020,2019-11-20,True,False,cha,bkn,91,101,26,25,22,18,0,26,30,26,19,0,home,4.5,219.0,160.0,-190.0,1.0,106.0,1.0,0,True
2020,2019-11-20,True,False,mil,atl,135,127,34,24,38,39,0,26,35,22,44,0,away,11.0,232.0,-700.0,500.0,9.0,119.5,0.0,1,False
2020,2019-11-20,True,False,cle,mia,100,124,22,26,29,23,0,32,43,24,25,0,home,9.5,213.5,375.0,-500.0,2.0,110.0,1.0,1,True
2020,2019-11-20,True,False,sa,wsh,132,138,38,31,29,34,0,35,28,38,37,0,away,2.0,237.5,-130.0,110.0,0.5,121.5,0.0,1,True
2020,2019-11-20,True,False,ny,phi,104,109,25,26,28,25,0,27,26,21,35,0,home,12.5,210.5,600.0,-900.0,7.5,101.5,0.0,1,True
2020,2019-11-20,True,False,gs,dal,94,142,16,22,26,30,0,44,30,30,38,0,home,15.0,216.0,900.0,-1600.0,0.5,103.0,1.0,1,True
2020,2019-11-21,True,False,por,mil,129,137,27,31,40,31,0,37,35,35,30,0,home,14.0,228.5,750.0,-1200.0,4.0,117.0,0.0,1,True
2020,2019-11-21,True,False,no,phx,124,121,38,21,36,29,0,33,33,28,27,0,home,3.0,234.0,135.0,-155.0,0.5,115.0,0.0,1,False
2020,2019-11-22,True,False,hou,lac,119,122,23,28,33,35,0,31,24,25,42,0,home,5.5,226.5,175.0,-210.0,2.0,111.0,0.0,1,True
2020,2019-11-22,True,False,gs,utah,109,113,28,23,21,37,0,30,35,25,23,0,home,16.0,208.5,1300.0,-3500.0,5.5,102.5,0.0,1,True
2020,2019-11-22,True,False,bos,den,92,96,13,21,23,35,0,27,18,25,26,0,home,5.0,206.5,175.0,-210.0,0.5,104.5,0.0,0,True
2020,2019-11-22,True,False,cle,dal,101,143,26,16,29,30,0,29,37,45,32,0,home,10.0,221.5,450.0,-650.0,1.0,113.0,1.0,1,True
2020,2019-11-22,True,False,lal,okc,130,127,34,32,40,24,0,33,34,36,24,0,away,4.5,209.5,-200.0,170.0,5.0,104.5,0.0,1,False
2020,2019-11-22,True,False,sac,bkn,97,116,23,26,21,27,0,26,30,30,30,0,home,2.0,214.0,115.0,-135.0,1.0,105.5,1.0,0,True
2020,2019-11-22,True,False,sa,phi,104,115,22,30,28,24,0,29,30,28,28,0,home,7.0,221.0,240.0,-300.0,2.0,113.5,1.0,0,True
2020,2019-11-22,True,False,cha,wsh,118,125,34,34,28,22,0,33,29,28,35,0,home,6.0,234.5,200.0,-250.0,4.5,113.5,1.0,1,True
2020,2019-11-22,True,False,atl,det,103,128,23,34,27,19,0,33,43,31,21,0,home,6.0,226.5,215.0,-265.0,2.5,110.0,1.0,1,True
2020,2019-11-22,True,False,mia,chi,116,108,34,33,18,31,0,16,27,24,41,0,away,4.5,217.0,-190.0,160.0,3.5,104.5,1.0,1,False
2020,2019-11-23,True,False,por,cle,104,110,19,23,27,35,0,19,30,27,34,0,away,6.5,226.0,-275.0,225.0,6.0,116.5,0.0,0,True
2020,2019-11-23,True,False,lal,mem,109,108,25,30,30,24,0,35,28,21,24,0,away,8.0,225.5,-360.0,280.0,9.5,110.5,0.0,0,False
2020,2019-11-23,True,False,det,mil,90,104,24,23,22,21,0,27,27,23,27,0,home,13.0,225.5,750.0,-1200.0,6.0,109.0,1.0,0,True
2020,2019-11-23,True,False,no,utah,120,128,31,23,34,32,0,44,30,24,30,0,home,5.5,226.0,190.0,-240.0,2.5,110.0,1.0,1,True
2020,2019-11-23,True,False,tor,atl,119,116,26,26,35,32,0,27,34,29,26,0,away,7.5,223.5,-330.0,260.0,6.5,109.5,0.0,1,False
2020,2019-11-23,True,False,chi,cha,116,115,34,22,13,47,0,23,26,25,41,0,away,2.0,219.5,-130.0,110.0,1.0,107.5,0.0,1,False
2020,2019-11-23,True,False,mia,phi,86,113,13,22,24,27,0,28,27,37,21,0,home,5.5,211.5,200.0,-250.0,3.0,100.5,1.0,0,True
2020,2019-11-23,True,False,orl,ind,106,111,25,20,40,21,0,24,31,28,28,0,home,6.5,201.5,225.0,-275.0,0.5,97.5,0.0,1,True
2020,2019-11-23,True,False,phx,min,100,98,30,22,30,18,0,23,22,28,25,0,home,4.5,234.5,170.0,-200.0,4.5,119.5,0.0,0,False
2020,2019-11-23,True,False,sa,ny,111,104,32,36,21,22,0,16,27,28,33,0,away,3.0,217.0,-155.0,135.0,5.0,110.5,1.0,0,False
2020,2019-11-24,True,False,dal,hou,137,123,45,33,27,32,0,29,31,35,28,0,home,5.5,230.0,190.0,-240.0,7.5,112.5,0.0,1,False
2020,2019-11-24,True,False,sac,wsh,113,106,24,33,33,23,0,27,30,28,21,0,home,2.5,233.0,115.0,-135.0,1.5,114.0,0.0,0,False
2020,2019-11-24,True,False,bkn,ny,103,101,29,23,30,21,0,22,24,26,29,0,away,2.5,215.0,-135.0,115.0,0.5,111.0,0.0,0,False
2020,2019-11-24,True,False,phx,den,104,116,28,29,20,27,0,28,24,27,37,0,home,11.0,214.0,500.0,-700.0,9.5,110.5,1.0,1,True
2020,2019-11-24,True,False,no,lac,109,134,27,29,31,22,0,40,32,28,34,0,home,13.0,233.0,750.0,-1200.0,2.5,112.5,1.0,1,True
2020,2019-11-25,True,False,lal,sa,114,104,25,29,32,28,0,22,34,26,22,0,away,4.5,222.5,-200.0,170.0,4.5,108.0,1.0,0,False
2020,2019-11-25,True,False,por,chi,117,94,27,35,30,25,0,28,26,18,22,0,away,1.0,225.5,-120.0,100.0,2.0,111.0,1.0,0,False
2020,2019-11-25,True,False,utah,mil,118,122,25,32,26,35,0,23,25,42,32,0,home,8.5,226.5,325.0,-425.0,8.0,116.5,0.0,1,True
2020,2019-11-25,True,False,min,atl,125,113,38,16,39,32,0,30,34,26,23,0,away,4.5,236.5,-190.0,160.0,5.5,114.5,1.0,1,False
2020,2019-11-25,True,False,cha,mia,100,117,31,27,24,18,0,36,33,29,19,0,home,10.5,212.5,500.0,-700.0,2.0,104.0,1.0,1,True
2020,2019-11-25,True,False,mem,ind,114,126,27,29,27,31,0,36,31,37,22,0,home,9.5,217.0,375.0,-500.0,3.0,110.5,1.0,1,True
2020,2019-11-25,True,False,phi,tor,96,101,34,15,31,16,0,28,23,30,20,0,away,1.5,212.0,-125.0,105.0,1.5,109.0,0.0,0,True
2020,2019-11-25,True,False,bkn,cle,108,106,25,27,29,27,0,26,25,24,31,0,home,1.0,218.5,100.0,-120.0,0.0,113.5,0.0,0,False
2020,2019-11-25,True,False,okc,gs,100,97,25,28,21,26,0,28,31,24,14,0,away,7.5,213.0,-330.0,260.0,8.0,103.5,0.0,0,False
2020,2019-11-25,True,False,orl,det,88,103,31,24,15,18,0,23,30,25,25,0,home,4.5,207.5,160.0,-190.0,4.5,102.0,1.0,0,True
2020,2019-11-25,True,False,sac,bos,102,103,22,24,29,27,0,19,34,22,28,0,home,6.0,205.5,235.0,-290.0,1.5,101.0,0.0,0,True
2020,2019-11-26,True,False,wsh,den,104,117,23,24,22,35,0,25,39,22,31,0,home,10.5,227.5,450.0,-650.0,1.0,109.5,1.0,0,True
2020,2019-11-26,True,False,lac,dal,114,99,34,28,31,21,0,27,19,31,22,0,away,1.5,226.5,-125.0,105.0,5.0,110.0,1.0,0,False
2020,2019-11-27,True,False,utah,ind,102,121,20,23,37,22,0,21,32,36,32,0,home,0.0,207.5,-110.0,-110.0,2.5,107.5,1.0,1,True
2020,2019-11-27,True,False,chi,gs,90,104,17,31,25,17,0,25,28,25,26,0,away,2.0,215.0,-130.0,110.0,3.0,106.5,0.0,0,True
2020,2019-11-27,True,False,okc,por,119,136,26,24,27,42,0,42,21,41,32,0,home,2.5,219.5,125.0,-145.0,3.0,106.0,1.0,1,True
2020,2019-11-27,True,False,lal,no,114,110,25,29,25,35,0,38,26,25,21,0,away,6.5,231.5,-330.0,260.0,7.5,112.5,0.0,0,False
2020,2019-11-27,True,False,wsh,phx,140,132,36,38,34,32,0,34,35,26,37,0,home,6.5,240.5,235.0,-290.0,6.5,118.5,0.0,1,False
2020,2019-11-27,True,False,mia,hou,108,117,23,19,26,40,0,27,39,25,26,0,home,7.0,227.0,250.0,-310.0,2.5,110.5,1.0,0,True
2020,2019-11-27,True,False,lac,mem,121,119,35,29,28,29,0,31,29,28,31,0,away,6.5,226.5,-275.0,225.0,2.5,110.5,0.0,1,False
2020,2019-11-27,True,False,min,sa,113,101,22,35,24,32,0,24,23,31,23,0,home,3.0,230.0,130.0,-150.0,4.0,111.5,0.0,0,False
2020,2019-11-27,True,False,ny,tor,98,126,29,17,23,29,0,21,37,31,37,0,home,9.5,211.0,425.0,-600.0,2.0,102.5,1.0,1,True
2020,2019-11-27,True,False,det,cha,101,102,32,28,20,21,0,31,24,31,16,0,away,3.5,215.5,-180.0,150.0,1.0,104.5,0.0,0,True
2020,2019-11-27,True,False,orl,cle,116,104,27,32,28,29,0,27,25,21,31,0,home,0.0,209.5,-110.0,-110.0,2.0,103.0,0.0,1,False
2020,2019-11-27,True,False,sac,phi,91,97,18,28,19,26,0,25,22,29,21,0,home,9.0,211.0,375.0,-500.0,6.5,103.5,0.0,0,True
2020,2019-11-27,True,False,bkn,bos,110,121,23,40,23,24,0,30,27,34,30,0,home,8.5,214.0,300.0,-400.0,8.5,111.0,1.0,1,True
2020,2019-11-27,True,False,atl,mil,102,111,17,42,23,20,0,33,27,21,30,0,home,14.5,239.5,900.0,-1600.0,9.0,117.0,0.0,0,True
2020,2019-11-29,True,False,utah,mem,103,94,22,18,35,28,0,24,31,18,21,0,away,7.5,223.0,-330.0,260.0,8.0,114.5,1.0,0,False
2020,2019-11-29,True,False,chi,por,103,107,28,19,31,25,0,25,28,28,26,0,home,7.0,227.0,240.0,-300.0,2.5,110.5,0.0,0,True
2020,2019-11-29,True,False,dal,phx,120,113,31,22,36,31,0,25,25,39,24,0,away,2.0,230.5,-135.0,115.0,1.0,111.5,1.0,1,False
2020,2019-11-29,True,False,lac,sa,97,107,30,23,18,26,0,27,26,29,25,0,away,5.0,224.5,-220.0,180.0,4.0,110.0,0.0,0,True
2020,2019-11-29,True,False,wsh,lal,103,125,23,26,30,24,0,37,33,35,20,0,home,11.5,235.5,525.0,-750.0,1.0,113.0,1.0,0,True
2020,2019-11-29,True,False,no,okc,104,109,26,27,31,20,0,34,28,17,30,0,home,4.5,229.0,165.0,-195.0,0.0,111.5,1.0,0,True
2020,2019-11-29,True,False,phi,ny,101,95,18,21,31,31,0,31,20,17,27,0,away,6.5,209.0,-280.0,230.0,7.5,106.0,0.0,0,False
2020,2019-11-29,True,False,atl,ind,104,105,23,31,11,29,10,22,21,29,22,11,home,11.0,224.5,500.0,-700.0,9.5,109.0,0.0,0,True
2020,2019-11-29,True,False,mil,cle,119,110,38,29,32,20,0,29,18,42,21,0,away,11.0,229.5,-700.0,500.0,1.5,117.0,0.0,0,False
2020,2019-11-29,True,False,tor,orl,90,83,20,20,26,24,0,23,24,12,24,0,away,3.0,209.0,-150.0,130.0,4.0,101.0,1.0,0,False
2020,2019-11-29,True,False,cha,det,110,107,38,24,23,25,0,37,20,28,22,0,home,8.0,213.0,260.0,-330.0,7.5,104.5,0.0,1,False
2020,2019-11-29,True,False,bos,bkn,107,112,24,31,26,26,0,31,27,29,25,0,away,4.0,213.5,-180.0,150.0,5.0,110.0,0.0,1,True
2020,2019-11-29,True,False,gs,mia,105,122,21,37,21,26,0,41,30,24,27,0,home,11.5,209.0,525.0,-750.0,2.5,101.5,1.0,1,True
2020,2019-11-30,True,False,den,sac,97,100,27,30,18,15,7,17,23,27,23,10,away,4.0,205.5,-185.0,155.0,3.0,100.0,0.0,0,True
2020,2019-11-30,True,False,ind,phi,116,119,29,36,28,23,0,38,27,28,26,0,home,6.0,207.5,210.0,-260.0,4.5,102.5,0.0,1,True
2020,2019-11-30,True,False,cha,mil,96,137,25,24,26,21,0,32,34,35,36,0,home,14.0,225.0,850.0,-1500.0,3.0,108.5,1.0,1,True
2020,2019-11-30,True,False,atl,hou,111,158,21,31,21,38,0,38,43,46,31,0,home,14.0,238.0,850.0,-1500.0,1.5,115.0,1.0,1,True
2020,2019-12-01,True,False,wsh,lac,125,150,35,22,41,27,0,39,43,34,34,0,home,12.0,240.0,650.0,-1000.0,1.0,117.0,1.0,1,True
2020,2019-12-01,True,False,gs,orl,96,100,22,29,20,25,0,26,25,21,28,0,home,7.5,204.5,275.0,-350.0,5.0,99.5,0.0,0,True
2020,2019-12-01,True,False,okc,no,107,104,33,23,26,25,0,29,26,22,27,0,home,2.5,226.5,120.0,-140.0,2.5,111.0,0.0,0,False
2020,2019-12-01,True,False,sa,det,98,132,27,24,20,27,0,32,27,37,36,0,home,2.5,217.5,120.0,-140.0,2.0,112.0,1.0,1,True
2020,2019-12-01,True,False,utah,tor,110,130,20,17,49,24,0,37,40,30,23,0,home,2.0,208.0,110.0,-130.0,8.0,106.5,1.0,1,True
2020,2019-12-01,True,False,mem,min,115,107,25,23,38,29,0,21,26,32,28,0,home,12.0,231.0,650.0,-1000.0,8.5,116.5,0.0,0,False
2020,2019-12-01,True,False,bos,ny,113,104,31,27,23,32,0,30,28,27,19,0,away,7.5,208.5,-400.0,300.0,5.0,108.5,1.0,1,False
2020,2019-12-01,True,False,mia,bkn,109,106,32,26,25,26,0,30,35,16,25,0,away,4.0,215.0,-185.0,155.0,5.0,106.5,0.0,2,False
2020,2019-12-01,True,False,dal,lal,114,100,25,34,35,20,0,30,32,17,21,0,home,6.5,222.5,225.0,-275.0,3.0,109.0,0.0,0,False
2020,2019-12-02,True,False,utah,phi,94,103,23,19,24,28,0,31,29,25,18,0,home,5.0,208.5,180.0,-220.0,2.5,107.5,1.0,0,True
2020,2019-12-02,True,False,phx,cha,109,104,28,31,21,29,0,21,18,34,31,0,away,4.0,221.5,-170.0,145.0,3.5,113.5,1.0,0,False
2020,2019-12-02,True,False,gs,atl,79,104,23,17,13,26,0,20,29,27,28,0,home,6.5,222.5,210.0,-260.0,0.5,106.5,1.0,0,True
2020,2019-12-02,True,False,ind,mem,117,104,24,33,28,32,0,19,28,26,31,0,away,9.0,216.5,-450.0,350.0,2.0,105.5,1.0,1,False
2020,2019-12-02,True,False,ny,mil,88,132,15,30,17,26,0,33,39,28,32,0,home,17.0,222.5,1200.0,-3000.0,3.0,107.5,1.0,0,True
2020,2019-12-02,True,False,chi,sac,113,106,22,33,29,29,0,23,21,30,32,0,home,5.0,212.0,180.0,-220.0,5.5,104.5,0.0,1,False
2020,2019-12-03,True,False,por,lac,97,117,30,29,17,21,0,29,33,27,28,0,home,9.0,233.0,350.0,-450.0,4.5,114.5,1.0,0,True
2020,2019-12-03,True,False,lal,den,105,96,28,32,24,21,0,24,25,27,20,0,home,2.5,207.5,115.0,-135.0,4.0,102.0,0.0,0,False
2020,2019-12-03,True,False,hou,sa,133,135,25,38,34,18,18,27,32,22,34,20,away,7.0,234.0,-330.0,260.0,3.0,114.0,0.0,1,True
2020,2019-12-03,True,False,det,cle,127,94,32,30,35,30,0,28,18,22,26,0,away,3.5,216.5,-165.0,142.0,2.5,105.5,1.0,1,False
2020,2019-12-03,True,False,dal,no,118,97,24,35,25,34,0,24,29,22,22,0,away,4.5,233.0,-200.0,170.0,1.5,113.5,1.0,0,False
2020,2019-12-03,True,False,orl,wsh,127,120,32,36,29,30,0,26,28,34,32,0,home,0.0,229.5,-110.0,-110.0,3.5,112.5,0.0,1,False
2020,2019-12-03,True,False,mia,tor,121,110,32,26,25,25,13,23,30,28,27,2,home,5.5,212.0,190.0,-240.0,4.0,104.0,0.0,1,False
2020,2019-12-04,True,False,ind,okc,107,100,26,23,30,28,0,29,21,28,22,0,away,1.0,209.0,-125.0,105.0,0.0,102.5,1.0,0,False
2020,2019-12-04,True,False,lal,utah,121,96,34,31,29,27,0,26,21,28,21,0,home,2.0,212.5,105.0,-125.0,5.5,103.0,0.0,1,False
2020,2019-12-04,True,False,min,dal,114,121,25,31,28,30,0,30,23,27,41,0,home,5.5,229.0,190.0,-240.0,5.5,111.5,1.0,1,True
2020,2019-12-04,True,False,mem,chi,99,106,20,15,29,35,0,27,23,28,28,0,home,6.5,223.0,240.0,-300.0,1.0,113.5,1.0,0,True
2020,2019-12-04,True,False,sac,por,116,127,35,29,31,21,0,30,36,34,27,0,home,5.0,216.5,180.0,-220.0,3.0,108.0,1.0,1,True
2020,2019-12-04,True,False,bkn,atl,130,118,22,34,35,39,0,26,21,35,36,0,away,3.0,228.0,-150.0,130.0,1.5,116.0,1.0,1,False
2020,2019-12-04,True,False,mil,det,127,103,22,37,33,35,0,24,24,24,31,0,away,9.0,223.0,-500.0,375.0,2.0,114.0,1.0,1,False
2020,2019-12-04,True,False,mia,bos,93,112,28,16,25,24,0,20,32,30,30,0,home,5.5,209.0,185.0,-230.0,0.5,102.0,1.0,0,True
2020,2019-12-04,True,False,gs,cha,91,106,20,34,22,15,0,28,30,28,20,0,home,2.5,213.0,120.0,-140.0,1.0,105.0,1.0,0,True
2020,2019-12-04,True,False,phx,orl,114,128,37,21,28,28,0,31,34,38,25,0,away,1.5,213.5,-125.0,105.0,3.0,111.0,0.0,1,True
2020,2019-12-05,True,False,phi,wsh,113,119,33,22,26,32,0,25,40,26,28,0,away,8.0,233.0,-380.0,290.0,8.0,119.0,0.0,0,True
2020,2019-12-05,True,False,hou,tor,119,109,34,29,31,25,0,28,27,33,21,0,home,2.0,230.5,110.0,-130.0,2.5,112.5,0.0,0,False
2020,2019-12-05,True,False,den,ny,129,92,33,34,31,31,0,27,18,30,17,0,away,9.0,205.0,-420.0,320.0,1.0,99.5,1.0,1,False
2020,2019-12-05,True,False,phx,no,139,132,38,36,33,18,14,40,30,21,34,7,home,4.0,235.0,155.0,-185.0,3.5,122.5,0.0,1,False
2020,2019-12-06,True,False,lal,por,136,113,39,38,33,26,0,34,28,31,20,0,away,5.0,225.0,-200.0,170.0,2.0,111.0,1.0,1,False
2020,2019-12-06,True,False,sac,sa,104,105,17,25,30,28,4,21,31,17,31,5,home,4.0,214.5,155.0,-185.0,1.0,104.5,0.0,0,True
2020,2019-12-06,True,False,lac,mil,91,119,15,28,19,29,0,30,22,35,32,0,home,4.5,233.5,160.0,-190.0,1.0,113.0,1.0,0,True
2020,2019-12-06,True,False,den,bos,95,108,26,19,19,31,0,33,20,32,23,0,home,3.0,205.5,140.0,-160.0,0.5,101.5,1.0,0,True
2020,2019-12-06,True,False,gs,chi,100,98,23,27,27,23,0,28,23,32,15,0,home,4.5,215.0,160.0,-190.0,3.0,106.5,0.0,0,False
2020,2019-12-06,True,False,bkn,cha,111,104,29,26,31,25,0,32,25,27,20,0,away,3.0,219.0,-150.0,130.0,3.5,113.5,1.0,0,False
2020,2019-12-06,True,False,min,okc,127,139,27,31,39,25,5,30,23,41,28,17,home,3.5,218.0,145.0,-170.0,3.5,106.5,1.0,1,True
2020,2019-12-06,True,False,orl,cle,93,87,24,28,16,25,0,25,22,23,17,0,away,4.5,210.0,-190.0,160.0,2.0,103.0,1.0,0,False
2020,2019-12-06,True,False,ind,det,101,108,19,25,31,26,0,32,23,16,37,0,away,1.5,212.0,-125.0,105.0,3.5,103.0,0.0,0,True
2020,2019-12-06,True,False,wsh,mia,103,112,28,37,20,18,0,27,34,25,26,0,home,9.5,229.0,400.0,-550.0,8.0,110.5,0.0,0,True
2020,2019-12-07,True,False,mem,utah,112,126,36,18,30,28,0,32,37,28,29,0,home,11.5,217.5,550.0,-800.0,2.5,112.5,1.0,1,True
2020,2019-12-07,True,False,ind,ny,104,103,32,34,23,15,0,27,33,21,22,0,away,5.5,208.0,-220.0,180.0,1.5,102.5,0.0,0,False
2020,2019-12-07,True,False,phx,hou,109,115,31,21,26,31,0,23,39,21,32,0,home,11.0,240.5,525.0,-750.0,3.5,122.5,0.0,0,True
2020,2019-12-07,True,False,no,dal,84,130,28,24,14,18,0,31,33,40,26,0,home,9.0,232.0,350.0,-450.0,2.0,113.0,1.0,0,True
2020,2019-12-07,True,False,cle,phi,94,141,18,18,26,32,0,36,41,31,33,0,home,11.0,215.0,500.0,-700.0,1.5,108.5,1.0,1,True
2020,2019-12-08,True,False,min,lal,125,142,31,34,38,22,0,39,34,37,32,0,home,10.0,227.5,450.0,-650.0,3.0,111.5,1.0,1,True
2020,2019-12-08,True,False,den,bkn,102,105,21,33,23,25,0,25,28,29,23,0,away,4.5,212.5,-185.0,155.0,3.0,104.5,0.0,0,True
2020,2019-12-08,True,False,atl,cha,122,107,24,27,37,34,0,27,26,30,24,0,home,1.5,223.0,105.0,-125.0,0.5,108.0,0.0,1,False
2020,2019-12-08,True,False,tor,phi,104,110,22,20,26,36,0,27,30,29,24,0,home,3.0,214.0,130.0,-150.0,3.0,104.0,1.0,2,True
2020,2019-12-08,True,False,chi,mia,105,110,25,24,24,24,8,16,31,27,23,13,home,7.0,210.5,250.0,-310.0,5.5,102.0,0.0,1,True
2020,2019-12-08,True,False,lac,wsh,135,119,35,30,35,35,0,25,39,29,26,0,away,9.0,236.0,-450.0,350.0,7.0,116.5,1.0,1,False
2020,2019-12-08,True,False,sac,dal,110,106,36,30,26,18,0,27,19,32,28,0,home,9.0,216.0,330.0,-430.0,10.5,106.0,0.0,2,False
2020,2019-12-08,True,False,okc,por,108,96,21,34,27,26,0,20,27,31,18,0,home,4.0,223.0,150.0,-180.0,4.0,109.5,0.0,0,False
2020,2019-12-09,True,False,okc,utah,104,90,25,26,34,19,0,24,23,21,22,0,home,9.0,206.5,320.0,-420.0,6.5,102.0,0.0,0,False
2020,2019-12-09,True,False,min,phx,109,125,31,33,21,24,0,33,28,33,31,0,home,3.5,233.0,140.0,-160.0,2.0,113.5,1.0,1,True
2020,2019-12-09,True,False,orl,mil,101,110,20,20,33,28,0,31,21,28,30,0,home,13.0,217.5,650.0,-1000.0,4.0,105.0,0.0,0,True
2020,2019-12-09,True,False,sac,hou,119,118,32,27,35,25,0,28,36,29,25,0,home,12.0,225.5,600.0,-900.0,6.5,110.5,0.0,1,False
2020,2019-12-09,True,False,mem,gs,110,102,29,25,34,22,0,20,27,32,23,0,home,3.5,220.0,140.0,-160.0,3.5,113.0,0.0,0,False
2020,2019-12-09,True,False,tor,chi,93,92,30,19,22,22,0,30,21,20,21,0,away,6.5,213.5,-270.0,220.0,5.5,104.5,0.0,0,False
2020,2019-12-09,True,False,cle,bos,88,110,18,22,26,22,0,29,24,30,27,0,home,13.5,216.0,800.0,-1400.0,4.0,110.0,1.0,0,True
2020,2019-12-09,True,False,lac,ind,110,99,24,36,31,19,0,19,29,25,26,0,home,3.0,216.5,130.0,-150.0,5.0,107.0,0.0,0,False
2020,2019-12-09,True,False,det,no,105,103,25,22,34,24,0,29,24,21,29,0,home,0.0,227.5,-110.0,-110.0,1.5,110.0,0.0,0,False
2020,2019-12-10,True,False,atl,mia,121,135,30,34,32,21,4,36,30,27,24,18,home,8.5,219.0,325.0,-425.0,4.5,108.0,1.0,1,True
2020,2019-12-10,True,False,ny,por,87,115,22,19,18,28,0,32,28,26,29,0,home,9.5,223.5,375.0,-500.0,0.5,108.5,1.0,0,True
2020,2019-12-10,True,False,den,phi,92,97,27,23,26,16,0,26,29,28,14,0,home,5.5,208.0,180.0,-220.0,1.5,103.5,0.0,0,True
2020,2019-12-10,True,False,wsh,cha,107,114,20,28,27,32,0,28,25,29,32,0,away,2.0,229.0,-130.0,110.0,1.5,110.5,0.0,0,True
2020,2019-12-11,True,False,bos,ind,117,122,32,25,37,23,0,30,31,23,38,0,home,1.0,211.0,100.0,-120.0,1.0,110.5,1.0,1,True
2020,2019-12-11,True,False,ny,gs,124,122,30,38,19,25,12,20,30,30,32,10,home,5.0,211.0,175.0,-210.0,7.5,102.0,0.0,1,False
2020,2019-12-11,True,False,mem,phx,115,108,27,24,33,31,0,19,32,28,29,0,home,7.0,230.5,240.0,-300.0,4.5,118.0,0.0,0,False
2020,2019-12-11,True,False,atl,chi,102,136,33,19,35,15,0,37,29,40,30,0,home,6.5,221.5,225.0,-275.0,1.0,106.5,1.0,1,True
2020,2019-12-11,True,False,utah,min,127,116,25,34,38,30,0,23,36,24,33,0,home,1.0,220.5,-105.0,-115.0,0.0,114.5,0.0,1,False
2020,2019-12-11,True,False,okc,sac,93,94,18,29,24,22,0,23,15,31,25,0,home,1.5,207.5,105.0,-125.0,3.5,101.0,0.0,0,True
2020,2019-12-11,True,False,hou,cle,116,110,35,29,24,28,0,29,28,25,28,0,away,11.5,230.0,-800.0,550.0,4.5,112.5,0.0,0,False
2020,2019-12-11,True,False,lal,orl,96,87,26,25,18,27,0,9,29,27,22,0,away,8.5,210.5,-430.0,330.0,1.0,102.0,1.0,0,False
2020,2019-12-11,True,False,lac,tor,112,92,27,37,24,24,0,32,14,25,21,0,away,2.5,222.5,-150.0,130.0,4.0,107.5,1.0,0,False
2020,2019-12-11,True,False,cha,bkn,113,108,26,27,31,29,0,34,30,22,22,0,home,10.0,217.0,400.0,-550.0,2.5,105.5,0.0,1,False
2020,2019-12-11,True,False,no,mil,112,127,20,26,40,26,0,35,34,36,22,0,home,9.5,232.5,350.0,-450.0,1.0,112.5,1.0,1,True
2020,2019-12-12,True,False,phi,bos,115,109,28,28,25,34,0,34,25,21,29,0,home,1.0,212.5,-105.0,-115.0,0.5,110.5,0.0,1,False
2020,2019-12-12,True,False,cle,sa,117,109,28,25,25,25,14,19,24,25,35,6,home,11.5,218.5,600.0,-900.0,11.5,113.0,0.0,1,False
2020,2019-12-12,True,False,dal,det,122,111,34,31,30,27,0,29,29,27,26,0,away,6.5,217.5,-310.0,250.0,2.0,106.5,1.0,1,False
2020,2019-12-12,True,False,por,den,99,114,26,27,25,21,0,33,29,27,25,0,home,7.5,216.5,260.0,-330.0,1.0,107.5,1.0,0,True
2020,2019-12-13,True,False,lac,min,124,117,33,32,37,22,0,29,29,23,36,0,away,4.5,228.0,-200.0,170.0,0.5,111.5,1.0,1,False
2020,2019-12-13,True,False,gs,utah,106,114,29,27,28,22,0,22,27,37,28,0,home,14.0,211.0,800.0,-1400.0,11.5,104.0,0.0,1,True
2020,2019-12-13,True,False,ny,sac,103,101,20,25,27,31,0,32,22,26,21,0,home,9.0,210.5,330.0,-430.0,2.5,101.5,0.0,0,False
2020,2019-12-13,True,False,cha,chi,83,73,24,20,15,24,0,15,25,10,23,0,home,7.0,213.5,230.0,-280.0,6.0,103.5,0.0,0,False
2020,2019-12-13,True,False,lal,mia,113,110,30,21,37,25,0,29,30,26,25,0,away,5.5,211.5,-240.0,190.0,6.0,104.0,0.0,1,False
2020,2019-12-13,True,False,ind,atl,110,100,29,34,23,24,0,22,26,35,17,0,away,6.0,224.5,-265.0,215.0,1.5,109.0,1.0,0,False
2020,2019-12-13,True,False,no,phi,109,116,25,32,25,27,0,39,23,30,24,0,home,7.0,222.0,250.0,-310.0,3.0,108.0,2.0,1,True
2020,2019-12-13,True,False,hou,orl,130,107,28,34,34,34,0,22,33,23,29,0,away,6.5,220.5,-275.0,225.0,2.0,107.5,1.0,1,False
2020,2019-12-13,True,False,mil,mem,127,114,35,29,26,37,0,29,33,33,19,0,away,12.5,229.0,-1100.0,700.0,7.5,118.5,1.0,1,False
2020,2019-12-14,True,False,okc,den,102,110,20,29,19,34,0,27,25,30,28,0,home,6.0,204.5,210.0,-260.0,2.5,100.5,1.0,1,True
2020,2019-12-14,True,False,cle,mil,108,125,20,31,28,29,0,26,43,33,23,0,home,14.0,223.0,850.0,-1500.0,3.5,114.0,1.0,1,True
2020,2019-12-14,True,False,mia,dal,122,118,37,36,18,21,10,23,27,31,31,6,home,8.5,216.5,325.0,-425.0,8.0,104.0,0.0,1,False
2020,2019-12-14,True,False,det,hou,115,107,30,32,26,27,0,32,20,23,32,0,home,7.5,225.5,260.0,-330.0,8.0,110.0,0.0,0,False
2020,2019-12-14,True,False,lac,chi,106,109,29,28,22,27,0,24,31,29,25,0,away,3.0,214.0,-155.0,135.0,1.5,105.0,0.0,1,True
2020,2019-12-14,True,False,bkn,tor,102,110,31,29,23,19,0,38,27,25,20,0,home,7.0,218.5,255.0,-320.0,2.5,112.5,1.0,0,True
2020,2019-12-14,True,False,sa,phx,121,119,28,16,34,31,12,18,30,32,29,10,away,2.0,220.5,-125.0,105.0,2.0,112.5,2.0,1,False
2020,2019-12-14,True,False,wsh,mem,111,128,30,24,30,27,0,35,34,35,24,0,home,1.5,236.5,105.0,-125.0,4.0,116.5,1.0,1,True
2020,2019-12-15,True,False,orl,no,130,119,24,34,41,31,0,30,27,27,35,0,home,0.0,216.5,-110.0,-110.0,0.0,106.5,0.0,1,False
2020,2019-12-15,True,False,cha,ind,85,107,20,24,22,19,0,33,26,13,35,0,home,11.5,210.0,550.0,-800.0,2.5,102.0,1.0,0,True
2020,2019-12-15,True,False,phi,bkn,89,109,23,20,23,23,0,28,29,26,26,0,away,3.5,220.0,-170.0,145.0,6.5,113.0,0.0,0,True
2020,2019-12-15,True,False,lal,atl,101,96,24,31,27,19,0,25,23,30,18,0,away,12.0,229.0,-850.0,575.0,4.5,111.5,0.0,0,False
2020,2019-12-15,True,False,ny,den,105,111,22,29,33,21,0,33,34,20,24,0,home,10.5,208.5,500.0,-700.0,1.5,102.0,0.0,1,True
2020,2019-12-15,True,False,sac,gs,100,79,26,25,28,21,0,18,24,17,20,0,away,4.5,209.5,-200.0,170.0,0.0,102.0,1.0,0,False
2020,2019-12-16,True,False,dal,mil,120,116,36,23,27,34,0,22,34,20,40,0,home,10.5,227.5,525.0,-750.0,9.5,111.5,0.0,1,False
2020,2019-12-16,True,False,por,phx,111,110,25,34,31,21,0,33,34,21,22,0,away,2.5,227.0,-135.0,115.0,4.0,111.5,0.0,0,False
2020,2019-12-16,True,False,sa,hou,107,109,35,37,17,18,0,21,32,30,26,0,home,10.5,232.0,450.0,-650.0,10.5,119.0,0.0,0,True
2020,2019-12-16,True,False,cle,tor,113,133,29,25,30,29,0,37,29,38,29,0,home,13.0,216.5,750.0,-1200.0,4.0,110.5,1.0,1,True
2020,2019-12-16,True,False,chi,okc,106,109,37,31,22,16,0,16,33,33,27,0,home,5.5,208.5,190.0,-240.0,8.0,102.0,0.0,1,True
2020,2019-12-16,True,False,mia,mem,111,118,32,26,28,25,0,36,37,22,23,0,away,2.5,217.0,-145.0,125.0,5.5,106.5,0.0,1,True
2020,2019-12-16,True,False,wsh,det,133,119,43,24,29,37,0,31,30,30,28,0,home,2.5,232.0,120.0,-140.0,2.5,113.5,0.0,1,False
2020,2019-12-17,True,False,sac,cha,102,110,21,26,32,23,0,26,27,27,30,0,away,5.0,208.0,-220.0,180.0,4.5,102.0,0.0,1,True
2020,2019-12-17,True,False,lal,ind,102,105,28,24,24,26,0,24,26,28,27,0,away,1.0,213.0,-120.0,100.0,0.5,104.0,0.0,0,True
2020,2019-12-17,True,False,atl,ny,120,143,27,26,31,36,0,41,36,32,34,0,home,2.0,226.0,110.0,-130.0,5.5,109.0,1.0,1,True
2020,2019-12-17,True,False,bkn,no,108,101,21,21,19,32,15,21,14,29,29,8,away,2.0,227.5,-135.0,115.0,0.5,116.0,1.0,0,False
2020,2019-12-17,True,False,orl,utah,102,109,20,27,24,31,0,26,32,24,27,0,home,6.5,208.0,230.0,-280.0,0.5,102.0,1.0,1,True
2020,2019-12-17,True,False,phx,lac,99,120,23,21,25,30,0,31,23,36,30,0,home,15.0,225.0,850.0,-1500.0,5.5,115.0,1.0,0,True
2020,2019-12-18,True,False,orl,den,104,113,32,28,16,28,0,27,18,39,29,0,home,9.0,205.0,375.0,-500.0,9.5,100.5,2.0,1,True
2020,2019-12-18,True,False,bos,dal,109,103,29,21,26,33,0,29,26,18,30,0,away,2.0,215.5,-130.0,110.0,2.0,111.5,1.0,0,False
2020,2019-12-18,True,False,mem,okc,122,126,32,36,32,22,0,27,32,34,33,0,home,6.5,219.5,230.0,-280.0,5.5,113.5,0.0,1,True
2020,2019-12-18,True,False,no,min,107,99,32,31,24,20,0,25,25,22,27,0,home,3.5,229.5,145.0,-170.0,5.5,113.5,0.0,0,False
2020,2019-12-18,True,False,gs,por,112,122,29,37,26,20,0,40,27,30,25,0,home,9.0,221.5,375.0,-500.0,5.5,110.0,1.0,1,True
2020,2019-12-18,True,False,cha,cle,98,100,21,20,23,34,0,29,24,23,24,0,home,3.0,211.0,125.0,-145.0,2.5,102.0,0.0,0,True
2020,2019-12-18,True,False,tor,det,112,99,30,40,26,16,0,29,35,15,20,0,away,2.5,217.0,-145.0,125.0,1.0,107.0,1.0,0,False
2020,2019-12-18,True,False,chi,wsh,110,109,23,29,21,25,12,27,31,27,13,11,home,1.0,230.0,-105.0,-115.0,2.0,112.0,0.0,0,False
2020,2019-12-18,True,False,mia,phi,108,104,19,37,26,26,0,29,19,26,30,0,home,8.0,208.5,290.0,-380.0,7.0,102.5,0.0,1,False
2020,2019-12-19,True,False,utah,atl,111,106,28,24,31,28,0,30,26,28,22,0,away,6.5,224.5,-280.0,230.0,6.5,114.5,0.0,0,False
2020,2019-12-19,True,False,lal,mil,104,111,17,29,35,23,0,23,42,24,22,0,home,3.5,227.0,140.0,-160.0,4.0,110.0,1.0,0,True
2020,2019-12-19,True,False,bkn,sa,105,118,33,23,25,24,0,27,23,33,35,0,home,4.0,219.5,160.0,-190.0,3.5,113.5,1.0,1,True
2020,2019-12-19,True,False,hou,lac,122,117,27,27,36,32,0,28,41,18,30,0,away,,235.5,180.0,-220.0,2.5,115.0,,1,False
2020,2019-12-20,True,False,no,gs,102,106,16,28,37,21,0,31,25,22,28,0,away,2.0,221.5,-130.0,110.0,5.0,108.0,0.0,0,True
2020,2019-12-20,True,False,orl,por,103,118,13,31,31,28,0,31,26,36,25,0,home,3.5,218.5,145.0,-170.0,2.5,107.0,1.0,1,True
2020,2019-12-20,True,False,min,den,100,109,20,31,24,25,0,33,28,21,27,0,home,11.0,215.5,525.0,-750.0,2.5,104.5,0.0,0,True
2020,2019-12-20,True,False,dal,phi,117,98,35,28,25,29,0,28,29,20,21,0,home,8.5,212.0,325.0,-425.0,9.0,105.0,0.0,1,False
2020,2019-12-20,True,False,phx,okc,108,126,23,27,41,17,0,26,31,44,25,0,home,3.0,224.5,130.0,-150.0,0.0,114.5,1.0,1,True
2020,2019-12-20,True,False,wsh,tor,118,122,23,29,33,33,0,40,28,28,26,0,home,6.5,229.5,220.0,-270.0,1.5,110.5,0.0,1,True
2020,2019-12-20,True,False,det,bos,93,114,26,22,21,24,0,28,32,31,23,0,home,9.0,211.0,350.0,-450.0,1.5,103.0,1.0,0,True
2020,2019-12-20,True,False,mem,cle,107,114,27,24,36,20,0,25,30,26,33,0,away,2.5,222.5,-140.0,120.0,2.0,114.5,0.0,0,True
2020,2019-12-20,True,False,sac,ind,105,119,32,25,22,26,0,30,38,24,27,0,home,5.0,209.5,180.0,-220.0,1.0,102.0,1.0,1,True
2020,2019-12-20,True,False,ny,mia,114,129,20,27,27,40,0,39,31,28,31,0,home,9.0,216.5,400.0,-550.0,1.5,104.5,1.0,1,True
2020,2019-12-21,True,False,sac,mem,115,119,21,29,28,37,0,23,37,31,28,0,away,2.0,221.5,-135.0,115.0,4.0,108.0,0.0,1,True
2020,2019-12-21,True,False,min,por,106,113,23,29,28,26,0,27,34,22,30,0,home,7.0,227.5,230.0,-280.0,1.0,110.5,2.0,0,True
2020,2019-12-21,True,False,lac,sa,134,109,33,39,38,24,0,31,30,22,26,0,away,7.5,225.5,-310.0,250.0,0.0,110.0,1.0,1,False
2020,2019-12-21,True,False,mil,ny,123,102,37,31,27,28,0,23,31,16,32,0,away,13.0,227.0,-1200.0,750.0,3.0,116.5,1.0,0,False
2020,2019-12-21,True,False,hou,phx,139,125,36,34,36,33,0,35,30,30,30,0,away,8.5,234.5,-425.0,325.0,4.0,114.0,1.0,1,False
2020,2019-12-21,True,False,wsh,phi,108,125,25,28,27,28,0,32,33,23,37,0,home,12.5,227.0,700.0,-1100.0,4.0,110.0,1.0,1,True
2020,2019-12-21,True,False,utah,cha,114,107,31,25,28,30,0,33,31,22,21,0,away,7.0,208.0,-300.0,240.0,6.5,108.0,2.0,1,False
2020,2019-12-21,True,False,chi,det,119,107,25,28,40,26,0,28,31,30,18,0,away,1.5,209.0,-125.0,105.0,2.5,102.5,1.0,1,False
2020,2019-12-21,True,False,atl,bkn,112,122,34,39,25,14,0,34,26,25,37,0,home,7.5,231.5,270.0,-340.0,7.5,113.5,1.0,1,True
2020,2019-12-22,True,False,dal,tor,107,110,17,34,35,21,0,20,22,21,47,0,home,1.5,218.0,105.0,-125.0,3.5,107.0,1.0,0,True
2020,2019-12-22,True,False,cha,bos,93,119,37,19,21,16,0,30,29,25,35,0,home,12.0,210.0,650.0,-1000.0,6.5,103.0,1.0,1,True
2020,2019-12-22,True,False,ind,mil,89,117,22,33,18,16,0,21,38,24,34,0,home,8.5,220.5,310.0,-410.0,4.5,109.0,1.0,0,True
2020,2019-12-22,True,False,lac,okc,112,118,33,30,26,23,0,27,30,29,32,0,home,1.0,223.5,100.0,-120.0,2.0,109.5,1.0,1,True
2020,2019-12-22,True,False,den,lal,128,104,23,32,36,37,0,28,25,25,26,0,home,2.5,208.0,120.0,-140.0,0.0,101.0,0.0,1,False
2020,2019-12-23,True,False,wsh,ny,121,115,32,31,31,27,0,37,27,27,24,0,home,3.5,227.5,145.0,-170.0,2.5,110.5,0.0,1,False
2020,2019-12-23,True,False,min,gs,104,113,22,21,24,37,0,22,35,27,29,0,home,1.0,222.0,-105.0,-115.0,3.5,107.0,1.0,0,True
2020,2019-12-23,True,False,no,por,102,94,31,23,28,20,0,31,25,21,17,0,home,6.0,229.5,200.0,-250.0,3.0,112.0,0.0,0,False
2020,2019-12-23,True,False,hou,sac,113,104,37,28,32,16,0,21,36,22,25,0,away,6.0,230.0,-270.0,220.0,1.0,111.0,1.0,0,False
2020,2019-12-23,True,False,den,phx,113,111,34,22,26,31,0,22,27,32,30,0,away,2.5,218.5,-140.0,120.0,0.0,107.0,0.0,1,False
2020,2019-12-23,True,False,sa,mem,145,115,46,26,36,37,0,31,30,28,26,0,away,1.0,228.5,-115.0,-105.0,2.5,117.0,1.0,1,False
2020,2019-12-23,True,False,tor,ind,115,120,19,25,35,28,8,30,24,24,29,13,home,5.0,210.5,195.0,-245.0,0.5,101.5,2.0,1,True
2020,2019-12-23,True,False,atl,cle,118,121,32,32,30,24,0,42,29,23,27,0,away,2.0,229.5,-130.0,110.0,3.0,112.0,0.0,1,True
2020,2019-12-23,True,False,chi,orl,95,103,28,26,27,14,0,28,23,32,20,0,home,5.0,205.5,170.0,-200.0,4.5,101.0,1.0,0,True
2020,2019-12-23,True,False,phi,det,125,109,30,30,34,31,0,23,29,34,23,0,away,6.5,215.0,-275.0,225.0,1.0,109.5,1.0,1,False
2020,2019-12-23,True,False,utah,mia,104,107,28,24,29,23,0,32,21,23,31,0,home,4.5,213.5,160.0,-190.0,2.5,111.0,0.0,0,True
2020,2019-12-25,True,False,lac,lal,111,106,31,20,35,25,0,33,30,23,20,0,home,2.5,223.0,120.0,-140.0,4.5,109.5,0.0,0,False
2020,2019-12-25,True,False,no,den,112,100,29,29,26,28,0,26,29,25,20,0,home,9.0,216.0,375.0,-500.0,7.5,106.0,0.0,0,False
2020,2019-12-25,True,False,mil,phi,109,121,30,18,25,36,0,38,31,31,21,0,away,3.0,221.0,-150.0,130.0,7.5,113.5,0.0,1,True
2020,2019-12-25,True,False,bos,tor,118,102,28,27,33,30,0,19,28,22,33,0,away,4.0,213.5,-185.0,155.0,1.0,110.5,1.0,1,False
2020,2019-12-25,True,False,hou,gs,104,116,29,39,19,17,0,28,36,28,24,0,away,11.5,230.0,-800.0,550.0,6.0,113.0,0.0,0,True
2020,2019-12-26,True,False,wsh,det,102,132,23,25,28,26,0,31,37,38,26,0,home,6.5,228.0,230.0,-280.0,2.5,110.5,1.0,1,True
2020,2019-12-26,True,False,mem,okc,110,97,23,26,37,24,0,18,29,27,23,0,home,6.0,224.0,215.0,-265.0,5.0,114.5,0.0,0,False
2020,2019-12-26,True,False,ny,bkn,94,82,24,22,33,15,0,15,26,20,21,0,home,7.0,226.0,270.0,-340.0,7.5,110.5,0.0,0,False
2020,2019-12-26,True,False,sa,dal,98,102,24,23,27,24,0,20,32,27,23,0,home,8.0,226.5,280.0,-360.0,3.5,116.0,0.0,0,True
2020,2019-12-26,True,False,min,sac,105,104,21,29,21,19,15,26,22,31,11,14,home,7.0,220.0,240.0,-300.0,5.0,106.5,0.0,0,False
2020,2019-12-26,True,False,por,utah,115,121,22,30,24,39,0,37,25,34,25,0,home,5.5,222.0,190.0,-240.0,0.0,108.5,1.0,1,True
2020,2019-12-27,True,False,phx,gs,96,105,29,22,27,18,0,25,18,23,39,0,away,3.5,225.0,-170.0,145.0,0.0,114.5,0.0,0,True
2020,2019-12-27,True,False,ind,mia,112,113,27,28,27,30,0,25,33,26,29,0,home,5.0,211.5,175.0,-210.0,3.0,104.0,0.0,1,True
2020,2019-12-27,True,False,mil,atl,112,86,32,31,21,28,0,19,21,23,23,0,away,7.5,235.5,-350.0,275.0,0.5,117.0,1.0,0,False
2020,2019-12-27,True,False,phi,orl,97,98,21,26,21,29,0,19,27,25,27,0,away,4.0,210.0,-185.0,155.0,2.5,107.5,0.0,0,True
2020,2019-12-27,True,False,cle,bos,117,129,22,25,34,36,0,33,29,30,37,0,home,14.0,215.5,800.0,-1400.0,4.0,110.0,0.0,1,True
2020,2019-12-27,True,False,okc,cha,104,102,26,27,19,22,10,18,25,22,29,8,away,1.0,208.0,-115.0,-105.0,3.0,101.0,1.0,0,False
2020,2019-12-28,True,False,dal,gs,141,121,41,31,45,24,0,41,33,24,23,0,away,11.0,218.0,-700.0,500.0,8.0,108.0,1.0,1,False
2020,2019-12-28,True,False,utah,lac,120,107,22,39,32,27,0,32,31,29,15,0,home,7.5,221.5,280.0,-360.0,4.0,115.0,0.0,1,False
2020,2019-12-28,True,False,lal,por,128,120,34,37,32,25,0,32,32,31,25,0,away,5.0,223.0,-240.0,190.0,0.5,108.5,1.0,1,False
2020,2019-12-28,True,False,phx,sac,112,110,31,28,22,31,0,30,19,28,33,0,home,2.5,217.0,120.0,-140.0,4.5,111.0,0.0,1,False
2020,2019-12-28,True,False,det,sa,109,136,28,27,25,29,0,30,29,42,35,0,home,5.0,222.5,180.0,-220.0,1.5,108.0,1.0,1,True
2020,2019-12-28,True,False,orl,mil,100,111,25,21,28,26,0,37,19,22,33,0,home,6.0,216.5,220.0,-270.0,0.0,106.0,1.0,0,True
2020,2019-12-28,True,False,atl,chi,81,116,19,24,22,16,0,35,29,19,33,0,home,9.5,217.0,425.0,-600.0,0.5,105.0,1.0,0,True
2020,2019-12-28,True,False,bkn,hou,98,108,20,34,25,19,0,42,21,25,20,0,home,9.0,234.5,375.0,-500.0,2.5,119.5,1.0,0,True
2020,2019-12-28,True,False,cle,min,94,88,27,22,18,27,0,21,22,17,28,0,home,6.5,217.0,230.0,-280.0,5.0,111.5,0.0,0,False
2020,2019-12-28,True,False,ny,wsh,107,100,33,26,27,21,0,23,35,20,22,0,away,3.0,228.5,-160.0,140.0,3.0,111.5,1.0,0,False
2020,2019-12-28,True,False,phi,mia,116,117,33,26,20,29,8,28,26,31,23,9,home,1.5,212.5,100.0,-120.0,1.0,110.0,0.0,1,True
2020,2019-12-28,True,False,tor,bos,113,97,36,23,30,24,0,25,29,25,18,0,home,7.5,216.0,260.0,-330.0,7.0,107.5,0.0,0,False
2020,2019-12-28,True,False,ind,no,98,120,32,13,23,30,0,19,29,38,34,0,home,1.5,218.0,105.0,-125.0,0.5,105.5,1.0,2,True
2020,2019-12-28,True,False,mem,den,110,119,11,28,29,42,0,26,24,32,37,0,home,9.0,218.5,375.0,-500.0,2.5,112.0,2.0,1,True
2020,2019-12-29,True,False,dal,lal,95,108,19,24,26,26,0,25,29,30,24,0,home,5.0,224.5,175.0,-210.0,0.5,109.5,1.0,0,True
2020,2019-12-29,True,False,cha,mem,104,117,20,26,29,29,0,31,25,30,31,0,home,2.5,219.5,125.0,-145.0,1.5,107.0,1.0,1,True
2020,2019-12-29,True,False,sac,den,115,120,32,25,24,34,0,31,31,26,32,0,home,7.5,208.0,275.0,-350.0,3.0,101.5,0.0,1,True
2020,2019-12-29,True,False,okc,tor,98,97,22,25,29,22,0,20,27,33,17,0,home,4.5,209.5,160.0,-190.0,3.5,103.0,0.0,0,False
2020,2019-12-29,True,False,hou,no,112,127,37,27,29,19,0,36,28,22,41,0,home,5.0,223.5,180.0,-220.0,4.0,109.0,1.0,1,True
2020,2019-12-30,True,False,atl,orl,101,93,25,22,27,27,0,21,36,15,21,0,home,10.5,209.5,500.0,-700.0,3.5,101.5,0.0,0,False
2020,2019-12-30,True,False,mia,wsh,105,123,39,24,18,24,0,29,42,19,33,0,away,11.0,224.5,-750.0,525.0,11.0,109.5,0.0,1,True
2020,2019-12-30,True,False,bkn,min,115,122,29,21,30,23,12,27,22,25,29,19,away,4.5,216.5,-200.0,170.0,3.0,111.0,0.0,1,True
2020,2019-12-30,True,False,mil,chi,123,102,31,24,40,28,0,20,32,25,25,0,away,8.5,220.0,-450.0,350.0,5.0,113.0,1.0,1,False
2020,2019-12-30,True,False,phx,por,122,116,19,36,28,39,0,38,26,25,27,0,home,4.0,232.5,145.0,-170.0,1.0,120.0,0.0,1,False
2020,2019-12-30,True,False,det,utah,81,104,21,19,18,23,0,19,20,29,36,0,home,9.5,217.5,375.0,-500.0,7.0,106.5,1.0,0,True
2020,2019-12-31,True,False,cle,tor,97,117,25,18,26,28,0,27,32,27,31,0,home,8.0,217.5,350.0,-450.0,1.0,111.5,1.0,0,True
2020,2019-12-31,True,False,dal,okc,101,106,32,19,27,23,0,20,30,27,29,0,away,2.5,217.0,-145.0,125.0,1.0,106.0,0.0,0,True
2020,2019-12-31,True,False,den,hou,104,130,26,26,37,15,0,38,31,23,38,0,home,6.5,225.0,230.0,-280.0,2.5,109.0,1.0,1,True
2020,2019-12-31,True,False,lac,sac,105,87,28,29,31,17,0,23,17,33,14,0,away,6.5,220.0,-280.0,230.0,2.0,107.0,1.0,0,False
2020,2019-12-31,True,False,phi,ind,97,115,27,16,23,31,0,29,38,29,19,0,home,3.5,212.5,135.0,-155.0,4.5,108.0,1.0,0,True
2020,2019-12-31,True,False,bos,cha,109,92,24,26,30,29,0,18,25,30,19,0,away,7.5,210.5,-400.0,300.0,2.5,108.0,1.0,0,False
2020,2019-12-31,True,False,gs,sa,113,117,32,23,20,25,13,25,28,24,23,17,home,11.0,217.0,525.0,-750.0,9.0,106.5,0.0,1,True
2020,2020-01-01,True,False,orl,wsh,122,101,31,31,32,28,0,29,29,25,18,0,away,3.5,222.5,-170.0,145.0,0.0,109.0,1.0,1,False
2020,2020-01-01,True,False,por,ny,93,117,27,21,29,16,0,25,26,32,34,0,away,4.0,226.0,-180.0,150.0,4.0,110.0,0.0,0,True
2020,2020-01-01,True,False,min,mil,104,106,23,28,20,33,0,19,33,25,29,0,home,18.0,221.0,1500.0,-5000.0,11.5,108.0,0.0,0,True
2020,2020-01-01,True,False,phx,lal,107,117,17,24,38,28,0,43,31,27,16,0,home,11.0,225.5,525.0,-750.0,2.0,114.0,0.0,0,True
2020,2020-01-02,True,False,okc,sa,109,103,27,19,28,35,0,27,28,21,27,0,home,2.5,216.5,115.0,-135.0,1.5,106.0,0.0,0,False
2020,2020-01-02,True,False,mem,sac,123,128,42,18,37,26,0,26,37,27,38,0,home,4.5,224.5,170.0,-200.0,2.0,115.0,1.0,1,True
2020,2020-01-02,True,False,bkn,dal,111,123,30,35,28,18,0,31,29,33,30,0,home,8.0,223.0,280.0,-360.0,7.5,114.5,1.0,1,True
2020,2020-01-02,True,False,utah,chi,102,98,25,22,29,26,0,22,29,19,28,0,away,3.5,208.0,-170.0,145.0,2.5,107.5,1.0,0,False
2020,2020-01-02,True,False,det,lac,112,126,33,30,16,33,0,30,39,37,20,0,home,12.5,223.0,650.0,-1000.0,6.5,109.5,1.0,1,True
2020,2020-01-02,True,False,tor,mia,76,84,20,19,21,16,0,18,24,21,21,0,home,5.5,214.0,180.0,-220.0,2.5,104.0,1.0,0,True
2020,2020-01-02,True,False,den,ind,124,116,27,35,30,32,0,37,27,24,28,0,away,1.0,208.0,-115.0,-105.0,0.5,102.5,1.0,1,False
2020,2020-01-02,True,False,cha,cle,109,106,31,21,30,27,0,29,30,26,21,0,home,2.0,212.0,110.0,-130.0,1.5,104.0,0.0,1,False
2020,2020-01-02,True,False,gs,min,84,99,19,22,26,17,0,34,24,23,18,0,home,3.0,211.5,130.0,-150.0,3.5,102.5,1.0,0,True
2020,2020-01-03,True,False,no,lal,113,123,30,32,21,30,0,42,32,31,18,0,home,10.0,225.5,425.0,-600.0,2.0,111.5,2.0,1,True
2020,2020-01-03,True,False,ny,phx,112,120,37,24,26,25,0,29,22,32,37,0,home,7.0,224.5,240.0,-300.0,6.0,109.0,1.0,1,True
2020,2020-01-03,True,False,phi,hou,108,118,27,26,31,24,0,20,40,36,22,0,home,4.5,227.5,160.0,-190.0,0.0,116.0,1.0,0,True
2020,2020-01-03,True,False,atl,bos,106,109,32,23,25,26,0,19,34,29,27,0,home,10.5,224.5,450.0,-650.0,8.0,110.5,0.0,0,True
2020,2020-01-03,True,False,mia,orl,85,105,22,22,35,6,0,27,29,28,21,0,home,1.0,206.5,100.0,-120.0,3.5,100.5,1.0,0,True
2020,2020-01-03,True,False,por,wsh,122,103,27,39,25,31,0,31,27,20,25,0,away,7.5,232.5,-340.0,270.0,2.0,113.0,1.0,0,False
2020,2020-01-04,True,False,mem,lac,140,114,40,25,39,36,0,27,30,23,34,0,home,10.0,231.0,450.0,-650.0,10.5,121.0,0.0,1,False
2020,2020-01-04,True,False,tor,bkn,121,102,24,24,35,38,0,33,19,28,22,0,home,2.0,216.5,110.0,-130.0,0.5,106.0,0.0,1,False
2020,2020-01-04,True,False,utah,orl,109,96,33,19,24,33,0,25,22,28,21,0,away,4.0,206.5,-170.0,145.0,0.5,106.0,1.0,0,False
2020,2020-01-04,True,False,okc,cle,121,106,34,32,25,30,0,27,26,26,27,0,away,6.5,214.0,-300.0,240.0,0.5,104.0,1.0,1,False
2020,2020-01-04,True,False,ind,atl,111,116,26,34,35,16,0,43,21,32,20,0,away,7.0,220.5,-320.0,255.0,6.0,108.5,0.0,1,True
2020,2020-01-04,True,False,bos,chi,111,104,30,25,30,26,0,28,24,21,31,0,home,1.0,208.0,-105.0,-115.0,0.0,107.5,0.0,1,False
2020,2020-01-04,True,False,den,wsh,114,128,19,36,35,24,0,31,30,34,33,0,away,13.0,221.0,-1000.0,650.0,11.5,108.5,0.0,1,True
2020,2020-01-04,True,False,cha,dal,123,120,32,25,23,23,20,20,24,40,19,17,home,11.5,217.5,550.0,-800.0,10.5,107.0,0.0,1,False
2020,2020-01-04,True,False,sa,mil,118,127,31,35,25,27,0,29,42,32,24,0,home,12.0,228.0,600.0,-900.0,5.5,117.5,0.0,1,True
2020,2020-01-04,True,False,det,gs,111,104,25,31,27,28,0,23,36,21,24,0,away,3.0,213.5,-150.0,130.0,2.0,104.0,1.0,1,False
2020,2020-01-04,True,False,no,sac,117,115,25,27,24,41,0,26,22,32,35,0,home,2.5,225.5,120.0,-140.0,2.0,109.5,0.0,1,False
2020,2020-01-05,True,False,det,lal,99,106,22,25,32,20,0,23,33,19,31,0,home,14.5,220.0,1000.0,-2000.0,5.5,107.5,0.0,0,True
2020,2020-01-05,True,False,min,cle,118,103,24,42,28,24,0,20,28,31,24,0,away,6.0,217.5,-260.0,210.0,2.5,107.0,1.0,1,False
2020,2020-01-05,True,False,mem,phx,121,114,27,35,34,25,0,31,26,20,37,0,home,7.0,236.0,240.0,-300.0,6.5,121.5,0.0,0,False
2020,2020-01-05,True,False,ny,lac,132,135,45,24,31,32,0,29,47,38,21,0,home,9.5,221.0,400.0,-550.0,4.0,109.0,0.0,1,True
2020,2020-01-05,True,False,por,mia,111,122,19,27,35,30,0,31,34,29,28,0,home,5.0,215.5,185.0,-230.0,2.5,104.5,1.0,1,True
2020,2020-01-06,True,False,gs,sac,98,111,19,21,24,34,0,26,26,38,21,0,home,10.0,213.0,425.0,-600.0,2.5,104.0,1.0,0,True
2020,2020-01-06,True,False,chi,dal,110,118,27,28,27,28,0,33,28,27,30,0,home,8.0,217.5,300.0,-400.0,3.0,106.5,2.0,1,True
2020,2020-01-06,True,False,utah,no,128,126,35,33,27,33,0,36,28,33,29,0,away,4.0,221.0,-180.0,150.0,1.5,114.5,0.0,1,False
2020,2020-01-06,True,False,den,atl,123,115,29,35,27,32,0,31,25,30,29,0,away,7.5,224.0,-330.0,260.0,1.5,108.5,1.0,1,False
2020,2020-01-06,True,False,mil,sa,104,126,22,30,29,23,0,27,38,26,35,0,away,8.0,228.5,-400.0,300.0,10.0,118.0,0.0,1,True
2020,2020-01-06,True,False,bos,wsh,94,99,17,23,32,22,0,26,25,23,25,0,away,8.5,225.0,-440.0,340.0,9.5,115.0,0.0,0,True
2020,2020-01-06,True,False,ind,cha,115,104,27,15,37,36,0,29,15,21,39,0,away,6.5,209.0,-265.0,215.0,5.5,103.0,1.0,1,False
2020,2020-01-06,True,False,bkn,orl,89,101,22,17,32,18,0,20,32,23,26,0,home,5.0,212.5,180.0,-220.0,1.5,108.5,1.0,0,True
2020,2020-01-06,True,False,okc,phi,113,120,31,21,34,27,0,31,31,28,30,0,home,8.0,210.5,270.0,-340.0,1.0,102.0,0.0,1,True
2020,2020-01-07,True,False,sac,phx,114,103,26,27,25,36,0,29,24,34,16,0,home,6.5,226.0,230.0,-280.0,4.5,110.0,0.0,0,False
2020,2020-01-07,True,False,det,cle,115,113,27,27,30,31,0,29,38,28,18,0,away,3.5,219.5,-170.0,145.0,6.0,107.5,0.0,1,False
2020,2020-01-07,True,False,por,tor,101,99,15,31,23,32,0,24,32,22,21,0,home,2.5,221.0,120.0,-140.0,2.5,107.0,0.0,0,False
2020,2020-01-07,True,False,okc,bkn,111,103,27,22,25,27,10,23,25,29,24,2,home,1.0,217.0,100.0,-120.0,0.0,105.5,0.0,0,False
2020,2020-01-07,True,False,min,mem,112,119,32,24,28,28,0,27,24,31,37,0,home,4.5,228.5,160.0,-190.0,3.5,111.5,1.0,1,True
2020,2020-01-07,True,False,ny,lal,87,117,21,24,25,17,0,26,36,23,32,0,home,13.5,222.5,900.0,-1600.0,2.5,107.5,1.0,0,True
2020,2020-01-08,True,False,ny,utah,104,128,29,24,16,35,0,39,33,23,33,0,home,14.0,213.5,850.0,-1500.0,2.0,104.0,1.0,1,True
2020,2020-01-08,True,False,chi,no,108,123,21,27,27,33,0,23,25,44,31,0,home,3.0,225.0,140.0,-160.0,2.0,109.0,1.0,1,True
2020,2020-01-08,True,False,mil,gs,107,98,19,28,34,26,0,19,20,33,26,0,away,13.5,217.5,-1500.0,850.0,6.0,111.5,0.0,0,False
2020,2020-01-08,True,False,den,dal,107,106,27,29,30,21,0,32,27,30,17,0,home,4.0,221.5,155.0,-185.0,1.5,108.5,0.0,0,False
2020,2020-01-08,True,False,hou,atl,122,115,45,32,22,23,0,29,33,23,30,0,away,8.0,237.0,-360.0,280.0,0.0,114.5,0.0,2,False
2020,2020-01-08,True,False,wsh,orl,89,123,23,29,20,17,0,32,37,28,26,0,home,9.5,218.5,375.0,-500.0,0.5,105.5,1.0,0,True
2020,2020-01-08,True,False,mia,ind,122,108,31,31,38,22,0,23,26,23,36,0,home,1.5,210.0,105.0,-125.0,4.5,102.0,0.0,1,False
2020,2020-01-08,True,False,tor,cha,112,110,29,31,22,18,12,31,24,26,19,10,away,2.5,207.0,-140.0,120.0,0.0,102.0,0.0,1,False
2020,2020-01-08,True,False,sa,bos,129,114,34,31,34,30,0,22,25,36,31,0,home,7.0,220.5,250.0,-310.0,8.5,113.5,0.0,1,False
2020,2020-01-09,True,False,cle,det,115,112,26,24,31,21,13,32,29,22,19,10,home,7.0,221.0,235.0,-290.0,2.0,113.0,0.0,1,False
2020,2020-01-09,True,False,bos,phi,98,109,35,20,25,18,0,26,22,29,32,0,home,0.0,218.0,-110.0,-110.0,2.0,112.0,1.0,0,True
2020,2020-01-09,True,False,por,min,102,116,34,13,27,28,0,28,31,41,16,0,home,0.0,224.0,-110.0,-110.0,4.0,110.0,1.0,0,True
2020,2020-01-09,True,False,hou,okc,92,113,21,27,19,25,0,37,23,29,24,0,away,3.5,227.5,-170.0,145.0,6.0,110.5,0.0,0,True
2020,2020-01-10,True,False,sa,mem,121,134,32,25,41,23,0,37,26,37,34,0,home,0.0,231.0,-110.0,-110.0,1.5,118.0,1.0,1,True
2020,2020-01-10,True,False,mil,sac,127,106,34,19,37,37,0,18,26,31,31,0,away,9.5,224.0,-500.0,375.0,3.0,113.5,1.0,1,False
2020,2020-01-10,True,False,orl,phx,94,98,25,23,27,19,0,27,31,19,21,0,home,4.0,217.5,145.0,-170.0,1.0,106.5,2.0,0,True
2020,2020-01-10,True,False,cha,utah,92,109,13,25,24,30,0,29,32,26,22,0,home,12.0,210.5,600.0,-900.0,0.5,100.5,1.0,0,True
2020,2020-01-10,True,False,lal,dal,129,114,45,34,20,30,0,27,31,28,28,0,home,2.5,223.0,115.0,-135.0,7.5,108.0,0.0,1,False
2020,2020-01-10,True,False,mia,bkn,113,117,42,27,20,24,0,32,25,32,28,0,away,4.0,217.5,-185.0,155.0,1.0,106.0,0.0,1,True
2020,2020-01-10,True,False,no,ny,123,111,33,34,28,28,0,31,30,25,25,0,away,4.0,226.0,-180.0,150.0,1.0,111.0,1.0,1,False
2020,2020-01-10,True,False,gs,lac,100,109,20,33,30,17,0,22,26,25,36,0,home,14.5,218.0,850.0,-1500.0,11.0,107.5,0.0,0,True
2020,2020-01-10,True,False,atl,wsh,101,111,21,30,28,22,0,30,26,25,30,0,away,1.0,239.0,-115.0,-105.0,2.0,115.5,0.0,0,True
2020,2020-01-10,True,False,ind,chi,116,105,29,25,25,37,0,27,19,26,33,0,home,1.0,213.0,-105.0,-115.0,3.0,103.5,0.0,1,False
2020,2020-01-11,True,False,cle,den,111,103,23,28,34,26,0,18,24,29,32,0,home,12.5,216.5,650.0,-1000.0,12.5,111.5,0.0,0,False
2020,2020-01-11,True,False,chi,det,108,99,35,26,20,27,0,20,29,22,28,0,home,4.0,215.5,145.0,-170.0,5.0,105.0,0.0,0,False
2020,2020-01-11,True,False,mil,por,122,101,32,32,33,25,0,24,31,25,21,0,away,7.5,232.0,-350.0,275.0,1.5,118.5,1.0,0,False
2020,2020-01-11,True,False,phi,dal,91,109,22,28,16,25,0,20,21,32,36,0,home,2.5,222.0,130.0,-150.0,4.0,113.5,1.0,0,True
2020,2020-01-11,True,False,no,bos,105,140,24,33,25,23,0,41,31,42,26,0,home,11.5,223.5,550.0,-800.0,2.5,109.5,1.0,1,True
2020,2020-01-11,True,False,min,hou,109,139,20,21,35,33,0,22,35,45,37,0,home,10.0,232.0,400.0,-550.0,0.5,112.5,1.0,1,True
2020,2020-01-11,True,False,lal,okc,125,110,41,32,29,23,0,19,30,33,28,0,home,8.5,213.5,300.0,-400.0,11.0,104.5,0.0,1,False
2020,2020-01-12,True,False,mia,ny,121,124,31,29,34,27,0,27,28,29,40,0,away,7.5,217.0,-340.0,274.0,3.0,106.0,0.0,1,True
2020,2020-01-12,True,False,utah,wsh,127,116,23,32,38,34,0,34,32,25,25,0,away,6.0,224.0,-380.0,303.0,6.5,115.0,1.0,1,False
2020,2020-01-12,True,False,atl,bkn,86,108,16,30,20,20,0,37,33,22,16,0,home,9.0,225.5,192.0,-230.0,1.0,109.0,1.0,0,True
2020,2020-01-12,True,False,gs,mem,102,122,26,33,17,26,0,27,33,35,27,0,home,6.5,225.0,215.0,-260.0,4.0,111.0,1.0,0,True
2020,2020-01-12,True,False,sa,tor,105,104,21,22,26,36,0,28,23,31,22,0,home,5.0,220.0,140.0,-160.0,0.0,112.5,0.0,0,False
2020,2020-01-12,True,False,lac,den,104,114,30,22,22,30,0,29,37,23,25,0,home,0.0,221.5,-105.0,-115.0,3.5,108.0,1.0,0,True
2020,2020-01-12,True,False,cha,phx,92,100,24,21,26,21,0,18,28,25,29,0,home,8.5,217.0,281.0,-350.0,5.5,106.5,0.0,0,True
2020,2020-01-13,True,False,orl,sac,114,112,33,32,21,28,0,25,27,33,27,0,away,1.0,212.0,117.0,-137.0,4.0,104.5,1.0,1,False
2020,2020-01-13,True,False,phi,ind,95,101,23,26,20,26,0,22,18,29,32,0,home,3.5,214.5,110.0,-130.0,4.5,109.0,1.0,0,True
2020,2020-01-13,True,False,no,det,117,110,32,31,26,13,15,23,29,25,25,8,home,5.0,221.5,-112.0,-108.0,5.5,108.0,0.0,1,False
2020,2020-01-13,True,False,chi,bos,101,113,14,23,34,30,0,28,27,28,30,0,home,9.5,216.5,384.0,-500.0,0.0,104.5,1.0,0,True
2020,2020-01-13,True,False,okc,min,117,104,30,33,29,25,0,33,27,19,25,0,away,2.5,218.0,-140.0,120.0,0.5,107.0,1.0,1,False
2020,2020-01-13,True,False,cha,por,112,115,26,20,43,23,0,25,37,29,24,0,home,9.5,215.5,400.0,-525.0,0.0,105.0,0.0,1,True
2020,2020-01-13,True,False,cle,lal,99,128,27,21,22,29,0,21,26,37,44,0,home,14.0,222.0,876.0,-1500.0,9.5,112.5,1.0,1,True
2020,2020-01-14,True,False,utah,bkn,118,107,30,29,29,30,0,26,19,29,33,0,away,3.0,222.5,-135.0,115.0,3.0,114.0,1.0,1,False
2020,2020-01-14,True,False,dal,gs,124,97,36,29,29,30,0,26,21,24,26,0,away,8.0,223.5,-340.0,274.0,0.5,109.0,1.0,0,False
2020,2020-01-14,True,False,cle,lac,103,128,26,24,21,32,0,31,35,40,22,0,home,16.0,224.0,912.0,-1600.0,4.5,114.0,1.0,1,True
2020,2020-01-14,True,False,phx,atl,110,123,25,26,32,27,0,28,28,28,39,0,away,1.5,230.5,-200.0,170.0,2.0,117.5,0.0,1,True
2020,2020-01-14,True,False,hou,mem,110,121,37,24,22,27,0,32,35,18,36,0,away,4.5,240.5,-180.0,155.0,5.0,118.0,0.0,0,True
2020,2020-01-14,True,False,ny,mil,102,128,23,17,36,26,0,29,36,43,20,0,home,16.5,229.0,1150.0,-2400.0,3.0,111.0,1.0,1,True
2020,2020-01-15,True,False,orl,lal,119,118,35,30,24,30,0,29,29,30,30,0,home,10.0,209.5,459.0,-620.0,10.0,104.5,0.0,1,False
2020,2020-01-15,True,False,dal,sac,127,123,35,36,37,19,0,31,36,26,30,0,away,4.0,225.5,-165.0,144.0,1.5,111.0,2.0,1,False
2020,2020-01-15,True,False,cha,den,86,100,25,17,27,17,0,28,29,17,26,0,home,11.5,209.5,711.0,-1100.0,1.0,102.0,1.0,0,True
2020,2020-01-15,True,False,wsh,chi,106,115,26,34,20,26,0,24,31,30,30,0,home,4.0,228.5,151.0,-175.0,4.0,112.5,1.0,0,True
2020,2020-01-15,True,False,por,hou,117,107,28,32,30,27,0,26,21,30,30,0,home,8.5,236.5,303.0,-380.0,9.0,115.5,0.0,0,False
2020,2020-01-15,True,False,ind,min,104,99,24,30,22,28,0,30,29,18,22,0,away,4.5,218.0,-132.0,112.0,3.5,107.5,1.0,0,False
2020,2020-01-15,True,False,sa,mia,100,106,17,34,26,23,0,24,27,24,31,0,home,5.0,219.5,192.0,-230.0,3.5,113.5,1.0,0,True
2020,2020-01-15,True,False,det,bos,116,103,27,30,34,25,0,24,35,23,21,0,home,9.0,218.0,384.0,-500.0,6.0,107.5,0.0,1,False
2020,2020-01-15,True,False,bkn,phi,106,117,28,29,33,16,0,25,29,32,31,0,home,6.5,221.5,263.0,-325.0,5.5,114.5,1.0,1,True
2020,2020-01-15,True,False,tor,okc,130,121,38,35,24,33,0,25,30,28,38,0,home,1.5,212.5,110.0,-130.0,5.5,103.5,0.0,1,False
2020,2020-01-16,True,False,phx,ny,121,98,25,33,32,31,0,32,20,27,19,0,away,2.5,226.5,-135.0,115.0,1.0,116.5,1.0,0,False
2020,2020-01-16,True,False,bos,mil,123,128,20,38,29,36,0,36,40,30,22,0,home,11.0,227.5,500.0,-700.0,1.0,116.5,0.0,1,True
2020,2020-01-16,True,False,utah,no,132,138,28,21,42,31,10,25,31,31,35,16,away,5.5,225.0,-230.0,185.0,5.0,115.0,0.0,1,True
2020,2020-01-16,True,False,orl,lac,95,122,26,22,28,19,0,34,33,24,31,0,home,10.0,217.0,425.0,-600.0,0.0,105.5,1.0,2,True
2020,2020-01-16,True,False,den,gs,134,131,19,26,28,40,21,34,28,23,28,18,away,3.5,213.0,-170.0,145.0,6.5,104.5,0.0,1,False
2020,2020-01-17,True,False,por,dal,112,120,37,26,26,23,0,38,34,26,22,0,home,7.5,228.5,280.0,-360.0,1.5,112.5,1.0,1,True
2020,2020-01-17,True,False,atl,sa,121,120,29,38,21,33,0,27,31,41,21,0,home,9.0,231.0,350.0,-450.0,8.0,113.5,0.0,1,False
2020,2020-01-17,True,False,cle,mem,109,113,25,31,20,33,0,27,27,38,21,0,home,9.0,229.5,340.0,-440.0,7.0,118.0,0.0,0,True
2020,2020-01-17,True,False,wsh,tor,111,140,26,25,25,35,0,38,27,35,40,0,home,10.5,231.0,425.0,-600.0,1.5,111.5,1.0,1,True
2020,2020-01-17,True,False,min,ind,114,116,26,35,32,21,0,32,35,32,17,0,home,6.5,218.0,230.0,-280.0,1.5,106.5,0.0,1,True
2020,2020-01-17,True,False,chi,phi,89,100,24,23,24,18,0,21,25,35,19,0,home,7.5,213.5,285.0,-370.0,6.5,105.0,1.0,0,True
2020,2020-01-17,True,False,mia,okc,115,108,40,21,31,23,0,26,21,31,30,0,away,1.0,216.5,-115.0,-105.0,4.0,105.0,1.0,1,False
2020,2020-01-18,True,False,lac,no,133,130,33,39,30,31,0,35,45,30,20,0,away,5.5,235.5,-240.0,190.0,6.0,116.5,0.0,1,False
2020,2020-01-18,True,False,mil,bkn,117,97,30,27,36,24,0,22,20,29,26,0,away,11.0,235.5,-650.0,450.0,1.0,121.0,1.0,0,False
2020,2020-01-18,True,False,phx,bos,123,119,26,34,27,36,0,20,31,25,43,0,home,4.5,220.5,170.0,-200.0,4.5,112.5,0.0,1,False
2020,2020-01-18,True,False,det,atl,136,103,36,35,32,33,0,29,26,21,27,0,away,1.0,227.5,-120.0,100.0,3.5,110.0,1.0,1,False
2020,2020-01-18,True,False,phi,ny,90,87,28,24,18,20,0,25,21,23,18,0,away,4.0,218.5,-180.0,150.0,1.5,107.0,0.0,0,False
2020,2020-01-18,True,False,tor,min,122,112,32,26,31,33,0,39,23,22,28,0,away,4.0,224.5,-185.0,155.0,5.0,109.5,1.0,1,False
2020,2020-01-18,True,False,cle,chi,116,118,33,40,29,14,0,31,25,31,31,0,home,7.5,215.0,275.0,-350.0,8.5,111.0,0.0,1,True
2020,2020-01-18,True,False,lal,hou,124,115,27,32,32,33,0,34,31,17,33,0,home,3.5,235.0,140.0,-160.0,0.0,114.0,0.0,1,False
2020,2020-01-18,True,False,orl,gs,95,109,25,27,19,24,0,28,25,29,27,0,away,6.0,214.0,-250.0,200.0,4.5,105.5,0.0,0,True
2020,2020-01-18,True,False,por,okc,106,119,24,33,20,29,0,32,32,23,32,0,home,6.5,216.0,220.0,-270.0,1.5,106.5,1.0,1,True
2020,2020-01-18,True,False,sac,utah,101,123,22,27,28,24,0,38,25,32,28,0,home,9.0,223.0,350.0,-450.0,0.5,109.0,1.0,1,True
2020,2020-01-19,True,False,mia,sa,102,107,31,23,30,18,0,28,32,26,21,0,away,1.5,222.5,-120.0,100.0,2.0,109.5,0.0,0,True
2020,2020-01-19,True,False,ind,den,115,107,15,29,30,41,0,21,29,31,26,0,away,1.0,213.5,-115.0,-105.0,2.0,104.0,1.0,1,False
2020,2020-01-20,True,False,okc,hou,112,107,22,35,14,41,0,25,39,23,20,0,home,7.5,230.5,250.0,-310.0,2.0,112.0,0.0,0,False
2020,2020-01-20,True,False,den,min,107,100,26,29,26,26,0,29,25,25,21,0,home,3.5,221.0,140.0,-160.0,3.0,108.0,0.0,0,False
2020,2020-01-20,True,False,no,mem,126,116,31,38,29,28,0,30,20,27,39,0,home,3.5,242.0,140.0,-160.0,7.0,118.5,0.0,2,False
2020,2020-01-20,True,False,sa,phx,120,118,28,38,30,24,0,26,25,32,35,0,home,4.5,230.0,160.0,-190.0,7.0,117.5,0.0,1,False
2020,2020-01-20,True,False,gs,por,124,129,23,34,35,21,11,27,26,34,26,16,home,7.5,222.0,260.0,-330.0,7.0,109.0,0.0,1,True
2020,2020-01-20,True,False,orl,cha,106,83,19,32,21,34,0,27,18,20,18,0,away,3.5,206.5,-160.0,140.0,0.5,101.0,1.0,0,False
2020,2020-01-20,True,False,ind,utah,88,118,23,21,19,25,0,29,27,24,38,0,home,8.0,215.5,300.0,-400.0,0.5,105.5,1.0,0,True
2020,2020-01-20,True,False,chi,mil,98,111,23,29,25,21,0,30,23,31,27,0,home,15.5,225.5,1100.0,-2500.0,9.0,110.0,0.0,0,True
2020,2020-01-20,True,False,ny,cle,106,86,26,23,30,27,0,26,24,14,22,0,away,1.5,222.0,-120.0,100.0,1.5,108.0,1.0,0,False
2020,2020-01-20,True,False,det,wsh,100,106,35,23,23,19,0,30,30,23,23,0,home,0.0,232.0,-110.0,-110.0,0.5,113.5,1.0,0,True
2020,2020-01-20,True,False,tor,atl,122,117,36,21,26,39,0,25,35,22,35,0,away,9.0,231.0,-450.0,350.0,7.5,113.5,0.0,1,False
2020,2020-01-20,True,False,lal,bos,107,139,30,25,25,27,0,33,36,35,35,0,away,3.0,226.5,-160.0,140.0,6.5,111.0,0.0,1,True
2020,2020-01-20,True,False,sac,mia,113,118,24,34,20,27,8,21,35,20,29,13,home,3.5,221.0,135.0,-155.0,3.5,107.5,1.0,1,True
2020,2020-01-20,True,False,phi,bkn,117,111,29,35,26,27,0,32,36,23,20,0,away,2.5,218.5,-140.0,120.0,2.5,107.5,1.0,1,False
2020,2020-01-21,True,False,lac,dal,110,107,24,36,22,28,0,24,25,29,29,0,home,2.5,231.5,120.0,-140.0,5.0,114.0,0.0,0,False
2020,2020-01-22,True,False,utah,gs,129,96,31,34,35,29,0,17,26,26,27,0,away,9.0,220.5,-450.0,350.0,0.5,112.5,1.0,1,False
2020,2020-01-22,True,False,ind,phx,112,87,30,24,29,29,0,24,24,17,22,0,away,1.0,221.5,-115.0,-105.0,1.0,108.5,1.0,0,False
2020,2020-01-22,True,False,min,chi,110,117,26,26,27,31,0,35,24,22,36,0,home,0.0,219.5,-110.0,-110.0,1.5,106.5,1.0,1,True
2020,2020-01-22,True,False,sa,no,121,117,31,29,34,27,0,24,27,31,35,0,home,3.5,236.5,140.0,-160.0,4.5,121.0,0.0,1,False
2020,2020-01-22,True,False,mem,bos,95,119,27,17,19,32,0,25,33,41,20,0,home,7.0,232.5,230.0,-280.0,0.5,118.0,1.0,0,True
2020,2020-01-22,True,False,den,hou,105,121,28,15,28,34,0,35,25,32,29,0,home,10.0,227.0,400.0,-550.0,1.0,110.0,1.0,0,True
2020,2020-01-22,True,False,phi,tor,95,107,35,15,22,23,0,26,24,26,31,0,home,6.0,216.0,200.0,-250.0,4.5,105.5,1.0,0,True
2020,2020-01-22,True,False,lal,ny,100,92,28,20,28,24,0,25,23,22,22,0,away,11.5,224.0,-750.0,525.0,8.0,108.5,0.0,0,False
2020,2020-01-22,True,False,wsh,mia,129,134,27,23,33,35,11,30,39,21,28,16,home,10.0,229.0,425.0,-600.0,1.0,111.5,0.0,1,True
2020,2020-01-22,True,False,okc,orl,120,114,24,36,32,28,0,21,30,38,25,0,home,2.5,210.0,120.0,-140.0,4.0,103.0,0.0,1,False
2020,2020-01-22,True,False,sac,det,106,127,27,23,25,31,0,26,31,36,34,0,away,2.0,222.0,-125.0,105.0,3.0,108.5,0.0,1,True
2020,2020-01-22,True,False,lac,atl,95,102,32,28,15,20,0,16,25,28,33,0,away,4.5,228.0,-200.0,170.0,2.5,110.5,0.0,0,True
2020,2020-01-23,True,False,wsh,cle,124,112,29,39,32,24,0,24,37,25,26,0,home,2.5,231.0,120.0,-140.0,2.5,113.0,0.0,1,False
2020,2020-01-23,True,False,lal,bkn,128,113,38,37,29,24,0,35,35,24,19,0,away,5.5,232.5,-250.0,200.0,2.0,115.5,1.0,1,False
2020,2020-01-23,True,False,dal,por,133,125,45,33,25,30,0,37,26,27,35,0,away,5.5,227.0,-230.0,185.0,2.0,110.5,1.0,1,False
2020,2020-01-24,True,False,den,no,113,106,37,26,31,19,0,28,28,26,24,0,home,4.0,229.5,150.0,-180.0,4.0,111.5,0.0,0,False
2020,2020-01-24,True,False,ind,gs,129,118,35,32,31,31,0,30,21,35,32,0,away,6.5,216.0,-270.0,220.0,1.0,107.0,1.0,1,False
2020,2020-01-24,True,False,phx,sa,103,99,22,34,22,25,0,28,16,28,27,0,home,4.5,225.5,170.0,-200.0,6.0,116.0,0.0,0,False
2020,2020-01-24,True,False,atl,okc,111,140,30,28,32,21,0,33,33,38,36,0,home,8.0,231.0,300.0,-400.0,1.5,112.5,1.0,1,True
2020,2020-01-24,True,False,hou,min,131,124,36,27,31,37,0,26,34,24,40,0,away,5.5,235.0,-250.0,200.0,3.5,114.0,1.0,1,False
2020,2020-01-24,True,False,mil,cha,116,103,24,26,28,38,0,31,24,23,25,0,away,14.5,219.5,-1400.0,800.0,11.5,114.0,0.0,0,False
2020,2020-01-24,True,False,sac,chi,98,81,29,25,21,23,0,21,23,25,12,0,home,1.5,217.5,110.0,-130.0,3.5,105.5,0.0,0,False
2020,2020-01-24,True,False,tor,ny,118,112,20,36,29,33,0,28,25,26,33,0,away,8.5,217.5,-425.0,325.0,5.5,106.0,0.0,1,False
2020,2020-01-24,True,False,mem,det,125,112,35,31,26,33,0,23,38,24,27,0,away,1.5,231.5,-125.0,105.0,0.5,118.5,1.0,1,False
2020,2020-01-24,True,False,bos,orl,109,98,24,29,29,27,0,30,27,20,21,0,home,3.0,213.0,130.0,-150.0,0.5,110.0,0.0,0,False
2020,2020-01-24,True,False,lac,mia,122,117,22,41,38,21,0,30,35,20,32,0,away,2.0,218.5,-135.0,115.0,1.5,108.5,1.0,1,False
2020,2020-01-25,True,False,dal,utah,107,112,36,22,26,23,0,25,30,25,32,0,home,5.0,226.5,175.0,-210.0,5.0,111.5,2.0,0,True
2020,2020-01-25,True,False,bkn,det,121,111,26,24,30,26,15,25,35,17,29,5,away,2.5,229.0,-140.0,120.0,4.5,117.0,1.0,1,False
2020,2020-01-25,True,False,chi,cle,118,106,25,34,40,19,0,31,26,19,30,0,home,1.0,210.5,-105.0,-115.0,0.0,104.5,0.0,1,False
2020,2020-01-25,True,False,okc,min,113,104,28,24,39,22,0,22,26,24,32,0,home,1.5,226.0,105.0,-125.0,2.0,109.5,0.0,0,False
2020,2020-01-25,True,False,lal,phi,91,108,25,25,23,18,0,35,24,26,23,0,away,5.0,217.5,-230.0,185.0,6.0,107.0,0.0,0,True
2020,2020-01-26,True,False,wsh,atl,133,152,33,39,30,31,0,31,47,41,33,0,home,1.0,241.5,-105.0,-115.0,1.5,119.0,1.0,1,True
2020,2020-01-26,True,False,ind,por,129,139,27,29,37,36,0,36,30,40,33,0,home,3.0,221.0,130.0,-150.0,1.5,109.5,1.0,1,True
2020,2020-01-26,True,False,lac,orl,112,97,26,28,31,27,0,28,24,20,25,0,away,3.0,217.5,-155.0,135.0,1.5,107.0,1.0,0,False
2020,2020-01-26,True,False,bkn,ny,97,110,28,24,24,21,0,30,25,30,25,0,home,2.5,219.5,120.0,-140.0,0.5,111.0,1.0,0,True
2020,2020-01-26,True,False,bos,no,108,123,20,22,39,27,0,32,30,29,32,0,home,1.5,233.0,105.0,-125.0,5.0,119.0,1.0,0,True
2020,2020-01-26,True,False,hou,den,110,117,36,23,30,21,0,27,30,33,27,0,home,2.5,225.5,120.0,-140.0,3.0,109.5,1.0,1,True
2020,2020-01-26,True,False,phx,mem,109,114,18,27,33,31,0,30,26,25,33,0,home,2.0,229.5,115.0,-135.0,2.0,117.5,1.0,0,True
2020,2020-01-26,True,False,tor,sa,110,106,37,26,23,24,0,21,30,34,21,0,away,3.5,220.0,-170.0,145.0,2.0,108.5,1.0,0,False
2020,2020-01-27,True,False,cle,det,115,100,24,29,36,26,0,23,22,27,28,0,home,7.0,214.0,240.0,-300.0,6.0,109.5,0.0,1,False
2020,2020-01-27,True,False,orl,mia,92,113,21,27,23,21,0,31,23,31,28,0,home,6.5,207.5,240.0,-300.0,2.0,102.0,1.0,0,True
2020,2020-01-27,True,False,dal,okc,107,97,25,34,29,19,0,22,25,30,20,0,away,5.0,223.0,-230.0,185.0,1.0,109.5,1.0,0,False
2020,2020-01-27,True,False,sac,min,133,129,24,26,28,41,14,37,31,29,22,10,home,3.0,224.0,135.0,-155.0,4.0,109.5,0.0,1,False
2020,2020-01-27,True,False,sa,chi,109,110,28,20,37,24,0,21,29,25,35,0,home,1.5,213.0,100.0,-120.0,0.5,109.0,0.0,1,True
2020,2020-01-27,True,False,hou,utah,126,117,28,31,28,39,0,20,26,29,42,0,home,14.5,221.0,900.0,-1600.0,12.0,110.0,0.0,1,False
2020,2020-01-28,True,False,gs,phi,104,115,27,27,28,22,0,26,33,27,29,0,home,13.0,216.0,750.0,-1200.0,6.5,105.5,0.0,1,True
2020,2020-01-28,True,False,phx,dal,133,104,32,28,48,25,0,19,36,22,27,0,home,7.0,228.5,250.0,-310.0,7.5,117.0,0.0,1,False
2020,2020-01-28,True,False,wsh,mil,131,151,28,35,41,27,0,42,46,29,34,0,home,11.5,241.5,550.0,-800.0,0.0,118.0,1.0,1,True
2020,2020-01-28,True,False,den,mem,96,104,18,32,16,30,0,31,32,19,22,0,home,1.5,224.0,105.0,-125.0,3.5,108.5,1.0,0,True
2020,2020-01-28,True,False,ny,cha,92,97,26,24,16,26,0,15,32,21,29,0,home,1.5,209.0,100.0,-120.0,1.5,103.5,1.0,0,True
2020,2020-01-28,True,False,no,cle,125,111,40,34,30,21,0,34,31,25,21,0,away,8.5,232.0,-380.0,290.0,1.5,114.0,1.0,1,False
2020,2020-01-28,True,False,bos,mia,109,101,36,17,27,29,0,28,20,28,25,0,home,2.0,218.5,115.0,-135.0,2.5,112.0,0.0,0,False
2020,2020-01-28,True,False,atl,tor,114,130,23,33,27,31,0,33,35,29,33,0,home,13.0,234.5,750.0,-1200.0,4.0,114.0,1.0,1,True
2020,2020-01-29,True,False,utah,sa,120,127,29,33,32,26,0,37,33,28,29,0,away,5.0,221.5,-240.0,190.0,5.0,115.0,0.0,1,True
2020,2020-01-29,True,False,okc,sac,120,100,23,36,37,24,0,16,31,29,24,0,away,2.5,219.0,-140.0,120.0,2.5,106.5,1.0,1,False
2020,2020-01-29,True,False,hou,por,112,125,36,24,22,30,0,30,41,26,28,0,away,5.0,242.0,-220.0,180.0,5.5,119.5,0.0,0,True
2020,2020-01-29,True,False,mem,ny,127,106,32,27,37,31,0,32,20,32,22,0,away,2.5,222.0,-140.0,120.0,1.0,114.5,1.0,1,False
2020,2020-01-29,True,False,chi,ind,106,115,24,27,29,20,6,25,30,25,20,15,home,8.5,215.0,325.0,-425.0,3.5,106.5,1.0,1,True
2020,2020-01-29,True,False,det,bkn,115,125,30,38,25,22,0,32,38,29,26,0,home,5.5,226.0,200.0,-250.0,3.0,109.5,1.0,1,True
2020,2020-01-30,True,False,tor,cle,115,109,31,25,32,27,0,26,26,24,33,0,away,9.5,223.5,-550.0,400.0,4.5,109.5,0.0,1,False
2020,2020-01-30,True,False,cha,wsh,107,121,33,27,19,28,0,26,29,31,35,0,home,4.0,227.0,150.0,-180.0,3.5,112.0,1.0,1,True
2020,2020-01-30,True,False,phi,atl,117,127,31,36,25,25,0,39,35,25,28,0,away,6.0,228.5,-260.0,210.0,7.5,113.0,0.0,1,True
2020,2020-01-30,True,False,gs,bos,104,119,22,28,29,25,0,29,31,31,28,0,home,13.5,224.5,750.0,-1200.0,4.0,110.0,1.0,0,True
2020,2020-01-30,True,False,sac,lac,124,103,28,36,21,39,0,33,14,24,32,0,home,14.0,224.0,850.0,-1500.0,11.0,110.5,0.0,1,False
2020,2020-01-30,True,False,utah,den,100,106,23,25,22,30,0,21,22,33,30,0,away,3.0,215.5,-150.0,130.0,0.5,111.0,0.0,0,True
2020,2020-01-31,True,False,por,lal,127,119,38,22,43,24,0,36,26,34,23,0,home,13.0,232.5,750.0,-1200.0,7.0,114.0,0.0,1,False
2020,2020-01-31,True,False,den,mil,127,115,35,25,40,27,0,43,24,24,24,0,home,13.0,226.0,700.0,-1100.0,6.0,111.0,0.0,1,False
2020,2020-01-31,True,False,okc,phx,111,107,25,28,26,32,0,27,25,29,26,0,home,0.0,223.0,-110.0,-110.0,0.0,109.0,0.0,0,False
2020,2020-01-31,True,False,chi,bkn,118,133,23,34,39,22,0,35,38,30,30,0,home,5.5,219.0,190.0,-240.0,2.0,105.0,1.0,1,True
2020,2020-01-31,True,False,dal,hou,121,128,28,32,25,36,0,35,30,36,27,0,home,8.0,238.0,290.0,-380.0,3.0,117.0,0.0,1,True
2020,2020-01-31,True,False,tor,det,105,92,30,30,18,27,0,20,27,22,23,0,away,4.0,222.0,-180.0,150.0,1.5,108.0,1.0,0,False
2020,2020-01-31,True,False,mem,no,111,139,22,37,27,25,0,31,35,44,29,0,home,7.5,242.0,260.0,-330.0,2.0,123.5,1.0,1,True
2020,2020-02-01,True,False,atl,dal,100,123,26,23,23,28,0,36,26,35,26,0,home,4.5,236.5,170.0,-200.0,2.0,115.0,1.0,0,True
2020,2020-02-01,True,False,lal,sac,129,113,44,37,23,25,0,22,42,25,24,0,away,7.0,226.5,-300.0,240.0,1.0,110.5,1.0,1,False
2020,2020-02-01,True,False,utah,por,107,124,34,19,30,24,0,33,30,31,30,0,away,6.5,228.5,-270.0,220.0,6.0,118.5,0.0,1,True
2020,2020-02-01,True,False,phi,bos,95,116,19,32,16,28,0,32,27,27,30,0,away,1.5,213.0,-120.0,100.0,2.5,104.5,0.0,0,True
2020,2020-02-01,True,False,cha,sa,90,114,28,35,11,16,0,30,20,29,35,0,home,8.0,214.5,325.0,-425.0,8.0,105.0,1.0,0,True
2020,2020-02-01,True,False,bkn,wsh,107,113,36,25,23,23,0,27,32,22,32,0,away,1.5,242.0,-130.0,110.0,1.0,124.0,0.0,0,True
2020,2020-02-01,True,False,ny,ind,92,85,24,26,22,20,0,11,28,32,14,0,home,11.0,213.0,500.0,-700.0,9.5,105.5,0.0,0,False
2020,2020-02-01,True,False,mia,orl,102,89,28,29,19,26,0,25,24,18,22,0,away,2.5,209.5,-140.0,120.0,0.5,102.5,1.0,0,False
2020,2020-02-01,True,False,min,lac,106,118,32,23,31,20,0,40,22,36,20,0,home,10.5,230.5,450.0,-650.0,3.5,112.0,1.0,0,True
2020,2020-02-01,True,False,gs,cle,131,112,31,30,44,26,0,32,27,19,34,0,home,2.0,224.5,115.0,-135.0,2.5,109.5,0.0,1,False
2020,2020-02-02,True,False,den,det,123,128,44,21,24,22,12,30,38,22,21,17,away,2.5,211.5,-145.0,125.0,2.5,105.5,0.0,1,True
2020,2020-02-02,True,False,no,hou,109,117,28,32,33,16,0,30,35,27,25,0,home,5.0,251.0,180.0,-220.0,1.5,123.5,1.0,0,True
2020,2020-02-02,True,False,phx,mil,108,129,26,26,28,28,0,30,37,30,32,0,home,12.5,233.5,650.0,-1000.0,2.5,119.5,1.0,1,True
2020,2020-02-02,True,False,chi,tor,102,129,29,34,22,17,0,32,28,35,34,0,home,10.0,215.5,425.0,-600.0,7.5,107.0,1.0,1,True
2020,2020-02-03,True,False,sa,lac,105,108,39,24,19,23,0,29,25,31,23,0,home,9.0,229.0,375.0,-500.0,9.5,118.0,0.0,0,True
2020,2020-02-03,True,False,min,sac,109,113,20,30,34,25,0,29,36,28,20,0,home,1.0,225.5,-105.0,-115.0,4.5,110.5,1.0,0,True
2020,2020-02-03,True,False,det,mem,82,96,32,21,10,19,0,36,17,19,24,0,home,9.0,224.0,375.0,-500.0,6.5,109.0,1.0,0,True
2020,2020-02-03,True,False,bos,atl,123,115,28,32,35,28,0,34,28,22,31,0,away,6.0,232.0,-260.0,210.0,5.5,120.0,1.0,1,False
2020,2020-02-03,True,False,phi,mia,106,137,26,26,25,29,0,30,26,41,40,0,home,2.5,211.0,120.0,-140.0,0.5,103.5,1.0,1,True
2020,2020-02-03,True,False,gs,wsh,125,117,40,32,27,26,0,36,27,23,31,0,home,6.5,234.0,220.0,-270.0,6.5,115.0,0.0,1,False
2020,2020-02-03,True,False,orl,cha,112,100,25,31,29,27,0,24,30,23,23,0,away,5.0,203.5,-210.0,175.0,2.5,99.5,1.0,1,False
2020,2020-02-03,True,False,dal,ind,112,103,25,28,29,30,0,22,33,22,26,0,home,5.5,212.5,180.0,-220.0,3.0,104.5,0.0,1,False
2020,2020-02-03,True,False,ny,cle,139,134,33,30,32,32,12,37,25,38,27,7,away,2.5,216.5,-135.0,115.0,1.5,107.0,1.0,1,False
2020,2020-02-03,True,False,phx,bkn,97,119,31,21,21,24,0,35,20,35,29,0,home,2.0,224.5,115.0,-135.0,0.5,115.0,1.0,0,True
2020,2020-02-04,True,False,sa,lal,102,129,19,22,33,28,0,21,30,36,42,0,home,10.5,226.5,500.0,-700.0,3.0,115.0,1.0,1,True
2020,2020-02-04,True,False,por,den,99,127,28,10,36,25,0,37,27,36,27,0,home,4.5,226.0,155.0,-185.0,4.5,108.5,1.0,2,True
2020,2020-02-04,True,False,mil,no,120,108,26,32,42,20,0,33,28,24,23,0,away,6.5,245.0,-275.0,225.0,6.0,125.0,1.0,0,False
2020,2020-02-04,True,False,cha,hou,110,125,34,29,25,22,0,22,40,30,33,0,home,13.0,223.0,750.0,-1200.0,8.5,109.5,1.0,1,True
2020,2020-02-05,True,False,den,utah,98,95,25,24,23,26,0,32,25,18,20,0,home,10.0,215.0,365.0,-480.0,3.5,106.5,0.0,0,False
2020,2020-02-05,True,False,phx,det,108,116,31,30,25,22,0,38,26,25,27,0,away,3.0,217.5,-150.0,130.0,3.5,111.5,0.0,1,True
2020,2020-02-05,True,False,gs,bkn,88,129,25,22,17,24,0,40,28,27,34,0,home,6.5,222.5,225.0,-275.0,2.5,108.0,1.0,0,True
2020,2020-02-05,True,False,ind,tor,118,119,20,43,23,32,0,30,18,34,37,0,home,5.5,216.0,190.0,-240.0,7.5,105.0,0.0,1,True
2020,2020-02-05,True,False,orl,bos,100,116,24,32,24,20,0,32,25,30,29,0,home,5.5,209.5,190.0,-240.0,4.5,103.0,1.0,1,True
2020,2020-02-05,True,False,atl,min,127,120,36,28,32,31,0,24,32,21,43,0,home,4.5,239.5,160.0,-190.0,4.5,116.5,0.0,1,False
2020,2020-02-05,True,False,cle,okc,103,109,28,25,28,22,0,29,32,23,25,0,home,13.5,222.0,750.0,-1200.0,5.5,115.0,0.0,0,True
2020,2020-02-05,True,False,mem,dal,121,107,31,28,41,21,0,32,24,22,29,0,home,4.5,225.5,170.0,-200.0,4.5,116.5,0.0,1,False
2020,2020-02-05,True,False,mia,lac,111,128,23,35,22,31,0,25,30,37,36,0,home,6.5,224.5,225.0,-275.0,6.5,110.0,1.0,1,True
2020,2020-02-06,True,False,orl,ny,103,105,19,28,36,20,0,30,24,22,29,0,away,3.5,208.0,-170.0,145.0,4.0,102.0,0.0,2,True
2020,2020-02-06,True,False,no,chi,125,119,32,40,31,22,0,25,37,19,38,0,away,6.0,230.5,-240.0,190.0,0.5,114.0,2.0,1,False
2020,2020-02-06,True,False,phi,mil,101,112,26,25,23,27,0,22,32,32,26,0,home,9.0,228.0,375.0,-500.0,5.5,112.0,1.0,0,True
2020,2020-02-06,True,False,sa,por,117,125,35,25,32,25,0,27,32,27,39,0,home,3.5,228.0,140.0,-160.0,3.0,117.5,1.0,1,True
2020,2020-02-06,True,False,hou,lal,121,111,28,35,34,24,0,29,34,30,18,0,home,6.5,240.0,225.0,-275.0,4.0,117.0,0.0,0,False
2020,2020-02-07,True,False,por,utah,114,117,38,34,17,25,0,32,26,30,29,0,home,10.5,230.5,375.0,-500.0,10.5,114.0,0.0,1,True
2020,2020-02-07,True,False,mia,sac,97,105,28,22,26,21,0,30,22,31,22,0,away,1.0,219.5,-115.0,-105.0,0.5,108.0,0.0,0,True
2020,2020-02-07,True,False,tor,ind,115,106,36,28,23,28,0,31,32,20,23,0,home,1.0,217.5,100.0,-120.0,0.0,107.0,0.0,1,False
2020,2020-02-07,True,False,hou,phx,91,127,26,29,18,18,0,46,19,32,30,0,away,2.5,234.5,-140.0,120.0,4.5,115.0,0.0,0,True
2020,2020-02-07,True,False,atl,bos,107,112,26,29,18,34,0,28,26,33,25,0,home,12.5,225.0,525.0,-750.0,9.0,110.0,0.0,0,True
2020,2020-02-07,True,False,mem,phi,107,119,25,19,22,41,0,26,32,39,22,0,home,6.0,222.5,190.0,-240.0,0.5,113.5,1.0,1,True
2020,2020-02-07,True,False,dal,wsh,118,119,33,31,29,25,0,29,33,30,27,0,away,3.0,234.0,-160.0,140.0,1.5,114.0,0.0,1,True
2020,2020-02-07,True,False,det,okc,101,108,24,23,21,33,0,29,23,26,30,0,home,13.0,214.5,650.0,-1000.0,6.0,104.5,0.0,0,True
2020,2020-02-08,True,False,sa,sac,102,122,23,26,29,24,0,24,28,37,33,0,away,2.5,222.5,-140.0,120.0,2.0,115.0,0.0,1,True
2020,2020-02-08,True,False,lal,gs,125,120,33,33,30,29,0,25,34,25,36,0,away,14.0,224.5,-1600.0,900.0,6.5,110.5,0.0,1,False
2020,2020-02-08,True,False,lac,min,115,142,31,28,29,27,0,40,41,31,30,0,away,9.5,233.0,-500.0,375.0,11.5,113.5,0.0,1,True
2020,2020-02-08,True,False,bkn,tor,118,119,36,18,34,30,0,33,33,34,19,0,home,6.0,218.0,215.0,-265.0,0.5,111.5,0.0,1,True
2020,2020-02-08,True,False,den,phx,117,108,28,27,28,34,0,37,17,24,30,0,away,3.5,218.0,-180.0,150.0,2.5,107.0,1.0,1,False
2020,2020-02-08,True,False,dal,cha,116,100,31,33,30,22,0,10,33,22,35,0,away,3.5,212.0,-160.0,140.0,3.5,103.0,1.0,1,False
2020,2020-02-08,True,False,ny,det,95,92,17,31,19,28,0,28,22,17,25,0,away,1.5,212.0,-125.0,105.0,0.5,103.0,1.0,0,False
2020,2020-02-08,True,False,mil,orl,111,95,29,33,21,28,0,24,22,25,24,0,away,8.5,221.0,-400.0,300.0,0.0,112.0,1.0,0,False
2020,2020-02-08,True,False,no,ind,124,117,31,29,28,36,0,26,29,30,32,0,home,5.0,224.0,175.0,-210.0,5.5,111.0,0.0,1,False
2020,2020-02-09,True,False,bos,okc,112,111,28,24,32,28,0,32,29,23,27,0,away,1.5,219.5,-125.0,105.0,3.5,112.5,0.0,1,False
2020,2020-02-09,True,False,ny,atl,135,140,31,32,20,33,19,20,41,33,22,24,home,5.0,226.5,170.0,-200.0,5.0,110.5,2.0,1,True
2020,2020-02-09,True,False,chi,phi,111,118,25,30,28,28,0,38,22,23,35,0,home,11.0,213.5,475.0,-675.0,5.5,105.0,0.0,1,True
2020,2020-02-09,True,False,mem,wsh,106,99,18,29,33,26,0,30,25,30,14,0,away,2.5,240.5,-145.0,125.0,4.0,122.5,1.0,0,False
2020,2020-02-09,True,False,utah,hou,114,113,25,29,27,33,0,33,25,25,30,0,home,2.5,233.5,125.0,-145.0,0.0,119.5,0.0,0,False
2020,2020-02-09,True,False,lac,cle,133,92,36,37,34,26,0,21,29,23,19,0,away,6.0,231.5,-250.0,200.0,3.0,112.0,1.0,0,False
2020,2020-02-09,True,False,mia,por,109,115,36,24,23,26,0,38,25,30,22,0,home,5.5,226.5,180.0,-220.0,2.5,112.0,1.0,0,True
2020,2020-02-10,True,False,phx,lal,100,125,30,22,23,25,0,31,30,29,35,0,home,13.0,230.5,700.0,-1100.0,5.0,118.0,1.0,0,True
2020,2020-02-10,True,False,mia,gs,113,101,24,38,21,30,0,20,23,32,26,0,away,7.0,219.5,-300.0,240.0,1.5,107.5,1.0,0,False
2020,2020-02-10,True,False,sa,den,120,127,40,27,26,27,0,30,23,36,38,0,home,6.5,216.0,240.0,-300.0,9.5,111.0,1.0,1,True
2020,2020-02-10,True,False,utah,dal,123,119,32,39,29,23,0,24,26,34,35,0,home,0.0,216.5,-110.0,-110.0,6.0,111.0,0.0,1,False
2020,2020-02-10,True,False,cha,det,87,76,21,26,19,21,0,11,26,22,17,0,home,3.5,206.5,145.0,-170.0,4.5,100.5,0.0,0,False
2020,2020-02-10,True,False,min,tor,126,137,36,39,19,32,0,40,34,32,31,0,home,8.5,235.0,280.0,-360.0,5.5,115.5,1.0,1,True
2020,2020-02-10,True,False,atl,orl,126,135,28,33,35,30,0,22,34,37,42,0,home,8.5,222.5,300.0,-400.0,8.0,109.5,1.0,1,True
2020,2020-02-10,True,False,bkn,ind,106,105,30,21,26,29,0,28,20,32,25,0,home,6.5,217.0,225.0,-275.0,5.5,111.5,0.0,0,False
2020,2020-02-10,True,False,sac,mil,111,123,24,34,32,21,0,38,19,31,35,0,home,10.0,229.5,425.0,-600.0,7.0,113.0,1.0,1,True
2020,2020-02-11,True,False,chi,wsh,114,126,26,36,20,32,0,36,33,31,26,0,home,3.5,230.0,145.0,-170.0,0.5,112.0,1.0,1,True
2020,2020-02-11,True,False,lac,phi,103,110,22,32,23,26,0,30,24,27,29,0,away,1.0,228.0,-120.0,100.0,0.0,111.5,0.0,0,True
2020,2020-02-11,True,False,por,no,117,138,36,29,21,31,0,27,36,41,34,0,home,3.0,243.0,130.0,-150.0,3.0,118.5,1.0,1,True
2020,2020-02-11,True,False,sa,okc,114,106,25,24,30,35,0,14,27,36,29,0,home,8.0,219.5,280.0,-360.0,7.0,112.5,0.0,1,False
2020,2020-02-11,True,False,bos,hou,105,116,19,30,22,34,0,23,24,31,38,0,home,2.5,232.5,115.0,-135.0,3.0,119.0,1.0,0,True
2020,2020-02-12,True,False,gs,phx,106,112,24,26,26,30,0,34,24,29,25,0,home,7.0,227.0,240.0,-300.0,1.0,110.5,0.0,0,True
2020,2020-02-12,True,False,sac,dal,111,130,28,24,25,34,0,32,31,33,34,0,home,8.5,226.0,300.0,-400.0,1.5,111.5,1.0,1,True
2020,2020-02-12,True,False,por,mem,104,111,27,36,19,22,0,31,36,25,19,0,home,3.5,235.0,140.0,-160.0,1.0,115.0,1.0,0,True
2020,2020-02-12,True,False,cha,min,115,108,28,22,31,34,0,36,30,21,21,0,home,6.0,224.5,220.0,-270.0,2.0,108.5,0.0,0,False
2020,2020-02-12,True,False,det,orl,112,116,20,35,26,27,4,32,27,28,21,8,home,6.5,208.5,230.0,-280.0,2.5,102.5,0.0,1,True
2020,2020-02-12,True,False,tor,bkn,91,101,19,21,25,26,0,23,29,23,26,0,away,4.0,224.0,-180.0,150.0,6.0,109.0,0.0,0,True
2020,2020-02-12,True,False,wsh,ny,114,96,25,21,31,37,0,24,26,23,23,0,home,3.0,227.5,130.0,-150.0,1.0,110.5,0.0,0,False
2020,2020-02-12,True,False,atl,cle,105,127,19,29,32,25,0,33,32,33,29,0,away,3.0,234.5,-150.0,130.0,6.0,114.0,0.0,0,True
2020,2020-02-12,True,False,mia,utah,101,116,28,24,22,27,0,25,22,32,37,0,home,4.5,216.5,160.0,-190.0,4.0,106.0,1.0,1,True
2020,2020-02-12,True,False,mil,ind,111,118,20,25,26,40,0,34,34,14,36,0,home,1.5,224.0,110.0,-130.0,5.0,113.5,1.0,1,True
2020,2020-02-12,True,False,lal,den,120,116,23,38,23,27,9,31,24,32,24,5,away,3.0,220.5,-145.0,125.0,0.5,108.5,1.0,1,False
2020,2020-02-13,True,False,okc,no,123,118,29,37,32,25,0,30,28,35,25,0,home,3.5,234.0,150.0,-180.0,5.0,114.0,0.0,1,False
2020,2020-02-13,True,False,lac,bos,133,141,32,26,29,27,19,30,30,31,23,27,home,1.0,228.5,-105.0,-115.0,0.0,111.0,1.0,1,True
2020,2020-02-20,True,False,mil,det,126,106,32,38,28,28,0,18,23,30,35,0,away,13.0,227.0,-1100.0,700.0,0.0,115.0,1.0,1,False
2020,2020-02-20,True,False,mia,atl,124,129,36,28,33,27,0,32,31,27,39,0,away,6.5,230.0,-250.0,200.0,4.5,112.5,0.0,1,True
2020,2020-02-20,True,False,cha,chi,103,93,33,27,19,24,0,20,24,29,20,0,home,4.5,211.5,160.0,-190.0,6.0,102.5,0.0,0,False
2020,2020-02-20,True,False,bkn,phi,104,112,20,32,26,25,1,26,16,35,26,9,home,6.5,213.5,225.0,-275.0,7.5,111.0,1.0,1,True
2020,2020-02-20,True,False,mem,sac,125,129,35,26,29,35,0,37,33,27,32,0,away,1.5,229.5,-125.0,105.0,3.0,118.0,0.0,1,True
2020,2020-02-20,True,False,hou,gs,135,105,38,34,37,26,0,17,33,27,28,0,away,10.0,233.0,-500.0,375.0,0.5,113.0,1.0,1,False
2020,2020-02-21,True,False,mem,lal,105,117,22,19,36,28,0,28,32,24,33,0,home,10.5,234.0,450.0,-650.0,0.0,118.0,1.0,0,True
2020,2020-02-21,True,False,no,por,128,115,40,33,29,26,0,35,28,20,32,0,away,5.5,238.5,-255.0,205.0,0.0,117.0,1.0,1,False
2020,2020-02-21,True,False,sa,utah,113,104,27,38,28,20,0,21,25,29,29,0,home,7.0,223.5,240.0,-300.0,9.5,111.0,0.0,0,False
2020,2020-02-21,True,False,den,okc,101,113,17,31,29,24,0,27,21,30,35,0,home,1.5,216.0,110.0,-130.0,0.0,105.0,1.0,0,True
2020,2020-02-21,True,False,phx,tor,101,118,23,20,35,23,0,31,36,26,25,0,home,8.0,229.0,290.0,-380.0,1.5,116.5,1.0,0,True
2020,2020-02-21,True,False,ind,ny,106,98,15,36,29,26,0,20,24,21,33,0,away,6.5,212.5,-290.0,235.0,2.0,104.0,1.0,0,False
2020,2020-02-21,True,False,dal,orl,122,106,34,30,27,31,0,18,34,32,22,0,away,4.5,221.5,-190.0,160.0,1.0,109.0,1.0,1,False
2020,2020-02-21,True,False,cle,wsh,113,108,32,29,20,32,0,41,25,21,21,0,home,6.5,237.0,205.0,-255.0,1.5,116.5,0.0,0,False
2020,2020-02-21,True,False,bos,min,127,117,24,37,34,32,0,20,33,35,29,0,away,8.0,226.5,-360.0,280.0,2.5,115.5,1.0,1,False
2020,2020-02-22,True,False,phi,mil,98,119,21,29,23,25,0,31,25,37,26,0,home,9.5,227.0,360.0,-470.0,5.0,109.5,1.0,0,True
2020,2020-02-22,True,False,hou,utah,120,110,38,24,38,20,0,36,30,19,25,0,home,2.0,233.0,110.0,-130.0,0.0,115.0,0.0,0,False
2020,2020-02-22,True,False,phx,chi,112,104,22,25,36,29,0,24,33,23,24,0,away,3.0,222.0,-150.0,130.0,4.5,113.0,1.0,0,False
2020,2020-02-22,True,False,dal,atl,107,111,35,31,20,21,0,21,37,19,34,0,home,2.0,236.0,115.0,-135.0,4.0,115.0,1.0,0,True
2020,2020-02-22,True,False,bkn,cha,115,86,30,25,33,27,0,25,20,18,23,0,away,4.5,210.0,-190.0,160.0,1.0,108.5,1.0,0,False
2020,2020-02-22,True,False,sac,lac,112,103,25,29,34,24,0,13,35,35,20,0,home,9.0,232.5,350.0,-450.0,9.0,115.0,0.0,0,False
2020,2020-02-22,True,False,cle,mia,105,124,32,20,26,27,0,38,44,24,18,0,home,12.5,222.0,700.0,-1100.0,0.5,107.5,1.0,1,True
2020,2020-02-23,True,False,no,gs,115,101,29,17,31,38,0,33,23,21,24,0,away,10.0,238.0,-600.0,425.0,11.0,115.5,1.0,0,False
2020,2020-02-23,True,False,bos,lal,112,114,19,35,33,25,0,28,28,31,27,0,home,7.5,222.5,260.0,-330.0,4.0,115.0,0.0,1,True
2020,2020-02-23,True,False,ind,tor,81,127,12,20,23,26,0,34,29,22,42,0,home,5.0,219.5,175.0,-210.0,5.0,106.5,1.0,0,True
2020,2020-02-23,True,False,min,den,116,128,38,27,22,29,0,43,30,24,31,0,home,14.5,221.0,850.0,-1500.0,6.5,109.5,0.0,1,True
2020,2020-02-23,True,False,sa,okc,103,131,29,26,18,30,0,29,32,37,33,0,home,5.0,222.5,180.0,-220.0,1.0,110.0,1.0,1,True
2020,2020-02-23,True,False,wsh,chi,117,126,31,27,27,32,0,35,38,28,25,0,away,3.5,229.5,-160.0,140.0,5.5,112.0,0.0,1,True
2020,2020-02-23,True,False,det,por,104,107,24,27,34,19,0,40,13,27,27,0,home,5.5,220.0,185.0,-230.0,3.5,107.0,0.0,0,True
2020,2020-02-24,True,False,min,dal,123,139,27,38,31,27,0,41,40,29,29,0,home,13.5,239.0,750.0,-1200.0,3.0,116.0,1.0,1,True
2020,2020-02-24,True,False,ny,hou,112,123,33,24,29,26,0,36,36,29,22,0,home,12.0,225.0,650.0,-1000.0,2.5,110.0,0.0,1,True
2020,2020-02-24,True,False,orl,bkn,115,113,22,19,40,34,0,27,27,33,26,0,home,3.5,213.0,145.0,-170.0,1.5,108.5,0.0,1,False
2020,2020-02-24,True,False,phx,utah,131,111,27,35,37,32,0,35,27,26,23,0,home,8.5,224.0,300.0,-400.0,6.5,116.0,0.0,1,False
2020,2020-02-24,True,False,mia,cle,119,125,29,39,31,12,8,21,35,24,31,14,away,6.5,221.5,-265.0,215.0,0.0,108.5,0.0,1,True
2020,2020-02-24,True,False,mil,wsh,137,134,30,27,38,28,14,25,22,35,41,11,away,13.0,243.0,-1300.0,775.0,5.0,121.5,0.0,1,False
2020,2020-02-24,True,False,atl,phi,112,129,24,28,40,20,0,41,28,22,38,0,home,8.5,227.0,300.0,-400.0,0.0,111.0,1.0,1,True
2020,2020-02-24,True,False,mem,lac,97,124,14,23,29,31,0,40,26,24,34,0,home,11.0,235.5,475.0,-675.0,1.5,118.0,1.0,0,True
2020,2020-02-25,True,False,no,lal,109,118,26,32,28,23,0,30,34,24,30,0,home,7.5,239.5,270.0,-340.0,2.5,117.0,1.0,0,True
2020,2020-02-25,True,False,sac,gs,112,94,33,22,26,31,0,22,21,30,21,0,away,7.5,223.5,-320.0,255.0,0.5,109.0,1.0,0,False
2020,2020-02-25,True,False,bos,por,118,106,28,28,29,33,0,24,24,22,36,0,away,7.0,223.0,-300.0,240.0,1.5,114.5,1.0,1,False
2020,2020-02-25,True,False,det,den,98,115,23,23,26,26,0,29,30,23,33,0,home,14.0,213.5,750.0,-1200.0,3.0,104.0,1.0,0,True
2020,2020-02-25,True,False,okc,chi,124,122,36,36,19,33,0,28,27,38,29,0,away,8.0,219.5,-360.0,280.0,0.5,106.5,0.0,1,False
2020,2020-02-25,True,False,mil,tor,108,97,25,25,34,24,0,27,25,19,26,0,home,0.0,232.5,-110.0,-110.0,0.0,119.0,0.0,0,False
2020,2020-02-25,True,False,cha,ind,80,119,25,19,11,25,0,35,34,25,25,0,home,11.5,208.5,550.0,-800.0,0.5,102.0,1.0,0,True
2020,2020-02-26,True,False,bos,utah,114,103,23,30,32,29,0,15,36,31,21,0,home,5.0,218.0,180.0,-220.0,4.5,112.0,0.0,0,False
2020,2020-02-26,True,False,mem,hou,112,140,17,30,41,24,0,35,38,38,29,0,home,12.0,237.5,550.0,-800.0,0.5,121.0,1.0,1,True
2020,2020-02-26,True,False,min,mia,129,126,29,28,38,34,0,28,32,34,32,0,home,12.0,234.0,550.0,-800.0,7.0,115.0,0.0,1,False
2020,2020-02-26,True,False,dal,sa,109,103,36,23,29,21,0,20,29,28,26,0,away,4.0,232.5,-180.0,150.0,1.0,113.0,1.0,0,False
2020,2020-02-26,True,False,lac,phx,102,92,21,33,22,26,0,29,20,17,26,0,away,7.5,232.5,-330.0,260.0,3.5,113.5,1.0,0,False
2020,2020-02-26,True,False,bkn,wsh,106,110,17,30,37,22,0,31,29,21,29,0,away,1.5,233.5,-125.0,105.0,4.5,119.5,0.0,0,True
2020,2020-02-26,True,False,ny,cha,101,107,27,19,29,26,0,30,26,29,22,0,away,2.0,207.5,-135.0,115.0,3.5,101.5,0.0,1,True
2020,2020-02-26,True,False,phi,cle,94,108,17,27,24,26,0,28,27,22,31,0,away,7.5,216.5,-350.0,275.0,5.5,105.5,0.0,0,True
2020,2020-02-26,True,False,orl,atl,130,120,23,41,39,27,0,27,37,31,25,0,away,2.5,230.0,-140.0,120.0,1.5,118.5,1.0,1,False
2020,2020-02-27,True,False,ny,phi,106,115,21,25,33,27,0,26,35,26,28,0,home,7.5,209.5,260.0,-330.0,0.5,103.5,1.0,1,True
2020,2020-02-27,True,False,sac,okc,108,112,27,34,21,26,0,25,25,31,31,0,home,8.0,220.0,280.0,-360.0,8.0,109.5,0.0,2,True
2020,2020-02-27,True,False,por,ind,100,106,24,25,26,25,0,30,13,37,26,0,home,10.0,218.0,400.0,-550.0,9.0,106.5,0.0,0,True
2020,2020-02-27,True,False,lal,gs,116,86,24,30,40,22,0,24,28,17,17,0,away,10.0,220.5,-600.0,425.0,6.5,109.5,1.0,0,False
2020,2020-02-28,True,False,dal,mia,118,126,31,24,38,25,0,31,32,25,38,0,home,2.5,229.0,125.0,-145.0,1.5,111.0,1.0,1,True
2020,2020-02-28,True,False,den,lac,103,132,27,29,23,24,0,37,29,32,34,0,home,7.0,220.0,225.0,-275.0,0.5,108.5,1.0,1,True
2020,2020-02-28,True,False,det,phx,113,111,29,23,32,29,0,24,29,26,32,0,home,9.0,218.0,325.0,-425.0,5.5,106.5,0.0,1,False
2020,2020-02-28,True,False,wsh,utah,119,129,28,32,21,38,0,31,27,32,39,0,home,10.0,231.5,425.0,-600.0,7.5,117.5,2.0,1,True
2020,2020-02-28,True,False,okc,mil,86,133,24,23,22,17,0,31,39,37,26,0,home,10.0,227.0,450.0,-650.0,1.5,110.0,1.0,0,True
2020,2020-02-28,True,False,sac,mem,104,101,21,29,31,23,0,30,17,28,26,0,home,2.5,227.0,115.0,-135.0,1.5,110.0,0.0,0,False
2020,2020-02-28,True,False,cle,no,104,116,25,30,28,21,0,43,27,25,21,0,home,12.5,235.0,650.0,-1000.0,2.5,113.5,0.0,0,True
2020,2020-02-28,True,False,bkn,atl,118,141,36,26,36,20,0,29,39,40,33,0,away,2.5,236.5,-140.0,120.0,3.0,121.5,0.0,1,True
2020,2020-02-28,True,False,cha,tor,99,96,25,27,21,26,0,23,18,25,30,0,home,13.5,214.0,800.0,-1400.0,13.0,105.5,0.0,0,False
2020,2020-02-28,True,False,min,orl,125,136,35,30,31,29,0,35,34,34,33,0,home,8.0,234.0,280.0,-360.0,3.5,115.0,1.0,1,True
2020,2020-02-29,True,False,gs,phx,115,99,28,33,31,23,0,41,24,16,18,0,home,10.5,221.5,400.0,-550.0,5.5,109.0,0.0,0,False
2020,2020-02-29,True,False,orl,sa,113,114,27,26,28,32,0,38,23,24,29,0,home,4.5,222.5,155.0,-185.0,0.5,114.0,0.0,1,True
2020,2020-02-29,True,False,lal,mem,88,105,25,21,20,22,0,29,29,28,19,0,away,11.0,228.0,-700.0,500.0,10.5,112.0,0.0,0,True
2020,2020-02-29,True,False,hou,bos,111,110,19,26,36,23,7,28,28,22,26,6,away,0.0,232.5,-110.0,-110.0,3.5,113.5,1.0,0,False
2020,2020-02-29,True,False,por,atl,117,129,28,28,34,27,0,23,40,44,22,0,home,2.0,239.0,110.0,-130.0,0.5,117.5,1.0,1,True
2020,2020-02-29,True,False,bkn,mia,113,116,27,22,31,33,0,24,33,34,25,0,home,7.5,219.5,260.0,-330.0,1.5,112.5,0.0,1,True
2020,2020-02-29,True,False,chi,ny,115,125,25,28,33,29,0,31,35,23,36,0,home,2.5,214.0,120.0,-140.0,3.0,105.5,1.0,1,True
2020,2020-02-29,True,False,ind,cle,113,104,30,26,30,27,0,31,27,28,18,0,away,9.0,215.0,-450.0,350.0,6.5,106.0,2.0,1,False
2020,2020-03-01,True,False,lal,no,122,114,29,34,30,29,0,33,28,34,19,0,home,2.0,235.5,115.0,-135.0,1.5,116.0,0.0,1,False
2020,2020-03-01,True,False,mil,cha,93,85,26,19,25,23,0,20,23,25,17,0,away,13.5,218.5,-1200.0,750.0,8.5,111.5,0.0,0,False
2020,2020-03-01,True,False,phi,lac,130,136,39,33,24,34,0,34,36,38,28,0,home,14.5,218.5,1000.0,-2000.0,11.0,109.0,0.0,1,True
2020,2020-03-01,True,False,dal,min,111,91,28,35,18,30,0,24,20,21,26,0,away,6.0,242.0,-260.0,210.0,2.5,117.5,1.0,0,False
2020,2020-03-01,True,False,det,sac,100,106,31,20,19,30,0,16,34,26,30,0,home,10.0,215.5,400.0,-550.0,8.0,105.5,0.0,0,True
2020,2020-03-01,True,False,tor,den,118,133,32,37,27,22,0,40,33,27,33,0,home,2.5,220.0,120.0,-140.0,0.0,109.0,1.0,1,True
2020,2020-03-01,True,False,wsh,gs,124,110,35,28,31,30,0,28,29,19,34,0,away,7.0,233.5,-310.0,250.0,2.5,115.0,1.0,1,False
2020,2020-03-02,True,False,por,orl,130,107,35,34,23,38,0,28,30,30,19,0,home,6.5,220.0,225.0,-275.0,6.5,108.5,0.0,1,False
2020,2020-03-02,True,False,dal,chi,107,109,29,29,17,32,0,19,29,33,28,0,away,6.5,220.0,-270.0,220.0,1.0,108.5,0.0,0,True
2020,2020-03-02,True,False,ind,sa,116,111,26,40,26,24,0,34,23,27,27,0,away,2.5,220.5,-140.0,120.0,1.5,108.0,1.0,1,False
2020,2020-03-02,True,False,mil,mia,89,105,26,26,18,19,0,31,22,28,24,0,away,5.0,227.5,-210.0,175.0,4.5,116.5,0.0,0,True
2020,2020-03-02,True,False,hou,ny,123,125,31,32,28,32,0,36,37,28,24,0,away,10.0,231.0,-600.0,425.0,11.5,113.5,0.0,1,True
2020,2020-03-02,True,False,utah,cle,126,113,31,28,35,32,0,25,26,31,31,0,away,10.5,222.0,-650.0,450.0,4.0,113.5,1.0,1,False
2020,2020-03-02,True,False,mem,atl,127,88,24,28,32,43,0,23,26,19,20,0,home,2.5,240.0,120.0,-140.0,2.0,122.0,0.0,0,False
2020,2020-03-03,True,False,phi,lal,107,120,35,19,26,27,0,28,37,31,24,0,home,12.5,219.5,650.0,-1000.0,5.0,106.5,1.0,1,True
2020,2020-03-03,True,False,tor,phx,123,114,30,31,26,36,0,39,29,18,28,0,away,4.0,225.0,-170.0,145.0,4.5,111.0,1.0,1,False
2020,2020-03-03,True,False,gs,den,116,100,26,23,33,34,0,25,33,23,19,0,home,16.5,218.5,1200.0,-3000.0,7.0,107.0,0.0,0,False
2020,2020-03-03,True,False,wsh,sac,126,133,23,26,46,31,0,39,37,19,38,0,home,5.5,235.5,190.0,-240.0,3.5,114.5,1.0,1,True
2020,2020-03-03,True,False,lac,okc,109,94,38,21,30,20,0,27,20,23,24,0,away,4.5,228.5,-200.0,170.0,1.5,111.0,1.0,0,False
2020,2020-03-03,True,False,bkn,bos,129,120,28,15,24,51,11,33,23,28,34,2,home,6.5,218.5,230.0,-280.0,0.5,112.5,0.0,1,False
2020,2020-03-03,True,False,sa,cha,104,103,19,30,28,27,0,36,22,18,27,0,away,4.0,211.5,-170.0,145.0,4.5,105.0,0.0,0,False
2020,2020-03-03,True,False,min,no,139,134,28,44,37,30,0,31,37,43,23,0,home,11.0,247.0,450.0,-650.0,9.0,121.5,0.0,1,False
2020,2020-03-04,True,False,wsh,por,104,125,30,31,18,25,0,37,35,28,25,0,home,8.0,243.5,280.0,-360.0,1.0,119.0,1.0,0,True
2020,2020-03-04,True,False,bos,cle,112,106,28,30,23,31,0,27,25,25,29,0,away,4.0,215.5,-170.0,145.0,1.0,111.0,1.0,1,False
2020,2020-03-04,True,False,okc,det,114,107,38,31,25,20,0,32,32,18,25,0,away,8.5,209.5,-400.0,300.0,3.5,104.0,0.0,1,False
2020,2020-03-04,True,False,orl,mia,113,116,26,29,29,29,0,30,30,28,28,0,home,6.5,219.0,240.0,-300.0,2.0,111.5,0.0,1,True
2020,2020-03-04,True,False,utah,ny,112,104,35,29,29,19,0,26,28,24,26,0,away,8.5,219.5,-400.0,300.0,2.0,112.0,0.0,0,False
2020,2020-03-04,True,False,mem,bkn,118,79,22,30,30,36,0,23,22,20,14,0,home,1.0,223.0,-105.0,-115.0,2.5,114.0,0.0,0,False
2020,2020-03-04,True,False,chi,min,108,115,29,29,21,29,0,22,33,33,27,0,home,2.0,231.5,110.0,-130.0,1.0,112.5,1.0,0,True
2020,2020-03-04,True,False,no,dal,123,127,22,33,30,27,11,24,33,30,25,15,home,6.5,240.0,230.0,-280.0,3.5,116.0,0.0,1,True
2020,2020-03-04,True,False,ind,mil,100,119,23,33,23,21,0,36,22,31,30,0,home,11.5,220.5,500.0,-700.0,7.0,108.5,1.0,0,True
2020,2020-03-05,True,False,tor,gs,121,113,32,30,27,32,0,27,28,33,25,0,away,9.0,228.0,-450.0,350.0,3.0,111.0,0.0,1,False
2020,2020-03-05,True,False,phi,sac,125,108,32,31,33,29,0,30,23,27,28,0,home,5.5,218.5,185.0,-230.0,6.0,108.0,0.0,1,False
2020,2020-03-05,True,False,den,cha,114,112,31,29,20,34,0,34,17,31,30,0,away,9.5,208.0,-550.0,400.0,2.5,102.0,0.0,1,False
2020,2020-03-05,True,False,lac,hou,120,105,33,34,23,30,0,23,21,21,40,0,away,1.0,236.5,-120.0,100.0,5.5,115.0,1.0,0,False
2020,2020-03-06,True,False,mil,lal,103,113,22,26,28,27,0,19,29,39,26,0,home,1.5,228.5,105.0,-125.0,1.0,116.5,1.0,0,True
2020,2020-03-06,True,False,por,phx,117,127,22,36,24,35,0,34,33,28,32,0,away,3.5,233.0,-160.0,140.0,5.0,113.5,0.0,1,True
2020,2020-03-06,True,False,ind,chi,108,102,29,33,27,19,0,25,21,26,30,0,away,2.5,208.5,-135.0,115.0,3.5,102.5,1.0,1,False
2020,2020-03-06,True,False,orl,min,132,118,29,36,37,30,0,24,31,28,35,0,away,2.5,234.0,-145.0,125.0,1.5,119.0,1.0,1,False
2020,2020-03-06,True,False,mem,dal,96,121,28,21,16,31,0,33,28,34,26,0,home,7.5,225.0,250.0,-310.0,0.5,115.0,1.0,0,True
2020,2020-03-06,True,False,utah,bos,99,94,30,32,17,20,0,29,20,17,28,0,home,1.5,219.0,105.0,-125.0,4.0,112.5,0.0,0,False
2020,2020-03-06,True,False,sa,bkn,120,139,22,32,41,25,0,41,34,45,19,0,home,2.5,225.5,120.0,-140.0,4.5,110.5,1.0,1,True
2020,2020-03-06,True,False,okc,ny,126,103,27,34,34,31,0,20,28,30,25,0,away,6.0,217.0,-250.0,200.0,1.5,106.0,1.0,1,False
2020,2020-03-06,True,False,atl,wsh,112,118,34,23,18,37,0,33,31,29,25,0,home,5.5,239.5,185.0,-230.0,1.0,117.0,1.0,0,True
2020,2020-03-06,True,False,mia,no,104,110,26,25,23,30,0,32,33,24,21,0,home,1.5,232.5,105.0,-125.0,3.5,112.5,1.0,0,True
2020,2020-03-07,True,False,sac,por,123,111,40,37,23,23,0,24,30,26,31,0,home,2.0,230.5,110.0,-130.0,7.5,113.0,0.0,1,False
2020,2020-03-07,True,False,hou,cha,99,108,17,26,33,23,0,30,27,25,26,0,away,8.0,219.5,-400.0,300.0,9.0,107.5,0.0,0,True
2020,2020-03-07,True,False,utah,det,111,105,28,27,24,32,0,17,22,34,32,0,away,8.0,211.0,-400.0,300.0,0.0,108.0,0.0,1,False
2020,2020-03-07,True,False,den,cle,102,104,33,28,22,19,0,23,35,27,19,0,away,9.5,219.0,-550.0,400.0,5.5,107.5,0.0,0,True
2020,2020-03-07,True,False,atl,mem,101,118,18,27,33,23,0,38,28,27,25,0,home,6.0,235.0,220.0,-270.0,2.5,114.5,1.0,0,True
2020,2020-03-07,True,False,phi,gs,114,118,26,31,33,24,0,21,34,27,36,0,away,3.5,220.0,-170.0,145.0,2.0,107.5,0.0,1,True
2020,2020-03-08,True,False,sa,cle,129,132,18,32,41,27,11,35,25,27,31,14,away,4.5,226.5,-190.0,160.0,5.5,108.0,0.0,1,True
2020,2020-03-08,True,False,orl,hou,126,106,34,37,34,21,0,24,22,30,30,0,home,8.0,229.0,300.0,-400.0,10.0,116.5,0.0,1,False
2020,2020-03-08,True,False,tor,sac,118,113,22,29,27,40,0,22,28,24,39,0,away,5.0,225.5,-200.0,170.0,3.0,110.0,2.0,1,False
2020,2020-03-08,True,False,det,ny,84,96,22,25,24,13,0,27,22,23,24,0,home,5.5,210.5,185.0,-230.0,2.5,103.0,1.0,0,True
2020,2020-03-08,True,False,mia,wsh,100,89,29,28,15,28,0,23,31,18,17,0,away,5.5,233.0,-240.0,190.0,3.0,113.0,1.0,0,False
2020,2020-03-08,True,False,chi,bkn,107,110,23,27,20,37,0,22,36,19,33,0,home,6.5,218.5,230.0,-280.0,1.0,107.5,0.0,0,True
2020,2020-03-08,True,False,mil,phx,131,140,28,31,32,40,0,47,30,25,38,0,away,6.5,228.5,-275.0,225.0,9.0,116.5,0.0,1,True
2020,2020-03-08,True,False,okc,bos,105,104,29,23,31,22,0,26,37,21,20,0,home,6.5,217.5,230.0,-280.0,0.5,107.5,0.0,0,False
2020,2020-03-08,True,False,no,min,120,107,36,35,27,22,0,29,34,21,23,0,away,7.0,248.5,-330.0,260.0,1.5,120.5,1.0,0,False
2020,2020-03-08,True,False,lal,lac,112,103,27,22,36,27,0,25,28,28,22,0,home,2.5,226.5,130.0,-150.0,0.5,110.5,0.0,0,False
2020,2020-03-08,True,False,ind,dal,112,109,31,24,31,26,0,26,26,32,25,0,home,6.5,218.5,225.0,-275.0,6.0,107.0,0.0,1,False
2020,2020-03-09,True,False,cha,atl,138,143,32,31,31,28,16,32,34,32,24,21,home,4.5,222.0,170.0,-200.0,2.5,108.5,1.0,1,True
2020,2020-03-09,True,False,tor,utah,101,92,27,30,19,25,0,22,29,19,22,0,home,6.0,224.5,210.0,-260.0,5.5,108.5,0.0,0,False
2020,2020-03-09,True,False,mil,den,95,109,24,30,17,24,0,39,23,14,33,0,home,7.5,220.0,260.0,-330.0,2.0,113.5,1.0,0,True
2020,2020-03-10,True,False,bkn,lal,104,102,27,29,31,17,0,33,25,22,22,0,home,12.0,227.0,650.0,-1000.0,7.5,112.0,0.0,0,False
2020,2020-03-10,True,False,phx,por,105,121,28,25,25,27,0,36,18,28,39,0,home,6.0,234.5,200.0,-250.0,4.0,119.0,1.0,0,True
2020,2020-03-10,True,False,dal,sa,109,119,29,30,26,24,0,27,27,29,36,0,away,4.0,232.0,-180.0,150.0,0.5,113.5,0.0,0,True
2020,2020-03-10,True,False,orl,mem,120,115,27,23,35,35,0,35,28,23,29,0,home,2.0,219.0,110.0,-130.0,3.0,111.5,0.0,1,False
2020,2020-03-10,True,False,lac,gs,131,107,35,41,35,20,0,26,22,29,30,0,away,12.5,223.5,-850.0,575.0,0.5,108.5,1.0,1,False
2020,2020-03-10,True,False,cle,chi,103,108,29,23,26,25,0,27,27,24,30,0,home,4.0,217.5,150.0,-180.0,2.5,106.5,1.0,0,True
2020,2020-03-10,True,False,ny,wsh,115,122,31,39,17,28,0,36,18,33,35,0,home,5.0,229.5,180.0,-220.0,7.0,111.0,1.0,1,True
2020,2020-03-10,True,False,bos,ind,114,111,30,29,35,20,0,22,28,30,31,0,away,3.0,215.0,-150.0,130.0,1.5,110.5,2.0,1,False
2020,2020-03-10,True,False,min,hou,111,117,35,21,24,31,0,26,26,31,34,0,home,12.5,249.5,600.0,-900.0,10.0,121.5,0.0,0,True
2020,2020-03-11,True,False,ny,atl,136,131,33,34,29,22,18,24,26,28,40,13,home,5.5,232.5,200.0,-250.0,7.5,113.5,0.0,1,False
2020,2020-03-11,True,False,det,phi,106,124,29,26,29,22,0,34,36,29,25,0,home,12.0,209.5,550.0,-800.0,2.5,102.5,1.0,1,True
2020,2020-03-11,True,False,cha,mia,109,98,22,37,28,22,0,40,11,26,21,0,home,11.0,206.5,500.0,-700.0,9.5,101.5,0.0,1,False
2020,2020-03-11,True,False,den,dal,97,113,29,21,35,12,0,33,24,27,29,0,away,2.5,220.5,-140.0,120.0,3.0,108.0,0.0,0,True
2020,2020-07-30,True,False,utah,no,106,104,23,25,31,27,0,26,34,27,17,0,home,2.5,229.0,125.0,-145.0,1.0,115.5,0.0,0,False
2020,2020-07-30,True,False,lac,lal,101,103,23,29,25,24,0,35,19,22,27,0,home,4.0,220.0,165.0,-185.0,1.5,106.0,0.0,0,True
2020,2020-07-31,True,False,hou,dal,153,149,42,33,33,31,14,42,43,34,20,10,away,1.5,232.5,-120.0,100.0,3.5,117.5,1.0,1,False
2020,2020-07-31,True,False,sac,sa,120,129,30,35,27,28,0,43,21,32,33,0,away,3.5,223.5,-165.0,145.0,2.0,111.5,0.0,1,True
2020,2020-07-31,True,False,bos,mil,112,119,25,33,29,25,0,33,31,23,32,0,home,3.5,221.0,155.0,-175.0,0.0,113.5,1.0,1,True
2020,2020-07-31,True,False,orl,bkn,128,118,36,34,41,17,0,39,20,23,36,0,away,7.5,210.0,-340.0,280.0,1.0,107.5,1.0,1,False
2020,2020-07-31,True,False,mem,por,135,140,30,30,36,28,11,35,33,25,31,16,home,3.0,224.5,140.0,-160.0,1.0,115.5,1.0,1,True
2020,2020-07-31,True,False,phx,wsh,125,112,38,29,22,36,0,31,21,29,31,0,away,7.0,224.5,-310.0,260.0,0.5,114.5,1.0,1,False
2020,2020-08-01,True,False,phi,ind,121,127,29,26,32,34,0,35,26,20,46,0,away,6.0,219.5,-280.0,240.0,5.0,110.5,0.0,1,True
2020,2020-08-01,True,False,mia,den,125,105,28,28,38,31,0,26,31,22,26,0,away,4.0,215.5,-175.0,155.0,2.5,105.5,1.0,1,False
2020,2020-08-01,True,False,utah,okc,94,110,15,27,20,32,0,29,37,20,24,0,away,0.0,219.0,-110.0,-110.0,5.5,108.5,0.0,0,True
2020,2020-08-01,True,False,no,lac,103,126,25,20,21,37,0,37,40,26,23,0,home,5.0,232.0,190.0,-220.0,5.0,114.5,1.0,0,True
2020,2020-08-01,True,False,lal,tor,92,107,21,23,26,22,0,23,18,31,35,0,away,2.5,225.0,-150.0,130.0,0.5,109.5,0.0,0,True
2020,2020-08-02,True,False,dal,phx,115,117,35,38,19,23,0,23,37,36,21,0,away,6.0,235.0,-250.0,210.0,1.5,117.5,0.0,0,True
2020,2020-08-02,True,False,mil,hou,116,120,29,25,36,26,0,32,30,27,31,0,away,5.0,244.0,-200.0,175.0,5.5,123.5,0.0,0,True
2020,2020-08-02,True,False,sac,orl,116,132,26,28,24,38,0,44,34,35,19,0,home,2.0,228.0,110.0,-130.0,5.0,110.0,1.0,1,True
2020,2020-08-02,True,False,por,bos,124,128,24,24,38,38,0,37,30,27,34,0,home,4.0,227.5,150.0,-170.0,3.0,114.5,2.0,1,True
2020,2020-08-02,True,False,wsh,bkn,110,118,21,33,31,25,0,24,30,29,35,0,home,4.0,230.0,150.0,-170.0,2.5,113.5,1.0,0,True
2020,2020-08-02,True,False,sa,mem,108,106,31,28,26,23,0,25,29,22,30,0,home,3.0,236.0,135.0,-155.0,2.0,119.0,0.0,0,False
2020,2020-08-03,True,False,sa,phi,130,132,32,30,25,43,0,35,29,35,33,0,home,7.5,227.0,275.0,-335.0,2.5,112.0,0.0,1,True
2020,2020-08-03,True,False,mem,no,99,109,22,29,23,25,0,26,32,21,30,0,home,4.5,236.5,165.0,-185.0,1.5,,1.0,0,True
2020,2020-08-03,True,False,lal,utah,116,108,24,34,28,30,0,24,32,20,32,0,away,6.0,217.0,-265.0,225.0,2.5,105.0,1.0,1,False
2020,2020-08-03,True,False,ind,wsh,111,100,20,36,34,21,0,21,26,21,32,0,away,8.5,227.5,-400.0,330.0,3.5,111.0,1.0,0,False
2020,2020-08-03,True,False,tor,mia,107,103,23,25,36,23,0,17,27,35,24,0,away,2.5,222.0,-145.0,125.0,1.0,106.0,1.0,0,False
2020,2020-08-03,True,False,den,okc,121,113,23,27,28,31,12,22,29,30,28,4,home,6.0,219.5,200.0,-240.0,2.0,104.5,0.0,1,False
2020,2020-08-04,True,False,bkn,mil,119,116,40,33,21,25,0,34,31,23,28,0,home,19.0,230.5,1500.0,-5000.0,14.5,115.5,0.0,1,False
2020,2020-08-04,True,False,dal,sac,114,110,27,29,19,20,19,37,23,22,13,15,away,5.5,236.5,-240.0,200.0,5.0,115.5,0.0,0,False
2020,2020-08-04,True,False,phx,lac,117,115,27,36,32,22,0,23,33,35,24,0,home,9.0,230.0,330.0,-400.0,8.5,117.0,0.0,1,False
2020,2020-08-04,True,False,orl,ind,109,120,22,28,26,33,0,43,28,21,28,0,away,1.0,224.0,-115.0,-105.0,6.0,110.0,0.0,1,True
2020,2020-08-04,True,False,bos,mia,106,112,28,23,32,23,0,33,30,28,21,0,away,5.0,218.5,-200.0,175.0,6.0,109.5,0.0,0,True
2020,2020-08-04,True,False,hou,por,102,110,24,32,24,22,0,29,32,25,24,0,away,3.5,244.0,-170.0,150.0,3.5,119.5,0.0,0,True
2020,2020-08-05,True,False,tor,orl,109,99,26,29,23,31,0,11,24,33,31,0,away,7.5,222.5,-370.0,310.0,3.0,107.0,1.0,0,False
2020,2020-08-05,True,False,okc,lal,105,86,26,26,29,24,0,18,27,21,20,0,home,5.5,218.0,200.0,-240.0,2.0,105.5,0.0,0,False
2020,2020-08-05,True,False,bkn,bos,115,149,25,27,25,38,0,34,37,35,43,0,home,8.5,224.0,320.0,-380.0,3.0,110.0,1.0,1,True
2020,2020-08-05,True,False,phi,wsh,107,98,26,28,23,30,0,20,27,27,24,0,away,10.5,229.5,-600.0,450.0,4.0,113.5,0.0,0,False
2020,2020-08-05,True,False,mem,utah,115,124,31,24,33,27,0,25,39,25,35,0,home,5.5,220.0,190.0,-220.0,0.0,108.5,1.0,1,True
2020,2020-08-05,True,False,den,sa,132,126,32,30,27,43,0,28,37,24,37,0,away,3.0,226.5,-155.0,135.0,1.0,112.5,1.0,1,False
2020,2020-08-06,True,False,no,sac,125,140,39,31,33,22,0,49,28,40,23,0,away,4.5,235.0,-190.0,170.0,1.5,116.0,0.0,1,True
2020,2020-08-06,True,False,mia,mil,116,130,34,39,25,18,0,25,31,36,38,0,home,9.5,223.5,375.0,-450.0,4.0,110.0,1.0,1,True
2020,2020-08-06,True,False,ind,phx,99,114,23,25,27,24,0,28,24,34,28,0,away,2.0,228.0,-130.0,110.0,1.0,111.0,0.0,0,True
2020,2020-08-06,True,False,lac,dal,126,111,23,36,32,35,0,22,36,29,24,0,away,4.0,230.5,-180.0,160.0,1.5,111.5,1.0,1,False
2020,2020-08-06,True,False,por,den,125,115,27,35,30,33,0,26,23,38,28,0,away,4.5,228.5,-190.0,170.0,1.5,114.0,1.0,1,False
2020,2020-08-06,True,False,lal,hou,97,113,26,30,23,18,0,33,32,29,19,0,home,3.5,228.0,140.0,-160.0,1.0,110.5,1.0,0,True
2020,2020-08-07,True,False,bos,tor,122,100,21,31,39,31,0,14,23,20,43,0,home,1.5,223.0,105.0,-125.0,5.5,112.0,0.0,0,False
2020,2020-08-07,True,False,wsh,no,107,118,32,24,25,26,0,28,26,37,27,0,home,8.0,236.0,280.0,-340.0,6.0,116.0,1.0,0,True
2020,2020-08-07,True,False,orl,phi,101,108,23,27,29,22,0,25,23,29,31,0,home,4.5,221.5,170.0,-190.0,4.5,112.0,1.0,0,True
2020,2020-08-07,True,False,sac,bkn,106,119,27,26,29,24,0,24,39,30,26,0,away,5.5,232.0,-210.0,180.0,6.5,116.5,0.0,0,True
2020,2020-08-07,True,False,utah,sa,111,119,27,23,34,27,0,36,24,36,23,0,home,9.0,226.0,340.0,-410.0,2.0,113.5,0.0,1,True
2020,2020-08-07,True,False,okc,mem,92,121,37,23,18,14,0,25,38,32,26,0,away,3.0,220.0,-155.0,135.0,4.5,109.5,0.0,0,True
2020,2020-08-08,True,False,lac,por,122,117,34,35,26,27,0,37,38,21,21,0,home,4.5,232.5,155.0,-175.0,1.5,114.5,0.0,1,False
2020,2020-08-08,True,False,utah,den,132,134,29,34,25,17,27,15,34,30,26,29,away,1.0,222.0,-115.0,-105.0,1.0,111.0,0.0,1,True
2020,2020-08-08,True,False,lal,ind,111,116,24,35,22,30,0,34,20,33,29,0,away,5.5,218.5,-220.0,190.0,2.0,107.0,0.0,1,True
2020,2020-08-08,True,False,phx,mia,119,112,25,35,28,31,0,32,28,26,26,0,away,4.0,225.5,-170.0,150.0,1.0,113.0,1.0,1,False
2020,2020-08-08,True,False,mil,dal,132,136,32,39,20,28,13,35,27,31,26,17,away,5.5,237.5,-220.0,190.0,2.0,119.0,0.0,1,True
2020,2020-08-09,True,False,hou,sac,129,112,23,38,32,36,0,36,20,15,41,0,away,5.0,235.0,-190.0,170.0,1.5,115.0,1.0,1,False
2020,2020-08-09,True,False,bkn,lac,129,120,45,29,24,31,0,24,39,31,26,0,home,9.0,230.5,320.0,-380.0,4.0,116.0,0.0,1,False
2020,2020-08-09,True,False,phi,por,121,124,19,39,34,29,0,33,34,24,33,0,home,2.0,229.0,115.0,-135.0,1.0,111.5,1.0,1,True
2020,2020-08-09,True,False,mem,tor,99,108,25,29,17,28,0,20,40,28,20,0,home,7.0,221.5,260.0,-310.0,3.0,109.0,1.0,0,True
2020,2020-08-09,True,False,sa,no,122,113,27,35,19,41,0,19,26,32,36,0,home,3.5,239.0,145.0,-165.0,1.0,116.5,0.0,0,False
2020,2020-08-09,True,False,orl,bos,119,122,29,22,35,26,7,28,27,32,25,10,home,8.5,222.5,340.0,-410.0,3.5,112.0,0.0,1,True
2020,2020-08-09,True,False,wsh,okc,103,121,23,25,27,28,0,32,32,26,31,0,home,9.0,220.5,375.0,-450.0,4.0,108.5,1.0,1,True
2020,2020-08-10,True,False,okc,phx,101,128,37,27,17,20,0,23,42,33,30,0,home,7.5,221.5,300.0,-360.0,3.0,107.5,1.0,1,True
2020,2020-08-10,True,False,dal,utah,122,114,30,24,34,34,0,38,32,30,14,0,home,6.0,221.5,200.0,-240.0,2.5,109.0,0.0,1,False
2020,2020-08-10,True,False,tor,mil,114,106,36,31,21,26,0,31,22,22,31,0,home,6.0,228.0,190.0,-220.0,2.5,110.0,0.0,0,False
2020,2020-08-10,True,False,ind,mia,92,114,19,29,23,21,0,23,25,37,29,0,home,4.0,223.0,160.0,-180.0,1.5,108.5,1.0,0,True
2020,2020-08-10,True,False,den,lal,121,124,25,34,29,33,0,31,33,24,36,0,home,5.5,223.0,180.0,-210.0,1.0,109.5,0.0,1,True
2020,2020-08-11,True,False,bkn,orl,108,96,34,26,25,23,0,22,21,29,24,0,home,4.5,225.0,165.0,-185.0,1.5,111.0,0.0,0,False
2020,2020-08-11,True,False,hou,sa,105,123,25,24,29,27,0,31,35,32,25,0,home,4.5,239.5,170.0,-190.0,1.5,118.0,1.0,0,True
2020,2020-08-11,True,False,phx,phi,130,117,23,40,32,35,0,27,31,32,27,0,away,10.0,227.0,-600.0,450.0,4.5,114.0,1.0,1,False
2020,2020-08-11,True,False,por,dal,134,131,38,28,32,36,0,31,27,37,36,0,away,3.0,240.0,-145.0,125.0,1.0,120.5,2.0,1,False
2020,2020-08-11,True,False,bos,mem,122,107,24,32,27,39,0,17,23,33,34,0,away,5.0,229.0,-200.0,175.0,1.5,113.5,1.0,2,False
2020,2020-08-11,True,False,no,sac,106,112,29,32,23,22,0,27,35,32,18,0,home,3.0,235.5,130.0,-150.0,1.0,116.5,1.0,0,True
2020,2020-08-11,True,False,mil,wsh,126,113,24,42,33,27,0,21,35,28,29,0,away,9.0,228.5,-400.0,330.0,3.5,114.0,1.0,1,False
2020,2020-08-12,True,False,mia,okc,115,116,42,24,34,15,0,29,33,20,34,0,away,4.0,221.0,-170.0,150.0,2.0,109.0,0.0,1,True
2020,2020-08-12,True,False,lac,den,124,111,26,24,40,34,0,25,33,34,19,0,away,5.0,230.0,-200.0,175.0,5.5,114.0,1.0,1,False
2020,2020-08-12,True,False,ind,hou,108,104,29,22,28,29,0,33,17,27,27,0,home,6.5,231.5,240.0,-280.0,5.0,116.0,0.0,0,False
2020,2020-08-12,True,False,tor,phi,125,121,25,30,35,35,0,32,30,26,33,0,away,6.0,222.0,-260.0,220.0,5.5,109.5,0.0,1,False
2020,2020-08-13,True,False,no,orl,127,133,31,30,26,40,0,34,43,22,34,0,home,4.0,227.0,150.0,-170.0,3.0,113.0,1.0,1,True
2020,2020-08-13,True,False,mil,mem,106,119,21,29,24,32,0,22,38,33,26,0,home,4.0,231.0,145.0,-165.0,0.5,117.0,1.0,0,True
2020,2020-08-13,True,False,sa,utah,112,118,24,26,27,35,0,41,20,26,31,0,away,7.0,234.0,-280.0,240.0,5.5,114.0,0.0,0,True
2020,2020-08-13,True,False,sac,lal,136,122,30,36,41,29,0,40,16,28,38,0,home,4.0,221.5,150.0,-170.0,3.5,110.0,0.0,1,False
2020,2020-08-13,True,False,wsh,bos,96,90,26,30,22,18,0,21,30,26,13,0,away,2.0,224.5,-130.0,110.0,0.0,111.0,1.0,0,False
2020,2020-08-13,True,False,dal,phx,102,128,25,32,22,23,0,36,40,28,24,0,home,8.5,238.5,320.0,-380.0,0.0,117.5,1.0,0,True
2020,2020-08-13,True,False,por,bkn,134,133,31,42,24,37,0,31,36,37,29,0,away,10.5,238.5,-850.0,575.0,3.5,118.0,0.0,1,False
2020,2020-08-14,True,False,mia,ind,92,109,13,31,26,22,0,28,30,26,25,0,away,2.0,221.5,-130.0,110.0,3.0,109.5,0.0,0,True
2020,2020-08-14,True,False,okc,lac,103,107,22,25,16,24,16,21,16,33,17,20,home,3.0,224.5,135.0,-155.0,3.5,107.5,1.0,0,True
2020,2020-08-14,True,False,phi,hou,134,96,39,32,32,31,0,26,21,30,19,0,home,2.5,230.5,120.0,-140.0,7.5,113.0,0.0,0,False
2020,2020-08-14,True,False,den,tor,109,117,23,27,26,33,0,31,27,27,32,0,away,2.5,223.5,-145.0,125.0,3.0,110.5,0.0,1,True
