season,date,regular,playoffs,away_team,home_team,score_away,score_home,q1_away,q2_away,q3_away,q4_away,ot_away,q1_home,q2_home,q3_home,q4_home,ot_home,whos_favored,spread,total,away_ml,home_ml,h2_spread,h2_total,id_spread,id_total,home_won
2013,2012-10-30,True,False,wsh,cle,84,94,24,15,23,22,0,27,23,24,20,0,home,6.0,190.5,210.0,-250.0,0.5,94.5,1.0,0,True
2013,2012-10-30,True,False,bos,mia,107,120,25,29,22,31,0,31,31,31,27,0,home,6.5,187.5,240.0,-280.0,1.0,95.0,1.0,1,True
2013,2012-10-30,True,False,dal,lal,99,91,25,23,26,25,0,29,17,20,25,0,home,8.5,186.5,400.0,-500.0,7.0,94.0,0.0,1,False
2013,2012-10-31,True,False,mem,lac,92,101,24,29,24,15,0,26,23,24,28,0,home,4.5,188.0,155.0,-175.0,5.0,93.5,1.0,1,True
2013,2012-10-31,True,False,gs,phx,87,85,25,23,17,22,0,21,21,25,18,0,home,2.0,202.0,120.0,-140.0,2.5,100.5,0.0,0,False
2013,2012-10-31,True,False,dal,utah,94,113,26,37,13,18,0,25,30,37,21,0,home,8.0,194.5,330.0,-400.0,6.5,98.0,1.0,1,True
2013,2012-10-31,True,False,sac,chi,87,93,23,17,23,24,0,25,19,25,24,0,home,6.5,191.0,235.0,-275.0,2.5,94.0,0.0,0,True
2013,2012-10-31,True,False,lal,por,106,116,26,31,19,30,0,30,32,30,24,0,away,2.0,192.0,-135.0,115.0,2.5,97.5,0.0,1,True
2013,2012-10-31,True,False,hou,det,105,96,27,28,17,33,0,22,36,23,15,0,home,2.5,194.0,115.0,-135.0,0.5,97.5,0.0,1,False
2013,2012-10-31,True,False,den,phi,75,84,22,16,14,23,0,25,21,19,19,0,away,2.0,197.5,-130.0,110.0,3.0,97.0,0.0,0,True
2013,2012-10-31,True,False,ind,tor,90,88,27,21,15,27,0,25,23,23,17,0,away,1.0,190.0,-120.0,100.0,1.5,96.0,1.0,0,False
2013,2012-10-31,True,False,sa,no,99,95,28,15,28,28,0,31,19,21,24,0,away,7.0,186.5,-305.0,255.0,6.0,93.0,0.0,1,False
2013,2012-11-01,True,False,okc,sa,84,86,24,16,26,18,0,21,24,21,20,0,home,2.0,204.0,110.0,-130.0,0.5,101.0,2.0,0,True
2013,2012-11-02,True,False,lac,lal,105,95,28,24,30,23,0,23,24,20,28,0,away,2.0,191.5,-130.0,110.0,1.0,96.5,1.0,1,False
2013,2012-11-02,True,False,mem,gs,104,94,28,23,24,29,0,20,27,16,31,0,away,1.5,192.0,-108.0,-102.0,0.5,97.0,1.0,1,False
2013,2012-11-02,True,False,det,phx,89,92,28,18,17,26,0,24,30,17,21,0,home,4.5,195.0,170.0,-200.0,0.0,97.5,0.0,0,True
2013,2012-11-02,True,False,mia,ny,84,104,17,27,19,21,0,33,22,26,23,0,away,6.0,198.5,-260.0,220.0,7.0,98.0,0.0,0,True
2013,2012-11-02,True,False,por,okc,92,106,21,21,24,26,0,26,23,25,32,0,home,8.5,204.5,350.0,-450.0,3.0,100.0,1.0,0,True
2013,2012-11-02,True,False,sac,min,80,92,18,23,24,15,0,28,22,20,22,0,home,3.0,195.5,130.0,-150.0,1.0,96.5,1.0,0,True
2013,2012-11-02,True,False,utah,no,86,88,19,22,22,23,0,19,21,27,21,0,away,3.5,191.5,-165.0,145.0,2.0,96.5,0.0,0,True
2013,2012-11-02,True,False,mil,bos,99,88,25,21,30,23,0,18,12,28,30,0,home,7.0,196.5,270.0,-330.0,8.5,96.0,0.0,0,False
2013,2012-11-02,True,False,hou,atl,109,102,28,25,28,28,0,21,23,30,28,0,home,5.0,203.0,180.0,-220.0,5.0,100.5,0.0,1,False
2013,2012-11-02,True,False,den,orl,89,102,18,19,31,21,0,29,29,20,24,0,away,6.0,197.0,-250.0,210.0,7.5,97.5,0.0,0,True
2013,2012-11-02,True,False,ind,cha,89,90,20,23,27,19,0,17,22,35,16,0,away,7.0,183.0,-300.0,250.0,3.0,90.5,0.0,0,True
2013,2012-11-02,True,False,chi,cle,115,86,32,28,23,32,0,16,19,21,30,0,away,3.0,184.0,-150.0,130.0,4.5,90.0,1.0,1,False
2013,2012-11-03,True,False,cha,dal,99,126,19,34,28,18,0,31,30,36,29,0,home,10.0,187.0,475.0,-625.0,3.0,93.5,1.0,1,True
2013,2012-11-03,True,False,gs,lac,114,110,33,24,28,29,0,24,29,26,31,0,home,8.5,198.0,360.0,-460.0,7.5,98.0,0.0,1,False
2013,2012-11-03,True,False,cle,mil,102,105,27,22,30,23,0,23,32,21,29,0,home,7.0,197.5,250.0,-300.0,2.0,98.0,0.0,1,True
2013,2012-11-03,True,False,por,hou,95,85,17,20,27,17,14,19,26,18,18,4,home,5.5,206.0,195.0,-230.0,0.5,102.5,0.0,0,False
2013,2012-11-03,True,False,utah,sa,100,110,17,27,35,21,0,28,34,17,31,0,home,7.5,201.5,275.0,-335.0,1.0,99.5,1.0,1,True
2013,2012-11-03,True,False,tor,bkn,100,107,35,17,26,22,0,27,33,24,23,0,home,5.5,194.0,200.0,-235.0,0.5,97.5,1.0,1,True
2013,2012-11-03,True,False,den,mia,116,119,34,32,25,25,0,35,29,23,32,0,home,8.5,199.5,355.0,-445.0,6.5,99.0,0.0,1,True
2013,2012-11-03,True,False,no,chi,89,82,21,25,20,23,0,18,26,16,22,0,home,9.5,181.5,455.0,-580.0,6.5,88.0,0.0,0,False
2013,2012-11-03,True,False,sac,ind,98,106,24,18,24,25,7,18,38,18,17,15,home,7.5,189.0,285.0,-345.0,0.0,93.5,1.0,1,True
2013,2012-11-03,True,False,bos,wsh,89,86,26,23,22,18,0,12,30,25,19,0,away,5.5,191.0,-240.0,200.0,1.5,95.5,0.0,0,False
2013,2012-11-04,True,False,atl,okc,104,95,30,17,28,29,0,22,29,23,21,0,home,9.5,199.0,425.0,-550.0,4.5,97.5,0.0,2,False
2013,2012-11-04,True,False,phx,orl,94,115,33,23,20,18,0,26,20,40,29,0,home,0.0,193.5,-110.0,-110.0,2.5,97.5,1.0,1,True
2013,2012-11-04,True,False,det,lal,79,108,13,21,21,24,0,34,28,24,22,0,home,8.0,190.0,300.0,-360.0,3.0,93.5,1.0,0,True
2013,2012-11-04,True,False,phi,ny,84,100,25,19,22,18,0,31,26,18,25,0,home,3.5,187.5,140.0,-160.0,1.5,93.5,1.0,0,True
2013,2012-11-04,True,False,min,tor,86,105,24,23,26,13,0,25,31,23,26,0,home,3.5,189.0,140.0,-160.0,1.0,95.0,1.0,1,True
2013,2012-11-05,True,False,cle,lac,108,101,31,26,27,24,0,28,22,28,23,0,home,10.0,199.5,500.0,-700.0,9.5,100.5,0.0,1,False
2013,2012-11-05,True,False,ny,phi,110,88,25,31,33,21,0,21,27,20,20,0,home,2.5,184.0,120.0,-140.0,3.0,91.5,0.0,1,False
2013,2012-11-05,True,False,phx,mia,99,124,25,28,21,25,0,34,31,33,26,0,home,13.0,202.5,1100.0,-1700.0,3.5,101.0,1.0,1,True
2013,2012-11-05,True,False,min,bkn,107,96,27,20,28,32,0,31,31,24,10,0,home,7.5,194.5,290.0,-350.0,0.5,97.5,0.0,1,False
2013,2012-11-05,True,False,utah,mem,94,103,25,25,18,26,0,18,29,27,29,0,home,5.0,195.5,175.0,-210.0,5.0,99.0,1.0,1,True
2013,2012-11-05,True,False,por,dal,91,114,27,28,24,12,0,31,26,26,31,0,home,4.0,198.0,155.0,-175.0,2.0,99.0,1.0,1,True
2013,2012-11-05,True,False,ind,sa,79,101,18,20,22,19,0,26,21,26,28,0,home,8.5,194.0,335.0,-410.0,1.5,94.5,1.0,0,True
2013,2012-11-05,True,False,gs,sac,92,94,22,22,20,28,0,21,31,23,19,0,home,2.0,198.0,105.0,-125.0,1.5,97.0,2.0,0,True
2013,2012-11-06,True,False,tor,okc,88,108,17,21,25,25,0,30,27,28,23,0,home,9.0,197.5,400.0,-505.0,0.0,97.0,1.0,0,True
2013,2012-11-06,True,False,det,den,97,109,21,30,25,21,0,24,34,27,24,0,home,10.0,199.5,495.0,-670.0,4.0,100.0,1.0,1,True
2013,2012-11-06,True,False,orl,chi,93,99,24,24,22,23,0,23,22,23,31,0,home,9.0,186.0,415.0,-520.0,7.0,93.5,0.0,1,True
2013,2012-11-07,True,False,lal,utah,86,95,17,24,16,29,0,25,26,14,30,0,home,3.0,198.0,125.0,-145.0,2.5,99.0,1.0,0,True
2013,2012-11-07,True,False,sa,lac,84,106,16,25,21,22,0,22,25,35,24,0,away,1.5,204.5,-108.0,-102.0,1.5,100.5,0.0,0,True
2013,2012-11-07,True,False,cle,gs,96,106,21,30,23,22,0,37,22,26,21,0,home,6.0,201.0,200.0,-240.0,0.5,101.0,1.0,1,True
2013,2012-11-07,True,False,det,sac,103,105,27,19,25,32,0,26,29,24,26,0,home,7.0,193.0,230.0,-270.0,1.0,96.5,0.0,1,True
2013,2012-11-07,True,False,tor,dal,104,109,24,26,24,30,0,36,25,21,27,0,home,7.0,197.0,250.0,-300.0,0.5,97.0,0.0,1,True
2013,2012-11-07,True,False,den,hou,93,87,25,31,13,24,0,18,23,23,23,0,home,2.5,204.0,125.0,-145.0,5.5,100.5,0.0,0,False
2013,2012-11-07,True,False,mem,mil,108,90,23,33,25,27,0,22,21,25,22,0,home,1.0,196.5,102.0,-113.0,4.0,97.0,0.0,1,False
2013,2012-11-07,True,False,orl,min,75,90,12,22,21,20,0,25,13,30,22,0,home,6.0,193.5,210.0,-250.0,2.5,95.5,1.0,0,True
2013,2012-11-07,True,False,ind,atl,86,89,25,25,27,9,0,22,29,14,24,0,home,4.0,191.5,155.0,-175.0,2.5,96.0,0.0,0,True
2013,2012-11-07,True,False,bkn,mia,73,103,22,19,15,17,0,26,24,29,24,0,home,10.5,208.0,475.0,-650.0,3.0,101.5,1.0,0,True
2013,2012-11-07,True,False,wsh,bos,94,100,16,26,16,30,6,21,16,29,22,12,home,9.5,186.5,455.0,-610.0,8.5,93.0,0.0,1,True
2013,2012-11-07,True,False,phx,cha,117,110,31,29,25,32,0,22,24,35,29,0,away,2.5,194.0,-150.0,130.0,2.5,97.0,1.0,1,False
2013,2012-11-07,True,False,phi,no,77,62,16,20,21,20,0,19,18,10,15,0,away,1.5,179.0,-117.0,106.0,0.0,88.0,1.0,0,False
2013,2012-11-08,True,False,okc,chi,97,91,24,24,18,31,0,24,23,25,19,0,away,2.5,190.0,-145.0,125.0,2.0,95.5,1.0,0,False
2013,2012-11-08,True,False,lac,por,103,90,29,31,17,26,0,22,17,32,19,0,home,0.0,201.5,100.0,-110.0,5.0,99.0,0.0,0,False
2013,2012-11-09,True,False,ind,min,94,96,19,24,21,30,0,21,21,27,27,0,home,1.5,183.0,110.0,-130.0,1.0,91.5,1.0,1,True
2013,2012-11-09,True,False,cle,phx,105,107,37,25,21,22,0,16,33,27,31,0,home,3.0,200.5,130.0,-150.0,5.0,100.0,0.0,1,True
2013,2012-11-09,True,False,det,okc,94,105,19,23,27,25,0,18,31,25,31,0,home,11.5,197.0,625.0,-850.0,5.0,97.0,0.0,1,True
2013,2012-11-09,True,False,gs,lal,77,101,22,16,17,22,0,23,24,25,29,0,home,7.5,199.0,270.0,-330.0,1.5,98.5,1.0,0,True
2013,2012-11-09,True,False,sa,sac,97,86,24,23,22,28,0,27,12,29,18,0,away,6.0,198.5,-240.0,200.0,1.0,97.5,1.0,0,False
2013,2012-11-09,True,False,cha,no,99,107,21,28,20,30,0,24,35,19,29,0,home,7.5,181.0,245.0,-290.0,1.0,91.0,1.0,1,True
2013,2012-11-09,True,False,utah,den,84,104,27,11,19,27,0,26,27,20,31,0,home,5.5,203.0,200.0,-240.0,1.5,101.5,1.0,0,True
2013,2012-11-09,True,False,mia,atl,95,89,25,17,30,23,0,25,21,25,18,0,away,4.0,197.5,-190.0,165.0,3.0,96.5,1.0,0,False
2013,2012-11-09,True,False,mil,wsh,101,91,30,26,19,26,0,28,19,25,19,0,away,3.5,192.5,-160.0,140.0,1.0,96.5,1.0,0,False
2013,2012-11-09,True,False,bkn,orl,107,68,19,31,25,32,0,17,19,15,17,0,away,2.5,195.0,-155.0,135.0,5.0,95.5,1.0,0,False
2013,2012-11-09,True,False,hou,mem,85,93,24,22,22,17,0,17,25,27,24,0,home,7.0,194.0,250.0,-300.0,6.5,95.5,1.0,0,True
2013,2012-11-09,True,False,dal,ny,94,104,23,34,21,16,0,25,30,29,20,0,home,6.5,198.5,220.0,-260.0,5.5,100.0,1.0,0,True
2013,2012-11-09,True,False,phi,bos,106,100,23,34,26,23,0,20,25,29,26,0,home,5.5,180.5,190.0,-230.0,6.0,91.0,0.0,1,False
2013,2012-11-10,True,False,phi,tor,93,83,20,32,17,24,0,26,7,29,21,0,home,2.5,186.5,120.0,-140.0,5.5,91.5,0.0,0,False
2013,2012-11-10,True,False,phx,utah,81,94,19,24,18,20,0,29,21,27,17,0,home,8.5,203.0,340.0,-425.0,2.5,101.5,1.0,0,True
2013,2012-11-10,True,False,bos,mil,96,92,20,19,25,32,0,22,20,26,24,0,away,1.0,193.5,-115.0,-105.0,0.5,96.5,1.0,0,False
2013,2012-11-10,True,False,det,hou,82,96,15,26,16,25,0,20,27,25,24,0,home,7.0,194.0,260.0,-310.0,2.5,96.5,1.0,0,True
2013,2012-11-10,True,False,den,gs,107,101,24,16,22,24,21,13,26,20,27,15,away,2.0,202.5,-135.0,115.0,1.5,99.5,1.0,1,False
2013,2012-11-10,True,False,dal,cha,97,101,21,34,18,18,6,24,20,24,23,10,away,6.5,200.0,-260.0,220.0,0.0,98.5,0.0,0,True
2013,2012-11-10,True,False,wsh,ind,85,89,22,27,23,13,0,23,26,21,19,0,home,8.0,186.0,300.0,-360.0,5.5,93.0,0.0,0,True
2013,2012-11-10,True,False,min,chi,80,87,19,22,18,21,0,20,20,23,24,0,home,8.0,184.0,300.0,-360.0,5.5,91.5,0.0,0,True
2013,2012-11-10,True,False,sa,por,112,109,26,17,30,39,0,26,26,27,30,0,away,2.5,197.5,-140.0,120.0,3.5,97.0,1.0,1,False
2013,2012-11-11,True,False,orl,bkn,74,82,17,18,18,21,0,35,15,13,19,0,home,8.5,190.5,320.0,-400.0,0.5,94.5,0.0,0,True
2013,2012-11-11,True,False,atl,lac,76,89,19,18,23,16,0,18,21,26,24,0,home,6.5,195.5,220.0,-260.0,3.5,95.5,1.0,0,True
2013,2012-11-11,True,False,mia,mem,86,104,21,20,25,20,0,22,34,20,28,0,away,1.5,194.5,-135.0,115.0,5.5,97.5,0.0,0,True
2013,2012-11-11,True,False,cle,okc,91,106,21,25,27,18,0,27,30,22,27,0,home,10.0,202.0,450.0,-600.0,2.5,99.5,1.0,0,True
2013,2012-11-11,True,False,sac,lal,90,103,22,26,18,24,0,29,28,22,24,0,home,10.5,192.5,490.0,-680.0,4.0,96.5,1.0,1,True
2013,2012-11-12,True,False,min,dal,90,82,25,20,21,24,0,17,22,19,24,0,home,7.0,191.0,245.0,-290.0,6.0,93.0,0.0,0,False
2013,2012-11-12,True,False,atl,por,95,87,28,28,19,20,0,22,25,20,20,0,home,2.5,194.0,130.0,-150.0,4.0,97.0,0.0,0,False
2013,2012-11-12,True,False,den,phx,100,110,27,30,21,22,0,23,31,29,27,0,away,4.5,203.0,-200.0,170.0,2.0,100.5,0.0,1,True
2013,2012-11-12,True,False,mia,hou,113,110,25,31,26,31,0,19,33,33,25,0,away,5.5,194.5,-230.0,190.0,3.0,97.0,0.0,1,False
2013,2012-11-12,True,False,okc,det,92,90,25,20,17,30,0,23,28,22,17,0,away,7.0,193.0,-300.0,250.0,7.5,96.0,0.0,0,False
2013,2012-11-12,True,False,mil,phi,105,96,34,28,21,22,0,26,24,33,13,0,home,4.0,191.0,150.0,-170.0,5.0,96.5,0.0,1,False
2013,2012-11-12,True,False,utah,tor,140,133,26,26,30,22,36,28,29,30,17,29,away,3.0,192.5,-150.0,130.0,3.0,97.5,1.0,1,False
2013,2012-11-12,True,False,bos,chi,101,95,33,25,24,19,0,27,19,24,25,0,home,3.0,185.0,125.0,-145.0,5.0,93.0,0.0,1,False
2013,2012-11-13,True,False,wsh,cha,76,92,27,12,22,15,0,23,29,18,22,0,home,2.0,191.0,110.0,-130.0,3.0,95.0,1.0,0,True
2013,2012-11-13,True,False,ny,orl,99,89,27,22,28,22,0,23,30,23,13,0,away,7.0,187.5,-310.0,255.0,7.0,93.5,1.0,1,False
2013,2012-11-13,True,False,tor,ind,74,72,29,17,23,5,0,21,15,22,14,0,home,9.0,185.5,400.0,-500.0,8.0,92.0,0.0,0,False
2013,2012-11-13,True,False,cle,bkn,101,114,30,12,33,26,0,29,35,21,29,0,home,5.5,196.0,190.0,-230.0,3.0,95.5,1.0,1,True
2013,2012-11-13,True,False,por,sac,103,86,25,21,28,29,0,18,24,16,28,0,home,2.0,197.0,120.0,-140.0,2.0,98.0,0.0,0,False
2013,2012-11-13,True,False,sa,lal,84,82,18,20,22,24,0,24,19,16,23,0,away,1.0,195.0,-114.0,103.0,2.0,98.0,1.0,0,False
2013,2012-11-14,True,False,atl,gs,88,92,21,25,14,28,0,22,32,17,21,0,home,1.0,192.5,102.0,-113.0,1.5,96.5,1.0,0,True
2013,2012-11-14,True,False,chi,phx,112,106,29,28,26,17,12,27,24,18,31,6,away,3.0,191.5,-150.0,130.0,0.0,96.5,1.0,1,False
2013,2012-11-14,True,False,wsh,dal,101,107,19,26,22,34,0,23,40,22,22,0,home,8.5,192.0,320.0,-400.0,0.5,94.5,0.0,1,True
2013,2012-11-14,True,False,cha,min,89,87,28,23,18,20,0,24,14,15,34,0,home,7.0,182.0,245.0,-290.0,7.0,90.5,0.0,0,False
2013,2012-11-14,True,False,mia,lac,100,107,24,30,20,26,0,25,27,33,22,0,away,1.0,197.5,-110.0,100.0,0.0,99.0,0.0,1,True
2013,2012-11-14,True,False,no,hou,96,100,27,18,31,20,0,25,39,21,15,0,home,6.5,184.0,235.0,-275.0,2.5,92.0,0.0,1,True
2013,2012-11-14,True,False,ind,mil,85,99,17,17,19,32,0,33,27,22,17,0,home,4.5,189.5,160.0,-180.0,4.0,94.5,1.0,0,True
2013,2012-11-14,True,False,utah,bos,93,98,25,21,24,23,0,20,24,29,25,0,home,5.0,191.0,190.0,-230.0,5.0,96.5,2.0,2,True
2013,2012-11-14,True,False,mem,okc,107,97,20,36,25,26,0,30,15,26,26,0,home,5.5,194.0,180.0,-220.0,6.5,97.0,0.0,1,False
2013,2012-11-14,True,False,det,phi,94,76,23,29,17,25,0,17,17,20,22,0,home,8.0,186.0,310.0,-380.0,9.0,91.5,0.0,0,False
2013,2012-11-15,True,False,mia,den,98,93,28,26,25,19,0,20,22,24,27,0,home,3.5,202.5,130.0,-150.0,5.0,101.0,0.0,0,False
2013,2012-11-15,True,False,bos,bkn,97,102,26,24,29,18,0,31,28,15,28,0,home,5.5,190.0,190.0,-230.0,0.0,91.5,0.0,1,True
2013,2012-11-15,True,False,ny,sa,104,100,33,22,17,32,0,31,26,19,24,0,home,5.5,196.0,180.0,-220.0,3.0,97.5,0.0,1,False
2013,2012-11-16,True,False,utah,phi,93,99,20,23,21,29,0,30,22,19,28,0,home,1.5,185.5,105.0,-116.0,2.5,92.0,1.0,1,True
2013,2012-11-16,True,False,orl,det,110,106,22,22,27,39,0,25,25,25,31,0,home,5.0,187.5,175.0,-210.0,1.0,93.0,0.0,1,False
2013,2012-11-16,True,False,dal,ind,83,103,24,25,18,16,0,24,24,28,27,0,home,2.0,188.0,110.0,-130.0,2.0,93.5,1.0,0,True
2013,2012-11-16,True,False,okc,no,110,95,36,30,28,16,0,18,19,30,28,0,away,6.5,186.5,-270.0,230.0,4.0,92.5,1.0,1,False
2013,2012-11-16,True,False,gs,min,106,98,22,31,29,24,0,27,23,19,29,0,home,0.0,185.5,110.0,-130.0,0.5,93.5,0.0,1,False
2013,2012-11-16,True,False,ny,mem,95,105,25,24,18,28,0,29,25,31,20,0,home,6.5,191.0,195.0,-235.0,2.0,95.0,1.0,1,True
2013,2012-11-16,True,False,atl,sac,112,96,34,24,28,26,0,20,36,14,26,0,away,2.0,188.5,-130.0,110.0,0.5,95.0,1.0,1,False
2013,2012-11-16,True,False,hou,por,117,119,27,31,21,32,6,22,29,27,33,8,home,2.0,198.0,110.0,-130.0,3.0,98.5,2.0,1,True
2013,2012-11-16,True,False,phx,lal,102,114,30,27,27,18,0,35,27,30,22,0,home,9.0,201.5,425.0,-550.0,4.5,102.0,1.0,1,True
2013,2012-11-17,True,False,mia,phx,97,88,23,29,23,22,0,23,29,19,17,0,away,6.5,202.5,-275.0,235.0,5.0,100.5,1.0,0,False
2013,2012-11-17,True,False,den,sa,100,126,15,25,28,32,0,33,27,30,36,0,home,6.0,202.5,220.0,-260.0,1.5,100.0,1.0,1,True
2013,2012-11-17,True,False,no,mil,113,117,27,31,33,22,0,25,35,31,26,0,home,8.5,191.5,300.0,-360.0,5.0,96.0,0.0,1,True
2013,2012-11-17,True,False,dal,cle,103,95,24,27,24,28,0,24,28,21,22,0,home,2.5,199.0,120.0,-140.0,1.5,98.0,0.0,0,False
2013,2012-11-17,True,False,tor,bos,89,107,17,25,22,25,0,30,17,32,28,0,home,7.0,187.0,270.0,-330.0,2.5,92.5,1.0,1,True
2013,2012-11-17,True,False,utah,wsh,83,76,15,23,27,18,0,17,23,23,13,0,away,3.5,189.0,-165.0,145.0,4.0,94.5,1.0,0,False
2013,2012-11-17,True,False,chi,lac,80,101,15,25,21,19,0,18,35,25,23,0,home,6.5,191.0,235.0,-275.0,0.5,94.0,1.0,0,True
2013,2012-11-17,True,False,mem,cha,94,87,25,22,28,19,0,19,19,22,27,0,away,6.5,190.0,-265.0,225.0,0.5,95.0,1.0,0,False
2013,2012-11-18,True,False,bos,det,83,103,25,18,14,26,0,23,25,23,32,0,away,4.0,189.0,-175.0,155.0,4.0,94.0,0.0,0,True
2013,2012-11-18,True,False,hou,lal,108,119,29,31,27,21,0,40,28,30,21,0,home,7.0,206.0,290.0,-350.0,2.0,104.0,1.0,1,True
2013,2012-11-18,True,False,chi,por,94,102,30,13,25,26,0,23,28,22,29,0,home,2.0,191.5,120.0,-140.0,1.5,94.0,1.0,1,True
2013,2012-11-18,True,False,bkn,sac,99,90,21,33,20,25,0,20,22,23,25,0,away,3.5,192.0,-160.0,140.0,2.0,96.0,1.0,0,False
2013,2012-11-18,True,False,ind,ny,76,88,18,12,26,20,0,21,20,27,20,0,home,7.5,186.5,265.0,-325.0,0.5,91.5,1.0,0,True
2013,2012-11-18,True,False,cle,phi,79,86,21,21,15,22,0,19,24,19,24,0,home,6.5,190.0,245.0,-290.0,3.5,94.0,1.0,0,True
2013,2012-11-18,True,False,orl,tor,86,97,22,19,28,17,0,32,17,18,30,0,home,4.0,187.0,155.0,-175.0,0.0,93.5,1.0,0,True
2013,2012-11-18,True,False,gs,okc,109,119,25,21,27,36,0,26,33,35,25,0,home,9.5,198.0,450.0,-600.0,1.5,98.0,1.0,1,True
2013,2012-11-19,True,False,ind,wsh,96,89,28,22,21,25,0,13,28,26,22,0,away,3.0,180.0,-155.0,135.0,1.5,89.5,1.0,1,False
2013,2012-11-19,True,False,mil,cha,98,102,23,31,27,17,0,30,25,22,25,0,away,4.0,197.5,-190.0,165.0,3.5,99.5,0.0,1,True
2013,2012-11-19,True,False,orl,atl,72,81,23,14,12,23,0,21,20,24,16,0,home,10.5,186.0,495.0,-670.0,5.0,93.5,0.0,0,True
2013,2012-11-19,True,False,den,mem,97,92,27,25,17,28,0,26,23,21,22,0,home,7.0,195.5,250.0,-300.0,5.5,97.0,0.0,0,False
2013,2012-11-19,True,False,gs,dal,105,101,23,20,24,23,15,20,18,27,25,11,home,5.0,200.0,185.0,-220.0,5.0,98.0,0.0,1,False
2013,2012-11-19,True,False,lac,sa,92,87,18,29,24,21,0,28,14,21,24,0,home,4.5,200.0,165.0,-185.0,3.5,99.5,0.0,0,False
2013,2012-11-19,True,False,hou,utah,91,102,26,18,26,21,0,29,32,24,17,0,home,6.0,197.0,225.0,-265.0,1.5,95.5,1.0,0,True
2013,2012-11-20,True,False,tor,phi,98,106,29,22,29,18,0,22,29,22,33,0,home,5.5,183.0,175.0,-210.0,4.0,91.5,1.0,1,True
2013,2012-11-20,True,False,ny,no,102,80,29,24,30,19,0,17,31,16,16,0,away,7.5,185.5,-400.0,320.0,3.5,92.0,1.0,0,False
2013,2012-11-20,True,False,bkn,lal,90,95,23,34,16,17,0,29,27,20,19,0,home,6.5,208.0,240.0,-280.0,4.5,102.5,0.0,0,True
2013,2012-11-21,True,False,den,min,101,94,15,29,25,32,0,26,32,15,21,0,away,2.0,192.0,-140.0,120.0,4.0,96.5,1.0,1,False
2013,2012-11-21,True,False,ny,dal,111,114,28,26,26,31,0,24,25,35,30,0,away,3.5,194.0,-160.0,140.0,1.0,95.5,0.0,1,True
2013,2012-11-21,True,False,chi,hou,89,93,22,24,19,24,0,20,22,24,27,0,home,1.0,192.0,107.0,-118.0,1.5,94.0,1.0,0,True
2013,2012-11-21,True,False,lal,sac,97,113,21,20,28,28,0,15,27,31,40,0,away,5.5,204.5,-240.0,200.0,5.0,99.0,0.0,1,True
2013,2012-11-21,True,False,bkn,gs,93,102,30,16,20,27,0,18,23,33,28,0,home,2.0,194.5,120.0,-140.0,2.5,96.5,1.0,1,True
2013,2012-11-21,True,False,por,phx,87,114,25,19,27,16,0,29,28,32,25,0,home,2.5,201.0,110.0,-130.0,2.5,99.0,1.0,2,True
2013,2012-11-21,True,False,lac,okc,111,117,22,27,20,33,9,28,31,17,26,15,home,3.5,198.5,145.0,-165.0,1.5,100.0,1.0,1,True
2013,2012-11-21,True,False,no,ind,107,115,29,18,27,23,10,21,22,32,22,18,home,7.5,181.0,300.0,-360.0,6.5,89.5,1.0,1,True
2013,2012-11-21,True,False,wsh,atl,100,101,24,23,19,24,10,26,24,18,22,11,home,9.5,185.5,450.0,-600.0,5.0,91.5,0.0,1,True
2013,2012-11-21,True,False,tor,cha,97,98,25,28,21,23,0,22,31,22,23,0,home,2.5,193.5,115.0,-135.0,2.0,97.5,0.0,1,True
2013,2012-11-21,True,False,det,orl,74,90,27,21,8,18,0,21,24,26,19,0,home,1.0,190.0,102.0,-113.0,1.0,96.0,1.0,0,True
2013,2012-11-21,True,False,mil,mia,106,113,15,29,29,25,8,29,17,25,27,15,home,9.5,203.5,450.0,-600.0,5.5,99.5,0.0,1,True
2013,2012-11-21,True,False,phi,cle,83,92,15,20,23,25,0,28,19,21,24,0,away,4.5,182.0,-190.0,165.0,5.5,91.0,0.0,0,True
2013,2012-11-21,True,False,sa,bos,112,100,30,26,26,30,0,27,21,26,26,0,away,1.0,193.0,-111.0,101.0,1.5,97.5,1.0,1,False
2013,2012-11-23,True,False,min,por,95,103,33,22,23,17,0,28,22,31,22,0,home,1.5,197.5,110.0,-130.0,2.0,99.5,1.0,1,True
2013,2012-11-23,True,False,no,phx,108,111,31,22,28,22,5,23,24,30,26,8,home,5.5,196.0,180.0,-220.0,4.5,96.5,0.0,1,True
2013,2012-11-23,True,False,sac,utah,102,104,32,21,27,22,0,28,24,21,31,0,home,9.0,194.5,380.0,-480.0,6.0,96.5,0.0,1,True
2013,2012-11-23,True,False,gs,den,91,102,21,32,17,21,0,23,24,31,24,0,home,6.5,201.0,220.0,-260.0,6.5,100.5,1.0,0,True
2013,2012-11-23,True,False,ny,hou,103,131,32,25,23,23,0,35,37,32,27,0,away,4.5,198.5,-200.0,170.0,6.0,99.5,0.0,1,True
2013,2012-11-23,True,False,lal,mem,98,106,18,31,21,28,0,34,22,26,24,0,home,4.5,200.5,165.0,-190.0,0.0,99.0,1.0,1,True
2013,2012-11-23,True,False,tor,det,90,91,20,23,25,22,0,21,26,25,19,0,home,1.5,192.0,110.0,-130.0,0.0,95.5,0.0,0,True
2013,2012-11-23,True,False,lac,bkn,76,86,25,22,16,13,0,25,15,23,23,0,away,3.0,194.0,-150.0,130.0,0.0,95.5,0.0,0,True
2013,2012-11-23,True,False,okc,bos,100,108,28,17,20,35,0,21,27,29,31,0,away,2.5,197.0,-150.0,130.0,3.0,99.0,0.0,1,True
2013,2012-11-23,True,False,cle,orl,104,108,26,25,25,28,0,24,21,31,32,0,home,4.5,185.0,160.0,-180.0,4.0,94.0,0.0,1,True
2013,2012-11-23,True,False,atl,cha,101,91,30,27,23,21,0,23,28,23,17,0,away,3.5,191.0,-165.0,145.0,0.0,96.0,1.0,1,False
2013,2012-11-23,True,False,sa,ind,104,97,28,20,25,31,0,25,27,25,20,0,away,4.5,190.5,-200.0,170.0,4.0,95.5,1.0,1,False
2013,2012-11-24,True,False,chi,mil,93,86,28,24,20,21,0,30,22,17,17,0,home,2.5,193.5,125.0,-145.0,2.0,96.5,0.0,0,False
2013,2012-11-24,True,False,min,gs,85,96,18,33,23,11,0,16,31,23,26,0,home,3.0,197.0,135.0,-155.0,2.5,99.5,1.0,0,True
2013,2012-11-24,True,False,utah,sac,97,108,29,27,19,22,0,23,28,32,25,0,away,1.0,196.0,-115.0,-105.0,0.0,99.5,0.0,1,True
2013,2012-11-24,True,False,lal,dal,115,89,36,29,24,26,0,23,15,27,24,0,away,1.5,205.0,-125.0,105.0,5.0,100.0,1.0,0,False
2013,2012-11-24,True,False,lac,atl,93,104,24,17,19,33,0,21,30,34,19,0,away,2.0,188.5,-135.0,115.0,3.5,93.5,0.0,1,True
2013,2012-11-24,True,False,cha,wsh,108,106,25,25,22,20,16,24,27,21,20,14,home,4.5,188.0,165.0,-190.0,2.5,94.0,0.0,1,False
2013,2012-11-24,True,False,okc,phi,116,109,29,21,35,13,18,21,28,30,19,11,away,4.5,191.5,-180.0,160.0,2.5,96.0,1.0,1,False
2013,2012-11-24,True,False,cle,mia,108,110,29,30,20,29,0,26,22,29,33,0,home,15.0,197.5,1835.0,-3635.0,13.5,98.0,0.0,1,True
2013,2012-11-25,True,False,no,den,84,102,23,18,20,23,0,26,25,32,19,0,home,10.0,194.0,475.0,-650.0,3.0,96.0,1.0,0,True
2013,2012-11-25,True,False,sa,tor,111,106,24,25,20,19,23,25,24,21,18,18,away,6.0,196.0,-265.0,225.0,4.5,98.0,0.0,1,False
2013,2012-11-25,True,False,det,ny,100,121,22,22,28,28,0,32,32,22,35,0,home,11.0,190.0,650.0,-950.0,0.5,94.0,1.0,1,True
2013,2012-11-25,True,False,por,bkn,85,98,27,23,20,15,0,25,21,24,28,0,home,7.5,193.0,250.0,-300.0,7.0,96.5,1.0,0,True
2013,2012-11-25,True,False,phx,phi,101,104,20,21,34,26,0,23,23,34,24,0,home,4.0,194.5,160.0,-180.0,1.0,96.0,0.0,1,True
2013,2012-11-25,True,False,bos,orl,116,110,28,30,22,22,14,22,26,34,20,8,away,5.5,189.0,-200.0,170.0,0.0,94.0,1.0,1,False
2013,2012-11-26,True,False,den,utah,103,105,35,30,19,19,0,24,30,30,21,0,home,3.0,197.5,140.0,-160.0,4.5,99.0,0.0,1,True
2013,2012-11-26,True,False,cha,okc,69,114,12,12,19,26,0,28,36,24,26,0,home,11.5,201.0,700.0,-1000.0,2.0,97.0,1.0,0,True
2013,2012-11-26,True,False,cle,mem,78,84,27,20,22,9,0,24,18,20,22,0,home,12.0,193.0,700.0,-1000.0,10.0,95.0,0.0,0,True
2013,2012-11-26,True,False,sa,wsh,118,92,29,31,32,26,0,25,23,22,22,0,away,7.0,195.5,-300.0,250.0,0.5,97.0,1.0,1,False
2013,2012-11-26,True,False,por,det,101,108,19,30,24,28,0,28,26,28,26,0,away,1.0,192.5,-120.0,100.0,2.0,96.5,0.0,1,True
2013,2012-11-26,True,False,no,lac,105,98,22,29,30,24,0,19,25,26,28,0,home,13.0,188.5,800.0,-1200.0,11.5,94.0,0.0,1,False
2013,2012-11-26,True,False,mil,chi,93,92,19,21,23,30,0,26,24,30,12,0,home,4.0,192.0,150.0,-170.0,1.0,95.0,0.0,0,False
2013,2012-11-26,True,False,ny,bkn,89,96,23,24,20,17,5,26,19,23,16,12,away,1.0,193.0,-115.0,-105.0,0.0,95.5,0.0,0,True
2013,2012-11-27,True,False,min,sac,97,89,27,21,27,22,0,26,19,22,22,0,home,1.0,195.5,100.0,-120.0,1.0,97.0,0.0,0,False
2013,2012-11-27,True,False,ind,lal,79,77,25,15,21,18,0,21,12,24,20,0,home,8.5,196.0,345.0,-430.0,9.0,96.5,0.0,0,False
2013,2012-11-27,True,False,phx,cle,91,78,19,18,34,20,0,13,19,27,19,0,away,3.5,201.0,-155.0,135.0,1.0,98.5,1.0,0,False
2013,2012-11-27,True,False,dal,phi,98,100,31,25,17,25,0,28,25,22,25,0,home,3.0,192.0,130.0,-150.0,4.0,94.5,0.0,1,True
2013,2012-11-27,True,False,tor,hou,101,117,23,28,28,22,0,29,32,38,18,0,home,6.0,203.5,210.0,-250.0,0.0,100.5,1.0,1,True
2013,2012-11-28,True,False,por,wsh,82,84,27,16,16,23,0,23,20,25,16,0,away,3.0,193.0,-155.0,135.0,2.5,95.5,0.0,0,True
2013,2012-11-28,True,False,min,lac,95,101,28,27,22,18,0,23,34,19,25,0,home,9.0,194.5,415.0,-520.0,6.0,98.0,0.0,1,True
2013,2012-11-28,True,False,hou,okc,98,120,25,20,29,24,0,27,30,29,34,0,home,10.5,210.0,555.0,-780.0,2.0,104.5,1.0,1,True
2013,2012-11-28,True,False,ny,mil,102,88,23,35,30,14,0,26,22,22,18,0,away,2.5,202.0,-140.0,120.0,2.0,100.0,1.0,0,False
2013,2012-11-28,True,False,dal,chi,78,101,23,19,16,20,0,24,34,19,24,0,home,6.5,190.0,220.0,-260.0,1.5,93.5,1.0,0,True
2013,2012-11-28,True,False,utah,no,96,84,20,21,31,24,0,20,19,17,28,0,away,3.0,190.0,-145.0,125.0,1.5,94.5,1.0,0,False
2013,2012-11-28,True,False,cha,atl,91,94,18,27,20,26,0,20,23,28,23,0,home,9.5,193.5,420.0,-525.0,7.0,95.0,0.0,0,True
2013,2012-11-28,True,False,bkn,bos,95,83,28,23,19,25,0,20,18,17,28,0,home,3.5,190.0,155.0,-175.0,5.5,94.0,0.0,0,False
2013,2012-11-28,True,False,sa,orl,110,89,29,26,26,29,0,18,23,23,25,0,away,7.5,197.0,-355.0,295.0,0.5,98.0,1.0,1,False
2013,2012-11-28,True,False,phx,det,77,117,24,20,16,17,0,24,31,26,36,0,home,3.0,198.0,130.0,-150.0,1.5,98.5,1.0,0,True
2013,2012-11-28,True,False,tor,mem,82,103,27,20,14,21,0,24,24,33,22,0,home,10.5,189.5,530.0,-730.0,7.0,93.0,1.0,0,True
2013,2012-11-29,True,False,sa,mia,100,105,27,17,32,24,0,22,25,26,32,0,home,13.5,202.0,695.0,-1095.0,8.0,99.5,0.0,1,True
2013,2012-11-29,True,False,den,gs,105,106,25,35,26,19,0,30,21,27,28,0,away,1.0,199.5,-115.0,-105.0,2.5,99.5,0.0,1,True
2013,2012-11-30,True,False,det,mem,78,90,21,24,21,12,0,22,31,23,14,0,home,10.5,188.5,475.0,-650.0,3.5,93.0,1.0,0,True
2013,2012-11-30,True,False,den,lal,103,122,27,30,25,21,0,34,37,26,25,0,home,5.5,205.5,200.0,-240.0,1.5,103.0,1.0,1,True
2013,2012-11-30,True,False,ind,sac,97,92,20,23,29,25,0,17,23,27,25,0,away,1.5,187.0,-125.0,105.0,0.5,94.0,1.0,1,False
2013,2012-11-30,True,False,mil,min,85,95,30,17,16,22,0,29,28,11,27,0,home,2.0,194.5,110.0,-130.0,2.5,97.5,1.0,0,True
2013,2012-11-30,True,False,utah,okc,94,106,20,22,25,27,0,22,32,29,23,0,home,9.5,201.0,425.0,-550.0,2.0,100.5,1.0,0,True
2013,2012-11-30,True,False,cle,atl,113,111,27,29,26,31,0,29,38,24,20,0,home,8.0,189.5,340.0,-425.0,1.0,95.0,0.0,1,False
2013,2012-11-30,True,False,por,bos,78,96,18,15,26,19,0,25,31,19,21,0,home,4.5,193.0,170.0,-200.0,3.5,95.0,1.0,0,True
2013,2012-11-30,True,False,bkn,orl,98,86,25,20,31,22,0,21,23,21,21,0,away,5.0,184.0,-210.0,175.0,3.5,92.0,1.0,2,False
2013,2012-11-30,True,False,phi,cha,104,98,27,27,22,28,0,25,25,23,25,0,away,3.5,188.0,-160.0,140.0,1.0,94.0,1.0,1,False
2013,2012-11-30,True,False,phx,tor,97,101,25,27,24,21,0,19,32,29,21,0,home,3.0,200.5,130.0,-150.0,2.5,99.5,1.0,0,True
2013,2012-11-30,True,False,wsh,ny,87,108,17,29,19,22,0,26,31,29,22,0,home,12.5,190.0,900.0,-1300.0,3.5,93.5,1.0,1,True
2013,2012-12-01,True,False,ind,gs,92,103,20,24,28,20,0,20,31,31,21,0,home,5.0,188.5,165.0,-185.0,1.0,95.0,1.0,1,True
2013,2012-12-01,True,False,sac,lac,81,116,17,17,24,23,0,28,30,29,29,0,home,12.5,196.5,700.0,-1000.0,1.0,95.5,1.0,1,True
2013,2012-12-01,True,False,det,dal,77,92,27,21,11,18,0,24,18,25,25,0,home,7.0,195.0,255.0,-310.0,7.0,96.5,1.0,0,True
2013,2012-12-01,True,False,mem,sa,95,99,22,24,27,14,8,21,24,15,27,12,home,6.0,196.5,220.0,-260.0,4.5,99.5,0.0,0,True
2013,2012-12-01,True,False,bos,mil,88,91,27,21,21,19,0,11,36,22,22,0,home,3.0,195.5,130.0,-150.0,2.5,97.5,2.0,0,True
2013,2012-12-01,True,False,utah,hou,116,124,28,21,37,30,0,28,30,27,39,0,home,6.5,206.5,220.0,-260.0,1.0,104.5,1.0,1,True
2013,2012-12-01,True,False,phi,chi,88,93,19,22,23,24,0,22,19,26,26,0,home,6.5,182.5,225.0,-265.0,4.5,90.5,0.0,0,True
2013,2012-12-01,True,False,por,cle,118,117,21,26,23,21,27,28,20,26,17,26,home,1.5,193.0,105.0,-125.0,0.5,97.0,0.0,1,False
2013,2012-12-01,True,False,bkn,mia,89,102,24,35,19,11,0,16,34,32,20,0,home,8.0,192.5,310.0,-380.0,7.5,97.5,1.0,0,True
2013,2012-12-01,True,False,okc,no,100,79,30,24,30,16,0,21,23,13,22,0,away,8.5,193.5,-450.0,350.0,2.5,97.5,1.0,0,False
2013,2012-12-02,True,False,phx,ny,99,106,20,22,30,27,0,24,35,30,17,0,home,11.5,199.5,625.0,-825.0,1.5,99.0,0.0,1,True
2013,2012-12-02,True,False,orl,lal,113,103,23,29,21,40,0,27,25,25,26,0,home,13.5,197.5,1000.0,-1500.0,9.0,98.5,0.0,1,False
2013,2012-12-03,True,False,orl,gs,102,94,28,23,18,33,0,27,20,22,25,0,home,9.5,196.0,435.0,-545.0,7.5,100.0,0.0,2,False
2013,2012-12-03,True,False,lac,utah,105,104,19,32,22,32,0,31,27,25,21,0,away,2.0,197.0,-135.0,115.0,3.5,96.5,0.0,1,False
2013,2012-12-03,True,False,tor,den,110,113,24,20,31,35,0,29,32,28,24,0,home,10.5,201.0,510.0,-700.0,1.5,98.5,0.0,1,True
2013,2012-12-03,True,False,cle,det,79,89,17,22,24,16,0,30,26,19,14,0,home,5.0,192.0,-225.0,-225.0,2.0,95.0,1.0,0,True
2013,2012-12-03,True,False,por,cha,118,112,26,25,19,32,16,34,20,21,27,10,home,1.0,192.0,-105.0,-115.0,0.5,95.5,0.0,1,False
2013,2012-12-03,True,False,mil,no,81,102,28,22,17,14,0,30,23,24,25,0,away,4.0,188.5,-175.0,155.0,4.5,94.0,0.0,0,True
2013,2012-12-04,True,False,mia,wsh,101,105,25,29,24,23,0,30,30,22,23,0,away,10.0,194.5,-700.0,500.0,10.5,96.5,0.0,1,True
2013,2012-12-04,True,False,min,phi,105,88,34,31,22,18,0,21,26,20,21,0,home,3.0,187.5,135.0,-155.0,6.0,93.5,0.0,1,False
2013,2012-12-04,True,False,okc,bkn,117,111,31,30,29,27,0,28,20,38,25,0,away,4.0,195.0,-200.0,170.0,2.0,97.0,1.0,1,False
2013,2012-12-04,True,False,ind,chi,80,76,20,15,25,20,0,18,19,18,21,0,home,4.0,180.5,155.0,-175.0,2.0,89.0,0.0,0,False
2013,2012-12-04,True,False,phx,mem,98,108,25,27,20,22,4,18,27,23,26,14,home,10.0,196.0,500.0,-700.0,9.5,98.5,2.0,1,True
2013,2012-12-04,True,False,lal,hou,105,107,30,28,25,22,0,22,23,28,34,0,home,1.0,215.0,-105.0,-115.0,4.5,108.0,1.0,0,True
2013,2012-12-05,True,False,tor,sac,100,107,29,18,29,24,0,29,26,23,29,0,home,2.5,198.0,120.0,-140.0,1.5,98.5,1.0,1,True
2013,2012-12-05,True,False,orl,utah,81,87,15,19,23,24,0,24,21,23,19,0,home,8.0,196.5,325.0,-400.0,2.0,96.5,0.0,0,True
2013,2012-12-05,True,False,mil,sa,99,110,32,26,18,23,0,29,23,24,34,0,home,8.5,202.5,350.0,-450.0,8.5,102.0,1.0,1,True
2013,2012-12-05,True,False,chi,cle,95,85,27,18,27,23,0,11,24,28,22,0,away,3.0,182.5,-155.0,135.0,1.5,90.5,1.0,0,False
2013,2012-12-05,True,False,lal,no,103,87,20,27,30,26,0,23,25,16,23,0,away,4.5,196.0,-200.0,170.0,4.5,98.0,1.0,0,False
2013,2012-12-05,True,False,dal,lac,90,112,18,24,26,22,0,29,31,23,29,0,home,8.5,200.5,325.0,-400.0,0.5,98.0,1.0,1,True
2013,2012-12-05,True,False,den,atl,104,108,26,25,27,26,0,27,28,30,23,0,home,2.0,199.5,105.0,-125.0,0.0,99.5,1.0,1,True
2013,2012-12-05,True,False,min,bos,94,104,30,21,21,22,0,27,20,32,25,0,home,5.5,193.0,205.0,-245.0,5.5,99.0,1.0,1,True
2013,2012-12-05,True,False,ny,cha,100,98,26,25,21,28,0,24,29,22,23,0,away,7.5,198.0,-340.0,280.0,6.5,98.0,0.0,2,False
2013,2012-12-05,True,False,por,ind,92,99,21,29,14,28,0,20,28,31,20,0,home,4.0,186.5,160.0,-180.0,3.0,92.5,1.0,1,True
2013,2012-12-05,True,False,gs,det,104,97,21,19,39,25,0,20,18,23,36,0,home,1.0,192.5,-105.0,-115.0,0.0,95.5,0.0,1,False
2013,2012-12-06,True,False,ny,mia,112,92,23,30,37,22,0,26,27,27,12,0,home,9.5,199.0,455.0,-580.0,6.5,99.0,0.0,1,False
2013,2012-12-06,True,False,dal,phx,97,94,23,17,29,28,0,23,21,18,32,0,home,4.0,204.5,165.0,-185.0,2.0,100.5,0.0,0,False
2013,2012-12-07,True,False,orl,sac,82,91,16,18,30,18,0,25,21,16,29,0,home,3.0,194.0,130.0,-150.0,2.0,96.0,1.0,0,True
2013,2012-12-07,True,False,lal,okc,108,114,27,26,22,33,0,26,41,22,25,0,home,7.5,212.0,280.0,-340.0,1.0,106.0,0.0,1,True
2013,2012-12-07,True,False,tor,utah,99,131,29,23,24,23,0,25,38,32,36,0,home,6.5,198.0,240.0,-280.0,0.5,100.0,1.0,1,True
2013,2012-12-07,True,False,cha,mil,93,108,20,20,21,32,0,33,25,28,22,0,home,7.0,197.0,250.0,-300.0,0.5,97.0,1.0,1,True
2013,2012-12-07,True,False,hou,sa,92,114,21,24,21,26,0,29,28,30,27,0,home,8.5,212.5,320.0,-400.0,1.5,105.5,1.0,0,True
2013,2012-12-07,True,False,mem,no,96,89,22,29,20,25,0,17,22,27,23,0,away,8.0,183.0,-380.0,310.0,1.5,91.0,0.0,1,False
2013,2012-12-07,True,False,gs,bkn,109,102,24,31,29,25,0,31,32,19,20,0,home,6.5,196.0,230.0,-270.0,1.5,98.0,0.0,1,False
2013,2012-12-07,True,False,chi,det,108,104,26,24,28,30,0,30,25,19,30,0,away,3.0,181.5,-150.0,130.0,2.5,90.5,1.0,1,False
2013,2012-12-07,True,False,wsh,atl,95,104,19,22,30,24,0,31,23,26,24,0,home,9.0,191.5,400.0,-500.0,1.5,94.5,2.0,1,True
2013,2012-12-07,True,False,bos,phi,94,95,28,22,20,19,5,28,18,26,17,6,away,2.0,188.0,-130.0,110.0,0.0,94.0,0.0,1,True
2013,2012-12-07,True,False,den,ind,92,89,22,29,18,23,0,28,22,18,21,0,home,1.5,195.0,110.0,-130.0,2.0,97.0,0.0,0,False
2013,2012-12-07,True,False,cle,min,73,91,16,21,20,16,0,25,19,22,25,0,home,8.5,191.0,390.0,-490.0,3.0,95.0,1.0,0,True
2013,2012-12-08,True,False,atl,mem,93,83,21,20,32,20,0,22,25,13,23,0,home,7.5,188.0,250.0,-300.0,2.5,94.0,0.0,0,False
2013,2012-12-08,True,False,dal,hou,116,109,39,24,21,32,0,24,42,23,20,0,home,6.5,208.5,220.0,-260.0,3.5,104.5,0.0,1,False
2013,2012-12-08,True,False,sac,por,99,80,30,13,34,22,0,18,23,24,15,0,home,7.0,197.0,230.0,-270.0,6.5,97.5,0.0,0,False
2013,2012-12-08,True,False,det,cle,104,97,25,24,27,28,0,22,30,18,27,0,away,1.0,187.5,-120.0,100.0,1.5,93.0,1.0,1,False
2013,2012-12-08,True,False,ny,chi,85,93,23,18,24,20,0,26,17,24,26,0,away,2.5,188.5,-140.0,120.0,2.0,93.0,0.0,0,True
2013,2012-12-08,True,False,no,mia,90,106,32,15,25,18,0,31,33,22,20,0,home,14.0,193.0,1300.0,-2200.0,3.5,96.0,1.0,1,True
2013,2012-12-08,True,False,sa,cha,132,102,32,27,38,35,0,23,21,23,35,0,away,9.5,200.0,-550.0,425.0,1.5,99.5,1.0,1,False
2013,2012-12-08,True,False,gs,wsh,101,97,28,22,21,30,0,21,26,23,27,0,away,4.5,197.0,-190.0,165.0,2.0,99.5,0.0,1,False
2013,2012-12-08,True,False,phx,lac,99,117,31,26,26,16,0,28,35,22,32,0,home,10.0,200.5,475.0,-650.0,4.5,101.5,1.0,1,True
2013,2012-12-08,True,False,phi,bos,79,92,16,12,29,22,0,24,24,22,22,0,home,6.5,185.5,230.0,-270.0,2.0,91.5,1.0,0,True
2013,2012-12-09,True,False,utah,lal,117,110,25,35,28,29,0,27,24,34,25,0,home,7.0,208.5,250.0,-300.0,7.0,104.0,0.0,1,False
2013,2012-12-09,True,False,den,ny,106,112,25,33,26,22,0,23,38,19,32,0,home,4.0,205.0,170.0,-200.0,1.5,102.5,1.0,1,True
2013,2012-12-09,True,False,orl,phx,98,90,20,33,18,27,0,23,25,22,20,0,home,4.5,198.0,145.0,-165.0,3.5,99.5,0.0,0,False
2013,2012-12-09,True,False,mil,bkn,97,88,25,23,27,22,0,18,13,24,33,0,home,6.0,194.0,210.0,-250.0,7.5,96.0,0.0,0,False
2013,2012-12-09,True,False,tor,lac,83,102,21,26,26,10,0,25,19,33,25,0,home,10.0,202.0,550.0,-750.0,8.5,100.0,1.0,0,True
2013,2012-12-09,True,False,ind,okc,93,104,22,34,18,19,0,25,32,27,20,0,home,10.0,196.5,475.0,-650.0,6.5,98.0,1.0,1,True
2013,2012-12-10,True,False,det,phi,97,104,21,28,26,22,0,25,21,30,28,0,home,5.5,186.5,200.0,-240.0,5.5,94.0,1.0,1,True
2013,2012-12-10,True,False,gs,cha,104,96,38,20,35,11,0,23,17,34,22,0,away,4.5,202.0,-190.0,160.0,3.0,100.0,1.0,0,False
2013,2012-12-10,True,False,atl,mia,92,101,26,28,20,18,0,28,28,26,19,0,home,6.5,198.0,240.0,-280.0,4.0,98.5,1.0,0,True
2013,2012-12-10,True,False,sa,hou,134,126,23,41,27,29,14,27,36,30,27,6,away,7.0,211.5,-320.0,260.0,4.5,107.0,1.0,1,False
2013,2012-12-10,True,False,sac,dal,96,119,29,14,27,26,0,36,29,23,31,0,home,6.0,200.5,210.0,-250.0,2.0,99.5,1.0,1,True
2013,2012-12-10,True,False,tor,por,74,92,19,21,19,15,0,18,26,20,28,0,home,2.5,193.5,125.0,-145.0,0.5,95.5,1.0,0,True
2013,2012-12-11,True,False,wsh,no,77,70,11,25,20,21,0,22,20,18,10,0,home,5.5,188.0,190.0,-230.0,1.5,93.5,0.0,0,False
2013,2012-12-11,True,False,den,det,101,94,17,31,24,29,0,25,17,24,28,0,away,4.5,203.5,-200.0,170.0,1.0,101.0,1.0,0,False
2013,2012-12-11,True,False,lac,chi,94,89,21,26,22,25,0,18,22,25,24,0,away,4.0,189.0,-165.0,145.0,0.0,93.5,1.0,0,False
2013,2012-12-11,True,False,ny,bkn,100,97,16,33,25,26,0,30,23,26,18,0,away,3.5,195.5,-165.0,145.0,5.0,97.5,0.0,1,False
2013,2012-12-11,True,False,lal,cle,94,100,23,16,23,32,0,29,25,14,32,0,away,6.5,206.5,-290.0,245.0,7.5,103.5,0.0,0,True
2013,2012-12-12,True,False,sa,utah,96,99,28,16,27,25,0,22,31,18,28,0,away,4.0,209.5,-170.0,150.0,5.5,105.0,0.0,0,True
2013,2012-12-12,True,False,mem,phx,80,82,27,19,17,17,0,21,22,20,19,0,away,6.5,195.0,-270.0,230.0,3.5,95.5,0.0,0,True
2013,2012-12-12,True,False,wsh,hou,93,99,17,25,22,29,0,27,18,23,31,0,home,10.5,206.0,550.0,-750.0,6.0,101.0,0.0,0,True
2013,2012-12-12,True,False,no,okc,88,92,19,25,18,26,0,17,19,22,34,0,home,14.5,196.0,1300.0,-2300.0,13.0,97.5,0.0,0,True
2013,2012-12-12,True,False,sac,mil,85,98,19,20,23,23,0,29,20,19,30,0,home,8.0,198.0,280.0,-340.0,1.5,98.0,1.0,0,True
2013,2012-12-12,True,False,den,min,105,108,29,21,20,35,0,21,30,26,31,0,home,4.0,199.0,150.0,-170.0,2.5,99.5,0.0,1,True
2013,2012-12-12,True,False,dal,bos,115,117,25,18,27,26,19,27,21,28,20,21,home,6.0,197.5,215.0,-255.0,2.0,98.5,0.0,1,True
2013,2012-12-12,True,False,lac,cha,100,94,23,26,29,22,0,21,23,27,23,0,away,8.0,200.0,-440.0,330.0,3.5,99.5,0.0,0,False
2013,2012-12-12,True,False,chi,phi,96,89,21,20,28,27,0,24,20,22,23,0,home,2.0,180.5,110.0,-130.0,0.0,90.0,0.0,1,False
2013,2012-12-12,True,False,cle,ind,81,96,29,29,12,11,0,25,27,28,16,0,home,7.5,189.0,305.0,-365.0,7.5,94.5,1.0,0,True
2013,2012-12-12,True,False,atl,orl,86,80,20,26,26,14,0,15,19,26,20,0,away,5.0,189.5,-225.0,185.0,0.5,94.0,1.0,0,False
2013,2012-12-12,True,False,bkn,tor,94,88,20,17,31,26,0,27,18,19,24,0,away,7.0,185.0,-320.0,260.0,6.0,92.5,0.0,0,False
2013,2012-12-12,True,False,gs,mia,97,95,29,24,24,20,0,28,24,22,21,0,home,8.0,206.5,310.0,-380.0,6.0,102.5,0.0,0,False
2013,2012-12-13,True,False,cha,atl,90,113,19,24,31,16,0,30,30,31,22,0,home,10.0,191.0,505.0,-665.0,1.0,93.0,1.0,1,True
2013,2012-12-13,True,False,lal,ny,107,116,27,22,31,27,0,41,27,25,23,0,home,5.5,205.5,215.0,-255.0,3.0,101.5,1.0,1,True
2013,2012-12-13,True,False,sa,por,90,98,21,24,24,21,0,23,26,27,22,0,away,7.0,200.5,-295.0,245.0,7.0,100.5,0.0,0,True
2013,2012-12-14,True,False,mem,den,94,99,16,25,28,25,0,17,28,24,30,0,home,0.0,195.0,-105.0,-115.0,1.0,97.5,1.0,0,True
2013,2012-12-14,True,False,utah,phx,84,99,22,20,23,19,0,34,22,21,22,0,away,2.5,202.0,-135.0,115.0,5.0,101.5,0.0,0,True
2013,2012-12-14,True,False,gs,orl,85,99,14,21,29,21,0,19,32,30,18,0,away,4.0,193.0,-175.0,155.0,5.5,97.0,0.0,0,True
2013,2012-12-14,True,False,sac,okc,103,113,26,16,26,35,0,29,32,21,31,0,home,13.0,202.5,850.0,-1250.0,2.0,100.0,0.0,1,True
2013,2012-12-14,True,False,bos,hou,89,101,19,26,25,19,0,27,16,32,26,0,home,2.5,207.5,120.0,-140.0,2.0,102.5,1.0,0,True
2013,2012-12-14,True,False,min,no,113,102,28,22,32,31,0,23,27,23,29,0,away,4.5,184.0,-175.0,155.0,3.5,92.0,1.0,1,False
2013,2012-12-14,True,False,mil,cle,90,86,25,27,20,18,0,17,26,24,19,0,away,3.0,196.5,-155.0,135.0,1.0,98.0,1.0,0,False
2013,2012-12-14,True,False,lal,wsh,102,96,27,31,25,19,0,25,30,14,27,0,away,6.5,199.5,-270.0,230.0,3.5,100.0,0.0,0,False
2013,2012-12-14,True,False,det,bkn,105,107,25,22,30,13,15,23,36,14,17,17,home,8.0,190.0,310.0,-380.0,1.0,94.5,0.0,1,True
2013,2012-12-14,True,False,phi,ind,85,95,20,24,22,19,0,25,17,29,24,0,home,6.0,180.0,220.0,-260.0,5.5,90.0,1.0,2,True
2013,2012-12-14,True,False,dal,tor,74,95,25,16,14,19,0,24,30,15,26,0,away,5.0,195.0,-220.0,180.0,6.5,96.5,0.0,0,True
2013,2012-12-15,True,False,mem,utah,99,86,19,25,28,27,0,21,33,10,22,0,home,2.0,188.0,120.0,-140.0,2.0,93.5,0.0,0,False
2013,2012-12-15,True,False,lac,mil,111,85,28,27,24,32,0,15,20,27,23,0,away,5.0,195.0,-200.0,175.0,2.5,95.5,1.0,1,False
2013,2012-12-15,True,False,bkn,chi,82,83,24,17,21,20,0,23,23,21,16,0,home,4.5,184.0,160.0,-185.0,1.0,91.5,0.0,0,True
2013,2012-12-15,True,False,dal,min,106,114,32,13,25,32,4,22,32,26,22,12,home,5.0,195.5,-195.0,-195.0,0.5,97.0,1.0,1,True
2013,2012-12-15,True,False,bos,sa,88,103,21,28,20,19,0,26,26,25,26,0,home,9.0,198.5,370.0,-470.0,4.5,99.0,1.0,0,True
2013,2012-12-15,True,False,ind,det,88,77,26,16,21,25,0,22,16,22,17,0,away,2.0,183.0,-130.0,110.0,0.0,91.5,1.0,0,False
2013,2012-12-15,True,False,wsh,mia,72,102,14,22,10,26,0,26,24,29,23,0,home,15.0,196.0,1835.0,-3635.0,4.5,96.0,1.0,0,True
2013,2012-12-15,True,False,orl,cha,107,98,29,27,25,26,0,21,27,29,21,0,home,1.5,192.5,100.0,-120.0,3.0,97.5,0.0,1,False
2013,2012-12-15,True,False,gs,atl,115,93,26,36,26,27,0,26,23,19,25,0,home,6.5,196.5,240.0,-290.0,6.5,99.0,0.0,1,False
2013,2012-12-15,True,False,cle,ny,102,103,28,17,28,29,0,27,21,30,25,0,home,10.5,193.5,515.0,-715.0,5.5,96.0,0.0,1,True
2013,2012-12-16,True,False,hou,tor,96,103,28,21,22,25,0,26,23,28,26,0,away,4.0,200.0,-175.0,155.0,3.5,100.5,0.0,0,True
2013,2012-12-16,True,False,den,sac,122,97,32,32,33,25,0,23,23,21,30,0,away,4.5,204.0,-185.0,165.0,2.5,101.5,1.0,1,False
2013,2012-12-16,True,False,lal,phi,111,98,28,32,27,24,0,24,26,23,25,0,away,3.5,197.0,-155.0,135.0,1.0,98.5,1.0,1,False
2013,2012-12-16,True,False,no,por,94,95,19,24,20,31,0,25,29,21,20,0,home,5.0,185.5,175.0,-210.0,1.0,91.5,0.0,1,True
2013,2012-12-17,True,False,sa,okc,93,107,26,22,16,29,0,30,23,29,25,0,home,5.5,208.0,190.0,-230.0,2.0,102.5,1.0,0,True
2013,2012-12-17,True,False,sac,phx,90,101,22,32,14,22,0,16,27,31,27,0,home,7.0,197.0,250.0,-300.0,7.0,98.0,1.0,0,True
2013,2012-12-17,True,False,chi,mem,71,80,20,14,19,18,0,11,28,22,19,0,home,6.5,178.5,210.0,-250.0,2.5,89.5,1.0,0,True
2013,2012-12-17,True,False,lac,det,88,76,21,21,21,25,0,20,20,20,16,0,away,7.0,192.5,-300.0,250.0,4.0,95.5,1.0,0,False
2013,2012-12-17,True,False,min,orl,93,102,29,32,17,15,0,27,22,25,28,0,away,4.0,192.5,-175.0,155.0,2.0,96.0,0.0,1,True
2013,2012-12-17,True,False,hou,ny,109,96,29,27,27,26,0,31,11,18,36,0,home,7.5,210.0,300.0,-360.0,7.0,104.0,0.0,0,False
2013,2012-12-18,True,False,atl,wsh,100,95,28,24,20,18,10,22,24,23,21,5,away,7.0,187.0,-310.0,260.0,2.5,91.0,0.0,1,False
2013,2012-12-18,True,False,tor,cle,113,99,22,27,29,35,0,29,24,23,23,0,home,5.0,189.0,170.0,-195.0,2.0,95.5,0.0,1,False
2013,2012-12-18,True,False,utah,bkn,92,90,20,24,26,22,0,24,33,17,16,0,home,4.5,193.5,170.0,-195.0,1.5,96.0,0.0,0,False
2013,2012-12-18,True,False,min,mia,92,103,27,22,23,20,0,21,31,28,23,0,home,8.0,200.0,375.0,-475.0,4.5,97.5,1.0,0,True
2013,2012-12-18,True,False,bos,chi,89,100,23,25,22,19,0,28,27,24,21,0,home,1.5,180.5,105.0,-125.0,1.0,90.0,1.0,1,True
2013,2012-12-18,True,False,ind,mil,93,98,25,23,18,27,0,21,24,27,26,0,home,2.5,185.0,115.0,-135.0,1.5,92.0,1.0,1,True
2013,2012-12-18,True,False,phi,dal,100,107,23,29,22,26,0,28,29,19,31,0,home,6.5,193.5,235.0,-275.0,2.0,96.0,1.0,1,True
2013,2012-12-18,True,False,sa,den,106,112,28,20,27,31,0,26,29,35,22,0,home,2.0,210.0,120.0,-140.0,1.5,105.0,1.0,1,True
2013,2012-12-18,True,False,no,gs,96,103,21,29,22,24,0,31,28,23,21,0,home,7.5,193.0,300.0,-360.0,1.5,96.5,0.0,1,True
2013,2012-12-18,True,False,cha,lal,100,101,25,33,26,16,0,27,26,24,24,0,home,12.5,205.5,860.0,-1260.0,10.5,104.0,0.0,0,True
2013,2012-12-19,True,False,phi,hou,103,125,24,27,28,24,0,33,23,33,36,0,home,8.0,199.5,260.0,-320.0,3.5,99.5,1.0,1,True
2013,2012-12-19,True,False,gs,sac,127,131,24,31,33,39,0,33,30,36,32,0,away,3.5,200.5,-165.0,145.0,4.0,101.5,0.0,1,True
2013,2012-12-19,True,False,no,lac,77,93,16,22,18,21,0,22,26,27,18,0,home,14.0,189.0,1100.0,-1800.0,5.5,93.5,1.0,0,True
2013,2012-12-19,True,False,okc,atl,100,92,23,32,18,27,0,20,21,25,26,0,away,6.0,199.0,-260.0,220.0,1.5,100.0,1.0,0,False
2013,2012-12-19,True,False,mil,mem,80,90,22,12,17,29,0,21,22,23,24,0,home,9.0,187.5,400.0,-500.0,2.5,94.0,1.0,0,True
2013,2012-12-19,True,False,bkn,ny,86,100,23,25,19,19,0,26,26,23,25,0,home,6.0,192.5,200.0,-240.0,2.5,96.0,1.0,0,True
2013,2012-12-19,True,False,cle,bos,91,103,25,21,26,19,0,27,27,28,21,0,home,9.0,191.5,350.0,-450.0,3.0,94.5,1.0,1,True
2013,2012-12-19,True,False,utah,ind,84,104,23,8,20,33,0,31,22,23,28,0,home,3.5,186.0,145.0,-165.0,4.0,90.5,1.0,1,True
2013,2012-12-19,True,False,cha,phx,104,121,27,19,22,36,0,28,36,33,24,0,home,9.0,198.5,380.0,-480.0,0.0,97.5,1.0,1,True
2013,2012-12-19,True,False,wsh,orl,83,90,26,24,13,20,0,27,25,24,14,0,home,7.5,184.5,280.0,-340.0,4.5,92.0,0.0,0,True
2013,2012-12-19,True,False,det,tor,91,97,23,26,22,20,0,27,22,24,24,0,home,3.0,186.0,135.0,-155.0,2.0,93.0,1.0,1,True
2013,2012-12-20,True,False,okc,min,93,99,18,26,25,24,0,30,23,23,23,0,away,2.5,200.0,-150.0,130.0,4.5,101.5,0.0,0,True
2013,2012-12-20,True,False,mia,dal,110,95,31,27,33,19,0,20,22,19,34,0,away,5.5,202.5,-240.0,200.0,2.0,99.5,1.0,1,False
2013,2012-12-20,True,False,den,por,93,101,14,26,21,32,0,25,25,19,32,0,away,6.0,201.0,-240.0,200.0,6.0,99.5,0.0,0,True
2013,2012-12-21,True,False,sac,lac,85,97,21,18,23,23,0,29,24,20,24,0,home,13.5,202.0,1200.0,-2200.0,3.5,100.0,0.0,0,True
2013,2012-12-21,True,False,cha,gs,100,115,23,26,27,24,0,31,27,31,26,0,home,10.0,205.0,475.0,-650.0,3.0,102.0,1.0,1,True
2013,2012-12-21,True,False,no,sa,94,99,21,21,19,33,0,26,28,18,27,0,home,13.5,195.5,1050.0,-1850.0,4.0,97.0,0.0,0,True
2013,2012-12-21,True,False,dal,mem,82,92,16,23,18,25,0,25,15,29,23,0,home,10.5,188.5,500.0,-700.0,6.5,93.5,0.0,0,True
2013,2012-12-21,True,False,wsh,det,68,100,14,20,17,17,0,29,24,24,23,0,home,6.5,185.0,225.0,-265.0,1.5,92.0,1.0,0,True
2013,2012-12-21,True,False,ind,cle,99,89,23,21,33,22,0,23,22,22,22,0,away,4.5,186.5,-200.0,170.0,4.0,93.0,1.0,1,False
2013,2012-12-21,True,False,chi,ny,110,106,30,24,29,27,0,23,16,22,45,0,home,6.0,187.5,230.0,-270.0,7.5,95.0,0.0,1,False
2013,2012-12-21,True,False,atl,phi,80,99,23,22,19,16,0,30,21,21,27,0,away,2.0,188.0,-135.0,115.0,3.0,92.5,0.0,0,True
2013,2012-12-21,True,False,orl,tor,90,93,15,24,23,28,0,20,22,29,22,0,home,3.5,187.5,145.0,-165.0,1.0,93.5,0.0,0,True
2013,2012-12-21,True,False,mil,bos,99,94,17,26,19,26,11,25,21,24,18,6,home,5.0,190.5,185.0,-225.0,2.0,96.0,0.0,1,False
2013,2012-12-22,True,False,lal,gs,118,115,31,22,21,34,10,27,34,26,21,7,away,2.0,215.0,-130.0,110.0,3.5,108.0,1.0,1,False
2013,2012-12-22,True,False,phx,por,93,96,25,28,22,18,0,23,21,31,21,0,home,4.5,196.0,165.0,-190.0,5.0,97.0,0.0,0,True
2013,2012-12-22,True,False,cha,den,88,110,23,23,19,23,0,29,35,24,22,0,home,16.0,210.0,2000.0,-3000.0,4.0,104.0,1.0,0,True
2013,2012-12-22,True,False,cle,mil,94,82,19,27,25,23,0,19,18,26,19,0,home,8.0,197.5,310.0,-380.0,7.0,98.0,0.0,0,False
2013,2012-12-22,True,False,mem,hou,96,121,32,22,24,18,0,33,31,30,27,0,home,1.5,196.0,106.0,-117.0,3.0,98.5,1.0,1,True
2013,2012-12-22,True,False,utah,mia,89,105,25,18,20,26,0,28,19,26,32,0,home,7.5,198.5,320.0,-400.0,3.5,97.5,1.0,0,True
2013,2012-12-22,True,False,det,wsh,96,87,22,32,20,22,0,13,22,29,23,0,away,1.0,183.0,-110.0,100.0,4.0,91.0,1.0,2,False
2013,2012-12-22,True,False,chi,atl,75,92,21,16,17,21,0,17,36,25,14,0,home,4.0,184.0,155.0,-175.0,2.5,91.5,1.0,0,True
2013,2012-12-22,True,False,ind,no,81,75,11,18,24,28,0,18,28,7,22,0,away,3.5,178.5,-160.0,140.0,6.0,89.0,1.0,0,False
2013,2012-12-23,True,False,phi,bkn,92,95,17,24,23,28,0,24,19,26,26,0,home,6.0,187.5,205.0,-245.0,3.5,93.5,0.0,0,True
2013,2012-12-23,True,False,min,ny,91,94,29,26,18,18,0,22,24,25,23,0,home,8.0,200.5,315.0,-385.0,7.0,101.0,0.0,0,True
2013,2012-12-23,True,False,utah,orl,97,93,18,28,25,26,0,30,17,26,20,0,home,1.0,187.5,100.0,-120.0,0.0,93.5,0.0,1,False
2013,2012-12-23,True,False,dal,sa,91,129,26,26,14,25,0,33,31,36,29,0,home,11.0,207.0,550.0,-850.0,2.5,103.5,1.0,1,True
2013,2012-12-23,True,False,lac,phx,103,77,28,30,33,12,0,24,19,17,17,0,away,6.5,195.5,-280.0,240.0,0.5,96.0,1.0,0,False
2013,2012-12-23,True,False,por,sac,96,108,27,15,29,25,0,21,28,31,28,0,home,1.0,195.5,-105.0,-115.0,2.0,98.0,1.0,1,True
2013,2012-12-25,True,False,den,lac,100,112,26,22,28,24,0,25,42,26,19,0,home,6.5,205.0,230.0,-270.0,2.0,103.5,1.0,1,True
2013,2012-12-25,True,False,hou,chi,120,97,27,31,36,26,0,22,19,27,29,0,home,4.5,197.5,155.0,-175.0,6.5,97.5,0.0,1,False
2013,2012-12-25,True,False,bos,bkn,93,76,22,34,17,20,0,24,18,16,18,0,home,3.0,185.0,125.0,-145.0,5.0,92.0,0.0,0,False
2013,2012-12-25,True,False,ny,lal,94,100,23,26,29,16,0,25,26,26,23,0,home,4.0,211.0,155.0,-175.0,2.0,104.5,1.0,0,True
2013,2012-12-25,True,False,okc,mia,97,103,24,24,24,25,0,27,27,20,29,0,home,2.5,204.0,125.0,-145.0,0.5,102.0,1.0,0,True
2013,2012-12-26,True,False,sac,por,91,109,26,18,23,24,0,31,31,29,18,0,home,7.5,198.0,260.0,-320.0,1.5,99.0,1.0,1,True
2013,2012-12-26,True,False,gs,utah,94,83,24,25,26,19,0,19,18,21,25,0,home,4.0,203.0,155.0,-175.0,5.0,101.0,0.0,0,False
2013,2012-12-26,True,False,lal,den,114,126,26,28,33,27,0,29,28,39,30,0,home,3.5,212.0,145.0,-165.0,1.0,105.0,1.0,1,True
2013,2012-12-26,True,False,ny,phx,95,95,27,27,22,19,0,29,15,32,19,0,home,2.0,195.0,105.0,-125.0,3.5,96.5,0.0,0,False
2013,2012-12-26,True,False,tor,sa,80,100,18,19,20,23,0,22,22,26,30,0,home,14.0,200.0,1100.0,-1800.0,6.5,98.5,1.0,0,True
2013,2012-12-26,True,False,hou,min,87,84,22,22,17,26,0,17,30,17,20,0,home,5.5,211.0,190.0,-230.0,2.0,105.0,0.0,0,False
2013,2012-12-26,True,False,bkn,mil,93,108,24,18,25,26,0,22,33,23,30,0,home,5.0,187.5,175.0,-210.0,1.0,93.5,1.0,1,True
2013,2012-12-26,True,False,det,atl,119,126,13,32,17,39,18,28,22,31,20,25,home,8.0,187.0,310.0,-370.0,3.5,92.5,0.0,1,True
2013,2012-12-26,True,False,mia,cha,105,92,27,28,23,27,0,18,20,33,21,0,away,9.0,201.0,-525.0,425.0,1.0,99.0,1.0,0,False
2013,2012-12-26,True,False,cle,wsh,87,84,22,23,23,19,0,26,17,25,16,0,home,1.5,188.5,105.0,-125.0,1.0,93.5,0.0,0,False
2013,2012-12-26,True,False,no,orl,97,94,26,23,29,19,0,24,29,23,18,0,home,3.0,182.5,135.0,-155.0,0.5,90.5,0.0,1,False
2013,2012-12-26,True,False,phi,mem,99,89,26,23,26,24,0,29,18,23,19,0,home,8.5,182.0,350.0,-450.0,6.5,91.0,0.0,1,False
2013,2012-12-27,True,False,dal,okc,105,111,29,16,36,17,7,21,22,30,25,13,home,10.5,207.0,525.0,-725.0,8.5,104.0,0.0,1,True
2013,2012-12-27,True,False,bos,lac,77,106,20,27,20,10,0,30,30,22,24,0,home,8.5,189.0,330.0,-420.0,0.5,95.0,1.0,0,True
2013,2012-12-28,True,False,por,lal,87,104,25,23,18,21,0,34,28,26,16,0,home,9.5,205.5,405.0,-510.0,1.5,101.5,1.0,0,True
2013,2012-12-28,True,False,phi,gs,89,96,24,18,29,18,0,25,32,23,16,0,home,6.0,200.0,195.0,-235.0,1.5,99.0,1.0,0,True
2013,2012-12-28,True,False,ny,sac,105,106,23,27,31,24,0,32,39,16,19,0,away,3.0,198.5,-140.0,120.0,6.0,99.5,0.0,1,True
2013,2012-12-28,True,False,lac,utah,116,114,29,19,36,32,0,22,36,30,26,0,away,3.0,191.0,-150.0,130.0,4.5,94.5,0.0,1,False
2013,2012-12-28,True,False,den,dal,106,85,29,26,32,19,0,18,29,23,15,0,away,3.0,210.0,-150.0,130.0,1.0,104.5,1.0,0,False
2013,2012-12-28,True,False,hou,sa,116,122,29,36,27,24,0,41,28,29,24,0,home,8.0,213.0,-395.0,-395.0,4.0,108.0,0.0,1,True
2013,2012-12-28,True,False,cha,bkn,81,97,15,23,20,23,0,33,23,24,17,0,home,9.5,196.0,445.0,-570.0,0.5,96.5,1.0,0,True
2013,2012-12-28,True,False,atl,cle,102,94,25,30,20,27,0,26,28,26,14,0,away,5.0,189.5,-200.0,175.0,3.0,94.5,1.0,1,False
2013,2012-12-28,True,False,mia,det,99,109,32,20,19,28,0,17,41,23,28,0,away,6.0,188.5,-260.0,220.0,7.5,94.0,0.0,1,True
2013,2012-12-28,True,False,orl,wsh,97,105,31,20,21,25,0,25,29,26,25,0,away,1.5,182.5,-125.0,105.0,1.5,92.0,0.0,1,True
2013,2012-12-28,True,False,phx,ind,91,97,20,24,27,20,0,27,31,17,22,0,home,8.5,188.5,325.0,-395.0,0.5,94.0,0.0,0,True
2013,2012-12-28,True,False,tor,no,104,97,21,27,22,21,13,23,19,22,27,6,home,3.0,183.0,140.0,-160.0,3.0,91.5,0.0,1,False
2013,2012-12-29,True,False,okc,hou,124,94,31,37,28,28,0,26,24,24,20,0,away,4.5,213.0,-175.0,155.0,3.0,104.5,1.0,1,False
2013,2012-12-29,True,False,phi,por,85,89,23,21,23,18,0,30,19,21,19,0,home,3.5,190.0,145.0,-165.0,1.0,94.5,1.0,0,True
2013,2012-12-29,True,False,mia,mil,85,104,20,24,27,14,0,25,31,13,35,0,away,4.5,199.5,-175.0,155.0,5.5,100.0,0.0,0,True
2013,2012-12-29,True,False,bos,gs,83,101,23,17,27,16,0,29,28,19,25,0,home,5.0,194.0,170.0,-195.0,2.5,96.0,1.0,0,True
2013,2012-12-29,True,False,phx,min,107,111,29,29,29,20,0,32,32,25,22,0,home,8.5,194.5,345.0,-425.0,3.5,97.5,0.0,1,True
2013,2012-12-29,True,False,no,cha,98,95,22,18,33,25,0,25,32,16,22,0,away,3.5,190.0,-155.0,135.0,5.5,94.0,0.0,1,False
2013,2012-12-29,True,False,wsh,chi,77,87,26,13,24,14,0,22,23,25,17,0,home,11.0,180.5,560.0,-785.0,4.5,89.5,0.0,0,True
2013,2012-12-29,True,False,cle,bkn,100,103,24,29,21,26,0,34,27,18,24,0,home,8.5,190.0,330.0,-410.0,2.0,94.0,0.0,1,True
2013,2012-12-29,True,False,tor,orl,123,88,36,31,20,36,0,21,26,24,17,0,home,3.0,187.0,130.0,-150.0,5.5,93.5,0.0,1,False
2013,2012-12-29,True,False,ind,atl,100,109,26,22,22,30,0,33,22,28,26,0,home,2.5,182.0,120.0,-140.0,1.0,91.0,1.0,1,True
2013,2012-12-29,True,False,den,mem,72,81,15,21,21,15,0,19,18,16,28,0,home,6.5,195.0,240.0,-280.0,3.5,96.5,1.0,0,True
2013,2012-12-30,True,False,bos,sac,96,118,18,31,24,23,0,24,30,30,34,0,away,3.0,193.5,-145.0,125.0,3.0,96.5,0.0,1,True
2013,2012-12-30,True,False,utah,lac,96,107,24,21,31,20,0,29,25,25,28,0,home,10.5,197.0,475.0,-625.0,2.5,98.0,1.0,1,True
2013,2012-12-30,True,False,mil,det,94,96,23,22,26,23,0,30,25,23,18,0,home,2.5,191.5,125.0,-145.0,1.5,95.5,0.0,0,True
2013,2012-12-30,True,False,sa,dal,111,86,27,30,25,29,0,22,23,25,16,0,away,6.0,207.5,-255.0,215.0,0.0,102.5,1.0,0,False
2013,2012-12-31,True,False,mem,ind,83,88,19,22,26,16,0,19,19,22,28,0,away,1.5,177.0,-125.0,105.0,0.5,88.5,0.0,0,True
2013,2012-12-31,True,False,cha,chi,91,81,28,19,18,26,0,18,24,23,16,0,home,11.5,188.5,650.0,-900.0,9.5,94.5,0.0,0,False
2013,2012-12-31,True,False,mia,orl,112,110,31,17,22,29,13,22,32,23,22,11,away,9.5,194.5,-550.0,425.0,9.0,99.0,0.0,1,False
2013,2012-12-31,True,False,atl,hou,104,123,27,19,29,29,0,26,38,26,33,0,home,4.5,206.5,170.0,-200.0,3.0,101.0,1.0,1,True
2013,2012-12-31,True,False,bkn,sa,73,104,22,25,5,21,0,31,24,30,19,0,home,9.0,198.5,425.0,-550.0,2.5,98.5,1.0,0,True
2013,2012-12-31,True,False,phx,okc,96,114,28,25,25,18,0,32,22,30,30,0,home,12.5,206.5,700.0,-1000.0,7.5,102.0,1.0,1,True
2013,2013-01-01,True,False,phi,lal,103,99,28,26,27,22,0,25,25,23,26,0,home,9.0,201.5,400.0,-500.0,8.5,100.0,0.0,1,False
2013,2013-01-01,True,False,lac,den,78,92,19,24,16,19,0,21,27,27,17,0,home,0.0,207.5,-106.0,-104.0,2.0,103.0,1.0,0,True
2013,2013-01-01,True,False,atl,no,95,86,22,22,28,23,0,26,24,14,22,0,away,2.0,184.5,-130.0,110.0,2.5,91.5,1.0,0,False
2013,2013-01-01,True,False,por,ny,105,100,30,28,20,27,0,23,24,24,29,0,home,9.5,196.5,415.0,-530.0,9.5,98.0,0.0,1,False
2013,2013-01-01,True,False,dal,wsh,103,94,23,25,38,17,0,29,23,19,23,0,away,4.0,192.0,-170.0,150.0,5.0,93.5,1.0,1,False
2013,2013-01-01,True,False,sac,det,97,103,28,20,19,30,0,27,31,22,23,0,home,7.0,195.5,250.0,-300.0,0.5,97.0,0.0,1,True
2013,2013-01-02,True,False,lac,gs,94,115,24,25,15,30,0,33,29,20,33,0,away,1.5,202.0,-130.0,110.0,4.5,100.0,0.0,1,True
2013,2013-01-02,True,False,min,utah,84,106,24,21,21,18,0,23,30,26,27,0,home,3.0,196.0,125.0,-145.0,1.0,96.5,1.0,0,True
2013,2013-01-02,True,False,phi,phx,89,95,24,25,17,23,0,31,17,27,20,0,home,4.5,195.0,-180.0,-180.0,3.5,97.5,1.0,0,True
2013,2013-01-02,True,False,bkn,okc,110,93,33,28,15,34,0,19,26,27,21,0,home,10.0,197.0,475.0,-625.0,10.0,99.0,0.0,1,False
2013,2013-01-02,True,False,sa,mil,117,110,33,36,24,24,0,22,30,29,29,0,away,5.5,203.5,-225.0,190.0,2.5,101.0,1.0,1,False
2013,2013-01-02,True,False,no,hou,92,104,23,21,22,26,0,21,28,25,30,0,home,10.0,202.5,480.0,-635.0,4.5,100.5,1.0,0,True
2013,2013-01-02,True,False,dal,mia,109,119,30,22,27,24,6,22,28,31,22,16,home,10.5,204.5,560.0,-785.0,8.5,102.0,0.0,1,True
2013,2013-01-02,True,False,chi,orl,96,94,29,25,28,14,0,28,18,25,23,0,away,2.5,184.0,-140.0,120.0,1.5,92.5,0.0,1,False
2013,2013-01-02,True,False,por,tor,79,102,17,22,22,18,0,24,31,23,24,0,home,4.0,192.0,160.0,-185.0,2.5,94.5,1.0,0,True
2013,2013-01-02,True,False,wsh,ind,81,89,18,21,19,23,0,31,16,20,22,0,home,11.0,182.0,540.0,-765.0,3.5,90.0,0.0,0,True
2013,2013-01-02,True,False,sac,cle,97,94,28,24,22,23,0,25,28,18,23,0,home,3.5,200.0,145.0,-165.0,2.0,100.0,0.0,0,False
2013,2013-01-02,True,False,mem,bos,93,83,25,25,25,18,0,26,15,18,24,0,away,2.5,180.0,-135.0,115.0,1.5,90.5,1.0,0,False
2013,2013-01-03,True,False,sa,ny,83,100,19,21,20,23,0,22,20,25,33,0,away,1.0,208.0,-115.0,-105.0,0.5,103.0,0.0,0,True
2013,2013-01-03,True,False,min,den,101,97,23,24,22,32,0,25,18,27,27,0,home,8.5,201.5,315.0,-385.0,8.0,100.0,0.0,0,False
2013,2013-01-04,True,False,lal,lac,102,107,22,29,20,31,0,29,32,26,20,0,home,4.0,206.5,155.0,-175.0,1.5,103.5,1.0,1,True
2013,2013-01-04,True,False,utah,phx,87,80,25,17,29,16,0,31,9,22,18,0,home,1.5,198.0,110.0,-121.0,2.0,97.5,0.0,0,False
2013,2013-01-04,True,False,hou,mil,115,101,23,24,30,38,0,21,37,14,29,0,home,0.0,214.0,105.0,-116.0,3.0,106.5,0.0,1,False
2013,2013-01-04,True,False,por,mem,86,84,24,23,25,14,0,25,25,22,12,0,home,8.0,182.0,300.0,-360.0,4.0,92.0,0.0,0,False
2013,2013-01-04,True,False,phi,okc,85,109,21,21,24,19,0,22,24,32,31,0,home,11.0,196.5,475.0,-650.0,5.5,97.0,1.0,0,True
2013,2013-01-04,True,False,atl,det,84,85,20,16,26,22,0,25,26,23,11,0,away,1.5,190.5,-110.0,100.0,4.5,93.5,0.0,0,True
2013,2013-01-04,True,False,chi,mia,96,89,26,23,26,21,0,22,26,18,23,0,home,7.5,189.5,270.0,-330.0,6.0,94.0,0.0,0,False
2013,2013-01-04,True,False,bkn,wsh,115,113,20,32,26,15,22,30,25,24,14,20,away,6.0,183.0,-260.0,220.0,6.5,92.0,0.0,1,False
2013,2013-01-04,True,False,cle,cha,106,104,29,33,24,20,0,23,25,26,30,0,home,1.5,196.5,106.0,-117.0,4.0,97.5,0.0,1,False
2013,2013-01-04,True,False,sac,tor,105,96,23,31,28,23,0,22,31,10,33,0,home,7.0,196.0,250.0,-300.0,5.0,97.5,0.0,1,False
2013,2013-01-04,True,False,ind,bos,75,94,16,19,16,24,0,15,32,22,25,0,home,3.0,181.5,130.0,-150.0,2.5,91.5,1.0,0,True
2013,2013-01-05,True,False,gs,lac,89,115,12,31,23,23,0,35,32,36,12,0,home,6.5,202.0,220.0,-260.0,3.5,100.5,1.0,1,True
2013,2013-01-05,True,False,utah,den,91,110,23,22,27,19,0,21,28,34,27,0,home,10.0,201.5,400.0,-500.0,5.0,100.5,1.0,0,True
2013,2013-01-05,True,False,no,dal,99,96,25,15,23,26,10,23,24,20,22,7,home,6.0,194.0,210.0,-250.0,1.0,96.5,0.0,1,False
2013,2013-01-05,True,False,phi,sa,86,109,21,21,21,23,0,31,23,27,28,0,home,13.5,198.0,1100.0,-1800.0,4.0,97.5,1.0,0,True
2013,2013-01-05,True,False,por,min,102,97,23,30,26,23,0,21,22,18,36,0,home,6.5,190.0,245.0,-290.0,5.5,94.5,0.0,1,False
2013,2013-01-05,True,False,hou,cle,112,104,20,34,24,34,0,26,24,28,26,0,away,6.5,213.0,-260.0,220.0,2.5,107.0,1.0,1,False
2013,2013-01-05,True,False,bos,atl,89,81,18,20,33,18,0,31,22,9,19,0,home,5.5,187.0,180.0,-220.0,2.0,93.0,0.0,0,False
2013,2013-01-05,True,False,ny,orl,114,106,27,32,22,33,0,36,19,34,17,0,away,6.5,196.0,-260.0,220.0,3.0,98.5,1.0,1,False
2013,2013-01-05,True,False,mil,ind,80,95,21,26,17,16,0,21,31,25,18,0,home,4.5,187.5,165.0,-190.0,1.0,94.0,1.0,0,True
2013,2013-01-05,True,False,sac,bkn,93,113,31,16,25,21,0,36,29,23,25,0,home,7.0,196.0,255.0,-310.0,2.0,97.0,1.0,1,True
2013,2013-01-06,True,False,den,lal,112,105,34,26,29,23,0,26,34,23,22,0,home,5.5,214.0,230.0,-270.0,4.0,106.5,0.0,1,False
2013,2013-01-06,True,False,mem,phx,92,81,21,20,30,21,0,16,22,24,19,0,away,4.5,184.5,-210.0,175.0,2.0,90.5,1.0,0,False
2013,2013-01-06,True,False,okc,tor,104,92,23,29,26,26,0,18,32,17,25,0,away,6.5,196.5,-310.0,255.0,4.0,98.5,1.0,0,False
2013,2013-01-06,True,False,wsh,mia,71,99,19,25,16,11,0,27,25,17,30,0,home,14.0,191.5,1550.0,-1900.0,6.0,94.5,1.0,0,True
2013,2013-01-06,True,False,cha,det,108,101,21,38,20,17,12,30,30,22,14,5,home,8.0,193.5,320.0,-400.0,5.0,98.0,0.0,1,False
2013,2013-01-07,True,False,okc,wsh,99,101,20,33,20,26,0,30,21,24,26,0,away,12.0,193.5,-900.0,650.0,7.5,94.5,0.0,1,True
2013,2013-01-07,True,False,bos,ny,102,96,22,31,23,26,0,21,35,16,24,0,home,7.5,191.5,250.0,-300.0,4.0,94.5,0.0,1,False
2013,2013-01-07,True,False,sa,no,88,95,19,22,24,23,0,24,25,21,25,0,away,8.0,193.5,-400.0,320.0,9.5,96.5,0.0,0,True
2013,2013-01-07,True,False,cle,chi,92,118,30,20,22,20,0,22,31,35,30,0,home,8.0,186.0,305.0,-375.0,4.5,92.5,1.0,1,True
2013,2013-01-07,True,False,dal,utah,94,100,26,27,27,14,0,19,34,21,26,0,home,5.0,198.5,175.0,-210.0,3.5,98.5,1.0,0,True
2013,2013-01-07,True,False,mem,sac,113,81,22,29,36,26,0,23,22,20,16,0,away,3.5,188.5,-170.0,150.0,1.0,94.0,1.0,1,False
2013,2013-01-07,True,False,orl,por,119,125,24,33,28,23,11,25,23,37,23,17,home,6.5,193.0,235.0,-275.0,6.5,96.5,0.0,1,True
2013,2013-01-08,True,False,lal,hou,112,125,34,28,26,24,0,28,31,37,29,0,home,8.5,223.5,320.0,-400.0,6.5,111.0,1.0,1,True
2013,2013-01-08,True,False,phx,mil,99,108,33,23,20,23,0,26,24,30,28,0,home,6.0,200.5,210.0,-250.0,6.0,100.5,1.0,1,True
2013,2013-01-08,True,False,bkn,phi,109,89,26,22,35,26,0,24,23,14,28,0,home,1.5,187.0,102.0,-113.0,1.0,92.0,0.0,1,False
2013,2013-01-08,True,False,mia,ind,77,87,19,23,15,20,0,20,22,25,20,0,away,1.5,187.5,-130.0,110.0,1.5,92.0,0.0,0,True
2013,2013-01-08,True,False,atl,min,103,108,20,22,29,32,0,30,28,27,23,0,home,1.0,188.5,102.0,-113.0,4.0,92.5,1.0,1,True
2013,2013-01-09,True,False,hou,no,79,88,22,14,33,10,0,18,16,26,28,0,away,2.5,200.5,-140.0,120.0,0.5,98.5,0.0,0,True
2013,2013-01-09,True,False,dal,lac,93,99,21,29,25,18,0,25,27,20,27,0,home,10.0,201.5,475.0,-650.0,6.0,100.0,0.0,0,True
2013,2013-01-09,True,False,mem,gs,94,87,27,28,13,26,0,26,20,17,24,0,home,1.0,191.0,-105.0,-115.0,3.0,95.5,0.0,0,False
2013,2013-01-09,True,False,orl,den,105,108,30,25,22,28,0,22,31,17,38,0,home,11.5,204.5,625.0,-825.0,9.0,101.5,0.0,1,True
2013,2013-01-09,True,False,min,okc,84,106,16,26,22,20,0,16,31,29,30,0,home,12.5,202.0,800.0,-1250.0,6.5,100.0,1.0,0,True
2013,2013-01-09,True,False,mil,chi,104,96,23,27,31,23,0,33,24,23,16,0,home,6.0,190.0,200.0,-240.0,1.5,95.0,0.0,1,False
2013,2013-01-09,True,False,phx,bos,79,87,24,17,23,15,0,23,30,14,20,0,home,9.0,192.0,400.0,-500.0,1.0,95.0,0.0,0,True
2013,2013-01-09,True,False,utah,cha,112,102,27,36,27,22,0,20,24,29,29,0,away,4.5,199.0,-190.0,165.0,2.5,100.0,1.0,1,False
2013,2013-01-09,True,False,phi,tor,72,90,21,19,21,11,0,24,18,29,19,0,home,5.0,189.0,180.0,-220.0,2.5,93.5,1.0,0,True
2013,2013-01-09,True,False,atl,cle,83,99,28,12,23,20,0,29,20,28,22,0,away,4.0,193.0,-180.0,160.0,5.0,95.5,0.0,0,True
2013,2013-01-09,True,False,lal,sa,105,108,17,28,30,30,0,24,30,31,23,0,home,13.5,214.5,1100.0,-1600.0,5.0,105.0,0.0,0,True
2013,2013-01-10,True,False,ny,ind,76,81,14,20,26,16,0,16,23,19,23,0,home,5.5,184.0,200.0,-240.0,1.5,90.5,0.0,0,True
2013,2013-01-10,True,False,dal,sac,117,112,23,19,26,33,16,25,24,29,23,11,home,2.5,205.0,115.0,-135.0,1.0,100.5,0.0,1,False
2013,2013-01-10,True,False,mia,por,90,92,21,31,16,22,0,18,21,24,29,0,away,3.5,194.5,-170.0,150.0,2.5,96.0,0.0,0,True
2013,2013-01-11,True,False,okc,lal,116,101,25,39,29,23,0,25,23,25,28,0,away,6.5,217.0,-270.0,230.0,1.0,106.5,1.0,2,False
2013,2013-01-11,True,False,por,gs,97,103,19,16,28,34,0,28,22,28,25,0,home,8.0,200.0,290.0,-350.0,0.5,97.5,0.0,2,True
2013,2013-01-11,True,False,cle,den,91,98,30,26,18,17,0,23,22,25,28,0,home,12.5,206.5,685.0,-975.0,10.0,104.0,0.0,0,True
2013,2013-01-11,True,False,det,mil,103,87,25,16,33,29,0,20,29,11,27,0,home,5.5,197.0,200.0,-240.0,1.0,97.5,0.0,0,False
2013,2013-01-11,True,False,chi,ny,108,101,29,28,25,26,0,18,18,24,41,0,home,4.5,193.5,165.0,-190.0,7.0,97.0,0.0,1,False
2013,2013-01-11,True,False,hou,bos,91,103,21,24,21,25,0,24,29,25,25,0,home,3.0,201.5,130.0,-150.0,1.0,101.0,1.0,0,True
2013,2013-01-11,True,False,sa,mem,98,101,25,18,28,24,3,22,29,17,27,6,home,2.0,187.0,115.0,-135.0,2.0,93.0,1.0,1,True
2013,2013-01-11,True,False,utah,atl,95,103,25,22,29,19,0,22,21,25,35,0,home,5.0,193.5,170.0,-200.0,5.0,97.5,1.0,1,True
2013,2013-01-11,True,False,phx,bkn,79,99,25,28,13,13,0,21,25,28,25,0,home,7.5,195.0,290.0,-350.0,8.0,96.5,1.0,0,True
2013,2013-01-11,True,False,cha,tor,78,99,16,23,19,20,0,29,24,23,23,0,home,8.0,194.5,330.0,-420.0,0.5,96.5,1.0,0,True
2013,2013-01-11,True,False,min,no,92,104,29,17,15,31,0,14,26,30,34,0,home,3.0,182.5,130.0,-150.0,3.0,90.5,1.0,1,True
2013,2013-01-12,True,False,mem,dal,83,104,18,21,23,21,0,25,29,34,16,0,away,1.0,187.5,-115.0,-105.0,4.5,92.5,0.0,0,True
2013,2013-01-12,True,False,mia,sac,128,99,28,38,37,25,0,17,27,28,27,0,away,7.5,203.5,-345.0,285.0,1.5,101.5,1.0,1,False
2013,2013-01-12,True,False,phx,chi,97,81,20,29,28,20,0,21,21,21,18,0,home,8.5,189.5,335.0,-415.0,8.5,94.5,0.0,0,False
2013,2013-01-12,True,False,hou,phi,100,107,25,25,26,24,0,29,29,27,22,0,home,1.0,204.0,-105.0,-115.0,2.5,102.5,1.0,1,True
2013,2013-01-12,True,False,utah,det,90,87,13,26,25,26,0,26,24,11,26,0,home,2.5,192.5,120.0,-140.0,2.0,96.0,0.0,0,False
2013,2013-01-12,True,False,atl,wsh,83,93,17,33,16,17,0,27,24,22,20,0,away,3.0,189.0,-145.0,125.0,3.0,94.0,0.0,0,True
2013,2013-01-12,True,False,cha,ind,88,96,24,21,20,23,0,23,20,26,27,0,home,11.5,185.5,635.0,-935.0,8.0,93.0,0.0,0,True
2013,2013-01-12,True,False,orl,lac,104,101,26,23,26,29,0,31,26,26,18,0,home,12.5,198.5,915.0,-1365.0,5.0,97.5,0.0,1,False
2013,2013-01-13,True,False,okc,por,77,72,22,20,26,9,0,19,24,16,13,0,away,4.0,202.0,-185.0,165.0,3.5,100.5,1.0,0,False
2013,2013-01-13,True,False,gs,den,105,116,25,29,33,18,0,27,25,27,37,0,home,6.5,209.0,235.0,-275.0,5.5,104.5,1.0,1,True
2013,2013-01-13,True,False,min,sa,88,106,21,29,21,17,0,24,31,23,28,0,home,12.0,199.0,750.0,-1150.0,6.5,100.0,1.0,0,True
2013,2013-01-13,True,False,cle,lal,93,113,20,25,24,24,0,37,20,29,27,0,home,10.0,209.5,460.0,-610.0,2.5,103.0,1.0,0,True
2013,2013-01-13,True,False,mil,tor,107,96,16,31,27,33,0,34,15,29,18,0,home,3.0,192.5,130.0,-150.0,1.0,95.5,0.0,1,False
2013,2013-01-13,True,False,no,ny,87,100,29,12,25,21,0,22,27,22,29,0,home,7.0,190.0,255.0,-305.0,1.5,95.0,1.0,0,True
2013,2013-01-13,True,False,ind,bkn,86,97,21,28,26,11,0,27,19,23,28,0,home,5.0,181.0,170.0,-195.0,4.0,90.5,1.0,1,True
2013,2013-01-14,True,False,orl,wsh,91,120,22,31,24,14,0,28,31,37,24,0,home,1.5,191.5,110.0,-130.0,2.0,95.0,1.0,1,True
2013,2013-01-14,True,False,cha,bos,89,100,18,27,25,19,0,28,28,20,24,0,home,10.5,192.5,500.0,-700.0,2.5,95.0,1.0,0,True
2013,2013-01-14,True,False,atl,chi,58,97,15,5,17,21,0,26,22,23,26,0,home,4.5,183.5,165.0,-190.0,4.0,89.5,1.0,0,True
2013,2013-01-14,True,False,lac,mem,99,73,25,28,20,26,0,19,15,18,21,0,home,4.5,179.5,165.0,-190.0,7.5,89.5,0.0,0,False
2013,2013-01-14,True,False,min,dal,98,113,19,26,25,28,0,26,29,36,22,0,home,7.5,195.5,260.0,-320.0,1.5,96.0,1.0,1,True
2013,2013-01-14,True,False,mia,utah,97,104,25,19,21,32,0,30,29,25,20,0,away,2.5,198.0,-155.0,135.0,6.0,98.0,0.0,1,True
2013,2013-01-14,True,False,okc,phx,102,90,21,30,21,30,0,24,21,23,22,0,away,5.5,199.5,-230.0,190.0,1.5,98.5,1.0,0,False
2013,2013-01-14,True,False,cle,sac,118,124,24,33,30,31,0,31,38,24,31,0,home,6.5,205.5,210.0,-250.0,0.5,104.0,0.0,1,True
2013,2013-01-15,True,False,por,den,111,115,35,22,19,23,12,33,21,27,18,16,home,9.0,202.0,380.0,-480.0,7.5,102.0,0.0,1,True
2013,2013-01-15,True,False,mil,lal,88,104,27,23,23,15,0,29,28,22,25,0,home,6.0,212.5,220.0,-260.0,1.5,104.5,1.0,0,True
2013,2013-01-15,True,False,tor,bkn,106,113,27,23,26,30,0,27,27,29,30,0,home,7.0,189.5,245.0,-290.0,3.5,95.0,2.0,1,True
2013,2013-01-15,True,False,ind,cha,103,76,27,23,33,20,0,20,20,17,19,0,away,7.5,185.5,-360.0,300.0,1.5,92.5,1.0,0,False
2013,2013-01-15,True,False,no,phi,111,99,35,18,33,25,0,28,19,21,31,0,home,3.0,184.0,135.0,-155.0,3.5,90.0,0.0,1,False
2013,2013-01-15,True,False,lac,hou,117,109,28,30,32,27,0,29,30,18,32,0,home,4.0,206.5,150.0,-170.0,2.5,105.0,0.0,1,False
2013,2013-01-16,True,False,mia,gs,92,75,28,24,28,12,0,21,17,12,25,0,away,4.5,200.5,-195.0,170.0,2.0,98.5,1.0,0,False
2013,2013-01-16,True,False,wsh,sac,94,95,31,25,21,17,0,32,16,24,23,0,home,5.0,206.5,175.0,-200.0,5.0,104.0,0.0,0,True
2013,2013-01-16,True,False,cle,por,93,88,26,27,21,19,0,21,15,29,23,0,home,6.0,197.0,215.0,-255.0,7.5,98.0,0.0,0,False
2013,2013-01-16,True,False,hou,dal,100,105,18,26,29,27,0,29,23,28,25,0,home,4.0,213.5,160.0,-180.0,0.0,106.5,1.0,0,True
2013,2013-01-16,True,False,mem,sa,82,103,25,29,15,13,0,19,38,25,21,0,home,5.5,187.0,210.0,-250.0,3.0,93.0,1.0,0,True
2013,2013-01-16,True,False,no,bos,90,78,20,24,24,22,0,25,18,20,15,0,home,8.5,182.0,330.0,-400.0,6.0,91.5,0.0,0,False
2013,2013-01-16,True,False,bkn,atl,95,109,20,20,29,26,0,27,29,32,21,0,home,3.0,187.5,125.0,-145.0,3.5,93.0,1.0,1,True
2013,2013-01-16,True,False,chi,tor,107,105,29,23,27,21,7,22,22,29,27,5,away,4.5,183.0,-190.0,165.0,0.0,91.5,0.0,1,False
2013,2013-01-16,True,False,ind,orl,86,97,17,18,29,22,0,22,29,26,20,0,away,2.0,186.5,-125.0,105.0,4.5,93.0,0.0,0,True
2013,2013-01-16,True,False,den,okc,97,117,18,29,23,27,0,34,33,28,22,0,home,9.0,209.0,370.0,-470.0,1.0,103.0,1.0,1,True
2013,2013-01-17,True,False,mia,lal,99,90,26,18,29,26,0,22,23,20,25,0,home,2.5,207.0,125.0,-145.0,1.5,102.5,0.0,0,False
2013,2013-01-17,True,False,ny,det,102,87,29,27,19,27,0,17,24,22,24,0,away,5.5,197.5,-230.0,190.0,1.5,97.5,1.0,0,False
2013,2013-01-17,True,False,lac,min,90,77,27,20,21,22,0,22,21,20,14,0,away,5.0,193.5,-230.0,190.0,1.5,96.5,1.0,0,False
2013,2013-01-17,True,False,mil,phx,98,94,32,21,17,28,0,22,34,19,19,0,away,1.0,197.0,-120.0,100.0,1.0,98.5,1.0,0,False
2013,2013-01-18,True,False,wsh,den,112,108,19,26,35,32,0,19,31,37,21,0,home,10.5,203.0,500.0,-700.0,5.5,101.5,0.0,1,False
2013,2013-01-18,True,False,gs,sa,88,95,26,21,26,15,0,19,27,32,17,0,home,11.5,202.0,625.0,-850.0,8.0,99.0,0.0,0,True
2013,2013-01-18,True,False,okc,dal,117,114,30,23,28,24,12,22,24,26,33,9,away,6.0,206.0,-250.0,210.0,1.5,103.0,0.0,1,False
2013,2013-01-18,True,False,sac,mem,69,85,14,16,17,22,0,18,24,18,25,0,home,9.5,191.0,410.0,-520.0,2.0,93.0,1.0,0,True
2013,2013-01-18,True,False,tor,phi,101,108,28,32,13,23,5,20,23,29,24,12,home,4.5,189.5,165.0,-190.0,6.5,92.5,1.0,1,True
2013,2013-01-18,True,False,hou,ind,95,105,18,34,17,26,0,31,28,24,22,0,home,4.5,195.5,165.0,-190.0,0.0,97.0,1.0,1,True
2013,2013-01-18,True,False,atl,bkn,89,94,29,20,25,15,0,29,20,25,20,0,home,7.0,191.5,245.0,-290.0,4.5,94.0,0.0,0,True
2013,2013-01-18,True,False,cha,orl,106,100,28,29,19,30,0,28,17,26,29,0,home,7.0,197.0,260.0,-320.0,7.0,96.5,0.0,1,False
2013,2013-01-18,True,False,chi,bos,100,99,23,22,23,20,12,19,20,23,26,11,home,2.5,181.5,115.0,-135.0,3.0,90.5,0.0,1,False
2013,2013-01-19,True,False,mil,por,110,104,30,32,22,26,0,19,26,31,28,0,home,4.5,196.0,165.0,-185.0,6.5,97.5,0.0,1,False
2013,2013-01-19,True,False,cle,utah,98,109,23,25,20,30,0,26,27,31,25,0,home,8.5,199.0,370.0,-470.0,4.0,98.0,1.0,1,True
2013,2013-01-19,True,False,hou,min,79,92,16,22,21,20,0,21,23,19,29,0,away,5.0,202.5,-225.0,190.0,5.0,99.5,0.0,0,True
2013,2013-01-19,True,False,wsh,lac,87,94,22,18,24,23,0,24,23,26,21,0,home,13.0,194.5,770.0,-1170.0,6.0,94.5,0.0,0,True
2013,2013-01-19,True,False,gs,no,116,112,33,34,18,31,0,27,30,32,23,0,home,5.0,188.0,180.0,-210.0,5.0,94.5,0.0,1,False
2013,2013-01-19,True,False,sac,cha,97,93,25,26,27,19,0,20,26,30,17,0,away,2.5,203.5,-145.0,125.0,0.5,101.0,1.0,0,False
2013,2013-01-19,True,False,sa,atl,98,93,25,27,20,26,0,16,26,28,23,0,away,3.5,194.0,-165.0,145.0,2.5,97.5,1.0,0,False
2013,2013-01-19,True,False,mem,chi,85,82,18,26,16,16,9,22,12,13,29,6,away,2.0,175.0,-135.0,115.0,2.0,87.5,1.0,0,False
2013,2013-01-20,True,False,lal,tor,103,108,20,29,21,33,0,29,24,30,25,0,away,4.5,200.5,-200.0,170.0,5.0,101.0,0.0,1,True
2013,2013-01-20,True,False,dal,orl,111,105,26,31,28,26,0,24,24,27,30,0,away,3.0,201.5,-155.0,135.0,1.5,99.0,1.0,1,False
2013,2013-01-20,True,False,bos,det,88,103,18,30,23,17,0,27,25,29,22,0,away,2.0,184.5,-130.0,110.0,2.5,90.5,0.0,1,True
2013,2013-01-20,True,False,okc,den,118,121,25,25,29,30,9,25,26,30,28,12,away,1.0,208.5,-120.0,100.0,0.0,104.5,0.0,1,True
2013,2013-01-21,True,False,sa,phi,90,85,25,24,22,19,0,17,18,29,21,0,away,6.0,194.5,-250.0,210.0,1.0,96.0,0.0,0,False
2013,2013-01-21,True,False,wsh,por,98,95,34,16,19,29,0,31,20,13,31,0,home,7.0,195.5,245.0,-285.0,4.5,96.0,0.0,0,False
2013,2013-01-21,True,False,lal,chi,83,95,20,20,29,14,0,27,20,22,26,0,home,0.0,194.5,-115.0,-105.0,2.0,96.5,1.0,0,True
2013,2013-01-21,True,False,lac,gs,99,106,33,19,28,19,0,33,20,20,33,0,away,4.5,197.5,-185.0,165.0,4.0,98.0,0.0,1,True
2013,2013-01-21,True,False,sac,no,105,114,18,21,37,29,0,30,34,23,27,0,home,5.5,193.5,200.0,-240.0,3.0,95.5,1.0,1,True
2013,2013-01-21,True,False,min,atl,96,104,31,27,19,19,0,18,26,26,34,0,home,8.0,184.5,320.0,-390.0,8.0,92.5,2.0,1,True
2013,2013-01-21,True,False,hou,cha,100,94,22,23,29,26,0,30,26,25,13,0,away,7.5,208.5,-320.0,270.0,7.0,104.5,0.0,0,False
2013,2013-01-21,True,False,ind,mem,82,81,26,17,22,17,0,27,12,24,18,0,home,6.0,171.0,225.0,-265.0,5.5,85.0,0.0,0,False
2013,2013-01-21,True,False,bkn,ny,88,85,26,21,18,23,0,24,17,27,17,0,home,3.5,193.0,145.0,-165.0,3.5,96.5,0.0,0,False
2013,2013-01-22,True,False,bos,cle,90,95,27,26,20,17,0,31,23,16,25,0,away,5.0,190.5,-220.0,180.0,3.5,93.0,0.0,0,True
2013,2013-01-22,True,False,orl,det,90,105,25,27,14,24,0,26,28,28,23,0,home,4.5,194.5,170.0,-200.0,2.5,97.0,1.0,1,True
2013,2013-01-22,True,False,phi,mil,102,110,18,29,24,31,0,28,27,28,27,0,home,6.5,195.5,250.0,-300.0,1.0,95.5,1.0,1,True
2013,2013-01-22,True,False,okc,lac,109,97,22,27,33,27,0,22,23,23,29,0,away,2.5,200.5,-140.0,120.0,0.5,100.5,1.0,1,False
2013,2013-01-23,True,False,no,sa,102,106,35,29,15,23,0,32,28,18,28,0,home,8.5,195.0,345.0,-435.0,7.5,98.0,0.0,1,True
2013,2013-01-23,True,False,ind,por,80,100,17,15,27,21,0,20,24,26,30,0,home,1.0,182.0,100.0,-120.0,3.0,90.0,1.0,0,True
2013,2013-01-23,True,False,wsh,utah,88,92,19,19,20,30,0,25,27,21,19,0,home,7.0,195.0,255.0,-305.0,0.5,98.0,0.0,0,True
2013,2013-01-23,True,False,lal,mem,93,106,23,27,23,20,0,24,35,24,23,0,home,4.0,186.0,145.0,-165.0,0.5,94.5,1.0,1,True
2013,2013-01-23,True,False,phx,sac,106,96,30,19,25,32,0,27,30,20,19,0,home,3.0,202.0,140.0,-160.0,1.0,103.0,0.0,2,False
2013,2013-01-23,True,False,bkn,min,91,83,24,29,15,23,0,17,25,20,21,0,away,5.5,185.5,-230.0,190.0,0.5,91.5,1.0,0,False
2013,2013-01-23,True,False,det,chi,82,85,23,24,21,14,0,14,24,19,28,0,home,7.0,182.5,250.0,-290.0,5.5,91.0,0.0,0,True
2013,2013-01-23,True,False,tor,mia,116,123,28,29,27,25,7,22,28,38,21,14,home,10.0,194.5,490.0,-650.0,10.0,95.5,0.0,1,True
2013,2013-01-23,True,False,atl,cha,104,92,28,25,26,25,0,20,26,21,25,0,away,2.5,191.5,-135.0,115.0,1.0,93.0,1.0,1,False
2013,2013-01-23,True,False,okc,gs,99,104,26,31,22,20,0,27,25,24,28,0,away,1.5,207.5,-120.0,100.0,0.5,105.5,0.0,0,True
2013,2013-01-23,True,False,den,hou,105,95,27,19,36,23,0,21,23,22,29,0,home,3.0,217.5,135.0,-155.0,3.0,107.5,0.0,0,False
2013,2013-01-24,True,False,lac,phx,88,93,20,26,20,22,0,24,26,18,25,0,away,6.5,190.5,-275.0,235.0,7.0,95.0,0.0,0,True
2013,2013-01-24,True,False,tor,orl,97,95,22,26,27,22,0,20,27,19,29,0,home,4.0,198.5,155.0,-175.0,3.0,98.5,0.0,0,False
2013,2013-01-24,True,False,ny,bos,89,86,20,30,22,17,0,24,24,18,20,0,away,1.5,189.5,-125.0,105.0,0.0,95.0,1.0,0,False
2013,2013-01-25,True,False,min,wsh,101,114,25,21,27,28,0,29,31,31,23,0,home,6.5,187.0,230.0,-270.0,1.0,92.0,1.0,1,True
2013,2013-01-25,True,False,bos,atl,111,123,29,28,16,25,13,10,28,31,29,25,home,5.5,184.5,180.0,-220.0,7.0,91.0,1.0,1,True
2013,2013-01-25,True,False,det,mia,88,110,31,20,17,20,0,30,30,24,26,0,home,9.5,192.5,425.0,-550.0,3.0,95.0,1.0,1,True
2013,2013-01-25,True,False,mil,cle,108,113,21,38,31,18,0,18,32,31,32,0,away,4.5,202.0,-180.0,160.0,1.0,100.5,0.0,1,True
2013,2013-01-25,True,False,bkn,mem,77,101,22,22,23,10,0,32,35,18,16,0,home,4.0,177.5,155.0,-175.0,3.5,87.5,1.0,1,True
2013,2013-01-25,True,False,hou,no,100,82,27,21,32,20,0,18,22,25,17,0,home,2.5,200.5,115.0,-135.0,3.5,100.0,0.0,0,False
2013,2013-01-25,True,False,sa,dal,113,107,27,26,35,25,0,20,23,25,39,0,home,2.0,205.0,110.0,-130.0,4.0,102.5,0.0,1,False
2013,2013-01-25,True,False,gs,chi,87,103,13,37,16,21,0,31,32,21,19,0,home,2.0,189.0,115.0,-135.0,3.0,95.0,1.0,1,True
2013,2013-01-25,True,False,okc,sac,105,95,27,31,28,19,0,30,21,16,28,0,away,9.5,210.0,-600.0,450.0,4.0,105.5,1.0,0,False
2013,2013-01-25,True,False,utah,lal,84,102,19,18,26,21,0,26,21,25,30,0,home,5.0,205.0,175.0,-210.0,0.5,100.0,1.0,0,True
2013,2013-01-26,True,False,phx,sa,99,108,26,30,26,17,0,26,33,22,27,0,home,9.0,200.5,400.0,-500.0,5.0,99.5,2.0,1,True
2013,2013-01-26,True,False,lac,por,100,101,22,23,31,24,0,25,26,31,19,0,away,1.0,190.5,-115.0,-105.0,1.5,94.5,0.0,1,True
2013,2013-01-26,True,False,ind,utah,110,114,24,24,20,30,12,27,18,31,22,16,home,2.0,183.0,110.0,-130.0,1.5,92.5,1.0,1,True
2013,2013-01-26,True,False,sac,den,93,121,25,24,20,24,0,39,32,30,20,0,home,12.5,213.0,800.0,-1250.0,2.0,107.5,1.0,1,True
2013,2013-01-26,True,False,gs,mil,102,109,26,29,19,28,0,23,28,35,23,0,home,2.0,209.0,110.0,-130.0,1.5,104.0,1.0,1,True
2013,2013-01-26,True,False,bkn,hou,106,119,29,20,31,26,0,28,34,27,30,0,home,4.0,200.5,160.0,-180.0,2.0,98.5,1.0,1,True
2013,2013-01-26,True,False,min,cha,101,102,34,24,19,24,0,22,25,26,29,0,home,3.0,194.0,130.0,-150.0,4.5,96.0,0.0,1,True
2013,2013-01-26,True,False,chi,wsh,73,86,24,20,11,18,0,23,27,23,13,0,away,1.5,184.0,-125.0,105.0,2.0,92.0,0.0,0,True
2013,2013-01-26,True,False,ny,phi,80,97,19,22,17,22,0,24,29,31,13,0,away,4.0,192.0,-180.0,160.0,5.0,95.0,0.0,0,True
2013,2013-01-26,True,False,cle,tor,99,98,19,27,20,33,0,25,25,25,23,0,home,7.0,200.0,250.0,-300.0,3.0,101.0,0.0,0,False
2013,2013-01-27,True,False,mia,bos,98,100,26,19,23,19,11,22,23,19,23,13,away,5.0,188.0,-210.0,175.0,4.0,93.5,0.0,1,True
2013,2013-01-27,True,False,okc,lal,96,105,23,30,22,21,0,27,25,23,30,0,away,3.5,208.0,-165.0,145.0,2.0,103.0,0.0,0,True
2013,2013-01-27,True,False,det,orl,104,102,29,25,24,26,0,25,19,33,25,0,home,2.0,195.0,110.0,-130.0,3.5,97.0,0.0,1,False
2013,2013-01-27,True,False,no,mem,91,83,24,19,21,27,0,23,22,23,15,0,home,7.5,177.5,265.0,-325.0,4.5,88.5,0.0,0,False
2013,2013-01-27,True,False,atl,ny,104,106,25,27,22,30,0,27,25,30,24,0,home,5.5,194.5,195.0,-235.0,4.0,97.0,0.0,1,True
2013,2013-01-27,True,False,phx,dal,95,110,21,21,30,23,0,29,28,24,29,0,home,8.0,202.5,300.0,-360.0,0.0,100.0,1.0,1,True
2013,2013-01-27,True,False,por,lac,83,96,27,23,12,21,0,33,22,23,18,0,home,9.5,192.5,400.0,-500.0,4.0,96.0,1.0,0,True
2013,2013-01-28,True,False,ind,den,101,102,29,24,21,27,0,24,31,27,20,0,home,5.5,193.5,200.0,-240.0,3.0,96.5,0.0,1,True
2013,2013-01-28,True,False,cha,chi,85,93,18,22,15,30,0,21,28,14,30,0,home,13.0,185.0,650.0,-900.0,4.5,91.0,0.0,0,True
2013,2013-01-28,True,False,orl,bkn,77,97,20,20,23,14,0,30,26,14,27,0,home,9.0,195.5,400.0,-500.0,0.5,97.0,1.0,0,True
2013,2013-01-28,True,False,hou,utah,125,80,28,29,36,32,0,22,17,20,21,0,home,3.5,208.0,140.0,-160.0,6.5,103.5,0.0,0,False
2013,2013-01-28,True,False,sac,wsh,96,94,27,26,19,24,0,32,25,19,18,0,home,7.5,204.0,255.0,-310.0,3.0,101.0,0.0,0,False
2013,2013-01-28,True,False,gs,tor,114,102,25,27,32,30,0,28,24,30,20,0,away,2.5,201.5,-140.0,120.0,2.0,99.5,1.0,1,False
2013,2013-01-28,True,False,mem,phi,103,100,20,37,22,24,0,33,21,25,21,0,away,1.0,177.5,-135.0,115.0,0.5,89.0,1.0,1,False
2013,2013-01-29,True,False,no,lal,106,111,24,18,31,33,0,25,29,29,28,0,home,7.5,195.5,290.0,-350.0,0.5,97.0,0.0,1,True
2013,2013-01-29,True,False,dal,por,104,106,32,27,21,24,0,28,14,32,32,0,home,3.0,202.5,130.0,-150.0,6.0,100.0,0.0,1,True
2013,2013-01-29,True,False,gs,cle,108,95,23,32,29,24,0,23,21,24,27,0,away,1.0,202.0,-120.0,100.0,5.0,97.5,1.0,1,False
2013,2013-01-29,True,False,mil,det,117,90,19,33,39,26,0,28,14,26,22,0,home,1.0,201.0,100.0,-120.0,2.5,98.0,0.0,1,False
2013,2013-01-30,True,False,lal,phx,86,92,22,19,32,13,0,26,15,22,29,0,away,3.0,203.5,-155.0,135.0,2.5,101.0,0.0,0,True
2013,2013-01-30,True,False,hou,den,110,118,29,28,29,24,0,29,27,27,35,0,home,4.0,216.5,150.0,-170.0,3.5,108.0,1.0,1,True
2013,2013-01-30,True,False,no,utah,99,104,29,18,28,24,0,19,32,27,26,0,home,8.0,188.5,315.0,-375.0,4.0,93.0,0.0,1,True
2013,2013-01-30,True,False,mia,bkn,105,85,30,19,36,20,0,20,29,14,22,0,away,2.5,191.5,-135.0,115.0,2.0,94.0,1.0,0,False
2013,2013-01-30,True,False,chi,mil,104,88,23,32,24,25,0,19,18,31,20,0,home,1.0,190.5,-105.0,-115.0,4.5,94.5,0.0,1,False
2013,2013-01-30,True,False,cha,sa,78,102,23,14,23,18,0,25,24,25,28,0,home,14.5,204.5,1495.0,-2295.0,4.5,100.0,1.0,0,True
2013,2013-01-30,True,False,sac,bos,81,99,24,14,22,21,0,22,37,21,19,0,home,7.0,194.0,250.0,-300.0,2.0,95.5,1.0,0,True
2013,2013-01-30,True,False,tor,atl,92,93,23,32,14,23,0,20,25,30,18,0,home,7.0,196.0,255.0,-305.0,6.5,98.0,0.0,0,True
2013,2013-01-30,True,False,orl,ny,97,113,31,20,22,24,0,31,20,28,34,0,home,8.5,196.0,375.0,-475.0,5.5,98.0,1.0,1,True
2013,2013-01-30,True,False,det,ind,79,98,23,13,20,23,0,29,25,16,28,0,home,8.5,181.0,335.0,-415.0,0.5,89.5,1.0,0,True
2013,2013-01-30,True,False,wsh,phi,84,92,28,11,24,21,0,25,23,25,19,0,home,4.0,189.5,140.0,-160.0,1.5,94.0,1.0,0,True
2013,2013-01-30,True,False,lac,min,96,90,23,29,24,20,0,25,23,23,19,0,away,4.5,189.0,-195.0,170.0,1.5,94.0,1.0,0,False
2013,2013-01-31,True,False,mem,okc,89,106,22,12,33,22,0,32,26,21,27,0,home,9.5,189.5,450.0,-600.0,1.0,94.5,1.0,1,True
2013,2013-01-31,True,False,dal,gs,97,100,23,30,26,18,0,28,27,25,20,0,home,4.0,203.5,155.0,-175.0,2.5,102.0,0.0,0,True
2013,2013-02-01,True,False,wsh,mem,76,85,30,10,16,20,0,23,16,22,24,0,home,6.5,180.5,230.0,-270.0,5.0,88.5,1.0,0,True
2013,2013-02-01,True,False,lal,min,111,100,37,31,17,26,0,24,29,23,24,0,away,2.5,200.5,-150.0,130.0,3.5,101.0,1.0,1,False
2013,2013-02-01,True,False,por,utah,77,86,19,17,25,16,0,26,25,22,13,0,home,5.0,195.0,170.0,-200.0,2.0,97.5,1.0,0,True
2013,2013-02-01,True,False,dal,phx,109,99,29,25,20,35,0,31,23,21,24,0,home,2.5,201.0,140.0,-160.0,2.0,100.5,0.0,1,False
2013,2013-02-01,True,False,no,den,98,113,26,22,30,20,0,26,25,34,28,0,home,7.5,204.5,270.0,-330.0,4.0,103.0,1.0,1,True
2013,2013-02-01,True,False,sac,phi,80,89,23,16,29,12,0,27,27,18,17,0,home,6.0,199.0,230.0,-270.0,1.5,97.5,1.0,0,True
2013,2013-02-01,True,False,mil,ny,86,96,28,25,20,13,0,25,22,27,22,0,home,4.5,206.0,180.0,-220.0,4.5,103.0,1.0,0,True
2013,2013-02-01,True,False,chi,bkn,89,93,14,28,25,22,0,24,17,22,30,0,home,5.0,180.5,175.0,-210.0,4.0,88.5,0.0,1,True
2013,2013-02-01,True,False,cle,det,99,117,16,31,21,31,0,24,30,31,32,0,home,4.5,199.5,165.0,-190.0,0.0,100.5,1.0,1,True
2013,2013-02-01,True,False,orl,bos,84,97,18,17,24,25,0,25,21,26,25,0,home,8.0,191.0,340.0,-440.0,1.5,95.0,1.0,0,True
2013,2013-02-01,True,False,mia,ind,89,102,23,22,20,24,0,25,28,27,22,0,away,2.0,184.5,-135.0,115.0,4.0,92.5,0.0,1,True
2013,2013-02-01,True,False,lac,tor,73,98,17,13,15,28,0,22,24,26,26,0,away,4.0,193.0,-175.0,155.0,6.5,95.0,0.0,0,True
2013,2013-02-02,True,False,phx,gs,93,113,29,23,22,19,0,26,22,33,32,0,home,10.5,202.0,475.0,-650.0,8.5,101.5,1.0,1,True
2013,2013-02-02,True,False,utah,por,99,105,23,23,21,32,0,24,19,29,33,0,home,4.5,191.5,170.0,-200.0,4.5,94.5,1.0,1,True
2013,2013-02-02,True,False,wsh,sa,86,96,17,9,30,30,0,27,24,17,28,0,home,12.5,193.5,800.0,-1250.0,1.5,94.5,0.0,0,True
2013,2013-02-02,True,False,no,min,86,115,14,17,24,31,0,33,25,23,34,0,home,4.0,188.5,150.0,-170.0,4.0,93.0,1.0,1,True
2013,2013-02-02,True,False,orl,mil,98,107,22,26,19,31,0,31,21,27,28,0,home,10.5,200.0,475.0,-650.0,5.5,100.0,0.0,1,True
2013,2013-02-02,True,False,okc,cle,110,115,25,32,21,32,0,23,29,24,39,0,away,11.0,206.0,-800.0,600.0,5.0,103.0,0.0,1,True
2013,2013-02-02,True,False,sac,ny,81,120,22,11,19,29,0,25,31,41,23,0,home,11.0,204.0,650.0,-850.0,0.5,101.5,1.0,0,True
2013,2013-02-02,True,False,chi,atl,93,76,24,19,26,24,0,17,27,16,16,0,home,7.0,182.0,8.0,-300.0,4.5,90.5,0.0,0,False
2013,2013-02-02,True,False,cha,hou,95,109,27,24,26,18,0,32,30,17,30,0,home,12.0,209.0,700.0,-1000.0,3.5,104.5,1.0,0,True
2013,2013-02-03,True,False,lac,bos,104,106,30,10,37,27,0,33,26,33,14,0,away,1.5,183.0,-113.0,102.0,5.0,90.5,0.0,1,True
2013,2013-02-03,True,False,lal,det,98,97,32,30,16,20,0,27,24,21,25,0,away,2.5,201.0,-130.0,110.0,2.0,101.5,0.0,0,False
2013,2013-02-03,True,False,mia,tor,100,85,24,20,27,29,0,21,29,17,18,0,away,5.5,194.5,-230.0,190.0,5.0,97.5,1.0,0,False
2013,2013-02-04,True,False,dal,okc,91,112,22,22,23,24,0,29,39,24,20,0,home,8.0,209.5,310.0,-380.0,1.5,103.0,1.0,0,True
2013,2013-02-04,True,False,chi,ind,101,111,29,25,22,25,0,28,32,27,24,0,home,5.5,176.5,180.0,-220.0,1.5,88.5,1.0,1,True
2013,2013-02-04,True,False,sac,utah,91,98,22,21,23,18,7,20,24,18,22,14,home,9.0,199.0,360.0,-460.0,6.5,97.5,0.0,0,True
2013,2013-02-04,True,False,por,min,100,98,25,24,28,23,0,18,20,20,40,0,home,4.0,193.0,155.0,-175.0,4.5,95.0,0.0,1,False
2013,2013-02-04,True,False,orl,phi,61,78,16,19,11,15,0,28,14,18,18,0,home,10.0,188.5,450.0,-600.0,4.0,93.5,1.0,0,True
2013,2013-02-04,True,False,det,ny,85,99,13,23,22,27,0,28,29,19,23,0,home,10.0,200.0,450.0,-600.0,0.5,99.0,1.0,0,True
2013,2013-02-04,True,False,lac,wsh,90,98,16,30,20,24,0,24,27,21,26,0,away,3.0,187.5,-150.0,130.0,2.5,92.5,0.0,1,True
2013,2013-02-04,True,False,cha,mia,94,99,21,22,20,31,0,22,25,19,33,0,home,14.0,198.0,1200.0,-2000.0,7.5,98.5,0.0,0,True
2013,2013-02-05,True,False,atl,ind,103,114,21,28,21,33,0,18,32,31,33,0,home,6.0,184.0,220.0,-260.0,4.0,90.0,1.0,1,True
2013,2013-02-05,True,False,lal,bkn,92,83,18,31,18,25,0,24,16,24,19,0,home,4.0,198.5,150.0,-170.0,5.0,98.0,0.0,0,False
2013,2013-02-05,True,False,gs,hou,109,140,37,25,24,23,0,38,39,27,36,0,home,2.5,217.0,120.0,-140.0,3.5,108.5,1.0,1,True
2013,2013-02-05,True,False,phx,mem,96,90,27,23,15,31,0,27,25,19,19,0,home,9.0,184.0,365.0,-465.0,5.5,91.5,0.0,1,False
2013,2013-02-05,True,False,mil,den,104,112,29,37,20,18,0,27,24,28,33,0,home,7.0,213.0,250.0,-300.0,7.5,104.5,1.0,1,True
2013,2013-02-06,True,False,mil,utah,86,100,25,18,19,24,0,19,32,26,23,0,home,5.5,199.5,190.0,-225.0,0.5,99.0,1.0,0,True
2013,2013-02-06,True,False,sa,min,104,94,21,26,21,36,0,23,18,23,30,0,away,4.5,198.0,-200.0,175.0,0.5,99.0,1.0,2,False
2013,2013-02-06,True,False,phx,no,84,93,27,26,18,13,0,26,28,24,15,0,home,6.5,194.5,230.0,-270.0,4.5,97.5,1.0,0,True
2013,2013-02-06,True,False,gs,okc,98,119,22,27,30,19,0,34,33,23,29,0,home,11.0,214.0,610.0,-835.0,1.5,106.5,1.0,1,True
2013,2013-02-06,True,False,mem,atl,92,103,22,26,14,30,0,26,32,22,23,0,away,2.0,182.0,-130.0,110.0,4.0,90.5,0.0,1,True
2013,2013-02-06,True,False,hou,mia,108,114,30,26,27,25,0,32,31,26,25,0,home,7.5,206.5,295.0,-355.0,2.0,103.0,0.0,1,True
2013,2013-02-06,True,False,por,dal,99,105,33,28,21,17,0,27,30,23,25,0,home,5.5,201.0,180.0,-210.0,5.5,100.0,1.0,1,True
2013,2013-02-06,True,False,cha,cle,95,122,21,20,26,28,0,32,33,35,22,0,home,6.0,204.5,215.0,-255.0,2.5,101.5,1.0,1,True
2013,2013-02-06,True,False,bos,tor,99,95,20,30,19,30,0,23,22,34,16,0,home,3.5,192.0,150.0,-170.0,3.5,96.0,0.0,1,False
2013,2013-02-06,True,False,ny,wsh,96,106,29,19,25,23,0,28,23,19,36,0,away,4.5,190.5,-195.0,170.0,5.0,94.0,0.0,1,True
2013,2013-02-06,True,False,ind,phi,88,69,18,19,22,29,0,15,19,14,21,0,home,2.0,180.5,110.0,-130.0,2.0,89.0,0.0,0,False
2013,2013-02-06,True,False,lac,orl,86,76,17,23,24,22,0,17,25,13,21,0,away,5.0,184.5,-200.0,170.0,4.0,90.5,1.0,0,False
2013,2013-02-06,True,False,bkn,det,93,90,23,17,29,24,0,24,22,27,17,0,home,2.0,190.0,110.0,-130.0,0.5,93.0,0.0,0,False
2013,2013-02-07,True,False,lal,bos,95,116,23,21,25,26,0,27,31,37,21,0,home,1.5,194.0,105.0,-125.0,4.0,96.5,1.0,1,True
2013,2013-02-07,True,False,chi,den,96,128,25,33,16,22,0,33,30,37,28,0,home,6.0,196.5,200.0,-240.0,2.5,99.0,1.0,1,True
2013,2013-02-08,True,False,chi,utah,93,89,31,27,11,24,0,27,23,19,20,0,home,4.5,184.0,160.0,-180.0,5.0,93.0,0.0,0,False
2013,2013-02-08,True,False,por,hou,103,118,28,25,27,23,0,34,28,33,23,0,home,7.5,211.0,260.0,-320.0,1.5,105.0,1.0,1,True
2013,2013-02-08,True,False,phx,okc,96,127,27,23,20,26,0,33,22,36,36,0,home,14.0,205.5,1054.0,-1579.0,7.0,102.0,1.0,1,True
2013,2013-02-08,True,False,lac,mia,89,111,29,21,18,21,0,30,32,31,18,0,home,3.5,193.0,145.0,-165.0,2.0,96.0,1.0,1,True
2013,2013-02-08,True,False,gs,mem,93,99,24,32,20,17,0,32,31,14,22,0,home,3.5,190.5,140.0,-160.0,0.5,95.5,1.0,1,True
2013,2013-02-08,True,False,ny,min,100,94,25,27,18,30,0,23,22,31,18,0,away,6.0,196.0,-290.0,245.0,1.0,97.5,2.0,0,False
2013,2013-02-08,True,False,lal,cha,100,93,20,21,28,31,0,30,23,25,15,0,away,6.0,206.0,-290.0,245.0,6.5,103.0,1.0,0,False
2013,2013-02-08,True,False,orl,cle,108,119,24,32,24,28,0,24,32,29,34,0,home,7.0,200.0,250.0,-300.0,5.0,101.0,1.0,1,True
2013,2013-02-08,True,False,sa,det,109,119,23,29,26,31,0,31,34,30,24,0,away,5.0,197.5,-240.0,200.0,6.5,100.0,0.0,1,True
2013,2013-02-08,True,False,bkn,wsh,74,89,20,11,22,21,0,21,30,14,24,0,home,1.5,189.0,103.0,-114.0,4.5,94.0,1.0,0,True
2013,2013-02-08,True,False,tor,ind,100,98,25,19,20,26,10,26,25,21,18,8,home,7.0,190.5,290.0,-350.0,2.0,95.0,0.0,1,False
2013,2013-02-08,True,False,no,atl,111,100,25,25,29,32,0,26,29,16,29,0,home,5.0,192.5,175.0,-210.0,1.5,96.0,0.0,1,False
2013,2013-02-09,True,False,utah,sac,109,120,29,25,20,35,0,31,31,25,33,0,home,1.5,196.5,105.0,-125.0,1.5,98.0,1.0,1,True
2013,2013-02-09,True,False,gs,dal,91,116,16,20,30,25,0,30,32,23,31,0,home,5.5,211.5,205.0,-245.0,3.5,104.0,1.0,0,True
2013,2013-02-09,True,False,det,mil,105,100,33,24,24,24,0,22,34,26,18,0,home,7.5,205.5,270.0,-330.0,5.5,103.0,0.0,0,False
2013,2013-02-09,True,False,den,cle,111,103,30,28,26,27,0,32,20,21,30,0,away,6.0,215.5,-260.0,220.0,1.0,107.0,1.0,0,False
2013,2013-02-09,True,False,cha,phi,76,87,17,20,17,22,0,23,15,25,24,0,home,10.0,186.0,425.0,-550.0,6.0,91.5,1.0,0,True
2013,2013-02-10,True,False,lac,ny,102,88,22,30,19,31,0,17,27,26,18,0,home,3.5,192.0,145.0,-165.0,4.5,96.5,0.0,0,False
2013,2013-02-10,True,False,sa,bkn,111,86,25,26,30,30,0,35,22,14,15,0,away,2.0,195.0,-130.0,110.0,3.0,98.0,1.0,1,False
2013,2013-02-10,True,False,okc,phx,97,69,27,24,23,23,0,16,18,14,21,0,away,8.0,204.0,-450.0,350.0,1.0,100.0,1.0,0,False
2013,2013-02-10,True,False,no,tor,89,102,21,26,19,23,0,32,18,19,33,0,home,3.5,192.5,145.0,-165.0,1.0,94.5,1.0,0,True
2013,2013-02-10,True,False,hou,sac,111,117,25,28,33,25,0,28,29,27,33,0,away,6.5,218.0,-260.0,220.0,6.0,109.0,0.0,1,True
2013,2013-02-10,True,False,den,bos,114,118,19,27,24,22,22,29,21,28,14,26,home,2.0,206.0,110.0,-130.0,0.0,103.0,1.0,1,True
2013,2013-02-10,True,False,por,orl,104,110,26,23,23,32,0,22,33,24,31,0,away,3.0,196.5,-150.0,130.0,3.0,98.5,0.0,1,True
2013,2013-02-10,True,False,lal,mia,97,107,26,27,20,24,0,25,28,25,29,0,home,9.0,203.5,400.0,-500.0,6.0,100.0,1.0,1,True
2013,2013-02-10,True,False,min,mem,88,105,20,17,19,32,0,21,26,29,29,0,home,8.5,183.0,350.0,-450.0,2.0,89.5,1.0,1,True
2013,2013-02-11,True,False,lac,phi,107,90,30,26,32,19,0,22,11,26,31,0,away,5.0,185.0,-210.0,175.0,3.5,91.0,1.0,1,False
2013,2013-02-11,True,False,bos,cha,91,94,26,22,24,19,0,24,18,33,19,0,away,4.5,191.0,-185.0,165.0,1.0,94.5,0.0,0,True
2013,2013-02-11,True,False,bkn,ind,89,84,20,15,23,18,13,13,27,14,22,8,home,9.0,181.0,400.0,-500.0,4.0,88.5,0.0,0,False
2013,2013-02-11,True,False,no,det,105,86,27,28,22,28,0,23,18,20,25,0,home,6.0,193.5,210.0,-250.0,6.5,94.5,0.0,0,False
2013,2013-02-11,True,False,wsh,mil,102,90,29,26,19,28,0,32,15,24,19,0,home,4.5,200.0,170.0,-200.0,4.5,100.5,0.0,0,False
2013,2013-02-11,True,False,sa,chi,103,89,20,31,25,27,0,24,18,29,18,0,home,3.5,188.0,145.0,-165.0,4.5,93.0,0.0,1,False
2013,2013-02-11,True,False,atl,dal,105,101,31,18,33,23,0,23,25,33,20,0,home,5.5,204.5,190.0,-230.0,4.5,101.5,0.0,1,False
2013,2013-02-11,True,False,min,cle,100,92,25,24,23,28,0,27,19,19,27,0,home,7.5,205.0,250.0,-300.0,5.5,101.5,0.0,0,False
2013,2013-02-12,True,False,okc,utah,94,109,26,26,27,15,0,28,30,28,23,0,away,6.0,200.5,-255.0,215.0,6.0,100.0,0.0,1,True
2013,2013-02-12,True,False,hou,gs,116,107,30,27,31,28,0,34,22,23,28,0,home,4.5,217.5,155.0,-175.0,3.5,108.0,0.0,1,False
2013,2013-02-12,True,False,phx,lal,85,91,22,25,24,14,0,30,26,9,26,0,home,9.0,202.0,415.0,-520.0,3.0,99.5,0.0,0,True
2013,2013-02-12,True,False,sac,mem,101,108,25,30,18,28,0,26,32,26,24,0,home,11.0,189.5,550.0,-775.0,6.0,94.0,0.0,1,True
2013,2013-02-12,True,False,den,tor,108,109,21,31,26,30,0,28,26,28,27,0,home,1.5,206.5,100.0,-120.0,0.5,103.5,0.0,1,True
2013,2013-02-12,True,False,por,mia,104,117,33,26,23,22,0,29,29,28,31,0,home,11.0,198.5,625.0,-875.0,8.0,97.0,1.0,1,True
2013,2013-02-13,True,False,hou,lac,96,106,28,21,23,24,0,46,23,19,18,0,home,11.0,208.0,495.0,-655.0,0.5,103.5,0.0,0,True
2013,2013-02-13,True,False,sac,dal,100,123,27,17,33,23,0,30,29,33,31,0,home,10.0,211.5,490.0,-640.0,1.0,104.0,1.0,1,True
2013,2013-02-13,True,False,phi,mil,92,94,28,22,25,17,0,18,25,29,22,0,home,6.0,194.5,210.0,-250.0,5.0,96.0,0.0,0,True
2013,2013-02-13,True,False,por,no,63,99,14,12,18,19,0,19,19,29,32,0,home,4.5,193.5,170.0,-195.0,1.5,93.5,1.0,0,True
2013,2013-02-13,True,False,chi,bos,69,71,15,21,13,20,0,24,11,8,28,0,home,2.5,181.5,120.0,-140.0,2.0,90.0,0.0,0,True
2013,2013-02-13,True,False,utah,min,97,93,10,32,26,29,0,17,23,23,30,0,home,2.0,193.0,110.0,-130.0,2.5,96.0,0.0,0,False
2013,2013-02-13,True,False,wsh,det,85,96,19,26,23,17,0,21,23,21,31,0,home,2.0,190.5,110.0,-130.0,2.0,94.5,1.0,0,True
2013,2013-02-13,True,False,den,bkn,108,119,26,31,24,27,0,23,39,33,24,0,home,3.0,196.5,130.0,-150.0,0.5,97.0,1.0,1,True
2013,2013-02-13,True,False,cha,ind,77,101,29,17,14,17,0,30,19,21,31,0,home,11.0,185.0,540.0,-765.0,5.5,92.0,1.0,0,True
2013,2013-02-13,True,False,sa,cle,96,95,21,25,28,22,0,22,32,19,22,0,away,8.5,206.0,-375.0,315.0,9.0,102.5,0.0,0,False
2013,2013-02-13,True,False,atl,orl,108,76,25,32,33,18,0,19,17,20,20,0,away,2.5,200.0,-135.0,115.0,3.5,97.5,1.0,0,False
2013,2013-02-13,True,False,tor,ny,92,88,14,23,28,27,0,18,24,18,28,0,home,8.0,198.0,360.0,-450.0,3.5,97.5,0.0,0,False
2013,2013-02-14,True,False,mia,okc,110,100,32,31,25,22,0,17,29,23,31,0,home,5.5,204.5,175.0,-210.0,6.5,101.0,0.0,1,False
2013,2013-02-14,True,False,lac,lal,125,101,31,33,37,24,0,17,35,28,21,0,away,4.0,201.0,-180.0,160.0,2.0,100.5,1.0,1,False
2013,2013-02-19,True,False,sa,sac,108,102,28,22,33,25,0,19,22,33,28,0,away,9.0,210.5,-500.0,400.0,2.5,105.5,0.0,0,False
2013,2013-02-19,True,False,phx,por,102,98,36,27,21,18,0,23,24,26,25,0,home,6.5,194.0,225.0,-265.0,7.5,95.0,0.0,1,False
2013,2013-02-19,True,False,gs,utah,101,115,19,34,26,22,0,26,32,29,28,0,home,3.5,203.5,140.0,-160.0,0.5,101.0,1.0,1,True
2013,2013-02-19,True,False,bos,den,90,97,22,28,20,20,0,21,28,29,19,0,home,8.5,203.5,340.0,-425.0,7.0,100.5,0.0,0,True
2013,2013-02-19,True,False,mil,bkn,111,113,24,27,30,24,6,31,30,19,25,8,home,5.0,193.5,175.0,-210.0,0.5,93.5,0.0,1,True
2013,2013-02-19,True,False,mem,det,105,91,22,31,31,21,0,30,12,18,31,0,away,3.0,186.5,-150.0,130.0,2.0,92.0,1.0,1,False
2013,2013-02-19,True,False,cha,orl,105,92,37,26,17,25,0,27,16,27,22,0,home,5.0,198.5,170.0,-200.0,7.0,97.5,0.0,0,False
2013,2013-02-19,True,False,tor,wsh,96,88,27,28,18,23,0,19,27,19,23,0,home,3.0,190.5,130.0,-150.0,4.0,94.0,0.0,0,False
2013,2013-02-19,True,False,chi,no,96,87,26,21,27,22,0,21,22,25,19,0,away,1.0,181.0,-120.0,100.0,0.5,90.5,1.0,1,False
2013,2013-02-20,True,False,phx,gs,98,108,26,23,27,22,0,33,24,28,23,0,home,8.5,205.5,325.0,-400.0,3.0,101.5,1.0,1,True
2013,2013-02-20,True,False,bos,lal,99,113,27,28,21,23,0,36,28,26,23,0,home,7.0,194.0,260.0,-320.0,1.5,96.0,1.0,1,True
2013,2013-02-20,True,False,orl,dal,96,111,30,23,29,14,0,42,17,24,28,0,home,11.5,206.0,600.0,-800.0,5.5,103.0,1.0,1,True
2013,2013-02-20,True,False,mia,atl,103,90,24,21,18,40,0,17,32,24,17,0,away,5.5,196.0,-230.0,190.0,5.5,97.5,1.0,0,False
2013,2013-02-20,True,False,bkn,mil,97,94,21,21,26,29,0,29,25,22,18,0,home,4.5,194.5,160.0,-180.0,1.5,96.0,0.0,0,False
2013,2013-02-20,True,False,okc,hou,119,122,29,33,30,27,0,36,21,30,35,0,away,3.0,220.5,-155.0,135.0,0.5,109.0,0.0,1,True
2013,2013-02-20,True,False,no,cle,100,105,20,21,28,31,0,20,23,25,37,0,away,3.5,196.5,140.0,-160.0,2.0,97.5,0.0,1,True
2013,2013-02-20,True,False,det,cha,105,99,28,27,22,28,0,25,31,20,23,0,away,3.5,195.5,-165.0,145.0,3.0,97.5,1.0,1,False
2013,2013-02-20,True,False,ny,ind,91,125,18,26,22,25,0,30,44,28,23,0,home,4.0,185.0,155.0,-175.0,4.5,91.5,1.0,1,True
2013,2013-02-20,True,False,mem,tor,88,82,19,24,23,22,0,14,18,25,25,0,away,1.0,186.5,-115.0,-105.0,2.5,91.0,1.0,0,False
2013,2013-02-20,True,False,phi,min,87,94,25,16,26,20,0,35,21,20,18,0,home,3.5,186.0,140.0,-160.0,3.0,92.5,1.0,0,True
2013,2013-02-21,True,False,mia,chi,86,67,22,23,20,21,0,22,13,19,13,0,away,3.5,186.0,-160.0,140.0,2.0,92.0,1.0,0,False
2013,2013-02-21,True,False,sa,lac,116,90,34,24,34,24,0,21,22,21,26,0,home,4.0,201.5,160.0,-180.0,6.5,100.5,0.0,1,False
2013,2013-02-22,True,False,min,okc,111,127,23,35,25,28,0,33,33,34,27,0,home,14.0,205.0,1300.0,-1950.0,6.0,102.5,1.0,1,True
2013,2013-02-22,True,False,sa,gs,101,107,25,14,29,25,8,25,13,29,26,14,away,3.5,208.5,-170.0,150.0,2.5,102.5,0.0,0,True
2013,2013-02-22,True,False,bos,phx,113,88,28,25,28,32,0,20,21,26,21,0,away,1.0,189.5,-140.0,120.0,2.5,94.0,1.0,1,False
2013,2013-02-22,True,False,por,lal,107,111,28,27,27,25,0,30,23,27,31,0,home,9.0,203.5,410.0,-520.0,7.0,101.5,0.0,1,True
2013,2013-02-22,True,False,orl,mem,82,88,21,17,15,29,0,22,21,24,21,0,home,14.0,186.0,1500.0,-2250.0,7.0,91.5,0.0,0,True
2013,2013-02-22,True,False,dal,no,104,100,35,18,30,21,0,29,29,21,21,0,away,1.0,199.0,-109.0,-101.0,2.0,99.0,1.0,1,False
2013,2013-02-22,True,False,ny,tor,98,100,32,19,19,28,0,32,16,31,21,0,away,1.5,193.0,-130.0,110.0,0.0,96.0,0.0,1,True
2013,2013-02-22,True,False,hou,bkn,106,96,34,27,23,22,0,31,22,22,21,0,away,1.5,207.5,-130.0,110.0,1.5,102.5,1.0,0,False
2013,2013-02-22,True,False,chi,cha,105,75,24,27,27,27,0,15,22,20,18,0,away,6.5,185.0,-270.0,230.0,0.5,91.5,1.0,0,False
2013,2013-02-22,True,False,det,ind,82,114,17,19,16,30,0,34,26,30,24,0,home,9.5,190.0,415.0,-530.0,1.5,94.0,1.0,1,True
2013,2013-02-22,True,False,den,wsh,113,119,28,36,14,35,0,33,31,30,25,0,away,3.0,203.5,-160.0,140.0,2.5,102.0,0.0,1,True
2013,2013-02-22,True,False,sac,atl,108,122,33,30,25,20,0,25,36,32,29,0,home,8.0,205.0,310.0,-380.0,6.0,102.5,1.0,1,True
2013,2013-02-23,True,False,hou,wsh,103,105,32,25,26,20,0,22,24,31,28,0,away,1.0,210.5,-130.0,110.0,2.0,104.5,0.0,0,True
2013,2013-02-23,True,False,den,cha,113,99,31,29,23,30,0,29,25,20,25,0,away,10.0,208.5,-600.0,450.0,4.5,103.0,1.0,1,False
2013,2013-02-23,True,False,cle,orl,118,94,26,25,28,39,0,25,26,21,22,0,away,5.0,200.0,-200.0,170.0,3.5,99.5,1.0,1,False
2013,2013-02-23,True,False,ind,det,90,72,16,23,24,27,0,9,19,20,24,0,away,5.0,188.0,-210.0,175.0,1.0,92.5,1.0,0,False
2013,2013-02-23,True,False,mia,phi,114,90,27,29,31,27,0,24,23,24,19,0,away,8.0,185.0,-420.0,330.0,1.5,91.5,1.0,1,False
2013,2013-02-23,True,False,atl,mil,103,102,19,35,22,27,0,27,26,27,22,0,home,4.5,204.0,165.0,-190.0,3.5,101.0,0.0,1,False
2013,2013-02-23,True,False,utah,lac,94,107,23,26,20,25,0,25,26,36,20,0,home,10.0,197.5,450.0,-600.0,6.5,98.5,1.0,1,True
2013,2013-02-24,True,False,sa,phx,97,87,19,35,24,19,0,21,19,21,26,0,away,9.0,198.5,-500.0,400.0,1.5,97.5,1.0,0,False
2013,2013-02-24,True,False,chi,okc,72,102,16,20,18,18,0,24,25,31,22,0,home,9.5,194.5,425.0,-550.0,2.0,94.5,1.0,0,True
2013,2013-02-24,True,False,bos,por,86,92,21,21,25,19,0,27,22,22,21,0,home,1.5,192.5,110.0,-130.0,1.5,95.0,1.0,0,True
2013,2013-02-24,True,False,phi,ny,93,99,22,18,27,26,0,24,28,24,23,0,home,11.0,189.5,500.0,-700.0,2.5,94.0,0.0,1,True
2013,2013-02-24,True,False,gs,min,100,99,18,34,24,24,0,32,23,26,18,0,away,2.0,205.5,-140.0,120.0,2.0,102.5,0.0,0,False
2013,2013-02-24,True,False,sac,no,95,110,27,20,26,22,0,30,23,26,31,0,home,7.0,204.5,250.0,-300.0,2.0,102.0,1.0,1,True
2013,2013-02-24,True,False,cle,mia,105,109,20,26,36,23,0,33,31,17,28,0,home,12.0,206.0,865.0,-1200.0,2.5,100.5,0.0,1,True
2013,2013-02-24,True,False,mem,bkn,76,72,16,27,12,21,0,19,19,13,21,0,away,3.0,181.0,-145.0,125.0,0.0,90.0,1.0,0,False
2013,2013-02-24,True,False,lal,dal,103,99,27,27,25,24,0,30,24,21,24,0,home,3.0,212.0,130.0,-150.0,2.0,104.5,0.0,0,False
2013,2013-02-25,True,False,wsh,tor,90,84,17,23,23,27,0,16,16,22,30,0,home,5.5,192.0,200.0,-240.0,5.5,96.0,0.0,0,False
2013,2013-02-25,True,False,atl,det,114,103,27,34,27,26,0,24,27,19,33,0,away,3.5,195.0,-165.0,145.0,2.0,96.5,1.0,1,False
2013,2013-02-25,True,False,bos,utah,110,107,28,20,32,17,13,26,27,19,25,10,home,7.5,188.5,270.0,-330.0,3.0,94.5,0.0,1,False
2013,2013-02-25,True,False,lal,den,108,119,29,25,29,25,0,35,32,28,24,0,home,6.0,216.5,220.0,-260.0,1.0,106.5,1.0,1,True
2013,2013-02-26,True,False,cha,lac,84,106,30,15,18,21,0,24,30,28,24,0,home,17.0,196.0,2225.0,-4025.0,6.5,95.5,1.0,0,True
2013,2013-02-26,True,False,min,phx,83,84,15,18,18,26,6,16,31,11,19,7,home,1.5,197.0,100.0,-120.0,3.5,96.0,0.0,0,True
2013,2013-02-26,True,False,mil,dal,95,90,17,27,22,29,0,21,28,21,20,0,home,5.5,212.5,185.0,-220.0,1.5,104.5,0.0,0,False
2013,2013-02-26,True,False,cle,chi,101,98,19,29,27,26,0,22,26,23,27,0,home,8.5,185.5,360.0,-440.0,6.0,92.0,0.0,1,False
2013,2013-02-26,True,False,gs,ind,97,108,25,28,20,24,0,31,23,31,23,0,home,8.5,197.0,325.0,-395.0,5.5,97.0,1.0,1,True
2013,2013-02-26,True,False,sac,mia,129,141,22,31,32,27,17,27,24,33,28,29,home,15.0,209.0,1890.0,-2690.0,10.5,102.5,0.0,1,True
2013,2013-02-26,True,False,orl,phi,98,84,18,29,21,30,0,20,22,19,23,0,home,8.5,185.5,360.0,-460.0,7.5,92.0,0.0,0,False
2013,2013-02-26,True,False,bkn,no,101,97,31,26,16,28,0,20,21,24,32,0,home,3.0,184.5,125.0,-145.0,5.5,93.0,0.0,1,False
2013,2013-02-27,True,False,phx,sa,105,101,25,20,22,33,5,27,25,25,23,1,home,16.5,198.5,1605.0,-2405.0,8.0,99.0,0.0,1,False
2013,2013-02-27,True,False,den,por,111,109,31,27,21,32,0,25,25,32,27,0,away,2.5,212.5,-135.0,115.0,1.0,104.5,0.0,1,False
2013,2013-02-27,True,False,atl,utah,102,91,30,26,26,20,0,25,23,18,25,0,home,3.5,197.0,140.0,-160.0,4.0,97.0,0.0,0,False
2013,2013-02-27,True,False,det,wsh,96,95,28,23,31,14,0,24,31,13,27,0,home,6.5,191.0,225.0,-265.0,2.5,95.5,0.0,2,False
2013,2013-02-27,True,False,mil,hou,110,107,33,22,26,29,0,36,19,25,27,0,home,8.5,220.0,340.0,-420.0,5.5,109.5,0.0,0,False
2013,2013-02-27,True,False,no,okc,74,119,21,24,15,14,0,30,32,34,23,0,home,15.0,205.0,1600.0,-2400.0,4.0,101.5,1.0,0,True
2013,2013-02-27,True,False,gs,ny,105,109,18,37,26,24,0,27,31,26,25,0,home,7.5,205.5,285.0,-345.0,4.0,102.0,0.0,1,True
2013,2013-02-27,True,False,sac,orl,125,101,36,31,31,27,0,22,22,24,33,0,home,2.0,206.0,105.0,-125.0,5.0,101.5,0.0,1,False
2013,2013-02-27,True,False,tor,cle,92,103,25,23,23,21,0,20,37,23,23,0,away,5.0,196.0,-195.0,170.0,5.0,97.5,0.0,0,True
2013,2013-02-27,True,False,dal,mem,84,90,38,17,5,24,0,19,23,24,24,0,home,7.5,187.5,280.0,-340.0,7.5,91.5,0.0,0,True
2013,2013-02-28,True,False,lac,ind,99,91,26,23,27,23,0,25,22,22,22,0,home,1.0,192.5,104.0,-115.0,1.0,96.0,0.0,0,False
2013,2013-02-28,True,False,phi,chi,82,93,22,17,23,20,0,23,22,23,25,0,home,7.0,178.0,270.0,-330.0,2.5,88.5,1.0,0,True
2013,2013-02-28,True,False,min,lal,94,116,22,25,28,19,0,28,29,34,25,0,home,10.0,206.0,450.0,-600.0,3.0,101.5,1.0,1,True
2013,2013-03-01,True,False,hou,orl,118,110,31,33,22,32,0,32,29,26,23,0,away,9.0,212.5,-475.0,375.0,5.0,107.0,0.0,1,False
2013,2013-03-01,True,False,atl,phx,87,92,19,20,22,26,0,21,23,28,20,0,away,4.0,194.5,-170.0,150.0,4.0,95.0,0.0,0,True
2013,2013-03-01,True,False,sac,sa,102,130,21,28,20,33,0,34,29,34,33,0,home,14.5,215.5,1395.0,-2045.0,4.0,106.0,1.0,1,True
2013,2013-03-01,True,False,det,no,95,100,27,22,20,26,0,23,24,27,26,0,home,3.5,195.5,145.0,-165.0,3.0,96.5,1.0,0,True
2013,2013-03-01,True,False,dal,bkn,98,90,22,26,29,21,0,21,28,14,27,0,home,3.0,194.5,135.0,-155.0,1.5,95.5,0.0,0,False
2013,2013-03-01,True,False,ind,tor,93,81,17,22,25,29,0,13,21,17,30,0,away,2.0,185.5,-135.0,115.0,0.5,92.5,1.0,0,False
2013,2013-03-01,True,False,gs,bos,86,94,20,26,16,24,0,31,19,19,25,0,home,4.0,197.0,155.0,-175.0,1.0,97.5,1.0,0,True
2013,2013-03-01,True,False,lac,cle,105,89,31,23,23,28,0,23,22,23,21,0,away,8.0,200.0,-370.0,310.0,1.5,98.0,1.0,0,False
2013,2013-03-01,True,False,cha,utah,68,98,9,15,24,20,0,21,26,21,30,0,home,9.0,193.5,385.0,-490.0,1.0,95.0,1.0,0,True
2013,2013-03-01,True,False,ny,wsh,96,88,26,28,19,23,0,23,25,29,11,0,away,3.0,193.0,-155.0,135.0,0.0,95.0,1.0,0,False
2013,2013-03-01,True,False,mem,mia,91,98,20,21,25,25,0,16,26,25,31,0,home,7.5,188.0,300.0,-360.0,5.0,93.0,0.0,1,True
2013,2013-03-01,True,False,okc,den,103,105,29,18,28,28,0,26,30,29,20,0,away,2.0,218.0,-125.0,105.0,3.5,108.5,0.0,0,True
2013,2013-03-02,True,False,min,por,94,109,19,25,27,23,0,31,20,32,26,0,home,8.0,197.5,305.0,-370.0,3.0,97.5,1.0,1,True
2013,2013-03-02,True,False,tor,mil,114,122,32,23,19,30,10,23,31,28,22,18,home,6.5,199.0,235.0,-275.0,4.5,99.5,1.0,1,True
2013,2013-03-02,True,False,bkn,chi,85,96,27,12,20,26,0,27,26,24,19,0,home,4.5,177.5,165.0,-190.0,2.0,88.5,1.0,1,True
2013,2013-03-02,True,False,gs,phi,97,104,31,23,27,16,0,20,31,31,22,0,away,2.0,197.5,-140.0,120.0,0.0,98.0,0.0,1,True
2013,2013-03-03,True,False,mia,ny,99,93,23,22,28,26,0,22,37,18,16,0,away,4.5,196.0,-195.0,170.0,7.0,97.5,1.0,0,False
2013,2013-03-03,True,False,okc,lac,108,104,27,27,28,26,0,20,21,32,31,0,home,3.0,205.0,130.0,-150.0,5.0,103.5,0.0,1,False
2013,2013-03-03,True,False,cha,sac,83,119,27,13,19,24,0,27,27,43,22,0,home,7.5,209.0,285.0,-345.0,0.5,103.5,1.0,0,True
2013,2013-03-03,True,False,phi,wsh,87,90,22,27,19,19,0,26,24,22,18,0,home,6.0,185.0,210.0,-250.0,3.5,91.0,0.0,0,True
2013,2013-03-03,True,False,mem,orl,108,82,29,31,22,26,0,19,16,22,25,0,away,9.0,184.0,-470.0,370.0,1.0,90.0,1.0,1,False
2013,2013-03-03,True,False,det,sa,75,114,19,21,16,19,0,32,28,29,25,0,home,13.0,199.5,925.0,-1375.0,2.5,96.5,1.0,0,True
2013,2013-03-03,True,False,dal,hou,103,136,33,28,17,25,0,31,33,44,28,0,home,5.5,219.0,200.0,-240.0,2.5,109.0,1.0,1,True
2013,2013-03-03,True,False,chi,ind,92,97,21,19,26,26,0,32,15,22,28,0,home,8.0,179.0,305.0,-365.0,2.5,88.0,0.0,1,True
2013,2013-03-03,True,False,atl,lal,98,99,26,19,28,25,0,30,22,27,20,0,home,6.0,206.5,210.0,-250.0,1.5,101.5,0.0,0,True
2013,2013-03-04,True,False,tor,gs,118,125,28,26,36,28,0,31,31,21,42,0,home,6.5,205.5,235.0,-275.0,1.5,102.5,1.0,1,True
2013,2013-03-04,True,False,cha,por,105,122,25,30,24,26,0,31,37,23,31,0,home,13.5,197.0,930.0,-1380.0,3.5,98.5,1.0,1,True
2013,2013-03-04,True,False,atl,den,88,104,27,23,23,15,0,28,30,23,23,0,home,9.0,212.0,435.0,-545.0,3.0,104.5,1.0,0,True
2013,2013-03-04,True,False,utah,mil,108,109,24,24,17,34,9,20,25,30,24,10,home,4.5,200.5,170.0,-195.0,4.5,100.0,0.0,1,True
2013,2013-03-04,True,False,mia,min,97,81,22,28,19,28,0,16,27,20,18,0,away,9.5,196.5,-610.0,460.0,3.5,97.0,1.0,0,False
2013,2013-03-04,True,False,orl,no,105,102,20,16,34,35,0,23,23,30,26,0,home,9.0,194.0,400.0,-505.0,2.0,95.5,0.0,1,False
2013,2013-03-04,True,False,ny,cle,102,97,24,25,21,32,0,34,27,13,23,0,away,3.0,204.0,-150.0,130.0,3.5,100.5,1.0,0,False
2013,2013-03-05,True,False,bos,phi,109,101,26,27,26,30,0,23,23,28,27,0,away,2.5,183.0,-145.0,125.0,1.0,90.0,1.0,1,False
2013,2013-03-05,True,False,lal,okc,105,122,28,27,34,16,0,37,34,26,25,0,home,9.5,214.5,420.0,-525.0,1.0,107.0,1.0,1,True
2013,2013-03-05,True,False,den,sac,120,113,24,26,36,34,0,22,28,29,34,0,away,4.5,224.0,-195.0,170.0,4.0,111.0,1.0,1,False
2013,2013-03-06,True,False,sac,gs,83,87,21,23,19,20,0,28,13,28,18,0,home,11.0,224.0,550.0,-775.0,8.5,109.5,0.0,0,True
2013,2013-03-06,True,False,mil,lac,101,117,32,26,24,19,0,34,32,23,28,0,home,10.0,205.5,420.0,-525.0,3.5,102.5,1.0,1,True
2013,2013-03-06,True,False,chi,sa,83,101,23,29,16,15,0,22,25,25,29,0,home,8.0,190.0,340.0,-420.0,7.5,94.0,1.0,0,True
2013,2013-03-06,True,False,tor,phx,98,71,28,26,18,26,0,24,16,15,16,0,home,1.0,192.0,-110.0,-110.0,3.5,94.5,0.0,0,False
2013,2013-03-06,True,False,hou,dal,108,112,25,31,27,25,0,34,26,27,25,0,home,2.0,221.0,-105.0,-115.0,1.0,109.0,1.0,0,True
2013,2013-03-06,True,False,lal,no,108,102,28,20,27,33,0,28,39,26,9,0,away,2.0,204.0,-135.0,115.0,6.0,100.5,1.0,1,False
2013,2013-03-06,True,False,por,mem,85,91,26,24,17,18,0,18,20,27,26,0,home,7.5,186.5,260.0,-310.0,7.0,93.5,0.0,0,True
2013,2013-03-06,True,False,bos,ind,83,81,19,23,16,25,0,27,22,19,13,0,home,9.0,184.5,385.0,-485.0,3.0,90.0,0.0,0,False
2013,2013-03-06,True,False,orl,mia,96,97,18,22,34,22,0,25,30,22,20,0,home,15.5,204.0,1800.0,-2600.0,4.5,101.5,0.0,0,True
2013,2013-03-06,True,False,phi,atl,96,107,19,28,23,26,0,26,33,32,16,0,home,9.0,189.5,365.0,-455.0,1.5,94.5,1.0,1,True
2013,2013-03-06,True,False,ny,det,87,77,24,20,21,22,0,19,19,27,12,0,away,5.5,195.0,-225.0,190.0,1.5,95.0,1.0,0,False
2013,2013-03-06,True,False,utah,cle,101,104,19,32,25,25,0,23,26,19,36,0,home,1.5,201.5,100.0,-120.0,0.5,100.5,1.0,1,True
2013,2013-03-06,True,False,bkn,cha,99,78,26,17,28,28,0,29,24,9,16,0,away,10.0,191.5,-550.0,440.0,9.0,95.0,1.0,0,False
2013,2013-03-06,True,False,wsh,min,82,87,29,14,20,19,0,24,24,17,22,0,away,2.0,188.5,-135.0,115.0,2.5,93.5,0.0,0,True
2013,2013-03-07,True,False,okc,ny,95,94,35,24,16,20,0,26,30,25,13,0,away,8.0,204.0,-360.0,300.0,4.5,101.0,0.0,0,False
2013,2013-03-07,True,False,lac,den,92,107,25,24,26,17,0,27,22,36,22,0,home,4.0,214.5,150.0,-170.0,3.0,106.0,1.0,0,True
2013,2013-03-08,True,False,phi,mia,93,102,24,27,24,18,0,28,19,29,26,0,home,13.0,194.5,995.0,-1445.0,10.5,98.0,0.0,1,True
2013,2013-03-08,True,False,hou,gs,94,88,21,29,23,21,0,30,18,28,12,0,home,2.0,223.0,115.0,-135.0,0.5,110.5,0.0,0,False
2013,2013-03-08,True,False,tor,lal,116,118,37,22,30,20,7,25,28,26,30,9,home,7.5,207.0,295.0,-355.0,8.5,103.0,0.0,1,True
2013,2013-03-08,True,False,phx,sac,112,121,30,27,25,30,0,32,27,30,32,0,home,7.5,210.0,280.0,-340.0,4.5,105.0,1.0,1,True
2013,2013-03-08,True,False,por,sa,136,106,27,30,33,46,0,29,28,25,24,0,home,11.5,201.5,645.0,-945.0,7.5,101.0,0.0,1,False
2013,2013-03-08,True,False,utah,chi,88,89,23,23,24,18,0,26,29,17,17,0,home,4.5,185.0,160.0,-180.0,0.5,93.0,0.0,0,True
2013,2013-03-08,True,False,okc,cha,116,94,28,36,26,26,0,29,21,16,28,0,away,14.5,202.5,-2305.0,1505.0,4.5,100.0,1.0,1,False
2013,2013-03-08,True,False,mem,cle,103,92,23,25,32,23,0,19,32,18,23,0,away,4.5,186.0,-190.0,165.0,4.0,92.0,1.0,1,False
2013,2013-03-08,True,False,wsh,bkn,78,95,14,19,25,20,0,38,21,15,21,0,home,5.5,182.0,200.0,-240.0,3.0,89.0,1.0,0,True
2013,2013-03-08,True,False,atl,bos,102,107,26,21,21,26,8,28,24,20,22,13,home,4.5,188.5,160.0,-180.0,1.5,93.5,1.0,1,True
2013,2013-03-08,True,False,ind,orl,115,86,22,31,35,27,0,15,23,25,23,0,away,9.5,189.0,-520.0,415.0,1.5,94.0,1.0,1,False
2013,2013-03-08,True,False,dal,det,102,99,22,28,26,26,0,17,25,29,28,0,away,4.0,199.5,-165.0,145.0,0.5,98.0,0.0,1,False
2013,2013-03-09,True,False,bkn,atl,93,80,23,28,25,17,0,23,14,20,23,0,home,3.5,191.5,145.0,-165.0,5.5,94.5,0.0,0,False
2013,2013-03-09,True,False,utah,ny,84,113,21,17,21,25,0,25,30,23,35,0,home,6.0,191.5,190.0,-230.0,2.0,95.0,1.0,1,True
2013,2013-03-09,True,False,no,mem,85,96,19,22,19,25,0,25,22,31,18,0,home,7.0,183.0,290.0,-350.0,2.0,90.0,1.0,0,True
2013,2013-03-09,True,False,cha,wsh,87,104,24,18,22,23,0,27,32,21,24,0,home,11.0,187.5,550.0,-750.0,1.0,92.5,1.0,1,True
2013,2013-03-09,True,False,hou,phx,105,107,28,18,30,29,0,24,26,27,30,0,away,6.5,210.5,-310.0,255.0,7.0,104.5,0.0,1,True
2013,2013-03-09,True,False,min,den,88,111,24,25,21,18,0,27,23,33,28,0,home,15.5,210.5,1375.0,-2750.0,9.5,105.0,1.0,0,True
2013,2013-03-09,True,False,mil,gs,103,93,24,23,30,26,0,28,20,22,23,0,home,2.5,210.5,125.0,-145.0,2.0,104.0,0.0,0,False
2013,2013-03-10,True,False,det,lac,97,129,22,30,18,27,0,32,38,28,31,0,home,13.0,198.0,1245.0,-1845.0,3.0,97.0,1.0,1,True
2013,2013-03-10,True,False,por,no,96,98,22,22,25,27,0,22,31,23,22,0,away,3.5,195.5,-170.0,150.0,4.5,97.0,0.0,0,True
2013,2013-03-10,True,False,dal,min,100,77,21,35,22,22,0,20,24,17,16,0,away,7.0,199.5,-300.0,250.0,1.0,98.0,1.0,0,False
2013,2013-03-10,True,False,phi,orl,91,99,30,21,21,19,0,28,28,17,26,0,away,1.0,194.0,-115.0,-105.0,1.5,97.0,0.0,0,True
2013,2013-03-10,True,False,mil,sac,115,113,26,35,24,30,0,29,21,30,33,0,home,1.0,216.5,-105.0,-115.0,3.5,109.0,0.0,1,False
2013,2013-03-10,True,False,cle,tor,96,100,27,28,19,22,0,20,26,33,21,0,home,5.5,201.0,185.0,-215.0,5.0,101.0,0.0,0,True
2013,2013-03-10,True,False,chi,lal,81,90,16,24,21,20,0,20,24,29,17,0,home,4.5,193.5,175.0,-200.0,1.5,95.5,1.0,0,True
2013,2013-03-10,True,False,bos,okc,79,91,22,23,20,14,0,23,27,18,23,0,home,11.0,199.0,620.0,-920.0,6.0,98.0,1.0,0,True
2013,2013-03-10,True,False,ind,mia,91,105,20,26,19,26,0,29,27,23,26,0,home,6.5,187.0,270.0,-320.0,1.0,93.0,1.0,1,True
2013,2013-03-11,True,False,bkn,phi,97,106,28,18,29,22,0,24,29,29,24,0,away,6.5,184.5,-280.0,240.0,6.0,91.5,0.0,1,True
2013,2013-03-11,True,False,okc,sa,93,105,32,18,24,19,0,22,35,26,22,0,home,2.5,206.0,110.0,-130.0,1.5,101.5,1.0,0,True
2013,2013-03-11,True,False,det,utah,90,103,19,18,33,20,0,20,31,25,27,0,home,11.0,196.0,600.0,-800.0,2.5,96.0,1.0,0,True
2013,2013-03-11,True,False,den,phx,108,93,25,28,27,28,0,26,24,24,19,0,away,9.0,212.0,-470.0,370.0,5.0,105.5,1.0,0,False
2013,2013-03-11,True,False,ny,gs,63,92,23,12,19,9,0,26,24,25,17,0,home,2.5,202.0,120.0,-140.0,3.5,98.5,1.0,0,True
2013,2013-03-12,True,False,mem,por,102,97,21,27,20,34,0,21,19,18,39,0,away,1.5,186.5,-125.0,105.0,2.0,93.0,1.0,1,False
2013,2013-03-12,True,False,sa,min,83,107,28,10,22,23,0,24,29,24,30,0,away,8.5,196.0,-450.0,360.0,8.5,98.5,0.0,0,True
2013,2013-03-12,True,False,dal,mil,115,108,28,35,27,25,0,35,20,24,29,0,home,2.5,210.0,120.0,-140.0,4.0,104.5,0.0,1,False
2013,2013-03-12,True,False,no,bkn,98,108,19,29,30,20,0,28,29,23,28,0,home,5.5,184.0,200.0,-235.0,0.5,90.5,1.0,1,True
2013,2013-03-12,True,False,wsh,cle,90,95,33,16,16,25,0,20,30,26,19,0,away,1.5,190.5,-115.0,-105.0,1.0,94.5,0.0,0,True
2013,2013-03-12,True,False,lal,orl,106,97,22,28,26,30,0,23,23,22,29,0,away,8.5,208.0,-430.0,340.0,4.5,101.5,1.0,0,False
2013,2013-03-12,True,False,bos,cha,74,100,20,26,15,13,0,19,30,27,24,0,away,10.0,187.0,-625.0,475.0,7.5,92.0,0.0,0,True
2013,2013-03-12,True,False,atl,mia,81,98,18,26,21,16,0,26,31,22,19,0,home,9.5,197.0,460.0,-585.0,1.5,97.5,1.0,0,True
2013,2013-03-13,True,False,mem,lac,96,85,24,30,21,21,0,24,28,17,16,0,home,7.0,184.5,245.0,-295.0,6.0,91.5,0.0,0,False
2013,2013-03-13,True,False,ny,den,94,117,26,16,27,25,0,31,33,33,20,0,home,9.0,206.5,375.0,-480.0,0.5,101.0,1.0,1,True
2013,2013-03-13,True,False,det,gs,97,105,20,30,25,22,0,28,22,30,25,0,home,11.0,199.0,615.0,-865.0,7.5,98.0,0.0,1,True
2013,2013-03-13,True,False,chi,sac,79,121,20,16,24,19,0,34,31,28,28,0,away,4.0,197.5,-175.0,155.0,8.0,98.0,0.0,1,True
2013,2013-03-13,True,False,phx,hou,81,111,25,20,17,19,0,30,28,32,21,0,home,12.0,213.0,765.0,-1165.0,3.5,105.0,1.0,0,True
2013,2013-03-13,True,False,lal,atl,92,96,19,24,31,18,0,26,29,21,20,0,away,3.5,204.5,-165.0,145.0,5.5,100.5,0.0,0,True
2013,2013-03-13,True,False,tor,bos,88,112,22,18,22,26,0,21,28,32,31,0,home,5.0,189.5,170.0,-195.0,0.5,93.5,1.0,1,True
2013,2013-03-13,True,False,min,ind,91,107,28,26,15,22,0,35,27,20,25,0,home,15.5,184.5,1995.0,-2795.0,7.0,91.5,1.0,1,True
2013,2013-03-13,True,False,mia,phi,98,94,21,30,20,27,0,22,17,27,28,0,away,8.0,193.5,-415.0,335.0,1.0,94.0,0.0,0,False
2013,2013-03-13,True,False,mil,wsh,93,106,21,23,34,15,0,30,30,15,31,0,away,1.5,195.0,-125.0,105.0,4.0,95.0,0.0,1,True
2013,2013-03-13,True,False,utah,okc,87,110,19,9,28,31,0,29,21,29,31,0,home,13.5,205.0,1140.0,-1740.0,1.5,101.5,1.0,0,True
2013,2013-03-14,True,False,dal,sa,91,92,17,24,25,25,0,22,28,23,19,0,home,9.5,207.0,415.0,-520.0,3.0,102.5,0.0,0,True
2013,2013-03-14,True,False,ny,por,90,105,30,18,14,28,0,22,29,27,27,0,home,7.0,193.5,-280.0,-280.0,4.0,96.5,1.0,1,True
2013,2013-03-15,True,False,chi,gs,113,95,28,28,38,19,0,27,19,17,32,0,home,5.0,186.0,190.0,-220.0,6.5,93.0,0.0,1,False
2013,2013-03-15,True,False,mem,den,80,87,18,29,19,14,0,23,25,10,29,0,home,5.5,195.0,210.0,-250.0,4.0,95.5,1.0,0,True
2013,2013-03-15,True,False,mia,mil,107,94,26,25,33,23,0,27,15,26,26,0,away,6.0,202.0,-240.0,200.0,0.5,98.5,1.0,0,False
2013,2013-03-15,True,False,cle,dal,86,96,24,22,22,18,0,16,22,29,29,0,home,8.5,203.0,355.0,-425.0,9.0,100.5,1.0,0,True
2013,2013-03-15,True,False,orl,okc,104,117,26,30,28,20,0,39,34,22,22,0,home,17.5,207.0,2490.0,-4890.0,5.0,103.0,0.0,1,True
2013,2013-03-15,True,False,cha,tor,78,92,17,25,26,10,0,22,26,21,23,0,home,12.5,194.0,680.0,-980.0,5.5,96.5,1.0,0,True
2013,2013-03-15,True,False,phx,atl,94,107,23,23,22,26,0,27,30,25,25,0,home,8.5,192.5,365.0,-445.0,2.0,96.0,1.0,1,True
2013,2013-03-15,True,False,lal,ind,99,93,16,30,22,31,0,19,22,28,24,0,home,8.5,191.0,340.0,-420.0,8.5,94.5,0.0,1,False
2013,2013-03-15,True,False,no,wsh,87,96,30,20,14,23,0,26,24,24,22,0,home,3.5,186.5,145.0,-165.0,3.0,93.5,1.0,0,True
2013,2013-03-15,True,False,min,hou,100,108,27,30,23,20,0,22,17,35,34,0,home,14.5,210.5,1380.0,-1980.0,12.5,106.5,0.0,0,True
2013,2013-03-16,True,False,det,por,101,112,30,27,18,26,0,24,28,25,35,0,home,10.0,199.5,475.0,-650.0,9.0,99.5,1.0,1,True
2013,2013-03-16,True,False,mem,utah,84,90,21,29,9,25,0,22,23,24,21,0,home,2.5,184.0,115.0,-135.0,2.5,91.5,1.0,0,True
2013,2013-03-16,True,False,cle,sa,113,119,30,31,29,23,0,34,32,25,28,0,home,15.0,201.0,1500.0,-2600.0,7.5,102.0,0.0,1,True
2013,2013-03-16,True,False,phx,wsh,105,127,29,30,24,22,0,27,39,36,25,0,home,7.5,189.5,280.0,-340.0,2.5,94.0,1.0,1,True
2013,2013-03-16,True,False,ind,phi,91,98,24,25,23,19,0,23,25,23,27,0,away,5.5,183.0,-240.0,200.0,4.0,91.5,0.0,1,True
2013,2013-03-16,True,False,cha,bos,88,105,24,19,23,22,0,24,26,33,22,0,home,15.5,188.0,1285.0,-2185.0,7.0,93.0,1.0,1,True
2013,2013-03-17,True,False,orl,mil,109,115,25,29,24,31,0,18,26,22,49,0,home,9.0,208.5,360.0,-440.0,8.5,104.5,0.0,1,True
2013,2013-03-17,True,False,mia,tor,108,91,27,28,21,32,0,19,24,30,18,0,away,7.0,194.5,-350.0,290.0,0.5,96.5,1.0,1,False
2013,2013-03-17,True,False,ny,lac,80,93,18,19,23,20,0,21,23,28,21,0,home,13.5,193.5,950.0,-1500.0,6.0,94.0,0.0,0,True
2013,2013-03-17,True,False,no,min,95,97,27,25,21,22,0,28,22,26,21,0,home,1.5,191.0,100.0,-120.0,0.5,95.0,1.0,1,True
2013,2013-03-17,True,False,gs,hou,108,78,18,36,21,33,0,10,21,29,18,0,home,7.5,217.5,260.0,-320.0,9.0,107.0,0.0,0,False
2013,2013-03-17,True,False,okc,dal,107,101,24,26,23,34,0,26,23,23,29,0,away,5.5,208.0,-220.0,180.0,3.5,103.0,1.0,2,False
2013,2013-03-17,True,False,atl,bkn,105,93,21,30,20,34,0,24,25,24,20,0,home,4.0,189.0,155.0,-175.0,3.5,93.0,0.0,1,False
2013,2013-03-17,True,False,sac,lal,102,113,27,29,20,26,0,33,23,30,27,0,home,8.5,215.5,400.0,-500.0,5.5,106.5,1.0,0,True
2013,2013-03-18,True,False,den,chi,119,118,21,32,26,26,14,20,25,28,32,13,away,3.5,194.5,-160.0,140.0,0.5,96.5,0.0,1,False
2013,2013-03-18,True,False,ny,utah,90,83,23,19,24,24,0,21,23,19,20,0,home,10.5,188.0,475.0,-635.0,6.5,92.5,0.0,0,False
2013,2013-03-18,True,False,lal,phx,76,99,25,19,22,10,0,21,26,24,28,0,away,4.0,200.0,-170.0,150.0,4.5,98.5,0.0,0,True
2013,2013-03-18,True,False,min,mem,77,92,20,19,14,24,0,22,23,29,18,0,home,13.0,183.0,890.0,-1340.0,6.0,89.5,1.0,0,True
2013,2013-03-18,True,False,mia,bos,105,103,19,34,25,27,0,31,28,23,21,0,away,5.5,190.5,-260.0,220.0,7.0,97.0,0.0,1,False
2013,2013-03-18,True,False,gs,no,93,72,19,26,24,24,0,22,14,25,11,0,away,3.5,196.0,-165.0,145.0,0.5,96.5,1.0,0,False
2013,2013-03-18,True,False,bkn,det,119,82,36,23,31,29,0,23,22,14,23,0,away,4.5,191.0,-180.0,160.0,1.5,94.0,1.0,1,False
2013,2013-03-18,True,False,por,phi,100,101,28,22,22,28,0,32,26,20,23,0,home,1.0,194.5,-105.0,-115.0,2.0,96.0,2.0,1,True
2013,2013-03-18,True,False,dal,atl,127,113,34,34,30,29,0,25,30,30,28,0,home,4.5,203.5,160.0,-180.0,5.5,101.0,0.0,1,False
2013,2013-03-18,True,False,wsh,cha,114,119,29,30,30,25,0,32,31,31,25,0,away,6.5,188.5,-280.0,240.0,6.5,96.0,0.0,1,True
2013,2013-03-18,True,False,ind,cle,111,90,27,33,27,24,0,24,21,17,28,0,away,6.5,187.0,-310.0,260.0,0.5,94.0,1.0,1,False
2013,2013-03-19,True,False,orl,ind,73,95,12,17,26,18,0,19,23,27,26,0,home,11.0,195.0,590.0,-840.0,2.5,95.5,1.0,0,True
2013,2013-03-19,True,False,den,okc,114,104,26,39,24,25,0,34,32,16,22,0,home,9.5,218.5,440.0,-545.0,6.0,108.5,0.0,0,False
2013,2013-03-19,True,False,por,mil,95,102,23,8,26,38,0,27,31,19,25,0,home,5.5,207.5,195.0,-225.0,3.5,101.5,1.0,0,True
2013,2013-03-19,True,False,lac,sac,101,116,23,31,29,18,0,23,33,22,38,0,away,8.5,212.5,-460.0,360.0,6.5,105.5,0.0,1,True
2013,2013-03-20,True,False,phi,lac,72,101,20,16,22,14,0,20,26,28,27,0,home,11.0,195.0,550.0,-750.0,4.0,94.5,1.0,0,True
2013,2013-03-20,True,False,gs,sa,93,104,22,25,23,23,0,22,38,19,25,0,home,8.0,202.0,300.0,-360.0,1.0,100.5,1.0,0,True
2013,2013-03-20,True,False,okc,mem,89,90,15,23,19,26,6,21,23,14,25,7,home,0.0,189.0,101.0,-111.0,1.5,93.0,1.0,0,True
2013,2013-03-20,True,False,utah,hou,93,100,17,16,28,32,0,25,27,28,20,0,home,7.5,209.0,290.0,-350.0,0.5,103.5,0.0,0,True
2013,2013-03-20,True,False,bkn,dal,113,96,22,29,34,28,0,32,19,26,19,0,home,3.5,196.5,145.0,-165.0,3.0,96.5,0.0,1,False
2013,2013-03-20,True,False,wsh,phx,88,79,25,34,15,14,0,26,19,20,14,0,home,0.0,194.0,-102.0,-108.0,4.0,96.5,0.0,0,False
2013,2013-03-20,True,False,orl,ny,94,106,15,31,19,29,0,26,25,32,23,0,home,11.0,198.0,550.0,-750.0,5.5,98.5,1.0,1,True
2013,2013-03-20,True,False,mil,atl,90,98,18,25,16,31,0,18,30,29,21,0,home,6.0,205.5,200.0,-240.0,2.0,101.0,1.0,0,True
2013,2013-03-20,True,False,tor,cha,101,107,26,22,23,30,0,22,31,21,33,0,away,7.0,195.5,-280.0,240.0,6.0,96.0,0.0,1,True
2013,2013-03-20,True,False,mia,cle,98,95,24,10,34,30,0,32,23,22,18,0,away,12.0,198.0,-950.0,675.0,14.5,98.0,0.0,0,False
2013,2013-03-20,True,False,bos,no,86,87,31,24,12,19,0,22,23,22,20,0,away,5.0,186.5,-210.0,175.0,0.5,92.5,0.0,0,True
2013,2013-03-21,True,False,por,chi,99,89,20,32,28,19,0,21,16,16,36,0,home,6.0,188.5,205.0,-245.0,7.5,93.0,0.0,0,False
2013,2013-03-21,True,False,phi,den,100,101,22,22,27,29,0,17,34,24,26,0,home,15.0,203.5,1115.0,-1615.0,7.0,99.0,0.0,0,True
2013,2013-03-21,True,False,min,sac,98,101,26,31,20,21,0,25,28,26,22,0,home,6.0,211.5,220.0,-260.0,6.0,105.0,0.0,0,True
2013,2013-03-22,True,False,wsh,lal,103,100,19,22,31,31,0,35,22,17,26,0,home,9.0,199.0,380.0,-485.0,0.5,97.5,0.0,1,False
2013,2013-03-22,True,False,min,phx,117,86,31,36,28,22,0,18,21,30,17,0,home,1.5,194.0,100.0,-120.0,5.5,95.0,0.0,1,False
2013,2013-03-22,True,False,utah,sa,97,104,21,20,24,25,7,18,20,25,27,14,home,11.5,199.0,610.0,-910.0,9.0,99.0,0.0,1,True
2013,2013-03-22,True,False,bos,dal,94,104,21,23,24,26,0,30,25,24,25,0,home,4.0,195.5,155.0,-175.0,1.5,96.0,1.0,1,True
2013,2013-03-22,True,False,cle,hou,78,116,25,18,18,17,0,28,30,29,29,0,home,12.0,212.5,775.0,-1075.0,2.0,104.0,1.0,0,True
2013,2013-03-22,True,False,okc,orl,97,89,22,25,23,27,0,14,20,32,23,0,away,14.0,207.5,-1790.0,1190.0,4.5,101.0,0.0,0,False
2013,2013-03-22,True,False,por,atl,104,93,21,24,28,31,0,24,21,31,17,0,home,7.5,201.5,270.0,-320.0,4.5,100.0,0.0,0,False
2013,2013-03-22,True,False,det,mia,89,103,28,26,14,21,0,22,29,22,30,0,home,16.0,198.5,1980.0,-3780.0,11.0,98.0,0.0,0,True
2013,2013-03-22,True,False,mil,ind,78,102,23,20,11,24,0,23,22,28,29,0,home,7.5,190.5,300.0,-360.0,4.5,93.5,1.0,0,True
2013,2013-03-22,True,False,ny,tor,99,94,25,25,27,22,0,22,15,34,23,0,home,1.0,192.5,100.0,-120.0,3.5,94.0,0.0,1,False
2013,2013-03-22,True,False,mem,no,83,90,21,22,15,25,0,14,34,19,23,0,away,6.0,179.0,-255.0,215.0,6.0,89.5,0.0,0,True
2013,2013-03-23,True,False,sac,den,95,101,17,23,31,24,0,27,23,20,31,0,home,11.5,221.5,635.0,-860.0,3.5,107.5,0.0,0,True
2013,2013-03-23,True,False,bkn,lac,95,101,24,25,26,20,0,25,22,23,31,0,home,8.0,190.5,300.0,-360.0,6.0,94.0,0.0,1,True
2013,2013-03-23,True,False,bos,mem,106,110,31,20,22,33,0,29,32,24,25,0,home,7.0,177.5,255.0,-305.0,1.0,89.0,0.0,1,True
2013,2013-03-23,True,False,wsh,gs,92,101,17,23,24,28,0,29,29,24,19,0,home,8.5,195.0,340.0,-420.0,0.0,96.5,1.0,0,True
2013,2013-03-23,True,False,tor,ny,84,110,17,30,20,17,0,21,38,23,28,0,home,7.0,192.0,250.0,-300.0,0.0,95.5,1.0,1,True
2013,2013-03-23,True,False,ind,chi,84,87,22,22,23,17,0,16,23,29,19,0,home,2.0,179.0,110.0,-130.0,2.0,90.0,1.0,0,True
2013,2013-03-23,True,False,det,cha,92,91,23,24,22,23,0,24,26,26,15,0,home,1.0,199.0,105.0,-125.0,0.5,98.5,0.0,0,False
2013,2013-03-24,True,False,atl,mil,104,99,24,26,24,30,0,24,25,25,25,0,home,2.5,202.5,115.0,-135.0,2.0,101.0,0.0,1,False
2013,2013-03-24,True,False,cha,mia,77,109,19,20,18,20,0,23,24,26,36,0,home,16.5,197.5,1995.0,-2995.0,8.0,96.0,1.0,0,True
2013,2013-03-24,True,False,chi,min,104,97,23,33,22,26,0,16,27,25,29,0,home,3.0,186.0,125.0,-145.0,5.0,93.0,0.0,1,False
2013,2013-03-24,True,False,sa,hou,95,96,20,26,21,28,0,22,21,31,22,0,away,1.5,212.0,-115.0,-105.0,0.0,106.0,0.0,0,True
2013,2013-03-24,True,False,por,okc,83,103,19,28,21,15,0,24,21,30,28,0,home,11.0,207.0,585.0,-810.0,8.0,103.5,1.0,0,True
2013,2013-03-24,True,False,utah,dal,108,113,27,25,19,37,0,24,29,30,30,0,home,6.0,199.0,225.0,-265.0,4.0,100.0,0.0,1,True
2013,2013-03-24,True,False,phi,sac,117,103,22,36,33,26,0,31,27,24,21,0,home,3.5,206.5,140.0,-160.0,2.5,104.0,0.0,1,False
2013,2013-03-24,True,False,bkn,phx,102,100,25,30,20,27,0,25,18,33,24,0,away,6.0,189.5,-265.0,225.0,0.5,93.5,0.0,1,False
2013,2013-03-25,True,False,lal,gs,103,109,16,24,36,27,0,28,35,31,15,0,home,1.5,205.0,100.0,-120.0,5.0,102.0,1.0,1,True
2013,2013-03-25,True,False,phi,utah,91,107,23,19,26,23,0,27,31,27,22,0,home,7.5,191.0,280.0,-340.0,0.5,94.5,1.0,1,True
2013,2013-03-25,True,False,den,no,86,110,18,20,30,18,0,27,32,27,24,0,away,7.0,197.0,-325.0,265.0,9.0,97.5,0.0,0,True
2013,2013-03-25,True,False,mem,wsh,94,107,24,31,19,20,0,26,29,21,31,0,away,5.0,181.0,-215.0,185.0,4.0,91.0,0.0,1,True
2013,2013-03-25,True,False,atl,ind,94,100,26,17,20,31,0,26,32,27,15,0,home,6.5,184.0,230.0,-270.0,1.5,91.5,0.0,1,True
2013,2013-03-25,True,False,mia,orl,108,94,28,27,23,30,0,28,18,22,26,0,away,12.0,198.0,-1045.0,745.0,4.5,98.0,1.0,1,False
2013,2013-03-26,True,False,ny,bos,100,85,28,30,26,16,0,24,20,25,16,0,home,2.5,193.5,120.0,-140.0,5.0,96.0,0.0,0,False
2013,2013-03-26,True,False,min,det,105,82,19,25,38,23,0,16,22,16,28,0,away,1.5,196.0,-125.0,105.0,1.0,96.0,1.0,0,False
2013,2013-03-26,True,False,lac,dal,102,109,27,21,25,24,5,22,28,24,23,12,away,1.5,202.5,-125.0,105.0,1.0,100.0,0.0,1,True
2013,2013-03-27,True,False,bkn,por,111,93,37,27,31,16,0,17,24,28,24,0,home,3.5,196.0,145.0,-165.0,7.5,96.0,0.0,1,False
2013,2013-03-27,True,False,sac,gs,105,98,24,23,30,28,0,27,17,22,32,0,home,8.5,214.0,400.0,-500.0,7.5,106.0,0.0,0,False
2013,2013-03-27,True,False,phx,utah,88,103,23,21,27,17,0,34,19,22,28,0,home,13.5,194.5,900.0,-1400.0,5.5,96.0,1.0,0,True
2013,2013-03-27,True,False,den,sa,99,100,20,34,21,24,0,22,29,32,17,0,home,6.5,208.5,250.0,-300.0,6.0,103.5,0.0,0,True
2013,2013-03-27,True,False,wsh,okc,80,103,23,22,21,14,0,29,24,28,22,0,home,15.0,198.0,1450.0,-2500.0,7.0,97.5,1.0,0,True
2013,2013-03-27,True,False,mia,chi,97,101,22,24,22,29,0,32,23,14,32,0,away,6.5,186.0,-280.0,240.0,7.5,93.0,0.0,1,True
2013,2013-03-27,True,False,ind,hou,100,91,35,23,24,18,0,19,30,22,20,0,home,6.0,197.5,200.0,-240.0,6.0,99.5,0.0,0,False
2013,2013-03-27,True,False,bos,cle,93,92,24,22,21,26,0,18,27,28,19,0,away,2.5,197.5,-140.0,120.0,1.5,99.5,0.0,0,False
2013,2013-03-27,True,False,lac,no,105,91,27,29,23,26,0,26,22,29,14,0,away,5.5,188.0,-230.0,190.0,0.5,92.0,1.0,1,False
2013,2013-03-27,True,False,mem,ny,101,108,25,16,29,31,0,37,32,17,22,0,away,1.0,184.5,-118.0,-102.0,5.5,90.5,0.0,1,True
2013,2013-03-27,True,False,atl,tor,107,88,20,24,31,32,0,25,29,21,13,0,away,2.5,194.0,-137.0,117.0,4.0,95.5,1.0,1,False
2013,2013-03-27,True,False,mil,phi,92,100,20,28,30,14,0,27,27,22,24,0,away,1.0,199.0,-120.0,100.0,2.0,98.5,0.0,0,True
2013,2013-03-27,True,False,orl,cha,108,114,39,19,24,26,0,20,31,32,31,0,home,3.0,201.0,125.0,-145.0,3.5,101.0,1.0,1,True
2013,2013-03-27,True,False,lal,min,120,117,26,24,41,29,0,23,23,33,38,0,away,4.5,205.5,-200.0,170.0,2.0,101.5,0.0,1,False
2013,2013-03-28,True,False,lal,mil,103,113,25,31,21,26,0,18,35,30,30,0,away,2.0,210.5,-135.0,115.0,0.5,105.5,0.0,1,True
2013,2013-03-28,True,False,ind,dal,103,78,23,18,34,28,0,18,23,17,20,0,home,4.5,193.0,160.0,-190.0,3.5,96.0,0.0,0,False
2013,2013-03-28,True,False,sac,phx,117,103,38,26,24,29,0,32,18,28,25,0,away,3.5,206.5,-165.0,145.0,2.0,103.0,1.0,1,False
2013,2013-03-29,True,False,mia,no,108,89,32,28,21,27,0,22,21,17,29,0,away,7.5,188.5,-315.0,265.0,0.5,94.0,1.0,1,False
2013,2013-03-29,True,False,utah,por,105,95,22,20,32,31,0,30,22,23,20,0,home,1.5,197.0,100.0,-120.0,2.5,98.5,0.0,1,False
2013,2013-03-29,True,False,lac,sa,102,104,28,34,17,23,0,30,31,24,19,0,home,4.0,198.0,160.0,-180.0,3.0,99.5,0.0,1,True
2013,2013-03-29,True,False,hou,mem,94,103,29,24,16,25,0,31,30,23,19,0,home,5.0,195.0,-190.0,-190.0,0.5,98.0,1.0,1,True
2013,2013-03-29,True,False,okc,min,93,101,23,25,29,16,0,23,30,27,21,0,away,8.5,205.0,-370.0,310.0,8.0,102.0,0.0,0,True
2013,2013-03-29,True,False,bkn,den,87,109,23,15,28,21,0,26,29,25,29,0,home,6.5,201.5,245.0,-285.0,1.5,98.5,1.0,0,True
2013,2013-03-29,True,False,tor,det,99,82,19,27,35,18,0,26,19,15,22,0,home,1.5,195.5,100.0,-120.0,1.0,98.0,0.0,0,False
2013,2013-03-29,True,False,wsh,orl,92,97,23,23,25,21,0,24,34,20,19,0,away,4.0,197.5,-165.0,145.0,5.5,98.5,0.0,0,True
2013,2013-03-29,True,False,cha,ny,102,111,20,27,22,33,0,38,31,19,23,0,home,14.0,197.5,1145.0,-1745.0,2.0,97.5,0.0,1,True
2013,2013-03-29,True,False,atl,bos,107,118,30,26,24,27,0,32,34,26,26,0,home,2.5,193.5,120.0,-140.0,2.0,98.0,1.0,1,True
2013,2013-03-29,True,False,phi,cle,97,87,19,26,32,20,0,24,21,21,21,0,away,2.0,194.5,-125.0,105.0,1.5,97.5,1.0,0,False
2013,2013-03-30,True,False,chi,dal,98,100,23,33,19,23,0,24,29,22,25,0,home,5.5,192.5,190.0,-225.0,5.0,96.0,0.0,1,True
2013,2013-03-30,True,False,ind,phx,112,104,27,30,29,26,0,21,28,27,28,0,away,10.0,189.5,-575.0,450.0,3.5,95.5,0.0,1,False
2013,2013-03-30,True,False,bkn,utah,107,116,28,26,20,33,0,33,19,31,33,0,home,4.0,191.5,160.0,-180.0,4.0,94.5,1.0,1,True
2013,2013-03-30,True,False,okc,mil,109,99,32,24,27,26,0,28,18,37,16,0,away,6.0,206.5,-250.0,210.0,0.5,102.0,1.0,1,False
2013,2013-03-30,True,False,por,gs,98,125,31,24,23,20,0,36,29,31,29,0,home,9.5,201.0,440.0,-550.0,3.0,100.0,1.0,1,True
2013,2013-03-30,True,False,mem,min,99,86,23,22,20,34,0,30,20,17,19,0,away,4.0,185.0,-175.0,155.0,4.0,90.5,1.0,2,False
2013,2013-03-30,True,False,cha,phi,92,100,31,15,25,21,0,22,27,24,27,0,home,10.0,194.0,490.0,-650.0,5.5,96.5,0.0,0,True
2013,2013-03-30,True,False,orl,atl,88,97,27,17,16,28,0,23,22,22,30,0,home,10.5,202.5,560.0,-750.0,6.0,100.5,0.0,0,True
2013,2013-03-30,True,False,lac,hou,81,98,29,21,13,18,0,28,27,30,13,0,away,3.0,204.5,-140.0,120.0,3.5,100.5,0.0,0,True
2013,2013-03-30,True,False,lal,sac,103,98,25,28,29,21,0,37,20,18,23,0,away,2.5,219.5,-140.0,120.0,2.5,109.0,1.0,0,False
2013,2013-03-31,True,False,tor,wsh,92,109,25,25,26,16,0,27,33,30,19,0,home,3.5,194.5,145.0,-165.0,1.0,96.0,1.0,1,True
2013,2013-03-31,True,False,cle,no,92,112,21,28,24,19,0,23,25,36,28,0,home,5.5,193.0,200.0,-240.0,4.0,96.5,1.0,1,True
2013,2013-03-31,True,False,det,chi,94,95,24,33,17,20,0,20,33,18,24,0,home,8.5,186.5,370.0,-450.0,7.5,93.0,0.0,1,True
2013,2013-03-31,True,False,mia,sa,88,86,22,18,31,17,0,24,21,19,22,0,home,9.0,194.0,400.0,-500.0,4.5,96.5,0.0,0,False
2013,2013-03-31,True,False,bos,ny,89,108,23,25,21,20,0,28,37,21,22,0,home,6.5,197.5,240.0,-290.0,2.0,97.5,1.0,0,True
2013,2013-04-01,True,False,sa,mem,90,92,21,23,24,22,0,21,16,25,30,0,home,6.5,190.0,220.0,-260.0,6.0,95.0,0.0,0,True
2013,2013-04-01,True,False,ind,lac,109,106,29,22,30,28,0,21,22,22,41,0,home,5.5,187.5,190.0,-230.0,5.5,94.0,0.0,1,False
2013,2013-04-01,True,False,por,utah,102,112,19,30,25,28,0,29,27,31,25,0,home,10.5,200.0,450.0,-600.0,4.0,98.5,0.0,1,True
2013,2013-04-01,True,False,cha,mil,102,131,25,35,24,18,0,29,40,31,31,0,home,12.5,205.0,800.0,-1200.0,5.0,103.0,1.0,1,True
2013,2013-04-01,True,False,bos,min,100,110,25,27,26,22,0,27,30,27,26,0,home,5.5,192.5,190.0,-230.0,2.0,94.5,1.0,1,True
2013,2013-04-01,True,False,cle,atl,94,102,19,25,24,26,0,25,27,27,23,0,home,11.0,201.5,475.0,-650.0,4.0,99.5,0.0,0,True
2013,2013-04-01,True,False,det,tor,108,98,25,29,21,33,0,24,31,24,19,0,home,7.0,195.0,250.0,-300.0,4.0,97.0,0.0,1,False
2013,2013-04-01,True,False,orl,hou,103,111,14,29,31,29,0,32,33,25,21,0,home,11.5,201.0,625.0,-925.0,1.5,99.5,0.0,1,True
2013,2013-04-02,True,False,chi,wsh,86,90,24,25,20,17,0,18,24,28,20,0,home,2.0,187.0,110.0,-130.0,3.0,92.0,1.0,0,True
2013,2013-04-02,True,False,ny,mia,102,90,27,23,28,24,0,25,33,18,14,0,away,3.0,191.5,-160.0,140.0,5.0,95.5,1.0,1,False
2013,2013-04-02,True,False,dal,lal,81,101,21,19,21,20,0,24,31,17,29,0,home,3.5,207.5,150.0,-170.0,3.0,101.5,1.0,0,True
2013,2013-04-03,True,False,no,gs,88,98,28,14,28,18,0,19,32,25,22,0,home,7.5,197.5,290.0,-350.0,1.5,97.5,1.0,0,True
2013,2013-04-03,True,False,hou,sac,112,102,27,32,29,24,0,26,29,28,19,0,away,4.0,219.0,-175.0,155.0,1.0,109.0,1.0,0,False
2013,2013-04-03,True,False,mem,por,94,76,32,25,20,17,0,21,25,18,12,0,away,7.5,189.5,-330.0,270.0,0.5,93.0,1.0,0,False
2013,2013-04-03,True,False,den,utah,113,96,28,28,25,32,0,23,28,17,28,0,home,3.0,205.0,125.0,-145.0,3.0,101.0,0.0,1,False
2013,2013-04-03,True,False,orl,sa,84,98,23,23,19,19,0,28,23,22,25,0,home,12.5,198.0,675.0,-950.0,6.5,97.5,1.0,0,True
2013,2013-04-03,True,False,phx,lac,101,126,19,31,20,31,0,29,28,38,31,0,home,17.0,201.0,2222.0,-4000.0,8.5,99.5,1.0,1,True
2013,2013-04-03,True,False,det,bos,93,98,30,14,23,26,0,25,29,20,24,0,home,7.0,197.5,240.0,-280.0,1.0,97.0,0.0,0,True
2013,2013-04-03,True,False,bkn,cle,113,95,28,38,29,18,0,20,16,32,27,0,away,5.5,199.0,-220.0,180.0,4.0,97.5,1.0,1,False
2013,2013-04-03,True,False,wsh,tor,78,88,24,26,12,16,0,23,16,29,20,0,home,4.5,194.0,160.0,-180.0,5.0,96.0,1.0,0,True
2013,2013-04-03,True,False,ny,atl,95,82,23,24,21,27,0,18,22,28,14,0,home,1.5,195.0,115.0,-135.0,2.5,95.0,0.0,0,False
2013,2013-04-03,True,False,min,mil,107,98,34,21,32,20,0,23,29,29,17,0,home,4.5,209.0,170.0,-200.0,5.0,103.5,0.0,0,False
2013,2013-04-03,True,False,phi,cha,83,88,27,18,16,22,0,19,21,24,24,0,away,5.0,195.5,-200.0,170.0,2.0,96.5,0.0,0,True
2013,2013-04-04,True,False,sa,okc,88,100,18,26,27,17,0,29,23,25,23,0,home,7.5,201.0,290.0,-350.0,2.0,100.5,1.0,0,True
2013,2013-04-04,True,False,chi,bkn,92,90,13,23,29,27,0,26,21,20,23,0,home,5.5,188.5,180.0,-220.0,0.5,92.0,0.0,0,False
2013,2013-04-04,True,False,dal,den,94,95,23,24,30,17,0,19,28,23,25,0,home,7.0,208.5,250.0,-300.0,5.0,103.0,0.0,0,True
2013,2013-04-05,True,False,gs,phx,111,107,23,32,32,24,0,37,27,14,29,0,away,8.0,203.5,-380.0,310.0,7.0,102.0,0.0,1,False
2013,2013-04-05,True,False,mia,cha,89,79,26,22,18,23,0,22,23,8,26,0,away,3.5,191.5,-165.0,145.0,1.0,94.5,1.0,0,False
2013,2013-04-05,True,False,phi,atl,101,90,40,18,25,18,0,26,19,20,25,0,home,6.0,191.5,235.0,-275.0,6.5,95.0,0.0,0,False
2013,2013-04-05,True,False,mil,ny,83,101,19,26,21,17,0,19,17,42,23,0,home,7.0,201.5,265.0,-315.0,6.5,99.0,1.0,0,True
2013,2013-04-05,True,False,cle,bos,97,91,26,26,22,23,0,28,24,16,23,0,home,5.0,199.0,175.0,-205.0,3.5,98.5,0.0,0,False
2013,2013-04-05,True,False,tor,min,95,93,18,28,25,24,0,24,24,25,20,0,home,6.0,198.5,200.0,-240.0,3.0,98.5,0.0,0,False
2013,2013-04-05,True,False,orl,chi,86,87,19,24,27,16,0,14,26,26,21,0,home,8.0,191.5,315.0,-375.0,6.5,95.5,0.0,0,True
2013,2013-04-05,True,False,okc,ind,97,75,26,18,28,25,0,23,20,24,8,0,home,3.5,191.5,145.0,-165.0,3.0,94.5,0.0,0,False
2013,2013-04-05,True,False,no,utah,83,95,24,19,24,16,0,17,28,26,24,0,home,8.0,193.5,310.0,-380.0,4.5,96.0,1.0,0,True
2013,2013-04-05,True,False,hou,por,116,98,35,28,29,24,0,31,25,21,21,0,away,5.5,210.0,-215.0,185.0,1.0,105.0,1.0,1,False
2013,2013-04-05,True,False,dal,sac,117,108,18,41,33,25,0,27,26,28,27,0,home,1.0,212.0,100.0,-120.0,2.0,105.5,0.0,1,False
2013,2013-04-05,True,False,mem,lal,84,86,18,21,23,22,0,25,21,22,18,0,home,2.0,190.0,110.0,-130.0,1.0,92.5,2.0,0,True
2013,2013-04-06,True,False,tor,mil,83,100,16,26,13,28,0,26,35,19,20,0,home,5.5,202.5,200.0,-240.0,2.0,100.5,1.0,0,True
2013,2013-04-06,True,False,atl,sa,97,99,20,20,29,28,0,21,30,22,26,0,home,10.5,192.5,500.0,-700.0,2.5,94.5,0.0,1,True
2013,2013-04-06,True,False,det,min,101,107,25,30,23,23,0,33,28,20,26,0,home,6.5,195.5,220.0,-260.0,1.5,97.0,0.0,1,True
2013,2013-04-06,True,False,hou,den,114,132,35,21,27,31,0,25,39,38,30,0,home,5.5,211.0,180.0,-220.0,1.0,104.5,1.0,1,True
2013,2013-04-06,True,False,phi,mia,87,106,18,28,30,11,0,33,17,27,29,0,home,7.5,188.5,260.0,-320.0,3.5,93.5,1.0,1,True
2013,2013-04-06,True,False,ind,wsh,85,104,26,22,18,19,0,31,20,26,27,0,away,4.0,184.0,-175.0,155.0,4.0,91.0,0.0,1,True
2013,2013-04-06,True,False,cha,bkn,96,105,23,31,21,21,0,29,24,30,22,0,home,15.0,195.5,1400.0,-2300.0,10.0,96.5,0.0,1,True
2013,2013-04-07,True,False,dal,por,96,91,29,27,25,15,0,18,14,29,30,0,away,4.0,207.0,-170.0,150.0,3.5,100.0,1.0,0,False
2013,2013-04-07,True,False,no,phx,95,92,17,22,35,21,0,26,17,19,30,0,away,2.5,196.0,-135.0,115.0,2.5,94.5,1.0,0,False
2013,2013-04-07,True,False,utah,gs,97,90,24,32,21,20,0,27,21,21,21,0,home,5.0,200.5,190.0,-220.0,5.0,101.5,0.0,0,False
2013,2013-04-07,True,False,chi,det,85,99,26,20,21,18,0,23,27,25,24,0,away,4.5,185.5,-185.0,160.0,5.0,91.5,0.0,0,True
2013,2013-04-07,True,False,lal,lac,95,109,25,24,21,25,0,30,26,26,27,0,home,4.5,199.0,160.0,-185.0,0.5,98.5,1.0,1,True
2013,2013-04-07,True,False,wsh,bos,96,107,27,25,19,25,0,28,28,31,20,0,home,7.0,189.0,270.0,-320.0,3.0,94.5,1.0,1,True
2013,2013-04-07,True,False,mem,sac,89,87,25,18,25,21,0,16,28,20,23,0,away,5.5,195.5,-220.0,190.0,4.5,96.5,0.0,0,False
2013,2013-04-07,True,False,ny,okc,125,120,30,35,31,29,0,31,25,33,31,0,home,7.5,194.5,280.0,-340.0,7.5,97.5,0.0,1,False
2013,2013-04-07,True,False,orl,cle,85,91,24,24,18,19,0,22,22,18,29,0,home,5.5,202.5,200.0,-240.0,5.5,99.0,1.0,0,True
2013,2013-04-09,True,False,no,lal,96,104,22,28,20,26,0,27,18,25,34,0,home,8.5,193.5,375.0,-475.0,8.5,96.5,0.0,1,True
2013,2013-04-09,True,False,cle,ind,94,99,26,27,31,10,0,29,19,16,35,0,home,14.0,189.5,1190.0,-1790.0,11.5,94.5,0.0,1,True
2013,2013-04-09,True,False,mil,mia,83,94,21,25,13,24,0,26,21,24,23,0,home,6.5,197.5,230.0,-270.0,4.0,97.0,1.0,0,True
2013,2013-04-09,True,False,phi,bkn,83,104,18,20,24,21,0,31,25,29,19,0,home,8.5,192.0,315.0,-375.0,1.0,93.5,1.0,0,True
2013,2013-04-09,True,False,wsh,ny,99,120,23,20,28,28,0,36,22,37,25,0,home,8.5,197.5,360.0,-460.0,0.0,97.0,1.0,1,True
2013,2013-04-09,True,False,tor,chi,101,98,31,23,27,20,0,22,28,18,30,0,home,3.5,185.0,140.0,-160.0,3.0,92.5,0.0,1,False
2013,2013-04-09,True,False,phx,hou,98,101,21,32,21,24,0,29,22,27,23,0,home,14.5,214.0,1200.0,-1850.0,10.0,104.5,0.0,0,True
2013,2013-04-09,True,False,cha,mem,75,94,19,21,17,18,0,28,21,14,31,0,home,14.0,182.5,1140.0,-1640.0,5.5,87.5,1.0,0,True
2013,2013-04-09,True,False,okc,utah,90,80,26,19,23,22,0,19,16,26,19,0,away,3.5,199.5,-165.0,145.0,1.5,97.0,1.0,0,False
2013,2013-04-09,True,False,min,gs,89,105,26,28,16,19,0,26,29,31,19,0,home,7.0,204.0,250.0,-300.0,5.0,102.0,1.0,0,True
2013,2013-04-10,True,False,min,lac,95,111,20,26,26,23,0,26,32,30,23,0,home,12.5,199.0,915.0,-1315.0,3.5,97.5,1.0,1,True
2013,2013-04-10,True,False,no,sac,110,121,28,20,25,37,0,35,30,30,26,0,home,5.5,205.0,195.0,-235.0,2.0,103.0,1.0,1,True
2013,2013-04-10,True,False,sa,den,86,96,18,19,26,23,0,11,27,31,27,0,home,3.5,202.5,155.0,-175.0,2.5,100.0,1.0,0,True
2013,2013-04-10,True,False,phx,dal,102,91,28,33,20,21,0,21,30,20,20,0,home,13.5,205.0,940.0,-1340.0,12.5,102.0,0.0,0,False
2013,2013-04-10,True,False,lal,por,113,106,33,28,27,25,0,41,28,21,16,0,away,6.5,202.0,-305.0,255.0,7.0,102.0,1.0,1,False
2013,2013-04-10,True,False,mia,wsh,103,98,25,21,23,34,0,22,28,22,26,0,home,4.0,188.0,150.0,-170.0,1.5,92.5,0.0,1,False
2013,2013-04-10,True,False,mil,orl,103,113,16,29,21,29,8,30,18,22,25,18,away,5.0,202.0,-210.0,180.0,4.5,99.0,0.0,1,True
2013,2013-04-10,True,False,atl,phi,124,101,29,30,34,31,0,27,24,22,28,0,away,3.5,191.0,-160.0,140.0,0.5,95.5,1.0,1,False
2013,2013-04-10,True,False,bkn,bos,101,93,22,31,26,22,0,21,22,26,24,0,home,3.0,191.0,130.0,-150.0,4.5,93.5,0.0,1,False
2013,2013-04-10,True,False,det,cle,111,104,28,25,21,37,0,24,25,26,29,0,home,2.5,199.5,125.0,-145.0,2.5,99.5,0.0,1,False
2013,2013-04-11,True,False,ny,chi,111,118,30,29,23,23,6,23,31,26,25,13,away,4.5,194.0,-165.0,145.0,1.0,97.0,0.0,1,True
2013,2013-04-11,True,False,okc,gs,116,97,31,29,36,20,0,27,27,23,20,0,away,4.0,204.5,-175.0,155.0,0.5,103.5,1.0,1,False
2013,2013-04-12,True,False,okc,por,106,90,30,25,26,25,0,26,28,7,29,0,away,9.5,206.0,-535.0,425.0,6.5,102.0,1.0,0,False
2013,2013-04-12,True,False,min,utah,100,107,22,32,27,19,0,30,23,29,25,0,home,9.5,196.5,430.0,-540.0,7.0,97.5,0.0,1,True
2013,2013-04-12,True,False,sac,sa,101,108,13,37,24,27,0,23,37,24,24,0,home,11.5,207.5,645.0,-945.0,3.0,104.0,0.0,1,True
2013,2013-04-12,True,False,den,dal,105,108,26,29,22,22,6,21,27,30,21,9,away,3.0,209.0,-160.0,140.0,0.5,103.0,0.0,1,True
2013,2013-04-12,True,False,lac,no,96,93,24,19,14,39,0,25,15,23,30,0,away,9.0,192.0,-505.0,400.0,5.5,94.5,0.0,0,False
2013,2013-04-12,True,False,mem,hou,82,78,24,25,15,18,0,15,21,23,19,0,home,2.5,195.0,115.0,-135.0,4.5,96.0,0.0,0,False
2013,2013-04-12,True,False,ny,cle,101,91,27,25,23,26,0,24,19,21,27,0,away,4.0,209.5,-180.0,160.0,0.5,103.5,1.0,0,False
2013,2013-04-12,True,False,gs,lal,116,118,32,25,33,26,0,26,31,28,33,0,home,7.0,208.5,275.0,-335.0,5.5,104.5,0.0,1,True
2013,2013-04-12,True,False,bos,mia,101,109,27,23,25,26,0,17,41,29,22,0,home,12.0,195.5,635.0,-935.0,4.0,97.0,0.0,1,True
2013,2013-04-12,True,False,mil,atl,104,109,30,24,28,22,0,24,16,35,34,0,home,7.5,203.5,270.0,-330.0,7.0,101.0,0.0,1,True
2013,2013-04-12,True,False,chi,tor,88,97,22,21,22,23,0,20,27,26,24,0,home,2.5,188.0,120.0,-140.0,0.5,94.0,1.0,0,True
2013,2013-04-12,True,False,phi,wsh,97,86,24,24,26,23,0,31,18,16,21,0,home,5.5,192.0,190.0,-225.0,3.0,94.5,0.0,0,False
2013,2013-04-12,True,False,bkn,ind,117,109,34,35,23,25,0,27,23,35,24,0,home,6.0,187.0,210.0,-250.0,7.5,94.0,0.0,1,False
2013,2013-04-12,True,False,cha,det,93,113,30,23,20,20,0,23,36,28,26,0,home,7.0,197.0,270.0,-330.0,2.0,98.0,1.0,1,True
2013,2013-04-13,True,False,phx,min,93,105,28,25,20,20,0,22,28,27,28,0,home,4.5,201.5,160.0,-185.0,4.0,99.5,1.0,0,True
2013,2013-04-13,True,False,lac,mem,91,87,24,27,17,23,0,23,28,22,14,0,home,2.5,182.5,115.0,-135.0,1.5,92.0,0.0,0,False
2013,2013-04-13,True,False,bos,orl,120,88,23,34,28,35,0,17,20,27,24,0,away,4.5,194.5,-185.0,160.0,3.0,95.0,1.0,1,False
2013,2013-04-13,True,False,mil,cha,85,95,23,21,15,26,0,24,25,29,17,0,away,4.5,204.5,-185.0,160.0,4.0,101.0,0.0,0,True
2013,2013-04-14,True,False,chi,mia,93,105,22,32,23,16,0,30,26,30,19,0,home,10.0,190.0,475.0,-625.0,6.5,95.5,1.0,1,True
2013,2013-04-14,True,False,cle,phi,77,91,19,15,17,26,0,32,21,21,17,0,home,6.0,198.5,200.0,-240.0,2.0,96.5,1.0,0,True
2013,2013-04-14,True,False,ind,ny,80,90,15,25,20,20,0,23,24,22,21,0,home,3.0,193.0,130.0,-150.0,0.5,97.0,1.0,0,True
2013,2013-04-14,True,False,bkn,tor,87,93,20,12,27,28,0,24,27,19,23,0,away,4.0,194.5,-175.0,155.0,6.5,95.5,0.0,0,True
2013,2013-04-14,True,False,por,den,109,118,21,29,28,31,0,37,30,22,29,0,home,15.0,208.5,1495.0,-2195.0,3.5,103.0,0.0,1,True
2013,2013-04-14,True,False,dal,no,107,89,33,29,19,26,0,19,21,27,22,0,away,3.5,196.5,-160.0,140.0,4.0,97.0,1.0,0,False
2013,2013-04-14,True,False,sac,hou,100,121,24,20,32,24,0,33,29,32,27,0,home,11.0,218.5,590.0,-840.0,1.5,108.0,1.0,1,True
2013,2013-04-14,True,False,sa,lal,86,91,23,20,18,25,0,22,21,18,30,0,away,3.5,193.5,-160.0,140.0,2.5,97.0,0.0,0,True
2013,2013-04-15,True,False,hou,phx,112,119,28,33,22,29,0,39,28,23,29,0,away,8.0,209.5,-335.0,275.0,8.5,106.0,0.0,1,True
2013,2013-04-15,True,False,den,mil,112,111,32,24,25,31,0,26,27,24,34,0,away,5.5,214.5,-225.0,190.0,3.0,106.5,0.0,1,False
2013,2013-04-15,True,False,sac,okc,95,104,19,24,24,28,0,25,29,29,21,0,home,15.0,214.5,1400.0,-2100.0,5.5,105.5,0.0,0,True
2013,2013-04-15,True,False,utah,min,96,80,26,23,22,25,0,18,23,19,20,0,away,4.5,196.0,-190.0,165.0,0.5,97.5,1.0,0,False
2013,2013-04-15,True,False,mem,dal,103,97,21,17,30,35,0,29,17,21,30,0,away,3.5,186.5,-165.0,145.0,4.0,92.0,1.0,1,False
2013,2013-04-15,True,False,chi,orl,102,84,21,28,28,25,0,23,14,18,29,0,away,5.5,191.5,-225.0,190.0,0.5,93.0,1.0,0,False
2013,2013-04-15,True,False,wsh,bkn,101,106,34,22,21,24,0,21,29,23,33,0,home,4.0,190.5,160.0,-180.0,4.0,94.5,1.0,1,True
2013,2013-04-15,True,False,ny,cha,95,106,17,28,22,28,0,30,24,30,22,0,home,1.5,191.5,110.0,-130.0,1.5,93.5,1.0,1,True
2013,2013-04-15,True,False,mia,cle,96,95,18,31,31,16,0,22,30,19,24,0,home,1.5,192.0,110.0,-130.0,0.5,94.5,0.0,0,False
2013,2013-04-15,True,False,phi,det,101,109,23,31,21,26,0,30,21,33,25,0,home,4.0,193.0,145.0,-165.0,4.0,96.0,1.0,1,True
2013,2013-04-15,True,False,sa,gs,106,116,28,29,22,27,0,27,27,28,34,0,home,7.0,199.0,250.0,-290.0,6.0,102.0,1.0,1,True
2013,2013-04-16,True,False,por,lac,77,93,24,13,20,20,0,28,26,28,11,0,home,16.0,202.5,1650.0,-3000.0,4.5,98.5,2.0,0,True
2013,2013-04-16,True,False,tor,atl,113,96,30,38,28,17,0,27,24,24,21,0,home,5.0,195.0,190.0,-230.0,6.5,99.0,0.0,1,False
2013,2013-04-17,True,False,phx,den,98,118,20,20,29,29,0,35,31,25,27,0,home,13.0,211.5,600.0,-800.0,1.0,102.5,1.0,1,True
2013,2013-04-17,True,False,gs,por,99,88,24,26,16,33,0,17,19,27,25,0,away,8.5,207.5,-430.0,335.0,1.0,99.5,1.0,0,False
2013,2013-04-17,True,False,lac,sac,112,108,27,27,24,34,0,26,20,24,38,0,away,7.0,206.0,-300.0,250.0,1.5,99.5,0.0,1,False
2013,2013-04-17,True,False,utah,mem,70,86,17,21,13,19,0,17,23,25,21,0,home,4.5,178.5,160.0,-180.0,2.0,88.5,1.0,0,True
2013,2013-04-17,True,False,min,sa,108,95,30,26,24,28,0,24,37,15,19,0,home,9.5,199.0,400.0,-500.0,4.0,98.0,0.0,1,False
2013,2013-04-17,True,False,no,dal,87,99,18,21,25,23,0,19,28,28,24,0,home,8.5,197.0,305.0,-370.0,2.5,94.5,1.0,0,True
2013,2013-04-17,True,False,hou,lal,95,99,24,26,21,19,5,21,23,22,24,9,away,1.5,206.0,120.0,-140.0,1.0,100.0,0.0,0,True
2013,2013-04-17,True,False,cle,cha,98,105,16,31,22,29,0,34,19,23,29,0,home,2.0,202.0,120.0,-140.0,1.0,97.5,1.0,1,True
2013,2013-04-17,True,False,atl,ny,92,98,16,23,29,24,0,25,20,29,24,0,home,5.5,193.5,170.0,-200.0,1.0,94.0,1.0,0,True
2013,2013-04-17,True,False,mil,okc,95,89,21,24,23,27,0,30,21,19,19,0,home,3.5,201.5,140.0,-160.0,0.0,97.0,0.0,0,False
2013,2013-04-17,True,False,wsh,chi,92,95,15,32,21,24,0,31,21,22,21,0,home,8.5,186.0,340.0,-440.0,3.5,90.5,0.0,1,True
2013,2013-04-17,True,False,bos,tor,90,114,30,19,21,20,0,31,28,37,18,0,home,6.0,195.5,190.0,-230.0,1.0,95.5,1.0,1,True
2013,2013-04-17,True,False,orl,mia,93,105,20,27,27,19,0,29,26,30,20,0,home,7.5,193.0,255.0,-310.0,2.0,95.0,1.0,1,True
2013,2013-04-17,True,False,phi,ind,105,95,25,34,26,20,0,16,21,31,27,0,home,2.5,187.0,125.0,-145.0,4.5,91.5,0.0,1,False
2013,2013-04-17,True,False,det,bkn,99,103,18,30,18,33,0,29,31,23,20,0,home,5.0,196.5,175.0,-210.0,1.0,95.5,0.0,1,True
