season,date,regular,playoffs,away_team,home_team,score_away,score_home,q1_away,q2_away,q3_away,q4_away,ot_away,q1_home,q2_home,q3_home,q4_home,ot_home,whos_favored,spread,total,away_ml,home_ml,h2_spread,h2_total,id_spread,id_total,home_won
2018,2017-10-17,True,False,bos,cle,99,102,19,19,33,28,0,29,25,18,30,0,home,4.5,216.0,166.0,-195.0,1.5,110.0,0.0,0,True
2018,2017-10-17,True,False,hou,gs,122,121,34,28,26,34,0,35,36,30,20,0,home,9.0,231.5,364.0,-470.0,2.5,115.5,0.0,1,False
2018,2017-10-18,True,False,por,phx,124,76,29,31,38,26,0,21,14,20,21,0,away,2.5,219.5,-140.0,120.0,5.0,113.0,1.0,0,False
2018,2017-10-18,True,False,min,sa,99,107,25,24,28,22,0,32,21,34,20,0,home,1.5,203.5,105.0,-125.0,1.0,100.0,1.0,1,True
2018,2017-10-18,True,False,den,utah,96,106,30,28,25,13,0,21,28,29,28,0,home,2.5,205.0,120.0,-140.0,3.5,101.5,1.0,0,True
2018,2017-10-18,True,False,atl,dal,117,111,27,31,24,35,0,24,23,35,29,0,home,5.5,199.0,190.0,-240.0,6.0,103.5,0.0,1,False
2018,2017-10-18,True,False,no,mem,91,103,34,18,18,21,0,27,27,25,24,0,home,2.0,204.5,110.0,-130.0,0.5,100.5,1.0,0,True
2018,2017-10-18,True,False,hou,sac,105,100,26,26,23,30,0,25,23,24,28,0,away,7.0,216.5,-310.0,250.0,2.5,105.0,0.0,0,False
2018,2017-10-18,True,False,cha,det,90,102,27,18,25,20,0,29,27,26,20,0,home,2.5,202.0,125.0,-145.0,2.5,100.0,1.0,0,True
2018,2017-10-18,True,False,mia,orl,109,116,37,18,23,31,0,32,26,30,28,0,away,3.5,205.5,-170.0,145.0,4.0,100.0,0.0,1,True
2018,2017-10-18,True,False,phi,wsh,115,120,23,36,23,33,0,32,24,34,30,0,home,6.5,217.5,240.0,-300.0,6.0,108.5,0.0,1,True
2018,2017-10-18,True,False,bkn,ind,131,140,30,33,35,33,0,29,36,41,34,0,home,3.0,216.5,135.0,-155.0,1.5,112.5,1.0,1,True
2018,2017-10-18,True,False,mil,bos,108,100,24,34,18,32,0,26,27,27,20,0,home,1.5,203.0,105.0,-125.0,2.0,101.0,0.0,1,False
2018,2017-10-19,True,False,chi,tor,101,117,23,14,27,37,0,25,33,26,33,0,home,14.0,206.5,800.0,-1400.0,1.5,101.0,1.0,1,True
2018,2017-10-19,True,False,ny,okc,84,105,24,18,17,25,0,27,26,26,26,0,home,12.5,215.5,650.0,-1000.0,3.5,103.5,1.0,0,True
2018,2017-10-19,True,False,lac,lal,108,92,27,26,34,21,0,19,23,21,29,0,away,6.5,219.0,-260.0,210.0,0.0,108.5,1.0,0,False
2018,2017-10-20,True,False,lal,phx,132,130,40,30,36,26,0,36,37,26,31,0,home,3.5,220.5,140.0,-160.0,1.0,110.5,0.0,1,False
2018,2017-10-20,True,False,gs,no,128,120,26,35,37,30,0,39,25,26,30,0,away,9.0,221.0,-470.0,360.0,9.0,109.5,0.0,1,False
2018,2017-10-20,True,False,sac,dal,93,88,19,27,25,22,0,23,23,14,28,0,home,6.0,201.5,200.0,-250.0,4.0,98.5,0.0,0,False
2018,2017-10-20,True,False,utah,min,97,100,16,26,23,32,0,19,27,24,30,0,home,5.0,197.0,170.0,-200.0,1.5,101.5,0.0,2,True
2018,2017-10-20,True,False,orl,bkn,121,126,27,28,36,30,0,29,29,31,37,0,home,2.0,226.0,110.0,-130.0,0.0,111.0,1.0,1,True
2018,2017-10-20,True,False,cle,mil,116,97,25,30,31,30,0,25,24,24,24,0,home,1.0,209.5,-105.0,-115.0,2.0,103.0,0.0,1,False
2018,2017-10-20,True,False,det,wsh,111,115,31,34,16,30,0,29,29,33,24,0,home,6.5,211.5,230.0,-280.0,6.0,104.0,0.0,1,True
2018,2017-10-20,True,False,atl,cha,91,109,28,28,17,18,0,18,31,35,25,0,home,4.5,205.5,160.0,-190.0,4.0,107.5,1.0,0,True
2018,2017-10-20,True,False,bos,phi,102,92,24,22,23,33,0,21,29,22,20,0,home,3.0,217.0,130.0,-150.0,0.5,112.0,0.0,0,False
2018,2017-10-20,True,False,por,ind,114,96,31,31,29,23,0,25,27,21,23,0,away,6.0,218.5,-230.0,185.0,0.5,112.5,1.0,0,False
2018,2017-10-21,True,False,gs,mem,101,111,26,25,20,30,0,31,25,32,23,0,away,8.5,212.5,-375.0,299.0,8.5,105.5,0.0,0,True
2018,2017-10-21,True,False,okc,utah,87,96,14,20,23,30,0,21,23,29,23,0,away,4.0,200.0,-180.0,155.0,5.0,96.5,0.0,0,True
2018,2017-10-21,True,False,phx,lac,88,130,18,26,20,24,0,23,35,32,40,0,home,13.5,220.0,857.0,-1450.0,3.0,113.0,1.0,0,True
2018,2017-10-21,True,False,por,mil,110,113,26,29,25,30,0,24,36,24,29,0,home,3.0,208.5,130.0,-150.0,0.5,108.0,2.0,1,True
2018,2017-10-21,True,False,sa,chi,87,77,19,22,24,22,0,21,17,17,22,0,away,10.0,200.5,-600.0,447.0,5.5,104.5,2.0,0,False
2018,2017-10-21,True,False,sac,den,79,96,18,16,18,27,0,17,25,24,30,0,home,12.5,212.5,588.0,-850.0,4.5,103.0,1.0,0,True
2018,2017-10-21,True,False,det,ny,111,107,19,32,28,32,0,28,36,16,27,0,away,1.0,204.5,-115.0,-105.0,5.0,100.0,1.0,1,False
2018,2017-10-21,True,False,dal,hou,91,107,20,19,19,33,0,33,29,30,15,0,home,11.5,216.0,588.0,-850.0,0.5,106.5,1.0,0,True
2018,2017-10-21,True,False,orl,cle,114,93,36,20,32,26,0,18,27,20,28,0,home,11.5,216.0,588.0,-850.0,13.0,105.5,0.0,0,False
2018,2017-10-21,True,False,phi,tor,94,128,19,30,22,23,0,36,26,40,26,0,home,8.5,219.0,292.0,-365.0,0.0,107.0,1.0,1,True
2018,2017-10-21,True,False,ind,mia,108,112,31,19,26,32,0,26,37,28,21,0,home,9.5,213.5,334.0,-425.0,1.0,104.5,0.0,1,True
2018,2017-10-22,True,False,atl,bkn,104,116,25,28,24,27,0,19,37,35,25,0,home,1.0,220.0,-105.0,-115.0,0.0,116.0,1.0,2,True
2018,2017-10-22,True,False,min,okc,115,113,28,33,27,27,0,23,31,21,38,0,home,4.0,212.0,150.0,-180.0,4.5,104.0,0.0,1,False
2018,2017-10-22,True,False,no,lal,119,112,34,34,26,25,0,22,33,28,29,0,away,5.5,222.5,-210.0,175.0,1.5,110.5,1.0,1,False
2018,2017-10-23,True,False,sac,phx,115,117,17,34,25,39,0,36,23,28,30,0,away,2.5,206.5,-140.0,120.0,4.0,102.0,0.0,1,True
2018,2017-10-23,True,False,wsh,den,109,104,29,27,22,31,0,29,26,22,27,0,home,5.0,224.0,170.0,-200.0,4.0,108.5,0.0,0,False
2018,2017-10-23,True,False,gs,dal,133,103,40,25,34,34,0,24,38,22,19,0,away,13.5,217.5,-1400.0,800.0,8.5,107.5,1.0,1,False
2018,2017-10-23,True,False,tor,sa,97,101,23,27,24,23,0,21,29,25,26,0,home,2.5,202.0,125.0,-145.0,2.0,99.0,1.0,0,True
2018,2017-10-23,True,False,mem,hou,98,90,24,26,20,28,0,26,31,19,14,0,home,8.0,213.5,280.0,-360.0,2.0,105.0,0.0,0,False
2018,2017-10-23,True,False,atl,mia,93,104,23,21,29,20,0,26,36,15,27,0,home,10.5,205.0,500.0,-700.0,0.5,106.0,1.0,0,True
2018,2017-10-23,True,False,phi,det,97,86,31,25,19,22,0,22,21,24,19,0,home,3.0,213.5,140.0,-160.0,5.5,104.0,0.0,0,False
2018,2017-10-23,True,False,cha,mil,94,103,25,29,23,17,0,18,35,30,20,0,home,6.5,203.5,210.0,-260.0,5.0,101.0,1.0,0,True
2018,2017-10-24,True,False,bkn,orl,121,125,30,31,35,25,0,30,31,26,38,0,home,5.0,228.5,170.0,-200.0,3.5,118.0,0.0,1,True
2018,2017-10-24,True,False,chi,cle,112,119,38,30,24,20,0,28,37,26,28,0,home,15.0,205.5,1100.0,-2500.0,11.0,102.0,0.0,1,True
2018,2017-10-24,True,False,ny,bos,89,110,17,16,27,29,0,30,24,23,33,0,home,7.0,208.0,240.0,-300.0,2.0,100.5,1.0,0,True
2018,2017-10-24,True,False,ind,min,130,107,33,28,37,32,0,20,41,23,23,0,home,10.5,218.0,500.0,-700.0,7.0,106.5,0.0,1,False
2018,2017-10-24,True,False,no,por,93,103,19,29,25,20,0,29,18,24,32,0,home,5.0,216.5,170.0,-200.0,6.0,104.5,1.0,0,True
2018,2017-10-24,True,False,utah,lac,84,102,20,21,15,28,0,27,15,33,27,0,home,5.0,196.0,170.0,-200.0,3.5,102.5,1.0,0,True
2018,2017-10-25,True,False,mem,dal,94,103,18,31,23,22,0,32,25,22,24,0,away,3.0,197.0,-160.0,140.0,4.0,97.0,0.0,2,True
2018,2017-10-25,True,False,tor,gs,112,117,26,27,33,26,0,29,32,30,26,0,home,12.0,230.0,700.0,-1100.0,5.0,113.5,0.0,0,True
2018,2017-10-25,True,False,wsh,lal,99,102,18,31,30,13,7,23,22,24,23,10,away,5.5,229.0,-220.0,180.0,2.5,110.0,0.0,0,True
2018,2017-10-25,True,False,utah,phx,88,97,13,28,18,29,0,23,25,23,26,0,away,7.5,205.0,-330.0,260.0,8.0,106.0,0.0,0,True
2018,2017-10-25,True,False,ind,okc,96,114,27,21,26,22,0,30,24,32,28,0,home,13.5,218.0,650.0,-1000.0,6.0,106.5,1.0,0,True
2018,2017-10-25,True,False,min,det,101,122,26,18,29,28,0,23,40,28,31,0,home,2.5,209.0,120.0,-140.0,4.0,100.5,1.0,1,True
2018,2017-10-25,True,False,cle,bkn,107,112,23,29,21,34,0,26,29,29,28,0,away,8.0,223.5,-340.0,270.0,7.5,110.5,0.0,0,True
2018,2017-10-25,True,False,den,cha,93,110,23,16,29,25,0,27,35,23,25,0,away,2.5,211.5,-140.0,120.0,7.0,103.5,0.0,0,True
2018,2017-10-25,True,False,hou,phi,105,104,31,25,23,26,0,33,21,26,24,0,away,3.0,221.0,-160.0,140.0,1.5,107.5,0.0,0,False
2018,2017-10-25,True,False,sa,mia,117,100,30,26,32,29,0,30,21,22,27,0,away,3.0,196.5,-150.0,130.0,0.5,102.5,1.0,1,False
2018,2017-10-26,True,False,lac,por,104,103,30,32,18,24,0,24,29,26,24,0,home,2.5,216.0,120.0,-140.0,4.0,107.5,0.0,0,False
2018,2017-10-26,True,False,atl,chi,86,91,20,19,20,27,0,18,19,28,26,0,home,2.0,200.0,110.0,-130.0,1.0,102.5,1.0,0,True
2018,2017-10-26,True,False,no,sac,114,106,27,29,32,26,0,40,30,17,19,0,home,1.0,204.5,100.0,-120.0,4.5,102.0,0.0,1,False
2018,2017-10-26,True,False,dal,mem,91,96,14,21,33,23,0,28,26,22,20,0,home,8.0,194.5,270.0,-340.0,1.5,95.0,0.0,0,True
2018,2017-10-26,True,False,bos,mil,96,89,28,15,29,24,0,23,21,25,20,0,home,4.5,206.5,160.0,-190.0,2.5,106.5,0.0,0,False
2018,2017-10-27,True,False,wsh,gs,117,120,34,33,30,20,0,27,26,34,33,0,home,12.0,231.0,600.0,-900.0,12.5,114.0,0.0,1,True
2018,2017-10-27,True,False,sa,orl,87,114,18,16,30,23,0,32,29,34,19,0,away,5.5,207.0,-240.0,190.0,9.0,106.5,0.0,0,True
2018,2017-10-27,True,False,hou,cha,109,93,27,29,22,31,0,30,16,28,19,0,away,2.5,214.5,-140.0,120.0,2.0,105.5,1.0,0,False
2018,2017-10-27,True,False,bkn,ny,86,107,28,14,24,20,0,23,24,36,24,0,home,2.0,222.5,115.0,-135.0,0.5,115.0,1.0,0,True
2018,2017-10-27,True,False,den,atl,105,100,26,27,22,30,0,23,29,19,29,0,away,7.0,210.5,-280.0,230.0,5.0,103.0,0.0,0,False
2018,2017-10-27,True,False,okc,min,116,119,33,26,30,27,0,26,33,31,29,0,away,2.0,218.0,-125.0,105.0,2.0,106.5,0.0,1,True
2018,2017-10-27,True,False,tor,lal,101,92,19,26,27,29,0,26,25,20,21,0,away,6.0,221.0,-240.0,190.0,7.0,107.5,1.0,0,False
2018,2017-10-28,True,False,phx,por,107,114,24,33,32,18,0,29,32,31,22,0,home,12.0,218.0,600.0,-900.0,5.5,112.5,0.0,1,True
2018,2017-10-28,True,False,lal,utah,81,96,16,29,19,17,0,31,25,19,21,0,home,10.5,202.0,425.0,-600.0,2.5,100.0,1.0,0,True
2018,2017-10-28,True,False,det,lac,95,87,27,18,22,28,0,24,31,17,15,0,home,8.0,206.0,290.0,-380.0,1.0,101.0,0.0,0,False
2018,2017-10-28,True,False,phi,dal,112,110,32,25,32,23,0,23,33,22,32,0,home,0.0,205.0,-110.0,-110.0,0.0,100.5,0.0,1,False
2018,2017-10-28,True,False,cle,no,101,123,22,30,31,18,0,35,30,24,34,0,away,2.0,220.5,-135.0,115.0,5.5,108.5,0.0,1,True
2018,2017-10-28,True,False,bos,mia,96,90,21,26,27,22,0,26,19,18,27,0,away,1.0,204.5,-115.0,-105.0,0.0,105.0,1.0,0,False
2018,2017-10-28,True,False,hou,mem,89,103,32,17,23,17,0,30,24,27,22,0,home,2.0,202.0,115.0,-135.0,1.0,100.5,1.0,0,True
2018,2017-10-28,True,False,okc,chi,101,69,26,24,32,19,0,23,8,22,16,0,away,8.5,203.5,-400.0,300.0,1.0,97.0,1.0,0,False
2018,2017-10-29,True,False,ny,cle,114,95,29,33,30,22,0,19,35,21,20,0,home,10.5,212.5,451.0,-606.0,10.5,103.5,0.0,0,False
2018,2017-10-29,True,False,den,bkn,124,111,29,31,40,24,0,36,27,21,27,0,away,5.5,223.0,-215.0,180.0,5.5,111.0,1.0,1,False
2018,2017-10-29,True,False,wsh,sac,110,83,35,28,25,22,0,16,16,28,23,0,away,8.0,208.0,-315.0,256.0,3.0,101.0,1.0,0,False
2018,2017-10-29,True,False,det,gs,115,107,27,25,30,33,0,35,22,24,26,0,home,14.5,221.0,912.0,-1600.0,7.5,107.5,0.0,1,False
2018,2017-10-29,True,False,sa,ind,94,97,24,24,16,30,0,26,27,15,29,0,away,6.5,209.0,-250.0,207.0,7.0,108.5,0.0,0,True
2018,2017-10-29,True,False,mil,atl,117,106,28,33,31,25,0,16,32,25,33,0,away,6.0,199.0,-240.0,199.0,1.0,97.0,1.0,1,False
2018,2017-10-29,True,False,orl,cha,113,120,24,25,37,27,0,27,34,32,27,0,home,4.0,210.5,148.0,-170.0,2.0,102.0,1.0,1,True
2018,2017-10-30,True,False,gs,lac,141,113,34,40,33,34,0,28,29,29,27,0,away,6.0,223.5,-275.0,226.0,1.5,111.0,1.0,1,False
2018,2017-10-30,True,False,sa,bos,94,108,26,23,18,27,0,30,24,26,28,0,home,3.5,193.5,151.0,-175.0,0.0,101.0,1.0,1,True
2018,2017-10-30,True,False,den,ny,110,116,25,18,38,29,0,35,30,19,32,0,away,5.0,211.0,-195.0,166.0,8.0,102.5,0.0,1,True
2018,2017-10-30,True,False,min,mia,125,122,23,37,19,31,15,32,30,20,28,12,away,3.0,216.5,-149.0,128.0,3.5,105.5,2.0,1,False
2018,2017-10-30,True,False,cha,mem,104,99,31,20,22,31,0,31,26,25,17,0,home,5.5,195.0,180.0,-215.0,1.0,97.5,0.0,1,False
2018,2017-10-30,True,False,orl,no,115,99,33,27,27,28,0,24,40,20,15,0,home,7.5,222.5,263.0,-325.0,3.5,110.5,0.0,0,False
2018,2017-10-30,True,False,phi,hou,115,107,37,21,34,23,0,27,29,24,27,0,home,7.0,215.0,237.0,-290.0,5.5,110.0,0.0,1,False
2018,2017-10-30,True,False,dal,utah,89,104,27,26,15,21,0,21,23,32,28,0,home,8.5,190.5,292.0,-365.0,7.5,94.0,1.0,1,True
2018,2017-10-30,True,False,tor,por,99,85,29,25,27,18,0,29,6,26,24,0,home,4.0,211.5,150.0,-174.0,8.0,102.5,0.0,0,False
2018,2017-10-31,True,False,det,lal,93,113,22,23,27,21,0,25,33,29,26,0,away,3.0,207.5,-152.0,132.0,6.0,102.0,0.0,0,True
2018,2017-10-31,True,False,okc,mil,110,91,31,29,25,25,0,23,19,22,27,0,away,2.5,210.5,-140.0,120.0,3.0,103.0,1.0,0,False
2018,2017-10-31,True,False,sac,ind,83,101,13,17,18,35,0,24,31,14,32,0,home,5.5,206.0,207.0,-250.0,4.0,99.0,1.0,0,True
2018,2017-10-31,True,False,phx,bkn,122,114,30,29,28,35,0,24,29,35,26,0,home,4.5,229.5,163.0,-190.0,5.0,119.0,0.0,1,False
2018,2017-11-01,True,False,min,no,104,98,31,34,18,21,0,28,26,23,21,0,home,2.0,224.0,115.0,-135.0,4.0,109.5,0.0,0,False
2018,2017-11-01,True,False,dal,lac,98,119,29,19,29,21,0,32,34,29,24,0,home,10.5,207.5,425.0,-600.0,0.5,102.0,1.0,1,True
2018,2017-11-01,True,False,por,utah,103,112,20,19,30,25,9,22,17,25,30,18,home,3.5,191.5,145.0,-170.0,2.5,99.5,1.0,1,True
2018,2017-11-01,True,False,tor,den,111,129,19,27,25,40,0,34,26,43,26,0,home,1.5,217.0,105.0,-125.0,4.0,107.0,1.0,1,True
2018,2017-11-01,True,False,hou,ny,119,97,24,36,40,19,0,27,21,26,23,0,away,6.0,213.5,-250.0,200.0,1.0,105.5,1.0,1,False
2018,2017-11-01,True,False,orl,mem,101,99,23,31,27,20,0,26,28,21,24,0,home,2.5,205.5,125.0,-145.0,2.0,102.0,0.0,0,False
2018,2017-11-01,True,False,sac,bos,86,113,24,21,15,26,0,27,31,31,24,0,home,11.5,195.5,600.0,-900.0,2.5,96.5,1.0,1,True
2018,2017-11-01,True,False,ind,cle,124,107,30,32,30,32,0,28,33,24,22,0,home,10.5,217.5,400.0,-550.0,7.5,107.0,0.0,1,False
2018,2017-11-01,True,False,atl,phi,109,119,25,32,36,16,0,34,25,34,26,0,home,7.5,209.0,260.0,-330.0,4.0,109.0,1.0,1,True
2018,2017-11-01,True,False,mil,cha,121,126,32,25,31,33,0,25,35,28,38,0,home,4.0,203.0,145.0,-170.0,1.5,101.0,1.0,1,True
2018,2017-11-01,True,False,phx,wsh,122,116,15,37,35,35,0,32,32,26,26,0,home,11.0,228.0,525.0,-750.0,2.0,118.0,0.0,1,False
2018,2017-11-01,True,False,chi,mia,91,97,17,30,17,27,0,27,22,18,30,0,home,9.5,196.0,375.0,-500.0,5.5,96.0,0.0,0,True
2018,2017-11-02,True,False,gs,sa,112,92,24,26,34,28,0,33,22,23,14,0,away,8.5,220.0,-350.0,275.0,9.0,108.0,1.0,0,False
2018,2017-11-02,True,False,lal,por,110,113,25,37,23,25,0,41,25,21,26,0,home,6.0,212.0,190.0,-240.0,3.0,107.5,0.0,1,True
2018,2017-11-03,True,False,tor,utah,109,100,29,24,36,20,0,26,28,28,18,0,home,2.0,195.0,110.0,-130.0,1.0,97.5,0.0,1,False
2018,2017-11-03,True,False,mia,den,94,95,37,21,13,23,0,28,23,25,19,0,home,5.5,216.5,190.0,-240.0,5.0,106.0,0.0,0,True
2018,2017-11-03,True,False,no,dal,99,94,28,27,20,24,0,25,21,17,31,0,away,5.0,211.0,-200.0,170.0,0.5,103.5,2.0,0,False
2018,2017-11-03,True,False,bkn,lal,112,124,29,26,29,28,0,30,34,31,29,0,home,3.0,228.0,135.0,-155.0,2.0,117.5,1.0,1,True
2018,2017-11-03,True,False,bos,okc,101,94,18,19,30,34,0,31,24,16,23,0,home,6.5,207.0,210.0,-260.0,2.5,107.0,0.0,0,False
2018,2017-11-03,True,False,cha,sa,101,108,19,26,26,30,0,25,24,31,28,0,home,4.5,200.5,165.0,-195.0,1.5,99.5,1.0,1,True
2018,2017-11-03,True,False,mil,det,96,105,26,22,24,24,0,28,31,23,23,0,home,1.5,204.0,100.0,-120.0,3.5,99.5,1.0,0,True
2018,2017-11-03,True,False,hou,atl,119,104,36,33,28,22,0,25,26,25,28,0,away,9.0,214.0,-420.0,320.0,0.0,104.5,1.0,1,False
2018,2017-11-03,True,False,ind,phi,110,121,28,35,26,21,0,30,26,36,29,0,home,5.0,217.0,170.0,-200.0,5.0,107.5,1.0,1,True
2018,2017-11-03,True,False,chi,orl,105,83,28,16,29,32,0,26,19,15,23,0,home,7.5,204.5,275.0,-350.0,4.0,99.5,0.0,0,False
2018,2017-11-03,True,False,cle,wsh,130,122,42,32,30,26,0,36,30,27,29,0,home,3.5,224.5,135.0,-155.0,4.0,111.5,0.0,1,False
2018,2017-11-03,True,False,phx,ny,107,120,19,31,26,31,0,32,33,27,28,0,home,4.5,221.0,160.0,-190.0,2.0,114.0,1.0,1,True
2018,2017-11-04,True,False,mem,lac,113,104,27,33,27,26,0,25,31,24,24,0,home,5.0,199.5,180.0,-220.0,5.0,98.0,0.0,1,False
2018,2017-11-04,True,False,sac,det,99,108,26,23,25,25,0,29,23,33,23,0,home,9.0,195.5,325.0,-425.0,4.5,96.0,2.0,1,True
2018,2017-11-04,True,False,no,chi,96,90,17,21,19,26,13,19,19,26,19,7,away,5.5,199.5,-220.0,180.0,3.5,96.5,1.0,0,False
2018,2017-11-04,True,False,dal,min,99,112,18,31,20,30,0,27,32,34,19,0,home,12.0,214.0,600.0,-900.0,2.5,104.5,1.0,0,True
2018,2017-11-04,True,False,gs,den,127,108,36,24,43,24,0,23,32,21,32,0,away,9.0,232.5,-430.0,330.0,4.0,115.0,1.0,1,False
2018,2017-11-05,True,False,mem,lal,102,107,24,30,16,32,0,27,35,26,19,0,away,2.5,206.5,-140.0,120.0,3.5,103.5,0.0,1,True
2018,2017-11-05,True,False,okc,por,99,103,20,26,21,32,0,28,22,28,25,0,away,3.0,211.5,-155.0,135.0,3.0,104.5,0.0,0,True
2018,2017-11-05,True,False,ind,ny,101,108,33,29,22,17,0,25,24,23,36,0,home,0.0,216.0,-110.0,-110.0,3.0,105.5,1.0,0,True
2018,2017-11-05,True,False,phx,sa,95,112,20,35,13,27,0,28,23,34,27,0,home,9.5,211.5,425.0,-600.0,8.0,109.0,1.0,0,True
2018,2017-11-05,True,False,cha,min,94,112,28,23,28,15,0,28,40,29,15,0,home,4.5,218.0,160.0,-190.0,3.0,106.5,1.0,0,True
2018,2017-11-05,True,False,bos,orl,104,88,22,27,28,27,0,20,18,31,19,0,away,3.0,209.5,-155.0,135.0,1.0,108.5,1.0,0,False
2018,2017-11-05,True,False,wsh,tor,107,96,32,30,22,23,0,17,29,30,20,0,home,6.5,213.5,220.0,-270.0,6.5,103.5,0.0,0,False
2018,2017-11-05,True,False,mia,lac,104,101,34,28,27,15,0,20,29,17,35,0,home,5.5,205.5,190.0,-240.0,6.5,100.5,0.0,0,False
2018,2017-11-05,True,False,atl,cle,117,115,37,17,37,26,0,28,17,33,37,0,home,11.5,220.5,650.0,-1000.0,11.5,114.5,0.0,1,False
2018,2017-11-05,True,False,utah,hou,110,137,28,21,36,25,0,39,28,48,22,0,home,6.0,205.0,200.0,-250.0,2.5,108.0,1.0,1,True
2018,2017-11-06,True,False,bos,atl,110,107,26,28,28,28,0,25,29,21,32,0,away,7.5,204.0,-350.0,275.0,5.5,106.5,0.0,1,False
2018,2017-11-06,True,False,bkn,phx,98,92,28,19,25,26,0,19,22,27,24,0,home,0.0,233.5,-110.0,-110.0,2.0,120.0,0.0,0,False
2018,2017-11-06,True,False,mia,gs,80,97,21,16,20,23,0,22,28,25,22,0,home,14.5,223.0,950.0,-1800.0,5.0,108.5,1.0,0,True
2018,2017-11-07,True,False,okc,sac,86,94,25,16,16,29,0,10,32,25,27,0,away,11.0,202.5,-700.0,500.0,8.0,99.5,0.0,0,True
2018,2017-11-07,True,False,mem,por,98,97,23,24,27,24,0,21,29,21,26,0,home,2.5,200.0,120.0,-140.0,0.5,98.5,0.0,0,False
2018,2017-11-07,True,False,bkn,den,104,112,21,25,27,31,0,28,29,36,19,0,home,12.5,230.0,650.0,-1000.0,4.0,117.5,0.0,0,True
2018,2017-11-07,True,False,phi,utah,104,97,32,14,34,24,0,21,23,27,26,0,home,6.5,203.5,215.0,-265.0,6.0,104.5,0.0,0,False
2018,2017-11-07,True,False,lac,sa,107,120,26,29,21,31,0,32,20,40,28,0,home,4.0,204.0,155.0,-185.0,4.0,102.0,1.0,1,True
2018,2017-11-07,True,False,dal,wsh,113,99,36,28,26,23,0,34,19,23,23,0,home,10.0,213.5,425.0,-600.0,9.0,106.5,0.0,0,False
2018,2017-11-07,True,False,chi,tor,114,119,26,19,36,33,0,29,36,33,21,0,home,11.5,201.0,575.0,-850.0,1.0,97.5,0.0,1,True
2018,2017-11-07,True,False,no,ind,117,112,34,27,35,21,0,37,38,19,18,0,away,1.5,218.5,-120.0,100.0,5.0,106.5,1.0,1,False
2018,2017-11-07,True,False,mil,cle,119,124,28,39,23,29,0,39,26,29,30,0,home,5.0,221.5,180.0,-220.0,4.5,108.5,2.0,1,True
2018,2017-11-07,True,False,cha,ny,113,118,41,28,25,19,0,32,26,25,35,0,away,2.0,209.0,-135.0,115.0,2.5,103.0,0.0,1,True
2018,2017-11-08,True,False,mia,phx,126,115,36,33,25,32,0,27,27,32,29,0,away,6.0,216.5,-240.0,190.0,1.5,107.0,1.0,1,False
2018,2017-11-08,True,False,lal,bos,96,107,16,36,29,15,0,33,28,26,20,0,home,6.5,214.5,240.0,-300.0,0.5,106.5,1.0,0,True
2018,2017-11-08,True,False,min,gs,101,125,22,28,26,25,0,22,29,44,30,0,home,8.5,227.5,300.0,-400.0,5.5,111.5,1.0,0,True
2018,2017-11-08,True,False,ny,orl,99,112,28,22,26,23,0,27,27,30,28,0,home,8.5,215.0,300.0,-400.0,4.0,104.5,1.0,0,True
2018,2017-11-08,True,False,ind,det,97,114,30,22,23,22,0,22,37,23,32,0,home,6.5,210.5,225.0,-275.0,1.5,102.5,1.0,1,True
2018,2017-11-09,True,False,lal,wsh,95,111,34,22,21,18,0,37,32,22,20,0,home,9.5,224.0,400.0,-550.0,1.5,108.5,1.0,0,True
2018,2017-11-09,True,False,no,tor,118,122,32,28,32,26,0,34,32,26,30,0,home,5.0,215.0,180.0,-220.0,0.5,105.5,0.0,1,True
2018,2017-11-09,True,False,cle,hou,113,117,25,42,26,20,0,36,29,35,17,0,home,5.5,228.5,185.0,-230.0,5.0,111.5,0.0,1,True
2018,2017-11-09,True,False,phi,sac,108,109,26,31,24,27,0,26,38,20,25,0,away,6.5,208.0,-250.0,200.0,6.5,109.5,0.0,1,True
2018,2017-11-09,True,False,okc,den,94,102,28,25,22,19,0,22,29,24,27,0,away,2.0,215.5,-135.0,115.0,1.0,107.0,0.0,0,True
2018,2017-11-10,True,False,bkn,por,101,97,21,25,31,24,0,28,24,18,27,0,home,8.5,218.0,330.0,-430.0,3.5,114.5,0.0,0,False
2018,2017-11-10,True,False,lac,okc,111,120,31,24,31,25,0,30,33,31,26,0,home,5.5,210.0,190.0,-240.0,0.5,102.5,1.0,1,True
2018,2017-11-10,True,False,mia,utah,84,74,25,12,20,27,0,22,27,8,17,0,home,2.5,194.0,125.0,-145.0,3.5,95.0,0.0,0,False
2018,2017-11-10,True,False,orl,phx,128,112,36,28,33,31,0,32,31,20,29,0,away,3.5,227.0,-170.0,145.0,2.5,111.0,1.0,1,False
2018,2017-11-10,True,False,ind,chi,105,87,27,18,35,25,0,16,19,26,26,0,away,3.0,202.0,-155.0,135.0,1.0,98.5,1.0,0,False
2018,2017-11-10,True,False,cha,bos,87,90,26,31,19,11,0,11,30,23,26,0,home,2.5,205.0,125.0,-145.0,4.0,99.5,1.0,0,True
2018,2017-11-10,True,False,atl,det,104,111,22,19,28,35,0,26,31,19,35,0,home,7.5,209.0,260.0,-330.0,1.0,108.0,0.0,1,True
2018,2017-11-10,True,False,mil,sa,94,87,25,21,30,18,0,27,20,23,17,0,home,4.5,204.5,170.0,-200.0,2.5,100.0,0.0,0,False
2018,2017-11-11,True,False,chi,sa,94,133,15,32,23,24,0,37,26,34,36,0,home,10.5,189.5,450.0,-650.0,0.5,93.0,1.0,1,True
2018,2017-11-11,True,False,min,phx,110,118,28,32,28,22,0,19,37,29,33,0,away,10.0,231.5,-550.0,400.0,4.5,113.5,0.0,0,True
2018,2017-11-11,True,False,bkn,utah,106,114,25,20,30,31,0,25,36,24,29,0,home,7.0,208.5,240.0,-300.0,1.5,107.5,1.0,1,True
2018,2017-11-11,True,False,orl,den,107,125,23,24,30,30,0,39,31,28,27,0,home,9.0,216.5,310.0,-410.0,2.0,105.5,1.0,1,True
2018,2017-11-11,True,False,phi,gs,114,135,28,36,21,29,0,32,33,36,34,0,home,13.5,230.5,800.0,-1400.0,8.0,120.0,1.0,1,True
2018,2017-11-11,True,False,cle,dal,111,104,29,20,34,28,0,23,29,22,30,0,away,6.0,214.5,-250.0,200.0,5.5,104.5,1.0,1,False
2018,2017-11-11,True,False,sac,ny,91,118,23,26,17,25,0,32,32,26,28,0,home,6.5,202.0,215.0,-265.0,0.0,97.5,1.0,1,True
2018,2017-11-11,True,False,mem,hou,96,111,22,28,20,26,0,33,29,31,18,0,home,6.5,210.0,230.0,-280.0,0.5,102.5,1.0,0,True
2018,2017-11-11,True,False,lac,no,103,111,26,32,24,21,0,31,32,25,23,0,home,5.5,218.0,200.0,-250.0,2.0,106.0,1.0,0,True
2018,2017-11-11,True,False,atl,wsh,94,113,19,23,25,27,0,20,29,27,37,0,home,10.0,216.5,400.0,-550.0,3.5,110.0,1.0,0,True
2018,2017-11-11,True,False,lal,mil,90,98,17,32,18,23,0,24,27,26,21,0,home,6.5,217.0,210.0,-260.0,3.5,104.0,1.0,0,True
2018,2017-11-12,True,False,tor,bos,94,95,24,25,27,18,0,24,20,33,18,0,away,3.5,201.5,-160.0,140.0,1.0,98.5,0.0,0,True
2018,2017-11-12,True,False,mia,det,103,112,29,29,23,22,0,31,24,28,29,0,home,2.5,201.0,115.0,-135.0,2.0,98.5,1.0,1,True
2018,2017-11-12,True,False,hou,ind,118,95,35,28,24,31,0,18,33,20,24,0,away,3.5,226.5,-180.0,150.0,1.5,109.5,1.0,0,False
2018,2017-11-12,True,False,dal,okc,99,112,20,22,25,32,0,18,26,39,29,0,home,10.5,203.0,450.0,-650.0,6.5,99.0,1.0,1,True
2018,2017-11-13,True,False,orl,gs,100,110,29,27,19,25,0,27,29,32,22,0,home,12.5,223.5,711.0,-1100.0,8.5,108.0,0.0,0,True
2018,2017-11-13,True,False,phi,lac,109,105,36,19,22,32,0,28,25,26,26,0,home,2.0,224.0,110.0,-130.0,1.0,115.5,0.0,0,False
2018,2017-11-13,True,False,den,por,82,99,21,28,17,16,0,25,29,30,15,0,home,2.0,212.0,110.0,-130.0,0.0,104.5,1.0,0,True
2018,2017-11-13,True,False,lal,phx,100,93,21,22,31,26,0,20,24,29,20,0,home,1.0,230.5,-105.0,-115.0,0.0,112.5,0.0,0,False
2018,2017-11-13,True,False,sac,wsh,92,110,32,19,20,21,0,25,32,29,24,0,home,11.0,208.0,534.0,-750.0,4.5,102.0,1.0,0,True
2018,2017-11-13,True,False,atl,no,105,106,32,18,30,25,0,23,22,33,28,0,home,9.5,217.0,384.0,-500.0,9.0,113.0,0.0,0,True
2018,2017-11-13,True,False,mem,mil,103,110,29,36,12,26,0,34,26,24,26,0,home,4.0,199.5,151.0,-175.0,3.5,98.0,1.0,1,True
2018,2017-11-13,True,False,cle,ny,104,101,25,13,23,43,0,22,29,25,25,0,away,5.0,221.0,-225.0,188.0,8.0,108.5,0.0,0,False
2018,2017-11-13,True,False,min,utah,109,98,33,24,31,21,0,14,28,23,33,0,away,3.0,210.0,-145.0,125.0,3.0,103.0,1.0,0,False
2018,2017-11-14,True,False,tor,hou,129,113,31,45,27,26,0,33,31,30,19,0,home,6.5,218.5,230.0,-280.0,7.5,108.0,0.0,1,False
2018,2017-11-14,True,False,sa,dal,97,91,17,27,18,35,0,16,23,21,31,0,away,6.0,200.0,-260.0,210.0,2.5,104.0,2.0,0,False
2018,2017-11-14,True,False,bos,bkn,109,102,30,22,28,29,0,21,31,19,31,0,away,6.5,209.5,-280.0,230.0,5.0,108.5,1.0,1,False
2018,2017-11-15,True,False,det,mil,95,99,23,18,21,33,0,26,15,34,24,0,home,5.0,205.0,160.0,-190.0,4.0,99.5,0.0,0,True
2018,2017-11-15,True,False,wsh,mia,102,93,30,31,10,31,0,19,30,25,19,0,home,1.5,211.0,110.0,-130.0,5.0,103.0,0.0,0,False
2018,2017-11-15,True,False,utah,ny,101,106,30,30,22,19,0,27,23,27,29,0,home,3.5,202.0,145.0,-170.0,4.5,105.5,1.0,1,True
2018,2017-11-15,True,False,sac,atl,80,126,16,19,26,19,0,24,40,28,34,0,home,4.5,205.5,170.0,-200.0,3.5,101.0,1.0,1,True
2018,2017-11-15,True,False,sa,min,86,98,24,19,22,21,0,18,39,18,23,0,home,5.0,208.5,175.0,-210.0,2.0,108.0,1.0,0,True
2018,2017-11-15,True,False,cle,cha,115,107,36,25,27,27,0,30,37,17,23,0,home,0.0,218.0,-110.0,-110.0,2.5,106.5,0.0,1,False
2018,2017-11-15,True,False,tor,no,125,116,29,35,34,27,0,34,29,23,30,0,home,3.0,218.5,130.0,-150.0,3.0,107.0,0.0,1,False
2018,2017-11-15,True,False,chi,okc,79,92,7,27,22,23,0,27,31,19,15,0,home,13.0,203.5,750.0,-1200.0,0.0,99.5,2.0,0,True
2018,2017-11-15,True,False,ind,mem,116,113,34,33,30,19,0,25,28,31,29,0,home,3.0,203.0,130.0,-150.0,5.5,100.5,0.0,1,False
2018,2017-11-15,True,False,orl,por,94,99,33,14,24,23,0,24,27,24,24,0,home,5.5,213.5,180.0,-220.0,1.5,105.5,0.0,0,True
2018,2017-11-15,True,False,phi,lal,115,109,29,29,25,32,0,26,28,30,25,0,away,4.0,221.0,-170.0,145.0,1.5,113.5,1.0,1,False
2018,2017-11-16,True,False,gs,bos,88,92,28,19,21,20,0,18,24,26,24,0,away,7.0,219.0,-310.0,250.0,3.0,108.0,0.0,0,True
2018,2017-11-16,True,False,hou,phx,142,116,45,45,30,22,0,23,42,26,25,0,away,12.5,230.5,-1000.0,650.0,0.0,112.5,1.0,1,False
2018,2017-11-17,True,False,por,sac,82,86,20,21,19,22,0,19,23,18,26,0,away,7.0,199.0,-290.0,235.0,6.0,100.5,0.0,0,True
2018,2017-11-17,True,False,min,dal,111,87,24,19,31,37,0,29,26,17,15,0,away,6.0,212.0,-250.0,200.0,6.5,103.5,1.0,0,False
2018,2017-11-17,True,False,phx,lal,122,113,29,36,24,33,0,28,25,29,31,0,home,7.5,229.0,255.0,-320.0,8.0,117.5,0.0,1,False
2018,2017-11-17,True,False,no,den,114,146,19,37,24,34,0,37,27,42,40,0,home,5.0,222.0,170.0,-200.0,0.5,108.5,1.0,1,True
2018,2017-11-17,True,False,cha,chi,120,123,27,33,32,28,0,26,34,23,40,0,away,6.5,198.5,-280.0,230.0,4.5,99.5,0.0,1,True
2018,2017-11-17,True,False,okc,sa,101,104,32,23,23,23,0,15,33,30,26,0,away,1.5,200.0,-125.0,105.0,1.0,99.5,0.0,1,True
2018,2017-11-17,True,False,utah,bkn,107,118,25,24,31,27,0,39,26,24,29,0,home,2.0,209.5,115.0,-135.0,4.0,108.5,1.0,1,True
2018,2017-11-17,True,False,lac,cle,113,118,27,29,25,24,8,24,32,22,27,13,home,6.5,223.0,210.0,-260.0,4.5,109.0,0.0,1,True
2018,2017-11-17,True,False,ny,tor,84,107,18,18,28,20,0,30,24,24,29,0,home,7.5,217.0,270.0,-340.0,1.5,104.5,1.0,0,True
2018,2017-11-17,True,False,mia,wsh,91,88,26,24,16,25,0,17,12,28,31,0,home,5.0,205.5,160.0,-190.0,8.5,100.0,0.0,0,False
2018,2017-11-17,True,False,det,ind,100,107,32,26,23,19,0,23,24,24,36,0,home,1.5,211.5,100.0,-120.0,3.0,103.5,1.0,0,True
2018,2017-11-18,True,False,sac,por,90,102,20,21,22,27,0,21,32,27,22,0,home,12.0,194.5,600.0,-800.0,3.5,96.5,2.0,0,True
2018,2017-11-18,True,False,mil,dal,79,111,24,20,17,18,0,33,23,26,29,0,away,6.0,203.5,-250.0,210.0,7.5,99.5,0.0,0,True
2018,2017-11-18,True,False,bos,atl,110,99,20,24,36,30,0,35,15,27,22,0,away,6.0,202.5,-260.0,220.0,8.0,106.0,1.0,1,False
2018,2017-11-18,True,False,hou,mem,105,83,33,26,23,23,0,25,25,17,16,0,away,7.5,214.0,-285.0,240.0,1.5,105.0,1.0,0,False
2018,2017-11-18,True,False,utah,orl,125,85,29,34,34,28,0,26,22,19,18,0,home,6.0,208.0,220.0,-260.0,7.5,108.0,0.0,1,False
2018,2017-11-18,True,False,lac,cha,87,102,24,22,25,16,0,25,30,18,29,0,home,5.0,213.0,170.0,-195.0,0.5,103.0,1.0,0,True
2018,2017-11-18,True,False,gs,phi,124,116,28,24,47,25,0,47,27,15,27,0,away,9.0,233.0,-400.0,330.0,12.0,114.0,0.0,1,False
2018,2017-11-19,True,False,den,lal,109,127,26,22,36,25,0,32,38,29,28,0,away,5.0,223.0,-200.0,170.0,7.0,108.0,0.0,1,True
2018,2017-11-19,True,False,ind,mia,120,95,29,29,32,30,0,27,28,13,27,0,home,5.5,208.5,190.0,-240.0,5.5,102.0,0.0,1,False
2018,2017-11-19,True,False,wsh,tor,91,100,28,27,21,15,0,28,32,19,21,0,home,6.0,208.5,210.0,-260.0,2.0,102.5,1.0,0,True
2018,2017-11-19,True,False,gs,bkn,118,111,32,32,34,20,0,20,22,42,27,0,away,11.5,230.5,-800.0,550.0,1.0,111.5,0.0,0,False
2018,2017-11-19,True,False,det,min,100,97,22,27,22,29,0,24,29,27,17,0,home,6.0,208.5,200.0,-250.0,2.5,102.5,0.0,0,False
2018,2017-11-19,True,False,chi,phx,105,113,37,19,28,21,0,30,31,24,28,0,home,2.5,215.5,125.0,-145.0,1.0,106.5,1.0,1,True
2018,2017-11-20,True,False,atl,sa,85,96,22,16,27,20,0,24,22,24,26,0,home,9.0,203.5,350.0,-450.0,3.0,105.0,1.0,0,True
2018,2017-11-20,True,False,wsh,mil,99,88,27,20,26,26,0,19,27,20,22,0,home,3.5,208.0,140.0,-160.0,3.0,100.0,0.0,0,False
2018,2017-11-20,True,False,den,sac,114,98,22,25,34,33,0,22,25,23,28,0,away,5.0,210.5,-240.0,190.0,4.0,102.5,1.0,1,False
2018,2017-11-20,True,False,bos,dal,110,102,34,19,16,27,14,22,27,28,19,6,away,7.0,200.0,-300.0,240.0,3.0,104.0,1.0,1,False
2018,2017-11-20,True,False,por,mem,100,92,23,32,17,28,0,24,22,25,21,0,away,1.5,197.0,-120.0,100.0,3.0,102.0,1.0,0,False
2018,2017-11-20,True,False,okc,no,107,114,33,32,21,21,0,24,33,30,27,0,away,3.0,213.5,-150.0,130.0,1.0,105.0,0.0,1,True
2018,2017-11-20,True,False,ind,orl,105,97,34,16,28,27,0,31,24,17,25,0,home,3.5,220.0,140.0,-160.0,1.0,107.0,0.0,0,False
2018,2017-11-20,True,False,utah,phi,86,107,15,21,27,23,0,25,22,28,32,0,home,6.5,210.0,220.0,-270.0,0.5,107.5,1.0,0,True
2018,2017-11-20,True,False,cle,det,116,88,36,37,28,15,0,23,23,16,26,0,away,2.5,216.0,-135.0,115.0,6.0,105.0,1.0,0,False
2018,2017-11-20,True,False,lac,ny,85,107,20,24,24,17,0,20,36,27,24,0,away,2.0,208.5,-130.0,110.0,5.5,102.0,0.0,0,True
2018,2017-11-20,True,False,min,cha,102,118,24,28,28,22,0,26,29,29,34,0,home,2.5,211.5,120.0,-140.0,0.5,104.0,1.0,1,True
2018,2017-11-21,True,False,chi,lal,94,103,27,29,19,19,0,23,19,30,31,0,home,5.5,212.0,185.0,-230.0,7.5,105.5,1.0,0,True
2018,2017-11-22,True,False,lal,sac,102,113,19,22,26,35,0,31,23,22,37,0,home,1.0,205.0,-105.0,-115.0,3.5,100.0,1.0,1,True
2018,2017-11-22,True,False,mil,phx,113,107,33,21,30,21,8,23,21,31,30,2,away,2.0,218.5,-130.0,110.0,2.5,106.0,1.0,1,False
2018,2017-11-22,True,False,chi,utah,80,110,24,22,23,11,0,25,30,32,23,0,home,8.5,195.5,300.0,-400.0,3.0,97.0,1.0,0,True
2018,2017-11-22,True,False,sa,no,90,107,29,13,17,31,0,19,31,37,20,0,home,1.0,207.0,-105.0,-115.0,2.0,106.5,1.0,0,True
2018,2017-11-22,True,False,dal,mem,95,94,12,27,35,21,0,27,29,16,22,0,home,6.0,199.5,200.0,-250.0,2.0,99.0,0.0,0,False
2018,2017-11-22,True,False,gs,okc,91,108,26,22,23,20,0,33,32,29,14,0,away,5.5,221.5,-240.0,190.0,9.0,110.0,0.0,0,True
2018,2017-11-22,True,False,den,hou,95,125,17,23,27,28,0,36,39,26,24,0,home,9.0,223.5,350.0,-450.0,3.0,107.0,1.0,0,True
2018,2017-11-22,True,False,bos,mia,98,104,16,25,22,35,0,27,27,25,25,0,away,1.5,195.5,-125.0,105.0,6.0,103.0,0.0,1,True
2018,2017-11-22,True,False,tor,ny,100,108,34,25,10,31,0,26,22,41,19,0,away,4.0,210.0,-180.0,150.0,1.5,104.0,0.0,0,True
2018,2017-11-22,True,False,lac,atl,116,103,29,33,26,28,0,30,33,21,19,0,away,3.0,209.0,-150.0,130.0,2.5,103.0,1.0,1,False
2018,2017-11-22,True,False,por,phi,81,101,14,23,20,24,0,26,24,20,31,0,home,4.5,210.5,155.0,-185.0,2.0,110.5,1.0,0,True
2018,2017-11-22,True,False,bkn,cle,109,119,17,29,31,32,0,20,25,32,42,0,home,11.0,228.0,600.0,-900.0,8.5,117.5,0.0,2,True
2018,2017-11-22,True,False,wsh,cha,124,129,26,33,29,26,10,25,30,29,30,15,home,3.0,208.0,130.0,-150.0,2.0,102.5,1.0,1,True
2018,2017-11-22,True,False,orl,min,118,124,35,27,18,38,0,30,35,41,18,0,home,7.0,217.0,230.0,-280.0,3.5,107.0,0.0,1,True
2018,2017-11-24,True,False,cha,cle,99,100,28,29,25,17,0,27,27,29,17,0,home,5.5,217.0,192.0,-230.0,6.0,106.5,0.0,0,True
2018,2017-11-24,True,False,chi,gs,94,143,32,21,13,28,0,29,45,36,33,0,home,16.0,211.5,1098.0,-2200.0,3.0,102.5,1.0,1,True
2018,2017-11-24,True,False,no,phx,115,91,33,39,22,21,0,21,21,20,29,0,away,6.5,225.5,-280.0,230.0,4.0,110.0,1.0,0,False
2018,2017-11-24,True,False,mem,den,92,104,18,27,29,18,0,27,34,15,28,0,home,6.0,210.0,207.0,-250.0,2.0,102.5,1.0,0,True
2018,2017-11-24,True,False,tor,ind,104,107,25,35,20,24,0,29,21,31,26,0,away,2.0,217.0,-125.0,105.0,2.0,105.0,0.0,0,True
2018,2017-11-24,True,False,orl,bos,103,118,26,21,22,34,0,40,33,26,19,0,home,6.5,208.5,230.0,-280.0,3.5,102.0,1.0,1,True
2018,2017-11-24,True,False,det,okc,99,98,25,24,24,26,0,29,30,18,21,0,home,8.5,201.5,314.0,-396.0,1.5,98.0,0.0,0,False
2018,2017-11-24,True,False,ny,atl,104,116,39,28,19,18,0,24,35,30,27,0,home,1.0,206.5,-105.0,-115.0,2.5,102.0,1.0,1,True
2018,2017-11-24,True,False,por,bkn,127,125,23,28,41,35,0,32,21,39,33,0,away,4.5,210.5,-180.0,155.0,4.5,109.5,0.0,1,False
2018,2017-11-24,True,False,mia,min,109,97,28,30,23,28,0,24,24,22,27,0,home,3.0,207.5,135.0,-155.0,4.5,101.0,0.0,0,False
2018,2017-11-25,True,False,lac,sac,97,95,25,22,29,21,0,31,30,10,24,0,away,4.5,202.5,-190.0,160.0,5.5,99.5,0.0,0,False
2018,2017-11-25,True,False,orl,phi,111,130,28,27,30,26,0,31,39,31,29,0,home,5.5,221.0,180.0,-220.0,2.5,106.5,1.0,1,True
2018,2017-11-25,True,False,sa,cha,106,86,14,26,32,34,0,15,14,29,28,0,home,1.5,201.0,105.0,-125.0,4.5,104.0,0.0,0,False
2018,2017-11-25,True,False,por,wsh,108,105,27,14,32,35,0,30,22,31,22,0,home,4.5,201.5,145.0,-170.0,1.0,105.0,0.0,1,False
2018,2017-11-25,True,False,tor,atl,112,78,28,39,32,13,0,25,14,19,20,0,away,6.5,209.0,-260.0,210.0,4.0,101.0,1.0,0,False
2018,2017-11-25,True,False,bos,ind,108,98,27,18,37,26,0,32,22,16,28,0,away,3.5,204.5,-160.0,140.0,5.5,106.0,1.0,1,False
2018,2017-11-25,True,False,ny,hou,102,117,39,22,13,28,0,29,29,37,22,0,home,19.0,213.5,750.0,-1400.0,14.0,105.0,0.0,1,True
2018,2017-11-25,True,False,no,gs,95,110,31,22,22,20,0,17,36,31,26,0,home,10.5,227.5,500.0,-700.0,8.0,111.0,1.0,0,True
2018,2017-11-25,True,False,okc,dal,81,97,24,13,18,26,0,25,27,26,19,0,away,6.5,204.0,-270.0,220.0,8.0,100.0,0.0,0,True
2018,2017-11-25,True,False,mil,utah,108,121,30,27,28,23,0,31,33,31,26,0,away,1.0,197.0,-115.0,-105.0,3.0,96.0,0.0,1,True
2018,2017-11-26,True,False,bkn,mem,98,88,19,28,32,19,0,22,25,18,23,0,home,5.5,212.0,190.0,-240.0,4.0,110.0,0.0,0,False
2018,2017-11-26,True,False,mia,chi,100,93,7,38,19,36,0,13,29,19,32,0,away,7.5,193.5,-310.0,250.0,4.5,96.5,0.0,0,False
2018,2017-11-26,True,False,phx,min,108,119,27,31,22,28,0,33,30,30,26,0,home,11.0,220.5,550.0,-800.0,5.0,114.0,2.0,1,True
2018,2017-11-27,True,False,orl,ind,109,121,25,25,34,25,0,33,24,28,36,0,home,4.5,219.0,160.0,-185.0,0.5,106.0,1.0,1,True
2018,2017-11-27,True,False,cle,phi,113,91,29,24,33,27,0,22,23,28,18,0,home,2.0,224.0,110.0,-130.0,3.5,108.0,0.0,0,False
2018,2017-11-27,True,False,por,ny,103,91,30,23,37,13,0,23,14,27,27,0,away,1.5,203.5,-125.0,105.0,4.5,105.0,1.0,0,False
2018,2017-11-27,True,False,det,bos,118,108,31,29,26,32,0,23,34,29,22,0,home,6.0,199.0,199.0,-240.0,5.5,99.5,0.0,1,False
2018,2017-11-27,True,False,bkn,hou,103,117,26,29,25,23,0,43,23,30,21,0,home,18.0,224.0,1453.0,-4000.0,7.5,115.5,0.0,0,True
2018,2017-11-27,True,False,dal,sa,108,115,23,30,22,33,0,21,25,31,38,0,home,9.0,194.0,344.0,-440.0,9.5,96.5,0.0,1,True
2018,2017-11-27,True,False,sac,gs,110,106,27,26,30,27,0,27,28,27,24,0,home,12.5,204.0,711.0,-1100.0,7.5,102.0,0.0,1,False
2018,2017-11-27,True,False,lal,lac,115,120,32,30,27,26,0,34,26,27,33,0,home,4.5,217.0,163.0,-190.0,4.0,107.0,1.0,1,True
2018,2017-11-28,True,False,mil,sac,112,87,32,29,31,20,0,26,11,22,28,0,away,6.5,197.0,-270.0,220.0,3.0,95.0,1.0,1,False
2018,2017-11-28,True,False,den,utah,77,106,24,25,17,11,0,26,22,28,30,0,away,1.0,205.5,-115.0,-105.0,0.5,99.0,0.0,0,True
2018,2017-11-28,True,False,mia,cle,97,108,24,25,25,23,0,35,40,18,15,0,home,4.0,209.5,155.0,-185.0,5.5,102.0,1.0,0,True
2018,2017-11-28,True,False,wsh,min,92,89,23,20,25,24,0,30,21,20,18,0,home,5.0,209.0,180.0,-220.0,0.5,99.0,0.0,0,False
2018,2017-11-28,True,False,phx,chi,104,99,28,18,27,31,0,29,14,27,29,0,home,0.0,212.5,-110.0,-110.0,1.0,110.0,0.0,0,False
2018,2017-11-29,True,False,min,no,120,102,28,34,31,27,0,29,20,27,26,0,home,6.0,214.5,190.0,-240.0,5.5,104.0,0.0,1,False
2018,2017-11-29,True,False,gs,lal,127,123,30,20,34,25,18,20,34,30,25,14,away,13.5,228.5,-1200.0,750.0,12.0,113.0,0.0,1,False
2018,2017-11-29,True,False,bkn,dal,109,104,21,27,32,29,0,27,20,29,28,0,home,5.5,211.0,190.0,-240.0,4.0,109.5,0.0,1,False
2018,2017-11-29,True,False,mem,sa,95,104,21,28,24,22,0,28,30,21,25,0,home,9.0,194.5,350.0,-450.0,2.0,96.5,2.0,1,True
2018,2017-11-29,True,False,ind,hou,97,118,27,22,22,26,0,22,32,35,29,0,home,11.0,224.5,500.0,-700.0,5.0,109.0,1.0,0,True
2018,2017-11-29,True,False,mia,ny,86,115,22,22,20,22,0,33,32,23,27,0,home,1.5,206.5,100.0,-120.0,5.5,99.5,1.0,0,True
2018,2017-11-29,True,False,cha,tor,113,126,25,27,33,28,0,32,39,22,33,0,home,7.5,204.5,270.0,-340.0,1.5,99.5,1.0,1,True
2018,2017-11-29,True,False,okc,orl,108,121,25,32,23,28,0,31,28,28,34,0,away,6.0,212.5,-260.0,210.0,5.5,104.5,0.0,1,True
2018,2017-11-29,True,False,phx,det,107,131,19,22,29,37,0,36,33,35,27,0,home,11.5,216.0,550.0,-800.0,1.0,110.0,1.0,1,True
2018,2017-11-29,True,False,wsh,phi,113,118,18,22,25,48,0,28,30,26,34,0,home,7.0,211.0,250.0,-310.0,1.5,101.0,0.0,1,True
2018,2017-11-30,True,False,mil,por,103,91,33,27,27,16,0,21,24,21,25,0,home,4.0,201.0,151.0,-175.0,6.5,99.0,0.0,0,False
2018,2017-11-30,True,False,chi,den,110,111,39,29,24,18,0,30,32,29,20,0,home,10.0,209.5,462.0,-625.0,9.0,104.5,0.0,1,True
2018,2017-11-30,True,False,utah,lac,126,107,26,35,33,32,0,27,34,26,20,0,away,1.0,202.0,-120.0,100.0,0.0,106.0,1.0,1,False
2018,2017-11-30,True,False,phi,bos,97,108,22,22,27,26,0,28,26,22,32,0,home,8.0,212.0,288.0,-360.0,1.5,109.5,1.0,0,True
2018,2017-11-30,True,False,cle,atl,121,114,42,21,36,22,0,35,32,23,24,0,away,7.5,217.5,-330.0,267.0,8.0,107.5,0.0,1,False
2018,2017-12-01,True,False,cha,mia,100,105,30,19,26,25,0,22,28,29,26,0,home,2.0,205.0,115.0,-135.0,1.0,102.0,1.0,2,True
2018,2017-12-01,True,False,det,wsh,91,109,26,26,15,24,0,26,20,35,28,0,home,0.0,204.5,-110.0,-110.0,1.5,99.0,1.0,0,True
2018,2017-12-01,True,False,gs,orl,133,112,41,37,24,31,0,34,29,28,21,0,away,10.5,228.5,-675.0,475.0,1.0,113.0,1.0,1,False
2018,2017-12-01,True,False,ind,tor,115,120,32,26,31,26,0,27,38,29,26,0,home,7.0,217.5,240.0,-300.0,1.0,107.0,0.0,1,True
2018,2017-12-01,True,False,min,okc,107,111,33,21,25,28,0,42,22,21,26,0,home,5.5,208.5,190.0,-240.0,0.5,102.0,0.0,1,True
2018,2017-12-01,True,False,sa,mem,95,79,24,23,21,27,0,18,20,21,20,0,away,3.5,192.5,-155.0,135.0,1.0,100.5,1.0,0,False
2018,2017-12-01,True,False,sac,chi,107,106,29,32,21,25,0,31,29,21,25,0,away,1.0,195.5,-115.0,-105.0,0.5,98.0,2.0,1,False
2018,2017-12-01,True,False,no,utah,108,114,29,26,29,24,0,27,16,37,34,0,away,3.5,205.0,-155.0,135.0,2.5,100.5,0.0,1,True
2018,2017-12-02,True,False,sac,mil,104,109,25,27,24,28,0,33,30,25,21,0,home,13.0,199.5,750.0,-1200.0,4.0,98.5,0.0,1,True
2018,2017-12-02,True,False,lal,den,100,115,29,30,21,20,0,34,21,23,37,0,home,3.5,222.0,145.0,-170.0,2.5,108.5,1.0,0,True
2018,2017-12-02,True,False,no,por,123,116,26,34,38,25,0,33,24,25,34,0,home,7.5,211.0,250.0,-310.0,6.0,104.5,0.0,1,False
2018,2017-12-02,True,False,mem,cle,111,116,32,20,30,29,0,28,38,27,23,0,home,11.5,205.5,550.0,-800.0,2.0,100.0,0.0,1,True
2018,2017-12-02,True,False,atl,bkn,114,102,25,29,27,33,0,22,23,30,27,0,home,4.5,217.0,175.0,-210.0,5.0,113.0,0.0,0,False
2018,2017-12-02,True,False,lac,dal,82,108,17,21,28,16,0,24,35,27,22,0,home,4.5,209.0,160.0,-190.0,3.5,101.0,1.0,0,True
2018,2017-12-02,True,False,phx,bos,111,116,22,32,25,32,0,31,29,29,27,0,home,12.0,217.0,600.0,-900.0,5.5,112.0,0.0,1,True
2018,2017-12-02,True,False,det,phi,103,108,25,22,33,23,0,32,31,17,28,0,home,4.0,213.0,150.0,-180.0,4.0,105.0,1.0,0,True
2018,2017-12-03,True,False,orl,ny,105,100,36,18,24,27,0,25,26,25,24,0,away,2.5,212.0,-140.0,120.0,1.0,103.5,1.0,0,False
2018,2017-12-03,True,False,gs,mia,123,95,33,29,37,24,0,36,24,17,18,0,away,10.5,221.5,-650.0,450.0,7.0,109.0,1.0,0,False
2018,2017-12-03,True,False,lac,min,106,112,27,28,21,30,0,31,29,18,34,0,home,12.0,214.0,600.0,-900.0,5.5,102.5,0.0,1,True
2018,2017-12-03,True,False,sa,okc,87,90,18,25,30,14,0,25,29,22,14,0,home,8.5,199.5,300.0,-400.0,1.0,102.5,0.0,0,True
2018,2017-12-03,True,False,hou,lal,118,95,27,34,24,33,0,27,19,27,22,0,away,12.0,224.5,-900.0,600.0,2.0,108.5,1.0,0,False
2018,2017-12-04,True,False,det,sa,93,96,29,24,20,20,0,28,22,19,27,0,home,4.0,200.0,145.0,-170.0,4.5,98.5,0.0,0,True
2018,2017-12-04,True,False,den,dal,105,122,23,24,35,23,0,39,25,29,29,0,home,2.0,209.0,110.0,-130.0,4.0,101.5,1.0,1,True
2018,2017-12-04,True,False,gs,no,125,115,26,23,39,37,0,33,36,22,24,0,away,9.5,228.0,-450.0,350.0,11.5,112.0,1.0,1,False
2018,2017-12-04,True,False,min,mem,92,95,26,27,22,17,0,29,27,20,19,0,away,2.5,201.5,-145.0,125.0,3.5,99.5,0.0,0,True
2018,2017-12-04,True,False,cle,chi,113,91,29,32,25,27,0,22,23,26,20,0,away,9.0,210.0,-500.0,375.0,0.0,100.0,1.0,0,False
2018,2017-12-04,True,False,wsh,utah,69,116,15,15,22,17,0,29,35,24,28,0,home,4.0,196.5,145.0,-170.0,6.5,94.5,1.0,0,True
2018,2017-12-04,True,False,mil,bos,100,111,26,23,32,19,0,34,28,26,23,0,home,5.0,203.5,175.0,-210.0,2.5,99.5,1.0,1,True
2018,2017-12-04,True,False,phx,phi,115,101,28,32,29,26,0,28,19,32,22,0,home,10.5,227.0,450.0,-650.0,10.0,116.0,0.0,0,False
2018,2017-12-04,True,False,orl,cha,94,104,23,22,29,20,0,26,28,21,29,0,home,7.5,218.5,240.0,-300.0,0.5,107.0,1.0,0,True
2018,2017-12-04,True,False,ny,ind,97,115,19,21,25,32,0,31,35,29,20,0,home,11.0,211.0,500.0,-700.0,1.5,101.5,1.0,1,True
2018,2017-12-04,True,False,bkn,atl,110,90,33,20,31,26,0,32,22,15,21,0,home,1.0,221.5,-105.0,-115.0,0.5,114.5,0.0,0,False
2018,2017-12-05,True,False,phx,tor,113,126,23,23,33,34,0,36,19,42,29,0,home,14.5,224.5,1000.0,-2000.0,5.5,116.0,0.0,1,True
2018,2017-12-05,True,False,utah,okc,94,100,28,19,33,14,0,19,20,29,32,0,home,8.5,199.0,300.0,-400.0,9.0,104.0,0.0,0,True
2018,2017-12-05,True,False,wsh,por,106,92,24,27,28,27,0,22,15,29,26,0,home,6.5,202.0,210.0,-260.0,8.0,100.0,0.0,0,False
2018,2017-12-06,True,False,min,lac,113,107,29,33,26,25,0,22,27,31,27,0,away,5.5,210.5,-220.0,180.0,2.0,102.0,1.0,1,False
2018,2017-12-06,True,False,mia,sa,105,117,35,23,24,23,0,27,30,29,31,0,home,8.0,197.5,300.0,-400.0,6.0,97.5,1.0,1,True
2018,2017-12-06,True,False,det,mil,100,104,27,24,25,24,0,30,30,16,28,0,home,4.5,204.0,155.0,-185.0,1.0,98.5,0.0,2,True
2018,2017-12-06,True,False,gs,cha,101,87,26,27,26,22,0,18,20,30,19,0,away,4.0,215.0,-165.0,142.0,3.5,105.5,1.0,0,False
2018,2017-12-06,True,False,den,no,114,123,33,33,25,23,0,33,34,30,26,0,home,5.0,221.5,180.0,-220.0,3.5,107.0,1.0,1,True
2018,2017-12-06,True,False,dal,bos,90,97,26,31,16,17,0,24,23,23,27,0,home,7.5,201.0,275.0,-350.0,9.0,100.0,0.0,0,True
2018,2017-12-06,True,False,sac,cle,95,101,22,35,21,17,0,19,29,25,28,0,home,12.5,210.0,750.0,-1200.0,13.0,104.0,0.0,0,True
2018,2017-12-06,True,False,chi,ind,96,98,30,25,28,13,0,20,19,30,29,0,home,10.0,207.0,425.0,-600.0,10.5,102.5,0.0,0,True
2018,2017-12-06,True,False,atl,orl,106,110,23,29,27,17,10,31,13,30,22,14,home,6.0,215.5,220.0,-270.0,6.5,111.5,0.0,1,True
2018,2017-12-06,True,False,mem,ny,88,99,32,17,18,21,0,23,26,27,23,0,home,1.5,197.5,105.0,-125.0,1.5,96.5,1.0,0,True
2018,2017-12-07,True,False,lal,phi,107,104,32,25,22,28,0,25,24,21,34,0,home,9.0,221.0,320.0,-420.0,9.5,111.0,0.0,0,False
2018,2017-12-07,True,False,wsh,phx,109,99,26,31,28,24,0,28,24,32,15,0,away,6.5,213.0,-270.0,220.0,2.5,104.5,1.0,0,False
2018,2017-12-07,True,False,okc,bkn,95,100,33,25,21,16,0,20,29,25,26,0,away,7.0,215.5,-280.0,230.0,2.0,107.0,0.0,0,True
2018,2017-12-07,True,False,hou,utah,112,101,25,26,37,24,0,20,26,20,35,0,away,6.0,211.5,-250.0,200.0,2.5,103.5,1.0,1,False
2018,2017-12-08,True,False,bos,sa,102,105,31,24,27,20,0,26,30,21,28,0,home,2.5,199.0,115.0,-135.0,1.0,103.5,1.0,1,True
2018,2017-12-08,True,False,tor,mem,116,107,25,32,35,24,0,34,28,31,14,0,away,5.0,201.0,-200.0,170.0,6.0,99.5,1.0,1,False
2018,2017-12-08,True,False,sac,no,116,109,24,23,30,25,14,25,28,29,20,7,home,9.5,208.0,394.0,-515.0,3.5,101.5,0.0,1,False
2018,2017-12-08,True,False,dal,mil,102,109,25,29,24,24,0,22,27,28,32,0,home,6.5,201.0,230.0,-280.0,7.5,98.5,1.0,1,True
2018,2017-12-08,True,False,den,orl,103,89,14,35,32,22,0,25,23,22,19,0,home,2.0,218.0,105.0,-125.0,2.0,106.5,0.0,0,False
2018,2017-12-08,True,False,cle,ind,102,106,33,30,23,16,0,32,25,32,17,0,away,3.0,221.0,-170.0,148.0,0.5,107.0,0.0,0,True
2018,2017-12-08,True,False,chi,cha,119,111,31,21,23,31,13,25,27,27,27,5,home,9.5,202.5,416.0,-550.0,6.5,99.5,0.0,1,False
2018,2017-12-08,True,False,gs,det,102,98,30,16,31,25,0,24,26,17,31,0,away,5.5,212.0,-240.0,199.0,6.0,105.0,0.0,0,False
2018,2017-12-09,True,False,hou,por,124,117,31,31,22,40,0,37,25,36,19,0,away,8.5,217.5,-420.0,320.0,6.0,107.5,0.0,1,False
2018,2017-12-09,True,False,okc,mem,102,101,19,27,21,25,10,34,23,9,26,9,away,5.5,197.0,-220.0,180.0,5.5,95.5,0.0,1,False
2018,2017-12-09,True,False,utah,mil,100,117,19,23,24,34,0,29,22,32,34,0,home,1.0,197.0,-105.0,-115.0,3.0,102.5,1.0,1,True
2018,2017-12-09,True,False,ny,chi,102,104,18,26,26,32,0,27,22,19,36,0,away,3.5,200.0,-170.0,145.0,3.0,99.0,0.0,1,True
2018,2017-12-09,True,False,sa,phx,104,101,28,24,27,25,0,17,22,32,30,0,away,5.0,205.5,-230.0,185.0,1.5,106.0,0.0,0,False
2018,2017-12-09,True,False,orl,atl,110,117,22,32,33,23,0,32,25,32,28,0,home,5.5,208.5,190.0,-240.0,2.0,101.0,1.0,1,True
2018,2017-12-09,True,False,lal,cha,110,99,28,24,24,34,0,29,27,19,24,0,home,3.5,212.0,140.0,-160.0,1.0,104.0,0.0,0,False
2018,2017-12-09,True,False,mia,bkn,101,89,24,26,25,26,0,26,27,19,17,0,away,2.5,212.5,-135.0,115.0,2.0,104.5,1.0,0,False
2018,2017-12-09,True,False,wsh,lac,112,113,27,22,32,31,0,30,32,23,28,0,away,2.0,204.5,-130.0,110.0,4.5,100.0,0.0,1,True
2018,2017-12-09,True,False,phi,cle,98,105,24,22,27,25,0,23,29,26,27,0,home,5.5,220.5,190.0,-240.0,2.0,113.0,1.0,0,True
2018,2017-12-10,True,False,tor,sac,102,87,22,32,25,23,0,17,29,21,20,0,away,9.0,207.0,-425.0,325.0,3.0,102.0,1.0,0,False
2018,2017-12-10,True,False,bos,det,91,81,29,15,29,18,0,21,16,22,22,0,away,1.0,201.0,-120.0,100.0,1.5,103.5,1.0,0,False
2018,2017-12-10,True,False,den,ind,116,126,35,31,22,26,2,22,37,31,24,12,home,5.0,217.0,175.0,-210.0,5.0,107.5,1.0,1,True
2018,2017-12-10,True,False,dal,min,92,97,24,24,21,23,0,23,24,24,26,0,home,8.0,208.0,275.0,-350.0,6.0,102.5,0.0,0,True
2018,2017-12-10,True,False,phi,no,124,131,26,29,40,29,0,32,34,21,44,0,home,6.5,218.0,225.0,-275.0,0.5,111.0,1.0,1,True
2018,2017-12-10,True,False,atl,ny,107,111,21,31,23,32,0,24,27,25,35,0,home,5.5,206.5,180.0,-220.0,5.0,107.0,0.0,1,True
2018,2017-12-11,True,False,tor,lac,91,96,30,23,21,17,0,19,32,19,26,0,away,6.0,214.5,-250.0,200.0,3.5,106.0,0.0,0,True
2018,2017-12-11,True,False,por,gs,104,111,28,19,28,29,0,27,33,33,18,0,home,8.0,216.5,300.0,-400.0,0.5,111.5,0.0,0,True
2018,2017-12-11,True,False,cha,okc,116,103,34,18,40,24,0,26,26,22,29,0,home,7.5,207.0,275.0,-350.0,5.5,102.0,0.0,1,False
2018,2017-12-11,True,False,mia,mem,107,82,21,24,25,37,0,23,19,18,22,0,home,1.5,193.5,105.0,-125.0,1.0,94.5,0.0,0,False
2018,2017-12-11,True,False,bos,chi,85,108,29,13,21,22,0,28,28,22,30,0,away,5.5,193.5,-240.0,190.0,7.5,101.0,0.0,0,True
2018,2017-12-11,True,False,no,hou,123,130,41,35,27,20,0,35,43,18,34,0,home,14.0,227.5,800.0,-1400.0,8.5,112.0,0.0,1,True
2018,2017-12-12,True,False,atl,cle,114,123,31,17,29,37,0,31,31,32,29,0,home,12.0,215.0,639.0,-950.0,3.0,108.0,0.0,1,True
2018,2017-12-12,True,False,den,det,103,84,26,23,31,23,0,18,22,20,24,0,home,7.0,211.0,226.0,-275.0,7.5,104.5,0.0,0,False
2018,2017-12-12,True,False,lal,ny,109,113,29,22,28,20,10,25,25,26,23,14,home,2.5,211.0,125.0,-145.0,2.5,104.5,1.0,1,True
2018,2017-12-12,True,False,wsh,bkn,98,103,22,29,27,20,0,30,21,28,24,0,away,3.0,214.0,-155.0,135.0,3.0,105.5,0.0,0,True
2018,2017-12-12,True,False,phi,min,118,112,20,28,26,26,18,27,24,25,24,12,home,4.5,215.0,166.0,-195.0,2.5,111.5,0.0,1,False
2018,2017-12-12,True,False,sa,dal,89,95,23,21,25,20,0,30,16,21,28,0,away,5.5,200.0,-255.0,211.0,6.0,105.0,0.0,0,True
2018,2017-12-12,True,False,phx,sac,92,99,23,28,23,18,0,21,28,25,25,0,home,5.0,210.0,171.0,-201.0,5.0,108.5,1.0,0,True
2018,2017-12-13,True,False,cha,hou,96,108,23,26,20,27,0,38,25,28,17,0,home,12.0,220.0,619.0,-910.0,1.5,108.0,2.0,0,True
2018,2017-12-13,True,False,tor,phx,115,109,37,21,34,23,0,31,21,27,30,0,away,12.0,220.5,-850.0,588.0,5.5,108.5,0.0,1,False
2018,2017-12-13,True,False,mil,no,108,115,37,26,22,23,0,32,30,25,28,0,home,2.0,217.5,110.0,-130.0,2.0,106.5,1.0,1,True
2018,2017-12-13,True,False,utah,chi,100,103,24,24,26,26,0,30,19,28,26,0,away,5.5,196.5,-215.0,180.0,5.0,102.5,0.0,1,True
2018,2017-12-13,True,False,lac,orl,106,95,13,32,29,32,0,24,16,28,27,0,away,1.5,210.0,-120.0,100.0,1.5,102.5,1.0,0,False
2018,2017-12-13,True,False,den,bos,118,124,31,28,33,26,0,30,38,29,27,0,home,6.0,210.0,199.0,-240.0,0.0,103.0,2.0,1,True
2018,2017-12-13,True,False,okc,ind,100,95,22,29,22,27,0,27,19,23,26,0,away,1.5,213.5,-115.0,-105.0,1.5,105.0,1.0,0,False
2018,2017-12-13,True,False,mem,wsh,87,93,12,17,28,30,0,22,19,19,33,0,home,7.5,199.5,263.0,-325.0,0.5,96.5,0.0,0,True
2018,2017-12-13,True,False,por,mia,102,95,21,29,20,32,0,33,27,19,16,0,home,2.5,204.5,115.0,-135.0,2.5,106.0,0.0,0,False
2018,2017-12-14,True,False,dal,gs,97,112,28,20,25,24,0,24,24,32,32,0,home,10.0,209.5,450.0,-650.0,7.5,104.5,1.0,0,True
2018,2017-12-14,True,False,sac,min,96,119,22,33,16,25,0,32,32,31,24,0,home,11.0,202.0,500.0,-700.0,4.0,99.5,1.0,1,True
2018,2017-12-14,True,False,ny,bkn,111,104,32,31,24,24,0,26,24,32,22,0,home,1.5,212.0,105.0,-125.0,4.0,105.0,0.0,1,False
2018,2017-12-14,True,False,lal,cle,112,121,26,34,26,26,0,24,39,31,27,0,home,10.0,220.5,450.0,-650.0,6.0,108.5,0.0,1,True
2018,2017-12-14,True,False,det,atl,105,91,30,29,26,20,0,31,15,18,27,0,away,4.0,206.0,-180.0,150.0,2.5,99.5,1.0,0,False
2018,2017-12-15,True,False,sa,hou,109,124,16,27,29,37,0,31,29,32,32,0,home,8.0,213.5,295.0,-390.0,3.0,111.0,1.0,1,True
2018,2017-12-15,True,False,atl,mem,94,96,21,26,26,21,0,17,23,32,24,0,home,6.5,198.0,220.0,-270.0,6.0,103.5,0.0,0,True
2018,2017-12-15,True,False,chi,mil,115,109,33,26,23,33,0,30,28,24,27,0,home,8.5,205.0,300.0,-400.0,6.5,100.0,0.0,1,False
2018,2017-12-15,True,False,bkn,tor,87,120,20,24,20,23,0,30,28,33,29,0,home,13.0,218.5,700.0,-1100.0,3.0,112.0,1.0,0,True
2018,2017-12-15,True,False,utah,bos,107,95,21,25,33,28,0,26,13,28,28,0,home,4.5,197.0,170.0,-200.0,9.5,103.0,0.0,1,False
2018,2017-12-15,True,False,no,den,111,117,33,25,28,18,7,20,26,30,28,13,home,1.5,222.0,100.0,-120.0,4.0,108.0,1.0,1,True
2018,2017-12-15,True,False,por,orl,95,88,24,26,25,20,0,20,23,23,22,0,away,4.0,208.5,-185.0,155.0,0.0,108.0,1.0,0,False
2018,2017-12-15,True,False,lac,wsh,91,100,18,25,21,27,0,25,23,27,25,0,home,10.5,208.5,425.0,-600.0,5.0,102.5,0.0,0,True
2018,2017-12-15,True,False,mia,cha,104,98,24,29,26,25,0,19,28,24,27,0,home,5.0,203.5,175.0,-210.0,4.5,100.0,0.0,0,False
2018,2017-12-15,True,False,det,ind,104,98,27,25,34,18,0,19,35,20,24,0,home,5.5,207.5,185.0,-230.0,3.0,101.0,0.0,0,False
2018,2017-12-15,True,False,okc,phi,119,117,28,27,26,13,25,23,24,30,17,23,home,1.5,213.5,105.0,-125.0,3.5,105.5,0.0,1,False
2018,2017-12-16,True,False,por,cha,93,91,24,25,25,19,0,20,17,30,24,0,home,3.5,204.0,145.0,-170.0,6.0,105.5,0.0,0,False
2018,2017-12-16,True,False,utah,cle,100,109,24,24,25,27,0,23,28,29,29,0,home,9.5,212.0,400.0,-550.0,5.0,110.5,0.0,0,True
2018,2017-12-16,True,False,okc,ny,96,111,26,18,29,23,0,23,27,30,31,0,away,4.5,202.0,-190.0,160.0,5.0,98.0,0.0,1,True
2018,2017-12-16,True,False,lac,mia,85,90,17,23,25,20,0,24,22,23,21,0,home,6.5,205.5,220.0,-270.0,1.0,100.5,0.0,0,True
2018,2017-12-16,True,False,phx,min,108,106,22,20,35,31,0,25,25,31,25,0,home,12.0,218.0,600.0,-900.0,4.5,111.5,0.0,0,False
2018,2017-12-16,True,False,mil,hou,111,115,25,30,24,32,0,28,27,29,31,0,home,10.5,221.5,450.0,-650.0,7.0,108.5,0.0,1,True
2018,2017-12-16,True,False,dal,sa,96,98,31,22,27,16,0,18,25,28,27,0,home,6.0,198.0,200.0,-250.0,6.5,98.0,0.0,0,True
2018,2017-12-16,True,False,bos,mem,102,93,31,17,23,31,0,12,28,33,20,0,away,5.5,194.5,-240.0,190.0,1.0,100.5,1.0,1,False
2018,2017-12-17,True,False,cle,wsh,106,99,27,33,23,23,0,23,37,23,16,0,home,2.0,216.0,110.0,-130.0,1.0,105.5,0.0,0,False
2018,2017-12-17,True,False,ind,bkn,109,97,28,31,21,29,0,29,19,24,25,0,away,3.5,220.0,-165.0,142.0,2.0,108.5,1.0,0,False
2018,2017-12-17,True,False,sac,tor,93,108,30,33,14,16,0,35,26,22,25,0,home,12.0,203.0,600.0,-900.0,9.5,100.0,1.0,0,True
2018,2017-12-17,True,False,orl,det,110,114,23,20,36,31,0,36,24,36,18,0,home,9.0,204.0,320.0,-420.0,1.5,100.5,0.0,1,True
2018,2017-12-18,True,False,lac,sa,91,109,17,32,21,21,0,31,26,28,24,0,home,11.5,199.5,600.0,-900.0,4.5,97.5,1.0,1,True
2018,2017-12-18,True,False,ny,cha,91,109,23,19,22,27,0,29,31,28,21,0,home,8.0,205.5,260.0,-330.0,1.0,101.5,1.0,0,True
2018,2017-12-18,True,False,bos,ind,112,111,38,24,23,27,0,21,26,31,33,0,away,2.5,205.5,-140.0,120.0,4.0,108.0,0.0,1,False
2018,2017-12-18,True,False,mia,atl,104,110,30,27,19,28,0,29,29,29,23,0,home,1.5,201.5,105.0,-125.0,1.0,99.0,1.0,1,True
2018,2017-12-18,True,False,phi,chi,115,117,25,34,28,28,0,30,37,22,28,0,away,2.0,210.5,-130.0,110.0,3.5,109.0,0.0,1,True
2018,2017-12-18,True,False,den,okc,94,95,18,26,32,18,0,32,20,18,25,0,home,5.0,211.0,170.0,-200.0,0.0,104.0,0.0,0,True
2018,2017-12-18,True,False,utah,hou,99,120,26,24,34,15,0,25,26,28,41,0,home,12.0,217.0,650.0,-1000.0,8.0,113.0,1.0,1,True
2018,2017-12-18,True,False,por,min,107,108,24,30,31,22,0,24,27,25,32,0,home,4.0,207.5,150.0,-180.0,4.5,109.5,0.0,1,True
2018,2017-12-18,True,False,phx,dal,97,91,25,24,19,29,0,22,28,25,16,0,home,7.5,209.0,240.0,-300.0,5.0,109.0,0.0,0,False
2018,2017-12-18,True,False,gs,lal,116,114,32,25,26,19,14,24,29,29,20,12,away,5.5,218.5,-230.0,185.0,2.0,108.0,0.0,1,False
2018,2017-12-19,True,False,no,wsh,106,116,19,36,15,36,0,36,25,32,23,0,home,2.0,217.0,110.0,-130.0,1.5,106.5,1.0,1,True
2018,2017-12-19,True,False,sac,phi,101,95,30,18,23,30,0,27,30,21,17,0,home,8.5,207.5,310.0,-410.0,1.5,101.5,0.0,0,False
2018,2017-12-19,True,False,cle,mil,116,119,34,24,25,33,0,30,39,29,21,0,away,1.0,215.0,-115.0,-105.0,5.0,106.0,0.0,1,True
2018,2017-12-20,True,False,min,den,112,104,17,33,30,32,0,24,28,32,20,0,home,0.0,215.0,-110.0,-110.0,0.5,106.5,0.0,1,False
2018,2017-12-20,True,False,sa,por,93,91,25,29,20,19,0,22,24,26,19,0,home,3.0,198.5,130.0,-150.0,4.0,103.5,0.0,0,False
2018,2017-12-20,True,False,det,dal,93,110,25,28,13,27,0,22,43,24,21,0,home,1.5,197.0,105.0,-125.0,3.5,96.5,1.0,1,True
2018,2017-12-20,True,False,phx,lac,95,108,15,20,31,29,0,23,30,28,27,0,home,5.5,215.5,190.0,-240.0,2.5,110.0,1.0,0,True
2018,2017-12-20,True,False,mem,gs,84,97,28,23,14,19,0,24,32,18,23,0,home,10.0,204.5,425.0,-600.0,4.0,101.0,1.0,0,True
2018,2017-12-20,True,False,orl,chi,94,112,24,24,18,28,0,31,28,31,22,0,home,5.5,210.5,180.0,-220.0,1.5,102.5,1.0,0,True
2018,2017-12-20,True,False,utah,okc,79,107,9,28,23,19,0,25,28,34,20,0,home,8.0,197.0,285.0,-370.0,2.0,102.0,1.0,0,True
2018,2017-12-20,True,False,mia,bos,90,89,15,21,26,28,0,24,20,15,30,0,home,9.0,200.0,350.0,-450.0,2.5,96.0,0.0,0,False
2018,2017-12-20,True,False,ind,atl,105,95,28,25,25,27,0,27,24,20,24,0,away,5.0,213.0,-200.0,170.0,2.5,103.5,1.0,0,False
2018,2017-12-20,True,False,sac,bkn,104,99,36,28,22,18,0,20,28,27,24,0,home,5.5,206.0,190.0,-240.0,7.5,102.0,0.0,0,False
2018,2017-12-20,True,False,tor,cha,129,111,22,41,36,30,0,26,21,32,32,0,away,2.0,211.5,-135.0,115.0,5.0,104.5,1.0,1,False
2018,2017-12-20,True,False,lal,hou,122,116,37,26,31,28,0,22,37,30,27,0,home,15.0,225.5,1000.0,-2000.0,12.0,111.5,0.0,1,False
2018,2017-12-21,True,False,tor,phi,114,109,30,22,34,28,0,31,34,23,21,0,away,4.0,217.5,-180.0,150.0,6.5,107.0,1.0,1,False
2018,2017-12-21,True,False,chi,cle,112,115,27,29,23,33,0,29,29,24,33,0,home,10.0,216.0,550.0,-800.0,6.0,105.0,0.0,1,True
2018,2017-12-21,True,False,bos,ny,93,102,15,25,28,25,0,25,19,24,34,0,away,3.0,203.5,-150.0,130.0,3.5,105.5,0.0,0,True
2018,2017-12-21,True,False,mem,phx,95,97,25,26,30,14,0,26,34,19,18,0,away,3.5,203.0,-160.0,140.0,4.0,99.0,0.0,0,True
2018,2017-12-21,True,False,sa,utah,89,100,17,21,32,19,0,24,26,22,28,0,away,2.0,195.0,-135.0,115.0,6.0,101.5,0.0,0,True
2018,2017-12-22,True,False,lal,gs,106,113,24,20,28,34,0,27,34,23,29,0,home,12.0,216.0,600.0,-900.0,1.0,104.5,0.0,1,True
2018,2017-12-22,True,False,den,por,102,85,28,24,28,22,0,22,19,25,19,0,away,1.5,203.0,-130.0,110.0,3.0,100.0,1.0,0,False
2018,2017-12-22,True,False,cha,mil,104,109,23,36,26,19,0,26,26,31,26,0,home,5.0,209.0,175.0,-210.0,6.0,101.5,2.0,1,True
2018,2017-12-22,True,False,lac,hou,128,118,23,29,35,41,0,33,32,20,33,0,home,12.0,221.0,600.0,-900.0,3.0,105.0,0.0,1,False
2018,2017-12-22,True,False,wsh,bkn,84,119,23,20,18,23,0,26,27,35,31,0,away,6.5,215.5,-270.0,220.0,7.5,105.0,0.0,0,True
2018,2017-12-22,True,False,dal,mia,101,113,23,30,20,28,0,32,21,29,31,0,away,2.0,195.5,-125.0,105.0,2.0,95.5,0.0,1,True
2018,2017-12-22,True,False,no,orl,111,97,32,28,28,23,0,20,30,22,25,0,away,6.0,218.0,-250.0,200.0,0.5,106.0,1.0,0,False
2018,2017-12-22,True,False,ny,det,101,104,21,23,31,26,0,25,27,22,30,0,home,6.5,202.5,230.0,-280.0,1.0,98.5,0.0,1,True
2018,2017-12-22,True,False,atl,okc,117,120,28,22,31,36,0,28,36,18,38,0,home,11.0,204.0,500.0,-700.0,2.5,105.0,0.0,1,True
2018,2017-12-23,True,False,okc,utah,103,89,28,19,29,27,0,22,21,21,25,0,home,1.5,197.5,105.0,-125.0,1.5,97.0,0.0,0,False
2018,2017-12-23,True,False,sa,sac,108,99,33,29,22,24,0,33,16,27,23,0,away,6.0,196.0,-260.0,210.0,1.0,101.0,1.0,1,False
2018,2017-12-23,True,False,por,lal,95,92,17,27,26,25,0,24,25,21,22,0,home,3.0,200.5,140.0,-160.0,0.0,104.0,0.0,0,False
2018,2017-12-23,True,False,min,phx,115,106,33,31,22,29,0,24,19,37,26,0,away,8.0,217.0,-360.0,280.0,2.0,105.0,1.0,1,False
2018,2017-12-23,True,False,den,gs,96,81,22,31,20,23,0,20,21,21,19,0,home,8.0,216.5,300.0,-400.0,10.0,107.5,0.0,0,False
2018,2017-12-23,True,False,lac,mem,112,115,33,26,22,31,0,30,33,27,25,0,home,3.0,197.5,125.0,-145.0,0.0,97.5,2.0,1,True
2018,2017-12-23,True,False,orl,wsh,103,130,29,19,35,20,0,37,35,28,30,0,home,12.0,211.5,650.0,-1000.0,1.0,103.0,1.0,1,True
2018,2017-12-23,True,False,dal,atl,107,112,25,28,27,27,0,25,23,31,33,0,away,1.5,202.5,-125.0,105.0,0.0,99.5,0.0,1,True
2018,2017-12-23,True,False,chi,bos,92,117,31,27,18,16,0,33,27,38,19,0,home,8.0,204.5,280.0,-360.0,4.5,101.5,1.0,1,True
2018,2017-12-23,True,False,mil,cha,106,111,23,31,31,21,0,24,29,28,30,0,home,4.5,207.5,150.0,-180.0,4.5,102.5,1.0,1,True
2018,2017-12-23,True,False,bkn,ind,119,123,28,29,24,30,8,21,20,39,31,12,home,9.5,215.5,400.0,-550.0,10.0,112.0,0.0,1,True
2018,2017-12-23,True,False,phi,tor,86,102,27,19,17,23,0,27,28,26,21,0,home,7.5,218.0,255.0,-320.0,1.0,111.5,1.0,0,True
2018,2017-12-23,True,False,no,mia,109,94,27,29,27,26,0,28,25,16,25,0,away,3.0,209.0,-150.0,130.0,1.0,101.5,1.0,0,False
2018,2017-12-25,True,False,min,lal,121,104,29,24,30,38,0,20,32,28,24,0,away,6.0,216.0,-250.0,200.0,4.5,106.0,1.0,1,False
2018,2017-12-25,True,False,phi,ny,105,98,21,29,29,26,0,24,24,27,23,0,away,1.0,211.5,-120.0,100.0,0.0,108.5,1.0,0,False
2018,2017-12-25,True,False,cle,gs,92,99,28,16,23,25,0,24,22,25,28,0,home,4.0,216.0,150.0,-180.0,2.5,105.0,1.0,0,True
2018,2017-12-25,True,False,wsh,bos,111,103,30,22,28,31,0,24,26,26,27,0,home,4.0,208.5,150.0,-180.0,4.5,105.0,0.0,1,False
2018,2017-12-25,True,False,hou,okc,107,112,31,26,31,19,0,28,30,30,24,0,home,2.5,219.5,120.0,-140.0,1.0,108.5,1.0,0,True
2018,2017-12-26,True,False,mem,phx,97,99,19,34,23,21,0,29,28,19,23,0,away,1.5,204.5,-120.0,100.0,1.5,99.5,0.0,0,True
2018,2017-12-26,True,False,utah,den,83,107,20,14,25,24,0,28,22,26,31,0,home,6.0,204.0,210.0,-260.0,2.5,105.5,1.0,0,True
2018,2017-12-26,True,False,sac,lac,95,122,30,23,20,22,0,30,41,24,27,0,home,5.5,205.5,190.0,-240.0,2.5,101.0,1.0,1,True
2018,2017-12-26,True,False,bkn,sa,97,109,16,28,25,28,0,19,31,30,29,0,home,11.5,207.0,575.0,-850.0,5.0,107.5,1.0,0,True
2018,2017-12-26,True,False,tor,dal,93,98,23,30,24,16,0,31,26,28,13,0,away,6.0,209.5,-250.0,200.0,6.0,103.5,0.0,0,True
2018,2017-12-26,True,False,orl,mia,89,107,18,31,19,21,0,21,22,25,39,0,home,8.5,204.5,300.0,-400.0,9.0,99.5,1.0,0,True
2018,2017-12-26,True,False,ind,det,83,107,19,26,21,17,0,40,18,24,25,0,home,2.0,207.5,110.0,-130.0,4.5,101.5,1.0,0,True
2018,2017-12-26,True,False,chi,mil,115,106,22,34,27,32,0,31,22,30,23,0,home,7.5,211.5,250.0,-310.0,6.5,103.0,0.0,1,False
2018,2017-12-27,True,False,utah,gs,101,126,24,23,22,32,0,23,25,42,36,0,home,11.0,203.5,534.0,-750.0,7.5,106.0,1.0,1,True
2018,2017-12-27,True,False,mem,lal,109,99,24,30,22,33,0,18,29,29,23,0,home,3.5,202.0,140.0,-160.0,3.5,99.0,0.0,1,False
2018,2017-12-27,True,False,den,min,125,128,23,35,24,32,11,35,36,17,26,14,home,4.5,211.5,160.0,-185.0,2.0,103.5,0.0,1,True
2018,2017-12-27,True,False,tor,okc,107,124,38,25,25,19,0,32,34,36,22,0,home,3.5,209.5,148.0,-170.0,2.0,101.5,1.0,1,True
2018,2017-12-27,True,False,cle,sac,95,109,27,28,25,15,0,28,34,23,24,0,away,9.5,208.0,-525.0,400.0,9.5,102.5,0.0,0,True
2018,2017-12-27,True,False,bkn,no,113,128,23,23,29,38,0,31,38,22,37,0,home,9.0,222.5,351.0,-450.0,1.5,113.0,1.0,1,True
2018,2017-12-27,True,False,wsh,atl,99,113,29,28,19,23,0,29,26,23,35,0,away,5.5,214.0,-215.0,180.0,3.5,105.0,0.0,0,True
2018,2017-12-27,True,False,dal,ind,98,94,22,31,18,27,0,29,25,20,20,0,home,3.5,202.5,144.0,-165.0,2.0,100.0,0.0,0,False
2018,2017-12-27,True,False,bos,cha,102,91,28,32,16,26,0,16,28,31,16,0,away,1.0,206.5,-111.0,-109.0,5.0,106.5,1.0,0,False
2018,2017-12-27,True,False,ny,chi,87,92,28,24,21,14,0,17,32,22,21,0,home,1.5,208.0,105.0,-125.0,1.5,102.0,1.0,0,True
2018,2017-12-28,True,False,det,orl,89,102,28,22,23,16,0,33,17,27,25,0,away,4.0,205.5,-180.0,150.0,2.5,102.0,0.0,0,True
2018,2017-12-28,True,False,hou,bos,98,99,32,30,16,20,0,12,26,31,30,0,away,1.5,216.0,-120.0,100.0,5.5,105.5,0.0,0,True
2018,2017-12-28,True,False,min,mil,96,102,26,30,28,12,0,16,30,29,27,0,home,4.5,212.0,160.0,-190.0,5.5,103.5,1.0,0,True
2018,2017-12-28,True,False,ny,sa,107,119,24,29,26,28,0,32,22,32,33,0,home,10.0,199.0,450.0,-650.0,6.5,98.0,1.0,1,True
2018,2017-12-28,True,False,phi,por,110,114,30,21,34,25,0,27,25,20,42,0,away,2.5,207.0,-145.0,125.0,2.5,107.0,0.0,1,True
2018,2017-12-29,True,False,phx,sac,111,101,35,20,33,23,0,25,21,37,18,0,home,2.5,210.5,120.0,-140.0,4.5,109.5,0.0,1,False
2018,2017-12-29,True,False,cha,gs,111,100,32,21,26,32,0,29,24,22,25,0,home,10.0,211.5,450.0,-650.0,8.0,104.5,0.0,0,False
2018,2017-12-29,True,False,lac,lal,121,106,35,27,29,30,0,22,26,28,30,0,away,3.0,218.0,-155.0,135.0,3.5,106.5,1.0,1,False
2018,2017-12-29,True,False,bkn,mia,111,87,24,35,36,16,0,20,19,21,27,0,home,6.0,204.0,200.0,-250.0,8.5,105.0,0.0,0,False
2018,2017-12-29,True,False,hou,wsh,103,121,23,25,30,25,0,27,32,28,34,0,away,1.5,223.5,-125.0,105.0,4.5,109.5,0.0,1,True
2018,2017-12-29,True,False,mil,okc,97,95,38,20,15,24,0,18,26,23,28,0,home,6.5,208.5,220.0,-270.0,7.0,101.5,0.0,0,False
2018,2017-12-29,True,False,ind,chi,107,119,27,25,25,30,0,37,27,22,33,0,home,3.0,206.5,135.0,-155.0,2.5,101.0,1.0,1,True
2018,2017-12-29,True,False,atl,tor,98,111,22,25,22,29,0,30,32,26,23,0,home,11.0,218.0,500.0,-700.0,1.5,112.5,1.0,0,True
2018,2017-12-29,True,False,dal,no,128,120,36,41,32,19,0,21,39,41,19,0,home,7.0,213.0,235.0,-290.0,8.5,104.0,0.0,1,False
2018,2017-12-30,True,False,ny,no,105,103,28,28,23,26,0,21,24,33,25,0,home,5.5,216.5,180.0,-220.0,6.5,106.0,0.0,0,False
2018,2017-12-30,True,False,mia,orl,117,111,21,29,36,31,0,32,34,26,19,0,away,1.5,206.0,-125.0,105.0,5.0,101.5,1.0,1,False
2018,2017-12-30,True,False,sa,det,79,93,13,23,21,22,0,24,15,24,30,0,away,4.5,197.5,-190.0,160.0,5.5,103.0,0.0,0,True
2018,2017-12-30,True,False,por,atl,89,104,23,29,17,20,0,24,22,26,32,0,away,2.0,204.0,-135.0,115.0,1.0,105.0,0.0,0,True
2018,2017-12-30,True,False,cle,utah,101,104,32,21,16,32,0,22,26,28,28,0,away,3.0,207.5,-155.0,135.0,0.0,103.0,0.0,0,True
2018,2017-12-30,True,False,mem,gs,128,141,38,29,31,30,0,40,38,38,25,0,home,14.5,206.5,900.0,-1600.0,4.5,101.5,0.0,1,True
2018,2017-12-30,True,False,phi,den,107,102,31,27,25,24,0,29,32,19,22,0,home,7.0,213.0,240.0,-300.0,3.5,109.5,0.0,0,False
2018,2017-12-31,True,False,phi,phx,123,110,38,25,29,31,0,32,17,40,21,0,away,3.5,221.0,-160.0,140.0,3.0,113.0,1.0,1,False
2018,2017-12-31,True,False,cha,lac,98,106,22,30,14,32,0,29,13,33,31,0,home,2.0,211.0,115.0,-135.0,4.5,103.5,1.0,0,True
2018,2017-12-31,True,False,mem,sac,114,96,36,28,26,24,0,22,24,17,33,0,home,2.0,192.0,110.0,-130.0,5.5,95.0,0.0,1,False
2018,2017-12-31,True,False,lal,hou,142,148,37,35,29,21,20,44,21,25,32,26,home,15.0,226.5,1000.0,-2000.0,12.0,113.0,0.0,1,True
2018,2017-12-31,True,False,bkn,bos,105,108,28,31,17,29,0,38,23,21,26,0,home,9.5,209.5,375.0,-500.0,5.5,108.5,0.0,1,True
2018,2017-12-31,True,False,min,ind,107,90,23,26,38,20,0,13,25,20,32,0,away,3.0,208.5,-150.0,130.0,2.5,101.5,1.0,0,False
2018,2017-12-31,True,False,chi,wsh,110,114,38,25,26,21,0,30,29,24,31,0,home,8.0,211.0,280.0,-360.0,7.0,104.0,0.0,1,True
2018,2017-12-31,True,False,dal,okc,116,113,35,22,27,32,0,32,31,22,28,0,home,8.0,204.0,280.0,-360.0,3.0,99.0,0.0,1,False
2018,2018-01-01,True,False,orl,bkn,95,98,27,21,22,25,0,22,25,24,27,0,home,1.5,219.0,105.0,-125.0,0.0,108.5,1.0,0,True
2018,2018-01-01,True,False,mil,tor,127,131,30,26,28,30,13,35,25,28,26,17,home,6.0,213.0,200.0,-250.0,2.0,104.0,0.0,1,True
2018,2018-01-01,True,False,lal,min,96,114,18,30,28,20,0,30,30,31,23,0,home,10.0,214.0,425.0,-600.0,2.0,103.0,1.0,0,True
2018,2018-01-01,True,False,por,chi,124,120,31,21,31,29,12,23,30,34,25,8,home,3.0,202.0,130.0,-150.0,1.5,104.0,0.0,1,False
2018,2018-01-02,True,False,mem,lac,105,113,31,31,22,21,0,34,33,19,27,0,home,6.0,206.5,210.0,-260.0,2.0,102.0,1.0,1,True
2018,2018-01-02,True,False,cha,sac,131,111,32,40,28,31,0,25,27,29,30,0,away,4.0,205.0,-180.0,150.0,4.0,100.0,1.0,1,False
2018,2018-01-02,True,False,por,cle,110,127,28,28,31,23,0,28,25,38,36,0,home,8.5,216.0,375.0,-500.0,8.0,112.0,1.0,1,True
2018,2018-01-02,True,False,sa,ny,100,91,25,27,29,19,0,29,20,18,24,0,away,5.0,200.0,-220.0,180.0,3.0,103.5,1.0,0,False
2018,2018-01-02,True,False,atl,phx,103,104,27,21,32,23,0,19,30,24,31,0,home,1.0,217.0,-105.0,-115.0,0.0,113.0,2.0,0,True
2018,2018-01-03,True,False,okc,lal,133,96,26,37,33,37,0,26,18,26,26,0,away,5.5,214.5,-250.0,200.0,3.5,105.0,1.0,1,False
2018,2018-01-03,True,False,no,utah,108,98,27,31,23,27,0,28,27,17,26,0,home,1.0,212.0,-105.0,-115.0,1.0,105.5,0.0,0,False
2018,2018-01-03,True,False,phx,den,111,134,26,41,18,26,0,34,27,37,36,0,home,12.0,218.5,600.0,-900.0,10.0,114.5,1.0,1,True
2018,2018-01-03,True,False,gs,dal,125,122,35,32,24,34,0,26,35,28,33,0,away,9.0,220.5,-360.0,280.0,4.0,108.0,0.0,1,False
2018,2018-01-03,True,False,tor,chi,124,115,21,35,34,34,0,31,28,31,25,0,away,4.5,216.5,-190.0,160.0,5.5,106.5,1.0,1,False
2018,2018-01-03,True,False,cle,bos,88,102,21,26,21,20,0,32,23,26,21,0,home,3.0,212.5,130.0,-150.0,2.0,103.5,1.0,0,True
2018,2018-01-03,True,False,det,mia,104,111,29,23,29,23,0,24,32,25,30,0,home,4.5,198.5,165.0,-195.0,2.5,98.0,1.0,1,True
2018,2018-01-03,True,False,min,bkn,97,98,22,21,30,24,0,24,24,23,27,0,away,6.0,211.0,-260.0,210.0,7.0,103.0,0.0,0,True
2018,2018-01-03,True,False,hou,orl,116,98,25,30,34,27,0,12,29,25,32,0,away,7.5,217.0,-330.0,260.0,0.5,104.5,1.0,0,False
2018,2018-01-03,True,False,sa,phi,106,112,22,27,35,22,0,27,33,28,24,0,home,4.5,207.5,160.0,-190.0,1.5,107.0,1.0,1,True
2018,2018-01-03,True,False,ny,wsh,103,121,32,31,14,26,0,33,31,26,31,0,home,9.5,213.5,350.0,-450.0,6.0,104.5,1.0,1,True
2018,2018-01-03,True,False,ind,mil,101,122,26,26,24,25,0,34,28,31,29,0,home,7.5,209.0,260.0,-330.0,1.0,101.5,1.0,1,True
2018,2018-01-04,True,False,gs,hou,124,114,33,29,31,31,0,37,26,27,24,0,away,4.5,231.5,-190.0,160.0,4.0,113.0,1.0,1,False
2018,2018-01-04,True,False,okc,lac,127,117,30,34,30,33,0,33,31,33,20,0,away,1.0,212.5,-120.0,100.0,1.0,105.0,1.0,1,False
2018,2018-01-05,True,False,cha,lal,108,94,28,35,30,15,0,24,24,28,18,0,away,2.5,216.5,-140.0,120.0,4.5,108.0,1.0,0,False
2018,2018-01-05,True,False,atl,por,89,110,22,24,22,21,0,30,22,30,28,0,home,7.5,208.0,270.0,-340.0,3.0,106.5,1.0,0,True
2018,2018-01-05,True,False,wsh,mem,102,100,33,25,29,15,0,24,26,22,28,0,away,4.5,205.0,-190.0,160.0,0.5,100.0,0.0,0,False
2018,2018-01-05,True,False,utah,den,91,99,26,23,16,26,0,23,23,38,15,0,home,6.5,208.5,225.0,-275.0,5.5,108.5,1.0,0,True
2018,2018-01-05,True,False,phx,sa,89,103,26,16,30,17,0,26,23,31,23,0,home,11.5,209.5,600.0,-900.0,4.0,106.5,1.0,0,True
2018,2018-01-05,True,False,min,bos,84,91,19,19,24,22,0,19,22,25,25,0,home,3.5,210.5,140.0,-160.0,0.0,104.0,1.0,0,True
2018,2018-01-05,True,False,tor,mil,129,110,33,28,43,25,0,24,35,19,32,0,home,0.0,216.5,-110.0,-110.0,1.0,107.0,0.0,1,False
2018,2018-01-05,True,False,det,phi,78,114,15,17,29,17,0,32,30,35,17,0,home,5.0,210.5,180.0,-220.0,5.0,102.5,1.0,0,True
2018,2018-01-05,True,False,ny,mia,103,107,25,20,26,26,6,26,25,24,22,10,home,6.5,201.5,215.0,-265.0,2.0,98.5,0.0,1,True
2018,2018-01-05,True,False,chi,dal,127,124,34,23,23,47,0,28,25,35,36,0,home,4.0,210.5,150.0,-180.0,3.5,103.5,0.0,1,False
2018,2018-01-06,True,False,mil,wsh,110,103,24,29,29,28,0,32,21,32,18,0,home,3.5,213.5,140.0,-160.0,2.0,103.5,0.0,0,False
2018,2018-01-06,True,False,den,sac,98,106,27,14,30,27,0,29,17,33,27,0,away,8.5,206.0,-350.0,275.0,8.0,101.0,0.0,0,True
2018,2018-01-06,True,False,no,min,98,116,24,24,23,27,0,36,33,29,18,0,home,1.5,218.0,100.0,-120.0,5.0,106.5,1.0,0,True
2018,2018-01-06,True,False,cle,orl,131,127,31,36,40,24,0,30,34,23,40,0,away,9.0,221.0,-450.0,350.0,5.0,108.0,0.0,1,False
2018,2018-01-06,True,False,chi,ind,86,125,26,11,30,19,0,31,33,37,24,0,home,6.0,212.0,210.0,-260.0,3.0,101.5,1.0,0,True
2018,2018-01-06,True,False,hou,det,101,108,37,21,19,24,0,31,26,31,20,0,away,6.0,211.5,-250.0,200.0,4.0,105.0,0.0,0,True
2018,2018-01-06,True,False,bos,bkn,87,85,16,23,25,23,0,22,19,20,24,0,away,3.0,205.0,-150.0,130.0,3.0,108.0,0.0,0,False
2018,2018-01-06,True,False,gs,lac,121,105,31,33,39,18,0,28,27,21,29,0,away,8.0,225.0,-400.0,300.0,3.5,109.0,1.0,1,False
2018,2018-01-07,True,False,utah,mia,102,103,22,25,28,27,0,27,22,25,29,0,home,3.5,196.0,140.0,-160.0,1.5,101.0,0.0,1,True
2018,2018-01-07,True,False,ny,dal,100,96,33,23,19,25,0,25,27,19,25,0,home,5.0,203.5,180.0,-220.0,6.0,100.5,0.0,0,False
2018,2018-01-07,True,False,okc,phx,100,114,23,30,29,18,0,28,34,28,24,0,away,8.5,222.0,-425.0,325.0,10.0,109.5,0.0,0,True
2018,2018-01-07,True,False,sa,por,110,111,27,26,27,30,0,27,21,32,31,0,home,1.5,195.5,100.0,-120.0,2.0,101.5,0.0,1,True
2018,2018-01-07,True,False,atl,lal,113,132,27,21,32,33,0,29,37,30,36,0,home,3.5,216.0,145.0,-170.0,3.0,111.0,1.0,1,True
2018,2018-01-08,True,False,atl,lac,107,108,25,22,30,30,0,32,26,22,28,0,home,4.5,214.5,160.0,-185.0,1.5,110.5,0.0,1,True
2018,2018-01-08,True,False,sa,sac,107,100,21,25,27,34,0,25,31,20,24,0,away,5.0,199.5,-215.0,180.0,6.0,103.0,1.0,1,False
2018,2018-01-08,True,False,det,no,109,112,34,22,28,25,0,37,22,27,26,0,home,6.5,211.0,215.0,-260.0,3.0,104.0,0.0,1,True
2018,2018-01-08,True,False,mil,ind,96,109,16,22,27,31,0,37,27,24,21,0,home,1.5,215.5,100.0,-120.0,6.0,104.0,1.0,0,True
2018,2018-01-08,True,False,cle,min,99,127,18,24,25,32,0,32,37,33,25,0,home,1.0,223.0,-115.0,-105.0,8.5,107.5,1.0,1,True
2018,2018-01-08,True,False,tor,bkn,114,113,26,19,33,29,7,19,25,27,36,6,away,7.5,217.5,-310.0,252.0,5.0,106.0,0.0,1,False
2018,2018-01-08,True,False,den,gs,114,124,28,29,24,33,0,37,27,29,31,0,home,10.0,227.5,447.0,-600.0,4.0,111.5,2.0,1,True
2018,2018-01-08,True,False,hou,chi,116,107,35,25,27,29,0,22,33,21,31,0,away,6.0,220.0,-235.0,195.0,1.5,107.5,1.0,1,False
2018,2018-01-09,True,False,orl,dal,99,114,19,29,27,24,0,25,18,39,32,0,home,7.5,215.5,270.0,-340.0,8.0,104.5,1.0,0,True
2018,2018-01-09,True,False,sac,lal,86,99,27,25,22,12,0,31,22,31,15,0,home,8.0,213.5,290.0,-380.0,6.0,104.5,1.0,0,True
2018,2018-01-09,True,False,mia,tor,90,89,22,29,21,18,0,21,20,23,25,0,home,3.5,204.5,150.0,-180.0,5.0,101.0,0.0,0,False
2018,2018-01-09,True,False,por,okc,117,106,24,30,34,29,0,26,24,26,30,0,home,8.0,204.5,300.0,-400.0,8.0,106.0,0.0,1,False
2018,2018-01-10,True,False,lac,gs,125,106,32,26,39,28,0,35,27,28,16,0,home,12.0,219.0,600.0,-900.0,6.0,107.0,0.0,1,False
2018,2018-01-10,True,False,atl,den,110,97,29,25,28,28,0,21,25,32,19,0,home,9.5,216.0,375.0,-500.0,9.5,112.5,0.0,0,False
2018,2018-01-10,True,False,por,hou,112,121,19,26,32,35,0,25,30,31,35,0,home,7.0,217.0,240.0,-300.0,0.5,112.0,1.0,1,True
2018,2018-01-10,True,False,no,mem,102,105,38,23,9,32,0,29,31,17,28,0,home,1.0,211.0,-105.0,-115.0,0.0,104.0,1.0,0,True
2018,2018-01-10,True,False,orl,mil,103,110,29,17,23,34,0,30,23,36,21,0,home,10.5,218.5,500.0,-700.0,4.5,106.0,0.0,0,True
2018,2018-01-10,True,False,okc,min,88,104,23,24,18,23,0,23,24,29,28,0,home,4.0,212.5,150.0,-180.0,3.0,104.5,1.0,0,True
2018,2018-01-10,True,False,det,bkn,114,80,34,29,27,24,0,26,15,20,19,0,away,2.0,206.0,-130.0,110.0,5.0,100.5,1.0,0,False
2018,2018-01-10,True,False,dal,cha,115,111,20,39,24,32,0,28,24,25,34,0,home,6.5,210.0,235.0,-290.0,6.0,104.5,0.0,1,False
2018,2018-01-10,True,False,utah,wsh,107,104,25,21,37,24,0,32,18,27,27,0,home,8.0,208.5,280.0,-360.0,4.0,109.0,0.0,1,False
2018,2018-01-10,True,False,mia,ind,114,106,38,20,26,30,0,26,21,31,28,0,home,4.0,202.5,150.0,-180.0,5.5,98.5,0.0,1,False
2018,2018-01-10,True,False,chi,ny,122,119,26,22,30,27,17,25,27,30,23,14,home,5.0,208.0,175.0,-210.0,2.0,102.0,0.0,1,False
2018,2018-01-11,True,False,cle,tor,99,133,24,16,32,27,0,30,35,35,33,0,away,2.5,221.0,-150.0,130.0,8.5,109.0,0.0,1,True
2018,2018-01-11,True,False,lac,sac,121,115,29,43,28,21,0,21,39,29,26,0,away,3.5,212.5,-170.0,145.0,3.0,105.0,1.0,1,False
2018,2018-01-11,True,False,sa,lal,81,93,15,23,24,19,0,20,29,19,25,0,away,2.0,211.5,-135.0,115.0,5.0,110.5,0.0,0,True
2018,2018-01-11,True,False,bos,phi,114,103,23,25,37,29,0,28,29,22,24,0,away,1.5,211.5,-130.0,110.0,4.0,109.5,1.0,1,False
2018,2018-01-12,True,False,gs,mil,108,94,36,27,17,28,0,27,22,33,12,0,away,4.5,221.5,-200.0,170.0,3.0,108.0,1.0,0,False
2018,2018-01-12,True,False,hou,phx,112,95,27,30,33,22,0,23,21,24,27,0,away,7.5,231.5,-350.0,275.0,0.5,113.0,1.0,0,False
2018,2018-01-12,True,False,mem,den,78,87,26,21,13,18,0,16,27,24,20,0,home,6.5,203.5,230.0,-280.0,6.0,97.0,1.0,0,True
2018,2018-01-12,True,False,por,no,113,119,25,36,25,27,0,31,30,27,31,0,home,3.5,219.5,155.0,-185.0,3.0,114.0,1.0,1,True
2018,2018-01-12,True,False,utah,cha,88,99,25,21,26,16,0,25,27,22,25,0,home,4.5,206.5,170.0,-200.0,1.0,107.0,1.0,0,True
2018,2018-01-12,True,False,bkn,atl,110,105,25,28,21,36,0,25,25,24,31,0,home,2.5,211.0,130.0,-150.0,1.5,110.0,0.0,1,False
2018,2018-01-12,True,False,orl,wsh,119,125,33,30,35,21,0,34,31,33,27,0,home,11.0,218.0,550.0,-800.0,6.5,106.0,0.0,1,True
2018,2018-01-12,True,False,ny,min,108,118,27,30,29,22,0,24,31,32,31,0,home,9.0,209.5,350.0,-450.0,7.0,103.0,1.0,1,True
2018,2018-01-12,True,False,cle,ind,95,97,34,24,16,21,0,12,32,32,21,0,away,1.5,221.5,-125.0,105.0,4.0,108.0,0.0,0,True
2018,2018-01-13,True,False,den,sa,80,112,16,28,25,11,0,32,24,26,30,0,home,7.5,208.0,260.0,-330.0,1.0,100.5,1.0,0,True
2018,2018-01-13,True,False,gs,tor,127,125,43,38,27,19,0,35,19,35,36,0,away,5.5,227.0,-210.0,175.0,4.5,111.5,0.0,1,False
2018,2018-01-13,True,False,bkn,wsh,113,119,18,21,35,33,6,33,26,24,24,12,home,9.0,215.0,360.0,-470.0,1.0,111.0,0.0,1,True
2018,2018-01-13,True,False,det,chi,105,107,31,30,23,21,0,36,24,27,20,0,away,1.0,209.5,-120.0,100.0,1.0,102.0,0.0,1,True
2018,2018-01-13,True,False,sac,lac,105,126,17,28,23,37,0,30,34,27,35,0,home,7.0,216.5,250.0,-310.0,2.0,105.0,1.0,1,True
2018,2018-01-13,True,False,lal,dal,107,101,31,15,24,25,12,20,32,21,22,6,home,4.5,213.5,170.0,-200.0,1.0,104.0,0.0,0,False
2018,2018-01-13,True,False,okc,cha,101,91,31,24,18,28,0,28,31,17,15,0,away,2.0,211.5,-130.0,110.0,2.5,104.5,1.0,0,False
2018,2018-01-14,True,False,mil,mia,79,97,23,20,16,20,0,21,20,30,26,0,home,1.5,204.5,105.0,-125.0,0.5,100.0,1.0,0,True
2018,2018-01-14,True,False,no,ny,123,118,13,35,34,27,14,29,28,39,13,9,away,2.5,218.0,-135.0,115.0,4.5,107.0,1.0,1,False
2018,2018-01-14,True,False,ind,phx,120,97,30,34,32,24,0,16,28,22,31,0,away,3.5,219.5,-170.0,145.0,4.5,108.5,1.0,0,False
2018,2018-01-14,True,False,por,min,103,120,33,10,31,29,0,31,26,34,29,0,home,6.0,213.5,200.0,-250.0,2.5,109.5,1.0,1,True
2018,2018-01-15,True,False,gs,cle,118,108,35,22,36,25,0,37,27,27,17,0,away,5.5,234.0,-240.0,190.0,5.5,115.0,1.0,0,False
2018,2018-01-15,True,False,ind,utah,109,94,31,27,27,24,0,21,26,18,29,0,home,4.5,207.5,170.0,-200.0,5.5,102.0,0.0,0,False
2018,2018-01-15,True,False,hou,lac,102,113,31,25,28,18,0,30,29,33,21,0,away,5.0,229.0,-200.0,170.0,5.0,114.0,0.0,0,True
2018,2018-01-15,True,False,sac,okc,88,95,24,28,16,20,0,20,26,31,18,0,home,12.0,209.0,700.0,-1100.0,10.5,102.0,0.0,0,True
2018,2018-01-15,True,False,lal,mem,114,123,27,23,27,37,0,34,26,37,26,0,home,4.0,204.0,150.0,-180.0,1.5,100.0,1.0,1,True
2018,2018-01-15,True,False,tor,phi,111,117,23,26,26,36,0,32,27,34,24,0,away,2.0,220.0,-130.0,110.0,4.5,108.0,0.0,1,True
2018,2018-01-15,True,False,ny,bkn,119,104,26,26,31,36,0,24,18,39,23,0,home,3.5,211.5,140.0,-160.0,5.0,105.0,0.0,1,False
2018,2018-01-15,True,False,sa,atl,99,102,23,25,25,26,0,21,23,28,30,0,away,5.5,202.0,-240.0,190.0,2.5,105.0,0.0,0,True
2018,2018-01-15,True,False,mil,wsh,104,95,28,25,25,26,0,30,21,21,23,0,home,5.0,212.5,180.0,-220.0,4.5,105.0,0.0,0,False
2018,2018-01-15,True,False,cha,det,118,107,27,23,34,34,0,27,29,24,27,0,home,3.0,203.0,130.0,-150.0,1.0,99.5,0.0,1,False
2018,2018-01-15,True,False,mia,chi,111,119,25,23,24,39,0,32,23,29,35,0,home,1.5,206.5,100.0,-120.0,2.0,100.5,1.0,1,True
2018,2018-01-16,True,False,min,orl,102,108,25,23,27,27,0,25,22,26,35,0,away,8.5,218.0,-400.0,300.0,5.5,106.5,0.0,0,True
2018,2018-01-16,True,False,no,bos,116,113,32,26,29,17,12,25,23,32,24,9,home,5.5,214.0,180.0,-220.0,6.0,104.0,0.0,1,False
2018,2018-01-16,True,False,dal,den,102,105,27,21,21,33,0,30,31,25,19,0,home,6.5,210.5,230.0,-280.0,0.5,103.5,0.0,0,True
2018,2018-01-16,True,False,phx,por,111,118,31,20,21,39,0,36,30,26,26,0,home,11.0,216.5,450.0,-650.0,1.0,112.0,0.0,1,True
2018,2018-01-17,True,False,gs,chi,119,112,38,25,32,24,0,40,26,12,34,0,away,8.5,232.5,-440.0,340.0,8.0,115.5,0.0,0,False
2018,2018-01-17,True,False,den,lac,104,109,27,32,22,23,0,29,21,30,29,0,home,4.0,219.0,150.0,-180.0,5.0,107.5,1.0,0,True
2018,2018-01-17,True,False,lal,okc,90,114,25,29,18,18,0,33,27,33,21,0,home,9.5,216.0,400.0,-550.0,3.5,104.0,1.0,0,True
2018,2018-01-17,True,False,ny,mem,99,105,31,22,20,26,0,32,29,27,17,0,away,2.5,202.5,-135.0,115.0,4.0,100.5,0.0,1,True
2018,2018-01-17,True,False,utah,sac,120,105,23,29,36,32,0,21,21,31,32,0,away,4.0,203.5,-180.0,150.0,1.0,105.0,1.0,1,False
2018,2018-01-17,True,False,no,atl,93,94,32,28,10,23,0,25,20,26,23,0,away,2.5,218.5,-140.0,120.0,4.0,106.0,0.0,0,True
2018,2018-01-17,True,False,sa,bkn,100,95,31,20,25,24,0,26,20,18,31,0,away,5.0,204.0,-220.0,180.0,1.5,107.0,2.0,0,False
2018,2018-01-17,True,False,det,tor,91,96,18,33,22,18,0,31,23,19,23,0,home,8.5,212.0,350.0,-450.0,4.5,104.5,0.0,0,True
2018,2018-01-17,True,False,wsh,cha,109,133,36,25,18,30,0,38,39,25,31,0,home,1.5,215.5,105.0,-125.0,4.5,107.0,1.0,1,True
2018,2018-01-17,True,False,mia,mil,106,101,30,22,26,28,0,25,32,22,22,0,home,4.5,202.5,160.0,-190.0,1.5,100.5,0.0,1,False
2018,2018-01-18,True,False,ind,por,86,100,28,19,27,12,0,29,23,22,26,0,home,4.5,214.0,160.0,-190.0,0.5,104.5,1.0,0,True
2018,2018-01-18,True,False,min,hou,98,116,17,33,20,28,0,26,37,26,27,0,home,5.0,224.0,175.0,-210.0,1.5,110.5,1.0,0,True
2018,2018-01-18,True,False,orl,cle,103,104,20,27,33,23,0,36,31,17,20,0,home,11.5,227.0,625.0,-950.0,1.0,108.5,0.0,0,True
2018,2018-01-18,True,False,phi,bos,89,80,21,18,32,18,0,19,13,21,27,0,home,3.0,204.0,130.0,-150.0,3.5,104.0,0.0,0,False
2018,2018-01-19,True,False,sa,tor,83,86,18,19,23,23,0,17,27,19,23,0,home,6.0,203.5,200.0,-250.0,1.0,105.5,0.0,0,True
2018,2018-01-19,True,False,mia,bkn,95,101,24,29,16,26,0,21,22,24,34,0,away,3.5,206.5,-165.0,142.0,1.5,102.0,0.0,0,True
2018,2018-01-19,True,False,wsh,det,122,112,19,27,45,31,0,29,17,28,38,0,home,1.0,208.5,100.0,-120.0,0.0,102.5,0.0,1,False
2018,2018-01-19,True,False,sac,mem,88,106,17,23,19,29,0,30,10,27,39,0,home,6.0,202.0,200.0,-250.0,4.5,97.5,1.0,0,True
2018,2018-01-19,True,False,phx,den,108,100,29,31,25,23,0,31,19,23,27,0,home,9.5,219.5,375.0,-500.0,9.0,114.0,0.0,0,False
2018,2018-01-19,True,False,ny,utah,117,115,22,27,36,32,0,25,30,23,37,0,home,5.5,201.0,185.0,-230.0,1.5,99.0,0.0,1,False
2018,2018-01-19,True,False,ind,lal,86,99,25,14,27,20,0,18,29,27,25,0,away,2.5,213.5,-135.0,115.0,4.5,104.0,0.0,0,True
2018,2018-01-20,True,False,tor,min,109,115,28,34,21,26,0,26,28,33,28,0,away,1.5,212.5,-125.0,105.0,1.5,105.5,0.0,1,True
2018,2018-01-20,True,False,lac,utah,113,125,29,30,28,26,0,39,37,28,21,0,home,2.5,212.5,125.0,-145.0,3.5,105.5,1.0,1,True
2018,2018-01-20,True,False,gs,hou,108,116,28,30,33,17,0,40,25,27,24,0,away,3.0,238.5,-150.0,130.0,4.0,117.0,0.0,0,True
2018,2018-01-20,True,False,mil,phi,94,116,29,26,25,14,0,37,24,23,32,0,home,7.5,208.5,260.0,-330.0,2.5,104.0,1.0,1,True
2018,2018-01-20,True,False,okc,cle,148,124,43,33,38,34,0,24,36,34,30,0,home,3.0,219.5,130.0,-150.0,6.0,109.0,0.0,1,False
2018,2018-01-20,True,False,mem,no,104,111,18,26,37,23,0,34,25,24,28,0,home,9.0,209.5,350.0,-450.0,1.0,102.5,0.0,1,True
2018,2018-01-20,True,False,chi,atl,113,97,29,26,22,36,0,21,17,25,34,0,home,2.0,216.5,110.0,-130.0,6.0,105.0,0.0,0,False
2018,2018-01-20,True,False,dal,por,108,117,20,25,34,29,0,33,29,29,26,0,home,5.0,210.0,180.0,-220.0,2.5,102.5,1.0,1,True
2018,2018-01-20,True,False,mia,cha,106,105,31,26,16,33,0,27,21,35,22,0,home,7.0,200.5,240.0,-300.0,6.5,100.0,0.0,1,False
2018,2018-01-21,True,False,ind,sa,94,86,22,24,25,23,0,23,20,16,27,0,home,6.0,200.5,200.0,-250.0,6.0,99.0,0.0,0,False
2018,2018-01-21,True,False,bkn,det,101,100,30,23,24,24,0,20,28,20,32,0,home,6.0,209.0,210.0,-260.0,6.5,109.5,0.0,0,False
2018,2018-01-21,True,False,orl,bos,103,95,28,30,32,13,0,29,30,12,24,0,home,10.5,209.5,500.0,-700.0,6.5,103.5,0.0,0,False
2018,2018-01-21,True,False,ny,lal,107,127,29,34,26,18,0,30,37,30,30,0,away,2.0,214.5,-130.0,110.0,2.0,105.0,0.0,1,True
2018,2018-01-22,True,False,min,lac,126,118,30,31,31,34,0,26,31,33,28,0,home,2.5,220.0,115.0,-135.0,2.5,108.5,0.0,1,False
2018,2018-01-22,True,False,por,den,101,104,19,30,29,23,0,20,25,31,28,0,home,3.0,210.5,135.0,-155.0,2.0,109.0,2.0,0,True
2018,2018-01-22,True,False,phx,mil,105,109,26,27,26,26,0,30,23,23,33,0,home,5.5,215.0,180.0,-220.0,3.5,111.5,0.0,0,True
2018,2018-01-22,True,False,phi,mem,101,105,30,25,28,18,0,19,30,25,31,0,away,3.0,202.5,-150.0,130.0,0.0,105.0,0.0,1,True
2018,2018-01-22,True,False,wsh,dal,75,98,22,15,17,21,0,22,31,18,27,0,away,2.0,212.0,-125.0,105.0,6.5,103.5,0.0,0,True
2018,2018-01-22,True,False,chi,no,128,132,21,27,33,33,14,25,29,27,33,18,home,6.5,226.0,230.0,-280.0,1.5,110.5,0.0,1,True
2018,2018-01-22,True,False,utah,atl,90,104,20,21,22,27,0,19,23,32,30,0,away,2.5,204.5,-145.0,125.0,2.5,105.5,0.0,0,True
2018,2018-01-22,True,False,sac,cha,107,112,33,22,20,32,0,35,32,25,20,0,home,10.5,212.0,450.0,-650.0,2.0,104.5,0.0,1,True
2018,2018-01-22,True,False,mia,hou,90,99,33,17,18,22,0,25,21,25,28,0,home,11.0,213.0,550.0,-800.0,9.5,105.5,0.0,0,True
2018,2018-01-23,True,False,bos,lal,107,108,21,32,21,33,0,15,30,31,32,0,away,5.0,206.0,-215.0,180.0,0.0,105.5,0.0,1,True
2018,2018-01-23,True,False,sac,orl,105,99,28,24,25,28,0,27,26,29,17,0,home,7.5,211.0,256.0,-315.0,4.5,104.5,0.0,0,False
2018,2018-01-23,True,False,cle,sa,102,114,29,26,26,21,0,25,38,26,25,0,away,2.5,210.0,-140.0,120.0,4.0,103.5,0.0,1,True
2018,2018-01-23,True,False,bkn,okc,108,109,26,33,26,23,0,30,17,27,35,0,home,9.5,210.5,410.0,-540.0,10.0,109.5,0.0,1,True
2018,2018-01-23,True,False,ny,gs,112,123,31,29,26,26,0,21,37,37,28,0,home,16.5,227.0,1284.0,-3000.0,13.0,111.0,0.0,1,True
2018,2018-01-24,True,False,min,por,114,123,29,25,30,30,0,25,29,43,26,0,home,3.0,211.0,135.0,-155.0,2.5,105.0,1.0,1,True
2018,2018-01-24,True,False,no,cha,101,96,32,24,20,25,0,21,32,20,23,0,home,2.5,223.0,120.0,-140.0,1.5,109.5,0.0,0,False
2018,2018-01-24,True,False,hou,dal,104,97,38,13,34,19,0,28,17,22,30,0,away,6.5,217.0,-280.0,230.0,2.0,106.0,1.0,0,False
2018,2018-01-24,True,False,bos,lac,113,102,25,37,29,22,0,22,33,22,25,0,home,3.5,214.0,140.0,-160.0,4.0,111.0,0.0,1,False
2018,2018-01-24,True,False,sa,mem,108,85,22,29,26,31,0,21,19,24,21,0,away,1.5,191.0,-120.0,100.0,2.5,101.5,1.0,1,False
2018,2018-01-24,True,False,chi,phi,101,115,16,25,26,34,0,25,30,30,30,0,home,5.5,217.0,200.0,-250.0,2.5,106.5,1.0,0,True
2018,2018-01-24,True,False,phx,ind,101,116,18,26,21,36,0,32,31,36,17,0,home,6.5,213.5,235.0,-290.0,2.5,111.0,1.0,1,True
2018,2018-01-24,True,False,utah,det,98,95,24,19,22,24,9,24,25,15,25,6,home,2.0,199.5,110.0,-130.0,1.0,103.0,0.0,0,False
2018,2018-01-24,True,False,tor,atl,108,93,28,30,27,23,0,16,24,25,28,0,away,6.5,214.0,-280.0,230.0,2.0,104.0,1.0,0,False
2018,2018-01-25,True,False,sac,mia,89,88,19,28,24,18,0,17,30,25,16,0,home,9.5,201.0,360.0,-470.0,6.0,97.5,0.0,0,False
2018,2018-01-25,True,False,wsh,okc,112,121,20,20,34,38,0,25,29,28,39,0,home,5.0,214.0,180.0,-220.0,2.0,104.5,1.0,1,True
2018,2018-01-25,True,False,ny,den,118,130,28,32,32,26,0,39,34,26,31,0,home,7.0,211.5,230.0,-280.0,0.5,105.0,1.0,1,True
2018,2018-01-25,True,False,min,gs,113,126,29,33,31,20,0,38,36,32,20,0,home,12.5,229.5,700.0,-1100.0,4.0,113.0,1.0,1,True
2018,2018-01-26,True,False,ny,phx,107,85,33,20,28,26,0,23,26,18,18,0,away,1.5,220.0,-130.0,110.0,1.0,107.0,1.0,0,False
2018,2018-01-26,True,False,phi,sa,97,78,25,25,31,16,0,13,18,30,17,0,home,3.5,199.5,135.0,-155.0,7.0,102.0,0.0,0,False
2018,2018-01-26,True,False,lal,chi,108,103,32,30,22,24,0,25,32,15,31,0,home,4.0,222.5,150.0,-180.0,4.0,109.0,0.0,0,False
2018,2018-01-26,True,False,lac,mem,109,100,24,34,25,26,0,20,30,26,24,0,away,4.5,212.0,-190.0,160.0,0.0,105.5,1.0,0,False
2018,2018-01-26,True,False,por,dal,107,93,17,35,23,32,0,25,19,24,25,0,away,1.5,208.5,-125.0,105.0,2.5,107.0,1.0,0,False
2018,2018-01-26,True,False,hou,no,113,115,30,23,27,33,0,29,37,24,25,0,away,4.5,228.0,-200.0,170.0,7.0,111.5,0.0,2,True
2018,2018-01-26,True,False,utah,tor,97,93,30,15,30,22,0,24,24,21,24,0,home,8.0,209.0,320.0,-420.0,4.5,108.0,0.0,0,False
2018,2018-01-26,True,False,ind,cle,108,115,31,29,20,28,0,38,35,24,18,0,home,6.0,223.0,220.0,-270.0,1.5,108.5,1.0,2,True
2018,2018-01-26,True,False,atl,cha,110,121,26,26,34,24,0,30,31,29,31,0,home,7.0,212.0,230.0,-280.0,1.5,110.0,1.0,1,True
2018,2018-01-26,True,False,bkn,mil,91,116,15,20,37,19,0,33,25,23,35,0,home,6.0,212.5,220.0,-270.0,3.0,108.5,1.0,0,True
2018,2018-01-27,True,False,dal,den,89,91,26,16,32,15,0,30,20,16,25,0,home,8.0,209.0,280.0,-360.0,1.5,101.0,0.0,0,True
2018,2018-01-27,True,False,bkn,min,97,111,11,31,23,32,0,30,24,24,33,0,home,11.0,215.5,525.0,-750.0,3.0,111.0,1.0,0,True
2018,2018-01-27,True,False,cha,mia,91,95,26,22,30,13,0,22,32,17,24,0,home,4.0,207.5,145.0,-170.0,0.0,102.0,2.0,0,True
2018,2018-01-27,True,False,bos,gs,105,109,37,17,19,32,0,27,23,30,29,0,home,11.0,219.5,525.0,-750.0,10.5,113.5,0.0,0,True
2018,2018-01-27,True,False,orl,ind,112,114,32,38,22,20,0,22,31,31,30,0,home,6.0,213.5,210.0,-260.0,7.5,105.5,0.0,1,True
2018,2018-01-27,True,False,okc,det,121,108,36,33,29,23,0,24,33,24,27,0,away,3.5,206.5,-180.0,150.0,2.0,101.5,1.0,1,False
2018,2018-01-27,True,False,wsh,atl,129,104,27,34,31,37,0,18,27,26,33,0,away,3.5,211.0,-170.0,145.0,3.5,101.5,1.0,1,False
2018,2018-01-28,True,False,phi,okc,112,122,29,29,25,29,0,31,26,35,30,0,home,3.0,215.0,140.0,-160.0,3.0,106.0,1.0,1,True
2018,2018-01-28,True,False,phx,hou,102,113,24,29,24,25,0,28,32,32,21,0,home,14.5,225.5,1000.0,-2000.0,6.0,117.0,0.0,0,True
2018,2018-01-28,True,False,mil,chi,110,96,26,35,25,24,0,20,22,30,24,0,away,2.5,215.0,-145.0,125.0,5.0,105.0,1.0,0,False
2018,2018-01-28,True,False,lac,no,112,103,26,25,29,32,0,34,28,15,26,0,home,2.0,227.5,115.0,-135.0,2.5,110.0,0.0,0,False
2018,2018-01-28,True,False,lal,tor,111,123,21,28,28,34,0,28,31,32,32,0,home,10.5,217.5,500.0,-700.0,2.5,107.0,1.0,1,True
2018,2018-01-28,True,False,det,cle,104,121,28,33,26,17,0,33,25,32,31,0,home,7.5,219.0,280.0,-360.0,6.5,107.5,1.0,1,True
2018,2018-01-28,True,False,sac,sa,98,113,22,28,19,29,0,29,20,30,34,0,home,11.5,198.0,600.0,-900.0,8.5,97.5,1.0,1,True
2018,2018-01-29,True,False,mia,dal,95,88,22,29,24,20,0,26,20,15,27,0,away,2.0,196.0,-130.0,110.0,0.5,96.5,1.0,0,False
2018,2018-01-29,True,False,phi,mil,95,107,30,23,22,20,0,28,27,28,24,0,home,6.0,208.5,200.0,-250.0,3.5,103.0,1.0,0,True
2018,2018-01-29,True,False,bos,den,111,110,32,24,24,31,0,21,24,37,28,0,home,1.5,206.0,100.0,-120.0,4.0,106.0,0.0,1,False
2018,2018-01-29,True,False,min,atl,100,105,32,26,21,21,0,27,28,21,29,0,away,6.5,213.0,-270.0,220.0,3.5,104.5,0.0,0,True
2018,2018-01-29,True,False,cha,ind,96,105,23,28,27,18,0,23,29,29,24,0,home,1.5,211.0,105.0,-125.0,1.0,104.5,1.0,0,True
2018,2018-01-29,True,False,phx,mem,109,120,26,21,27,35,0,22,42,26,30,0,home,8.0,206.0,290.0,-380.0,1.5,106.0,1.0,1,True
2018,2018-01-30,True,False,den,sa,104,106,30,25,26,23,0,30,30,20,26,0,home,7.0,203.0,235.0,-290.0,2.5,99.5,0.0,1,True
2018,2018-01-30,True,False,sac,no,114,103,25,36,29,24,0,29,33,23,18,0,home,9.5,216.0,400.0,-550.0,6.0,106.5,0.0,1,False
2018,2018-01-30,True,False,gs,utah,99,129,30,26,29,14,0,35,34,34,26,0,away,8.0,215.5,-400.0,300.0,11.0,107.5,0.0,1,True
2018,2018-01-30,True,False,orl,hou,107,114,30,25,33,19,0,27,27,36,24,0,home,13.0,220.0,800.0,-1400.0,8.5,107.0,0.0,1,True
2018,2018-01-30,True,False,por,lac,104,96,30,26,30,18,0,27,24,16,29,0,away,3.0,221.5,-155.0,135.0,0.5,115.0,1.0,0,False
2018,2018-01-30,True,False,min,tor,104,109,27,30,23,24,0,19,32,27,31,0,home,6.5,218.5,225.0,-275.0,7.5,108.5,0.0,0,True
2018,2018-01-30,True,False,bkn,ny,95,111,22,19,28,26,0,30,31,25,25,0,home,5.5,214.5,200.0,-250.0,3.0,110.5,1.0,0,True
2018,2018-01-30,True,False,okc,wsh,96,102,25,29,22,20,0,30,23,22,27,0,away,3.5,216.0,-160.0,140.0,2.0,107.0,0.0,0,True
2018,2018-01-30,True,False,cle,det,114,125,27,36,21,30,0,33,26,30,36,0,away,6.0,219.5,-260.0,210.0,2.0,107.5,0.0,1,True
2018,2018-01-31,True,False,dal,phx,88,102,17,29,15,27,0,36,21,24,21,0,away,2.5,211.5,-140.0,120.0,4.5,104.5,0.0,0,True
2018,2018-01-31,True,False,ny,bos,73,103,24,21,20,8,0,27,23,31,22,0,home,5.5,201.5,190.0,-240.0,1.5,99.0,1.0,0,True
2018,2018-01-31,True,False,cha,atl,123,110,35,29,33,26,0,28,24,32,26,0,away,2.5,210.5,-140.0,120.0,2.5,103.5,1.0,1,False
2018,2018-01-31,True,False,chi,por,108,124,19,25,31,33,0,43,24,35,22,0,home,8.0,211.5,290.0,-380.0,2.5,103.5,1.0,1,True
2018,2018-01-31,True,False,phi,bkn,108,116,34,31,23,20,0,30,34,27,25,0,away,8.0,213.0,-370.0,285.0,5.0,106.0,0.0,1,True
2018,2018-01-31,True,False,lal,orl,105,127,25,26,30,24,0,29,29,43,26,0,away,3.0,216.0,-150.0,130.0,4.0,107.0,0.0,1,True
2018,2018-01-31,True,False,mem,ind,101,105,25,28,22,26,0,21,34,29,21,0,home,8.5,200.5,300.0,-400.0,5.0,98.5,0.0,1,True
2018,2018-01-31,True,False,mia,cle,89,91,21,29,22,17,0,27,21,24,19,0,home,2.5,217.5,125.0,-145.0,3.0,107.0,0.0,0,True
2018,2018-02-01,True,False,tor,wsh,119,122,34,28,25,32,0,27,28,33,34,0,away,4.0,215.0,-190.0,160.0,0.0,105.5,0.0,1,True
2018,2018-02-01,True,False,mem,det,102,104,25,26,25,26,0,27,24,31,22,0,home,8.5,201.5,320.0,-420.0,5.5,99.5,0.0,1,True
2018,2018-02-01,True,False,hou,sa,102,91,27,27,28,20,0,14,24,32,21,0,away,2.5,208.5,-145.0,125.0,4.5,101.5,1.0,0,False
2018,2018-02-01,True,False,mil,min,89,108,17,22,22,28,0,23,37,19,29,0,home,6.0,208.5,210.0,-260.0,2.5,101.0,1.0,0,True
2018,2018-02-01,True,False,okc,den,124,127,33,24,32,35,0,40,32,32,23,0,away,1.5,218.5,-125.0,105.0,5.5,106.5,0.0,1,True
2018,2018-02-02,True,False,utah,phx,129,97,28,34,32,35,0,23,17,33,24,0,away,6.0,210.5,-260.0,210.0,3.5,109.0,1.0,1,False
2018,2018-02-02,True,False,gs,sac,119,104,29,29,26,35,0,27,25,23,29,0,away,14.0,224.5,-1400.0,800.0,7.0,110.5,1.0,0,False
2018,2018-02-02,True,False,no,okc,114,100,22,32,36,24,0,32,26,25,17,0,home,6.5,224.5,220.0,-270.0,3.0,109.0,0.0,0,False
2018,2018-02-02,True,False,ny,mil,90,92,29,26,19,16,0,28,27,19,18,0,home,4.5,209.0,160.0,-190.0,3.5,103.0,0.0,0,True
2018,2018-02-02,True,False,mia,phi,97,103,23,18,19,37,0,24,27,35,17,0,home,4.0,203.0,150.0,-180.0,1.5,99.5,1.0,0,True
2018,2018-02-02,True,False,lal,bkn,102,99,24,35,26,17,0,26,31,28,14,0,home,1.0,217.5,-105.0,-115.0,1.0,107.5,0.0,0,False
2018,2018-02-02,True,False,por,tor,105,130,18,34,28,25,0,37,37,27,29,0,home,4.5,215.5,170.0,-200.0,4.0,112.0,1.0,1,True
2018,2018-02-02,True,False,atl,bos,110,119,32,23,20,35,0,26,27,41,25,0,home,7.0,199.5,240.0,-300.0,6.5,103.0,1.0,1,True
2018,2018-02-02,True,False,ind,cha,126,133,37,20,34,35,0,49,22,25,37,0,home,3.5,210.0,145.0,-170.0,3.0,103.0,1.0,1,True
2018,2018-02-03,True,False,dal,sac,106,99,27,29,25,25,0,28,26,31,14,0,away,4.5,201.5,-190.0,160.0,1.5,98.5,1.0,1,False
2018,2018-02-03,True,False,gs,den,108,115,32,24,27,25,0,29,26,22,38,0,away,5.0,231.5,-220.0,180.0,4.0,113.0,0.0,0,True
2018,2018-02-03,True,False,no,min,107,118,29,24,28,26,0,37,29,29,23,0,home,8.0,222.5,300.0,-400.0,0.5,108.0,1.0,1,True
2018,2018-02-03,True,False,hou,cle,120,88,32,33,32,23,0,20,19,30,19,0,away,3.5,231.5,-165.0,142.0,4.5,112.5,1.0,0,False
2018,2018-02-03,True,False,utah,sa,120,111,33,28,26,33,0,24,25,29,33,0,home,6.5,195.5,220.0,-270.0,6.5,104.0,0.0,1,False
2018,2018-02-03,True,False,phi,ind,92,100,27,30,18,17,0,33,29,14,24,0,home,1.0,210.5,100.0,-120.0,1.0,104.5,1.0,0,True
2018,2018-02-03,True,False,wsh,orl,115,98,31,25,31,28,0,25,22,22,29,0,away,5.0,214.0,-200.0,170.0,0.0,105.5,1.0,0,False
2018,2018-02-03,True,False,chi,lac,103,113,17,35,29,22,0,22,35,30,26,0,home,8.5,221.0,350.0,-450.0,3.5,108.0,1.0,0,True
2018,2018-02-03,True,False,mia,det,107,111,26,24,27,30,0,27,27,22,35,0,home,4.5,200.5,170.0,-200.0,1.0,99.0,0.0,1,True
2018,2018-02-04,True,False,atl,ny,99,96,21,23,25,30,0,22,16,33,25,0,home,5.5,210.5,180.0,-220.0,4.5,108.5,0.0,0,False
2018,2018-02-04,True,False,mil,bkn,109,94,36,26,21,26,0,22,19,31,22,0,away,5.0,207.5,-200.0,170.0,3.5,102.0,1.0,0,False
2018,2018-02-04,True,False,mem,tor,86,101,24,20,30,12,0,25,31,20,25,0,home,11.0,209.0,600.0,-900.0,3.0,101.5,1.0,0,True
2018,2018-02-04,True,False,por,bos,96,97,26,28,19,23,0,19,19,31,28,0,away,1.5,200.0,-125.0,105.0,4.5,103.0,0.0,0,True
2018,2018-02-04,True,False,lal,okc,108,104,25,26,31,26,0,22,27,30,25,0,home,9.5,220.0,400.0,-550.0,7.5,109.0,0.0,0,False
2018,2018-02-04,True,False,cha,phx,115,110,25,23,38,29,0,31,28,35,16,0,away,6.5,220.0,-275.0,225.0,6.5,108.0,0.0,1,False
2018,2018-02-05,True,False,chi,sac,98,104,28,27,24,19,0,9,32,36,27,0,home,2.0,211.5,110.0,-130.0,6.0,104.5,1.0,0,True
2018,2018-02-05,True,False,dal,lac,101,104,28,27,27,19,0,32,26,20,26,0,home,6.0,214.5,220.0,-270.0,3.5,105.5,0.0,0,True
2018,2018-02-05,True,False,cha,den,104,121,25,37,22,20,0,36,27,34,24,0,home,4.0,217.0,150.0,-180.0,2.5,106.5,1.0,1,True
2018,2018-02-05,True,False,orl,mia,111,109,26,33,34,18,0,35,25,27,22,0,home,8.5,205.5,325.0,-425.0,5.5,102.0,0.0,1,False
2018,2018-02-05,True,False,utah,no,133,109,34,36,29,34,0,23,41,22,23,0,home,0.0,216.0,-110.0,-110.0,2.0,112.5,0.0,1,False
2018,2018-02-05,True,False,wsh,ind,111,102,28,30,28,25,0,23,26,25,28,0,away,3.0,211.0,-150.0,130.0,1.5,103.0,1.0,1,False
2018,2018-02-05,True,False,por,det,91,111,20,23,24,24,0,22,27,30,32,0,home,3.0,210.0,130.0,-150.0,1.0,109.5,1.0,0,True
2018,2018-02-06,True,False,okc,gs,125,105,42,28,29,26,0,30,27,20,28,0,home,10.0,231.0,425.0,-600.0,12.5,115.0,0.0,0,False
2018,2018-02-06,True,False,phx,lal,93,112,28,29,22,14,0,33,24,31,24,0,home,7.5,217.5,280.0,-360.0,5.5,112.0,1.0,0,True
2018,2018-02-06,True,False,bos,tor,91,111,18,19,23,31,0,22,36,25,28,0,home,5.0,208.5,175.0,-210.0,4.0,108.0,1.0,0,True
2018,2018-02-06,True,False,wsh,phi,102,115,20,35,29,18,0,37,28,29,21,0,home,6.5,212.5,230.0,-280.0,0.0,105.0,1.0,1,True
2018,2018-02-06,True,False,mil,ny,103,89,25,25,26,27,0,26,20,17,26,0,home,1.5,208.5,105.0,-125.0,0.5,102.0,0.0,0,False
2018,2018-02-06,True,False,hou,bkn,123,113,38,27,31,27,0,31,32,23,27,0,away,11.5,218.0,-850.0,575.0,7.5,106.5,0.0,1,False
2018,2018-02-06,True,False,cle,orl,98,116,43,24,22,9,0,31,20,41,24,0,away,6.5,227.0,-300.0,240.0,1.5,111.0,0.0,0,True
2018,2018-02-06,True,False,mem,atl,82,108,15,20,19,28,0,22,29,28,29,0,home,3.5,203.5,140.0,-160.0,3.5,98.0,1.0,0,True
2018,2018-02-07,True,False,bkn,det,106,115,21,29,23,33,0,26,27,26,36,0,home,9.5,211.5,375.0,-500.0,5.5,108.5,0.0,1,True
2018,2018-02-07,True,False,hou,mia,109,101,35,26,22,26,0,24,33,23,21,0,away,4.5,207.5,-195.0,165.0,1.5,101.5,1.0,1,False
2018,2018-02-07,True,False,min,cle,138,140,29,37,33,30,9,31,33,37,28,11,away,3.5,225.5,-160.0,140.0,1.5,109.5,0.0,1,True
2018,2018-02-07,True,False,utah,mem,92,88,21,23,24,24,0,16,23,24,25,0,away,7.0,198.5,-300.0,240.0,2.0,102.5,0.0,0,False
2018,2018-02-07,True,False,sa,phx,129,81,28,41,28,32,0,9,22,19,31,0,away,10.5,202.5,-650.0,450.0,2.5,103.5,1.0,1,False
2018,2018-02-08,True,False,dal,gs,103,121,33,27,25,18,0,23,37,33,28,0,home,14.5,221.5,850.0,-1500.0,9.5,109.5,1.0,1,True
2018,2018-02-08,True,False,okc,lal,81,106,27,19,20,15,0,30,22,31,23,0,home,1.5,212.0,105.0,-125.0,1.0,103.0,1.0,0,True
2018,2018-02-08,True,False,cha,por,103,109,18,27,20,32,6,29,20,30,18,12,home,3.5,212.5,145.0,-170.0,1.0,103.5,1.0,0,True
2018,2018-02-08,True,False,ny,tor,88,113,18,23,25,22,0,23,29,30,31,0,home,14.0,213.5,850.0,-1500.0,4.5,103.0,1.0,0,True
2018,2018-02-08,True,False,atl,orl,98,100,23,16,31,28,0,26,13,30,31,0,away,1.5,210.0,-125.0,105.0,1.5,108.5,0.0,0,True
2018,2018-02-08,True,False,bos,wsh,110,104,26,23,26,23,12,27,24,19,28,6,away,2.0,204.0,-135.0,115.0,1.0,106.0,1.0,1,False
2018,2018-02-09,True,False,den,hou,104,130,23,23,24,34,0,35,28,34,33,0,home,8.0,223.0,300.0,-400.0,0.5,107.5,1.0,1,True
2018,2018-02-09,True,False,no,phi,82,100,14,27,11,30,0,32,24,28,16,0,home,6.0,222.0,200.0,-250.0,2.0,106.0,1.0,0,True
2018,2018-02-09,True,False,lac,det,108,95,31,21,25,31,0,30,26,24,15,0,home,3.5,221.0,145.0,-170.0,1.0,108.0,0.0,0,False
2018,2018-02-09,True,False,cle,atl,123,107,31,30,36,26,0,27,29,26,25,0,away,2.0,212.5,-135.0,115.0,0.5,103.5,1.0,1,False
2018,2018-02-09,True,False,ind,bos,97,91,30,29,17,21,0,16,22,34,19,0,home,4.0,203.5,155.0,-185.0,7.5,99.5,0.0,0,False
2018,2018-02-09,True,False,mil,mia,85,91,23,23,8,31,0,19,23,30,19,0,home,1.5,198.5,105.0,-125.0,1.5,97.0,1.0,0,True
2018,2018-02-09,True,False,min,chi,113,114,27,40,19,27,0,30,26,33,25,0,away,7.5,216.0,-340.0,270.0,0.5,105.5,0.0,1,True
2018,2018-02-09,True,False,cha,utah,94,106,24,22,31,17,0,28,27,29,22,0,home,6.5,205.5,220.0,-270.0,0.0,101.0,1.0,0,True
2018,2018-02-09,True,False,por,sac,118,100,33,29,30,26,0,31,21,22,26,0,away,5.0,206.5,-220.0,180.0,0.5,106.5,1.0,1,False
2018,2018-02-10,True,False,lal,dal,123,130,36,30,29,28,0,34,31,35,30,0,home,3.5,213.5,145.0,-170.0,2.5,106.0,1.0,1,True
2018,2018-02-10,True,False,sa,gs,105,122,37,18,20,30,0,27,31,33,31,0,home,10.5,218.5,525.0,-750.0,6.5,112.5,1.0,1,True
2018,2018-02-10,True,False,wsh,chi,101,90,30,26,26,19,0,22,24,24,20,0,away,5.5,213.0,-230.0,185.0,0.5,103.5,1.0,0,False
2018,2018-02-10,True,False,den,phx,123,113,28,34,32,29,0,23,37,29,24,0,away,7.5,222.0,-325.0,260.0,5.0,110.0,1.0,1,False
2018,2018-02-10,True,False,mil,orl,111,104,24,26,28,33,0,29,25,20,30,0,away,5.0,208.5,-220.0,180.0,5.0,102.0,1.0,1,False
2018,2018-02-10,True,False,no,bkn,138,128,34,38,28,16,22,22,30,33,31,12,away,2.5,220.5,-140.0,120.0,4.0,107.0,1.0,1,False
2018,2018-02-10,True,False,lac,phi,98,112,28,27,23,20,0,37,32,16,27,0,home,5.0,218.0,180.0,-220.0,1.5,106.0,1.0,0,True
2018,2018-02-11,True,False,dal,hou,97,104,19,36,20,22,0,27,30,30,17,0,home,15.0,214.5,1000.0,-2000.0,9.5,106.0,0.0,0,True
2018,2018-02-11,True,False,mem,okc,92,110,18,36,26,12,0,35,39,21,15,0,home,4.5,199.5,160.0,-190.0,3.0,99.0,1.0,1,True
2018,2018-02-11,True,False,utah,por,115,96,19,24,38,34,0,26,18,19,33,0,home,3.5,206.0,145.0,-170.0,3.0,106.0,0.0,1,False
2018,2018-02-11,True,False,sac,min,106,111,29,25,26,26,0,23,33,19,36,0,home,13.0,210.0,750.0,-1200.0,8.0,103.0,0.0,1,True
2018,2018-02-11,True,False,tor,cha,123,103,30,32,28,33,0,26,29,19,29,0,away,3.5,218.0,-155.0,135.0,0.5,107.5,1.0,1,False
2018,2018-02-11,True,False,det,atl,115,118,23,33,24,35,0,28,27,27,36,0,away,3.5,208.5,-170.0,145.0,2.0,103.5,0.0,1,True
2018,2018-02-11,True,False,ny,ind,113,121,37,25,22,29,0,36,32,26,27,0,home,7.5,210.0,280.0,-360.0,2.5,103.5,1.0,1,True
2018,2018-02-11,True,False,cle,bos,121,99,31,33,31,26,0,32,20,22,25,0,home,4.5,212.5,160.0,-190.0,6.0,105.0,0.0,1,False
2018,2018-02-12,True,False,ny,phi,92,108,21,34,24,13,0,31,26,29,22,0,home,11.5,209.0,525.0,-750.0,6.5,103.5,1.0,0,True
2018,2018-02-12,True,False,no,det,118,103,32,28,35,23,0,31,21,28,23,0,home,3.5,221.5,140.0,-160.0,4.5,107.5,0.0,0,False
2018,2018-02-12,True,False,lac,bkn,114,101,34,32,24,24,0,22,29,16,34,0,away,4.5,221.5,-200.0,170.0,2.0,107.5,1.0,0,False
2018,2018-02-12,True,False,orl,chi,101,105,27,24,20,30,0,30,23,24,28,0,home,5.0,212.0,175.0,-210.0,2.5,103.5,0.0,0,True
2018,2018-02-12,True,False,sa,utah,99,101,22,26,29,22,0,25,29,15,32,0,home,4.0,197.5,150.0,-180.0,0.5,103.0,0.0,1,True
2018,2018-02-12,True,False,phx,gs,83,129,24,21,26,12,0,25,37,37,30,0,home,16.0,231.0,1300.0,-3500.0,5.5,116.5,1.0,0,True
2018,2018-02-13,True,False,sa,den,109,117,32,29,29,19,0,30,28,29,30,0,home,7.0,208.0,230.0,-280.0,6.5,109.5,1.0,1,True
2018,2018-02-13,True,False,sac,dal,114,109,29,36,23,26,0,16,28,27,38,0,home,7.0,206.0,230.0,-280.0,8.5,101.0,0.0,1,False
2018,2018-02-13,True,False,cle,okc,120,112,29,33,29,29,0,28,29,30,25,0,home,3.5,223.0,140.0,-160.0,3.5,108.5,0.0,1,False
2018,2018-02-13,True,False,hou,min,126,108,23,31,30,42,0,31,19,30,28,0,away,3.5,223.5,-160.0,140.0,1.5,109.0,1.0,1,False
2018,2018-02-13,True,False,atl,mil,92,97,24,19,18,31,0,21,20,33,23,0,home,7.0,208.0,250.0,-310.0,6.0,107.0,0.0,0,True
2018,2018-02-13,True,False,mia,tor,112,115,24,31,26,31,0,28,29,41,17,0,home,8.0,204.5,300.0,-400.0,5.0,100.0,0.0,1,True
2018,2018-02-14,True,False,gs,por,117,123,27,24,36,30,0,40,23,29,31,0,away,6.5,228.5,-270.0,220.0,9.0,114.0,0.0,1,True
2018,2018-02-14,True,False,phx,utah,97,107,23,18,30,26,0,27,23,22,35,0,home,11.0,212.0,525.0,-750.0,3.5,109.5,0.0,0,True
2018,2018-02-14,True,False,okc,mem,121,114,34,39,19,29,0,33,20,31,30,0,away,4.5,208.0,-200.0,170.0,3.5,101.5,1.0,1,False
2018,2018-02-14,True,False,lal,no,117,139,33,33,25,26,0,46,33,24,36,0,home,5.5,231.0,185.0,-230.0,1.0,111.5,1.0,1,True
2018,2018-02-14,True,False,lac,bos,129,119,34,27,32,36,0,25,32,34,28,0,home,5.0,212.0,170.0,-200.0,5.0,103.5,0.0,1,False
2018,2018-02-14,True,False,tor,chi,122,98,27,34,34,27,0,33,16,27,22,0,away,7.0,219.0,-290.0,235.0,0.5,106.5,1.0,1,False
2018,2018-02-14,True,False,wsh,ny,118,113,26,25,39,28,0,39,33,15,26,0,away,4.5,210.5,-190.0,160.0,8.0,103.5,1.0,1,False
2018,2018-02-14,True,False,ind,bkn,108,103,22,32,19,35,0,23,31,25,24,0,away,3.5,212.5,-160.0,140.0,3.0,103.5,1.0,0,False
2018,2018-02-14,True,False,cha,orl,104,102,20,34,31,19,0,26,27,25,24,0,away,6.0,212.0,-260.0,210.0,3.5,104.0,0.0,0,False
2018,2018-02-14,True,False,mia,phi,102,104,29,33,19,21,0,20,19,34,31,0,home,4.0,202.5,145.0,-170.0,6.5,100.0,0.0,1,True
2018,2018-02-14,True,False,atl,det,98,104,14,19,28,37,0,22,23,37,22,0,home,10.0,207.5,500.0,-700.0,1.5,105.5,0.0,0,True
2018,2018-02-14,True,False,sac,hou,91,100,25,20,18,28,0,20,35,17,28,0,home,14.5,215.0,1000.0,-2000.0,5.5,105.0,0.0,0,True
2018,2018-02-15,True,False,den,mil,134,123,35,39,33,27,0,28,34,26,35,0,home,2.0,214.5,110.0,-130.0,4.5,106.0,0.0,1,False
2018,2018-02-15,True,False,lal,min,111,119,39,26,26,20,0,35,27,22,35,0,home,10.0,227.5,450.0,-650.0,8.0,112.0,0.0,1,True
2018,2018-02-22,True,False,ny,orl,120,113,31,32,30,27,0,41,28,21,23,0,home,3.5,216.0,140.0,-160.0,0.0,106.5,0.0,1,False
2018,2018-02-22,True,False,bkn,cha,96,111,28,25,21,22,0,32,23,25,31,0,home,8.5,216.0,320.0,-420.0,5.0,112.0,1.0,0,True
2018,2018-02-22,True,False,wsh,cle,110,103,22,35,25,28,0,31,23,25,24,0,home,6.5,222.0,240.0,-300.0,5.5,107.0,0.0,0,False
2018,2018-02-22,True,False,phi,chi,116,115,33,34,26,23,0,29,40,22,24,0,away,7.0,213.5,-300.0,240.0,6.0,105.5,0.0,1,False
2018,2018-02-22,True,False,okc,sac,110,107,44,23,18,25,0,21,39,30,17,0,away,8.0,214.5,-360.0,280.0,2.5,107.0,0.0,1,False
2018,2018-02-22,True,False,lac,gs,127,134,23,35,34,35,0,34,36,32,32,0,home,11.0,234.5,525.0,-750.0,3.5,114.0,0.0,1,True
2018,2018-02-23,True,False,sa,den,119,122,30,31,28,30,0,32,31,33,26,0,home,4.0,211.5,145.0,-170.0,2.0,109.5,0.0,1,True
2018,2018-02-23,True,False,min,hou,102,120,32,22,21,27,0,26,29,33,32,0,home,8.0,223.0,300.0,-400.0,5.0,108.0,1.0,0,True
2018,2018-02-23,True,False,lac,phx,128,117,40,39,16,33,0,18,32,28,39,0,away,5.5,230.5,-240.0,190.0,3.5,110.5,1.0,1,False
2018,2018-02-23,True,False,por,utah,100,81,31,22,27,20,0,30,17,17,17,0,home,4.5,207.5,160.0,-190.0,3.5,109.5,0.0,0,False
2018,2018-02-23,True,False,dal,lal,102,124,17,24,35,26,0,32,31,32,29,0,home,4.5,221.5,165.0,-195.0,4.0,107.5,1.0,1,True
2018,2018-02-23,True,False,mia,no,123,124,27,32,30,19,15,22,35,27,24,16,home,2.0,215.5,115.0,-135.0,1.0,106.0,0.0,1,True
2018,2018-02-23,True,False,mil,tor,122,119,23,42,31,14,12,29,28,31,22,9,home,7.0,216.0,280.0,-360.0,6.5,107.0,0.0,1,False
2018,2018-02-23,True,False,cha,wsh,122,105,36,31,27,28,0,26,29,27,23,0,home,3.5,211.0,150.0,-180.0,5.5,103.0,0.0,1,False
2018,2018-02-23,True,False,atl,ind,93,116,22,22,22,27,0,27,34,22,33,0,home,7.0,209.0,255.0,-320.0,1.5,108.5,1.0,2,True
2018,2018-02-23,True,False,bos,det,110,98,23,38,25,24,0,28,21,28,21,0,away,2.0,208.0,-135.0,115.0,3.0,107.5,1.0,2,False
2018,2018-02-23,True,False,cle,mem,112,89,20,34,31,27,0,27,22,22,18,0,away,5.0,214.0,-230.0,185.0,1.5,104.0,1.0,0,False
2018,2018-02-24,True,False,lal,sac,113,108,25,25,37,26,0,29,29,25,25,0,away,1.5,221.0,-125.0,105.0,3.0,108.0,1.0,2,False
2018,2018-02-24,True,False,por,phx,106,104,28,27,16,35,0,24,26,31,23,0,away,6.5,222.0,-280.0,230.0,2.5,115.0,0.0,0,False
2018,2018-02-24,True,False,dal,utah,90,97,23,27,21,19,0,35,18,21,23,0,home,10.0,204.0,425.0,-600.0,5.5,100.0,0.0,0,True
2018,2018-02-24,True,False,chi,min,104,122,24,38,20,22,0,31,29,26,36,0,home,7.5,219.5,275.0,-350.0,6.0,106.0,1.0,1,True
2018,2018-02-24,True,False,mem,mia,89,115,31,21,18,19,0,34,26,32,23,0,home,9.5,198.5,400.0,-550.0,3.5,98.0,1.0,1,True
2018,2018-02-24,True,False,bos,ny,121,112,23,36,29,33,0,24,32,25,31,0,away,6.0,211.5,-260.0,210.0,3.5,110.5,1.0,1,False
2018,2018-02-24,True,False,orl,phi,105,116,18,22,31,34,0,27,31,29,29,0,home,10.0,216.5,425.0,-600.0,0.0,105.0,1.0,1,True
2018,2018-02-24,True,False,okc,gs,80,112,19,26,21,14,0,24,28,32,28,0,home,10.0,233.5,450.0,-650.0,3.5,114.0,1.0,0,True
2018,2018-02-25,True,False,det,cha,98,114,19,27,25,27,0,32,38,26,18,0,home,4.5,212.0,155.0,-185.0,4.0,103.0,1.0,2,True
2018,2018-02-25,True,False,no,mil,123,121,21,28,38,27,9,32,34,19,29,7,home,4.5,220.0,155.0,-185.0,3.0,106.5,0.0,1,False
2018,2018-02-25,True,False,sa,cle,110,94,25,25,26,34,0,20,33,21,20,0,home,4.5,212.5,160.0,-190.0,1.5,108.5,0.0,0,False
2018,2018-02-25,True,False,hou,den,119,114,38,28,26,27,0,25,27,27,35,0,away,4.5,224.5,-200.0,170.0,2.5,109.0,1.0,1,False
2018,2018-02-25,True,False,phi,wsh,94,109,28,20,25,21,0,30,37,20,22,0,home,1.5,214.5,105.0,-125.0,5.5,104.5,1.0,0,True
2018,2018-02-26,True,False,orl,okc,105,112,38,24,15,28,0,31,30,23,28,0,home,10.0,218.5,500.0,-700.0,8.0,107.5,0.0,0,True
2018,2018-02-26,True,False,min,sac,118,100,29,34,34,21,0,29,31,17,23,0,away,5.0,216.0,-210.0,175.0,3.0,106.0,1.0,1,False
2018,2018-02-26,True,False,hou,utah,96,85,19,20,31,26,0,21,23,19,22,0,away,1.5,211.5,-125.0,105.0,2.0,104.0,1.0,0,False
2018,2018-02-26,True,False,ind,dal,103,109,23,20,22,38,0,23,26,19,41,0,away,3.0,211.5,-150.0,130.0,3.5,103.0,0.0,1,True
2018,2018-02-26,True,False,phx,no,116,125,36,29,24,27,0,26,32,38,29,0,home,7.0,235.0,250.0,-310.0,7.5,121.5,1.0,1,True
2018,2018-02-26,True,False,det,tor,94,123,26,27,22,19,0,30,29,34,30,0,home,10.0,217.0,500.0,-700.0,3.5,105.5,1.0,2,True
2018,2018-02-26,True,False,lal,atl,123,104,28,36,32,27,0,22,24,29,29,0,away,2.0,221.5,-130.0,110.0,4.0,107.5,1.0,1,False
2018,2018-02-26,True,False,mem,bos,98,109,24,17,28,29,0,33,34,19,23,0,home,11.5,203.5,750.0,-1200.0,0.5,98.5,0.0,1,True
2018,2018-02-26,True,False,chi,bkn,87,104,19,32,19,17,0,28,21,35,20,0,home,4.5,216.0,160.0,-190.0,4.0,104.0,1.0,0,True
2018,2018-02-26,True,False,gs,ny,125,111,37,26,39,23,0,39,25,18,29,0,away,12.0,229.0,-1400.0,800.0,9.5,113.0,1.0,1,False
2018,2018-02-27,True,False,chi,cha,103,118,29,22,27,25,0,26,25,36,31,0,home,11.5,217.0,650.0,-1000.0,7.0,106.5,1.0,1,True
2018,2018-02-27,True,False,bkn,cle,123,129,29,32,30,32,0,25,35,34,35,0,home,10.5,222.0,550.0,-800.0,7.5,114.5,0.0,1,True
2018,2018-02-27,True,False,phi,mia,101,102,24,24,27,26,0,17,28,28,29,0,home,1.0,205.0,-105.0,-115.0,1.0,101.0,2.0,0,True
2018,2018-02-27,True,False,wsh,mil,107,104,40,24,20,23,0,22,28,31,23,0,home,3.0,212.0,130.0,-150.0,5.5,103.5,0.0,0,False
2018,2018-02-27,True,False,sac,por,99,116,26,27,27,19,0,36,30,22,28,0,home,12.0,208.5,700.0,-1100.0,3.0,103.0,1.0,1,True
2018,2018-02-27,True,False,lac,den,122,120,24,28,29,41,0,33,25,30,32,0,home,5.5,229.0,185.0,-230.0,1.5,112.0,0.0,1,False
2018,2018-02-28,True,False,no,sa,121,116,24,27,36,34,0,29,31,35,21,0,home,4.5,218.5,170.0,-200.0,1.0,106.5,0.0,1,False
2018,2018-02-28,True,False,hou,lac,105,92,34,27,22,22,0,12,31,29,20,0,away,8.5,229.5,-425.0,325.0,1.0,112.0,1.0,0,False
2018,2018-02-28,True,False,okc,dal,111,110,32,22,23,23,11,21,22,33,24,10,away,4.5,209.5,-220.0,180.0,1.0,101.5,0.0,1,False
2018,2018-02-28,True,False,gs,wsh,109,101,36,22,27,24,0,21,35,14,31,0,away,9.0,227.5,-470.0,360.0,6.0,110.5,0.0,0,False
2018,2018-02-28,True,False,cha,bos,106,134,31,28,20,27,0,37,30,36,31,0,home,7.5,211.0,280.0,-360.0,1.0,103.5,1.0,1,True
2018,2018-02-28,True,False,phx,mem,110,102,21,36,25,28,0,27,27,18,30,0,home,2.5,216.0,125.0,-145.0,2.0,112.0,0.0,0,False
2018,2018-02-28,True,False,ind,atl,102,107,27,23,15,37,0,28,27,30,22,0,away,4.0,213.5,-180.0,150.0,4.0,104.5,0.0,0,True
2018,2018-02-28,True,False,tor,orl,117,104,42,27,21,27,0,37,26,26,15,0,away,9.0,221.5,-500.0,375.0,3.5,108.5,1.0,0,False
2018,2018-02-28,True,False,mil,det,87,110,32,12,26,17,0,32,21,32,25,0,home,1.0,210.0,-105.0,-115.0,2.5,102.0,1.0,0,True
2018,2018-03-01,True,False,lal,mia,131,113,33,40,31,27,0,36,26,32,19,0,home,5.5,218.5,180.0,-220.0,6.5,108.5,0.0,1,False
2018,2018-03-01,True,False,phi,cle,108,97,32,27,18,31,0,29,27,15,26,0,home,3.0,222.0,130.0,-150.0,4.0,108.0,0.0,0,False
2018,2018-03-01,True,False,bkn,sac,111,116,31,20,28,21,11,22,31,20,27,16,away,2.5,213.0,-140.0,120.0,3.5,110.0,0.0,1,True
2018,2018-03-01,True,False,min,por,99,108,24,25,29,21,0,19,25,31,33,0,home,5.5,219.0,190.0,-240.0,6.5,106.5,1.0,0,True
2018,2018-03-02,True,False,ny,lac,105,128,25,35,18,27,0,32,25,35,36,0,home,9.0,226.5,350.0,-450.0,7.5,110.5,1.0,1,True
2018,2018-03-02,True,False,okc,phx,124,116,32,28,37,27,0,37,30,32,17,0,away,8.0,227.5,-380.0,290.0,8.5,113.0,2.0,1,False
2018,2018-03-02,True,False,ind,mil,103,96,18,27,33,25,0,21,25,21,29,0,home,3.5,211.0,145.0,-170.0,2.0,102.5,0.0,0,False
2018,2018-03-02,True,False,tor,wsh,102,95,19,32,26,25,0,27,20,27,21,0,away,3.0,216.5,-150.0,130.0,1.0,103.0,1.0,0,False
2018,2018-03-02,True,False,min,utah,108,116,24,21,32,31,0,23,33,29,31,0,home,7.5,208.5,270.0,-340.0,3.0,102.0,1.0,1,True
2018,2018-03-02,True,False,dal,chi,100,108,32,17,36,15,0,24,23,31,30,0,away,2.5,215.0,-140.0,120.0,1.5,106.0,0.0,0,True
2018,2018-03-02,True,False,gs,atl,114,109,33,29,28,24,0,31,19,34,25,0,away,13.0,228.5,-1200.0,750.0,4.0,111.0,0.0,0,False
2018,2018-03-02,True,False,cha,phi,99,110,30,26,24,19,0,27,21,26,36,0,home,3.5,215.0,142.0,-165.0,4.0,104.0,1.0,0,True
2018,2018-03-02,True,False,det,orl,106,115,29,23,30,22,2,31,22,29,22,11,away,2.5,214.0,-140.0,120.0,3.0,102.5,0.0,1,True
2018,2018-03-02,True,False,den,mem,108,102,35,28,28,17,0,29,25,26,22,0,away,9.0,216.5,-440.0,340.0,2.5,106.0,0.0,0,False
2018,2018-03-03,True,False,okc,por,100,108,28,22,25,25,0,25,28,30,25,0,home,4.5,215.0,160.0,-190.0,2.0,105.0,1.0,0,True
2018,2018-03-03,True,False,lal,sa,116,112,23,30,27,36,0,30,30,31,21,0,home,6.0,218.0,200.0,-250.0,1.0,106.5,0.0,1,False
2018,2018-03-03,True,False,bos,hou,120,123,32,32,25,31,0,30,28,28,37,0,home,8.0,213.0,300.0,-400.0,7.5,110.5,0.0,1,True
2018,2018-03-03,True,False,utah,sac,98,91,25,27,23,23,0,17,26,23,25,0,away,7.0,201.5,-330.0,260.0,1.5,105.5,2.0,0,False
2018,2018-03-03,True,False,den,cle,126,117,37,36,30,23,0,31,31,35,20,0,home,4.0,228.5,150.0,-180.0,4.5,111.5,0.0,1,False
2018,2018-03-03,True,False,mem,orl,100,107,27,25,27,21,0,31,21,25,30,0,home,7.0,211.5,240.0,-300.0,4.5,104.5,2.0,0,True
2018,2018-03-03,True,False,det,mia,96,105,28,18,24,26,0,27,32,15,31,0,home,5.0,203.5,180.0,-220.0,1.5,99.5,1.0,0,True
2018,2018-03-04,True,False,phx,atl,112,113,23,33,31,25,0,29,27,30,27,0,home,1.5,225.5,105.0,-125.0,1.0,116.0,0.0,0,True
2018,2018-03-04,True,False,ind,wsh,98,95,30,25,25,18,0,20,25,20,30,0,home,4.0,211.5,150.0,-180.0,5.0,103.5,0.0,0,False
2018,2018-03-04,True,False,cha,tor,98,103,21,22,26,29,0,26,26,30,21,0,home,8.5,217.5,325.0,-425.0,1.5,105.0,0.0,0,True
2018,2018-03-04,True,False,no,dal,126,109,33,32,26,35,0,25,24,29,31,0,away,4.0,223.0,-180.0,150.0,3.5,109.0,1.0,1,False
2018,2018-03-04,True,False,phi,mil,110,118,43,29,14,24,0,31,29,33,25,0,away,1.5,208.0,-120.0,100.0,3.5,104.5,0.0,1,True
2018,2018-03-04,True,False,ny,sac,99,102,20,26,26,27,0,32,19,32,19,0,away,2.5,215.0,-140.0,120.0,2.5,104.0,0.0,0,True
2018,2018-03-04,True,False,bkn,lac,120,123,27,26,33,34,0,32,33,26,32,0,home,7.5,223.0,275.0,-350.0,0.5,116.0,0.0,1,True
2018,2018-03-05,True,False,mem,sa,98,100,23,22,27,26,0,21,26,23,30,0,home,12.5,201.5,700.0,-1100.0,7.0,98.5,0.0,0,True
2018,2018-03-05,True,False,bos,chi,105,89,35,20,31,19,0,16,13,24,36,0,away,7.0,209.5,-310.0,250.0,3.5,106.5,1.0,0,False
2018,2018-03-05,True,False,por,lal,108,103,27,31,15,35,0,24,31,25,23,0,away,2.0,226.0,-135.0,115.0,0.5,117.0,1.0,0,False
2018,2018-03-05,True,False,mil,ind,89,92,17,29,23,20,0,20,24,29,19,0,home,2.5,210.0,120.0,-140.0,3.0,101.5,1.0,0,True
2018,2018-03-05,True,False,phx,mia,103,125,27,21,32,23,0,30,31,32,32,0,home,9.5,219.0,400.0,-550.0,1.5,112.0,1.0,1,True
2018,2018-03-05,True,False,orl,utah,80,94,29,15,23,13,0,25,29,20,20,0,home,9.0,207.0,375.0,-500.0,3.0,101.5,1.0,0,True
2018,2018-03-05,True,False,det,cle,90,112,28,21,21,20,0,26,28,36,22,0,home,6.0,220.0,225.0,-275.0,2.0,106.5,1.0,0,True
2018,2018-03-06,True,False,phi,cha,128,114,32,39,30,27,0,29,30,32,23,0,away,2.0,215.0,-130.0,110.0,3.0,106.0,1.0,1,False
2018,2018-03-06,True,False,mia,wsh,113,117,26,24,30,25,8,31,28,27,19,12,home,4.0,205.0,150.0,-180.0,1.5,100.5,2.0,1,True
2018,2018-03-06,True,False,atl,tor,90,106,28,23,26,13,0,27,23,26,30,0,home,12.5,216.5,800.0,-1400.0,9.0,111.5,1.0,0,True
2018,2018-03-06,True,False,hou,okc,122,112,26,28,33,35,0,24,21,29,38,0,away,5.5,219.5,-230.0,185.0,0.5,106.0,1.0,1,False
2018,2018-03-06,True,False,den,dal,107,118,25,37,23,22,0,29,29,38,22,0,away,6.5,216.5,-280.0,230.0,3.5,106.0,0.0,1,True
2018,2018-03-06,True,False,ny,por,87,111,28,24,19,16,0,35,22,30,24,0,home,10.0,216.5,400.0,-550.0,4.5,105.0,1.0,0,True
2018,2018-03-06,True,False,no,lac,121,116,35,32,30,24,0,27,25,30,34,0,home,2.0,235.5,110.0,-130.0,6.5,114.0,0.0,1,False
2018,2018-03-06,True,False,bkn,gs,101,114,19,34,27,21,0,35,13,38,28,0,home,15.0,231.0,1100.0,-2500.0,14.0,119.0,0.0,0,True
2018,2018-03-07,True,False,utah,ind,104,84,32,22,25,25,0,20,24,25,15,0,away,1.5,201.0,-120.0,100.0,2.5,105.0,1.0,0,False
2018,2018-03-07,True,False,mem,chi,110,119,22,29,24,35,0,30,34,26,29,0,home,3.5,211.5,145.0,-170.0,2.5,105.0,1.0,1,True
2018,2018-03-07,True,False,hou,mil,110,99,24,34,29,23,0,22,24,30,23,0,away,5.5,214.5,-250.0,200.0,1.0,103.5,1.0,0,False
2018,2018-03-07,True,False,tor,det,121,119,27,18,40,29,7,23,36,25,30,5,away,5.5,214.0,-240.0,190.0,6.5,104.5,0.0,1,False
2018,2018-03-07,True,False,no,sac,114,101,32,30,23,29,0,21,23,23,34,0,away,5.5,224.0,-250.0,200.0,2.0,109.0,1.0,0,False
2018,2018-03-07,True,False,cle,den,113,108,38,32,19,24,0,23,35,29,21,0,home,3.5,229.0,135.0,-155.0,5.0,111.0,0.0,0,False
2018,2018-03-07,True,False,orl,lal,107,108,32,19,28,28,0,23,33,25,27,0,home,6.5,227.0,235.0,-290.0,3.0,112.0,0.0,0,True
2018,2018-03-08,True,False,bos,min,117,109,35,25,26,31,0,28,18,28,35,0,away,2.5,218.0,-140.0,120.0,4.0,113.0,1.0,1,False
2018,2018-03-08,True,False,sa,gs,107,110,21,29,37,20,0,28,18,32,32,0,home,11.0,223.0,550.0,-800.0,8.5,112.0,0.0,0,True
2018,2018-03-08,True,False,phx,okc,87,115,23,15,29,20,0,26,23,39,27,0,home,10.5,228.5,500.0,-700.0,2.5,118.0,1.0,0,True
2018,2018-03-08,True,False,bkn,cha,125,111,35,30,31,29,0,29,30,26,26,0,home,7.5,217.0,260.0,-330.0,8.0,113.0,0.0,1,False
2018,2018-03-08,True,False,phi,mia,99,108,28,21,25,25,0,29,24,20,35,0,home,0.0,211.0,-110.0,-110.0,1.5,103.0,1.0,0,True
2018,2018-03-09,True,False,cle,lac,102,116,17,30,30,25,0,35,26,24,31,0,away,1.5,229.5,-125.0,105.0,6.0,111.5,0.0,0,True
2018,2018-03-09,True,False,orl,sac,88,94,14,22,26,26,0,22,19,33,20,0,home,2.5,205.5,115.0,-135.0,0.5,99.0,1.0,0,True
2018,2018-03-09,True,False,lal,den,116,125,28,34,34,20,0,37,28,29,31,0,home,7.0,231.0,240.0,-300.0,3.5,111.0,1.0,1,True
2018,2018-03-09,True,False,wsh,no,116,97,22,31,30,33,0,19,19,24,35,0,away,3.0,222.0,-155.0,135.0,2.5,107.5,1.0,0,False
2018,2018-03-09,True,False,gs,por,108,125,27,25,31,25,0,33,28,26,38,0,home,1.5,218.0,110.0,-130.0,2.5,106.5,1.0,1,True
2018,2018-03-09,True,False,ny,mil,112,120,22,33,34,23,0,26,34,31,29,0,home,9.5,214.5,425.0,-600.0,4.5,104.0,0.0,1,True
2018,2018-03-09,True,False,hou,tor,105,108,16,27,32,30,0,32,26,25,25,0,away,2.5,220.0,-145.0,125.0,6.5,108.5,0.0,0,True
2018,2018-03-09,True,False,chi,det,83,99,26,21,15,21,0,21,28,24,26,0,home,8.0,214.5,290.0,-380.0,4.5,104.0,1.0,0,True
2018,2018-03-09,True,False,atl,ind,87,112,15,22,26,24,0,34,19,34,25,0,home,9.0,211.0,360.0,-470.0,0.0,109.0,1.0,0,True
2018,2018-03-09,True,False,utah,mem,95,78,24,26,21,24,0,23,15,20,20,0,away,10.0,197.5,-600.0,425.0,2.0,102.5,1.0,0,False
2018,2018-03-10,True,False,orl,lac,105,113,27,31,31,16,0,30,26,31,26,0,home,11.5,217.0,650.0,-1000.0,9.0,106.5,0.0,1,True
2018,2018-03-10,True,False,phx,cha,115,122,25,26,21,43,0,32,27,35,28,0,home,13.0,219.5,800.0,-1400.0,5.5,113.0,0.0,1,True
2018,2018-03-10,True,False,wsh,mia,102,129,20,28,28,26,0,26,34,43,26,0,home,4.0,207.0,150.0,-180.0,2.0,102.5,1.0,1,True
2018,2018-03-10,True,False,sa,okc,94,104,19,24,25,26,0,24,28,25,27,0,home,3.5,210.0,150.0,-180.0,1.0,109.0,1.0,0,True
2018,2018-03-10,True,False,mem,dal,80,114,13,17,33,17,0,31,25,28,30,0,home,9.5,208.0,400.0,-550.0,1.0,101.5,1.0,0,True
2018,2018-03-11,True,False,phi,bkn,120,97,37,33,26,24,0,25,35,23,14,0,away,5.5,219.0,-250.0,200.0,0.5,107.5,1.0,0,False
2018,2018-03-11,True,False,cle,lal,113,127,29,31,22,31,0,33,32,33,29,0,away,2.0,229.5,-135.0,115.0,3.0,113.0,0.0,1,True
2018,2018-03-11,True,False,hou,dal,105,82,25,23,32,25,0,14,33,16,19,0,away,10.5,211.5,-700.0,500.0,6.5,105.0,1.0,0,False
2018,2018-03-11,True,False,sac,den,104,130,25,24,19,36,0,32,34,35,29,0,home,11.5,213.0,650.0,-1000.0,1.5,103.5,1.0,1,True
2018,2018-03-11,True,False,ind,bos,99,97,24,16,34,25,0,25,25,20,27,0,home,4.5,209.0,170.0,-200.0,1.5,102.5,0.0,0,False
2018,2018-03-11,True,False,gs,min,103,109,24,38,22,19,0,34,21,29,25,0,away,3.5,224.0,-165.0,142.0,0.5,108.5,0.0,0,True
2018,2018-03-11,True,False,tor,ny,132,106,32,33,37,30,0,27,30,29,20,0,away,10.0,216.0,-650.0,450.0,3.5,105.5,1.0,1,False
2018,2018-03-11,True,False,utah,no,116,99,29,19,30,38,0,23,28,23,25,0,away,1.0,212.5,-120.0,100.0,1.5,110.5,1.0,1,False
2018,2018-03-11,True,False,chi,atl,129,122,20,33,38,38,0,34,16,35,37,0,home,2.0,213.0,110.0,-130.0,0.5,104.5,0.0,1,False
2018,2018-03-12,True,False,mil,mem,121,103,32,32,26,31,0,24,26,23,30,0,away,7.5,206.0,-360.0,280.0,0.0,101.5,1.0,1,False
2018,2018-03-12,True,False,sac,okc,101,106,16,24,39,22,0,19,27,32,28,0,home,13.5,213.0,900.0,-1600.0,6.0,102.0,0.0,0,True
2018,2018-03-12,True,False,sa,hou,93,109,21,22,24,26,0,25,29,34,21,0,home,11.5,211.5,650.0,-1000.0,3.5,109.5,1.0,0,True
2018,2018-03-12,True,False,mia,por,99,115,25,22,25,27,0,34,25,29,27,0,home,6.0,208.5,190.0,-240.0,0.5,102.5,1.0,1,True
2018,2018-03-13,True,False,dal,ny,110,97,29,28,26,27,0,31,29,12,25,0,home,1.0,216.0,-105.0,-115.0,0.5,105.0,0.0,0,False
2018,2018-03-13,True,False,cle,phx,129,107,38,30,34,27,0,18,34,28,27,0,away,8.0,230.5,-370.0,285.0,0.5,113.0,1.0,1,False
2018,2018-03-13,True,False,det,utah,79,110,21,18,20,20,0,42,22,22,24,0,home,9.0,195.5,350.0,-450.0,1.5,96.0,1.0,0,True
2018,2018-03-13,True,False,orl,sa,72,108,18,19,20,15,0,24,38,34,12,0,home,10.5,201.0,450.0,-650.0,0.5,98.5,1.0,0,True
2018,2018-03-13,True,False,cha,no,115,119,32,33,27,23,0,37,35,20,27,0,home,5.0,229.5,170.0,-200.0,1.0,112.0,0.0,1,True
2018,2018-03-13,True,False,ind,phi,101,98,33,24,26,18,0,23,30,26,19,0,home,6.5,211.5,230.0,-280.0,5.5,103.5,0.0,0,False
2018,2018-03-13,True,False,okc,atl,119,107,31,23,36,29,0,28,38,22,19,0,away,6.0,216.0,-260.0,210.0,7.0,106.0,1.0,1,False
2018,2018-03-13,True,False,tor,bkn,116,102,32,25,30,29,0,40,27,18,17,0,away,9.0,219.0,-500.0,375.0,9.0,108.0,1.0,0,False
2018,2018-03-13,True,False,den,lal,103,112,22,25,35,21,0,35,13,29,35,0,away,2.0,232.0,-130.0,110.0,2.5,112.0,0.0,0,True
2018,2018-03-13,True,False,min,wsh,116,111,25,28,29,34,0,26,33,31,21,0,home,3.0,218.5,135.0,-155.0,0.5,106.5,0.0,1,False
2018,2018-03-13,True,False,lac,chi,112,106,31,31,28,22,0,27,33,18,28,0,away,7.5,224.0,-400.0,300.0,4.5,110.0,0.0,0,False
2018,2018-03-14,True,False,lal,gs,106,117,23,32,27,24,0,26,29,34,28,0,home,6.0,223.5,200.0,-250.0,4.5,110.0,1.0,0,True
2018,2018-03-14,True,False,mia,sac,119,123,31,21,27,32,8,24,35,32,20,12,away,7.0,206.0,-300.0,240.0,6.5,102.0,0.0,1,True
2018,2018-03-14,True,False,mil,orl,117,126,20,32,28,37,0,36,25,30,35,0,away,10.0,208.0,-650.0,450.0,10.5,102.5,0.0,1,True
2018,2018-03-14,True,False,wsh,bos,125,124,23,29,29,25,19,37,22,21,26,18,away,4.0,201.5,-190.0,160.0,5.0,99.0,0.0,1,False
2018,2018-03-15,True,False,det,den,113,120,29,22,33,29,0,33,32,33,22,0,home,8.5,216.0,317.0,-400.0,0.5,104.5,0.0,1,True
2018,2018-03-15,True,False,phx,utah,88,116,23,20,23,22,0,20,36,25,35,0,home,13.5,215.5,980.0,-1800.0,4.0,110.5,1.0,0,True
2018,2018-03-15,True,False,no,sa,93,98,26,32,15,20,0,37,23,18,20,0,home,4.5,219.5,160.0,-185.0,2.5,108.0,1.0,0,True
2018,2018-03-15,True,False,chi,mem,111,110,22,30,26,33,0,29,23,23,35,0,home,2.5,209.5,120.0,-140.0,2.0,108.5,0.0,1,False
2018,2018-03-15,True,False,cle,por,105,113,29,25,23,28,0,29,30,29,25,0,home,5.5,220.0,180.0,-215.0,1.5,108.0,1.0,0,True
2018,2018-03-15,True,False,phi,ny,118,110,32,28,23,35,0,32,36,23,19,0,away,10.0,218.0,-640.0,471.0,10.0,107.5,0.0,1,False
2018,2018-03-15,True,False,cha,atl,129,117,33,30,34,32,0,23,32,24,38,0,away,6.0,219.0,-235.0,195.0,1.5,106.5,1.0,1,False
2018,2018-03-15,True,False,tor,ind,106,99,25,24,28,29,0,27,30,22,20,0,away,4.0,212.5,-175.0,151.0,5.0,104.5,1.0,0,False
2018,2018-03-15,True,False,lac,hou,96,101,26,25,23,22,0,28,19,31,23,0,home,11.0,225.0,664.0,-1000.0,9.0,110.5,0.0,0,True
2018,2018-03-16,True,False,bos,orl,92,83,25,23,27,17,0,16,15,21,31,0,away,7.0,201.0,-275.0,226.0,1.5,103.5,1.0,0,False
2018,2018-03-16,True,False,bkn,phi,116,120,33,25,23,35,0,30,25,31,34,0,home,8.5,217.5,317.0,-400.0,7.5,112.0,0.0,1,True
2018,2018-03-16,True,False,dal,tor,115,122,27,33,24,22,9,29,25,24,28,16,home,10.0,210.0,471.0,-640.0,10.5,103.5,0.0,1,True
2018,2018-03-16,True,False,lac,okc,113,121,30,26,28,29,0,27,36,26,32,0,home,6.0,223.5,218.0,-265.0,1.0,108.5,1.0,1,True
2018,2018-03-16,True,False,sac,gs,98,93,29,28,18,23,0,36,23,16,18,0,home,8.5,205.5,317.0,-400.0,5.5,102.5,0.0,0,False
2018,2018-03-16,True,False,mia,lal,92,91,25,25,24,18,0,24,26,21,20,0,home,2.0,221.0,110.0,-130.0,1.5,110.0,0.0,0,False
2018,2018-03-17,True,False,det,por,87,100,20,25,18,24,0,31,29,20,20,0,home,9.0,206.5,365.0,-480.0,0.0,101.5,1.0,0,True
2018,2018-03-17,True,False,gs,phx,124,109,30,22,42,30,0,34,26,25,24,0,away,5.5,215.0,-210.0,175.0,5.5,106.0,1.0,1,False
2018,2018-03-17,True,False,sac,utah,97,103,27,27,25,18,0,32,18,30,23,0,home,15.5,197.5,1200.0,-3000.0,11.0,97.5,0.0,1,True
2018,2018-03-17,True,False,min,sa,101,117,24,26,31,20,0,23,38,29,27,0,home,4.5,211.5,160.0,-190.0,1.0,105.0,1.0,1,True
2018,2018-03-17,True,False,cle,chi,114,109,32,37,16,29,0,31,21,29,28,0,away,7.5,222.5,-350.0,275.0,1.0,107.0,0.0,1,False
2018,2018-03-17,True,False,dal,bkn,106,114,24,32,33,17,0,30,29,29,26,0,home,4.5,212.0,170.0,-200.0,1.5,104.0,1.0,1,True
2018,2018-03-17,True,False,cha,ny,101,124,24,26,17,34,0,22,35,42,25,0,away,6.5,224.0,-300.0,240.0,6.0,108.5,0.0,1,True
2018,2018-03-17,True,False,atl,mil,117,122,31,19,37,30,0,26,30,39,27,0,home,10.5,214.0,600.0,-900.0,4.5,110.0,0.0,1,True
2018,2018-03-17,True,False,den,mem,94,101,17,31,27,19,0,34,19,31,17,0,away,7.0,214.0,-340.0,270.0,7.0,104.0,0.0,0,True
2018,2018-03-17,True,False,hou,no,107,101,32,28,24,23,0,29,25,18,29,0,away,8.5,226.5,-420.0,320.0,3.5,111.0,0.0,0,False
2018,2018-03-17,True,False,ind,wsh,102,109,20,25,26,31,0,25,32,29,23,0,home,4.5,209.5,160.0,-190.0,1.5,102.5,1.0,1,True
2018,2018-03-18,True,False,okc,tor,132,125,40,26,31,35,0,34,30,34,27,0,home,6.0,220.0,210.0,-260.0,4.5,108.0,0.0,1,False
2018,2018-03-18,True,False,bos,no,89,108,28,21,27,13,0,20,27,35,26,0,home,3.0,213.5,135.0,-155.0,4.0,109.5,1.0,0,True
2018,2018-03-18,True,False,hou,min,129,120,38,39,30,22,0,23,33,35,29,0,away,7.0,222.5,-330.0,260.0,2.0,108.5,1.0,1,False
2018,2018-03-18,True,False,por,lac,122,109,24,34,33,31,0,18,34,29,28,0,home,1.5,217.5,110.0,-130.0,2.0,112.5,0.0,1,False
2018,2018-03-19,True,False,det,sac,106,90,25,19,29,33,0,21,23,22,24,0,away,4.0,205.0,-170.0,145.0,3.5,99.5,1.0,0,False
2018,2018-03-19,True,False,gs,sa,75,89,21,20,22,12,0,30,19,12,28,0,home,8.0,201.0,290.0,-380.0,4.0,97.5,1.0,0,True
2018,2018-03-19,True,False,mem,bkn,115,118,31,32,31,21,0,32,33,22,31,0,home,8.0,210.0,300.0,-400.0,5.0,104.0,0.0,1,True
2018,2018-03-19,True,False,chi,ny,92,110,18,19,30,25,0,19,28,36,27,0,home,5.0,217.0,180.0,-220.0,0.0,110.5,1.0,0,True
2018,2018-03-19,True,False,cha,phi,94,108,18,38,14,24,0,21,28,32,27,0,home,8.5,220.5,325.0,-425.0,9.0,108.5,1.0,0,True
2018,2018-03-19,True,False,lal,ind,100,110,37,22,21,20,0,29,28,35,18,0,home,5.0,220.0,180.0,-220.0,4.5,108.5,1.0,0,True
2018,2018-03-19,True,False,den,mia,141,149,37,26,28,27,23,36,28,28,26,31,home,1.5,213.5,105.0,-125.0,0.5,104.0,1.0,1,True
2018,2018-03-19,True,False,mil,cle,117,124,25,32,28,32,0,26,38,29,31,0,home,3.0,226.0,130.0,-150.0,1.0,110.0,1.0,1,True
2018,2018-03-20,True,False,atl,utah,99,94,21,20,22,36,0,27,15,25,27,0,home,14.0,208.0,900.0,-1600.0,8.5,107.5,0.0,0,False
2018,2018-03-20,True,False,hou,por,115,111,27,28,31,29,0,31,24,32,24,0,away,4.0,218.5,-190.0,160.0,3.0,107.0,2.0,1,False
2018,2018-03-20,True,False,det,phx,115,88,19,25,36,35,0,19,19,26,24,0,away,8.0,218.0,-370.0,285.0,3.0,105.5,1.0,0,False
2018,2018-03-20,True,False,lac,min,109,123,32,26,25,26,0,28,31,36,28,0,home,3.5,228.5,145.0,-170.0,2.5,111.0,1.0,1,True
2018,2018-03-20,True,False,dal,no,105,115,30,22,28,25,0,29,25,26,35,0,home,6.5,218.5,250.0,-310.0,3.5,106.5,1.0,1,True
2018,2018-03-20,True,False,tor,orl,93,86,24,28,16,25,0,25,26,25,10,0,away,9.0,211.0,-500.0,375.0,6.0,104.0,0.0,0,False
2018,2018-03-20,True,False,okc,bos,99,100,26,22,27,24,0,18,27,28,27,0,away,5.0,208.5,-230.0,185.0,3.0,102.5,0.0,0,True
2018,2018-03-21,True,False,ind,no,92,96,25,25,19,23,0,24,27,16,29,0,home,1.0,219.5,100.0,-120.0,0.5,106.0,1.0,0,True
2018,2018-03-21,True,False,wsh,sa,90,98,18,26,16,30,0,18,32,27,21,0,home,5.5,202.0,185.0,-230.0,1.0,99.0,1.0,0,True
2018,2018-03-21,True,False,lac,mil,127,120,38,26,33,30,0,24,33,26,37,0,home,5.5,222.5,185.0,-230.0,3.0,108.0,0.0,1,False
2018,2018-03-21,True,False,den,chi,135,102,39,38,36,22,0,25,21,24,32,0,away,9.0,215.5,-500.0,375.0,2.0,106.0,1.0,1,False
2018,2018-03-21,True,False,ny,mia,98,119,26,21,30,21,0,27,37,35,20,0,home,9.5,217.0,425.0,-600.0,0.5,106.0,1.0,2,True
2018,2018-03-21,True,False,mem,phi,105,119,19,25,25,36,0,26,32,41,20,0,home,12.5,208.0,800.0,-1400.0,2.0,101.5,1.0,1,True
2018,2018-03-21,True,False,tor,cle,129,132,38,41,20,30,0,42,22,34,34,0,away,1.5,225.5,-120.0,100.0,4.0,110.0,0.0,1,True
2018,2018-03-21,True,False,cha,bkn,111,105,22,21,32,36,0,34,28,25,18,0,away,1.0,222.0,-120.0,100.0,5.5,107.0,1.0,0,False
2018,2018-03-22,True,False,atl,sac,90,105,28,16,27,19,0,25,24,31,25,0,home,3.5,212.5,140.0,-160.0,1.5,110.0,1.0,0,True
2018,2018-03-22,True,False,phi,orl,118,98,32,38,25,23,0,23,26,16,33,0,away,8.0,212.5,-400.0,300.0,1.5,105.0,1.0,1,False
2018,2018-03-22,True,False,mem,cha,79,140,14,28,15,22,0,37,38,37,28,0,home,8.0,214.5,350.0,-450.0,4.0,104.5,1.0,1,True
2018,2018-03-22,True,False,lal,no,125,128,44,29,35,17,0,40,31,26,31,0,home,2.5,231.0,120.0,-140.0,3.0,114.0,1.0,1,True
2018,2018-03-22,True,False,det,hou,96,100,27,23,18,20,8,21,27,23,17,12,home,11.0,212.5,650.0,-1000.0,8.5,104.5,0.0,0,True
2018,2018-03-22,True,False,utah,dal,119,112,37,28,31,23,0,34,24,23,31,0,away,8.5,199.5,-450.0,350.0,3.0,104.5,0.0,1,False
2018,2018-03-23,True,False,utah,sa,120,124,21,30,22,41,6,29,27,21,37,10,home,3.5,194.0,140.0,-160.0,0.5,101.5,1.0,1,True
2018,2018-03-23,True,False,mil,chi,118,105,24,37,29,28,0,34,27,21,23,0,away,4.5,217.0,-190.0,160.0,3.0,105.5,1.0,1,False
2018,2018-03-23,True,False,atl,gs,94,106,18,33,23,20,0,16,27,36,27,0,home,11.0,221.0,600.0,-900.0,11.5,113.5,1.0,0,True
2018,2018-03-23,True,False,mia,okc,99,105,18,22,26,33,0,24,20,20,41,0,home,6.0,217.0,225.0,-275.0,3.0,102.5,2.0,0,True
2018,2018-03-23,True,False,bos,por,105,100,23,24,20,38,0,26,26,25,23,0,home,8.0,203.0,290.0,-380.0,3.0,105.5,0.0,1,False
2018,2018-03-23,True,False,phx,cle,95,120,27,18,26,24,0,23,39,31,27,0,home,15.5,229.0,1300.0,-3500.0,3.5,116.5,1.0,0,True
2018,2018-03-23,True,False,min,ny,108,104,31,26,27,24,0,22,26,34,22,0,away,6.0,226.0,-270.0,220.0,1.0,109.0,0.0,0,False
2018,2018-03-23,True,False,den,wsh,108,100,23,32,23,30,0,16,27,33,24,0,home,1.5,218.0,105.0,-125.0,4.5,104.0,0.0,0,False
2018,2018-03-23,True,False,lac,ind,104,109,28,25,23,28,0,27,31,24,27,0,home,3.5,218.0,145.0,-170.0,1.0,107.0,1.0,0,True
2018,2018-03-23,True,False,bkn,tor,112,116,32,32,27,21,0,31,28,25,32,0,home,11.0,221.0,650.0,-1000.0,9.5,114.0,0.0,1,True
2018,2018-03-24,True,False,min,phi,108,120,24,28,19,37,0,32,27,39,22,0,home,8.0,224.0,300.0,-400.0,2.5,108.5,1.0,1,True
2018,2018-03-24,True,False,chi,det,95,117,22,25,29,19,0,36,30,29,22,0,home,13.0,208.5,800.0,-1400.0,2.0,108.0,1.0,1,True
2018,2018-03-24,True,False,phx,orl,99,105,23,23,28,25,0,26,12,39,28,0,home,7.0,216.0,260.0,-330.0,6.5,109.5,0.0,0,True
2018,2018-03-24,True,False,lal,mem,100,93,17,35,19,29,0,28,29,14,22,0,away,6.5,214.5,-290.0,235.0,7.0,104.5,1.0,0,False
2018,2018-03-24,True,False,no,hou,91,114,16,21,24,30,0,29,35,19,31,0,home,8.5,224.5,360.0,-470.0,3.0,108.5,1.0,0,True
2018,2018-03-24,True,False,cha,dal,102,98,22,32,25,23,0,27,21,22,28,0,away,2.5,214.5,-145.0,125.0,0.5,105.0,1.0,0,False
2018,2018-03-25,True,False,utah,gs,110,91,18,35,36,21,0,22,25,18,26,0,away,9.0,198.0,-550.0,400.0,3.5,103.5,1.0,1,False
2018,2018-03-25,True,False,atl,hou,99,118,20,25,29,25,0,33,36,25,24,0,home,13.5,215.5,1100.0,-2500.0,2.0,110.5,1.0,1,True
2018,2018-03-25,True,False,lac,tor,117,106,28,25,27,37,0,35,25,20,26,0,home,8.5,224.5,325.0,-425.0,3.0,109.0,0.0,0,False
2018,2018-03-25,True,False,ny,wsh,101,97,19,42,16,24,0,21,32,18,26,0,home,10.5,217.5,500.0,-700.0,10.5,106.5,0.0,0,False
2018,2018-03-25,True,False,por,okc,108,105,34,23,25,26,0,17,35,28,25,0,home,4.0,218.0,150.0,-180.0,4.5,113.0,0.0,0,False
2018,2018-03-25,True,False,mia,ind,107,113,30,23,21,22,11,21,31,30,14,17,home,3.0,205.0,130.0,-150.0,2.5,101.0,1.0,1,True
2018,2018-03-25,True,False,sa,mil,103,106,15,32,28,28,0,27,20,41,18,0,away,1.5,207.5,-125.0,105.0,1.5,106.5,0.0,1,True
2018,2018-03-25,True,False,cle,bkn,121,114,28,32,27,34,0,30,32,27,25,0,away,7.0,228.0,-330.0,260.0,6.0,112.0,2.0,1,False
2018,2018-03-25,True,False,bos,sac,104,93,24,28,28,24,0,27,33,18,15,0,away,6.5,197.5,-275.0,225.0,6.5,103.0,1.0,0,False
2018,2018-03-26,True,False,lal,det,106,112,29,26,21,30,0,26,27,28,31,0,home,4.5,213.0,172.0,-205.0,4.5,104.5,1.0,1,True
2018,2018-03-26,True,False,ny,cha,128,137,22,27,33,35,11,27,35,25,30,20,home,11.0,221.5,614.0,-900.0,2.5,107.0,0.0,1,True
2018,2018-03-26,True,False,den,phi,104,123,27,32,15,30,0,23,28,34,38,0,home,4.5,227.0,192.0,-230.0,5.0,112.5,1.0,2,True
2018,2018-03-26,True,False,mem,min,101,93,26,33,19,23,0,25,34,23,11,0,home,13.0,215.0,837.0,-1400.0,8.5,106.0,0.0,0,False
2018,2018-03-26,True,False,bos,phx,102,94,31,17,29,25,0,15,30,20,29,0,away,10.0,208.5,-650.0,477.0,6.0,108.0,0.0,0,False
2018,2018-03-27,True,False,ind,gs,92,81,18,21,29,24,0,27,21,22,11,0,away,8.0,200.5,-400.0,300.0,9.0,98.0,1.0,0,False
2018,2018-03-27,True,False,mil,lac,98,105,29,27,26,16,0,35,27,16,27,0,home,3.0,226.5,130.0,-150.0,0.5,110.5,1.0,0,True
2018,2018-03-27,True,False,dal,sac,103,97,25,28,22,28,0,20,25,25,27,0,home,2.5,204.5,125.0,-145.0,3.5,101.0,0.0,0,False
2018,2018-03-27,True,False,cle,mia,79,98,18,16,25,20,0,29,25,21,23,0,away,2.0,221.0,-135.0,115.0,7.0,106.5,0.0,0,True
2018,2018-03-27,True,False,sa,wsh,106,116,24,21,21,40,0,21,38,29,28,0,away,2.0,202.0,-135.0,115.0,5.0,104.5,0.0,1,True
2018,2018-03-27,True,False,por,no,107,103,20,26,25,36,0,24,25,26,28,0,away,1.5,221.0,-130.0,110.0,1.5,113.0,1.0,0,False
2018,2018-03-27,True,False,den,tor,110,114,23,35,27,25,0,25,33,24,32,0,home,8.0,224.0,300.0,-400.0,5.0,109.0,0.0,2,True
2018,2018-03-27,True,False,chi,hou,86,118,23,16,18,29,0,31,29,27,31,0,home,13.5,213.0,900.0,-1600.0,1.5,109.0,1.0,0,True
2018,2018-03-28,True,False,bos,utah,97,94,18,30,19,30,0,24,15,32,23,0,home,10.5,194.0,525.0,-750.0,11.5,101.5,0.0,0,False
2018,2018-03-28,True,False,dal,lal,93,103,34,22,25,12,0,32,23,27,21,0,home,8.0,216.0,280.0,-360.0,6.0,106.0,1.0,0,True
2018,2018-03-28,True,False,por,mem,103,108,28,30,23,22,0,20,33,23,32,0,away,5.5,200.5,-275.0,225.0,2.5,104.5,0.0,1,True
2018,2018-03-28,True,False,lac,phx,111,99,27,31,27,26,0,32,24,26,17,0,away,11.5,222.5,-1000.0,650.0,7.0,109.0,1.0,0,False
2018,2018-03-28,True,False,cle,cha,118,105,22,42,31,23,0,26,28,24,27,0,home,1.5,224.5,100.0,-120.0,4.0,109.0,0.0,0,False
2018,2018-03-28,True,False,bkn,orl,111,104,36,22,27,26,0,33,18,30,23,0,away,2.5,216.0,-140.0,120.0,1.0,110.5,1.0,0,False
2018,2018-03-28,True,False,atl,min,114,126,32,25,31,26,0,34,31,33,28,0,home,11.5,219.5,700.0,-1100.0,5.0,115.5,1.0,1,True
2018,2018-03-28,True,False,ny,phi,101,118,28,35,17,21,0,37,30,26,25,0,home,13.5,223.5,1000.0,-2000.0,5.5,109.5,1.0,0,True
2018,2018-03-29,True,False,wsh,det,92,103,24,25,17,26,0,23,26,32,22,0,away,2.5,208.0,-140.0,120.0,2.5,102.5,0.0,0,True
2018,2018-03-29,True,False,chi,mia,92,103,21,25,22,24,0,29,22,27,25,0,home,13.0,208.5,900.0,-1600.0,6.0,102.5,0.0,0,True
2018,2018-03-29,True,False,okc,sa,99,103,29,27,25,18,0,24,35,18,26,0,home,1.5,208.5,105.0,-125.0,0.5,102.5,1.0,0,True
2018,2018-03-29,True,False,ind,sac,106,103,28,33,18,27,0,28,28,23,24,0,away,8.0,204.0,-350.0,275.0,3.5,99.5,0.0,1,False
2018,2018-03-29,True,False,mil,gs,116,107,29,29,34,24,0,27,22,23,35,0,home,4.0,212.5,150.0,-180.0,2.0,103.0,0.0,1,False
2018,2018-03-30,True,False,lac,por,96,105,23,26,17,30,0,26,38,23,18,0,home,5.0,219.5,190.0,-240.0,2.0,106.5,1.0,0,True
2018,2018-03-30,True,False,mil,lal,124,122,39,29,29,15,12,34,23,26,29,10,away,1.0,222.0,-120.0,100.0,3.0,108.0,1.0,1,False
2018,2018-03-30,True,False,mem,utah,97,107,14,33,29,21,0,29,23,28,27,0,home,15.0,197.0,1200.0,-3000.0,7.5,96.0,0.0,1,True
2018,2018-03-30,True,False,min,dal,93,92,16,28,23,26,0,20,26,18,28,0,away,5.0,217.0,-255.0,205.0,4.5,106.5,0.0,0,False
2018,2018-03-30,True,False,no,cle,102,107,29,28,22,23,0,29,18,33,27,0,home,5.0,230.5,185.0,-230.0,6.5,111.5,2.0,0,True
2018,2018-03-30,True,False,den,okc,126,125,27,35,30,22,12,28,30,21,35,11,home,3.5,225.0,150.0,-180.0,3.5,110.0,0.0,1,False
2018,2018-03-30,True,False,phi,atl,101,91,30,17,39,15,0,27,14,18,32,0,away,7.5,223.0,-410.0,310.0,2.5,109.0,1.0,0,False
2018,2018-03-30,True,False,phx,hou,103,104,25,32,29,17,0,22,18,35,29,0,home,17.5,216.0,1800.0,-8000.0,16.0,111.5,0.0,0,True
2018,2018-03-30,True,False,chi,orl,90,82,30,27,9,24,0,24,20,25,13,0,home,6.0,209.0,220.0,-270.0,7.5,103.0,0.0,0,False
2018,2018-03-31,True,False,gs,sac,112,96,28,29,36,19,0,25,24,20,27,0,away,9.0,209.5,-430.0,330.0,4.0,102.0,1.0,0,False
2018,2018-03-31,True,False,bkn,mia,110,109,22,26,32,21,9,32,23,21,25,8,home,8.0,213.5,320.0,-420.0,3.0,109.5,0.0,1,False
2018,2018-03-31,True,False,tor,bos,99,110,33,22,29,15,0,31,22,29,28,0,away,4.5,206.0,-200.0,170.0,2.5,101.0,0.0,1,True
2018,2018-03-31,True,False,cha,wsh,93,107,27,24,23,19,0,30,20,37,20,0,home,6.0,219.0,200.0,-250.0,5.0,105.0,1.0,0,True
2018,2018-03-31,True,False,det,ny,115,109,30,26,29,30,0,27,27,30,25,0,away,4.5,210.5,-190.0,160.0,3.0,102.0,1.0,1,False
2018,2018-04-01,True,False,sac,lal,84,83,19,24,17,24,0,22,21,21,19,0,home,7.5,211.5,260.0,-330.0,5.5,102.0,0.0,0,False
2018,2018-04-01,True,False,mem,por,98,113,24,27,24,23,0,32,23,43,15,0,home,15.0,205.0,1200.0,-3000.0,7.5,100.5,2.0,1,True
2018,2018-04-01,True,False,phx,gs,107,117,24,35,18,30,0,22,36,36,23,0,home,15.0,215.0,1200.0,-3000.0,12.0,110.5,0.0,1,True
2018,2018-04-01,True,False,mil,den,125,128,34,20,38,19,14,22,41,16,32,17,home,5.5,223.5,180.0,-220.0,0.0,107.0,0.0,1,True
2018,2018-04-01,True,False,det,bkn,108,96,33,29,21,25,0,28,20,22,26,0,away,1.0,212.0,-120.0,100.0,4.0,103.0,1.0,0,False
2018,2018-04-01,True,False,orl,atl,88,94,18,25,21,24,0,21,35,13,25,0,home,2.0,209.0,110.0,-130.0,3.5,102.5,1.0,0,True
2018,2018-04-01,True,False,utah,min,121,97,28,33,26,34,0,26,24,21,26,0,away,3.0,208.5,-150.0,130.0,2.0,106.5,1.0,1,False
2018,2018-04-01,True,False,dal,cle,87,98,25,22,30,10,0,18,30,25,25,0,home,10.5,213.0,550.0,-800.0,7.0,102.0,1.0,0,True
2018,2018-04-01,True,False,ind,lac,111,104,22,28,26,35,0,30,21,27,26,0,home,3.0,212.5,140.0,-160.0,2.0,102.0,0.0,1,False
2018,2018-04-01,True,False,hou,sa,83,100,17,21,28,17,0,26,20,29,25,0,home,1.0,205.0,-105.0,-115.0,2.5,98.0,1.0,0,True
2018,2018-04-01,True,False,wsh,chi,94,113,27,32,16,19,0,36,32,19,26,0,away,7.0,205.5,-330.0,260.0,8.0,102.5,0.0,1,True
2018,2018-04-01,True,False,phi,cha,119,102,28,32,31,28,0,29,22,27,24,0,away,2.5,221.5,-145.0,125.0,2.0,109.0,1.0,0,False
2018,2018-04-01,True,False,okc,no,109,104,20,33,27,29,0,28,22,25,29,0,away,1.0,226.0,-120.0,100.0,0.5,110.5,1.0,0,False
2018,2018-04-03,True,False,cha,chi,114,120,22,25,32,35,0,19,34,33,34,0,away,5.5,215.0,-240.0,190.0,6.5,106.0,0.0,1,True
2018,2018-04-03,True,False,sa,lac,110,113,31,25,27,27,0,17,32,23,41,0,away,2.0,208.0,-135.0,115.0,0.5,107.0,0.0,1,True
2018,2018-04-03,True,False,sac,phx,94,97,22,18,29,25,0,22,24,27,24,0,away,2.5,207.5,-145.0,125.0,3.0,102.0,0.0,0,True
2018,2018-04-03,True,False,ind,den,104,107,26,20,27,31,0,27,22,28,30,0,home,4.5,212.0,170.0,-200.0,2.0,103.0,0.0,0,True
2018,2018-04-03,True,False,por,dal,109,115,22,27,29,31,0,22,28,32,33,0,away,7.0,208.0,-330.0,260.0,6.0,107.0,0.0,1,True
2018,2018-04-03,True,False,gs,okc,111,107,24,33,27,27,0,27,20,34,26,0,home,4.0,222.5,150.0,-180.0,5.5,108.0,0.0,0,False
2018,2018-04-03,True,False,lal,utah,110,117,31,29,29,21,0,24,41,30,22,0,home,11.0,209.0,600.0,-900.0,5.5,104.5,0.0,1,True
2018,2018-04-03,True,False,wsh,hou,104,120,24,25,26,29,0,35,36,24,25,0,home,8.5,216.5,325.0,-425.0,1.5,105.5,1.0,1,True
2018,2018-04-03,True,False,bkn,phi,95,121,22,27,22,24,0,28,33,32,28,0,home,8.5,224.5,350.0,-450.0,1.0,114.5,1.0,0,True
2018,2018-04-03,True,False,tor,cle,106,112,24,28,26,28,0,28,32,26,26,0,home,1.5,223.5,110.0,-130.0,1.5,108.0,1.0,0,True
2018,2018-04-03,True,False,bos,mil,102,106,31,25,15,31,0,26,32,21,27,0,home,4.5,203.5,165.0,-195.0,2.5,106.5,0.0,1,True
2018,2018-04-03,True,False,atl,mia,98,101,25,31,22,20,0,30,22,26,23,0,home,13.0,206.5,900.0,-1600.0,10.5,108.5,0.0,0,True
2018,2018-04-03,True,False,orl,ny,97,73,27,19,22,29,0,25,20,16,12,0,home,1.0,206.5,100.0,-120.0,0.0,100.0,0.0,0,False
2018,2018-04-04,True,False,mem,no,95,123,23,30,20,22,0,32,33,32,26,0,home,13.5,217.0,900.0,-1600.0,4.0,106.0,1.0,1,True
2018,2018-04-04,True,False,mia,atl,115,86,23,30,31,31,0,29,18,21,18,0,away,7.0,207.0,-340.0,270.0,2.5,102.5,1.0,0,False
2018,2018-04-04,True,False,sa,lal,112,122,30,31,26,21,4,29,29,23,27,14,away,6.5,205.0,-280.0,230.0,3.5,106.5,0.0,1,True
2018,2018-04-04,True,False,phi,det,115,108,36,29,23,27,0,28,21,22,37,0,away,2.0,216.5,-135.0,115.0,4.0,105.5,1.0,1,False
2018,2018-04-04,True,False,bos,tor,78,96,20,13,20,25,0,14,29,24,29,0,home,7.0,204.0,270.0,-340.0,0.5,105.0,1.0,0,True
2018,2018-04-04,True,False,dal,orl,100,105,22,29,23,26,0,33,23,21,28,0,home,1.5,197.5,105.0,-125.0,1.0,98.0,1.0,1,True
2018,2018-04-05,True,False,gs,ind,106,126,26,25,26,29,0,27,35,35,29,0,away,3.0,211.5,-150.0,130.0,5.0,103.0,0.0,1,True
2018,2018-04-05,True,False,wsh,cle,115,119,26,28,36,25,0,39,20,23,37,0,home,6.0,220.5,210.0,-260.0,1.5,107.5,0.0,1,True
2018,2018-04-05,True,False,bkn,mil,119,111,30,22,31,36,0,24,21,36,30,0,home,9.5,221.0,400.0,-550.0,9.5,114.0,0.0,1,False
2018,2018-04-05,True,False,lac,utah,95,117,26,23,18,28,0,36,29,29,23,0,home,7.5,212.0,270.0,-340.0,1.0,103.0,1.0,2,True
2018,2018-04-05,True,False,min,den,96,100,24,30,18,24,0,27,24,28,21,0,home,4.5,224.5,160.0,-190.0,5.5,108.5,0.0,0,True
2018,2018-04-05,True,False,por,hou,94,96,17,27,27,23,0,36,30,18,12,0,home,11.0,212.5,600.0,-900.0,0.5,108.5,0.0,0,True
2018,2018-04-06,True,False,ind,tor,73,92,14,19,16,24,0,26,19,27,20,0,home,7.5,210.0,275.0,-350.0,0.0,102.0,1.0,0,True
2018,2018-04-06,True,False,min,lal,113,96,30,21,29,33,0,26,32,15,23,0,away,5.5,220.5,-230.0,185.0,6.0,108.5,1.0,0,False
2018,2018-04-06,True,False,no,phx,122,103,39,24,23,36,0,21,25,24,33,0,away,12.0,217.5,-1200.0,750.0,1.5,106.5,1.0,1,False
2018,2018-04-06,True,False,sac,mem,94,93,25,19,24,26,0,22,26,15,30,0,away,4.0,204.5,-170.0,145.0,5.0,100.5,0.0,0,False
2018,2018-04-06,True,False,mia,ny,98,122,23,27,28,20,0,34,29,33,26,0,away,7.5,208.0,-400.0,300.0,8.0,101.0,0.0,1,True
2018,2018-04-06,True,False,chi,bos,104,111,30,28,18,28,0,30,25,24,32,0,home,7.0,203.0,260.0,-330.0,6.5,100.5,2.0,1,True
2018,2018-04-06,True,False,atl,wsh,103,97,21,31,29,22,0,22,26,29,20,0,home,10.5,210.0,575.0,-850.0,9.0,108.5,0.0,0,False
2018,2018-04-06,True,False,dal,det,106,113,24,30,21,26,5,22,31,25,23,12,home,7.0,201.5,260.0,-330.0,5.5,100.5,2.0,1,True
2018,2018-04-06,True,False,cha,orl,137,100,43,29,31,34,0,25,24,26,25,0,away,7.5,208.0,-330.0,260.0,2.0,102.0,1.0,1,False
2018,2018-04-06,True,False,cle,phi,130,132,28,27,43,32,0,41,37,27,27,0,home,3.5,225.5,145.0,-170.0,5.5,109.5,0.0,1,True
2018,2018-04-07,True,False,den,lac,134,115,33,33,35,33,0,26,32,31,26,0,away,4.5,224.0,-180.0,155.0,0.5,109.0,1.0,1,False
2018,2018-04-07,True,False,mil,ny,115,102,31,22,27,35,0,28,27,22,25,0,away,6.0,215.0,-255.0,211.0,5.0,105.0,1.0,1,False
2018,2018-04-07,True,False,bkn,chi,124,96,28,35,33,28,0,23,28,26,19,0,away,5.0,220.5,-215.0,180.0,0.5,114.0,1.0,0,False
2018,2018-04-07,True,False,no,gs,126,120,40,27,21,38,0,32,33,27,28,0,home,5.5,226.0,207.0,-250.0,5.0,111.0,0.0,1,False
2018,2018-04-07,True,False,okc,hou,108,102,36,25,19,28,0,30,32,21,19,0,home,4.0,220.5,155.0,-180.0,2.5,107.5,0.0,0,False
2018,2018-04-07,True,False,por,sa,105,116,33,23,21,28,0,32,22,27,35,0,home,5.0,203.0,184.0,-220.0,4.5,106.5,1.0,1,True
2018,2018-04-08,True,False,gs,phx,117,100,33,31,27,26,0,29,21,22,28,0,away,13.0,216.5,-1050.0,675.0,3.0,106.5,1.0,1,False
2018,2018-04-08,True,False,utah,lal,112,97,30,20,32,30,0,21,23,23,30,0,away,9.5,208.0,-550.0,400.0,4.0,106.0,1.0,1,False
2018,2018-04-08,True,False,orl,tor,101,112,24,26,24,27,0,35,26,28,23,0,home,10.0,210.5,500.0,-700.0,1.5,101.0,1.0,1,True
2018,2018-04-08,True,False,dal,phi,97,109,20,28,28,21,0,28,33,24,24,0,home,13.0,215.0,800.0,-1400.0,3.5,105.5,0.0,0,True
2018,2018-04-08,True,False,atl,bos,112,106,24,25,27,36,0,31,27,24,24,0,home,9.5,201.5,400.0,-550.0,3.0,103.5,0.0,1,False
2018,2018-04-08,True,False,ind,cha,123,117,31,39,25,28,0,25,32,24,36,0,home,1.0,214.5,100.0,-120.0,3.5,106.0,0.0,1,False
2018,2018-04-08,True,False,det,mem,117,130,22,34,28,33,0,30,32,34,34,0,away,6.0,203.0,-260.0,210.0,6.5,100.5,0.0,1,True
2018,2018-04-09,True,False,no,lac,113,100,31,28,34,20,0,23,26,22,29,0,away,9.0,222.0,-500.0,375.0,1.5,107.5,1.0,0,False
2018,2018-04-09,True,False,por,den,82,88,23,26,20,13,0,28,14,24,22,0,home,4.5,220.0,160.0,-190.0,5.5,112.5,1.0,0,True
2018,2018-04-09,True,False,sac,sa,85,98,25,25,16,19,0,17,26,17,38,0,home,14.0,200.0,1000.0,-2000.0,12.0,98.5,0.0,0,True
2018,2018-04-09,True,False,orl,mil,86,102,21,21,25,19,0,31,14,29,28,0,home,10.0,211.5,450.0,-650.0,5.0,103.5,1.0,0,True
2018,2018-04-09,True,False,chi,bkn,105,114,26,29,28,22,0,29,33,24,28,0,home,6.5,218.5,230.0,-280.0,1.5,108.0,1.0,1,True
2018,2018-04-09,True,False,okc,mia,115,93,21,28,27,39,0,27,25,29,12,0,away,4.5,213.0,-200.0,170.0,5.5,103.5,1.0,0,False
2018,2018-04-09,True,False,cle,ny,123,109,26,35,29,33,0,25,24,28,32,0,away,12.0,222.0,-1400.0,800.0,3.5,107.0,1.0,1,False
2018,2018-04-09,True,False,tor,det,108,98,32,25,28,23,0,32,28,20,18,0,away,6.0,209.0,-270.0,220.0,5.5,104.0,1.0,0,False
2018,2018-04-09,True,False,mem,min,94,113,26,27,22,19,0,20,36,27,30,0,home,16.5,213.5,1400.0,-4000.0,9.0,106.0,1.0,0,True
2018,2018-04-10,True,False,cha,ind,119,93,37,26,24,32,0,25,30,16,22,0,home,2.0,216.0,115.0,-135.0,3.5,106.5,0.0,0,False
2018,2018-04-10,True,False,phi,atl,121,113,27,34,28,32,0,32,23,24,34,0,away,10.0,220.5,-650.0,450.0,4.0,107.5,0.0,1,False
2018,2018-04-10,True,False,bos,wsh,101,113,30,24,18,29,0,22,30,27,34,0,home,7.5,204.5,275.0,-350.0,7.0,105.5,1.0,1,True
2018,2018-04-10,True,False,phx,dal,124,97,29,15,39,41,0,26,28,22,21,0,home,2.5,206.5,120.0,-140.0,2.5,106.5,0.0,1,False
2018,2018-04-10,True,False,gs,utah,79,119,16,17,23,23,0,33,29,31,26,0,home,8.5,211.0,300.0,-400.0,4.0,101.5,1.0,0,True
2018,2018-04-10,True,False,hou,lal,105,99,23,33,26,23,0,16,32,27,24,0,away,8.5,218.0,-400.0,300.0,2.0,105.0,0.0,0,False
2018,2018-04-11,True,False,lal,lac,115,100,39,25,28,23,0,32,21,21,26,0,home,2.5,214.5,125.0,-145.0,4.0,105.0,0.0,1,False
2018,2018-04-11,True,False,utah,por,93,102,21,20,18,34,0,28,27,25,22,0,home,2.0,201.5,115.0,-135.0,3.5,105.0,1.0,0,True
2018,2018-04-11,True,False,det,chi,119,87,35,31,28,25,0,21,29,24,13,0,away,5.0,212.5,-200.0,170.0,2.0,103.0,1.0,0,False
2018,2018-04-11,True,False,bkn,bos,97,110,22,21,27,27,0,27,26,30,27,0,away,4.5,205.5,-195.0,165.0,6.5,106.0,0.0,1,True
2018,2018-04-11,True,False,wsh,orl,92,101,23,22,30,17,0,26,29,21,25,0,away,6.0,204.5,-270.0,220.0,7.5,99.0,0.0,0,True
2018,2018-04-11,True,False,hou,sac,83,96,22,22,19,20,0,28,24,27,17,0,home,2.0,201.0,115.0,-135.0,1.0,97.5,1.0,0,True
2018,2018-04-11,True,False,mem,okc,123,137,28,29,39,27,0,38,39,28,32,0,home,16.5,211.5,1500.0,-5000.0,3.5,103.5,0.0,1,True
2018,2018-04-11,True,False,den,min,106,112,26,28,27,20,5,29,33,24,15,11,home,3.5,216.5,135.0,-155.0,1.0,105.0,1.0,1,True
2018,2018-04-11,True,False,mil,phi,95,130,18,26,31,20,0,46,34,25,25,0,home,5.5,220.5,200.0,-250.0,5.0,105.0,1.0,1,True
2018,2018-04-11,True,False,ny,cle,110,98,20,37,27,26,0,20,17,34,27,0,home,8.0,213.0,300.0,-400.0,7.0,101.5,0.0,0,False
2018,2018-04-11,True,False,tor,mia,109,116,29,24,25,27,4,27,20,24,34,11,home,2.5,202.0,120.0,-140.0,2.5,100.0,1.0,1,True
2018,2018-04-11,True,False,sa,no,98,122,26,17,29,26,0,27,34,29,32,0,home,3.5,211.5,140.0,-160.0,4.0,108.5,1.0,1,True
