season,date,regular,playoffs,away_team,home_team,score_away,score_home,q1_away,q2_away,q3_away,q4_away,ot_away,q1_home,q2_home,q3_home,q4_home,ot_home,whos_favored,spread,total,away_ml,home_ml,h2_spread,h2_total,id_spread,id_total,home_won,home_elo_before,away_elo_before,home_elo_after,away_elo_after,elo_diff,elo_prob_home
2011,2010-10-26,True,False,phx,por,92,106,26,20,35,11,0,28,22,25,31,0,home,7.0,204.0,255.0,-310.0,3.5,101.5,1.0,0,True,1603.9817356874169,1744.0415182644115,1670.3978789223818,1677.6253750294466,-140.05978257699462,0.44260346422666363
2011,2010-10-26,True,False,hou,lal,110,112,33,29,20,28,0,26,25,26,35,0,home,6.5,195.0,255.0,-310.0,7.0,99.0,0.0,1,True,1468.4668167716095,1513.9494654494179,1488.8745924646219,1493.5416897564055,-45.482648677808356,0.5778191371822368
2011,2010-10-26,True,False,mia,bos,80,88,9,21,27,23,0,16,29,18,25,0,away,1.0,188.0,-125.0,105.0,5.0,94.0,0.0,0,True,1473.9414887095554,1694.7720361162872,1538.4451515233839,1630.2683733024587,-220.83054740673174,0.3327981346107104
2011,2010-10-27,True,False,utah,den,88,110,20,20,25,23,0,29,31,26,24,0,home,3.0,209.5,135.0,-155.0,3.5,106.0,1.0,0,True,1573.2416612852048,1561.6658087106375,1620.2570831994176,1514.6503867964248,11.575852574567307,0.6552691810736869
2011,2010-10-27,True,False,ind,sa,109,122,31,34,24,20,0,37,29,26,30,0,home,8.5,204.0,335.0,-430.0,6.0,102.0,1.0,1,True,1686.6503416815276,1565.712197235994,1709.3310096583891,1543.0315292591324,120.93814444553368,0.7810545180154541
2011,2010-10-27,True,False,cha,dal,86,101,21,24,22,19,0,25,24,31,21,0,home,7.0,183.0,250.0,-300.0,3.0,92.5,1.0,1,True,1668.018839904314,1537.6026125359258,1690.6558504980162,1514.9656019422237,130.41622736838826,0.7902416160017152
2011,2010-10-27,True,False,chi,okc,95,106,25,29,28,13,0,30,29,23,24,0,home,6.5,193.0,230.0,-270.0,2.5,95.5,1.0,1,True,1606.1484664228738,1572.4704284297632,1639.6347668529409,1538.984127999696,33.67803799311059,0.683415459388195
2011,2010-10-27,True,False,mil,no,91,95,31,16,25,19,0,29,18,31,17,0,home,3.0,189.0,130.0,-150.0,2.0,95.0,1.0,0,True,1388.9648757604273,1602.799606957886,1435.5755222473608,1556.1889604709525,-213.83473119745872,0.34179947761954377
2011,2010-10-27,True,False,bos,cle,87,95,23,24,26,14,0,21,25,22,27,0,away,4.5,185.0,-200.0,170.0,2.5,91.5,0.0,0,True,1600.0983942887458,1538.4451515233839,1625.8523387539492,1512.6912070581805,61.65324276536194,0.7171870312138214
2011,2010-10-27,True,False,atl,mem,119,104,30,32,29,28,0,22,28,25,29,0,home,2.0,192.5,110.0,-130.0,4.0,96.0,0.0,1,False,1368.2844164047506,1676.8316646824642,1340.0565805383478,1705.059500548867,-308.5472482777136,0.23138726601981155
2011,2010-10-27,True,False,mia,phi,97,87,18,31,31,17,0,15,26,13,33,0,away,8.0,192.0,-380.0,310.0,2.5,97.0,1.0,0,False,1307.2628028947724,1630.2683733024587,1284.376444368853,1653.154731828378,-323.00557040768626,0.2169171097058374
2011,2010-10-27,True,False,ny,tor,98,93,29,22,23,24,0,22,25,25,21,0,home,1.0,214.5,103.0,-114.0,1.0,107.0,0.0,0,False,1418.1532835396313,1377.2373987461478,1365.7149494964387,1429.6757327893404,40.91588479348343,0.6923602674950348
2011,2010-10-27,True,False,det,bkn,98,101,20,27,20,31,0,20,19,31,31,0,home,4.0,188.0,145.0,-165.0,4.0,94.5,0.0,1,True,1344.8255610329386,1325.545380934759,1364.8600197257465,1305.510922241951,19.2801800981797,0.6652172603371478
2011,2010-10-27,True,False,hou,gs,128,132,31,37,28,32,0,34,33,37,28,0,home,3.5,217.0,135.0,-155.0,2.5,110.0,1.0,1,True,1441.8574445795011,1493.5416897564055,1472.3726514873877,1463.026482848519,-51.68424517690437,0.5690871798367114
2011,2010-10-27,True,False,sac,min,117,116,27,26,34,30,0,23,35,25,33,0,home,3.5,205.0,135.0,-155.0,0.5,101.5,0.0,1,False,1155.0615896769389,1244.4517752114302,1139.3468227870296,1260.1665421013395,-89.39018553449137,0.5152640059272312
2011,2010-10-27,True,False,por,lac,98,88,31,23,16,28,0,23,26,22,17,0,away,2.5,192.0,-140.0,120.0,0.5,95.0,1.0,0,False,1298.304024754188,1670.3978789223818,1280.0781753363894,1688.6237283401804,-372.09385416819373,0.17274476291915405
2011,2010-10-28,True,False,phx,utah,110,94,27,31,26,26,0,22,20,30,22,0,home,7.5,209.5,260.0,-320.0,7.5,104.5,0.0,0,False,1514.6503867964248,1677.6253750294466,1463.4954202744452,1728.780341551426,-162.9749882330218,0.4103513340915796
2011,2010-10-28,True,False,wsh,orl,83,112,15,19,25,24,0,29,29,32,22,0,home,13.5,191.0,1025.0,-1450.0,1.0,93.5,1.0,1,True,1803.0959120554717,1376.5624512750087,1807.9264583080594,1371.731905022421,426.533460780463,0.9539538106336725
2011,2010-10-29,True,False,den,no,95,101,25,25,21,24,0,27,32,13,29,0,home,2.0,208.5,110.0,-130.0,1.5,104.5,1.0,0,True,1435.5755222473608,1620.2570831994176,1488.617942849614,1567.2146625971643,-184.68156095205677,0.3804906358459746
2011,2010-10-29,True,False,lal,phx,114,106,28,29,30,27,0,27,23,29,27,0,away,4.0,207.5,-180.0,160.0,0.5,103.0,1.0,1,False,1728.780341551426,1488.8745924646219,1660.4636130441743,1557.1913209718737,239.90574908680424,0.8761704663554646
2011,2010-10-29,True,False,lac,gs,91,109,28,26,13,24,0,27,31,32,19,0,home,6.0,219.5,220.0,-260.0,2.5,108.5,1.0,0,True,1472.3726514873877,1280.0781753363894,1489.4056020472094,1263.0452247765677,192.2944761509982,0.8432461620585214
2011,2010-10-29,True,False,mem,dal,91,90,24,17,28,22,0,29,21,25,15,0,home,9.0,199.5,400.0,-500.0,2.0,97.5,0.0,0,False,1690.6558504980162,1340.0565805383478,1669.64460587053,1361.067825165834,350.5992699596684,0.930465237224949
2011,2010-10-29,True,False,orl,mia,70,96,24,21,10,15,0,24,27,28,17,0,home,3.5,188.5,140.0,-160.0,0.0,94.0,1.0,0,True,1653.154731828378,1807.9264583080594,1737.0000220730765,1724.081168063361,-154.77172647968132,0.4218236958436594
2011,2010-10-29,True,False,mil,min,85,96,28,18,18,21,0,27,28,19,22,0,away,4.5,204.0,-190.0,165.0,4.5,102.0,0.0,0,True,1139.3468227870296,1556.1889604709525,1233.4885509419994,1462.0472323159827,-416.84213768392283,0.13896776324482668
2011,2010-10-29,True,False,ny,bos,101,105,20,26,26,29,0,27,23,29,26,0,home,9.5,200.0,400.0,-500.0,5.0,100.5,0.0,1,True,1512.6912070581805,1429.6757327893404,1529.5970090130913,1412.7699308344295,83.01547426884008,0.7414505995506476
2011,2010-10-29,True,False,atl,phi,104,101,33,29,22,20,0,30,22,22,27,0,away,3.5,193.0,-165.0,145.0,1.0,97.0,0.0,1,False,1284.376444368853,1705.059500548867,1276.0599235410407,1713.3760213766793,-420.68305618001386,0.1363432199515312
2011,2010-10-29,True,False,sac,bkn,100,106,21,32,24,23,0,29,32,15,30,0,home,2.0,197.5,115.0,-135.0,1.5,98.5,1.0,1,True,1364.8600197257465,1260.1665421013395,1383.10146255074,1241.925099276346,104.69347762440702,0.7646438687991592
2011,2010-10-29,True,False,ind,cha,104,101,27,23,23,31,0,31,27,22,21,0,home,5.0,197.5,170.0,-200.0,0.5,97.5,0.0,1,False,1514.9656019422237,1543.0315292591324,1478.2413395403523,1579.7557916610037,-28.065927316908756,0.6020671732668729
2011,2010-10-29,True,False,cle,tor,81,101,20,18,17,26,0,24,22,31,24,0,home,4.0,194.5,150.0,-170.0,0.0,95.5,1.0,0,True,1365.7149494964387,1625.8523387539492,1461.551057402438,1530.01623084795,-260.13738925751045,0.2845862015953231
2011,2010-10-29,True,False,okc,det,105,104,26,30,27,22,0,21,30,28,25,0,away,6.0,195.5,-260.0,220.0,2.0,96.0,0.0,1,False,1305.510922241951,1639.6347668529409,1299.2208395591588,1645.924849535733,-334.12384461098986,0.2062425248464955
2011,2010-10-30,True,False,det,chi,91,101,24,39,19,9,0,21,23,23,34,0,home,9.0,193.5,425.0,-550.0,8.5,96.0,1.0,0,True,1538.984127999696,1299.2208395591588,1549.529948793059,1288.6750187657958,239.76328844053728,0.8760814648352165
2011,2010-10-30,True,False,min,mem,89,109,19,27,29,14,0,34,25,28,22,0,home,7.0,211.0,305.0,-370.0,0.0,105.0,1.0,0,True,1361.067825165834,1233.4885509419994,1386.3107204515447,1208.2456556562886,127.57927422383455,0.787521792096251
2011,2010-10-30,True,False,no,sa,99,90,17,26,33,23,0,24,18,18,30,0,home,9.0,196.0,350.0,-450.0,6.5,96.0,0.0,0,False,1709.3310096583891,1488.617942849614,1637.6496578098859,1560.2992946981174,220.713066808775,0.86367712132673
2011,2010-10-30,True,False,cha,mil,88,98,18,22,22,26,0,27,21,25,25,0,home,5.5,181.0,210.0,-250.0,0.5,90.0,1.0,1,True,1462.0472323159827,1478.2413395403523,1502.317245466489,1437.971326389846,-16.194107224369645,0.6183204571172385
2011,2010-10-30,True,False,den,hou,107,94,24,24,24,35,0,27,24,18,25,0,home,5.0,216.5,190.0,-230.0,2.5,106.5,0.0,0,False,1463.026482848519,1567.2146625971643,1405.6670659849724,1624.574079460711,-104.18817974864533,0.4939730167685298
2011,2010-10-30,True,False,phi,ind,86,99,26,25,15,20,0,21,30,27,21,0,home,5.5,208.0,175.0,-210.0,3.5,104.0,1.0,0,True,1579.7557916610037,1276.0599235410407,1587.697697811974,1268.1180173900705,303.69586811996305,0.9108339478420193
2011,2010-10-30,True,False,sac,cle,107,104,34,19,31,23,0,34,33,15,22,0,home,3.0,193.0,115.0,-135.0,3.0,94.5,0.0,1,False,1530.01623084795,1241.925099276346,1487.242575493685,1284.698754630611,288.09113157160414,0.9032642520685764
2011,2010-10-30,True,False,wsh,atl,95,99,27,13,30,25,0,18,26,26,29,0,home,9.0,195.0,425.0,-550.0,4.5,96.5,0.0,0,True,1713.3760213766793,1371.731905022421,1717.2262348239908,1367.8816915751095,341.64411635425836,0.9270550496601484
2011,2010-10-30,True,False,por,ny,100,95,26,18,30,26,0,19,25,30,21,0,away,5.0,199.5,-190.0,165.0,3.5,99.0,2.0,0,False,1412.7699308344295,1688.6237283401804,1391.7573316394528,1709.636327535157,-275.8537975057509,0.26653079323133333
2011,2010-10-31,True,False,mia,bkn,101,78,29,29,27,16,0,18,24,19,17,0,away,9.0,188.0,-500.0,400.0,1.0,94.0,1.0,0,False,1383.10146255074,1737.0000220730765,1356.7805497464701,1763.3209348773464,-353.8985595223364,0.18822921060085254
2011,2010-10-31,True,False,dal,lac,99,83,27,22,29,21,0,23,24,19,17,0,away,5.5,190.5,-225.0,185.0,3.0,93.0,1.0,0,False,1263.0452247765677,1669.64460587053,1244.8229428257134,1687.8668878213844,-406.5993810939624,0.1461742273941884
2011,2010-10-31,True,False,utah,okc,120,99,27,29,35,29,0,23,17,34,25,0,home,7.0,203.0,240.0,-280.0,8.0,101.5,0.0,1,False,1645.924849535733,1463.4954202744452,1549.8129725593117,1559.6072972508666,182.42942926128785,0.8355927104711944
2011,2010-10-31,True,False,gs,lal,83,107,14,24,26,19,0,34,22,25,26,0,home,9.5,217.5,450.0,-600.0,1.0,105.5,1.0,0,True,1557.1913209718737,1489.4056020472094,1593.7610865307365,1452.8358364883466,67.78571892466425,0.7242919893555766
2011,2010-11-01,True,False,tor,sac,108,111,33,29,24,22,0,16,35,27,33,0,home,6.0,208.0,200.0,-240.0,6.5,102.5,0.0,1,True,1284.698754630611,1461.551057402438,1321.8355373085271,1424.4142747245216,-176.852302771827,0.39116986131817255
2011,2010-11-01,True,False,sa,lac,97,88,26,24,25,22,0,26,18,21,23,0,away,8.0,193.5,-380.0,310.0,3.0,93.5,1.0,0,False,1244.8229428257134,1637.6496578098859,1228.982611624204,1653.4899890113952,-392.82671498417244,0.1563492825530785
2011,2010-11-01,True,False,por,chi,98,110,21,26,26,25,0,32,24,32,22,0,home,0.0,187.0,-110.0,100.0,3.0,93.5,1.0,1,True,1549.529948793059,1709.636327535157,1615.6247964869435,1643.5414798412726,-160.10637874209806,0.41435271420208075
2011,2010-11-02,True,False,bos,det,109,86,31,26,31,21,0,26,18,24,18,0,away,6.0,189.0,-290.0,245.0,0.5,93.5,1.0,1,False,1288.6750187657958,1529.5970090130913,1245.6574578237098,1572.6145699551773,-240.92199024729553,0.307632246583382
2011,2010-11-02,True,False,phi,wsh,115,116,28,20,18,40,9,27,23,22,34,10,home,3.0,192.0,125.0,-145.0,1.0,95.0,0.0,1,True,1367.8816915751095,1268.1180173900705,1374.5512413037634,1261.4484676614165,99.76367418503901,0.7594985228750784
2011,2010-11-02,True,False,atl,cle,100,88,40,19,15,26,0,27,20,26,15,0,away,3.0,190.5,-150.0,130.0,2.5,92.5,1.0,0,False,1487.242575493685,1717.2262348239908,1450.992254178498,1753.476556139178,-229.98365933030573,0.3212035889070692
2011,2010-11-02,True,False,min,mia,97,129,27,26,18,26,0,33,36,29,31,0,home,16.5,194.0,1850.0,-4600.0,4.5,95.5,1.0,1,True,1763.3209348773464,1208.2456556562886,1765.5481325345827,1206.0184579990523,555.0752792210578,0.9774875360509301
2011,2010-11-02,True,False,mem,lal,105,124,23,23,30,29,0,34,39,24,27,0,home,9.0,203.5,400.0,-500.0,3.0,101.5,1.0,1,True,1593.7610865307365,1386.3107204515447,1609.6516779917617,1370.4201289905195,207.45036607919178,0.8544361025742925
2011,2010-11-02,True,False,por,mil,90,76,21,26,26,17,0,27,18,17,14,0,home,3.0,186.5,125.0,-145.0,1.5,94.0,0.0,0,False,1502.317245466489,1643.5414798412726,1449.7761484503924,1696.0825768573693,-141.22423437478346,0.44095040807918084
2011,2010-11-03,True,False,dal,den,102,101,23,27,34,18,0,27,25,28,21,0,home,3.0,205.0,155.0,-175.0,1.0,101.0,0.0,0,False,1624.574079460711,1687.8668878213844,1607.719700112576,1704.7212671695193,-63.29280836067346,0.5526302159730805
2011,2010-11-03,True,False,sa,phx,112,110,23,27,31,31,0,22,28,29,31,0,away,1.0,208.0,-113.0,102.0,1.0,103.5,1.0,1,False,1660.4636130441743,1653.4899890113952,1629.2964028070899,1684.6571992484796,6.973624032779071,0.6492603724458822
2011,2010-11-03,True,False,lal,sac,112,100,35,27,30,20,0,33,20,25,22,0,away,5.0,207.5,-240.0,200.0,0.5,102.5,1.0,1,False,1321.8355373085271,1609.6516779917617,1293.2501082490649,1638.237107051224,-287.8161406832346,0.2532872005330612
2011,2010-11-03,True,False,okc,lac,92,107,21,22,23,26,0,27,26,27,27,0,away,8.5,196.5,-430.0,335.0,8.0,97.0,0.0,1,True,1228.982611624204,1549.8129725593117,1324.2535552331813,1454.5420289503345,-320.8303609351076,0.21905160292338988
2011,2010-11-03,True,False,mem,gs,109,115,26,26,31,26,0,27,37,24,27,0,home,4.5,218.5,150.0,-170.0,1.5,109.5,1.0,1,True,1452.8358364883466,1370.4201289905195,1473.3397214184497,1349.9162440604164,82.41570749782704,0.7407881914905879
2011,2010-11-03,True,False,tor,utah,108,125,22,25,37,24,0,41,25,25,34,0,home,10.5,206.5,500.0,-700.0,0.5,102.0,1.0,1,True,1559.6072972508666,1424.4142747245216,1582.6000977092758,1401.4214742661125,135.19302252634498,0.7947632154817821
2011,2010-11-03,True,False,mil,bos,102,105,16,31,16,28,11,25,22,15,29,14,home,8.0,184.5,320.0,-400.0,5.5,92.5,0.0,1,True,1572.6145699551773,1449.7761484503924,1584.407232518053,1437.9834858875167,122.83842150478495,0.7829194048667537
2011,2010-11-03,True,False,ind,phi,75,101,16,15,27,17,0,31,26,21,23,0,away,2.5,203.5,-140.0,120.0,6.5,99.0,0.0,0,True,1261.4484676614165,1587.697697811974,1375.4661785554988,1473.6799869178917,-326.2492301505574,0.21376217434854766
2011,2010-11-03,True,False,min,orl,86,128,18,27,18,23,0,37,41,24,26,0,home,18.0,204.5,3000.0,-6500.0,0.5,100.5,1.0,1,True,1724.081168063361,1206.0184579990523,1727.1020126248068,1202.9976134376066,518.0627100643087,0.9722898437843076
2011,2010-11-03,True,False,cha,bkn,85,83,23,18,21,23,0,19,21,21,22,0,home,0.0,187.0,120.0,-140.0,1.0,97.0,0.0,0,False,1356.7805497464701,1437.971326389846,1331.303886421137,1463.4479897151791,-81.19077664337578,0.5270422345973554
2011,2010-11-03,True,False,det,atl,85,94,22,26,18,19,0,24,20,26,24,0,home,10.0,196.0,450.0,-600.0,8.0,97.5,0.0,0,True,1753.476556139178,1245.6574578237098,1755.4482376926965,1243.6857762701914,507.8190983154682,0.9706561125655435
2011,2010-11-03,True,False,no,hou,107,99,28,15,30,34,0,28,21,22,28,0,home,5.0,207.5,180.0,-220.0,1.0,103.0,0.0,0,False,1405.6670659849724,1560.2992946981174,1364.8671096027779,1601.099251080312,-154.63222871314497,0.42201955390610707
2011,2010-11-04,True,False,ny,chi,120,112,34,36,23,27,0,30,22,31,29,0,home,6.0,205.0,230.0,-270.0,8.0,102.0,0.0,1,False,1615.6247964869435,1391.7573316394528,1547.231931127463,1460.1501969989333,223.86746484749074,0.8658009621913831
2011,2010-11-04,True,False,okc,por,107,106,29,22,24,25,7,23,35,23,19,6,home,6.0,194.0,190.0,-230.0,1.0,97.5,0.0,1,False,1696.0825768573693,1454.5420289503345,1674.534433852619,1476.0901719550848,241.5405479070348,0.877187873946883
2011,2010-11-05,True,False,lac,den,104,111,28,26,17,33,0,24,29,29,29,0,home,10.0,206.5,550.0,-750.0,7.5,102.5,0.0,1,True,1607.719700112576,1324.2535552331813,1614.7834023861158,1317.1898529596415,283.46614487939473,0.9009128331302735
2011,2010-11-05,True,False,tor,lal,103,108,20,38,20,25,0,33,22,27,26,0,home,13.0,212.5,1125.0,-1700.0,10.0,107.0,0.0,0,True,1638.237107051224,1401.4214742661125,1646.2541247039433,1393.4044566133932,236.81563278511157,0.8742275789462198
2011,2010-11-05,True,False,mem,phx,118,123,35,20,21,23,19,20,25,25,29,24,home,6.0,219.0,200.0,-240.0,6.0,110.0,0.0,1,True,1629.2964028070899,1349.9162440604164,1635.5329208966946,1343.6797259708117,279.3801587466735,0.8987932653941618
2011,2010-11-05,True,False,utah,gs,78,85,16,23,17,22,0,17,23,20,25,0,away,1.5,223.5,-135.0,115.0,1.5,110.0,0.0,0,True,1473.3397214184497,1582.6000977092758,1520.3064836192982,1535.6333355084273,-109.26037629082612,0.4866764021683685
2011,2010-11-05,True,False,mia,no,93,96,17,24,23,29,0,29,21,22,24,0,away,6.5,186.5,-270.0,230.0,6.5,93.5,0.0,1,True,1601.099251080312,1765.5481325345827,1637.1911479977962,1729.4562356170984,-164.4488814542708,0.40829999205533857
2011,2010-11-05,True,False,atl,min,113,103,26,30,27,30,0,25,26,20,32,0,away,6.5,204.0,-310.0,255.0,2.0,101.0,1.0,1,False,1202.9976134376066,1755.4482376926965,1195.7335986016244,1762.7122525286786,-552.4506242550899,0.06884839723615499
2011,2010-11-05,True,False,wsh,ny,91,112,27,22,24,18,0,26,32,23,31,0,home,5.5,209.0,200.0,-240.0,0.5,104.5,1.0,0,True,1460.1501969989333,1374.5512413037634,1492.1858639677914,1342.5155743349053,85.59895569516993,0.7442912785222824
2011,2010-11-05,True,False,cha,det,90,97,15,24,25,26,0,32,23,17,25,0,home,0.0,183.0,-102.0,-108.0,4.0,90.5,1.0,1,True,1243.6857762701914,1463.4479897151791,1304.6066285445725,1402.527137440798,-219.76221344498776,0.334165064674404
2011,2010-11-05,True,False,mil,ind,94,90,18,34,18,24,0,20,40,16,14,0,home,3.0,197.0,125.0,-145.0,1.5,97.5,0.0,0,False,1473.6799869178917,1437.9834858875167,1426.780251217197,1484.8832215882114,35.696501030374975,0.6859240024843111
2011,2010-11-05,True,False,cle,phi,123,116,34,27,18,44,0,20,33,31,32,0,home,5.0,188.0,175.0,-210.0,5.0,94.5,0.0,1,False,1375.4661785554988,1450.992254178498,1326.5012412564017,1499.957191477595,-75.52607562299909,0.5351626683245935
2011,2010-11-05,True,False,chi,bos,105,110,23,15,26,32,9,19,30,23,24,14,home,7.5,193.5,290.0,-350.0,1.0,96.0,0.0,1,True,1584.407232518053,1547.231931127463,1608.1414937619072,1523.4976698836088,37.17530139058999,0.6877549949486347
2011,2010-11-05,True,False,bkn,orl,90,105,18,33,16,23,0,20,28,32,25,0,home,16.5,194.5,1900.0,-4000.0,11.5,97.0,0.0,1,True,1727.1020126248068,1331.303886421137,1731.8629698867528,1326.5429291591909,395.7981262036699,0.9455273171910049
2011,2010-11-06,True,False,lac,utah,107,109,35,20,18,18,16,22,17,31,21,18,home,11.0,202.5,650.0,-900.0,10.0,100.5,0.0,1,True,1535.6333355084273,1317.1898529596415,1541.1029482722272,1311.7202401958416,218.44348254878582,0.8621315666537733
2011,2010-11-06,True,False,tor,por,84,97,17,17,25,25,0,18,27,28,24,0,home,12.0,202.5,736.0,-950.0,3.0,99.0,1.0,0,True,1674.534433852619,1393.4044566133932,1683.6248530145108,1384.3140374515015,281.1299772392258,0.8997058501699287
2011,2010-11-06,True,False,mem,sac,100,91,30,23,27,20,0,24,25,18,24,0,home,6.0,210.5,175.0,-210.0,5.0,104.0,0.0,0,False,1293.2501082490649,1343.6797259708117,1235.4144106491701,1401.5154235707064,-50.42961772174681,0.5708573710149865
2011,2010-11-06,True,False,hou,sa,121,124,34,18,32,29,8,34,23,34,22,11,home,6.5,208.5,230.0,-270.0,3.0,102.5,0.0,1,True,1684.6571992484796,1364.8671096027779,1688.4434320579287,1361.0808767933288,319.79008964570176,0.9180773401911435
2011,2010-11-06,True,False,den,dal,103,92,26,27,26,24,0,24,28,27,13,0,home,6.5,204.0,230.0,-270.0,5.0,101.5,0.0,0,False,1704.7212671695193,1614.7834023861158,1629.584585706642,1689.920083848993,89.93786478340348,0.7490158283808254
2011,2010-11-06,True,False,no,mil,87,81,23,18,24,22,0,18,17,19,27,0,home,4.0,188.0,135.0,-155.0,3.5,93.0,0.0,0,False,1484.8832215882114,1637.1911479977962,1448.4701723416858,1673.6041972443218,-152.30792640958475,0.4252864920094912
2011,2010-11-06,True,False,bkn,mia,89,101,25,26,17,21,0,24,31,32,14,0,home,17.0,189.0,2000.0,-5250.0,9.5,93.0,0.0,1,True,1729.4562356170984,1326.5429291591909,1733.6716655259838,1322.3274992503054,402.91330645790754,0.9475987996125511
2011,2010-11-06,True,False,orl,cha,91,88,23,20,30,18,0,15,21,26,26,0,away,6.0,185.0,-300.0,250.0,1.0,92.0,0.0,0,False,1402.527137440798,1731.8629698867528,1389.669519984047,1744.720587343504,-329.3358324459548,0.21079114707388802
2011,2010-11-06,True,False,cle,wsh,107,102,27,32,17,31,0,28,23,25,26,0,home,4.5,196.0,160.0,-180.0,4.5,98.5,0.0,1,False,1342.5155743349053,1499.957191477595,1309.5552338757088,1532.9175319367914,-157.44161714268967,0.41807991511419373
2011,2010-11-07,True,False,min,hou,94,120,14,23,30,27,0,26,34,37,23,0,home,9.0,216.0,330.0,-420.0,2.0,106.0,1.0,0,True,1361.0808767933288,1195.7335986016244,1383.2768175749325,1173.5376578200207,165.3472781917044,0.8216346296834299
2011,2010-11-07,True,False,bos,okc,92,83,28,30,15,19,0,21,16,27,19,0,home,2.5,196.5,115.0,-135.0,6.5,97.0,0.0,0,False,1476.0901719550848,1608.1414937619072,1430.0932414536512,1654.1384242633408,-132.05132180682244,0.4540048432104547
2011,2010-11-07,True,False,por,lal,96,121,14,22,28,32,0,27,31,31,32,0,home,7.0,194.5,290.0,-350.0,3.0,95.5,1.0,1,True,1646.2541247039433,1683.6248530145108,1705.1495950830817,1624.7293826353723,-37.37072831056753,0.5891670482788905
2011,2010-11-07,True,False,phx,atl,118,114,30,31,31,26,0,28,22,38,26,0,home,5.5,208.0,190.0,-230.0,6.0,105.0,0.0,1,False,1762.7122525286786,1635.5329208966946,1713.2602563395396,1684.9849170858336,127.17933163198404,0.7871362980163124
2011,2010-11-07,True,False,phi,ny,106,96,33,21,26,26,0,25,31,25,15,0,home,7.0,206.0,250.0,-300.0,4.0,104.0,0.0,0,False,1492.1858639677914,1326.5012412564017,1417.7930712729528,1400.8940339512403,165.6846227113897,0.8219190412967303
2011,2010-11-07,True,False,gs,det,97,102,18,27,31,21,0,23,26,24,29,0,away,2.0,208.5,-135.0,115.0,2.0,103.5,0.0,0,True,1304.6066285445725,1520.3064836192982,1356.6875582687283,1468.2255538951424,-215.69985507472575,0.33938817455181736
2011,2010-11-08,True,False,sa,cha,95,91,19,25,27,24,0,26,22,21,22,0,away,4.0,187.0,-175.0,155.0,3.0,94.5,2.0,0,False,1389.669519984047,1688.4434320579287,1372.564536058976,1705.5484159829996,-298.7739120738818,0.24154372881198025
2011,2010-11-08,True,False,gs,tor,109,102,26,29,29,25,0,19,22,31,30,0,home,0.0,217.0,-107.0,-103.0,4.5,108.5,0.0,0,False,1384.3140374515015,1468.2255538951424,1336.4494254592116,1516.0901658874322,-83.91151644364095,0.5231366542072043
2011,2010-11-08,True,False,atl,orl,89,93,23,24,23,19,0,21,30,21,21,0,home,9.0,194.0,340.0,-440.0,4.5,95.0,0.0,0,True,1744.720587343504,1713.2602563395396,1766.6458824202223,1691.3349612628213,31.460331003964257,0.6806469465000883
2011,2010-11-08,True,False,den,chi,92,94,28,15,27,22,0,23,27,18,26,0,home,2.0,207.5,110.0,-130.0,1.0,101.0,2.0,0,True,1523.4976698836088,1689.920083848993,1552.232353615989,1661.1854001166128,-166.4224139653843,0.4055582659561667
2011,2010-11-08,True,False,phx,mem,99,109,26,26,23,24,0,28,27,33,21,0,home,5.0,215.0,170.0,-200.0,2.0,107.0,1.0,0,True,1401.5154235707064,1684.9849170858336,1479.7967706548045,1606.7035700017354,-283.46949351512717,0.25804869594561625
2011,2010-11-08,True,False,bos,dal,87,89,19,21,29,18,0,23,27,20,19,0,home,3.5,188.5,140.0,-160.0,2.0,94.5,0.0,0,True,1629.584585706642,1654.1384242633408,1648.586588512038,1635.1364214579448,-24.553838556698793,0.6069007195921704
2011,2010-11-09,True,False,min,lal,94,99,28,24,22,20,0,26,32,24,17,0,home,17.5,215.0,1937.0,-4437.0,9.0,107.5,0.0,0,True,1705.1495950830817,1173.5376578200207,1706.471662023334,1172.2155908797686,531.611937263061,0.9743155776318438
2011,2010-11-09,True,False,det,por,78,100,25,20,18,15,0,36,17,21,26,0,home,10.0,191.0,475.0,-650.0,3.0,94.5,1.0,0,True,1624.7293826353723,1356.6875582687283,1636.403550711631,1345.0133901924696,268.04182436664405,0.8926997238862346
2011,2010-11-09,True,False,ny,mil,80,107,19,24,24,13,0,41,23,26,17,0,home,5.5,197.5,190.0,-230.0,4.0,99.0,1.0,0,True,1448.4701723416858,1417.7930712729528,1494.0386550110627,1372.224588603576,30.67710106873301,0.6796661225163149
2011,2010-11-09,True,False,lac,no,82,101,18,23,19,22,0,27,21,22,31,0,home,9.5,189.5,400.0,-500.0,3.5,93.0,1.0,0,True,1673.6041972443218,1311.7202401958416,1679.9386533733525,1305.3857840668109,361.88395704848017,0.9345523944868404
2011,2010-11-09,True,False,den,ind,113,144,25,24,27,37,0,27,32,54,31,0,away,1.5,209.5,-130.0,110.0,3.0,102.0,0.0,1,True,1426.780251217197,1661.1854001166128,1531.133890155601,1556.8317611782088,-234.40514889941574,0.3156796482038507
2011,2010-11-09,True,False,utah,mia,116,114,13,19,30,42,12,25,26,24,29,10,home,9.0,192.5,450.0,-600.0,1.0,96.0,0.0,1,False,1733.6716655259838,1541.1029482722272,1699.4835243525574,1575.2910894456536,192.56871725375663,0.8434547193812503
2011,2010-11-09,True,False,cle,bkn,93,91,23,22,18,30,0,23,19,23,26,0,home,2.5,195.5,120.0,-140.0,3.0,96.0,0.0,0,False,1322.3274992503054,1532.9175319367914,1305.6015566128196,1549.6434745742772,-210.59003268648598,0.34601384297613313
2011,2010-11-10,True,False,lac,sa,95,107,20,24,21,30,0,24,27,28,28,0,home,13.5,195.0,1150.0,-1800.0,5.0,96.0,0.0,1,True,1705.5484159829996,1305.3857840668109,1709.83595265549,1301.0982473943204,400.16263191618873,0.9468069540993271
2011,2010-11-10,True,False,utah,orl,104,94,22,13,30,39,0,23,22,29,20,0,home,10.5,195.0,500.0,-700.0,3.0,99.5,0.0,1,False,1766.6458824202223,1575.2910894456536,1692.030725512082,1649.906246353794,191.35479297456868,0.842529827752986
2011,2010-11-10,True,False,min,sac,98,89,27,24,23,24,0,22,23,27,17,0,home,10.5,214.5,450.0,-600.0,9.0,105.0,0.0,0,False,1235.4144106491701,1172.2155908797686,1166.9009983275275,1240.7290032014112,63.19881976940155,0.7189881271467597
2011,2010-11-10,True,False,gs,ny,122,117,34,26,29,33,0,32,24,25,36,0,home,3.0,221.0,135.0,-155.0,2.0,111.5,0.0,1,False,1372.224588603576,1516.0901658874322,1337.7564237249123,1550.5583307660959,-143.86557728385628,0.4372056612841516
2011,2010-11-10,True,False,phi,okc,103,109,28,23,23,29,0,32,27,26,24,0,home,8.5,201.5,350.0,-450.0,2.5,98.5,0.0,1,True,1430.0932414536512,1400.8940339512403,1456.896441481612,1374.0908339232794,29.1992075024109,0.6778110578522141
2011,2010-11-10,True,False,hou,wsh,91,98,21,25,26,19,0,30,23,20,25,0,away,3.5,210.0,-165.0,145.0,3.5,103.5,0.0,0,True,1309.5552338757088,1383.2768175749325,1351.8493859834623,1340.982665467179,-73.72158369922363,0.5377457310268232
2011,2010-11-10,True,False,mil,atl,108,91,21,33,34,20,0,26,14,19,32,0,home,6.5,187.0,240.0,-280.0,7.0,94.0,0.0,1,False,1691.3349612628213,1494.0386550110627,1601.3653978319746,1584.0082184419093,197.29630625175855,0.847014556931809
2011,2010-11-10,True,False,bkn,cle,95,87,18,24,25,28,0,25,27,17,18,0,home,4.0,193.0,160.0,-180.0,2.0,95.5,0.0,0,False,1549.6434745742772,1305.6015566128196,1481.3549241670798,1373.890107020017,244.04191796145756,0.8787306671464014
2011,2010-11-10,True,False,dal,mem,106,91,27,28,31,20,0,21,29,19,22,0,away,1.0,196.0,-107.0,-103.0,2.5,96.5,1.0,1,False,1479.7967706548045,1648.586588512038,1430.7214141522015,1697.6619450146409,-168.7898178572334,0.4022771219100182
2011,2010-11-10,True,False,cha,tor,101,96,26,22,21,32,0,24,24,26,22,0,home,1.0,193.5,-103.0,-107.0,0.0,97.0,0.0,1,False,1336.4494254592116,1372.564536058976,1289.8631798530469,1419.1507816651408,-36.11511059976442,0.5909154255437941
2011,2010-11-11,True,False,bos,mia,112,107,27,34,27,24,0,20,26,32,29,0,home,7.5,186.5,260.0,-320.0,8.5,94.0,0.0,1,False,1699.4835243525574,1635.1364214579448,1646.1284647781972,1688.491481032305,64.34710289461259,0.7203217139611374
2011,2010-11-11,True,False,gs,chi,90,120,20,18,25,27,0,34,32,28,26,0,home,7.0,214.0,250.0,-300.0,3.5,104.5,1.0,0,True,1552.232353615989,1550.5583307660959,1606.1915741843436,1496.5991101977413,1.6740228498931629,0.6422820529153529
2011,2010-11-11,True,False,lal,den,112,118,26,38,29,19,0,24,35,26,33,0,away,3.0,212.5,-160.0,140.0,0.5,107.5,0.0,1,True,1556.8317611782088,1706.471662023334,1605.7169894752767,1657.586433726266,-149.6399008451251,0.4290445957220452
2011,2010-11-12,True,False,por,okc,108,110,35,30,22,21,0,29,32,23,26,0,home,2.5,194.5,120.0,-140.0,2.0,97.5,0.0,1,True,1456.896441481612,1636.403550711631,1486.5022828832298,1606.7977093100133,-179.50710923001884,0.3875364049762419
2011,2010-11-12,True,False,phi,dal,90,99,22,26,27,15,0,31,24,23,21,0,home,8.5,196.0,400.0,-500.0,2.5,97.5,1.0,0,True,1697.6619450146409,1374.0908339232794,1703.8086060559433,1367.944172881977,323.57111109136144,0.9196995130633804
2011,2010-11-12,True,False,ny,min,103,112,30,35,22,16,0,27,24,29,32,0,away,4.0,216.0,-170.0,150.0,2.0,108.0,0.0,0,True,1240.7290032014112,1337.7564237249123,1290.9524772008012,1287.5329497255223,-97.02742052350118,0.5042777813648501
2011,2010-11-12,True,False,sac,phx,89,103,24,19,25,21,0,30,22,25,26,0,home,7.5,215.0,270.0,-330.0,1.5,106.0,1.0,0,True,1606.7035700017354,1166.9009983275275,1610.2459933075052,1163.3585750217578,439.8025716742079,0.9571950480398804
2011,2010-11-12,True,False,utah,atl,90,86,25,17,21,27,0,26,19,24,17,0,home,3.5,200.0,140.0,-160.0,1.0,104.5,0.0,0,False,1601.3653978319746,1649.906246353794,1560.7515057750325,1690.520138410736,-48.54084852181927,0.5735188628048021
2011,2010-11-12,True,False,tor,orl,110,106,30,29,30,21,0,31,28,23,24,0,home,14.5,199.5,1500.0,-2600.0,9.5,101.0,0.0,1,False,1692.030725512082,1289.8631798530469,1644.183848192877,1337.710057172252,402.1675456590351,0.9473852220506737
2011,2010-11-12,True,False,cha,wsh,93,85,19,23,28,23,0,22,21,22,20,0,home,0.0,188.0,-110.0,100.0,0.0,94.0,0.0,0,False,1351.8493859834623,1419.1507816651408,1298.9744516134858,1472.0257160351173,-67.30139568167851,0.546918629191729
2011,2010-11-12,True,False,hou,ind,102,99,26,22,30,24,0,23,27,28,21,0,home,3.5,216.5,140.0,-160.0,1.5,106.5,0.0,0,False,1531.133890155601,1340.982665467179,1488.0002540636108,1384.1163015591692,190.15122468842196,0.8416084448503884
2011,2010-11-12,True,False,det,lac,113,107,26,31,17,29,10,19,28,27,29,4,home,1.5,191.0,120.0,-133.0,3.5,94.5,0.0,1,False,1301.0982473943204,1345.0133901924696,1251.4370144481104,1394.6746231386796,-43.91514279814919,0.5800187566158036
2011,2010-11-13,True,False,gs,mil,72,79,14,16,21,21,0,26,17,23,13,0,home,7.5,203.5,263.0,-302.0,0.5,100.5,0.0,0,True,1584.0082184419093,1496.5991101977413,1605.3573043646238,1475.2500242750268,87.40910824416801,0.7462693925297721
2011,2010-11-13,True,False,phi,sa,93,116,28,24,12,29,0,39,22,35,20,0,home,10.0,204.0,501.0,-624.0,2.5,101.5,1.0,1,True,1709.83595265549,1367.944172881977,1717.4272786571482,1360.3528468803188,341.891779773513,0.9271514001464252
2011,2010-11-13,True,False,bos,mem,116,110,27,27,19,26,17,27,22,24,26,11,away,3.5,196.5,-157.0,143.0,0.5,97.0,1.0,1,False,1430.7214141522015,1688.491481032305,1406.1168820654282,1713.0960131190784,-257.7700668801035,0.28736882395854896
2011,2010-11-13,True,False,wsh,chi,96,103,25,17,16,38,0,24,26,22,31,0,home,10.5,201.0,501.0,-624.0,3.0,100.0,0.0,0,True,1606.1915741843436,1298.9744516134858,1612.31826271084,1292.8477630869895,307.2171225708578,0.9124665315404331
2011,2010-11-13,True,False,por,no,87,107,19,16,31,21,0,26,22,27,32,0,home,4.0,188.0,164.0,-181.0,2.5,94.0,1.0,1,True,1679.9386533733525,1606.7977093100133,1713.5918707558062,1573.1444919275596,73.14094406333925,0.7304052067628268
2011,2010-11-13,True,False,ind,cle,99,85,26,28,19,26,0,30,24,14,17,0,home,1.5,201.5,106.0,-120.0,1.0,98.5,0.0,0,False,1481.3549241670798,1488.0002540636108,1406.1441107073742,1563.2110675233164,-6.645329896530939,0.6312056803241839
2011,2010-11-13,True,False,orl,bkn,91,90,31,21,16,23,0,25,26,18,21,0,away,7.5,190.0,-311.0,269.0,5.0,94.5,0.0,0,False,1373.890107020017,1644.183848192877,1365.5690757848838,1652.50487942801,-270.2937411728599,0.2728343295002017
2011,2010-11-13,True,False,utah,cha,96,95,13,20,30,33,0,28,21,24,22,0,away,1.0,190.0,-112.0,-102.0,4.0,99.0,2.0,1,False,1472.0257160351173,1690.520138410736,1461.7846078092966,1700.7612466365567,-218.4944223756188,0.3357908193317862
2011,2010-11-13,True,False,tor,mia,100,109,25,25,23,27,0,34,29,20,26,0,home,15.0,201.5,1620.0,-2180.0,4.5,99.5,0.0,1,True,1646.1284647781972,1337.710057172252,1652.863729944,1330.9747920064492,308.4184076059453,0.9130172810999495
2011,2010-11-14,True,False,min,atl,105,111,27,25,20,33,0,30,30,23,28,0,home,10.0,204.5,450.0,-600.0,3.0,102.5,0.0,1,True,1560.7515057750325,1290.9524772008012,1567.9214792138555,1283.7825037619782,269.7990285742312,0.8936647937780895
2011,2010-11-14,True,False,phx,lal,121,116,23,33,36,29,0,25,28,31,32,0,home,8.5,216.0,350.0,-450.0,7.5,108.0,0.0,1,False,1657.586433726266,1610.2459933075052,1604.8810702610074,1662.9513567727638,47.34044041876086,0.7001809665069932
2011,2010-11-14,True,False,det,sac,100,94,22,28,25,25,0,19,26,27,22,0,home,5.0,198.5,175.0,-210.0,3.5,98.0,0.0,0,False,1163.3585750217578,1394.6746231386796,1136.0000919045535,1422.033106255884,-231.31604811692182,0.31953361644731937
2011,2010-11-14,True,False,hou,ny,104,96,26,32,26,20,0,27,25,23,21,0,home,2.5,213.5,120.0,-140.0,3.0,105.5,0.0,0,False,1287.5329497255223,1384.1163015591692,1238.7186638484409,1432.9305874362506,-96.58335183364693,0.5049167934669986
2011,2010-11-14,True,False,sa,okc,117,104,30,31,21,35,0,35,31,14,24,0,home,2.5,207.0,125.0,-145.0,0.0,103.5,0.0,1,False,1486.5022828832298,1717.4272786571482,1449.3416534482428,1754.5879080921352,-230.92499577391845,0.3200232713433302
2011,2010-11-15,True,False,bkn,lac,110,96,24,31,21,34,0,23,21,26,26,0,home,2.0,191.0,110.0,-130.0,4.0,92.5,0.0,1,False,1251.4370144481104,1365.5690757848838,1194.2818935708774,1422.7241966621168,-114.1320613367734,0.47967353759114706
2011,2010-11-15,True,False,det,gs,97,101,21,21,27,28,0,34,31,22,14,0,home,6.5,208.0,240.0,-280.0,3.0,101.5,0.0,0,True,1475.2500242750268,1422.033106255884,1494.934772105877,1402.3483584250337,53.216918019142895,0.7072339061214015
2011,2010-11-15,True,False,okc,utah,115,108,27,31,35,22,0,33,23,29,23,0,home,6.0,209.0,230.0,-270.0,5.5,103.5,0.0,1,False,1700.7612466365567,1449.3416534482428,1636.1887395296233,1513.9141605551763,251.4195931883139,0.8831840288412418
2011,2010-11-15,True,False,mem,orl,72,89,12,22,22,16,0,20,27,22,20,0,home,9.0,200.0,400.0,-500.0,1.5,97.5,1.0,0,True,1652.50487942801,1406.1168820654282,1664.732613239978,1393.8891482534602,246.38799736258193,0.8801624690621858
2011,2010-11-15,True,False,no,dal,95,98,24,28,24,19,0,27,20,22,29,0,home,3.0,190.0,140.0,-160.0,2.5,96.5,2.0,1,True,1703.8086060559433,1713.5918707558062,1726.561023273336,1690.8394535384134,-9.783264699862912,0.6269909149117142
2011,2010-11-15,True,False,min,cha,110,113,27,33,21,29,0,22,38,24,29,0,home,9.0,197.0,400.0,-500.0,6.5,98.0,0.0,1,True,1461.7846078092966,1283.7825037619782,1470.4804620504,1275.0866495208747,178.00210404731843,0.8320615329909663
2011,2010-11-15,True,False,den,phx,94,100,22,36,18,18,0,20,26,23,31,0,home,2.0,221.5,110.0,-130.0,5.0,111.0,1.0,0,True,1662.9513567727638,1605.7169894752767,1686.2750760480103,1582.3932702000302,57.2343672974871,0.7119992503839573
2011,2010-11-16,True,False,por,mem,100,99,22,29,20,29,0,17,28,25,29,0,away,1.0,195.0,110.0,-130.0,1.5,96.0,2.0,1,False,1393.8891482534602,1573.1444919275596,1382.059385674135,1584.9742545068848,-179.25534367409932,0.38788045018378087
2011,2010-11-16,True,False,phi,cle,93,101,23,31,16,23,0,19,35,26,21,0,home,3.0,196.0,130.0,-150.0,2.0,95.5,1.0,0,True,1406.1441107073742,1360.3528468803188,1434.0341704997286,1332.4627870879644,45.791263827055445,0.6983055435716711
2011,2010-11-16,True,False,atl,ind,102,92,21,29,27,25,0,24,25,16,27,0,away,2.0,202.5,-130.0,110.0,1.0,97.5,1.0,0,False,1563.2110675233164,1567.9214792138555,1496.3410420518387,1634.7915046853332,-4.710411690539104,0.6337946962947865
2011,2010-11-16,True,False,chi,hou,95,92,19,30,14,32,0,26,15,30,21,0,home,0.0,202.0,102.0,-113.0,2.5,102.0,0.0,0,False,1432.9305874362506,1612.31826271084,1409.2820935199286,1635.9667566271619,-179.38767527458936,0.38769960110875684
2011,2010-11-16,True,False,lal,mil,118,107,32,25,33,28,0,29,30,22,26,0,away,4.5,193.5,-200.0,170.0,4.0,96.0,1.0,1,False,1605.3573043646238,1604.8810702610074,1535.3395439647206,1674.8988306609103,0.47623410361643437,0.6406963311446067
2011,2010-11-16,True,False,ny,den,118,120,26,28,28,36,0,26,35,33,26,0,home,7.5,218.0,310.0,-380.0,2.5,107.5,0.0,1,True,1582.3932702000302,1238.7186638484409,1584.9891842729774,1236.1227497754937,343.6746063515893,0.9278415337721918
2011,2010-11-16,True,False,tor,wsh,94,109,23,24,21,26,0,27,27,36,19,0,away,1.0,204.0,-107.0,-103.0,2.0,101.0,0.0,0,True,1292.8477630869895,1330.9747920064492,1343.0954842844417,1280.727070808997,-38.12702891945969,0.5881128512071847
2011,2010-11-17,True,False,lac,min,111,113,28,33,24,26,0,28,33,27,25,0,home,3.5,210.0,155.0,-175.0,2.0,103.0,0.0,1,True,1275.0866495208747,1194.2818935708774,1286.7597038741367,1182.6088392176155,80.80475594999734,0.7390035346574363
2011,2010-11-17,True,False,chi,sa,94,103,25,22,12,35,0,18,19,37,29,0,home,6.5,204.0,260.0,-320.0,6.5,101.0,1.0,0,True,1754.5879080921352,1635.9667566271619,1774.6251964520225,1615.9294682672746,118.62115146497331,0.778765114463867
2011,2010-11-17,True,False,bkn,utah,88,98,25,22,23,18,0,24,29,24,21,0,home,9.5,196.5,450.0,-600.0,4.0,96.5,1.0,0,True,1636.1887395296233,1422.7241966621168,1648.4753061884835,1410.4376300032566,213.46454286750645,0.858689398808541
2011,2010-11-17,True,False,hou,okc,99,116,23,30,26,20,0,28,36,30,22,0,home,7.0,210.5,250.0,-300.0,1.0,102.5,1.0,1,True,1513.9141605551763,1409.2820935199286,1541.0180514070557,1382.1782026680492,104.6320670352477,0.7645802443089558
2011,2010-11-17,True,False,ny,sac,113,106,14,40,29,30,0,27,22,25,32,0,home,4.0,209.5,160.0,-180.0,3.0,103.0,0.0,1,False,1136.0000919045535,1236.1227497754937,1090.2685286560668,1281.8543130239805,-100.1226578709402,0.4998234811416052
2011,2010-11-17,True,False,wsh,bos,83,114,28,16,25,14,0,33,27,29,25,0,home,13.5,194.0,1050.0,-1700.0,3.0,99.0,1.0,1,True,1713.0960131190784,1343.0954842844417,1720.069165570467,1336.122331833053,370.0005288346367,0.9373527873104968
2011,2010-11-17,True,False,tor,phi,94,86,25,21,23,25,0,26,21,24,15,0,home,3.0,208.5,135.0,-155.0,2.0,103.5,0.0,0,False,1332.4627870879644,1280.727070808997,1267.6148464423995,1345.575011454562,51.7357162789674,0.7054653485829104
2011,2010-11-17,True,False,phx,mia,96,123,24,19,30,23,0,27,37,36,23,0,home,8.0,211.0,325.0,-400.0,1.0,103.5,1.0,1,True,1652.863729944,1686.2750760480103,1712.2916436444616,1626.8471623475486,-33.41134610401036,0.5946724163661233
2011,2010-11-17,True,False,dal,no,97,99,31,21,17,28,0,23,19,33,24,0,home,5.0,192.0,175.0,-210.0,5.0,96.5,0.0,1,True,1690.8394535384134,1726.561023273336,1710.5877023322782,1706.8127744794713,-35.721569734922696,0.5914629384235915
2011,2010-11-17,True,False,lal,det,103,90,34,25,25,19,0,25,20,18,27,0,away,7.5,202.5,-340.0,280.0,0.0,98.5,1.0,0,False,1402.3483584250337,1674.8988306609103,1370.9656287085863,1706.2815603773577,-272.55047223587667,0.2702646316880007
2011,2010-11-18,True,False,lac,ind,80,107,25,18,16,21,0,22,31,27,27,0,home,8.5,204.5,305.0,-375.0,1.5,100.5,1.0,0,True,1496.3410420518387,1182.6088392176155,1505.7809006674754,1173.1689806019788,313.73220283422324,0.9154160405351158
2011,2010-11-18,True,False,phx,orl,89,105,15,19,25,30,0,31,31,29,14,0,home,10.5,205.0,480.0,-660.0,2.0,100.0,1.0,0,True,1664.732613239978,1626.8471623475486,1702.1312894377077,1589.448486149819,37.88545089242939,0.6886321995988662
2011,2010-11-18,True,False,den,por,83,86,28,17,26,12,0,16,27,26,17,0,home,2.5,204.5,120.0,-140.0,3.0,101.0,1.0,0,True,1584.9742545068848,1584.9891842729774,1606.9304001281944,1563.0330386516678,-0.014929766092564023,0.6400451999443262
2011,2010-11-19,True,False,cle,no,101,108,28,15,25,33,0,26,36,19,27,0,home,9.0,193.5,400.0,-500.0,0.0,96.5,0.0,1,True,1710.5877023322782,1434.0341704997286,1717.948347871456,1426.6735249605508,276.55353183254965,0.897303523443145
2011,2010-11-19,True,False,ny,gs,125,119,31,41,26,27,0,31,28,25,35,0,home,4.0,221.5,155.0,-175.0,6.0,112.0,0.0,1,False,1494.934772105877,1281.8543130239805,1434.3468389939094,1342.4422461359482,213.0804590818966,0.8584209033818749
2011,2010-11-19,True,False,bkn,sac,81,86,19,27,17,18,0,21,22,21,22,0,home,3.0,197.0,130.0,-150.0,3.5,97.5,1.0,0,True,1090.2685286560668,1410.4376300032566,1151.7850911122855,1348.9210675470379,-320.1691013471898,0.21970347237001947
2011,2010-11-19,True,False,chi,dal,88,83,19,20,17,32,0,13,22,24,24,0,home,5.0,193.5,175.0,-210.0,5.0,97.0,0.0,0,False,1706.8127744794713,1615.9294682672746,1652.6080547140587,1670.1341880326872,90.88330621219666,0.7500375637051439
2011,2010-11-19,True,False,cha,mia,87,95,23,14,31,19,0,31,25,19,20,0,home,12.0,189.5,700.0,-1100.0,1.0,93.0,0.0,0,True,1712.2916436444616,1470.4804620504,1721.8397942394597,1460.932311455402,241.8111815940615,0.8773556060562379
2011,2010-11-19,True,False,sa,utah,94,82,24,20,26,24,0,14,26,28,14,0,home,2.0,202.5,115.0,-135.0,1.5,100.0,0.0,0,False,1648.4753061884835,1774.6251964520225,1596.2855631987704,1826.8149394417355,-126.14989026353896,0.46243818383508367
2011,2010-11-19,True,False,mem,wsh,86,89,24,21,23,18,0,25,18,23,23,0,away,3.5,199.0,-160.0,140.0,1.5,98.5,0.0,0,True,1336.122331833053,1382.059385674135,1361.9130077286875,1356.2687097785006,-45.937053841081934,0.5771809066385636
2011,2010-11-19,True,False,mil,phi,79,90,25,18,16,20,0,20,29,23,18,0,away,4.5,188.0,-185.0,165.0,3.5,94.0,0.0,0,True,1267.6148464423995,1535.3395439647206,1346.798287549791,1456.1561028573292,-267.7246975223211,0.2757781618536222
2011,2010-11-19,True,False,okc,bos,89,84,25,24,28,12,0,23,23,23,15,0,home,9.0,197.5,350.0,-450.0,7.5,97.5,0.0,0,False,1720.069165570467,1541.0180514070557,1664.376947585812,1596.7102693917107,179.05111416341128,0.8329036447231418
2011,2010-11-19,True,False,lal,min,112,95,20,31,33,28,0,21,20,30,24,0,away,9.0,215.0,-550.0,450.0,2.0,103.0,1.0,0,False,1286.7597038741367,1706.2815603773577,1269.3197240398526,1723.7215402116417,-419.521856503221,0.13713224846218822
2011,2010-11-19,True,False,hou,tor,96,106,27,16,31,22,0,28,23,24,31,0,away,1.5,210.5,-125.0,105.0,2.5,104.5,0.0,0,True,1345.575011454562,1382.1782026680492,1388.8081349180818,1338.9450792045293,-36.60319121348721,0.5902360712106511
2011,2010-11-20,True,False,cle,sa,92,116,29,28,18,17,0,28,36,25,27,0,home,10.0,201.0,500.0,-700.0,3.5,101.0,1.0,1,True,1826.8149394417355,1426.6735249605508,1832.1962750664752,1421.2921893358111,400.1414144811847,0.9468008024924109
2011,2010-11-20,True,False,bkn,den,103,107,25,29,21,28,0,28,31,24,24,0,home,10.0,206.0,500.0,-700.0,4.5,104.0,0.0,1,True,1563.0330386516678,1348.9210675470379,1571.248892248525,1340.7052139501807,214.1119711046299,0.8591410233162305
2011,2010-11-20,True,False,ny,lac,124,115,28,30,35,31,0,29,24,32,30,0,home,1.5,210.0,105.0,-125.0,2.0,103.5,0.0,1,False,1173.1689806019788,1342.4422461359482,1132.48055591257,1383.130670825357,-169.27326553396938,0.40160814363514263
2011,2010-11-20,True,False,mia,mem,95,97,17,22,29,27,0,26,17,25,29,0,away,5.5,193.0,-240.0,200.0,5.0,94.5,0.0,0,True,1356.2687097785006,1721.8397942394597,1395.9947803514958,1682.1137236664645,-365.5710844609591,0.17817664192531252
2011,2010-11-20,True,False,utah,por,103,94,19,26,20,38,0,24,24,26,20,0,home,3.5,191.0,145.0,-165.0,1.0,99.0,0.0,1,False,1606.9304001281944,1596.2855631987704,1541.363332374463,1661.8526309525018,10.644836929423946,0.6540575426558954
2011,2010-11-20,True,False,orl,ind,90,86,29,20,22,19,0,26,26,14,20,0,away,5.0,197.0,-225.0,185.0,4.0,97.5,0.0,0,False,1505.7809006674754,1702.1312894377077,1479.948258317287,1727.9639317878962,-196.35038877023226,0.3647891623671857
2011,2010-11-20,True,False,phx,cha,105,123,25,26,23,31,0,30,25,34,34,0,home,2.5,198.5,120.0,-140.0,0.5,99.0,1.0,1,True,1460.932311455402,1589.448486149819,1531.0147630751967,1519.3660345300243,-128.51617469441703,0.45905382905578745
2011,2010-11-20,True,False,okc,mil,82,81,26,21,15,20,0,19,18,19,25,0,home,5.5,188.0,190.0,-230.0,5.0,93.0,0.0,0,False,1456.1561028573292,1596.7102693917107,1442.6787812272607,1610.187591021779,-140.55416653438147,0.44190147909466504
2011,2010-11-20,True,False,dal,atl,98,93,28,27,22,21,0,25,18,25,25,0,home,3.0,192.0,130.0,-150.0,4.5,97.0,0.0,0,False,1634.7915046853332,1652.6080547140587,1586.2186762267254,1701.1808831726664,-17.816550028725487,0.6161139028272694
2011,2010-11-21,True,False,bos,tor,101,102,31,27,17,26,0,23,38,21,20,0,away,5.5,195.0,-240.0,200.0,4.5,99.5,0.0,1,True,1388.8081349180818,1664.376947585812,1411.1680430951772,1642.0170394087168,-275.5688126677303,0.2668516217766321
2011,2010-11-21,True,False,no,sac,75,71,14,25,20,16,0,16,23,17,15,0,away,5.0,198.5,-200.0,170.0,3.5,99.0,0.0,0,False,1151.7850911122855,1717.948347871456,1147.2559631694717,1722.4774758142698,-566.1632567591705,0.06395694122637077
2011,2010-11-21,True,False,wsh,det,110,115,17,38,23,24,8,24,28,25,25,13,home,4.0,195.0,150.0,-170.0,4.0,98.0,1.0,1,True,1370.9656287085863,1361.9130077286875,1398.1564175213848,1334.722218915889,9.052620979898848,0.6519807740371295
2011,2010-11-21,True,False,gs,lal,89,117,21,20,19,29,0,37,32,26,22,0,home,10.5,218.5,625.0,-850.0,2.5,107.5,1.0,0,True,1723.7215402116417,1434.3468389939094,1734.763400758157,1423.304978447394,289.3747012177323,0.9039079511094851
2011,2010-11-22,True,False,sac,utah,83,94,22,15,19,27,0,20,29,29,16,0,home,10.5,197.5,550.0,-750.0,2.5,98.0,1.0,0,True,1661.8526309525018,1147.2559631694717,1663.8921482005187,1145.2164459214548,514.5966677830302,0.9717471915714163
2011,2010-11-22,True,False,orl,sa,97,106,30,22,25,20,0,28,25,21,32,0,home,3.5,196.0,145.0,-165.0,2.0,96.0,1.0,1,True,1832.1962750664752,1727.9639317878962,1853.834152252031,1706.3260546023405,104.23234327857904,0.7641658193330079
2011,2010-11-22,True,False,den,gs,106,89,21,30,28,27,0,24,28,19,18,0,away,2.0,219.5,-125.0,105.0,2.5,110.5,1.0,0,False,1423.304978447394,1571.248892248525,1368.436290213461,1626.117580482458,-147.94391380113098,0.4314378032076982
2011,2010-11-22,True,False,no,lac,95,99,37,20,16,22,0,33,22,22,22,0,away,6.0,196.0,-240.0,200.0,3.5,100.0,0.0,0,True,1132.48055591257,1722.4774758142698,1199.3146967158527,1655.6433350109871,-589.9969199016998,0.05621848858282932
2011,2010-11-22,True,False,min,okc,107,117,27,27,27,26,0,28,37,25,27,0,home,9.5,215.5,425.0,-550.0,2.5,106.0,1.0,1,True,1610.187591021779,1269.3197240398526,1615.9511522188327,1263.556162842799,340.86786698192645,0.9267522979974329
2011,2010-11-22,True,False,ind,mia,93,77,19,35,20,19,0,22,19,23,13,0,home,9.0,198.0,405.0,-530.0,9.0,99.5,0.0,0,False,1682.1137236664645,1479.948258317287,1593.9075679893847,1568.1544139943667,202.16546534917757,0.8506113771091883
2011,2010-11-22,True,False,phx,hou,123,116,26,33,31,33,0,25,20,31,40,0,home,2.0,215.5,110.0,-130.0,4.5,108.5,0.0,1,False,1338.9450792045293,1519.3660345300243,1303.601442941138,1554.7096707934156,-180.42095532549502,0.38628855124377226
2011,2010-11-22,True,False,bos,atl,99,76,39,25,21,14,0,13,29,14,20,0,home,2.5,192.5,130.0,-150.0,6.5,94.5,0.0,0,False,1586.2186762267254,1642.0170394087168,1507.4541321322095,1720.7815835032327,-55.79836318199136,0.5632702812586962
2011,2010-11-23,True,False,chi,lal,91,98,26,23,24,18,0,26,25,23,24,0,home,8.0,204.5,325.0,-400.0,4.5,103.0,0.0,0,True,1734.763400758157,1670.1341880326872,1758.771159770149,1646.1264290206952,64.62921272546987,0.7206487561035669
2011,2010-11-23,True,False,cha,ny,107,110,26,23,26,32,0,32,28,29,21,0,home,3.0,204.5,130.0,-150.0,2.5,101.5,2.0,1,True,1383.130670825357,1531.0147630751967,1417.806079171381,1496.3393547291726,-147.8840922498398,0.43152227657262665
2011,2010-11-23,True,False,det,dal,84,88,17,25,19,23,0,24,14,18,32,0,home,9.5,191.5,425.0,-550.0,8.5,93.5,0.0,0,True,1701.1808831726664,1398.1564175213848,1706.0438627886333,1393.293437905418,303.0244656512816,0.910519559109688
2011,2010-11-23,True,False,atl,bkn,101,107,21,22,24,26,8,31,20,19,23,14,away,3.0,190.5,-155.0,135.0,4.0,94.0,0.0,1,True,1340.7052139501807,1507.4541321322095,1391.640131601247,1456.519214481143,-166.74891818202877,0.4051052329631189
2011,2010-11-23,True,False,cle,ind,89,100,16,21,19,33,0,24,38,21,17,0,home,5.0,199.5,175.0,-210.0,3.5,97.0,1.0,0,True,1568.1544139943667,1421.2921893358111,1586.6967036586534,1402.7498996715244,146.86222465855553,0.8055034712684875
2011,2010-11-23,True,False,phi,wsh,114,116,30,22,25,29,8,20,18,35,33,10,home,2.5,196.0,120.0,-140.0,4.5,95.5,0.0,1,True,1334.722218915889,1346.798287549791,1352.9025421465644,1328.6179643191158,-12.076068633901968,0.6238990146064589
2011,2010-11-24,True,False,sa,min,113,109,18,23,30,35,7,33,22,27,24,3,away,7.5,212.0,-350.0,290.0,8.0,105.0,0.0,1,False,1263.556162842799,1853.834152252031,1259.5811103432422,1857.8092047515877,-590.2779894092319,0.05613270419734279
2011,2010-11-24,True,False,det,mem,84,105,21,29,18,16,0,24,23,33,25,0,home,6.5,197.0,240.0,-280.0,6.0,97.5,1.0,0,True,1395.9947803514958,1393.293437905418,1444.3313096373724,1344.9569086195413,2.701342446077888,0.6436396198526758
2011,2010-11-24,True,False,chi,phx,123,115,17,33,22,29,22,36,26,22,17,14,home,2.5,210.0,120.0,-140.0,2.5,104.5,0.0,1,False,1554.7096707934156,1646.1264290206952,1505.1767809244334,1695.6593188896775,-91.41675822727962,0.5123497655333482
2011,2010-11-24,True,False,gs,hou,101,111,23,28,27,23,0,36,23,23,29,0,home,5.5,216.5,200.0,-240.0,0.5,110.5,1.0,0,True,1303.601442941138,1368.436290213461,1351.033913703019,1321.00381945158,-64.83484727232303,0.5504346201593668
2011,2010-11-24,True,False,mil,cle,81,83,22,22,24,13,0,19,15,31,18,0,away,1.5,186.0,-125.0,105.0,2.0,90.5,0.0,0,True,1402.7498996715244,1442.6787812272607,1422.7816519159528,1422.6470289828324,-39.928881555736325,0.585598030205708
2011,2010-11-24,True,False,no,utah,87,105,30,21,21,15,0,31,30,19,25,0,home,4.0,193.0,155.0,-175.0,1.0,96.5,1.0,0,True,1663.8921482005187,1655.6433350109871,1708.7460125033049,1610.789470708201,8.248813189531575,0.6509301419153445
2011,2010-11-24,True,False,phi,tor,90,106,18,25,28,19,0,33,29,25,19,0,home,5.5,205.5,200.0,-240.0,2.5,102.0,1.0,0,True,1411.1680430951772,1328.6179643191158,1441.0005578898003,1298.7854495244926,82.55007877606135,0.7409366927296102
2011,2010-11-24,True,False,ny,cha,99,95,24,27,30,18,0,25,23,23,24,0,home,5.0,205.5,200.0,-240.0,5.0,102.0,0.0,0,False,1496.3393547291726,1417.806079171381,1447.983331870378,1466.1621020301757,78.53327555779151,0.7364736601506275
2011,2010-11-24,True,False,mia,orl,95,104,18,25,28,24,0,26,25,23,30,0,home,4.0,189.0,160.0,-180.0,0.5,94.0,1.0,1,True,1706.3260546023405,1593.9075679893847,1727.0409055539433,1573.192717037782,112.4184866129558,0.7725522499185375
2011,2010-11-24,True,False,bkn,bos,83,89,17,29,17,20,0,18,20,23,28,0,home,10.5,189.5,600.0,-800.0,10.0,94.0,0.0,0,True,1720.7815835032327,1391.640131601247,1725.8038354385342,1386.6178796659456,329.14145190198565,0.9220359775844267
2011,2010-11-24,True,False,dal,okc,111,103,24,31,20,36,0,27,29,25,22,0,home,4.0,198.0,160.0,-180.0,2.5,96.5,0.0,1,False,1615.9511522188327,1706.0438627886333,1566.234177334088,1755.760837673378,-90.0927105698006,0.5142538723785898
2011,2010-11-25,True,False,wsh,atl,96,116,18,18,27,33,0,28,25,36,27,0,home,7.0,196.5,260.0,-320.0,0.5,98.5,1.0,1,True,1456.519214481143,1352.9025421465644,1485.2227932196288,1324.1989634080787,103.61667233457865,0.7635265188290943
2011,2010-11-25,True,False,sac,lac,82,100,25,25,19,13,0,30,24,30,16,0,home,2.5,193.5,120.0,-140.0,0.5,96.0,1.0,0,True,1199.3146967158527,1145.2164459214548,1235.1685216073693,1109.3626210299383,54.09825079439793,0.7082832604889318
2011,2010-11-26,True,False,dal,sa,103,94,27,22,22,32,0,29,22,22,21,0,home,4.5,196.5,170.0,-200.0,2.0,96.0,0.0,1,False,1857.8092047515877,1755.760837673378,1787.7667306301712,1825.8033117947946,102.0483670782096,0.7618926229962478
2011,2010-11-26,True,False,gs,mem,111,116,24,29,29,29,0,30,33,24,29,0,home,7.0,210.5,245.0,-290.0,1.0,105.5,0.0,1,True,1444.3313096373724,1321.00381945158,1459.5329150540435,1305.802214034909,123.32749018579239,0.7833975035461439
2011,2010-11-26,True,False,lac,phx,108,116,21,30,30,27,0,42,25,31,18,0,home,9.5,216.0,400.0,-500.0,1.0,107.5,0.0,1,True,1505.1767809244334,1235.1685216073693,1513.262714544344,1227.0825879874587,270.00825931706413,0.8937791940351802
2011,2010-11-26,True,False,lal,utah,96,102,33,17,22,24,0,17,29,29,27,0,away,1.0,202.5,-115.0,-105.0,1.0,101.0,0.0,0,True,1708.7460125033049,1758.771159770149,1745.4403956513975,1722.0767766220565,-50.025147266844215,0.5714276664980621
2011,2010-11-26,True,False,chi,den,97,98,20,18,35,24,0,25,23,28,22,0,home,5.5,203.0,200.0,-240.0,0.5,100.0,0.0,0,True,1626.117580482458,1695.6593188896775,1640.033394099002,1681.7435052731335,-69.54173840721955,0.5437210160335653
2011,2010-11-26,True,False,no,por,97,78,26,28,21,22,0,33,15,17,13,0,home,4.0,189.0,155.0,-175.0,4.0,94.0,0.0,0,False,1541.363332374463,1610.789470708201,1469.6724979438968,1682.480305138767,-69.42613833373798,0.543886101082146
2011,2010-11-26,True,False,tor,bos,101,110,20,32,15,34,0,31,27,28,24,0,home,9.0,197.0,425.0,-550.0,3.0,98.0,2.0,1,True,1725.8038354385342,1441.0005578898003,1733.563382910213,1433.2410104181215,284.80327754873383,0.9015978324235965
2011,2010-11-26,True,False,phi,mia,90,99,17,30,24,19,0,25,26,22,26,0,home,11.0,196.0,600.0,-800.0,6.0,96.5,0.0,0,True,1573.192717037782,1298.7854495244926,1581.4479100378364,1290.530256524438,274.4072675132893,0.8961594199453508
2011,2010-11-26,True,False,mil,det,89,103,18,25,21,25,0,29,26,20,28,0,away,1.0,182.5,-115.0,-105.0,3.5,89.5,0.0,1,True,1344.9569086195413,1422.6470289828324,1400.713638133544,1366.8902994688297,-77.69012036329104,0.5320624419998747
2011,2010-11-26,True,False,cle,orl,100,111,22,27,25,26,0,32,30,23,26,0,home,10.5,191.5,550.0,-750.0,2.0,94.0,1.0,1,True,1727.0409055539433,1422.7816519159528,1734.4936341290424,1415.3289233408536,304.25925363799047,0.911096987653306
2011,2010-11-26,True,False,okc,ind,110,106,23,21,27,25,14,20,32,24,20,10,home,2.0,206.0,110.0,-130.0,2.0,100.5,0.0,1,False,1586.6967036586534,1566.234177334088,1540.4287079660248,1612.5021730267165,20.462526324565488,0.6667312997304118
2011,2010-11-26,True,False,hou,cha,89,99,26,26,16,21,0,22,23,27,27,0,home,4.0,197.5,155.0,-175.0,4.0,98.5,1.0,0,True,1447.983331870378,1351.033913703019,1471.401189069037,1327.61605650436,96.949418167359,0.7565269661102635
2011,2010-11-27,True,False,bkn,phi,86,102,24,24,18,20,0,27,19,20,36,0,home,1.0,190.5,100.0,-120.0,0.5,93.5,1.0,0,True,1290.530256524438,1386.6178796659456,1352.1590909109696,1324.989045279414,-96.08762314150749,0.5056301249233314
2011,2010-11-27,True,False,atl,ny,99,90,32,24,19,24,0,22,16,28,24,0,home,1.0,209.5,100.0,-120.0,5.0,102.5,0.0,0,False,1466.1621020301757,1485.2227932196288,1403.9130535844413,1547.4718416653632,-19.06069118945311,0.6144185964479699
2011,2010-11-27,True,False,mem,cle,86,92,32,19,16,19,0,22,23,30,17,0,away,1.0,198.5,-120.0,100.0,1.5,97.5,0.0,0,True,1415.3289233408536,1459.5329150540435,1451.3224211399686,1423.5394172549286,-44.20399171318991,0.5796136623851268
2011,2010-11-27,True,False,orl,wsh,100,99,30,25,19,26,0,20,23,29,27,0,away,7.0,195.0,-300.0,240.0,0.0,96.5,0.0,1,False,1324.1989634080787,1734.4936341290424,1319.821234048939,1738.8713634881822,-410.2946707209637,0.14353928265420207
2011,2010-11-27,True,False,gs,min,104,94,28,20,36,20,0,26,25,17,26,0,home,2.5,220.0,115.0,-135.0,1.0,109.5,0.0,0,False,1259.5811103432422,1305.802214034909,1198.7263651806313,1366.6569591975199,-46.22110369166671,0.5767818160153799
2011,2010-11-27,True,False,cha,mil,101,104,16,37,19,29,0,29,31,22,22,0,home,2.5,181.0,135.0,-160.0,1.0,92.0,1.0,1,True,1366.8902994688297,1471.401189069037,1397.7847265881323,1440.5067619497343,-104.51088960020729,0.49350867277132277
2011,2010-11-27,True,False,chi,sac,96,85,21,23,25,27,0,28,29,19,9,0,away,3.0,190.5,-170.0,145.0,5.0,95.0,1.0,0,False,1109.3626210299383,1681.7435052731335,1102.6004828467348,1688.5056434563369,-572.3808842431952,0.0618473771327706
2011,2010-11-27,True,False,mia,dal,95,103,26,23,17,29,0,26,25,31,21,0,home,2.0,188.5,110.0,-130.0,1.0,94.5,1.0,1,True,1825.8033117947946,1581.4479100378364,1835.210177214555,1572.041044618076,244.35540175695814,0.8789228349976919
2011,2010-11-28,True,False,atl,tor,96,78,27,25,25,19,0,23,23,11,21,0,away,1.0,205.0,-120.0,100.0,1.0,102.5,1.0,0,False,1433.2410104181215,1547.4718416653632,1371.115138635822,1609.5977134476627,-114.23083124724167,0.4795316328191047
2011,2010-11-28,True,False,utah,lac,109,97,30,22,27,30,0,32,28,14,23,0,away,6.5,197.5,-300.0,240.0,6.0,102.5,1.0,1,False,1227.0825879874587,1745.4403956513975,1217.7667534373838,1754.7562302014724,-518.3578076639387,0.0825449094680135
2011,2010-11-28,True,False,ind,lal,95,92,23,28,26,18,0,26,19,24,23,0,home,8.5,204.5,470.0,-670.0,10.0,101.5,0.0,0,False,1722.0767766220565,1540.4287079660248,1678.9752285641089,1583.5302560239725,181.64806865603168,0.8349738706814623
2011,2010-11-28,True,False,phx,den,133,138,18,39,32,44,0,31,37,37,33,0,home,5.0,221.0,170.0,-200.0,1.5,110.0,2.0,1,True,1640.033394099002,1513.262714544344,1654.9545483168251,1498.3415603265207,126.77067955465805,0.7867418823064382
2011,2010-11-28,True,False,okc,hou,98,99,25,17,29,27,0,33,17,27,22,0,away,3.0,210.0,-140.0,120.0,4.0,105.0,0.0,0,True,1327.61605650436,1612.5021730267165,1350.2919638211533,1589.826265709923,-284.8861165223566,0.25649047650919066
2011,2010-11-28,True,False,por,bkn,96,98,26,26,26,18,0,23,21,29,25,0,away,4.0,186.0,-215.0,175.0,0.0,92.5,0.0,1,True,1324.989045279414,1469.6724979438968,1352.2499091712587,1442.4116340520522,-144.68345266448273,0.4360475530433606
2011,2010-11-28,True,False,sa,no,109,95,26,18,28,37,0,34,27,16,18,0,home,0.0,194.0,-105.0,-115.0,5.0,98.5,0.0,1,False,1682.480305138767,1787.7667306301712,1623.8096295142473,1846.437406254691,-105.28642549140409,0.4923928092134681
2011,2010-11-28,True,False,ny,det,125,116,28,25,22,24,26,25,30,23,21,17,home,1.5,206.5,105.0,-125.0,0.0,102.0,0.0,1,False,1400.713638133544,1403.9130535844413,1336.2972317762676,1468.3294599417177,-3.199415450897277,0.6358111323864248
2011,2010-11-29,True,False,no,okc,89,95,19,29,22,19,0,23,27,18,27,0,home,3.5,200.5,135.0,-160.0,2.0,96.0,1.0,0,True,1589.826265709923,1623.8096295142473,1624.5984089162516,1589.0374863079187,-33.9833638043242,0.5938784828550946
2011,2010-11-29,True,False,wsh,mia,94,105,21,23,25,25,0,24,28,28,25,0,home,13.0,196.5,805.0,-1405.0,5.0,98.0,0.0,1,True,1572.041044618076,1319.821234048939,1582.1992522527617,1309.6630264142534,252.21981056913705,0.8836584351339245
2011,2010-11-29,True,False,mil,utah,88,109,26,26,21,15,0,30,30,20,29,0,home,9.5,187.0,450.0,-600.0,3.0,92.0,1.0,1,True,1754.7562302014724,1397.7847265881323,1761.49138117439,1391.0495756152147,356.97150361334,0.9328013704063648
2011,2010-11-29,True,False,hou,dal,91,101,26,19,26,20,0,25,27,31,18,0,home,8.5,198.5,420.0,-545.0,3.0,97.5,1.0,0,True,1835.210177214555,1350.2919638211533,1837.57913950541,1347.9230015302983,484.91821339340163,0.96665906354288
2011,2010-11-30,True,False,sa,gs,118,98,30,28,33,27,0,26,22,25,25,0,away,4.0,215.0,-190.0,160.0,0.5,105.0,1.0,1,False,1366.6569591975199,1846.437406254691,1353.1274599627109,1859.9669054895,-479.78044705717116,0.10099732396876641
2011,2010-11-30,True,False,ind,sac,107,98,22,30,28,27,0,23,29,17,29,0,away,4.0,192.5,-190.0,160.0,3.0,93.0,1.0,1,False,1102.6004828467348,1583.5302560239725,1092.4287662272752,1593.701972643432,-480.9297731772376,0.10039819089352148
2011,2010-11-30,True,False,lal,mem,96,98,27,22,16,31,0,27,24,19,28,0,away,5.5,204.0,-270.0,220.0,5.0,101.0,0.0,0,True,1423.5394172549286,1678.9752285641089,1457.8538577370077,1644.6607880820297,-255.43581130918028,0.2901284143968127
2011,2010-11-30,True,False,det,orl,79,90,23,22,16,18,0,18,25,21,26,0,home,11.5,192.0,625.0,-875.0,8.5,94.0,0.0,0,True,1738.8713634881822,1336.2972317762676,1742.963796964879,1332.2047982995707,402.57413171191456,0.94750176548468
2011,2010-11-30,True,False,por,phi,79,88,29,17,22,11,0,29,18,19,22,0,away,3.0,192.0,-180.0,150.0,2.5,94.5,0.0,0,True,1352.1590909109696,1442.4116340520522,1401.3951350833884,1393.1755898796334,-90.2525431410827,0.5140240387539482
2011,2010-11-30,True,False,bos,cle,106,87,21,35,24,26,0,23,22,20,22,0,away,7.0,192.0,-350.0,270.0,1.0,92.5,1.0,1,False,1451.3224211399686,1733.563382910213,1417.1296705436848,1767.7561335064968,-282.24096177024444,0.2594050125765859
2011,2010-11-30,True,False,bkn,ny,100,111,28,30,15,27,0,30,25,33,23,0,home,4.5,205.0,170.0,-200.0,5.0,100.5,1.0,1,True,1468.3294599417177,1352.2499091712587,1490.2505152927486,1330.3288538202278,116.07955077045904,0.7762341256024076
2011,2010-12-01,True,False,sa,lac,85,90,24,16,28,17,0,25,23,25,17,0,away,7.0,203.5,-320.0,260.0,7.0,99.5,0.0,0,True,1217.7667534373838,1859.9669054895,1293.2738396123257,1784.4598193145582,-642.2001520521162,0.042243018769187096
2011,2010-12-01,True,False,min,dal,86,100,20,23,21,22,0,29,26,28,17,0,home,10.0,205.0,500.0,-700.0,2.0,100.5,1.0,0,True,1837.57913950541,1198.7263651806313,1838.5984483265322,1197.7070563595091,638.8527743247787,0.9859803769792642
2011,2010-12-01,True,False,ind,utah,88,110,17,29,22,20,0,35,19,31,25,0,home,7.5,198.0,310.0,-380.0,2.0,98.5,1.0,2,True,1761.49138117439,1593.701972643432,1782.321035890772,1572.87231792705,167.78940853095787,0.8236855436060556
2011,2010-12-01,True,False,lal,hou,99,109,26,30,22,21,0,23,30,23,33,0,away,5.5,205.0,-250.0,210.0,3.0,103.0,0.0,1,True,1347.9230015302983,1644.6607880820297,1427.718506065156,1564.865283547172,-296.73778655173146,0.24369749815736438
2011,2010-12-01,True,False,cha,no,73,89,24,18,20,11,0,28,15,22,24,0,home,8.5,186.0,325.0,-400.0,6.0,92.5,1.0,0,True,1589.0374863079187,1440.5067619497343,1609.9852711395279,1419.558977118125,148.53072435818444,0.8070037961343836
2011,2010-12-01,True,False,mil,den,94,105,22,28,21,23,0,19,26,31,29,0,home,8.5,199.0,350.0,-450.0,8.0,98.0,1.0,2,True,1654.9545483168251,1391.0495756152147,1664.4358882697218,1381.568235662318,263.9049727016104,0.8903972663468906
2011,2010-12-01,True,False,por,bos,95,99,26,23,23,23,0,20,28,31,20,0,home,7.0,187.0,250.0,-300.0,5.0,92.5,0.0,1,True,1767.7561335064968,1393.1755898796334,1770.9047295460657,1390.0269938400645,374.58054362686335,0.9388832525954488
2011,2010-12-01,True,False,det,mia,72,97,18,24,9,21,0,29,25,19,24,0,home,11.0,191.0,750.0,-1100.0,2.5,94.5,1.0,0,True,1582.1992522527617,1332.2047982995707,1595.6937244302637,1318.7103261220686,249.99445395319094,0.8823349825716271
2011,2010-12-01,True,False,wsh,tor,108,127,25,27,29,27,0,34,38,29,26,0,home,4.5,208.5,170.0,-200.0,3.5,104.0,1.0,1,True,1371.115138635822,1309.6630264142534,1406.264314877429,1274.5138501726465,61.45211222156854,0.7169521357412398
2011,2010-12-01,True,False,orl,chi,107,78,28,33,24,22,0,22,15,25,16,0,home,2.0,192.0,110.0,-130.0,6.5,93.0,0.0,0,False,1688.5056434563369,1742.963796964879,1603.9268577487485,1827.5425826724675,-54.45815350854218,0.5651671790887128
2011,2010-12-01,True,False,mem,atl,109,112,29,28,19,33,0,27,36,23,26,0,home,5.5,196.0,190.0,-230.0,1.5,98.0,0.0,1,True,1609.5977134476627,1457.8538577370077,1619.6671911903863,1447.784379994284,151.743855710655,0.8098682186373922
2011,2010-12-01,True,False,okc,bkn,123,120,16,28,27,22,30,22,27,13,31,27,away,5.0,192.0,-230.0,190.0,4.0,94.5,0.0,1,False,1330.3288538202278,1624.5984089162516,1315.3037345263044,1639.623528210175,-294.26955509602385,0.24632573970577465
2011,2010-12-02,True,False,mia,cle,118,90,31,28,36,23,0,23,17,25,25,0,away,6.0,191.0,-240.0,200.0,3.0,93.0,1.0,1,False,1417.1296705436848,1595.6937244302637,1359.5208606741855,1653.302534299763,-178.5640538865789,0.38882569263389327
2011,2010-12-02,True,False,phx,gs,107,101,31,21,23,32,0,20,29,23,29,0,home,2.5,227.5,115.0,-135.0,3.0,114.0,0.0,0,False,1353.1274599627109,1498.3415603265207,1315.8573507810563,1535.6116695081753,-145.21410036380985,0.43529653019072495
2011,2010-12-03,True,False,por,wsh,79,83,24,22,10,23,0,18,16,23,26,0,away,4.0,193.5,-175.0,155.0,2.0,96.5,0.0,0,True,1274.5138501726465,1390.0269938400645,1311.5014000630308,1353.0394439496802,-115.51314366741803,0.4776896161213117
2011,2010-12-03,True,False,dal,utah,93,81,23,16,27,27,0,20,23,19,19,0,home,4.0,193.0,155.0,-175.0,1.0,95.5,0.0,0,False,1782.321035890772,1838.5984483265322,1718.828179496502,1902.0913047208023,-56.2774124357602,0.5625917951589726
2011,2010-12-03,True,False,sac,lal,80,113,16,19,17,28,0,21,31,30,31,0,home,12.5,201.0,900.0,-1400.0,2.0,96.0,1.0,0,True,1564.865283547172,1092.4287662272752,1568.6309991125693,1088.663050661878,472.4365173198969,0.9642641015391936
2011,2010-12-03,True,False,min,sa,101,107,25,29,32,15,0,25,28,18,36,0,home,12.0,210.0,800.0,-1200.0,8.0,102.5,0.0,0,True,1784.4598193145582,1197.7070563595091,1785.4759002979306,1196.6909753761367,586.7527629550491,0.9811694880748294
2011,2010-12-03,True,False,chi,bos,92,104,19,29,19,25,0,31,22,29,22,0,home,5.5,190.5,185.0,-225.0,1.5,94.5,1.0,1,True,1770.9047295460657,1603.9268577487485,1788.0217122363324,1586.8098750584818,166.97787179731722,0.8230060745876968
2011,2010-12-03,True,False,orl,det,104,91,24,30,24,26,0,26,29,18,18,0,away,4.0,184.5,-175.0,155.0,3.0,92.0,1.0,1,False,1318.7103261220686,1827.5425826724675,1308.6319687522303,1837.6209400423058,-508.8322565503988,0.08679371001789919
2011,2010-12-03,True,False,lac,den,104,109,29,19,29,27,0,25,24,32,28,0,home,9.0,213.0,425.0,-550.0,5.5,104.0,0.0,2,True,1664.4358882697218,1293.2738396123257,1668.0153926654373,1289.6943352166102,371.1620486573961,0.9377442743660201
2011,2010-12-03,True,False,phi,atl,88,93,26,28,20,14,0,18,28,23,24,0,home,5.5,192.5,200.0,-240.0,5.0,95.0,0.0,0,True,1619.6671911903863,1401.3951350833884,1628.5965936545722,1392.4657326192025,218.27205610699798,0.8620142317867572
2011,2010-12-03,True,False,okc,tor,99,111,25,34,18,22,0,28,24,34,25,0,away,1.0,209.0,-120.0,100.0,1.0,101.5,0.0,1,True,1406.264314877429,1639.623528210175,1483.3482317244939,1562.53961136311,-233.3592133327461,0.3169817579542873
2011,2010-12-03,True,False,ny,no,100,92,21,34,24,21,0,26,27,20,19,0,home,5.0,204.0,180.0,-220.0,4.5,101.5,0.0,0,False,1609.9852711395279,1490.2505152927486,1542.6515153546545,1557.584271077622,119.73475584677931,0.7798675922561443
2011,2010-12-03,True,False,hou,mem,127,111,38,31,29,29,0,31,29,30,21,0,home,4.5,205.0,170.0,-200.0,4.5,101.0,0.0,1,False,1447.784379994284,1427.718506065156,1366.3657390286826,1509.1371470307574,20.065873929128202,0.6662237526560166
2011,2010-12-03,True,False,ind,phx,97,105,28,31,17,21,0,20,32,22,31,0,home,1.0,216.0,100.0,-120.0,2.5,106.5,1.0,0,True,1535.6116695081753,1572.87231792705,1575.315301321063,1533.1686861141623,-37.26064841887478,0.5893204191404579
2011,2010-12-03,True,False,bkn,cha,84,91,16,16,16,31,5,18,15,27,19,12,home,6.5,184.5,240.0,-280.0,3.5,90.5,1.0,0,True,1419.558977118125,1315.3037345263044,1439.0975538349282,1295.7651578095013,104.25524259182066,0.7641895744618235
2011,2010-12-04,True,False,hou,chi,116,119,23,21,35,30,7,25,31,25,28,10,home,7.0,202.0,250.0,-300.0,0.0,99.5,0.0,1,True,1586.8098750584818,1509.1371470307574,1601.7801115862314,1494.1669105030078,77.67272802772436,0.7355111175495164
2011,2010-12-04,True,False,dal,sac,105,103,28,26,26,25,0,37,18,25,23,0,away,7.5,186.5,-355.0,295.0,6.0,93.0,0.0,1,False,1088.663050661878,1902.0913047208023,1087.880276992494,1902.8740783901865,-813.4282540589243,0.016193438623730537
2011,2010-12-04,True,False,orl,mil,85,96,16,26,20,23,0,24,25,20,27,0,home,4.5,184.0,165.0,-195.0,0.5,90.0,1.0,0,True,1381.568235662318,1837.6209400423058,1478.429735118221,1740.759440586403,-456.05270437998774,0.1140923885029255
2011,2010-12-04,True,False,atl,mia,77,89,15,21,25,16,0,26,24,13,26,0,home,8.5,192.5,365.0,-465.0,0.0,93.5,1.0,0,True,1653.302534299763,1628.5965936545722,1689.4123266323068,1592.4868013220284,24.70594064519082,0.6721367243746436
2011,2010-12-04,True,False,cle,min,95,129,24,30,17,24,0,37,36,29,27,0,home,1.0,205.0,100.0,-120.0,3.5,99.5,1.0,1,True,1196.6909753761367,1359.5208606741855,1288.901230976432,1267.3106050738902,-162.8298852980488,0.4105534560794846
2011,2010-12-04,True,False,cha,phi,91,109,16,29,22,24,0,32,24,29,24,0,home,3.5,186.5,140.0,-160.0,2.0,93.0,1.0,1,True,1392.4657326192025,1439.0975538349282,1447.3706817939972,1384.1926046601336,-46.63182121572572,0.5762045799550363
2011,2010-12-05,True,False,bos,bkn,100,75,27,30,23,20,0,25,12,16,22,0,away,5.5,184.5,-245.0,205.0,2.5,90.0,1.0,0,False,1295.7651578095013,1788.0217122363324,1282.1949472651515,1801.5919227806821,-492.25655442683114,0.09466075434193157
2011,2010-12-05,True,False,ny,tor,116,99,33,27,22,34,0,18,32,25,24,0,home,2.0,218.5,110.0,-130.0,3.0,106.5,0.0,0,False,1483.3482317244939,1557.584271077622,1415.053318717753,1625.8791840843628,-74.23603935312804,0.5370095073580928
2011,2010-12-05,True,False,cle,det,92,102,24,22,21,25,0,19,32,27,24,0,home,4.5,192.5,170.0,-200.0,0.5,94.5,1.0,1,True,1308.6319687522303,1267.3106050738902,1339.7518863998043,1236.1906874263163,41.32136367834005,0.692857206807192
2011,2010-12-05,True,False,no,sa,84,109,23,18,18,25,0,34,34,22,19,0,home,6.5,194.0,245.0,-290.0,3.5,94.5,1.0,0,True,1785.4759002979306,1542.6515153546545,1799.5503498198748,1528.5770658327103,242.82438494327607,0.8779818155506401
2011,2010-12-05,True,False,gs,okc,109,114,17,25,28,39,0,32,22,36,24,0,home,7.0,216.5,250.0,-300.0,0.5,105.0,0.0,1,True,1562.53961136311,1315.8573507810563,1570.106579290538,1308.2903828536282,246.6822605820537,0.8803410222854815
2011,2010-12-05,True,False,mem,den,107,108,16,31,30,30,0,33,29,14,32,0,home,6.5,214.5,235.0,-275.0,1.5,104.5,0.0,1,True,1668.0153926654373,1366.3657390286826,1670.1271330154796,1364.2539986786403,301.6496536367547,0.9098726736315323
2011,2010-12-05,True,False,wsh,phx,108,125,31,30,17,30,0,28,36,31,30,0,home,8.0,215.0,305.0,-375.0,4.0,109.5,1.0,1,True,1575.315301321063,1311.5014000630308,1586.3496666419655,1300.4670347421284,263.8139012580323,0.8903460943922225
2011,2010-12-05,True,False,lac,por,91,100,15,22,27,27,0,30,29,17,24,0,home,7.0,191.0,245.0,-290.0,2.0,93.5,1.0,2,True,1353.0394439496802,1289.6943352166102,1379.7975774207293,1262.936201745561,63.34510873306999,0.7191582385949233
2011,2010-12-06,True,False,sac,lac,91,98,20,24,19,28,0,16,34,29,19,0,home,5.0,198.0,175.0,-210.0,1.5,98.0,1.0,0,True,1262.936201745561,1087.880276992494,1276.1982555649931,1074.6182231730618,175.05592475306707,0.8296783207221456
2011,2010-12-06,True,False,mem,utah,85,94,16,24,25,20,0,20,21,29,24,0,home,10.0,202.5,450.0,-600.0,6.5,100.0,0.0,0,True,1718.828179496502,1364.2539986786403,1723.9193067291678,1359.1628714459744,354.5741808178616,0.9319311554177336
2011,2010-12-06,True,False,mia,mil,88,78,25,21,23,19,0,21,14,24,19,0,away,5.0,184.0,-230.0,190.0,1.0,92.0,1.0,0,False,1478.429735118221,1689.4123266323068,1441.976649887298,1725.8654118632298,-210.9825915140857,0.3455026661055383
2011,2010-12-06,True,False,tor,ind,100,124,18,26,23,33,0,31,37,21,35,0,home,8.0,207.5,270.0,-330.0,2.5,100.0,1.0,1,True,1533.1686861141623,1415.053318717753,1561.255876191231,1386.9661286406842,118.11536739640928,0.7782630803083356
2011,2010-12-06,True,False,atl,orl,80,74,19,17,18,26,0,19,15,19,21,0,home,7.0,187.5,240.0,-280.0,6.0,91.0,0.0,0,False,1740.759440586403,1592.4868013220284,1680.6030982242055,1652.6431436842258,148.27263926437445,0.8067723014561672
2011,2010-12-06,True,False,min,ny,114,121,36,32,18,28,0,32,29,31,29,0,home,6.5,221.5,250.0,-300.0,6.0,109.0,1.0,1,True,1625.8791840843628,1288.901230976432,1630.9968764835703,1283.7835385772246,336.9779531079307,0.925217663106085
2011,2010-12-06,True,False,okc,chi,90,99,22,26,18,24,0,24,29,29,17,0,home,4.5,204.0,170.0,-200.0,1.5,99.0,1.0,0,True,1601.7801115862314,1570.106579290538,1633.1154429267256,1538.771247950044,31.67353229569335,0.6809136582650497
2011,2010-12-07,True,False,det,hou,83,97,24,21,21,17,0,29,25,21,22,0,home,7.0,201.0,250.0,-300.0,1.5,99.5,1.0,0,True,1494.1669105030078,1339.7518863998043,1513.5483494652376,1320.3704474375745,154.41502410320345,0.81222464113554
2011,2010-12-07,True,False,bkn,atl,101,116,26,21,24,30,0,27,33,23,33,0,home,6.0,185.5,230.0,-270.0,1.0,92.5,1.0,1,True,1652.6431436842258,1282.1949472651515,1658.2063878032277,1276.6317031461497,370.4481964190743,0.9375039437793139
2011,2010-12-07,True,False,cle,phi,97,117,26,28,20,23,0,35,31,23,28,0,home,7.0,197.0,250.0,-300.0,0.0,96.0,1.0,1,True,1447.3706817939972,1236.1906874263163,1463.1772515947782,1220.3841176255353,211.17999436768082,0.8570861013964745
2011,2010-12-07,True,False,wsh,lal,108,115,23,33,28,24,0,36,33,18,28,0,home,13.5,209.0,1250.0,-2200.0,3.5,106.0,0.0,1,True,1568.6309991125693,1300.4670347421284,1576.367636236052,1292.7303976186456,268.1639643704409,0.8927670525436371
2011,2010-12-07,True,False,gs,dal,100,105,26,22,24,28,0,27,23,21,34,0,home,8.5,205.0,350.0,-450.0,5.0,102.0,0.0,2,True,1902.8740783901865,1308.2903828536282,1903.7647763884381,1307.3996848553766,594.5836955365583,0.9819845377222847
2011,2010-12-07,True,False,den,cha,98,100,16,31,29,22,0,21,31,24,24,0,away,1.5,203.0,-125.0,105.0,2.0,101.0,0.0,0,True,1384.1926046601336,1670.1271330154796,1420.1886199039388,1634.1311177716743,-285.93452835534595,0.25534124824615567
2011,2010-12-07,True,False,phx,por,99,106,23,24,28,24,0,29,22,18,37,0,home,2.5,203.5,125.0,-145.0,0.5,101.0,1.0,1,True,1379.7975774207293,1586.3496666419655,1439.1513564024854,1526.9958876602095,-206.5520892212362,0.3512924045833411
2011,2010-12-08,True,False,lal,lac,87,86,20,21,24,22,0,18,25,28,15,0,away,8.0,204.5,-380.0,310.0,6.5,100.5,0.0,0,False,1276.1982555649931,1576.367636236052,1268.8763295588349,1583.6895622422103,-300.1693806710589,0.240075144064556
2011,2010-12-08,True,False,okc,min,111,103,22,31,31,27,0,40,24,22,17,0,away,5.0,216.5,-230.0,190.0,5.0,107.0,1.0,0,False,1283.7835385772246,1538.771247950044,1255.683149793439,1566.8716367338295,-254.98770937281938,0.29065995630075575
2011,2010-12-08,True,False,den,bos,89,105,21,31,17,20,0,35,24,21,25,0,home,9.0,204.5,350.0,-450.0,3.0,101.0,1.0,0,True,1801.5919227806821,1634.1311177716743,1820.448120379868,1615.2749201724885,167.4608050090078,0.823410663607476
2011,2010-12-08,True,False,wsh,sac,91,116,27,18,25,21,0,26,33,33,24,0,home,4.5,203.0,165.0,-185.0,1.5,100.5,1.0,1,True,1074.6182231730618,1292.7303976186456,1169.766379199289,1197.5822415924183,-218.11217444558383,0.3362817625967753
2011,2010-12-08,True,False,mem,phx,104,98,25,28,25,14,12,22,19,23,28,6,home,4.0,218.5,155.0,-175.0,5.5,107.0,0.0,0,False,1526.9958876602095,1359.1628714459744,1466.6044492285819,1419.554309877602,167.83301621423516,0.8237219965652655
2011,2010-12-08,True,False,mia,utah,111,98,28,28,21,34,0,27,23,28,20,0,home,1.0,191.0,100.0,-120.0,1.5,96.5,0.0,1,False,1723.9193067291678,1725.8654118632298,1649.8960620741686,1799.888656518229,-1.9461051340620088,0.637480076901954
2011,2010-12-08,True,False,gs,sa,94,111,19,28,27,20,0,29,28,29,25,0,home,10.0,213.0,500.0,-700.0,3.0,105.0,1.0,0,True,1799.5503498198748,1307.3996848553766,1802.2798381156738,1304.6701965595776,492.1506649644982,0.9679751184847755
2011,2010-12-08,True,False,chi,cle,88,83,21,20,19,28,0,15,20,33,15,0,away,7.5,196.5,-340.0,280.0,3.0,96.0,0.0,0,False,1220.3841176255353,1633.1154429267256,1209.2031169325642,1644.2964436196967,-412.7313253011903,0.14182352959600183
2011,2010-12-08,True,False,ind,mil,95,97,27,21,31,16,0,33,23,22,19,0,home,2.0,189.0,110.0,-130.0,1.5,93.0,2.0,1,True,1441.976649887298,1561.255876191231,1467.4859110770053,1535.7466150015237,-119.279226303933,0.47228340506497324
2011,2010-12-08,True,False,det,no,74,93,15,19,23,17,0,22,22,29,20,0,home,10.0,188.0,450.0,-600.0,2.5,93.0,1.0,0,True,1528.5770658327103,1320.3704474375745,1544.3987315671707,1304.5487817031142,208.20661839513582,0.8549767142292644
2011,2010-12-08,True,False,tor,ny,110,113,32,25,27,26,0,28,31,25,29,0,home,7.0,220.5,250.0,-300.0,4.0,108.0,0.0,1,True,1630.9968764835703,1386.9661286406842,1636.9432549301032,1381.0197501941514,244.03074784288606,0.8787238149338135
2011,2010-12-09,True,False,bkn,dal,89,102,19,21,29,20,0,30,25,24,23,0,home,9.5,190.0,500.0,-700.0,1.5,93.5,1.0,1,True,1903.7647763884381,1276.6317031461497,1904.834051079611,1275.5624284549767,627.1330732422884,0.9850165832557627
2011,2010-12-09,True,False,bos,phi,102,101,29,27,25,21,0,32,23,25,21,0,away,5.5,189.0,-220.0,180.0,3.0,92.5,0.0,1,False,1463.1772515947782,1820.448120379868,1457.5264657356324,1826.0989062390138,-357.27086878508976,0.18528092582079814
2011,2010-12-09,True,False,orl,por,83,97,22,24,16,21,0,14,31,22,30,0,away,2.5,184.5,-140.0,120.0,2.0,92.0,0.0,0,True,1439.1513564024854,1680.6030982242055,1521.7272366336942,1598.0272179929966,-241.45174182172013,0.3069831017366507
2011,2010-12-10,True,False,por,phx,101,94,28,33,26,14,0,22,31,20,21,0,home,5.0,202.0,170.0,-200.0,5.0,100.5,0.0,0,False,1466.6044492285819,1521.7272366336942,1414.9802851351133,1573.3514007271629,-55.122787405112376,0.5642267085430689
2011,2010-12-10,True,False,mia,gs,106,84,26,22,36,22,0,20,25,20,19,0,away,9.5,206.0,-480.0,380.0,5.0,103.0,1.0,0,False,1304.6701965595776,1799.888656518229,1291.8108342361925,1812.748018841614,-495.21845995865147,0.09320962326692762
2011,2010-12-10,True,False,atl,sa,92,108,21,27,21,23,0,26,27,18,37,0,home,8.0,195.0,330.0,-420.0,3.5,95.5,1.0,1,True,1802.2798381156738,1658.2063878032277,1823.748106939647,1636.7381189792545,144.07345031244608,0.8029760702213629
2011,2010-12-10,True,False,hou,mil,91,97,24,19,28,20,0,27,20,26,24,0,home,4.0,195.0,150.0,-170.0,1.5,95.5,1.0,0,True,1467.4859110770053,1513.5483494652376,1503.7027837780447,1477.3314767641982,-46.062438388232295,0.5770047534799909
2011,2010-12-10,True,False,lal,chi,84,88,22,10,26,26,0,12,24,30,22,0,away,2.0,198.0,-130.0,110.0,2.0,96.5,0.0,0,True,1644.2964436196967,1583.6895622422103,1663.2611567132465,1564.7248491486605,60.60688137748639,0.7159637217134179
2011,2010-12-10,True,False,orl,utah,105,117,31,26,15,33,0,30,28,24,35,0,home,3.0,192.5,140.0,-160.0,2.0,95.0,1.0,1,True,1649.8960620741686,1598.0272179929966,1681.4803766470138,1566.4429034201514,51.86884408117203,0.7056245577768944
2011,2010-12-10,True,False,okc,no,97,92,31,21,22,23,0,32,27,12,21,0,home,3.0,196.5,135.0,-155.0,0.0,97.0,0.0,0,False,1544.3987315671707,1566.8716367338295,1496.3272349233685,1614.9431333776317,-22.472905166658848,0.6097548434347411
2011,2010-12-10,True,False,cha,ind,92,100,22,28,19,23,0,30,27,22,21,0,home,6.5,193.5,240.0,-280.0,1.0,94.5,1.0,0,True,1535.7466150015237,1420.1886199039388,1555.1841240940655,1400.751110811397,115.55799509758481,0.7757122067805223
2011,2010-12-10,True,False,den,tor,123,116,39,35,24,25,0,33,32,21,30,0,home,1.0,217.0,-135.0,115.0,3.0,108.5,0.0,1,False,1381.0197501941514,1615.2749201724885,1352.1194385953563,1644.1752317712835,-234.2551699783371,0.3158661835130859
2011,2010-12-10,True,False,ny,wsh,101,95,19,30,27,25,0,23,31,19,22,0,away,3.0,218.0,-150.0,130.0,3.0,108.0,1.0,0,False,1197.5822415924183,1636.9432549301032,1186.950787490739,1647.5747090317825,-439.3610133376849,0.12417015090529814
2011,2010-12-10,True,False,det,min,99,109,23,24,23,29,0,19,31,26,33,0,home,4.0,200.5,150.0,-170.0,2.0,97.5,1.0,1,True,1255.683149793439,1304.5487817031142,1300.7283170039598,1259.5036144925934,-48.86563190967513,0.5730615044566243
2011,2010-12-11,True,False,bos,cha,93,62,20,22,22,29,0,16,16,15,15,0,away,7.5,186.0,-300.0,250.0,1.0,91.5,1.0,0,False,1400.751110811397,1826.0989062390138,1380.4372937768208,1846.41272327359,-425.3477954276168,0.1332120140786771
2011,2010-12-11,True,False,cle,hou,95,110,29,29,17,20,0,37,29,26,18,0,home,8.0,204.5,350.0,-450.0,2.0,102.0,1.0,1,True,1477.3314767641982,1209.2031169325642,1487.6491702708297,1198.8854234259327,268.12835983163404,0.892747429678444
2011,2010-12-11,True,False,mem,lac,84,83,19,22,22,21,0,27,20,19,17,0,home,0.0,198.5,-110.0,-110.0,1.5,97.5,0.0,0,False,1268.8763295588349,1419.554309877602,1255.8357488357296,1432.5948906007072,-150.67798031876714,0.42758138953491026
2011,2010-12-11,True,False,ind,atl,83,97,14,21,25,23,0,16,32,27,22,0,home,3.5,193.5,145.0,-165.0,2.0,94.5,1.0,0,True,1636.7381189792545,1555.1841240940655,1665.4004035322555,1526.5218395410648,81.55399488518901,0.7398345500304575
2011,2010-12-11,True,False,min,chi,82,113,18,19,28,17,0,27,31,29,26,0,home,10.0,207.0,500.0,-650.0,1.0,100.5,1.0,0,True,1663.2611567132465,1300.7283170039598,1670.5604145224504,1293.4290591947558,362.5328397092867,0.9347804887785325
2011,2010-12-11,True,False,utah,dal,97,103,19,23,28,27,0,34,20,27,22,0,home,6.0,194.5,210.0,-250.0,1.5,101.5,2.0,1,True,1904.834051079611,1681.4803766470138,1914.2504470030767,1672.0639807235482,223.35367443259724,0.8654569459382175
2011,2010-12-11,True,False,mia,sac,104,83,17,30,31,26,0,24,18,20,21,0,away,10.0,193.5,-650.0,500.0,4.5,95.0,1.0,0,False,1169.766379199289,1812.748018841614,1164.0457838728723,1818.4686141680309,-642.981639642325,0.04206138612058857
2011,2010-12-11,True,False,tor,det,120,116,28,25,30,37,0,29,43,27,17,0,home,2.0,203.5,115.0,-135.0,3.5,100.0,0.0,1,False,1259.5036144925934,1352.1194385953563,1223.3435622758452,1388.2794908121045,-92.61582410276287,0.5106250835855787
2011,2010-12-12,True,False,cle,okc,77,106,17,28,13,19,0,31,25,30,20,0,home,13.0,204.5,950.0,-1500.0,4.0,98.5,1.0,0,True,1614.9431333776317,1198.8854234259327,1620.0971448848309,1193.7314119187336,416.05770995169905,0.9512312275450466
2011,2010-12-12,True,False,por,sa,78,95,17,23,21,17,0,26,24,23,22,0,home,7.5,192.5,280.0,-340.0,0.5,95.0,1.0,0,True,1823.748106939647,1573.3514007271629,1835.691246303769,1561.4082613630408,250.3967062124841,0.8825751701478773
2011,2010-12-12,True,False,orl,lac,94,85,35,24,10,25,0,14,26,19,26,0,away,7.5,190.5,-380.0,310.0,1.5,92.0,1.0,0,False,1255.8357488357296,1566.4429034201514,1232.6060154269662,1589.6726368289148,-310.6071545844218,0.2292851144433999
2011,2010-12-12,True,False,den,ny,125,129,24,41,24,36,0,35,31,31,32,0,home,2.5,221.5,120.0,-140.0,1.5,109.0,1.0,1,True,1647.5747090317825,1644.1752317712835,1672.6599498680494,1619.0899909350167,3.3994772604989976,0.644560866594778
2011,2010-12-12,True,False,no,phi,70,88,13,10,23,24,0,20,25,22,21,0,away,1.0,188.5,-115.0,-105.0,5.5,92.5,0.0,0,True,1457.5264657356324,1496.3272349233685,1511.0103910399644,1442.8433096190365,-38.80076918773602,0.5871730521443008
2011,2010-12-12,True,False,lal,bkn,99,92,30,22,17,30,0,24,18,25,25,0,away,8.5,194.0,-450.0,350.0,2.0,96.5,0.0,0,False,1275.5624284549767,1564.7248491486605,1252.5216599004934,1587.7656177031438,-289.16242069368377,0.25182426160472215
2011,2010-12-13,True,False,gs,utah,95,108,23,23,24,25,0,20,23,31,34,0,home,11.5,207.5,600.0,-800.0,9.0,104.5,1.0,0,True,1672.0639807235482,1291.8108342361925,1677.0502422014426,1286.824572758298,380.2531464873557,0.9407303594145332
2011,2010-12-13,True,False,mil,dal,103,99,15,28,32,28,0,25,27,22,25,0,home,7.5,183.5,300.0,-360.0,2.0,90.5,0.0,1,False,1914.2504470030767,1503.7027837780447,1866.5696825316575,1551.383548249464,410.547663225032,0.9497385615519618
2011,2010-12-13,True,False,ind,chi,73,92,18,23,17,15,0,27,16,22,27,0,home,9.0,191.5,400.0,-500.0,5.0,92.0,1.0,0,True,1670.5604145224504,1526.5218395410648,1693.2644989029664,1503.8177551605488,144.03857498138564,0.8029443071835476
2011,2010-12-13,True,False,no,mia,84,96,23,31,21,9,0,25,28,29,14,0,home,12.0,187.5,675.0,-950.0,7.5,92.0,2.0,0,True,1818.4686141680309,1442.8433096190365,1823.4544597912122,1437.8574639958551,375.62530454899434,0.939227442658227
2011,2010-12-13,True,False,por,mem,73,86,18,24,22,9,0,23,26,12,25,0,home,3.5,187.0,140.0,-160.0,0.5,92.0,1.0,0,True,1432.5948906007072,1561.4082613630408,1495.4580880302562,1498.5450639334917,-128.81337076233353,0.4586290276998121
2011,2010-12-14,True,False,tor,cha,91,97,29,24,19,19,0,20,27,25,25,0,home,4.5,203.5,180.0,-220.0,4.0,100.5,1.0,0,True,1380.4372937768208,1388.2794908121045,1412.150923801559,1356.5658607873663,-7.842197035283789,0.6296004113581698
2011,2010-12-14,True,False,phi,bkn,82,77,26,14,19,23,0,20,14,21,22,0,away,1.5,190.5,-125.0,105.0,1.5,91.0,1.0,0,False,1252.5216599004934,1511.0103910399644,1229.9329764991774,1533.5990744412804,-258.48873113947093,0.28652236922900604
2011,2010-12-14,True,False,min,gs,99,108,25,26,25,23,0,17,37,25,29,0,home,3.5,215.5,140.0,-160.0,1.5,107.0,1.0,0,True,1286.824572758298,1293.4290591947558,1324.182961253448,1256.070670699606,-6.604486436457819,0.631260409630873
2011,2010-12-14,True,False,lal,wsh,103,89,22,35,35,11,0,24,22,24,19,0,away,10.0,204.0,-900.0,650.0,2.5,100.5,1.0,0,False,1186.950787490739,1587.7656177031438,1169.0324627070054,1605.6839424868774,-400.8148302124048,0.15037928543939602
2011,2010-12-14,True,False,orl,den,94,111,31,24,23,16,0,29,32,18,32,0,away,2.0,205.0,-130.0,110.0,3.0,101.0,0.0,2,True,1619.0899909350167,1589.6726368289148,1658.8600097852482,1549.9026179786833,29.41735410610181,0.6780852319451811
2011,2010-12-14,True,False,sac,hou,105,118,30,18,24,33,0,27,31,33,27,0,home,9.5,203.0,425.0,-550.0,2.5,99.0,1.0,1,True,1487.6491702708297,1164.0457838728723,1494.6926553818853,1157.0022987618167,323.60338639795737,0.9197132331339276
2011,2010-12-14,True,False,atl,det,80,103,19,18,24,19,0,28,21,15,39,0,away,4.0,186.5,-200.0,170.0,5.0,91.0,0.0,0,True,1223.3435622758452,1665.4004035322555,1346.0492958829598,1542.694669925141,-442.0568412564103,0.12249231077887589
2011,2010-12-15,True,False,min,phx,122,128,30,26,30,36,0,31,25,35,37,0,home,10.0,223.5,530.0,-670.0,6.0,110.0,0.0,1,True,1414.9802851351133,1256.070670699606,1428.5639169495266,1242.4870388851925,158.90961443550736,0.8161388349872961
2011,2010-12-15,True,False,sac,no,91,94,29,28,20,14,0,23,18,28,25,0,home,10.0,187.5,501.0,-624.0,10.0,92.0,0.0,0,True,1437.8574639958551,1157.0022987618167,1442.6404794753203,1152.2192832823516,280.8551652340384,0.899563012699582
2011,2010-12-15,True,False,mil,sa,90,92,20,15,28,27,0,25,26,20,21,0,home,9.0,190.0,394.0,-461.0,1.5,93.5,0.0,0,True,1835.691246303769,1551.383548249464,1839.4044569333207,1547.6703376199123,284.3076980543051,0.9013444455581003
2011,2010-12-15,True,False,cha,mem,80,113,20,16,19,25,0,24,35,25,29,0,home,8.5,186.0,342.0,-398.0,2.5,91.5,1.0,1,True,1495.4580880302562,1412.150923801559,1532.4435038604024,1375.1655079714128,83.30716422869727,0.7417723556554494
2011,2010-12-15,True,False,hou,okc,105,117,31,25,20,29,0,31,31,25,30,0,home,8.0,208.5,304.0,-346.0,3.0,101.0,1.0,1,True,1620.0971448848309,1494.6926553818853,1641.6157066071303,1473.1740936595859,125.40448950294558,0.7854194212852091
2011,2010-12-15,True,False,cle,mia,95,101,26,23,22,24,0,24,22,27,28,0,home,16.5,194.0,2875.0,-4625.0,11.0,95.5,0.0,1,True,1823.4544597912122,1193.7314119187336,1824.2301599535813,1192.9557117563645,629.7230478724787,0.9852350415157903
2011,2010-12-15,True,False,lac,phi,91,105,29,27,18,17,0,28,25,34,18,0,home,5.5,193.0,201.0,-229.0,5.5,94.0,1.0,1,True,1533.5990744412804,1232.6060154269662,1541.8820081367537,1224.323081731493,300.9930590143142,0.9095622441689154
2011,2010-12-15,True,False,bos,ny,118,116,24,27,32,35,0,32,26,32,26,0,away,4.0,205.0,-181.0,164.0,4.0,100.0,0.0,1,False,1672.6599498680494,1846.41272327359,1653.5454144065425,1865.527258735097,-173.75277340554067,0.3954272721775753
2011,2010-12-15,True,False,chi,tor,110,93,23,40,28,19,0,18,26,20,29,0,away,6.5,200.5,-234.0,206.0,2.5,97.5,1.0,1,False,1356.5658607873663,1693.2644989029664,1330.6439263668829,1719.1864333234498,-336.69863811560003,0.2038266778601594
2011,2010-12-15,True,False,lal,ind,109,94,36,23,28,22,0,22,15,32,25,0,away,4.0,196.0,-177.0,161.0,4.0,94.5,1.0,1,False,1503.8177551605488,1605.6839424868774,1443.1484342008443,1666.3532634465819,-101.8661873263286,0.49731436637878695
2011,2010-12-15,True,False,por,dal,98,103,14,25,29,30,0,17,34,27,25,0,home,7.0,184.5,249.0,-279.0,0.0,92.0,0.0,1,True,1866.5696825316575,1498.5450639334917,1870.2186406796523,1494.896105785497,368.0246185981657,0.9366815302801721
2011,2010-12-16,True,False,wsh,bkn,89,97,17,21,29,22,0,32,23,19,23,0,home,6.5,192.0,225.0,-275.0,2.0,96.5,1.0,0,True,1229.9329764991774,1169.0324627070054,1255.7853592378742,1143.1800799683085,60.90051379217198,0.7163073318087538
2011,2010-12-16,True,False,atl,bos,90,102,20,23,26,21,0,22,22,31,27,0,home,7.5,185.5,280.0,-360.0,4.5,92.0,1.0,1,True,1865.527258735097,1542.694669925141,1872.4049475319289,1535.816981128309,322.83258880995595,0.9193849857496297
2011,2010-12-16,True,False,sa,den,113,112,28,29,28,28,0,37,23,24,28,0,home,0.0,211.0,-105.0,-115.0,0.0,106.0,0.0,1,False,1658.8600097852482,1839.4044569333207,1647.0839371040065,1851.1805296145624,-180.54444714807255,0.38612003769035097
2011,2010-12-17,True,False,min,por,102,107,24,30,24,24,0,25,36,21,25,0,home,8.5,201.0,375.0,-475.0,2.0,100.5,0.0,1,True,1494.896105785497,1242.4870388851925,1502.2125987854904,1235.170545885199,252.40906690030442,0.8837703902419112
2011,2010-12-17,True,False,phx,dal,91,106,25,17,17,32,0,22,32,26,26,0,home,7.0,212.5,280.0,-340.0,2.5,102.5,1.0,0,True,1870.2186406796523,1428.5639169495266,1873.804041375884,1424.9785162532949,441.6547237301256,0.9576297692746126
2011,2010-12-17,True,False,mem,hou,87,103,13,20,27,27,0,34,27,28,14,0,home,2.5,206.5,120.0,-140.0,5.0,101.0,1.0,0,True,1473.1740936595859,1532.4435038604024,1528.2309234927345,1477.3866740272538,-59.26941020081654,0.5583489715865926
2011,2010-12-17,True,False,utah,no,71,100,14,19,21,17,0,21,29,31,19,0,away,1.5,193.0,-125.0,105.0,5.0,100.5,0.0,0,True,1442.6404794753203,1677.0502422014426,1545.0517160088998,1574.639005667863,-234.40976272612238,0.3156739107277438
2011,2010-12-17,True,False,cha,atl,85,90,20,19,19,27,0,25,21,22,22,0,home,7.0,182.5,260.0,-320.0,2.5,90.5,0.0,0,True,1535.816981128309,1375.1655079714128,1548.2039001954868,1362.778588904235,160.65147315689615,0.8176386736802298
2011,2010-12-17,True,False,sac,okc,87,102,22,24,21,20,0,21,32,19,30,0,home,11.5,202.5,700.0,-1000.0,4.5,97.5,1.0,0,True,1641.6157066071303,1152.2192832823516,1644.2793663488076,1149.5556235406743,489.39642332477865,0.9674799709712549
2011,2010-12-17,True,False,lac,det,109,88,25,26,29,29,0,19,27,16,26,0,home,3.0,191.5,130.0,-150.0,3.0,94.0,0.0,1,False,1346.0492958829598,1224.323081731493,1251.2548868986,1319.1174907158527,121.72621415146682,0.7818293072001105
2011,2010-12-17,True,False,lal,phi,93,81,18,26,14,35,0,21,18,23,19,0,away,5.5,196.5,-240.0,200.0,1.5,96.5,1.0,0,False,1541.8820081367537,1666.3532634465819,1489.4210713138468,1718.8142002694888,-124.47125530982817,0.46484115377716906
2011,2010-12-17,True,False,mia,ny,113,91,34,23,33,23,0,25,32,17,17,0,away,5.0,209.0,-210.0,175.0,4.0,104.0,1.0,0,False,1653.5454144065425,1824.2301599535813,1598.4080246453332,1879.3675497147906,-170.6847455470388,0.3996570901667558
2011,2010-12-17,True,False,bkn,tor,92,98,23,25,23,21,0,21,21,27,29,0,home,5.5,203.0,200.0,-240.0,4.5,100.5,1.0,0,True,1330.6439263668829,1255.7853592378742,1351.9643122920804,1234.4649733126766,74.85856712900863,0.7323477341190728
2011,2010-12-17,True,False,cle,ind,99,108,23,25,26,25,0,19,34,31,24,0,home,9.0,198.0,350.0,-450.0,4.0,97.0,2.0,1,True,1443.1484342008443,1192.9557117563645,1452.6742325724617,1183.4299133847471,250.19272244447984,0.8824534232109106
2011,2010-12-18,True,False,gs,por,95,96,18,24,23,30,0,21,30,23,22,0,home,5.5,198.0,190.0,-230.0,0.0,100.0,0.0,0,True,1502.2125987854904,1324.182961253448,1506.5598509318484,1319.83570910709,178.02963753204244,0.8320836792129972
2011,2010-12-18,True,False,min,den,113,115,27,23,25,38,0,35,27,26,27,0,home,10.5,227.0,620.0,-820.0,2.0,110.5,0.0,1,True,1647.0839371040065,1235.170545885199,1648.7919086642742,1233.4625743249314,411.9133912188074,0.950112520407522
2011,2010-12-18,True,False,mem,sa,106,112,31,18,22,29,6,28,25,27,20,12,home,11.5,197.5,700.0,-1000.0,6.0,96.0,0.0,1,True,1851.1805296145624,1477.3866740272538,1855.005784584063,1473.5614190577533,373.7938555873086,0.9386228811547298
2011,2010-12-18,True,False,utah,mil,95,86,19,24,28,24,0,25,21,22,18,0,home,1.5,188.0,105.0,-125.0,0.0,97.0,0.0,0,False,1547.6703376199123,1574.639005667863,1486.5194411919567,1635.7899020958187,-26.968668047950814,0.6035794745931445
2011,2010-12-18,True,False,ny,cle,102,109,27,25,22,19,9,21,28,25,19,16,away,5.0,210.5,-230.0,190.0,2.5,102.5,0.0,1,True,1183.4299133847471,1598.4080246453332,1262.0924968485529,1519.7454411815274,-414.97811126058605,0.14025667373676848
2011,2010-12-18,True,False,mia,wsh,95,94,19,27,26,23,0,25,22,27,20,0,away,12.0,194.5,-1500.0,1000.0,9.0,96.5,0.0,0,False,1143.1800799683085,1879.3675497147906,1142.4165973212394,1880.1310323618598,-736.1874697464821,0.02503346883480271
2011,2010-12-18,True,False,phi,orl,97,89,20,20,31,26,0,21,18,25,25,0,home,6.5,187.0,250.0,-300.0,4.5,92.0,0.0,0,False,1549.9026179786833,1489.4210713138468,1484.6457833630757,1554.6779059294545,60.481546664836515,0.7158169779836651
2011,2010-12-18,True,False,lac,chi,100,99,28,33,22,17,0,31,22,23,23,0,home,8.5,194.0,425.0,-550.0,7.5,96.5,0.0,1,False,1719.1864333234498,1319.1174907158527,1698.562205733458,1339.7417183058444,400.06894260759714,0.9467797855353244
2011,2010-12-19,True,False,ind,bos,88,99,23,25,17,23,0,30,21,18,30,0,home,7.5,194.0,400.0,-500.0,4.0,95.5,1.0,0,True,1872.4049475319289,1452.6742325724617,1876.0858934221856,1448.993286682205,419.73071495946715,0.9522027779105798
2011,2010-12-19,True,False,atl,bkn,82,89,30,13,19,20,0,23,20,19,27,0,away,3.0,183.0,-165.0,145.0,2.5,90.5,0.0,0,True,1234.4649733126766,1548.2039001954868,1305.2719221322998,1477.3969513758636,-313.7389268828101,0.22611489452614444
2011,2010-12-19,True,False,lal,tor,120,110,28,29,29,34,0,34,15,30,31,0,away,8.0,208.0,-385.0,315.0,2.5,103.5,1.0,1,False,1351.9643122920804,1718.8142002694888,1333.2788192950197,1737.4996932665495,-366.84988797740834,0.17710126885239075
2011,2010-12-19,True,False,hou,sac,102,93,26,26,27,23,0,31,26,24,12,0,away,3.5,206.0,-165.0,145.0,3.5,102.0,1.0,0,False,1149.5556235406743,1528.2309234927345,1132.5959400356264,1545.1906069977824,-378.6752999520602,0.167397658206088
2011,2010-12-19,True,False,no,det,108,111,20,31,27,22,8,20,21,31,28,11,away,5.0,184.5,-210.0,175.0,0.5,91.5,0.0,1,True,1251.2548868986,1545.0517160088998,1297.1958828989414,1499.1107200085585,-293.79682911029977,0.24683128291826992
2011,2010-12-19,True,False,phx,okc,113,110,25,29,28,31,0,23,22,40,25,0,home,9.5,214.5,500.0,-650.0,8.5,106.5,0.0,1,False,1644.2793663488076,1424.9785162532949,1601.1209316103539,1468.1369509917486,219.30085009551271,0.8627171446355616
2011,2010-12-20,True,False,min,lac,90,113,31,27,21,11,0,34,34,26,19,0,home,5.0,214.5,180.0,-220.0,0.5,106.5,1.0,0,True,1339.7417183058444,1233.4625743249314,1369.2837453412983,1203.9205472894776,106.27914398091298,0.7662825761465755
2011,2010-12-20,True,False,phx,sa,110,118,26,28,24,32,0,27,26,40,25,0,home,11.0,213.0,625.0,-850.0,7.5,107.5,0.0,1,True,1855.005784584063,1468.1369509917486,1858.9918802825262,1464.1508552932853,386.86883359231433,0.9428184419052088
2011,2010-12-20,True,False,hou,gs,121,112,26,24,31,40,0,26,20,29,37,0,away,2.5,213.5,-140.0,120.0,0.5,105.0,1.0,1,False,1319.83570910709,1545.1906069977824,1286.70200411171,1578.3243119931624,-225.35489789069243,0.32704057373872014
2011,2010-12-20,True,False,mil,por,80,106,18,17,25,20,0,25,34,19,28,0,home,3.0,177.5,135.0,-155.0,4.0,88.5,1.0,1,True,1506.5598509318484,1486.5194411919567,1554.0166940823074,1439.0625980414977,20.04040973989163,0.6661911561034187
2011,2010-12-20,True,False,cha,wsh,75,108,25,20,11,19,0,32,18,31,27,0,home,3.0,186.5,135.0,-155.0,0.0,93.5,1.0,0,True,1142.4165973212394,1362.778588904235,1245.846580107793,1259.3486061176814,-220.36199158299564,0.3333973056475857
2011,2010-12-20,True,False,orl,atl,81,91,14,24,20,23,0,20,23,22,26,0,away,3.0,190.0,-150.0,130.0,3.0,94.5,0.0,0,True,1477.3969513758636,1484.6457833630757,1516.3928413054975,1445.6498934334418,-7.248831987212043,0.6303966083392758
2011,2010-12-20,True,False,utah,cle,101,90,24,25,27,25,0,20,24,20,26,0,away,6.5,195.0,-280.0,240.0,2.0,99.0,1.0,0,False,1262.0924968485529,1635.7899020958187,1243.3490853151143,1654.5333136292572,-373.6974052472658,0.17142962927653993
2011,2010-12-20,True,False,dal,mia,98,96,23,20,22,33,0,22,22,24,28,0,home,6.5,193.0,250.0,-300.0,4.5,95.5,0.0,1,False,1880.1310323618598,1873.804041375884,1848.9845346341313,1904.9505391036125,6.326990985975726,0.6484122507299972
2011,2010-12-20,True,False,no,ind,93,94,16,27,26,24,0,24,28,16,26,0,home,3.5,192.0,145.0,-165.0,1.5,93.5,0.0,0,True,1448.993286682205,1499.1107200085585,1462.0680576873194,1486.035949003444,-50.11743332635342,0.5712975615946034
2011,2010-12-21,True,False,gs,sac,117,109,26,23,21,32,15,18,30,36,18,7,home,3.0,205.0,135.0,-155.0,2.5,103.0,0.0,1,False,1132.5959400356264,1286.70200411171,1091.7245418424905,1327.5734023048458,-154.1060640760836,0.4227585213917897
2011,2010-12-21,True,False,mil,lal,98,79,25,25,22,26,0,22,24,20,13,0,home,12.0,190.0,850.0,-1250.0,10.0,96.5,0.0,0,False,1737.4996932665495,1439.0625980414977,1645.2881239286405,1531.2741673794067,298.43709522505173,0.9083446299911823
2011,2010-12-21,True,False,phi,chi,76,121,19,24,11,22,0,33,28,31,29,0,home,5.0,191.5,190.0,-230.0,3.5,94.5,1.0,1,True,1698.562205733458,1554.6779059294545,1727.603362606274,1525.6367490566386,143.8842998040036,0.8028037532545779
2011,2010-12-21,True,False,okc,cha,99,81,21,24,23,31,0,23,17,29,12,0,away,7.0,191.0,-300.0,250.0,2.5,93.0,1.0,0,False,1259.3486061176814,1601.1209316103539,1233.5505170181025,1626.9190207099327,-341.7723254926725,0.1991279870145565
2011,2010-12-21,True,False,dal,orl,105,99,27,22,27,29,0,21,24,27,27,0,home,2.5,191.5,125.0,-145.0,2.0,95.5,0.0,1,False,1445.6498934334418,1904.9505391036125,1436.0419363064834,1914.5584962305709,-459.30064567017075,0.11221621002508063
2011,2010-12-21,True,False,bkn,mem,101,94,26,19,28,28,0,18,25,24,27,0,home,7.0,189.5,230.0,-270.0,5.5,94.0,0.0,1,False,1473.5614190577533,1305.2719221322998,1409.021185221788,1369.812155968265,168.28949692545348,0.8241032268469619
2011,2010-12-22,True,False,okc,ny,98,112,28,27,23,20,0,27,36,27,22,0,home,1.5,216.5,100.0,-120.0,2.0,106.0,1.0,0,True,1519.7454411815274,1626.9190207099327,1580.5524725126925,1566.1119893787677,-107.1735795284053,0.48967785595823715
2011,2010-12-22,True,False,den,sa,103,109,27,29,33,14,0,26,33,21,29,0,home,8.0,212.0,305.0,-375.0,4.0,104.5,0.0,2,True,1858.9918802825262,1648.7919086642742,1869.1518368162951,1638.6319521305052,210.199971618252,0.8563936881251453
2011,2010-12-22,True,False,utah,min,112,107,20,25,26,41,0,29,27,27,24,0,away,6.0,208.5,-260.0,220.0,6.5,108.5,0.0,1,False,1203.9205472894776,1654.5333136292572,1194.6732341063905,1663.7806268123443,-450.6127663397797,0.11729599442109748
2011,2010-12-22,True,False,bkn,no,91,105,29,21,13,28,0,32,25,26,22,0,home,8.5,186.0,370.0,-470.0,3.0,93.0,1.0,1,True,1486.035949003444,1369.812155968265,1509.9070266941933,1345.9410782775158,116.22379303517914,0.7763783156188393
2011,2010-12-22,True,False,hou,lac,97,92,32,24,18,23,0,28,15,19,30,0,home,1.0,206.5,100.0,-120.0,4.0,101.5,0.0,0,False,1369.2837453412983,1578.3243119931624,1341.8455673319836,1605.762490002477,-209.04056665186408,0.34803497091371144
2011,2010-12-22,True,False,cle,atl,84,98,22,24,23,15,0,17,32,28,21,0,home,9.5,191.0,425.0,-550.0,5.0,94.5,1.0,0,True,1516.3928413054975,1243.3490853151143,1526.180678197018,1233.5612484235937,273.04375599038326,0.895426735154226
2011,2010-12-22,True,False,det,tor,115,93,24,38,24,29,0,23,21,24,25,0,home,5.0,207.5,175.0,-210.0,6.5,101.0,0.0,1,False,1333.2788192950197,1297.1958828989414,1241.8794174909235,1388.5952847030376,36.08293639607837,0.6864030334077434
2011,2010-12-22,True,False,phi,bos,80,84,17,27,17,19,0,23,15,26,20,0,home,9.0,191.5,350.0,-450.0,8.5,94.0,0.0,0,True,1876.0858934221856,1525.6367490566386,1879.735111800586,1521.987530678238,350.449144365547,0.9304093034502492
2011,2010-12-22,True,False,chi,wsh,87,80,29,17,27,14,0,33,17,20,10,0,away,3.5,194.0,-165.0,145.0,3.0,98.0,1.0,0,False,1245.846580107793,1727.603362606274,1236.6998705714939,1736.7500721425731,-481.756782498481,0.09996903400356452
2011,2010-12-23,True,False,sa,orl,101,123,26,27,23,25,0,28,34,35,26,0,home,2.0,198.5,110.0,-130.0,2.5,100.0,1.0,1,True,1436.0419363064834,1869.1518368162951,1556.3257150876027,1748.8680580351759,-433.1099005098117,0.1281367284502077
2011,2010-12-23,True,False,mil,sac,84,79,24,19,19,22,0,25,14,25,15,0,away,2.5,183.5,-135.0,115.0,0.0,90.0,1.0,0,False,1091.7245418424905,1531.2741673794067,1081.944592946562,1541.0541162753352,-439.5496255369162,0.1240521228624071
2011,2010-12-23,True,False,mia,phx,95,83,19,26,27,23,0,22,17,20,24,0,away,5.0,208.0,-230.0,190.0,1.5,102.0,1.0,0,False,1464.1508552932853,1848.9845346341313,1445.8097962126724,1867.3255937147442,-384.83367934084595,0.16251480779513391
2011,2010-12-25,True,False,chi,ny,95,103,20,34,29,12,0,21,31,33,18,0,home,2.5,207.0,120.0,-140.0,2.0,103.0,1.0,0,True,1580.5524725126925,1736.7500721425731,1636.6427404617805,1680.6598041934851,-156.19759962988064,0.41982315773556916
2011,2010-12-25,True,False,bos,orl,78,86,20,26,17,15,0,19,17,21,29,0,home,2.5,191.0,120.0,-140.0,4.5,94.5,1.0,0,True,1556.3257150876027,1879.735111800586,1632.0706597555268,1803.990167132662,-323.4093967129834,0.2165225016429111
2011,2010-12-25,True,False,mia,lal,96,80,20,27,28,21,0,14,24,26,16,0,home,3.5,194.0,150.0,-170.0,5.0,97.0,0.0,0,False,1645.2881239286405,1867.3255937147442,1603.9931343629787,1908.620583280406,-222.03746978610366,0.3312572602757217
2011,2010-12-25,True,False,den,okc,106,114,34,24,27,21,0,26,30,32,26,0,home,6.5,213.5,230.0,-270.0,5.5,105.0,1.0,1,True,1566.1119893787677,1638.6319521305052,1610.6355672800971,1594.1083742291758,-72.51996275173747,0.5394646918685704
2011,2010-12-25,True,False,por,gs,102,109,28,29,23,22,0,25,31,22,31,0,home,3.0,202.5,130.0,-150.0,2.5,103.5,1.0,1,True,1327.5734023048458,1554.0166940823074,1389.2721388569232,1492.31795753023,-226.44329177746158,0.3256631723272976
2011,2010-12-26,True,False,phi,den,95,89,13,30,23,29,0,25,21,25,18,0,home,3.5,207.5,155.0,-185.0,1.5,101.0,0.0,0,False,1594.1083742291758,1521.987530678238,1535.8703583540673,1580.2255465533465,72.1208435509377,0.7292473341992581
2011,2010-12-26,True,False,atl,no,86,93,27,28,16,15,0,25,21,28,19,0,home,3.5,184.0,145.0,-170.0,4.5,91.5,1.0,0,True,1509.9070266941933,1526.180678197018,1544.8388475744482,1491.2488573167632,-16.273651502824805,0.6182123882335968
2011,2010-12-26,True,False,phx,lac,103,108,18,31,29,25,0,33,28,18,29,0,home,0.0,207.5,-110.0,-110.0,3.5,102.0,1.0,1,True,1341.8455673319836,1445.8097962126724,1381.7140223349734,1405.9413412096826,-103.96422888068878,0.494295263605708
2011,2010-12-26,True,False,mem,ind,104,90,32,19,26,27,0,20,26,18,26,0,home,4.5,197.5,175.0,-210.0,3.5,97.0,0.0,0,False,1462.0680576873194,1409.021185221788,1382.0661660129094,1489.023076896198,53.04687246553135,0.7070311878465052
2011,2010-12-26,True,False,chi,det,95,92,23,17,28,17,10,15,19,23,28,7,away,4.5,190.0,-215.0,175.0,1.0,93.0,0.0,0,False,1388.5952847030376,1680.6598041934851,1373.425964590942,1695.8291243055808,-292.06451949044754,0.24868980567474455
2011,2010-12-26,True,False,wsh,sa,80,94,23,19,23,15,0,27,21,33,13,0,home,13.5,201.0,1000.0,-1700.0,6.5,100.0,1.0,0,True,1748.8680580351759,1236.6998705714939,1751.124735109788,1234.4431934968818,512.168187463682,0.9713608498215471
2011,2010-12-26,True,False,min,cle,98,97,17,34,19,28,0,28,21,24,24,0,home,2.0,209.0,115.0,-135.0,2.0,102.0,0.0,0,False,1233.5612484235937,1194.6732341063905,1213.3088905586264,1214.9255919713578,38.888014317203215,0.6898683031168499
2011,2010-12-27,True,False,lac,sac,100,99,28,30,18,24,0,21,28,27,23,0,away,1.0,196.0,-106.0,-104.0,2.5,96.0,2.0,1,False,1081.944592946562,1381.7140223349734,1074.6098489909152,1389.04876629062,-299.7694293884115,0.24049542570458704
2011,2010-12-27,True,False,por,utah,96,91,20,25,21,30,0,27,20,19,25,0,home,7.5,191.0,305.0,-370.0,5.0,94.5,0.0,0,False,1663.7806268123443,1492.31795753023,1608.142761125697,1547.9558232168772,171.46266928211435,0.8267353932089805
2011,2010-12-27,True,False,wsh,hou,93,100,27,21,25,20,0,28,19,21,32,0,home,9.5,205.5,425.0,-550.0,6.5,102.5,0.0,0,True,1605.762490002477,1234.4431934968818,1609.9127131514674,1230.2929703478915,371.3192965055953,0.9377970984588897
2011,2010-12-27,True,False,no,min,98,113,35,22,20,21,0,27,27,28,31,0,away,4.0,202.0,-175.0,155.0,1.5,98.5,0.0,1,True,1214.9255919713578,1544.8388475744482,1311.271653814771,1448.492785731035,-329.9132556030904,0.21023871800753552
2011,2010-12-27,True,False,phi,gs,95,110,30,19,22,24,0,25,30,21,34,0,home,4.0,204.0,150.0,-170.0,1.0,101.0,1.0,1,True,1389.2721388569232,1580.2255465533465,1465.882132733007,1503.6155526772627,-190.95340769642326,0.37201785086613703
2011,2010-12-27,True,False,atl,mil,95,80,29,28,20,18,0,18,24,25,13,0,home,2.0,179.5,115.0,-135.0,5.0,88.0,0.0,0,False,1541.0541162753352,1491.2488573167632,1459.343586776435,1572.9593868156635,49.80525895857204,0.7031510667610701
2011,2010-12-27,True,False,dal,okc,103,93,34,22,23,24,0,29,27,25,12,0,home,1.5,201.0,115.0,-135.0,3.5,95.0,0.0,0,False,1610.6355672800971,1914.5584962305709,1585.719435261711,1939.474628248957,-303.92292895047376,0.23615532092431332
2011,2010-12-27,True,False,det,cha,100,105,26,14,29,31,0,26,30,29,20,0,home,5.5,193.5,200.0,-240.0,2.5,95.0,0.0,1,True,1233.5505170181025,1373.425964590942,1277.4735803410015,1329.502901268043,-139.87544757283945,0.4428652638365171
2011,2010-12-27,True,False,orl,bkn,104,88,24,27,30,23,0,25,19,25,19,0,away,6.5,190.5,-270.0,230.0,1.5,93.0,1.0,1,False,1345.9410782775158,1632.0706597555268,1314.1364912975791,1663.8752467354634,-286.129581478011,0.25512781230813797
2011,2010-12-27,True,False,tor,mem,85,96,24,20,19,22,0,16,32,29,19,0,home,6.5,208.5,235.0,-275.0,3.0,102.0,1.0,0,True,1489.023076896198,1241.8794174909235,1499.4889611612875,1231.413533225834,247.14365940527455,0.880620527330938
2011,2010-12-28,True,False,tor,dal,84,76,23,23,18,20,0,13,27,19,17,0,home,10.0,204.5,500.0,-700.0,9.0,100.5,0.0,0,False,1939.474628248957,1231.413533225834,1883.408912953991,1287.4792485208002,708.061095023123,0.990543707313875
2011,2010-12-28,True,False,lal,sa,82,97,18,26,18,20,0,27,15,29,26,0,home,3.0,199.0,140.0,-160.0,2.5,99.5,1.0,0,True,1751.124735109788,1603.9931343629787,1771.7830170178343,1583.3348524549324,147.13160074680923,0.8057462933814025
2011,2010-12-28,True,False,bos,ind,95,83,19,26,21,29,0,26,21,20,16,0,away,5.5,191.5,-235.0,195.0,4.5,93.0,1.0,0,False,1382.0661660129094,1803.990167132662,1366.7734600341105,1819.282873111461,-421.9240011197526,0.13550423461854574
2011,2010-12-28,True,False,por,den,77,95,21,20,17,19,0,25,23,30,17,0,home,7.0,203.0,260.0,-320.0,2.5,100.0,1.0,0,True,1535.8703583540673,1547.9558232168772,1584.5978843393564,1499.2282972315882,-12.085464862809886,0.6238863225800496
2011,2010-12-28,True,False,orl,cle,110,95,30,30,15,35,0,33,24,17,21,0,away,7.5,194.0,-380.0,310.0,4.0,94.5,1.0,1,False,1213.3088905586264,1663.8752467354634,1198.99611948948,1678.18801780461,-450.56635617683696,0.11732365819793479
2011,2010-12-28,True,False,ny,mia,98,106,18,22,25,33,0,34,19,27,26,0,home,8.5,204.0,375.0,-475.0,0.5,98.0,0.0,2,True,1908.620583280406,1636.6427404617805,1916.6125487137565,1628.65077502843,271.9778428186255,0.8948507889882196
2011,2010-12-28,True,False,mil,chi,77,90,15,30,17,15,0,27,17,23,23,0,home,9.0,179.0,400.0,-500.0,6.5,89.0,1.0,0,True,1695.8291243055808,1459.343586776435,1707.6600640045904,1447.5126470774253,236.48553752914586,0.8740184983595708
2011,2010-12-29,True,False,den,min,119,113,23,30,29,37,0,30,29,24,30,0,home,3.0,218.0,125.0,-145.0,0.0,107.0,0.0,1,False,1311.271653814771,1584.5978843393564,1288.2069131517105,1607.662625002417,-273.3262305245853,0.26938481804397685
2011,2010-12-29,True,False,mia,hou,125,119,35,24,29,37,0,28,34,22,35,0,away,5.0,198.5,-230.0,190.0,5.0,99.5,1.0,1,False,1609.9127131514674,1916.6125487137565,1589.9389267716997,1936.5863350935242,-306.6998355622891,0.23328399344114023
2011,2010-12-29,True,False,utah,lac,103,95,23,28,30,22,0,31,26,13,25,0,away,2.0,194.5,-125.0,105.0,3.0,99.0,1.0,1,False,1389.04876629062,1608.142761125697,1356.6596005153037,1640.5319269010133,-219.09399483507696,0.3350214682546852
2011,2010-12-29,True,False,phi,phx,123,110,33,33,26,31,0,35,30,21,24,0,home,6.0,207.0,205.0,-245.0,4.0,103.5,0.0,1,False,1405.9413412096826,1503.6155526772627,1347.4934279240647,1562.0634659628806,-97.67421146758011,0.503347028757379
2011,2010-12-29,True,False,bos,det,92,104,21,16,25,30,0,27,18,29,30,0,away,6.5,186.0,-260.0,220.0,4.5,91.5,0.0,1,True,1329.502901268043,1819.282873111461,1431.5387857691992,1717.2469886103047,-489.779971843418,0.09588960566405591
2011,2010-12-29,True,False,mem,sac,98,100,27,24,23,24,0,24,26,20,30,0,away,4.0,196.0,-200.0,170.0,3.0,96.5,0.0,1,True,1074.6098489909152,1499.4889611612875,1116.4943883988026,1457.6044217534002,-424.8791121703723,0.13352384640325768
2011,2010-12-29,True,False,bkn,okc,93,114,24,22,24,23,0,24,33,31,26,0,home,9.0,196.5,375.0,-475.0,1.0,96.0,1.0,1,True,1585.719435261711,1314.1364912975791,1596.9888744368789,1302.8670521224112,271.5829439641318,0.8946367031113084
2011,2010-12-29,True,False,gs,atl,93,103,27,20,22,24,0,29,23,26,25,0,home,7.5,205.5,270.0,-330.0,3.0,104.0,1.0,0,True,1572.9593868156635,1465.882132733007,1595.1549559672255,1443.686563581445,107.07725408265651,0.767104377403392
2011,2010-12-29,True,False,ind,wsh,90,104,19,25,23,23,0,19,25,28,32,0,home,2.5,196.0,130.0,-150.0,2.0,96.0,1.0,0,True,1230.2929703478915,1366.7734600341105,1296.1027404977883,1300.9636898842136,-136.48048968621902,0.4476924417032306
2011,2010-12-29,True,False,lal,no,103,88,26,33,24,20,0,23,18,19,28,0,away,3.0,190.5,-155.0,135.0,2.5,94.0,1.0,1,False,1448.492785731035,1583.3348524549324,1393.5923998563612,1638.235238329606,-134.84206672389746,0.4500256502516033
2011,2010-12-29,True,False,cle,cha,92,101,20,24,23,25,0,33,24,24,20,0,home,7.5,197.5,270.0,-330.0,0.0,97.5,1.0,0,True,1277.4735803410015,1198.99611948948,1302.2354870408894,1174.234212789592,78.47746085152153,0.7364112983589245
2011,2010-12-30,True,False,ny,orl,103,112,23,21,27,32,0,22,40,20,30,0,home,7.5,213.5,300.0,-360.0,1.0,104.5,1.0,1,True,1678.18801780461,1628.65077502843,1706.8744829016705,1599.9643099313694,49.53724277617994,0.70282893251184
2011,2010-12-30,True,False,sa,dal,99,93,29,24,18,28,0,27,19,18,29,0,away,4.0,190.5,-165.0,145.0,0.0,95.0,1.0,1,False,1883.408912953991,1771.7830170178343,1823.9669437160953,1831.2249862557298,111.62589593615667,0.7717495489235564
2011,2010-12-30,True,False,utah,por,89,100,25,16,27,21,0,29,17,33,21,0,home,1.0,188.0,-105.0,-115.0,1.5,95.5,1.0,1,True,1499.2282972315882,1640.5319269010133,1560.3648014056373,1579.3954227269642,-141.30362966942516,0.4408377457261008
2011,2010-12-31,True,False,tor,hou,105,114,34,21,20,30,0,20,42,22,30,0,home,9.0,212.5,350.0,-450.0,3.5,106.0,2.0,1,True,1589.9389267716997,1287.4792485208002,1596.919926659467,1280.498248633033,302.4596782508995,0.9102543198930859
2011,2010-12-31,True,False,phi,lal,98,102,19,25,29,25,0,29,23,30,20,0,home,10.0,199.5,500.0,-650.0,3.5,98.0,0.0,1,True,1638.235238329606,1562.0634659628806,1655.7502122593837,1544.548492033103,76.17177236672546,0.7338268846513212
2011,2010-12-31,True,False,det,phx,75,92,14,18,26,17,0,24,26,18,24,0,home,7.0,208.0,250.0,-300.0,1.5,101.0,1.0,0,True,1347.4934279240647,1431.5387857691992,1408.1636150308093,1370.8685986624546,-84.0453578451345,0.5229444499577809
2011,2010-12-31,True,False,atl,okc,94,103,24,29,26,15,0,33,27,23,20,0,home,5.0,196.0,190.0,-230.0,0.5,95.0,1.0,1,True,1596.9888744368789,1595.1549559672255,1633.1428929579959,1559.0009374461085,1.8339184696533266,0.6424935000858512
2011,2010-12-31,True,False,no,bos,83,81,23,14,29,17,0,19,20,18,24,0,home,5.0,185.0,180.0,-220.0,2.5,90.5,0.0,0,False,1717.2469886103047,1393.5923998563612,1683.6589092555275,1427.1804792111384,323.6545887539435,0.9197349946085505
2011,2010-12-31,True,False,bkn,chi,81,90,21,23,19,18,0,23,23,24,20,0,home,10.5,187.0,500.0,-650.0,6.0,92.0,0.0,0,True,1707.6600640045904,1302.8670521224112,1711.4006788049246,1299.126437322077,404.79301188217914,0.9481334977918265
2011,2010-12-31,True,False,wsh,ind,86,95,22,12,28,24,0,25,24,27,19,0,home,6.5,195.5,215.0,-255.0,1.0,95.5,1.0,0,True,1300.9636898842136,1296.1027404977883,1336.6062671610987,1260.4601632209033,4.860949386425318,0.6464859298004128
2011,2010-12-31,True,False,gs,cha,96,95,30,22,25,19,0,28,18,24,25,0,home,4.0,205.5,150.0,-170.0,3.5,102.0,0.0,0,False,1302.2354870408894,1443.686563581445,1288.7969882964942,1457.1250623258402,-141.4510765405555,0.4406285339893528
2011,2011-01-01,True,False,sac,den,86,104,23,16,21,26,0,23,28,18,35,0,home,11.0,208.5,650.0,-900.0,2.5,101.5,1.0,0,True,1607.662625002417,1116.4943883988026,1610.4602746224755,1113.696738778744,491.16823660361433,0.9677993430999373
2011,2011-01-01,True,False,mem,utah,92,98,21,17,31,23,0,21,27,23,27,0,home,7.5,197.0,250.0,-300.0,1.5,98.5,0.0,0,True,1579.3954227269642,1457.6044217534002,1596.0423193615243,1440.95752511884,121.791000973564,0.7818929142249189
2011,2011-01-01,True,False,dal,mil,87,99,18,32,21,16,0,25,27,21,26,0,away,2.0,179.0,-130.0,110.0,2.0,88.5,0.0,1,True,1447.5126470774253,1823.9669437160953,1541.2763308090753,1730.2032599844454,-376.45429663867003,0.16918717873169184
2011,2011-01-01,True,False,okc,sa,74,101,17,19,17,21,0,31,18,28,24,0,home,6.5,203.5,290.0,-350.0,0.5,98.5,1.0,0,True,1831.2249862557298,1633.1428929579959,1849.8751800102687,1614.492699203457,198.082093297734,0.847599777580938
2011,2011-01-01,True,False,cle,chi,91,100,28,33,9,21,0,24,29,32,15,0,home,13.0,189.0,1000.0,-1700.0,11.0,93.0,0.0,1,True,1711.4006788049246,1174.234212789592,1713.041578775234,1172.5933128192826,537.1664660153326,0.9751037094615582
2011,2011-01-01,True,False,gs,mia,107,114,36,36,12,23,0,28,30,25,31,0,home,12.0,205.0,800.0,-1200.0,15.0,103.5,0.0,1,True,1936.5863350935242,1457.1250623258402,1938.711800856762,1454.9995965626024,479.461272767684,0.9656316784592555
2011,2011-01-01,True,False,no,wsh,92,81,24,18,26,24,0,23,24,15,19,0,away,1.0,186.5,-120.0,100.0,2.0,92.0,1.0,0,False,1260.4601632209033,1427.1804792111384,1216.1632825521422,1471.4773598798995,-166.72031599023512,0.4051449127927107
2011,2011-01-01,True,False,bkn,min,88,103,29,26,9,24,0,36,18,23,26,0,home,5.5,204.0,190.0,-230.0,4.0,101.5,1.0,0,True,1288.2069131517105,1299.126437322077,1333.8985194004526,1253.4348310733349,-10.919524170366458,0.6254599219016402
2011,2011-01-02,True,False,phx,sac,89,94,27,21,25,16,0,17,22,26,29,0,away,5.0,207.0,-230.0,190.0,0.5,102.0,0.0,0,True,1113.696738778744,1408.1636150308093,1173.1310904156794,1348.729263393874,-294.4668762520653,0.2461149265737018
2011,2011-01-02,True,False,hou,por,85,100,25,23,14,23,0,27,27,25,21,0,home,3.5,199.5,150.0,-170.0,0.0,98.0,1.0,0,True,1560.3648014056373,1596.919926659467,1610.3453391372411,1546.939388927863,-36.5551252538296,0.5903029890548387
2011,2011-01-02,True,False,bos,tor,93,79,24,19,28,22,0,23,19,20,17,0,away,6.0,197.5,-245.0,205.0,3.5,96.5,1.0,0,False,1280.498248633033,1683.6589092555275,1262.784531884622,1701.3726260039384,-403.16066062249456,0.14866211541829477
2011,2011-01-02,True,False,dal,cle,104,95,27,28,24,25,0,25,22,22,26,0,away,5.0,189.5,-230.0,190.0,0.5,91.5,1.0,1,False,1172.5933128192826,1730.2032599844454,1165.808470713213,1736.988102090515,-557.6099471651628,0.06696862471024814
2011,2011-01-02,True,False,atl,lac,107,98,18,24,28,37,0,31,22,21,24,0,away,2.0,189.0,-130.0,110.0,3.5,92.5,1.0,1,False,1356.6596005153037,1559.0009374461085,1320.5072241717428,1595.1533137896695,-202.3413369308048,0.3568358534931395
2011,2011-01-02,True,False,ind,ny,92,98,32,23,22,15,0,30,25,24,19,0,home,7.0,212.0,250.0,-300.0,4.5,104.0,0.0,0,True,1599.9643099313694,1336.6062671610987,1607.4131328253723,1329.1574442670958,263.3580427702707,0.8900896379928117
2011,2011-01-02,True,False,mem,lal,104,85,23,25,31,25,0,18,21,23,23,0,home,9.0,197.0,475.0,-625.0,10.5,97.0,0.0,0,False,1655.7502122593837,1440.95752511884,1562.4769274002142,1534.2308099780096,214.79268714054365,0.8596145662460355
2011,2011-01-03,True,False,mia,cha,96,82,23,24,31,18,0,28,15,16,23,0,away,9.5,188.0,-550.0,425.0,5.0,93.5,1.0,0,False,1288.7969882964942,1938.711800856762,1283.973343553717,1943.5354455995391,-649.9148125602678,0.04048236977436683
2011,2011-01-03,True,False,gs,orl,90,110,28,25,18,19,0,24,20,35,31,0,home,11.0,211.0,600.0,-800.0,11.5,105.5,1.0,0,True,1706.8744829016705,1454.9995965626024,1719.3456681222315,1442.5284113420414,251.8748863390681,0.8834541533953139
2011,2011-01-03,True,False,min,bos,93,96,25,22,26,20,0,17,26,27,26,0,home,8.0,203.5,350.0,-425.0,6.5,99.5,0.0,0,True,1701.3726260039384,1333.8985194004526,1704.2053772447168,1331.0657681596742,367.4741066034858,0.9364933188916551
2011,2011-01-03,True,False,phi,no,77,84,26,14,18,19,0,23,20,25,16,0,home,6.0,189.5,220.0,-260.0,3.0,92.5,1.0,0,True,1471.4773598798995,1544.548492033103,1513.686365632981,1502.3394862800214,-73.07113215320351,0.5386763387816329
2011,2011-01-03,True,False,det,utah,97,102,28,23,28,18,0,25,28,25,24,0,home,9.0,192.5,400.0,-500.0,5.5,97.0,0.0,1,True,1596.0423193615243,1370.8685986624546,1604.621687349959,1362.2892306740198,225.1737206990697,0.8666722395682915
2011,2011-01-03,True,False,hou,den,106,113,21,31,29,25,0,25,27,29,32,0,home,7.0,218.0,260.0,-320.0,5.0,107.0,2.0,1,True,1610.4602746224755,1546.939388927863,1634.6037054285407,1522.7959581217979,63.52088569461239,0.7193625569882763
2011,2011-01-04,True,False,por,dal,81,84,24,16,20,21,0,24,19,19,22,0,home,2.5,181.5,125.0,-145.0,0.5,89.5,1.0,0,True,1736.988102090515,1610.3453391372411,1748.5406837521862,1598.79275747557,126.64276295327386,0.7866183125646152
2011,2011-01-04,True,False,det,lal,83,108,19,23,17,24,0,24,21,31,32,0,home,12.0,195.5,805.0,-1405.0,7.0,96.5,1.0,0,True,1562.4769274002142,1362.2892306740198,1580.4941221705196,1344.2720359037144,200.18769672619442,0.8491588902203032
2011,2011-01-04,True,False,okc,mem,105,110,27,28,22,28,0,31,24,24,31,0,away,1.5,198.5,-130.0,110.0,1.0,95.5,0.0,1,True,1534.2308099780096,1614.492699203457,1571.4125140989738,1577.3109950824928,-80.26188922544748,0.5283749049273992
2011,2011-01-04,True,False,mil,mia,89,101,20,31,19,19,0,26,21,26,28,0,home,9.5,182.0,500.0,-700.0,9.0,88.5,1.0,1,True,1943.5354455995391,1541.2763308090753,1947.7679172750359,1537.0438591335785,402.25911479046385,0.947411490638451
2011,2011-01-04,True,False,sa,ny,115,128,35,34,26,20,0,36,36,29,27,0,away,5.5,208.5,-250.0,200.0,5.0,102.5,0.0,1,True,1607.4131328253723,1849.8751800102687,1688.02874030271,1769.2595725329309,-242.4620471848964,0.30574721638224944
2011,2011-01-04,True,False,tor,chi,91,111,27,14,28,22,0,29,30,22,30,0,home,9.5,199.0,400.0,-525.0,0.5,97.0,1.0,1,True,1713.041578775234,1262.784531884622,1716.773838138679,1259.0522725211772,450.25704689061195,0.9595940850750039
2011,2011-01-04,True,False,atl,sac,108,102,27,27,23,31,0,23,17,23,39,0,away,5.0,190.0,-225.0,185.0,1.5,92.5,1.0,1,False,1173.1310904156794,1595.1533137896695,1161.5348813328474,1606.7495228725015,-422.0222233739901,0.13543801421455415
2011,2011-01-05,True,False,cha,min,108,105,24,33,14,24,13,23,20,30,22,10,home,8.0,204.0,270.0,-340.0,8.5,100.0,0.0,1,False,1331.0657681596742,1283.973343553717,1290.2951380180002,1324.743973695391,47.09242460595715,0.6998811685746598
2011,2011-01-05,True,False,lal,phx,99,95,31,18,31,19,0,24,26,23,22,0,away,4.5,207.0,-215.0,175.0,4.5,103.0,0.0,0,False,1348.729263393874,1580.4941221705196,1326.1411664883738,1603.0822190760198,-231.76485877664572,0.3189721298319352
2011,2011-01-05,True,False,den,lac,93,106,23,20,31,19,0,30,21,31,24,0,away,3.0,209.5,-145.0,125.0,4.0,101.0,0.0,0,True,1320.5072241717428,1634.6037054285407,1410.4114176439148,1544.6995119563687,-314.0964812567979,0.22575493096035504
2011,2011-01-05,True,False,por,hou,103,100,31,24,19,29,0,25,22,33,20,0,home,5.0,195.0,175.0,-210.0,4.5,95.5,0.0,1,False,1522.7959581217979,1598.79275747557,1490.1937870382085,1631.3949285591593,-75.99679935377208,0.5344885289148646
2011,2011-01-05,True,False,gs,no,110,103,29,18,25,38,0,34,24,24,21,0,home,6.0,200.5,235.0,-295.0,0.5,98.5,0.0,1,False,1513.686365632981,1442.5284113420414,1451.4896223647172,1504.7251546103053,71.15795429093964,0.728151535656283
2011,2011-01-05,True,False,wsh,phi,97,109,26,26,23,22,0,29,21,26,33,0,home,6.5,191.5,240.0,-300.0,5.5,93.5,1.0,1,True,1502.3394862800214,1216.1632825521422,1510.9126259121163,1207.5901429200474,286.1762037278793,0.9022967756923113
2011,2011-01-05,True,False,tor,cle,120,105,26,40,24,30,0,38,25,21,21,0,home,2.5,205.0,110.0,-130.0,2.0,100.0,0.0,1,False,1165.808470713213,1259.0522725211772,1103.6255275901676,1321.2352156442225,-93.24380180796425,0.509721725406239
2011,2011-01-05,True,False,mil,orl,87,97,17,16,24,30,0,25,24,22,26,0,home,12.0,188.0,800.0,-1200.0,2.5,93.0,0.0,0,True,1719.3456681222315,1537.0438591335785,1734.0262132953144,1522.3633139604956,182.30180898865297,0.8354917623728115
2011,2011-01-05,True,False,atl,utah,110,87,30,25,31,24,0,17,24,28,18,0,home,5.5,191.0,200.0,-250.0,7.5,97.5,0.0,1,False,1604.621687349959,1606.7495228725015,1515.5138743490252,1695.8573358734354,-2.127835522542455,0.6372382836515141
2011,2011-01-05,True,False,sa,bos,103,105,25,26,21,31,0,27,22,28,28,0,home,2.5,190.0,115.0,-135.0,1.0,94.5,0.0,1,True,1704.2053772447168,1769.2595725329309,1725.9519962042825,1747.5129535733652,-65.05419528821403,0.5501221449203718
2011,2011-01-05,True,False,chi,bkn,94,96,24,23,18,29,0,25,21,32,18,0,away,5.0,185.5,-240.0,195.0,3.5,91.5,0.0,1,True,1253.4348310733349,1716.773838138679,1296.4603030849057,1673.748366127108,-463.33900706534405,0.10992108252120726
2011,2011-01-06,True,False,okc,dal,99,95,23,28,22,26,0,30,25,15,25,0,away,3.0,193.0,-155.0,135.0,3.0,94.5,1.0,1,False,1748.5406837521862,1577.3109950824928,1698.565961645608,1627.285717189071,171.22968866969336,0.826543198179482
2011,2011-01-06,True,False,den,sac,102,122,27,28,26,21,0,29,40,22,31,0,away,5.0,206.5,-220.0,180.0,7.0,104.0,0.0,1,True,1161.5348813328474,1544.6995119563687,1273.5478082493955,1432.6865850398206,-383.16463062352136,0.16382671138529337
2011,2011-01-07,True,False,por,min,108,98,37,26,25,20,0,27,16,29,26,0,away,2.5,198.5,-140.0,120.0,4.0,96.5,1.0,1,False,1290.2951380180002,1631.3949285591593,1269.2204473842032,1652.4696191929563,-341.0997905411591,0.19974610530769352
2011,2011-01-07,True,False,no,lal,97,101,24,22,25,26,0,27,24,29,21,0,home,7.5,188.5,310.0,-380.0,3.0,92.0,0.0,1,True,1603.0822190760198,1451.4896223647172,1614.7823031146029,1439.789538326134,151.59259671130258,0.8097341080211088
2011,2011-01-07,True,False,cle,gs,98,116,24,25,28,21,0,33,32,23,28,0,home,10.5,209.0,500.0,-700.0,1.5,102.0,1.0,1,True,1504.7251546103053,1103.6255275901676,1509.618691598719,1098.731990601754,401.09962702013763,0.9470779501028895
2011,2011-01-07,True,False,ny,phx,121,96,30,25,38,28,0,22,23,26,25,0,home,2.5,220.5,115.0,-135.0,4.0,107.0,0.0,0,False,1326.1411664883738,1688.02874030271,1300.1502842841867,1714.0196225068971,-361.8875738143363,0.1813027518931934
2011,2011-01-07,True,False,utah,mem,99,110,23,21,21,34,0,27,22,27,34,0,home,2.0,195.5,110.0,-130.0,0.5,102.0,1.0,1,True,1571.4125140989738,1515.5138743490252,1601.3978625252662,1485.5285259227328,55.89863974994864,0.7104199923232568
2011,2011-01-07,True,False,mia,mil,101,95,30,25,20,16,10,18,30,24,19,4,away,7.5,183.5,-275.0,235.0,2.0,91.5,0.0,1,False,1522.3633139604956,1947.7679172750359,1510.960927653461,1959.1703035820703,-425.4046033145403,0.13317425959646703
2011,2011-01-07,True,False,hou,orl,95,110,28,22,21,24,0,27,26,39,18,0,home,9.0,208.0,425.0,-550.0,5.0,104.0,1.0,0,True,1734.0262132953144,1490.1937870382085,1745.9328040334492,1478.2871963000737,243.8324262571059,0.8786021006988333
2011,2011-01-07,True,False,tor,bos,102,122,22,23,32,25,0,34,33,27,28,0,home,9.0,200.5,450.0,-600.0,1.5,98.0,1.0,1,True,1725.9519962042825,1321.2352156442225,1730.900235998474,1316.286975850031,404.71678056006,0.948111913837824
2011,2011-01-07,True,False,chi,phi,99,105,30,26,18,25,0,28,26,32,19,0,away,2.5,190.0,-120.0,100.0,0.0,93.0,0.0,1,True,1510.9126259121163,1673.748366127108,1561.3817647827705,1623.2792272564539,-162.8357402149918,0.4105452998532278
2011,2011-01-07,True,False,bkn,wsh,77,97,13,24,20,20,0,30,26,15,26,0,home,4.5,190.0,175.0,-210.0,3.0,94.5,1.0,0,True,1207.5901429200474,1296.4603030849057,1272.4247320759857,1231.6257139289673,-88.87016016485836,0.5160116504151867
2011,2011-01-07,True,False,sa,ind,90,87,19,29,16,26,0,20,27,28,12,0,away,5.0,200.0,-225.0,185.0,4.0,98.0,0.0,0,False,1329.1574442670958,1747.5129535733652,1320.7442178193594,1755.9261800211016,-418.35550930626937,0.1379286372048305
2011,2011-01-08,True,False,mem,okc,100,109,20,27,30,23,0,27,22,34,26,0,home,6.5,203.5,250.0,-300.0,3.5,98.0,1.0,1,True,1627.285717189071,1601.3978625252662,1659.5166605913505,1569.1669191229867,25.887854663804774,0.6736342766010603
2011,2011-01-08,True,False,orl,dal,117,107,19,32,29,37,0,28,29,24,26,0,away,6.0,189.0,-255.0,215.0,6.0,94.0,1.0,1,False,1698.565961645608,1745.9328040334492,1637.881165421506,1806.6176002575512,-47.36684238784119,0.5751710384643248
2011,2011-01-08,True,False,bos,chi,79,90,21,21,22,15,0,22,24,21,23,0,home,2.0,188.0,120.0,-140.0,0.0,92.5,1.0,0,True,1623.2792272564539,1730.900235998474,1679.1461241135387,1675.0333391413892,-107.6210087420202,0.4890342454491364
2011,2011-01-08,True,False,utah,hou,103,99,19,19,26,25,14,27,25,15,22,10,home,0.0,208.0,-110.0,-110.0,4.0,106.5,0.0,0,False,1478.2871963000737,1485.5285259227328,1433.6447788705198,1530.1709433522867,-7.241329622659123,0.6304066707312459
2011,2011-01-08,True,False,ind,atl,93,108,24,26,18,25,0,29,26,29,24,0,home,7.0,192.0,265.0,-325.0,2.5,95.0,1.0,1,True,1695.8573358734354,1320.7442178193594,1701.2637555747915,1315.3377981180033,375.11311805407604,0.9390589330878693
2011,2011-01-08,True,False,wsh,cha,89,104,20,26,25,18,0,26,23,28,27,0,home,3.5,189.0,145.0,-165.0,1.5,95.0,1.0,1,True,1324.743973695391,1272.4247320759857,1358.8081084568212,1238.3605973145557,52.319241619405375,0.7061628216796838
2011,2011-01-08,True,False,phi,det,109,112,34,22,18,25,10,30,22,19,28,13,home,1.5,193.0,105.0,-125.0,1.5,95.0,1.0,1,True,1344.2720359037144,1561.3817647827705,1384.6781893771276,1520.9756113093572,-217.1097288790561,0.3375709404830506
2011,2011-01-08,True,False,mil,bkn,115,92,28,27,33,27,0,15,30,20,27,0,home,0.0,178.0,100.0,-120.0,3.0,89.0,0.0,1,False,1231.6257139289673,1510.960927653461,1194.9008206548524,1547.685820927576,-279.33521372449377,0.2626313806740682
2011,2011-01-09,True,False,mia,por,107,100,27,19,19,28,14,26,18,23,26,7,away,5.0,183.5,-245.0,195.0,3.0,91.0,1.0,1,False,1652.4696191929563,1959.1703035820703,1631.125280369994,1980.5146424050326,-306.70068438911403,0.23328311947682903
2011,2011-01-09,True,False,no,den,96,87,23,31,24,18,0,22,21,23,21,0,home,5.0,201.5,185.0,-225.0,6.0,99.5,0.0,0,False,1432.6865850398206,1439.789538326134,1368.7989237227894,1503.6771996431653,-7.10295328631355,0.6305922448111482
2011,2011-01-09,True,False,ny,lal,87,109,21,26,23,17,0,25,27,29,28,0,home,6.5,212.0,240.0,-300.0,2.5,104.5,1.0,0,True,1614.7823031146029,1714.0196225068971,1683.6117512797803,1645.1901743417197,-99.23731939229424,0.5010975838607585
2011,2011-01-09,True,False,sac,tor,112,118,31,19,35,27,0,34,23,28,33,0,home,6.5,205.5,240.0,-300.0,1.5,102.5,0.0,1,True,1316.286975850031,1273.5478082493955,1341.3642996831302,1248.4704844162964,42.73916760063548,0.6945912922211376
2011,2011-01-09,True,False,gs,lac,91,105,28,20,25,18,0,32,30,29,14,0,home,4.0,210.5,155.0,-185.0,2.5,103.0,1.0,0,True,1410.4114176439148,1509.618691598719,1469.852588265217,1450.1775209774166,-99.20727395480412,0.5011408225043831
2011,2011-01-09,True,False,min,sa,91,94,21,23,23,24,0,18,32,24,20,0,home,11.5,211.0,710.0,-1060.0,5.0,104.0,0.0,0,True,1755.9261800211016,1269.2204473842032,1757.2805595102432,1267.8660678950616,486.70573263689835,0.9669891086635298
2011,2011-01-09,True,False,cle,phx,100,108,26,26,29,19,0,26,25,30,27,0,home,10.5,211.5,600.0,-850.0,7.5,105.5,0.0,0,True,1300.1502842841867,1098.731990601754,1312.2156024490798,1086.6666724368608,201.4182936824327,0.8500640089328368
2011,2011-01-10,True,False,hou,bos,108,102,27,23,30,28,0,22,27,25,28,0,home,9.5,198.0,400.0,-500.0,6.5,98.0,0.0,1,False,1675.0333391413892,1433.6447788705198,1614.539150333545,1494.138967678364,241.38856027086945,0.8770935892644256
2011,2011-01-10,True,False,det,chi,82,95,25,30,15,12,0,20,23,33,19,0,home,10.0,188.0,450.0,-600.0,8.5,92.5,1.0,0,True,1679.1461241135387,1384.6781893771276,1687.5401834820127,1376.2841300086536,294.46793473641105,0.9064245698228203
2011,2011-01-10,True,False,mem,cha,82,96,15,16,26,25,0,22,22,24,28,0,away,3.5,192.0,-150.0,130.0,5.5,94.5,0.0,0,True,1358.8081084568212,1569.1669191229867,1436.697415660421,1491.2776119193868,-210.35881066616548,0.3463150990945287
2011,2011-01-11,True,False,ind,phi,111,103,27,30,27,27,0,23,26,32,22,0,home,6.0,196.0,190.0,-230.0,5.0,96.0,0.0,1,False,1520.9756113093572,1315.3377981180033,1452.5643966720452,1383.7490127553153,205.63781319135387,0.8531335815009882
2011,2011-01-11,True,False,sac,wsh,133,136,19,37,25,45,7,38,16,40,32,10,home,7.0,196.5,240.0,-300.0,6.0,97.0,0.0,1,True,1238.3605973145557,1248.4704844162964,1261.139842886428,1225.691238844424,-10.109887101740696,0.6265510838439555
2011,2011-01-11,True,False,sa,min,107,96,36,27,25,19,0,25,28,23,20,0,away,6.5,207.0,-275.0,225.0,0.5,101.5,1.0,0,False,1267.8660678950616,1757.2805595102432,1257.361933003569,1767.7846944017358,-489.41449161518153,0.09607215565356667
2011,2011-01-11,True,False,phx,den,98,132,32,23,17,26,0,20,44,38,30,0,home,4.5,218.5,165.0,-195.0,0.0,107.5,1.0,1,True,1368.7989237227894,1312.2156024490798,1411.5535291202882,1269.460997051581,56.583321273709544,0.7112301461107482
2011,2011-01-11,True,False,ny,por,100,86,29,27,19,25,0,23,27,16,20,0,home,4.5,203.5,150.0,-180.0,3.5,101.0,0.0,0,False,1631.125280369994,1645.1901743417197,1557.105634255313,1719.2098204564008,-14.064893971725724,0.621208825353336
2011,2011-01-11,True,False,cle,lal,57,112,12,13,16,16,0,27,30,35,20,0,home,16.0,197.5,1550.0,-4400.0,2.0,95.0,1.0,0,True,1683.6117512797803,1086.6666724368608,1685.583330015423,1084.6950937012182,596.9450788429194,0.9822234450702968
2011,2011-01-12,True,False,orl,no,89,92,21,18,22,20,8,17,23,27,14,11,away,3.0,190.0,-155.0,135.0,2.5,92.0,0.0,0,True,1503.6771996431653,1806.6176002575512,1550.2070722381948,1760.0877276625217,-302.9404006143859,0.2371770858404039
2011,2011-01-12,True,False,lal,gs,115,110,21,24,24,46,0,26,27,24,33,0,away,6.0,207.0,-250.0,210.0,7.0,104.0,0.0,1,False,1450.1775209774166,1685.583330015423,1425.3881513524377,1710.3726996404018,-235.40580903800628,0.3144366048456243
2011,2011-01-12,True,False,bkn,phx,109,118,28,29,27,19,6,28,27,18,30,15,home,5.5,201.5,190.0,-230.0,5.5,99.5,1.0,1,True,1269.460997051581,1194.9008206548524,1294.7280585248775,1169.633759181556,74.5601763967286,0.7320109104921868
2011,2011-01-12,True,False,ny,utah,125,131,32,25,37,31,0,31,34,35,31,0,home,7.0,209.0,250.0,-300.0,1.5,104.0,0.0,1,True,1530.1709433522867,1719.2098204564008,1583.7180478817145,1665.662715926973,-189.03887710411414,0.37459617599152883
2011,2011-01-12,True,False,okc,hou,118,112,31,21,30,36,0,31,23,25,33,0,away,3.0,209.5,-155.0,135.0,3.5,102.0,1.0,1,False,1494.138967678364,1659.5166605913505,1459.2908449513106,1694.3647833184039,-165.3776929129865,0.4070089205484167
2011,2011-01-12,True,False,mia,lac,105,111,26,32,20,27,0,44,24,18,25,0,away,7.0,193.0,-320.0,260.0,10.0,97.0,0.0,1,True,1469.852588265217,1980.5146424050326,1548.112524032858,1902.2547066373918,-510.6620541398156,0.08596247125105101
2011,2011-01-12,True,False,dal,ind,89,102,26,26,17,20,0,25,27,25,25,0,home,2.0,191.5,110.0,-130.0,1.5,93.5,1.0,0,True,1383.7490127553153,1637.881165421506,1465.9985004784692,1555.6316776983522,-254.13215266619068,0.2916764186266821
2011,2011-01-12,True,False,sac,bos,95,119,22,27,18,28,0,28,29,33,29,0,home,13.0,196.5,1000.0,-1500.0,5.5,96.5,1.0,1,True,1614.539150333545,1225.691238844424,1620.3080356091252,1219.9223535688438,388.84791148912086,0.9434295422706951
2011,2011-01-12,True,False,mem,det,107,99,21,22,30,34,0,26,20,18,35,0,away,3.0,195.0,-155.0,135.0,3.0,98.5,1.0,1,False,1376.2841300086536,1491.2776119193868,1330.029948262928,1537.5317936651124,-114.99348191073318,0.4784360297782561
2011,2011-01-12,True,False,atl,tor,104,101,27,33,15,29,0,21,34,22,24,0,away,4.0,206.0,-170.0,150.0,1.0,103.5,0.0,0,False,1341.3642996831302,1701.2637555747915,1330.2013886353259,1712.4266666225958,-359.8994558916613,0.18300768648354318
2011,2011-01-12,True,False,sa,mil,91,84,21,22,22,26,0,26,25,15,18,0,away,3.0,190.0,-155.0,135.0,4.0,93.5,1.0,0,False,1547.685820927576,1767.7846944017358,1517.1506851568452,1798.3198301724667,-220.09887347415975,0.3337340071917018
2011,2011-01-12,True,False,chi,cha,91,96,22,20,28,21,0,36,19,14,27,0,away,3.0,185.0,-150.0,130.0,5.0,92.0,0.0,1,True,1436.697415660421,1687.5401834820127,1492.2301896335384,1632.0074095088953,-250.84276782159168,0.29560383463033296
2011,2011-01-13,True,False,wsh,min,97,109,18,30,29,20,0,28,27,27,27,0,home,4.5,208.0,165.0,-190.0,0.0,103.0,1.0,0,True,1257.361933003569,1261.139842886428,1298.550540807537,1219.95123508246,-3.7779098828589213,0.6350396860295553
2011,2011-01-13,True,False,mia,den,102,130,23,20,25,34,0,26,34,38,32,0,home,2.0,205.0,110.0,-130.0,3.0,102.0,1.0,1,True,1411.5535291202882,1902.2547066373918,1545.575412826718,1768.232822930962,-490.7011775171036,0.09543085721960659
2011,2011-01-13,True,False,orl,okc,124,125,24,36,26,38,0,35,29,32,29,0,away,1.5,203.0,-116.0,105.0,2.0,100.0,0.0,1,True,1694.3647833184039,1760.0877276625217,1708.1144348304795,1746.338076150446,-65.72294434411788,0.549169226126749
2011,2011-01-14,True,False,cha,bos,94,99,24,18,24,28,0,24,18,27,30,0,home,8.0,188.5,360.0,-470.0,5.5,94.0,0.0,1,True,1620.3080356091252,1492.2301896335384,1635.1238599344174,1477.4143653082463,128.0778459755868,0.7880016380259091
2011,2011-01-14,True,False,bkn,lal,88,100,24,16,23,25,0,22,23,25,30,0,home,13.5,192.0,1100.0,-2000.0,7.0,95.0,0.0,0,True,1710.3726996404018,1169.633759181556,1712.1601171506481,1167.8463416713096,540.738940458846,0.9755981026497276
2011,2011-01-14,True,False,cle,utah,99,121,25,25,33,16,0,31,39,23,28,0,home,14.5,199.5,1500.0,-3300.0,3.0,98.5,1.0,1,True,1583.7180478817145,1084.6950937012182,1586.5546407767938,1081.8585008061389,499.0229541804963,0.9691790079492567
2011,2011-01-14,True,False,no,hou,110,105,21,29,14,31,15,28,19,29,19,10,home,2.0,196.5,110.0,-130.0,1.5,98.0,0.0,1,False,1459.2908449513106,1550.2070722381948,1418.841761400982,1590.6561557885234,-90.91622728688412,0.5130696219022185
2011,2011-01-14,True,False,por,phx,111,115,36,23,27,25,0,28,28,29,30,0,away,2.0,195.5,-120.0,100.0,0.0,98.0,0.0,1,True,1294.7280585248775,1557.105634255313,1345.575685943112,1506.2580068370785,-262.3775757304354,0.2819680169449946
2011,2011-01-14,True,False,mil,phi,94,95,23,26,23,22,0,28,27,22,18,0,home,4.5,185.5,185.0,-225.0,0.5,91.0,0.0,1,True,1452.5643966720452,1517.1506851568452,1466.2646579223053,1503.450423906585,-64.58628848479998,0.5507886598946955
2011,2011-01-14,True,False,sac,ny,93,83,24,22,23,24,0,15,27,16,25,0,home,9.0,220.0,385.0,-510.0,8.5,107.5,0.0,0,False,1665.662715926973,1219.9223535688438,1595.7078134809503,1289.8772560148666,445.74036235812923,0.9585738410446328
2011,2011-01-14,True,False,chi,ind,99,86,28,25,26,20,0,24,17,22,23,0,home,0.0,191.5,-120.0,100.0,4.0,95.5,0.0,0,False,1465.9985004784692,1632.0074095088953,1418.8390241954282,1679.1668857919362,-166.00890903042614,0.4061322454545825
2011,2011-01-14,True,False,det,tor,101,95,31,30,22,18,0,26,28,20,21,0,home,5.5,207.0,195.0,-240.0,5.0,103.0,0.0,0,False,1330.2013886353259,1330.029948262928,1275.3889266090862,1384.8424102891677,0.17144037239791032,0.6402923298777566
2011,2011-01-14,True,False,dal,sa,89,101,19,23,19,28,0,27,30,28,16,0,home,9.5,193.0,480.0,-680.0,1.0,95.5,1.0,0,True,1798.3198301724667,1555.6316776983522,1809.4088428976363,1544.5426649731826,242.68815247411453,0.8778977776614526
2011,2011-01-14,True,False,lac,gs,112,122,39,23,24,26,0,35,34,25,28,0,home,3.0,214.5,135.0,-160.0,0.5,108.0,1.0,1,True,1425.3881513524377,1548.112524032858,1481.5873438977712,1491.9133314875244,-122.72437268042017,0.4673435531069975
2011,2011-01-15,True,False,tor,wsh,95,98,25,17,25,28,0,19,28,28,23,0,home,5.5,208.5,175.0,-210.0,1.5,103.5,0.0,0,True,1219.95123508246,1275.3889266090862,1246.5592674298414,1248.7808942617048,-55.43769152662617,0.5637809509615865
2011,2011-01-15,True,False,hou,atl,112,106,29,27,27,29,0,31,27,24,24,0,home,8.5,204.0,350.0,-440.0,5.0,102.5,0.0,1,False,1712.4266666225958,1418.841761400982,1652.4606586158313,1478.8077694077465,293.5849052216138,0.9059925321461766
2011,2011-01-15,True,False,sac,det,106,110,36,34,10,26,0,27,32,23,28,0,home,4.5,198.5,175.0,-210.0,5.0,98.5,0.0,1,True,1384.8424102891677,1289.8772560148666,1400.725138971724,1273.9945273323103,94.96515427430109,0.7544168804661333
2011,2011-01-15,True,False,no,cha,88,81,25,23,21,19,0,21,21,25,14,0,home,3.5,183.0,140.0,-160.0,3.0,90.5,0.0,0,False,1477.4143653082463,1590.6561557885234,1433.4093873675315,1634.6611337292381,-113.24179048027713,0.48095275340528293
2011,2011-01-15,True,False,orl,min,108,99,20,28,33,27,0,29,26,18,26,0,away,8.0,209.5,-380.0,315.0,9.5,103.5,1.0,0,False,1298.550540807537,1746.338076150446,1286.495180857327,1758.3934361006561,-447.7875353429092,0.11899037053940127
2011,2011-01-15,True,False,dal,mem,70,89,19,17,12,22,0,31,15,21,22,0,home,4.0,192.0,165.0,-190.0,1.5,95.0,1.0,0,True,1537.5317936651124,1544.5426649731826,1586.2079753657813,1495.8664832725137,-7.010871308070136,0.6307157129495582
2011,2011-01-15,True,False,cle,den,99,127,22,27,21,29,0,34,46,25,22,0,home,17.0,213.5,2250.0,-4500.0,2.0,103.5,1.0,1,True,1545.575412826718,1081.8585008061389,1549.3719042358616,1078.0620093969953,463.71691202057923,0.9624935842609018
2011,2011-01-15,True,False,mia,chi,96,99,19,34,17,26,0,28,20,25,26,0,home,2.5,187.5,125.0,-145.0,3.5,93.0,1.0,1,True,1679.1668857919362,1768.232822930962,1708.705868180548,1738.6938405423502,-89.06593713902566,0.5157301885800387
2011,2011-01-15,True,False,bkn,por,89,96,26,27,23,13,0,18,28,28,22,0,home,9.5,184.5,425.0,-550.0,9.5,93.0,0.0,1,True,1506.2580068370785,1167.8463416713096,1511.3313174322793,1162.7730310761087,338.4116651657689,0.9257866951127666
2011,2011-01-16,True,False,den,sa,97,110,24,21,22,30,0,20,37,25,28,0,home,6.5,209.0,250.0,-300.0,0.5,103.0,1.0,0,True,1809.4088428976363,1549.3719042358616,1819.7112631265386,1539.0694840069593,260.0369386617747,0.888205346001627
2011,2011-01-16,True,False,lal,lac,92,99,22,23,26,21,0,27,17,24,31,0,away,5.5,196.5,-240.0,200.0,4.0,96.5,0.0,0,True,1491.9133314875244,1712.1601171506481,1552.8909434618658,1651.1825051763067,-220.24678566312377,0.33354470908610684
2011,2011-01-17,True,False,dal,det,89,103,18,19,25,27,0,21,20,34,28,0,away,4.5,189.0,-180.0,160.0,4.5,94.0,0.0,1,True,1400.725138971724,1495.8664832725137,1459.469151501826,1437.1224707424117,-95.1413443007898,0.5069917118513689
2011,2011-01-17,True,False,utah,wsh,101,108,18,21,29,33,0,21,21,36,30,0,away,5.0,197.0,-200.0,170.0,5.0,100.5,0.0,1,True,1246.5592674298414,1586.5546407767938,1319.6856813534837,1513.4282268531515,-339.9953733469524,0.2007642823815727
2011,2011-01-17,True,False,okc,lal,94,101,28,27,20,19,0,28,30,23,20,0,home,5.0,202.5,175.0,-210.0,2.0,102.0,1.0,0,True,1651.1825051763067,1708.1144348304795,1691.2882072970017,1668.0087327097845,-56.93192965417279,0.5616644124174505
2011,2011-01-17,True,False,min,por,102,113,29,17,27,29,0,30,20,38,25,0,home,7.5,201.0,300.0,-360.0,3.5,99.0,1.0,1,True,1511.3313174322793,1286.495180857327,1523.252976287962,1274.5735220016443,224.83613657495243,0.866447529458367
2011,2011-01-17,True,False,orl,bos,106,109,22,32,27,25,0,27,28,26,28,0,home,3.0,193.5,135.0,-155.0,2.0,95.5,2.0,1,True,1635.1238599344174,1758.3934361006561,1667.6619293936865,1725.855366641387,-123.26957616623872,0.4665623698978608
2011,2011-01-17,True,False,mil,hou,84,93,15,24,27,18,0,18,21,35,19,0,home,5.0,196.5,175.0,-210.0,3.5,98.5,1.0,0,True,1478.8077694077465,1503.450423906585,1518.6464876023504,1463.6117057119811,-24.64265449883851,0.6067787391360198
2011,2011-01-17,True,False,bkn,gs,100,109,28,18,27,27,0,28,26,25,30,0,home,7.0,204.5,260.0,-320.0,2.0,100.5,1.0,1,True,1481.5873438977712,1162.7730310761087,1487.9133242396056,1156.4470507342744,318.8143128216625,0.9176538830715284
2011,2011-01-17,True,False,tor,no,81,85,16,28,21,16,0,20,17,25,23,0,home,9.0,194.0,350.0,-450.0,8.0,96.0,0.0,0,True,1634.6611337292381,1248.7808942617048,1637.5986952359126,1245.8433327550304,385.88023946753333,0.9425108659355244
2011,2011-01-17,True,False,cha,phi,92,96,23,16,20,27,6,22,18,25,21,10,home,5.5,189.5,190.0,-230.0,3.5,95.0,0.0,0,True,1466.2646579223053,1433.4093873675315,1488.0408437079172,1411.6332015819196,32.855270554773824,0.6823898454422473
2011,2011-01-17,True,False,chi,mem,96,84,26,27,26,17,0,17,25,18,24,0,home,5.0,187.0,175.0,-210.0,5.0,91.5,0.0,0,False,1586.2079753657813,1708.705868180548,1533.4279948721771,1761.485848674152,-122.4978928147666,0.46766810725862973
2011,2011-01-17,True,False,phx,ny,129,121,39,22,36,32,0,30,34,27,30,0,home,6.5,224.0,230.0,-270.0,3.0,110.0,0.0,1,False,1595.7078134809503,1345.575685943112,1527.4668435551228,1413.8166558689395,250.13212753783841,0.8824172362982217
2011,2011-01-17,True,False,ind,lac,107,114,31,27,22,27,0,26,29,26,33,0,home,3.5,199.0,145.0,-165.0,4.5,97.5,1.0,1,True,1552.8909434618658,1418.8390241954282,1569.536081195386,1402.193886461908,134.0519192664376,0.7936896865773643
2011,2011-01-17,True,False,sac,atl,98,100,32,30,20,16,0,27,26,20,27,0,home,9.5,202.0,425.0,-550.0,10.0,100.0,0.0,0,True,1652.4606586158313,1273.9945273323103,1654.5592833458438,1271.8959026022978,378.466131283521,0.9401541889288293
2011,2011-01-18,True,False,atl,mia,93,89,19,15,24,19,16,11,24,20,22,12,home,5.5,192.5,200.0,-240.0,3.5,96.0,0.0,0,False,1738.6938405423502,1654.5592833458438,1690.1820218398725,1703.0711020483216,84.13455719650642,0.7426836113726027
2011,2011-01-18,True,False,cha,chi,83,82,27,20,17,19,0,24,20,22,16,0,home,8.0,184.0,315.0,-390.0,6.5,91.0,0.0,0,False,1761.485848674152,1411.6332015819196,1740.4692768274272,1432.6497734286445,349.8526470922325,0.9301866490510284
2011,2011-01-19,True,False,ind,gs,108,110,29,29,25,25,0,28,25,28,29,0,home,5.0,214.0,185.0,-225.0,5.5,105.5,0.0,1,True,1487.9133242396056,1402.193886461908,1499.2922392176793,1390.8149714838344,85.71943777769752,0.7444232539386744
2011,2011-01-19,True,False,ny,hou,89,104,27,23,21,18,0,36,24,22,22,0,home,2.5,222.5,115.0,-135.0,2.5,111.0,1.0,0,True,1518.6464876023504,1527.4668435551228,1563.9932871718815,1482.1200439855916,-8.820355952772388,0.6282863473912019
2011,2011-01-19,True,False,por,sac,94,90,21,25,19,20,9,26,22,17,20,5,away,1.5,195.0,-125.0,105.0,0.5,95.5,1.0,0,False,1271.8959026022978,1523.252976287962,1251.0062660665794,1544.1426128236803,-251.3570736856641,0.29498774886124357
2011,2011-01-19,True,False,lal,dal,100,109,31,25,17,27,0,23,29,30,27,0,away,3.0,188.5,-160.0,140.0,1.0,94.5,0.0,1,True,1437.1224707424117,1691.2882072970017,1508.8894312161738,1619.5212468232396,-254.16573655459,0.29163647916537233
2011,2011-01-19,True,False,min,lac,111,126,19,29,31,32,0,29,31,32,34,0,home,6.5,213.5,250.0,-300.0,0.5,103.0,1.0,1,True,1569.536081195386,1274.5735220016443,1578.3287709697936,1265.7808322272367,294.96255919374175,0.9066657947668258
2011,2011-01-19,True,False,wsh,mil,87,100,27,22,17,21,0,19,28,28,25,0,home,6.0,188.5,220.0,-260.0,5.0,94.0,1.0,0,True,1463.6117057119811,1319.6856813534837,1483.6249944929968,1299.672392572468,143.92602435849744,0.8028417742828208
2011,2011-01-19,True,False,okc,den,107,112,24,31,31,21,0,27,28,30,27,0,home,3.5,221.5,145.0,-165.0,2.5,110.0,1.0,0,True,1539.0694840069593,1668.0087327097845,1581.7639563372443,1625.3142603794995,-128.93924870282513,0.45844912039703944
2011,2011-01-19,True,False,phi,orl,98,99,21,27,22,20,8,17,27,19,27,9,home,9.0,199.5,400.0,-525.0,8.0,100.0,0.0,0,True,1725.855366641387,1488.0408437079172,1728.93872535621,1484.9574849930943,237.8145229334698,0.8748584616638106
2011,2011-01-19,True,False,utah,bkn,95,103,19,29,16,31,0,27,21,29,26,0,away,6.5,193.0,-285.0,240.0,5.0,101.0,0.0,1,True,1156.4470507342744,1513.4282268531515,1235.1880154460116,1434.6872621414143,-356.9811761188771,0.18553278610155974
2011,2011-01-19,True,False,tor,sa,95,104,23,30,16,26,0,22,20,33,29,0,home,12.5,204.5,800.0,-1200.0,12.5,101.0,0.0,0,True,1819.7112631265386,1245.8433327550304,1821.014865407741,1244.539730473828,573.8679303715082,0.97974906718988
2011,2011-01-19,True,False,det,bos,82,86,22,23,16,21,0,22,20,16,28,0,home,12.0,191.5,750.0,-1100.0,9.5,95.5,0.0,0,True,1667.6619293936865,1459.469151501826,1676.1626940395554,1450.968386855957,208.1927778918605,0.8549668352541896
2011,2011-01-19,True,False,mem,no,102,103,26,25,16,25,10,18,24,25,25,11,home,3.5,184.5,145.0,-165.0,4.0,91.0,0.0,1,True,1637.5986952359126,1533.4279948721771,1644.114475459999,1526.9122146480906,104.17070036373548,0.7641018644175634
2011,2011-01-19,True,False,phx,cle,106,98,36,26,28,16,0,28,21,28,21,0,away,7.0,214.5,-335.0,275.0,0.0,105.5,1.0,0,False,1078.0620093969953,1413.8166558689395,1058.2710858332327,1433.607579432702,-335.75464647194417,0.2047099427148887
2011,2011-01-20,True,False,phi,cha,97,100,27,23,18,29,0,30,26,18,26,0,home,4.5,187.5,165.0,-190.0,0.0,93.0,0.0,1,True,1432.6497734286445,1484.9574849930943,1458.987839273061,1458.619419148678,-52.307711564449846,0.5682068524960622
2011,2011-01-20,True,False,dal,chi,77,82,20,15,25,17,0,19,25,12,26,0,home,3.5,185.5,140.0,-160.0,2.0,92.0,1.0,0,True,1740.4692768274272,1508.8894312161738,1748.7349181138313,1500.6237899297696,231.5798456112534,0.8708760680846114
2011,2011-01-20,True,False,lac,por,93,108,27,23,21,22,0,23,32,29,24,0,home,3.0,194.5,125.0,-145.0,0.0,95.5,1.0,1,True,1544.1426128236803,1578.3287709697936,1593.721314011464,1528.7500697820099,-34.18615814611326,0.5935968958106176
2011,2011-01-21,True,False,lal,den,107,97,22,27,33,25,0,25,27,20,25,0,away,1.0,209.0,-115.0,-105.0,1.5,105.0,1.0,0,False,1581.7639563372443,1619.5212468232396,1519.6593167805552,1681.6258863799287,-37.75729048599533,0.5886283262015213
2011,2011-01-21,True,False,ny,sa,92,101,27,23,21,21,0,29,32,16,24,0,home,9.0,213.0,375.0,-475.0,1.5,104.5,2.0,0,True,1821.014865407741,1482.1200439855916,1826.6161199760509,1476.5187894172816,338.89482142214933,0.9259775581071525
2011,2011-01-21,True,False,hou,mem,110,115,37,30,21,22,0,32,26,29,28,0,home,3.5,205.5,145.0,-165.0,4.5,102.5,1.0,1,True,1526.9122146480906,1563.9932871718815,1559.2694098891163,1531.6360919308559,-37.08107252379091,0.5895705793315936
2011,2011-01-21,True,False,phx,wsh,109,91,22,30,31,26,0,33,20,18,20,0,home,1.0,212.5,-105.0,-115.0,0.5,107.5,0.0,0,False,1299.672392572468,1433.607579432702,1241.2017401611329,1492.0782318440372,-133.93518686023413,0.45131805185861956
2011,2011-01-21,True,False,sac,gs,112,119,28,23,23,30,8,27,24,31,22,15,home,6.5,216.5,220.0,-260.0,4.5,106.5,1.0,1,True,1499.2922392176793,1251.0062660665794,1507.9918357246565,1242.3066695596021,248.28597315109982,0.8813100878499979
2011,2011-01-21,True,False,utah,bos,86,110,19,22,22,23,0,30,29,26,25,0,home,6.0,194.5,215.0,-255.0,2.5,101.0,1.0,1,True,1676.1626940395554,1434.6872621414143,1690.1780074514622,1420.6719487295074,241.4754318981411,0.8771474872121389
2011,2011-01-21,True,False,no,atl,100,59,19,30,21,30,0,17,17,11,14,0,home,4.0,183.0,160.0,-180.0,6.0,89.5,0.0,0,False,1703.0711020483216,1644.114475459999,1592.1815547784727,1755.004022729848,58.95662658832248,0.7140279231644812
2011,2011-01-21,True,False,tor,orl,72,112,18,23,16,15,0,26,21,26,39,0,home,12.5,207.0,950.0,-1500.0,6.0,103.0,1.0,0,True,1728.93872535621,1244.539730473828,1732.6193911128714,1240.8590647171666,484.3989948823819,0.9665626000840603
2011,2011-01-21,True,False,det,bkn,74,89,18,23,19,14,0,21,25,21,22,0,home,2.0,190.0,110.0,-130.0,0.5,94.5,1.0,0,True,1235.1880154460116,1450.968386855957,1315.7913070988361,1370.3650952031326,-215.78037140994547,0.3392842662110419
2011,2011-01-21,True,False,mil,cle,102,88,27,26,26,23,0,25,16,29,18,0,away,6.5,189.0,-290.0,245.0,0.0,92.5,1.0,1,False,1058.2710858332327,1483.6249944929968,1042.3987978440523,1499.4972824821773,-425.3539086597641,0.1332079507939317
2011,2011-01-22,True,False,sa,no,72,96,12,26,10,24,0,13,28,31,24,0,away,2.0,185.5,-130.0,110.0,1.5,90.5,0.0,0,True,1755.004022729848,1826.6161199760509,1820.0460329116402,1761.5741097942587,-71.6120972462029,0.5407628052280746
2011,2011-01-22,True,False,gs,lac,109,113,22,34,26,27,0,34,31,21,27,0,home,9.0,215.0,350.0,-450.0,2.0,106.5,0.0,1,True,1528.7500697820099,1507.9918357246565,1551.8444071636056,1484.8974983430608,20.75823405735332,0.6671094290938212
2011,2011-01-22,True,False,ind,por,92,97,28,25,17,22,0,19,27,21,30,0,home,5.0,192.5,190.0,-230.0,5.0,94.5,2.0,0,True,1593.721314011464,1390.8149714838344,1603.476646952787,1381.0596385425115,202.9063425276297,0.8511525064136385
2011,2011-01-22,True,False,mem,mil,94,81,21,22,29,22,0,19,21,19,22,0,home,2.5,185.0,120.0,-140.0,1.5,91.0,0.0,0,False,1499.4972824821773,1559.2694098891163,1434.7455028009674,1624.0211895703262,-59.772127406939035,0.5576352358384262
2011,2011-01-22,True,False,orl,hou,118,104,34,34,32,18,0,26,25,25,28,0,away,3.0,209.0,-155.0,135.0,3.0,103.0,1.0,1,False,1531.6360919308559,1732.6193911128714,1488.903579601726,1775.3519034420012,-200.98329918201557,0.35863200085079355
2011,2011-01-22,True,False,ny,okc,98,101,30,30,17,21,0,31,22,22,26,0,home,8.0,219.0,310.0,-380.0,8.0,106.5,0.0,0,True,1625.3142603794995,1476.5187894172816,1635.5490749304681,1466.283974866313,148.7954709622179,0.8072410466733797
2011,2011-01-22,True,False,cle,chi,79,92,17,21,24,17,0,22,26,24,20,0,home,15.5,191.5,1400.0,-2400.0,6.0,94.0,0.0,0,True,1748.7349181138313,1042.3987978440523,1749.3847922884568,1041.7489236694269,706.336120269779,0.9904502420984164
2011,2011-01-22,True,False,tor,mia,103,120,17,23,37,26,0,32,34,26,28,0,home,10.0,196.5,638.0,-800.0,2.5,97.0,1.0,1,True,1690.1820218398725,1240.8590647171666,1693.7459322559293,1237.2951543011097,449.32295712270593,0.9593850831172267
2011,2011-01-22,True,False,atl,cha,103,87,24,20,32,27,0,29,20,18,20,0,home,3.0,185.0,130.0,-150.0,0.0,92.0,0.0,1,False,1458.987839273061,1592.1815547784727,1402.5941171516647,1648.5752768998689,-133.19371550541177,0.452375217506238
2011,2011-01-22,True,False,bos,wsh,83,85,35,21,16,11,0,20,26,24,15,0,away,7.0,190.5,-290.0,245.0,1.5,93.5,0.0,0,True,1241.2017401611329,1690.1780074514622,1283.8233981089884,1647.5563495036067,-448.97626729032936,0.1182748870906918
2011,2011-01-22,True,False,utah,phi,85,96,22,19,22,22,0,26,21,23,26,0,home,2.0,198.0,110.0,-130.0,1.0,101.5,1.0,0,True,1458.619419148678,1420.6719487295074,1491.4103919603492,1387.8809759178362,37.947470419170486,0.6887087444387715
2011,2011-01-22,True,False,dal,bkn,87,86,22,26,20,19,0,26,19,23,18,0,away,5.0,187.0,-210.0,175.0,2.0,92.5,0.0,0,False,1315.7913070988361,1500.6237899297696,1304.1931675990336,1512.2219294295721,-184.8324828309335,0.3802858713614409
2011,2011-01-22,True,False,phx,det,74,75,17,21,23,13,0,21,15,11,28,0,away,2.0,206.0,-130.0,110.0,0.5,101.5,0.0,0,True,1370.3650952031326,1492.0782318440372,1386.5661020952848,1475.877224951885,-121.71313664090462,0.4687929022564532
2011,2011-01-23,True,False,ind,den,107,121,30,21,27,29,0,27,32,34,28,0,home,10.0,214.0,450.0,-600.0,3.5,106.0,1.0,1,True,1519.6593167805552,1381.0596385425115,1540.8044902432164,1359.9144650798503,138.59967823804368,0.7979434555141409
2011,2011-01-24,True,False,sac,por,96,81,25,20,25,26,0,20,23,22,16,0,home,7.0,193.5,285.0,-345.0,6.0,95.5,0.0,0,False,1603.476646952787,1242.3066695596021,1519.7406150489821,1326.042701463407,361.1699773931848,0.9343005603001064
2011,2011-01-24,True,False,sa,gs,113,102,34,28,28,23,0,34,21,23,24,0,away,5.5,211.5,-210.0,175.0,0.5,104.5,1.0,1,False,1484.8974983430608,1761.5741097942587,1455.8572434997288,1790.6143646375906,-276.6766114511979,0.26560586972159206
2011,2011-01-24,True,False,mil,chi,83,92,18,14,26,25,0,19,29,20,24,0,home,7.0,178.0,250.0,-300.0,1.5,87.0,1.0,0,True,1749.3847922884568,1434.7455028009674,1755.8722330734245,1428.2580620159997,314.63928948748935,0.9158194712810194
2011,2011-01-24,True,False,okc,no,89,91,33,12,26,18,0,19,31,21,20,0,home,3.5,190.5,145.0,-165.0,0.5,93.0,0.0,0,True,1820.0460329116402,1635.5490749304681,1826.6889832340053,1628.906124608103,184.49695798117205,0.8372212064499333
2011,2011-01-24,True,False,hou,min,129,125,39,26,35,29,0,31,32,25,37,0,away,3.0,221.0,-150.0,130.0,1.5,108.5,1.0,1,False,1265.7808322272367,1488.903579601726,1242.4206619191427,1512.26374990982,-223.12274737448934,0.3298747702200228
2011,2011-01-24,True,False,cle,bkn,101,103,29,25,23,24,0,26,22,25,30,0,home,9.5,194.0,400.0,-525.0,9.0,96.0,0.0,1,True,1304.1931675990336,1041.7489236694269,1308.421375947667,1037.5207153207934,262.4442439296067,0.8895739705004958
2011,2011-01-24,True,False,wsh,ny,106,115,26,36,29,15,0,33,29,31,22,0,home,7.5,211.0,290.0,-350.0,5.5,104.0,1.0,1,True,1466.283974866313,1283.8233981089884,1480.368353665041,1269.7390193102603,182.4605767573246,0.8356173406982919
2011,2011-01-24,True,False,det,orl,103,96,27,29,19,28,0,26,20,19,31,0,home,12.0,190.5,700.0,-1000.0,12.5,95.5,0.0,1,False,1775.3519034420012,1386.5661020952848,1713.1985149561153,1448.7194905811707,388.7858013467164,0.9434104575309855
2011,2011-01-24,True,False,mem,tor,100,98,25,26,29,20,0,24,25,25,24,0,away,5.0,202.0,-225.0,185.0,3.0,100.0,0.0,0,False,1237.2951543011097,1624.0211895703262,1229.5107655037616,1631.8055783676743,-386.7260352692165,0.16103763724229042
2011,2011-01-24,True,False,phx,phi,95,105,25,22,23,25,0,26,35,26,18,0,home,4.5,206.5,160.0,-190.0,2.5,102.0,1.0,0,True,1491.4103919603492,1475.877224951885,1526.6930038521375,1440.5946130600967,15.533167008464261,0.6603966611767262
2011,2011-01-25,True,False,den,wsh,120,109,33,35,28,24,0,26,30,23,30,0,away,4.5,208.5,-190.0,160.0,2.0,104.0,1.0,1,False,1269.7390193102603,1540.8044902432164,1240.0047013374822,1570.5388082159945,-271.06547093295603,0.27195385950793405
2011,2011-01-25,True,False,cle,bos,95,112,26,19,24,26,0,34,33,24,21,0,home,16.5,197.0,1600.0,-4800.0,3.0,96.5,1.0,1,True,1647.5563495036067,1037.5207153207934,1648.8602752160464,1036.2167896083538,610.0356341828133,0.983492475290673
2011,2011-01-25,True,False,lac,dal,105,112,33,29,16,27,0,25,29,27,31,0,home,7.0,192.5,250.0,-300.0,7.0,94.5,2.0,1,True,1512.2219294295721,1551.8444071636056,1550.0986583479964,1513.9676782451813,-39.62247773403351,0.5860259926082863
2011,2011-01-25,True,False,cha,sac,94,89,21,31,24,18,0,19,23,25,22,0,home,1.0,192.5,100.0,-120.0,3.5,95.5,0.0,0,False,1326.042701463407,1402.5941171516647,1283.9676387160403,1444.6691798990314,-76.55141568825775,0.5336940825480884
2011,2011-01-25,True,False,utah,lal,91,120,22,16,27,26,0,37,29,27,27,0,home,8.0,199.0,320.0,-400.0,3.5,99.0,1.0,1,True,1681.6258863799287,1387.8809759178362,1692.4910379347734,1377.0158243629915,293.74491046209255,0.9060709499137272
2011,2011-01-26,True,False,no,gs,112,103,34,27,32,19,0,21,28,27,27,0,away,1.5,198.5,-125.0,105.0,3.5,98.5,1.0,1,False,1455.8572434997288,1826.6889832340053,1438.2503863226952,1844.2958404110389,-370.8317397342764,0.17378547535555355
2011,2011-01-26,True,False,sa,utah,112,105,29,29,30,24,0,25,24,29,27,0,away,3.5,196.0,-155.0,135.0,2.0,98.5,1.0,1,False,1377.0158243629915,1790.6143646375906,1364.0951117978173,1803.5350772027648,-413.59854027459915,0.14121702986764018
2011,2011-01-26,True,False,cha,phx,114,107,31,28,33,22,0,26,31,30,20,0,home,6.5,199.5,240.0,-285.0,6.0,100.0,0.0,1,False,1440.5946130600967,1444.6691798990314,1382.5276059412781,1502.73618701785,-4.074566838934743,0.6346438121938153
2011,2011-01-26,True,False,lac,hou,83,96,22,30,21,10,0,27,28,15,26,0,home,8.5,212.5,330.0,-420.0,4.5,103.5,1.0,0,True,1512.26374990982,1513.9676782451813,1554.321624887737,1471.9098032672644,-1.7039283353612973,0.6378021863238522
2011,2011-01-26,True,False,okc,min,118,117,25,29,29,27,8,28,28,23,31,7,away,5.0,220.5,-235.0,195.0,5.5,108.0,0.0,1,False,1242.4206619191427,1628.906124608103,1237.5035504973002,1633.8232360299455,-386.4854626889603,0.16122482417706016
2011,2011-01-26,True,False,mem,bkn,88,93,32,21,13,22,0,16,26,18,33,0,away,3.5,192.0,-170.0,150.0,0.0,95.5,0.0,0,True,1308.421375947667,1631.8055783676743,1370.1867782045451,1570.0401761107962,-323.38420242000734,0.21654710561872617
2011,2011-01-26,True,False,phi,tor,107,94,20,30,34,23,0,29,21,27,17,0,away,3.5,200.0,-165.0,145.0,2.5,100.0,1.0,1,False,1229.5107655037616,1526.6930038521375,1201.2676917593733,1554.9360775965258,-297.1822383483759,0.24322625827107977
2011,2011-01-26,True,False,orl,ind,111,96,24,38,24,25,0,21,27,24,24,0,away,6.0,203.5,-240.0,200.0,1.5,99.5,1.0,1,False,1359.9144650798503,1713.1985149561153,1336.8856370472874,1736.2273429886782,-353.28404987626504,0.18877031818217715
2011,2011-01-26,True,False,atl,mil,90,98,23,24,28,15,0,22,22,20,34,0,away,2.0,180.5,-130.0,110.0,0.5,89.0,0.0,1,True,1428.2580620159997,1648.5752768998689,1492.6982598640877,1584.1350790517808,-220.31721488386916,0.33345459258040944
2011,2011-01-26,True,False,den,det,109,100,29,27,24,29,0,24,26,24,26,0,away,1.5,204.0,-125.0,105.0,0.5,100.5,1.0,1,False,1448.7194905811707,1570.5388082159945,1401.2397472692414,1618.0185515279238,-121.81931763482385,0.46864069369440337
2011,2011-01-27,True,False,mia,ny,88,93,24,24,25,15,0,23,23,18,29,0,away,3.5,214.0,-155.0,135.0,2.0,105.5,0.0,0,True,1480.368353665041,1693.7459322559293,1532.2124886553,1641.9017972656704,-213.37757859088833,0.34239175767225244
2011,2011-01-27,True,False,hou,dal,106,111,15,32,34,25,0,33,31,24,23,0,home,6.5,205.0,240.0,-285.0,2.0,101.5,0.0,1,True,1550.0986583479964,1554.321624887737,1578.9180140674569,1525.5022691682766,-4.2229665397405824,0.63444571187747
2011,2011-01-27,True,False,bos,por,88,78,21,20,23,24,0,18,19,21,20,0,away,5.0,183.0,-200.0,170.0,1.5,90.0,1.0,0,False,1519.7406150489821,1648.8602752160464,1471.3980468360057,1697.2028434290228,-129.11966016706424,0.4581912915783478
2011,2011-01-28,True,False,min,utah,100,108,25,30,22,23,0,32,26,27,23,0,home,6.5,213.5,270.0,-340.0,3.0,106.5,1.0,0,True,1364.0951117978173,1237.5035504973002,1382.4105984816335,1219.188063813484,126.59156130051701,0.7865688362250038
2011,2011-01-28,True,False,orl,chi,90,99,23,28,17,22,0,24,22,34,19,0,away,1.5,189.0,-130.0,110.0,1.0,92.0,0.0,2,True,1755.8722330734245,1736.2273429886782,1789.0904055376068,1703.0091705244959,19.644890084746294,0.6656846500472048
2011,2011-01-28,True,False,cha,gs,121,113,22,22,27,30,20,28,22,26,25,12,home,4.0,209.5,150.0,-180.0,0.5,103.5,0.0,1,False,1438.2503863226952,1502.73618701785,1384.98746931283,1555.9991040277152,-64.4858006951547,0.5509317771244227
2011,2011-01-28,True,False,sac,lal,100,95,30,29,26,15,0,33,22,16,24,0,home,12.0,199.0,850.0,-1450.0,10.0,99.0,0.0,0,False,1692.4910379347734,1283.9676387160403,1639.3638753235348,1337.094801327279,408.5233992187332,0.9491793980008901
2011,2011-01-28,True,False,wsh,okc,117,124,29,23,28,23,14,21,35,19,28,21,home,10.0,208.5,600.0,-850.0,5.5,103.0,0.0,1,True,1633.8232360299455,1240.0047013374822,1637.437749597509,1236.3901877699186,393.81853469246334,0.9449374015331921
2011,2011-01-28,True,False,bos,phx,71,88,16,19,23,13,0,30,19,26,13,0,away,4.5,200.5,-210.0,175.0,5.5,98.0,0.0,0,True,1382.5276059412781,1697.2028434290228,1481.0672640954833,1598.6631852748176,-314.67523748774465,0.2251731358761431
2011,2011-01-28,True,False,det,mia,87,88,22,20,26,19,0,19,20,25,24,0,home,8.5,189.5,375.0,-485.0,7.0,92.5,0.0,0,True,1641.9017972656704,1401.2397472692414,1644.934234422652,1398.2073101122598,240.662049996429,0.8766420424910599
2011,2011-01-28,True,False,bkn,ind,92,124,27,27,24,14,0,33,35,36,20,0,home,6.0,195.0,220.0,-270.0,1.5,95.5,1.0,1,True,1336.8856370472874,1370.1867782045451,1399.2202758413737,1307.852139410459,-33.30114115725769,0.5948253188861827
2011,2011-01-28,True,False,mem,phi,99,94,21,19,17,42,0,18,26,29,21,0,home,4.0,195.0,160.0,-190.0,1.5,97.5,0.0,0,False,1554.9360775965258,1570.0401761107962,1506.0726341682703,1618.9036195390518,-15.10409851427039,0.6198001597089806
2011,2011-01-28,True,False,den,cle,117,103,31,39,23,24,0,24,26,33,20,0,away,9.5,215.0,-650.0,450.0,0.5,103.5,1.0,1,False,1036.2167896083538,1618.0185515279238,1029.2135554502242,1625.0217856860534,-581.80176191957,0.058774542886975006
2011,2011-01-28,True,False,ny,atl,102,111,21,22,33,26,0,30,30,31,20,0,home,7.0,205.5,235.0,-295.0,1.5,100.5,1.0,1,True,1584.1350790517808,1532.2124886553,1612.4810504206316,1503.8665172864492,51.92259039648093,0.7056888194495451
2011,2011-01-28,True,False,mil,tor,116,110,32,23,26,23,12,22,35,21,26,6,away,2.5,192.5,-140.0,120.0,3.0,96.5,1.0,1,False,1201.2676917593733,1492.6982598640877,1179.9164254551772,1514.0495261682838,-291.43056810471444,0.24937228093685126
2011,2011-01-29,True,False,bkn,mil,81,91,25,12,24,20,0,22,23,23,23,0,home,6.5,184.5,235.0,-275.0,1.0,92.0,1.0,0,True,1514.0495261682838,1307.852139410459,1526.860827593734,1295.0408379850087,206.19738675782492,0.8535367237597286
2011,2011-01-29,True,False,atl,dal,91,102,24,25,29,13,0,28,24,25,25,0,home,5.0,190.0,180.0,-220.0,2.0,94.5,1.0,1,True,1578.9180140674569,1612.4810504206316,1623.2578814190822,1568.1411830690063,-33.563036353174766,0.5944619255304981
2011,2011-01-29,True,False,cha,lac,88,103,23,19,18,28,0,24,33,26,20,0,home,6.0,192.0,235.0,-275.0,1.0,95.5,1.0,0,True,1471.9098032672644,1555.9991040277152,1530.1153707000854,1497.7935365948942,-84.0893007604509,0.5228813438212562
2011,2011-01-29,True,False,no,sac,96,102,22,24,21,29,0,24,32,20,26,0,away,4.5,186.5,-210.0,175.0,4.5,92.5,0.0,1,True,1337.094801327279,1844.2958404110389,1415.2195950726662,1766.1710466656516,-507.20103908375995,0.08754086355151913
2011,2011-01-29,True,False,hou,sa,95,108,26,25,20,24,0,25,28,23,32,0,home,8.0,211.0,330.0,-400.0,5.0,104.5,1.0,0,True,1803.5350772027648,1525.5022691682766,1812.7947405003847,1516.2426058706567,278.0328080344882,0.8980855661042539
2011,2011-01-29,True,False,wsh,mem,93,107,28,22,17,26,0,33,26,27,21,0,home,9.0,197.0,370.0,-470.0,2.0,98.0,1.0,1,True,1618.9036195390518,1236.3901877699186,1623.9497036156777,1231.3441036932927,382.51343176913315,0.9414516777779816
2011,2011-01-29,True,False,ind,chi,89,110,27,24,21,17,0,25,30,22,33,0,home,7.0,193.0,280.0,-340.0,3.0,93.0,1.0,1,True,1789.0904055376068,1399.2202758413737,1794.5954615221824,1393.715219856798,389.8701296962331,0.943742773817629
2011,2011-01-29,True,False,tor,min,87,103,20,19,20,28,0,21,28,31,23,0,home,5.0,220.0,170.0,-200.0,0.5,108.0,1.0,0,True,1219.188063813484,1179.9164254551772,1256.3319365981622,1142.772552670499,39.271638358306745,0.6903405744954092
2011,2011-01-30,True,False,den,phi,99,110,34,17,21,27,0,32,22,28,28,0,home,2.0,207.5,100.0,-120.0,0.5,102.5,1.0,1,True,1506.0726341682703,1625.0217856860534,1563.7192197142635,1567.37520014006,-118.9491515177831,0.4727569860173124
2011,2011-01-30,True,False,utah,gs,81,96,25,20,16,20,0,31,18,22,25,0,home,4.5,213.0,155.0,-185.0,1.5,106.5,1.0,0,True,1384.98746931283,1382.4105984816335,1428.3695245161853,1339.0285432782782,2.576870831196402,0.6434752572968035
2011,2011-01-30,True,False,bos,lal,109,96,22,28,27,32,0,21,33,18,24,0,home,3.0,185.5,130.0,-150.0,0.5,93.0,0.0,1,False,1639.3638753235348,1598.6631852748176,1562.1416667107128,1675.8853938876396,40.700690048717206,0.6920963517110221
2011,2011-01-30,True,False,det,ny,106,124,31,31,29,15,0,30,30,31,33,0,home,6.5,203.5,250.0,-310.0,6.0,101.5,1.0,1,True,1503.8665172864492,1398.2073101122598,1531.3272524728648,1370.7465749258442,105.6592071741893,0.765642847805161
2011,2011-01-30,True,False,mia,okc,108,103,35,29,21,23,0,38,23,24,18,0,home,1.0,202.0,-105.0,-115.0,0.5,100.5,0.0,1,False,1637.437749597509,1644.934234422652,1587.7651011242192,1694.606882895942,-7.496484825142943,0.6300643854974485
2011,2011-01-30,True,False,cle,orl,87,103,17,26,20,24,0,33,23,23,24,0,home,18.5,206.0,1700.0,-6000.0,7.0,100.5,0.0,0,True,1703.0091705244959,1029.2135554502242,1703.865260835873,1028.3574651388471,673.7956150742716,0.9885055008436661
2011,2011-01-30,True,False,no,phx,102,104,25,28,27,22,0,27,26,35,16,0,home,1.5,196.0,105.0,-125.0,1.0,96.5,1.0,1,True,1481.0672640954833,1766.1710466656516,1517.0192738514359,1730.219036909699,-285.1037825701683,0.25625160100139144
2011,2011-01-31,True,False,mil,lac,98,105,16,31,26,25,0,26,23,28,28,0,home,3.5,190.5,140.0,-160.0,1.0,94.5,1.0,1,True,1530.1153707000854,1526.860827593734,1562.548362417245,1494.4278358765744,3.2545431063513206,0.6443697017752987
2011,2011-01-31,True,False,den,bkn,99,115,21,29,28,21,0,31,32,22,30,0,away,3.5,205.0,-165.0,145.0,5.5,100.5,0.0,1,True,1295.0408379850087,1567.37520014006,1385.980066882879,1476.4359712421897,-272.3343621550514,0.2705100513853959
2011,2011-01-31,True,False,cha,utah,78,83,18,23,21,16,0,24,19,19,21,0,home,3.0,190.0,135.0,-155.0,1.5,96.0,1.0,0,True,1339.0285432782782,1497.7935365948942,1385.051642376346,1451.7704374968264,-158.76499331661603,0.41622771196698316
2011,2011-01-31,True,False,tor,ind,93,104,21,24,25,23,0,32,19,24,29,0,home,8.5,211.0,330.0,-420.0,2.5,104.0,1.0,0,True,1393.715219856798,1142.772552670499,1403.9500452397508,1132.5377272875462,250.9426671862991,0.8829004871193656
2011,2011-01-31,True,False,orl,mem,97,100,28,30,16,23,0,21,33,32,14,0,away,1.5,196.5,-130.0,110.0,0.5,96.5,0.0,1,True,1623.9497036156777,1703.865260835873,1652.6870948815786,1675.127869569972,-79.9155572201953,0.5288716833249889
2011,2011-01-31,True,False,wsh,dal,92,102,25,24,19,24,0,21,29,24,28,0,home,9.5,196.0,450.0,-600.0,6.0,96.0,1.0,0,True,1623.2578814190822,1231.3441036932927,1627.4750948813682,1227.1268902310067,391.9137777257895,0.9443641112691648
2011,2011-01-31,True,False,cle,mia,90,117,20,37,15,18,0,35,31,23,28,0,home,17.5,198.5,2173.0,-5000.0,8.0,96.0,1.0,1,True,1694.606882895942,1028.3574651388471,1695.6626747041,1027.301673330689,666.2494177570948,0.9880013060951897
2011,2011-02-01,True,False,sa,por,86,99,22,30,19,15,0,24,23,24,28,0,away,5.0,187.5,-225.0,185.0,1.5,92.5,0.0,0,True,1471.3980468360057,1812.7947405003847,1564.3540537160509,1719.8387336203396,-341.396693664379,0.19947304808682417
2011,2011-02-01,True,False,hou,lal,106,114,23,25,26,24,8,31,23,20,24,16,home,8.5,210.5,375.0,-475.0,3.5,105.5,0.0,1,True,1562.1416667107128,1516.2426058706567,1590.0167694109302,1488.3675031704392,45.89906084005611,0.6984362574774514
2011,2011-02-01,True,False,wsh,no,89,97,26,18,21,24,0,29,26,25,17,0,home,9.5,190.0,370.0,-470.0,2.0,93.0,0.0,0,True,1730.219036909699,1227.1268902310067,1732.1569092300049,1225.1890179107008,503.0921466786924,0.9698710747106479
2011,2011-02-01,True,False,bos,sac,95,90,27,18,29,21,0,20,34,17,19,0,away,6.5,191.0,-265.0,225.0,6.0,93.5,0.0,0,False,1415.2195950726662,1675.8853938876396,1392.8323457291085,1698.2726432311972,-260.6657988149734,0.2839673126793626
2011,2011-02-02,True,False,mem,min,102,84,26,23,33,20,0,20,21,16,27,0,away,2.5,209.5,-140.0,120.0,1.0,102.5,1.0,0,False,1256.3319365981622,1652.6870948815786,1236.420736738122,1672.5982947416187,-396.35515828341636,0.15368879190509702
2011,2011-02-02,True,False,mil,phx,77,92,17,14,22,24,0,25,27,19,21,0,home,6.0,200.0,200.0,-240.0,2.5,98.0,1.0,0,True,1517.0192738514359,1494.4278358765744,1556.453628496843,1454.9934812311672,22.591437974861492,0.6694487824927876
2011,2011-02-02,True,False,no,okc,93,104,25,30,17,21,0,29,20,32,23,0,home,7.0,198.0,260.0,-320.0,6.5,95.5,1.0,0,True,1587.7651011242192,1732.1569092300049,1649.3802017939192,1670.5418085603048,-144.39180810578569,0.43646044121693306
2011,2011-02-02,True,False,chi,lac,106,88,28,27,27,24,0,23,26,22,17,0,away,2.5,192.5,-140.0,120.0,0.5,93.0,1.0,1,False,1562.548362417245,1794.5954615221824,1521.2695385384914,1835.874285400936,-232.0470991049374,0.3186193005837338
2011,2011-02-02,True,False,tor,atl,87,100,24,21,24,18,0,28,26,21,25,0,home,10.0,201.5,-650.0,-650.0,2.5,100.5,1.0,0,True,1568.1411830690063,1132.5377272875462,1571.6844528103663,1128.9944575461861,435.60345578146007,0.9561936358144076
2011,2011-02-02,True,False,por,den,90,109,23,23,24,20,0,22,23,32,32,0,home,8.5,204.0,325.0,-400.0,7.0,100.0,1.0,0,True,1476.4359712421897,1564.3540537160509,1540.0511490565273,1500.7388759017133,-87.9180824738612,0.5173802717473228
2011,2011-02-02,True,False,phi,bkn,106,92,28,25,25,28,0,26,18,22,26,0,away,2.5,187.5,-140.0,120.0,1.5,91.0,1.0,1,False,1385.980066882879,1563.7192197142635,1339.5153202250954,1610.1839663720473,-177.73915283138444,0.38995472427552286
2011,2011-02-02,True,False,dal,ny,113,97,27,29,30,27,0,34,18,21,24,0,home,2.0,209.0,110.0,-130.0,2.0,101.5,0.0,1,False,1531.3272524728648,1627.4750948813682,1468.3055018385012,1690.4968455157318,-96.1478424085035,0.5055434732517394
2011,2011-02-02,True,False,hou,utah,97,96,30,24,25,18,0,26,29,27,14,0,home,2.0,203.0,110.0,-130.0,1.5,100.5,0.0,0,False,1385.051642376346,1488.3675031704392,1369.947935884645,1503.4712096621404,-103.31586079409317,0.49522823760499235
2011,2011-02-02,True,False,ind,cle,117,112,35,24,30,28,0,25,29,33,25,0,away,6.5,204.5,-280.0,240.0,2.0,100.0,0.0,1,False,1027.301673330689,1403.9500452397508,1013.9757688906849,1417.2759496797548,-376.6483719090618,0.16903020173574385
2011,2011-02-02,True,False,cha,det,97,87,25,19,24,29,0,21,20,24,22,0,home,2.0,187.0,110.0,-130.0,1.5,92.5,0.0,0,False,1370.7465749258442,1451.7704374968264,1315.1144542811799,1507.4025581414908,-81.02386257098215,0.5272817343737852
2011,2011-02-03,True,False,mia,orl,104,100,30,25,24,25,0,26,19,18,37,0,home,0.0,197.5,-101.0,-109.0,3.5,98.5,0.0,1,False,1675.127869569972,1695.6626747041,1631.7601514107496,1739.0303928633225,-20.534805134127964,0.6124063255559149
2011,2011-02-03,True,False,mil,gs,94,100,22,25,26,21,0,18,28,26,28,0,home,7.5,201.5,250.0,-300.0,5.5,101.0,0.0,0,True,1428.3695245161853,1454.9934812311672,1462.270425155982,1421.0925805913705,-26.623956714981887,0.6040541671901563
2011,2011-02-03,True,False,sa,lal,89,88,22,20,24,23,0,18,24,21,25,0,home,3.0,196.0,130.0,-150.0,2.5,96.5,0.0,0,False,1590.0167694109302,1719.8387336203396,1576.073237300633,1733.7822657306367,-129.82196420940932,0.457187832454582
2011,2011-02-04,True,False,bkn,det,82,92,22,22,19,19,0,28,20,24,20,0,home,5.5,186.5,190.0,-230.0,2.0,91.5,1.0,0,True,1315.1144542811799,1339.5153202250954,1356.5671710166941,1298.062603489581,-24.400865943915505,0.607110782017195
2011,2011-02-04,True,False,utah,den,113,106,23,27,32,31,0,24,23,30,29,0,home,9.0,209.0,400.0,-525.0,7.0,107.0,0.0,1,False,1540.0511490565273,1369.947935884645,1475.4930136238556,1434.5060713173166,170.10321317188232,0.8256115468772731
2011,2011-02-04,True,False,sa,sac,113,100,34,27,30,22,0,19,24,32,25,0,away,4.5,196.0,-210.0,175.0,3.5,94.5,1.0,1,False,1392.8323457291085,1733.7822657306367,1369.622105703171,1756.9925057565742,-340.9499200015282,0.1998840454185393
2011,2011-02-04,True,False,okc,phx,111,107,31,32,17,31,0,36,24,27,20,0,away,2.0,213.5,-140.0,120.0,1.0,104.5,1.0,1,False,1556.453628496843,1649.3802017939192,1520.325231446543,1685.5085988442193,-92.92657329707617,0.5101780731134494
2011,2011-02-04,True,False,cle,mem,105,112,32,27,25,21,0,26,26,31,29,0,home,13.5,202.5,950.0,-1600.0,11.5,100.5,0.0,1,True,1672.5982947416187,1013.9757688906849,1673.289519398573,1013.2845442337307,658.6225258509338,0.9874695292039184
2011,2011-02-04,True,False,dal,bos,101,97,34,20,23,24,0,27,24,26,20,0,home,7.0,188.0,250.0,-310.0,6.5,92.5,0.0,1,False,1698.2726432311972,1690.4968455157318,1652.576009622223,1736.193479124706,7.775797715465387,0.6503111912608205
2011,2011-02-04,True,False,por,ind,87,100,25,29,18,15,0,32,28,26,14,0,home,4.0,192.0,160.0,-190.0,0.5,95.5,1.0,0,True,1417.2759496797548,1500.7388759017133,1472.5738188428666,1445.4410067386016,-83.46292622195847,0.5237808062736149
2011,2011-02-04,True,False,mia,cha,109,97,29,30,24,26,0,26,29,22,20,0,away,4.5,191.0,-225.0,185.0,1.5,95.5,1.0,1,False,1507.4025581414908,1739.0303928633225,1471.3847340076113,1775.048216997202,-231.62783472183173,0.3191434987799352
2011,2011-02-04,True,False,min,tor,100,111,31,24,25,20,0,33,26,27,25,0,home,3.0,218.5,140.0,-165.0,1.0,108.0,1.0,0,True,1128.9944575461861,1236.420736738122,1184.8307286575632,1180.584465626745,-107.42627919193592,0.4893143524202526
2011,2011-02-04,True,False,orl,wsh,110,92,29,22,23,36,0,21,28,15,28,0,away,6.0,202.0,-290.0,230.0,3.5,99.5,1.0,2,False,1225.1890179107008,1631.7601514107496,1206.248740418813,1650.7004289026374,-406.57113350004875,0.14619452300900534
2011,2011-02-04,True,False,lac,atl,100,101,19,31,17,33,0,22,25,32,22,0,home,7.5,195.0,310.0,-400.0,6.5,94.5,0.0,1,True,1571.6844528103663,1521.2695385384914,1580.28211729583,1512.6718740530278,50.41491427187498,0.7038830720646378
2011,2011-02-04,True,False,ny,phi,98,100,21,31,30,16,0,35,16,22,27,0,home,4.5,209.0,155.0,-185.0,3.5,103.5,0.0,0,True,1610.1839663720473,1468.3055018385012,1618.6094924624613,1459.8799757480872,141.8784645335461,0.8009694326063019
2011,2011-02-05,True,False,lal,no,101,95,27,29,25,20,0,19,31,32,13,0,away,5.0,188.5,-210.0,175.0,1.0,93.0,1.0,1,False,1670.5418085603048,1576.073237300633,1611.5653959102237,1635.0496499507142,94.46857125967176,0.753886883804749
2011,2011-02-05,True,False,dal,cha,101,92,31,24,27,19,0,22,23,21,26,0,away,3.0,188.0,-150.0,130.0,2.5,95.0,1.0,1,False,1471.3847340076113,1736.193479124706,1443.1036873336557,1764.4745257986617,-264.80874511709476,0.27914323893062015
2011,2011-02-05,True,False,atl,wsh,99,92,28,24,24,23,0,19,27,25,21,0,away,2.0,195.0,-135.0,115.0,1.5,96.0,1.0,0,False,1206.248740418813,1580.28211729583,1190.5888318330774,1595.9420258815655,-374.03337687701696,0.17115509437435672
2011,2011-02-05,True,False,det,mil,89,78,26,26,14,23,0,22,25,13,18,0,home,7.0,183.0,250.0,-300.0,7.0,91.0,0.0,0,False,1421.0925805913705,1356.5671710166941,1347.0881273354576,1430.571624272607,64.52540957467636,0.7205284472093088
2011,2011-02-05,True,False,por,cle,111,105,23,32,31,25,0,20,37,26,22,0,away,6.0,196.0,-250.0,210.0,5.0,96.5,2.0,1,False,1013.2845442337307,1445.4410067386016,1002.2608659977135,1456.4646849746189,-432.1564625048709,0.12875113573424446
2011,2011-02-05,True,False,den,min,113,100,25,34,28,26,0,23,23,38,16,0,away,4.5,222.5,-200.0,170.0,1.0,109.0,1.0,0,False,1180.584465626745,1475.4930136238556,1152.0607058327587,1504.016773417842,-294.90854799711065,0.2456434957931178
2011,2011-02-05,True,False,okc,utah,121,105,27,35,30,29,0,37,20,24,24,0,home,1.5,206.0,105.0,-125.0,2.0,104.0,0.0,1,False,1434.5060713173166,1685.5085988442193,1397.679554383934,1722.335115777602,-251.00252752690267,0.2954123789146984
2011,2011-02-05,True,False,chi,gs,90,101,25,22,25,18,0,23,25,25,28,0,away,3.5,205.0,-165.0,145.0,2.5,102.5,0.0,0,True,1462.270425155982,1835.874285400936,1552.8545418831188,1745.2901686737991,-373.60386024495415,0.17150613050498786
2011,2011-02-05,True,False,mem,hou,93,95,26,25,20,16,6,20,23,24,20,8,home,4.5,205.5,170.0,-200.0,4.5,101.0,0.0,0,True,1503.4712096621404,1673.289519398573,1532.4332747639228,1644.3274542967906,-169.81830973643264,0.40085436955085374
2011,2011-02-06,True,False,orl,bos,80,91,22,21,18,19,0,17,29,24,21,0,home,4.5,193.5,170.0,-200.0,2.0,94.5,1.0,0,True,1652.576009622223,1650.7004289026374,1691.5851143646883,1611.6913241601721,1.875580719585514,0.642548585453787
2011,2011-02-06,True,False,lac,mia,79,97,19,17,25,18,0,20,27,23,27,0,home,11.5,204.0,675.0,-950.0,3.5,98.5,1.0,0,True,1775.048216997202,1512.6718740530278,1786.384974280993,1501.3351167692367,262.3763429441742,0.8895355687139995
2011,2011-02-06,True,False,phi,ny,103,117,24,27,29,23,0,31,24,31,31,0,home,4.5,209.0,160.0,-180.0,1.5,101.5,1.0,1,True,1459.8799757480872,1618.6094924624613,1529.4329881333927,1549.0564800771558,-158.72951671437409,0.4162773345779076
2011,2011-02-06,True,False,ind,bkn,105,86,33,23,25,24,0,24,19,24,19,0,away,1.5,196.5,-111.0,101.0,3.5,96.0,1.0,0,False,1298.062603489581,1472.5738188428666,1246.0779718460099,1524.5584504864378,-174.51121535328548,0.39438400801705004
2011,2011-02-07,True,False,utah,sac,107,104,30,25,25,27,0,30,26,31,17,0,away,2.0,200.5,-130.0,110.0,2.0,101.5,1.0,1,False,1369.622105703171,1397.679554383934,1332.8971300503133,1434.4045300367916,-28.057448680762946,0.6020788664902909
2011,2011-02-07,True,False,phx,gs,104,92,33,29,27,15,0,17,28,30,17,0,home,5.0,221.0,180.0,-220.0,7.0,110.5,0.0,0,False,1552.8545418831188,1520.325231446543,1478.312265421776,1594.8675079078862,32.52931043657577,0.6819830316895914
2011,2011-02-07,True,False,chi,por,103,109,26,24,22,31,0,28,22,25,34,0,away,2.5,181.5,-140.0,120.0,2.0,89.5,0.0,1,True,1456.4646849746189,1745.2901686737991,1520.4922232382396,1681.2626304101784,-288.82548369918027,0.2521898686433977
2011,2011-02-07,True,False,hou,den,108,103,25,27,29,27,0,26,24,16,37,0,home,5.0,219.5,185.0,-225.0,4.0,107.0,0.0,0,False,1504.016773417842,1532.4332747639228,1456.589478005895,1579.8605701758697,-28.41650134608085,0.6015835808634714
2011,2011-02-07,True,False,cle,dal,96,99,28,21,24,23,0,29,30,18,22,0,home,14.5,206.5,1250.0,-2000.0,5.0,100.5,0.0,0,True,1764.4745257986617,1002.2608659977135,1764.714790704901,1002.0206010914743,762.2136598009482,0.9930587006951739
2011,2011-02-07,True,False,bos,cha,89,94,29,21,19,20,0,25,26,14,29,0,away,4.5,182.5,-190.0,165.0,5.0,90.5,0.0,1,True,1443.1036873336557,1691.5851143646883,1498.412704943728,1636.276096754616,-248.48142703103258,0.29844203472064906
2011,2011-02-07,True,False,lal,mem,93,84,26,24,23,20,0,29,16,23,16,0,away,3.0,193.5,-160.0,140.0,0.5,95.5,1.0,0,False,1644.3274542967906,1635.0496499507142,1578.8505301939028,1700.526574053602,9.277804346076437,0.6522748397696057
2011,2011-02-07,True,False,min,no,104,92,23,37,22,22,0,23,23,24,22,0,home,8.0,202.5,325.0,-400.0,9.0,99.0,0.0,0,False,1611.5653959102237,1152.0607058327587,1537.2079929830281,1226.4181087599543,459.50469007746506,0.961608373550768
2011,2011-02-08,True,False,min,hou,112,108,27,29,27,29,0,29,24,32,23,0,home,9.0,216.5,400.0,-500.0,8.0,105.5,0.0,1,False,1579.8605701758697,1226.4181087599543,1531.121441082382,1275.157237853442,353.44246141591543,0.931516727586649
2011,2011-02-08,True,False,phi,atl,117,83,33,32,23,29,0,15,18,25,25,0,home,3.5,192.0,145.0,-165.0,8.0,95.0,0.0,1,False,1595.9420258815655,1549.0564800771558,1491.3967002634001,1653.6018056953212,46.88554580440973,0.6996309655341586
2011,2011-02-08,True,False,lac,orl,85,101,23,23,19,20,0,21,21,24,35,0,home,9.5,202.5,425.0,-550.0,8.5,100.5,1.0,0,True,1611.6913241601721,1501.3351167692367,1637.462185402145,1475.5642555272639,110.35620739093542,0.7704595111070784
2011,2011-02-08,True,False,sa,det,100,89,26,26,19,29,0,25,26,15,23,0,away,6.5,188.5,-300.0,250.0,4.0,94.5,1.0,1,False,1430.571624272607,1756.9925057565742,1407.2178982673258,1780.3462317618555,-326.42088148396715,0.21359615266244036
2011,2011-02-08,True,False,ind,mia,112,117,29,37,31,15,0,33,30,27,27,0,home,10.5,199.0,500.0,-700.0,9.0,100.0,0.0,1,True,1786.384974280993,1524.5584504864378,1793.3061151546694,1517.6373096127613,261.8265237945552,0.8892241843928701
2011,2011-02-08,True,False,tor,mil,74,92,17,21,20,16,0,24,16,26,26,0,home,7.0,193.0,250.0,-300.0,4.0,94.0,1.0,0,True,1347.0881273354576,1184.8307286575632,1367.2625088264963,1164.6563471665245,162.25739867789434,0.8190130282448875
2011,2011-02-08,True,False,mem,okc,105,101,24,20,30,21,10,27,27,17,24,6,home,7.5,205.0,290.0,-350.0,2.0,98.5,0.0,1,False,1722.335115777602,1578.8505301939028,1672.640567622353,1628.5450783491517,143.48458558369907,0.8024392378919595
2011,2011-02-09,True,False,chi,utah,91,86,21,23,22,25,0,23,18,19,26,0,home,1.0,193.5,110.0,-130.0,0.5,95.5,0.0,0,False,1434.4045300367916,1681.2626304101784,1410.721593762834,1704.945566684136,-246.85810037338683,0.3004022364189029
2011,2011-02-09,True,False,dal,sac,102,100,20,36,18,28,0,28,19,26,27,0,away,5.0,197.5,-230.0,190.0,0.5,96.5,0.0,1,False,1332.8971300503133,1764.714790704901,1326.662853595176,1770.949067160038,-431.8176606545876,0.12897006770686148
2011,2011-02-09,True,False,lac,ny,116,108,28,30,30,28,0,29,18,31,30,0,home,7.5,215.0,290.0,-350.0,7.0,104.0,0.0,1,False,1529.4329881333927,1475.5642555272639,1464.4828440363724,1540.5143996242841,53.86873260612879,0.7080101989092019
2011,2011-02-09,True,False,cha,ind,103,104,28,20,22,33,0,29,29,23,23,0,home,4.0,195.0,155.0,-175.0,0.5,96.5,0.0,1,True,1517.6373096127613,1498.412704943728,1527.6572172148701,1488.3927973416191,19.224604669033397,0.6651460098164317
2011,2011-02-09,True,False,den,gs,114,116,35,33,24,22,0,34,36,30,16,0,home,3.0,222.0,125.0,-145.0,1.0,113.0,0.0,1,True,1478.312265421776,1456.589478005895,1494.0034380780933,1440.8983053495776,21.72278741588093,0.6683413324410487
2011,2011-02-09,True,False,det,cle,103,94,25,30,26,22,0,16,27,27,24,0,home,1.5,194.5,107.0,-118.0,3.5,94.0,0.0,1,False,1002.0206010914743,1407.2178982673258,987.1087951966971,1422.129704162103,-405.19729717585153,0.14718443216623056
2011,2011-02-09,True,False,orl,phi,99,95,18,31,25,25,0,27,20,22,26,0,away,1.5,196.5,-102.0,-108.0,0.0,97.0,1.0,0,False,1653.6018056953212,1637.462185402145,1607.523905662571,1683.5400854348952,16.139620293176222,0.6611791647237144
2011,2011-02-09,True,False,sa,tor,111,100,31,29,21,30,0,29,27,28,16,0,away,8.0,201.0,-360.0,300.0,3.5,98.0,1.0,1,False,1164.6563471665245,1780.3462317618555,1159.3134200345798,1785.6891588938001,-615.689884595331,0.04886709208976102
2011,2011-02-09,True,False,mil,wsh,85,100,19,18,23,25,0,22,25,30,23,0,home,0.0,185.5,102.0,-113.0,2.5,93.0,1.0,0,True,1190.5888318330774,1367.2625088264963,1264.832519427574,1293.0188212319997,-176.6736769934189,0.391414773239263
2011,2011-02-09,True,False,no,bkn,101,103,27,15,29,20,10,23,23,23,22,12,away,3.0,185.0,-150.0,130.0,3.0,91.0,0.0,1,True,1246.0779718460099,1537.2079929830281,1282.346859404693,1500.939105424345,-291.1300211370183,0.2496962690447383
2011,2011-02-10,True,False,lal,bos,92,86,20,25,27,20,0,27,26,15,18,0,home,2.0,188.0,115.0,-135.0,2.5,93.5,0.0,0,False,1636.276096754616,1700.526574053602,1589.0765993186658,1747.7260714895522,-64.25047729898597,0.551266897568638
2011,2011-02-10,True,False,gs,phx,88,112,22,20,19,27,0,32,33,22,25,0,home,6.5,218.0,220.0,-260.0,4.0,107.0,1.0,0,True,1594.8675079078862,1494.0034380780933,1625.6603651389757,1463.2105808470037,100.86406982979292,0.7606536625499385
2011,2011-02-10,True,False,dal,den,120,121,19,39,34,28,0,33,26,29,33,0,home,3.0,209.0,125.0,-145.0,2.0,104.0,0.0,1,True,1440.8983053495776,1770.949067160038,1464.9888282322252,1746.8585442773906,-330.0507618104605,0.2101073205632313
2011,2011-02-11,True,False,lac,cle,119,126,33,20,28,29,9,29,23,31,27,16,away,4.5,206.5,-185.0,165.0,3.0,99.0,0.0,1,True,987.1087951966971,1540.5143996242841,1072.3370782392287,1455.2861165817524,-553.405604427587,0.06849680841711046
2011,2011-02-11,True,False,phx,utah,95,83,19,25,27,24,0,31,25,13,14,0,home,6.0,209.5,200.0,-240.0,1.5,105.5,0.0,0,False,1410.721593762834,1625.6603651389757,1372.3080658719512,1664.0738930298585,-214.93877137614186,0.34037113530257374
2011,2011-02-11,True,False,lal,ny,113,96,30,32,23,28,0,28,20,20,28,0,away,3.0,211.5,-155.0,135.0,3.0,103.5,1.0,0,False,1464.4828440363724,1747.7260714895522,1431.6334263234978,1780.5754892024268,-283.24322745317977,0.2582981491059206
2011,2011-02-11,True,False,mia,det,106,92,25,39,22,20,0,21,22,22,27,0,away,8.0,190.0,-380.0,320.0,2.0,92.5,1.0,1,False,1422.129704162103,1793.3061151546694,1401.4563564195753,1813.9794628971972,-371.1764109925664,0.17350077636631106
2011,2011-02-11,True,False,mil,mem,86,89,17,23,28,18,0,20,25,18,26,0,home,4.0,182.0,155.0,-175.0,0.5,90.5,0.0,0,True,1628.5450783491517,1293.0188212319997,1631.9870835321965,1289.576816048955,335.526257117152,0.9246374096293511
2011,2011-02-11,True,False,sa,phi,71,77,22,24,12,13,0,27,19,14,17,0,away,3.0,195.5,-145.0,125.0,2.0,96.5,0.0,0,True,1607.523905662571,1785.6891588938001,1659.8059567123112,1733.40710784406,-178.16525323122914,0.38937137795108734
2011,2011-02-11,True,False,no,orl,99,93,28,33,19,19,0,24,28,28,13,0,home,8.5,192.0,360.0,-460.0,8.5,96.0,0.0,2,False,1683.5400854348952,1500.939105424345,1623.0335412352636,1561.4456496239766,182.6009800105503,0.8357283293311618
2011,2011-02-11,True,False,min,ind,105,116,31,27,32,15,0,31,25,27,33,0,home,9.0,217.5,400.0,-500.0,7.0,106.0,1.0,1,True,1527.6572172148701,1275.157237853442,1537.7986878289903,1265.0157672393218,252.49997936142813,0.8838241364852234
2011,2011-02-11,True,False,bkn,cha,94,89,24,28,20,22,0,21,16,23,29,0,home,6.5,187.5,240.0,-285.0,7.0,92.5,0.0,0,False,1488.3927973416191,1282.346859404693,1432.605506544663,1338.1341502016492,206.04593793692607,0.8534277037039278
2011,2011-02-11,True,False,por,tor,102,96,23,32,17,30,0,19,28,23,26,0,away,3.5,196.5,-175.0,155.0,1.0,96.5,1.0,1,False,1159.3134200345798,1520.4922232382396,1143.7383506489743,1536.067292623845,-361.17880320365975,0.1819091440808309
2011,2011-02-12,True,False,ind,mil,103,97,32,19,24,28,0,29,20,23,25,0,home,2.5,192.0,120.0,-140.0,3.0,94.0,0.0,1,False,1289.576816048955,1537.7986878289903,1263.9974025167703,1563.378101361175,-248.22187178003537,0.29875495938591057
2011,2011-02-12,True,False,dal,hou,106,102,23,34,25,24,0,25,19,23,35,0,home,0.0,206.5,-125.0,105.0,4.0,101.5,0.0,1,False,1531.121441082382,1746.8585442773906,1507.090980695438,1770.8890046643346,-215.73710319500856,0.339340102999072
2011,2011-02-12,True,False,sa,wsh,118,94,37,35,29,17,0,18,27,20,29,0,away,6.5,195.5,-300.0,245.0,4.5,95.5,1.0,1,False,1264.832519427574,1733.40710784406,1249.6770794847407,1748.5625477868932,-468.574588416486,0.10700686687616398
2011,2011-02-12,True,False,okc,sac,99,97,27,27,21,24,0,24,21,27,25,0,away,4.0,208.5,-200.0,170.0,1.5,100.5,0.0,0,False,1326.662853595176,1672.640567622353,1317.2224776018963,1682.0809436156328,-345.97771402717694,0.19529546689066885
2011,2011-02-12,True,False,phi,min,107,87,28,26,31,22,0,32,18,24,13,0,away,4.5,206.0,-190.0,160.0,1.5,100.5,1.0,0,False,1265.0157672393218,1659.8059567123112,1244.2703161769603,1680.5514077746727,-394.79018947298937,0.15486419751832745
2011,2011-02-12,True,False,cha,atl,88,86,27,12,29,20,0,27,25,20,14,0,home,7.5,187.5,285.0,-350.0,0.0,93.5,0.0,0,False,1491.3967002634001,1432.605506544663,1458.80675048122,1465.1954563268432,58.79119371873708,0.7138334297861659
2011,2011-02-12,True,False,ny,bkn,105,95,27,32,13,33,0,21,33,14,27,0,away,1.5,205.5,-150.0,130.0,0.5,101.0,1.0,0,False,1338.1341502016492,1431.6334263234978,1284.3935167303255,1485.3740597948215,-93.49927612184865,0.5093542021181817
2011,2011-02-12,True,False,chi,no,97,88,24,18,30,25,0,22,31,21,14,0,away,3.0,181.5,-150.0,130.0,4.0,90.0,1.0,1,False,1561.4456496239766,1704.945566684136,1517.0982270565007,1749.292989251612,-143.49991706015953,0.4377236569928759
2011,2011-02-13,True,False,okc,gs,94,100,20,23,23,28,0,23,24,27,26,0,home,2.0,216.0,100.0,-120.0,0.5,107.0,1.0,0,True,1463.2105808470037,1682.0809436156328,1520.121513168343,1625.1700112942935,-218.8703627686291,0.33530832312151654
2011,2011-02-13,True,False,wsh,cle,115,100,35,33,27,20,0,23,23,33,21,0,home,2.5,207.5,115.0,-135.0,4.5,101.5,0.0,1,False,1072.3370782392287,1249.6770794847407,1024.6982803964788,1297.3158773274906,-177.34000124551198,0.3905014625093588
2011,2011-02-13,True,False,den,mem,108,116,26,41,23,18,0,31,24,27,34,0,home,3.0,210.0,120.0,-140.0,4.0,103.0,1.0,1,True,1631.9870835321965,1464.9888282322252,1646.648412531681,1450.3274992327406,166.99825529997133,0.8230231660591286
2011,2011-02-13,True,False,sac,phx,113,108,30,20,28,35,0,32,25,24,27,0,home,9.5,205.5,450.0,-600.0,3.5,101.0,0.0,1,False,1664.0738930298585,1317.2224776018963,1609.6919457342042,1371.6044248975506,346.85141542796214,0.9290563517287074
2011,2011-02-13,True,False,lac,tor,93,98,24,24,23,22,0,24,24,30,20,0,away,2.5,208.0,-135.0,115.0,1.5,102.0,0.0,0,True,1143.7383506489743,1455.2861165817524,1204.5748447359156,1394.4496224948111,-311.547765932778,0.22832968563536432
2011,2011-02-13,True,False,lal,orl,75,89,21,20,19,15,0,24,21,20,24,0,home,0.0,193.5,-120.0,100.0,1.5,97.0,1.0,0,True,1623.0335412352636,1780.5754892024268,1692.3885103400728,1711.2205200976175,-157.5419479671632,0.4179394099876661
2011,2011-02-13,True,False,mia,bos,82,85,20,23,18,21,0,15,24,35,11,0,away,3.0,189.0,-160.0,135.0,0.5,93.5,0.0,0,True,1589.0765993186658,1813.9794628971972,1630.0901251719986,1772.9659370438644,-224.90286357853142,0.3276135186593791
2011,2011-02-13,True,False,por,det,105,100,20,27,27,31,0,21,28,21,30,0,away,2.0,184.0,-145.0,125.0,2.0,92.0,1.0,1,False,1401.4563564195753,1536.067292623845,1365.9515337878183,1571.572115255602,-134.61093620426982,0.4503549728318364
2011,2011-02-14,True,False,sa,bkn,102,85,27,32,21,22,0,23,25,18,19,0,away,8.0,190.5,-450.0,350.0,1.0,93.5,1.0,0,False,1284.3935167303255,1748.5625477868932,1270.4734945680686,1762.48256994915,-464.16903105656775,0.10945448079023833
2011,2011-02-14,True,False,lal,cha,89,109,22,21,17,29,0,24,25,29,31,0,away,5.0,185.5,-220.0,180.0,6.0,92.0,0.0,1,True,1465.1954563268432,1711.2205200976175,1558.7777322088195,1617.6382442156412,-246.0250637707743,0.3014109930492271
2011,2011-02-14,True,False,atl,det,94,79,20,33,21,20,0,27,24,17,11,0,away,4.0,185.5,-180.0,160.0,2.0,92.5,1.0,0,False,1365.9515337878183,1458.80675048122,1303.7003966664313,1521.057887602607,-92.85521669340164,0.5102807205382036
2011,2011-02-14,True,False,lac,mil,78,102,17,28,20,13,0,22,25,24,31,0,home,5.5,187.5,210.0,-250.0,3.5,91.0,1.0,0,True,1263.9974025167703,1394.4496224948111,1341.0036796073475,1317.443345404234,-130.45221997804083,0.4562876120823511
2011,2011-02-14,True,False,por,min,95,81,29,27,21,18,0,14,34,13,20,0,away,3.0,202.0,-150.0,130.0,1.0,99.0,1.0,0,False,1244.2703161769603,1571.572115255602,1218.9207819655776,1596.9216494669847,-327.3017990786418,0.21274560467783524
2011,2011-02-14,True,False,den,hou,102,121,32,22,14,34,0,19,39,30,33,0,home,2.5,221.0,120.0,-140.0,0.5,108.0,1.0,1,True,1507.090980695438,1450.3274992327406,1543.083259511789,1414.3352204163896,56.76348146269743,0.7114430979369981
2011,2011-02-15,True,False,cha,chi,94,106,23,22,28,21,0,29,23,26,28,0,home,10.0,183.0,425.0,-550.0,4.0,91.0,1.0,1,True,1749.292989251612,1558.7777322088195,1764.2816375737032,1543.7890838867283,190.51525704279243,0.8418875879203404
2011,2011-02-15,True,False,utah,phx,101,102,27,26,20,28,0,29,21,26,26,0,home,4.5,208.0,165.0,-190.0,4.0,105.0,0.0,0,True,1609.6919457342042,1372.3080658719512,1612.7830731439244,1369.216938462231,237.38387986225302,0.8745868077365105
2011,2011-02-15,True,False,no,gs,89,102,32,21,18,18,0,22,36,25,19,0,home,3.0,203.0,115.0,-135.0,0.5,100.0,1.0,0,True,1520.121513168343,1517.0982270565007,1561.3276299280878,1475.8921102967558,3.0232861118422534,0.6440645837603187
2011,2011-02-15,True,False,sac,okc,96,126,24,26,25,21,0,37,31,32,26,0,home,9.0,207.0,400.0,-500.0,0.5,100.0,1.0,1,True,1625.1700112942935,1371.6044248975506,1639.097244138373,1357.6771920534711,253.5655863967429,0.8844525013195521
2011,2011-02-15,True,False,mia,ind,110,103,41,17,24,28,0,19,35,29,20,0,away,5.5,206.0,-240.0,200.0,2.0,101.5,1.0,1,False,1563.378101361175,1772.9659370438644,1531.599865270762,1804.7441731342774,-209.5878356826895,0.3473204819381618
2011,2011-02-15,True,False,phi,mem,91,102,10,34,31,16,0,26,29,22,25,0,home,3.0,192.0,135.0,-155.0,2.5,94.0,1.0,1,True,1646.648412531681,1680.5514077746727,1691.0398716838383,1636.1599486225155,-33.902995242991665,0.5939900603514677
2011,2011-02-16,True,False,lal,cle,99,104,21,25,25,28,0,29,22,23,30,0,away,11.0,201.0,-800.0,600.0,10.0,98.5,0.0,1,True,1024.6982803964788,1617.6382442156412,1099.1739117476764,1543.1626128644436,-592.9399638191624,0.05532633463144159
2011,2011-02-16,True,False,wsh,orl,76,101,18,21,16,21,0,17,31,32,21,0,home,12.5,200.5,700.0,-1000.0,4.5,98.5,1.0,0,True,1692.3885103400728,1297.3158773274906,1698.008212635857,1291.6961750317064,395.0726330125822,0.9453118158030147
2011,2011-02-16,True,False,gs,utah,107,100,20,28,28,31,0,23,25,28,24,0,home,5.0,208.5,185.0,-225.0,3.5,105.0,0.0,0,False,1369.216938462231,1561.3276299280878,1335.3212829059044,1595.2232854844144,-192.11069146585692,0.37046283468782465
2011,2011-02-16,True,False,den,mil,94,87,27,19,25,23,0,16,27,28,16,0,home,1.5,200.5,105.0,-125.0,0.5,97.5,0.0,0,False,1341.0036796073475,1414.3352204163896,1291.7513429923536,1463.5875570313835,-73.33154080904205,0.5383038014139819
2011,2011-02-16,True,False,no,por,96,103,26,23,27,20,0,35,13,22,33,0,home,5.5,184.0,190.0,-230.0,4.0,90.5,1.0,1,True,1596.9216494669847,1475.8921102967558,1614.784051203779,1458.0297085599616,121.02953917022887,0.7811444739750164
2011,2011-02-16,True,False,ind,det,109,115,22,33,23,26,5,33,27,24,20,11,away,1.5,200.0,-125.0,105.0,1.5,99.0,0.0,1,True,1303.7003966664313,1531.599865270762,1361.5945288858459,1473.7057330513474,-227.89946860433065,0.32382503226153697
2011,2011-02-16,True,False,bkn,bos,80,94,22,24,24,10,0,27,19,24,24,0,home,10.5,185.5,550.0,-750.0,7.0,91.0,1.0,0,True,1630.0901251719986,1270.4734945680686,1635.896188232989,1264.6674315070782,359.61663060392993,0.9337495504997647
2011,2011-02-16,True,False,atl,ny,90,102,19,26,20,25,0,26,26,26,24,0,home,2.5,205.5,115.0,-135.0,1.0,100.0,1.0,0,True,1485.3740597948215,1521.057887602607,1531.4747175976765,1474.957229799752,-35.68382780778552,0.5915154348976766
2011,2011-02-16,True,False,mia,tor,103,95,29,21,30,23,0,27,19,26,23,0,away,9.0,204.0,-500.0,400.0,4.5,100.5,0.0,0,False,1204.5748447359156,1804.7441731342774,1199.432441441677,1809.886576428516,-600.1693283983618,0.05319110451762664
2011,2011-02-16,True,False,lac,min,98,90,23,20,29,26,0,20,22,20,28,0,home,1.5,209.0,105.0,-125.0,0.0,101.0,0.0,0,False,1218.9207819655776,1317.443345404234,1170.3762857861955,1365.987841583616,-98.52256343865633,0.5021261893103426
2011,2011-02-16,True,False,phi,hou,114,105,23,32,31,28,0,23,29,26,27,0,home,4.5,205.0,170.0,-200.0,4.0,101.0,0.0,1,False,1543.083259511789,1636.1599486225155,1491.417087108347,1687.8261210259575,-93.07668911072642,0.5099621267244767
2011,2011-02-16,True,False,sac,dal,100,116,25,23,28,24,0,25,36,35,20,0,home,11.0,204.5,600.0,-800.0,3.0,100.5,1.0,1,True,1770.8890046643346,1357.6771920534711,1775.25850291232,1353.3076938054858,413.2118126108635,0.9504656038170332
2011,2011-02-17,True,False,sa,chi,99,109,25,26,24,24,0,30,28,25,26,0,home,2.0,187.0,110.0,-130.0,1.0,91.5,1.0,1,True,1764.2816375737032,1762.48256994915,1801.9383310884891,1724.825876434364,1.7990676245531176,0.6424474177902381
2011,2011-02-17,True,False,dal,phx,112,106,28,26,31,27,0,25,26,29,26,0,away,2.5,205.5,-145.0,125.0,0.5,100.5,1.0,1,False,1612.7830731439244,1775.25850291232,1577.5891821357693,1810.452393920475,-162.47542976839554,0.4110473238780132
2011,2011-02-22,True,False,min,mil,88,94,23,21,23,21,0,26,18,23,27,0,home,8.0,193.0,300.0,-360.0,5.0,94.5,0.0,0,True,1291.7513429923536,1170.3762857861955,1308.435612214344,1153.692016564205,121.37505720615809,0.781484312315998
2011,2011-02-22,True,False,bos,gs,115,93,31,29,28,27,0,30,30,18,15,0,away,4.5,195.5,-200.0,170.0,3.0,98.0,1.0,1,False,1595.2232854844144,1635.896188232989,1514.5766021826112,1716.5428715347923,-40.67290274857464,0.5845582991792989
2011,2011-02-22,True,False,atl,lal,80,104,15,18,21,26,0,28,26,26,24,0,home,8.0,190.0,290.0,-350.0,1.5,93.0,1.0,0,True,1543.1626128644436,1474.957229799752,1579.654083880493,1438.4657587837025,68.20538306469166,0.7247741426727246
2011,2011-02-22,True,False,mem,den,107,120,23,19,34,31,0,32,29,41,18,0,home,1.5,205.0,103.0,-114.0,4.0,102.5,1.0,1,True,1463.5875570313835,1691.0398716838383,1542.0385194820033,1612.5889092332186,-227.4523146524548,0.32438890230846035
2011,2011-02-22,True,False,lac,okc,88,111,23,23,21,21,0,23,39,16,33,0,home,8.5,206.0,350.0,-450.0,0.5,99.0,1.0,0,True,1639.097244138373,1365.987841583616,1650.5793596070732,1354.505726114916,273.109402554757,0.8954621148038404
2011,2011-02-22,True,False,hou,det,108,100,20,31,27,30,0,28,23,24,25,0,away,2.0,201.0,-130.0,110.0,1.5,99.5,1.0,1,False,1361.5945288858459,1491.417087108347,1317.394659880503,1535.6169561136899,-129.82255822250113,0.4571869838685315
2011,2011-02-22,True,False,ind,wsh,113,96,25,33,32,23,0,30,19,19,28,0,away,2.5,208.5,-140.0,120.0,2.0,102.5,1.0,1,False,1291.6961750317064,1473.7057330513474,1242.844826461672,1522.5570816213817,-182.00955801964096,0.3841228793538894
2011,2011-02-22,True,False,tor,cha,101,114,27,17,25,32,0,33,28,28,25,0,home,6.5,197.5,250.0,-300.0,2.0,98.5,1.0,1,True,1543.7890838867283,1199.432441441677,1549.9990898884082,1193.222435439997,344.3566424450514,0.9281039524270465
2011,2011-02-22,True,False,sac,mia,97,117,16,28,26,27,0,35,28,30,24,0,home,13.5,205.0,1125.0,-1700.0,2.5,98.5,1.0,1,True,1809.886576428516,1353.3076938054858,1813.4750171309047,1349.7192531030971,456.57888262303027,0.9609817373543883
2011,2011-02-23,True,False,atl,phx,97,105,31,16,24,26,0,33,28,19,25,0,home,4.0,200.5,150.0,-170.0,2.5,98.5,1.0,1,True,1577.5891821357693,1438.4657587837025,1594.6965875923138,1421.358353327158,139.12342335206677,0.7984291134066195
2011,2011-02-23,True,False,mem,min,104,95,26,28,22,28,0,18,24,26,27,0,away,3.0,204.0,-155.0,135.0,2.0,101.5,1.0,0,False,1153.692016564205,1612.5889092332186,1142.2994923980482,1623.9814333993754,-458.8968926690136,0.112447963188894
2011,2011-02-23,True,False,lal,por,106,101,23,18,26,20,19,29,18,22,18,14,away,2.5,191.0,-145.0,125.0,3.0,96.0,1.0,1,False,1614.784051203779,1579.654083880493,1562.5963497696025,1631.8417853146693,35.12996732328588,0.6852210026462563
2011,2011-02-23,True,False,utah,dal,99,118,26,29,22,22,0,23,36,29,30,0,home,10.0,197.0,510.0,-720.0,5.0,99.0,1.0,1,True,1810.452393920475,1335.3212829059044,1813.5982019453227,1332.1754748810567,475.1311110145707,0.9647947717939105
2011,2011-02-23,True,False,lac,no,87,98,16,22,24,25,0,23,22,28,25,0,home,7.5,190.5,290.0,-350.0,2.0,93.0,1.0,0,True,1458.0297085599616,1354.505726114916,1481.4687766354511,1331.0666580394263,103.5239824450457,0.7634301679476899
2011,2011-02-23,True,False,okc,sa,105,109,37,16,27,25,0,31,33,24,21,0,home,7.0,205.5,255.0,-310.0,0.5,100.0,0.0,1,True,1724.825876434364,1650.5793596070732,1742.5153101253957,1632.8899259160416,74.24651682729086,0.7316565618622712
2011,2011-02-23,True,False,mil,ny,108,114,24,33,22,29,0,33,26,27,28,0,home,7.0,200.0,243.0,-285.0,4.0,99.5,0.0,1,True,1531.4747175976765,1308.435612214344,1540.9083061393687,1299.0020236726518,223.03910538333253,0.8652459540218614
2011,2011-02-23,True,False,det,ind,101,102,19,24,30,28,0,26,25,27,24,0,home,8.0,204.0,310.0,-370.0,2.5,98.5,0.0,0,True,1522.5570816213817,1317.394659880503,1526.2824462563472,1313.6692952455376,205.1624217408787,0.8527903665254444
2011,2011-02-23,True,False,wsh,phi,94,117,31,18,15,30,0,24,30,34,29,0,home,9.5,198.5,450.0,-600.0,4.5,98.0,1.0,1,True,1687.8261210259575,1242.844826461672,1691.8518567280748,1238.8190907595547,444.98129456428546,0.958399978150219
2011,2011-02-23,True,False,sac,orl,111,105,31,27,21,32,0,25,36,23,21,0,home,14.0,205.0,1250.0,-2000.0,8.5,101.5,0.0,1,False,1698.008212635857,1349.7192531030971,1638.9760733607188,1408.7513923782353,348.2889595327599,0.9295998407096061
2011,2011-02-23,True,False,chi,tor,113,118,29,29,23,32,0,25,30,30,33,0,away,8.5,198.5,-440.0,350.0,4.5,98.0,0.0,1,True,1193.222435439997,1801.9383310884891,1268.0574990572582,1727.103267471228,-608.715895648492,0.050767176285635665
2011,2011-02-23,True,False,hou,cle,124,119,28,33,30,33,0,27,38,23,31,0,away,6.0,214.0,-245.0,205.0,5.0,105.0,0.0,1,False,1099.1739117476764,1535.6169561136899,1089.2397320055095,1545.5511358558567,-436.4430443660135,0.12600843818575932
2011,2011-02-24,True,False,mia,chi,89,93,31,22,14,22,0,23,21,27,22,0,away,3.0,192.5,-150.0,130.0,1.5,95.0,0.0,0,True,1727.103267471228,1813.4750171309047,1761.1227398558406,1779.4555447462922,-86.37174965967665,0.5196025761853245
2011,2011-02-24,True,False,bos,den,75,89,23,13,24,15,0,18,19,24,28,0,away,5.0,205.0,-210.0,175.0,4.5,98.0,0.0,0,True,1542.0385194820033,1716.5428715347923,1614.1990894838493,1644.3823015329463,-174.50435205278905,0.3943934444347067
2011,2011-02-25,True,False,det,phi,94,110,22,27,26,19,0,29,30,27,24,0,home,11.0,195.0,600.0,-850.0,3.5,97.0,1.0,1,True,1691.8518567280748,1313.6692952455376,1697.2734311998045,1308.247720773808,378.18256148253727,0.9400622793935625
2011,2011-02-25,True,False,bkn,sa,96,106,25,29,18,24,0,29,24,35,18,0,home,11.0,194.5,675.0,-975.0,7.5,97.0,0.0,1,True,1742.5153101253957,1264.6674315070782,1744.9910540169656,1262.1916876155083,477.8478786183175,0.9653221183019078
2011,2011-02-25,True,False,wsh,mia,113,121,25,36,23,29,0,20,43,25,33,0,home,15.5,203.5,1700.0,-3500.0,9.5,101.5,0.0,1,True,1779.4555447462922,1238.8190907595547,1780.9876920210847,1237.286943484762,540.6364539867375,0.9755840538686683
2011,2011-02-25,True,False,lac,lal,95,108,31,19,17,28,0,30,22,33,23,0,home,10.5,193.0,600.0,-850.0,6.0,95.5,1.0,1,True,1631.8417853146693,1331.0666580394263,1639.9242642666247,1322.984179087471,300.775127275243,0.9094589961980328
2011,2011-02-25,True,False,atl,gs,95,79,29,26,26,14,0,17,18,20,24,0,home,3.0,202.0,120.0,-140.0,5.5,99.0,0.0,0,False,1514.5766021826112,1421.358353327158,1428.7622598703163,1507.172695639453,93.21824885545311,0.7525490224581042
2011,2011-02-25,True,False,phx,tor,110,92,35,25,26,24,0,14,28,20,30,0,away,4.0,214.0,-170.0,145.0,3.0,105.0,1.0,0,False,1268.0574990572582,1594.6965875923138,1240.4123073450783,1622.3417793044937,-326.63908853505563,0.21338523776041102
2011,2011-02-25,True,False,utah,ind,95,84,24,19,22,30,0,13,25,25,21,0,home,6.0,208.0,220.0,-270.0,6.0,104.0,0.0,0,False,1526.2824462563472,1332.1754748810567,1448.9465601499323,1409.5113609874716,194.1069713752904,0.8446203579540177
2011,2011-02-25,True,False,ny,cle,109,115,30,23,22,34,0,28,25,30,32,0,away,8.5,222.0,-475.0,365.0,6.0,109.0,0.0,1,True,1089.2397320055095,1540.9083061393687,1164.8706432184867,1465.2773949263915,-451.66857413385924,0.11666818399402608
2011,2011-02-25,True,False,sac,cha,98,110,30,14,29,25,0,28,24,26,32,0,home,5.5,203.0,210.0,-260.0,1.0,100.5,1.0,1,True,1549.9990898884082,1408.7513923782353,1569.7384897231352,1389.0119925435083,141.24769751017288,0.8003899574958163
2011,2011-02-25,True,False,den,por,106,107,19,20,33,25,9,25,24,16,32,10,home,7.5,203.0,250.0,-310.0,1.5,98.5,0.0,1,True,1562.5963497696025,1614.1990894838493,1575.7350251197554,1601.0604141336964,-51.60273971424681,0.5692022324655538
2011,2011-02-25,True,False,okc,orl,88,111,22,26,22,18,0,28,31,21,31,0,home,6.0,204.5,205.0,-255.0,0.5,100.0,1.0,0,True,1638.9760733607188,1632.8899259160416,1687.8866530263488,1583.9793462504117,6.086147444677181,0.648096121286135
2011,2011-02-25,True,False,no,min,95,81,35,20,24,16,0,26,17,18,20,0,away,5.0,195.5,-220.0,180.0,1.5,96.5,1.0,0,False,1142.2994923980482,1481.4687766354511,1118.2865350578331,1505.4817339756662,-339.16928423740296,0.2015284023306906
2011,2011-02-26,True,False,sac,mem,92,120,28,21,17,26,0,23,33,33,31,0,home,11.0,205.0,550.0,-750.0,4.5,100.5,1.0,1,True,1623.9814333993754,1389.0119925435083,1639.2112766918353,1373.7821492510484,234.9694408558671,0.8730543870644384
2011,2011-02-26,True,False,dal,wsh,105,99,23,36,19,27,0,22,27,23,27,0,away,10.0,205.0,-630.0,465.0,2.5,102.0,0.0,0,False,1237.286943484762,1813.5982019453227,1232.1028585074719,1818.782286922613,-576.3112584605606,0.06054756083030281
2011,2011-02-26,True,False,utah,det,116,120,28,25,31,32,0,27,31,25,37,0,away,5.0,193.5,-210.0,175.0,4.0,99.0,0.0,1,True,1308.247720773808,1409.5113609874716,1343.7841335760347,1373.9749481852448,-101.26364021366362,0.4981814835692076
2011,2011-02-26,True,False,bkn,hou,108,123,33,25,24,26,0,37,34,28,24,0,home,8.5,207.0,320.0,-400.0,1.5,103.5,1.0,1,True,1545.5511358558567,1262.1916876155083,1554.9754017630473,1252.7674217083177,283.35944824034846,0.9008579910953797
2011,2011-02-26,True,False,bos,lac,99,92,18,22,34,25,0,26,21,21,24,0,away,8.0,186.0,-340.0,280.0,8.0,90.5,0.0,1,False,1322.984179087471,1644.3823015329463,1302.9930671888162,1664.373413431601,-321.39812244547534,0.21849301513670902
2011,2011-02-26,True,False,chi,mil,83,75,21,18,31,13,0,25,14,20,16,0,away,4.0,182.0,-175.0,155.0,3.0,89.5,1.0,0,False,1299.0020236726518,1761.1227398558406,1288.3085695088755,1771.816194019617,-462.12071618318873,0.11060910736369566
2011,2011-02-27,True,False,atl,por,90,83,19,29,20,22,0,18,18,13,34,0,home,5.0,185.0,175.0,-210.0,6.0,91.5,0.0,0,False,1575.7350251197554,1507.172695639453,1513.6413102922209,1569.2664104669875,68.56232948030242,0.725183827574855
2011,2011-02-27,True,False,ny,mia,91,86,23,29,13,26,0,34,17,15,20,0,home,9.5,216.5,425.0,-550.0,7.5,107.5,0.0,0,False,1780.9876920210847,1465.2773949263915,1726.0833433605178,1520.1817435869584,315.71029709469326,0.9162935565522327
2011,2011-02-27,True,False,hou,no,91,89,21,19,22,29,0,27,28,17,17,0,home,6.0,203.0,220.0,-270.0,1.5,100.0,0.0,0,False,1505.4817339756662,1554.9754017630473,1477.8233158093287,1582.6338199293848,-49.49366778738113,0.5721767536692879
2011,2011-02-27,True,False,cha,orl,86,100,28,23,18,17,0,30,29,21,20,0,home,11.0,195.5,600.0,-850.0,3.5,97.0,1.0,0,True,1687.8866530263488,1569.7384897231352,1711.5123283761493,1546.1128143733347,118.14816330321355,0.7782956577491411
2011,2011-02-27,True,False,mem,sa,88,95,16,19,28,25,0,26,17,16,36,0,home,9.0,197.5,410.0,-535.0,2.5,97.0,0.0,0,True,1744.9910540169656,1639.2112766918353,1764.3721422225608,1619.83018848624,105.77977732513023,0.7657673622860718
2011,2011-02-27,True,False,phi,cle,95,91,22,27,26,20,0,23,20,21,27,0,away,7.5,209.0,-370.0,290.0,2.0,101.0,0.0,0,False,1164.8706432184867,1697.2734311998045,1159.4444157452049,1702.6996586730863,-532.4027879813177,0.07662510663675311
2011,2011-02-27,True,False,gs,min,123,126,41,32,16,34,0,32,37,35,22,0,away,3.0,214.0,-165.0,140.0,0.5,108.0,0.0,1,True,1118.2865350578331,1428.7622598703163,1165.2896371216498,1381.7591578064996,-310.4757248124831,0.22941883802424964
2011,2011-02-27,True,False,lal,okc,90,87,22,29,21,18,0,28,28,13,18,0,away,1.5,199.0,-130.0,110.0,2.0,96.5,1.0,0,False,1583.9793462504117,1639.9242642666247,1549.634235508662,1674.2693750083745,-55.94491801621302,0.5630627380216453
2011,2011-02-27,True,False,phx,ind,110,108,33,27,22,17,11,29,22,21,27,9,home,2.0,215.0,115.0,-135.0,3.5,106.0,0.0,1,False,1448.9465601499323,1622.3417793044937,1429.808234204504,1641.480105249922,-173.39521915456135,0.3959194319886126
2011,2011-02-27,True,False,dal,tor,114,96,24,26,25,39,0,30,27,15,24,0,away,9.0,206.5,-500.0,375.0,9.0,101.0,1.0,1,False,1240.4123073450783,1818.782286922613,1232.6549288496326,1826.5396654180586,-578.3699795775347,0.059876960589818874
2011,2011-02-28,True,False,chi,wsh,105,77,25,25,28,27,0,20,17,20,20,0,away,8.0,195.0,-400.0,320.0,0.6,96.6,1.0,0,False,1232.1028585074719,1771.816194019617,1221.1833720866825,1782.7356804404062,-539.713335512145,0.07370013163590355
2011,2011-02-28,True,False,phx,bkn,104,103,26,26,17,27,8,23,28,15,30,7,away,3.0,205.5,-150.0,130.0,1.5,101.0,0.0,1,False,1252.7674217083177,1641.480105249922,1247.9029588399485,1646.3445681182911,-388.7126835416043,0.1594985558360172
2011,2011-02-28,True,False,atl,den,90,100,25,22,23,20,0,21,25,25,29,0,home,6.0,202.0,220.0,-260.0,4.5,100.5,1.0,0,True,1601.0604141336964,1569.2664104669875,1633.6735833711048,1536.6532412295792,31.79400366670893,0.681064313875489
2011,2011-02-28,True,False,bos,utah,107,102,30,26,23,28,0,21,32,22,27,0,away,4.5,189.0,-200.0,170.0,2.0,94.5,1.0,1,False,1373.9749481852448,1664.373413431601,1354.2272746546253,1684.1210869622205,-290.3984652463562,0.2504860556159892
2011,2011-02-28,True,False,lac,sac,99,105,29,23,31,16,0,29,22,27,27,0,away,1.0,207.0,100.0,-110.0,0.0,102.5,0.0,0,True,1373.7821492510484,1302.9930671888162,1395.5527143726672,1281.2225020671974,70.78908206223218,0.7277310118414326
2011,2011-03-01,True,False,hou,por,103,87,30,23,30,20,0,26,16,26,19,0,home,5.0,202.5,175.0,-210.0,6.0,99.5,0.0,0,False,1513.6413102922209,1582.6338199293848,1445.762528379171,1650.5126018424346,-68.99250963716395,0.544505267197535
2011,2011-03-01,True,False,det,mil,90,92,22,28,25,15,0,28,23,21,20,0,home,6.0,188.0,200.0,-240.0,4.0,94.0,0.0,0,True,1288.3085695088755,1343.7841335760347,1309.3975280343145,1322.6951750505957,-55.47556406715921,0.5637273341236113
2011,2011-03-01,True,False,sa,mem,93,109,30,22,15,26,0,32,29,22,26,0,home,1.5,193.0,105.0,-125.0,2.5,95.0,1.0,1,True,1619.83018848624,1764.3721422225608,1690.1083115851177,1694.0940191236832,-144.5419537363207,0.43624786542112726
2011,2011-03-01,True,False,lal,min,90,79,18,22,25,25,0,21,24,16,18,0,away,9.0,205.0,-550.0,425.0,9.0,101.0,1.0,0,False,1165.2896371216498,1674.2693750083745,1155.8073239868543,1683.75168814317,-508.9797378867247,0.08672644371501119
2011,2011-03-01,True,False,ny,orl,110,116,21,37,26,26,0,32,15,32,37,0,home,7.0,212.0,260.0,-320.0,7.0,104.0,0.0,1,True,1711.5123283761493,1520.1817435869584,1722.8309218150662,1508.8631501480415,191.33058478919088,0.8425113383771244
2011,2011-03-01,True,False,dal,phi,101,93,23,28,29,21,0,22,22,33,16,0,away,2.0,201.0,-130.0,110.0,1.5,98.5,1.0,0,False,1702.6996586730863,1826.5396654180586,1657.6723979028925,1871.5669261882524,-123.84000674497224,0.46574521614302483
2011,2011-03-01,True,False,no,tor,90,96,20,22,20,28,0,27,30,15,24,0,away,5.5,194.5,-230.0,190.0,6.5,94.0,0.0,0,True,1232.6549288496326,1477.8233158093287,1292.3791596007572,1418.0990850582039,-245.16838695969614,0.3024503822201932
2011,2011-03-01,True,False,gs,ind,100,109,19,27,25,29,0,29,14,37,29,0,home,5.5,218.0,200.0,-240.0,5.5,108.0,1.0,0,True,1429.808234204504,1381.7591578064996,1458.708694096784,1352.8586979142196,48.049076398004445,0.7010366108851396
2011,2011-03-02,True,False,hou,lac,103,106,21,33,15,34,0,23,26,26,31,0,home,2.5,211.0,120.0,-140.0,2.5,103.0,1.0,0,True,1281.2225020671974,1650.5126018424346,1331.5411208977291,1600.193983011903,-369.2900997752372,0.1750633880546585
2011,2011-03-02,True,False,por,sac,107,102,30,31,18,28,0,29,24,20,29,0,away,3.5,195.5,-165.0,145.0,1.0,97.5,1.0,1,False,1395.5527143726672,1445.762528379171,1350.5233589096902,1490.791883842148,-50.20981400650385,0.5711673134236566
2011,2011-03-02,True,False,cha,den,80,120,23,23,21,13,0,31,31,29,29,0,home,7.0,205.0,250.0,-300.0,1.0,101.5,1.0,0,True,1633.6735833711048,1546.1128143733347,1671.7697149624912,1508.0166827819482,87.56076899777008,0.7464346663269171
2011,2011-03-02,True,False,phx,bos,103,115,21,21,30,31,0,32,30,29,24,0,home,7.0,199.0,260.0,-320.0,2.0,97.5,1.0,1,True,1684.1210869622205,1646.3445681182911,1717.9968313345998,1612.4688237459118,37.77651884392935,0.6884977301107148
2011,2011-03-02,True,False,ind,okc,89,113,18,24,20,27,0,27,36,26,24,0,home,8.5,209.0,320.0,-400.0,1.0,101.0,1.0,0,True,1549.634235508662,1458.708694096784,1582.0799499330617,1426.2629796723843,90.92554141187793,0.7500831423711639
2011,2011-03-02,True,False,no,ny,88,107,25,17,20,26,0,27,25,30,25,0,home,2.5,201.0,120.0,-140.0,2.5,98.0,1.0,0,True,1508.8631501480415,1418.0990850582039,1539.0851480374647,1387.8770871687807,90.76406508983769,0.7499088531859461
2011,2011-03-02,True,False,gs,wsh,106,102,32,30,29,15,0,33,20,21,28,0,home,0.0,212.0,-110.0,-110.0,2.5,105.5,0.0,0,False,1221.1833720866825,1352.8586979142196,1188.9948996014778,1385.0471703994244,-131.6753258275371,0.4545414192083774
2011,2011-03-02,True,False,min,det,116,105,30,33,26,27,0,32,29,24,20,0,home,4.5,206.0,170.0,-200.0,4.0,103.5,0.0,1,False,1322.6951750505957,1155.8073239868543,1245.5876371595546,1232.9148618778954,166.88785106374144,0.8229305771284234
2011,2011-03-02,True,False,chi,atl,80,83,28,22,13,17,0,19,14,25,25,0,away,4.0,182.5,-190.0,160.0,2.5,90.0,0.0,0,True,1536.6532412295792,1782.7356804404062,1579.2692829989817,1740.1196386710037,-246.08243921082703,0.3013414531473411
2011,2011-03-02,True,False,sa,cle,109,99,24,33,32,20,0,25,27,20,27,0,away,9.0,202.0,-525.0,400.0,4.5,98.5,1.0,1,False,1159.4444157452049,1694.0940191236832,1151.4559240714075,1702.0825107974806,-534.6496033784783,0.07571499514991901
2011,2011-03-03,True,False,orl,mia,99,96,22,23,26,28,0,30,33,17,16,0,home,5.5,197.0,200.0,-240.0,3.0,96.0,0.0,0,False,1726.0833433605178,1722.8309218150662,1686.9063464792018,1762.0079186963821,3.252421545451625,0.6443669031430673
2011,2011-03-03,True,False,den,utah,103,101,30,28,16,29,0,23,28,25,25,0,home,3.0,210.0,130.0,-150.0,3.0,105.5,0.0,0,False,1354.2272746546253,1671.7697149624912,1343.481209947129,1682.5157796699875,-317.54244030786595,0.22230658246893933
2011,2011-03-04,True,False,cle,ny,119,115,32,26,27,34,0,32,32,24,27,0,home,12.5,216.5,850.0,-1450.0,6.0,105.0,0.0,1,False,1539.0851480374647,1151.4559240714075,1490.9580127038791,1199.583059404993,387.6292239660572,0.9430539656494568
2011,2011-03-04,True,False,cha,lal,84,92,19,16,22,27,0,29,16,24,23,0,home,13.0,189.0,875.0,-1475.0,4.5,92.5,0.0,0,True,1683.75168814317,1508.0166827819482,1697.7114687107226,1494.0569022143957,175.73500536122174,0.8302300128811197
2011,2011-03-04,True,False,mia,sa,95,125,12,38,22,23,0,36,26,32,31,0,home,2.5,196.0,105.0,-125.0,3.0,97.5,1.0,1,True,1702.0825107974806,1686.9063464792018,1752.6965609328317,1636.2922963438507,15.17616431827878,0.6599356122321463
2011,2011-03-04,True,False,phx,mil,102,88,22,23,31,26,0,26,22,15,25,0,away,3.0,195.0,-140.0,120.0,3.0,97.0,1.0,0,False,1309.3975280343145,1612.4688237459118,1281.1531204956912,1640.7132312845351,-303.07129571159726,0.2370407878292888
2011,2011-03-04,True,False,no,mem,98,91,20,25,27,26,0,20,25,27,19,0,home,5.5,186.0,195.0,-240.0,4.5,91.5,0.0,1,False,1690.1083115851177,1387.8770871687807,1626.160932574284,1451.8244661796143,302.231224416337,0.910146830710024
2011,2011-03-04,True,False,chi,orl,89,81,21,28,16,24,0,21,14,22,24,0,home,2.0,189.5,115.0,-135.0,4.5,94.5,0.0,0,False,1762.0079186963821,1740.1196386710037,1698.7581122906677,1803.3694450767182,21.888280025378435,0.6685524645558278
2011,2011-03-04,True,False,gs,bos,103,107,27,26,28,22,0,32,32,24,19,0,home,9.5,205.5,450.0,-600.0,2.0,102.5,0.0,1,True,1717.9968313345998,1385.0471703994244,1722.0558558408247,1380.9881458931995,332.9496609351754,0.9235973331618113
2011,2011-03-04,True,False,tor,bkn,103,116,23,28,30,22,0,27,20,31,38,0,home,2.5,203.5,125.0,-145.0,2.5,101.0,1.0,1,True,1247.9029588399485,1292.3791596007572,1296.761939792159,1243.5201786485468,-44.47620076080875,0.5792318064422659
2011,2011-03-04,True,False,okc,atl,111,104,31,25,27,28,0,26,25,22,31,0,home,2.5,192.0,125.0,-145.0,2.0,94.5,0.0,1,False,1579.2692829989817,1582.0799499330617,1521.0480748974246,1640.3011580346188,-2.810666934080018,0.636329153050612
2011,2011-03-04,True,False,min,phi,100,111,31,18,29,22,0,22,34,29,26,0,home,9.5,206.5,400.0,-525.0,3.5,100.5,1.0,1,True,1657.6723979028925,1232.9148618778954,1661.2406034391638,1229.346656341624,424.7575360249971,0.9535026640618242
2011,2011-03-04,True,False,ind,dal,108,116,33,24,24,27,0,35,33,22,26,0,home,9.0,208.0,360.0,-470.0,1.5,102.0,0.0,1,True,1871.5669261882524,1426.2629796723843,1874.3446457096852,1423.4852601509515,445.3039465158681,0.9584739660366085
2011,2011-03-05,True,False,sac,utah,102,109,29,20,23,23,7,30,27,15,23,14,home,8.0,210.0,300.0,-360.0,2.0,105.0,0.0,1,True,1343.481209947129,1350.5233589096902,1377.2728708023055,1316.7316980545136,-7.042148962561214,0.630673776218448
2011,2011-03-05,True,False,cha,por,69,93,16,19,17,17,0,15,25,25,28,0,home,11.0,184.0,500.0,-700.0,5.5,91.0,1.0,0,True,1490.791883842148,1494.0569022143957,1542.3845339545614,1442.4642521019823,-3.265018372247596,0.6357236831664399
2011,2011-03-05,True,False,den,lac,94,100,23,15,27,29,0,30,18,23,29,0,home,2.0,208.5,110.0,-130.0,2.5,100.0,1.0,0,True,1331.5411208977291,1682.5157796699875,1400.823618910785,1613.2332816569317,-350.9746587722584,0.1908145253603426
2011,2011-03-05,True,False,tor,bkn,136,137,30,32,26,22,26,23,42,23,22,27,home,2.0,205.5,110.0,-130.0,0.0,103.0,0.0,1,True,1296.761939792159,1243.5201786485468,1305.2386418681017,1235.043476572604,53.241761143612166,0.7072635157454352
2011,2011-03-05,True,False,ind,hou,95,112,18,31,19,27,0,29,36,29,18,0,home,7.0,217.0,250.0,-300.0,1.5,107.0,1.0,0,True,1600.193983011903,1423.4852601509515,1618.4571605199537,1405.2220826429007,176.7087228609514,0.8310185892321796
2011,2011-03-05,True,False,min,wsh,96,103,29,20,23,24,0,25,26,17,35,0,home,3.5,212.0,150.0,-170.0,1.5,104.5,1.0,0,True,1188.9948996014778,1229.346656341624,1226.9648454908404,1191.3767104522615,-40.35175674014636,0.5850071769893512
2011,2011-03-06,True,False,wsh,det,102,113,22,29,22,29,0,29,31,22,31,0,home,6.5,203.0,220.0,-260.0,1.0,101.5,1.0,1,True,1245.5876371595546,1226.9648454908404,1281.6127207377021,1190.939761912693,18.62279166871417,0.6643739733131145
2011,2011-03-06,True,False,bos,mil,89,83,27,16,26,20,0,26,23,16,18,0,away,7.5,181.5,-350.0,290.0,7.5,90.5,0.0,0,False,1281.1531204956912,1722.0558558408247,1270.6040280720888,1732.604948264427,-440.9027353451336,0.1232082070453315
2011,2011-03-06,True,False,no,cle,96,81,27,24,22,23,0,24,24,18,15,0,away,5.0,193.0,-185.0,165.0,2.0,95.0,1.0,0,False,1199.583059404993,1451.8244661796143,1163.7253721641723,1487.682153420435,-252.24140677462128,0.29393015659136
2011,2011-03-06,True,False,lal,sa,99,83,34,31,16,18,0,13,24,15,31,0,home,3.0,192.0,130.0,-150.0,8.0,95.0,0.0,0,False,1752.6965609328317,1697.7114687107226,1668.8783845124735,1781.5296451310808,54.98509222210919,0.7093369375273854
2011,2011-03-06,True,False,phx,okc,118,122,28,33,30,18,9,25,32,29,23,13,home,6.0,211.5,205.0,-245.0,6.0,103.5,0.0,1,True,1640.3011580346188,1640.7132312845351,1665.8287639177784,1615.1856254013755,-0.41207324991637506,0.6395183333891711
2011,2011-03-06,True,False,gs,phi,117,125,25,31,24,26,11,31,33,16,26,19,home,7.5,209.5,300.0,-360.0,1.5,103.5,1.0,1,True,1661.2406034391638,1380.9881458931995,1668.8487764719268,1373.3799728604365,280.25245754596426,0.8992491138479967
2011,2011-03-06,True,False,chi,mia,87,86,18,22,23,24,0,22,27,16,21,0,home,5.5,188.0,210.0,-250.0,0.0,92.5,0.0,0,False,1636.2922963438507,1803.3694450767182,1623.9510890442048,1815.7106523763641,-167.0771487328675,0.40464996749504256
2011,2011-03-06,True,False,ny,atl,92,79,24,20,18,30,0,19,23,14,23,0,home,3.0,203.0,140.0,-160.0,3.0,99.5,0.0,0,False,1521.0480748974246,1490.9580127038791,1444.514629302567,1567.4914582987367,30.090062193545464,0.6789299418670078
2011,2011-03-06,True,False,mem,dal,104,103,21,17,41,25,0,27,28,23,25,0,home,6.5,200.5,240.0,-280.0,1.5,98.5,0.0,1,False,1874.3446457096852,1626.160932574284,1852.8119691754735,1647.6936091084958,248.18371313540115,0.8812484990726764
2011,2011-03-07,True,False,dal,min,108,105,22,26,25,35,0,30,20,30,25,0,away,7.0,210.5,-280.0,240.0,6.0,103.5,0.0,1,False,1191.3767104522615,1852.8119691754735,1189.0598358420407,1855.1288437856942,-661.435258723212,0.037983448983260504
2011,2011-03-07,True,False,okc,mem,101,107,24,22,27,28,0,25,33,21,28,0,home,3.0,204.5,125.0,-145.0,2.5,99.0,1.0,1,True,1647.6936091084958,1665.8287639177784,1680.5991029444795,1632.9232700817947,-18.13515480928254,0.6156800287006818
2011,2011-03-07,True,False,lac,cha,92,87,27,22,22,21,0,26,21,20,20,0,away,1.5,188.5,-120.0,100.0,0.0,93.0,1.0,0,False,1442.4642521019823,1400.823618910785,1389.9952012652877,1453.2926697474795,41.64063319119737,0.6932481765842432
2011,2011-03-07,True,False,por,orl,89,85,24,23,23,19,0,19,24,23,19,0,home,2.0,188.5,110.0,-130.0,2.0,93.0,0.0,0,False,1698.7581122906677,1542.3845339545614,1648.9132815515693,1592.2293646936598,156.37357833610622,0.8139381067314205
2011,2011-03-07,True,False,utah,ny,109,131,24,24,26,35,0,40,26,36,29,0,home,6.0,211.5,220.0,-260.0,2.5,104.5,1.0,1,True,1567.4914582987367,1377.2728708023055,1585.845099524339,1358.9192295767032,190.21858749643116,0.8416601293667095
2011,2011-03-07,True,False,no,chi,77,85,23,20,17,17,0,26,17,23,19,0,home,10.0,179.5,500.0,-700.0,6.5,87.0,0.0,0,True,1815.7106523763641,1487.682153420435,1821.4198987177317,1481.9729070790675,328.0284989559291,0.9215741828546442
2011,2011-03-07,True,False,hou,sac,123,101,29,36,30,28,0,30,28,16,27,0,away,5.0,217.0,-185.0,165.0,0.5,107.0,1.0,1,False,1316.7316980545136,1618.4571605199537,1283.8354443972917,1651.3534141771756,-301.72546246544016,0.23844474812774463
2011,2011-03-08,True,False,hou,phx,110,113,26,24,32,28,0,24,24,31,34,0,home,4.0,219.0,155.0,-180.0,4.0,107.5,0.0,1,True,1615.1856254013755,1651.3534141771756,1640.1430089229323,1626.396030655619,-36.16778877580009,0.590842119998708
2011,2011-03-08,True,False,por,mia,105,96,25,32,20,28,0,25,26,24,21,0,home,9.0,188.0,370.0,-470.0,8.0,92.0,0.0,1,False,1623.9510890442048,1592.2293646936598,1557.0803265204268,1659.1001272174378,31.721724350544946,0.6809739294324851
2011,2011-03-08,True,False,lal,atl,101,87,29,28,24,20,0,25,24,16,22,0,away,5.0,182.5,-210.0,175.0,0.0,89.5,1.0,1,False,1444.514629302567,1781.5296451310808,1420.2630197317822,1805.7812547018657,-337.0150158285137,0.20353128777532706
2011,2011-03-08,True,False,phi,ind,110,100,34,31,19,26,0,23,30,17,30,0,away,1.0,204.5,105.0,-125.0,3.0,101.5,1.0,1,False,1405.2220826429007,1668.8487764719268,1375.6257295174512,1698.4451295973763,-263.6266938290262,0.28051449821233215
2011,2011-03-08,True,False,mil,wsh,95,76,22,29,24,20,0,21,15,16,24,0,away,1.5,186.0,-125.0,105.0,3.0,92.5,1.0,0,False,1190.939761912693,1270.6040280720888,1121.1805039879162,1340.3632859968657,-79.66426615939577,0.5292320993116245
2011,2011-03-08,True,False,gs,cle,95,85,18,29,29,19,0,30,16,19,20,0,away,5.0,219.5,-200.0,170.0,2.5,107.0,1.0,0,False,1163.7253721641723,1373.3799728604365,1127.0896855531419,1410.015659471467,-209.6546006962642,0.34723336361061957
2011,2011-03-09,True,False,dal,no,92,93,16,30,24,22,0,16,27,17,33,0,away,5.0,187.5,-250.0,200.0,2.0,91.5,0.0,0,True,1481.9729070790675,1855.1288437856942,1507.2295240133476,1829.872226851414,-373.1559367066268,0.17187281816549826
2011,2011-03-09,True,False,orl,sac,106,102,29,27,20,30,0,33,26,20,23,0,away,10.5,205.5,-675.0,475.0,8.5,100.5,0.0,1,False,1283.8354443972917,1648.9132815515693,1271.1883481849923,1661.5603777638687,-365.07783715427763,0.1785927885781412
2011,2011-03-09,True,False,det,sa,104,111,26,26,23,29,0,40,27,21,23,0,home,11.0,201.5,700.0,-1000.0,2.0,98.0,0.0,1,True,1668.8783845124735,1281.6127207377021,1672.6416107838436,1277.849494466332,387.2656637747714,0.9429414702474131
2011,2011-03-09,True,False,cle,mil,90,110,27,22,18,23,0,23,39,26,22,0,home,9.0,186.5,435.0,-585.0,1.5,90.5,1.0,1,True,1340.3632859968657,1127.0896855531419,1355.9802899587607,1111.4726815912468,213.2736004437238,0.8585559728945925
2011,2011-03-09,True,False,gs,bkn,90,94,22,27,28,13,0,29,22,23,20,0,away,1.5,203.0,-125.0,105.0,1.0,98.5,0.0,0,True,1305.2386418681017,1410.015659471467,1341.133077641247,1374.121223698322,-104.77701760336527,0.49312575222360666
2011,2011-03-09,True,False,ny,mem,110,108,30,31,35,14,0,27,26,29,26,0,home,4.0,210.0,135.0,-160.0,4.5,103.5,0.0,1,False,1680.5991029444795,1585.845099524339,1647.297718625497,1619.1464838433214,94.7540034201404,0.7541916159860144
2011,2011-03-09,True,False,okc,phi,110,105,28,27,27,19,9,34,21,25,21,4,home,1.5,206.5,-105.0,-115.0,1.0,101.0,0.0,1,False,1698.4451295973763,1632.9232700817947,1645.0482456427503,1686.3201540364207,65.52185951558158,0.7216820325191717
2011,2011-03-09,True,False,utah,tor,96,94,31,21,18,26,0,26,24,28,16,0,home,2.0,208.0,110.0,-130.0,1.5,103.5,0.0,0,False,1235.043476572604,1358.9192295767032,1212.532321198803,1381.4303849505043,-123.87575300409912,0.46569401495284546
2011,2011-03-09,True,False,chi,cha,101,84,27,25,23,26,0,24,25,20,15,0,away,8.0,178.5,-435.0,335.0,4.5,89.0,1.0,1,False,1389.9952012652877,1821.4198987177317,1373.560913347566,1837.8541866354535,-431.424697452444,0.12922439563845378
2011,2011-03-09,True,False,lac,bos,108,103,30,30,16,32,0,17,25,24,37,0,home,8.5,192.0,430.0,-580.0,10.5,93.5,0.0,1,False,1732.604948264427,1453.2926697474795,1677.2191463096235,1508.678471702283,279.3122785169476,0.8987577156975806
2011,2011-03-09,True,False,ind,min,75,101,19,21,16,19,0,27,23,29,22,0,home,1.0,215.0,100.0,-120.0,2.0,105.5,1.0,0,True,1189.0598358420407,1375.6257295174512,1279.2694175944623,1285.4161477650296,-186.5658936754105,0.3779371217526156
2011,2011-03-10,True,False,lal,mia,88,94,26,27,17,18,0,29,26,13,26,0,away,1.5,189.5,-130.0,110.0,0.5,94.5,0.0,0,True,1557.0803265204268,1805.7812547018657,1617.170397616155,1745.6911836061374,-248.70092818143894,0.2981775470687445
2011,2011-03-10,True,False,ny,dal,109,127,21,30,34,24,0,31,41,27,28,0,home,5.0,217.0,170.0,-200.0,3.0,106.0,1.0,1,True,1829.872226851414,1619.1464838433214,1845.1992239152114,1603.8194867795241,210.72574300809265,0.8567655067164625
2011,2011-03-10,True,False,den,phx,116,97,30,29,31,26,0,25,24,17,31,0,home,4.0,217.0,150.0,-170.0,5.0,107.5,0.0,0,False,1640.1430089229323,1613.2332816569317,1553.5107389747666,1699.8655516050974,26.909727266000573,0.6749261994096939
2011,2011-03-11,True,False,sac,sa,103,108,20,26,25,32,0,22,30,23,33,0,home,12.0,209.5,650.0,-900.0,6.0,103.0,0.0,1,True,1672.6416107838436,1271.1883481849923,1675.61295576561,1268.2170032032259,401.4532625988513,0.9471798887360848
2011,2011-03-11,True,False,lac,bkn,98,102,26,25,16,27,4,14,23,31,26,8,away,2.5,195.0,-140.0,120.0,3.0,96.0,0.0,1,True,1341.133077641247,1508.678471702283,1383.3389221182945,1466.4726272252356,-167.54539406103618,0.4040007814504667
2011,2011-03-11,True,False,utah,min,101,122,28,29,15,29,0,39,27,31,25,0,home,2.0,208.0,110.0,-130.0,1.5,105.0,1.0,1,True,1279.2694175944623,1381.4303849505043,1347.6953083166316,1313.004494228335,-102.16096735604197,0.4968901580889964
2011,2011-03-11,True,False,atl,chi,76,94,20,30,10,16,0,22,26,24,22,0,home,7.0,179.0,280.0,-340.0,6.0,89.0,1.0,0,True,1837.8541866354535,1420.2630197317822,1842.273945723084,1415.8432606441518,417.59116690367136,0.9516391015031889
2011,2011-03-11,True,False,det,okc,94,104,26,24,25,19,0,22,33,31,18,0,home,9.0,209.0,400.0,-500.0,4.0,102.0,1.0,0,True,1686.3201540364207,1277.849494466332,1690.1281811879453,1274.0414673148075,408.4706595700886,0.9491647512848244
2011,2011-03-11,True,False,ind,tor,98,108,27,21,25,25,0,32,30,21,25,0,away,1.5,211.0,-120.0,100.0,3.5,103.0,0.0,0,True,1212.532321198803,1285.4161477650296,1261.177108931142,1236.7713600326906,-72.88382656622662,0.5389442691285874
2011,2011-03-11,True,False,por,cha,92,97,25,20,25,22,0,22,23,19,33,0,away,4.5,183.0,-200.0,170.0,3.0,91.0,0.0,1,True,1373.560913347566,1659.1001272174378,1432.2337544815093,1600.4272860834944,-285.5392138698719,0.25577417893620624
2011,2011-03-11,True,False,bos,phi,86,89,22,23,23,18,0,25,24,23,17,0,away,1.0,192.5,-120.0,100.0,1.5,94.0,0.0,0,True,1645.0482456427503,1677.2191463096235,1669.6670795654243,1652.6003123869496,-32.170900666873194,0.59639239076465
2011,2011-03-11,True,False,orl,gs,120,123,27,29,25,20,19,20,22,30,29,22,away,5.0,208.0,-220.0,180.0,2.0,103.0,0.0,1,True,1374.121223698322,1661.5603777638687,1419.643379482016,1616.0382219801747,-287.43915406554675,0.2536978590942046
2011,2011-03-12,True,False,mem,mia,85,118,22,15,23,25,0,28,27,29,34,0,home,7.5,197.0,305.0,-365.0,1.0,98.0,1.0,1,True,1617.170397616155,1647.297718625497,1679.3552441490112,1585.1128720926408,-30.12732100934204,0.5992207952674777
2011,2011-03-12,True,False,por,atl,82,91,18,20,16,28,0,19,16,27,29,0,away,1.5,180.5,-120.0,100.0,0.0,88.0,0.0,0,True,1415.8432606441518,1600.4272860834944,1478.594664473829,1537.6758822538172,-184.58402543934267,0.3806229905701967
2011,2011-03-12,True,False,lac,wsh,122,101,38,26,27,31,0,27,28,18,28,0,away,2.5,200.5,-140.0,120.0,1.5,99.0,1.0,1,False,1121.1805039879162,1466.4726272252356,1094.5347188131052,1493.1184124000465,-345.2921232373194,0.19591643784843585
2011,2011-03-12,True,False,sac,no,103,115,24,33,28,18,0,31,26,27,31,0,home,9.5,194.5,425.0,-550.0,6.0,96.0,1.0,1,True,1507.2295240133476,1268.2170032032259,1518.5596813398263,1256.8868458767472,239.0125208101217,0.8756115190360931
2011,2011-03-12,True,False,utah,chi,100,118,17,24,30,29,0,37,31,20,30,0,home,10.5,189.5,500.0,-700.0,1.0,95.0,1.0,1,True,1842.273945723084,1313.004494228335,1844.4786270988866,1310.7998128525323,529.2694514947489,0.9739759663574906
2011,2011-03-12,True,False,phi,mil,74,102,25,16,16,17,0,26,33,21,22,0,home,3.0,184.0,120.0,-140.0,3.5,89.5,1.0,0,True,1355.9802899587607,1669.6670795654243,1470.6321120679656,1555.0152574562194,-313.6867896066635,0.22616741702640214
2011,2011-03-12,True,False,sa,hou,115,107,36,23,22,34,0,25,24,33,25,0,home,1.0,211.0,-105.0,-115.0,3.0,103.0,0.0,1,False,1626.396030655619,1675.61295576561,1571.0414976064308,1730.9674888147981,-49.21692510999105,0.5725666744657121
2011,2011-03-12,True,False,lal,dal,96,91,22,28,23,23,0,21,23,21,26,0,away,1.0,194.5,-120.0,100.0,1.0,96.0,1.0,0,False,1845.1992239152114,1745.6911836061374,1790.7606020788714,1800.1298054424774,99.50804030907398,0.7592296267284109
2011,2011-03-12,True,False,det,den,101,131,28,32,14,27,0,33,33,27,38,0,home,9.5,208.0,425.0,-550.0,4.0,104.5,1.0,1,True,1699.8655516050974,1274.0414673148075,1704.7641374107466,1269.1428815091583,425.8240842902899,0.9537741062241365
2011,2011-03-13,True,False,mil,bos,56,87,9,13,16,18,0,20,19,21,27,0,home,8.0,179.5,350.0,-450.0,1.0,87.5,1.0,0,True,1652.6003123869496,1470.6321120679656,1673.8585230927067,1449.3739013622085,181.96820031898392,0.8352276415680796
2011,2011-03-13,True,False,min,gs,77,100,23,21,15,18,0,26,23,26,25,0,home,7.0,220.5,250.0,-300.0,2.5,107.5,1.0,0,True,1419.643379482016,1347.6953083166316,1454.988369376796,1312.3503184218514,71.94807116538436,0.7290509183119559
2011,2011-03-13,True,False,ind,ny,106,93,29,25,31,21,0,21,25,26,21,0,home,9.5,220.5,425.0,-550.0,9.0,109.0,0.0,0,False,1603.8194867795241,1236.7713600326906,1524.285148639921,1316.3056981722937,367.04812674683353,0.9363473253194196
2011,2011-03-13,True,False,cha,tor,95,90,24,26,26,19,0,22,25,24,19,0,home,2.0,198.0,115.0,-135.0,1.5,98.5,0.0,0,False,1261.177108931142,1432.2337544815093,1229.7096626639914,1463.7012007486599,-171.05664555036742,0.3991435489119783
2011,2011-03-13,True,False,orl,phx,111,88,32,29,26,24,0,26,26,13,23,0,away,6.0,202.5,-260.0,220.0,0.5,100.0,1.0,0,False,1553.5107389747666,1616.0382219801747,1476.0817712477526,1693.4671897071887,-62.52748300540816,0.553719150292171
2011,2011-03-13,True,False,okc,cle,95,75,29,21,25,20,0,14,24,18,19,0,away,9.5,210.0,-600.0,450.0,1.5,101.5,1.0,0,False,1111.4726815912468,1690.1281811879453,1103.4640095449577,1698.1368532342344,-578.6554995966985,0.05978450725933958
2011,2011-03-14,True,False,bos,bkn,79,88,23,15,23,18,0,14,22,31,21,0,away,5.5,186.5,-240.0,200.0,3.0,91.0,0.0,0,True,1383.3389221182945,1673.8585230927067,1459.2882473091097,1597.9091979018915,-290.51960097441224,0.2503551628489388
2011,2011-03-14,True,False,den,no,114,103,23,35,36,20,0,21,24,30,28,0,home,2.5,199.0,120.0,-140.0,4.5,97.5,0.0,1,False,1518.5596813398263,1704.7641374107466,1477.184093471459,1746.139725279114,-186.2044560709203,0.37842639674848405
2011,2011-03-14,True,False,orl,lal,84,97,25,21,20,18,0,19,22,30,26,0,home,5.5,186.5,190.0,-230.0,6.5,92.0,1.0,0,True,1800.1298054424774,1693.4671897071887,1824.61156024194,1668.9854349077261,106.66261573528868,0.7666776822496466
2011,2011-03-14,True,False,phi,utah,107,112,23,19,27,34,4,28,32,22,21,9,away,3.5,199.0,-160.0,140.0,6.0,97.5,0.0,1,True,1310.7998128525323,1555.0152574562194,1365.7014842261722,1500.1135860825796,-244.21544460368705,0.3036089497942558
2011,2011-03-14,True,False,phx,hou,93,95,16,26,22,29,0,27,23,24,21,0,home,9.0,217.0,360.0,-460.0,3.0,106.5,0.0,0,True,1571.0414976064308,1476.0817712477526,1581.883455899376,1465.2398129548073,94.95972635867815,0.7544110914848319
2011,2011-03-14,True,False,lac,mem,82,105,20,16,20,26,0,21,29,28,27,0,home,6.0,201.5,200.0,-240.0,1.5,97.5,1.0,0,True,1585.1128720926408,1493.1184124000465,1616.9682717857715,1461.2630127069158,91.99445969259432,0.7512348334636473
2011,2011-03-14,True,False,gs,sac,119,129,20,39,25,35,0,35,36,36,22,0,home,1.5,218.0,105.0,-116.0,3.5,108.5,1.0,1,True,1256.8868458767472,1454.988369376796,1324.152391051049,1387.7228242024942,-198.10152350004887,0.36245656444330043
2011,2011-03-14,True,False,sa,mia,80,110,19,20,24,17,0,22,27,28,33,0,home,5.0,198.5,180.0,-220.0,1.0,96.0,1.0,0,True,1679.3552441490112,1730.9674888147981,1744.4488483016273,1665.873884662182,-51.612244665786875,0.5691888157167887
2011,2011-03-14,True,False,okc,wsh,116,89,33,35,27,21,0,24,23,23,19,0,away,9.0,208.0,-450.0,350.0,1.5,101.0,1.0,0,False,1094.5347188131052,1698.1368532342344,1086.8806289035406,1705.790943143799,-603.6021344211292,0.05220465560338515
2011,2011-03-15,True,False,mil,atl,85,110,17,22,16,30,0,28,27,29,26,0,home,5.0,174.0,180.0,-220.0,2.5,86.0,1.0,1,True,1478.594664473829,1449.3739013622085,1523.4673631978917,1404.5012026381457,29.2207631116205,0.6778381551320859
2011,2011-03-15,True,False,ny,ind,117,119,27,27,28,35,0,29,28,30,32,0,away,5.5,216.5,-220.0,180.0,5.5,105.5,0.0,1,True,1316.3056981722937,1524.285148639921,1347.7539368413748,1492.83690997084,-207.97945046762743,0.34942226261544096
2011,2011-03-15,True,False,wsh,chi,79,98,19,27,14,19,0,31,19,25,23,0,home,15.5,192.0,1700.0,-3500.0,8.5,93.5,1.0,0,True,1844.4786270988866,1086.8806289035406,1845.0131113192726,1086.3461446831545,757.597998195346,0.9928731312198638
2011,2011-03-15,True,False,dal,por,101,104,32,24,24,21,0,29,24,29,22,0,away,2.0,191.0,-130.0,110.0,0.5,97.0,0.0,1,True,1537.6758822538172,1790.7606020788714,1580.8053821820783,1747.6311021506103,-253.0847198250542,0.2929236856531445
2011,2011-03-16,True,False,min,utah,104,119,32,18,30,24,0,35,36,21,27,0,home,5.5,210.0,215.0,-255.0,3.0,102.5,1.0,1,True,1365.7014842261722,1312.3503184218514,1399.5896715156732,1278.4621311323504,53.35116580432077,0.7073938903275973
2011,2011-03-16,True,False,okc,mia,96,85,24,22,19,31,0,18,27,17,23,0,home,6.0,202.5,215.0,-255.0,4.5,97.5,0.0,0,False,1744.4488483016273,1705.790943143799,1671.8586599592,1778.3811314862264,38.65790515782828,0.6895848304913399
2011,2011-03-16,True,False,phx,no,95,100,29,17,19,30,0,31,25,21,23,0,home,5.0,196.0,175.0,-210.0,0.0,97.5,2.0,0,True,1477.184093471459,1465.2398129548073,1504.0036829852852,1438.420223440981,11.944280516651588,0.6557481032620066
2011,2011-03-16,True,False,phi,lac,104,94,24,25,30,25,0,24,22,19,29,0,home,0.0,197.0,100.0,-120.0,1.5,97.0,0.0,1,False,1461.2630127069158,1500.1135860825796,1399.319247776461,1562.0573510130343,-38.85057337566377,0.5871035550629298
2011,2011-03-16,True,False,dal,gs,112,106,25,28,28,31,0,34,25,22,25,0,away,3.5,213.0,-165.0,145.0,4.0,105.0,1.0,1,False,1387.7228242024942,1747.6311021506103,1372.054347666919,1763.2995786861854,-359.90827794811617,0.18300009361571357
2011,2011-03-16,True,False,cha,hou,78,94,22,17,18,21,0,29,20,19,26,0,home,7.5,202.5,260.0,-320.0,1.0,100.0,1.0,0,True,1581.883455899376,1463.7012007486599,1606.5965556987258,1438.9881009493101,118.18225515071617,0.7783295188693354
2011,2011-03-16,True,False,tor,det,93,107,24,28,24,17,0,38,25,24,20,0,home,4.5,207.0,165.0,-185.0,1.0,102.0,1.0,0,True,1269.1428815091583,1229.7096626639914,1304.6175376839606,1194.2350064891891,39.43321884516695,0.6905393740469182
2011,2011-03-16,True,False,den,atl,102,87,17,29,26,30,0,20,22,21,24,0,home,2.0,202.0,110.0,-130.0,2.0,99.5,0.0,0,False,1523.4673631978917,1746.139725279114,1483.1547043577411,1786.4523841192645,-222.67236208122222,0.33044814200985173
2011,2011-03-16,True,False,ind,bos,80,92,20,20,20,20,0,15,32,27,18,0,home,11.0,194.5,500.0,-700.0,4.5,95.5,1.0,0,True,1597.9091979018915,1347.7539368413748,1608.5227351456492,1337.140399597617,250.15526106051675,0.8824310526377566
2011,2011-03-16,True,False,cle,sac,97,93,18,27,28,24,0,28,23,23,19,0,home,9.5,216.0,425.0,-550.0,3.5,105.0,0.0,0,False,1324.152391051049,1103.4640095449577,1274.0492336727425,1153.5671669232643,220.68838150609145,0.8636603897541615
2011,2011-03-16,True,False,orl,mil,93,89,23,23,15,18,14,14,23,27,15,10,away,6.5,183.0,-280.0,240.0,1.5,89.5,0.0,0,False,1404.5012026381457,1668.9854349077261,1384.7069694133434,1688.7796681325285,-264.4842322695804,0.2795192864861417
2011,2011-03-17,True,False,chi,bkn,84,73,24,19,17,24,0,20,16,14,23,0,away,6.5,184.0,-295.0,235.0,1.5,90.5,1.0,0,False,1459.2882473091097,1845.0131113192726,1441.595754347754,1862.7056042806282,-385.72486401016295,0.1618177941583393
2011,2011-03-17,True,False,mem,ny,99,120,29,22,23,25,0,29,30,33,28,0,home,5.0,215.5,190.0,-230.0,0.0,107.0,1.0,1,True,1492.83690997084,1616.9682717857715,1565.5554510205786,1544.249730736033,-124.13136181493155,0.4653279145450793
2011,2011-03-17,True,False,cle,por,70,111,12,22,11,25,0,37,27,25,22,0,home,14.0,192.0,1200.0,-3000.0,2.0,93.0,1.0,0,True,1580.8053821820783,1153.5671669232643,1586.0906853232818,1148.2818637820608,427.2382152588141,0.9541316856324458
2011,2011-03-18,True,False,bkn,mil,95,110,26,28,19,22,0,29,23,28,30,0,home,6.5,178.0,200.0,-250.0,5.5,89.0,1.0,1,True,1384.7069694133434,1441.595754347754,1438.1737796009008,1388.1289441601966,-56.88878493441075,0.5617255573310193
2011,2011-03-18,True,False,chi,ind,108,115,21,27,25,29,6,31,31,27,13,13,away,4.5,188.5,-195.0,165.0,6.0,93.0,0.0,1,True,1337.140399597617,1862.7056042806282,1421.3658921034757,1778.4801117747695,-525.5652046830112,0.07945681549520535
2011,2011-03-18,True,False,cha,okc,82,99,18,25,22,17,0,26,19,29,25,0,home,11.0,193.5,575.0,-775.0,6.5,93.5,1.0,0,True,1778.3811314862264,1438.9881009493101,1785.3909747263745,1431.978257709162,339.3930305369163,0.9261738944498842
2011,2011-03-18,True,False,gs,phx,97,108,20,18,27,32,0,27,23,34,24,0,home,5.0,218.0,195.0,-240.0,0.5,105.0,1.0,0,True,1438.420223440981,1372.054347666919,1466.85658010095,1343.6179910069502,66.36587577406203,0.7226568544416105
2011,2011-03-18,True,False,sa,dal,97,91,30,20,23,24,0,20,25,21,25,0,home,2.5,199.5,110.0,-130.0,3.0,98.5,0.0,0,False,1763.2995786861854,1665.873884662182,1704.2367355801675,1724.9367277682,97.4256940240034,0.7570316087414901
2011,2011-03-18,True,False,bos,hou,77,93,22,18,16,21,0,28,34,19,12,0,away,2.0,196.0,-150.0,130.0,5.5,94.5,0.0,0,True,1606.5965556987258,1608.5227351456492,1651.785487777517,1563.333803066858,-1.92617944692347,0.6375065839064066
2011,2011-03-18,True,False,den,orl,82,85,21,21,18,22,0,18,29,17,21,0,home,5.5,205.0,205.0,-255.0,2.0,101.5,0.0,0,True,1688.7796681325285,1786.4523841192645,1719.0738542551605,1756.1581979966325,-97.67271598673597,0.503349180830814
2011,2011-03-18,True,False,ny,det,95,99,25,28,25,17,0,26,29,15,29,0,away,3.5,215.5,-195.0,165.0,3.5,106.5,0.0,0,True,1304.6175376839606,1565.5554510205786,1355.3461314245155,1514.8268572800237,-260.93791333661807,0.28364892108889134
2011,2011-03-18,True,False,min,lal,98,106,27,24,23,24,0,21,28,29,28,0,home,14.0,200.5,1150.0,-2200.0,10.0,98.5,0.0,1,True,1824.61156024194,1278.4621311323504,1826.0916843575492,1276.9820070167411,546.1494291095896,0.976328680116336
2011,2011-03-18,True,False,mia,atl,106,85,25,25,36,20,0,21,16,20,28,0,away,6.0,188.0,-265.0,215.0,0.5,92.0,1.0,1,False,1483.1547043577411,1671.8586599592,1432.1459815133665,1722.8673828035746,-188.7039556014588,0.3750479564893852
2011,2011-03-18,True,False,phi,sac,102,80,32,23,25,22,0,23,15,16,26,0,away,5.0,207.5,-190.0,160.0,2.0,100.5,1.0,0,False,1274.0492336727425,1562.0573510130343,1239.1341171546676,1596.9724675311093,-288.00811734029185,0.2530782456492738
2011,2011-03-18,True,False,wsh,tor,107,116,27,26,24,30,0,33,29,26,28,0,home,8.5,205.5,330.0,-430.0,2.0,101.0,1.0,1,True,1194.2350064891891,1086.3461446831545,1215.4565114348786,1065.124639737465,107.88886180603458,0.7679380110678548
2011,2011-03-19,True,False,cha,sa,98,109,13,28,27,30,0,24,34,32,19,0,home,12.5,190.0,700.0,-1000.0,2.5,92.5,0.0,1,True,1724.9367277682,1431.978257709162,1732.9122505023802,1424.0027349749819,292.95847005903784,0.9056849546112669
2011,2011-03-19,True,False,phi,por,101,110,27,27,29,18,0,36,26,25,23,0,home,7.5,187.5,250.0,-300.0,2.0,93.5,1.0,1,True,1586.0906853232818,1596.9724675311093,1624.0315866916696,1559.0315661627214,-10.881782207827428,0.6255108158471273
2011,2011-03-19,True,False,ind,mem,78,99,20,21,19,18,0,27,31,18,23,0,home,9.0,202.5,400.0,-500.0,1.0,99.0,1.0,0,True,1544.249730736033,1421.3658921034757,1570.537571855536,1395.0780509839726,122.88383863255717,0.7829638353768157
2011,2011-03-19,True,False,cle,lac,92,100,28,22,28,14,0,25,29,28,18,0,home,15.0,201.0,850.0,-1300.0,8.0,98.0,0.0,0,True,1399.319247776461,1148.2818637820608,1408.364128728254,1139.2369828302678,251.03738399440022,0.882956845554696
2011,2011-03-19,True,False,den,mia,98,103,21,26,24,27,0,29,27,23,24,0,home,8.0,205.5,325.0,-400.0,2.0,102.0,0.0,0,True,1722.8673828035746,1756.1581979966325,1754.8091785524205,1724.2164022477866,-33.290815193057824,0.5948396445781754
2011,2011-03-19,True,False,bos,no,89,85,14,26,27,22,0,28,23,13,21,0,away,2.0,177.5,-120.0,100.0,3.5,87.0,1.0,0,False,1504.0036829852852,1563.333803066858,1464.470153736337,1602.8673323158064,-59.330120081572886,0.5582627911092215
2011,2011-03-20,True,False,phx,lac,108,99,27,27,27,27,0,23,26,29,21,0,home,1.0,208.0,100.0,-120.0,1.5,102.0,0.0,0,False,1408.364128728254,1466.85658010095,1351.683993665979,1523.536715163225,-58.492451372695996,0.5594515884335702
2011,2011-03-20,True,False,bkn,wsh,92,98,35,21,12,24,0,23,20,28,27,0,away,2.0,193.0,-140.0,120.0,2.5,94.0,0.0,0,True,1065.124639737465,1388.1289441601966,1132.1721272742354,1321.0814566234262,-323.0043044227316,0.21691834760902695
2011,2011-03-20,True,False,ny,mil,95,100,9,32,31,23,0,32,15,28,25,0,away,2.0,196.0,-130.0,110.0,2.5,95.5,0.0,0,True,1438.1737796009008,1514.8268572800237,1474.947615526414,1478.0530213545105,-76.65307767912282,0.5335484407027067
2011,2011-03-20,True,False,tor,okc,95,93,25,23,28,19,0,22,22,22,27,0,home,14.5,207.5,850.0,-1300.0,12.0,100.0,0.0,0,False,1785.3909747263745,1215.4565114348786,1755.2380739510756,1245.6094122101774,569.9344632914958,0.9792948998980169
2011,2011-03-20,True,False,det,atl,96,104,17,33,24,22,0,21,34,24,25,0,home,7.0,189.5,260.0,-320.0,3.0,94.0,1.0,1,True,1432.1459815133665,1355.3461314245155,1455.9803429590897,1331.5117699787922,76.79985008885092,0.7345324860317358
2011,2011-03-20,True,False,utah,hou,108,110,19,28,28,33,0,30,25,22,33,0,home,8.5,210.5,325.0,-400.0,2.0,104.5,0.0,1,True,1651.785487777517,1399.5896715156732,1656.2772089391708,1395.0979503540193,252.19581626184367,0.88364423454825
2011,2011-03-20,True,False,gs,dal,73,101,23,20,20,10,0,31,20,25,25,0,home,8.5,212.5,350.0,-450.0,2.0,105.0,1.0,0,True,1704.2367355801675,1343.6179910069502,1711.4121431359333,1336.4425834511844,360.6187445732173,0.9341055140570761
2011,2011-03-20,True,False,por,lal,80,84,20,28,18,14,0,27,17,18,22,0,home,6.5,186.5,210.0,-250.0,6.0,93.5,0.0,0,True,1826.0916843575492,1624.0315866916696,1834.8969467857753,1615.2263242634435,202.06009766587954,0.850534286017802
2011,2011-03-20,True,False,sac,min,127,95,28,29,28,42,0,23,25,27,20,0,home,4.5,214.5,170.0,-200.0,4.0,104.5,0.0,1,False,1276.9820070167411,1239.1341171546676,1174.908854735718,1341.2072694356907,37.847889862073544,0.6885858365560767
2011,2011-03-21,True,False,sac,chi,92,132,28,19,25,20,0,34,30,34,34,0,home,15.0,197.0,2012.0,-3238.0,4.5,96.0,1.0,1,True,1778.4801117747695,1341.2072694356907,1783.4147014209534,1336.2726797895068,437.2728423390788,0.9565944034039019
2011,2011-03-21,True,False,gs,sa,96,111,21,24,24,27,0,32,22,32,25,0,home,11.0,208.5,587.0,-763.0,3.0,101.5,1.0,0,True,1732.9122505023802,1336.4425834511844,1737.6535546947518,1331.7012792588127,396.46966705119576,0.945726079075814
2011,2011-03-21,True,False,orl,cle,97,86,30,26,24,17,0,15,23,20,28,0,away,12.5,194.0,-1040.0,760.0,2.0,94.5,0.0,0,False,1139.2369828302678,1719.0738542551605,1132.7420601498231,1725.5687769356052,-579.8368714248927,0.05940339010868214
2011,2011-03-21,True,False,tor,den,90,123,23,21,28,18,0,36,36,29,22,0,home,12.5,214.0,760.0,-1040.0,0.5,106.0,1.0,0,True,1724.2164022477866,1245.6094122101774,1727.8400592871376,1241.9857551708265,478.6069900376092,0.9654681015991011
2011,2011-03-21,True,False,bos,ny,96,86,22,15,26,33,0,25,26,18,17,0,away,1.5,199.5,-122.0,108.0,4.5,98.5,1.0,0,False,1478.0530213545105,1602.8673323158064,1429.0606710104933,1651.8596826598236,-124.81431096129586,0.46434993239681865
2011,2011-03-21,True,False,ind,bkn,102,98,15,25,29,33,0,19,25,17,37,0,away,3.5,195.0,-152.0,138.0,4.0,94.0,1.0,1,False,1321.0814566234262,1395.0780509839726,1283.0287171334726,1433.1307904739263,-73.9965943605464,0.5373521909273714
2011,2011-03-21,True,False,utah,mem,85,103,21,21,23,20,0,29,25,26,23,0,home,8.0,202.5,325.0,-370.0,1.0,103.0,1.0,0,True,1570.537571855536,1395.0979503540193,1589.2758131744165,1376.3597090351388,175.43962150151674,0.8299902148414116
2011,2011-03-22,True,False,chi,atl,114,81,31,41,26,16,0,21,22,17,21,0,away,4.5,181.0,-190.0,165.0,5.5,91.5,1.0,1,False,1455.9803429590897,1783.4147014209534,1422.9905896522398,1816.4044547278033,-327.43435846186367,0.21261782945231783
2011,2011-03-22,True,False,wsh,por,76,111,29,16,14,17,0,35,27,29,20,0,home,16.0,195.0,1500.0,-3000.0,4.0,96.0,1.0,0,True,1615.2263242634435,1132.1721272742354,1618.8080061819937,1128.5904453556852,483.0541969892081,0.96631150139384
2011,2011-03-22,True,False,phx,lal,137,139,31,29,26,26,25,27,39,29,17,27,home,7.5,200.5,255.0,-310.0,2.5,102.5,0.0,1,True,1834.8969467857753,1523.536715163225,1838.0540467675735,1520.3796151814267,311.3602316225504,0.9143527908697668
2011,2011-03-23,True,False,orl,ny,111,99,28,27,24,32,0,25,34,19,21,0,away,1.0,204.5,-120.0,100.0,1.5,101.0,1.0,1,False,1429.0606710104933,1725.5687769356052,1401.5300034627028,1753.0994444833957,-296.508105925112,0.24394126453309267
2011,2011-03-23,True,False,wsh,lac,119,127,21,28,28,25,17,33,25,17,27,25,home,13.5,203.5,900.0,-1500.0,5.5,99.5,0.0,1,True,1351.683993665979,1128.5904453556852,1362.3325686721653,1117.941870349499,223.09354831029373,0.8652824906815927
2011,2011-03-23,True,False,sa,den,112,115,32,37,24,19,0,24,40,26,25,0,home,6.0,212.0,175.0,-210.0,6.0,108.0,0.0,1,True,1727.8400592871376,1737.6535546947518,1750.594959079656,1714.8986549022334,-9.813495407614255,0.6269502149250932
2011,2011-03-23,True,False,tor,phx,106,114,32,29,25,20,0,26,29,31,28,0,home,8.0,212.0,270.0,-340.0,7.5,106.0,2.0,1,True,1520.3796151814267,1241.9857551708265,1528.0724679439415,1234.2929024083116,278.3938600106003,0.8982756386997075
2011,2011-03-23,True,False,sac,mil,97,90,25,28,22,22,0,32,24,18,16,0,home,9.0,194.5,370.0,-480.0,4.5,96.5,0.0,0,False,1474.947615526414,1336.2726797895068,1410.8252172414586,1400.3950780744622,138.67493573690717,0.7980132939424863
2011,2011-03-23,True,False,gs,hou,112,131,33,24,28,27,0,36,30,34,31,0,home,8.0,217.0,360.0,-470.0,2.5,107.0,1.0,1,True,1656.2772089391708,1331.7012792588127,1664.2257263732915,1323.752761824692,324.57592968035806,0.9201256540025241
2011,2011-03-23,True,False,mia,det,100,94,21,32,20,27,0,27,28,26,13,0,away,8.5,198.0,-515.0,390.0,7.0,98.0,0.0,0,False,1331.5117699787922,1754.8091785524205,1319.988957933515,1766.3319905976978,-423.2974085736282,0.1345807729433236
2011,2011-03-23,True,False,utah,okc,94,106,25,20,24,25,0,32,18,28,28,0,home,12.0,205.0,640.0,-890.0,6.0,102.5,2.0,0,True,1755.2380739510756,1376.3597090351388,1760.1253885352785,1371.472394450936,378.8783649159368,0.9402875651406714
2011,2011-03-23,True,False,ind,cha,111,88,23,31,33,24,0,28,25,19,16,0,home,2.0,192.5,105.0,-125.0,2.0,96.0,0.0,1,False,1424.0027349749819,1433.1307904739263,1336.2045680322121,1520.928957416696,-9.128055498944377,0.6278725885660915
2011,2011-03-23,True,False,atl,phi,100,105,28,31,21,20,0,30,23,21,31,0,home,7.0,190.5,235.0,-295.0,7.0,95.0,0.0,1,True,1559.0315661627214,1422.9905896522398,1573.2191336541969,1408.8030221607644,136.04097651048164,0.7955582677234395
2011,2011-03-23,True,False,mem,bos,90,87,20,24,23,23,0,15,30,25,17,0,home,6.0,185.5,245.0,-305.0,4.0,93.5,0.0,0,False,1651.8596826598236,1589.2758131744165,1610.6277148373792,1630.507780996861,62.58386948540715,0.7182723489987071
2011,2011-03-23,True,False,bkn,cle,98,94,17,22,23,20,16,22,20,20,20,12,away,2.5,193.0,-140.0,120.0,2.0,94.5,1.0,0,False,1132.7420601498231,1283.0287171334726,1102.4237193485708,1313.347057934725,-150.28665698364944,0.4281328249477764
2011,2011-03-24,True,False,min,dal,96,104,23,24,25,24,0,17,32,27,28,0,home,15.0,210.5,2000.0,-3000.0,8.5,103.5,0.0,0,True,1711.4121431359333,1174.908854735718,1712.984477349484,1173.3365205221673,536.5032884002153,0.9750108643825214
2011,2011-03-24,True,False,no,utah,121,117,27,29,22,27,16,32,22,24,27,12,away,5.0,190.5,-200.0,170.0,3.0,95.5,0.0,1,False,1371.472394450936,1464.470153736337,1335.3512490857427,1500.5912991015302,-92.99775928540089,0.5100756702659247
2011,2011-03-25,True,False,mem,chi,96,99,22,24,27,23,0,21,28,25,25,0,home,9.0,189.0,400.0,-525.0,5.0,95.5,0.0,1,True,1816.4044547278033,1630.507780996861,1824.720704232086,1622.1915314925782,185.89667373094244,0.8383163040187979
2011,2011-03-25,True,False,wsh,den,94,114,16,29,22,27,0,30,34,18,32,0,home,17.0,216.5,1800.0,-6000.0,4.5,107.5,1.0,0,True,1750.594959079656,1117.941870349499,1751.786454370975,1116.75037505818,632.6530887301572,0.985478402700923
2011,2011-03-25,True,False,lac,lal,104,112,23,25,32,24,0,33,24,28,27,0,home,9.5,198.0,460.0,-660.0,2.5,98.5,0.0,1,True,1838.0540467675735,1362.3325686721653,1840.3528714293614,1360.0337440103774,475.7214780954082,0.9649100199699081
2011,2011-03-25,True,False,tor,gs,100,138,36,22,16,26,0,45,39,32,22,0,home,7.5,219.5,265.0,-335.0,2.5,110.0,1.0,1,True,1323.752761824692,1234.2929024083116,1360.965022528228,1197.0806417047756,89.45985941638037,0.7484981938926354
2011,2011-03-25,True,False,no,phx,106,100,21,29,23,33,0,27,29,22,22,0,home,6.5,199.0,225.0,-275.0,2.0,99.0,0.0,1,False,1528.0724679439415,1500.5912991015302,1471.7707350664245,1556.8930319790472,27.481168842411307,0.6756474988058272
2011,2011-03-25,True,False,det,cle,91,97,24,27,17,23,0,26,26,23,22,0,away,4.5,197.0,-205.0,170.0,3.5,96.0,0.0,0,True,1102.4237193485708,1319.988957933515,1159.1911082748938,1263.2215690071919,-217.56523858494415,0.33698483932053636
2011,2011-03-25,True,False,sa,por,96,98,28,21,21,26,0,24,23,26,25,0,home,4.0,193.0,150.0,-180.0,4.0,95.0,0.0,1,True,1618.8080061819937,1714.8986549022334,1642.7055327065914,1691.0011283776357,-96.09064872023964,0.5056257713171783
2011,2011-03-25,True,False,phi,mia,99,111,27,23,32,17,0,20,31,26,34,0,home,8.0,196.0,325.0,-425.0,5.0,96.5,1.0,1,True,1766.3319905976978,1573.2191336541969,1781.1006899960548,1558.4504342558398,193.1128569435009,0.8438678625081015
2011,2011-03-25,True,False,mil,ny,102,96,35,23,24,20,0,24,27,26,19,0,home,6.0,196.5,245.0,-305.0,5.5,97.0,0.0,1,False,1401.5300034627028,1410.8252172414586,1347.7907751875837,1464.5644455165777,-9.295213778755851,0.627647734791212
2011,2011-03-25,True,False,sac,ind,110,93,22,33,30,25,0,18,19,31,25,0,home,7.0,216.0,245.0,-305.0,7.5,105.5,0.0,0,False,1520.928957416696,1400.3950780744622,1432.3274201203933,1488.9966153707649,120.53387934223383,0.7806562978611457
2011,2011-03-25,True,False,bkn,orl,85,95,20,18,25,22,0,25,23,18,29,0,home,13.5,188.5,950.0,-1600.0,5.0,93.0,0.0,0,True,1753.0994444833957,1313.347057934725,1756.2371283635614,1310.2093740545592,439.75238654867076,0.9571832099255191
2011,2011-03-25,True,False,min,okc,103,111,27,26,29,21,0,30,34,24,23,0,home,16.0,209.0,1700.0,-5000.0,6.0,102.5,0.0,1,True,1760.1253885352785,1173.3365205221673,1761.2724364069468,1172.189472650499,586.7888680131111,0.9811733276791812
2011,2011-03-25,True,False,cha,bos,83,81,19,18,16,30,0,25,17,24,15,0,home,13.5,178.0,1000.0,-1700.0,6.5,87.5,0.0,0,False,1610.6277148373792,1336.2045680322121,1576.6360156615065,1370.196267208085,274.4231468051671,0.8961679259082038
2011,2011-03-26,True,False,ny,cha,106,114,31,20,28,27,0,30,34,28,22,0,away,5.0,201.5,-210.0,175.0,6.0,101.0,0.0,1,True,1370.196267208085,1347.7907751875837,1401.4753392475718,1316.5117031480968,22.405492020501242,0.6692118758246574
2011,2011-03-26,True,False,bkn,atl,87,98,15,16,30,26,0,32,25,25,16,0,home,9.5,187.5,425.0,-550.0,1.0,93.0,1.0,0,True,1408.8030221607644,1310.2093740545592,1432.8612260146526,1286.151170200671,98.59364810620514,0.7582661163459432
2011,2011-03-26,True,False,ind,det,88,100,25,22,18,23,0,26,22,29,23,0,home,2.0,203.0,110.0,-130.0,0.5,98.5,1.0,0,True,1263.2215690071919,1432.3274201203933,1330.7286003091351,1364.82038881845,-169.10585111320142,0.4018397646157779
2011,2011-03-26,True,False,chi,mil,95,87,21,23,25,26,0,25,23,26,13,0,away,5.5,177.0,-250.0,210.0,5.5,87.0,1.0,1,False,1464.5644455165777,1824.720704232086,1446.8930083918492,1842.3921413568146,-360.15625871550833,0.18278676433860946
2011,2011-03-26,True,False,dal,utah,94,77,20,23,15,36,0,22,25,13,17,0,away,6.0,204.0,-275.0,235.0,6.5,100.0,1.0,0,False,1335.3512490857427,1712.984477349484,1313.9556846770563,1734.3800417581704,-377.63322826374133,0.16823539260710255
2011,2011-03-26,True,False,tor,lac,90,94,21,23,29,17,0,18,25,23,28,0,home,11.0,213.0,600.0,-800.0,7.5,103.5,0.0,0,True,1360.0337440103774,1197.0806417047756,1371.0184142607777,1186.0959714543753,162.95310230560176,0.81960590308052
2011,2011-03-27,True,False,no,lal,84,102,19,22,22,21,0,30,27,17,28,0,home,9.0,189.5,425.0,-550.0,0.5,93.0,1.0,0,True,1840.3528714293614,1556.8930319790472,1850.3552793894053,1546.8906240190033,283.4598394503141,0.9009095928927504
2011,2011-03-27,True,False,wsh,gs,104,114,36,31,17,20,0,35,29,26,24,0,home,12.5,219.0,650.0,-900.0,9.0,108.5,0.0,0,True,1360.965022528228,1116.75037505818,1371.2394844503906,1106.4759131360174,244.21464747004802,0.8788365840940412
2011,2011-03-27,True,False,dal,phx,91,83,17,27,21,26,0,26,23,18,16,0,away,3.0,207.5,-145.0,125.0,3.5,103.0,1.0,0,False,1471.7707350664245,1734.3800417581704,1444.5367671887855,1761.6140096358095,-262.6093066917458,0.28169802112411757
2011,2011-03-27,True,False,por,okc,90,99,20,21,31,18,0,21,34,23,21,0,home,5.0,191.0,170.0,-200.0,1.5,93.0,1.0,0,True,1761.2724364069468,1642.7055327065914,1781.315570036249,1622.6623990772891,118.5669037003554,0.7787113078766439
2011,2011-03-27,True,False,bos,min,85,82,32,15,17,21,0,13,21,28,20,0,away,8.5,191.0,-480.0,380.0,1.5,92.0,0.0,0,False,1172.189472650499,1576.6360156615065,1163.1785318311786,1585.646956480827,-404.4465430110074,0.1477277231111091
2011,2011-03-27,True,False,atl,cle,99,83,21,31,22,25,0,18,21,27,17,0,away,5.5,188.0,-210.0,175.0,1.0,91.5,1.0,0,False,1159.1911082748938,1432.8612260146526,1125.6577707125869,1466.3945635769596,-273.6701177397588,0.268995382869101
2011,2011-03-27,True,False,sa,mem,104,111,23,27,27,27,0,24,31,26,30,0,home,0.0,199.0,110.0,-130.0,1.0,99.0,1.0,1,True,1622.1915314925782,1691.0011283776357,1663.8433243071074,1649.3493355631065,-68.80959688505754,0.5447664019874559
2011,2011-03-27,True,False,sac,phi,114,111,18,26,30,26,14,27,22,22,29,11,home,8.5,208.5,340.0,-440.0,3.5,101.5,0.0,1,False,1558.4504342558398,1488.9966153707649,1517.0308668913676,1530.416182735237,69.45381888507495,0.7262053778508702
2011,2011-03-27,True,False,hou,mia,119,125,37,31,25,26,0,38,33,22,32,0,home,7.5,209.0,290.0,-350.0,4.5,104.0,0.0,1,True,1781.1006899960548,1664.2257263732915,1798.1937730239133,1647.132643345433,116.87496362276329,0.777028426725846
2011,2011-03-28,True,False,mil,cha,86,87,26,20,26,14,0,27,18,20,22,0,away,1.0,178.0,-107.0,-103.0,0.5,88.0,0.0,0,True,1401.4753392475718,1446.8930083918492,1414.348429296473,1434.0199183429481,-45.4176691442774,0.5779103823984848
2011,2011-03-28,True,False,bos,ind,100,107,33,16,36,15,0,27,30,24,26,0,away,2.0,186.0,-130.0,110.0,3.0,90.5,0.0,1,True,1364.82038881845,1585.646956480827,1425.865843518446,1524.601501780831,-220.82656766237687,0.3328032214810913
2011,2011-03-28,True,False,orl,ny,106,113,18,26,29,27,6,18,30,27,25,13,away,2.5,206.5,-135.0,115.0,1.5,101.0,0.0,1,True,1316.5117031480968,1756.2371283635614,1396.6669864352448,1676.0818450764136,-439.7254252154646,0.12394219924683132
2011,2011-03-28,True,False,phi,chi,97,85,27,26,16,28,0,13,24,27,21,0,home,11.0,192.5,550.0,-750.0,11.0,96.0,0.0,0,False,1842.3921413568146,1517.0308668913676,1764.0129406466772,1595.410067601505,325.36127446544697,0.9204572778102688
2011,2011-03-28,True,False,por,sa,100,92,28,30,9,33,0,22,29,21,20,0,away,2.0,187.5,-135.0,115.0,0.5,93.0,1.0,1,False,1649.3493355631065,1622.6623990772891,1585.8214737090868,1686.1902609313088,26.68693648581734,0.6746447576427014
2011,2011-03-28,True,False,wsh,utah,100,95,16,35,22,12,15,21,22,20,22,10,home,11.0,204.5,600.0,-800.0,9.5,98.5,0.0,0,False,1313.9556846770563,1106.4759131360174,1258.1674252960938,1162.26417251698,207.47977154103887,0.8544571544555457
2011,2011-03-29,True,False,mia,cle,90,102,24,18,28,20,0,24,29,22,27,0,away,14.0,197.5,-1950.0,1300.0,13.0,97.5,0.0,0,True,1125.6577707125869,1798.1937730239133,1234.4846951071984,1689.3668486293018,-672.5360023113265,0.03571616975922435
2011,2011-03-29,True,False,hou,bkn,112,87,34,27,22,29,0,21,22,20,24,0,away,7.5,203.0,-320.0,260.0,1.5,99.5,1.0,0,False,1286.151170200671,1647.132643345433,1260.0491153244232,1673.234698221681,-360.98147314476205,0.18207825120951365
2011,2011-03-29,True,False,gs,okc,114,115,29,21,27,29,8,25,33,20,28,9,home,11.0,213.5,575.0,-775.0,4.0,104.0,0.0,1,True,1781.315570036249,1371.2394844503906,1782.405478728626,1370.1495757580137,410.07608558585844,0.949608820277363
2011,2011-03-29,True,False,phx,sac,113,116,34,27,32,20,0,30,29,26,31,0,away,2.5,216.5,-135.0,115.0,1.0,107.5,0.0,1,True,1530.416182735237,1444.5367671887855,1544.7628196147007,1430.1901303093218,85.87941554645158,0.7445984235735497
2011,2011-03-30,True,False,okc,phx,116,98,33,22,24,37,0,28,23,22,25,0,away,3.0,211.0,-145.0,125.0,0.5,103.5,1.0,1,False,1430.1901303093218,1782.405478728626,1405.611646515504,1806.9839625224438,-352.21534841930406,0.18971420646084777
2011,2011-03-30,True,False,por,no,91,95,31,19,20,21,0,25,23,20,27,0,away,2.0,181.0,-130.0,110.0,0.0,88.5,0.0,1,True,1546.8906240190033,1686.1902609313088,1586.2863434245082,1646.7945415258039,-139.29963691230546,0.44368325593754004
2011,2011-03-30,True,False,gs,mem,91,110,24,29,19,19,0,29,19,31,31,0,home,10.5,210.0,475.0,-650.0,8.5,103.0,1.0,0,True,1663.8433243071074,1370.1495757580137,1673.4161469913947,1360.5767530737264,293.6937485490937,0.9060458820948948
2011,2011-03-30,True,False,sac,den,90,104,28,23,20,19,0,20,21,33,30,0,home,14.5,221.5,1200.0,-1800.0,13.0,110.0,0.0,0,True,1751.786454370975,1544.7628196147007,1766.1863273767308,1530.3629466089449,207.0236347562743,0.854130313789118
2011,2011-03-30,True,False,chi,min,108,91,30,27,29,22,0,19,25,22,25,0,away,9.5,196.5,-520.0,410.0,1.5,96.0,1.0,1,False,1163.1785318311786,1764.0129406466772,1156.4383599773835,1770.7531125004723,-600.8344088154986,0.05299862328484343
2011,2011-03-30,True,False,bkn,ny,116,120,36,32,24,24,0,30,28,33,29,0,home,8.5,209.5,330.0,-420.0,8.0,105.0,0.0,1,True,1396.6669864352448,1260.0491153244232,1409.3708026883423,1247.3452990713256,136.61787111082162,0.7960978619104458
2011,2011-03-30,True,False,cle,cha,97,98,26,24,26,21,0,28,19,29,22,0,home,10.0,190.5,410.0,-520.0,7.5,95.0,0.0,1,True,1414.348429296473,1234.4846951071984,1418.6509257030402,1230.182198700631,179.8637341892745,0.8335536672126425
2011,2011-03-30,True,False,det,ind,101,111,27,20,23,31,0,24,35,32,20,0,home,6.5,201.5,240.0,-280.0,0.0,99.0,1.0,1,True,1425.865843518446,1330.7286003091351,1449.5080629931358,1307.0863808344452,95.13724320931078,0.7546003690614043
2011,2011-03-30,True,False,mil,tor,104,98,22,30,24,28,0,28,21,27,22,0,away,4.5,191.0,-190.0,165.0,1.5,93.0,1.0,1,False,1186.0959714543753,1434.0199183429481,1160.4857847205749,1459.6301050767486,-247.9239468885728,0.29911437523363343
2011,2011-03-30,True,False,hou,phi,97,108,33,22,27,15,0,31,21,32,24,0,home,3.5,210.5,135.0,-155.0,2.0,103.5,1.0,0,True,1595.410067601505,1673.234698221681,1646.5935164598613,1622.0512493633246,-77.82463062017587,0.5318696573871193
2011,2011-03-30,True,False,orl,atl,82,85,25,18,18,21,0,27,19,23,16,0,away,3.5,188.0,-165.0,145.0,2.0,92.0,0.0,0,True,1466.3945635769596,1676.0818450764136,1506.2139395905972,1636.262469062776,-209.687281499454,0.34719072379354876
2011,2011-03-30,True,False,mia,wsh,123,107,32,31,25,35,0,29,23,29,26,0,away,12.5,200.5,-1300.0,1000.0,4.5,98.0,1.0,1,False,1162.26417251698,1689.3668486293018,1152.4393752583012,1699.1916458879805,-527.1026761123219,0.07881187177682604
2011,2011-03-30,True,False,dal,lac,106,100,23,25,27,31,0,28,18,24,30,0,away,5.5,199.0,-230.0,190.0,3.0,98.5,1.0,1,False,1371.0184142607777,1761.6140096358095,1357.486092113411,1775.1463317831763,-390.59559537503173,0.1580508618169369
2011,2011-03-31,True,False,bos,sa,107,97,31,18,28,30,0,33,16,21,27,0,home,2.0,185.5,110.0,-130.0,2.0,92.0,0.0,1,False,1585.8214737090868,1524.601501780831,1514.568451397968,1595.85452409195,61.219971928255745,0.7166808780048983
2011,2011-03-31,True,False,dal,lal,82,110,26,25,19,12,0,28,26,28,28,0,home,6.0,192.0,240.0,-280.0,3.5,96.0,1.0,2,True,1850.3552793894053,1775.1463317831763,1887.1826175439844,1738.3189936285971,75.208947606229,0.7327429007269424
2011,2011-04-01,True,False,sa,hou,114,119,27,29,29,23,6,31,33,23,21,11,home,2.0,213.5,110.0,-130.0,2.0,105.0,1.0,1,True,1622.0512493633246,1514.568451397968,1638.6005167847084,1498.0191839765841,107.48279796535667,0.7675211876817253
2011,2011-04-01,True,False,cha,orl,77,89,17,22,21,17,0,23,26,21,19,0,home,12.5,185.0,650.0,-900.0,4.0,90.5,0.0,0,True,1636.262469062776,1418.6509257030402,1649.0940469688771,1405.8193477969392,217.61154335973583,0.8615613516134177
2011,2011-04-01,True,False,lal,utah,96,85,22,20,29,25,0,28,20,16,21,0,away,8.5,194.0,-450.0,350.0,9.0,95.5,1.0,0,False,1258.1674252960938,1887.1826175439844,1253.2010919252798,1892.1489509147984,-629.0151922478906,0.04542271758284087
2011,2011-04-01,True,False,okc,por,91,98,30,29,11,21,0,20,33,25,20,0,home,3.5,192.0,140.0,-160.0,3.5,94.5,1.0,0,True,1646.7945415258039,1806.9839625224438,1700.3892036118464,1753.3893004364013,-160.1894209966399,0.4142367181086863
2011,2011-04-01,True,False,den,sac,99,90,21,27,31,20,0,28,23,16,23,0,away,5.0,217.0,-200.0,170.0,5.0,105.5,1.0,0,False,1530.3629466089449,1766.1863273767308,1498.5586706289605,1797.9906033567152,-235.82338076778592,0.3139186717962572
2011,2011-04-01,True,False,mem,no,93,81,23,28,20,22,0,12,26,23,20,0,home,0.0,186.5,-107.0,-103.0,3.5,93.5,0.0,0,False,1586.2863434245082,1673.4161469913947,1527.7680951933448,1731.9343952225581,-87.1298035668865,0.5185132342683448
2011,2011-04-01,True,False,bkn,phi,90,115,21,22,22,25,0,29,31,34,21,0,home,10.5,199.0,475.0,-650.0,1.0,96.5,1.0,1,True,1646.5935164598613,1247.3452990713256,1652.0704926564486,1241.8683228747384,399.24821738853575,0.9465412264609624
2011,2011-04-01,True,False,bos,atl,83,88,21,31,16,15,0,23,21,18,26,0,away,1.0,177.5,-113.0,102.0,2.0,87.0,0.0,0,True,1506.2139395905972,1595.85452409195,1544.4576565678167,1557.6108071147305,-89.6405845013528,0.5149039808226236
2011,2011-04-01,True,False,mil,ind,88,89,22,17,21,28,0,14,32,23,20,0,home,3.0,190.0,135.0,-155.0,1.5,93.0,0.0,0,True,1449.5080629931358,1459.6301050767486,1460.898185099903,1448.2399829699814,-10.122042083612769,0.6265347118510726
2011,2011-04-01,True,False,cle,wsh,107,115,26,31,25,25,0,29,23,31,32,0,home,2.5,202.5,130.0,-150.0,2.5,98.0,1.0,1,True,1152.4393752583012,1230.182198700631,1197.6858895277385,1184.9356844311937,-77.74282344232984,0.5319869073162187
2011,2011-04-01,True,False,mia,min,111,92,30,21,34,26,0,20,32,20,20,0,away,11.0,207.0,-900.0,650.0,8.0,102.0,1.0,0,False,1156.4383599773835,1699.1916458879805,1146.880081993465,1708.749923871899,-542.753285910597,0.07251435398994742
2011,2011-04-01,True,False,chi,det,101,96,31,27,22,21,0,21,26,25,24,0,away,8.5,190.0,-450.0,350.0,2.0,93.5,0.0,1,False,1307.0863808344452,1770.7531125004723,1298.4350274109484,1779.4044659239692,-463.6667316660271,0.10973664272054662
2011,2011-04-01,True,False,lac,phx,98,111,23,21,26,28,0,25,32,31,23,0,home,5.0,213.0,180.0,-220.0,1.5,104.5,1.0,0,True,1405.611646515504,1357.486092113411,1438.7226357563861,1324.3751028725287,48.12555440209303,0.7011288706848342
2011,2011-04-02,True,False,okc,lac,92,98,22,27,22,21,0,15,22,31,30,0,away,5.0,205.5,-220.0,180.0,1.0,100.0,0.0,0,True,1324.3751028725287,1753.3893004364013,1398.7965745125298,1678.9678287964002,-429.0141975638726,0.130793842897409
2011,2011-04-02,True,False,dal,gs,92,99,29,21,17,25,0,28,20,24,27,0,away,5.5,212.0,-240.0,200.0,3.5,104.5,0.0,0,True,1360.5767530737264,1738.3189936285971,1436.6874443174988,1662.2083023848245,-377.7422405548707,0.16814759987862368
2011,2011-04-02,True,False,min,mem,89,106,20,24,20,25,0,29,27,17,33,0,home,13.5,203.5,1200.0,-1900.0,3.5,100.0,1.0,0,True,1731.9343952225581,1146.880081993465,1733.4598177053215,1145.3546595107016,585.0543132290932,0.9809879954401014
2011,2011-04-02,True,False,tor,chi,106,113,19,24,32,31,0,25,28,30,30,0,home,14.5,196.5,1500.0,-2100.0,5.5,95.5,0.0,1,True,1779.4044659239692,1160.4857847205749,1780.2916346440095,1159.5986160005345,618.9186812033943,0.9843024504256127
2011,2011-04-02,True,False,phi,mil,87,93,30,18,13,18,8,20,19,22,18,14,away,1.5,186.0,-130.0,110.0,2.5,91.5,0.0,0,True,1448.2399829699814,1652.0704926564486,1503.4759679018994,1596.8345077245306,-203.83050968646717,0.3548708841892455
2011,2011-04-03,True,False,wsh,cha,97,91,22,26,28,21,0,19,24,22,26,0,home,8.5,192.0,350.0,-450.0,7.0,94.0,0.0,0,False,1405.8193477969392,1197.6858895277385,1345.231112298835,1258.2741250258427,208.13345826920067,0.8549244881897706
2011,2011-04-03,True,False,dal,por,96,104,17,29,21,29,0,23,38,24,19,0,home,4.0,188.0,145.0,-165.0,3.0,93.5,1.0,1,True,1700.3892036118464,1662.2083023848245,1729.3505676107854,1633.2469383858854,38.18090122702188,0.6889967535396008
2011,2011-04-03,True,False,atl,hou,109,114,23,40,18,28,0,21,33,32,28,0,home,7.0,200.5,240.0,-280.0,6.0,99.0,0.0,1,True,1638.6005167847084,1544.4576565678167,1656.359039901745,1526.69913345078,94.14286021689168,0.7535388384966873
2011,2011-04-03,True,False,det,bos,90,101,29,19,18,24,0,26,23,33,19,0,home,10.5,185.0,500.0,-700.0,7.0,92.0,1.0,1,True,1557.6108071147305,1298.4350274109484,1567.3609081015113,1288.6849264241675,259.17577970378215,0.8877121618407331
2011,2011-04-03,True,False,mia,bkn,108,94,32,26,19,31,0,18,26,25,25,0,away,10.5,199.5,-800.0,600.0,1.5,98.5,1.0,1,False,1241.8683228747384,1708.749923871899,1229.0066154769363,1721.611631269701,-466.8816009971606,0.10794169607684993
2011,2011-04-03,True,False,den,lal,95,90,21,19,29,26,0,20,27,22,21,0,home,6.5,200.5,245.0,-290.0,1.5,99.0,0.0,0,False,1892.1489509147984,1797.9906033567152,1837.8530066404712,1852.2865476310424,94.15834755808328,0.7535553953148443
2011,2011-04-03,True,False,cle,ny,107,123,25,32,31,19,0,36,31,26,30,0,home,12.0,218.0,1025.0,-1500.0,4.0,105.0,1.0,1,True,1409.3708026883423,1184.9356844311937,1422.9951787806658,1171.3113083388703,224.4351182571486,0.8661801786847327
2011,2011-04-03,True,False,utah,sac,97,106,19,21,32,25,0,26,24,31,25,0,home,6.5,206.5,220.0,-260.0,0.0,103.0,1.0,0,True,1498.5586706289605,1253.2010919252798,1508.3588422734563,1243.400920280784,245.3575787036807,0.8795354160535351
2011,2011-04-03,True,False,phx,sa,97,114,20,26,25,26,0,35,35,21,23,0,home,11.0,209.0,600.0,-800.0,1.0,102.0,1.0,1,True,1498.0191839765841,1438.7226357563861,1532.3042902710224,1404.4375294619479,59.29654822019802,0.7144273077908333
2011,2011-04-03,True,False,orl,tor,98,102,19,30,30,19,0,23,23,27,29,0,away,10.0,196.5,-550.0,425.0,5.5,95.5,0.0,1,True,1159.5986160005345,1649.0940469688771,1223.6133734676491,1585.0792895017626,-489.4954309683426,0.09603170132547571
2011,2011-04-03,True,False,ind,no,96,108,21,23,21,31,0,29,28,32,19,0,home,4.5,191.5,165.0,-190.0,1.5,94.5,1.0,1,True,1527.7680951933448,1460.898185099903,1557.0450879870289,1431.621192306219,66.86991009344183,0.7232379995522313
2011,2011-04-05,True,False,lac,mem,82,81,18,21,20,23,0,23,20,25,13,0,home,9.5,198.5,400.0,-500.0,4.5,97.5,0.0,0,False,1733.4598177053215,1398.7965745125298,1712.338795823843,1419.9175963940083,334.6632431927917,0.924290499467944
2011,2011-04-05,True,False,utah,lal,86,85,20,14,23,29,0,24,16,17,28,0,home,13.5,193.0,1200.0,-2000.0,6.5,94.5,0.0,0,False,1837.8530066404712,1243.400920280784,1819.0699882311624,1262.1839386900929,594.4520863596872,0.9819711301384092
2011,2011-04-05,True,False,gs,por,108,87,19,28,37,24,0,19,28,21,19,0,home,10.0,203.0,450.0,-600.0,6.5,100.5,0.0,0,False,1729.3505676107854,1436.6874443174988,1634.0753943442605,1531.9626175840237,292.6631232932866,0.9055396278513158
2011,2011-04-05,True,False,okc,den,101,94,27,21,21,32,0,16,31,20,27,0,home,4.5,206.5,170.0,-200.0,3.5,101.0,0.0,0,False,1852.2865476310424,1678.9678287964002,1787.6987686936138,1743.5556077338288,173.31871883464214,0.8282605134411974
2011,2011-04-05,True,False,sac,hou,104,101,24,28,24,28,0,28,18,28,27,0,home,8.5,218.5,320.0,-400.0,8.5,107.0,0.0,0,False,1656.359039901745,1508.3588422734563,1613.5056227713644,1551.212259403837,148.0001976282888,0.8065277003353712
2011,2011-04-05,True,False,tor,ny,118,131,26,28,28,36,0,39,39,21,32,0,home,9.0,221.5,400.0,-500.0,1.5,109.5,1.0,1,True,1422.9951787806658,1223.6133734676491,1437.6565297204613,1208.9520225278536,199.38180531301668,0.848563715939165
2011,2011-04-05,True,False,phx,chi,94,97,24,16,30,24,0,25,28,28,16,0,home,10.5,203.5,550.0,-750.0,2.5,99.5,0.0,0,True,1780.2916346440095,1404.4375294619479,1782.9825869483773,1401.74657715758,375.85410518206163,0.9393025772577267
2011,2011-04-05,True,False,det,wsh,105,107,22,32,27,24,0,31,21,26,29,0,home,0.0,203.0,-102.0,-108.0,0.0,99.0,1.0,1,True,1258.2741250258427,1288.6849264241675,1277.6663141362983,1269.292737313712,-30.410801398324793,0.5988288359431254
2011,2011-04-05,True,False,mil,orl,72,78,14,19,22,17,0,26,16,15,21,0,home,8.0,180.0,320.0,-400.0,1.5,89.5,0.0,0,True,1585.0792895017626,1503.4759679018994,1605.6697391919624,1482.8855182116995,81.6033215998632,0.7398892003293203
2011,2011-04-05,True,False,sa,atl,97,90,16,27,23,31,0,21,25,19,25,0,away,6.0,195.0,-230.0,190.0,6.0,95.0,1.0,0,False,1526.69913345078,1532.3042902710224,1468.8192691553004,1590.184154566502,-5.605156820242428,0.6325984332304129
2011,2011-04-05,True,False,min,bkn,105,107,23,27,25,30,0,29,32,24,22,0,home,5.5,207.0,190.0,-230.0,1.0,101.5,0.0,1,True,1229.0066154769363,1145.3546595107016,1240.5085393023687,1133.8527356852692,83.65195596623471,0.7421523502594214
2011,2011-04-05,True,False,phi,bos,82,99,26,24,15,17,0,24,30,21,24,0,home,6.0,186.0,230.0,-270.0,2.5,92.5,1.0,0,True,1567.3609081015113,1596.8345077245306,1618.2156569416547,1545.9797588843871,-29.473599623019254,0.6001241905269061
2011,2011-04-05,True,False,cha,cle,89,99,16,22,28,23,0,34,21,19,25,0,home,0.0,190.0,-130.0,110.0,4.0,94.0,1.0,0,True,1171.3113083388703,1345.231112298835,1235.122449805891,1281.4199708318142,-173.9198039599646,0.39519743351130576
2011,2011-04-06,True,False,cle,tor,104,96,28,32,17,27,0,17,23,24,32,0,home,5.5,209.0,190.0,-230.0,7.0,101.5,0.0,0,False,1208.9520225278536,1235.122449805891,1150.4929947688238,1293.5814775649208,-26.170427278037323,0.604678411553819
2011,2011-04-06,True,False,sac,sa,92,124,22,27,21,22,0,23,28,41,32,0,home,10.0,211.5,500.0,-700.0,5.5,104.0,1.0,1,True,1590.184154566502,1551.212259403837,1636.0917796496722,1505.3046343206668,38.97189516266508,0.6899716009046242
2011,2011-04-06,True,False,lac,okc,108,112,31,22,24,31,0,26,32,29,25,0,home,10.5,201.5,500.0,-700.0,5.0,98.5,0.0,1,True,1743.5556077338288,1419.9175963940083,1747.850200909605,1415.623003218232,323.6380113398204,0.9197279496437137
2011,2011-04-06,True,False,phx,min,108,98,26,30,26,26,0,23,30,24,21,0,away,4.5,218.0,-200.0,170.0,2.0,107.0,1.0,0,False,1133.8527356852692,1401.74657715758,1104.7766141759073,1430.822698666942,-267.8938414723109,0.27558373832707245
2011,2011-04-06,True,False,hou,no,93,101,38,17,16,22,0,21,30,23,27,0,home,3.0,203.0,125.0,-145.0,3.0,99.5,1.0,0,True,1557.0450879870289,1613.5056227713644,1599.3578668611808,1571.1928438972125,-56.46053478433555,0.5623323736495399
2011,2011-04-06,True,False,bkn,det,109,116,28,31,29,21,0,32,22,35,27,0,home,7.5,198.0,265.0,-325.0,7.0,96.5,0.0,1,True,1269.292737313712,1240.5085393023687,1297.9931877361923,1211.8080888798881,28.78419801134328,0.6772891217684229
2011,2011-04-06,True,False,den,dal,104,96,23,30,19,32,0,17,26,26,27,0,home,4.0,199.5,155.0,-175.0,4.5,100.0,0.0,1,False,1633.2469383858854,1787.6987686936138,1592.4224915761038,1828.5232155033955,-154.45183030772841,0.4222728737682282
2011,2011-04-06,True,False,wsh,ind,112,136,29,27,31,25,0,43,32,33,28,0,home,12.0,208.0,650.0,-900.0,0.5,102.5,1.0,1,True,1431.621192306219,1277.6663141362983,1454.7174063149528,1254.5701001275645,153.95487816992068,0.81182032123869
2011,2011-04-06,True,False,ny,phi,97,92,26,23,29,19,0,19,22,24,27,0,home,4.5,214.5,175.0,-210.0,4.5,106.0,0.0,0,False,1545.9797588843871,1437.6565297204613,1491.3230002912662,1492.3132883135822,108.32322916392582,0.7683833103200484
2011,2011-04-06,True,False,mil,mia,90,85,25,20,18,27,0,15,25,23,22,0,home,8.5,182.0,350.0,-450.0,8.0,89.5,0.0,0,False,1721.611631269701,1482.8855182116995,1665.895695462945,1538.6014540184556,238.7261130580016,0.8754318385033457
2011,2011-04-06,True,False,lal,gs,87,95,23,15,17,32,0,14,29,29,23,0,away,6.0,201.5,-240.0,200.0,6.5,98.5,0.0,0,True,1531.9626175840237,1819.0699882311624,1604.07855120653,1746.9540546086562,-287.1073706471386,0.2540596403633826
2011,2011-04-06,True,False,orl,cha,111,102,26,21,24,25,15,28,25,24,19,6,away,6.0,181.0,-275.0,235.0,5.0,89.5,1.0,1,False,1281.4199708318142,1605.6697391919624,1259.566294358653,1627.5234156651236,-324.2497683601482,0.21570297958165516
2011,2011-04-07,True,False,por,utah,98,87,27,22,30,19,0,18,24,25,20,0,away,5.5,192.0,-210.0,175.0,1.5,95.0,1.0,0,False,1262.1839386900929,1634.0753943442605,1243.2785247635736,1652.9808082707798,-371.89145565416766,0.1729113237982758
2011,2011-04-07,True,False,bos,chi,81,97,18,25,17,21,0,26,22,23,26,0,home,5.0,180.0,170.0,-200.0,1.5,89.0,1.0,0,True,1782.9825869483773,1618.2156569416547,1802.1249343302397,1599.0733095597923,164.76693000672253,0.8211445123073483
2011,2011-04-08,True,False,cha,mia,103,112,25,19,25,34,0,31,24,28,29,0,home,14.0,188.5,850.0,-1300.0,5.0,94.0,0.0,1,True,1665.895695462945,1259.566294358653,1669.6010151287776,1255.8609746928205,406.32940110429195,0.9485667020475331
2011,2011-04-08,True,False,sac,mem,96,101,21,22,24,29,0,28,18,31,24,0,home,9.5,204.5,425.0,-550.0,5.0,101.0,0.0,0,True,1712.338795823843,1505.3046343206668,1721.8657788999487,1495.777651244561,207.03416150317616,0.8541378634899643
2011,2011-04-08,True,False,lal,por,86,93,21,26,15,24,0,21,32,21,19,0,away,3.0,185.0,-150.0,130.0,3.5,92.5,0.0,0,True,1652.9808082707798,1746.9540546086562,1697.9350440187936,1701.9998188606423,-93.97324633787639,0.5086723259044486
2011,2011-04-08,True,False,lac,dal,96,107,35,19,21,21,0,19,28,30,30,0,home,8.0,200.0,350.0,-450.0,8.5,100.0,1.0,1,True,1592.4224915761038,1415.623003218232,1608.1156600658064,1399.9298347285294,176.79948835787172,0.8310919478333186
2011,2011-04-08,True,False,den,okc,89,104,17,25,22,25,0,17,31,27,29,0,home,4.5,205.5,160.0,-190.0,1.0,101.0,1.0,0,True,1747.850200909605,1828.5232155033955,1805.4575382645107,1770.9158781484898,-80.67301459379041,0.5277851140867055
2011,2011-04-08,True,False,phx,no,97,109,30,23,26,18,0,31,28,26,24,0,home,6.0,197.5,220.0,-260.0,1.5,97.0,1.0,1,True,1599.3578668611808,1430.822698666942,1616.3262845873564,1413.8542809407663,168.53516819423885,0.8243081308624363
2011,2011-04-08,True,False,chi,cle,93,82,29,25,24,15,0,26,20,17,19,0,away,9.0,192.5,-525.0,400.0,2.5,95.0,1.0,0,False,1293.5814775649208,1802.1249343302397,1284.077392944847,1811.6290189503136,-508.543456765319,0.08692556849245284
2011,2011-04-08,True,False,atl,ind,102,114,26,24,21,31,0,33,23,26,32,0,home,5.5,198.5,200.0,-240.0,1.5,97.0,1.0,1,True,1454.7174063149528,1468.8192691553004,1497.4725858434954,1426.0640896267578,-14.101862840347621,0.6211587480969329
2011,2011-04-08,True,False,tor,phi,93,98,18,24,30,21,0,28,26,19,25,0,home,11.5,202.5,600.0,-800.0,2.5,97.5,0.0,0,True,1491.3230002912662,1150.4929947688238,1495.630650085812,1146.185344974278,340.83000552244243,0.9267375017659178
2011,2011-04-08,True,False,ny,bkn,116,93,36,32,28,20,0,31,20,21,21,0,away,5.0,212.5,-190.0,160.0,1.5,105.0,1.0,0,False,1211.8080888798881,1492.3132883135822,1175.2652855943145,1528.856091599156,-280.5051994336941,0.2613291973092171
2011,2011-04-08,True,False,wsh,bos,88,104,23,33,19,13,0,28,31,24,21,0,home,13.5,193.5,850.0,-1300.0,7.0,94.5,1.0,0,True,1599.0733095597923,1254.5701001275645,1605.7342422347722,1247.9091674525846,344.5032094322278,0.9281602301651379
2011,2011-04-08,True,False,mil,det,100,110,21,30,23,26,0,26,29,29,26,0,away,1.0,191.0,-115.0,-105.0,1.5,94.5,0.0,1,True,1297.9931877361923,1538.6014540184556,1371.0025056019929,1465.592136152655,-240.60826628226323,0.308017035776643
2011,2011-04-09,True,False,utah,sa,102,111,22,24,30,26,0,25,32,32,22,0,home,10.0,201.0,450.0,-600.0,2.0,101.0,0.0,1,True,1636.0917796496722,1243.2785247635736,1640.119011321081,1239.2512930921648,392.81325488609855,0.9446355309171468
2011,2011-04-09,True,False,atl,wsh,83,115,18,28,26,11,0,29,32,27,27,0,away,2.5,201.0,-140.0,120.0,4.0,98.5,0.0,0,True,1247.9091674525846,1426.0640896267578,1341.8499662366953,1332.1232908426473,-178.15492217417318,0.38938551779110764
2011,2011-04-09,True,False,cle,mil,101,108,18,26,34,23,0,30,30,25,23,0,home,9.0,193.0,350.0,-450.0,0.5,96.0,0.0,1,True,1465.592136152655,1284.077392944847,1478.3798011675349,1271.289727929967,181.51474320780812,0.8348680900895987
2011,2011-04-09,True,False,lac,hou,78,99,18,19,18,23,0,25,28,21,25,0,home,8.0,215.5,300.0,-360.0,0.5,105.0,1.0,0,True,1571.1928438972125,1399.9298347285294,1591.3312780878457,1379.7914005378962,171.26300916868308,0.8265706959119915
2011,2011-04-09,True,False,min,den,106,130,23,28,18,37,0,25,40,36,29,0,home,13.5,212.5,1000.0,-1450.0,3.5,105.5,1.0,1,True,1770.9158781484898,1104.7766141759073,1771.936468960221,1103.7560233641761,666.1392639725825,0.9879937867329484
2011,2011-04-10,True,False,bkn,tor,92,99,22,20,20,30,0,31,30,21,17,0,home,6.5,206.5,235.0,-275.0,2.0,100.5,1.0,0,True,1146.185344974278,1175.2652855943145,1182.7224089988295,1138.728221569763,-29.079940620036496,0.6006678706298264
2011,2011-04-10,True,False,ny,ind,110,109,33,34,20,23,0,33,28,35,13,0,home,2.5,220.5,120.0,-140.0,2.5,109.0,0.0,0,False,1497.4725858434954,1528.856091599156,1479.2502664631868,1547.0784109794645,-31.383505755660508,0.5974829500787748
2011,2011-04-10,True,False,det,cha,112,101,25,25,34,28,0,40,19,19,23,0,away,1.0,197.0,110.0,-130.0,3.0,97.0,1.0,1,False,1255.8609746928205,1371.0025056019929,1203.573995636921,1423.2894846578924,-115.14153090917239,0.47822337035880563
2011,2011-04-10,True,False,sac,gs,104,103,30,30,17,27,0,26,33,24,20,0,home,6.0,219.0,210.0,-250.0,5.5,109.0,0.0,0,False,1604.07855120653,1495.777651244561,1582.9346342385438,1516.921568212547,108.30089996196898,0.7683604337107973
2011,2011-04-10,True,False,phx,dal,90,115,17,22,21,30,0,36,29,15,35,0,home,9.0,206.0,400.0,-500.0,3.0,99.5,1.0,0,True,1608.1156600658064,1413.8542809407663,1626.7530585601744,1395.2168824463984,194.2613791250401,0.844736971073864
2011,2011-04-10,True,False,no,mem,89,111,30,18,19,22,0,30,22,30,29,0,home,4.5,185.0,170.0,-200.0,1.5,91.5,1.0,1,True,1721.8657788999487,1616.3262845873564,1751.1269534801,1587.0651100072052,105.5394943125923,0.7655191732252625
2011,2011-04-10,True,False,bos,mia,77,100,22,18,19,18,0,21,26,27,26,0,home,6.0,184.0,210.0,-250.0,1.0,90.0,1.0,0,True,1669.6010151287776,1605.7342422347722,1706.4351162226753,1568.9001411408744,63.86677289400541,0.7197643421021956
2011,2011-04-10,True,False,chi,orl,102,99,32,18,30,22,0,24,25,28,22,0,away,6.5,183.5,-265.0,225.0,5.0,90.5,0.0,1,False,1627.5234156651236,1811.6290189503136,1604.266957684239,1834.8854769311981,-184.10560328519,0.38127246133709897
2011,2011-04-10,True,False,okc,lal,120,106,36,30,22,32,0,31,33,26,16,0,home,5.0,193.0,180.0,-220.0,5.5,99.0,0.0,1,False,1701.9998188606423,1805.4575382645107,1643.0156131426663,1864.4417439824867,-103.4577194038684,0.49502410605548663
2011,2011-04-11,True,False,okc,sac,120,112,24,27,36,33,0,20,37,26,29,0,away,6.5,207.5,-270.0,230.0,7.0,101.0,1.0,1,False,1516.921568212547,1864.4417439824867,1498.17535565716,1883.1879565378738,-347.52017576993967,0.19390384112042994
2011,2011-04-11,True,False,gs,den,111,134,32,22,37,20,0,31,23,44,36,0,home,12.5,216.0,825.0,-1175.0,7.5,106.0,1.0,1,True,1771.936468960221,1582.9346342385438,1790.6683113667184,1564.2027918320464,189.00183472167714,0.8407244569247738
2011,2011-04-11,True,False,dal,hou,98,91,20,23,24,19,12,23,24,24,15,5,away,3.5,203.5,-160.0,140.0,5.0,99.0,1.0,0,False,1591.3312780878457,1626.7530585601744,1537.17697639048,1680.9073602575402,-35.42178047232869,0.5918798674363216
2011,2011-04-11,True,False,utah,no,90,78,29,18,23,20,0,21,16,20,21,0,home,7.0,193.0,250.0,-300.0,6.5,95.5,0.0,0,False,1587.0651100072052,1239.2512930921648,1509.241051385613,1317.075351713757,347.81381691504043,0.9294206317585696
2011,2011-04-11,True,False,tor,mil,86,93,33,18,20,15,0,25,21,23,24,0,home,9.5,199.0,425.0,-550.0,8.5,95.5,0.0,0,True,1478.3798011675349,1182.7224089988295,1484.9469188949786,1176.1552912713857,295.6573921687054,0.9070037177786635
2011,2011-04-11,True,False,min,phx,127,135,33,32,27,29,6,24,34,34,29,14,home,9.0,219.5,370.0,-470.0,8.0,106.5,0.0,1,True,1395.2168824463984,1103.7560233641761,1402.3325620019266,1096.640343808648,291.4608590822222,0.9049459762833529
2011,2011-04-11,True,False,cha,bkn,105,103,25,24,30,26,0,29,24,20,30,0,home,2.0,196.5,115.0,-135.0,0.0,97.5,0.0,1,False,1138.728221569763,1203.573995636921,1112.1215475003517,1230.1806697063323,-64.84577406715789,0.5504190551830285
2011,2011-04-11,True,False,mia,atl,98,90,28,34,17,19,0,23,23,21,23,0,away,6.5,193.5,-260.0,220.0,1.5,95.5,1.0,0,False,1332.1232908426473,1706.4351162226753,1315.5983505363336,1722.960056528989,-374.31182538002804,0.1709278282326555
2011,2011-04-11,True,False,orl,phi,95,85,34,16,26,19,0,25,22,15,23,0,home,2.0,191.0,110.0,-130.0,1.0,93.0,0.0,0,False,1495.630650085812,1604.266957684239,1444.1879980654983,1655.7096097045528,-108.63630759842704,0.4875739134826539
2011,2011-04-11,True,False,bos,wsh,94,95,23,21,16,24,10,19,18,23,24,11,away,1.5,189.0,-300.0,250.0,2.0,90.0,0.0,2,True,1341.8499662366953,1568.9001411408744,1362.4395957948107,1548.310511582759,-227.05017490417913,0.3248964441537769
2011,2011-04-11,True,False,cle,det,110,101,23,33,30,24,0,33,24,18,26,0,home,7.0,211.5,250.0,-300.0,4.5,102.5,0.0,0,False,1423.2894846578924,1271.289727929967,1352.0448934305205,1342.534319157339,151.9997567279254,0.8100949431677937
2011,2011-04-12,True,False,sa,lal,93,102,15,30,19,29,0,24,21,25,32,0,home,11.5,191.0,650.0,-900.0,8.0,93.5,0.0,1,True,1643.0156131426663,1640.119011321081,1678.9894999968571,1604.1451244668901,2.8966018215853637,0.643897388218977
2011,2011-04-12,True,False,chi,ny,103,90,24,28,32,19,0,27,28,18,17,0,away,6.5,204.0,-260.0,220.0,5.5,100.5,1.0,0,False,1547.0784109794645,1834.8854769311981,1517.6659282204853,1864.2979596901773,-287.80706595173365,0.25329708064621065
2011,2011-04-12,True,False,mem,por,89,102,25,20,21,23,0,27,18,29,28,0,home,6.0,188.5,220.0,-260.0,5.0,93.5,1.0,1,True,1697.9350440187936,1751.1269534801,1748.2192833528609,1700.8427141460327,-53.191909461306295,0.5669576373335502
2011,2011-04-13,True,False,hou,min,121,102,32,37,21,31,0,30,22,37,13,0,away,5.5,221.5,-230.0,190.0,2.0,107.0,1.0,1,False,1096.640343808648,1537.17697639048,1080.3699637454579,1553.44735645367,-440.536632581832,0.12343605212551613
2011,2011-04-13,True,False,bkn,chi,92,97,20,23,25,24,0,26,24,18,29,0,home,14.5,193.0,1000.0,-1800.0,6.5,93.5,0.0,0,True,1864.2979596901773,1112.1215475003517,1864.6287167886737,1111.7907904018552,752.1764121898257,0.9926488612792597
2011,2011-04-13,True,False,no,dal,89,121,27,34,13,15,0,28,30,28,35,0,home,10.5,185.5,475.0,-650.0,7.5,92.0,1.0,1,True,1680.9073602575402,1509.241051385613,1703.6359312180407,1486.5124804251125,171.66630887192719,0.826903245757772
2011,2011-04-13,True,False,lal,sac,116,108,31,25,32,11,17,26,22,22,29,9,away,4.0,201.5,-175.0,155.0,0.0,98.5,1.0,1,False,1498.17535565716,1678.9894999968571,1460.8816587995475,1716.2831968544697,-180.81414433969712,0.38575211120146613
2011,2011-04-13,True,False,sa,phx,103,106,27,26,21,29,0,43,18,24,21,0,away,3.5,212.5,-160.0,140.0,3.0,102.0,0.0,0,True,1402.3325620019266,1604.1451244668901,1441.520984675742,1564.9567017930747,-201.81256246496355,0.35753473804802016
2011,2011-04-13,True,False,por,gs,86,110,28,17,24,17,0,30,21,34,25,0,home,5.5,202.5,180.0,-220.0,2.0,98.0,1.0,0,True,1564.2027918320464,1748.2192833528609,1651.816365025968,1660.6057101589392,-184.0164915208145,0.3813934799206921
2011,2011-04-13,True,False,mem,lac,103,110,20,17,37,29,0,34,32,26,18,0,home,7.5,197.0,270.0,-330.0,3.0,97.0,0.0,1,True,1379.7914005378962,1700.8427141460327,1451.2645089239395,1629.3696057599893,-321.0513136081365,0.2188340982919379
2011,2011-04-13,True,False,den,utah,103,107,31,27,20,25,0,29,32,21,25,0,home,5.0,210.0,175.0,-210.0,2.0,104.0,0.0,2,True,1317.075351713757,1790.6683113667184,1380.5061735205845,1727.237489559891,-473.5929596529613,0.10427760189983006
2011,2011-04-13,True,False,wsh,cle,93,100,35,15,24,19,0,23,24,24,29,0,home,5.0,211.0,175.0,-210.0,4.0,101.5,1.0,0,True,1342.534319157339,1362.4395957948107,1377.918698165547,1327.0552167866026,-19.905276637471616,0.6132661506054741
2011,2011-04-13,True,False,ind,orl,74,92,14,15,26,19,0,28,25,18,21,0,home,5.5,193.0,180.0,-220.0,2.0,91.0,1.0,0,True,1655.7096097045528,1479.2502664631868,1674.340571623617,1460.6193045441225,176.459343241366,0.8308169046622252
2011,2011-04-13,True,False,det,phi,104,100,29,23,31,21,0,24,32,21,23,0,home,4.5,205.5,165.0,-190.0,1.0,99.0,0.0,0,False,1444.1879980654983,1352.0448934305205,1395.467077276889,1400.7658142191297,92.14310463497782,0.7513947074268803
2011,2011-04-13,True,False,mia,tor,97,79,29,21,20,27,0,20,31,18,10,0,home,5.0,196.5,160.0,-180.0,3.5,95.5,0.0,0,False,1176.1552912713857,1722.960056528989,1166.9618712193906,1732.1534765809843,-546.8047652576033,0.0709613499537426
2011,2011-04-13,True,False,atl,cha,85,96,18,25,23,19,0,29,32,13,22,0,home,1.5,191.5,110.0,-130.0,2.5,93.0,1.0,0,True,1230.1806697063323,1315.5983505363336,1282.5554782239863,1263.2235420186796,-85.41768083000125,0.5209733301969467
2011,2011-04-13,True,False,ny,bos,102,112,28,29,27,18,0,27,34,25,26,0,home,3.0,193.5,140.0,-160.0,0.5,95.0,1.0,1,True,1548.310511582759,1517.6659282204853,1581.1073579061745,1484.86908189707,30.644583362273806,0.6796253667838671
2011,2011-04-13,True,False,mil,okc,110,106,16,30,18,32,14,21,22,31,22,10,home,9.0,193.0,400.0,-500.0,6.0,93.5,0.0,1,False,1883.1879565378738,1484.9469188949786,1835.2643584213354,1532.870517011517,398.2410376428952,0.9462470920657462
