season,date,regular,playoffs,away_team,home_team,score_away,score_home,q1_away,q2_away,q3_away,q4_away,ot_away,q1_home,q2_home,q3_home,q4_home,ot_home,whos_favored,spread,total,away_ml,home_ml,h2_spread,h2_total,id_spread,id_total,home_won,home_elo_before,away_elo_before,home_elo_after,away_elo_after,elo_diff,elo_prob_home
2023,2022-10-18,True,False,phi,bos,117,126,29,34,25,29,0,24,39,35,28,0,home,3.0,216.0,135.0,-155.0,2.0,107.0,1.0,1,True,1770.254166099022,1638.1429192309636,1788.8813190677731,1619.5157662622125,132.11124686805852,0.7918544067035971
2023,2022-10-18,True,False,lal,gs,109,123,22,30,19,38,0,25,34,32,32,0,home,7.5,223.5,260.0,-310.0,2.0,114.0,1.0,1,True,1636.8907565040513,1401.758698557448,1649.1272993512669,1389.5221557102325,235.13205794660325,0.873158099112974
2023,2022-10-19,True,False,chi,mia,116,108,28,31,37,20,0,33,26,27,22,0,home,7.5,216.0,250.0,-300.0,5.5,111.0,0.0,1,False,1583.640731860467,1404.834560954921,1515.347588340392,1473.127704474996,178.80617090554597,0.8327073146813517
2023,2022-10-19,True,False,por,sac,115,108,32,19,33,31,0,23,32,29,24,0,home,4.0,230.0,140.0,-160.0,1.0,112.0,0.0,0,False,1388.4672096249321,1123.3867153381113,1324.0226614846304,1187.8312634784131,265.0804942868208,0.8910559002294267
2023,2022-10-19,True,False,den,utah,102,123,30,23,27,22,0,37,38,19,29,0,away,7.0,225.5,-260.0,220.0,10.0,109.5,0.0,0,True,1525.2239957082056,1520.1809566190673,1573.0303185001435,1472.3746338271294,5.043039089138347,0.6467254488979947
2023,2022-10-19,True,False,okc,min,108,115,22,30,35,21,0,35,30,22,28,0,home,11.0,226.5,475.0,-650.0,2.0,110.0,0.0,0,True,1569.2739573135268,1304.6168242680944,1577.1729785231312,1296.71780305849,264.6571330454324,0.8908190960652508
2023,2022-10-19,True,False,cha,sa,129,102,38,30,30,31,0,22,25,28,27,0,away,1.0,221.5,-120.0,100.0,5.5,108.5,1.0,1,False,1482.7978968382365,1605.5951503177364,1414.2926997924758,1674.1003473634971,-122.79725347949989,0.46723911804941987
2023,2022-10-19,True,False,dal,phx,105,107,32,30,19,24,0,24,21,31,31,0,home,4.0,218.0,160.0,-180.0,7.0,106.5,0.0,0,True,1625.9041162169488,1639.8994946707803,1644.2099288837062,1621.5936820040229,-13.995378453831563,0.621302982623523
2023,2022-10-19,True,False,cle,tor,105,108,22,35,27,21,0,28,23,25,32,0,home,2.5,216.5,125.0,-145.0,4.0,105.5,1.0,0,True,1627.1970137292758,1450.0987971929148,1635.9372871465343,1441.3585237756563,177.09821653636095,0.8313332071056462
2023,2022-10-19,True,False,no,bkn,130,108,32,26,40,32,0,14,36,28,30,0,home,3.0,232.5,130.0,-150.0,4.5,118.0,0.0,1,False,1590.8556909652837,1472.97814778022,1494.8362946861773,1568.9975440593264,117.87754318506359,0.7780267379257948
2023,2022-10-19,True,False,ny,mem,112,115,23,23,33,29,4,25,36,24,23,7,home,4.5,227.0,165.0,-185.0,2.5,110.0,0.0,2,True,1595.3524428714472,1559.168729151259,1613.8055827579028,1540.7155892648034,36.18371372018828,0.6865278931961273
2023,2022-10-19,True,False,wsh,ind,114,107,36,24,27,27,0,25,27,25,30,0,away,2.5,229.0,-135.0,115.0,1.0,111.5,1.0,0,False,1294.4759794357822,1410.0106546304569,1250.7723930945097,1453.7142409717294,-115.53467519467472,0.47765869154254964
2023,2022-10-19,True,False,hou,atl,107,117,20,30,30,27,0,26,33,25,33,0,home,10.5,235.0,400.0,-500.0,2.5,113.5,0.0,0,True,1608.4745695570925,1282.9671228828565,1614.8010881890398,1276.6406042509093,325.507446674236,0.9205188622431247
2023,2022-10-19,True,False,orl,det,109,113,28,27,28,26,0,17,40,34,22,0,home,4.0,216.5,155.0,-175.0,2.0,106.0,2.0,1,True,1392.9502233021726,1336.997276445021,1412.365986040236,1317.5815137069576,55.952946857151574,0.7104843006998216
2023,2022-10-20,True,False,mil,phi,90,88,30,17,26,17,0,24,21,18,25,0,home,4.0,224.5,155.0,-175.0,4.0,114.0,0.0,0,False,1619.5157662622125,1574.6702835827268,1587.2623404585347,1606.9237093864047,44.84548267948571,0.6971573179496046
2023,2022-10-20,True,False,lac,lal,103,97,35,21,29,18,0,23,33,21,20,0,away,5.0,227.0,-190.0,170.0,3.5,115.5,1.0,0,False,1389.5221557102325,1582.9349183509776,1357.9526336959148,1614.5044403652955,-193.4127626407451,0.368716478012802
2023,2022-10-21,True,False,sa,ind,137,134,36,34,32,35,0,26,29,30,49,0,home,1.5,232.5,105.0,-125.0,4.0,112.5,0.0,1,False,1250.7723930945097,1414.2926997924758,1225.7885295352335,1439.276563351752,-163.52030669796613,0.40959200067289026
2023,2022-10-21,True,False,mem,hou,129,122,26,36,33,34,0,32,38,30,22,0,away,7.0,230.5,-270.0,230.0,6.5,116.5,2.0,1,False,1276.6406042509093,1613.8055827579028,1258.0312225007963,1632.4149645080158,-337.1649785069935,0.20339138458255895
2023,2022-10-21,True,False,phx,por,111,113,28,25,26,23,9,25,22,28,27,11,away,5.5,224.0,-200.0,175.0,1.5,114.5,0.0,2,True,1187.8312634784131,1644.2099288837062,1230.6642601089661,1601.3769322531532,-456.3786654052931,0.11390286983853239
2023,2022-10-21,True,False,den,gs,128,123,40,30,28,30,0,34,18,36,35,0,home,5.5,229.5,195.0,-230.0,9.0,111.5,0.0,1,False,1649.1272993512669,1472.3746338271294,1593.4502136975902,1528.051719480806,176.75266552413746,0.8310541077943268
2023,2022-10-21,True,False,orl,atl,98,108,27,27,27,17,0,19,31,30,28,0,home,9.0,225.5,330.0,-400.0,8.0,110.0,1.0,0,True,1614.8010881890398,1317.5815137069576,1622.3033331582653,1310.079268737732,297.2195744820822,0.9077594579690623
2023,2022-10-21,True,False,tor,bkn,105,109,24,28,27,26,0,28,21,29,31,0,home,2.5,226.5,120.0,-140.0,2.0,109.0,1.0,0,True,1494.8362946861773,1635.9372871465343,1534.4131563518772,1596.3604254808345,-141.10099246035702,0.4411253010651724
2023,2022-10-21,True,False,bos,mia,111,104,30,29,30,22,0,22,29,26,27,0,away,2.0,221.0,-135.0,115.0,1.0,107.0,1.0,0,False,1515.347588340392,1788.8813190677731,1490.7216129884682,1813.5072944196968,-273.5337307273812,0.2691497917975301
2023,2022-10-21,True,False,no,cha,124,112,35,26,32,31,0,24,27,34,27,0,away,7.0,226.0,-250.0,210.0,1.0,115.0,1.0,1,False,1674.1003473634971,1568.9975440593264,1595.9684038106457,1647.1294876121779,105.10280330417072,0.7650676468761264
2023,2022-10-21,True,False,chi,wsh,100,102,30,20,24,26,0,26,30,21,25,0,home,2.0,221.0,110.0,-130.0,0.5,112.0,2.0,0,True,1453.7142409717294,1473.127704474996,1472.376098581211,1454.4658468655145,-19.413463503266712,0.6139373900483026
2023,2022-10-21,True,False,det,ny,106,130,20,32,29,25,0,30,42,31,27,0,home,7.5,221.0,225.0,-265.0,2.0,107.0,1.0,1,True,1540.7155892648034,1412.365986040236,1567.2928534114571,1385.7887218935823,128.34960322456732,0.7882628546122425
2023,2022-10-21,True,False,utah,min,132,126,26,29,33,32,12,41,23,23,33,6,home,8.0,227.0,265.0,-320.0,2.5,115.5,0.0,1,False,1577.1729785231312,1573.0303185001435,1522.1298060985682,1628.0734909247064,4.142660022987684,0.6455403821438397
2023,2022-10-22,True,False,mem,dal,96,137,17,19,35,25,0,39,25,35,38,0,home,6.0,220.0,170.0,-190.0,4.5,110.5,1.0,1,True,1621.5936820040229,1632.4149645080158,1683.167807394172,1570.8408391178666,-10.821282503992961,0.6255923921579968
2023,2022-10-22,True,False,hou,mil,105,125,23,25,31,26,0,41,26,31,27,0,home,13.5,227.5,650.0,-1000.0,2.0,109.5,1.0,1,True,1606.9237093864047,1258.0312225007963,1613.892628005135,1251.0623038820659,348.8924868856084,0.9298268659773486
2023,2022-10-22,True,False,okc,den,117,122,29,26,30,32,0,28,27,33,34,0,home,9.0,227.0,330.0,-400.0,6.5,110.5,0.0,1,True,1528.051719480806,1296.71780305849,1536.3292095921506,1288.4403129471455,231.33391642231595,0.8707167896848927
2023,2022-10-22,True,False,det,ind,115,124,35,21,23,36,0,25,27,36,36,0,home,1.0,232.0,-110.0,-110.0,1.5,112.5,1.0,1,True,1225.7885295352335,1385.7887218935823,1285.1076200584318,1326.469631370384,-160.00019235834884,0.4145010525967157
2023,2022-10-22,True,False,lac,sac,111,109,29,23,34,25,0,26,29,25,29,0,away,2.5,225.5,-140.0,120.0,1.5,116.0,0.0,0,False,1324.0226614846304,1614.5044403652955,1311.9187828086576,1626.6083190412683,-290.48177888066516,0.25039602648187587
2023,2022-10-22,True,False,cle,chi,128,96,34,36,23,35,0,25,29,25,17,0,away,1.5,221.0,-125.0,105.0,4.0,107.0,1.0,1,False,1454.4658468655145,1441.3585237756563,1354.6573557427164,1541.1670148984545,13.107323089858255,0.6572578720953915
2023,2022-10-22,True,False,bos,orl,126,120,36,32,31,27,0,33,35,26,26,0,away,8.5,215.5,-360.0,300.0,5.5,106.5,0.0,1,False,1310.079268737732,1813.5072944196968,1302.4341390615311,1821.1524240958977,-503.42802568196475,0.08929135154094231
2023,2022-10-22,True,False,tor,mia,109,112,33,17,33,26,0,38,33,21,20,0,home,3.5,216.5,140.0,-160.0,3.5,106.0,0.0,1,True,1490.7216129884682,1596.3604254808345,1521.7150298548456,1565.367008614457,-105.63881249236624,0.4918858089394653
2023,2022-10-22,True,False,sa,phi,114,105,19,35,31,29,0,25,26,26,28,0,home,13.5,224.5,700.0,-1100.0,9.5,109.5,0.0,0,False,1587.2623404585347,1439.276563351752,1516.0846043745103,1510.4542994357764,147.98577710678273,0.8065147468751349
2023,2022-10-23,True,False,por,lal,106,104,32,23,23,28,0,24,24,35,21,0,home,4.0,227.0,150.0,-170.0,3.5,110.0,0.0,0,False,1357.9526336959148,1230.6642601089661,1324.195150942738,1264.4217428621428,127.28837358694864,0.7872414512409505
2023,2022-10-23,True,False,utah,no,122,121,26,37,30,17,12,24,29,31,26,11,home,8.5,231.5,280.0,-340.0,7.0,116.5,0.0,1,False,1647.1294876121779,1628.0734909247064,1627.2293588960526,1647.9736196408317,19.055996687471406,0.6649297997654717
2023,2022-10-23,True,False,phx,lac,112,95,33,28,25,26,0,18,23,31,23,0,away,1.5,219.0,-130.0,110.0,5.5,112.0,1.0,0,False,1626.6083190412683,1601.3769322531532,1543.1494756253328,1684.8357756690887,25.23138678811506,0.6728029294100552
2023,2022-10-23,True,False,sac,gs,125,130,36,35,23,31,0,39,50,24,17,0,home,10.0,232.5,400.0,-500.0,0.505,114.5,0.0,1,True,1593.4502136975902,1311.9187828086576,1599.6073057113445,1305.7616907949034,281.5314308889326,0.8999141870169566
2023,2022-10-23,True,False,wsh,cle,107,117,31,20,25,27,4,30,27,26,20,14,home,4.0,216.5,155.0,-175.0,0.0,105.5,1.0,1,True,1541.1670148984545,1472.376098581211,1568.2700499593427,1445.2730635203227,68.7909163172435,0.7254459888758679
2023,2022-10-23,True,False,min,okc,116,106,31,22,29,34,0,18,26,30,32,0,away,9.5,225.5,-420.0,350.0,3.0,109.5,1.0,0,False,1288.4403129471455,1522.1298060985682,1255.0398089697067,1555.530310076007,-233.68949315142277,0.3165702738292348
2023,2022-10-23,True,False,cha,atl,126,109,22,37,45,22,0,30,25,29,25,0,home,10.0,227.5,400.0,-500.0,8.5,112.5,0.0,1,False,1622.3033331582653,1595.9684038106457,1538.7611331505175,1679.5106038183935,26.334929347619664,0.6741998255875381
2023,2022-10-24,True,False,utah,hou,108,114,18,27,28,35,0,21,30,26,37,0,away,2.5,234.0,-135.0,115.0,3.0,119.0,0.0,0,True,1251.0623038820659,1647.9736196408317,1323.559122828441,1575.4768006944564,-396.9113157587658,0.15327283900858835
2023,2022-10-24,True,False,bos,chi,102,120,39,15,25,23,0,30,35,35,20,0,away,5.5,225.5,-210.0,180.0,6.0,109.5,0.0,0,True,1354.6573557427164,1821.1524240958977,1470.2004687048136,1705.6093111338005,-466.4950683531813,0.1081561347924187
2023,2022-10-24,True,False,bkn,mem,124,134,34,35,28,27,0,39,25,45,25,0,home,1.5,235.5,100.0,-120.0,1.0,115.0,1.0,1,True,1570.8408391178666,1534.4131563518772,1602.7212540578728,1502.532741411871,36.4276827659894,0.6868300509133133
2023,2022-10-24,True,False,den,por,110,135,31,30,25,24,0,23,32,44,36,0,away,5.0,227.5,-220.0,190.0,1.0,111.5,0.0,1,True,1264.4217428621428,1536.3292095921506,1368.9291275353287,1431.8218249189647,-271.90746673000785,0.2709952557379268
2023,2022-10-24,True,False,sa,min,115,106,39,28,36,12,0,28,29,14,35,0,home,8.5,234.5,300.0,-360.0,7.5,115.5,0.0,0,False,1555.530310076007,1510.4542994357764,1487.918006866804,1578.0666026449794,45.076010640230606,0.6974374182054704
2023,2022-10-24,True,False,orl,ny,102,115,28,31,23,20,0,34,31,31,19,0,home,7.5,223.0,250.0,-300.0,2.5,108.5,1.0,0,True,1567.2928534114571,1302.4341390615311,1577.3056918801299,1292.4213005928584,264.858714349926,0.8909319054404622
2023,2022-10-24,True,False,ind,phi,106,120,23,23,30,30,0,33,31,26,30,0,home,12.5,228.5,550.0,-800.0,1.0,111.0,1.0,0,True,1516.0846043745103,1285.1076200584318,1528.6211661759212,1272.571058257021,230.97698431607841,0.8704853215918303
2023,2022-10-24,True,False,tor,mia,98,90,27,21,23,27,0,23,20,33,14,0,home,3.5,214.0,150.0,-170.0,3.0,104.5,0.0,0,False,1521.7150298548456,1565.367008614457,1465.604373199911,1621.4776652693918,-43.65197875961144,0.580387735444451
2023,2022-10-25,True,False,dal,no,111,113,31,33,25,22,0,40,26,21,26,0,away,5.0,218.5,-210.0,180.0,4.0,107.0,0.0,1,True,1627.2293588960526,1683.167807394172,1648.3500003992467,1662.047165890978,-55.93844849811944,0.5630719002788648
2023,2022-10-25,True,False,det,wsh,99,120,25,24,26,24,0,28,28,29,35,0,home,5.5,221.0,190.0,-220.0,0.5,107.0,1.0,0,True,1445.2730635203227,1326.469631370384,1472.1452212842748,1299.5974736064318,118.80343214993877,0.7789458441077647
2023,2022-10-25,True,False,gs,phx,105,134,29,37,20,19,0,37,35,33,29,0,home,1.5,227.5,100.0,-120.0,1.5,110.5,1.0,1,True,1684.8357756690887,1599.6073057113445,1720.1539348830474,1564.2891464973857,85.22846995774421,0.7438851702629351
2023,2022-10-25,True,False,lac,okc,94,108,18,25,25,26,0,23,26,35,24,0,away,5.5,217.5,-220.0,190.0,4.5,110.5,0.0,0,True,1255.0398089697067,1543.1494756253328,1344.051844330987,1454.1374402640524,-288.10966665562614,0.2529677615126644
2023,2022-10-26,True,False,phi,tor,109,119,27,26,26,30,0,35,28,26,30,0,home,1.0,211.5,-105.0,-115.0,3.0,103.0,1.0,1,True,1621.4776652693918,1528.6211661759212,1645.4047249680887,1504.6941064772243,92.85649909347057,0.7521610363078345
2023,2022-10-26,True,False,cha,ny,131,134,30,32,28,32,9,32,37,29,24,12,home,7.5,224.0,250.0,-300.0,2.0,115.5,0.0,1,True,1577.3056918801299,1679.5106038183935,1607.9977160787332,1648.8185796197902,-102.20491193826365,0.4968269192480765
2023,2022-10-26,True,False,ind,chi,109,124,27,30,36,16,0,38,38,27,21,0,home,7.0,233.5,240.0,-280.0,2.0,112.5,1.0,0,True,1470.2004687048136,1272.571058257021,1485.7587034991436,1257.012823462691,197.62941044779268,0.8472628632479424
2023,2022-10-26,True,False,lal,den,99,110,22,32,17,28,0,26,28,32,24,0,home,5.0,230.5,175.0,-200.0,3.5,117.5,1.0,0,True,1431.8218249189647,1324.195150942738,1454.755657130739,1301.2613187309637,107.62667397622658,0.7676689356773602
2023,2022-10-26,True,False,hou,utah,101,109,21,28,26,26,0,22,39,28,20,0,home,8.5,232.5,300.0,-360.0,1.5,112.5,0.0,0,True,1575.4768006944564,1323.559122828441,1584.4749592486396,1314.560964274258,251.9176778660153,0.8834795136305313
2023,2022-10-26,True,False,sa,min,122,134,28,25,41,28,0,39,29,34,32,0,home,9.5,235.0,375.0,-450.0,0.5,113.0,1.0,1,True,1487.918006866804,1578.0666026449794,1542.747301738701,1523.2373077730824,-90.14859577817538,0.5141735120919073
2023,2022-10-26,True,False,mia,por,119,98,28,33,33,25,0,31,25,25,17,0,away,2.5,220.5,-140.0,120.0,0.5,108.5,1.0,0,False,1368.9291275353287,1465.604373199911,1300.2754653176048,1534.2580354176348,-96.67524566458223,0.5047845600609738
2023,2022-10-26,True,False,bkn,mil,99,110,20,35,21,23,0,25,18,35,32,0,home,3.0,230.0,140.0,-160.0,4.5,111.5,1.0,0,True,1613.892628005135,1502.532741411871,1636.3745182710113,1480.0508511459948,111.35988659326404,0.7714796996277677
2023,2022-10-26,True,False,orl,cle,92,103,24,26,19,23,0,30,24,19,30,0,home,9.0,215.5,325.0,-390.0,3.5,104.5,1.0,0,True,1568.2700499593427,1292.4213005928584,1577.1028782078245,1283.5884723443767,275.8487493664843,0.8969290632090583
2023,2022-10-26,True,False,atl,det,118,113,36,26,27,29,0,32,29,28,24,0,away,7.5,229.0,-300.0,250.0,4.5,110.0,0.0,1,False,1299.5974736064318,1538.7611331505175,1275.1742477305504,1563.1843590263989,-239.1636595440857,0.30979231581797184
2023,2022-10-27,True,False,dal,bkn,129,125,30,31,29,22,17,23,36,25,28,13,away,2.5,225.5,-140.0,120.0,1.5,109.5,1.0,1,False,1480.0508511459948,1662.047165890978,1452.847809280872,1689.2502077561007,-181.99631474498324,0.38414091447928056
2023,2022-10-27,True,False,lac,okc,110,118,24,36,27,23,0,34,19,36,29,0,away,7.0,218.5,-260.0,220.0,1.5,111.5,0.0,1,True,1344.051844330987,1454.1374402640524,1393.7936065903311,1404.3956780047083,-110.0855959330654,0.48548973624998354
2023,2022-10-27,True,False,mia,gs,110,123,30,29,28,23,0,31,32,29,31,0,home,6.0,228.0,200.0,-240.0,3.0,110.0,1.0,1,True,1564.2891464973857,1534.2580354176348,1600.4926849258607,1498.0544969891598,30.031111079750872,0.6788559645037311
2023,2022-10-27,True,False,mem,sac,125,110,32,31,31,31,0,28,28,27,27,0,away,2.5,236.5,-140.0,120.0,0.5,120.5,1.0,0,False,1305.7616907949034,1602.7212540578728,1276.0607771824234,1632.4221676703528,-296.95956326296937,0.24346227715111668
2023,2022-10-28,True,False,ind,wsh,127,117,36,39,26,26,0,28,32,30,27,0,home,4.5,228.5,180.0,-210.0,7.0,111.5,0.0,1,False,1472.1452212842748,1257.012823462691,1397.4862193566664,1331.6718253902993,215.13239782158394,0.8598503887630092
2023,2022-10-28,True,False,chi,sa,124,129,29,31,34,30,0,36,26,32,35,0,away,4.0,230.5,-170.0,150.0,4.0,118.0,0.0,1,True,1523.2373077730824,1485.7587034991436,1546.9361482795123,1462.0598629927138,37.4786042739388,0.6881298117375796
2023,2022-10-28,True,False,utah,den,101,117,25,25,28,23,0,35,28,26,28,0,home,7.5,232.0,260.0,-310.0,0.0,117.0,1.0,0,True,1454.755657130739,1584.4749592486396,1522.4050916604533,1516.8255247189254,-129.7193021179005,0.4573344956079349
2023,2022-10-28,True,False,ny,mil,108,119,24,29,32,23,0,26,33,37,23,0,home,6.0,223.5,195.0,-230.0,2.0,108.0,1.0,1,True,1636.3745182710113,1607.9977160787332,1670.7393039256344,1573.63293042411,28.37680219227809,0.6767763307898441
2023,2022-10-28,True,False,lal,min,102,111,25,27,23,27,0,28,24,26,33,0,home,8.0,232.0,260.0,-310.0,5.5,117.5,1.0,0,True,1542.747301738701,1301.2613187309637,1552.7723726032975,1291.2362478663672,241.48598300773733,0.8771540320749952
2023,2022-10-28,True,False,no,phx,111,124,27,25,31,28,0,21,36,36,31,0,home,8.0,226.0,265.0,-320.0,3.5,116.0,1.0,1,True,1720.1539348830474,1648.3500003992467,1749.5261375115153,1618.9777977707788,71.80393448380073,0.7288869883716041
2023,2022-10-28,True,False,cha,orl,93,113,19,11,23,40,0,22,29,31,31,0,away,1.5,220.5,-125.0,105.0,6.0,110.5,0.0,0,True,1283.5884723443767,1648.8185796197902,1393.6405708778325,1538.7664810863344,-365.2301072754135,0.17846423905851427
2023,2022-10-28,True,False,hou,por,111,125,23,35,24,29,0,32,37,27,29,0,home,4.0,222.5,160.0,-180.0,2.0,109.0,1.0,1,True,1300.2754653176048,1314.560964274258,1345.4456390925116,1269.3907904993512,-14.2854989566531,0.6209099601983846
2023,2022-10-28,True,False,phi,tor,112,90,28,37,16,31,0,26,22,22,20,0,home,3.5,214.5,140.0,-160.0,7.0,104.5,0.0,0,False,1645.4047249680887,1504.6941064772243,1548.6624091422839,1601.436422303029,140.71061849086436,0.7998955545193961
2023,2022-10-28,True,False,atl,det,136,112,35,34,37,30,0,29,38,27,18,0,away,6.0,229.5,-240.0,200.0,3.0,112.5,1.0,1,False,1275.1742477305504,1563.1843590263989,1239.330947370747,1599.0276593862022,-288.01011129584845,0.2530760759483974
2023,2022-10-28,True,False,cle,bos,132,123,33,29,33,19,18,34,41,24,15,9,home,7.0,218.5,225.0,-265.0,0.5,106.0,0.0,1,False,1705.6093111338005,1577.1028782078245,1634.8280371787582,1647.8841521628667,128.50643292597601,0.7884134941912074
2023,2022-10-29,True,False,mem,utah,123,124,30,24,37,32,0,24,38,33,29,0,away,3.0,225.0,-160.0,140.0,3.5,116.5,0.0,1,True,1516.8255247189254,1632.4221676703528,1532.7588529145219,1616.4888394747563,-115.59664295142738,0.4775696915308353
2023,2022-10-29,True,False,ind,bkn,125,116,26,37,29,33,0,26,36,28,26,0,home,11.0,239.5,450.0,-600.0,7.5,117.0,0.0,1,False,1452.847809280872,1331.6718253902993,1382.247591163212,1402.2720435079593,121.17598389057275,0.7812885578414981
2023,2022-10-29,True,False,okc,dal,117,111,27,19,26,27,18,25,26,20,28,12,home,10.5,219.0,400.0,-500.0,5.0,105.5,0.0,1,False,1689.2502077561007,1393.7936065903311,1629.3104543366562,1453.7333600097757,295.4566011657696,0.9069061786421017
2023,2022-10-29,True,False,atl,mil,115,123,30,21,33,31,0,32,27,32,32,0,home,5.5,228.5,185.0,-215.0,1.5,110.0,1.0,1,True,1670.7393039256344,1599.0276593862022,1695.2055701321347,1574.561393179702,71.7116445394322,0.7287819922049894
2023,2022-10-29,True,False,gs,cha,113,120,23,27,33,24,6,34,28,18,27,13,away,10.0,233.5,-500.0,400.0,8.5,113.5,0.0,0,True,1538.7664810863344,1600.4926849258607,1579.494875808088,1559.764290204107,-61.726203839526306,0.5548586887239236
2023,2022-10-29,True,False,mia,sac,113,119,23,26,33,31,0,32,39,19,29,0,away,4.0,227.5,-165.0,145.0,8.0,109.0,0.0,1,True,1276.0607771824234,1498.0544969891598,1333.313784729437,1440.8014894421462,-221.9937198067364,0.3313130528615193
2023,2022-10-29,True,False,phi,chi,114,109,37,27,26,24,0,22,34,31,22,0,away,2.5,221.5,-140.0,120.0,1.5,107.5,1.0,1,False,1462.0598629927138,1601.436422303029,1427.089637673169,1636.406647622574,-139.37655931031532,0.44357396281203343
2023,2022-10-30,True,False,hou,phx,109,124,24,32,30,23,0,29,36,25,34,0,home,13.0,227.5,600.0,-900.0,4.5,110.0,1.0,1,True,1749.5261375115153,1269.3907904993512,1752.348206618737,1266.5687213921294,480.1353470121642,0.9657602215526088
2023,2022-10-30,True,False,no,lac,112,91,18,34,26,34,0,25,27,15,24,0,home,2.0,226.0,110.0,-130.0,1.0,115.5,0.0,0,False,1404.3956780047083,1618.9777977707788,1358.0404941131846,1665.3329816623025,-214.5821197660705,0.34083223460127965
2023,2022-10-30,True,False,wsh,bos,94,112,15,32,21,26,0,34,24,29,25,0,home,9.5,221.5,350.0,-420.0,1.5,108.0,1.0,0,True,1634.8280371787582,1397.4862193566664,1647.9621496948635,1384.3521068405612,237.3418178220918,0.8745602475228015
2023,2022-10-30,True,False,ny,cle,108,121,30,29,34,15,0,35,27,22,37,0,home,4.0,220.0,150.0,-170.0,1.5,107.0,1.0,1,True,1647.8841521628667,1573.63293042411,1676.8894960489288,1544.627586538048,74.25122173875661,0.7316618793032713
2023,2022-10-30,True,False,gs,det,114,128,37,18,36,23,0,29,34,37,28,0,away,7.5,231.5,-310.0,260.0,8.0,112.5,0.0,1,True,1239.330947370747,1559.764290204107,1332.3376210729589,1466.7576165018952,-320.43334283336003,0.2194428161537425
2023,2022-10-30,True,False,min,sa,98,107,23,24,23,28,0,26,31,28,22,0,away,6.0,237.5,-240.0,200.0,6.0,113.0,0.0,0,True,1546.9361482795123,1552.7723726032975,1584.1903028572335,1515.5182180255763,-5.836224323785245,0.632289232702839
2023,2022-10-30,True,False,orl,dal,105,114,34,26,23,22,0,29,31,28,26,0,home,9.5,211.5,330.0,-400.0,6.0,103.5,0.0,1,True,1629.3104543366562,1393.6405708778325,1639.6822606509324,1383.2687645635563,235.66988345882373,0.873500591508942
2023,2022-10-30,True,False,den,lal,110,121,31,20,34,25,0,26,29,38,28,0,away,2.5,228.5,-150.0,130.0,2.0,111.0,0.0,1,True,1291.2362478663672,1522.4050916604533,1365.615499443319,1448.0258400835014,-231.16884379408611,0.31971789121976296
2023,2022-10-31,True,False,atl,tor,109,139,28,25,27,29,0,34,30,31,44,0,home,2.0,222.5,110.0,-130.0,3.0,107.5,1.0,1,True,1548.6624091422839,1574.561393179702,1608.3372699140539,1514.886532407932,-25.89898403741813,0.6050518668355421
2023,2022-10-31,True,False,det,mil,108,110,23,29,25,31,0,34,26,28,22,0,home,13.5,224.0,600.0,-900.0,5.5,109.5,0.0,0,True,1695.2055701321347,1332.3376210729589,1697.5146433660962,1330.0285478389974,362.86794905917577,0.9348979961717342
2023,2022-10-31,True,False,phi,wsh,118,111,30,22,34,32,0,28,24,21,38,0,away,2.5,216.0,-135.0,115.0,1.5,106.0,1.0,1,False,1384.3521068405612,1636.406647622574,1357.438411172783,1663.3203432903522,-252.05454078201274,0.2941534490295344
2023,2022-10-31,True,False,mem,utah,105,121,26,18,30,31,0,23,38,36,24,0,away,2.5,231.5,-140.0,120.0,6.5,118.0,0.0,0,True,1532.7588529145219,1616.4888394747563,1592.1728027452364,1557.0748896440418,-83.72998656023447,0.5233973310058094
2023,2022-10-31,True,False,sac,cha,115,108,24,28,37,26,0,34,33,18,23,0,away,3.5,231.5,-160.0,140.0,6.0,113.0,1.0,0,False,1579.494875808088,1333.313784729437,1514.8820015719773,1397.9266589655476,246.18109107865098,0.8800367845642193
2023,2022-10-31,True,False,ind,bkn,109,116,18,36,31,24,0,33,28,31,24,0,home,8.0,236.5,270.0,-330.0,2.0,114.5,0.0,0,True,1382.247591163212,1402.2720435079593,1417.6468582186772,1366.8727764524942,-20.02445234474726,0.6131034315755783
2023,2022-10-31,True,False,hou,lac,93,95,23,29,24,17,0,30,21,22,22,0,home,8.5,225.5,310.0,-370.0,6.0,110.0,0.0,0,True,1358.0404941131846,1266.5687213921294,1369.0826906438049,1255.5265248615092,91.47177272105523,0.7506721155421989
2023,2022-11-01,True,False,min,phx,107,116,20,27,26,34,0,24,30,30,32,0,home,4.0,228.0,150.0,-170.0,0.5,111.0,1.0,0,True,1752.348206618737,1515.5182180255763,1762.6499897629221,1505.2164348813913,236.8299885931608,0.874236665094775
2023,2022-11-01,True,False,gs,mia,109,116,24,32,38,15,0,33,25,28,30,0,home,1.5,226.0,-105.0,-115.0,0.5,109.5,1.0,0,True,1440.8014894421462,1466.7576165018952,1476.9446301280382,1430.6144758160033,-25.95612705974895,0.6049732588659961
2023,2022-11-01,True,False,chi,bkn,108,99,25,27,25,31,0,27,31,22,19,0,home,2.0,233.0,110.0,-130.0,0.5,118.0,0.0,0,False,1417.6468582186772,1427.089637673169,1354.0776315331743,1490.6588643586717,-9.442779454491756,0.6274491901902463
2023,2022-11-01,True,False,orl,okc,108,116,32,34,22,20,0,33,30,22,31,0,home,3.0,216.5,135.0,-155.0,3.0,106.0,1.0,1,True,1453.7333600097757,1383.2687645635563,1478.356486231765,1358.6456383415668,70.46459544621939,0.7273607523521773
2023,2022-11-02,True,False,lac,hou,109,101,34,22,30,23,0,24,29,26,22,0,away,6.0,223.0,-220.0,190.0,3.0,114.5,1.0,0,False,1255.5265248615092,1369.0826906438049,1209.0727058579162,1415.536509647398,-113.5561657822957,0.4805010032237909
2023,2022-11-02,True,False,no,lal,117,120,27,17,35,32,6,23,33,26,29,9,away,2.5,230.0,-130.0,110.0,4.5,117.0,0.0,1,True,1365.615499443319,1665.3329816623025,1411.9396314854437,1619.008849620178,-299.7174822189834,0.24055005033342608
2023,2022-11-02,True,False,mem,por,111,106,30,22,26,33,0,23,22,27,34,0,away,5.5,227.5,-210.0,180.0,1.5,116.0,0.0,0,False,1345.4456390925116,1557.0748896440418,1318.2734257289544,1584.247103007599,-211.62925055153028,0.344661386934524
2023,2022-11-02,True,False,utah,dal,100,103,35,15,28,22,0,23,24,27,29,0,home,6.5,222.0,210.0,-250.0,5.5,114.0,0.0,0,True,1639.6822606509324,1592.1728027452364,1657.1289681465453,1574.7260952496235,47.50945790569608,0.7003851742601258
2023,2022-11-02,True,False,cha,chi,88,106,26,26,18,18,0,27,34,23,22,0,home,6.0,225.0,200.0,-240.0,1.0,111.5,1.0,0,True,1490.6588643586717,1514.8820015719773,1541.528138275737,1464.012727654912,-24.223137213305563,0.6073547898490407
2023,2022-11-02,True,False,tor,sa,143,100,32,32,40,39,0,31,18,21,30,0,away,6.5,223.5,-250.0,210.0,1.5,109.0,1.0,1,False,1584.1903028572335,1608.3372699140539,1483.045682478117,1709.4818902931704,-24.14696705682036,0.6074593491955808
2023,2022-11-02,True,False,bos,cle,113,114,27,29,20,31,6,35,15,33,24,7,away,1.5,220.0,-125.0,105.0,1.0,108.0,0.0,1,True,1676.8894960489288,1647.9621496948635,1686.4496441160181,1638.402001627774,28.92734635406532,0.6774692020913344
2023,2022-11-02,True,False,det,mil,91,116,26,21,21,23,0,31,25,29,31,0,home,11.5,223.0,475.0,-650.0,4.0,108.0,1.0,0,True,1697.5146433660962,1330.0285478389974,1704.1717429505104,1323.3714482545831,367.48609552709877,0.9364974232654684
2023,2022-11-02,True,False,wsh,phi,121,111,31,26,34,30,0,25,26,39,21,0,home,5.5,217.0,190.0,-220.0,4.5,107.0,0.0,1,False,1663.3203432903522,1357.438411172783,1589.6483013149316,1431.1104531482035,305.88193211756925,0.9118506930306485
2023,2022-11-02,True,False,atl,ny,112,99,21,36,32,23,0,32,33,10,24,0,home,2.5,233.0,115.0,-135.0,1.0,113.0,0.0,0,False,1544.627586538048,1514.886532407932,1468.1176037155806,1591.3965152303995,29.741054130116026,0.6784918432027129
2023,2022-11-02,True,False,sac,mia,107,110,32,19,25,31,0,33,20,24,33,0,home,4.5,220.5,170.0,-190.0,2.5,107.5,0.0,0,True,1476.9446301280382,1397.9266589655476,1491.811198876082,1383.0600902175038,79.01797116249054,0.7370148121863371
2023,2022-11-03,True,False,gs,orl,129,130,30,35,33,31,0,30,23,43,34,0,away,9.5,226.0,-420.0,350.0,1.5,110.0,0.0,1,True,1358.6456383415668,1430.6144758160033,1372.6672277350833,1416.5928864224868,-71.96883747443644,0.5402527844680126
2023,2022-11-03,True,False,den,okc,122,110,42,29,22,29,0,29,28,38,15,0,away,6.5,228.5,-250.0,210.0,0.5,111.0,1.0,1,False,1478.356486231765,1448.0258400835014,1403.956503326993,1522.4258229882735,30.330646148263668,0.6792317559151863
2023,2022-11-04,True,False,utah,lal,130,116,40,35,25,30,0,34,28,33,21,0,home,3.5,229.0,145.0,-165.0,5.0,117.0,0.0,1,False,1411.9396314854437,1574.7260952496235,1363.013251579605,1623.6524751554623,-162.78646376417987,0.4106139462354023
2023,2022-11-04,True,False,mil,min,115,102,34,27,34,20,0,26,28,30,18,0,away,2.0,225.5,-135.0,115.0,1.0,115.5,1.0,0,False,1505.2164348813913,1704.1717429505104,1463.260302457775,1746.1278753741267,-198.95530806911916,0.36132161794003564
2023,2022-11-04,True,False,por,phx,108,106,25,34,27,22,0,28,21,31,26,0,home,12.5,217.0,500.0,-700.0,10.0,106.0,0.0,0,False,1762.6499897629221,1318.2734257289544,1730.5798764757383,1350.3435390161383,444.3765640339677,0.9582609665375711
2023,2022-11-04,True,False,gs,no,105,114,27,27,25,26,0,26,35,27,26,0,home,10.5,226.5,400.0,-500.0,4.0,109.5,0.0,0,True,1619.008849620178,1416.5928864224868,1631.5806769525286,1404.021059090136,202.4159631976911,0.8507945194751085
2023,2022-11-04,True,False,lac,sa,113,106,28,26,28,31,0,18,40,28,20,0,away,3.5,225.5,-160.0,140.0,3.0,115.5,1.0,0,False,1483.045682478117,1415.536509647398,1420.9944040134005,1477.5877881121144,67.50917283071908,0.7239739789752229
2023,2022-11-04,True,False,tor,dal,110,111,29,28,24,29,0,31,31,34,15,0,home,4.5,215.5,160.0,-180.0,1.0,104.5,0.0,1,True,1657.1289681465453,1709.4818902931704,1670.2999485077128,1696.310909932003,-52.35292214662513,0.5681429988476778
2023,2022-11-04,True,False,chi,bos,119,123,31,26,30,32,0,26,37,30,30,0,home,7.0,223.5,230.0,-270.0,2.0,113.0,0.0,1,True,1638.402001627774,1541.528138275737,1654.1260356168552,1525.804104286656,96.873863352037,0.7564468459929383
2023,2022-11-04,True,False,cle,det,112,88,24,33,33,22,0,21,18,29,20,0,away,3.5,215.0,-165.0,145.0,3.0,104.5,1.0,0,False,1323.3714482545831,1686.4496441160181,1297.8372111763993,1711.983881194202,-363.078195861435,0.1802876536818519
2023,2022-11-04,True,False,ny,phi,106,104,21,37,16,32,0,22,31,30,21,0,home,1.0,220.5,110.0,-130.0,1.0,105.5,0.0,0,False,1589.6483013149316,1468.1176037155806,1555.9590605955605,1501.8068444349517,121.53069759935102,0.7816372700218671
2023,2022-11-04,True,False,mia,ind,99,101,29,21,27,22,0,28,34,18,21,0,away,3.0,225.0,-150.0,130.0,5.0,109.0,0.0,0,True,1366.8727764524942,1491.811198876082,1392.7741230504532,1465.909852278123,-124.93842242358778,0.4641722341836376
2023,2022-11-04,True,False,bkn,wsh,128,86,38,31,27,32,0,28,29,13,16,0,home,3.0,222.5,130.0,-150.0,4.0,108.0,0.0,0,False,1431.1104531482035,1354.0776315331743,1318.2047897569814,1466.9832949243964,77.0328216150292,0.7347939093307009
2023,2022-11-04,True,False,cha,mem,99,130,23,24,22,30,0,41,30,33,26,0,home,11.0,226.5,450.0,-600.0,0.5,111.0,1.0,1,True,1584.247103007599,1464.012727654912,1614.1455637088345,1434.1142669536764,120.23437535268704,0.7803609366680866
2023,2022-11-05,True,False,sa,den,101,126,27,24,25,25,0,40,30,29,27,0,home,11.5,235.5,450.0,-600.0,1.5,114.0,1.0,0,True,1522.4258229882735,1420.9944040134005,1553.5005010702232,1389.9197259314508,101.43141897487294,0.761247749368591
2023,2022-11-05,True,False,okc,mil,94,108,34,19,25,16,0,34,33,26,15,0,home,5.5,219.0,180.0,-210.0,1.5,106.5,1.0,0,True,1746.1278753741267,1403.956503326993,1752.5855257228461,1397.4988529782736,342.1713720471337,0.9272600312443696
2023,2022-11-05,True,False,hou,min,117,129,34,15,34,34,0,40,28,35,26,0,home,8.0,234.0,250.0,-300.0,1.5,114.0,1.0,1,True,1463.260302457775,1209.0727058579162,1473.6249344804603,1198.7080738352308,254.1875965998588,0.8848179196957057
2023,2022-11-05,True,False,por,phx,82,102,26,14,21,21,0,35,26,23,18,0,home,12.5,215.5,475.0,-650.0,0.5,105.0,1.0,0,True,1730.5798764757383,1350.3435390161383,1736.3328215035476,1344.590593988329,380.2363374596,0.9407249641310843
2023,2022-11-05,True,False,no,atl,121,124,28,24,33,24,12,29,31,28,21,15,home,2.0,234.5,110.0,-130.0,1.5,119.0,1.0,1,True,1591.3965152303995,1631.5806769525286,1616.6955271340314,1606.2816650488967,-40.18416172212915,0.5852413748549941
2023,2022-11-05,True,False,bkn,cha,98,94,30,22,17,29,0,21,23,26,24,0,away,3.5,224.0,-160.0,140.0,0.5,107.5,1.0,0,False,1434.1142669536764,1466.9832949243964,1391.9491091889527,1509.1484526891202,-32.869027970720026,0.5954246713736441
2023,2022-11-05,True,False,bos,ny,133,118,32,35,34,32,0,29,37,30,22,0,away,4.5,227.0,-175.0,155.0,2.5,110.5,1.0,1,False,1501.8068444349517,1654.1260356168552,1449.926418563596,1706.006461488211,-152.31919118190353,0.42527064274893495
2023,2022-11-05,True,False,sac,orl,126,123,25,22,36,23,20,33,32,12,29,17,away,4.5,228.5,-180.0,160.0,7.5,111.0,0.0,1,False,1372.6672277350833,1383.0600902175038,1334.4727749863575,1421.2545429662296,-10.392862482420469,0.6261698587506197
2023,2022-11-06,True,False,cle,lal,114,100,30,28,29,27,0,36,28,16,20,0,away,5.5,222.5,-210.0,180.0,4.0,109.0,1.0,0,False,1363.013251579605,1711.983881194202,1340.0638997331337,1734.9332330406733,-348.9706296145971,0.19260210837915973
2023,2022-11-06,True,False,chi,tor,104,113,30,19,33,22,0,21,34,28,30,0,home,4.0,219.5,155.0,-175.0,0.0,112.5,1.0,0,True,1696.310909932003,1525.804104286656,1711.3762504452852,1510.7387637733736,170.50680564534696,0.8259457908870277
2023,2022-11-06,True,False,wsh,mem,97,103,25,18,31,23,0,24,33,24,22,0,home,9.5,224.0,330.0,-400.0,1.0,113.5,0.0,0,True,1614.1455637088345,1318.2047897569814,1620.2805454242955,1312.0698080415204,295.9407739518531,0.9071412213366531
2023,2022-11-06,True,False,utah,lac,110,102,29,34,21,26,0,29,27,29,17,0,home,4.0,218.5,150.0,-170.0,4.0,111.5,0.0,0,False,1477.5877881121144,1623.6524751554623,1435.6205656032162,1665.6196976643605,-146.06468704334793,0.43409332000199924
2023,2022-11-07,True,False,cle,lac,117,119,37,27,23,30,0,31,33,24,31,0,away,4.0,212.5,-180.0,160.0,3.0,103.5,0.0,1,True,1435.6205656032162,1734.9332330406733,1472.3109807419937,1698.2428179018957,-299.3126674374571,0.24097602044230737
2023,2022-11-07,True,False,no,ind,122,129,30,25,36,31,0,32,26,42,29,0,away,5.0,233.5,-190.0,170.0,4.5,119.0,0.0,1,True,1392.7741230504532,1606.2816650488967,1452.9576809858142,1546.0981071135357,-213.50754199844346,0.3422233289666744
2023,2022-11-07,True,False,ny,min,120,107,38,38,27,17,0,29,23,28,27,0,home,2.5,235.5,120.0,-140.0,7.5,113.5,0.0,0,False,1473.6249344804603,1449.926418563596,1397.5293077352667,1526.0220453087895,23.69851591686438,0.6708574867093918
2023,2022-11-07,True,False,lal,utah,116,139,34,37,27,18,0,42,34,39,24,0,home,7.0,224.5,235.0,-275.0,2.5,115.0,1.0,1,True,1665.6196976643605,1340.0638997331337,1674.00210411677,1331.6814932807242,325.55579793122683,0.9205392237259483
2023,2022-11-07,True,False,sac,gs,113,116,31,36,21,25,0,29,26,24,37,0,home,8.0,235.5,270.0,-330.0,8.0,113.0,0.0,0,True,1404.021059090136,1421.2545429662296,1427.3885375398409,1397.8870645165248,-17.233483876093487,0.6169074400287633
2023,2022-11-07,True,False,bkn,dal,94,96,34,16,23,21,0,29,24,19,24,0,home,6.0,216.0,190.0,-220.0,2.5,103.5,0.0,0,True,1670.2999485077128,1509.1484526891202,1677.873832040857,1501.574569155976,161.1514958185926,0.8180674614284212
2023,2022-11-07,True,False,den,sa,115,109,28,37,29,21,0,28,34,27,20,0,away,7.5,234.5,-330.0,270.0,3.5,113.5,0.0,0,False,1389.9197259314508,1553.5005010702232,1354.8576466880947,1588.5625803135792,-163.58077513877242,0.40950782734539815
2023,2022-11-07,True,False,por,mia,110,107,28,25,20,37,0,28,32,21,26,0,home,5.0,216.5,175.0,-200.0,0.5,105.5,0.0,1,False,1465.909852278123,1344.590593988329,1423.4020521102157,1387.0983941562363,121.3192582897941,0.7814294563822177
2023,2022-11-07,True,False,phx,phi,88,100,20,27,23,18,0,33,23,19,25,0,away,1.0,215.0,-130.0,110.0,3.5,109.0,0.0,0,True,1555.9590605955605,1736.3328215035476,1625.213898310099,1667.077983789009,-180.37376090798716,0.3863529586490353
2023,2022-11-07,True,False,okc,det,103,112,33,30,22,18,0,28,20,35,29,0,away,2.0,223.5,-130.0,110.0,3.0,108.0,0.0,0,True,1297.8372111763993,1397.4988529782736,1348.4447498688537,1346.8913142858191,-99.66164180187434,0.5004869364354938
2023,2022-11-07,True,False,hou,orl,134,127,33,38,29,34,0,30,35,23,39,0,home,5.0,224.0,170.0,-190.0,3.5,109.0,0.0,1,False,1334.4727749863575,1198.7080738352308,1270.4046928257405,1262.7761559958478,135.7647011511267,0.795299480107006
2023,2022-11-07,True,False,wsh,cha,108,100,26,20,30,32,0,18,30,24,28,0,home,2.0,213.5,110.0,-130.0,1.0,109.0,0.0,0,False,1391.9491091889527,1312.0698080415204,1325.8807710575602,1378.138146172913,79.87930114743222,0.7379747029421231
2023,2022-11-07,True,False,tor,chi,97,111,27,26,17,27,0,30,28,28,25,0,home,2.0,221.5,115.0,-135.0,0.5,108.5,1.0,0,True,1510.7387637733736,1711.3762504452852,1587.1058864918361,1635.0091277268227,-200.63748667191157,0.3590900106972958
2023,2022-11-07,True,False,mil,atl,98,117,36,22,22,18,0,25,27,37,28,0,away,5.5,219.5,-220.0,190.0,1.5,112.5,0.0,0,True,1616.6955271340314,1752.5855257228461,1689.3856067900551,1679.8954460668224,-135.8899985888147,0.4485330750368681
2023,2022-11-07,True,False,bos,mem,109,106,28,37,19,25,0,34,20,31,21,0,away,3.5,233.0,-160.0,140.0,1.5,112.5,0.0,0,False,1620.2805454242955,1706.006461488211,1588.5297710602747,1737.7572358522318,-85.72591606391552,0.5205305081745139
2023,2022-11-09,True,False,mil,okc,136,132,27,28,29,35,17,27,28,32,32,13,away,1.0,213.5,-115.0,-105.0,1.0,110.5,1.0,1,False,1346.8913142858191,1679.8954460668224,1332.2113299207638,1694.5754304318777,-333.00413178100325,0.20729970738176925
2023,2022-11-09,True,False,lal,lac,101,114,21,31,23,26,0,38,16,33,27,0,home,3.0,219.0,130.0,-150.0,1.5,112.5,1.0,0,True,1472.3109807419937,1331.6814932807242,1492.6896526211835,1311.3028214015344,140.6294874612695,0.7998207903473215
2023,2022-11-09,True,False,cle,sac,120,127,29,29,35,27,0,34,35,28,30,0,away,4.0,228.0,-170.0,150.0,5.0,110.5,0.0,1,True,1397.8870645165248,1698.2428179018957,1467.4346176751158,1628.6952647433047,-300.3557533853709,0.2398794693343885
2023,2022-11-09,True,False,phx,min,129,117,39,30,35,25,0,25,26,31,35,0,home,2.0,224.0,105.0,-125.0,5.5,114.5,0.0,1,False,1397.5293077352667,1667.077983789009,1366.6417082340624,1697.9655832902133,-269.5486760537424,0.27368606546266655
2023,2022-11-09,True,False,mem,sa,124,122,38,28,23,23,12,32,27,35,18,10,away,6.0,234.5,-200.0,175.0,1.5,119.5,0.0,1,False,1354.8576466880947,1588.5297710602747,1339.553929325,1603.8334884233695,-233.67212437217995,0.3165919058431647
2023,2022-11-09,True,False,utah,atl,125,119,26,37,22,40,0,22,32,36,29,0,home,4.5,231.5,160.0,-180.0,4.0,119.0,0.0,1,False,1689.3856067900551,1674.00210411677,1633.715363000807,1729.672347906018,15.383502673285193,0.6602034150358043
2023,2022-11-09,True,False,no,chi,115,111,22,30,27,36,0,22,28,32,29,0,away,2.0,232.0,-130.0,110.0,1.0,118.5,1.0,0,False,1587.1058864918361,1546.0981071135357,1539.9999405699464,1593.2040530354254,41.007779378300484,0.6924729291118087
2023,2022-11-09,True,False,ny,bkn,85,112,22,22,27,14,0,38,31,23,20,0,home,3.5,221.0,140.0,-160.0,4.5,106.0,1.0,0,True,1501.574569155976,1526.0220453087895,1559.1881906648823,1468.4084237998832,-24.44747615281358,0.6070467809402452
2023,2022-11-09,True,False,hou,tor,109,116,37,17,28,27,0,29,28,29,30,0,home,10.0,224.5,375.0,-450.0,5.0,108.0,0.0,1,True,1635.0091277268227,1262.7761559958478,1639.1361777283187,1258.6491059943519,372.2329717309749,0.9381032011969459
2023,2022-11-09,True,False,dal,orl,87,94,28,26,20,13,0,24,26,23,21,0,away,8.5,212.5,-380.0,320.0,4.0,102.5,0.0,0,True,1270.4046928257405,1677.873832040857,1348.5829193140532,1599.6956055525443,-407.46913921511646,0.14555045711982645
2023,2022-11-09,True,False,den,ind,122,119,35,21,33,33,0,27,43,25,24,0,away,5.0,236.0,-190.0,170.0,6.5,113.5,0.0,1,False,1452.9576809858142,1588.5625803135792,1425.573767176768,1615.9464941226256,-135.604899327765,0.44893905286865726
2023,2022-11-09,True,False,det,bos,112,128,21,28,30,33,0,29,34,32,33,0,home,13.5,226.0,550.0,-800.0,3.5,109.0,1.0,1,True,1737.7572358522318,1348.4447498688537,1742.8204452991224,1343.381540421963,389.3124859833781,0.9435721014727662
2023,2022-11-09,True,False,por,cha,105,95,25,33,28,19,0,30,23,26,16,0,away,2.0,221.5,-130.0,110.0,0.5,107.0,1.0,0,False,1325.8807710575602,1387.0983941562363,1267.2627982228096,1445.716366990987,-61.217623098676086,0.5555816679935818
2023,2022-11-10,True,False,dal,wsh,105,113,34,27,22,22,0,28,30,29,26,0,away,6.0,209.5,-220.0,190.0,3.0,102.0,0.0,1,True,1378.138146172913,1599.6956055525443,1442.7315722018934,1535.1021795235638,-221.55745937963138,0.3318696573432155
2023,2022-11-10,True,False,phi,atl,95,104,20,22,24,29,0,29,17,34,24,0,home,1.0,222.0,100.0,-120.0,0.5,106.5,1.0,0,True,1633.715363000807,1625.213898310099,1668.7496215572196,1590.1796397536864,8.501464690707962,0.651260533452376
2023,2022-11-10,True,False,cha,mia,112,117,27,23,23,31,8,32,26,27,19,13,home,11.0,213.0,450.0,-600.0,4.0,108.5,0.0,1,True,1423.4020521102157,1267.2627982228096,1436.1035935046232,1254.561256828402,156.13925388740608,0.8137337419758154
2023,2022-11-10,True,False,por,no,106,95,27,24,27,28,0,27,30,17,21,0,home,10.0,223.0,330.0,-400.0,4.0,109.0,0.0,0,False,1593.2040530354254,1445.716366990987,1516.399702360615,1522.5207176657973,147.48768604443853,0.80606692409719
2023,2022-11-11,True,False,sac,lal,120,114,23,33,31,33,0,23,37,28,26,0,away,4.0,233.0,-170.0,150.0,5.0,112.5,1.0,1,False,1311.3028214015344,1467.4346176751158,1275.3496432340326,1503.3877958426176,-156.13179627358136,0.4199154241637156
2023,2022-11-11,True,False,cle,gs,101,106,25,27,25,24,0,25,23,26,32,0,home,3.0,231.5,130.0,-150.0,1.5,112.5,1.0,0,True,1427.3885375398409,1628.6952647433047,1477.9860863435667,1578.0977159395788,-201.30672720346388,0.3582038712544366
2023,2022-11-11,True,False,min,mem,103,114,30,33,21,19,0,33,39,24,18,0,home,4.0,234.5,150.0,-170.0,0.5,113.5,1.0,0,True,1603.8334884233695,1366.6417082340624,1614.9275083555262,1355.5476883019057,237.1917801893071,0.8744654665169699
2023,2022-11-11,True,False,tor,okc,113,132,24,32,29,28,0,29,41,36,26,0,away,5.0,219.5,-200.0,175.0,6.5,107.0,0.0,1,True,1332.2113299207638,1639.1361777283187,1433.3043960794582,1538.0431115696242,-306.9248478075549,0.23305239733617752
2023,2022-11-11,True,False,phx,orl,97,114,23,29,22,23,0,30,28,29,27,0,away,7.5,215.5,-300.0,250.0,7.0,110.0,0.0,0,True,1348.5829193140532,1697.9655832902133,1451.3117156052379,1595.2367869990287,-349.3826639761601,0.19223353747629882
2023,2022-11-11,True,False,det,ny,112,121,26,32,22,32,0,30,38,26,27,0,home,9.5,224.0,320.0,-380.0,1.5,108.0,0.0,1,True,1468.4084237998832,1343.381540421963,1487.7653837732487,1324.0245804485976,125.02688337792006,0.785052851952764
2023,2022-11-11,True,False,den,bos,112,131,25,32,34,21,0,33,33,31,34,0,home,4.5,230.5,160.0,-180.0,0.5,112.0,1.0,1,True,1742.8204452991224,1615.9464941226256,1767.7539181496518,1591.0130212720962,126.8739511764968,0.7868416064923702
2023,2022-11-11,True,False,mil,sa,93,111,27,19,30,17,0,31,23,29,28,0,home,1.5,218.5,105.0,-125.0,1.5,113.0,1.0,0,True,1339.553929325,1694.5754304318777,1444.8508561198119,1589.2785036370656,-355.02150110687785,0.18724348185105005
2023,2022-11-12,True,False,hou,no,106,119,26,24,37,19,0,34,29,23,33,0,home,11.0,233.5,400.0,-500.0,1.5,113.5,1.0,0,True,1516.399702360615,1258.6491059943519,1526.8421212691467,1248.2066870858202,257.75059636626315,0.8868917867141781
2023,2022-11-12,True,False,cha,mia,115,132,33,26,25,31,0,34,23,45,30,0,home,8.0,214.5,150.0,-170.0,6.5,109.5,1.0,1,True,1436.1035935046232,1254.561256828402,1453.8753561673836,1236.7894941656416,181.5423366762211,0.8348899872477958
2023,2022-11-12,True,False,por,dal,112,117,25,32,31,24,0,35,24,26,32,0,home,6.5,219.0,215.0,-255.0,3.0,105.5,0.0,1,True,1535.1021795235638,1522.5207176657973,1561.8404627396405,1495.7824344497205,12.581461857766499,0.6565756330136703
2023,2022-11-12,True,False,atl,phi,109,121,24,27,33,25,0,37,30,32,22,0,home,3.0,223.0,130.0,-150.0,4.0,108.5,1.0,1,True,1590.1796397536864,1668.7496215572196,1643.1323680888836,1615.7968932220224,-78.56998180353321,0.5308012241932719
2023,2022-11-12,True,False,bkn,lac,110,95,24,30,21,35,0,19,31,21,24,0,home,1.5,212.0,100.0,-120.0,1.0,103.5,0.0,0,False,1492.6896526211835,1559.1881906648823,1425.8292333116237,1626.0486099744421,-66.49853804369877,0.5480636100548792
2023,2022-11-12,True,False,tor,ind,104,118,26,39,25,14,0,28,24,30,36,0,home,3.0,229.0,130.0,-150.0,4.5,111.5,1.0,0,True,1425.573767176768,1538.0431115696242,1487.2881559355003,1476.3287228108918,-112.46934439285633,0.48206287167580186
2023,2022-11-12,True,False,utah,wsh,112,121,30,25,29,28,0,28,33,31,29,0,away,4.0,221.0,-180.0,160.0,3.0,114.0,0.0,1,True,1442.7315722018934,1729.672347906018,1518.2871655163854,1654.1167545915262,-286.9407757041247,0.2542414260588625
2023,2022-11-12,True,False,bos,det,117,108,30,25,34,28,0,29,28,24,27,0,away,8.5,225.0,-370.0,310.0,6.5,109.5,1.0,2,False,1324.0245804485976,1767.7539181496518,1311.7188906488684,1780.059607949381,-443.7293377010542,0.12146120854626102
2023,2022-11-13,True,False,bkn,lal,103,116,22,24,31,26,0,26,29,25,36,0,away,5.0,217.5,-200.0,175.0,4.5,105.5,0.0,1,True,1275.3496432340326,1626.0486099744421,1369.2825971750594,1532.1156560334152,-350.69896674040956,0.1910596869802382
2023,2022-11-13,True,False,den,chi,126,103,32,30,35,29,0,20,27,29,27,0,away,1.5,230.0,-125.0,105.0,3.5,111.5,1.0,0,False,1539.9999405699464,1591.0130212720962,1460.2895446264656,1670.723417215577,-51.013080702149864,0.5700343683631184
2023,2022-11-13,True,False,utah,phi,98,105,30,27,21,20,0,26,25,27,27,0,home,3.5,217.5,140.0,-160.0,3.0,111.5,1.0,0,True,1643.1323680888836,1654.1167545915262,1677.4090760141896,1619.8400466662201,-10.984386502642565,0.6253724504406177
2023,2022-11-13,True,False,gs,sac,115,122,39,23,29,24,0,26,38,34,24,0,away,4.0,236.5,-180.0,160.0,5.0,115.5,0.0,1,True,1503.3877958426176,1477.9860863435667,1532.5639625555416,1448.8099196306428,25.401709499050867,0.6730187296531481
2023,2022-11-13,True,False,mem,wsh,92,102,19,32,23,18,0,23,32,27,20,0,home,1.5,217.5,105.0,-125.0,0.5,112.0,1.0,0,True,1518.2871655163854,1614.9275083555262,1570.530756002154,1562.6839178697576,-96.64034283914089,0.5048347846166112
2023,2022-11-13,True,False,okc,ny,145,135,36,43,43,23,0,48,25,33,29,0,home,5.5,226.0,180.0,-210.0,4.5,116.0,0.0,1,False,1487.7653837732487,1433.3043960794582,1416.8527371189616,1504.2170427337453,54.46098769379046,0.7087145081630228
2023,2022-11-13,True,False,min,cle,129,124,40,27,37,25,0,20,30,34,40,0,home,0.0,221.0,-110.0,-110.0,4.5,108.0,0.0,1,False,1578.0977159395788,1355.5476883019057,1522.3226158435978,1411.3227883978868,222.5500276376731,0.8649173585936552
2023,2022-11-14,True,False,lac,hou,122,106,31,27,31,33,0,23,23,32,28,0,away,5.0,219.5,-190.0,170.0,1.5,112.5,1.0,1,False,1248.2066870858202,1425.8292333116237,1199.5744826263935,1474.4614377710504,-177.6225462258035,0.3901144177499508
2023,2022-11-14,True,False,tor,det,115,111,27,31,30,27,0,23,28,26,34,0,away,4.5,218.5,-170.0,150.0,0.5,106.0,0.0,1,False,1311.7188906488684,1476.3287228108918,1282.820866870985,1505.2267465887753,-164.6098321620234,0.4080761752939393
2023,2022-11-14,True,False,phx,mia,112,113,31,26,34,21,0,35,23,26,29,0,home,2.5,216.0,120.0,-140.0,1.5,110.5,0.0,1,True,1453.8753561673836,1595.2367869990287,1470.9314541015924,1578.18068906482,-141.36143083164507,0.44075572939546787
2023,2022-11-14,True,False,atl,mil,121,106,29,34,31,27,0,24,26,30,26,0,home,4.0,226.0,150.0,-170.0,5.5,109.0,0.0,1,False,1589.2785036370656,1615.7968932220224,1515.5698477697917,1689.5055490892962,-26.51838958495682,0.6041995016494729
2023,2022-11-14,True,False,sa,gs,95,132,26,19,23,27,0,33,28,38,33,0,home,9.0,234.0,320.0,-380.0,0.5,113.5,1.0,0,True,1448.8099196306428,1444.8508561198119,1505.3573620893756,1388.303413661079,3.9590635108309016,0.6452985148918827
2023,2022-11-14,True,False,cha,orl,112,105,31,27,26,28,0,23,22,24,36,0,away,1.5,225.0,-125.0,105.0,3.5,108.0,1.0,0,False,1451.3117156052379,1236.7894941656416,1386.5672417585029,1301.5339680123766,214.52222143959625,0.8594265753367938
2023,2022-11-14,True,False,okc,bos,122,126,35,34,27,26,0,32,30,27,37,0,home,12.0,229.0,475.0,-650.0,10.5,117.0,0.0,1,True,1780.059607949381,1504.2170427337453,1785.7807127969184,1498.495937886208,275.84256521563566,0.8969257721458103
2023,2022-11-15,True,False,sa,por,110,117,29,27,33,21,0,30,32,31,24,0,home,8.5,226.0,300.0,-360.0,3.0,110.5,0.0,1,True,1495.7824344497205,1388.303413661079,1514.98921216003,1369.0966359507695,107.47902078864149,0.7675173079715959
2023,2022-11-15,True,False,bkn,sac,121,153,30,24,28,39,0,36,37,42,38,0,home,2.0,225.0,105.0,-125.0,4.5,109.0,1.0,1,True,1532.5639625555416,1532.1156560334152,1587.822435371998,1476.857183216959,0.4483065221263587,0.6406593216856281
2023,2022-11-15,True,False,ny,utah,118,111,23,38,22,35,0,27,31,27,26,0,home,4.0,231.5,155.0,-175.0,4.0,111.5,0.0,0,False,1619.8400466662201,1416.8527371189616,1555.0995760560259,1481.593207729156,202.98730954725852,0.8512115457786193
2023,2022-11-15,True,False,mem,no,102,113,35,25,27,15,0,32,27,30,24,0,home,1.5,223.5,100.0,-120.0,1.0,115.0,1.0,0,True,1526.8421212691467,1562.6839178697576,1571.5281710365052,1517.997868102399,-35.841796600610905,0.5912956970621472
2023,2022-11-15,True,False,lac,dal,101,103,15,17,33,36,0,30,24,15,34,0,home,6.5,212.5,220.0,-260.0,3.0,108.5,0.0,0,True,1561.8404627396405,1474.4614377710504,1573.1213994114264,1463.1805010992646,87.3790249685901,0.7462366005355102
2023,2022-11-16,True,False,chi,no,110,124,28,25,25,32,0,32,26,37,29,0,home,1.5,226.5,105.0,-125.0,1.0,116.0,1.0,1,True,1571.5281710365052,1460.2895446264656,1596.0447969504528,1435.772918712518,111.23862641003961,0.7713566145240915
2023,2022-11-16,True,False,gs,phx,119,130,33,32,24,30,0,36,36,31,27,0,away,2.5,227.0,-140.0,120.0,3.5,111.5,0.0,1,True,1578.18068906482,1505.3573620893756,1605.6929243529335,1477.845126801262,72.82332697544439,0.7300450282614386
2023,2022-11-16,True,False,ny,den,106,103,30,25,25,26,0,27,27,30,19,0,home,2.0,226.0,110.0,-130.0,2.0,109.5,0.0,0,False,1670.723417215577,1481.593207729156,1627.5930154470034,1524.7236094977295,189.1302094864211,0.840823387099694
2023,2022-11-16,True,False,cle,mil,98,113,37,23,18,20,0,34,27,34,18,0,home,2.0,218.0,110.0,-130.0,1.5,105.5,1.0,0,True,1515.5698477697917,1522.3226158435978,1560.5780713022007,1477.3143923111888,-6.75276807380601,0.6310616994918842
2023,2022-11-16,True,False,hou,dal,101,92,31,26,19,25,0,28,23,23,18,0,home,6.5,218.0,210.0,-250.0,5.0,106.0,0.0,0,False,1573.1213994114264,1199.5744826263935,1503.89398880376,1268.80189323406,373.54691678503286,0.9385409378521414
2023,2022-11-16,True,False,bos,atl,126,101,30,32,35,29,0,18,35,25,23,0,home,0.0,234.5,-110.0,-110.0,2.0,114.0,0.0,0,False,1689.5055490892962,1785.7807127969184,1617.0589977816348,1858.2272641045797,-96.27516370762214,0.5053602649599336
2023,2022-11-16,True,False,okc,wsh,121,120,29,25,35,32,0,37,30,20,33,0,home,5.0,230.5,170.0,-190.0,1.5,110.5,0.0,1,False,1570.530756002154,1498.495937886208,1549.7870734641374,1519.2396204242245,72.03481811594611,0.7291495475729656
2023,2022-11-16,True,False,ind,cha,125,113,27,33,30,35,0,27,36,27,23,0,away,1.0,237.0,-110.0,-110.0,0.5,115.5,1.0,1,False,1301.5339680123766,1487.2881559355003,1258.7567795004431,1530.0653444474337,-185.7541879231237,0.37903626712491506
2023,2022-11-16,True,False,min,orl,126,108,42,32,24,28,0,24,25,31,28,0,away,8.0,224.0,-300.0,250.0,2.0,107.5,1.0,1,False,1386.5672417585029,1411.3227883978868,1307.9759206617546,1489.9141094946353,-24.755546639383965,0.6066236730326537
2023,2022-11-16,True,False,mia,tor,104,112,31,29,19,25,0,27,27,30,28,0,home,3.5,216.5,140.0,-160.0,3.0,105.0,1.0,0,True,1505.2267465887753,1470.9314541015924,1534.7467962866951,1441.4114044036726,34.295292487182905,0.6841837244101631
2023,2022-11-17,True,False,det,lac,91,96,23,27,17,24,0,15,27,26,28,0,home,10.5,219.0,400.0,-500.0,10.0,107.0,0.0,0,True,1463.1805010992646,1282.820866870985,1474.2711925499618,1271.7301754202877,180.35963422827967,0.8339493471372867
2023,2022-11-17,True,False,bkn,por,109,107,28,29,28,24,0,28,33,21,25,0,home,3.0,220.5,120.0,-140.0,1.0,106.5,0.0,0,False,1514.98921216003,1476.857183216959,1482.909998653808,1508.936396723181,38.13202894307119,0.688936466560796
2023,2022-11-17,True,False,sa,sac,112,130,28,28,26,30,0,37,26,26,41,0,home,7.5,236.5,245.0,-290.0,2.0,115.0,1.0,1,True,1587.822435371998,1369.0966359507695,1602.4578663772224,1354.461204945545,218.72579942122843,0.8623246190999969
2023,2022-11-18,True,False,den,dal,99,127,27,28,28,16,0,29,44,32,22,0,home,10.0,216.0,330.0,-400.0,0.0,105.5,1.0,1,True,1503.89398880376,1627.5930154470034,1583.0198010221452,1548.467203228618,-123.69902664324331,0.46594715616018995
2023,2022-11-18,True,False,ny,gs,101,111,19,31,24,27,0,35,26,26,24,0,home,7.5,234.5,230.0,-270.0,0.5,113.5,1.0,0,True,1477.845126801262,1524.7236094977295,1522.595262723842,1479.9734735751495,-46.87848269646747,0.5758578136283274
2023,2022-11-18,True,False,phx,utah,133,134,35,31,39,28,0,42,32,33,27,0,away,1.0,228.0,-115.0,-105.0,2.5,116.5,0.0,1,True,1555.0995760560259,1605.6929243529335,1568.1948146220238,1592.5976857869355,-50.59334829690761,0.5706264604903785
2023,2022-11-18,True,False,bos,no,117,109,40,27,22,28,0,25,32,21,31,0,away,3.0,227.5,-150.0,130.0,1.5,112.0,1.0,0,False,1596.0447969504528,1858.2272641045797,1568.7627372635943,1885.5093237914382,-262.1824671541269,0.2821954648881048
2023,2022-11-18,True,False,orl,chi,108,107,37,29,21,21,0,24,28,27,28,0,home,8.5,221.0,320.0,-385.0,9.0,107.5,0.0,0,False,1435.772918712518,1307.9759206617546,1414.4706734580932,1329.2781659161794,127.79699805076348,0.7877314359344428
2023,2022-11-18,True,False,det,lal,121,128,37,27,31,26,0,30,38,28,32,0,home,6.0,225.5,210.0,-250.0,2.5,110.5,1.0,1,True,1369.2825971750594,1271.7301754202877,1389.5260241117203,1251.4867484836268,97.55242175477179,0.7571657646185385
2023,2022-11-18,True,False,ind,hou,99,91,10,35,26,28,0,25,25,20,21,0,away,5.5,236.0,-220.0,190.0,4.0,113.0,1.0,0,False,1268.80189323406,1530.0653444474337,1241.4161137202414,1557.4511239612523,-261.26345121337386,0.2832683041503549
2023,2022-11-18,True,False,cha,cle,122,132,14,32,24,35,17,28,30,24,23,27,home,10.0,220.0,400.0,-500.0,1.5,107.0,2.0,1,True,1477.3143923111888,1258.7567795004431,1489.2448103618483,1246.8263614497837,218.5576128107457,0.8622096379823808
2023,2022-11-18,True,False,mil,phi,102,110,34,28,22,18,0,24,31,34,21,0,away,1.0,212.5,-120.0,100.0,0.5,108.5,0.0,0,True,1677.4090760141896,1560.5780713022007,1696.7142869745132,1541.272860341877,116.83100471198895,0.7769845817869561
2023,2022-11-18,True,False,mia,wsh,106,107,31,38,19,16,2,33,24,24,23,3,home,8.0,216.5,260.0,-310.0,8.0,106.0,0.0,0,True,1549.7870734641374,1441.4114044036726,1556.1588460317125,1435.0396318360974,108.37566906046482,0.7684370295910177
2023,2022-11-18,True,False,okc,mem,110,121,28,31,24,27,0,33,30,29,29,0,home,6.5,230.0,200.0,-240.0,2.5,111.5,1.0,1,True,1517.997868102399,1519.2396204242245,1557.5319158154514,1479.7055727111722,-1.2417523218255155,0.6384165640732584
2023,2022-11-19,True,False,tor,atl,122,124,31,31,27,22,11,29,26,27,29,13,home,5.5,226.0,185.0,-215.0,5.0,110.0,0.0,1,True,1617.0589977816348,1534.7467962866951,1628.6411970328245,1523.1645970355055,82.3122014949397,0.7406737634748012
2023,2022-11-19,True,False,sa,lac,97,119,22,26,21,28,0,40,24,27,28,0,home,8.5,221.0,330.0,-400.0,1.0,106.5,1.0,0,True,1474.2711925499618,1354.461204945545,1501.382573758219,1327.3498237372878,119.80998760441685,0.7799419299564978
2023,2022-11-19,True,False,orl,ind,113,114,28,27,29,29,0,22,29,38,25,0,home,7.5,226.5,260.0,-310.0,6.5,108.5,0.0,1,True,1557.4511239612523,1329.2781659161794,1560.7127439020064,1326.0165459754253,228.17295804507285,0.8686546364504795
2023,2022-11-19,True,False,utah,por,118,113,20,38,29,31,0,23,28,28,34,0,home,4.5,228.0,165.0,-185.0,5.0,117.0,0.0,1,False,1482.909998653808,1568.1948146220238,1441.8227595879675,1609.2820536878644,-85.28481596821575,0.5211641985976624
2023,2022-11-19,True,False,min,phi,112,109,33,30,34,15,0,23,28,31,27,0,away,3.5,217.5,-160.0,140.0,1.5,105.0,0.0,1,False,1696.7142869745132,1489.9141094946353,1653.550914542597,1533.0774819265516,206.8001774798779,0.8539699755165187
2023,2022-11-20,True,False,sa,lal,92,123,20,28,19,25,0,34,32,29,28,0,home,6.0,228.0,200.0,-240.0,3.0,110.5,1.0,0,True,1389.5260241117203,1327.3498237372878,1430.0407450097498,1286.8351028392583,62.17620037443248,0.71779722776432
2023,2022-11-20,True,False,den,dal,98,97,25,30,24,19,0,25,31,18,23,0,home,10.5,217.5,400.0,-500.0,4.5,105.0,0.0,0,False,1583.0198010221452,1548.467203228618,1562.8407215433701,1568.646282707393,34.552597793527184,0.6845036825362876
2023,2022-11-20,True,False,gs,hou,127,120,40,21,36,30,0,28,37,29,26,0,away,10.5,233.0,-500.0,400.0,9.0,113.0,0.0,1,False,1241.4161137202414,1522.595262723842,1217.5741441655557,1546.4372322785277,-281.17914900360074,0.2605809942543235
2023,2022-11-20,True,False,mem,bkn,115,127,29,33,31,22,0,28,29,39,31,0,home,7.5,224.0,250.0,-300.0,7.5,114.0,1.0,1,True,1508.936396723181,1557.5319158154514,1557.0767951219023,1509.39151741673,-48.59551909227048,0.5734418847590411
2023,2022-11-20,True,False,ny,phx,95,116,22,31,22,20,0,28,27,35,26,0,home,6.0,227.0,200.0,-240.0,3.5,109.0,1.0,0,True,1592.5976857869355,1479.9734735751495,1620.3752011832598,1452.195958178825,112.62421221178602,0.7727602738662286
2023,2022-11-20,True,False,cha,wsh,102,106,27,28,24,23,0,35,24,18,29,0,home,5.0,220.5,170.0,-190.0,2.0,112.5,0.0,0,True,1556.1588460317125,1246.8263614497837,1560.840755835509,1242.1444516459871,309.33248458192884,0.9134342528611262
2023,2022-11-20,True,False,det,sac,129,137,33,37,32,27,0,38,30,34,35,0,home,10.5,234.5,425.0,-550.0,8.0,113.0,0.0,1,True,1602.4578663772224,1251.4867484836268,1607.4239953517956,1246.5206195090536,350.97111789359565,0.9306036012060457
2023,2022-11-20,True,False,mia,cle,87,113,27,15,22,23,0,28,31,36,18,0,home,7.0,213.0,225.0,-265.0,1.5,103.0,1.0,0,True,1489.2448103618483,1435.0396318360974,1529.3559715416582,1394.9284706562876,54.20517852575085,0.7084104228814514
2023,2022-11-21,True,False,atl,cle,102,114,26,33,23,20,0,38,26,21,29,0,home,3.5,228.0,130.0,-150.0,0.5,110.0,1.0,0,True,1529.3559715416582,1628.6411970328245,1585.6687671895104,1572.3284013849723,-99.28522549116633,0.501028641754341
2023,2022-11-21,True,False,por,mil,111,119,32,29,18,32,0,30,33,30,26,0,home,9.5,214.0,375.0,-450.0,5.5,104.5,0.0,1,True,1541.272860341877,1441.8227595879675,1562.4498691141453,1420.6457508156993,99.45010075390951,0.7591686527414537
2023,2022-11-21,True,False,bos,chi,107,121,23,27,29,28,0,28,35,32,26,0,away,5.5,230.0,-200.0,175.0,6.5,111.5,0.0,0,True,1414.4706734580932,1885.5093237914382,1521.0351672597226,1778.9448299898088,-471.038650333345,0.10565900414710086
2023,2022-11-21,True,False,utah,lac,114,121,24,32,37,21,0,34,32,22,33,0,home,2.0,222.5,120.0,-140.0,2.5,113.5,1.0,1,True,1501.382573758219,1609.2820536878644,1548.1702527896432,1562.4943746564402,-107.8994799296454,0.4886336930807551
2023,2022-11-21,True,False,ny,okc,129,119,38,31,29,31,0,34,24,29,32,0,home,2.0,227.5,105.0,-125.0,3.0,109.5,0.0,1,False,1479.7055727111722,1452.195958178825,1410.3246243494536,1521.5769065405439,27.509614532347086,0.6756833824963132
2023,2022-11-21,True,False,mia,min,101,105,33,27,19,22,0,30,17,37,21,0,home,8.5,220.5,300.0,-360.0,8.0,105.5,0.0,0,True,1533.0774819265516,1394.9284706562876,1545.6754203485282,1382.330532234311,138.14901127026405,0.7975248624458753
2023,2022-11-21,True,False,gs,no,83,128,16,25,24,18,0,35,30,32,31,0,home,11.5,227.5,450.0,-600.0,0.0,110.0,1.0,0,True,1568.7627372635943,1546.4372322785277,1623.2872623246376,1491.9127072174845,22.325504985066573,0.6691099409772014
2023,2022-11-21,True,False,orl,ind,102,123,28,17,22,35,0,27,27,32,37,0,home,7.0,225.5,230.0,-270.0,1.0,108.5,1.0,0,True,1560.7127439020064,1326.0165459754253,1574.7154367528587,1312.013853124573,234.69619792658114,0.8728799581623846
2023,2022-11-22,True,False,sac,mem,113,109,28,36,24,25,0,31,28,17,33,0,home,3.0,237.0,130.0,-150.0,2.0,115.0,0.0,0,False,1509.39151741673,1607.4239953517956,1473.7833726312335,1643.0321401372921,-98.03247793506557,0.5028314615928554
2023,2022-11-22,True,False,bkn,phi,106,115,26,31,25,24,0,33,30,22,30,0,away,8.0,217.0,-320.0,265.0,9.0,106.0,0.0,1,True,1653.550914542597,1557.0767951219023,1676.0943182586893,1534.5333914058099,96.4741194206947,0.7560226506290645
2023,2022-11-22,True,False,lal,phx,105,115,22,33,24,26,0,26,27,33,29,0,home,9.5,227.0,350.0,-420.0,7.5,114.5,1.0,0,True,1620.3752011832598,1430.0407450097498,1634.4020575747606,1416.013888618249,190.33445617351003,0.841748998268234
2023,2022-11-22,True,False,det,den,110,108,28,30,25,27,0,29,28,24,27,0,home,12.0,227.5,475.0,-650.0,8.0,110.5,0.0,0,False,1568.646282707393,1246.5206195090536,1535.0432045488285,1280.1236976676182,322.12566319833945,0.9190828626208163
2023,2022-11-23,True,False,bkn,tor,112,98,38,14,39,21,0,26,25,25,22,0,away,2.5,223.0,-140.0,120.0,1.5,108.0,1.0,0,False,1523.1645970355055,1534.5333914058099,1448.710627174392,1608.9873612669235,-11.368794370304386,0.6248538812068383
2023,2022-11-23,True,False,por,cle,96,114,21,27,27,21,0,28,29,30,27,0,home,7.5,213.5,240.0,-280.0,1.0,102.5,1.0,0,True,1585.6687671895104,1420.6457508156993,1605.5341628888289,1400.7803551163809,165.02301637381106,0.8213609128718918
2023,2022-11-23,True,False,lac,gs,107,124,29,18,35,25,0,32,34,32,26,0,home,10.0,222.5,375.0,-450.0,0.0,113.0,1.0,1,True,1491.9127072174845,1548.1702527896432,1547.5371103261764,1492.5458496809513,-56.25754557215873,0.5626199376293465
2023,2022-11-23,True,False,det,utah,125,116,30,36,32,27,0,25,29,36,26,0,home,12.0,233.5,475.0,-650.0,10.0,113.0,0.0,1,False,1562.4943746564402,1280.1236976676182,1491.3623090202518,1351.2557633038066,282.37067698882197,0.9003484767367403
2023,2022-11-23,True,False,no,sa,129,110,29,37,38,25,0,19,28,38,25,0,away,5.5,227.5,-200.0,175.0,3.5,115.5,1.0,1,False,1286.8351028392583,1623.2872623246376,1259.937893132155,1650.1844720317408,-336.4521594853793,0.20405702672848253
2023,2022-11-23,True,False,chi,mil,118,113,32,29,29,28,0,33,29,21,30,0,home,7.0,224.0,220.0,-260.0,4.5,114.0,0.0,1,False,1562.4498691141453,1521.0351672597226,1509.9903776681024,1573.4946587057655,41.414701854422674,0.692971535191259
2023,2022-11-23,True,False,den,okc,131,126,38,31,15,36,11,21,42,34,23,6,home,1.0,230.0,-110.0,-110.0,1.0,112.0,0.0,1,False,1410.3246243494536,1535.0432045488285,1373.7056690180154,1571.6621598802667,-124.71858019937486,0.46448700235638907
2023,2022-11-23,True,False,sac,atl,106,115,26,31,31,18,0,35,37,25,18,0,home,4.5,241.5,165.0,-185.0,2.5,117.5,1.0,0,True,1572.3284013849723,1643.0321401372921,1618.7239089406748,1596.6366325815895,-70.70373875231985,0.5420610700785858
2023,2022-11-23,True,False,dal,bos,112,125,23,26,36,27,0,34,36,31,24,0,home,6.0,221.0,185.0,-215.0,3.0,107.0,1.0,1,True,1778.9448299898088,1562.8407215433701,1792.2626460059719,1549.522905527207,216.10410844643866,0.8605231067045188
2023,2022-11-23,True,False,phi,cha,101,107,33,21,21,26,0,21,32,26,28,0,home,4.0,215.5,155.0,-175.0,3.0,105.5,1.0,0,True,1242.1444516459871,1676.0943182586893,1316.8395927881186,1601.399177116558,-433.9498666127022,0.12759751781781956
2023,2022-11-23,True,False,min,ind,115,101,29,24,34,28,0,21,27,29,24,0,away,2.0,237.5,-135.0,115.0,0.5,113.5,1.0,0,False,1574.7154367528587,1545.6754203485282,1496.253773594697,1624.13708350669,29.040016404330572,0.6776109037494915
2023,2022-11-23,True,False,wsh,mia,105,113,26,17,37,25,0,28,32,23,30,0,home,5.0,209.5,170.0,-190.0,3.0,107.5,1.0,1,True,1382.330532234311,1560.840755835509,1441.4104500200647,1501.7608380497554,-178.51022360119805,0.3888993332445293
2023,2022-11-25,True,False,lal,sa,105,94,33,26,20,26,0,21,20,34,19,0,away,4.0,235.0,-165.0,145.0,3.5,118.5,1.0,0,False,1259.937893132155,1416.013888618249,1214.0175103579568,1461.9342713924473,-156.07599548609392,0.4199936698382607
2023,2022-11-25,True,False,utah,gs,118,129,23,28,35,32,0,37,22,38,32,0,home,8.0,239.5,260.0,-315.0,2.5,121.0,1.0,1,True,1547.5371103261764,1491.3623090202518,1577.4807741811005,1461.4186451653277,56.174801305924575,0.7107469242443079
2023,2022-11-25,True,False,atl,hou,122,128,33,39,32,18,0,38,31,25,34,0,away,7.0,232.5,-290.0,245.0,3.5,113.5,0.0,1,True,1217.5741441655557,1618.7239089406748,1290.3397864318786,1545.958266674352,-401.14976477511914,0.1501331149515095
2023,2022-11-25,True,False,phi,orl,107,99,24,28,30,25,0,29,27,20,23,0,home,1.5,215.0,105.0,-125.0,0.0,104.0,0.0,0,False,1312.013853124573,1601.399177116558,1287.6913818323792,1625.7216484087517,-289.38532399198493,0.25158258475749806
2023,2022-11-25,True,False,wsh,mia,107,110,38,21,26,22,0,28,28,29,25,0,home,3.0,214.5,135.0,-155.0,2.0,110.5,2.0,1,True,1441.4104500200647,1501.7608380497554,1468.4434480335963,1474.7278400362238,-60.35038802969075,0.5568139525626897
2023,2022-11-25,True,False,sac,bos,104,122,22,40,22,20,0,36,28,30,28,0,home,7.5,238.5,250.0,-300.0,4.0,115.5,1.0,0,True,1792.2626460059719,1596.6366325815895,1808.9752563145232,1579.9240222730382,195.62601342438234,0.8457644780974293
2023,2022-11-25,True,False,chi,okc,119,123,30,29,21,30,9,32,27,28,23,13,away,3.0,232.5,-150.0,130.0,2.5,118.0,0.0,1,True,1373.7056690180154,1573.4946587057655,1419.0122233992645,1528.1881043245164,-199.78898968775002,0.3602148863273902
2023,2022-11-25,True,False,det,phx,102,108,22,32,25,23,0,23,30,31,24,0,home,12.0,224.5,600.0,-900.0,8.0,107.5,0.0,0,True,1634.4020575747606,1351.2557633038066,1641.0247871931763,1344.633033685391,283.14629427095406,0.9007483491377364
2023,2022-11-25,True,False,cle,mil,102,117,30,33,10,29,0,25,27,35,30,0,home,4.0,215.5,160.0,-180.0,4.5,105.0,1.0,1,True,1509.9903776681024,1605.5341628888289,1570.2050245038752,1545.319516053056,-95.54378522072648,0.5064126569383546
2023,2022-11-25,True,False,min,cha,108,110,34,28,21,25,0,29,23,39,19,0,away,6.5,226.5,-250.0,210.0,0.0,110.5,0.0,0,True,1316.8395927881186,1624.13708350669,1353.9315506810906,1587.045125613718,-307.29749071857145,0.23266920303240796
2023,2022-11-25,True,False,bkn,ind,117,128,35,30,29,23,0,23,34,31,40,0,away,3.5,233.5,-155.0,135.0,0.5,113.5,0.0,1,True,1496.253773594697,1608.9873612669235,1552.9244150624481,1552.3167197991722,-112.73358767222658,0.48168309486517036
2023,2022-11-25,True,False,por,ny,132,129,25,37,30,24,16,31,30,25,30,13,home,4.0,217.0,150.0,-170.0,3.5,105.0,0.0,1,False,1521.5769065405439,1400.7803551163809,1479.0772746380057,1443.279987018919,120.796551424163,0.7809151014566705
2023,2022-11-25,True,False,no,mem,111,132,25,23,29,34,0,44,24,38,26,0,home,2.5,227.0,110.0,-130.0,4.5,115.0,1.0,1,True,1473.7833726312335,1650.1844720317408,1556.5036910482302,1567.4641536147442,-176.4010994005073,0.39178860688006506
2023,2022-11-25,True,False,den,lac,114,104,31,33,23,27,0,26,26,25,27,0,away,4.0,219.0,-170.0,150.0,2.0,106.0,1.0,0,False,1492.5458496809513,1571.6621598802667,1436.6250430382545,1627.5829665229635,-79.11631019931542,0.53001790283129
2023,2022-11-26,True,False,lal,sa,143,138,33,37,36,37,0,34,34,29,41,0,home,1.0,231.5,-105.0,-115.0,0.5,118.0,0.0,1,False,1214.0175103579568,1461.9342713924473,1190.4354220502507,1485.5163597001533,-247.9167610344905,0.2991230472909242
2023,2022-11-26,True,False,utah,phx,112,113,32,22,27,31,0,22,29,27,35,0,home,6.0,232.0,190.0,-220.0,5.5,119.5,0.0,0,True,1641.0247871931763,1461.4186451653277,1645.3335448616706,1457.1098874968334,179.6061420278486,0.8333478361511661
2023,2022-11-26,True,False,dal,tor,100,105,29,23,21,27,0,24,30,27,24,0,away,2.5,215.0,-140.0,120.0,3.0,103.5,0.0,0,True,1448.710627174392,1549.522905527207,1488.2214933144653,1510.0120393871337,-100.81227835281516,0.49883103961320735
2023,2022-11-26,True,False,okc,hou,105,118,22,22,29,32,0,23,42,30,23,0,away,2.0,231.5,-130.0,110.0,6.0,112.0,0.0,0,True,1290.3397864318786,1419.0122233992645,1353.1795931515496,1356.1724166795934,-128.67243696738592,0.4588304659318333
2023,2022-11-27,True,False,mem,ny,127,123,25,29,39,34,0,26,26,31,40,0,away,1.5,228.5,-125.0,105.0,0.5,116.5,1.0,1,False,1479.0772746380057,1556.5036910482302,1441.372367522871,1594.208598163365,-77.42641641022442,0.5324403635217833
2023,2022-11-27,True,False,wsh,bos,121,130,26,29,33,33,0,35,37,41,17,0,home,8.0,220.5,270.0,-330.0,1.0,112.0,1.0,1,True,1808.9752563145232,1474.7278400362238,1814.7368569354064,1468.9662394153406,334.2474162782994,0.9241228244898345
2023,2022-11-27,True,False,cle,det,102,94,20,31,22,29,0,26,30,22,16,0,away,7.5,217.5,-300.0,250.0,7.0,105.0,1.0,0,False,1344.633033685391,1545.319516053056,1309.923247364538,1580.029302373909,-200.68648236766512,0.3590251029213186
2023,2022-11-27,True,False,ind,lac,100,114,29,28,12,31,0,35,24,23,32,0,away,1.5,220.5,-125.0,105.0,1.0,108.0,0.0,0,True,1436.6250430382545,1552.9244150624481,1498.9950611968538,1490.5543969038488,-116.29937202419364,0.4765605112791115
2023,2022-11-27,True,False,phi,orl,133,103,36,31,32,34,0,32,13,26,32,0,home,1.0,213.0,-110.0,-110.0,6.5,103.0,0.0,1,False,1287.6913818323792,1625.7216484087517,1257.0816313109608,1656.33139893017,-338.03026657637247,0.20258553884692146
2023,2022-11-27,True,False,dal,mil,115,124,33,29,34,19,0,41,32,31,20,0,home,5.5,215.5,190.0,-220.0,0.5,106.5,1.0,1,True,1570.2050245038752,1510.0120393871337,1597.3943127143827,1482.822751176626,60.19298511674151,0.715478952144973
2023,2022-11-27,True,False,mia,atl,106,98,23,28,34,21,0,31,29,21,17,0,home,4.0,226.0,145.0,-165.0,0.5,109.5,0.0,0,False,1545.958266674352,1468.4434480335963,1479.981858756665,1534.4198559512834,77.51481864075572,0.7353342479217893
2023,2022-11-27,True,False,gs,min,137,114,47,29,33,28,0,27,29,33,25,0,away,1.5,237.0,-120.0,100.0,5.0,115.0,1.0,1,False,1587.045125613718,1577.4807741811005,1496.6469823047942,1667.8789174900244,9.564351432617514,0.6526488722072771
2023,2022-11-27,True,False,por,bkn,97,111,24,33,23,17,0,31,27,26,27,0,home,8.0,223.5,260.0,-310.0,4.5,108.0,1.0,0,True,1552.3167197991722,1443.279987018919,1577.123022833937,1418.4736839841541,109.03673278025326,0.7691134745813947
2023,2022-11-28,True,False,chi,utah,114,107,27,26,33,28,0,27,33,20,27,0,home,2.0,235.0,115.0,-135.0,1.0,120.0,0.0,0,False,1457.1098874968334,1528.1881043245164,1407.5627419317111,1577.7352498896387,-71.07821682768304,0.5415259181591326
2023,2022-11-28,True,False,ind,lal,116,115,29,27,28,32,0,32,30,31,22,0,home,3.5,238.0,145.0,-165.0,0.0,115.0,0.0,0,False,1485.5163597001533,1490.5543969038488,1466.1999408749327,1509.8708157290694,-5.038037203695467,0.6333568556109056
2023,2022-11-28,True,False,hou,den,113,129,39,29,23,22,0,42,28,36,23,0,home,11.0,228.0,450.0,-600.0,6.0,111.0,1.0,1,True,1627.5829665229635,1353.1795931515496,1637.740794939497,1343.0217647350162,274.40337337141386,0.8961573339002009
2023,2022-11-28,True,False,okc,no,101,105,26,24,24,27,0,34,22,25,24,0,home,5.5,232.5,180.0,-210.0,1.0,118.0,0.0,0,True,1567.4641536147442,1356.1724166795934,1575.8146669236849,1347.8219033706528,211.29173693515077,0.8571648736925526
2023,2022-11-28,True,False,phx,sac,122,117,31,32,28,31,0,26,38,20,33,0,home,0.0,234.0,-110.0,-110.0,0.0,118.5,0.0,1,False,1579.9240222730382,1645.3335448616706,1536.5937265649825,1688.6638405697263,-65.4095225886324,0.54961587468804
2023,2022-11-28,True,False,cle,tor,88,100,24,19,24,21,0,26,26,28,20,0,home,5.0,218.0,175.0,-200.0,0.5,104.0,1.0,0,True,1488.2214933144653,1580.029302373909,1543.3200878231385,1524.930707865236,-91.8078090594438,0.5117873260751867
2023,2022-11-28,True,False,orl,bkn,102,109,28,23,25,26,0,23,29,35,22,0,home,12.0,224.0,500.0,-700.0,7.0,108.5,0.0,0,True,1577.123022833937,1257.0816313109608,1582.7937540994267,1251.4109000454712,320.04139152297626,0.9181860758743282
2023,2022-11-28,True,False,atl,phi,101,104,34,21,26,20,0,23,28,30,23,0,home,2.5,220.5,110.0,-130.0,2.0,107.0,1.0,0,True,1656.33139893017,1479.981858756665,1665.108614523844,1471.204643162991,176.34954017350515,0.8307280411918844
2023,2022-11-28,True,False,cha,bos,105,140,19,36,27,23,0,45,33,43,19,0,home,11.5,225.0,475.0,-650.0,0.5,110.0,1.0,1,True,1814.7368569354064,1353.9315506810906,1818.8510000706353,1349.8174075458617,460.80530625431584,0.961883821297596
2023,2022-11-28,True,False,min,wsh,127,142,33,25,39,30,0,38,39,32,33,0,home,1.0,228.0,-105.0,-115.0,5.5,110.5,1.0,1,True,1468.9662394153406,1496.6469823047942,1517.4468267745794,1448.1663949455553,-27.68074288945354,0.602598278621829
2023,2022-11-29,True,False,ny,det,140,110,40,30,38,32,0,32,24,21,33,0,away,4.5,225.5,-175.0,155.0,2.0,109.0,1.0,1,False,1309.923247364538,1441.372367522871,1241.1953296683478,1510.100285219061,-131.44912015833302,0.4548642835415159
2023,2022-11-29,True,False,gs,dal,113,116,24,30,33,26,0,36,19,37,24,0,home,1.5,227.0,-105.0,-115.0,0.5,111.0,1.0,1,True,1482.822751176626,1667.8789174900244,1520.6419309090177,1630.0597377576328,-185.0561663133983,0.37998246533625285
2023,2022-11-29,True,False,lac,por,118,112,25,28,29,36,0,30,31,34,17,0,home,4.0,211.0,145.0,-165.0,0.5,107.0,0.0,1,False,1418.4736839841541,1498.9950611968538,1373.2660717680697,1544.2026734129383,-80.52137721269969,0.5280026586440977
2023,2022-11-30,True,False,hou,den,100,120,24,23,25,28,0,44,30,22,24,0,home,11.0,230.0,500.0,-700.0,1.5,110.5,1.0,0,True,1637.740794939497,1343.0217647350162,1647.4099632538741,1333.352596420639,294.71903020448076,0.9065470971455426
2023,2022-11-30,True,False,tor,no,108,126,29,18,31,30,0,40,34,28,24,0,away,2.5,221.5,-145.0,125.0,7.5,107.5,0.0,1,True,1575.8146669236849,1543.3200878231385,1615.7242289112744,1503.410525835549,32.49457910054639,0.6819396689363025
2023,2022-11-30,True,False,por,lal,109,128,22,40,20,27,0,24,42,31,31,0,home,6.0,224.0,195.0,-230.0,3.0,108.5,1.0,1,True,1466.1999408749327,1373.2660717680697,1496.080304601302,1343.3857080417004,92.93386910686309,0.7522440519644615
2023,2022-11-30,True,False,chi,phx,113,132,25,18,38,32,0,32,32,42,26,0,home,5.5,226.5,180.0,-210.0,3.5,115.5,1.0,1,True,1688.6638405697263,1577.7352498896387,1715.8298546262529,1550.569235833112,110.92859068008761,0.7710417008234595
2023,2022-11-30,True,False,lac,utah,112,125,26,34,25,27,0,35,23,36,31,0,home,7.5,223.0,250.0,-300.0,6.0,114.0,1.0,1,True,1407.5627419317111,1544.2026734129383,1471.7222306983485,1480.0431846463007,-136.63993148122722,0.44746550865784146
2023,2022-11-30,True,False,mem,min,101,109,26,22,24,29,0,27,17,31,34,0,away,3.0,231.5,-150.0,130.0,0.5,118.0,0.0,0,True,1448.1663949455553,1594.208598163365,1502.8739799753985,1539.5010131335218,-146.04220321780963,0.4341251149069722
2023,2022-11-30,True,False,sa,okc,111,119,35,42,19,15,0,32,28,28,31,0,home,3.0,230.0,130.0,-150.0,5.5,111.5,1.0,2,True,1347.8219033706528,1190.4354220502507,1363.290251498701,1174.9670739222024,157.38648132040203,0.8148195145364093
2023,2022-11-30,True,False,wsh,bkn,107,113,28,25,24,30,0,29,28,23,33,0,home,5.5,228.0,190.0,-220.0,2.0,116.5,1.0,0,True,1582.7937540994267,1517.4468267745794,1605.177935440088,1495.062645433918,65.34692732484723,0.7214797261797697
2023,2022-11-30,True,False,mia,bos,121,134,35,25,36,25,0,38,30,34,32,0,home,9.5,223.5,380.0,-460.0,3.0,109.0,1.0,1,True,1818.8510000706353,1534.4198559512834,1827.764207980511,1525.5066480414077,284.431144119352,0.901407617090957
2023,2022-11-30,True,False,atl,orl,125,108,38,32,30,25,0,27,23,26,32,0,away,6.5,228.0,-240.0,200.0,2.5,110.5,1.0,1,False,1251.4109000454712,1471.204643162991,1208.9181400253415,1513.6974031831207,-219.79374311751985,0.3341246824993128
2023,2022-11-30,True,False,phi,cle,85,113,21,27,18,19,0,25,44,21,23,0,home,4.0,209.0,145.0,-165.0,4.5,100.0,1.0,0,True,1524.930707865236,1665.108614523844,1607.5399988610159,1582.499323528064,-140.17790665860798,0.4424357166518187
2023,2022-11-30,True,False,mil,ny,109,103,22,25,27,35,0,20,25,26,32,0,away,6.0,227.5,-240.0,200.0,3.0,115.0,2.0,0,False,1510.100285219061,1597.3943127143827,1465.725365775077,1641.7692321583668,-87.29402749532164,0.5182772169330595
2023,2022-11-30,True,False,ind,sac,114,137,20,28,35,31,0,33,29,44,31,0,home,4.5,242.5,160.0,-180.0,2.5,118.5,1.0,1,True,1536.5937265649825,1509.8708157290694,1580.8992431206038,1465.565299173448,26.722910835913126,0.6746902109935182
2023,2022-12-01,True,False,dal,det,125,131,36,24,29,28,8,36,25,38,18,14,away,8.0,220.5,-320.0,265.0,5.5,107.0,0.0,1,True,1241.1953296683478,1520.6419309090177,1304.3394951752512,1457.4977654021143,-279.4466012406699,0.2625072276291186
2023,2022-12-02,True,False,phi,mem,109,117,30,24,22,33,0,29,35,28,25,0,home,4.5,218.0,170.0,-190.0,1.0,106.0,1.0,1,True,1539.5010131335218,1582.499323528064,1579.979670290905,1542.0206663706808,-42.99831039454216,0.5813038456155756
2023,2022-12-02,True,False,orl,cle,96,107,25,22,17,32,0,27,27,28,25,0,home,11.0,217.5,450.0,-600.0,4.0,105.5,2.0,0,True,1607.5399988610159,1208.9181400253415,1611.7333716880432,1204.724767198314,398.6218588356744,0.9463584852223678
2023,2022-12-02,True,False,ind,utah,119,139,24,35,22,38,0,35,40,26,38,0,home,3.5,240.0,150.0,-170.0,3.5,117.0,1.0,1,True,1471.7222306983485,1465.565299173448,1518.562080134257,1418.7254497375395,6.1569315249005285,0.6481890454269352
2023,2022-12-02,True,False,hou,phx,122,121,27,30,29,36,0,36,28,32,25,0,home,11.5,229.5,475.0,-650.0,4.0,111.5,0.0,1,False,1715.8298546262529,1333.352596420639,1695.060984043337,1354.121467003555,382.4772582056139,0.9414401989009935
2023,2022-12-02,True,False,no,sa,117,99,26,23,32,36,0,24,28,19,28,0,away,7.0,232.5,-275.0,235.0,6.0,118.5,1.0,0,False,1174.9670739222024,1615.7242289112744,1158.9930634351108,1631.698239398366,-440.757154989072,0.12329876606620123
2023,2022-12-02,True,False,chi,gs,111,119,33,19,30,29,0,35,28,33,23,0,home,7.0,237.5,230.0,-270.0,0.5,120.5,1.0,0,True,1630.0597377576328,1550.569235833112,1653.565190511386,1527.063783079359,79.49050192452069,0.737541693891744
2023,2022-12-02,True,False,mia,bos,120,116,27,32,22,29,10,27,35,25,23,6,home,7.0,227.5,235.0,-275.0,3.5,111.0,0.0,1,False,1827.764207980511,1525.5066480414077,1778.2707961183994,1575.0000599035193,302.2575599391032,0.9101592276785516
2023,2022-12-02,True,False,wsh,cha,116,117,31,28,29,28,0,36,38,33,10,0,away,4.0,225.5,-170.0,150.0,5.5,114.5,0.0,1,True,1349.8174075458617,1495.062645433918,1367.041346485879,1477.8387064939006,-145.2452378880564,0.43525247060596634
2023,2022-12-02,True,False,tor,bkn,105,114,17,32,23,33,0,41,31,21,21,0,home,1.5,223.0,105.0,-125.0,6.0,108.0,1.0,0,True,1605.177935440088,1503.410525835549,1627.10024670384,1481.488214571797,101.76740960453913,0.7615990968437807
2023,2022-12-02,True,False,den,atl,109,117,25,21,35,28,0,28,32,30,27,0,away,5.0,225.5,-200.0,175.0,6.0,108.0,0.0,1,True,1513.6974031831207,1647.4099632538741,1566.7121289993563,1594.3952374376386,-133.7125600707534,0.4516354201499546
2023,2022-12-02,True,False,lal,mil,133,129,33,33,35,32,0,31,27,39,32,0,home,8.5,231.0,300.0,-360.0,9.0,117.0,0.0,1,False,1641.7692321583668,1496.080304601302,1592.046435809485,1545.8031009501838,145.68892755706474,0.8044431478499066
2023,2022-12-03,True,False,hou,gs,101,120,23,29,28,21,0,39,29,26,26,0,home,11.5,235.0,450.0,-600.0,1.5,114.5,1.0,0,True,1653.565190511386,1354.121467003555,1662.813654169161,1344.8730033457798,299.443723507831,0.9088259188042686
2023,2022-12-03,True,False,okc,min,135,128,32,31,34,38,0,29,28,44,27,0,home,5.5,233.5,180.0,-210.0,3.5,115.0,0.0,1,False,1502.8739799753985,1363.290251498701,1438.7351206239766,1427.429110850123,139.5837284766974,0.7988552238109137
2023,2022-12-03,True,False,orl,tor,108,121,22,26,25,35,0,36,28,30,27,0,home,11.5,220.5,450.0,-600.0,2.0,106.5,1.0,1,True,1481.488214571797,1204.724767198314,1490.8180864511914,1195.3948953189197,276.7634473734829,0.8974148212747576
2023,2022-12-03,True,False,por,utah,116,111,40,29,23,24,0,31,29,30,21,0,home,5.0,227.5,170.0,-190.0,5.0,110.5,0.0,0,False,1518.562080134257,1343.3857080417004,1462.8960374494013,1399.051750726556,175.17637209255668,0.8297762772320456
2023,2022-12-03,True,False,sac,lac,123,96,38,22,30,33,0,24,14,31,27,0,away,3.5,228.0,-160.0,140.0,4.5,110.5,1.0,0,False,1480.0431846463007,1580.8992431206038,1406.9153123864562,1654.0271153804483,-100.85605847430315,0.498768035317035
2023,2022-12-03,True,False,dal,ny,121,100,20,32,41,28,0,32,27,15,26,0,away,1.5,224.0,-120.0,100.0,1.5,108.5,1.0,0,False,1465.725365775077,1457.4977654021143,1377.921237818137,1545.3018933590545,8.227600372962797,0.6509023953794826
2023,2022-12-03,True,False,mil,cha,105,96,30,26,28,21,0,24,21,28,23,0,away,1.5,220.0,-125.0,105.0,2.5,112.5,1.0,0,False,1367.041346485879,1592.046435809485,1333.8627259989325,1625.2250562964316,-225.00508932360594,0.32748390442370534
2023,2022-12-04,True,False,chi,sac,101,110,27,20,31,23,0,29,33,20,28,0,home,3.0,239.5,130.0,-150.0,3.0,121.5,1.0,0,True,1654.0271153804483,1527.063783079359,1673.182249020988,1507.9086494388193,126.9633323010894,0.7869278898757482
2023,2022-12-04,True,False,mem,det,122,112,40,29,32,21,0,26,31,26,29,0,away,7.0,228.5,-250.0,210.0,0.5,117.5,1.0,1,False,1304.3394951752512,1579.979670290905,1276.193155193805,1608.126010272351,-275.64017511565385,0.2667712607341448
2023,2022-12-04,True,False,den,no,106,121,31,29,21,25,0,27,32,28,34,0,home,1.5,230.0,110.0,-130.0,2.0,112.5,1.0,0,True,1631.698239398366,1594.3952374376386,1668.4018173097668,1557.6916595262378,37.30300196072744,0.6879128352240702
2023,2022-12-04,True,False,phx,sa,133,95,35,36,35,27,0,30,11,30,24,0,away,10.0,230.5,-450.0,375.0,2.0,116.5,1.0,0,False,1158.9930634351108,1695.060984043337,1146.879839526441,1707.1742079520068,-536.0679206082261,0.07514560145854213
2023,2022-12-04,True,False,bos,bkn,103,92,35,27,13,28,0,27,23,19,23,0,away,2.5,230.5,-130.0,110.0,2.5,111.5,1.0,0,False,1627.10024670384,1778.2707961183994,1580.4261165931853,1824.944926229054,-151.17054941455945,0.42688753898403403
2023,2022-12-04,True,False,ind,por,100,116,24,25,25,26,0,28,26,39,23,0,home,5.0,232.5,175.0,-200.0,1.5,113.0,1.0,0,True,1399.051750726556,1418.7254497375395,1447.2231212626532,1370.5540792014424,-19.673699010983455,0.6135822675983177
2023,2022-12-04,True,False,lal,wsh,130,119,33,35,37,25,0,27,23,31,38,0,home,2.0,233.0,115.0,-135.0,5.0,118.0,0.0,1,False,1477.8387064939006,1545.8031009501838,1418.1442906668728,1605.4975167772116,-67.96439445628312,0.5459727305699119
2023,2022-12-04,True,False,cle,ny,81,92,16,27,20,18,0,23,23,25,21,0,away,2.5,222.5,-145.0,125.0,2.0,108.0,0.0,0,True,1377.921237818137,1611.7333716880432,1452.661334814522,1536.993274691658,-233.81213386990635,0.31641755305190933
2023,2022-12-05,True,False,okc,atl,121,114,27,27,30,37,0,29,30,29,26,0,home,6.5,236.5,200.0,-240.0,2.5,120.0,0.0,0,False,1566.7121289993563,1427.429110850123,1502.5786901696713,1491.562549679808,139.28301814923338,0.7985769287489018
2023,2022-12-05,True,False,mil,orl,109,102,30,26,32,21,0,21,24,27,30,0,away,10.5,226.0,-550.0,425.0,2.5,115.0,0.0,0,False,1195.3948953189197,1625.2250562964316,1183.476630054106,1637.1433215612453,-429.8301609775119,0.130260774193529
2023,2022-12-05,True,False,mia,mem,93,101,32,19,26,16,0,27,31,24,19,0,away,5.0,219.0,-210.0,180.0,5.5,106.0,0.0,0,True,1608.126010272351,1575.0000599035193,1637.815746984754,1545.3103231911164,33.12595036883181,0.6827274552138111
2023,2022-12-05,True,False,ind,gs,112,104,34,25,30,23,0,21,29,31,23,0,home,12.0,240.0,500.0,-700.0,12.0,116.5,0.0,0,False,1662.813654169161,1370.5540792014424,1595.0823515908842,1438.2853817797193,292.25957496771866,0.9053407357692153
2023,2022-12-05,True,False,phi,hou,123,132,30,25,29,24,15,27,29,34,18,24,away,8.0,222.5,-330.0,270.0,7.0,108.5,0.0,1,True,1344.8730033457798,1542.0206663706808,1409.3362682229863,1477.5574014934741,-197.14766302490102,0.36372635859912433
2023,2022-12-05,True,False,phx,dal,111,130,15,26,34,36,0,33,34,29,34,0,home,3.0,223.0,130.0,-150.0,5.5,114.0,1.0,1,True,1545.3018933590545,1707.1742079520068,1622.8222332448101,1629.653868066251,-161.8723145929523,0.4118880642146622
2023,2022-12-05,True,False,bos,tor,116,110,27,29,35,25,0,25,37,18,30,0,home,1.5,228.5,100.0,-120.0,0.5,110.5,0.0,0,False,1490.8180864511914,1824.944926229054,1473.1598335377685,1842.603179142477,-334.12683977786264,0.20623970230349867
2023,2022-12-05,True,False,lac,cha,119,117,28,35,21,35,0,26,28,36,27,0,away,6.0,215.0,-240.0,200.0,1.0,111.5,0.0,1,False,1333.8627259989325,1406.9153123864562,1307.8223999838362,1432.9556384015525,-73.05258638752366,0.5387028684793638
2023,2022-12-06,True,False,dal,den,116,115,36,28,27,25,0,29,29,28,29,0,home,4.0,223.5,165.0,-185.0,4.0,108.0,0.0,1,False,1557.6916595262378,1622.8222332448101,1540.9170912218224,1639.5968015492256,-65.13057371857235,0.5500133296780327
2023,2022-12-06,True,False,lal,cle,102,116,26,23,34,19,0,27,30,28,31,0,home,6.0,224.5,185.0,-215.0,2.0,114.5,1.0,0,True,1536.993274691658,1605.4975167772116,1591.184336507925,1551.3064549609444,-68.50424208555364,0.5452022858448058
2023,2022-12-06,True,False,det,mia,116,96,20,27,31,38,0,25,25,23,23,0,home,7.5,220.0,250.0,-300.0,4.0,106.5,0.0,0,False,1545.3103231911164,1276.193155193805,1451.0208513847151,1370.4826270002063,269.1171679973113,0.8932912220275133
2023,2022-12-07,True,False,det,no,98,104,28,15,30,25,0,27,29,23,25,0,home,11.0,229.0,425.0,-550.0,2.0,110.5,0.0,0,True,1668.4018173097668,1370.4826270002063,1674.4644554938588,1364.4199888161143,297.91919030956046,0.9080961204842811
2023,2022-12-07,True,False,okc,mem,102,123,25,27,35,15,0,27,30,37,29,0,home,8.5,233.0,290.0,-350.0,3.5,112.5,1.0,0,True,1637.815746984754,1491.562549679808,1660.9584965962229,1468.419800068339,146.25319730494607,0.8049536307745041
2023,2022-12-07,True,False,gs,utah,123,124,35,34,22,32,0,30,36,34,24,0,home,5.5,230.5,180.0,-210.0,4.5,113.0,0.0,1,True,1462.8960374494013,1595.0823515908842,1479.553932182648,1578.4244568576376,-132.18631414148285,0.45381222447033115
2023,2022-12-07,True,False,wsh,chi,111,115,22,27,32,30,0,29,23,28,35,0,home,5.0,227.0,175.0,-200.0,2.0,115.5,0.0,0,True,1507.9086494388193,1418.1442906668728,1524.2303532908484,1401.8225868148438,89.76435877194649,0.748828019750989
2023,2022-12-07,True,False,atl,ny,89,113,20,21,26,22,0,31,22,36,24,0,home,2.5,232.5,120.0,-140.0,2.5,111.5,1.0,0,True,1452.661334814522,1502.5786901696713,1513.3387431274946,1441.901281856699,-49.91735535514931,0.5715796190524136
2023,2022-12-07,True,False,ind,min,115,121,17,44,29,25,0,35,28,27,31,0,home,5.0,238.0,170.0,-190.0,2.5,115.5,1.0,0,True,1438.7351206239766,1438.2853817797193,1469.4878929960084,1407.5326094076875,0.4497388442573538,0.6406612198308186
2023,2022-12-07,True,False,lal,tor,113,126,31,16,28,38,0,39,31,27,29,0,home,12.5,229.0,525.0,-750.0,1.0,116.0,1.0,1,True,1473.1598335377685,1551.3064549609444,1527.5720290434283,1496.8942594552846,-78.14662142317593,0.5314081308240838
2023,2022-12-07,True,False,lac,orl,111,116,32,17,29,21,12,14,26,31,28,17,away,6.5,216.5,-250.0,210.0,1.0,109.0,0.0,1,True,1183.476630054106,1432.9556384015525,1238.8803272530567,1377.5519412026017,-249.47900834744655,0.2972410873417727
2023,2022-12-07,True,False,cha,bkn,116,122,28,27,32,29,0,38,35,23,26,0,home,10.0,223.0,375.0,-450.0,0.5,108.0,0.0,1,True,1580.4261165931853,1307.8223999838362,1587.4777198002207,1300.7707967768008,272.603716609349,0.8951893065930157
2023,2022-12-07,True,False,bos,phx,125,98,31,38,35,21,0,21,21,23,33,0,home,2.0,230.5,110.0,-130.0,7.0,111.0,0.0,0,False,1629.653868066251,1842.603179142477,1579.3719994191827,1892.8850477895455,-212.94931107622597,0.3429470605688426
2023,2022-12-07,True,False,sac,mil,113,126,29,32,33,19,0,34,34,29,29,0,home,6.5,236.0,210.0,-250.0,2.0,115.0,1.0,1,True,1637.1433215612453,1673.182249020988,1684.6333085176323,1625.692262064601,-36.03892745974258,0.5910214328198079
2023,2022-12-08,True,False,hou,sa,109,118,29,25,23,32,0,24,27,39,28,0,away,2.0,230.5,-130.0,110.0,0.5,111.0,0.0,0,True,1146.879839526441,1409.3362682229863,1219.6356579587718,1336.5804497906554,-262.45642869654534,0.2818761256473599
2023,2022-12-08,True,False,den,por,121,120,30,33,26,32,0,36,28,35,21,0,away,2.0,227.5,-130.0,110.0,1.0,111.5,0.0,1,False,1447.2231212626532,1540.9170912218224,1431.6971367549272,1556.4430757295484,-93.69396995916918,0.5090741103230698
2023,2022-12-08,True,False,lac,mia,110,115,28,26,33,23,0,20,36,28,31,0,home,6.5,211.0,210.0,-250.0,3.5,107.0,0.0,1,True,1451.0208513847151,1377.5519412026017,1470.7930694429594,1357.7797231443574,73.4689101821134,0.7307768027691434
2023,2022-12-09,True,False,mil,dal,106,105,32,20,21,33,0,33,15,36,21,0,home,1.0,224.5,-105.0,-115.0,1.0,114.0,0.0,0,False,1639.5968015492256,1684.6333085176323,1621.9550951185415,1702.2750149483163,-45.036506968406684,0.5784455086446981
2023,2022-12-09,True,False,phx,no,117,128,27,25,30,35,0,26,29,40,33,0,away,1.5,229.0,-125.0,105.0,1.0,117.0,0.0,1,True,1674.4644554938588,1579.3719994191827,1698.9703388002906,1554.866116112751,95.09245607467619,0.7545526240062064
2023,2022-12-09,True,False,det,mem,103,114,27,26,25,25,0,34,27,37,16,0,home,11.0,227.5,425.0,-550.0,3.5,110.0,2.0,0,True,1660.9584965962229,1364.4199888161143,1668.7647835775435,1356.6137018347936,296.5385077801086,0.9074306576344865
2023,2022-12-09,True,False,atl,bkn,116,120,30,34,26,26,0,36,32,28,24,0,home,7.0,232.5,240.0,-280.0,3.0,113.5,0.0,1,True,1587.4777198002207,1441.901281856699,1599.5726142786693,1429.8063873782503,145.5764379435218,0.8043412600635423
2023,2022-12-09,True,False,min,utah,118,108,28,33,21,36,0,24,22,33,29,0,home,0.0,234.5,-110.0,-110.0,4.0,113.0,0.0,0,False,1479.553932182648,1469.4878929960084,1411.3125279965984,1537.729297182058,10.0660391866395,0.6533032759704075
2023,2022-12-09,True,False,sac,cle,106,95,31,18,30,27,0,20,29,31,15,0,home,3.5,217.0,140.0,-160.0,3.0,105.0,0.0,0,False,1591.184336507925,1625.692262064601,1526.331753536988,1690.5448450355382,-34.5079255566759,0.593149984275796
2023,2022-12-09,True,False,wsh,ind,111,121,33,32,24,22,0,31,38,26,26,0,home,4.0,232.5,145.0,-165.0,1.0,118.5,1.0,0,True,1407.5326094076875,1401.8225868148438,1444.5020895745574,1364.8531066479738,5.710022592843643,0.6476021629577754
2023,2022-12-09,True,False,tor,orl,109,113,25,38,24,22,0,37,30,27,19,0,away,8.5,223.5,-350.0,290.0,7.0,109.0,0.0,0,True,1238.8803272530567,1527.5720290434283,1291.826415391687,1474.625940904798,-288.69170179037155,0.25233513161810545
2023,2022-12-09,True,False,ny,cha,121,102,22,33,34,32,0,20,29,22,31,0,away,4.0,224.0,-175.0,155.0,0.5,108.5,1.0,0,False,1300.7707967768008,1513.3387431274946,1255.5009561395586,1558.6085837647367,-212.56794635069377,0.343441910201871
2023,2022-12-09,True,False,lal,phi,122,133,20,39,24,37,2,31,30,32,27,13,home,5.0,227.5,175.0,-200.0,2.5,115.5,1.0,1,True,1477.5574014934741,1496.8942594552846,1519.7564743797625,1454.6951865689962,-19.336857961810438,0.6140419043884161
2023,2022-12-10,True,False,lac,wsh,114,107,28,32,26,28,0,29,34,21,23,0,away,5.0,218.5,-200.0,175.0,4.5,111.5,1.0,1,False,1364.8531066479738,1357.7797231443574,1305.8541096463025,1416.7787201460287,7.073383503616469,0.6493911328733111
2023,2022-12-10,True,False,sa,mia,115,111,25,34,27,29,0,29,28,27,27,0,home,12.0,223.0,500.0,-700.0,8.0,108.0,0.0,1,False,1470.7930694429594,1219.6356579587718,1420.8138419255768,1269.6148854761545,251.1574114841876,0.8830282305608721
2023,2022-12-10,True,False,bkn,ind,136,133,40,29,26,41,0,38,38,24,33,0,home,8.5,226.0,270.0,-330.0,2.5,109.5,0.0,1,False,1444.5020895745574,1599.5726142786693,1418.7977142561474,1625.2769895970794,-155.0705247041119,0.42140425910248797
2023,2022-12-10,True,False,utah,den,110,115,26,26,38,20,0,28,33,31,23,0,home,11.5,228.5,450.0,-600.0,3.5,115.0,0.0,0,True,1556.4430757295484,1411.3125279965984,1569.9411878564883,1397.8144158696584,145.13054773294994,0.8039369985614433
2023,2022-12-10,True,False,okc,cle,102,110,22,24,26,30,0,28,31,23,28,0,home,4.5,218.5,170.0,-190.0,2.0,105.5,1.0,0,True,1526.331753536988,1468.419800068339,1552.5778330014064,1442.1737206039206,57.91195346864879,0.7127984106166609
2023,2022-12-10,True,False,dal,chi,115,144,30,23,32,30,0,40,42,31,31,0,home,5.0,220.5,175.0,-200.0,4.5,108.5,1.0,1,True,1524.2303532908484,1621.9550951185415,1598.566685969289,1547.618762440101,-97.72474182769315,0.5032743129119548
2023,2022-12-10,True,False,min,por,118,124,27,39,26,26,0,32,33,29,30,0,home,5.5,230.0,180.0,-210.0,4.0,112.0,1.0,1,True,1431.6971367549272,1537.729297182058,1475.2503509874382,1494.176082949547,-106.03216042713075,0.49131989547813537
2023,2022-12-10,True,False,bos,gs,107,123,25,38,20,24,0,33,35,27,28,0,away,2.5,237.0,-135.0,115.0,2.0,115.5,0.0,0,True,1578.4244568576376,1892.8850477895455,1674.9885653744332,1796.32093927275,-314.460590931908,0.2253887853058111
2023,2022-12-11,True,False,lal,det,124,117,32,29,30,33,0,26,23,41,27,0,away,5.0,234.0,-200.0,175.0,0.5,118.0,1.0,1,False,1356.6137018347936,1454.6951865689962,1310.6133747741912,1500.6955136295985,-98.0814847342026,0.5027609373454642
2023,2022-12-11,True,False,chi,atl,122,123,27,23,28,32,12,22,36,27,25,13,home,3.5,235.5,140.0,-160.0,1.0,120.0,0.0,1,True,1429.8063873782503,1598.566685969289,1448.0347780429488,1580.3382953045905,-168.7602985910387,0.40231798146937875
2023,2022-12-11,True,False,cha,phi,113,131,21,33,33,26,0,20,41,35,35,0,home,10.5,219.5,400.0,-500.0,3.5,107.5,1.0,1,True,1519.7564743797625,1255.5009561395586,1530.9679135509884,1244.2895169683327,264.25551824020386,0.8905940383030921
2023,2022-12-11,True,False,mil,hou,92,97,25,23,31,13,0,19,31,24,23,0,away,10.0,227.0,-450.0,375.0,7.5,114.5,0.0,0,True,1336.5804497906554,1702.2750149483163,1401.3790841181324,1637.4763806208393,-365.6945651576609,0.17807258172333348
2023,2022-12-11,True,False,sac,ny,99,112,22,28,30,19,0,36,30,29,17,0,home,2.5,226.0,120.0,-140.0,3.5,109.5,1.0,0,True,1558.6085837647367,1690.5448450355382,1621.9896692578966,1627.1637595423783,-131.93626127080142,0.4541690324083886
2023,2022-12-11,True,False,tor,orl,99,111,19,20,36,24,0,18,29,35,29,0,away,6.5,223.0,-250.0,210.0,5.5,107.0,0.0,0,True,1291.826415391687,1474.625940904798,1361.4542824607759,1404.9980738357092,-182.7995255131109,0.383047653672359
2023,2022-12-11,True,False,phx,no,124,129,36,22,35,24,7,29,28,41,19,12,home,3.5,226.5,145.0,-165.0,2.5,115.5,1.0,1,True,1698.9703388002906,1554.866116112751,1712.5448437015666,1541.291611211475,144.10422268753973,0.8030040932445536
2023,2022-12-12,True,False,mia,ind,87,82,26,21,20,20,0,19,23,22,18,0,away,3.5,229.0,-155.0,135.0,0.5,110.0,1.0,0,False,1418.7977142561474,1420.8138419255768,1368.5477760971135,1471.0637800846107,-2.016127669429352,0.6373869197749978
2023,2022-12-12,True,False,cle,sa,111,112,27,22,29,33,0,29,36,27,20,0,away,9.5,221.5,-410.0,340.0,9.5,108.0,0.0,1,True,1269.6148854761545,1552.5778330014064,1292.226230793384,1529.9664876841769,-282.9629475252518,0.25860736915921
2023,2022-12-12,True,False,bkn,wsh,112,100,29,33,32,18,0,25,30,28,17,0,away,6.0,227.0,-200.0,175.0,1.0,110.5,1.0,0,False,1305.8541096463025,1625.2769895970794,1280.975655602224,1650.155443641158,-319.42287995077686,0.22044076950208388
2023,2022-12-12,True,False,okc,dal,114,121,28,24,38,24,0,23,43,31,24,0,home,8.5,226.5,290.0,-350.0,0.5,110.0,0.0,1,True,1547.618762440101,1442.1737206039206,1567.0343404545595,1422.758142589462,105.44504183618028,0.765421563037803
2023,2022-12-12,True,False,bos,lac,93,113,25,22,25,21,0,29,27,32,25,0,away,4.0,225.0,-175.0,155.0,4.0,110.0,0.0,0,True,1416.7787201460287,1796.32093927275,1528.4063057181086,1684.69335370067,-379.5422191267212,0.16670327347605463
2023,2022-12-12,True,False,min,por,112,133,27,32,25,28,0,33,37,36,27,0,home,4.0,229.5,150.0,-170.0,1.5,111.5,1.0,1,True,1475.2503509874382,1494.176082949547,1527.6666546216165,1441.7597793153686,-18.925731962108785,0.6146026313047815
2023,2022-12-12,True,False,atl,mem,103,128,29,22,25,27,0,35,27,40,26,0,home,9.5,220.5,350.0,-420.0,2.5,108.0,1.0,1,True,1668.7647835775435,1448.0347780429488,1684.7724925245398,1432.0270690959526,220.73000553459474,0.8636886013085089
2023,2022-12-13,True,False,bos,lal,122,118,37,28,23,22,12,24,26,32,28,8,away,4.0,237.0,-170.0,150.0,3.0,115.0,2.0,1,False,1500.6955136295985,1684.69335370067,1473.6852382197178,1711.7036291105508,-183.99784007107155,0.38141881145989215
2023,2022-12-13,True,False,no,utah,100,121,30,15,26,29,0,29,23,39,30,0,away,2.0,232.5,-130.0,110.0,3.5,118.5,0.0,0,True,1397.8144158696584,1712.5448437015666,1503.2029540972014,1607.1563054740236,-314.7304278319082,0.22511771133273262
2023,2022-12-13,True,False,sac,phi,103,123,32,23,28,20,0,39,41,21,22,0,home,4.0,229.5,145.0,-165.0,3.5,112.0,1.0,0,True,1530.9679135509884,1627.1637595423783,1597.2140622445102,1560.9176108488566,-96.19584599138989,0.5054743989290639
2023,2022-12-13,True,False,gs,mil,111,128,27,25,25,34,0,38,26,31,33,0,home,3.0,232.0,125.0,-145.0,2.5,113.0,1.0,1,True,1637.4763806208393,1674.9885653744332,1689.7496869195384,1622.7152590757341,-37.51218475359383,0.5889699360086686
2023,2022-12-13,True,False,phx,hou,97,111,20,15,32,30,0,27,27,30,27,0,away,6.5,224.0,-240.0,200.0,9.0,112.5,0.0,0,True,1401.3790841181324,1541.291611211475,1467.7703080013907,1474.9003873282165,-139.91252709334253,0.4428125995308006
2023,2022-12-14,True,False,mia,okc,110,108,31,33,22,24,0,31,21,32,24,0,away,2.5,222.5,-140.0,120.0,3.0,107.0,0.0,0,False,1422.758142589462,1471.0637800846107,1395.0188411123822,1498.8030815616905,-48.30563749514863,0.5738500073560424
2023,2022-12-14,True,False,cle,dal,105,90,26,34,23,22,0,19,22,27,22,0,home,2.5,217.0,120.0,-140.0,6.0,105.0,0.0,0,False,1567.0343404545595,1529.9664876841769,1486.1469515451154,1610.853876593621,37.067852770382615,0.6876221527003001
2023,2022-12-14,True,False,wsh,den,128,141,31,36,28,33,0,38,34,30,39,0,home,11.5,224.5,475.0,-650.0,4.5,115.5,1.0,1,True,1569.9411878564883,1280.975655602224,1578.6162415917045,1272.3006018670078,288.9655322542644,0.9037031731535203
2023,2022-12-14,True,False,por,sa,128,112,39,34,24,31,0,28,29,32,23,0,away,7.5,231.0,-310.0,260.0,1.0,111.5,1.0,1,False,1292.226230793384,1527.6666546216165,1253.033481905724,1566.8594035092765,-235.4404238282325,0.31439365297712196
2023,2022-12-14,True,False,min,lac,88,99,21,22,22,23,0,19,19,29,32,0,home,7.0,221.5,225.0,-265.0,6.0,107.0,1.0,0,True,1528.4063057181086,1441.7597793153686,1554.0198249639882,1416.146260069489,86.64652640273994,0.7454372845184122
2023,2022-12-14,True,False,sac,tor,124,123,23,36,29,36,0,31,31,32,29,0,home,5.0,232.0,175.0,-200.0,2.5,112.5,0.0,1,False,1404.9980738357092,1560.9176108488566,1392.1822152498846,1573.7334694346812,-155.91953701314742,0.42021308242052896
2023,2022-12-14,True,False,det,cha,141,134,35,38,34,20,14,33,36,28,30,7,home,4.5,230.0,165.0,-185.0,3.0,111.5,0.0,1,False,1244.2895169683327,1310.6133747741912,1194.1214155404377,1360.7814762020862,-66.32385780585855,0.5483126601578668
2023,2022-12-14,True,False,gs,ind,119,125,26,28,33,32,0,27,47,19,32,0,away,1.5,239.0,-120.0,100.0,7.0,114.5,0.0,1,True,1368.5477760971135,1622.7152590757341,1429.1980715501952,1562.0649636226524,-254.16748297862068,0.2916344023278547
2023,2022-12-14,True,False,ny,chi,128,120,29,35,28,25,11,28,27,33,29,3,home,3.5,226.5,135.0,-155.0,3.5,109.0,0.0,1,False,1580.3382953045905,1621.9896692578966,1523.9567418588854,1678.3712227036017,-41.65137395330612,0.5831897909595251
2023,2022-12-14,True,False,atl,orl,124,135,22,40,32,30,0,50,26,29,30,0,away,3.0,226.0,-145.0,125.0,5.5,110.0,0.0,1,True,1361.4542824607759,1432.0270690959526,1411.502985654348,1381.9783659023803,-70.57278663517673,0.5422481857724168
2023,2022-12-15,True,False,mil,mem,101,142,18,23,30,30,0,33,37,47,25,0,home,3.5,226.5,125.0,-145.0,6.0,115.5,1.0,1,True,1684.7724925245398,1689.7496869195384,1745.0563190597466,1629.4658603843316,-4.977194394998605,0.6334381829770992
2023,2022-12-15,True,False,mia,hou,111,108,29,37,20,25,0,29,23,33,23,0,away,3.0,216.5,-155.0,135.0,3.0,104.5,2.0,1,False,1467.7703080013907,1498.8030815616905,1431.2960575199106,1535.2773320431706,-31.032773560299802,0.5979684123837874
2023,2022-12-15,True,False,no,utah,129,132,25,37,33,28,6,27,31,33,32,9,away,1.5,232.0,-120.0,100.0,0.5,119.0,0.0,1,True,1503.2029540972014,1607.1563054740236,1534.048446851724,1576.310812719501,-103.95335137682218,0.49431091555992707
2023,2022-12-15,True,False,phx,lac,111,95,29,35,25,22,0,18,19,33,25,0,away,6.5,218.5,-240.0,200.0,3.0,110.5,1.0,0,False,1554.0198249639882,1474.9003873282165,1468.8657663700917,1560.054445922113,79.11943763577165,0.7371280067674565
2023,2022-12-16,True,False,ind,cle,112,118,31,30,33,18,0,29,25,29,35,0,home,8.0,222.0,250.0,-300.0,8.0,108.5,0.0,1,True,1610.853876593621,1429.1980715501952,1622.8108436031532,1417.241104540663,181.65580504342574,0.8349800070724825
2023,2022-12-16,True,False,ny,chi,114,91,29,29,29,27,0,32,21,22,16,0,home,2.5,226.0,120.0,-140.0,2.0,109.5,0.0,0,False,1523.9567418588854,1678.3712227036017,1464.9011465932401,1737.426817969247,-154.4144808447163,0.42232532591394445
2023,2022-12-16,True,False,min,okc,112,110,30,33,25,24,0,28,22,41,19,0,home,4.5,234.5,155.0,-175.0,5.5,113.0,0.0,0,False,1395.0188411123822,1416.146260069489,1365.4549248475198,1445.7101763343514,-21.127418957106784,0.6115962790224768
2023,2022-12-16,True,False,atl,cha,125,106,38,37,23,27,0,24,35,33,14,0,home,2.5,240.5,120.0,-140.0,5.0,116.0,0.0,0,False,1194.1214155404377,1381.9783659023803,1144.5347834854542,1431.5649979573639,-187.8569503619426,0.37619146420035576
2023,2022-12-16,True,False,por,dal,110,130,32,31,22,25,0,31,41,38,20,0,home,4.0,227.0,160.0,-180.0,1.0,110.5,1.0,1,True,1486.1469515451154,1566.8594035092765,1549.4119588349631,1503.5943962194287,-80.71245196416112,0.5277285340539548
2023,2022-12-16,True,False,bkn,tor,119,116,19,33,36,31,0,29,33,22,32,0,away,1.0,224.5,-120.0,100.0,3.0,108.0,1.0,1,False,1392.1822152498846,1650.155443641158,1374.6681979251189,1667.6694609659237,-257.9732283912733,0.2871293856873075
2023,2022-12-16,True,False,orl,bos,117,109,32,30,26,29,0,28,26,27,28,0,home,13.0,225.5,650.0,-1000.0,11.5,110.0,0.0,1,False,1711.7036291105508,1411.502985654348,1644.100057698411,1479.1065570664878,300.20064345620267,0.9091863182622596
2023,2022-12-16,True,False,gs,phi,106,118,38,19,24,25,0,33,22,33,30,0,home,8.5,222.5,320.0,-380.0,6.5,108.0,1.0,1,True,1597.2140622445102,1562.0649636226524,1631.5304476887568,1527.7485781784058,35.149098621857775,0.6852447561512323
2023,2022-12-16,True,False,sac,det,122,113,28,27,38,29,0,29,34,23,27,0,away,6.0,237.0,-240.0,200.0,5.5,115.5,1.0,0,False,1360.7814762020862,1573.7334694346812,1326.0365779506578,1608.4783676861096,-212.951993232595,0.3429435814746646
2023,2022-12-16,True,False,den,lal,108,126,32,33,23,20,0,33,31,29,33,0,away,2.0,236.5,-130.0,110.0,1.0,114.5,0.0,0,True,1473.6852382197178,1578.6162415917045,1539.382195384286,1512.9192844271363,-104.93100337198666,0.49290419214128584
2023,2022-12-17,True,False,utah,mil,97,123,22,25,36,14,0,27,29,36,31,0,home,1.5,226.5,105.0,-125.0,1.5,115.0,1.0,0,True,1629.4658603843316,1534.048446851724,1661.9135666887973,1501.6007405472583,95.4174135326075,0.7548989006974214
2023,2022-12-17,True,False,dal,cle,99,100,29,20,26,21,3,27,20,20,29,4,home,8.5,212.5,290.0,-350.0,7.0,103.5,0.0,0,True,1622.8108436031532,1549.4119588349631,1630.4625342024763,1541.76026823564,73.3988847681901,0.7306974889232537
2023,2022-12-17,True,False,no,phx,114,118,34,29,26,25,0,27,19,38,34,0,home,3.0,227.5,130.0,-150.0,6.5,116.0,1.0,1,True,1560.054445922113,1576.310812719501,1587.0891749986977,1549.2760836429163,-16.256366797387955,0.6182358722355328
2023,2022-12-17,True,False,por,hou,107,95,33,24,28,22,0,27,24,14,30,0,away,3.0,228.0,-150.0,130.0,0.0,111.5,1.0,0,False,1431.2960575199106,1503.5943962194287,1370.3775053629079,1564.5129483764315,-72.29833869951813,0.5397816315535395
2023,2022-12-17,True,False,mia,sa,111,101,25,27,28,31,0,28,27,29,17,0,away,8.0,222.5,-330.0,270.0,6.5,107.0,1.0,0,False,1253.033481905724,1535.2773320431706,1225.6646725705734,1562.6461413783213,-282.24385013744654,0.25940181835164006
2023,2022-12-17,True,False,wsh,lac,93,102,28,29,18,18,0,20,30,22,30,0,home,5.0,219.0,175.0,-200.0,4.5,112.5,1.0,0,True,1468.8657663700917,1272.3006018670078,1481.8653618753851,1259.3010063617144,196.5651645030839,0.846468381227918
2023,2022-12-17,True,False,mem,okc,109,115,21,22,33,33,0,25,39,27,24,0,away,11.0,229.5,-550.0,425.0,9.0,115.5,0.0,0,True,1365.4549248475198,1745.0563190597466,1436.805880390974,1673.7053635162924,-379.60139421222675,0.16665595953911816
2023,2022-12-18,True,False,orl,bos,95,92,26,24,18,27,0,23,18,30,21,0,home,10.5,223.0,425.0,-550.0,10.0,108.5,0.0,0,False,1644.100057698411,1479.1065570664878,1601.096391729281,1522.1102230356178,164.99350063192333,0.8213359816458522
2023,2022-12-18,True,False,ny,ind,109,106,29,25,30,25,0,28,25,32,21,0,home,1.0,227.0,-110.0,-110.0,10.0,108.5,0.0,0,False,1417.241104540663,1737.426817969247,1403.8408623440548,1750.827060165855,-320.185713428584,0.21968707913360921
2023,2022-12-18,True,False,bkn,det,124,121,21,33,44,26,0,35,36,25,25,0,away,8.0,227.5,-350.0,290.0,9.0,110.5,0.0,1,False,1326.0365779506578,1667.6694609659237,1313.8825675597714,1679.8234713568102,-341.63288301526586,0.19925602861187452
2023,2022-12-18,True,False,gs,tor,126,110,36,32,34,24,0,26,28,26,30,0,home,6.0,223.0,190.0,-220.0,7.0,109.0,0.0,1,False,1374.6681979251189,1527.7485781784058,1321.7868342948932,1580.6299418086314,-153.08038025328688,0.42420002571834997
2023,2022-12-18,True,False,chi,min,126,150,34,31,32,29,0,32,39,42,37,0,away,1.5,234.0,-130.0,110.0,2.0,118.5,0.0,1,True,1445.7101763343514,1464.9011465932401,1500.3454427674176,1410.265880160174,-19.190970258888683,0.6142409125700438
2023,2022-12-18,True,False,cha,den,115,119,25,27,28,35,0,20,35,39,25,0,home,9.0,235.0,320.0,-380.0,4.5,120.0,0.0,0,True,1512.9192844271363,1144.5347834854542,1516.1897258486968,1141.2643420638938,368.38450094168206,0.9368042871319083
2023,2022-12-18,True,False,wsh,lal,117,119,29,23,36,29,0,30,36,21,32,0,home,3.5,236.5,130.0,-150.0,3.0,119.5,0.0,0,True,1539.382195384286,1259.3010063617144,1543.190165238616,1255.4930365073844,280.0811890225716,0.8991597559200994
2023,2022-12-19,True,False,tor,phi,101,104,23,23,32,21,2,22,35,21,21,5,home,6.5,220.0,225.0,-265.0,0.5,106.5,0.0,0,True,1631.5304476887568,1321.7868342948932,1635.5532526916306,1317.7640292920194,309.7436133938636,0.9136212056955372
2023,2022-12-19,True,False,cha,sac,125,119,39,27,25,34,0,30,33,29,27,0,home,10.0,241.5,400.0,-500.0,7.5,117.0,0.0,1,False,1608.4783676861096,1141.2643420638938,1552.2695323900082,1197.4731773599951,467.2140256222158,0.9632135793577822
2023,2022-12-19,True,False,lal,phx,104,130,24,20,33,27,0,38,30,31,31,0,home,11.0,224.5,450.0,-600.0,0.5,114.0,1.0,1,True,1587.0891749986977,1543.190165238616,1629.3195775572929,1500.9597626800207,43.89900976008175,0.6960057821359936
2023,2022-12-19,True,False,sa,hou,124,105,35,25,32,32,0,28,34,14,29,0,home,4.5,226.5,165.0,-185.0,2.5,110.0,0.0,1,False,1370.3775053629079,1225.6646725705734,1277.8488618976014,1318.19331603588,144.71283279233444,0.8035577091894285
2023,2022-12-19,True,False,mil,no,128,119,30,36,34,28,0,27,34,29,29,0,home,0.0,227.5,-110.0,-110.0,1.0,116.5,0.0,1,False,1549.2760836429163,1661.9135666887973,1500.4609722341884,1710.7286780975255,-112.63748304588103,0.4818212163250697
2023,2022-12-19,True,False,utah,cle,99,122,21,23,27,28,0,29,33,28,32,0,home,7.0,220.0,210.0,-250.0,2.0,112.0,1.0,1,True,1630.4625342024763,1501.6007405472583,1656.6299320866974,1475.4333426630371,128.86179365521798,0.7887545385281117
2023,2022-12-19,True,False,dal,min,106,116,30,14,30,32,0,21,36,37,22,0,away,5.5,231.0,-210.0,180.0,6.5,110.0,0.0,0,True,1500.3454427674176,1541.76026823564,1544.2870822084994,1497.8186287945582,-41.41482546822249,0.5835207504723549
2023,2022-12-19,True,False,orl,atl,125,126,27,38,29,31,0,34,34,36,22,0,home,8.5,230.0,290.0,-350.0,4.5,111.5,0.0,1,True,1431.5649979573639,1522.1102230356178,1446.3993603700576,1507.275860622924,-90.5452250782539,0.5136031571012958
2023,2022-12-19,True,False,por,okc,121,123,28,30,36,27,0,28,33,33,29,0,away,4.0,232.5,-170.0,150.0,2.0,113.0,0.0,1,True,1436.805880390974,1564.5129483764315,1462.8987264067496,1538.4201023606558,-127.70706798545757,0.46021063686607555
2023,2022-12-20,True,False,wsh,phx,113,110,27,26,27,33,0,30,18,30,32,0,home,7.5,222.5,245.0,-290.0,6.5,114.0,0.0,1,False,1629.3195775572929,1255.4930365073844,1587.644887097346,1297.1677269673312,373.8265410499084,0.9386337197282284
2023,2022-12-20,True,False,mem,den,91,105,14,26,31,20,0,35,20,29,21,0,away,1.5,235.0,-125.0,105.0,4.5,118.5,0.0,0,True,1516.1897258486968,1673.7053635162924,1585.5403048193177,1604.3547845456715,-157.51563766759568,0.41797625412628747
2023,2022-12-20,True,False,chi,mia,113,103,31,21,36,25,0,21,36,20,26,0,home,1.5,221.5,100.0,-120.0,0.5,113.0,0.0,0,False,1562.6461413783213,1410.265880160174,1488.4462127473025,1484.4658087911928,152.38026121814733,0.8104316817502805
2023,2022-12-20,True,False,utah,det,126,111,31,30,34,31,0,24,36,25,26,0,away,2.0,229.0,-140.0,120.0,1.5,118.0,1.0,1,False,1313.8825675597714,1475.4333426630371,1263.5800282966616,1525.7358819261467,-161.55077510326578,0.4123364996534699
2023,2022-12-20,True,False,gs,ny,94,132,25,31,25,13,0,33,36,31,32,0,home,6.5,220.5,190.0,-220.0,1.0,106.5,1.0,1,True,1750.827060165855,1580.6299418086314,1774.8386573534983,1556.6183446209882,170.19711835722364,0.8256893616959605
2023,2022-12-21,True,False,tor,ny,113,106,28,35,24,26,0,27,26,27,26,0,home,2.0,217.0,110.0,-130.0,3.5,105.0,0.0,1,False,1774.8386573534983,1317.7640292920194,1714.488136551742,1378.1145500937757,457.07462806147896,0.9610886000791233
2023,2022-12-21,True,False,lal,sac,120,134,26,32,28,34,0,25,41,40,28,0,home,8.0,240.0,260.0,-310.0,1.0,121.5,1.0,1,True,1552.2695323900082,1500.9597626800207,1585.7095146324477,1467.5197804375812,51.30976970998745,0.7049556170096751
2023,2022-12-21,True,False,dal,min,104,99,29,22,24,29,0,31,21,22,25,0,away,2.5,228.0,-130.0,110.0,2.0,110.5,1.0,0,False,1544.2870822084994,1497.8186287945582,1491.6172663654352,1550.4884446376223,46.46845341394123,0.6991261646022098
2023,2022-12-21,True,False,por,okc,98,101,32,22,24,20,0,22,27,29,23,0,away,3.5,233.5,-165.0,145.0,1.0,111.0,0.0,0,True,1462.8987264067496,1538.4201023606558,1491.2519762591855,1510.0668525082199,-75.52137595390627,0.5351693982364195
2023,2022-12-21,True,False,mil,cle,106,114,20,22,35,29,0,35,25,33,21,0,home,2.5,216.5,120.0,-140.0,4.5,108.5,1.0,1,True,1656.6299320866974,1710.7286780975255,1698.6194994505106,1668.7391107337123,-54.09874601082811,0.5656755531405364
2023,2022-12-21,True,False,cha,lac,105,126,19,21,34,31,0,37,34,26,29,0,home,9.0,228.5,290.0,-350.0,3.0,111.5,1.0,1,True,1481.8653618753851,1197.4731773599951,1492.3075412852495,1187.0309979501308,284.39218451539,0.9013876840336909
2023,2022-12-21,True,False,chi,atl,110,108,30,31,20,29,0,25,26,26,31,0,home,5.0,236.0,175.0,-200.0,5.5,120.0,0.0,0,False,1446.3993603700576,1484.4658087911928,1417.9665248303738,1512.8986443308766,-38.06644842113519,0.5881973234647695
2023,2022-12-21,True,False,ind,bos,117,112,42,29,29,17,0,22,21,42,27,0,home,9.5,232.0,375.0,-450.0,12.0,111.0,0.0,0,False,1601.096391729281,1403.8408623440548,1545.3238020602796,1459.6134520130563,197.25552938522628,0.846984137863733
2023,2022-12-21,True,False,det,phi,93,113,29,22,27,15,0,37,26,29,21,0,home,12.0,222.0,500.0,-700.0,3.0,108.0,1.0,0,True,1635.5532526916306,1263.5800282966616,1641.6053172883871,1257.527963699905,371.97322439496907,0.9380163231381151
2023,2022-12-21,True,False,gs,bkn,113,143,17,34,28,34,0,46,45,18,34,0,home,10.5,223.5,425.0,-550.0,2.0,109.5,1.0,1,True,1679.8234713568102,1556.6183446209882,1708.977284072762,1527.4645319050364,123.20512673582198,0.7832779562560306
2023,2022-12-21,True,False,orl,hou,116,110,25,29,31,31,0,31,33,23,23,0,home,1.0,223.5,-110.0,-110.0,2.0,109.0,0.0,1,False,1277.8488618976014,1507.275860622924,1250.2875420860369,1534.8371804344886,-229.42699872532262,0.3219026491973992
2023,2022-12-22,True,False,sa,no,117,126,17,29,29,42,0,37,28,29,32,0,home,8.5,228.0,290.0,-350.0,1.5,111.0,1.0,1,True,1500.4609722341884,1318.19331603588,1514.5607264181845,1304.0935618518838,182.2676561983085,0.8354647389500159
2023,2022-12-22,True,False,wsh,utah,112,120,27,39,24,22,0,30,30,33,27,0,home,7.0,231.5,220.0,-260.0,7.5,118.0,1.0,1,True,1525.7358819261467,1297.1677269673312,1536.0512389858604,1286.8523699076175,228.5681549588155,0.8689139748750462
2023,2022-12-23,True,False,por,den,107,120,27,37,16,27,0,32,26,35,27,0,home,5.5,233.0,175.0,-200.0,4.5,113.0,1.0,0,True,1585.5403048193177,1510.0668525082199,1614.3637854561514,1481.2433718713862,75.47345231109784,0.7330409691761473
2023,2022-12-23,True,False,dal,hou,112,106,30,31,20,31,0,24,26,34,22,0,away,7.0,220.0,-260.0,220.0,0.0,106.5,0.0,0,False,1250.2875420860369,1550.4884446376223,1229.73513133992,1571.0408553837392,-300.2009025515854,0.24004204123026654
2023,2022-12-23,True,False,mem,phx,125,100,39,20,38,28,0,20,18,31,31,0,away,3.0,226.5,-150.0,130.0,4.5,115.0,1.0,0,False,1587.644887097346,1604.3547845456715,1499.1052735809703,1692.8943980620472,-16.709897448325364,0.6176194965591681
2023,2022-12-23,True,False,wsh,sac,125,111,28,40,34,23,0,27,23,33,28,0,home,7.5,239.0,270.0,-330.0,8.5,120.5,0.0,0,False,1585.7095146324477,1286.8523699076175,1502.361588791917,1370.2002957481482,298.8571447248303,0.9085457410372787
2023,2022-12-23,True,False,no,okc,128,125,33,31,16,32,16,23,23,31,35,13,home,1.5,233.0,100.0,-120.0,5.5,119.0,0.0,1,False,1491.2519762591855,1514.5607264181845,1454.1286626565966,1551.6840400207734,-23.30875015899892,0.6086093231343291
2023,2022-12-23,True,False,ind,mia,111,108,31,25,28,27,0,28,30,24,26,0,home,6.0,224.0,205.0,-245.0,3.0,109.0,0.0,0,False,1488.4462127473025,1459.6134520130563,1448.287792130914,1499.7718726294447,28.83276073424622,0.6773502194746623
2023,2022-12-23,True,False,cha,lal,134,130,27,40,30,37,0,31,36,20,43,0,home,3.0,243.0,130.0,-150.0,1.5,117.5,0.0,1,False,1467.5197804375812,1187.0309979501308,1417.781515341606,1236.7692630461058,280.4887824874504,0.8993722989720975
2023,2022-12-23,True,False,chi,ny,118,117,29,29,31,29,0,22,38,32,25,0,home,6.0,225.0,195.0,-230.0,3.5,114.5,0.0,1,False,1714.488136551742,1512.8986443308766,1692.9088148355352,1534.4779660470833,201.5894922208654,0.8501895724401468
2023,2022-12-23,True,False,tor,cle,118,107,39,30,29,20,0,31,22,25,29,0,home,4.5,214.0,170.0,-190.0,6.5,104.0,0.0,1,False,1698.6194994505106,1378.1145500937757,1622.5784465674565,1454.1556029768299,320.50494935673487,0.9183863076171295
2023,2022-12-23,True,False,min,bos,109,121,29,27,30,23,0,22,32,34,33,0,home,9.5,228.5,375.0,-450.0,7.5,115.5,1.0,1,True,1545.3238020602796,1491.6172663654352,1576.618195135728,1460.3228732899868,53.70653569484443,0.707817140023043
2023,2022-12-23,True,False,det,atl,105,130,34,29,18,24,0,32,28,35,35,0,home,9.5,234.0,350.0,-420.0,7.0,113.5,1.0,1,True,1417.9665248303738,1257.527963699905,1440.5173469508147,1234.9771415794642,160.43856113046877,0.8174558556146401
2023,2022-12-23,True,False,lac,phi,114,119,33,30,22,29,0,24,27,34,34,0,home,4.0,214.0,150.0,-170.0,4.5,110.5,1.0,1,True,1641.6053172883871,1492.3075412852495,1654.7970059371653,1479.1158526364713,149.29777600313764,0.8076905729440932
2023,2022-12-23,True,False,sa,orl,113,133,28,33,28,24,0,34,27,33,39,0,home,6.0,228.5,195.0,-230.0,4.0,111.5,1.0,1,True,1534.8371804344886,1304.0935618518838,1548.9505613735166,1289.9801809128558,230.74361858260477,0.8703337948230172
2023,2022-12-23,True,False,mil,bkn,100,118,29,18,28,25,0,36,24,25,33,0,home,2.0,230.0,120.0,-140.0,3.0,116.5,1.0,0,True,1708.977284072762,1668.7391107337123,1747.3955023711214,1630.3208924353528,40.23817333904958,0.6915286941340585
2023,2022-12-25,True,False,mem,gs,109,123,29,25,30,25,0,33,26,40,24,0,away,7.0,232.0,-270.0,230.0,7.5,117.5,0.0,2,True,1527.4645319050364,1692.8943980620472,1598.1305516316816,1622.228378335402,-165.4298661570108,0.4069364363243269
2023,2022-12-25,True,False,lal,dal,115,124,28,26,21,40,0,21,22,51,30,0,home,7.5,231.5,260.0,-310.0,7.0,116.5,1.0,1,True,1571.0408553837392,1417.781515341606,1587.6262269346,1401.1961437907453,153.2593400421331,0.8112078985869875
2023,2022-12-25,True,False,mil,bos,118,139,28,33,25,32,0,36,26,38,39,0,home,5.5,227.0,190.0,-220.0,3.0,116.0,1.0,1,True,1576.618195135728,1630.3208924353528,1635.6126994720416,1571.3263880990394,-53.70269729962479,0.566235595371732
2023,2022-12-25,True,False,phi,ny,119,112,25,35,35,24,0,37,26,33,16,0,away,2.0,215.5,-125.0,105.0,1.5,104.5,1.0,1,False,1692.9088148355352,1654.7970059371653,1632.1906398701713,1715.5151809025292,38.11180889836987,0.6889115220131119
2023,2022-12-25,True,False,phx,den,125,128,24,33,27,29,12,28,23,30,32,15,home,4.0,228.5,150.0,-170.0,5.0,115.5,0.0,1,True,1614.3637854561514,1499.1052735809703,1626.6471939313956,1486.8218651057261,115.25851187518106,0.7754121241710044
2023,2022-12-26,True,False,bkn,cle,125,117,34,31,26,34,0,22,27,30,38,0,home,2.0,220.0,110.0,-130.0,5.0,107.5,0.0,1,False,1622.5784465674565,1747.3955023711214,1577.6864588238786,1792.2874901146993,-124.81705580366497,0.4643460023347238
2023,2022-12-26,True,False,lac,det,142,131,31,35,30,32,14,36,25,39,28,3,away,6.0,222.5,-220.0,190.0,1.5,114.0,1.0,1,False,1234.9771415794642,1479.1158526364713,1201.7715740942792,1512.3214201216563,-244.13871105700719,0.30370234968949156
2023,2022-12-26,True,False,min,mia,110,113,31,25,30,24,0,33,26,34,20,0,home,1.0,222.0,105.0,-125.0,1.0,107.5,1.0,1,True,1448.287792130914,1460.3228732899868,1471.2254289201815,1437.3852365007194,-12.03508115907266,0.6239543767546801
2023,2022-12-26,True,False,hou,chi,133,118,36,28,35,34,0,26,39,24,29,0,home,7.0,231.5,230.0,-270.0,4.0,112.0,0.0,1,False,1534.4779660470833,1229.73513133992,1449.2690261019525,1314.9440712850508,304.7428347071634,0.9113222087573681
2023,2022-12-26,True,False,utah,sa,122,126,26,30,26,40,0,31,32,33,30,0,away,4.5,236.0,-185.0,165.0,4.5,119.5,0.0,1,True,1289.9801809128558,1536.0512389858604,1339.4548964691692,1486.576523429547,-246.07105807300468,0.3013552465332401
2023,2022-12-26,True,False,ind,no,93,113,18,20,24,31,0,24,33,33,23,0,home,2.0,234.5,110.0,-130.0,4.5,112.0,1.0,0,True,1551.6840400207734,1499.7718726294447,1589.165588625393,1462.2903240248252,51.912167391328694,0.7056763578438034
2023,2022-12-26,True,False,cha,por,113,124,34,33,28,18,0,30,31,40,23,0,home,5.5,239.0,180.0,-210.0,4.5,116.0,1.0,0,True,1481.2433718713862,1236.7692630461058,1491.8744738958412,1226.1381610216508,244.47410882528038,0.8789955347303491
2023,2022-12-27,True,False,sa,okc,114,130,33,27,33,21,0,38,32,25,35,0,home,7.0,235.0,240.0,-280.0,1.0,113.5,1.0,1,True,1454.1286626565966,1339.4548964691692,1479.3114385730137,1314.272120552752,114.67376618742742,0.7748253864476424
2023,2022-12-27,True,False,cha,gs,105,110,26,26,26,27,0,37,28,24,21,0,home,5.0,240.0,170.0,-190.0,1.5,115.5,2.0,0,True,1598.1305516316816,1226.1381610216508,1601.6918886285314,1222.576824024801,371.9923906100307,0.9380227375788596
2023,2022-12-27,True,False,phx,mem,125,108,23,42,32,28,0,22,27,31,28,0,home,8.0,224.5,260.0,-310.0,9.0,113.5,0.0,1,False,1622.228378335402,1486.8218651057261,1533.184873606122,1575.8653698350063,135.40651322967597,0.7949636028198774
2023,2022-12-27,True,False,ny,dal,121,126,30,33,29,23,6,28,27,27,33,11,home,5.5,216.0,180.0,-210.0,5.5,105.0,0.0,1,True,1587.6262269346,1632.1906398701713,1620.8082616152733,1599.008605189498,-44.56441293557123,0.5791080416846421
2023,2022-12-27,True,False,den,sac,113,106,20,27,32,34,0,32,24,27,23,0,away,3.0,237.5,-155.0,135.0,4.0,113.5,1.0,0,False,1502.361588791917,1626.6471939313956,1459.8064234879064,1669.2023592354062,-124.28560513947855,0.46510701475989635
2023,2022-12-27,True,False,lal,orl,129,110,33,32,27,37,0,27,28,28,27,0,home,3.0,237.0,130.0,-150.0,3.5,119.5,0.0,1,False,1548.9505613735166,1401.1961437907453,1456.3514023144899,1493.795302849772,147.75441758277134,0.806306834412757
2023,2022-12-27,True,False,atl,ind,114,129,27,27,32,28,0,30,34,32,33,0,away,1.5,238.5,-125.0,105.0,3.0,115.5,0.0,1,True,1462.2903240248252,1440.5173469508147,1501.8808438629558,1400.9268271126841,21.77297707401044,0.6684053705474832
2023,2022-12-27,True,False,phi,wsh,111,116,30,26,29,26,0,32,35,27,22,0,away,4.5,224.5,-190.0,170.0,5.5,109.5,0.0,1,True,1370.2002957481482,1715.5151809025292,1433.5937937959552,1652.1216828547222,-345.31488515438105,0.19589579739234547
2023,2022-12-27,True,False,hou,bos,102,126,21,28,32,21,0,22,34,36,34,0,home,15.0,229.5,850.0,-1500.0,6.5,110.5,1.0,0,True,1635.6126994720416,1314.9440712850508,1644.3575068845694,1306.199263872523,320.6686281869909,0.9184569012344029
2023,2022-12-27,True,False,lac,tor,124,113,27,33,37,27,0,29,27,26,31,0,home,4.0,220.0,150.0,-170.0,2.0,112.0,0.0,1,False,1454.1556029768299,1512.3214201216563,1392.9368015768036,1573.5402215216825,-58.165817144826406,0.5599149551850738
2023,2022-12-28,True,False,orl,det,101,121,23,24,30,24,0,27,39,26,29,0,away,1.0,229.0,-120.0,100.0,5.5,112.0,0.0,0,True,1201.7715740942792,1456.3514023144899,1296.7291674708465,1361.3938089379226,-254.57982822021063,0.29114428737517284
2023,2022-12-28,True,False,phx,wsh,102,127,21,34,29,18,0,36,28,29,34,0,away,2.0,220.5,-140.0,120.0,3.0,112.0,0.0,1,True,1433.5937937959552,1575.8653698350063,1513.950028530393,1495.5091351005685,-142.27157603905107,0.4394647178701023
2023,2022-12-28,True,False,lal,mia,98,112,25,27,26,20,0,33,28,34,17,0,home,9.0,227.5,310.0,-370.0,2.5,115.5,1.0,0,True,1471.2254289201815,1493.795302849772,1517.740609453254,1447.2801223166996,-22.569873929590585,0.6096220101447202
2023,2022-12-28,True,False,bkn,atl,108,107,31,25,27,25,0,30,33,17,27,0,away,7.0,229.0,-290.0,245.0,7.0,111.5,0.0,0,False,1400.9268271126841,1792.2874901146993,1396.1243635788574,1797.089953648526,-391.36066300201514,0.15746568918867884
2023,2022-12-28,True,False,min,no,118,119,28,27,33,30,0,24,25,37,33,0,home,6.5,234.0,210.0,-250.0,6.0,117.5,0.0,1,True,1589.165588625393,1437.3852365007194,1594.1993114063814,1432.351513719731,151.78035212467353,0.8099005665821101
2023,2022-12-28,True,False,mil,chi,113,119,32,23,27,24,7,28,29,22,27,13,away,2.5,231.0,-140.0,120.0,2.0,117.5,0.0,1,True,1449.2690261019525,1571.3263880990394,1494.793249157732,1525.80216504326,-122.0573619970869,0.4682994825900959
2023,2022-12-28,True,False,den,sac,126,127,40,35,30,21,0,24,38,32,33,0,home,3.0,237.0,130.0,-150.0,4.5,114.5,0.0,1,True,1459.8064234879064,1669.2023592354062,1479.7045154957448,1649.3042672275678,-209.39593574749983,0.3475709394804405
2023,2022-12-28,True,False,utah,gs,107,112,37,22,35,13,0,27,27,34,24,0,away,4.5,232.0,-180.0,160.0,1.5,118.5,0.0,0,True,1601.6918886285314,1486.576523429547,1617.580149460699,1470.6882625973794,115.11536519898436,0.7752685902965774
2023,2022-12-29,True,False,ny,sa,115,122,29,24,26,36,0,38,26,28,30,0,away,4.5,222.0,-180.0,160.0,5.5,107.5,0.0,1,True,1314.272120552752,1599.008605189498,1382.284810111103,1530.995915631147,-284.7364846367459,0.2566547731564125
2023,2022-12-29,True,False,mem,tor,119,106,30,27,36,26,0,20,23,32,31,0,away,4.0,230.0,-175.0,155.0,2.0,117.0,1.0,0,False,1392.9368015768036,1533.184873606122,1341.5733893686977,1584.548285814228,-140.24807202931834,0.4423360812806362
2023,2022-12-29,True,False,hou,dal,114,129,30,21,28,35,0,36,29,34,30,0,home,10.0,226.5,375.0,-450.0,1.0,110.0,1.0,1,True,1620.8082616152733,1306.199263872523,1628.621346297654,1298.3861791901422,314.60899774275026,0.9158060271419086
2023,2022-12-29,True,False,lac,bos,110,116,26,23,36,25,0,27,33,24,32,0,home,6.5,228.0,220.0,-260.0,0.5,116.5,0.0,0,True,1644.3575068845694,1573.5402215216825,1666.1249266239768,1551.772801782275,70.81728536288688,0.7277631786990577
2023,2022-12-29,True,False,okc,cha,113,121,30,30,24,29,0,36,21,28,36,0,home,2.5,238.5,110.0,-130.0,1.0,115.5,1.0,0,True,1222.576824024801,1479.3114385730137,1291.3543373244204,1410.5339252733943,-256.7346145482127,0.2885910168731525
2023,2022-12-29,True,False,cle,ind,126,135,34,34,28,30,0,29,35,35,36,0,away,4.0,225.5,-170.0,150.0,1.5,110.0,0.0,1,True,1501.8808438629558,1577.6864588238786,1549.01581249243,1530.5514901944043,-75.80561496092287,0.5347623458985561
2023,2022-12-30,True,False,wsh,orl,119,100,27,29,42,21,0,20,27,26,27,0,away,4.5,226.5,-175.0,155.0,0.5,115.5,1.0,0,False,1361.3938089379226,1513.950028530393,1305.3818951792446,1569.961942289071,-152.55621959247037,0.42493718521105783
2023,2022-12-30,True,False,por,gs,112,118,25,31,40,16,0,41,19,28,30,0,away,1.0,234.0,-120.0,100.0,1.0,113.0,0.0,0,True,1617.580149460699,1491.8744738958412,1633.8787198621185,1475.5759034944217,125.70567556485776,0.7857114783049123
2023,2022-12-30,True,False,utah,sac,125,126,27,30,30,38,0,30,30,31,35,0,home,3.0,242.5,130.0,-150.0,1.5,123.5,0.0,1,True,1479.7045154957448,1470.6882625973794,1490.2251634564777,1460.1676146366465,9.016252898365337,0.6519332702830337
2023,2022-12-30,True,False,phi,no,116,127,27,33,31,25,0,31,36,32,28,0,away,1.0,230.5,-115.0,-105.0,2.5,112.0,0.0,1,True,1594.1993114063814,1652.1216828547222,1642.2786503594696,1604.042343901634,-57.922371448340755,0.5602602419583665
2023,2022-12-30,True,False,lal,atl,130,121,23,39,36,32,0,33,34,28,26,0,home,6.0,242.0,195.0,-230.0,2.0,123.5,0.0,1,False,1396.1243635788574,1447.2801223166996,1338.3924432674808,1505.0120426280762,-51.155758737842234,0.569833055020662
2023,2022-12-30,True,False,det,chi,118,132,25,33,34,26,0,33,27,35,37,0,home,7.0,230.0,250.0,-300.0,4.0,117.0,1.0,1,True,1494.793249157732,1296.7291674708465,1509.9516402013883,1281.5707764271901,198.0640816868854,0.8475863838879594
2023,2022-12-30,True,False,phx,tor,104,113,24,27,28,25,0,33,20,33,27,0,home,2.0,222.0,110.0,-130.0,1.0,112.5,1.0,0,True,1341.5733893686977,1495.5091351005685,1400.0316428228039,1437.0508816464624,-153.93574573187084,0.42299779779954516
2023,2022-12-30,True,False,mia,den,119,124,19,38,33,29,0,23,37,25,39,0,home,4.5,224.0,160.0,-180.0,1.5,109.0,1.0,1,True,1649.3042672275678,1517.740609453254,1663.8422545562041,1503.2026221246176,131.56365777431392,0.7913343838734754
2023,2022-12-30,True,False,min,mil,114,123,34,27,22,31,0,33,17,39,34,0,home,7.5,229.5,260.0,-310.0,8.0,111.0,1.0,1,True,1525.80216504326,1432.351513719731,1548.7066770539514,1409.4470017090396,93.45065132352897,0.7527980650516648
2023,2022-12-31,True,False,no,mem,101,116,25,25,29,22,0,31,22,30,33,0,home,7.0,236.5,220.0,-260.0,3.0,121.5,1.0,0,True,1584.548285814228,1642.2786503594696,1638.1606380218864,1588.6662981518111,-57.73036454524163,0.5605325303387418
2023,2022-12-31,True,False,lac,ind,130,131,22,33,38,37,0,32,30,31,38,0,away,2.5,231.0,-140.0,120.0,3.0,117.5,0.0,1,True,1549.01581249243,1551.772801782275,1560.105038352961,1540.6835759217443,-2.7569892898450234,0.6364006555389679
2023,2022-12-31,True,False,mia,utah,126,123,31,38,27,30,0,30,33,35,25,0,home,4.0,225.0,155.0,-175.0,3.0,110.5,0.0,1,False,1460.1676146366465,1503.2026221246176,1424.7129881424992,1538.657248618765,-43.03500748797114,0.581252429769055
2023,2022-12-31,True,False,dal,sa,126,125,32,36,35,23,0,30,34,29,32,0,away,7.5,231.5,-280.0,240.0,3.5,111.5,0.0,1,False,1382.284810111103,1628.621346297654,1373.1037443017551,1637.802412107002,-246.33653618655103,0.3010335934823054
2023,2022-12-31,True,False,ny,hou,108,88,27,26,29,26,0,35,14,21,18,0,away,3.5,222.0,-165.0,145.0,1.5,109.0,1.0,0,False,1298.3861791901422,1530.995915631147,1255.798397844033,1573.5836969772563,-232.60973644100477,0.3179165669825866
2023,2022-12-31,True,False,bkn,cha,123,106,32,29,36,26,0,22,27,30,27,0,away,6.5,237.5,-250.0,210.0,0.0,115.0,1.0,0,False,1291.3543373244204,1797.089953648526,1280.1352167175478,1808.3090742553986,-505.73561632410565,0.0882170305933776
2023,2022-12-31,True,False,cle,chi,103,102,28,32,24,19,0,30,25,22,25,0,away,1.0,223.5,-125.0,105.0,1.0,108.0,2.0,0,False,1509.9516402013883,1530.5514901944043,1491.276891312937,1549.2262390828555,-20.59984999301605,0.6123174457094395
2023,2022-12-31,True,False,det,min,116,104,28,22,38,28,0,39,25,24,16,0,home,7.5,233.5,245.0,-290.0,1.0,118.0,0.0,0,False,1409.4470017090396,1281.5707764271901,1330.6172348105079,1360.4005433257219,127.87622528184943,0.7878076854415065
2023,2022-12-31,True,False,phi,okc,115,96,38,31,20,26,0,20,23,29,24,0,away,2.5,224.5,-140.0,120.0,5.5,108.5,1.0,0,False,1410.5339252733943,1604.042343901634,1361.949480833731,1652.6267883412972,-193.50841862823972,0.36858831773150963
2023,2023-01-01,True,False,wsh,mil,118,95,34,34,20,30,0,17,33,20,25,0,home,1.5,220.5,115.0,-135.0,6.0,114.0,0.0,0,False,1548.7066770539514,1569.961942289071,1463.2089454792847,1655.4596738637376,-21.255265235119623,0.6114214443145114
2023,2023-01-01,True,False,bos,den,111,123,28,26,31,26,0,37,25,36,25,0,away,3.5,234.0,-170.0,150.0,4.5,114.0,0.0,2,True,1663.8422545562041,1666.1249266239768,1704.8059896402278,1625.161191539953,-2.282672067772637,0.63703221801473
2023,2023-01-01,True,False,sac,mem,108,118,26,32,29,21,0,27,32,32,27,0,home,3.5,239.5,150.0,-170.0,2.5,116.5,1.0,0,True,1638.1606380218864,1490.2251634564777,1655.9481293938359,1472.4376720845282,147.93547456540864,0.8064695566659295
2023,2023-01-02,True,False,no,phi,111,120,25,27,29,30,0,33,24,27,36,0,home,5.5,229.5,185.0,-215.0,2.0,117.5,1.0,1,True,1652.6267883412972,1588.6662981518111,1679.3013696187506,1561.9917168743577,63.96049018948611,0.7198731443005375
2023,2023-01-02,True,False,phx,ny,83,102,11,20,27,25,0,23,31,25,23,0,home,2.5,219.5,120.0,-140.0,5.5,111.5,1.0,0,True,1573.5836969772563,1437.0508816464624,1597.2409735993372,1413.3936050243815,136.53281533079394,0.7960183722348894
2023,2023-01-02,True,False,lal,cha,121,115,22,38,34,27,0,21,24,31,39,0,home,2.0,241.5,110.0,-130.0,5.0,122.0,0.0,0,False,1280.1352167175478,1505.0120426280762,1252.0821050003933,1533.0651543452307,-224.8768259105284,0.32764653658543463
2023,2023-01-02,True,False,tor,ind,114,122,33,24,33,24,0,29,37,25,31,0,away,2.0,233.5,-130.0,110.0,3.0,113.0,0.0,1,True,1560.105038352961,1400.0316428228039,1575.344010933411,1384.7926702423538,160.0733955301571,0.8171419728144463
2023,2023-01-02,True,False,atl,gs,141,143,26,27,42,26,20,38,32,25,26,22,home,1.5,236.5,105.0,-125.0,4.5,115.0,1.0,1,True,1633.8787198621185,1338.3924432674808,1637.351824656117,1334.9193384734822,295.48627659463773,0.9069205999859594
2023,2023-01-02,True,False,det,por,106,135,27,25,30,24,0,22,39,41,33,0,home,9.5,231.5,350.0,-420.0,2.5,118.0,1.0,1,True,1475.5759034944217,1360.4005433257219,1505.726009154788,1330.2504376653555,115.17536016869985,0.775328755475386
2023,2023-01-02,True,False,sa,bkn,103,139,25,22,32,24,0,37,37,34,31,0,home,12.0,236.5,550.0,-800.0,0.5,114.5,1.0,1,True,1808.3090742553986,1373.1037443017551,1813.169173397659,1368.2436451594947,435.2053299536435,0.9560975380661132
2023,2023-01-02,True,False,den,min,111,124,23,30,32,26,0,23,36,31,34,0,away,4.5,231.0,-170.0,150.0,5.0,111.0,0.0,1,True,1330.6172348105079,1704.8059896402278,1426.8762099305318,1608.547014520204,-374.18875482972,0.17102824730242525
2023,2023-01-02,True,False,dal,hou,111,106,18,26,39,28,0,26,29,32,19,0,away,7.0,227.5,-300.0,250.0,7.5,108.5,0.0,0,False,1255.798397844033,1637.802412107002,1242.8104074278194,1650.7904025232156,-382.0040142629691,0.16474398792805778
2023,2023-01-02,True,False,mia,lac,110,100,34,33,14,29,0,28,21,34,17,0,away,1.0,217.5,-115.0,-105.0,4.5,107.0,1.0,0,False,1540.6835759217443,1538.657248618765,1473.0060612962918,1606.3347632442174,2.0263273029793254,0.6427478694490444
2023,2023-01-02,True,False,chi,cle,134,145,34,31,31,34,4,27,20,44,39,15,home,4.0,225.0,150.0,-170.0,6.5,114.0,1.0,1,True,1549.2262390828555,1491.276891312937,1578.9031081102162,1461.6000222855764,57.949347769918404,0.7128424757193759
2023,2023-01-03,True,False,wsh,mil,113,123,28,21,36,28,0,32,29,29,33,0,home,7.5,232.5,250.0,-300.0,0.5,118.5,1.0,1,True,1463.2089454792847,1655.4596738637376,1529.6496035709013,1589.019015772121,-192.25072838445294,0.37027485155119216
2023,2023-01-03,True,False,bos,okc,117,150,33,21,37,26,0,34,40,48,28,0,away,11.5,228.5,-600.0,450.0,12.5,110.0,0.0,1,True,1361.949480833731,1625.161191539953,1473.5099064636465,1513.6007659100376,-263.211710706222,0.28099688016508245
2023,2023-01-03,True,False,sac,utah,117,115,35,25,28,29,0,23,28,38,26,0,home,3.0,242.5,130.0,-150.0,4.5,116.5,0.0,0,False,1424.7129881424992,1472.4376720845282,1396.9341638871877,1500.2164963398398,-47.72468394202906,0.57466762515358
2023,2023-01-04,True,False,bkn,chi,112,121,33,26,26,27,0,40,29,19,33,0,away,5.0,234.0,-190.0,170.0,6.0,114.0,0.0,0,True,1461.6000222855764,1813.169173397659,1543.6351097674435,1731.134085915792,-351.56915111208264,0.19028668600396859
2023,2023-01-04,True,False,hou,no,108,119,22,30,21,35,0,45,30,23,21,0,home,7.0,228.0,225.0,-265.0,2.5,111.0,1.0,0,True,1561.9917168743577,1242.8104074278194,1568.8034774869125,1235.9986468152647,319.1813094465383,0.9178133815750014
2023,2023-01-04,True,False,det,gs,122,119,34,26,31,31,0,26,30,32,31,0,home,6.5,232.5,225.0,-265.0,6.5,119.0,0.0,1,False,1637.351824656117,1330.2504376653555,1594.773313925094,1372.8289483963786,307.1013869907615,0.912413304414752
2023,2023-01-04,True,False,por,min,106,113,24,29,32,21,0,29,31,29,24,0,away,1.5,234.0,-125.0,105.0,2.5,118.5,0.0,0,True,1426.8762099305318,1505.726009154788,1469.8424589171934,1462.7597601681264,-78.84979922425623,0.5304000428889616
2023,2023-01-04,True,False,atl,sac,120,117,30,31,30,29,0,30,28,30,29,0,home,1.5,245.5,105.0,-125.0,1.0,119.5,0.0,0,False,1500.2164963398398,1334.9193384734822,1457.210617275586,1377.925217537736,165.29715786635757,0.8215923434352912
2023,2023-01-04,True,False,mia,lal,109,112,23,25,30,31,0,32,20,27,33,0,away,8.5,224.0,-350.0,290.0,8.0,109.5,0.0,0,True,1533.0651543452307,1606.3347632442174,1561.2218106504495,1578.1781069389986,-73.26960889898669,0.53839240432325
2023,2023-01-04,True,False,mem,cha,131,107,40,36,26,29,0,26,21,26,34,0,away,7.0,236.5,-280.0,240.0,4.0,120.5,1.0,1,False,1252.0821050003933,1655.9481293938359,1231.0996887607864,1676.9305456334428,-403.86602439344256,0.14814895705839423
2023,2023-01-04,True,False,ind,phi,126,129,28,33,23,36,6,27,39,31,23,9,home,5.0,233.5,175.0,-200.0,1.0,113.5,0.0,1,True,1679.3013696187506,1575.344010933411,1692.3476834347296,1562.297697117432,103.95735868533961,0.7638804285333411
2023,2023-01-04,True,False,mil,tor,104,101,13,26,24,34,7,12,26,21,38,4,home,5.5,223.0,180.0,-210.0,4.0,113.0,0.0,0,False,1384.7926702423538,1529.6496035709013,1358.210076960671,1556.2321968525841,-144.85693332854748,0.4358019943346831
2023,2023-01-04,True,False,okc,orl,115,126,28,25,35,27,0,31,39,25,31,0,away,1.0,229.5,-120.0,100.0,5.0,111.5,0.0,1,True,1305.3818951792446,1473.5099064636465,1370.6342669116602,1408.2575347312309,-168.12801128440196,0.4031934967897026
2023,2023-01-04,True,False,phx,cle,88,90,14,29,21,24,0,15,18,26,31,0,home,5.0,216.0,175.0,-200.0,5.5,109.0,0.0,0,True,1578.9031081102162,1413.3936050243815,1586.295050921309,1406.0016622132887,165.5095030858347,0.8217714441486146
2023,2023-01-04,True,False,sa,ny,114,117,29,26,34,25,0,39,23,32,23,0,home,10.0,225.5,350.0,-420.0,3.5,110.5,0.0,1,True,1597.2409735993372,1368.2436451594947,1603.7330130625783,1361.7516056962536,228.99732843984248,0.8691951169800657
2023,2023-01-05,True,False,mem,orl,123,115,22,43,27,31,0,20,23,35,37,0,away,6.5,230.0,-240.0,200.0,3.0,118.0,1.0,1,False,1370.6342669116602,1676.9305456334428,1348.0406692950874,1699.5241432500156,-306.2962787217825,0.23369975933212808
2023,2023-01-05,True,False,bos,dal,124,95,29,35,25,35,0,20,26,19,30,0,away,3.0,231.5,-150.0,130.0,3.5,112.0,1.0,0,False,1650.7904025232156,1513.6007659100376,1545.9547130491799,1618.4364553840733,137.18963661317798,0.7966316126026463
2023,2023-01-05,True,False,utah,hou,131,114,31,33,31,36,0,23,33,30,28,0,away,7.0,232.0,-260.0,220.0,1.5,119.0,1.0,1,False,1235.9986468152647,1396.9341638871877,1183.4500150042481,1449.4827956982042,-160.93551707192296,0.4131949751278031
2023,2023-01-05,True,False,lac,den,91,122,15,17,27,32,0,32,34,36,20,0,home,4.5,229.5,170.0,-190.0,6.0,115.0,1.0,0,True,1608.547014520204,1473.0060612962918,1636.064522035692,1445.4885537808036,135.54095322391208,0.7950897168028638
2023,2023-01-06,True,False,cle,den,108,121,28,30,24,26,0,26,36,32,27,0,home,5.0,222.0,175.0,-200.0,2.0,107.5,1.0,1,True,1636.064522035692,1586.295050921309,1668.9047349279776,1553.4548380290234,49.76947111438312,0.7031080642771149
2023,2023-01-06,True,False,lac,min,115,128,33,21,25,36,0,37,31,32,28,0,home,5.5,224.0,190.0,-220.0,2.0,114.5,1.0,1,True,1469.8424589171934,1445.4885537808036,1507.0589643109045,1408.2720483870926,24.353905136389812,0.6716899955855962
2023,2023-01-06,True,False,det,sa,109,121,28,20,28,33,0,31,20,35,35,0,home,1.5,236.5,-105.0,-115.0,0.0,119.0,1.0,0,True,1361.7516056962536,1372.8289483963786,1404.0453854071807,1330.5351686854515,-11.077342700124973,0.6252470781299446
2023,2023-01-06,True,False,atl,lal,114,130,28,21,33,32,0,37,33,28,32,0,away,2.5,242.0,-145.0,125.0,6.5,117.5,0.0,1,True,1561.2218106504495,1377.925217537736,1578.4701456478572,1360.6768825403283,183.29659311271348,0.8362773228519585
2023,2023-01-06,True,False,mia,phx,104,96,30,21,27,26,0,23,23,27,23,0,away,1.0,210.5,-120.0,100.0,0.5,103.0,1.0,0,False,1406.0016622132887,1578.1781069389986,1367.5626711606797,1616.6170979916076,-172.17644472570987,0.3975986078186667
2023,2023-01-06,True,False,cha,mil,138,109,51,33,28,26,0,28,32,27,22,0,home,10.0,230.0,380.0,-460.0,11.0,111.0,0.0,1,False,1556.2321968525841,1231.0996887607864,1452.2920512288656,1335.039834384505,325.1325080917977,0.9203608077741838
2023,2023-01-06,True,False,ny,tor,112,108,30,27,24,31,0,26,21,31,30,0,home,4.0,216.0,150.0,-170.0,4.5,105.0,0.0,1,False,1358.210076960671,1603.7330130625783,1336.8224519093772,1625.120638113872,-245.52293610190736,0.3020199684461629
2023,2023-01-06,True,False,chi,phi,126,112,25,34,40,27,0,30,25,29,28,0,home,5.0,234.5,175.0,-200.0,5.0,118.5,0.0,1,False,1692.3476834347296,1543.6351097674435,1608.6215002105096,1627.3612929916635,148.71257366728605,0.8071667828126875
2023,2023-01-06,True,False,bkn,no,108,102,27,26,35,20,0,28,36,21,17,0,away,4.5,232.0,-175.0,155.0,6.0,112.5,1.0,0,False,1568.8034774869125,1731.134085915792,1533.592305508473,1766.3452578942315,-162.3306084288795,0.411249157104915
2023,2023-01-06,True,False,por,ind,99,108,29,26,27,17,0,26,28,27,27,0,home,1.0,237.5,105.0,-125.0,0.5,122.0,1.0,0,True,1562.297697117432,1462.7597601681264,1584.479888388244,1440.5775688973144,99.53793694930573,0.7592610850030533
2023,2023-01-06,True,False,wsh,okc,110,127,17,25,38,30,0,35,33,35,24,0,home,1.0,231.0,100.0,-120.0,6.5,117.5,1.0,1,True,1408.2575347312309,1589.019015772121,1486.366208135182,1510.91034236817,-180.7614810408902,0.38582394532210684
2023,2023-01-07,True,False,lal,sac,136,134,37,36,36,27,0,38,35,36,25,0,home,7.5,242.0,250.0,-300.0,5.0,123.0,0.0,1,False,1457.210617275586,1578.4701456478572,1434.5182299457342,1601.162532977709,-121.25952837227123,0.4694432066691089
2023,2023-01-07,True,False,orl,gs,115,101,28,34,30,23,0,29,30,23,19,0,home,6.5,231.0,210.0,-250.0,5.0,112.5,0.0,0,False,1594.773313925094,1348.0406692950874,1510.6333994681406,1432.1805837520408,246.7326446300067,0.8803715712907696
2023,2023-01-07,True,False,no,dal,117,127,15,31,35,36,0,34,29,34,30,0,home,9.0,223.0,320.0,-380.0,0.5,113.5,1.0,1,True,1545.9547130491799,1533.592305508473,1581.7756936841258,1497.771324873527,12.362407540706954,0.6562912464466213
2023,2023-01-07,True,False,bos,sa,121,116,33,35,25,28,0,30,27,32,27,0,away,14.5,234.5,-1400.0,800.0,5.0,113.5,0.0,1,False,1404.0453854071807,1618.4364553840733,1377.15556990629,1645.3262708849638,-214.3910699768926,0.34107935856930627
2023,2023-01-07,True,False,utah,chi,118,126,24,25,40,29,0,28,25,31,42,0,away,2.5,239.0,-135.0,115.0,2.0,121.0,0.0,1,True,1627.3612929916635,1449.4827956982042,1641.1535049039396,1435.690583785928,177.8784972934593,0.8319620826825929
2023,2023-01-08,True,False,phi,det,123,111,35,36,29,23,0,27,27,28,29,0,away,5.5,229.0,-210.0,180.0,2.5,112.5,1.0,1,False,1330.5351686854515,1608.6215002105096,1300.7377853163691,1638.418883579592,-278.0863315250581,0.26402597634849767
2023,2023-01-08,True,False,utah,mem,118,123,24,28,38,28,0,23,43,32,25,0,home,5.5,234.0,190.0,-220.0,1.0,118.5,0.0,1,True,1699.5241432500156,1435.690583785928,1706.3636195588072,1428.8511074771366,263.83355946408756,0.8903571418756647
2023,2023-01-08,True,False,dal,okc,109,120,34,21,28,26,0,33,36,27,24,0,home,4.0,227.0,155.0,-175.0,2.5,110.0,1.0,1,True,1486.366208135182,1581.7756936841258,1540.311892791844,1527.8300090274638,-95.40948554894385,0.506605896943449
2023,2023-01-08,True,False,atl,lac,112,108,25,41,19,27,0,26,26,35,21,0,home,2.5,233.5,120.0,-140.0,5.0,112.5,0.0,0,False,1408.2720483870926,1360.6768825403283,1360.920460196703,1408.0284707307178,47.5951658467643,0.7004886965954389
2023,2023-01-08,True,False,cle,phx,112,98,35,22,23,32,0,26,28,25,19,0,away,6.0,215.0,-230.0,195.0,3.0,105.0,1.0,0,False,1367.5626711606797,1553.4548380290234,1322.4211778544304,1598.5963313352727,-185.8921668683438,0.3788493393770578
2023,2023-01-08,True,False,bkn,mia,102,101,31,35,13,23,0,30,34,18,19,0,away,3.0,223.5,-130.0,110.0,1.0,108.0,0.0,0,False,1616.6170979916076,1766.3452578942315,1603.5356873241449,1779.4266685616942,-149.72815990262393,0.42892014313137344
2023,2023-01-08,True,False,min,hou,104,96,24,34,19,27,0,33,29,19,15,0,away,3.5,232.5,-160.0,140.0,2.5,112.0,1.0,0,False,1183.4500150042481,1507.0589643109045,1162.535911651437,1527.9730676637157,-323.6089493066563,0.21632769615291603
2023,2023-01-08,True,False,cha,ind,111,116,27,18,34,32,0,15,32,26,43,0,home,5.5,240.5,190.0,-220.0,3.0,114.5,0.0,0,True,1584.479888388244,1335.039834384505,1591.9252708241106,1327.5944519486384,249.44005400373908,0.8820032488568915
2023,2023-01-08,True,False,por,tor,105,117,27,26,21,31,0,34,24,31,28,0,home,3.0,226.5,130.0,-150.0,0.5,116.5,1.0,0,True,1336.8224519093772,1440.5775688973144,1393.8612028139012,1383.5388179927904,-103.7551169879373,0.4945961626653559
2023,2023-01-09,True,False,lal,den,109,122,23,25,31,30,0,29,33,32,28,0,home,13.0,236.5,550.0,-800.0,3.0,120.0,2.0,0,True,1668.9047349279776,1601.162532977709,1698.893823873138,1571.1734440325486,67.74220195026874,0.7242419626555195
2023,2023-01-09,True,False,orl,sac,111,136,31,21,32,27,0,41,31,35,29,0,home,6.5,237.0,215.0,-255.0,2.5,114.5,1.0,1,True,1434.5182299457342,1432.1805837520408,1485.5542737240266,1381.1445399737484,2.3376461936934447,0.6431592705434194
2023,2023-01-09,True,False,no,wsh,132,112,35,33,32,32,0,37,19,32,24,0,home,1.5,227.5,105.0,-125.0,3.5,115.0,0.0,1,False,1510.91034236817,1497.771324873527,1424.001139438096,1584.6805278036009,13.139017494642985,0.6572989708934659
2023,2023-01-09,True,False,mil,ny,111,107,22,24,27,38,0,22,29,27,29,0,home,0.0,218.5,100.0,-120.0,1.5,112.0,0.0,0,False,1625.120638113872,1452.2920512288656,1575.134609365627,1502.2780799771106,172.82858688500642,0.8278588077788386
2023,2023-01-09,True,False,chi,bos,99,107,25,25,23,26,0,28,31,25,23,0,home,9.0,236.5,320.0,-380.0,2.0,119.5,0.0,0,True,1645.3262708849638,1641.1535049039396,1679.4484582116736,1607.0313175772299,4.172765981024213,0.6455800361778019
2023,2023-01-09,True,False,sa,mem,113,121,25,36,31,21,0,35,37,25,24,0,home,11.0,234.0,425.0,-550.0,3.0,113.0,0.0,2,True,1706.3636195588072,1377.15556990629,1712.032207435191,1371.4869820299064,329.20804965251705,0.9220635317393886
2023,2023-01-10,True,False,cle,utah,114,116,24,31,29,30,0,31,24,33,28,0,away,2.5,226.5,-140.0,120.0,1.5,110.5,0.0,1,True,1428.8511074771366,1598.5963313352727,1457.8082880416844,1569.6391507707249,-169.74522385813611,0.40095541721891526
2023,2023-01-10,True,False,orl,por,109,106,33,17,32,27,0,20,30,23,33,0,home,8.5,229.0,280.0,-340.0,6.0,112.0,0.0,0,False,1383.5388179927904,1381.1445399737484,1344.3972152996068,1420.286142666932,2.3942780190420763,0.6432340855878169
2023,2023-01-10,True,False,phx,gs,125,113,31,28,39,27,0,26,19,34,34,0,home,12.0,230.0,525.0,-750.0,11.5,116.0,0.0,1,False,1510.6333994681406,1322.4211778544304,1430.8383182646141,1402.216259057957,188.2122216137102,0.840114856590837
2023,2023-01-10,True,False,okc,mia,111,112,26,30,32,23,0,31,32,26,23,0,home,1.5,221.0,105.0,-125.0,1.0,108.0,0.0,1,True,1603.5356873241449,1540.311892791844,1611.595653647948,1532.251926468041,63.22379453230087,0.7190171733776987
2023,2023-01-10,True,False,cha,tor,120,132,34,32,28,26,0,35,37,24,36,0,home,7.5,229.5,250.0,-300.0,2.5,111.5,1.0,1,True,1393.8612028139012,1327.5944519486384,1423.2283736971713,1298.2272810653683,66.2667508652628,0.7225424762488442
2023,2023-01-10,True,False,det,phi,116,147,20,23,32,41,0,27,38,42,40,0,home,14.5,225.5,800.0,-1400.0,2.0,115.5,1.0,1,True,1638.418883579592,1300.7377853163691,1646.9120167189956,1292.2446521769655,337.6810982632228,0.9254972367390654
2023,2023-01-10,True,False,dal,lac,101,113,25,22,31,23,0,31,38,19,25,0,home,1.5,224.5,100.0,-120.0,5.5,109.0,1.0,0,True,1360.920460196703,1527.8300090274638,1428.0841049747762,1460.6663642493907,-166.90954883076074,0.4048824130626812
2023,2023-01-11,True,False,hou,sac,115,135,27,35,33,20,0,31,36,27,41,0,home,9.0,236.5,320.0,-380.0,3.5,114.5,1.0,1,True,1485.5542737240266,1162.535911651437,1493.7087281080974,1154.3814572673662,323.01836207258975,0.919464209878779
2023,2023-01-11,True,False,phx,den,97,126,28,26,21,22,0,34,36,30,26,0,home,14.5,226.5,700.0,-1100.0,4.0,114.5,1.0,0,True,1698.893823873138,1402.216259057957,1709.5697170853218,1391.540365845773,296.6775648151811,0.9074978759536667
2023,2023-01-11,True,False,sa,mem,129,135,37,25,35,32,0,32,44,36,23,0,home,13.5,241.0,700.0,-1100.0,3.0,117.0,0.0,1,True,1712.032207435191,1371.4869820299064,1716.7185654640452,1366.800624001052,340.54522540528455,0.9266261216544337
2023,2023-01-11,True,False,ind,ny,113,119,21,20,40,32,0,37,25,33,24,0,home,5.0,226.5,175.0,-200.0,3.0,110.5,1.0,1,True,1575.134609365627,1591.9252708241106,1607.8834472078909,1559.1764329818468,-16.790661458483555,0.6175096935982916
2023,2023-01-11,True,False,min,det,118,135,34,30,23,31,0,31,34,36,34,0,away,6.5,233.5,-250.0,210.0,4.5,113.5,0.0,1,True,1292.2446521769655,1527.9730676637157,1379.4830014446366,1440.7347183960446,-235.72841548675024,0.31403642086283384
2023,2023-01-11,True,False,chi,wsh,97,100,29,30,21,17,0,25,21,41,13,0,away,1.5,227.5,-125.0,105.0,3.0,116.0,0.0,0,True,1424.001139438096,1607.0313175772299,1461.6524883775844,1569.3799686377415,-183.0301781391338,0.38273392729795674
2023,2023-01-11,True,False,no,bos,114,125,32,26,27,29,0,35,29,33,28,0,home,9.0,230.0,330.0,-400.0,3.5,116.5,1.0,1,True,1679.4484582116736,1584.6805278036009,1703.9961759119913,1560.1328101032832,94.76793040807274,0.7542064781633198
2023,2023-01-11,True,False,mil,atl,114,105,39,28,22,25,0,19,27,36,23,0,away,4.0,227.5,-175.0,155.0,3.5,115.5,1.0,0,False,1408.0284707307178,1502.2780799771106,1356.5332556222509,1553.7732950855775,-94.24960924639277,0.5082747219551847
2023,2023-01-12,True,False,okc,phi,133,114,35,32,34,32,0,35,22,28,29,0,home,10.5,233.5,375.0,-450.0,11.0,119.0,0.0,1,False,1646.9120167189956,1532.251926468041,1555.2879918609317,1623.8759513261048,114.66009025095468,0.7748116509171977
2023,2023-01-12,True,False,bos,bkn,109,98,29,31,24,25,0,31,26,25,16,0,away,1.0,225.0,-115.0,-105.0,0.5,109.5,1.0,0,False,1779.4266685616942,1703.9961759119913,1704.9054440495206,1778.5174004241649,75.43049264970296,0.7329925726222433
2023,2023-01-12,True,False,cha,tor,114,124,29,26,33,26,0,38,31,28,27,0,home,7.5,229.5,260.0,-310.0,0.5,111.0,1.0,1,True,1423.2283736971713,1298.2272810653683,1443.3893819734667,1278.0662727890729,125.00109263180298,0.785027798443557
2023,2023-01-12,True,False,mil,mia,102,108,23,22,28,29,0,14,31,33,30,0,home,5.5,211.5,190.0,-220.0,4.0,107.0,1.0,0,True,1611.595653647948,1553.7732950855775,1634.8502712493164,1530.518677484209,57.82235856237048,0.7126928163749923
2023,2023-01-12,True,False,dal,lal,119,115,36,23,23,19,18,22,26,28,25,14,away,2.5,236.5,-140.0,120.0,2.0,115.0,1.0,0,False,1571.1734440325486,1460.6663642493907,1522.032675708767,1509.807132573172,110.5070797831579,0.7706130691503679
2023,2023-01-12,True,False,cle,por,119,113,27,24,36,32,0,32,26,33,22,0,away,1.5,224.0,-120.0,100.0,2.0,108.5,1.0,1,False,1344.3972152996068,1569.6391507707249,1316.3837313985807,1597.652634671751,-225.24193547111804,0.32718370319861345
2023,2023-01-13,True,False,hou,sac,114,139,32,34,26,22,0,36,33,43,27,0,home,9.5,238.0,350.0,-420.0,4.5,116.0,1.0,1,True,1493.7087281080974,1154.3814572673662,1501.6135507901572,1146.4766345853063,339.3272708407312,0.9261480070725847
2023,2023-01-13,True,False,den,lac,115,103,32,25,29,29,0,34,24,23,22,0,home,5.0,221.0,170.0,-190.0,3.0,107.5,0.0,0,False,1428.0841049747762,1709.5697170853218,1398.713860179414,1738.939961880684,-281.4856121105456,0.26024122526597243
2023,2023-01-13,True,False,orl,utah,108,112,27,29,27,25,0,36,25,27,24,0,home,5.5,233.5,180.0,-210.0,1.5,113.5,0.0,0,True,1457.8082880416844,1420.286142666932,1479.0910742964484,1399.003356412168,37.52214537475243,0.6881835989277514
2023,2023-01-13,True,False,gs,sa,144,113,33,41,40,30,0,28,32,29,24,0,away,8.5,243.5,-340.0,280.0,0.5,118.0,1.0,1,False,1366.800624001052,1430.8383182646141,1282.6904206344666,1514.9485216311996,-64.03769426356212,0.5515698785687959
2023,2023-01-13,True,False,phx,min,116,121,25,24,26,41,0,35,29,28,29,0,home,6.5,222.5,200.0,-240.0,1.0,114.0,0.0,1,True,1440.7347183960446,1391.540365845773,1463.0954120161307,1369.179672225687,49.19435255027156,0.7024165115577609
2023,2023-01-13,True,False,no,det,116,110,32,27,33,24,0,28,22,33,27,0,away,5.5,235.0,-210.0,180.0,0.0,119.5,1.0,0,False,1379.4830014446366,1560.1328101032832,1346.4356938814517,1593.180117666468,-180.64980865864663,0.3859762858296359
2023,2023-01-13,True,False,ny,wsh,112,108,19,31,30,32,0,21,32,23,32,0,away,3.5,220.0,-155.0,135.0,3.0,106.0,1.0,2,False,1461.6524883775844,1607.8834472078909,1430.928703038593,1638.6072325468822,-146.23095883030646,0.43385820802331226
2023,2023-01-13,True,False,atl,ind,113,111,36,19,29,29,0,27,31,31,22,0,away,3.5,239.0,-160.0,140.0,3.0,116.0,0.0,0,False,1559.1764329818468,1356.5332556222509,1524.9729976726903,1390.7366909314073,202.64317735959594,0.850960478652537
2023,2023-01-13,True,False,okc,chi,124,110,33,39,19,33,0,31,27,32,20,0,home,4.5,233.5,155.0,-175.0,5.5,113.0,0.0,1,False,1569.3799686377415,1623.8759513261048,1502.0442972673754,1691.2116226964708,-54.495982688363256,0.565113662547853
2023,2023-01-14,True,False,mil,mia,95,111,20,25,26,24,0,28,25,24,34,0,home,4.0,213.0,155.0,-175.0,0.5,109.0,1.0,0,True,1634.8502712493164,1530.518677484209,1661.4605599024012,1503.9083888311243,104.3315937651073,0.7642687671510644
2023,2023-01-14,True,False,bos,cha,122,106,31,31,33,27,0,34,32,19,21,0,away,7.5,232.5,-330.0,270.0,6.0,112.5,1.0,0,False,1278.0662727890729,1778.5174004241649,1266.7601458048825,1789.8235274083552,-500.451127635092,0.09069469900596817
2023,2023-01-14,True,False,dal,por,119,136,30,26,34,29,0,31,40,35,30,0,home,3.0,226.5,150.0,-170.0,1.5,110.5,1.0,1,True,1316.3837313985807,1509.807132573172,1396.6698830095686,1429.5209809621842,-193.4234011745914,0.36870222354572313
2023,2023-01-14,True,False,mem,ind,130,112,36,32,29,33,0,28,24,27,33,0,away,7.5,239.5,-330.0,270.0,0.5,122.0,1.0,1,False,1524.9729976726903,1716.7185654640452,1476.914044806558,1764.7775183301776,-191.74556779135492,0.3709531549147429
2023,2023-01-14,True,False,cle,min,102,110,25,29,26,22,0,27,22,28,33,0,away,4.0,224.0,-175.0,155.0,1.0,109.0,0.0,0,True,1463.0954120161307,1597.652634671751,1516.2265291262438,1544.521517561638,-134.5572226556203,0.4504315119530763
2023,2023-01-14,True,False,phi,utah,118,117,41,25,22,30,0,24,32,29,32,0,away,7.0,231.5,-290.0,245.0,0.5,113.0,0.0,1,False,1479.0910742964484,1555.2879918609317,1462.798730666626,1571.5803354907541,-76.19691756448333,0.5342018945273561
2023,2023-01-14,True,False,atl,tor,114,103,34,35,27,18,0,25,32,22,24,0,home,7.5,232.0,240.0,-280.0,6.0,111.5,0.0,0,False,1443.3893819734667,1390.7366909314073,1370.0010051435065,1464.1250677613675,52.65269104205936,0.7065609520423591
2023,2023-01-15,True,False,phi,lal,113,112,33,24,29,27,0,32,26,25,29,0,away,5.5,234.5,-210.0,180.0,4.0,114.5,0.0,0,False,1522.032675708767,1571.5803354907541,1504.584477175893,1589.0285340236283,-49.54765978198702,0.5721006703596309
2023,2023-01-15,True,False,dal,por,123,140,31,23,41,28,0,33,28,37,42,0,home,9.0,224.0,320.0,-380.0,3.0,108.5,1.0,1,True,1396.6698830095686,1429.5209809621842,1448.1191375559047,1378.0717264158482,-32.851097952615646,0.5954495346506692
2023,2023-01-15,True,False,orl,den,116,119,25,29,34,28,0,31,38,25,25,0,home,10.5,234.0,425.0,-550.0,0.5,113.0,0.0,1,True,1738.939961880684,1399.003356412168,1742.2909669378746,1395.6523513549773,339.93660546851606,0.9263875619655485
2023,2023-01-15,True,False,sac,sa,132,119,33,30,39,30,0,32,32,26,29,0,away,6.5,246.0,-250.0,210.0,4.5,119.0,1.0,1,False,1282.6904206344666,1501.6135507901572,1243.7627743504652,1540.5411970741586,-218.92313015569061,0.33524062694624607
2023,2023-01-15,True,False,ny,det,117,104,39,23,28,27,0,22,33,25,24,0,away,8.5,225.0,-350.0,290.0,2.5,109.0,1.0,0,False,1346.4356938814517,1638.6072325468822,1317.5715648494888,1667.471361578845,-292.1715386654305,0.24857471839774312
2023,2023-01-15,True,False,gs,chi,118,132,20,42,24,32,0,35,24,33,40,0,away,6.0,237.5,-230.0,195.0,3.0,116.5,0.0,1,True,1502.0442972673754,1514.9485216311996,1546.9916806291774,1470.0011382693976,-12.904224363824142,0.6227797255659518
2023,2023-01-15,True,False,hou,lac,100,121,30,33,27,10,0,31,31,29,30,0,home,10.0,221.0,400.0,-500.0,6.5,108.5,1.0,2,True,1398.713860179414,1146.4766345853063,1411.3486337934376,1133.8418609712828,252.2372255941077,0.8836687409508612
2023,2023-01-15,True,False,okc,bkn,112,102,28,20,27,37,0,24,26,30,22,0,home,4.5,230.5,155.0,-175.0,2.5,116.0,0.0,0,False,1704.9054440495206,1691.2116226964708,1636.417540596022,1759.6995261499694,13.69382135304977,0.6580180141897272
2023,2023-01-16,True,False,hou,lal,132,140,35,26,37,34,0,37,36,29,38,0,home,7.5,236.5,240.0,-280.0,0.0,116.0,1.0,1,True,1504.584477175893,1133.8418609712828,1508.9852984975169,1129.441039649659,370.74261620461016,0.9376031699875711
2023,2023-01-16,True,False,utah,min,126,125,27,25,35,39,0,27,31,37,30,0,home,4.0,232.0,155.0,-175.0,0.0,119.0,0.0,1,False,1516.2265291262438,1462.798730666626,1495.7436634623696,1483.2815963305002,53.42779845961786,0.7074851911160154
2023,2023-01-16,True,False,phx,mem,106,136,36,29,23,18,0,29,39,39,29,0,home,12.5,231.0,550.0,-800.0,6.5,118.0,1.0,1,True,1764.7775183301776,1369.179672225687,1770.6814759927868,1363.2757145630778,395.5978461044906,0.945467905840371
2023,2023-01-16,True,False,mia,atl,113,121,26,24,30,33,0,38,32,21,30,0,home,1.0,223.0,-105.0,-115.0,5.0,108.5,1.0,1,True,1464.1250677613675,1661.4605599024012,1525.6628434298457,1599.922784233923,-197.33549214103368,0.3634761666725989
2023,2023-01-16,True,False,bos,cha,130,118,35,31,26,38,0,22,33,31,32,0,away,8.5,229.5,-350.0,290.0,1.5,112.0,1.0,1,False,1266.7601458048825,1789.8235274083552,1257.6732215197767,1798.910451693461,-523.0633816034726,0.08051660196678048
2023,2023-01-16,True,False,no,cle,103,113,25,25,31,22,0,24,23,31,35,0,home,7.5,223.5,250.0,-300.0,6.5,114.0,1.0,0,True,1544.521517561638,1593.180117666468,1589.535923496632,1548.165711731474,-48.65860010483016,0.5733530600997179
2023,2023-01-16,True,False,tor,ny,123,121,29,27,25,29,13,25,34,28,23,11,home,1.5,218.5,100.0,-120.0,0.0,106.5,0.0,1,False,1667.471361578845,1370.0010051435065,1633.647104991849,1403.8252617305027,297.47035643533854,0.9078802640956971
2023,2023-01-16,True,False,ind,mil,119,132,38,38,22,21,0,32,33,28,39,0,home,5.0,228.5,175.0,-200.0,5.0,112.0,1.0,1,True,1503.9083888311243,1476.914044806558,1540.6512212292837,1440.1712124083986,26.994344024566317,0.675033058956169
2023,2023-01-16,True,False,gs,wsh,127,118,35,34,24,34,0,33,31,29,25,0,away,3.0,234.5,-140.0,120.0,0.5,114.5,1.0,1,False,1430.928703038593,1470.0011382693976,1371.4784134378883,1529.4514278701024,-39.07243523080456,0.5867939254803708
