season,date,regular,playoffs,away_team,home_team,score_away,score_home,q1_away,q2_away,q3_away,q4_away,ot_away,q1_home,q2_home,q3_home,q4_home,ot_home,whos_favored,spread,total,away_ml,home_ml,h2_spread,h2_total,id_spread,id_total,home_won,home_elo_before,away_elo_before,home_elo_after,away_elo_after,elo_diff,elo_prob_home
2016,2015-10-27,True,False,det,atl,106,94,25,23,34,24,0,25,18,23,28,0,home,7.0,196.5,255.0,-320.0,7.0,98.0,0.0,1,False,1519.1267758486174,1454.4133814849156,1442.7289190640813,1530.8112382694517,64.71339436370181,0.7207463001750267
2016,2015-10-27,True,False,no,gs,95,111,35,14,26,20,0,39,20,35,17,0,home,10.5,215.0,510.0,-710.0,3.0,108.0,1.0,0,True,1772.9135428968375,1591.2404717844101,1790.320992170936,1573.8330225103116,181.67307111242735,0.8349937016093936
2016,2015-10-27,True,False,cle,chi,95,97,17,23,28,27,0,26,20,25,26,0,home,4.0,198.5,160.0,-180.0,0.0,97.0,0.0,0,True,1630.2100775871554,1624.9790722365644,1647.1862447201163,1608.0029051036036,5.231005350590976,0.646972620697647
2016,2015-10-28,True,False,ny,mil,122,97,27,36,27,32,0,23,28,22,24,0,home,4.5,194.5,175.0,-205.0,5.5,98.5,0.0,1,False,1487.354441987988,1221.4007989284885,1386.396369244615,1322.3588716718614,265.9536430594994,0.8915428665329054
2016,2015-10-28,True,False,den,hou,105,85,27,26,23,29,0,21,28,14,22,0,home,10.5,211.5,510.0,-710.0,9.0,106.0,0.0,0,False,1705.1176606185586,1457.9823688198567,1610.5277982154619,1552.5722312229534,247.13529179870193,0.8806154634513199
2016,2015-10-28,True,False,min,lal,112,111,22,29,37,24,0,31,29,35,16,0,home,2.5,202.5,120.0,-140.0,1.5,104.5,0.0,1,False,1206.8005978535693,1144.5878860685443,1186.189829753581,1165.1986541685326,62.21271178502502,0.7178398001002477
2016,2015-10-28,True,False,dal,phx,111,95,24,30,34,23,0,22,23,21,29,0,home,6.0,203.0,210.0,-260.0,6.0,102.0,0.0,1,False,1387.5208385052008,1553.6915287204604,1336.9198279330083,1604.292539292653,-166.17069021525958,0.4059076489818387
2016,2015-10-28,True,False,no,por,94,112,18,25,24,27,0,43,27,17,25,0,home,2.0,206.5,105.0,-125.0,5.0,102.0,1.0,0,True,1463.9643419632291,1573.8330225103116,1530.5814718228844,1507.2158926506563,-109.86868054708248,0.4858016452909659
2016,2015-10-28,True,False,cle,mem,106,76,26,27,26,27,0,10,22,23,21,0,home,5.0,189.0,185.0,-215.0,7.5,93.5,0.0,0,False,1608.502163090379,1608.0029051036036,1511.739570551649,1704.7654976423337,0.49925798677554667,0.6407268409937251
2016,2015-10-28,True,False,lac,sac,111,104,25,31,29,26,0,17,29,28,30,0,away,5.5,212.0,-230.0,190.0,0.5,106.0,1.0,1,False,1415.2939873252164,1760.5439516807419,1397.3650307952105,1778.4729082107478,-345.24996435552544,0.19595467177389045
2016,2015-10-28,True,False,phi,bos,95,112,26,14,27,28,0,21,30,28,33,0,home,12.5,198.0,800.0,-1300.0,4.5,98.5,1.0,1,True,1687.8618605831623,1217.6291493376502,1690.991082941195,1214.4999269796176,470.23271124551206,0.9638243682434465
2016,2015-10-28,True,False,utah,det,87,92,15,29,20,23,0,16,25,28,23,0,home,0.0,191.0,-105.0,-115.0,0.5,100.0,1.0,0,True,1530.8112382694517,1608.3622962297982,1567.6865142883687,1571.4870202108812,-77.5510579603465,0.532261740837092
2016,2015-10-28,True,False,cha,mia,94,104,27,17,16,34,0,23,31,19,31,0,home,6.5,193.5,210.0,-260.0,0.5,94.0,1.0,1,True,1438.3873294539128,1306.993624000539,1457.861376295148,1287.519577159304,131.39370545337374,0.7911727927534767
2016,2015-10-28,True,False,ind,tor,99,106,30,15,23,31,0,20,17,35,34,0,home,5.5,199.5,195.0,-235.0,4.5,103.0,1.0,1,True,1548.601877753523,1556.9408341403944,1582.5527841683092,1522.9899277256081,-8.33895638687136,0.6289333006189604
2016,2015-10-28,True,False,sa,okc,106,112,27,28,28,23,0,29,21,29,33,0,home,4.0,207.0,165.0,-185.0,3.5,108.5,1.0,1,True,1538.9235786289864,1789.574415052145,1599.214309468323,1729.2836842128083,-250.65083642315858,0.29583394003190977
2016,2015-10-28,True,False,wsh,orl,88,87,31,22,12,23,0,29,22,16,20,0,away,4.0,202.5,-180.0,160.0,2.5,100.5,0.0,0,False,1325.8581452258645,1514.315871978607,1314.4096200950673,1525.7643971094042,-188.45772675274247,0.37538023708395035
2016,2015-10-28,True,False,chi,bkn,115,100,30,28,28,29,0,19,36,16,29,0,away,5.0,196.5,-205.0,175.0,2.5,100.5,1.0,1,False,1460.907130214684,1647.1862447201163,1414.7537485120856,1693.3396264227147,-186.2791145054323,0.3783253119465567
2016,2015-10-29,True,False,mem,ind,112,103,29,21,23,39,0,20,29,26,28,0,away,3.0,191.0,-145.0,125.0,2.5,97.0,1.0,1,False,1522.9899277256081,1511.739570551649,1457.3831471657943,1577.3463511114628,11.250357173959173,0.6548458046725729
2016,2015-10-29,True,False,atl,ny,112,101,30,31,23,28,0,20,25,27,29,0,away,4.5,199.0,-185.0,165.0,2.5,101.5,1.0,1,False,1322.3588716718614,1442.7289190640813,1270.8924236957257,1494.195367040217,-120.37004739221993,0.47071868859034277
2016,2015-10-29,True,False,dal,lac,88,104,17,26,25,20,0,22,29,34,19,0,home,12.0,212.5,650.0,-950.0,6.0,105.0,1.0,0,True,1778.4729082107478,1604.292539292653,1796.6315082998422,1586.1339392035586,174.18036891809493,0.8289649085328633
2016,2015-10-30,True,False,bkn,sa,75,102,21,26,17,11,0,25,17,34,26,0,home,13.5,202.0,900.0,-1600.0,11.0,100.5,1.0,0,True,1729.2836842128083,1414.7537485120856,1738.6782315039345,1405.3592012209594,314.5299357007227,0.9157709284919936
2016,2015-10-30,True,False,por,phx,92,110,23,26,20,23,0,27,28,28,27,0,home,4.5,204.5,170.0,-200.0,1.0,102.0,1.0,0,True,1336.9198279330083,1530.5814718228844,1418.7491590163597,1448.752140739533,-193.66164388987613,0.368383064556456
2016,2015-10-30,True,False,lal,sac,114,132,24,26,33,31,0,40,34,28,30,0,home,7.0,212.0,245.0,-305.0,3.0,106.0,1.0,1,True,1397.3650307952105,1186.189829753581,1412.6524087264972,1170.9024518222943,211.1752010416294,0.8570827215586084
2016,2015-10-30,True,False,min,den,95,78,26,23,30,16,0,16,23,24,15,0,home,3.5,204.0,140.0,-160.0,5.0,103.0,0.0,0,False,1552.5722312229534,1165.1986541685326,1466.1325637000245,1251.6383216914614,387.3735770544208,0.9429748833194042
2016,2015-10-30,True,False,mia,cle,92,102,23,19,25,25,0,29,18,29,26,0,home,4.5,200.5,185.0,-215.0,1.5,98.0,1.0,0,True,1704.7654976423337,1457.861376295148,1714.8791214584412,1447.7477524790404,246.90412134718576,0.8804754910662028
2016,2015-10-30,True,False,cha,atl,94,97,22,30,17,25,0,29,24,23,21,0,home,4.0,194.5,155.0,-175.0,2.5,97.0,0.0,0,True,1494.195367040217,1287.519577159304,1501.5816380133786,1280.1333061861424,206.67578988091304,0.8538806598566885
2016,2015-10-30,True,False,tor,bos,113,103,26,28,30,29,0,26,28,21,28,0,home,2.0,200.0,110.0,-130.0,1.0,101.0,0.0,1,False,1690.991082941195,1582.5527841683092,1617.8408183686925,1655.7030487408117,108.43829877288567,0.7685011758714216
2016,2015-10-30,True,False,okc,orl,139,136,31,22,22,42,22,35,32,26,24,19,away,7.5,205.5,-365.0,300.0,8.5,104.0,0.0,1,False,1314.4096200950673,1599.214309468323,1298.7590297777506,1614.8648997856399,-284.80468937325577,0.25657987542929256
2016,2015-10-30,True,False,utah,phi,99,71,28,22,24,25,0,19,14,20,18,0,away,7.5,186.0,-325.0,260.0,1.0,95.5,1.0,0,False,1214.4999269796176,1571.4870202108812,1187.0119633795855,1598.9749838109133,-356.98709323126354,0.18552763909008388
2016,2015-10-30,True,False,chi,det,94,98,19,20,25,19,11,23,12,29,19,15,away,2.5,203.5,-145.0,125.0,0.5,103.5,0.0,0,True,1567.6865142883687,1693.3396264227147,1605.7037514541848,1655.3223892568985,-125.65311213434597,0.46314914621455444
2016,2015-10-30,True,False,gs,hou,112,92,30,27,24,31,0,29,15,21,27,0,away,1.0,216.5,-115.0,-105.0,4.0,107.5,1.0,0,False,1610.5277982154619,1790.320992170936,1558.6661660238383,1842.1826243625596,-179.79319395547418,0.3871455977121665
2016,2015-10-30,True,False,wsh,mil,118,113,22,39,21,36,0,33,32,27,21,0,away,2.0,200.0,-135.0,115.0,2.0,100.5,1.0,1,False,1386.396369244615,1525.7643971094042,1351.4251883047027,1560.7355780493165,-139.36802786478916,0.4435860842184438
2016,2015-10-31,True,False,phx,por,101,90,27,29,18,27,0,23,25,23,19,0,home,2.0,204.0,105.0,-125.0,2.5,102.0,0.0,0,False,1448.752140739533,1418.7491590163597,1376.6946182806876,1490.806681475205,30.002981723173207,0.6788206619948259
2016,2015-10-31,True,False,sac,lac,109,114,31,24,24,30,0,24,35,24,31,0,home,10.5,216.0,485.0,-635.0,5.0,109.0,0.0,1,True,1796.6315082998422,1412.6524087264972,1799.9402801259384,1409.343636900401,383.9790995733449,0.9419150037204487
2016,2015-10-31,True,False,bkn,mem,91,101,26,19,24,22,0,31,25,23,22,0,home,12.0,192.5,705.0,-955.0,4.0,96.5,0.0,0,True,1577.3463511114628,1405.3592012209594,1592.905491354021,1389.8000609784012,171.98714989050336,0.8271674421913314
2016,2015-10-31,True,False,utah,ind,97,76,23,19,28,27,0,29,20,12,15,0,home,4.0,193.0,140.0,-160.0,0.5,103.0,0.0,0,False,1457.3831471657943,1598.9749838109133,1397.4822419066923,1658.8758890700153,-141.59183664511897,0.44042882974804826
2016,2015-10-31,True,False,gs,no,134,120,31,33,41,29,0,28,37,26,29,0,away,5.5,211.5,-235.0,200.0,5.0,105.0,1.0,1,False,1507.2158926506563,1842.1826243625596,1482.7357385013786,1866.6627785118374,-334.9667317119033,0.20544934489392563
2016,2015-10-31,True,False,ny,wsh,117,110,29,30,28,30,0,29,27,34,20,0,home,7.0,205.0,260.0,-320.0,6.0,101.5,0.0,1,False,1560.7355780493165,1270.8924236957257,1496.5999878964044,1335.0280138486378,289.84315435359076,0.9041419212698547
2016,2015-11-01,True,False,den,okc,93,117,22,28,20,23,0,29,29,37,22,0,home,12.5,213.5,800.0,-1300.0,5.0,107.0,1.0,0,True,1614.8648997856399,1466.1325637000245,1638.6376825018299,1442.3597809838345,148.73233608561532,0.8071844890278584
2016,2015-11-01,True,False,dal,lal,103,93,32,22,27,22,0,21,24,19,29,0,away,4.0,213.0,-180.0,160.0,0.0,105.0,1.0,0,False,1170.9024518222943,1586.1339392035586,1156.122882753958,1600.913508271895,-415.2314873812643,0.14008088710881972
2016,2015-11-01,True,False,atl,cha,94,92,28,18,24,24,0,18,21,37,16,0,away,2.0,195.5,-140.0,120.0,1.0,100.0,2.0,0,False,1280.1333061861424,1501.5816380133786,1264.0843446740046,1517.6305995255163,-221.4483318272362,0.3320089617039142
2016,2015-11-01,True,False,sa,bos,95,87,23,21,20,31,0,13,18,23,33,0,away,5.5,203.0,-260.0,210.0,0.5,106.0,1.0,0,False,1617.8408183686925,1738.6782315039345,1572.3975295694102,1784.1215203032168,-120.83741313524206,0.4700484551368043
2016,2015-11-01,True,False,mil,tor,87,106,19,22,30,16,0,24,31,26,25,0,home,6.0,201.0,200.0,-240.0,1.5,99.0,1.0,0,True,1655.7030487408117,1351.4251883047027,1664.6868398926572,1342.4413971528572,304.277860436109,0.9111056630492962
2016,2015-11-01,True,False,hou,mia,89,109,35,28,12,14,0,30,14,31,34,0,home,4.0,207.5,150.0,-170.0,5.5,101.5,1.0,0,True,1447.7477524790404,1558.6661660238383,1516.8314323083073,1489.5824861945714,-110.91841354479789,0.4842923103377134
2016,2015-11-01,True,False,orl,chi,87,92,26,14,23,24,0,29,25,21,17,0,home,8.0,199.0,300.0,-365.0,0.5,99.0,0.0,0,True,1655.3223892568985,1298.7590297777506,1659.2362415980774,1294.8451774365717,356.56335947914795,0.9326539490215261
2016,2015-11-02,True,False,mem,gs,69,119,22,12,15,20,0,21,32,40,26,0,home,9.0,204.0,380.0,-475.0,0.5,102.5,1.0,0,True,1866.6627785118374,1592.905491354021,1880.8136530923948,1578.7546167734636,273.75728715781634,0.8958107198887794
2016,2015-11-02,True,False,phx,lac,96,102,23,16,33,24,0,22,26,27,27,0,home,9.0,207.5,369.0,-464.0,3.0,103.0,0.0,0,True,1799.9402801259384,1490.806681475205,1805.607782658189,1485.1391789429545,309.13359865073335,0.9133436819571944
2016,2015-11-02,True,False,okc,hou,105,110,26,39,14,26,0,21,33,28,28,0,away,4.5,217.5,-180.0,160.0,1.0,109.0,0.0,0,True,1489.5824861945714,1638.6376825018299,1534.5301174546282,1593.690051241773,-149.05519630725848,0.42986930353307273
2016,2015-11-02,True,False,por,min,106,101,21,32,30,23,0,34,19,27,21,0,home,3.5,204.0,150.0,-170.0,2.5,102.0,0.0,1,False,1251.6383216914614,1376.6946182806876,1215.057486429472,1413.275453542677,-125.05629658922612,0.46400347472356707
2016,2015-11-02,True,False,sa,ny,94,84,18,29,23,24,0,21,14,30,19,0,away,7.5,202.0,-335.0,270.0,0.5,103.0,1.0,0,False,1335.0280138486378,1784.1215203032168,1322.5565627534913,1796.5929713983633,-449.093506454579,0.11820452442589728
2016,2015-11-02,True,False,cle,phi,107,100,18,31,33,25,0,32,22,18,28,0,away,13.0,195.0,-1450.0,850.0,11.5,96.0,0.0,1,False,1187.0119633795855,1714.8791214584412,1179.8302155778076,1722.060869260219,-527.8671580788557,0.07849296923136471
2016,2015-11-02,True,False,mil,bkn,103,96,33,26,21,23,0,33,15,32,16,0,away,1.5,194.0,-120.0,100.0,3.0,96.0,1.0,1,False,1389.8000609784012,1342.4413971528572,1328.6315480656608,1403.6099100655977,47.358663825544,0.7002029879435951
2016,2015-11-03,True,False,atl,mia,98,92,25,26,28,19,0,24,16,25,27,0,home,4.0,197.0,155.0,-175.0,5.5,101.0,0.0,0,False,1516.8314323083073,1517.6305995255163,1462.1198393762202,1572.3421924576035,-0.7991672172090603,0.6390044753683658
2016,2015-11-03,True,False,orl,no,103,94,28,29,21,25,0,17,26,26,25,0,home,5.0,205.5,175.0,-205.0,7.5,103.0,0.0,0,False,1482.7357385013786,1294.8451774365717,1411.1045879924704,1366.4763279454796,187.8905610648069,0.8398659859090466
2016,2015-11-03,True,False,ind,det,94,82,24,35,26,9,0,30,17,20,15,0,home,4.5,200.5,165.0,-185.0,6.0,105.0,0.0,0,False,1605.7037514541848,1397.4822419066923,1525.8409402324494,1477.3450531284277,208.2215095474926,0.8549873425050879
2016,2015-11-03,True,False,mem,sac,103,89,25,25,33,20,0,29,11,27,22,0,away,4.0,196.5,-185.0,165.0,1.0,98.5,1.0,0,False,1409.343636900401,1578.7546167734636,1361.5130348504345,1626.58521882343,-169.41097987306262,0.40141764619311504
2016,2015-11-03,True,False,tor,dal,102,91,31,18,25,28,0,25,26,22,18,0,away,2.0,205.5,-135.0,115.0,2.0,102.5,1.0,0,False,1600.913508271895,1664.6868398926572,1540.5659723391298,1725.0343758254223,-63.77333162076229,0.5519462502464054
2016,2015-11-03,True,False,den,lal,120,109,30,30,33,27,0,36,21,26,26,0,home,3.0,203.0,130.0,-150.0,3.0,103.5,0.0,1,False,1156.122882753958,1442.3597809838345,1128.2410896053636,1470.241574132429,-286.2368982298765,0.25501043150557406
2016,2015-11-03,True,False,chi,cha,105,130,20,27,30,28,0,37,32,31,30,0,away,3.5,193.5,-170.0,150.0,8.0,99.0,0.0,1,True,1264.0843446740046,1659.2362415980774,1385.2788807753648,1538.0417054967172,-395.15189692407284,0.15459187814503256
2016,2015-11-04,True,False,tor,okc,103,98,13,27,33,30,0,23,16,42,17,0,home,8.0,213.0,310.0,-380.0,6.0,104.5,0.0,0,False,1593.690051241773,1725.0343758254223,1557.8179330666724,1760.906494000523,-131.34432458364927,0.45501387160058737
2016,2015-11-04,True,False,por,utah,108,92,27,30,19,32,0,26,23,19,24,0,home,7.0,189.5,240.0,-300.0,6.5,95.5,0.0,1,False,1658.8758890700153,1413.275453542677,1570.8359710210057,1501.3153715916865,245.60043552733828,0.8796834591919356
2016,2015-11-04,True,False,sac,phx,97,118,18,22,29,28,0,28,21,32,37,0,home,10.0,209.5,405.0,-525.0,3.0,103.0,1.0,1,True,1485.1391789429545,1361.5130348504345,1511.3218679798802,1335.3303458135088,123.62614409252001,0.7836890836516471
2016,2015-11-04,True,False,orl,hou,114,119,35,24,29,22,4,34,34,22,20,9,home,9.0,207.5,400.0,-500.0,2.5,103.0,0.0,1,True,1534.5301174546282,1366.4763279454796,1546.4154948002356,1354.5909505998723,168.0537895091486,0.8239064566180052
2016,2015-11-04,True,False,lac,gs,108,112,25,31,27,25,0,31,32,19,30,0,home,7.5,217.5,280.0,-345.0,2.0,109.5,0.0,1,True,1880.8136530923948,1805.607782658189,1898.415983324973,1788.0054524256109,75.20587043420574,0.7327394318401009
2016,2015-11-04,True,False,bkn,atl,87,101,17,26,27,17,0,23,18,31,29,0,home,7.0,197.0,280.0,-345.0,6.0,96.0,1.0,0,True,1572.3421924576035,1328.6315480656608,1583.9799335445866,1316.9938069786776,243.71064439194265,0.8785273083810079
2016,2015-11-04,True,False,bos,ind,98,100,16,27,29,26,0,23,26,24,27,0,away,2.0,207.0,-129.0,109.0,2.5,107.5,0.0,0,True,1477.3450531284277,1572.3975295694102,1501.1703706438252,1548.5722120540127,-95.05247644098245,0.5071195775146782
2016,2015-11-04,True,False,phi,mil,87,91,21,24,22,20,0,29,18,21,23,0,home,8.5,194.5,325.0,-400.0,5.0,96.0,0.0,0,True,1403.6099100655977,1179.8302155778076,1411.3788727557348,1172.0612528876704,223.77969448779004,0.8657422468884279
2016,2015-11-04,True,False,ny,cle,86,96,32,14,23,17,0,18,20,32,26,0,home,10.5,206.0,525.0,-725.0,10.5,103.5,0.0,0,True,1722.060869260219,1322.5565627534913,1726.085459026553,1318.5319729871574,399.50430650672774,0.9466157716253639
2016,2015-11-04,True,False,sa,wsh,99,102,23,28,22,26,0,22,25,19,36,0,away,4.0,201.0,-175.0,155.0,2.0,103.0,0.0,2,True,1496.5999878964044,1796.5929713983633,1542.941784925228,1750.2511743695397,-299.99298350195886,0.24026044591628845
2016,2015-11-05,True,False,cha,dal,108,94,27,27,24,30,0,23,30,14,27,0,home,3.5,200.5,150.0,-170.0,3.0,100.0,0.0,1,False,1540.5659723391298,1385.2788807753648,1456.7157582706325,1469.129094843862,155.287091563765,0.8129890741951329
2016,2015-11-05,True,False,mia,min,96,84,22,27,24,23,0,15,24,22,23,0,away,4.5,197.5,-180.0,160.0,1.0,96.0,1.0,0,False,1215.057486429472,1462.1198393762202,1181.1826401465855,1495.9946856591066,-247.0623529467482,0.30015519325010465
2016,2015-11-05,True,False,mem,por,96,115,23,23,25,25,0,18,32,40,25,0,away,4.5,193.0,-185.0,165.0,4.5,99.5,0.0,1,True,1501.3153715916865,1626.58521882343,1572.006560842527,1555.8940295725895,-125.2698472317436,0.4636977570718998
2016,2015-11-05,True,False,utah,den,96,84,19,21,25,31,0,24,18,22,20,0,away,3.0,191.0,-150.0,130.0,3.0,100.0,1.0,0,False,1470.241574132429,1570.8359710210057,1413.90922737612,1627.1683177773145,-100.59439688857674,0.4991445949502056
2016,2015-11-05,True,False,okc,chi,98,104,28,22,23,25,0,25,32,19,28,0,home,1.0,212.5,-105.0,-115.0,2.0,106.0,1.0,0,True,1538.0417054967172,1557.8179330666724,1571.1387918916948,1524.7208466716947,-19.776227569955154,0.6134423219171039
2016,2015-11-06,True,False,hou,sac,116,110,29,32,24,31,0,23,27,28,32,0,away,4.0,219.5,-200.0,170.0,1.0,110.5,1.0,1,False,1335.3303458135088,1546.4154948002356,1305.7598207159178,1575.9860198978265,-211.08514898672684,0.34536917796943334
2016,2015-11-06,True,False,det,phx,100,92,21,21,25,33,0,14,26,23,29,0,home,4.0,198.5,160.0,-180.0,3.5,97.5,0.0,0,False,1511.3218679798802,1525.8409402324494,1451.3242103270734,1585.8385978852561,-14.51907225256923,0.6205934261512789
2016,2015-11-06,True,False,atl,no,121,115,26,32,31,32,0,28,19,32,36,0,away,2.5,206.0,-140.0,120.0,2.5,105.0,1.0,1,False,1411.1045879924704,1583.9799335445866,1377.1446470722922,1617.939874464765,-172.8753455521162,0.39663539422396055
2016,2015-11-06,True,False,mia,ind,87,90,26,23,19,19,0,16,33,22,19,0,away,1.0,194.5,-115.0,-105.0,1.0,94.5,0.0,0,True,1501.1703706438252,1495.9946856591066,1522.5975013709447,1474.5675549319872,5.1756849847186,0.6468998837026113
2016,2015-11-06,True,False,tor,orl,87,92,15,21,33,18,0,21,24,19,28,0,away,6.0,196.5,-240.0,200.0,6.0,96.5,0.0,0,True,1354.5909505998723,1760.906494000523,1421.888282733395,1693.6091618670002,-406.31554340065077,0.14637826813027668
2016,2015-11-06,True,False,phi,cle,102,108,25,25,23,29,0,28,21,32,27,0,home,13.5,196.5,950.0,-1650.0,9.5,96.5,0.0,1,True,1726.085459026553,1172.0612528876704,1727.3331558303776,1170.813556083846,554.0242061388826,0.9773540062987239
2016,2015-11-06,True,False,wsh,bos,98,118,25,24,25,24,0,40,32,28,18,0,home,2.0,209.5,105.0,-125.0,6.0,105.0,1.0,1,True,1548.5722120540127,1542.941784925228,1595.5286927169618,1495.9853042622785,5.630427128784731,0.6474975910802067
2016,2015-11-06,True,False,lal,bkn,104,98,18,34,27,25,0,27,20,25,26,0,home,3.0,207.5,135.0,-155.0,2.5,104.0,0.0,0,False,1316.9938069786776,1128.2410896053636,1256.454372080153,1188.7805245038883,188.752717373314,0.840532336019586
2016,2015-11-06,True,False,den,gs,104,119,23,21,31,29,0,40,34,25,20,0,home,17.0,211.0,2000.0,-7000.0,4.0,105.0,0.0,1,True,1898.415983324973,1413.90922737612,1901.1621573351738,1411.1630533659193,484.50675594885297,0.9665826426986519
2016,2015-11-06,True,False,mil,ny,99,92,30,26,19,24,0,20,33,20,19,0,home,1.5,196.0,100.0,-120.0,1.5,98.5,0.0,0,False,1318.5319729871574,1411.3788727557348,1271.8425254993124,1458.0683202435798,-92.84689976857749,0.5102926844890869
2016,2015-11-07,True,False,hou,lac,109,105,32,24,27,26,0,32,26,20,27,0,home,5.5,212.0,205.0,-245.0,3.0,105.0,0.0,1,False,1788.0054524256109,1575.9860198978265,1737.8935290874815,1626.0979432359559,212.01943252778437,0.8576769738552797
2016,2015-11-07,True,False,mem,utah,79,89,19,19,19,22,0,21,30,26,12,0,home,2.5,179.5,125.0,-145.0,3.0,90.5,1.0,0,True,1627.1683177773145,1555.8940295725895,1653.9290073074633,1529.1333400424408,71.27428820472505,0.7282840748501508
2016,2015-11-07,True,False,gs,sac,103,94,20,26,26,31,0,14,24,30,26,0,away,14.0,221.0,-1750.0,950.0,6.5,108.0,0.0,0,False,1305.7598207159178,1901.1621573351738,1300.2290883057806,1906.692889745311,-595.402336619256,0.05459014924104801
2016,2015-11-07,True,False,bkn,mil,86,94,24,20,17,25,0,18,26,23,27,0,home,6.5,192.5,235.0,-285.0,5.0,93.5,1.0,0,True,1458.0683202435798,1256.454372080153,1470.120128855938,1244.4025634677948,201.6139481634268,0.8502075022841028
2016,2015-11-07,True,False,cha,sa,94,114,21,26,29,18,0,29,22,42,21,0,home,9.0,193.5,400.0,-520.0,4.5,95.5,1.0,1,True,1750.2511743695397,1469.129094843862,1760.7387403176501,1458.6415288957517,281.1220795256777,0.8997017477405586
2016,2015-11-07,True,False,wsh,atl,99,114,19,26,33,21,0,19,22,34,39,0,home,4.5,206.0,175.0,-205.0,5.0,100.5,1.0,1,True,1617.939874464765,1495.9853042622785,1641.63793830016,1472.2872404268835,121.95457020248637,0.7820534452825134
2016,2015-11-07,True,False,min,chi,102,93,30,28,18,17,9,28,29,20,16,0,home,9.0,201.5,380.0,-475.0,6.5,102.5,0.0,0,False,1571.1387918916948,1181.1826401465855,1502.3475737298377,1249.9738583084427,389.9561517451093,0.9437690584560147
2016,2015-11-07,True,False,orl,phi,105,97,25,26,30,24,0,17,27,29,24,0,away,3.0,191.0,-145.0,125.0,6.5,102.5,1.0,1,False,1170.813556083846,1421.888282733395,1142.2620757537672,1450.4397630634737,-251.07472664954912,0.29532587925797843
2016,2015-11-07,True,False,no,dal,98,107,21,27,22,28,0,26,16,30,35,0,home,5.5,211.5,190.0,-230.0,4.5,105.5,1.0,0,True,1456.7157582706325,1377.1446470722922,1481.3380680765956,1352.522337266329,79.5711111983403,0.7376315070004303
2016,2015-11-08,True,False,lal,ny,95,99,25,24,21,25,0,25,20,26,28,0,home,6.0,212.0,205.0,-245.0,5.5,104.5,0.0,0,True,1271.8425254993124,1188.7805245038883,1288.7442443754198,1171.8788056277808,83.06200099542411,0.7415019395507491
2016,2015-11-08,True,False,ind,cle,97,101,22,20,31,24,0,24,23,27,27,0,home,8.0,197.0,305.0,-370.0,3.0,99.5,0.0,1,True,1727.3331558303776,1522.5975013709447,1736.0043929963833,1513.926264204939,204.7356544594329,0.852481691371118
2016,2015-11-08,True,False,tor,mia,76,96,24,23,16,13,0,22,22,30,22,0,home,3.0,190.5,130.0,-150.0,2.5,95.0,1.0,0,True,1474.5675549319872,1693.6091618670002,1563.6384052231508,1604.5383115758366,-219.04160693501308,0.3350886557659669
2016,2015-11-08,True,False,phx,okc,103,124,29,25,23,26,0,29,31,29,35,0,home,8.5,212.5,345.0,-425.0,4.0,107.0,1.0,1,True,1524.7208466716947,1451.3242103270734,1558.8434318500654,1417.2016251487028,73.39663634462136,0.730694942015937
2016,2015-11-08,True,False,det,por,120,103,23,24,32,41,0,32,25,35,11,0,home,2.0,200.0,110.0,-130.0,3.0,101.0,0.0,1,False,1572.006560842527,1585.8385978852561,1492.9633784745345,1664.8817802532487,-13.832037042729098,0.6215241890602016
2016,2015-11-09,True,False,chi,phi,111,88,31,21,24,35,0,22,21,19,26,0,away,10.5,198.5,-725.0,525.0,3.0,100.0,1.0,1,False,1142.2620757537672,1502.3475737298377,1116.693694599644,1527.915954883961,-360.0854979760704,0.182847617663228
2016,2015-11-09,True,False,orl,ind,84,97,25,23,23,13,0,25,24,23,25,0,home,4.0,195.0,160.0,-180.0,2.5,97.5,1.0,0,True,1513.926264204939,1450.4397630634737,1544.572488078769,1419.7935391896435,63.48650114146517,0.7193225964452337
2016,2015-11-09,True,False,min,atl,117,107,30,42,21,24,0,19,23,42,23,0,home,8.5,204.0,325.0,-400.0,11.5,102.5,0.0,1,False,1641.63793830016,1249.9738583084427,1570.0478018206875,1321.5639947879151,391.66407999171724,0.9442885425244177
2016,2015-11-09,True,False,por,den,104,108,33,25,22,24,0,29,28,22,29,0,away,1.0,206.0,-120.0,100.0,0.5,103.5,0.0,1,True,1411.1630533659193,1492.9633784745345,1444.7176283653753,1459.4088034750785,-81.8003251086152,0.5261675076940319
2016,2015-11-09,True,False,sa,sac,106,88,23,26,23,34,0,24,19,26,19,0,away,7.5,202.5,-340.0,275.0,3.0,104.0,1.0,0,False,1300.2290883057806,1760.7387403176501,1285.7804657794586,1775.187362843972,-460.50965201186955,0.111524737653791
2016,2015-11-09,True,False,mem,lac,92,94,26,20,20,26,0,25,21,24,24,0,home,7.0,200.0,230.0,-290.0,4.5,102.0,0.0,0,True,1737.8935290874815,1529.1333400424408,1743.677301874414,1523.3495672555082,208.76018904504076,0.8553713799705972
2016,2015-11-09,True,False,det,gs,95,109,15,31,30,19,0,27,28,25,29,0,home,12.5,209.5,800.0,-1300.0,4.5,104.0,1.0,0,True,1906.692889745311,1664.8817802532487,1918.4608639081216,1653.1138060904382,241.81110949206231,0.877355561395445
2016,2015-11-10,True,False,ny,tor,111,109,24,36,25,26,0,17,35,33,24,0,home,7.5,196.5,250.0,-315.0,7.0,98.5,0.0,1,False,1604.5383115758366,1288.7442443754198,1570.8746490709077,1322.4079068803487,315.79406720041675,0.9163305352064232
2016,2015-11-10,True,False,cha,min,104,95,32,31,22,19,0,31,28,21,15,0,away,3.5,201.5,-165.0,145.0,2.0,101.0,1.0,0,False,1321.5639947879151,1458.6415288957517,1276.292679438788,1503.912844244879,-137.07753410783653,0.44684278283245427
2016,2015-11-10,True,False,okc,wsh,125,101,37,31,29,28,0,23,27,21,30,0,away,7.0,215.5,-290.0,230.0,2.0,106.0,1.0,1,False,1472.2872404268835,1558.8434318500654,1398.7331853198948,1632.397486957054,-86.55619142318187,0.5193375456419869
2016,2015-11-10,True,False,bos,mil,99,83,24,22,30,23,0,24,18,17,24,0,away,2.5,202.5,-140.0,120.0,0.5,104.5,1.0,0,False,1470.120128855938,1595.5286927169618,1412.3396774053429,1653.309144167557,-125.40856386102382,0.46349918588995626
2016,2015-11-10,True,False,utah,cle,114,118,22,26,32,34,0,27,25,28,38,0,home,5.5,187.0,195.0,-235.0,2.5,98.0,0.0,1,True,1736.0043929963833,1653.9290073074633,1752.9928632410788,1636.9405370627678,82.07538568892005,0.7404118352823572
2016,2015-11-10,True,False,lal,mia,88,101,23,26,17,22,0,29,21,25,26,0,home,11.0,199.5,575.0,-800.0,7.0,99.0,1.0,0,True,1563.6384052231508,1171.8788056277808,1568.2841601627053,1167.2330506882263,391.75959959537,0.944317462062769
2016,2015-11-10,True,False,dal,no,105,120,22,18,35,30,0,29,29,36,26,0,home,2.5,211.0,125.0,-145.0,4.0,102.5,1.0,1,True,1352.522337266329,1481.3380680765956,1418.566707070633,1415.2936982722917,-128.8157308102666,0.4586256545721249
2016,2015-11-11,True,False,bkn,hou,106,98,22,33,24,27,0,28,21,34,15,0,home,11.5,208.0,700.0,-1000.0,10.5,102.5,0.0,0,False,1626.0979432359559,1244.4025634677948,1560.242322389052,1310.2581843146986,381.69537976816105,0.9411915707670998
2016,2015-11-11,True,False,no,atl,98,106,26,30,19,23,0,24,23,29,30,0,home,13.0,208.5,850.0,-1450.0,12.0,104.0,0.0,0,True,1570.0478018206875,1418.566707070633,1586.0307524416698,1402.5837564496505,151.48109475005458,0.8096352008200614
2016,2015-11-11,True,False,det,sac,92,101,23,26,21,22,0,36,25,25,15,0,away,2.0,205.5,-125.0,105.0,4.5,103.0,0.0,0,True,1285.7804657794586,1653.1138060904382,1369.1924712347559,1569.701800635141,-367.33334031097957,0.1766960524154649
2016,2015-11-11,True,False,mil,den,102,103,32,32,16,22,0,25,28,34,16,0,home,4.0,193.5,150.0,-170.0,5.0,95.0,0.0,1,True,1444.7176283653753,1412.3396774053429,1454.1180587122878,1402.9392470584303,32.37795096003242,0.6817940333377747
2016,2015-11-11,True,False,gs,mem,100,84,26,21,27,26,0,15,26,22,21,0,away,7.0,200.0,-330.0,265.0,3.0,99.5,1.0,0,False,1523.3495672555082,1918.4608639081216,1504.0741212172315,1937.7363099463983,-395.1112966526134,0.15462242544169283
2016,2015-11-11,True,False,sa,por,113,101,28,30,23,32,0,24,22,29,26,0,away,5.5,205.0,-250.0,210.0,0.5,106.5,1.0,1,False,1459.4088034750785,1775.187362843972,1434.121104541595,1800.4750617774555,-315.77855936889364,0.22406696983492447
2016,2015-11-11,True,False,lac,dal,108,118,35,19,24,30,0,27,26,31,34,0,away,7.0,211.5,-290.0,230.0,4.5,106.0,0.0,1,True,1415.2936982722917,1743.677301874414,1498.4647026773985,1660.5062974693074,-328.3836036021223,0.2117044803586778
2016,2015-11-11,True,False,ind,bos,102,91,31,20,30,21,0,23,26,25,17,0,home,3.5,203.0,140.0,-160.0,3.0,106.5,0.0,0,False,1653.309144167557,1544.572488078769,1577.4947891556362,1620.38684309069,108.73665608878787,0.7688065873677858
2016,2015-11-11,True,False,ny,cha,93,95,27,20,32,14,0,18,31,20,26,0,home,6.5,201.0,215.0,-265.0,3.5,100.0,0.0,0,True,1503.912844244879,1322.4079068803487,1510.6692085459329,1315.6515425792948,181.50493736453018,0.8348603079732368
2016,2015-11-11,True,False,lal,orl,99,101,25,20,25,29,0,26,22,26,27,0,home,8.0,201.5,305.0,-375.0,4.0,100.5,0.0,0,True,1419.7935391896435,1167.2330506882263,1424.2756297688709,1162.750960108999,252.56048850141724,0.8838598967216857
2016,2015-11-11,True,False,tor,phi,119,103,29,34,33,23,0,34,23,20,26,0,away,9.5,196.5,-500.0,400.0,4.0,98.5,1.0,1,False,1116.693694599644,1570.8746490709077,1102.334450914835,1585.2338927557166,-454.1809544712637,0.11518597710499387
2016,2015-11-12,True,False,utah,mia,91,92,22,23,21,25,0,28,18,20,26,0,home,3.5,184.0,145.0,-165.0,2.5,97.0,0.0,0,True,1568.2841601627053,1636.9405370627678,1582.1614203196689,1623.0632769058043,-68.65637690006247,0.5449851270550605
2016,2015-11-12,True,False,gs,min,129,116,40,35,22,32,0,27,36,24,29,0,away,10.0,211.0,-600.0,460.0,2.5,105.5,1.0,1,False,1276.292679438788,1937.7363099463983,1271.8823019393583,1942.1466874458279,-661.4436305076104,0.03798168805767369
2016,2015-11-12,True,False,lac,phx,104,118,25,24,24,31,0,30,28,35,25,0,home,2.5,205.5,120.0,-140.0,2.0,102.0,1.0,1,True,1417.2016251487028,1660.5062974693074,1500.047332253735,1577.660590364275,-243.3046723206046,0.30471858354269965
2016,2015-11-13,True,False,hou,den,98,107,23,28,23,24,0,30,29,23,25,0,away,6.5,210.5,-270.0,220.0,6.5,103.5,0.0,0,True,1454.1180587122878,1560.242322389052,1505.6677693933748,1508.6926117079652,-106.12426367676426,0.4911873888067016
2016,2015-11-13,True,False,phi,okc,85,102,24,19,18,24,0,18,30,23,31,0,home,13.0,206.5,960.0,-1360.0,6.5,102.0,1.0,0,True,1632.397486957054,1102.334450914835,1634.5509589329233,1100.1809789389658,530.063036042219,0.974091506171788
2016,2015-11-13,True,False,cha,chi,97,102,23,23,29,22,0,23,27,23,29,0,home,6.5,200.0,235.0,-285.0,3.0,97.5,0.0,0,True,1527.915954883961,1510.6692085459329,1554.0642987764047,1484.520864653489,17.24674633802806,0.6626054115123747
2016,2015-11-13,True,False,por,mem,100,101,24,28,18,30,0,23,30,26,22,0,home,6.5,193.5,245.0,-295.0,4.0,96.0,0.0,1,True,1504.0741212172315,1434.121104541595,1511.8622242217714,1426.3330015370552,69.95301667563649,0.7267763701040539
2016,2015-11-13,True,False,bkn,sac,109,111,30,30,22,27,0,23,31,31,26,0,home,6.5,204.5,225.0,-275.0,7.0,101.5,0.0,1,True,1369.1924712347559,1310.2581843146986,1382.2479146008502,1297.2027409486043,58.934286920057275,0.7140016638614344
2016,2015-11-13,True,False,atl,bos,93,106,26,19,24,24,0,23,22,35,26,0,away,1.5,206.5,-115.0,-105.0,1.5,107.0,0.0,0,True,1577.4947891556362,1586.0307524416698,1620.613242838858,1542.912298758448,-8.53596328603362,0.6286685986546089
2016,2015-11-13,True,False,no,tor,81,100,21,19,21,20,0,17,23,32,28,0,home,10.0,205.5,465.0,-615.0,7.0,103.5,1.0,0,True,1585.2338927557166,1402.5837564496505,1603.5384554084505,1384.2791937969166,182.6501363060661,0.8357671731019732
2016,2015-11-13,True,False,cle,ny,90,84,29,17,20,24,0,23,30,19,12,0,away,7.0,203.5,-290.0,240.0,7.0,101.5,0.0,0,False,1315.6515425792948,1752.9928632410788,1304.91135825045,1763.7330475699237,-437.34132066178404,0.12544006643952055
2016,2015-11-13,True,False,min,ind,103,107,27,23,23,30,0,24,37,29,17,0,home,7.5,200.0,285.0,-355.0,1.0,99.0,0.0,1,True,1620.38684309069,1271.8823019393583,1624.0795692163147,1268.1895758137337,348.50454115133175,0.9296810125848972
2016,2015-11-13,True,False,utah,orl,93,102,15,25,23,30,0,33,19,28,22,0,away,1.5,189.5,-120.0,100.0,4.0,99.5,0.0,1,True,1424.2756297688709,1623.0632769058043,1488.9599600751583,1558.378946599517,-198.7876471369334,0.3615443700539106
2016,2015-11-13,True,False,lal,dal,82,90,24,16,15,27,0,29,19,16,26,0,home,7.5,210.0,280.0,-340.0,1.5,104.5,1.0,0,True,1498.4647026773985,1162.750960108999,1503.9139452427435,1157.301717543654,335.71374256839954,0.9247125808353744
2016,2015-11-14,True,False,bkn,gs,99,107,36,18,23,20,2,21,31,18,27,10,home,16.0,207.0,1660.0,-2710.0,12.0,102.5,0.0,0,True,1942.1466874458279,1297.2027409486043,1942.9426529889186,1296.4067754055136,644.9439464972236,0.9864568949719509
2016,2015-11-14,True,False,phi,sa,83,92,12,27,21,23,0,20,23,33,16,0,home,16.0,193.5,1855.0,-3105.0,8.5,95.5,0.0,0,True,1800.4750617774555,1100.1809789389658,1801.0640342728977,1099.5920064435236,700.2940828384897,0.9901155913451546
2016,2015-11-14,True,False,cle,mil,105,108,23,21,17,27,17,23,27,20,18,20,away,5.0,194.5,-235.0,200.0,6.0,96.5,0.0,1,True,1402.9392470584303,1763.7330475699237,1452.8201635063963,1713.8521311219577,-360.7938005114934,0.18223919551730258
2016,2015-11-14,True,False,den,phx,81,105,13,15,26,27,0,27,33,28,17,0,home,7.5,205.0,265.0,-325.0,3.5,100.5,1.0,0,True,1500.047332253735,1505.6677693933748,1552.0855086615795,1453.6295929855303,-5.620437139639762,0.6325779893980733
2016,2015-11-14,True,False,orl,wsh,99,108,27,29,20,23,0,29,21,29,29,0,home,5.5,203.5,195.0,-230.0,4.5,101.5,1.0,1,True,1398.7331853198948,1488.9599600751583,1447.9654753685181,1439.7276700265347,-90.22677475526348,0.5140610931914197
2016,2015-11-14,True,False,det,lac,96,101,28,32,20,16,0,25,26,30,20,0,home,2.5,196.5,120.0,-140.0,3.5,98.0,1.0,1,True,1577.660590364275,1569.701800635141,1604.9927395692196,1542.3696514301964,7.958789729134196,0.6505507003482253
2016,2015-11-14,True,False,dal,hou,110,98,32,25,25,28,0,20,14,33,31,0,home,7.5,208.0,280.0,-350.0,10.0,102.0,0.0,2,False,1508.6926117079652,1503.9139452427435,1436.0908078159734,1576.5157491347352,4.778666465221704,0.6463776714746854
2016,2015-11-15,True,False,bos,okc,100,85,24,21,27,28,0,24,28,22,11,0,home,5.5,211.5,190.0,-225.0,1.0,110.0,0.0,0,False,1634.5509589329233,1620.613242838858,1555.342227719534,1699.8219740522472,13.937716094065308,0.6583338800847
2016,2015-11-15,True,False,mem,min,114,106,22,33,26,33,0,23,26,30,27,0,away,4.5,192.5,-185.0,160.0,1.0,96.0,1.0,1,False,1268.1895758137337,1511.8622242217714,1238.7733980125067,1541.2784020229983,-243.67264840803773,0.30426998786484355
2016,2015-11-15,True,False,por,cha,94,106,27,18,21,28,0,35,36,18,17,0,home,4.5,206.0,165.0,-190.0,4.0,101.0,1.0,0,True,1484.520864653489,1426.3330015370552,1515.1168012424182,1395.737064948126,58.187863116433846,0.7131234449938728
2016,2015-11-15,True,False,tor,sac,101,107,23,28,31,19,0,22,31,26,28,0,away,2.0,208.5,-125.0,105.0,1.0,104.0,0.0,0,True,1382.2479146008502,1603.5384554084505,1439.424087962399,1546.3622820469018,-221.29054080760034,0.33221043832851366
2016,2015-11-15,True,False,no,ny,87,95,27,17,21,22,0,23,19,26,27,0,home,1.5,203.5,105.0,-125.0,1.0,101.5,1.0,0,True,1304.91135825045,1384.2791937969166,1350.383101965816,1338.8074500815505,-79.36783554646672,0.5296572178085382
2016,2015-11-15,True,False,utah,atl,97,96,27,20,27,23,0,24,28,22,22,0,home,3.0,191.5,135.0,-155.0,0.0,100.5,0.0,1,False,1542.912298758448,1558.378946599517,1524.024341320283,1577.266904037682,-15.466647841068834,0.6193082392855167
2016,2015-11-15,True,False,det,lal,85,97,18,26,22,19,0,21,27,18,31,0,away,4.5,201.0,-195.0,170.0,5.0,100.0,0.0,0,True,1157.301717543654,1542.3696514301964,1251.8391338742222,1447.8322350996282,-385.0679338865425,0.16233135846278748
2016,2015-11-16,True,False,okc,mem,114,122,25,27,28,34,0,27,31,21,43,0,home,2.5,197.5,120.0,-140.0,0.5,97.5,1.0,1,True,1541.2784020229983,1555.342227719534,1577.898990386618,1518.7216393559145,-14.063825696535787,0.6212102723781711
2016,2015-11-16,True,False,lal,phx,101,120,22,31,22,26,0,26,31,23,40,0,home,11.0,205.0,610.0,-810.0,6.0,102.0,1.0,1,True,1552.0855086615795,1251.8391338742222,1561.2895245379254,1242.6351179978763,300.24637478735735,0.9092080516252486
2016,2015-11-16,True,False,por,sa,80,93,13,15,32,20,0,17,19,29,28,0,home,12.0,200.5,735.0,-1035.0,4.5,98.5,1.0,0,True,1801.0640342728977,1395.737064948126,1805.3371565760947,1391.4639426449291,405.32696932477165,0.948284443459508
2016,2015-11-16,True,False,bos,hou,111,95,24,31,32,24,0,28,27,13,27,0,home,5.0,206.0,175.0,-205.0,3.5,105.5,0.0,2,False,1436.0908078159734,1699.8219740522472,1401.136610323487,1734.7761715447336,-263.7311662362738,0.28039313772162183
2016,2015-11-16,True,False,dal,phi,92,86,28,21,19,24,0,15,29,21,21,0,away,8.0,203.0,-405.0,325.0,3.5,100.0,0.0,0,False,1099.5920064435236,1576.5157491347352,1090.8159292705202,1585.2918263077386,-476.9237426912116,0.1025002616298955
2016,2015-11-16,True,False,ind,chi,95,96,21,24,30,20,0,31,22,26,17,0,home,6.5,197.0,230.0,-280.0,1.5,101.5,0.0,0,True,1554.0642987764047,1624.0795692163147,1568.0007396402605,1610.143128352459,-70.01527043990995,0.5430446790471105
2016,2015-11-17,True,False,cle,det,99,104,27,29,25,18,0,31,24,20,29,0,away,4.5,195.5,-190.0,165.0,3.5,98.0,0.0,1,True,1447.8322350996282,1713.8521311219577,1504.773151284292,1656.9112149372938,-266.0198960223295,0.2777424907221634
2016,2015-11-17,True,False,mil,wsh,86,115,29,17,20,20,0,27,37,21,30,0,home,3.5,197.0,140.0,-160.0,3.5,95.5,1.0,1,True,1447.9654753685181,1452.8201635063963,1502.797933004079,1397.9877058708355,-4.854688137878156,0.6336019115770904
2016,2015-11-17,True,False,min,mia,103,91,20,25,17,41,0,25,25,19,22,0,home,8.5,199.5,330.0,-410.0,4.0,100.0,0.0,0,False,1582.1614203196689,1238.7733980125067,1504.222915398608,1316.7119029335677,343.38802230716215,0.9277310049992697
2016,2015-11-17,True,False,den,no,115,98,31,20,32,32,0,21,32,22,23,0,home,6.0,207.5,205.0,-245.0,0.5,102.0,0.0,1,False,1338.8074500815505,1453.6295929855303,1277.930397534837,1514.5066455322437,-114.82214290397974,0.47868215300745265
2016,2015-11-17,True,False,cha,ny,94,102,21,27,24,22,0,26,20,34,22,0,home,1.0,196.0,-110.0,-110.0,0.0,96.0,1.0,2,True,1350.383101965816,1515.1168012424182,1407.6256934122514,1457.8742097959828,-164.73369927660224,0.4079039526327348
2016,2015-11-17,True,False,tor,gs,110,115,25,22,36,27,0,29,34,27,25,0,home,9.5,208.5,410.0,-535.0,0.5,103.0,0.0,1,True,1942.9426529889186,1546.3622820469018,1946.00458755309,1543.3003474827303,396.58037094201677,0.9457587793797186
2016,2015-11-17,True,False,atl,bkn,88,90,19,27,22,20,0,17,28,27,18,0,away,4.5,198.0,-190.0,165.0,3.0,101.5,0.0,0,True,1296.4067754055136,1524.024341320283,1329.0751761856673,1491.3559405401293,-227.61756591476933,0.32418045769857573
2016,2015-11-18,True,False,por,hou,103,108,21,25,30,23,4,22,13,26,38,9,home,7.0,210.0,240.0,-290.0,6.5,103.0,0.0,1,True,1401.136610323487,1391.4639426449291,1428.2474986407428,1364.3530543276734,9.6726676785579,0.6527902093327161
2016,2015-11-18,True,False,ind,phi,112,85,23,29,32,28,0,18,20,24,23,0,away,6.0,190.5,-265.0,215.0,1.5,97.5,1.0,1,False,1090.8159292705202,1610.143128352459,1078.775258657994,1622.183798964985,-519.3271990819387,0.08212329225127693
2016,2015-11-18,True,False,den,sa,98,109,24,34,21,19,0,31,34,28,16,0,home,13.5,198.0,925.0,-1325.0,5.5,98.5,0.0,1,True,1805.3371565760947,1514.5066455322437,1813.4148965583338,1506.4289055500046,290.83051104385095,0.9046333918140737
2016,2015-11-18,True,False,sac,atl,97,103,30,22,27,18,0,27,35,19,22,0,home,2.5,209.0,125.0,-145.0,2.0,105.0,1.0,0,True,1491.3559405401293,1439.424087962399,1515.3099531575806,1415.4700753449476,51.9318525777303,0.7056998929316294
2016,2015-11-18,True,False,tor,utah,89,93,19,26,19,25,0,24,18,17,34,0,home,4.5,191.0,160.0,-180.0,4.5,96.0,0.0,0,True,1577.266904037682,1543.3003474827303,1598.924838797222,1521.6424127231903,33.966556554951694,0.6837746885474415
2016,2015-11-18,True,False,bkn,cha,111,116,32,24,30,25,0,32,20,34,30,0,home,6.5,193.5,235.0,-285.0,5.5,97.5,0.0,1,True,1457.8742097959828,1329.0751761856673,1472.6321889960275,1314.3171969856226,128.79903361031552,0.788694336169758
2016,2015-11-18,True,False,min,orl,101,104,25,27,24,17,8,17,21,33,22,11,home,5.0,204.0,175.0,-205.0,6.5,102.0,0.0,1,True,1439.7276700265347,1316.7119029335677,1451.509049000302,1304.9305239598004,123.01576709296705,0.7830928606128532
2016,2015-11-18,True,False,chi,phx,103,97,31,22,19,31,0,18,29,23,27,0,home,3.0,203.0,135.0,-155.0,3.5,104.0,0.0,0,False,1561.2895245379254,1568.0007396402605,1507.253224347982,1622.0370398302039,-6.711215102335018,0.631117388531957
2016,2015-11-18,True,False,no,okc,103,110,27,18,29,29,0,21,32,27,30,0,home,12.0,212.5,740.0,-1040.0,4.5,106.5,0.0,1,True,1518.7216393559145,1277.930397534837,1527.8120749136199,1268.8399619771317,240.7912418210774,0.8767224429529454
2016,2015-11-18,True,False,dal,bos,106,102,16,29,25,36,0,31,23,24,24,0,home,5.0,208.0,175.0,-205.0,0.5,104.5,0.0,2,False,1734.7761715447336,1585.2918263077386,1685.0072172702517,1635.0607805822206,149.48434523699507,0.8078573352076651
2016,2015-11-19,True,False,gs,lac,124,117,25,29,31,39,0,41,27,23,26,0,away,5.5,213.5,-220.0,185.0,7.5,107.0,1.0,1,False,1604.9927395692196,1946.00458755309,1586.7094791847549,1964.2878479375547,-341.01184798387044,0.19982703854506764
2016,2015-11-19,True,False,sac,mia,109,116,21,25,30,33,0,25,31,26,34,0,home,10.0,203.0,435.0,-560.0,2.5,100.0,0.0,1,True,1504.222915398608,1415.4700753449476,1525.4228015555204,1394.2701891880351,88.7528400536603,0.7477312603636188
2016,2015-11-19,True,False,mil,cle,100,115,23,25,31,21,0,28,35,23,29,0,home,10.0,192.5,530.0,-680.0,1.0,94.0,1.0,1,True,1656.9112149372938,1397.9877058708355,1667.8063174135611,1387.0926033945682,258.92350906645834,0.8875673274136777
2016,2015-11-20,True,False,utah,dal,93,102,26,17,28,22,0,21,35,24,22,0,home,1.5,196.0,105.0,-125.0,3.5,101.0,1.0,0,True,1635.0607805822206,1598.924838797222,1665.7179827211548,1568.2676366582878,36.13594178499852,0.6864687087079215
2016,2015-11-20,True,False,tor,lal,102,91,27,22,27,26,0,21,29,18,23,0,away,6.5,203.5,-285.0,235.0,5.5,103.0,1.0,0,False,1242.6351179978763,1521.6424127231903,1213.880095307427,1550.3974354136396,-279.00729472531407,0.2629971001206479
2016,2015-11-20,True,False,lac,por,91,102,23,24,26,18,0,23,25,27,27,0,away,4.0,210.0,-180.0,155.0,3.5,105.5,0.0,0,True,1364.3530543276734,1586.7094791847549,1437.5150954475666,1513.5474380648616,-222.3564248570815,0.33085065309893474
2016,2015-11-20,True,False,phx,den,114,107,17,32,31,34,0,29,34,21,23,0,away,3.0,206.5,-150.0,130.0,6.0,101.5,1.0,1,False,1506.4289055500046,1507.253224347982,1447.965973558093,1565.7161563398936,-0.824318797977412,0.6389710762163601
2016,2015-11-20,True,False,chi,gs,94,106,29,18,26,21,0,28,22,27,29,0,home,9.0,208.0,381.0,-481.0,5.0,105.5,1.0,0,True,1964.2878479375547,1622.0370398302039,1970.4013034975735,1615.923584270185,342.25080810735085,0.9272908676106232
2016,2015-11-20,True,False,sa,no,90,104,20,21,33,16,0,22,26,30,26,0,away,7.0,201.0,-325.0,265.0,6.0,106.0,0.0,0,True,1268.8399619771317,1813.4148965583338,1379.437439689335,1702.8174188461305,-544.5749345812021,0.07181224414131855
2016,2015-11-20,True,False,det,min,96,86,22,16,30,28,0,26,18,21,21,0,away,2.5,202.5,-135.0,115.0,3.0,99.5,1.0,0,False,1304.9305239598004,1504.773151284292,1266.932698068434,1542.7709771756583,-199.84262732449156,0.3601437318272428
2016,2015-11-20,True,False,bkn,bos,95,120,19,23,25,28,0,23,43,25,29,0,home,9.0,204.0,355.0,-445.0,1.5,101.5,1.0,1,True,1685.0072172702517,1314.3171969856226,1691.5349623287957,1307.7894519270785,370.6900202846291,0.9375854547537998
2016,2015-11-20,True,False,phi,cha,88,113,19,22,29,18,0,30,32,23,28,0,home,11.0,198.0,550.0,-725.0,1.0,97.5,1.0,1,True,1472.6321889960275,1078.775258657994,1478.294118063812,1073.1133295902096,393.8569303380334,0.9449489003910132
2016,2015-11-20,True,False,ny,okc,93,90,25,23,25,20,0,20,24,18,28,0,home,6.5,206.5,220.0,-270.0,6.5,104.0,0.0,0,False,1527.8120749136199,1407.6256934122514,1485.3220476368049,1450.1157206890664,120.18638150136849,0.7803135801197058
2016,2015-11-20,True,False,hou,mem,84,96,19,26,25,14,0,23,36,20,17,0,home,2.5,200.0,125.0,-145.0,3.5,98.0,1.0,0,True,1577.898990386618,1428.2474986407428,1596.7463911853258,1409.400097842035,149.6514917458751,0.8080066431230791
2016,2015-11-21,True,False,atl,cle,97,109,19,23,22,33,0,27,30,20,32,0,home,5.5,198.5,195.0,-230.0,1.5,102.0,1.0,1,True,1667.8063174135611,1515.3099531575806,1686.3596707576685,1496.7565998134733,152.49636425598055,0.8105343394044981
2016,2015-11-21,True,False,mil,ind,86,123,25,26,16,19,0,28,27,35,33,0,home,4.5,192.5,175.0,-205.0,1.5,95.5,1.0,1,True,1622.183798964985,1387.0926033945682,1638.6244449671115,1370.6519573924418,235.09119557041686,0.8731320451936745
2016,2015-11-21,True,False,ny,hou,107,102,24,34,21,28,0,26,27,24,25,0,home,4.5,202.0,165.0,-190.0,4.0,99.5,0.0,1,False,1409.400097842035,1450.1157206890664,1363.319739989858,1496.1960785412434,-40.715622847031455,0.5844985771041862
2016,2015-11-21,True,False,sac,orl,97,91,27,26,30,14,0,22,25,20,24,0,home,3.0,209.0,130.0,-150.0,3.0,106.0,0.0,0,False,1451.509049000302,1394.2701891880351,1393.8476582569858,1451.9315799313513,57.23885981226681,0.7120045533150693
2016,2015-11-21,True,False,wsh,det,97,95,30,22,23,22,0,24,28,21,22,0,home,0.0,206.5,-105.0,-115.0,1.0,101.5,0.0,0,False,1542.7709771756583,1502.797933004079,1510.643199784317,1534.9257103954203,39.97304417157943,0.691203033648079
2016,2015-11-21,True,False,mem,sa,82,92,19,20,22,21,0,24,29,21,18,0,home,8.0,190.0,290.0,-360.0,0.5,95.5,1.0,0,True,1702.8174188461305,1596.7463911853258,1725.1320440081386,1574.4317660233178,106.0710276608047,0.7660679511054906
2016,2015-11-21,True,False,phi,mia,91,96,28,19,27,17,0,16,16,35,29,0,home,12.5,194.0,865.0,-1215.0,12.0,97.5,0.0,0,True,1525.4228015555204,1073.1133295902096,1527.5914704564775,1070.9446606892525,452.3094719653109,0.960049700758744
2016,2015-11-22,True,False,gs,den,118,105,34,30,27,27,0,23,35,21,26,0,away,12.5,210.0,-1050.0,750.0,6.0,103.0,1.0,1,False,1447.965973558093,1970.4013034975735,1438.585377464004,1979.7818995916625,-522.4353299394804,0.08078466632092181
2016,2015-11-22,True,False,por,lal,107,93,32,24,28,23,0,23,29,22,19,0,away,2.5,204.5,-150.0,130.0,0.5,101.5,1.0,0,False,1213.880095307427,1437.5150954475666,1174.6517592498165,1476.743431505177,-223.6350001401397,0.32922325142109454
2016,2015-11-22,True,False,dal,okc,114,117,25,27,33,29,0,31,29,27,30,0,home,3.5,208.5,135.0,-155.0,1.0,104.5,0.0,1,True,1485.3220476368049,1665.7179827211548,1522.7544925939999,1628.2855377639598,-180.39593508434996,0.3863226964989276
2016,2015-11-22,True,False,bos,bkn,101,111,19,23,36,23,0,24,35,27,25,0,away,5.5,201.0,-215.0,185.0,7.5,102.0,0.0,1,True,1307.7894519270785,1691.5349623287957,1396.0601893427875,1603.2642249130868,-383.7455104017172,0.16336916551693684
2016,2015-11-22,True,False,phx,no,116,122,21,34,30,31,0,27,29,36,30,0,home,1.0,210.5,-105.0,-115.0,0.5,106.0,1.0,1,True,1379.437439689335,1565.7161563398936,1432.6652093051755,1512.488386724053,-186.27871665055864,0.378325850599559
2016,2015-11-22,True,False,tor,lac,91,80,33,30,8,20,0,23,11,21,25,0,home,6.5,203.5,230.0,-280.0,10.5,102.0,0.0,0,False,1513.5474380648616,1550.3974354136396,1449.0510245574017,1614.8938489210996,-36.84999734877806,0.5898924129967035
2016,2015-11-23,True,False,sac,cha,122,127,30,30,31,21,10,33,27,14,38,15,home,3.5,210.5,145.0,-165.0,2.5,107.0,1.0,1,True,1478.294118063812,1451.9315799313513,1503.3169448380784,1426.908753157085,26.362538132460713,0.6742347340654938
2016,2015-11-23,True,False,phi,min,95,100,26,26,21,22,0,19,27,28,26,0,home,7.0,200.0,270.0,-330.0,6.5,99.5,0.0,0,True,1266.932698068434,1070.9446606892525,1277.0817240895826,1060.795634668104,195.9880373791816,0.8460361307012183
2016,2015-11-23,True,False,ny,mia,78,95,19,11,26,22,0,26,26,21,22,0,home,5.0,189.5,185.0,-215.0,3.5,92.0,1.0,0,True,1527.5914704564775,1496.1960785412434,1566.9793646592548,1456.8081843384662,31.395391915234086,0.6805656851217422
2016,2015-11-23,True,False,phx,sa,84,98,17,17,26,24,0,20,24,23,31,0,home,10.0,196.5,425.0,-550.0,2.0,99.0,1.0,0,True,1725.1320440081386,1512.488386724053,1739.07364205272,1498.5467886794715,212.64365728408552,0.858115037609272
2016,2015-11-23,True,False,det,mil,88,109,26,22,14,26,0,25,33,30,21,0,away,2.5,190.5,-145.0,125.0,5.0,93.5,0.0,1,True,1370.6519573924418,1510.643199784317,1446.4479182649366,1434.8472389118222,-139.99124239187518,0.4427008038976312
2016,2015-11-23,True,False,okc,utah,111,89,23,40,25,23,0,20,26,22,21,0,home,2.0,201.0,110.0,-130.0,5.5,101.0,0.0,0,False,1568.2676366582878,1522.7544925939999,1476.1665428773294,1614.8555863749582,45.51314406428787,0.6979681489320784
2016,2015-11-23,True,False,orl,cle,103,117,27,28,21,27,0,29,30,33,25,0,home,8.0,199.5,350.0,-420.0,3.5,100.0,1.0,1,True,1686.3596707576685,1393.8476582569858,1695.0746534618638,1385.1326755527905,292.51201250068266,0.9054651955414322
2016,2015-11-24,True,False,lal,gs,77,111,11,27,17,22,0,30,24,35,22,0,home,17.0,215.0,2000.0,-9900.0,5.5,106.0,1.0,0,True,1979.7818995916625,1174.6517592498165,1980.2524825889022,1174.1811762525767,805.1301403418461,0.9945698734748694
2016,2015-11-24,True,False,chi,por,93,88,29,19,23,22,0,22,17,24,25,0,away,2.5,201.5,-140.0,120.0,1.5,103.0,1.0,0,False,1476.743431505177,1615.923584270185,1441.7512050453913,1650.9158107299709,-139.18015276500796,0.4438530325885053
2016,2015-11-24,True,False,lac,den,111,94,25,26,32,28,0,26,19,27,22,0,away,7.0,206.0,-300.0,250.0,2.5,101.5,1.0,0,False,1438.585377464004,1449.0510245574017,1358.9638493259956,1528.67255269541,-10.465647093397592,0.6260717777950782
2016,2015-11-24,True,False,bos,atl,97,121,28,20,25,24,0,33,24,24,40,0,home,2.5,205.0,125.0,-145.0,2.0,106.0,1.0,1,True,1496.7565998134733,1603.2642249130868,1568.8981147560992,1531.1227099704608,-106.5076250996135,0.49063586970559336
2016,2015-11-24,True,False,ind,wsh,123,106,33,29,31,30,0,31,30,21,24,0,home,3.0,207.0,135.0,-155.0,3.5,105.0,0.0,1,False,1534.9257103954203,1638.6244449671115,1472.014454063106,1701.5357012994257,-103.69873457169115,0.4946772941486904
2016,2015-11-24,True,False,dal,mem,96,110,17,19,24,36,0,21,25,36,28,0,home,2.5,196.0,120.0,-140.0,2.5,96.5,1.0,1,True,1574.4317660233178,1628.2855377639598,1626.1420730831621,1576.5752307041155,-53.85377174064206,0.5660219847912108
2016,2015-11-25,True,False,mem,hou,102,93,28,28,26,20,0,24,29,24,16,0,home,4.5,198.0,160.0,-180.0,4.5,100.0,0.0,0,False,1363.319739989858,1626.1420730831621,1334.8049910560483,1654.6568220169718,-262.8223330933042,0.28144995715477733
2016,2015-11-25,True,False,bkn,okc,99,110,26,26,24,23,0,25,31,27,27,0,home,12.5,210.5,750.0,-1200.0,6.5,103.5,0.0,0,True,1614.8555863749582,1396.0601893427875,1627.2019252377106,1383.713850480035,218.79539703217074,0.8623721760569799
2016,2015-11-25,True,False,utah,lac,102,91,21,24,28,29,0,23,22,23,23,0,home,4.5,197.0,180.0,-210.0,4.0,102.5,0.0,0,False,1528.67255269541,1476.1665428773294,1455.2921373020238,1549.5469582707158,52.506009818080656,0.7063858571460127
2016,2015-11-25,True,False,no,phx,120,114,25,33,30,32,0,39,21,25,29,0,home,4.0,211.5,160.0,-180.0,2.0,107.0,0.0,1,False,1498.5467886794715,1432.6652093051755,1440.5421801476932,1490.6698178369538,65.88157937429605,0.722097759087819
2016,2015-11-25,True,False,dal,sa,83,88,18,21,21,23,0,24,22,17,25,0,home,9.5,197.0,450.0,-600.0,4.0,100.5,0.0,0,True,1739.07364205272,1576.5752307041155,1751.3337356882078,1564.3151370686278,162.49841134860458,0.8192185895914124
2016,2015-11-25,True,False,atl,min,95,99,23,25,26,21,0,27,23,20,29,0,away,3.0,207.0,-155.0,135.0,3.5,106.5,0.0,0,True,1277.0817240895826,1568.8981147560992,1330.2670512550455,1515.7127875906363,-291.81639066651655,0.24895677786626325
2016,2015-11-25,True,False,cle,tor,99,103,25,24,31,19,0,25,24,33,21,0,away,3.0,200.5,-150.0,130.0,2.5,99.5,0.0,1,True,1614.8938489210996,1695.0746534618638,1648.283869764854,1661.6846326181094,-80.18080454076426,0.5284912178204962
2016,2015-11-25,True,False,mia,det,81,104,19,24,19,19,0,25,35,23,21,0,home,1.5,187.5,105.0,-125.0,4.5,93.0,1.0,0,True,1434.8472389118222,1566.9793646592548,1511.2122497469709,1490.614353824106,-132.1321257474326,0.45388954350041744
2016,2015-11-25,True,False,phi,bos,80,84,24,23,15,18,0,26,14,17,27,0,home,11.5,201.0,650.0,-1000.0,11.0,103.0,0.0,0,True,1531.1227099704608,1060.795634668104,1532.8641226222421,1059.0542220163227,470.3270753023569,0.9638433033132151
2016,2015-11-25,True,False,sac,mil,129,118,40,29,27,33,0,33,33,26,26,0,home,5.0,210.0,170.0,-190.0,4.0,104.0,0.0,1,False,1446.4479182649366,1426.908753157085,1375.074088245778,1498.2825831762434,19.53916510785166,0.6655491928959741
2016,2015-11-25,True,False,ny,orl,91,100,17,18,28,28,0,20,26,26,28,0,home,1.5,195.0,105.0,-125.0,3.0,96.0,1.0,0,True,1385.1326755527905,1456.8081843384662,1431.66889940991,1410.2719604813467,-71.67550878567567,0.5406721538690589
2016,2015-11-25,True,False,wsh,cha,87,101,24,30,27,6,0,28,30,16,27,0,home,3.5,210.0,145.0,-165.0,1.5,102.0,1.0,0,True,1503.3169448380784,1472.014454063106,1540.2370507742196,1435.0943481269649,31.302490774972284,0.6804494144220192
2016,2015-11-27,True,False,no,lac,90,111,18,24,30,18,0,28,35,27,21,0,home,6.5,212.5,240.0,-280.0,3.0,104.5,1.0,0,True,1455.2921373020238,1490.6698178369538,1510.7905302212725,1435.171424917705,-35.37768053493005,0.591941187856958
2016,2015-11-27,True,False,min,sac,101,91,29,24,22,26,0,28,19,21,23,0,home,3.0,217.5,130.0,-150.0,3.0,106.0,0.0,0,False,1498.2825831762434,1330.2670512550455,1423.8616121098285,1404.6880223214605,168.01553192119786,0.8238745025908085
2016,2015-11-27,True,False,gs,phx,135,116,44,31,28,32,0,27,30,24,35,0,away,8.5,216.5,-430.0,360.0,0.5,108.0,1.0,1,False,1440.5421801476932,1980.2524825889022,1430.827445065013,1989.9672176715824,-539.710302441209,0.07370132359503005
2016,2015-11-27,True,False,sa,den,91,80,16,30,24,21,0,16,26,17,21,0,away,7.5,194.5,-340.0,280.0,3.5,100.5,1.0,0,False,1358.9638493259956,1751.3337356882078,1341.8313012656045,1768.466283748599,-392.3698863622121,0.15669646677264076
2016,2015-11-27,True,False,chi,ind,92,104,18,24,21,29,0,30,21,21,32,0,home,4.0,199.5,155.0,-175.0,1.0,101.0,1.0,0,True,1701.5357012994257,1650.9158107299709,1733.3182211089118,1619.1332909204848,50.61989056945481,0.7041289494475436
2016,2015-11-27,True,False,det,okc,87,103,31,24,16,16,0,29,19,28,27,0,home,8.0,207.5,310.0,-370.0,6.5,104.5,1.0,0,True,1627.2019252377106,1511.2122497469709,1652.2076838022094,1486.206491182472,115.98967549073973,0.7761442494234666
2016,2015-11-27,True,False,phi,hou,114,116,19,30,31,34,0,30,26,35,25,0,home,11.0,199.0,550.0,-800.0,3.5,100.0,0.0,1,True,1334.8049910560483,1059.0542220163227,1338.7123851043116,1055.1468279680594,275.7507690397256,0.8968769093885167
2016,2015-11-27,True,False,wsh,bos,78,111,18,18,20,22,0,29,25,25,32,0,home,3.0,209.0,130.0,-150.0,3.5,104.5,1.0,0,True,1532.8641226222421,1435.0943481269649,1567.154048061861,1400.804422687346,97.76977449527726,0.7573957403072262
2016,2015-11-27,True,False,mia,ny,97,78,26,24,24,23,0,27,22,14,15,0,away,1.5,187.0,-125.0,105.0,0.5,93.0,1.0,0,False,1410.2719604813467,1490.614353824106,1340.6409133403292,1560.2454009651235,-80.34239334275935,0.5282594217880683
2016,2015-11-27,True,False,cle,cha,95,90,23,27,22,23,0,22,30,24,14,0,away,4.0,203.0,-180.0,160.0,4.5,100.5,1.0,0,False,1540.2370507742196,1661.6846326181094,1503.2486165319553,1698.6730668603736,-121.4475818438898,0.46917359568408484
2016,2015-11-27,True,False,mil,orl,90,114,22,21,22,25,0,22,27,37,28,0,home,3.5,199.0,145.0,-165.0,0.0,97.5,1.0,1,True,1431.66889940991,1375.074088245778,1470.3750381598431,1336.3679494958449,56.5948111641319,0.7112437301061549
2016,2015-11-27,True,False,atl,mem,116,101,29,24,32,31,0,36,22,24,19,0,home,3.0,196.0,135.0,-155.0,0.0,100.5,0.0,1,False,1654.6568220169718,1515.7127875906363,1569.1537590208738,1601.2158505867342,138.94403442633552,0.7982628681295411
2016,2015-11-28,True,False,no,utah,87,101,16,23,21,27,0,23,25,28,25,0,home,5.5,196.5,200.0,-240.0,0.5,97.5,1.0,0,True,1549.5469582707158,1435.171424917705,1573.6557158119317,1411.0626673764891,114.37553335301072,0.7745257192078638
2016,2015-11-28,True,False,lal,por,96,108,21,25,30,20,0,34,26,24,24,0,home,8.5,201.0,350.0,-420.0,0.5,100.0,1.0,1,True,1441.7512050453913,1174.1811762525767,1451.3278442262913,1164.6045370716768,267.5700287928146,0.8924393011099385
2016,2015-11-28,True,False,atl,sa,88,108,25,12,22,29,0,23,31,26,28,0,home,7.0,193.0,270.0,-330.0,1.0,99.5,1.0,1,True,1768.466283748599,1601.2158505867342,1788.7526983026503,1580.9294360326828,167.25043316186475,0.8232345088606229
2016,2015-11-28,True,False,sac,gs,101,120,29,17,25,30,0,30,26,36,28,0,home,16.5,219.5,1500.0,-5000.0,6.5,108.5,1.0,1,True,1989.9672176715824,1423.8616121098285,1991.7478889887243,1422.0809407926865,566.1056055617539,0.9788432413120022
2016,2015-11-28,True,False,bkn,cle,88,90,24,26,18,20,0,17,27,25,21,0,home,9.0,200.0,425.0,-550.0,9.0,100.0,0.0,0,True,1698.6730668603736,1383.713850480035,1701.7623943571248,1380.624522983284,314.9592163803386,0.9159613428568041
2016,2015-11-28,True,False,den,dal,81,92,25,27,5,24,0,22,26,25,19,0,home,8.5,205.0,360.0,-430.0,7.5,102.5,1.0,0,True,1564.3151370686278,1341.8313012656045,1576.4005723240396,1329.7458660101927,222.48383580302334,0.8648728345439478
2016,2015-11-28,True,False,tor,wsh,84,82,16,23,23,22,0,23,22,23,14,0,away,3.5,200.5,-165.0,145.0,4.0,99.0,0.0,0,False,1400.804422687346,1648.283869764854,1386.3196069408364,1662.7686855113636,-247.47944707750798,0.29965107915761585
2016,2015-11-29,True,False,hou,ny,116,111,21,20,28,32,15,25,29,23,24,10,away,4.0,198.0,-180.0,160.0,5.5,97.5,1.0,1,False,1340.6409133403292,1338.7123851043116,1290.0760398670016,1389.2772585776393,1.9285282360176552,0.6426185866418807
2016,2015-11-29,True,False,ind,lal,107,103,28,20,32,27,0,12,23,30,38,0,away,10.0,201.5,-650.0,475.0,1.5,101.5,0.0,1,False,1164.6045370716768,1733.3182211089118,1160.1372534644916,1737.785504716097,-568.713684037235,0.06308362199385549
2016,2015-11-29,True,False,mil,cha,82,87,28,9,22,23,0,22,23,20,22,0,home,6.5,201.5,240.0,-280.0,0.0,97.5,0.0,0,True,1503.2486165319553,1336.3679494958449,1515.2122828627519,1324.4042831650484,166.88066703611048,0.8229245510294202
2016,2015-11-29,True,False,min,lac,99,107,19,18,24,38,0,23,25,23,36,0,home,10.0,206.0,475.0,-650.0,2.5,102.0,0.0,2,True,1510.7905302212725,1404.6880223214605,1531.2343093860559,1384.2442431566772,106.10250789981205,0.7661004246575963
2016,2015-11-29,True,False,phx,tor,107,102,21,32,28,26,0,18,31,23,30,0,home,3.0,202.0,145.0,-165.0,2.5,104.0,0.0,1,False,1662.7686855113636,1430.827445065013,1607.0224810557536,1486.5736495206231,231.94124044635055,0.8711098256245882
2016,2015-11-29,True,False,det,bkn,83,87,22,19,26,16,0,18,17,24,28,0,away,5.0,194.0,-200.0,175.0,1.0,96.5,0.0,0,True,1380.624522983284,1486.206491182472,1416.6009741035282,1450.2300400622278,-105.58196819918817,0.49196759312536104
2016,2015-11-29,True,False,phi,mem,84,92,13,18,36,17,0,21,16,27,28,0,home,13.0,193.5,900.0,-1600.0,6.0,95.5,0.0,0,True,1569.1537590208738,1055.1468279680594,1570.9638212451878,1053.3367657437454,514.0069310528145,0.9716538393944473
2016,2015-11-29,True,False,bos,orl,91,110,20,25,22,24,0,21,32,31,26,0,away,2.0,201.0,-135.0,115.0,3.0,106.0,0.0,2,True,1470.3750381598431,1567.154048061861,1535.6701663007175,1501.8589199209866,-96.77900990201783,0.5046352445709885
2016,2015-11-30,True,False,por,lac,87,102,18,31,15,23,0,29,20,25,28,0,home,7.0,205.5,270.0,-330.0,5.0,102.0,1.0,0,True,1531.2343093860559,1451.3278442262913,1560.831132215477,1421.7310213968701,79.9064651597646,0.7380049385115283
2016,2015-11-30,True,False,okc,atl,100,106,21,31,22,26,0,31,22,26,27,0,away,3.0,213.5,-155.0,135.0,3.5,106.5,0.0,0,True,1580.9294360326828,1652.2076838022094,1620.2084866694008,1612.9286331654914,-71.27824776952662,0.5412400224530243
2016,2015-11-30,True,False,gs,utah,106,103,26,27,30,23,0,20,28,29,26,0,away,7.0,201.5,-360.0,300.0,3.5,99.5,0.0,1,False,1573.6557158119317,1991.7478889887243,1565.2314889182665,2000.1721158823896,-418.0921731767926,0.1381089813956165
2016,2015-11-30,True,False,dal,sac,98,112,32,26,13,27,0,23,31,22,36,0,home,2.0,214.5,115.0,-135.0,1.0,108.0,1.0,0,True,1422.0809407926865,1576.4005723240396,1490.8974369528073,1507.5840761639188,-154.31963153135302,0.4224585365035674
2016,2015-11-30,True,False,sa,chi,89,92,23,25,25,16,0,17,32,21,22,0,away,4.5,189.0,-190.0,170.0,4.0,99.0,0.0,0,True,1619.1332909204848,1788.7526983026503,1655.6625727487185,1752.2234164744166,-169.6194073821655,0.4011293893087729
2016,2015-11-30,True,False,den,mil,74,92,23,21,16,14,0,28,18,21,25,0,home,3.5,199.0,150.0,-170.0,2.0,97.0,1.0,0,True,1324.4042831650484,1329.7458660101927,1371.9574321672392,1282.1927170080019,-5.34158284514433,0.6329509987945531
2016,2015-11-30,True,False,hou,det,105,116,21,20,32,32,0,29,35,20,32,0,home,4.0,198.0,160.0,-180.0,4.0,96.0,1.0,1,True,1450.2300400622278,1389.2772585776393,1479.4595280348385,1360.0477706050285,60.95278148458851,0.7163684693917493
2016,2015-11-30,True,False,bos,mia,105,95,32,25,24,24,0,23,28,24,20,0,home,4.0,192.0,155.0,-175.0,4.0,98.5,0.0,1,False,1560.2454009651235,1501.8589199209866,1489.132940082627,1572.971380803483,58.38648104413687,0.7133572899762569
2016,2015-12-01,True,False,dal,por,115,112,27,23,24,22,19,18,34,21,23,16,home,1.5,201.0,105.0,-125.0,0.5,102.0,0.0,1,False,1421.7310213968701,1507.5840761639188,1389.9913888308647,1539.3237087299242,-85.85305476704866,0.5203478466206114
2016,2015-12-01,True,False,orl,min,96,93,21,33,22,20,0,14,27,26,26,0,home,1.0,203.0,100.0,-120.0,5.0,102.0,0.0,0,False,1384.2442431566772,1535.6701663007175,1358.2273399330327,1561.687069524362,-151.42592314404033,0.42652792340954626
2016,2015-12-01,True,False,mem,no,113,104,27,37,27,22,0,38,27,20,19,0,home,1.0,201.5,100.0,-120.0,0.0,103.0,0.0,1,False,1411.0626673764891,1570.9638212451878,1369.0539953260377,1612.9724932956392,-159.90115386869866,0.4146394196271468
2016,2015-12-01,True,False,wsh,cle,97,85,27,27,26,17,0,24,19,24,18,0,home,8.5,204.5,425.0,-550.0,8.0,102.0,0.0,0,False,1701.7623943571248,1386.3196069408364,1623.159575756135,1464.9224255418262,315.4427874162884,0.916175370254347
2016,2015-12-01,True,False,lal,phi,91,103,33,25,17,16,0,26,24,30,23,0,home,2.0,195.0,110.0,-130.0,3.5,98.5,1.0,0,True,1053.3367657437454,1160.1372534644916,1110.8700144383747,1102.6040047698623,-106.8004877207461,0.49021456109257594
2016,2015-12-01,True,False,phx,bkn,91,94,20,22,31,18,0,25,26,19,24,0,away,4.0,208.0,-180.0,160.0,5.0,105.5,0.0,0,True,1416.6009741035282,1486.5736495206231,1444.4701445197911,1458.7044791043602,-69.97267541709493,0.5431055232587272
2016,2015-12-02,True,False,ind,lac,103,91,29,18,25,31,0,29,21,19,22,0,away,2.0,202.0,-135.0,115.0,2.5,103.5,1.0,0,False,1560.831132215477,1737.785504716097,1516.7003645995471,1781.916272332027,-176.9543725006199,0.39102993918903245
2016,2015-12-02,True,False,tor,atl,96,86,16,16,25,39,0,18,28,20,20,0,home,4.0,196.5,150.0,-170.0,2.0,96.5,0.0,0,False,1620.2084866694008,1607.0224810557536,1551.7547891658962,1675.4761785592582,13.18600561364724,0.6573598970298143
2016,2015-12-02,True,False,no,hou,101,108,29,21,32,19,0,17,31,36,24,0,home,3.5,215.5,145.0,-165.0,3.5,107.5,1.0,0,True,1360.0477706050285,1369.0539953260377,1394.0807361252878,1335.0210298057782,-9.006224721009175,0.6280364349786114
2016,2015-12-02,True,False,lal,wsh,108,104,34,23,21,30,0,22,29,24,29,0,home,10.0,203.5,475.0,-650.0,9.5,102.0,0.0,1,False,1464.9224255418262,1102.6040047698623,1416.3351068512916,1151.191323460397,362.31842077196393,0.9347051984684657
2016,2015-12-02,True,False,den,chi,90,99,21,25,26,18,0,28,23,17,31,0,home,9.5,197.0,425.0,-550.0,4.5,97.0,0.0,0,True,1655.6625727487185,1282.1927170080019,1660.1979766744425,1277.6573130822778,373.46985574071664,0.9385153452630303
2016,2015-12-02,True,False,phx,det,122,127,26,31,32,23,10,30,27,23,32,15,home,3.5,203.5,150.0,-170.0,2.5,103.5,1.0,1,True,1479.4595280348385,1458.7044791043602,1505.1704502298621,1432.9935569093366,20.755048930478324,0.6671053573322648
2016,2015-12-02,True,False,gs,cha,116,99,32,28,33,23,0,23,28,21,27,0,away,9.0,208.5,-500.0,400.0,3.0,102.5,1.0,1,False,1515.2122828627519,2000.1721158823896,1502.7080182441193,2012.676380501022,-484.9598330196377,0.09832224227394887
2016,2015-12-02,True,False,mil,sa,70,95,21,17,17,15,0,28,20,28,19,0,home,12.0,187.0,700.0,-1100.0,4.0,92.5,1.0,0,True,1752.2234164744166,1371.9574321672392,1758.3788116657358,1365.80203697592,380.2659843071774,0.9407344797282302
2016,2015-12-02,True,False,phi,ny,87,99,21,18,19,29,0,27,27,27,18,0,home,8.5,191.0,350.0,-420.0,0.5,94.5,1.0,0,True,1290.0760398670016,1110.8700144383747,1306.056385538747,1094.8896687666293,179.20602542862684,0.8330277160715202
2016,2015-12-03,True,False,okc,mia,95,97,28,23,25,19,0,23,27,24,23,0,away,4.0,203.5,-180.0,160.0,2.5,101.5,0.0,0,True,1489.132940082627,1612.9286331654914,1514.9551821465222,1587.1063911015963,-123.79569308286432,0.465808689863388
2016,2015-12-03,True,False,den,tor,106,105,29,27,25,25,0,19,23,29,34,0,home,10.0,190.0,500.0,-700.0,10.0,95.5,0.0,1,False,1675.4761785592582,1277.6573130822778,1654.8330745808437,1298.3004170606923,397.81886547698036,0.9461233484391317
2016,2015-12-03,True,False,orl,utah,103,94,29,25,23,26,0,25,32,21,16,0,home,4.0,192.5,155.0,-175.0,1.0,96.5,0.0,1,False,1565.2314889182665,1561.687069524362,1500.1399618810858,1626.7785965615426,3.544419393904491,0.6447519958283435
2016,2015-12-03,True,False,sa,mem,103,83,20,25,29,29,0,21,15,21,26,0,away,3.5,183.0,-160.0,140.0,1.0,95.0,1.0,1,False,1612.9724932956392,1758.3788116657358,1554.6970440553314,1816.6542609060436,-145.40631837009664,0.43502455813043045
2016,2015-12-03,True,False,bos,sac,114,97,32,19,39,24,0,17,19,32,29,0,away,2.5,216.5,-140.0,120.0,3.5,110.0,1.0,0,False,1490.8974369528073,1572.971380803483,1424.0313129661567,1639.8375047901336,-82.07394385067573,0.5257748010817765
2016,2015-12-03,True,False,ind,por,111,123,31,28,31,21,0,28,28,41,26,0,away,2.5,202.5,-140.0,120.0,1.0,106.0,0.0,1,True,1389.9913888308647,1781.916272332027,1485.1265102613374,1686.7811509015542,-391.9248835011622,0.15703526683567798
2016,2015-12-04,True,False,cle,no,108,114,27,26,24,28,3,21,31,32,21,9,away,4.5,208.5,-200.0,175.0,2.5,103.5,0.0,1,True,1335.0210298057782,1623.159575756135,1398.9846545493272,1559.195951012586,-288.13854595035673,0.2529363470983966
2016,2015-12-04,True,False,hou,dal,100,96,26,31,21,22,0,28,25,25,18,0,home,5.0,211.5,190.0,-220.0,3.5,104.5,0.0,0,False,1539.3237087299242,1394.0807361252878,1489.6065414414638,1443.7979034137481,145.2429726046364,0.8040389868558271
2016,2015-12-04,True,False,lal,atl,87,100,19,17,30,21,0,23,29,20,28,0,home,11.0,206.5,600.0,-900.0,2.0,102.0,1.0,0,True,1551.7547891658962,1151.191323460397,1556.1553165545022,1146.790796071791,400.5634657054993,0.9469230424443712
2016,2015-12-04,True,False,phx,wsh,106,109,31,29,25,21,0,22,29,27,31,0,away,2.5,214.5,-145.0,125.0,1.0,106.0,0.0,1,True,1416.3351068512916,1432.9935569093366,1439.654885945116,1409.6737778155123,-16.65845005804499,0.6176894357581099
2016,2015-12-04,True,False,bkn,ny,91,108,21,21,25,24,0,42,23,27,16,0,home,3.5,192.5,145.0,-165.0,4.0,96.0,1.0,1,True,1306.056385538747,1444.4701445197911,1376.6465991319653,1373.8799309265728,-138.4137589810441,0.44494232209864265
2016,2015-12-04,True,False,mil,det,95,102,16,24,19,36,0,17,34,16,35,0,home,6.5,192.0,230.0,-270.0,0.0,93.5,1.0,1,True,1505.1704502298621,1365.80203697592,1521.3391067727075,1349.6333804330745,139.3684132539422,0.7986559876728455
2016,2015-12-05,True,False,orl,lac,101,103,24,26,29,22,0,22,31,21,29,0,home,2.0,198.0,115.0,-135.0,0.0,99.0,2.0,1,True,1516.7003645995471,1626.7785965615426,1541.5707338832792,1601.9082272778105,-110.07823196199547,0.4855003249375429
2016,2015-12-05,True,False,ny,mil,91,106,24,24,21,22,0,29,23,29,25,0,away,2.5,188.5,-140.0,120.0,1.5,94.5,0.0,1,True,1349.6333804330745,1376.6465991319653,1398.0017538686247,1328.2782256964151,-27.013218698890796,0.603518110844695
2016,2015-12-05,True,False,bos,sa,105,108,27,22,22,34,0,29,29,28,22,0,home,8.5,192.0,390.0,-480.0,2.0,101.0,0.0,1,True,1816.6542609060436,1639.8375047901336,1825.4084065023717,1631.0833591938056,176.81675611591004,0.8311059011286688
2016,2015-12-05,True,False,ind,utah,119,122,19,33,32,26,9,27,30,27,26,12,away,2.0,196.0,-130.0,110.0,2.0,101.5,0.0,1,True,1500.1399618810858,1686.7811509015542,1538.0901166478943,1648.8309961347456,-186.64118902046835,0.37783522632905425
2016,2015-12-05,True,False,cha,chi,102,96,26,26,20,30,0,22,28,25,21,0,home,5.5,195.5,200.0,-240.0,5.0,95.0,0.0,1,False,1660.1979766744425,1502.7080182441193,1599.9187679989377,1562.9872269196242,157.4899584303232,0.8149093763503678
2016,2015-12-05,True,False,cle,mia,84,99,22,20,22,20,0,34,26,23,16,0,home,5.0,188.0,180.0,-210.0,2.5,92.5,1.0,0,True,1514.9551821465222,1559.195951012586,1566.2460456937556,1507.9050874653526,-44.24076886606372,0.5795620768039422
2016,2015-12-05,True,False,den,phi,108,105,29,23,25,31,0,25,34,26,20,0,away,3.0,193.5,-155.0,135.0,3.5,95.5,2.0,1,False,1094.8896687666293,1298.3004170606923,1073.2098717239062,1319.9802141034154,-203.41074829406307,0.35542426910245223
2016,2015-12-05,True,False,sac,hou,113,120,16,34,35,28,0,29,23,32,36,0,home,3.0,218.0,135.0,-155.0,1.5,108.5,1.0,1,True,1443.7979034137481,1424.0313129661567,1473.7793353574857,1394.0498810224192,19.766590447591398,0.6658405413929386
2016,2015-12-05,True,False,gs,tor,112,109,32,27,24,29,0,21,28,30,30,0,away,7.5,210.0,-350.0,290.0,1.0,104.5,0.0,1,False,1654.8330745808437,2012.676380501022,1643.5618124255627,2023.947642656303,-357.8433059201784,0.18478402290890292
2016,2015-12-05,True,False,por,min,109,103,22,24,34,29,0,32,27,23,21,0,home,1.5,204.0,105.0,-125.0,3.5,100.0,0.0,1,False,1358.2273399330327,1485.1265102613374,1318.725149208177,1524.628700986193,-126.89917032830476,0.46136614394265946
2016,2015-12-06,True,False,sac,okc,95,98,25,23,16,31,0,28,23,25,22,0,home,11.5,222.0,650.0,-1000.0,6.5,110.5,0.0,0,True,1587.1063911015963,1394.0498810224192,1595.0910854098452,1386.0651867141703,193.0565100791771,0.843825121905421
2016,2015-12-06,True,False,phx,mem,93,95,16,25,27,25,0,20,23,24,28,0,home,5.5,203.0,200.0,-240.0,3.0,103.5,0.0,0,True,1554.6970440553314,1409.6737778155123,1562.978259249407,1401.3925626214366,145.02326623981912,0.8038396387597871
2016,2015-12-06,True,False,lal,det,91,111,19,23,23,26,0,32,33,25,21,0,home,9.0,199.5,425.0,-550.0,0.5,97.5,1.0,1,True,1521.3391067727075,1146.790796071791,1527.2963829925877,1140.8335198519108,374.54831070091655,0.9388726047283985
2016,2015-12-06,True,False,gs,bkn,114,98,30,27,30,27,0,16,38,26,18,0,away,11.0,209.5,-900.0,600.0,6.5,103.5,1.0,1,False,1373.8799309265728,2023.947642656303,1368.837602815048,2028.9899707678278,-650.0677117297303,0.040448195124955906
2016,2015-12-06,True,False,dal,wsh,116,104,29,26,32,29,0,28,30,26,20,0,away,2.0,208.0,-135.0,115.0,2.0,104.0,1.0,1,False,1439.654885945116,1489.6065414414638,1375.1531405488467,1554.108286837733,-49.95165549634794,0.5715312681482824
2016,2015-12-07,True,False,lac,min,110,106,29,21,21,39,0,25,27,25,29,0,away,4.0,205.5,-180.0,160.0,4.0,103.5,2.0,1,False,1318.725149208177,1541.5707338832792,1295.3399961491416,1564.9558869423147,-222.84558467510215,0.33022755785459706
2016,2015-12-07,True,False,phx,chi,103,101,27,24,10,42,0,30,21,26,24,0,home,7.0,204.0,265.0,-320.0,5.0,104.0,0.0,2,False,1599.9187679989377,1401.3925626214366,1565.7200794004616,1435.5912512199127,198.52620537750113,0.8479297204300154
2016,2015-12-07,True,False,por,mil,88,90,16,17,29,26,0,25,17,18,30,0,away,2.0,199.5,-130.0,110.0,3.5,98.5,0.0,0,True,1398.0017538686247,1524.628700986193,1424.0199185249694,1498.6105363298484,-126.6269471175683,0.46175558920361565
2016,2015-12-07,True,False,det,cha,84,104,20,31,19,14,0,28,34,26,16,0,home,2.0,198.0,115.0,-135.0,2.5,97.5,1.0,0,True,1562.9872269196242,1527.2963829925877,1603.6115527941565,1486.6720571180554,35.69084392703644,0.6859169869106804
2016,2015-12-07,True,False,bos,no,111,93,25,28,28,30,0,25,19,23,26,0,away,1.5,211.0,-125.0,105.0,2.0,108.0,1.0,0,False,1398.9846545493272,1631.0833591938056,1357.7141856572125,1672.3538280859202,-232.0987046444784,0.31855481085875653
2016,2015-12-07,True,False,lal,tor,93,102,22,20,29,22,0,25,27,19,31,0,home,11.5,198.5,625.0,-950.0,3.5,100.0,0.0,0,True,1643.5618124255627,1140.8335198519108,1645.5972310478037,1138.7981012296698,502.72829257365197,0.9698098103244202
2016,2015-12-07,True,False,dal,ny,104,97,34,29,25,16,0,28,22,22,25,0,home,0.0,198.0,-110.0,-110.0,3.5,99.5,0.0,1,False,1328.2782256964151,1554.108286837733,1298.410561708681,1583.9759508254672,-225.83006114131786,0.32643886907607617
2016,2015-12-07,True,False,sa,phi,119,68,33,32,31,23,0,17,12,23,16,0,away,10.5,190.5,-650.0,475.0,3.0,98.5,1.0,0,False,1073.2098717239062,1825.4084065023717,1069.2321155128043,1829.3861627134736,-752.1985347784655,0.022879770697812763
2016,2015-12-07,True,False,wsh,mia,114,103,29,31,27,27,0,19,36,29,19,0,home,8.0,197.5,320.0,-380.0,7.5,97.5,0.0,1,False,1566.2460456937556,1375.1531405488467,1488.9247295795833,1452.474456663019,191.09290514490885,0.8423297131240016
2016,2015-12-08,True,False,gs,ind,131,123,44,35,32,20,0,28,32,23,40,0,away,5.5,215.0,-250.0,210.0,2.5,106.0,1.0,1,False,1648.8309961347456,2028.9899707678278,1632.7621008029466,2045.0588660996268,-380.15897463308215,0.16621066885868666
2016,2015-12-08,True,False,por,cle,100,105,25,31,19,25,0,17,30,30,28,0,home,9.0,199.5,425.0,-550.0,9.5,102.0,0.0,1,True,1507.9050874653526,1498.6105363298484,1535.064680798945,1471.4509429962561,9.294551135504207,0.6522967046760831
2016,2015-12-08,True,False,hou,bkn,105,110,24,22,26,33,0,31,26,23,30,0,away,5.0,206.5,-215.0,185.0,6.0,102.5,0.0,1,True,1368.837602815048,1473.7793353574857,1408.816943343473,1433.7999948290608,-104.94173254243765,0.4928887547403437
2016,2015-12-08,True,False,okc,mem,125,88,28,31,39,27,0,25,22,16,25,0,away,2.0,201.5,-130.0,110.0,3.0,100.5,1.0,1,False,1562.978259249407,1595.0910854098452,1467.51051709353,1690.5588275657221,-32.11282616043809,0.5964728579231152
2016,2015-12-08,True,False,orl,den,85,74,26,14,22,23,0,26,21,16,11,0,away,4.0,198.5,-170.0,150.0,4.0,99.5,1.0,0,False,1319.9802141034154,1601.9082272778105,1291.580079159875,1630.308362221351,-281.9280131743951,0.25975125158454604
2016,2015-12-08,True,False,utah,sac,106,114,22,26,32,26,0,33,21,32,28,0,home,3.0,205.5,130.0,-150.0,1.0,105.0,1.0,1,True,1386.0651867141703,1538.0901166478943,1441.5887720660403,1482.5665312960243,-152.02492993372402,0.42568471147459847
2016,2015-12-09,True,False,chi,bos,100,105,24,30,21,25,0,24,27,24,30,0,home,3.5,200.0,145.0,-165.0,3.5,104.5,1.0,1,True,1672.3538280859202,1565.7200794004616,1688.9780024110073,1549.0959050753745,106.63374868545861,0.7666479555669578
2016,2015-12-09,True,False,mia,cha,81,99,17,19,18,27,0,27,29,24,19,0,away,1.0,192.0,-120.0,100.0,5.5,93.0,0.0,0,True,1603.6115527941565,1488.9247295795833,1629.7811176381108,1462.755164735629,114.68682321457322,0.7748384998172102
2016,2015-12-09,True,False,atl,dal,98,95,22,27,27,22,0,23,21,28,23,0,away,2.0,201.5,-130.0,110.0,0.0,103.5,1.0,0,False,1583.9759508254672,1556.1553165545022,1543.8536288422417,1596.2776385377276,27.820634270965,0.6760755931555562
2016,2015-12-09,True,False,ny,utah,85,106,11,24,24,26,0,29,31,22,24,0,home,2.5,192.5,125.0,-145.0,5.5,95.5,1.0,0,True,1482.5665312960243,1298.410561708681,1501.293183972323,1279.6839090323822,184.1559695873434,0.8369535234645563
2016,2015-12-09,True,False,lac,mil,109,95,25,22,28,34,0,26,22,20,27,0,away,5.0,200.0,-220.0,190.0,4.5,99.0,1.0,1,False,1424.0199185249694,1564.9558869423147,1371.4300752844572,1617.545730182827,-140.9359684173453,0.4413595100730302
2016,2015-12-09,True,False,lal,min,122,123,32,25,24,33,8,35,24,25,30,9,home,7.5,204.5,270.0,-330.0,4.5,101.5,0.0,1,True,1295.3399961491416,1138.7981012296698,1300.2426550082216,1133.8954423705898,156.54189491947182,0.8140847963250074
2016,2015-12-09,True,False,orl,phx,104,107,24,23,26,31,0,21,28,35,23,0,home,4.5,206.0,175.0,-200.0,2.5,103.5,0.0,1,True,1435.5912512199127,1630.308362221351,1474.2041205868252,1591.6954928544385,-194.7171110014383,0.3669705096575225
2016,2015-12-09,True,False,sa,tor,94,97,21,25,16,32,0,27,26,20,24,0,away,6.0,187.5,-260.0,220.0,5.5,100.0,0.0,1,True,1645.5972310478037,1829.3861627134736,1683.3114887073145,1791.6719050539627,-183.7889316656699,0.38170258527062634
2016,2015-12-09,True,False,hou,wsh,109,103,30,26,26,27,0,17,30,36,20,0,home,4.0,214.5,165.0,-185.0,4.5,105.0,0.0,0,False,1452.474456663019,1433.7999948290608,1396.627951273378,1489.646500218702,18.674461833958276,0.6644402930133216
2016,2015-12-09,True,False,mem,det,93,92,24,19,24,26,0,17,30,27,18,0,home,4.5,194.0,160.0,-180.0,1.5,97.5,0.0,0,False,1486.6720571180554,1467.51051709353,1466.7699389156917,1487.4126352958938,19.161540024525266,0.6650651486222006
2016,2015-12-10,True,False,atl,okc,94,107,28,21,26,19,0,35,25,23,24,0,home,7.5,210.0,290.0,-350.0,0.5,107.5,1.0,0,True,1690.5588275657221,1596.2776385377276,1716.6961107061202,1570.1403553973296,94.28118902799451,0.7536866930762102
2016,2015-12-10,True,False,phi,bkn,91,100,13,31,30,17,0,24,28,18,30,0,home,6.0,199.5,230.0,-270.0,1.0,101.0,1.0,0,True,1408.816943343473,1069.2321155128043,1414.3947568832302,1063.654301973047,339.5848278306687,0.926249350892003
2016,2015-12-10,True,False,ny,sac,97,99,16,23,26,32,0,24,22,30,23,0,home,6.0,210.0,210.0,-250.0,1.0,104.5,0.0,0,True,1441.5887720660403,1279.6839090323822,1449.1309290698641,1272.1417520285584,161.9048630336581,0.8187120203018227
2016,2015-12-10,True,False,lac,chi,80,83,24,11,19,26,0,23,21,20,19,0,away,1.5,203.0,-125.0,105.0,3.5,101.5,0.0,0,True,1549.0959050753745,1617.545730182827,1576.8324416597854,1589.809193598416,-68.4498251074524,0.545279957025398
2016,2015-12-11,True,False,gs,bos,124,119,26,31,25,21,21,25,28,22,28,16,away,5.0,214.5,-230.0,195.0,2.0,105.5,2.0,1,False,1688.9780024110073,2045.0588660996268,1674.2892349262893,2059.747633584345,-356.0808636886195,0.18631720964003481
2016,2015-12-11,True,False,cle,orl,111,76,22,31,30,28,0,20,17,15,24,0,away,3.0,198.0,-160.0,140.0,3.0,97.0,1.0,0,False,1591.6954928544385,1535.064680798945,1485.554401843362,1641.2057718100214,56.63081205549361,0.7112862899290043
2016,2015-12-11,True,False,lal,sa,87,109,27,22,22,16,0,31,20,28,30,0,home,15.5,194.0,1400.0,-4000.0,8.5,98.5,1.0,1,True,1791.6719050539627,1133.8954423705898,1792.7197298948383,1132.8476175297142,657.776462683373,0.9874091230731248
2016,2015-12-11,True,False,min,den,108,111,29,27,22,22,8,23,18,32,27,11,home,0.0,202.0,-110.0,-110.0,4.0,98.5,1.0,1,True,1291.580079159875,1300.2426550082216,1314.2405420042996,1277.582192163797,-8.662575848346705,0.6284984389784087
2016,2015-12-11,True,False,okc,utah,94,90,27,25,20,22,0,15,29,23,23,0,away,3.5,204.0,-165.0,145.0,0.0,100.0,1.0,0,False,1501.293183972323,1716.6961107061202,1477.2321739734089,1740.7571207050344,-215.40292673379713,0.33977150166167147
2016,2015-12-11,True,False,cha,mem,123,99,29,30,34,30,0,35,19,19,26,0,home,2.0,193.0,115.0,-135.0,2.0,96.0,0.0,1,False,1487.4126352958938,1629.7811176381108,1425.1904731486206,1692.003279785384,-142.36848234221702,0.4393273073401542
2016,2015-12-11,True,False,wsh,no,105,107,27,27,23,28,0,29,26,22,30,0,home,3.5,211.0,145.0,-165.0,2.0,102.5,0.0,1,True,1357.7141856572125,1396.627951273378,1377.6774251387903,1376.6647117918,-38.91376561616539,0.5870153712118683
2016,2015-12-11,True,False,mia,ind,83,96,21,27,20,15,0,20,27,30,19,0,home,5.0,196.5,175.0,-200.0,3.5,96.5,1.0,0,True,1632.7621008029466,1462.755164735629,1650.0773800283384,1445.4398855102372,170.0069360673176,0.8255317381159841
2016,2015-12-11,True,False,det,phi,107,95,35,23,31,18,0,14,32,20,29,0,away,9.0,193.0,-450.0,375.0,1.0,95.5,1.0,1,False,1063.654301973047,1466.7699389156917,1046.8729246004748,1483.551316288264,-403.11563694264464,0.1486949203017371
2016,2015-12-11,True,False,por,phx,106,96,33,24,21,28,0,26,35,21,14,0,home,4.0,209.5,160.0,-180.0,1.5,106.0,0.0,0,False,1474.2041205868252,1471.4509429962561,1406.474633559347,1539.1804300237343,2.7531775905690665,0.6437080572645494
2016,2015-12-11,True,False,mil,tor,83,90,17,14,29,23,0,24,25,21,20,0,home,7.5,191.5,280.0,-340.0,1.0,94.0,0.0,0,True,1683.3114887073145,1371.4300752844572,1689.2684738361816,1365.4730901555902,311.88141342285735,0.9145874470931723
2016,2015-12-12,True,False,ind,det,96,118,29,26,24,17,0,28,37,37,16,0,home,1.0,204.0,100.0,-120.0,3.0,105.5,1.0,1,True,1483.551316288264,1650.0773800283384,1565.5813791311311,1568.0473171854712,-166.5260637400745,0.4054144317683883
2016,2015-12-12,True,False,lal,hou,97,126,25,21,30,21,0,32,31,28,35,0,home,11.5,212.5,650.0,-1000.0,2.0,104.5,1.0,1,True,1489.646500218702,1132.8476175297142,1497.065271649246,1125.4288460991702,356.79888268898776,0.9327390564238728
2016,2015-12-12,True,False,ny,por,112,110,21,34,21,36,0,29,27,30,24,0,home,3.5,198.0,145.0,-165.0,2.5,100.5,0.0,1,False,1539.1804300237343,1272.1417520285584,1505.1440888985285,1306.1780931537642,267.03867799517593,0.8921453394990798
2016,2015-12-12,True,False,no,chi,94,98,28,17,25,24,0,20,22,22,34,0,home,7.0,202.0,270.0,-330.0,6.0,101.0,0.0,0,True,1576.8324416597854,1377.6774251387903,1585.7853179607494,1368.7245488378264,199.1550165209951,0.8483958783253943
2016,2015-12-12,True,False,wsh,dal,114,111,26,25,39,24,0,28,22,22,39,0,home,6.5,205.0,230.0,-270.0,5.0,100.5,0.0,1,False,1543.8536288422417,1376.6647117918,1500.8343271467957,1419.6840134872461,167.18891705044166,0.823182972311808
2016,2015-12-12,True,False,bos,cha,98,93,16,22,35,25,0,17,25,27,24,0,home,3.0,202.5,135.0,-155.0,0.5,104.5,0.0,0,False,1692.003279785384,1674.2892349262893,1640.6278575631623,1725.664657148511,17.714044859094656,0.6632065202094752
2016,2015-12-12,True,False,sa,atl,103,78,22,25,32,24,0,13,12,30,23,0,away,3.0,190.5,-150.0,130.0,4.5,97.5,1.0,0,False,1570.1403553973296,1792.7197298948383,1522.7515702345554,1840.1085150576125,-222.57937449750875,0.33056658451948057
2016,2015-12-12,True,False,gs,mil,95,108,28,20,29,18,0,30,29,21,28,0,away,9.5,206.5,-550.0,425.0,10.5,101.5,0.0,0,True,1365.4730901555902,2059.747633584345,1477.9166885341178,1947.3040352058172,-694.2745434287547,0.03164804413048391
2016,2015-12-12,True,False,lac,bkn,105,100,28,29,20,28,0,20,24,19,37,0,away,6.5,206.0,-280.0,240.0,0.5,103.0,0.0,0,False,1414.3947568832302,1589.809193598416,1383.4003902283134,1620.8035602533328,-175.41443671518573,0.3931428498485166
2016,2015-12-13,True,False,mem,mia,97,100,27,29,22,19,0,21,27,23,29,0,home,2.5,189.0,125.0,-145.0,3.5,94.5,1.0,1,True,1445.4398855102372,1425.1904731486206,1465.3810933224524,1405.2492653364054,20.249412361616578,0.666458652079456
2016,2015-12-13,True,False,phi,tor,76,96,24,20,14,18,0,32,20,17,27,0,home,11.5,192.5,700.0,-1100.0,4.0,96.5,1.0,0,True,1689.2684738361816,1046.8729246004748,1690.3891920379353,1045.752206398721,642.3955492357068,0.986259506553767
2016,2015-12-13,True,False,min,phx,101,108,27,22,17,35,0,25,30,30,23,0,home,5.0,209.5,190.0,-220.0,0.5,105.0,1.0,0,True,1406.474633559347,1277.582192163797,1423.5934517336839,1260.46337398946,128.89244139555012,0.7887839327041147
2016,2015-12-13,True,False,utah,okc,98,104,21,30,25,20,2,16,22,33,25,8,home,9.0,203.0,400.0,-500.0,9.0,106.0,0.0,0,True,1740.7571207050344,1477.2321739734089,1748.1985928198712,1469.790701858572,263.5249467316255,0.8901835956012112
2016,2015-12-14,True,False,hou,den,108,114,22,36,24,26,0,36,18,34,26,0,away,4.5,209.5,-190.0,170.0,2.0,103.0,0.0,1,True,1314.2405420042996,1497.065271649246,1367.066966242009,1444.2388474115367,-182.82472964494627,0.3830133670663642
2016,2015-12-14,True,False,phx,dal,94,104,21,22,15,36,0,25,21,31,27,0,home,4.0,208.0,160.0,-180.0,1.0,105.5,1.0,0,True,1500.8343271467957,1423.5934517336839,1526.7863553963548,1397.6414234841247,77.24087541311178,0.7350272326940658
2016,2015-12-14,True,False,lac,det,105,103,27,21,25,21,11,27,12,24,31,9,away,2.0,205.0,-130.0,110.0,1.5,101.5,2.0,1,False,1565.5813791311311,1620.8035602533328,1538.314058242118,1648.0708811423458,-55.22218112220162,0.5640860245045677
2016,2015-12-14,True,False,wsh,mem,95,112,21,25,15,34,0,25,32,26,29,0,home,3.0,201.0,135.0,-155.0,2.0,99.5,1.0,1,True,1405.2492653364054,1419.6840134872461,1453.4862768421679,1371.4470019814837,-14.434748150840733,0.6207077124092778
2016,2015-12-14,True,False,utah,sa,81,118,15,21,22,23,0,29,30,39,20,0,home,12.5,186.0,800.0,-1400.0,1.0,96.0,1.0,1,True,1840.1085150576125,1469.790701858572,1847.4132229573104,1462.4859939588741,370.31781319904053,0.9374599546134897
2016,2015-12-14,True,False,phi,chi,96,115,19,37,12,28,0,24,27,34,30,0,home,13.5,195.0,1000.0,-2000.0,11.0,99.0,1.0,1,True,1585.7853179607494,1045.752206398721,1587.8821837777627,1043.6553405817076,540.0331115620284,0.9755011880703328
2016,2015-12-14,True,False,mia,atl,100,88,22,25,27,26,0,20,18,23,27,0,home,6.0,192.5,220.0,-260.0,5.5,96.0,0.0,0,False,1522.7515702345554,1465.3810933224524,1446.7396333061636,1541.3930302508443,57.37047691210296,0.7121598873533921
2016,2015-12-14,True,False,orl,bkn,105,82,25,27,31,22,0,25,20,24,13,0,away,3.5,197.5,-165.0,145.0,0.0,99.5,1.0,0,False,1383.4003902283134,1485.554401843362,1313.9166690362601,1555.0381230354153,-102.1540116150486,0.49690016781895674
2016,2015-12-14,True,False,tor,ind,90,106,28,13,23,26,0,27,25,21,33,0,home,4.5,199.5,175.0,-200.0,1.0,99.5,1.0,0,True,1568.0473171854712,1690.3891920379353,1634.3806756234883,1624.0558335999183,-122.34187485246412,0.46789170279058373
2016,2015-12-14,True,False,no,por,101,105,31,17,21,32,0,26,24,28,27,0,home,3.0,211.0,140.0,-160.0,1.5,108.0,1.0,0,True,1505.1440888985285,1368.7245488378264,1517.8616745880836,1356.0069631482713,136.41954006070205,0.79591247398816
2016,2015-12-15,True,False,hou,sac,97,107,31,19,24,23,0,31,26,25,25,0,home,2.5,222.0,125.0,-145.0,1.5,110.5,1.0,0,True,1449.1309290698641,1444.2388474115367,1486.2433982292166,1407.1263782521842,4.89208165832747,0.6465268861169806
2016,2015-12-15,True,False,mil,lal,95,113,25,21,20,29,0,30,25,31,27,0,away,4.0,198.5,-180.0,160.0,5.0,99.5,0.0,1,True,1125.4288460991702,1477.9166885341178,1230.4369018219277,1372.9086328113603,-352.48784243494765,0.18947319409302696
2016,2015-12-15,True,False,cle,bos,89,77,23,17,29,20,0,25,21,15,16,0,away,1.0,202.0,-120.0,100.0,2.5,101.0,1.0,0,False,1725.664657148511,1641.2057718100214,1648.3377369752916,1718.5326919832407,84.45888533848961,0.7430402388201154
2016,2015-12-15,True,False,den,min,112,100,27,36,29,20,0,24,25,31,20,0,home,6.0,202.5,220.0,-260.0,7.0,99.5,0.0,1,False,1260.46337398946,1367.066966242009,1205.1068839990644,1422.4234562324045,-106.60359225254888,0.49049781102944523
2016,2015-12-16,True,False,no,utah,104,94,27,24,22,31,0,24,26,29,15,0,home,3.0,200.5,135.0,-155.0,2.5,101.0,0.0,0,False,1462.4859939588741,1356.0069631482713,1389.3981094181952,1429.0948476889503,106.47903081060281,0.7664885854459368
2016,2015-12-16,True,False,phx,gs,103,128,28,18,19,38,0,26,33,46,23,0,home,12.0,219.5,750.0,-1200.0,4.0,112.0,1.0,1,True,1947.3040352058172,1397.6414234841247,1949.4509996511888,1395.4944590387531,549.6626117216924,0.9767915902955361
2016,2015-12-16,True,False,mil,lac,90,103,21,22,23,24,0,29,25,24,25,0,home,11.0,198.0,600.0,-900.0,3.0,97.5,1.0,0,True,1648.0708811423458,1372.9086328113603,1657.4900226319694,1363.4894913217368,275.16224833098545,0.896563154780595
2016,2015-12-16,True,False,mem,chi,85,98,26,27,13,19,0,30,20,24,24,0,home,4.0,194.5,160.0,-180.0,4.5,97.5,1.0,0,True,1587.8821837777627,1453.4862768421679,1608.9672564001323,1432.4012042197983,134.3959069355949,0.7940137407481822
2016,2015-12-16,True,False,por,okc,90,106,26,19,22,23,0,31,21,36,18,0,home,11.0,208.0,500.0,-700.0,4.0,104.0,1.0,0,True,1748.1985928198712,1517.8616745880836,1761.3635508333937,1504.6967165745612,230.33691823178765,0.8700693595442172
2016,2015-12-16,True,False,wsh,sa,95,114,31,21,19,24,0,26,29,31,28,0,home,13.0,197.5,900.0,-1600.0,7.5,97.5,1.0,1,True,1847.4132229573104,1371.4470019814837,1850.5427014820807,1368.3175234567134,475.9662209758267,0.964957690640857
2016,2015-12-16,True,False,bos,det,116,119,25,27,31,33,0,18,37,30,34,0,home,2.5,198.0,120.0,-140.0,0.5,102.5,1.0,1,True,1538.314058242118,1648.3377369752916,1569.6921854008465,1616.9596098165632,-110.02367873317348,0.48557876767862973
2016,2015-12-16,True,False,mia,bkn,104,98,22,33,29,20,0,30,20,28,20,0,away,5.0,191.0,-220.0,190.0,1.5,96.0,1.0,1,False,1313.9166690362601,1541.3930302508443,1286.145073502746,1569.1646257843583,-227.47636121458413,0.3243585661280925
2016,2015-12-16,True,False,cha,orl,98,113,23,22,28,25,0,30,28,31,24,0,home,0.0,198.0,-110.0,-110.0,4.5,98.5,1.0,1,True,1555.0381230354153,1640.6278575631623,1613.5066102957987,1582.1593703027788,-85.58973452774694,0.520726155574803
2016,2015-12-16,True,False,dal,ind,81,107,19,28,17,17,0,20,25,30,32,0,home,4.0,207.5,160.0,-180.0,4.0,103.0,1.0,0,True,1634.3806756234883,1526.7863553963548,1664.804025838886,1496.363005180957,107.5943202271335,0.767635716933272
2016,2015-12-16,True,False,phi,atl,106,127,23,32,21,30,0,32,34,36,25,0,home,13.5,199.0,1100.0,-2500.0,4.5,99.0,1.0,1,True,1446.7396333061636,1043.6553405817076,1451.8143294458887,1038.5806444419825,403.08429272445596,0.9476476526238378
2016,2015-12-16,True,False,min,ny,102,107,26,14,30,32,0,27,33,18,29,0,home,4.5,199.0,170.0,-190.0,3.5,96.5,1.0,1,True,1306.1780931537642,1205.1068839990644,1323.29990833192,1187.9850688209085,101.07120915469977,0.7608706811667999
2016,2015-12-17,True,False,tor,cha,99,109,20,24,21,25,9,25,31,21,13,19,away,3.0,193.5,-150.0,130.0,4.5,95.0,0.0,1,True,1582.1593703027788,1624.0558335999183,1626.1721162186568,1580.04308768404,-41.89646329713946,0.5828468026716733
2016,2015-12-17,True,False,okc,cle,100,104,28,19,31,22,0,26,20,28,30,0,home,2.0,203.5,110.0,-130.0,2.0,101.0,1.0,1,True,1718.5326919832407,1761.3635508333937,1748.1661597420614,1731.730083074573,-42.830858850152936,0.5815384374840645
2016,2015-12-17,True,False,hou,lal,107,87,29,23,26,29,0,18,21,29,19,0,away,6.0,215.5,-240.0,200.0,0.5,105.0,1.0,0,False,1230.4369018219277,1407.1263782521842,1178.0062773745456,1459.5570026995663,-176.6894764302565,0.39139310859140913
2016,2015-12-18,True,False,por,orl,94,102,26,22,20,26,0,29,20,25,28,0,home,4.5,202.0,170.0,-190.0,2.5,101.0,1.0,0,True,1613.5066102957987,1504.6967165745612,1633.657986788913,1484.545340081447,108.80989372123759,0.7688815135017959
2016,2015-12-18,True,False,lac,sa,107,115,30,25,33,19,0,26,29,30,30,0,home,7.5,196.0,280.0,-340.0,5.0,99.5,1.0,1,True,1850.5427014820807,1657.4900226319694,1863.1984187008147,1644.8343054132354,193.0526788501113,0.8438222154696109
2016,2015-12-18,True,False,den,utah,88,97,23,26,24,15,0,30,23,24,20,0,home,5.5,193.5,190.0,-220.0,2.5,94.5,1.0,0,True,1389.3981094181952,1422.4234562324045,1430.4091140935805,1381.4124515570193,-33.02534681420934,0.5952078857311761
2016,2015-12-18,True,False,mem,dal,88,97,26,23,17,22,0,25,30,20,22,0,home,2.0,197.0,115.0,-135.0,1.0,98.5,1.0,0,True,1496.363005180957,1432.4012042197983,1523.0374087071746,1405.7268006935808,63.961800961158815,0.7198746658733602
2016,2015-12-18,True,False,no,phx,88,104,17,25,22,24,0,28,25,24,27,0,home,3.0,213.5,135.0,-155.0,2.5,107.0,1.0,0,True,1395.4944590387531,1429.0948476889503,1446.0558599769513,1378.533446750752,-33.60038865019715,0.5944100888109419
2016,2015-12-18,True,False,ny,phi,107,97,30,35,24,18,0,23,21,24,29,0,away,6.5,196.5,-250.0,210.0,3.0,97.5,1.0,1,False,1038.5806444419825,1323.29990833192,1011.4996732306558,1350.3808795432467,-284.71926388993757,0.2566736860534249
2016,2015-12-18,True,False,atl,bos,109,101,19,23,29,38,0,25,18,30,28,0,home,4.0,206.5,145.0,-165.0,2.0,106.0,0.0,1,False,1616.9596098165632,1451.8143294458887,1548.7986553734206,1519.9752838890313,165.14528037067453,0.821464157288548
2016,2015-12-18,True,False,tor,mia,108,94,27,23,31,27,0,25,30,22,17,0,home,4.5,187.0,170.0,-190.0,1.5,93.0,0.0,1,False,1569.1646257843583,1580.04308768404,1494.6318459178888,1654.5758675505097,-10.878461899681724,0.6255152930538691
2016,2015-12-18,True,False,bkn,ind,97,104,18,29,30,20,0,23,26,23,32,0,home,10.5,206.5,500.0,-700.0,6.0,103.0,0.0,0,True,1664.804025838886,1286.145073502746,1668.771582021926,1282.177517319706,378.6589523361399,0.940216609942805
2016,2015-12-18,True,False,mil,gs,112,121,36,34,23,19,0,33,25,27,36,0,home,19.0,211.0,2000.0,-9900.0,16.5,106.0,0.0,1,True,1949.4509996511888,1363.4894913217368,1950.6593104400722,1362.2811805328533,585.961508329452,0.9810851487283605
2016,2015-12-18,True,False,sac,min,95,99,24,30,23,18,0,31,27,25,16,0,away,2.5,213.5,-135.0,115.0,2.0,107.0,0.0,0,True,1187.9850688209085,1486.2433982292166,1241.6568193910584,1432.5716476590667,-298.2583294083081,0.24208787208627536
2016,2015-12-18,True,False,det,chi,147,144,31,24,19,31,42,27,25,25,28,39,home,4.5,197.0,170.0,-190.0,4.5,98.0,0.0,1,False,1608.9672564001323,1569.6921854008465,1568.4496594331913,1610.2097823677875,39.275070999285845,0.6903447985561063
2016,2015-12-19,True,False,lal,okc,78,118,15,26,14,23,0,35,32,25,26,0,home,16.0,208.0,1700.0,-5000.0,1.5,102.0,1.0,0,True,1731.730083074573,1178.0062773745456,1734.1156745525413,1175.6206858965772,553.7238057000275,0.9773157010688445
2016,2015-12-19,True,False,ind,mem,84,96,16,27,23,18,0,21,23,26,26,0,away,1.0,200.0,-115.0,-105.0,0.5,103.0,0.0,0,True,1405.7268006935808,1668.771582021926,1486.8499755572398,1587.648407158267,-263.04478132834515,0.28119106357199775
2016,2015-12-19,True,False,cha,wsh,101,109,27,26,22,26,0,28,31,27,23,0,away,2.0,206.0,-130.0,110.0,2.5,100.5,0.0,1,True,1368.3175234567134,1626.1721162186568,1437.2228281237226,1557.2668115516476,-257.8545927619434,0.2872691905615334
2016,2015-12-19,True,False,chi,ny,91,107,18,21,29,23,0,25,24,28,30,0,home,2.0,194.5,115.0,-135.0,1.5,99.0,1.0,1,True,1350.3808795432467,1568.4496594331913,1433.1139650001703,1485.7165739762677,-218.0687798899446,0.336337519130731
2016,2015-12-19,True,False,lac,hou,97,107,17,29,25,26,0,38,19,26,24,0,away,2.5,212.5,-140.0,120.0,5.0,108.0,0.0,0,True,1459.5570026995663,1644.8343054132354,1525.0050731169215,1579.3862349958802,-185.2773027136691,0.3796826063579056
2016,2015-12-20,True,False,no,den,130,125,36,31,32,31,0,31,43,22,29,0,home,1.0,204.5,-105.0,-115.0,1.0,104.0,0.0,1,False,1381.4124515570193,1378.533446750752,1330.796798748005,1429.1490995597665,2.879004806267176,0.6438741612327715
2016,2015-12-20,True,False,sac,tor,104,94,37,18,23,26,0,18,30,22,24,0,home,5.5,206.5,200.0,-240.0,5.5,105.5,0.0,0,False,1654.5758675505097,1432.5716476590667,1579.9309535208245,1507.2165616887519,222.00421989144297,0.8645498500712127
2016,2015-12-20,True,False,atl,orl,103,100,25,27,25,26,0,29,13,36,22,0,away,1.5,201.5,-120.0,100.0,2.0,104.0,1.0,1,False,1633.657986788913,1519.9752838890313,1591.2750193868371,1562.358251291107,113.68270289988163,0.7738284657066693
2016,2015-12-20,True,False,min,bkn,100,85,26,26,23,25,0,16,27,22,20,0,away,1.5,202.0,-130.0,110.0,2.0,100.5,1.0,0,False,1282.177517319706,1241.6568193910584,1201.0598664967802,1322.7744702139844,40.52069792864768,0.6918755120896762
2016,2015-12-20,True,False,phi,cle,86,108,25,13,22,26,0,21,34,33,20,0,home,16.5,198.0,1700.0,-5000.0,5.0,99.5,1.0,0,True,1748.1661597420614,1011.4996732306558,1748.804237550791,1010.8615954219263,736.6664865114055,0.9919678578856476
2016,2015-12-20,True,False,por,mia,109,116,32,30,24,23,0,23,29,30,34,0,home,5.0,192.5,170.0,-200.0,6.0,97.5,1.0,1,True,1494.6318459178888,1484.545340081447,1526.033833173468,1453.1433528258676,10.086505836441802,0.6533299604775223
2016,2015-12-20,True,False,mil,phx,101,95,27,18,25,31,0,26,27,18,24,0,home,7.5,202.0,280.0,-345.0,2.5,100.5,0.0,0,False,1446.0558599769513,1362.2811805328533,1387.4138812986928,1420.9231592111119,83.77467944409796,0.7422875155834286
2016,2015-12-21,True,False,ind,sa,92,106,21,27,22,22,0,23,27,29,27,0,home,9.0,199.0,400.0,-500.0,5.5,103.5,1.0,0,True,1863.1984187008147,1587.648407158267,1872.8415465979554,1578.0052792611264,275.55001154254774,0.8967699754849313
2016,2015-12-21,True,False,okc,lac,100,99,23,27,22,28,0,29,23,25,22,0,away,1.5,209.0,-125.0,105.0,2.5,104.0,0.0,0,False,1579.3862349958802,1734.1156745525413,1566.5194444847402,1746.9824650636813,-154.7294395566612,0.4218830650586071
2016,2015-12-21,True,False,phx,utah,89,110,21,22,18,28,0,33,21,25,31,0,home,4.5,198.0,165.0,-185.0,1.5,100.5,1.0,1,True,1430.4091140935805,1387.4138812986928,1470.1934384212589,1347.6295569710144,42.99523279488767,0.6949038946637899
2016,2015-12-21,True,False,cha,hou,95,102,28,16,16,35,0,27,18,24,33,0,home,3.0,208.0,135.0,-155.0,2.0,102.0,1.0,0,True,1525.0050731169215,1557.2668115516476,1561.9448408815078,1520.3270437870613,-32.26173843472611,0.5962665169275859
2016,2015-12-21,True,False,sac,wsh,99,113,35,24,25,15,0,34,29,21,29,0,home,2.5,218.5,120.0,-140.0,0.5,108.5,1.0,0,True,1437.2228281237226,1507.2165616887519,1491.6673121892613,1452.7720776232131,-69.99373356502929,0.543075443228664
2016,2015-12-21,True,False,bkn,chi,105,102,29,29,27,20,0,22,33,23,24,0,home,10.5,197.0,550.0,-800.0,8.5,100.0,0.0,1,False,1485.7165739762677,1201.0598664967802,1442.911245644076,1243.8651948289719,284.6567074794875,0.9015229524523244
2016,2015-12-21,True,False,orl,ny,107,99,29,23,26,29,0,21,25,27,26,0,home,2.5,198.5,120.0,-140.0,3.0,98.5,0.0,1,False,1433.1139650001703,1591.2750193868371,1392.792260218695,1631.5967241683124,-158.16105438666682,0.41707269746097486
2016,2015-12-21,True,False,min,bos,99,113,26,27,19,27,0,34,26,32,21,0,home,7.5,209.5,300.0,-360.0,2.0,106.0,1.0,1,True,1548.7986553734206,1322.7744702139844,1561.701564798211,1309.871560789194,226.02418515943623,0.8672369262773714
2016,2015-12-21,True,False,por,atl,97,106,17,26,15,39,0,26,29,22,29,0,home,10.5,196.0,525.0,-750.0,2.0,97.5,0.0,1,True,1562.358251291107,1453.1433528258676,1583.4303913642552,1432.0712127527195,109.21489846523946,0.7692955489778561
2016,2015-12-22,True,False,mem,phi,104,90,31,22,24,27,0,23,24,19,24,0,away,10.0,193.5,-700.0,500.0,4.0,95.5,1.0,1,False,1010.8615954219263,1486.8499755572398,998.5891106896581,1499.122460289508,-475.9883801353135,0.10299665325185751
2016,2015-12-22,True,False,dal,tor,99,103,16,20,31,32,0,32,17,23,31,0,home,4.5,196.0,170.0,-190.0,2.0,98.5,0.0,1,True,1579.9309535208245,1523.0374087071746,1599.2548974520435,1503.7134647759556,56.893544813649896,0.7115967765761764
2016,2015-12-22,True,False,det,mia,93,92,18,36,18,21,0,34,18,23,17,0,home,2.5,194.5,125.0,-145.0,2.0,97.0,0.0,0,False,1526.033833173468,1610.2097823677875,1510.0905442379053,1626.1530713033503,-84.1759491943194,0.5227569064271895
2016,2015-12-22,True,False,lal,den,111,107,26,25,32,28,0,34,30,16,27,0,home,5.5,204.5,190.0,-220.0,1.5,101.0,0.0,1,False,1330.796798748005,1175.6206858965772,1280.9644319883935,1225.4530526561887,155.17611285142766,0.8128919261871316
2016,2015-12-23,True,False,okc,lal,120,85,27,30,35,28,0,17,29,15,24,0,away,14.0,207.0,-2500.0,1100.0,5.0,103.5,1.0,0,False,1225.4530526561887,1746.9824650636813,1212.6541507653385,1759.7813669545314,-521.5294124074926,0.08117276310761766
2016,2015-12-23,True,False,utah,gs,85,103,13,25,20,27,0,23,24,26,30,0,home,14.0,208.5,1100.0,-2500.0,5.5,106.5,1.0,0,True,1950.6593104400722,1470.1934384212589,1953.6501267104702,1467.2026221508609,480.46587201881334,0.9658230817087268
2016,2015-12-23,True,False,den,phx,104,96,33,23,23,25,0,21,29,22,24,0,home,9.0,208.0,375.0,-450.0,8.5,103.0,0.0,0,False,1347.6295569710144,1280.9644319883935,1282.0998067085702,1346.4941822508376,66.66512498262091,0.7230019756282146
2016,2015-12-23,True,False,det,atl,100,107,26,19,22,33,0,27,34,21,25,0,home,7.0,200.5,250.0,-300.0,1.0,100.0,2.0,1,True,1583.4303913642552,1626.1530713033503,1621.7038463858196,1587.879616281786,-42.72267993909509,0.5816899715356245
2016,2015-12-23,True,False,phi,mil,100,113,18,28,24,30,0,35,30,27,21,0,home,11.0,195.0,550.0,-800.0,1.0,97.0,1.0,1,True,1420.9231592111119,998.5891106896581,1424.7699900437594,994.7422798570104,422.3340485214537,0.9528802265630603
2016,2015-12-23,True,False,hou,orl,101,104,33,20,21,27,0,27,32,28,17,0,home,1.0,207.5,-105.0,-115.0,2.0,104.0,1.0,0,True,1631.5967241683124,1561.9448408815078,1647.1969520305768,1546.3446130192435,69.6518832868046,0.7264320167528179
2016,2015-12-23,True,False,sa,min,108,83,28,24,25,31,0,16,22,23,22,0,away,10.5,195.0,-700.0,500.0,2.5,99.5,1.0,0,False,1309.871560789194,1872.8415465979554,1300.5439054205324,1882.169201966617,-562.9699858087613,0.06506626338282684
2016,2015-12-23,True,False,sac,ind,108,106,30,34,20,24,0,27,22,33,24,0,home,6.5,215.0,250.0,-300.0,7.5,107.0,0.0,0,False,1578.0052792611264,1452.7720776232131,1544.2715539926419,1486.5058028916976,125.23320163791323,0.785253196206959
2016,2015-12-23,True,False,ny,cle,84,91,24,26,22,12,0,31,24,17,19,0,home,13.0,194.5,850.0,-1500.0,6.0,97.5,0.0,0,True,1748.804237550791,1392.792260218695,1753.3618089990948,1388.2346887703911,356.01197733209597,0.9324543136443344
2016,2015-12-23,True,False,bos,cha,102,89,29,18,27,28,0,21,19,22,27,0,home,1.0,204.0,100.0,-120.0,2.5,105.0,0.0,0,False,1520.3270437870613,1561.701564798211,1452.5629292538147,1629.4656793314575,-41.37452101114968,0.583577133712273
2016,2015-12-23,True,False,dal,bkn,119,118,32,32,17,27,11,26,27,34,21,10,away,3.0,199.0,-155.0,135.0,2.0,100.0,0.0,1,False,1243.8651948289719,1503.7134647759556,1235.175411377201,1512.4032482277264,-259.8482699469837,0.28492517027883707
2016,2015-12-23,True,False,mem,wsh,91,100,18,30,17,26,0,25,34,22,19,0,home,0.0,201.0,-110.0,-110.0,3.5,99.5,1.0,0,True,1491.6673121892613,1499.122460289508,1529.141255383855,1461.6485170949143,-7.455148100246561,0.6301198467143652
2016,2015-12-23,True,False,por,no,89,115,23,13,29,24,0,26,27,27,35,0,home,7.5,203.0,280.0,-340.0,0.5,103.0,1.0,1,True,1429.1490995597665,1432.0712127527195,1481.9090212574258,1379.31129105506,-2.92211319295302,0.6361806793714391
2016,2015-12-25,True,False,no,mia,88,94,15,23,14,26,10,27,15,21,15,16,home,4.0,200.5,155.0,-175.0,1.5,99.0,1.0,0,True,1510.0905442379053,1481.9090212574258,1537.0269199771287,1454.9726455182024,28.181522980479485,0.6765303810921479
2016,2015-12-25,True,False,chi,okc,105,96,32,22,32,19,0,26,26,16,28,0,home,9.5,205.5,400.0,-500.0,8.5,107.5,0.0,0,False,1759.7813669545314,1442.911245644076,1689.2467967046357,1513.4458158939717,316.8701213104555,0.9168042195484883
2016,2015-12-25,True,False,cle,gs,83,89,19,23,17,24,0,28,17,19,25,0,home,6.5,207.5,240.0,-280.0,3.0,102.5,0.0,0,True,1953.6501267104702,1753.3618089990948,1964.4047693029117,1742.6071664066533,200.28831771137538,0.8492330665102026
2016,2015-12-25,True,False,sa,hou,84,88,22,21,17,24,0,25,13,23,27,0,away,7.0,204.5,-300.0,250.0,3.0,106.0,0.0,0,True,1546.3446130192435,1882.169201966617,1602.6679329465528,1825.8458820393078,-335.8245889473735,0.2046444022451175
2016,2015-12-25,True,False,lac,lal,94,84,32,28,25,9,0,22,22,13,27,0,away,12.5,207.5,-1100.0,700.0,2.5,104.0,0.0,0,False,1212.6541507653385,1566.5194444847402,1192.791490326667,1586.3821049234118,-353.86529371940173,0.18825847233606666
2016,2015-12-26,True,False,cle,por,76,105,12,22,25,17,0,34,29,27,15,0,away,7.5,195.5,-340.0,280.0,10.5,96.0,0.0,0,True,1379.31129105506,1742.6071664066533,1502.011146442883,1619.9073110188303,-363.29587535159317,0.1801025450533611
2016,2015-12-26,True,False,phi,phx,111,104,29,22,34,26,0,15,30,30,29,0,home,11.5,205.5,625.0,-950.0,9.5,102.5,0.0,1,False,1282.0998067085702,994.7422798570104,1217.9290315855303,1058.9130549800502,287.3575268515598,0.9028946288824771
2016,2015-12-26,True,False,lac,utah,109,104,18,30,31,30,0,26,27,24,27,0,away,2.0,192.5,-130.0,110.0,2.0,95.5,1.0,1,False,1467.2026221508609,1586.3821049234118,1429.9577366470223,1623.6269904272503,-119.17948277255095,0.472426508735835
2016,2015-12-26,True,False,ind,min,102,88,21,22,23,36,0,21,23,24,20,0,away,3.5,206.0,-165.0,145.0,3.5,106.0,1.0,0,False,1300.5439054205324,1544.2715539926419,1264.2968412382322,1580.518618174942,-243.7276485721095,0.3042029696860129
2016,2015-12-26,True,False,ny,atl,98,117,32,31,12,23,0,22,38,27,30,0,home,7.5,203.0,290.0,-350.0,6.0,101.5,1.0,1,True,1621.7038463858196,1388.2346887703911,1635.3722517494878,1374.566283406723,233.46915761542846,0.8720941317488075
2016,2015-12-26,True,False,tor,mil,111,90,22,34,20,35,0,17,35,27,11,0,away,3.0,193.0,-150.0,130.0,0.5,95.5,1.0,1,False,1424.7699900437594,1599.2548974520435,1371.1265311960512,1652.8983562997516,-174.48490740828402,0.39442017949041946
2016,2015-12-26,True,False,chi,dal,111,118,26,34,29,22,0,33,26,31,28,0,home,2.5,200.0,120.0,-140.0,1.5,102.5,1.0,1,True,1512.4032482277264,1513.4458158939717,1545.4622660569596,1480.3867980647385,-1.0425676662453043,0.6386812039477692
2016,2015-12-26,True,False,bos,det,99,93,25,26,25,23,0,24,22,15,32,0,away,1.0,203.5,-120.0,100.0,0.5,106.0,1.0,0,False,1587.879616281786,1629.4656793314575,1537.939054818818,1679.4062407944255,-41.586063049671566,0.5832811762007702
2016,2015-12-26,True,False,wsh,bkn,111,96,34,18,27,32,0,26,24,27,19,0,away,2.5,205.0,-140.0,120.0,1.0,101.0,1.0,1,False,1235.175411377201,1529.141255383855,1205.0855595374155,1559.2311072236405,-293.9658440066539,0.24665045471785413
2016,2015-12-26,True,False,mem,cha,92,98,28,25,21,18,0,30,23,21,24,0,home,2.5,192.0,120.0,-140.0,2.0,95.5,1.0,0,True,1452.5629292538147,1461.6485170949143,1484.4196052062375,1429.7918411424914,-9.085587841099596,0.6279297053327181
2016,2015-12-26,True,False,den,sa,86,101,20,22,23,21,0,22,34,20,25,0,home,14.5,194.5,1200.0,-3000.0,4.0,96.0,1.0,0,True,1825.8458820393078,1346.4941822508376,1828.6817730215769,1343.6582912685685,479.3516997884701,0.9656107394296515
2016,2015-12-26,True,False,hou,no,108,110,41,21,29,17,0,33,30,21,26,0,away,1.0,209.5,-120.0,100.0,2.0,104.5,0.0,1,True,1454.9726455182024,1602.6679329465528,1482.4393676105558,1575.2012108541994,-147.6952874283504,0.43178891192459135
2016,2015-12-26,True,False,mia,orl,108,101,20,24,25,39,0,24,32,20,25,0,home,5.0,193.0,175.0,-200.0,1.0,95.5,0.0,1,False,1647.1969520305768,1537.0269199771287,1583.714625856922,1600.5092461507834,110.17003205344804,0.7702699222409841
2016,2015-12-27,True,False,lal,mem,96,112,23,23,28,22,0,32,27,33,20,0,home,9.5,195.0,430.0,-550.0,1.5,97.0,1.0,1,True,1429.7918411424914,1192.791490326667,1442.455051235965,1180.1282802331934,237.0003508158245,0.8743444486889828
2016,2015-12-27,True,False,ny,bos,91,100,18,23,24,26,0,22,29,26,23,0,home,8.5,202.5,345.0,-425.0,1.5,101.0,1.0,0,True,1679.4062407944255,1374.566283406723,1686.2880829058981,1367.6844412952503,304.8399573877025,0.9113673801320391
2016,2015-12-27,True,False,den,okc,112,122,31,30,29,22,0,32,21,38,31,0,home,17.0,207.0,1700.0,-5000.0,13.5,102.5,0.0,1,True,1689.2467967046357,1343.6582912685685,1694.8471660029659,1338.0579219702383,345.5885054360672,0.9285756911344499
2016,2015-12-27,True,False,por,sac,98,94,29,20,31,18,0,30,21,29,14,0,home,9.0,209.0,355.0,-450.0,6.0,105.5,0.0,0,False,1486.5058028916976,1502.011146442883,1442.653042956206,1545.8639063783746,-15.505343551185433,0.6192557210176592
2016,2015-12-28,True,False,lac,wsh,108,91,34,25,27,22,0,20,26,25,20,0,home,1.0,208.0,-105.0,-115.0,4.5,102.5,0.0,0,False,1559.2311072236405,1623.6269904272503,1489.149325017517,1693.7087726333739,-64.39588320360986,0.5510598327224301
2016,2015-12-28,True,False,sac,gs,103,122,29,32,14,28,0,27,31,32,32,0,home,14.5,220.0,1100.0,-2500.0,11.0,109.5,1.0,1,True,1964.4047693029117,1442.653042956206,1966.7559242018374,1440.3018880572804,521.7517263467057,0.9728562797488649
2016,2015-12-28,True,False,phi,utah,91,95,23,22,33,13,0,37,21,20,17,0,home,8.0,195.0,330.0,-400.0,0.5,96.5,0.0,0,True,1429.9577366470223,1058.9130549800502,1433.1753195070062,1055.6954721200664,371.0446816669721,0.9377048201125213
2016,2015-12-28,True,False,mil,dal,93,103,24,27,21,21,0,34,26,19,24,0,home,5.5,202.0,195.0,-230.0,0.0,99.5,1.0,0,True,1545.4622660569596,1371.1265311960512,1560.817407763781,1355.77138948923,174.33573486090836,0.8290916752104085
2016,2015-12-28,True,False,min,sa,95,101,27,25,20,23,0,26,24,26,25,0,home,13.5,195.5,1000.0,-2000.0,10.0,98.0,0.0,1,True,1828.6817730215769,1264.2968412382322,1829.8509794654294,1263.1276347943797,564.3849317833447,0.9786371414589378
2016,2015-12-28,True,False,tor,chi,97,104,32,20,21,24,0,23,26,29,26,0,home,1.0,198.0,100.0,-120.0,1.0,99.5,1.0,1,True,1480.3867980647385,1652.8983562997516,1535.5460372462371,1597.739117118253,-172.51155823501313,0.39713666040639267
2016,2015-12-28,True,False,bkn,mia,111,105,24,20,34,33,0,26,32,19,28,0,home,8.0,195.0,310.0,-370.0,0.0,96.0,0.0,1,False,1600.5092461507834,1205.0855595374155,1542.500643269103,1263.094162419096,395.42368661336786,0.945416193311705
2016,2015-12-28,True,False,lal,cha,98,108,26,32,23,17,0,31,27,27,23,0,home,12.5,203.0,850.0,-1500.0,8.0,101.0,0.0,1,True,1484.4196052062375,1180.1282802331934,1491.609982976496,1172.937902462935,304.2913249730441,0.9111119403960893
2016,2015-12-28,True,False,atl,ind,87,93,27,13,28,19,0,21,31,22,19,0,home,1.5,204.0,105.0,-125.0,3.5,105.5,1.0,0,True,1580.518618174942,1635.3722517494878,1617.7969337833586,1598.0939361410713,-54.85363357454571,0.5646076227840535
2016,2015-12-28,True,False,no,orl,89,104,23,23,18,25,0,25,25,25,29,0,home,4.0,204.5,155.0,-175.0,1.5,103.0,1.0,0,True,1583.714625856922,1482.4393676105558,1610.180538910353,1455.9734545571248,101.27525824636632,0.7610843302010323
2016,2015-12-28,True,False,cle,phx,101,97,34,26,21,20,0,30,24,19,24,0,away,9.5,199.0,-550.0,425.0,3.5,98.5,0.0,0,False,1217.9290315855303,1619.9073110188303,1207.3403362686495,1630.4960063357112,-401.97827943330003,0.1495255979951314
2016,2015-12-29,True,False,mia,mem,90,99,30,17,15,21,7,26,21,22,14,16,home,4.5,189.5,170.0,-190.0,3.0,95.0,1.0,0,True,1442.455051235965,1542.500643269103,1493.1185707004404,1491.8371238046275,-100.04559203313806,0.49993438779046223
2016,2015-12-29,True,False,atl,hou,121,115,25,31,29,36,0,41,30,21,23,0,home,4.0,208.0,155.0,-175.0,3.0,106.5,0.0,1,False,1575.2012108541994,1598.0939361410713,1523.0432223106127,1650.251924684658,-22.892725286871837,0.6091796330429461
2016,2015-12-29,True,False,det,ny,96,108,26,23,23,24,0,25,25,29,29,0,away,1.5,198.5,-125.0,105.0,2.0,98.0,0.0,1,True,1367.6844412952503,1537.939054818818,1435.3707412839556,1470.2527548301127,-170.25461352356774,0.4002513167489033
2016,2015-12-29,True,False,mil,okc,123,131,31,23,34,35,0,30,35,27,39,0,home,13.5,206.5,1000.0,-2000.0,4.5,103.0,0.0,1,True,1694.8471660029659,1355.77138948923,1700.1862464118954,1350.4323090803005,339.07577651373595,0.9260489251448377
2016,2015-12-29,True,False,cle,den,93,87,26,27,19,21,0,21,21,20,25,0,away,6.0,195.5,-270.0,230.0,0.0,96.0,2.0,0,False,1338.0579219702383,1630.4960063357112,1316.7994719038384,1651.7544564021111,-292.43808436547283,0.24828823296529606
2016,2015-12-30,True,False,bkn,orl,93,100,26,26,21,20,0,26,19,23,32,0,home,7.5,199.5,280.0,-340.0,7.0,99.0,0.0,0,True,1610.180538910353,1263.094162419096,1614.9930496331717,1258.2816516962773,347.08637649125717,0.9291454471015206
2016,2015-12-30,True,False,phi,sac,110,105,30,27,28,25,0,31,26,24,24,0,home,10.5,215.0,500.0,-700.0,7.0,108.5,0.0,2,False,1440.3018880572804,1055.6954721200664,1386.6594264119424,1109.3379337654044,384.606415937214,0.942112257359677
2016,2015-12-30,True,False,gs,dal,91,114,21,21,26,23,0,27,33,27,27,0,away,3.5,209.0,-165.0,145.0,6.5,102.5,0.0,0,True,1560.817407763781,1966.7559242018374,1680.145113119393,1847.4282188462253,-405.93851643805647,0.14664966413117014
2016,2015-12-30,True,False,utah,min,80,94,13,18,21,28,0,19,19,24,32,0,home,4.0,191.5,150.0,-170.0,0.5,98.5,1.0,0,True,1263.1276347943797,1433.1753195070062,1334.5561393562452,1361.7468149451406,-170.0476847126265,0.40053729320895604
2016,2015-12-30,True,False,den,por,103,110,27,24,20,32,0,26,32,26,26,0,home,6.0,201.0,210.0,-250.0,1.0,99.0,1.0,1,True,1545.8639063783746,1316.7994719038384,1555.5981648341046,1307.0652134481084,229.06443447453626,0.8692390303301428
2016,2015-12-30,True,False,wsh,tor,91,94,27,14,24,26,0,28,24,25,17,0,home,7.5,203.0,280.0,-340.0,0.5,100.0,0.0,0,True,1597.739117118253,1489.149325017517,1610.4681368862534,1476.4203052495166,108.58979210073608,0.7686562862375612
2016,2015-12-30,True,False,lal,bos,112,104,24,34,31,23,0,27,29,22,26,0,home,14.0,206.5,950.0,-1800.0,10.0,104.0,0.0,1,False,1686.2880829058981,1172.937902462935,1624.2222430580437,1235.0037423107894,513.3501804429632,0.9715495268432784
2016,2015-12-30,True,False,lac,cha,122,117,32,33,27,30,0,25,31,30,31,0,away,2.5,200.5,-140.0,120.0,1.5,99.5,1.0,1,False,1491.609982976496,1693.7087726333739,1463.4526986632047,1721.8660569466651,-202.0987896568779,0.357156354319832
2016,2015-12-30,True,False,ind,chi,100,102,21,19,22,29,9,21,29,16,25,11,home,3.0,201.5,135.0,-155.0,2.5,102.5,0.0,1,True,1535.5460372462371,1617.7969337833586,1558.481858397233,1594.8611126323626,-82.25089653712143,0.5255208157605924
2016,2015-12-30,True,False,phx,sa,79,112,12,21,23,23,0,32,29,23,28,0,home,14.5,198.0,1200.0,-3000.0,1.0,101.5,1.0,0,True,1829.8509794654294,1207.3403362686495,1831.321880079356,1205.8694356547228,622.5106431967799,0.9846187547877474
2016,2015-12-31,True,False,gs,hou,114,110,33,28,29,24,0,30,29,23,28,0,home,3.5,211.5,145.0,-165.0,4.0,106.0,0.0,1,False,1523.0432223106127,1847.4282188462253,1507.7774817161546,1862.6939594406833,-324.3849965356126,0.2155713166650352
2016,2015-12-31,True,False,mil,ind,120,116,33,26,30,31,0,24,28,25,39,0,home,6.0,201.0,200.0,-240.0,5.0,100.0,0.0,1,False,1594.8611126323626,1350.4323090803005,1544.8427108019712,1400.450710910692,244.42880355206216,0.8789677928788419
2016,2015-12-31,True,False,min,det,90,115,22,15,33,20,0,15,30,33,37,0,home,8.0,201.5,320.0,-380.0,2.0,99.5,1.0,1,True,1470.2527548301127,1334.5561393562452,1496.0996632977772,1308.7092308885808,135.6966154738675,0.7952356667833647
2016,2015-12-31,True,False,lac,no,95,89,20,30,21,24,0,25,23,15,26,0,home,2.0,208.0,115.0,-135.0,1.0,104.0,0.0,0,False,1455.9734545571248,1721.8660569466651,1432.180541969888,1745.6589695339019,-265.89260238954034,0.2778895076983929
2016,2015-12-31,True,False,por,utah,96,109,25,14,32,25,0,25,32,29,23,0,home,3.0,188.5,140.0,-160.0,4.5,93.0,1.0,1,True,1361.7468149451406,1555.5981648341046,1435.1187407665195,1482.2262390127257,-193.85134988896402,0.3681290095691819
2016,2015-12-31,True,False,phx,okc,106,110,26,27,27,26,0,28,26,33,23,0,home,16.0,212.5,1300.0,-3500.0,9.0,108.5,0.0,1,True,1700.1862464118954,1205.8694356547228,1701.6856853090792,1204.369996757539,494.31681075717256,0.9683594116157188
2016,2016-01-01,True,False,ny,chi,81,108,18,32,23,8,0,34,22,21,31,0,home,7.0,199.0,250.0,-300.0,2.0,99.0,1.0,0,True,1558.481858397233,1435.3707412839556,1586.785920218531,1407.0666794626577,123.11111711327749,0.7831860778250862
2016,2016-01-01,True,False,phi,lal,84,93,21,20,19,24,0,21,19,22,31,0,home,3.0,208.5,130.0,-150.0,3.0,102.5,1.0,0,True,1235.0037423107894,1109.3379337654044,1254.2939146273295,1090.0477614488643,125.66580854538506,0.7856728362736659
2016,2016-01-01,True,False,dal,mia,82,106,10,35,16,21,0,22,36,22,26,0,home,2.5,196.0,120.0,-140.0,3.0,96.0,1.0,0,True,1491.8371238046275,1680.145113119393,1580.2737287464872,1591.7085081775333,-188.30798931476556,0.37558236199744693
2016,2016-01-01,True,False,orl,wsh,91,103,21,22,29,19,0,24,24,24,31,0,home,1.5,203.0,105.0,-125.0,1.0,100.0,1.0,0,True,1476.4203052495166,1614.9930496331717,1539.0883852492175,1552.3249696334708,-138.57274438365516,0.4447163093865865
2016,2016-01-01,True,False,cha,tor,94,104,28,27,27,12,0,29,26,19,30,0,home,6.0,196.5,220.0,-260.0,4.0,98.5,1.0,1,True,1610.4681368862534,1463.4526986632047,1628.3460539306639,1445.5747816187943,147.0154382230487,0.8056416099015904
2016,2016-01-02,True,False,no,dal,105,98,26,22,26,31,0,25,22,19,32,0,home,4.0,206.0,150.0,-170.0,3.0,104.0,0.0,0,False,1591.7085081775333,1432.180541969888,1527.2669514884649,1496.6220986589565,159.52796620764525,0.8166723620612932
2016,2016-01-02,True,False,mil,min,95,85,15,29,28,23,0,28,19,23,15,0,home,2.0,204.0,110.0,-130.0,0.5,100.0,0.0,0,False,1308.7092308885808,1400.450710910692,1254.7018192720232,1454.4581225272495,-91.74148002211109,0.5118827277519689
2016,2016-01-02,True,False,den,gs,108,111,13,34,30,25,6,37,26,27,12,9,home,15.0,216.0,1050.0,-2650.0,4.5,105.5,0.0,1,True,1862.6939594406833,1307.0652134481084,1863.5739391093289,1306.1852337794628,555.628745992575,0.9775575397452795
2016,2016-01-02,True,False,mem,utah,87,92,25,20,24,15,3,28,18,20,18,8,away,2.0,184.0,-130.0,110.0,2.5,91.5,0.0,0,True,1435.1187407665195,1493.1185707004404,1469.7953480127671,1458.4419634541928,-57.999829933920864,0.560150386434665
2016,2016-01-02,True,False,bkn,bos,100,97,31,25,25,19,0,29,26,16,26,0,home,10.0,203.5,440.0,-570.0,6.5,102.5,0.0,0,False,1624.2222430580437,1258.2816516962773,1582.4260693575254,1300.0778253967956,365.94059136176634,0.9359662811476185
2016,2016-01-02,True,False,phi,lac,99,130,29,23,22,25,0,31,38,34,27,0,home,13.5,203.5,900.0,-1600.0,3.0,102.0,1.0,1,True,1745.6589695339019,1090.0477614488643,1746.8330296154138,1088.8737013673524,655.6112080850376,0.9872532185972518
2016,2016-01-02,True,False,det,ind,82,94,20,22,17,23,0,24,17,23,30,0,home,4.5,204.0,165.0,-185.0,3.5,101.0,1.0,0,True,1544.8427108019712,1496.0996632977772,1576.9248568014993,1464.017517298249,48.74304750419401,0.7018731891409443
2016,2016-01-02,True,False,phx,sac,119,142,18,35,34,32,0,31,28,44,39,0,home,6.0,213.0,210.0,-260.0,2.0,108.5,1.0,1,True,1386.6594264119424,1204.369996757539,1406.1176695397214,1184.91175362976,182.28942965440342,0.83548196762651
2016,2016-01-02,True,False,orl,cle,79,104,13,19,21,26,0,29,26,26,23,0,home,8.0,192.0,310.0,-380.0,1.0,94.0,1.0,0,True,1651.7544564021111,1552.3249696334708,1683.1596433254072,1520.9197827101748,99.42948676864034,0.759146956610327
2016,2016-01-02,True,False,okc,cha,109,90,34,32,21,22,0,22,32,22,14,0,away,9.0,210.0,-434.0,351.0,1.0,103.5,1.0,0,False,1445.5747816187943,1701.6856853090792,1407.4377232152456,1739.822743712628,-256.1109036902849,0.28932870103412367
2016,2016-01-02,True,False,hou,sa,103,121,27,28,17,31,0,29,31,36,25,0,home,11.5,201.5,600.0,-900.0,5.0,100.5,1.0,1,True,1831.321880079356,1507.7774817161546,1839.1832153450266,1499.9161464504841,323.5443983632015,0.9196881559985296
2016,2016-01-03,True,False,chi,tor,115,113,26,22,33,34,0,26,34,27,26,0,home,4.0,195.5,155.0,-175.0,2.5,99.5,0.0,1,False,1628.3460539306639,1586.785920218531,1596.1768900616414,1618.9550840875534,41.56013371213294,0.6931496250156435
2016,2016-01-03,True,False,atl,ny,97,111,21,24,31,21,0,22,33,31,25,0,away,4.5,200.5,-200.0,170.0,5.0,103.0,0.0,1,True,1407.0666794626577,1650.251924684658,1489.895029121785,1567.4235750255307,-243.18524522200028,0.3048642556601398
2016,2016-01-03,True,False,por,den,112,106,23,38,19,32,0,22,34,24,26,0,away,1.0,203.5,-120.0,100.0,1.0,101.0,1.0,1,False,1306.1852337794628,1482.2262390127257,1272.5979739944876,1515.813498797701,-176.04100523326292,0.3922826620054754
2016,2016-01-03,True,False,mia,wsh,97,75,25,25,23,24,0,24,7,20,24,0,away,1.0,197.0,-120.0,100.0,4.5,96.0,1.0,0,False,1539.0883852492175,1580.2737287464872,1458.5405581627065,1660.821555832998,-41.18534349726974,0.5838417511613434
2016,2016-01-03,True,False,phx,lal,77,97,10,12,29,26,0,25,18,38,16,0,away,1.5,209.0,-120.0,100.0,6.5,102.5,0.0,0,True,1254.2939146273295,1184.91175362976,1288.6017977982178,1150.6038704588716,69.3821609975696,0.7261233531620012
2016,2016-01-04,True,False,cha,gs,101,111,24,30,23,24,0,32,30,33,16,0,home,12.0,212.5,750.0,-1100.0,5.5,106.0,0.0,0,True,1863.5739391093289,1407.4377232152456,1866.4080200279361,1404.6036422966383,456.1362158940833,0.960886078349504
2016,2016-01-04,True,False,sac,okc,116,104,31,37,22,26,0,33,33,16,22,0,home,7.5,214.5,280.0,-345.0,6.0,107.0,0.0,1,False,1739.822743712628,1406.1176695397214,1661.6422627951029,1484.2981504572465,333.7050741729065,0.9239036222689111
2016,2016-01-04,True,False,mem,por,91,78,17,21,32,21,0,15,19,18,26,0,away,1.5,195.5,-125.0,105.0,0.5,98.5,1.0,0,False,1515.813498797701,1458.4419634541928,1437.605322988111,1536.6501392637826,57.371535343508185,0.7121611363080664
2016,2016-01-04,True,False,hou,utah,93,91,28,20,21,24,0,21,37,19,14,0,away,3.5,198.0,-158.0,138.0,4.5,97.0,0.0,0,False,1469.7953480127671,1499.9161464504841,1440.8292136481273,1528.882280815124,-30.120798437716985,0.5992298123281531
2016,2016-01-04,True,False,sa,mil,123,98,29,31,30,33,0,30,19,26,23,0,away,9.5,192.5,-530.0,410.0,2.5,99.5,1.0,1,False,1454.4581225272495,1839.1832153450266,1431.1484108919767,1862.4929269802994,-384.72509281777707,0.1625999006925171
2016,2016-01-04,True,False,ind,mia,100,103,29,18,27,21,5,19,25,22,29,8,home,2.0,193.5,105.0,-125.0,1.0,99.0,1.0,1,True,1660.821555832998,1576.9248568014993,1675.3169237404427,1562.4294888940547,83.89669903149866,0.7424218597898695
2016,2016-01-04,True,False,orl,det,89,115,23,24,27,15,0,31,26,31,27,0,home,4.5,199.0,160.0,-180.0,1.0,98.5,1.0,1,True,1464.017517298249,1520.9197827101748,1527.5774546428454,1457.3598453655784,-56.90226541192578,0.5617064529318516
2016,2016-01-04,True,False,tor,cle,100,122,29,27,22,22,0,33,25,32,32,0,home,8.0,194.0,310.0,-380.0,5.0,96.5,1.0,1,True,1683.1596433254072,1596.1768900616414,1715.4225935224586,1563.91393986459,86.98275326376574,0.7458043872503889
2016,2016-01-04,True,False,min,phi,99,109,25,25,29,20,0,29,18,33,29,0,away,6.0,203.5,-245.0,205.0,3.5,101.5,0.0,1,True,1088.8737013673524,1254.7018192720232,1151.5046534096991,1192.0708672296764,-165.82811790467076,0.4063832793773388
2016,2016-01-04,True,False,bos,bkn,103,94,37,19,23,24,0,22,20,26,26,0,away,7.5,201.0,-325.0,260.0,0.5,104.0,1.0,0,False,1300.0778253967956,1582.4260693575254,1273.808550726394,1608.695344027927,-282.34824396072986,0.2592863871126424
2016,2016-01-05,True,False,ny,atl,107,101,29,25,30,23,0,20,29,22,30,0,home,7.5,202.5,265.0,-330.0,8.0,101.5,0.0,1,False,1567.4235750255307,1489.895029121785,1508.9929473723448,1548.3256567749709,77.52854590374568,0.7353496264266961
2016,2016-01-05,True,False,mil,chi,106,117,28,33,28,17,0,36,31,27,23,0,home,8.5,200.5,325.0,-400.0,4.0,99.5,1.0,1,True,1618.9550840875534,1431.1484108919767,1633.7011684374186,1416.4023265421115,187.80667319557665,0.8398010298425186
2016,2016-01-05,True,False,sac,dal,116,117,24,19,27,28,18,27,22,29,20,19,home,7.0,213.0,230.0,-290.0,2.5,105.5,0.0,1,True,1527.2669514884649,1484.2981504572465,1536.1895099411968,1475.3755920045146,42.96880103121839,0.6948716352755024
2016,2016-01-05,True,False,gs,lal,109,88,37,25,30,17,0,25,22,13,28,0,away,13.5,211.5,-1750.0,950.0,4.0,104.0,1.0,0,False,1288.6017977982178,1866.4080200279361,1280.4332986576603,1874.5765191684936,-577.8062222297183,0.06005990229550068
2016,2016-01-06,True,False,ind,orl,95,86,22,15,29,29,0,20,18,21,27,0,away,3.5,198.5,-165.0,145.0,3.0,103.0,1.0,0,False,1457.3598453655784,1562.4294888940547,1407.4420860341156,1612.3472482255174,-105.06964352847626,0.4927047142415643
2016,2016-01-06,True,False,det,bos,99,94,24,24,18,33,0,33,22,20,19,0,home,3.0,202.5,130.0,-150.0,0.5,101.0,0.0,0,False,1608.695344027927,1527.5774546428454,1554.780292143327,1581.4925065274454,81.11788938508153,0.7393510540974559
2016,2016-01-06,True,False,lac,por,109,98,31,32,22,24,0,18,22,30,28,0,away,3.5,205.0,-165.0,145.0,4.0,102.0,1.0,1,False,1437.605322988111,1746.8330296154138,1412.3824766019352,1772.0558760015897,-309.2277066273027,0.230691365740291
2016,2016-01-06,True,False,cha,phx,102,111,32,20,33,17,0,34,26,26,25,0,away,2.0,203.5,-130.0,110.0,3.5,101.5,0.0,1,True,1150.6038704588716,1404.6036422966383,1222.350831195192,1332.8566815603178,-253.99977183776673,0.2918338831565172
2016,2016-01-06,True,False,utah,sa,98,123,22,29,23,24,0,32,36,27,28,0,home,13.5,183.5,1100.0,-2500.0,3.5,95.5,1.0,1,True,1862.4929269802994,1440.8292136481273,1867.261842920937,1436.0602977074898,421.66371333217216,0.9527066670982972
2016,2016-01-06,True,False,den,min,78,74,21,21,24,12,0,25,19,21,9,0,home,3.0,201.5,140.0,-160.0,1.5,98.0,0.0,0,False,1192.0708672296764,1272.5979739944876,1154.6807994509368,1309.9880417732272,-80.52710676481115,0.527994439010968
2016,2016-01-06,True,False,dal,no,100,91,22,27,22,29,0,24,26,18,23,0,home,8.5,204.5,350.0,-420.0,5.0,102.5,0.0,0,False,1496.6220986589565,1536.1895099411968,1437.2418202834485,1595.5697883167047,-39.5674112822403,0.5861028916445928
2016,2016-01-06,True,False,mem,okc,94,112,16,20,29,29,0,25,31,27,29,0,home,9.0,198.5,340.0,-410.0,0.0,99.5,1.0,1,True,1661.6422627951029,1536.6501392637826,1686.3996984848714,1511.8927035740141,124.9921235313202,0.7850190852308164
2016,2016-01-06,True,False,tor,bkn,91,74,24,21,25,21,0,17,19,20,18,0,away,7.0,195.0,-330.0,270.0,1.5,96.5,1.0,0,False,1273.808550726394,1563.91393986459,1241.9123481405409,1595.8101424504432,-290.10538913819596,0.25080292635459234
2016,2016-01-06,True,False,cle,wsh,121,115,24,38,33,26,0,26,24,39,26,0,away,7.5,202.5,-340.0,280.0,0.5,98.0,0.0,1,False,1458.5405581627065,1715.4225935224586,1433.8462965497106,1740.1168551354544,-256.8820353597521,0.2884168206582617
2016,2016-01-06,True,False,ny,mia,98,90,22,25,24,27,0,21,18,20,31,0,home,7.5,193.0,280.0,-340.0,6.5,95.5,0.0,0,False,1675.3169237404427,1548.3256567749709,1607.8087451055083,1615.8338354099053,126.99126696547182,0.7869548511653423
2016,2016-01-07,True,False,atl,phi,126,98,22,39,36,29,0,21,23,32,22,0,away,9.5,207.0,-550.0,425.0,0.0,105.0,1.0,1,False,1151.5046534096991,1508.9929473723448,1124.0812243401679,1536.416376441876,-357.4882939626457,0.18509206884349078
2016,2016-01-07,True,False,bos,chi,92,101,27,20,16,29,0,21,27,26,27,0,home,6.5,204.5,240.0,-280.0,4.5,105.0,1.0,0,True,1633.7011684374186,1554.780292143327,1658.406400903328,1530.0750596774176,78.92087629409161,0.73690646515805
2016,2016-01-07,True,False,utah,hou,94,103,25,19,22,28,0,22,17,33,31,0,home,6.5,196.5,230.0,-270.0,6.0,102.0,1.0,1,True,1528.882280815124,1436.0602977074898,1551.8624609860478,1413.080117536566,92.8219831076342,0.7521239956957853
2016,2016-01-07,True,False,lal,sac,115,118,21,27,38,29,0,38,31,33,16,0,home,8.5,214.5,350.0,-420.0,1.0,108.0,0.0,1,True,1475.3755920045146,1280.4332986576603,1483.2749324985218,1272.533958163653,194.94229334685429,0.845250364920342
2016,2016-01-08,True,False,gs,por,128,108,38,36,32,22,0,21,31,35,21,0,away,9.5,214.0,-550.0,425.0,0.0,106.5,1.0,1,False,1412.3824766019352,1874.5765191684936,1397.570954200994,1889.3880415694348,-462.19404256655844,0.11056759015512915
2016,2016-01-08,True,False,mia,phx,103,95,21,32,24,26,0,20,20,33,22,0,away,5.0,198.0,-200.0,175.0,2.0,97.0,1.0,2,False,1222.350831195192,1607.8087451055083,1206.6864690902205,1623.4731072104798,-385.45791391031617,0.16202632781854676
2016,2016-01-08,True,False,okc,lal,117,113,32,28,30,27,0,28,25,32,28,0,away,15.5,212.5,-5000.0,1500.0,8.0,105.0,0.0,1,False,1272.533958163653,1686.3996984848714,1262.5468386370947,1696.3868180114298,-413.86574032121825,0.1410305967607537
2016,2016-01-08,True,False,ny,sa,99,100,30,19,25,25,0,26,26,27,21,0,home,14.5,196.0,1300.0,-3500.0,7.5,99.5,0.0,1,True,1867.261842920937,1615.8338354099053,1870.10863607264,1612.9870422582023,251.42800751103164,0.88318902596646
2016,2016-01-08,True,False,den,mem,84,91,30,7,29,18,0,29,20,18,24,0,home,5.5,189.0,200.0,-240.0,1.0,92.0,1.0,0,True,1511.8927035740141,1309.9880417732272,1523.2794969583028,1298.6012483889385,201.90466180078693,0.8504205032367065
2016,2016-01-08,True,False,orl,bkn,83,77,26,11,23,23,0,17,21,24,15,0,away,3.0,191.5,-155.0,135.0,3.5,95.5,1.0,0,False,1241.9123481405409,1407.4420860341156,1207.0823104737094,1442.272123700947,-165.52973789357475,0.40679769594683446
2016,2016-01-08,True,False,dal,mil,95,96,18,21,36,20,0,28,27,24,17,0,home,0.0,205.0,-110.0,-110.0,5.0,100.0,1.0,0,True,1416.4023265421115,1595.5697883167047,1435.0673764425142,1576.904738416302,-179.16746177459322,0.3880005697896372
2016,2016-01-08,True,False,ind,no,91,86,16,22,30,23,0,30,13,27,16,0,away,2.0,205.0,-130.0,110.0,6.0,107.0,1.0,0,False,1437.2418202834485,1612.3472482255174,1406.2139896024935,1643.3750789064725,-175.1054279420689,0.39356731867895095
2016,2016-01-08,True,False,cle,min,125,99,35,27,33,30,0,27,19,30,23,0,away,10.0,195.0,-600.0,450.0,1.0,96.0,1.0,1,False,1154.6807994509368,1740.1168551354544,1146.3237938354578,1748.4738607509335,-585.4360556845177,0.057627835820830746
2016,2016-01-08,True,False,tor,wsh,97,88,18,29,26,24,0,26,21,14,27,0,away,2.0,202.5,-135.0,115.0,1.5,100.5,1.0,0,False,1433.8462965497106,1595.8101424504432,1392.1293050412037,1637.52713395895,-161.96384590073262,0.4117604366761207
2016,2016-01-09,True,False,tor,phi,108,95,25,32,18,33,0,26,18,25,26,0,away,9.0,202.0,-500.0,400.0,2.0,99.5,1.0,1,False,1124.0812243401679,1637.52713395895,1114.2446322968713,1647.3637260022465,-513.445909618782,0.0847116535007266
2016,2016-01-09,True,False,mia,utah,83,98,29,20,19,15,0,19,26,27,26,0,away,1.0,182.5,-115.0,-105.0,0.5,89.5,0.0,0,True,1413.080117536566,1623.4731072104798,1492.8311239435313,1543.7221008035144,-210.39298967391392,0.34627055994754063
2016,2016-01-09,True,False,bkn,det,89,103,23,23,20,23,0,33,23,16,31,0,home,11.0,194.5,575.0,-850.0,3.5,96.0,1.0,0,True,1581.4925065274454,1207.0823104737094,1586.7958906199729,1201.778926381182,374.41019605373594,0.9388269601149651
2016,2016-01-09,True,False,gs,sac,128,116,26,34,36,32,0,27,31,26,32,0,away,9.0,225.0,-450.0,375.0,6.0,111.0,1.0,1,False,1483.2749324985218,1889.3880415694348,1466.7385676860772,1905.9244063818794,-406.11310907091297,0.14652393503084604
2016,2016-01-09,True,False,chi,atl,105,120,19,32,32,22,0,30,34,25,31,0,home,2.5,208.5,120.0,-140.0,3.0,107.0,1.0,1,True,1536.416376441876,1658.406400903328,1601.2688235753722,1593.5539537698319,-121.99002446145187,0.46839600074427107
2016,2016-01-09,True,False,cha,lac,83,97,18,28,18,19,0,27,16,27,27,0,home,8.5,202.5,350.0,-420.0,7.5,100.5,1.0,0,True,1772.0558760015897,1332.8566815603178,1775.611585410457,1329.3009721514504,439.19919444127186,0.9570525106384123
2016,2016-01-09,True,False,wsh,orl,105,99,27,33,25,20,0,17,32,21,29,0,home,3.5,199.5,140.0,-160.0,4.5,99.0,0.0,1,False,1442.272123700947,1392.1293050412037,1384.9098876520645,1449.4915410900862,50.1428186597434,0.7035564995621398
2016,2016-01-10,True,False,ind,hou,103,107,24,26,27,16,10,28,20,16,29,14,home,2.5,207.0,120.0,-140.0,1.5,107.0,1.0,1,True,1551.8624609860478,1643.3750789064725,1586.4053064002117,1608.8322334923087,-91.51261792042465,0.5122118955701767
2016,2016-01-10,True,False,utah,lal,86,74,15,28,18,25,0,14,16,20,24,0,away,3.5,190.5,-165.0,145.0,2.5,97.0,1.0,0,False,1262.5468386370947,1492.8311239435313,1226.3390868792733,1529.0388757013527,-230.2842853064367,0.32082639239934185
2016,2016-01-10,True,False,okc,por,110,115,27,19,39,25,0,26,26,28,35,0,away,8.0,215.0,-380.0,320.0,8.5,108.5,0.0,1,True,1397.570954200994,1696.3868180114298,1457.3691749452526,1636.5885972671713,-298.81586381043576,0.24149948985845743
2016,2016-01-10,True,False,cle,phi,95,85,26,22,27,20,0,20,27,22,16,0,away,16.5,206.0,-7000.0,1700.0,11.0,101.0,0.0,0,False,1114.2446322968713,1748.4738607509335,1109.5876499103845,1753.1308431374202,-634.2292284540622,0.044138920487662534
2016,2016-01-10,True,False,cha,den,92,95,26,30,21,15,0,36,17,28,14,0,away,1.5,198.0,-125.0,105.0,0.0,97.0,0.0,0,True,1298.6012483889385,1329.3009721514504,1323.09584181073,1304.806378729659,-30.699723762511894,0.598429222065797
2016,2016-01-10,True,False,no,lac,111,114,24,25,27,25,10,19,37,28,17,13,home,10.0,204.5,450.0,-600.0,3.5,101.5,0.0,1,True,1775.611585410457,1406.2139896024935,1778.4111666451017,1403.4144083678489,369.3975958079636,0.9371486657406977
2016,2016-01-10,True,False,dal,min,93,87,22,26,20,25,0,22,20,13,32,0,away,4.5,198.5,-175.0,155.0,0.0,99.5,1.0,0,False,1146.3237938354578,1576.904738416302,1135.212715977808,1588.0158162739517,-430.5809445808443,0.12977192029516776
2016,2016-01-10,True,False,bos,mem,98,101,34,19,23,22,0,16,22,30,33,0,away,3.0,191.5,-150.0,130.0,2.5,99.5,0.0,1,True,1523.2794969583028,1530.0750596774176,1545.7871073128701,1507.5674493228503,-6.795562719114741,0.631004342718236
2016,2016-01-10,True,False,mil,ny,88,100,24,17,19,28,0,24,27,31,18,0,home,5.5,198.0,200.0,-240.0,0.0,98.5,1.0,0,True,1612.9870422582023,1435.0673764425142,1629.0837648883721,1418.9706538123444,177.91966581568818,0.8319952108667977
2016,2016-01-11,True,False,sa,bkn,106,79,22,23,32,29,0,20,18,18,23,0,away,14.5,194.5,-2500.0,1100.0,7.0,100.5,1.0,0,False,1201.778926381182,1870.10863607264,1196.4186777439468,1875.468884709875,-668.329709691458,0.03655953057275845
2016,2016-01-11,True,False,wsh,chi,114,100,28,34,21,31,0,25,23,26,26,0,home,8.5,208.0,375.0,-450.0,9.0,102.0,0.0,1,False,1593.5539537698319,1449.4915410900862,1509.9249667950698,1533.1205280648483,144.06241267974565,0.8029660180108353
2016,2016-01-11,True,False,mia,gs,103,111,25,29,23,26,0,27,29,24,31,0,home,14.5,209.5,1000.0,-2000.0,8.5,103.0,0.0,1,True,1905.9244063818794,1543.7221008035144,1910.5613887831503,1539.0851184022436,362.202305578365,0.9346643924516628
2016,2016-01-12,True,False,no,lal,91,95,22,19,30,20,0,15,23,29,28,0,away,2.0,203.5,-140.0,120.0,0.5,101.0,0.0,0,True,1226.3390868792733,1403.4144083678489,1269.4752047515228,1360.2782904955993,-177.07532148857558,0.39086415965204746
2016,2016-01-12,True,False,chi,mil,101,106,29,22,26,24,0,20,26,28,32,0,away,3.0,203.0,-155.0,135.0,0.5,103.5,0.0,1,True,1418.9706538123444,1509.9249667950698,1457.3633050249048,1471.5323155825095,-90.95431298272547,0.5130148494726012
2016,2016-01-12,True,False,okc,min,101,96,32,28,20,21,0,21,27,18,30,0,away,11.0,209.0,-800.0,550.0,2.5,103.5,0.0,0,False,1135.212715977808,1636.5885972671713,1128.0971152082157,1643.7041980367637,-501.3758812893632,0.09025664554103897
2016,2016-01-12,True,False,cle,dal,110,107,22,25,20,28,15,25,27,20,23,12,away,5.5,199.5,-250.0,210.0,6.5,98.5,0.0,1,False,1588.0158162739517,1753.1308431374202,1563.1672498743255,1777.9794095370464,-165.11502686346853,0.4073739036129621
2016,2016-01-12,True,False,sa,det,109,99,24,29,28,28,0,25,19,22,33,0,away,7.0,196.5,-330.0,270.0,1.5,101.5,1.0,1,False,1586.7958906199729,1875.468884709875,1560.1705253153104,1902.0942500145375,-288.6729940899022,0.25235544921698894
2016,2016-01-12,True,False,bos,ny,114,120,27,22,32,33,0,36,23,26,35,0,away,1.5,200.0,-125.0,105.0,4.0,104.0,0.0,1,True,1629.0837648883721,1507.5674493228503,1645.7553342060844,1490.895880005138,121.51631556552184,0.7816231391192342
2016,2016-01-12,True,False,phx,ind,97,116,19,23,34,21,0,25,27,28,36,0,home,12.0,204.5,700.0,-1100.0,4.0,104.5,1.0,1,True,1608.8322334923087,1206.6864690902205,1613.779004879109,1201.7396977034202,402.14576440208816,0.9473789718013006
2016,2016-01-12,True,False,hou,mem,107,91,22,29,21,35,0,24,20,25,22,0,away,2.5,196.5,-140.0,120.0,0.5,97.5,1.0,1,False,1545.7871073128701,1586.4053064002117,1472.9057258562198,1659.286687856862,-40.61819908734151,0.5846347704738265
2016,2016-01-13,True,False,mia,lac,90,104,25,27,17,21,0,17,28,34,25,0,home,3.0,197.5,125.0,-145.0,3.5,97.5,1.0,0,True,1778.4111666451017,1539.0851184022436,1790.3515309157585,1527.1447541315868,239.32604824285818,0.8758079583663837
2016,2016-01-13,True,False,utah,por,85,99,19,18,25,23,0,18,25,34,22,0,home,3.5,193.5,145.0,-165.0,8.5,109.0,1.0,0,True,1457.3691749452526,1529.0388757013527,1512.0990317027668,1474.3090189438385,-71.66970075610016,0.5406804569773755
2016,2016-01-13,True,False,no,sac,109,97,28,31,31,19,0,19,25,21,32,0,home,6.5,218.0,210.0,-260.0,8.5,109.0,0.0,0,False,1466.7385676860772,1360.2782904955993,1388.5595179013887,1438.4573402802878,106.46027719047788,0.7664692627770326
2016,2016-01-13,True,False,gs,den,110,112,25,29,19,37,0,32,23,28,29,0,away,9.5,215.5,-570.0,440.0,8.0,107.0,0.0,1,True,1323.09584181073,1910.5613887831503,1368.6796246030574,1864.977605990823,-587.4655469724203,0.05699665464514143
2016,2016-01-13,True,False,min,hou,104,107,24,26,27,27,0,23,34,24,26,0,home,7.5,208.0,300.0,-365.0,2.0,103.5,0.0,1,True,1659.286687856862,1128.0971152082157,1660.3122871958462,1127.0715158692315,531.1895726486464,0.974254664127829
2016,2016-01-13,True,False,ny,bkn,104,110,20,31,24,29,0,29,25,20,36,0,away,3.5,191.5,-155.0,135.0,4.5,96.0,0.0,1,True,1196.4186777439468,1645.7553342060844,1271.930532037323,1570.2434799127082,-449.3366564621376,0.11805871021290504
2016,2016-01-13,True,False,dal,okc,89,108,20,22,22,25,0,30,35,18,25,0,home,13.0,207.0,799.0,-1299.0,2.0,103.0,1.0,0,True,1643.7041980367637,1563.1672498743255,1675.578843014048,1531.2926048970412,80.5369481624382,0.7387060805287154
2016,2016-01-13,True,False,mil,wsh,101,106,18,25,31,27,0,29,27,15,35,0,home,5.5,207.0,190.0,-230.0,1.5,101.0,0.0,2,True,1533.1205280648483,1457.3633050249048,1552.661338817504,1437.822494272249,75.75722303994348,0.7333605132496017
2016,2016-01-13,True,False,atl,cha,84,107,19,17,22,26,0,20,25,35,27,0,away,3.0,206.5,-145.0,125.0,4.5,106.0,0.0,0,True,1304.806378729659,1601.2688235753722,1410.522595264006,1495.552607041025,-296.4624448457132,0.2439897455706488
2016,2016-01-13,True,False,ind,bos,94,103,24,25,27,18,0,28,29,21,25,0,home,3.5,204.5,142.0,-162.0,1.0,105.0,1.0,0,True,1490.895880005138,1613.779004879109,1544.8843459464413,1559.7905389378056,-122.88312487397093,0.4671160717106889
2016,2016-01-14,True,False,tor,orl,106,103,31,30,16,19,10,18,36,19,23,7,away,4.5,193.5,-200.0,170.0,0.0,97.5,0.0,1,False,1384.9098876520645,1647.3637260022465,1367.7161190657916,1664.5574945885194,-262.45383835018197,0.28187914401827646
2016,2016-01-14,True,False,chi,phi,115,111,22,24,31,27,11,34,28,17,25,7,away,8.5,203.5,-430.0,345.0,10.0,105.0,0.0,1,False,1109.5876499103845,1471.5323155825095,1096.7521010519297,1484.3678644409642,-361.944665672125,0.18125397522737977
2016,2016-01-14,True,False,det,mem,101,103,24,19,28,30,0,21,27,31,24,0,away,2.0,192.0,-130.0,110.0,2.5,95.5,0.0,1,True,1472.9057258562198,1560.1705253153104,1496.1896643666294,1536.8865868049008,-87.26479945909068,0.5183192231240454
2016,2016-01-14,True,False,cle,sa,95,99,32,18,23,22,0,20,24,28,27,0,home,6.0,195.0,225.0,-275.0,5.0,98.5,0.0,0,True,1902.0942500145375,1777.9794095370464,1915.691056090677,1764.382603460907,124.11484047749104,0.7841655917826432
2016,2016-01-14,True,False,sac,utah,103,101,26,30,26,21,0,12,33,26,30,0,home,2.5,200.0,125.0,-145.0,5.0,100.0,0.0,1,False,1474.3090189438385,1388.5595179013887,1441.1648885404027,1421.7036483048246,85.74950104244977,0.7444561781010761
2016,2016-01-14,True,False,lal,gs,98,116,23,26,23,26,0,24,28,34,30,0,home,18.0,215.5,2173.0,-5000.0,10.0,109.0,2.0,0,True,1864.977605990823,1269.4752047515228,1866.432889771499,1268.0199209708467,595.5024012393001,0.9820778579013906
2016,2016-01-15,True,False,cha,no,107,109,34,15,32,26,0,32,25,27,25,0,home,3.5,202.0,140.0,-160.0,1.0,101.0,0.0,1,True,1438.4573402802878,1410.522595264006,1453.6832190015725,1395.2967165427212,27.934745016281795,0.6762194302582138
2016,2016-01-15,True,False,atl,mil,101,108,28,23,25,19,6,22,24,27,22,13,away,4.5,206.0,-200.0,170.0,2.0,106.5,0.0,1,True,1437.822494272249,1495.552607041025,1478.031725761859,1455.3433755514152,-57.73011276877605,0.5605328873635109
2016,2016-01-15,True,False,cle,hou,91,77,23,23,22,23,0,21,14,16,26,0,away,2.0,204.5,-135.0,115.0,3.0,101.5,1.0,0,False,1660.3122871958462,1764.382603460907,1601.4331152049097,1823.2617754518435,-104.07031626506068,0.49414261199787435
2016,2016-01-15,True,False,por,bkn,116,104,22,34,27,33,0,23,26,30,25,0,away,4.0,205.0,-165.0,146.0,0.5,103.0,1.0,1,False,1271.930532037323,1512.0990317027668,1237.1074914381838,1546.922072301906,-240.16849966544373,0.3085568682232325
2016,2016-01-15,True,False,mia,den,98,95,20,26,30,22,0,31,31,16,17,0,away,1.5,189.0,-125.0,105.0,5.5,94.0,1.0,1,False,1368.6796246030574,1527.1447541315868,1343.2654155484367,1552.5589631862074,-158.46512952852936,0.41664719740018846
2016,2016-01-15,True,False,phx,bos,103,117,29,18,31,25,0,36,32,28,21,0,home,9.5,209.5,400.0,-500.0,0.5,105.0,1.0,1,True,1544.8843459464413,1201.7396977034202,1551.3038732790965,1195.320170370765,343.14464824302104,0.9276370187471195
2016,2016-01-15,True,False,wsh,ind,118,104,24,35,29,30,0,27,19,26,32,0,home,7.0,209.5,270.0,-335.0,8.0,104.0,0.0,1,False,1559.7905389378056,1552.661338817504,1482.9519336642036,1629.499944091106,7.129200120301675,0.6494642851093756
2016,2016-01-15,True,False,min,okc,93,113,17,26,22,28,0,31,26,25,31,0,home,13.0,209.5,850.0,-1450.0,3.5,103.5,1.0,0,True,1675.578843014048,1127.0715158692315,1677.5996504717762,1125.0507084115034,548.5073271448166,0.9766403492662172
2016,2016-01-15,True,False,dal,chi,83,77,18,18,23,24,0,22,24,15,16,0,home,0.0,201.0,-105.0,-115.0,3.5,99.0,0.0,0,False,1484.3678644409642,1531.2926048970412,1435.0684602941762,1580.5920090438292,-46.92474045607696,0.5757927743375162
2016,2016-01-16,True,False,lal,utah,82,109,18,18,23,23,0,32,28,29,20,0,home,8.5,191.0,325.0,-400.0,2.0,93.5,1.0,2,True,1441.1648885404027,1268.0199209708467,1462.6462869512254,1246.538522560024,173.144967569556,0.8281181942828999
2016,2016-01-16,True,False,bkn,atl,86,114,23,25,20,18,0,27,28,29,30,0,home,10.0,206.5,470.0,-620.0,3.5,103.5,1.0,0,True,1455.3433755514152,1237.1074914381838,1472.1281228734993,1220.3227441160998,218.23588411323135,0.8619894627217402
2016,2016-01-16,True,False,sac,lac,110,103,30,34,18,28,0,30,30,19,24,0,home,3.5,218.5,150.0,-170.0,3.5,109.0,0.0,0,False,1790.3515309157585,1421.7036483048246,1727.7192664502293,1484.3359127703538,368.64788261093395,0.9368939866534174
2016,2016-01-16,True,False,ny,mem,95,103,31,23,19,22,0,28,24,21,30,0,home,5.5,187.0,185.0,-215.0,4.5,94.5,1.0,1,True,1496.1896643666294,1570.2434799127082,1540.9253912722495,1525.507753007088,-74.0538155460788,0.5372703015777145
2016,2016-01-16,True,False,gs,det,95,113,30,19,25,21,0,27,38,20,28,0,away,7.0,216.5,-295.0,235.0,10.5,107.5,0.0,0,True,1536.8865868049008,1866.432889771499,1639.158891646605,1764.1605849297948,-329.5463029665982,0.2105896637592381
2016,2016-01-16,True,False,mil,cha,105,92,19,33,32,21,0,29,19,25,19,0,home,5.5,196.5,190.0,-230.0,5.5,97.0,0.0,1,False,1395.2967165427212,1478.031725761859,1334.3547098922672,1538.973732412313,-82.73500921913774,0.5248258876945499
2016,2016-01-16,True,False,bos,wsh,119,117,24,30,29,36,0,31,30,25,31,0,away,1.5,211.5,-125.0,105.0,3.0,109.0,1.0,1,False,1629.499944091106,1551.3038732790965,1596.498397855236,1584.3054195149666,78.19607081200957,0.7360967568990968
2016,2016-01-16,True,False,por,phi,89,114,17,26,19,27,0,29,39,22,24,0,away,6.0,207.0,-240.0,200.0,9.5,103.0,0.0,0,True,1096.7521010519297,1546.922072301906,1223.2553649482863,1420.4188084055493,-450.16997124997624,0.11756016253325195
2016,2016-01-17,True,False,phx,min,87,117,23,25,21,18,0,24,34,25,34,0,home,3.5,206.5,150.0,-170.0,1.5,103.0,1.0,0,True,1125.0507084115034,1195.320170370765,1194.1494384938728,1126.2214402883956,-70.26946195926166,0.5426815564021105
2016,2016-01-17,True,False,hou,lal,112,95,32,28,34,18,0,36,21,18,20,0,away,9.5,205.5,-550.0,425.0,5.5,102.5,1.0,1,False,1246.538522560024,1601.4331152049097,1222.7114363335816,1625.260201431352,-354.89459264488573,0.18735468386902684
2016,2016-01-17,True,False,dal,sa,83,112,16,20,20,27,0,14,32,32,34,0,home,12.5,195.5,750.0,-1200.0,4.5,96.5,1.0,0,True,1915.691056090677,1580.5920090438292,1924.1577583723138,1572.1253067621924,335.0990470468478,0.9244658646554321
2016,2016-01-17,True,False,ind,den,126,129,30,36,25,35,0,30,24,30,45,0,away,2.5,199.5,-140.0,120.0,2.5,102.0,0.0,1,True,1343.2654155484367,1482.9519336642036,1377.2325672401323,1448.984781972508,-139.68651811576683,0.4431336216053147
2016,2016-01-17,True,False,mia,okc,74,99,18,24,16,16,0,24,20,31,24,0,home,10.0,200.5,450.0,-600.0,6.0,99.0,1.0,0,True,1677.5996504717762,1552.5589631862074,1704.9871883231476,1525.171425334836,125.04068728556877,0.7850662604000236
2016,2016-01-18,True,False,bos,dal,113,118,16,23,33,26,15,29,23,18,28,20,away,2.0,203.5,-130.0,110.0,5.5,106.0,0.0,1,True,1572.1253067621924,1584.3054195149666,1601.7872172784164,1554.6435089987426,-12.180112752774221,0.6237584667518908
2016,2016-01-18,True,False,gs,cle,132,98,34,36,34,28,0,21,23,23,31,0,home,3.5,209.5,140.0,-160.0,8.0,102.0,0.0,1,False,1823.2617754518435,1764.1605849297948,1717.7706654115932,1869.6516949700451,59.10119052204868,0.7141978168000513
2016,2016-01-18,True,False,orl,atl,81,98,17,21,21,22,0,24,27,21,26,0,home,7.5,198.0,300.0,-360.0,0.0,99.0,1.0,0,True,1472.1281228734993,1367.7161190657916,1499.263680158104,1340.5805617811868,104.4120038077076,0.764352149879102
2016,2016-01-18,True,False,hou,lac,132,140,21,31,28,42,10,33,26,35,28,18,home,6.0,209.5,210.0,-250.0,1.0,104.5,1.0,1,True,1727.7192664502293,1625.260201431352,1748.5620161602362,1604.417451721345,102.45906501887725,0.7623212463460881
2016,2016-01-18,True,False,bkn,tor,100,112,29,20,35,16,0,19,33,29,31,0,home,11.0,195.5,600.0,-900.0,6.0,98.5,1.0,1,True,1664.5574945885194,1220.3227441160998,1667.8216873618128,1217.0585513428064,444.2347504724196,0.9582283030823942
2016,2016-01-18,True,False,por,wsh,108,98,32,27,35,14,0,17,40,19,22,0,home,4.0,208.5,155.0,-175.0,3.5,103.0,0.0,0,False,1596.498397855236,1420.4188084055493,1521.9924860719077,1494.9247201888775,176.07958944968664,0.8305094124505811
2016,2016-01-18,True,False,utah,cha,119,124,28,15,21,31,24,29,23,21,22,29,home,3.5,185.5,145.0,-165.0,1.5,96.0,1.0,1,True,1334.3547098922672,1462.6462869512254,1376.9761961229758,1420.0248007205169,-128.29157705895818,0.45937490034622386
2016,2016-01-18,True,False,chi,det,111,101,26,30,27,28,0,32,21,26,22,0,home,3.5,200.5,140.0,-160.0,3.5,103.0,0.0,1,False,1639.158891646605,1435.0684602941762,1564.5018957069585,1509.7254562338228,204.09043135242882,0.8520139938799742
2016,2016-01-18,True,False,no,mem,99,101,26,25,25,23,0,24,25,23,29,0,home,4.5,193.0,170.0,-190.0,4.0,97.5,0.0,1,True,1540.9253912722495,1453.6832190015725,1552.214381802673,1442.394228471149,87.24217227067697,0.7460873902293427
2016,2016-01-18,True,False,phi,ny,113,119,29,18,16,33,17,29,23,24,20,23,home,9.5,200.5,450.0,-600.0,4.0,99.5,0.0,1,True,1525.507753007088,1223.2553649482863,1531.414733571691,1217.3483843836834,302.25238805880167,0.9101567932315807
2016,2016-01-19,True,False,mil,mia,91,79,19,30,26,16,0,18,21,18,22,0,home,4.0,191.5,160.0,-180.0,4.5,95.0,0.0,0,False,1525.171425334836,1538.973732412313,1455.02304701065,1609.1221107364988,-13.802307077477053,0.6215644456729142
2016,2016-01-19,True,False,min,no,99,114,38,22,15,24,0,25,26,31,32,0,home,5.5,204.0,200.0,-240.0,6.0,103.0,1.0,1,True,1442.394228471149,1194.1494384938728,1453.9964969738394,1182.5471699911825,248.24478997727624,0.881285287528056
2016,2016-01-19,True,False,ind,phx,97,94,25,19,27,26,0,17,18,26,33,0,away,5.5,207.5,-250.0,210.0,0.5,105.5,0.0,0,False,1126.2214402883956,1448.984781972508,1112.975704637172,1462.2305176237317,-322.76334168411245,0.21715405837439108
2016,2016-01-19,True,False,okc,den,110,104,25,32,27,26,0,31,22,26,25,0,away,9.0,213.5,-450.0,375.0,4.5,104.0,0.0,1,False,1377.2325672401323,1704.9871883231476,1359.0546302494622,1723.1651253138177,-327.7546210830153,0.21230935652743468
2016,2016-01-20,True,False,gs,chi,125,94,34,29,24,38,0,18,26,19,31,0,away,6.0,216.0,-260.0,220.0,2.0,105.0,1.0,1,False,1509.7254562338228,1869.6516949700451,1481.821693624728,1897.55545757914,-359.92623873622233,0.18298463608310872
2016,2016-01-20,True,False,atl,por,104,98,29,19,26,30,0,18,25,29,26,0,away,1.5,210.5,-120.0,100.0,1.0,110.0,1.0,0,False,1494.9247201888775,1499.263680158104,1440.6167089928229,1553.5716913541587,-4.338959969226607,0.6342908393420522
2016,2016-01-20,True,False,sac,lal,112,93,28,29,29,26,0,18,34,25,16,0,away,7.0,215.0,-310.0,260.0,3.0,107.5,1.0,0,False,1222.7114363335816,1484.3359127703538,1185.428803719731,1521.6185453842045,-261.6244764367723,0.28284655704578754
2016,2016-01-20,True,False,cha,okc,95,109,22,23,25,25,0,30,22,36,21,0,home,9.5,207.0,425.0,-550.0,3.0,100.5,1.0,0,True,1723.1651253138177,1376.9761961229758,1729.4667915924688,1370.6745298443248,346.1889291908419,0.9288045847330366
2016,2016-01-20,True,False,det,hou,123,114,33,23,29,38,0,23,24,32,35,0,home,3.0,209.0,140.0,-160.0,3.0,104.0,0.0,1,False,1604.417451721345,1564.5018957069585,1537.0838973465588,1631.8354500817447,39.91555601438654,0.6911323953507977
2016,2016-01-20,True,False,min,dal,94,106,33,16,18,22,5,23,26,15,25,17,home,6.5,200.0,230.0,-270.0,5.0,99.5,1.0,2,True,1601.7872172784164,1182.5471699911825,1605.5982811690617,1178.7361061005372,419.2400472872339,0.9520740626583067
2016,2016-01-20,True,False,cle,bkn,91,78,23,28,22,18,0,17,21,17,23,0,away,13.0,197.5,-1500.0,850.0,4.0,95.5,2.0,0,False,1217.0585513428064,1717.7706654115932,1206.5415949358146,1728.287621818585,-500.71211406878683,0.09057087689617853
2016,2016-01-20,True,False,bos,tor,109,115,27,35,28,19,0,35,21,40,19,0,home,3.5,202.0,145.0,-165.0,3.5,105.0,1.0,1,True,1667.8216873618128,1554.6435089987426,1685.256787154247,1537.2084092063085,113.17817836307017,0.7733197608894729
2016,2016-01-20,True,False,mia,wsh,87,106,22,15,27,23,0,26,25,30,25,0,home,6.0,193.5,235.0,-275.0,0.0,94.5,1.0,0,True,1521.9924860719077,1455.02304701065,1556.169190570232,1420.8463425123257,66.96943906125762,0.7233526662590438
2016,2016-01-20,True,False,phi,orl,96,87,23,24,34,15,0,21,25,25,16,0,home,7.0,196.0,280.0,-340.0,5.5,97.0,0.0,0,False,1340.5805617811868,1217.3483843836834,1269.9277600224814,1288.0011861423889,123.23217739750339,0.7833043884628922
2016,2016-01-20,True,False,utah,ny,111,118,22,26,28,23,12,17,20,31,31,19,home,2.5,187.0,120.0,-140.0,4.0,97.5,1.0,1,True,1531.414733571691,1420.0248007205169,1550.2252088377995,1401.2143254544083,111.38993285117408,0.7715101908605922
2016,2016-01-21,True,False,det,no,99,115,27,26,24,22,0,35,37,18,25,0,home,2.5,206.0,120.0,-140.0,4.5,102.0,1.0,1,True,1453.9964969738394,1631.8354500817447,1530.0626232846023,1555.7693237709818,-177.83895310790535,0.3898180659078584
2016,2016-01-21,True,False,lac,cle,102,115,31,19,22,30,0,28,31,29,27,0,home,6.5,203.0,235.0,-275.0,0.5,102.5,1.0,1,True,1728.287621818585,1748.5620161602362,1773.2531162387916,1703.5965217400296,-20.27439434165126,0.6127620860916724
2016,2016-01-21,True,False,mem,den,102,101,37,18,24,23,0,23,25,29,24,0,away,2.5,196.5,-140.0,120.0,0.5,97.0,0.0,1,False,1359.0546302494622,1552.214381802673,1347.798998356714,1563.4700136954211,-193.15975155321075,0.3690555525849904
2016,2016-01-21,True,False,atl,sac,88,91,20,24,19,25,0,27,20,25,19,0,home,0.0,216.0,-110.0,-110.0,0.5,112.0,1.0,0,True,1521.6185453842045,1553.5716913541587,1546.2189770845778,1528.9712596537854,-31.95314596995422,0.596694081615272
2016,2016-01-21,True,False,sa,phx,117,89,25,26,28,38,0,18,21,30,20,0,away,16.0,200.0,-6000.0,1600.0,6.0,103.5,1.0,1,False,1112.975704637172,1924.1577583723138,1110.5457564449623,1926.5877065645234,-811.1820537351418,0.016400725705680415
2016,2016-01-22,True,False,sa,lal,108,95,31,25,31,21,0,22,21,28,24,0,away,16.5,200.0,-7000.0,1700.0,6.0,105.0,0.0,1,False,1185.428803719731,1926.5877065645234,1182.6019666315626,1929.4145436526917,-741.1589028447925,0.02434441144472482
2016,2016-01-22,True,False,ind,gs,110,122,18,33,24,35,0,32,32,24,34,0,home,12.0,216.5,750.0,-1200.0,3.0,111.5,2.0,1,True,1897.55545757914,1462.2305176237317,1901.005180495915,1458.7807947069566,435.32493995540835,0.9561264300849114
2016,2016-01-22,True,False,okc,dal,109,106,27,21,37,24,0,25,31,18,32,0,away,6.5,208.0,-260.0,220.0,6.0,104.0,0.0,1,False,1605.5982811690617,1729.4667915924688,1577.1917329700584,1757.873339791472,-123.86851042340709,0.46570438881221815
2016,2016-01-22,True,False,mil,hou,98,102,28,17,21,32,0,31,26,22,23,0,home,2.5,211.0,125.0,-145.0,2.5,104.5,1.0,0,True,1537.0838973465588,1609.1221107364988,1569.6480441783103,1576.5579639047473,-72.03821338993998,0.5401535899841856
2016,2016-01-22,True,False,mia,tor,81,101,20,24,23,14,0,31,29,20,21,0,home,10.5,189.5,525.0,-750.0,1.5,95.0,1.0,0,True,1685.256787154247,1420.8463425123257,1696.838687152389,1409.2644425141837,264.41044464192123,0.8906809044618655
2016,2016-01-22,True,False,lac,ny,116,88,31,24,31,30,0,24,21,19,24,0,away,2.5,207.5,-150.0,130.0,2.0,101.5,1.0,0,False,1550.2252088377995,1703.5965217400296,1487.435901343348,1766.3858292344812,-153.3713129022301,0.4237910144618104
2016,2016-01-22,True,False,chi,bos,101,110,23,26,33,19,0,34,30,26,20,0,home,3.5,209.0,145.0,-165.0,2.5,107.5,1.0,1,True,1537.2084092063085,1481.821693624728,1565.0653955948237,1453.9647072362127,55.386715581580575,0.7098133759230665
2016,2016-01-22,True,False,cha,orl,120,116,30,25,24,30,11,35,26,33,15,7,home,4.5,196.5,170.0,-190.0,1.0,98.0,0.0,1,False,1269.9277600224814,1370.6745298443248,1234.5962301621228,1406.0060597046834,-100.74676982184337,0.49892531349265534
2016,2016-01-22,True,False,utah,bkn,108,86,22,26,37,23,0,23,17,17,29,0,away,6.0,188.5,-250.0,210.0,1.0,99.0,1.0,1,False,1206.5415949358146,1401.2143254544083,1155.9055149056765,1451.8504054845464,-194.67273051859365,0.3670298592287244
2016,2016-01-23,True,False,atl,phx,95,98,23,16,25,31,0,29,19,26,24,0,away,10.0,203.0,-750.0,525.0,10.0,106.5,0.0,0,True,1110.5457564449623,1528.9712596537854,1163.1324037393802,1476.3846123593676,-418.4255032088231,0.13788073558370786
2016,2016-01-23,True,False,lal,por,103,121,22,30,24,27,0,37,25,39,20,0,home,11.5,209.5,600.0,-900.0,3.5,104.5,1.0,1,True,1440.6167089928229,1182.6019666315626,1452.2493392379804,1170.969336386405,258.01474236126023,0.8870442302468741
2016,2016-01-23,True,False,det,den,101,104,32,22,20,27,0,26,19,39,20,0,away,4.5,205.5,-190.0,170.0,0.5,100.5,0.0,0,True,1347.798998356714,1555.7693237709818,1387.4815289335263,1516.0867931941696,-207.9703254142678,0.34943420371486544
2016,2016-01-23,True,False,ind,sac,97,108,25,20,25,27,0,31,19,31,27,0,home,3.0,214.5,135.0,-155.0,0.5,111.0,1.0,0,True,1546.2189770845778,1458.7807947069566,1571.726999621948,1433.2727721695865,87.43818237762116,0.7463010818603626
2016,2016-01-23,True,False,mem,min,101,106,25,21,28,27,0,20,37,27,22,0,away,3.0,192.5,-160.0,140.0,5.0,95.0,0.0,1,True,1178.7361061005372,1563.4700136954211,1244.7551113138845,1497.4510084820738,-384.73390759488393,0.16259299172928904
2016,2016-01-23,True,False,ny,cha,84,97,22,21,13,28,0,20,25,32,20,0,away,1.5,200.5,-125.0,105.0,1.0,98.5,0.0,0,True,1406.0060597046834,1487.435901343348,1460.965050917841,1432.4769101301904,-81.42984163866458,0.5266991860690972
2016,2016-01-23,True,False,chi,cle,96,83,21,23,28,24,0,14,25,19,25,0,home,10.5,202.0,500.0,-700.0,9.5,105.0,0.0,0,False,1773.2531162387916,1453.9647072362127,1692.4667379411533,1534.751085533851,319.2884090025789,0.9178598745135834
2016,2016-01-23,True,False,mil,no,99,116,23,28,23,25,0,22,30,32,32,0,home,6.0,203.0,220.0,-260.0,4.0,100.5,1.0,1,True,1530.0626232846023,1576.5579639047473,1583.9349838696041,1522.6856033197455,-46.49534062014504,0.5763964174738174
2016,2016-01-24,True,False,bos,phi,112,92,30,28,36,18,0,25,18,26,23,0,away,8.0,206.0,-380.0,320.0,0.5,106.5,1.0,0,False,1288.0011861423889,1565.0653955948237,1252.4791633182042,1600.5874184190084,-277.06420945243485,0.2651708821542907
2016,2016-01-24,True,False,dal,hou,104,115,29,29,27,19,0,36,14,34,31,0,home,4.0,205.0,155.0,-175.0,4.5,103.5,1.0,1,True,1569.6480441783103,1577.1917329700584,1610.1022098482836,1536.7375673000852,-7.543688791748082,0.6300010480417053
2016,2016-01-24,True,False,okc,bkn,106,116,28,24,25,29,0,30,30,25,31,0,away,13.5,208.5,-2000.0,1000.0,12.0,104.5,0.0,1,True,1155.9055149056765,1757.873339791472,1255.8556094054202,1657.9232452917283,-601.9678248857956,0.05267211517482906
2016,2016-01-24,True,False,lac,tor,94,112,34,15,22,23,0,27,35,21,29,0,home,2.5,205.5,120.0,-140.0,3.0,103.0,1.0,1,True,1696.838687152389,1766.3858292344812,1755.953054472676,1707.271461914194,-69.54714208209225,0.5437132989698827
2016,2016-01-25,True,False,atl,den,119,105,31,35,24,29,0,30,20,26,29,0,away,4.0,208.0,-170.0,150.0,2.5,108.5,1.0,1,False,1387.4815289335263,1476.3846123593676,1326.0022087711463,1537.8639325217475,-88.90308342584126,0.5159643184786694
2016,2016-01-25,True,False,sa,gs,90,120,23,24,19,24,0,29,33,33,25,0,home,5.0,212.0,175.0,-200.0,2.0,109.5,1.0,0,True,1901.005180495915,1929.4145436526917,1961.202595371522,1869.2171287770848,-28.409363156776635,0.6015934294781901
2016,2016-01-25,True,False,orl,mem,102,108,33,32,16,19,2,31,33,16,20,8,home,5.5,190.0,190.0,-220.0,4.5,96.5,1.0,1,True,1497.4510084820738,1234.5962301621228,1504.922036822646,1227.1252018215505,262.85477831995104,0.8898059015604918
2016,2016-01-25,True,False,det,utah,95,92,22,26,21,26,0,13,23,23,33,0,home,3.0,193.0,135.0,-155.0,4.0,95.0,0.0,0,False,1451.8504054845464,1516.0867931941696,1418.223581255587,1549.7136174231289,-64.23638770962316,0.5512869608632311
2016,2016-01-25,True,False,min,cle,107,114,29,26,18,34,0,32,27,24,31,0,home,13.5,205.0,950.0,-1800.0,8.5,101.5,0.0,1,True,1692.4667379411533,1244.7551113138845,1695.0565418669319,1242.165307388106,447.71162662726874,0.9590221135329252
2016,2016-01-25,True,False,mia,chi,89,84,18,31,12,28,0,23,24,21,16,0,home,6.5,192.0,250.0,-300.0,5.0,96.0,0.0,0,False,1534.751085533851,1409.2644425141837,1479.7289124487795,1464.2866155992551,125.48664301966733,0.7854991133867807
2016,2016-01-25,True,False,hou,no,112,111,32,26,35,19,0,29,31,32,19,0,home,4.0,216.5,160.0,-180.0,1.0,107.0,0.0,1,False,1583.9349838696041,1610.1022098482836,1565.4930795316372,1628.5441141862505,-26.167225978679426,0.6046828166575782
2016,2016-01-25,True,False,bos,wsh,116,91,22,31,31,32,0,20,29,21,21,0,home,3.0,214.0,135.0,-155.0,2.0,112.0,0.0,0,False,1556.169190570232,1600.5874184190084,1473.1210327301585,1683.635576259082,-44.41822784877627,0.5793131390376568
2016,2016-01-25,True,False,cha,sac,129,128,16,30,42,27,14,31,25,28,31,13,home,8.0,214.0,320.0,-380.0,1.5,105.0,0.0,1,False,1571.726999621948,1460.965050917841,1550.5609607046902,1482.1310898350987,110.761948704107,0.7708723110216249
2016,2016-01-26,True,False,orl,mil,100,107,30,26,22,22,0,23,30,29,25,0,home,5.0,197.0,180.0,-210.0,5.0,97.5,1.0,1,True,1522.6856033197455,1227.1252018215505,1529.2565392881775,1220.5542658531185,295.560401498195,0.9069566136470357
2016,2016-01-26,True,False,sac,por,97,112,29,23,22,23,0,33,25,30,24,0,home,5.0,214.0,175.0,-200.0,1.5,107.0,1.0,0,True,1452.2493392379804,1550.5609607046902,1512.9498760857682,1489.8604238569023,-98.31162146670977,0.502429752899992
2016,2016-01-26,True,False,okc,ny,128,122,38,23,27,25,15,34,29,28,22,9,away,9.0,208.5,-460.0,380.0,8.0,104.5,0.0,1,False,1432.4769101301904,1657.9232452917283,1404.485598552669,1685.9145568692497,-225.44633516153795,0.3269247413737159
2016,2016-01-26,True,False,dal,lal,92,90,32,24,21,15,0,25,33,20,12,0,away,6.5,201.0,-260.0,220.0,6.0,101.0,0.0,0,False,1170.969336386405,1536.7375673000852,1162.364496200041,1545.3424074864492,-365.7682309136801,0.17801052446553414
2016,2016-01-26,True,False,wsh,tor,89,106,18,32,20,19,0,24,29,24,29,0,home,8.5,206.0,320.0,-380.0,4.5,102.0,1.0,0,True,1755.953054472676,1473.1210327301585,1765.808629447748,1463.2654577550866,282.83202174251755,0.9005864970942113
2016,2016-01-26,True,False,lac,ind,91,89,25,21,28,17,0,25,26,21,17,0,away,1.0,206.5,-120.0,100.0,2.5,103.0,1.0,0,False,1433.2727721695865,1707.271461914194,1420.2877907388986,1720.256443344882,-273.99868974460765,0.26862362398257394
2016,2016-01-26,True,False,mia,bkn,102,98,24,27,26,25,0,29,28,16,25,0,away,3.5,192.0,-165.0,145.0,3.5,95.5,1.0,1,False,1255.8556094054202,1464.2866155992551,1231.1530068008922,1488.9892182037831,-208.43100619383495,0.34883159028946736
2016,2016-01-26,True,False,phx,phi,103,113,24,21,26,32,0,31,23,30,29,0,home,2.0,204.5,115.0,-135.0,2.5,101.0,1.0,1,True,1252.4791633182042,1163.1324037393802,1276.8499456374977,1138.7616214200866,89.34675957882405,0.7483756138419568
2016,2016-01-27,True,False,den,bos,103,111,21,24,26,32,0,29,26,31,25,0,home,9.5,214.5,425.0,-550.0,2.5,105.0,0.0,0,True,1683.635576259082,1326.0022087711463,1688.4038521055563,1321.233932924672,357.63336748793563,0.9330397987561462
2016,2016-01-27,True,False,phx,cle,93,115,26,24,21,22,0,23,32,32,28,0,home,18.0,209.5,2100.0,-6500.0,9.0,103.5,1.0,0,True,1695.0565418669319,1138.7616214200866,1697.038566809823,1136.7795964771956,556.2949204468453,0.9776415169319479
2016,2016-01-27,True,False,phi,det,97,110,20,25,34,18,0,12,32,30,36,0,home,12.0,206.5,750.0,-1200.0,8.0,101.5,1.0,1,True,1549.7136174231289,1276.8499456374977,1559.2622984369843,1267.3012646236423,272.86367178563114,0.8953296260234079
2016,2016-01-27,True,False,hou,sa,99,130,29,20,24,26,0,35,34,33,28,0,home,9.5,209.5,425.0,-550.0,0.0,104.0,1.0,1,True,1869.2171287770848,1628.5441141862505,1884.3783416488907,1613.3829013144446,240.67301459083433,0.8766488678800749
2016,2016-01-27,True,False,lac,atl,85,83,17,26,21,21,0,23,22,21,17,0,home,5.0,205.5,190.0,-220.0,2.5,104.0,0.0,0,False,1537.8639325217475,1720.256443344882,1519.3210423757782,1738.7993334908513,-182.39251082313444,0.3836014996793976
2016,2016-01-27,True,False,cha,utah,73,102,18,13,20,22,0,18,25,27,32,0,home,7.0,192.5,250.0,-300.0,0.0,95.0,1.0,0,True,1418.223581255587,1482.1310898350987,1485.3046144349673,1415.0500566557184,-63.907508579511614,0.5517552306388193
2016,2016-01-27,True,False,okc,min,126,123,28,34,29,35,0,28,36,30,29,0,away,6.5,213.0,-290.0,245.0,5.5,106.0,0.0,1,False,1242.165307388106,1685.9145568692497,1234.7572899193972,1693.3225743379585,-443.7492494811438,0.12144897801051122
2016,2016-01-27,True,False,dal,gs,107,127,22,26,29,30,0,32,24,39,32,0,home,18.0,214.0,2000.0,-9900.0,9.0,106.5,1.0,1,True,1961.202595371522,1545.3424074864492,1965.8217555181598,1540.7232473398115,415.8601878850727,0.9511784532947807
2016,2016-01-28,True,False,den,wsh,117,113,29,35,27,26,0,29,29,21,34,0,home,7.5,212.0,280.0,-340.0,8.0,106.0,0.0,1,False,1463.2654577550866,1321.233932924672,1413.5901134067994,1370.9092772729591,142.03152483041458,0.8011098557828886
2016,2016-01-28,True,False,atl,ind,92,111,24,20,31,17,0,27,24,31,29,0,home,3.0,202.5,130.0,-150.0,0.5,105.0,1.0,1,True,1420.2877907388986,1519.3210423757782,1486.0105158011422,1453.5983173135346,-99.03325163687964,0.5013912591404164
2016,2016-01-28,True,False,mil,mem,83,103,27,14,21,21,0,23,27,26,27,0,home,5.5,192.0,190.0,-220.0,0.0,96.0,1.0,0,True,1504.922036822646,1529.2565392881775,1557.540872467485,1476.6377036433385,-24.334502465531386,0.6072019002145929
2016,2016-01-28,True,False,ny,tor,93,103,21,22,20,30,0,27,26,20,30,0,home,12.0,199.0,600.0,-900.0,4.0,99.0,0.0,0,True,1765.808629447748,1404.485598552669,1770.8963805442736,1399.3978474561434,361.323030895079,0.9343546209259286
2016,2016-01-28,True,False,sac,no,105,114,19,34,26,26,0,37,26,29,22,0,away,5.5,215.0,-210.0,180.0,6.5,107.5,0.0,1,True,1565.4930795316372,1489.8604238569023,1590.6210383298826,1464.732465058657,75.6326556747349,0.7332202723712586
2016,2016-01-28,True,False,chi,lal,114,91,32,26,32,24,0,15,25,31,20,0,away,9.0,199.5,-450.0,375.0,0.0,101.5,1.0,1,False,1162.364496200041,1479.7289124487795,1131.2536138312607,1510.8397948175598,-317.3644162487385,0.22248380490898076
2016,2016-01-29,True,False,cha,por,91,109,25,20,24,22,0,21,29,33,26,0,home,6.0,207.0,210.0,-250.0,2.0,104.0,1.0,0,True,1512.9498760857682,1415.0500566557184,1541.56164324922,1386.4382894922667,97.89981943004977,0.7575332669128618
2016,2016-01-29,True,False,min,utah,90,103,29,26,14,21,0,27,29,26,21,0,home,9.0,192.5,375.0,-450.0,5.5,96.0,1.0,1,True,1485.3046144349673,1234.7572899193972,1496.1996577834343,1223.8622465709302,250.54732451557015,0.8826649959351124
2016,2016-01-29,True,False,lal,lac,93,105,29,20,22,22,0,28,26,24,27,0,home,14.5,205.0,1000.0,-2000.0,7.5,102.5,0.0,0,True,1738.7993334908513,1131.2536138312607,1739.97469481732,1130.078252504792,607.5457196595905,0.9832581572320374
2016,2016-01-29,True,False,phx,ny,84,102,16,24,21,23,0,26,32,27,17,0,home,7.0,203.5,260.0,-310.0,2.0,101.5,1.0,0,True,1399.3978474561434,1136.7795964771956,1410.7184000645154,1125.4590438688235,262.6182509789478,0.8896723277983223
2016,2016-01-29,True,False,bkn,dal,79,91,18,21,16,24,0,25,26,20,20,0,home,8.0,199.5,320.0,-380.0,1.0,98.0,1.0,0,True,1540.7232473398115,1231.1530068008922,1548.1740967757107,1223.702157364993,309.5702405389193,0.9135424123783
2016,2016-01-29,True,False,mia,mil,107,103,33,22,26,26,0,28,20,35,20,0,home,0.0,194.0,-110.0,-110.0,1.5,96.0,0.0,1,False,1476.6377036433385,1488.9892182037831,1432.4824801964783,1533.1444416506433,-12.351514560444684,0.6235268834277269
2016,2016-01-29,True,False,orl,bos,94,113,22,28,27,17,0,26,32,28,27,0,home,8.0,205.5,320.0,-380.0,2.5,102.5,1.0,1,True,1688.4038521055563,1220.5542658531185,1691.6956343474878,1217.262483611187,467.8495862524378,0.9633429950537289
2016,2016-01-29,True,False,cle,det,114,106,33,33,30,18,0,27,31,20,28,0,away,4.0,207.0,-180.0,160.0,0.0,102.5,1.0,1,False,1559.2622984369843,1697.038566809823,1516.1585807511644,1740.1422844956428,-137.77626837283856,0.4458488028532062
2016,2016-01-29,True,False,hou,okc,108,116,29,29,25,25,0,22,33,34,27,0,home,8.5,223.0,330.0,-400.0,7.0,110.0,0.0,1,True,1693.3225743379585,1613.3829013144446,1716.7734715715283,1589.9320040808748,79.93967302351393,0.7380418982805961
2016,2016-01-30,True,False,sa,cle,103,117,30,19,27,27,0,37,29,26,25,0,away,1.0,203.0,-115.0,-105.0,5.5,104.0,0.0,1,True,1740.1422844956428,1884.3783416488907,1807.2641169288215,1817.256509215712,-144.23605715324788,0.4366809776856217
2016,2016-01-30,True,False,wsh,hou,123,122,28,31,31,33,0,32,30,26,34,0,home,4.0,218.5,155.0,-175.0,1.0,106.0,0.0,1,False,1589.9320040808748,1413.5901134067994,1568.3942602228583,1435.127857264816,176.34189067407533,0.8307218490780904
2016,2016-01-30,True,False,den,ind,105,109,27,24,32,16,6,35,24,21,19,10,home,9.5,210.0,400.0,-500.0,2.5,103.5,0.0,1,True,1486.0105158011422,1370.9092772729591,1500.2831377203847,1356.6366553537166,115.1012385281831,0.7752544218835472
2016,2016-01-30,True,False,bkn,no,103,105,22,29,15,37,0,16,28,27,34,0,home,9.0,205.0,375.0,-450.0,9.0,100.5,0.0,1,True,1590.6210383298826,1223.702157364993,1592.8735838924088,1221.4496118024667,366.9188809648897,0.9363029678562725
2016,2016-01-30,True,False,det,tor,107,111,17,30,25,35,0,26,29,26,30,0,home,7.5,204.5,280.0,-340.0,2.0,102.0,0.0,1,True,1770.8963805442736,1516.1585807511644,1777.378865902452,1509.676095392986,254.73779979310916,0.8851403146759851
2016,2016-01-30,True,False,gs,phi,108,105,34,39,18,17,0,28,26,18,33,0,away,17.0,218.0,-9900.0,2000.0,4.0,105.0,0.0,0,False,1267.3012646236423,1965.8217555181598,1265.4160007974328,1967.7070193443692,-698.5204908945175,0.03090750878227011
2016,2016-01-30,True,False,sac,mem,117,121,22,29,26,40,0,36,29,27,29,0,home,4.0,207.0,155.0,-175.0,2.0,102.5,2.0,1,True,1557.540872467485,1464.732465058657,1573.6044727744452,1448.668864751697,92.80840740882809,0.7521094260034963
2016,2016-01-31,True,False,cha,lal,101,82,21,37,25,18,0,16,27,17,22,0,away,3.5,201.5,-165.0,145.0,2.5,100.0,1.0,0,False,1130.078252504792,1386.4382894922667,1091.9800513612927,1424.536490635766,-256.3600369874746,0.28903390848728333
2016,2016-01-31,True,False,chi,lac,93,120,22,25,26,20,0,24,27,33,36,0,home,4.5,202.5,170.0,-190.0,1.0,104.0,1.0,1,True,1739.97469481732,1510.8397948175598,1755.566980168657,1495.2475094662227,229.13489999976014,0.8692851286072484
2016,2016-01-31,True,False,bos,orl,114,119,32,22,27,33,0,24,23,34,38,0,away,4.0,203.0,-175.0,155.0,0.5,105.0,0.0,1,True,1217.262483611187,1691.6956343474878,1287.914470215454,1621.0436477432208,-474.43315073630083,0.10382671566368779
2016,2016-01-31,True,False,atl,mia,87,105,17,17,28,25,0,27,20,28,30,0,away,3.0,197.5,-150.0,130.0,5.5,103.0,0.0,0,True,1533.1444416506433,1453.5983173135346,1564.6343785180077,1422.1083804461703,79.54612433710872,0.7376036692981703
2016,2016-01-31,True,False,phx,dal,78,91,23,22,24,9,0,21,30,17,23,0,home,9.0,198.0,400.0,-500.0,3.0,99.5,1.0,0,True,1548.1740967757107,1125.4590438688235,1552.0118680914477,1121.6212725530866,422.7150529068872,0.9529786040778382
2016,2016-01-31,True,False,gs,ny,116,95,18,37,27,34,0,20,29,16,30,0,away,11.0,219.0,-700.0,500.0,5.5,107.0,1.0,0,False,1410.7184000645154,1967.7070193443692,1401.5798320423316,1976.845587366553,-556.9886192798538,0.06719245397333608
2016,2016-01-31,True,False,min,por,93,96,21,18,26,28,0,21,27,15,33,0,home,7.0,209.0,250.0,-300.0,0.5,104.5,0.0,0,True,1541.56164324922,1223.8622465709302,1545.395995444434,1220.0278943757162,317.69939667828976,0.9171676056295881
2016,2016-02-01,True,False,dal,atl,97,112,15,31,27,24,0,27,26,33,26,0,home,6.5,199.0,220.0,-260.0,1.5,99.0,1.0,1,True,1422.1083804461703,1552.0118680914477,1488.342363091861,1485.777885445757,-129.90348764527744,0.45707137328827524
2016,2016-02-01,True,False,mil,sac,104,111,32,24,18,30,0,25,28,21,37,0,home,1.5,213.5,110.0,-130.0,1.0,107.5,1.0,1,True,1448.668864751697,1432.4824801964783,1479.1701982556672,1401.981146692508,16.186384555218638,0.661239467902414
2016,2016-02-01,True,False,tor,den,93,112,28,21,16,28,0,28,32,20,32,0,away,4.5,204.5,-200.0,175.0,6.0,102.5,0.0,1,True,1356.6366553537166,1777.378865902452,1470.4824575668938,1663.5330636892747,-420.74221054873533,0.13630312742051054
2016,2016-02-01,True,False,det,bkn,105,100,28,26,24,27,0,26,31,18,25,0,away,7.0,202.5,-310.0,260.0,7.0,102.0,0.0,1,False,1221.4496118024667,1509.676095392986,1201.5163037267507,1529.609403468702,-288.22648359051936,0.2528407058949289
2016,2016-02-01,True,False,chi,utah,96,105,26,25,17,25,3,26,21,20,26,12,home,5.5,190.5,190.0,-220.0,5.5,99.0,1.0,1,True,1496.1996577834343,1495.2475094662227,1532.503620679004,1458.943546570653,0.952148317211595,0.6413267520757623
2016,2016-02-01,True,False,wsh,okc,98,114,26,26,24,22,0,36,28,28,22,0,home,10.0,223.5,450.0,-600.0,2.5,109.5,1.0,0,True,1716.7734715715283,1435.127857264816,1726.5027274163451,1425.398601419999,281.64561430671233,0.8999733729087552
2016,2016-02-01,True,False,cle,ind,111,106,33,27,15,21,15,26,23,30,17,10,away,5.5,208.0,-230.0,195.0,0.5,103.5,0.0,1,False,1500.2831377203847,1807.2641169288215,1481.9144415418532,1825.632813107353,-306.9809792084368,0.23299464848022214
2016,2016-02-01,True,False,mem,no,110,95,22,32,23,33,0,27,25,23,20,0,home,3.0,202.5,130.0,-150.0,3.0,101.0,0.0,1,False,1592.8735838924088,1573.6044727744452,1513.257005284574,1653.22105138228,19.269111117963575,0.6652030699433158
2016,2016-02-01,True,False,orl,sa,92,107,24,20,26,22,0,35,17,23,32,0,home,15.5,201.0,1600.0,-6000.0,7.0,100.5,0.0,0,True,1817.256509215712,1287.914470215454,1819.331572598091,1285.839406833075,529.342039000258,0.9739865553444117
2016,2016-02-02,True,False,bos,ny,97,89,21,24,25,27,0,22,25,18,24,0,away,4.5,208.5,-185.0,165.0,4.0,108.0,1.0,0,False,1401.5798320423316,1621.0436477432208,1369.2365017515804,1653.3869780339721,-219.4638157008892,0.3345473630726117
2016,2016-02-02,True,False,mia,hou,102,115,31,24,25,22,0,31,29,27,28,0,home,5.0,210.5,175.0,-205.0,1.0,106.0,1.0,1,True,1568.3942602228583,1564.6343785180077,1609.45775785948,1523.570880881386,3.7598817048506135,0.6450360317921504
2016,2016-02-02,True,False,tor,phx,104,97,28,24,26,26,0,32,13,26,26,0,away,9.5,198.0,-490.0,390.0,4.0,98.5,0.0,1,False,1121.6212725530866,1663.5330636892747,1114.9566705821562,1670.197665660205,-541.9117911361882,0.07284081979515214
2016,2016-02-02,True,False,mil,por,95,107,19,30,24,22,0,27,29,23,28,0,home,7.5,206.0,260.0,-325.0,2.5,103.0,1.0,0,True,1545.395995444434,1401.981146692508,1564.9019958843887,1382.4751462525533,143.414848751926,0.8023755900789987
2016,2016-02-02,True,False,min,lal,115,119,26,26,29,34,0,27,39,26,27,0,away,4.0,206.0,-175.0,155.0,7.0,103.5,0.0,1,True,1091.9800513612927,1220.0278943757162,1130.2398860679343,1181.7680596690745,-128.0478430144235,0.45972336605198294
2016,2016-02-03,True,False,gs,wsh,134,121,43,31,29,31,0,28,32,32,29,0,away,10.0,227.0,-600.0,450.0,2.0,111.0,1.0,1,False,1425.398601419999,1976.845587366553,1417.3609120371432,1984.8832767494089,-551.4469859465539,0.06921970078152861
2016,2016-02-03,True,False,chi,sac,107,102,34,26,20,27,0,25,32,18,27,0,home,4.0,211.5,160.0,-180.0,4.0,111.5,0.0,0,False,1479.1701982556672,1458.943546570653,1427.6722471226997,1510.4414977036206,20.226651685014076,0.6664295265903871
2016,2016-02-03,True,False,no,sa,97,110,27,18,34,18,0,30,23,30,27,0,home,12.5,206.5,800.0,-1400.0,5.0,103.0,1.0,1,True,1819.331572598091,1513.257005284574,1827.1606984250463,1505.4278794576187,306.07456731351704,0.9119397843990555
2016,2016-02-03,True,False,mia,dal,93,90,21,26,27,19,0,21,25,19,25,0,home,2.5,194.5,125.0,-145.0,2.5,95.5,0.0,0,False,1485.777885445757,1523.570880881386,1449.8763875696015,1559.4723787575415,-37.79299543562911,0.5885785562092619
2016,2016-02-03,True,False,atl,phi,124,86,27,31,30,36,0,17,25,20,24,0,away,7.5,208.5,-340.0,280.0,1.5,108.0,1.0,1,False,1265.4160007974328,1488.342363091861,1212.2009812430051,1541.5573826462887,-222.92636229442815,0.3301247199916312
2016,2016-02-03,True,False,den,utah,81,85,23,23,17,18,0,21,19,21,24,0,home,8.0,195.0,320.0,-380.0,8.0,95.5,0.0,0,True,1532.503620679004,1470.4824575668938,1551.3328778406976,1451.6532004052,62.021163112110116,0.7176164107737301
2016,2016-02-03,True,False,det,bos,95,102,16,20,24,35,0,27,29,22,24,0,home,4.0,209.5,160.0,-180.0,3.5,103.5,1.0,0,True,1653.3869780339721,1529.609403468702,1670.9864952289715,1512.0098862737027,123.77757456527002,0.7838368187881672
2016,2016-02-03,True,False,ind,bkn,114,100,26,36,25,27,0,23,20,34,23,0,away,6.5,199.0,-270.0,230.0,2.5,103.0,1.0,1,False,1201.5163037267507,1481.9144415418532,1170.3636524079348,1513.0670928606692,-280.3981378151025,0.2614481823166314
2016,2016-02-03,True,False,cle,cha,97,106,23,35,17,22,0,23,26,33,24,0,away,8.0,202.0,-370.0,310.0,1.5,98.5,0.0,1,True,1424.536490635766,1825.632813107353,1510.6357094851473,1739.5335942579718,-401.096322471587,0.15017237176211998
2016,2016-02-03,True,False,orl,okc,114,117,32,33,29,20,0,32,34,30,21,0,home,11.5,211.5,650.0,-1000.0,7.0,104.5,0.0,1,True,1726.5027274163451,1285.839406833075,1728.306491223389,1284.035643026031,440.6633205832702,0.9573976030716922
2016,2016-02-03,True,False,min,lac,108,102,27,26,23,32,0,27,28,19,28,0,home,11.0,210.0,625.0,-950.0,6.5,104.0,0.0,2,False,1755.566980168657,1181.7680596690745,1702.2657072519967,1235.0693325857349,573.7989204995824,0.9797411838621639
2016,2016-02-04,True,False,ny,det,105,111,15,21,35,34,0,27,33,18,33,0,home,4.5,201.5,165.0,-185.0,3.5,99.5,1.0,1,True,1512.0098862737027,1369.2365017515804,1526.8604246057398,1354.3859634195433,142.77338452212234,0.8017894099123685
2016,2016-02-04,True,False,lal,no,99,96,26,33,20,20,0,28,20,21,27,0,home,9.5,210.5,425.0,-550.0,8.5,105.5,0.0,0,False,1505.4278794576187,1130.2398860679343,1463.7744930845874,1171.8932724409656,375.1879933896844,0.9390835943440915
2016,2016-02-04,True,False,tor,por,110,103,37,22,23,28,0,25,26,24,28,0,home,1.5,206.0,105.0,-125.0,3.0,104.0,0.0,1,False,1564.9019958843887,1670.197665660205,1519.8515220788956,1715.2481394656982,-105.29566977581635,0.49237950870366026
2016,2016-02-04,True,False,hou,phx,111,105,19,37,32,23,0,28,31,21,25,0,away,7.5,217.5,-340.0,280.0,7.0,109.0,0.0,0,False,1114.9566705821562,1609.45775785948,1106.9461237167507,1617.4683047248855,-494.5010872773237,0.09355924444561604
2016,2016-02-05,True,False,bos,cle,104,103,20,23,22,39,0,32,17,24,30,0,home,6.5,210.0,240.0,-280.0,2.0,109.0,0.0,0,False,1739.5335942579718,1670.9864952289715,1718.8358930139145,1691.6841964730288,68.54709902900026,0.7251663545763201
2016,2016-02-05,True,False,chi,den,110,115,26,31,32,21,0,30,25,18,42,0,home,2.5,206.0,125.0,-145.0,4.5,107.0,1.0,1,True,1451.6532004052,1510.4414977036206,1486.4179934183271,1475.6767046904936,-58.7882972984205,0.559031808852711
2016,2016-02-05,True,False,mil,utah,81,84,19,25,16,21,0,18,22,21,23,0,home,7.0,188.0,250.0,-300.0,7.0,93.5,0.0,0,True,1551.3328778406976,1382.4751462525533,1560.4873499328714,1373.3206741603794,168.85773158814436,0.8245768820879925
2016,2016-02-05,True,False,sac,bkn,119,128,25,36,24,34,0,33,32,38,25,0,away,5.5,213.5,-215.0,185.0,5.0,104.5,0.0,1,True,1170.3636524079348,1427.6722471226997,1242.507838355562,1355.5280611750725,-257.3085947147649,0.2879131395805318
2016,2016-02-05,True,False,mia,cha,98,95,25,22,20,31,0,31,16,26,22,0,home,4.0,195.0,155.0,-175.0,3.0,96.0,0.0,0,False,1510.6357094851473,1559.4723787575415,1475.6782163947678,1594.429871847921,-48.83666927239415,0.5731022945841012
2016,2016-02-05,True,False,phi,wsh,94,106,18,29,25,22,0,38,22,22,24,0,home,9.0,214.0,400.0,-500.0,1.0,105.5,1.0,0,True,1417.3609120371432,1212.2009812430051,1431.1465963630244,1198.415296917124,205.15993079413806,0.852788566407947
2016,2016-02-05,True,False,lac,orl,107,93,28,27,22,30,0,20,24,29,20,0,away,3.5,204.5,-160.0,140.0,1.5,101.5,1.0,0,False,1284.035643026031,1702.2657072519967,1267.5906317472106,1718.710718530817,-418.23006422596563,0.13801452284182392
2016,2016-02-05,True,False,ind,atl,96,102,29,22,21,24,0,26,24,23,29,0,home,5.0,209.0,185.0,-215.0,4.0,108.0,1.0,0,True,1541.5573826462887,1513.0670928606692,1568.4533014718058,1486.171174035152,28.490289785619552,0.6769192209206767
2016,2016-02-05,True,False,mem,ny,91,85,24,26,19,22,0,18,22,22,23,0,away,5.5,193.5,-220.0,190.0,0.5,95.5,1.0,0,False,1354.3859634195433,1653.22105138228,1333.7105014076071,1673.896513394216,-298.8350879627367,0.24147921944688094
2016,2016-02-05,True,False,sa,dal,116,90,27,35,26,28,0,12,14,34,30,0,away,7.0,197.5,-290.0,245.0,4.5,102.5,1.0,1,False,1449.8763875696015,1827.1606984250463,1425.4386402488215,1851.5984457458264,-377.2843108554448,0.16851663804370454
2016,2016-02-06,True,False,utah,phx,98,89,31,22,18,27,0,12,23,23,31,0,away,6.5,187.5,-280.0,240.0,1.5,97.5,1.0,0,False,1106.9461237167507,1560.4873499328714,1095.2381220169466,1572.1953516326755,-453.5412262161208,0.11556183028042782
2016,2016-02-06,True,False,chi,min,105,112,21,34,29,21,0,26,23,35,28,0,home,3.5,204.5,145.0,-165.0,3.0,107.0,1.0,1,True,1235.0693325857349,1475.6767046904936,1298.38250957062,1412.3635277056085,-240.60737210475872,0.3080181328862201
2016,2016-02-06,True,False,okc,gs,108,116,31,28,24,25,0,36,37,18,25,0,home,7.5,232.5,300.0,-360.0,0.5,115.0,1.0,0,True,1984.8832767494089,1728.306491223389,1993.637827131077,1719.5519408417208,256.5767855260199,0.8862121860998456
2016,2016-02-06,True,False,dal,mem,114,110,25,29,25,23,12,30,22,28,22,8,home,5.5,192.5,185.0,-215.0,5.5,96.5,0.0,1,False,1673.896513394216,1425.4386402488215,1623.9008037117476,1475.43434993129,248.45787314539461,0.8814135568464282
2016,2016-02-06,True,False,lal,sa,102,106,20,31,30,21,0,29,25,25,27,0,home,17.0,205.5,1800.0,-8000.0,9.5,103.0,0.0,1,True,1851.5984457458264,1171.8932724409656,1852.0670184607995,1171.4246997259925,679.7051733048609,0.9888856734712208
2016,2016-02-06,True,False,por,hou,96,79,29,26,19,22,0,23,13,17,26,0,home,5.0,218.0,180.0,-210.0,7.0,109.0,0.0,0,False,1617.4683047248855,1519.8515220788956,1529.7307191826453,1607.5891076211358,97.61678264598982,0.7572338787540054
2016,2016-02-06,True,False,wsh,cha,104,108,25,33,17,29,0,25,23,30,30,0,home,5.5,210.5,175.0,-200.0,5.5,102.0,0.0,1,True,1475.6782163947678,1431.1465963630244,1496.2356679585641,1410.589144799228,44.53162003174339,0.6967757272195628
2016,2016-02-06,True,False,no,cle,84,99,20,23,27,14,0,28,26,20,25,0,home,9.5,206.5,450.0,-600.0,2.5,102.5,1.0,0,True,1718.8358930139145,1463.7744930845874,1729.982036327464,1452.628349771038,255.06139992932708,0.8853295632189137
2016,2016-02-06,True,False,bkn,phi,98,103,12,27,25,34,0,24,17,28,34,0,home,1.0,206.0,-105.0,-115.0,0.0,104.0,1.0,0,True,1198.415296917124,1242.507838355562,1231.545146263241,1209.377989009445,-44.09254143843805,0.5797699778156872
2016,2016-02-06,True,False,det,ind,104,112,22,26,33,23,0,34,28,25,25,0,home,4.5,204.0,160.0,-180.0,2.0,102.0,1.0,1,True,1486.171174035152,1526.8604246057398,1526.3374069664574,1486.6941916744345,-40.689250570587774,0.5845354454556282
2016,2016-02-07,True,False,sac,bos,119,128,37,21,29,32,0,46,28,21,33,0,home,7.5,216.5,290.0,-350.0,0.5,108.0,1.0,1,True,1691.6841964730288,1355.5280611750725,1697.3794197062252,1349.832837941876,336.1561352979563,0.9248896827064597
2016,2016-02-07,True,False,den,ny,101,96,31,29,17,24,0,20,29,30,17,0,home,4.0,202.0,150.0,-170.0,5.5,99.0,0.0,0,False,1333.7105014076071,1486.4179934183271,1300.226326369442,1519.9021684564923,-152.70749201072,0.42472440704777376
2016,2016-02-07,True,False,atl,orl,94,96,19,22,19,34,0,30,18,23,25,0,away,3.0,202.0,-155.0,135.0,4.0,105.5,0.0,0,True,1267.5906317472106,1568.4533014718058,1304.3597531058074,1531.684180113209,-300.8626697245952,0.23934780479096646
2016,2016-02-07,True,False,lac,mia,100,93,15,31,27,27,0,19,26,20,28,0,away,1.5,195.5,-120.0,100.0,0.5,96.5,1.0,0,False,1594.429871847921,1718.710718530817,1551.8740830368038,1761.2665073419344,-124.28084668289603,0.4651138293857339
2016,2016-02-08,True,False,no,min,116,102,28,35,32,21,0,22,24,24,32,0,home,2.0,210.5,115.0,-135.0,5.0,105.0,0.0,1,False,1298.38250957062,1452.628349771038,1248.0324473079822,1502.9784120336758,-154.24584020041812,0.42256218012959157
2016,2016-02-08,True,False,okc,phx,122,106,28,29,32,33,0,19,38,28,21,0,away,13.0,214.0,-1600.0,900.0,8.5,106.0,1.0,1,False,1095.2381220169466,1719.5519408417208,1089.427566208606,1725.3624966500613,-624.3138188247742,0.04661071035481162
2016,2016-02-08,True,False,por,mem,112,106,25,26,27,24,10,27,22,29,24,4,home,3.0,199.0,130.0,-150.0,1.0,98.5,0.0,1,False,1623.9008037117476,1607.5891076211358,1568.1805089784048,1663.3094023544786,16.311696090611804,0.6614010330917577
2016,2016-02-08,True,False,orl,atl,117,110,18,23,31,29,16,30,24,29,18,9,home,8.5,203.0,330.0,-400.0,1.0,101.5,0.0,1,False,1531.684180113209,1304.3597531058074,1466.968735681753,1369.0751975372632,227.3244270074017,0.8680963370054479
2016,2016-02-08,True,False,tor,det,103,89,19,30,21,33,0,24,19,22,24,0,away,2.0,206.0,-130.0,110.0,0.5,103.0,1.0,0,False,1486.6941916744345,1715.2481394656982,1448.2073056099482,1753.7350255301844,-228.55394779126368,0.32300064291830305
2016,2016-02-08,True,False,lac,phi,98,92,22,27,16,23,10,25,34,14,15,4,away,9.0,207.5,-450.0,375.0,9.0,104.5,0.0,0,False,1231.545146263241,1761.2665073419344,1224.8903803911232,1767.921273214052,-529.7213610786935,0.0777243897850024
2016,2016-02-08,True,False,sac,cle,100,120,23,22,25,30,0,31,30,30,29,0,home,12.0,218.5,700.0,-1100.0,1.5,105.5,1.0,1,True,1729.982036327464,1349.832837941876,1735.7380600511513,1344.0768142181887,380.14919838558785,0.9406969872597893
2016,2016-02-08,True,False,chi,cha,91,108,20,22,23,26,0,38,19,30,21,0,home,7.5,199.0,280.0,-340.0,0.5,102.5,1.0,2,True,1496.2356679585641,1412.3635277056085,1526.461823503372,1382.1373721608006,83.87214025295566,0.7423948241223055
2016,2016-02-08,True,False,den,bkn,104,105,22,27,29,26,0,26,29,26,24,0,away,2.5,206.0,-145.0,125.0,3.0,100.5,0.0,1,True,1209.377989009445,1519.9021684564923,1232.8810438197524,1496.3991136461848,-310.52417944704735,0.22936953135062993
2016,2016-02-08,True,False,lal,ind,87,89,22,16,21,28,0,23,23,18,25,0,home,12.5,206.0,750.0,-1200.0,4.5,102.0,0.0,0,True,1526.3374069664574,1171.4246997259925,1528.7614784992352,1169.0006281932147,354.9127072404649,0.9320546690646547
2016,2016-02-09,True,False,sa,mia,119,101,20,34,31,34,0,24,23,28,26,0,away,6.5,196.0,-280.0,240.0,1.5,102.0,1.0,1,False,1551.8740830368038,1852.0670184607995,1520.774276838134,1883.1668246594693,-300.1929354239958,0.24005040764763594
2016,2016-02-09,True,False,bos,mil,111,112,30,24,20,37,0,26,27,40,19,0,away,4.0,208.0,-175.0,155.0,2.5,107.5,0.0,1,True,1373.3206741603794,1697.3794197062252,1397.2348626357066,1673.465231230898,-324.0587455458458,0.2158890654491263
2016,2016-02-09,True,False,hou,gs,110,123,27,39,27,17,0,42,27,24,30,0,home,14.0,228.0,1200.0,-3000.0,8.5,112.5,0.0,1,True,1993.637827131077,1529.7307191826453,1996.6097386800905,1526.758807633632,463.90710794843176,0.9625330882015006
2016,2016-02-09,True,False,utah,dal,121,119,21,30,27,32,11,29,29,29,23,9,home,1.5,187.0,105.0,-125.0,2.0,98.0,0.0,1,False,1475.43434993129,1572.1953516326755,1451.0395641300267,1596.5901374339387,-96.76100170138557,0.5046611582152063
2016,2016-02-09,True,False,wsh,ny,111,108,35,28,20,28,0,21,29,33,25,0,away,1.0,207.5,-120.0,100.0,3.0,102.0,1.0,1,False,1300.226326369442,1410.589144799228,1270.6372462754794,1440.1782248931906,-110.3628184297861,0.4850911263184784
2016,2016-02-10,True,False,sac,phi,114,110,24,24,27,39,0,30,33,24,23,0,away,5.5,220.0,-220.0,190.0,7.5,108.0,0.0,1,False,1224.8903803911232,1344.0768142181887,1191.4360767315045,1377.5311178778074,-119.18643382706546,0.47241653579742393
2016,2016-02-10,True,False,lac,bos,134,139,37,27,27,31,12,33,38,27,24,17,home,2.0,212.0,115.0,-135.0,2.0,106.5,1.0,1,True,1673.465231230898,1767.921273214052,1712.254996730502,1729.1315077144482,-94.45604198315391,0.5079777198463672
2016,2016-02-10,True,False,utah,no,96,100,22,23,32,19,0,20,27,24,29,0,home,1.5,194.0,105.0,-125.0,0.0,100.5,1.0,1,True,1502.9784120336758,1596.5901374339387,1537.7350816931212,1561.8334677744933,-93.61172540026291,0.5091924302645113
2016,2016-02-10,True,False,hou,por,103,116,29,17,35,22,0,29,28,35,24,0,home,4.5,215.0,165.0,-185.0,2.0,107.5,1.0,1,True,1663.3094023544786,1526.758807633632,1684.147995646691,1505.9202143414195,136.55059472084668,0.7960349900354318
2016,2016-02-10,True,False,gs,phx,112,104,29,28,34,21,0,28,15,32,29,0,away,16.0,220.0,-6000.0,1600.0,5.0,108.5,0.0,0,False,1089.427566208606,1996.6097386800905,1088.5087587619362,1997.5285461267604,-907.1821724714844,0.009503802041771434
2016,2016-02-10,True,False,tor,min,112,117,32,36,21,23,0,26,29,33,29,0,away,6.0,207.5,-250.0,210.0,0.5,102.5,0.0,1,True,1248.0324473079822,1753.7350255301844,1319.9138550640278,1681.853617774139,-505.7025782222022,0.08823232908835915
2016,2016-02-10,True,False,atl,chi,113,90,28,25,38,22,0,29,19,25,17,0,away,4.0,205.5,-175.0,155.0,1.0,107.0,1.0,0,False,1382.1373721608006,1466.968735681753,1309.1696223376957,1539.936485504858,-84.83136352095244,0.5218155635656901
2016,2016-02-10,True,False,lal,cle,111,120,25,22,27,37,0,35,29,29,27,0,home,16.0,210.0,1600.0,-6000.0,4.0,103.5,0.0,1,True,1735.7380600511513,1169.0006281932147,1737.1013086862638,1167.637379558102,566.7374318579366,0.9789184312088405
2016,2016-02-10,True,False,sa,orl,98,96,29,21,17,31,0,23,28,28,17,0,away,8.5,202.5,-420.0,350.0,6.5,106.0,0.0,0,False,1369.0751975372632,1883.1668246594693,1364.9942359089034,1887.247786287829,-514.0916271222061,0.08442389446572801
2016,2016-02-10,True,False,mem,bkn,109,90,22,28,39,20,0,27,18,18,27,0,away,4.0,198.0,-175.0,155.0,1.0,98.5,1.0,1,False,1232.8810438197524,1568.1805089784048,1205.841499309045,1595.2200534891122,-335.2994651586523,0.20513685683501517
2016,2016-02-10,True,False,den,det,103,92,20,32,23,28,0,22,31,18,21,0,home,4.0,207.5,165.0,-185.0,2.5,102.5,0.0,0,False,1448.2073056099482,1496.3991136461848,1385.447383694992,1559.159035561141,-48.19180803623658,0.574010239710711
2016,2016-02-10,True,False,cha,ind,117,95,25,35,29,28,0,25,18,27,25,0,home,3.5,201.0,145.0,-165.0,6.0,99.0,0.0,1,False,1528.7614784992352,1526.461823503372,1440.2405951386752,1614.982706863932,2.299654995863193,0.643109077303249
2016,2016-02-11,True,False,no,okc,95,121,25,28,21,21,0,29,33,33,26,0,home,12.0,218.5,750.0,-1200.0,4.5,108.5,1.0,0,True,1725.3624966500613,1537.7350816931212,1744.9407620514228,1518.1568162917597,187.62741495694013,0.8396621551170517
2016,2016-02-11,True,False,wsh,mil,92,99,27,19,24,22,0,18,37,14,30,0,home,1.5,214.0,105.0,-125.0,2.5,106.0,1.0,0,True,1397.2348626357066,1440.1782248931906,1435.536602742591,1401.8764847863063,-42.94336225748407,0.5813808294725756
2016,2016-02-18,True,False,utah,wsh,89,103,23,19,26,21,0,28,21,27,27,0,away,2.0,196.0,-130.0,110.0,3.5,103.0,0.0,0,True,1401.8764847863063,1561.8334677744933,1471.6339557459664,1492.0759968148332,-159.95698298818706,0.4145614189058512
2016,2016-02-18,True,False,sa,lac,86,105,15,19,29,23,0,21,21,30,33,0,away,1.0,206.5,-120.0,100.0,3.5,107.5,0.0,0,True,1729.1315077144482,1887.247786287829,1805.9601893870615,1810.4191046152157,-158.1162785733809,0.4171353638425083
2016,2016-02-18,True,False,chi,cle,95,106,19,23,22,31,0,26,22,30,28,0,home,12.5,206.0,800.0,-1400.0,6.0,105.5,0.0,0,True,1737.1013086862638,1309.1696223376957,1740.6000658135101,1305.6708652104494,427.93168634856806,0.9543060741861176
2016,2016-02-19,True,False,cha,mil,98,95,28,24,18,28,0,25,27,26,17,0,away,1.5,201.5,-125.0,105.0,1.0,99.5,1.0,0,False,1435.536602742591,1614.982706863932,1411.8929788898795,1638.6263307166435,-179.44610412134102,0.3876197600108056
2016,2016-02-19,True,False,sa,lal,119,113,33,27,25,34,0,30,19,26,38,0,away,10.0,201.0,-700.0,500.0,2.5,104.5,0.0,1,False,1167.637379558102,1810.4191046152157,1164.0321095688544,1814.0243746044634,-642.7817250571136,0.04210777889249661
2016,2016-02-19,True,False,bos,utah,93,111,24,25,23,21,0,26,28,29,28,0,home,0.0,197.0,-110.0,-110.0,1.5,105.0,1.0,1,True,1492.0759968148332,1712.254996730502,1578.4075836668915,1625.9234098784436,-220.17899991566878,0.33363145466834665
2016,2016-02-19,True,False,gs,por,105,137,31,31,17,26,0,42,26,36,33,0,away,8.0,225.0,-400.0,330.0,9.5,113.0,0.0,1,True,1684.147995646691,1997.5285461267604,1803.1518119779896,1878.5247297954618,-313.38055048006936,0.2264760931295286
2016,2016-02-19,True,False,den,sac,110,116,24,33,20,33,0,31,39,18,28,0,home,4.0,218.5,150.0,-170.0,2.0,108.5,1.0,1,True,1377.5311178778074,1559.159035561141,1430.2180353679607,1506.4721180709878,-181.62791768333364,0.3846427372099641
2016,2016-02-19,True,False,hou,phx,116,100,21,35,25,35,0,24,21,20,35,0,away,7.5,214.0,-360.0,300.0,0.5,105.5,1.0,1,False,1088.5087587619362,1505.9202143414195,1071.233671851541,1523.1953012518147,-417.41145557948334,0.13857608443909056
2016,2016-02-19,True,False,tor,chi,106,116,35,23,23,25,0,24,28,37,27,0,away,7.5,200.5,-310.0,260.0,2.0,98.0,0.0,1,True,1305.6708652104494,1681.853617774139,1393.3045653081517,1594.2199176764366,-376.1827525636895,0.169407010884091
2016,2016-02-19,True,False,dal,orl,104,110,13,38,30,17,6,31,25,16,26,12,home,1.5,201.0,105.0,-125.0,1.0,100.0,1.0,1,True,1364.9942359089034,1451.0395641300267,1406.0857282945092,1409.948071744421,-86.04532822112333,0.5200715949440438
2016,2016-02-19,True,False,ind,okc,101,98,24,20,23,34,0,24,27,25,22,0,home,8.0,214.5,330.0,-400.0,2.0,110.0,0.0,0,False,1744.9407620514228,1440.2405951386752,1702.3358268558256,1482.8455303342723,304.7001669127476,0.911302357565444
2016,2016-02-19,True,False,mia,atl,115,111,22,30,27,36,0,19,33,29,30,0,home,10.0,197.0,525.0,-750.0,7.0,99.0,0.0,1,False,1539.936485504858,1520.774276838134,1493.725168846803,1566.985593496189,19.162208666723927,0.6650660060029605
2016,2016-02-19,True,False,phi,no,114,121,26,29,35,24,0,37,34,21,29,0,home,9.0,204.5,360.0,-430.0,1.0,101.0,0.0,1,True,1518.1568162917597,1191.4360767315045,1523.6029842216685,1185.9899088015957,326.7207395602552,0.9210283604897269
2016,2016-02-19,True,False,ny,bkn,98,109,32,20,24,22,0,23,27,34,25,0,away,5.0,199.0,-200.0,175.0,3.0,99.0,0.0,1,True,1205.841499309045,1270.6372462754794,1254.9890417425706,1221.4897038419538,-64.79574696643431,0.550490316866736
2016,2016-02-19,True,False,det,wsh,86,98,15,25,21,25,0,29,26,28,15,0,home,2.0,209.0,110.0,-130.0,3.5,103.0,1.0,0,True,1471.6339557459664,1385.447383694992,1498.1359597712267,1358.9453796697317,86.18657205097452,0.7449345272031617
2016,2016-02-19,True,False,min,mem,104,109,27,21,33,23,0,28,23,25,33,0,home,4.5,205.0,160.0,-180.0,1.5,101.5,1.0,1,True,1595.2200534891122,1319.9138550640278,1601.609607063142,1313.524301489998,275.3061984250844,0.8966399759810085
2016,2016-02-20,True,False,wsh,mia,94,114,19,25,24,26,0,30,29,23,32,0,away,1.5,201.5,-125.0,105.0,5.5,99.0,0.0,1,True,1566.985593496189,1498.1359597712267,1601.3870270101831,1463.7345262572326,68.84963372496236,0.7255133055035249
2016,2016-02-20,True,False,mil,atl,117,109,31,23,21,19,23,29,21,18,26,15,home,8.0,207.0,300.0,-360.0,7.5,104.0,0.0,1,False,1493.725168846803,1411.8929788898795,1427.5823547232078,1478.0357930134746,81.83218995692346,0.7401426718808389
2016,2016-02-20,True,False,ny,min,103,95,31,28,22,22,0,16,32,13,34,0,home,2.5,207.5,125.0,-145.0,4.5,103.5,0.0,0,False,1313.524301489998,1221.4897038419538,1247.013619009182,1288.0003863227698,92.03459764804415,0.7512780103199058
2016,2016-02-20,True,False,gs,lac,115,112,33,30,30,22,0,20,33,31,28,0,away,4.0,228.0,-185.0,165.0,1.0,112.0,0.0,0,False,1805.9601893870615,1878.5247297954618,1773.0583762936785,1911.4265428888448,-72.56454040840026,0.5394009384781745
2016,2016-02-21,True,False,phi,dal,103,129,30,24,26,23,0,28,38,29,34,0,home,9.5,205.0,450.0,-600.0,1.5,101.5,1.0,1,True,1409.948071744421,1185.9899088015957,1425.8410353747392,1170.0969451712774,223.9581629428253,0.865861613249907
2016,2016-02-21,True,False,lal,chi,115,126,30,28,23,34,0,31,31,35,29,0,home,7.0,209.5,270.0,-330.0,3.0,104.5,1.0,1,True,1393.3045653081517,1164.0321095688544,1404.9228135293768,1152.4138613476293,229.27245573929736,0.8693750772606543
2016,2016-02-21,True,False,cha,bkn,104,96,29,26,31,18,0,26,22,25,23,0,away,7.0,204.0,-320.0,265.0,1.5,102.0,1.0,0,False,1254.9890417425706,1638.6263307166435,1239.186623308334,1654.42874915088,-383.6372889740728,0.16345433107287766
2016,2016-02-21,True,False,mem,tor,85,98,20,23,21,21,0,22,24,28,24,0,home,7.5,201.5,290.0,-350.0,4.0,100.0,1.0,0,True,1594.2199176764366,1601.609607063142,1637.1596572238186,1558.66986751576,-7.389689386705413,0.6302076652220032
2016,2016-02-21,True,False,utah,por,111,115,25,27,30,29,0,18,29,33,35,0,home,3.5,196.5,140.0,-160.0,3.5,103.5,1.0,1,True,1803.1518119779896,1578.4075836668915,1810.8774170935658,1570.6819785513153,224.74422831109814,0.8663862960194137
2016,2016-02-21,True,False,ind,orl,105,102,20,27,33,25,0,22,25,32,23,0,away,1.5,202.5,-125.0,105.0,1.0,105.5,1.0,1,False,1406.0857282945092,1482.8455303342723,1373.5502261842662,1515.3810324445153,-76.75980203976314,0.5333955403099977
2016,2016-02-21,True,False,sa,phx,118,111,30,30,28,30,0,21,29,32,29,0,away,14.0,204.0,-5000.0,1500.0,4.5,107.5,0.0,1,False,1071.233671851541,1814.0243746044634,1069.0265920757938,1816.2314543802106,-742.7907027529225,0.024122295813005335
2016,2016-02-21,True,False,no,det,111,106,28,27,25,31,0,25,30,20,31,0,home,4.5,206.0,175.0,-200.0,3.0,104.5,0.0,1,False,1358.9453796697317,1523.6029842216685,1326.7789449561851,1555.769418935215,-164.65760455193686,0.40800975072493856
2016,2016-02-21,True,False,cle,okc,115,92,27,35,33,20,0,28,25,20,19,0,home,3.0,218.5,140.0,-160.0,6.0,107.5,0.0,0,False,1702.3358268558256,1740.6000658135101,1620.1241938914382,1822.8116987778976,-38.26423895768448,0.5879215090360865
2016,2016-02-21,True,False,bos,den,121,101,35,29,27,30,0,17,32,29,23,0,away,2.5,213.0,-145.0,125.0,3.0,109.0,1.0,1,False,1506.4721180709878,1625.9234098784436,1443.2385798029436,1689.1569481464878,-119.45129180745585,0.4720365506003308
2016,2016-02-22,True,False,lal,mil,101,108,19,29,17,36,0,29,25,36,18,0,home,9.0,210.5,375.0,-450.0,3.0,103.5,0.0,0,True,1478.0357930134746,1152.4138613476293,1483.5183141675734,1146.9313401935306,325.6219316658453,0.9205670659752732
2016,2016-02-22,True,False,phx,lac,84,124,17,25,19,23,0,36,23,31,34,0,home,15.0,212.0,1400.0,-4000.0,4.5,108.0,1.0,0,True,1773.0583762936785,1069.0265920757938,1773.986198293753,1068.0987700757194,704.0317842178847,0.9903239562277822
2016,2016-02-22,True,False,ind,mia,93,101,25,19,25,19,5,15,26,29,18,13,home,1.5,202.0,105.0,-125.0,1.5,104.5,1.0,0,True,1601.3870270101831,1515.3810324445153,1624.1109248168839,1492.6571346378146,86.00599456566783,0.7447369669267349
2016,2016-02-22,True,False,bos,min,122,124,23,30,31,38,0,31,28,34,31,0,away,4.0,218.5,-175.0,155.0,4.5,114.0,0.0,1,True,1247.013619009182,1689.1569481464878,1289.4339975070257,1646.7365696486445,-442.1433291373057,0.12243880642966523
2016,2016-02-22,True,False,gs,atl,102,92,30,28,18,26,0,15,24,36,17,0,away,6.0,226.5,-270.0,230.0,2.5,109.0,1.0,0,False,1427.5823547232078,1911.4265428888448,1417.148404818818,1921.8604927932345,-483.844188165637,0.09889307001428244
2016,2016-02-22,True,False,tor,ny,122,95,26,31,29,36,0,28,15,25,27,0,away,4.0,203.0,-175.0,155.0,2.0,101.5,1.0,1,False,1288.0003863227698,1637.1596572238186,1259.7863935954322,1665.3736499511563,-349.1592709010488,0.19243329918120058
2016,2016-02-22,True,False,det,cle,96,88,33,23,19,21,0,28,21,19,20,0,home,9.0,207.5,400.0,-500.0,9.0,103.5,0.0,0,False,1822.8116987778976,1326.7789449561851,1760.214098136925,1389.3765455971577,496.0327538217125,0.9686606647840748
2016,2016-02-23,True,False,orl,phi,124,115,33,34,30,27,0,31,31,31,22,0,away,5.5,209.5,-240.0,200.0,2.0,102.5,1.0,1,False,1170.0969451712774,1373.5502261842662,1134.0932644030097,1409.553906952534,-203.45328101298878,0.3553681792242024
2016,2016-02-23,True,False,no,wsh,89,109,19,32,14,24,0,24,30,31,24,0,home,5.0,217.5,175.0,-200.0,2.0,108.5,1.0,0,True,1463.7345262572326,1555.769418935215,1529.1787557044865,1490.325189487961,-92.0348926779825,0.5114607031156737
2016,2016-02-23,True,False,hou,utah,114,117,23,28,32,23,8,34,22,23,27,11,home,4.5,203.5,165.0,-185.0,1.5,100.0,0.0,1,True,1570.6819785513153,1523.1953012518147,1588.1306679543502,1505.7466118487798,47.48667729950057,0.7003576552613023
2016,2016-02-23,True,False,sac,den,114,110,28,33,30,23,0,25,25,27,33,0,home,2.5,222.5,120.0,-140.0,4.0,108.0,0.0,1,False,1443.2385798029436,1430.2180353679607,1397.3007918911285,1476.1558232797759,13.020544434982867,0.6571453323300176
2016,2016-02-23,True,False,bkn,por,104,112,21,28,33,22,0,34,29,22,27,0,home,11.5,212.0,650.0,-1000.0,2.5,109.0,0.0,1,True,1810.8774170935658,1239.186623308334,1812.1384806860963,1237.9255597158035,571.6907937852318,0.9794989090575935
2016,2016-02-24,True,False,den,lac,87,81,23,30,18,16,0,19,20,23,19,0,home,11.0,214.0,600.0,-900.0,11.5,108.0,0.0,0,False,1773.986198293753,1397.3007918911285,1715.5513223435482,1455.7356678413332,376.6854064026245,0.9395748329883433
2016,2016-02-24,True,False,wsh,chi,104,109,31,24,24,25,0,28,29,32,20,0,away,1.5,212.0,-120.0,100.0,1.0,103.5,0.0,1,True,1404.9228135293768,1529.1787557044865,1447.0890455917315,1487.0125236421318,-124.2559421751098,0.4651494955539534
2016,2016-02-24,True,False,sa,sac,108,92,25,24,27,32,0,24,14,32,22,0,away,8.0,219.0,-360.0,300.0,1.5,113.0,1.0,0,False,1476.1558232797759,1816.2314543802106,1451.1375094347313,1841.2497682252551,-340.07563110043475,0.2006901609177041
2016,2016-02-24,True,False,okc,dal,116,103,33,25,29,29,0,24,27,30,22,0,away,5.5,215.0,-230.0,195.0,1.0,105.0,1.0,1,False,1425.8410353747392,1620.1241938914382,1383.161555983532,1662.8036732826454,-194.2831585166989,0.36755100281333997
2016,2016-02-24,True,False,lal,mem,119,128,26,32,26,35,0,36,31,30,31,0,home,8.5,206.5,350.0,-420.0,2.0,104.0,1.0,1,True,1558.66986751576,1146.9313401935306,1562.253479677246,1143.3477280320444,411.7385273222294,0.9500647873523516
2016,2016-02-24,True,False,phi,det,91,111,20,22,19,30,0,33,32,20,26,0,home,12.0,210.0,650.0,-1000.0,1.0,102.0,1.0,0,True,1389.3765455971577,1134.0932644030097,1401.5999012052596,1121.8699087949078,255.283281194148,0.8854591674003945
2016,2016-02-24,True,False,cha,cle,103,114,24,28,24,27,0,23,40,25,26,0,home,9.0,208.0,350.0,-420.0,1.5,102.5,1.0,1,True,1760.214098136925,1654.42874915088,1783.373570770449,1631.269276517356,105.78534898604494,0.7657731151080472
2016,2016-02-24,True,False,ny,ind,105,108,26,28,26,25,0,28,24,28,28,0,home,6.5,201.5,230.0,-270.0,5.0,101.0,0.0,1,True,1492.6571346378146,1259.7863935954322,1499.0043825109901,1253.4391457222566,232.8707410423824,0.8717093896234939
2016,2016-02-24,True,False,gs,mia,118,112,21,30,29,38,0,30,25,28,29,0,away,9.0,218.5,-500.0,400.0,8.5,107.5,0.0,1,False,1624.1109248168839,1921.8604927932345,1603.3373067820555,1942.6341108280628,-297.7495679763506,0.24262563348001484
2016,2016-02-24,True,False,min,tor,105,114,28,30,28,19,0,37,24,26,27,0,home,9.5,211.0,425.0,-550.0,4.5,106.0,0.0,1,True,1665.3736499511563,1289.4339975070257,1669.8408802247238,1284.966767233458,375.9396524441306,0.9393306473361142
2016,2016-02-25,True,False,gs,orl,130,114,33,26,40,31,0,30,33,28,23,0,away,8.0,223.5,-375.0,305.0,8.5,110.5,1.0,1,False,1409.553906952534,1942.6341108280628,1400.0360528878928,1952.151964892704,-533.0802038755289,0.07634965632195834
2016,2016-02-25,True,False,mil,bos,107,112,25,27,21,34,0,35,27,26,24,0,home,7.5,214.0,265.0,-330.0,1.0,105.5,0.0,1,True,1646.7365696486445,1483.5183141675734,1658.9475383994186,1471.3073454167993,163.21825548107108,0.8198314661706525
2016,2016-02-25,True,False,okc,no,119,123,32,32,23,32,0,35,26,28,34,0,away,6.0,222.5,-235.0,195.0,3.0,110.0,0.0,1,True,1490.325189487961,1662.8036732826454,1533.0138904709054,1620.114972299701,-172.47848379468428,0.39718224473471603
2016,2016-02-25,True,False,bkn,phx,116,106,34,32,24,26,0,29,16,26,35,0,home,1.0,208.5,-105.0,-115.0,5.5,106.5,0.0,1,False,1068.0987700757194,1237.9255597158035,1025.806907905044,1280.2174218864789,-169.82678964008414,0.40084264588230273
2016,2016-02-25,True,False,hou,por,119,105,28,21,37,33,0,34,30,29,12,0,home,4.0,219.0,165.0,-185.0,2.5,107.5,0.0,1,False,1812.1384806860963,1505.7466118487798,1728.9483364201094,1588.9367561147667,306.39186883731645,0.9120863550415764
2016,2016-02-25,True,False,sa,utah,96,78,18,21,26,31,0,23,12,22,21,0,away,3.0,193.5,-160.0,140.0,1.5,101.0,1.0,0,False,1588.1306679543502,1841.2497682252551,1550.1861579419524,1879.194278237653,-253.11910027090494,0.29288269638334585
2016,2016-02-26,True,False,lac,sac,117,107,30,34,34,19,0,30,37,16,24,0,away,5.0,218.5,-200.0,175.0,5.5,110.0,1.0,1,False,1451.1375094347313,1715.5513223435482,1421.6375445278718,1745.0512872504078,-264.4138129088169,0.2796009298190666
2016,2016-02-26,True,False,mem,lal,112,95,32,35,23,22,0,25,25,21,24,0,away,5.0,212.0,-220.0,190.0,2.5,104.5,1.0,0,False,1143.3477280320444,1562.253479677246,1125.8543090697697,1579.7468986395209,-418.9057516452017,0.13755244549491855
2016,2016-02-26,True,False,den,dal,116,122,28,28,24,28,8,20,24,32,32,14,home,6.0,208.0,210.0,-250.0,7.5,102.0,2.0,1,True,1383.161555983532,1455.7356678413332,1422.5992411215236,1416.2979827033416,-72.5741118578012,0.539387249561045
2016,2016-02-26,True,False,chi,atl,88,103,21,23,23,21,0,26,25,28,24,0,home,7.5,208.5,280.0,-340.0,2.5,105.0,1.0,0,True,1417.148404818818,1447.0890455917315,1466.0095443287184,1398.2279060818312,-29.94064077291341,0.5994788428231983
2016,2016-02-26,True,False,wsh,phi,103,94,21,27,28,27,0,26,26,20,22,0,away,7.5,217.5,-370.0,310.0,7.0,106.5,1.0,0,False,1121.8699087949078,1487.0125236421318,1103.7815461215882,1505.1008863154514,-365.14261484722397,0.17853809308380558
2016,2016-02-26,True,False,cle,tor,97,99,31,18,28,20,0,21,24,23,31,0,away,2.5,206.0,-145.0,125.0,0.0,100.5,0.0,0,True,1669.8408802247238,1783.373570770449,1694.9512808411384,1758.2631701540345,-113.53269054572525,0.4805347355141973
2016,2016-02-26,True,False,cha,ind,96,95,29,24,24,19,0,26,24,20,25,0,home,4.0,202.5,150.0,-170.0,4.0,101.5,0.0,0,False,1499.0043825109901,1631.269276517356,1485.167220733381,1645.106438294965,-132.26489400636592,0.45370010628488394
2016,2016-02-26,True,False,orl,ny,95,108,23,21,25,26,0,32,30,20,26,0,home,2.5,209.5,115.0,-135.0,4.0,102.0,1.0,0,True,1253.4391457222566,1400.0360528878928,1319.238768519774,1334.2364300903753,-146.59690716563614,0.4333408539901378
2016,2016-02-27,True,False,det,mil,102,91,34,25,21,22,0,24,25,24,18,0,home,1.0,204.0,100.0,-120.0,3.5,100.5,0.0,0,False,1471.3073454167993,1401.5999012052596,1397.0514894832077,1475.8557571388512,69.70744421153972,0.7264955723719901
2016,2016-02-27,True,False,mem,phx,106,111,18,28,30,30,0,25,29,32,25,0,away,6.5,208.5,-280.0,240.0,7.5,104.5,0.0,1,True,1025.806907905044,1579.7468986395209,1099.259666441843,1506.294140102722,-553.9399907344769,0.06830079343431136
2016,2016-02-27,True,False,bkn,utah,98,96,20,28,22,28,0,22,21,18,35,0,home,11.5,197.0,700.0,-1100.0,9.5,102.0,0.0,0,False,1550.1861579419524,1280.2174218864789,1516.16697775865,1314.2366020697812,269.9687360554735,0.89375759237073
2016,2016-02-27,True,False,gs,okc,121,118,20,26,32,25,18,30,27,26,20,15,away,3.0,234.0,-160.0,140.0,6.5,116.0,2.0,1,False,1620.114972299701,1952.151964892704,1607.4144277017858,1964.8525094906192,-332.0369925930029,0.20821605350001562
2016,2016-02-27,True,False,por,chi,103,95,21,30,28,24,0,21,20,32,22,0,away,4.5,210.0,-185.0,165.0,1.0,102.5,1.0,0,False,1398.2279060818312,1728.9483364201094,1377.9769580920572,1749.1992844098834,-330.7204303382782,0.20946826405309257
2016,2016-02-27,True,False,min,no,112,110,25,20,31,36,0,26,30,30,24,0,home,2.0,217.5,115.0,-135.0,3.0,107.0,0.0,1,False,1533.0138904709054,1284.966767233458,1498.8848584286977,1319.0957992756657,248.0471232374473,0.8811661910896011
2016,2016-02-27,True,False,mia,bos,89,101,26,23,21,19,0,18,28,26,29,0,home,6.0,211.5,200.0,-240.0,5.5,105.5,1.0,0,True,1658.9475383994186,1603.3373067820555,1689.9437459061885,1572.3410992752856,55.61023161736307,0.7100783288168161
2016,2016-02-27,True,False,sa,hou,104,94,26,25,25,28,0,11,20,26,37,0,away,6.0,212.5,-240.0,200.0,3.0,110.0,1.0,0,False,1588.9367561147667,1879.194278237653,1562.4925512950165,1905.6384830574032,-290.25752212288626,0.2506384085293861
2016,2016-02-28,True,False,por,ind,111,102,39,26,22,24,0,27,27,23,25,0,home,6.0,208.0,210.0,-250.0,6.5,104.0,0.0,1,False,1485.167220733381,1749.1992844098834,1456.7949369735034,1777.5715681697611,-264.0320636765023,0.28004377899791183
2016,2016-02-28,True,False,mia,ny,98,81,23,21,25,29,0,19,20,26,16,0,away,2.0,197.0,-130.0,110.0,0.0,97.0,1.0,0,False,1319.238768519774,1572.3410992752856,1281.9884714729515,1609.5913963221083,-253.1023307555115,0.29290268901993477
2016,2016-02-28,True,False,cha,atl,76,87,9,23,25,19,0,25,21,22,19,0,home,4.5,202.0,175.0,-200.0,2.0,100.0,1.0,0,True,1466.0095443287184,1645.106438294965,1532.9125013134735,1578.20348131021,-179.09689396624663,0.38809703383294275
2016,2016-02-28,True,False,phi,orl,116,130,26,25,36,29,0,40,37,25,28,0,home,9.0,214.5,400.0,-500.0,1.5,107.5,1.0,1,True,1334.2364300903753,1103.7815461215882,1346.8111599773617,1091.2068162346018,230.45488396878704,0.8701461076905469
2016,2016-02-28,True,False,cle,wsh,99,113,28,26,16,29,0,35,28,33,17,0,away,2.5,205.5,-140.0,120.0,3.5,101.5,0.0,1,True,1505.1008863154514,1758.2631701540345,1589.3630232284013,1674.0010332410845,-253.1622838385831,0.2928312165616583
2016,2016-02-28,True,False,tor,det,101,114,25,27,20,29,0,23,29,37,25,0,home,1.5,199.0,105.0,-125.0,1.0,98.5,1.0,1,True,1475.8557571388512,1694.9512808411384,1553.0723094117927,1617.734728568197,-219.0955237022872,0.33501950758201376
2016,2016-02-28,True,False,min,dal,101,128,24,30,20,27,0,39,26,34,29,0,home,7.5,211.0,280.0,-340.0,0.5,105.0,1.0,1,True,1422.5992411215236,1319.0957992756657,1454.0339321898325,1287.6611082073568,103.50344184585788,0.7634088123853411
2016,2016-02-29,True,False,okc,sac,131,116,29,32,33,37,0,25,28,31,32,0,away,8.5,227.5,-450.0,375.0,2.5,112.5,1.0,1,False,1421.6375445278718,1607.4144277017858,1375.401181816696,1653.6507904129617,-185.77688317391403,0.3790055181372537
2016,2016-02-29,True,False,utah,bos,95,100,29,17,27,22,0,23,20,29,28,0,home,5.0,205.0,175.0,-200.0,5.0,108.5,2.0,0,True,1689.9437459061885,1516.16697775865,1701.4535613641244,1504.6571623007142,173.7767681475384,0.8286352525876397
2016,2016-02-29,True,False,phi,wsh,108,116,23,25,34,26,0,27,33,19,37,0,home,12.5,214.5,950.0,-1800.0,3.0,105.5,0.0,1,True,1589.3630232284013,1091.2068162346018,1591.3615803312866,1089.2082591317164,498.1562069937995,0.9690296199578011
2016,2016-02-29,True,False,bkn,lac,95,105,27,19,33,16,0,29,23,29,24,0,home,12.5,212.5,850.0,-1500.0,5.5,110.0,0.0,0,True,1745.0512872504078,1314.2366020697812,1748.367765995081,1310.9201233251079,430.8146851806266,0.9550243219846875
2016,2016-02-29,True,False,hou,mil,121,128,26,38,28,29,0,32,33,27,36,0,away,3.5,215.0,-155.0,135.0,4.0,106.0,0.0,1,True,1397.0514894832077,1562.4925512950165,1451.3155170560212,1508.228523722203,-165.44106181180882,0.4069208827427267
2016,2016-02-29,True,False,mem,den,103,96,22,26,23,32,0,19,28,24,25,0,away,1.5,204.0,-125.0,105.0,1.0,98.5,1.0,0,False,1416.2979827033416,1506.294140102722,1369.2334016700238,1553.3587211360398,-89.99615739938031,0.5143927095324574
2016,2016-02-29,True,False,ind,cle,96,100,19,24,30,23,0,18,26,30,26,0,home,8.0,202.5,320.0,-380.0,5.0,105.5,0.0,0,True,1674.0010332410845,1456.7949369735034,1682.0714003089722,1448.7245699056157,217.2060962675812,0.8612827395676205
2016,2016-03-01,True,False,bkn,lal,101,107,19,31,24,27,0,24,34,21,28,0,home,1.0,212.0,-105.0,-115.0,3.0,111.5,1.0,0,True,1125.8543090697697,1310.9201233251079,1178.9413595447563,1257.8330728501214,-185.06581425533818,0.37996938090011667
2016,2016-03-01,True,False,atl,gs,105,109,26,22,22,27,8,32,27,16,22,12,home,5.5,213.0,230.0,-270.0,1.5,111.5,0.0,1,True,1964.8525094906192,1532.9125013134735,1967.0630202444133,1530.7019905596794,431.9400081771457,0.955301746788723
2016,2016-03-01,True,False,orl,dal,108,121,27,34,20,27,0,35,34,27,25,0,home,4.5,214.5,170.0,-190.0,0.0,106.5,1.0,1,True,1454.0339321898325,1346.8111599773617,1478.4428610415232,1322.402231125671,107.22277221247077,0.7672539980071564
2016,2016-03-01,True,False,phx,cha,92,126,18,24,19,31,0,35,33,30,28,0,home,12.5,210.0,800.0,-1400.0,1.0,108.5,1.0,1,True,1578.20348131021,1099.259666441843,1581.8492622318468,1095.6138855202062,478.9438148683671,0.9655326857968792
2016,2016-03-01,True,False,por,ny,104,85,27,31,27,19,0,25,25,22,13,0,away,4.5,209.5,-180.0,160.0,0.0,105.5,1.0,0,False,1281.9884714729515,1777.5715681697611,1269.7256692540084,1789.8343703887042,-495.58309669680966,0.09303236236791282
2016,2016-03-01,True,False,chi,mia,111,129,30,32,20,29,0,36,29,30,34,0,home,6.0,201.5,210.0,-250.0,3.0,102.5,1.0,1,True,1609.5913963221083,1377.9769580920572,1623.1717753060518,1364.3965791081137,231.61443823005106,0.8708984589130624
2016,2016-03-02,True,False,ind,mil,104,99,22,27,24,31,0,22,17,24,36,0,away,3.0,206.0,-150.0,130.0,1.5,107.0,1.0,0,False,1451.3155170560212,1448.7245699056157,1400.7152272453231,1499.3248597163138,2.5909471504055546,0.6434938465217275
2016,2016-03-02,True,False,lal,den,107,117,29,31,22,25,0,27,30,26,34,0,home,8.5,212.5,330.0,-400.0,6.5,105.5,1.0,1,True,1369.2334016700238,1178.9413595447563,1383.263640987457,1164.9111202273232,190.29204212526747,0.8417164722623554
2016,2016-03-02,True,False,wsh,min,104,98,29,31,25,19,0,32,22,23,21,0,away,3.5,219.5,-160.0,140.0,0.0,106.5,1.0,0,False,1287.6611082073568,1591.3615803312866,1267.4216940751644,1611.600994463479,-303.7004721239298,0.23638639484246876
2016,2016-03-02,True,False,okc,lac,98,103,37,21,27,13,0,24,14,30,35,0,away,1.0,218.5,-115.0,-105.0,5.5,107.0,0.0,0,True,1748.367765995081,1653.6507904129617,1766.0728110893924,1635.9457453186503,94.7169755821194,0.7541520988033973
2016,2016-03-02,True,False,cha,phi,119,99,32,26,25,36,0,29,21,24,25,0,away,10.0,209.0,-600.0,450.0,3.0,103.5,1.0,1,False,1089.2082591317164,1581.8492622318468,1076.5529842057038,1594.5045371578594,-492.6410031001303,0.09447126456298276
2016,2016-03-02,True,False,no,hou,95,100,28,24,24,19,0,25,28,23,24,0,home,5.5,222.0,190.0,-220.0,3.5,112.5,0.0,0,True,1508.228523722203,1498.8848584286977,1535.3817871757587,1471.731594975142,9.343665293505182,0.6523608252925828
2016,2016-03-02,True,False,sac,mem,98,104,28,15,35,20,0,31,28,24,21,0,home,3.5,214.0,135.0,-155.0,3.5,106.5,1.0,0,True,1553.3587211360398,1375.401181816696,1565.5679632910853,1363.1919396616504,177.95753931934382,0.8320256829561993
2016,2016-03-02,True,False,utah,tor,94,104,26,23,25,20,0,24,28,33,19,0,home,5.5,193.5,190.0,-220.0,2.5,103.0,1.0,1,True,1617.734728568197,1504.6571623007142,1639.2311229306624,1483.1607679382487,113.07756626748278,0.773218218494211
2016,2016-03-02,True,False,det,sa,81,97,26,25,14,16,0,28,24,27,18,0,home,11.0,201.0,575.0,-850.0,7.0,101.5,1.0,0,True,1905.6384830574032,1553.0723094117927,1911.9800747532277,1546.7307177159682,352.56617364561043,0.9311942325387704
2016,2016-03-02,True,False,chi,orl,89,102,23,27,17,22,0,33,27,24,18,0,home,4.5,216.0,175.0,-200.0,1.0,107.0,1.0,0,True,1322.402231125671,1364.3965791081137,1370.8573530320787,1315.941457201706,-41.994347982442605,0.582709796319308
2016,2016-03-02,True,False,por,bos,93,116,33,22,12,26,0,30,31,30,25,0,home,6.0,220.0,220.0,-260.0,1.5,111.0,1.0,0,True,1701.4535613641244,1789.8343703887042,1769.0333961320316,1722.254535620797,-88.38080902457978,0.5167151289359706
2016,2016-03-03,True,False,phx,mia,92,108,21,22,25,24,0,29,28,27,24,0,home,14.0,209.5,1100.0,-2500.0,4.0,104.0,1.0,0,True,1623.1717753060518,1095.6138855202062,1625.3160276974513,1093.4696331288067,527.5578897858456,0.9737250664912307
2016,2016-03-03,True,False,sa,no,94,86,22,23,23,26,0,26,20,22,18,0,away,10.0,208.0,-550.0,425.0,7.0,108.5,0.0,0,False,1471.731594975142,1911.9800747532277,1459.7806968548784,1923.930972873491,-440.24847977808577,0.12361563934641674
2016,2016-03-03,True,False,sac,dal,104,101,19,31,23,31,0,24,21,24,32,0,home,6.5,223.5,240.0,-280.0,7.0,110.0,0.0,0,False,1478.4428610415232,1363.1919396616504,1436.0332911626601,1405.6015095405135,115.2509213798728,0.7754045147794051
2016,2016-03-03,True,False,okc,gs,106,121,28,33,22,23,0,29,34,19,39,0,home,7.5,230.0,290.0,-350.0,5.0,113.5,1.0,0,True,1967.0630202444133,1635.9457453186503,1974.1336742204983,1628.8750913425654,331.117274925763,0.9228496723108865
2016,2016-03-04,True,False,utah,mem,88,94,28,11,33,16,0,19,30,18,27,0,away,1.5,192.0,-120.0,100.0,4.0,100.0,0.0,0,True,1565.5679632910853,1483.1607679382487,1586.0727537405776,1462.6559774887564,82.40719535283665,0.740778782377965
2016,2016-03-04,True,False,bkn,den,121,120,31,32,27,22,9,25,32,33,22,8,home,5.5,208.5,195.0,-230.0,5.5,108.0,0.0,1,False,1383.263640987457,1257.8330728501214,1361.9785723172595,1279.1181415203189,125.43056813733551,0.785444720904304
2016,2016-03-04,True,False,atl,lal,106,77,26,28,20,32,0,19,17,23,18,0,away,11.0,203.5,-700.0,500.0,0.5,104.0,1.0,0,False,1164.9111202273232,1530.7019905596794,1138.2742209596838,1557.3388898273188,-365.79087033235623,0.17799145604677613
2016,2016-03-04,True,False,min,mil,101,116,35,21,25,20,0,29,33,36,18,0,home,5.0,214.5,175.0,-200.0,1.0,107.0,1.0,1,True,1400.7152272453231,1267.4216940751644,1423.000645373484,1245.1362759470035,133.29353317015875,0.79297391536479
2016,2016-03-04,True,False,wsh,cle,83,108,23,19,21,20,0,27,32,24,25,0,home,8.0,211.0,320.0,-380.0,0.0,102.5,1.0,0,True,1682.0714003089722,1611.600994463479,1718.5820674372412,1575.09032733521,70.47040584549313,0.7273673851477077
2016,2016-03-04,True,False,ind,cha,101,108,30,20,32,19,0,31,24,25,28,0,home,3.0,202.0,140.0,-160.0,0.0,105.5,1.0,1,True,1594.5045371578594,1499.3248597163138,1615.002366197202,1478.8270306769712,95.17967744154566,0.7546456000368729
2016,2016-03-04,True,False,por,tor,115,117,30,22,25,38,0,31,27,32,27,0,home,6.0,207.5,200.0,-240.0,1.5,104.5,0.0,1,True,1639.2311229306624,1722.254535620797,1662.220550409497,1699.2651081419624,-83.02341269013459,0.524411847978903
2016,2016-03-04,True,False,phx,orl,102,84,29,29,26,18,0,29,21,16,18,0,home,12.5,216.5,775.0,-1300.0,11.0,110.0,0.0,0,False,1370.8573530320787,1093.4696331288067,1279.806172550008,1184.5208136108774,277.387719903272,0.8977451813203533
2016,2016-03-04,True,False,mia,phi,112,102,40,19,25,28,0,29,20,28,25,0,away,9.5,208.5,-550.0,425.0,2.5,102.0,1.0,1,False,1076.5529842057038,1625.3160276974513,1069.1440685092887,1632.7249433938664,-548.7630434917476,0.07022176888037687
2016,2016-03-04,True,False,ny,bos,104,105,31,27,29,17,0,27,26,28,24,0,home,10.0,210.0,500.0,-700.0,9.0,105.5,0.0,0,True,1769.0333961320316,1269.7256692540084,1769.6593523603817,1269.0997130256583,499.30772687802323,0.9692279374367337
2016,2016-03-05,True,False,det,ny,89,102,21,21,28,19,0,22,35,22,23,0,away,7.0,201.0,-290.0,245.0,8.0,100.5,0.0,0,True,1269.0997130256583,1546.7307177159682,1354.5007515589864,1461.3296791826401,-277.63100469030996,0.2645356081664812
2016,2016-03-05,True,False,bos,cle,103,120,35,19,29,20,0,22,33,36,29,0,home,8.0,210.5,300.0,-360.0,6.0,110.5,1.0,1,True,1718.5820674372412,1769.6593523603817,1773.2750507627295,1714.9663690348934,-51.077284923140496,0.569943781483901
2016,2016-03-05,True,False,ind,wsh,100,99,31,25,22,22,0,37,27,16,19,0,home,2.5,206.5,120.0,-140.0,2.0,104.5,0.0,0,False,1575.09032733521,1478.8270306769712,1554.0637094755446,1499.8536485366367,96.26329665823891,0.7557987308694659
2016,2016-03-05,True,False,utah,no,106,94,29,22,33,22,0,20,25,25,24,0,home,1.0,195.5,100.0,-120.0,1.5,103.5,0.0,1,False,1459.7806968548784,1462.6559774887564,1387.9757211375063,1534.4609532061286,-2.875280633877992,0.6362430749584044
2016,2016-03-05,True,False,bkn,min,118,132,30,21,28,39,0,37,31,29,35,0,home,9.5,211.0,400.0,-500.0,0.0,109.0,1.0,1,True,1245.1362759470035,1279.1181415203189,1293.527116164087,1230.7273013032354,-33.98186557331542,0.5938805629718746
2016,2016-03-05,True,False,sac,sa,94,104,22,32,13,27,0,29,28,29,18,0,home,11.5,213.0,550.0,-800.0,6.5,105.5,0.0,0,True,1923.930972873491,1405.6015095405135,1925.8536547162278,1403.6788276977768,518.3294633329776,0.9723311851897932
2016,2016-03-05,True,False,atl,lac,107,97,25,25,30,27,0,37,18,24,18,0,home,5.5,202.0,200.0,-240.0,2.0,105.5,0.0,1,False,1766.0728110893924,1557.3388898273188,1691.4111935509454,1632.0005073657658,208.73392126207364,0.855352672657669
2016,2016-03-05,True,False,hou,chi,100,108,23,20,32,25,0,29,26,28,25,0,home,1.5,216.5,105.0,-125.0,3.0,105.0,1.0,0,True,1315.941457201706,1535.3817871757587,1380.2730984590544,1471.0501459184104,-219.4403299740527,0.3345774615258651
2016,2016-03-06,True,False,por,det,103,123,16,35,24,28,0,30,28,27,38,0,away,1.5,207.5,-125.0,105.0,3.0,104.5,0.0,1,True,1461.3296791826401,1699.2651081419624,1553.5864143630383,1607.0083729615642,-237.93542895932228,0.31130611639027606
2016,2016-03-06,True,False,phi,mia,98,103,25,24,20,29,0,30,17,22,34,0,home,14.0,210.5,1300.0,-3500.0,9.0,105.0,0.0,0,True,1632.7249433938664,1069.1440685092887,1633.8069714014387,1068.0620405017164,563.5808748845777,0.9785401606152869
2016,2016-03-06,True,False,dal,den,114,116,19,31,29,27,8,22,35,20,29,10,away,4.0,209.5,-175.0,155.0,5.0,103.5,0.0,1,True,1361.9785723172595,1436.0332911626601,1384.3464982592463,1413.6653652206733,-74.05471884540066,0.5372690088481699
2016,2016-03-06,True,False,hou,tor,113,107,26,25,26,36,0,30,31,24,22,0,home,8.0,213.5,290.0,-350.0,1.5,106.0,0.0,1,False,1662.220550409497,1471.0501459184104,1601.6705391218593,1531.6001572060482,191.17040449108663,0.842388953715545
2016,2016-03-06,True,False,okc,mil,104,96,32,32,20,20,0,12,36,31,17,0,away,8.5,219.0,-380.0,320.0,0.0,106.5,0.0,0,False,1423.000645373484,1628.8750913425654,1388.952448919277,1662.9232877967725,-205.8744459690813,0.3521818637331367
2016,2016-03-06,True,False,phx,mem,109,100,24,29,32,24,0,24,35,15,26,0,home,9.5,205.5,450.0,-600.0,3.5,102.0,0.0,1,False,1586.0727537405776,1184.5208136108774,1517.6020702129654,1252.9914971384896,401.55194012970014,0.9472083003194169
2016,2016-03-06,True,False,gs,lal,95,112,21,28,24,22,0,22,38,24,28,0,away,18.0,222.0,-9000.0,1900.0,16.5,111.5,0.0,0,True,1138.2742209596838,1974.1336742204983,1263.6370672377652,1848.7708279424169,-835.8594532608145,0.014259812965042272
2016,2016-03-07,True,False,sac,no,112,115,31,32,26,23,0,33,17,33,32,0,away,1.5,219.5,-125.0,105.0,3.0,106.0,0.0,1,True,1387.9757211375063,1403.6788276977768,1411.2163362244737,1380.4382126108094,-15.703106560270498,0.6189872712138973
2016,2016-03-07,True,False,min,cha,103,108,18,31,26,28,0,23,24,35,26,0,home,10.0,215.0,450.0,-600.0,8.0,106.5,0.0,0,True,1615.002366197202,1293.527116164087,1619.8464103589083,1288.6830720023806,321.4752500331151,0.9188039798601866
2016,2016-03-07,True,False,sa,ind,91,99,13,19,30,29,0,25,20,28,26,0,away,6.5,195.0,-280.0,240.0,8.0,101.5,0.0,0,True,1499.8536485366367,1925.8536547162278,1583.6947278630175,1842.012575389847,-426.0000061795911,0.13277909993631526
2016,2016-03-07,True,False,lac,dal,109,90,23,27,33,26,0,24,28,16,22,0,away,5.5,208.5,-230.0,195.0,5.0,105.0,1.0,0,False,1413.6653652206733,1691.4111935509454,1378.8132875237793,1726.2632712478394,-277.74582833027216,0.26440703060213944
2016,2016-03-07,True,False,mil,chi,90,100,16,24,29,21,0,25,22,26,27,0,home,5.0,211.5,180.0,-210.0,0.0,103.5,1.0,0,True,1380.2730984590544,1388.952448919277,1419.4716381059966,1349.7539092723348,-8.679350460222622,0.628475892515853
2016,2016-03-07,True,False,orl,gs,113,119,18,28,31,36,0,31,28,35,25,0,home,16.0,225.0,1200.0,-3000.0,5.0,111.0,0.0,1,True,1848.7708279424169,1279.806172550008,1849.9069207654943,1278.6700797269305,568.964655392409,0.9791814001942077
2016,2016-03-07,True,False,mem,cle,106,103,33,25,24,24,0,25,24,25,29,0,home,15.0,199.0,1400.0,-4000.0,13.5,100.5,0.0,1,False,1773.2750507627295,1517.6020702129654,1730.2509697069183,1560.6261512687765,255.67298054976413,0.8856864879548825
2016,2016-03-08,True,False,bkn,tor,99,104,23,35,22,19,0,28,14,36,26,0,home,12.5,208.5,700.0,-1100.0,12.5,108.5,0.0,0,True,1601.6705391218593,1230.7273013032354,1605.2548458047731,1227.1429946203216,370.94323781862386,0.9376706997989149
2016,2016-03-08,True,False,sa,min,116,91,27,32,34,23,0,24,23,21,23,0,away,10.5,206.0,-700.0,500.0,2.0,107.5,1.0,1,False,1288.6830720023806,1842.012575389847,1278.8596188287052,1851.8360285635224,-553.3295033874663,0.06852476493446535
2016,2016-03-08,True,False,atl,utah,91,84,16,25,25,25,0,27,15,15,27,0,home,2.0,192.0,115.0,-135.0,1.0,101.0,0.0,0,False,1534.4609532061286,1632.0005073657658,1488.3892716373778,1678.0721889345166,-97.53955415963719,0.5035408070049422
2016,2016-03-08,True,False,ny,den,94,110,25,24,19,26,0,31,29,22,28,0,home,1.0,205.5,-105.0,-115.0,3.5,100.5,1.0,0,True,1384.3464982592463,1354.5007515589864,1423.2486990587113,1315.5985507595215,29.84574670025995,0.6786232934653104
2016,2016-03-08,True,False,wsh,por,109,116,22,33,26,23,5,29,25,31,19,12,home,5.5,213.0,200.0,-240.0,5.0,106.5,1.0,1,True,1607.0083729615642,1554.0637094755446,1632.4764339610183,1528.5956484760904,52.944663486019635,0.7069093007861532
2016,2016-03-08,True,False,orl,lal,98,107,26,25,26,21,0,20,25,39,23,0,away,3.5,213.0,-165.0,145.0,0.5,104.0,0.0,0,True,1263.6370672377652,1278.6700797269305,1302.1467675494455,1240.1603794152502,-15.03301248916523,0.619896583065666
2016,2016-03-09,True,False,det,dal,102,96,26,28,22,26,0,28,24,22,22,0,home,2.0,206.0,110.0,-130.0,2.0,102.0,0.0,0,False,1378.8132875237793,1553.5864143630383,1345.076937525945,1587.3227643608727,-174.77312683925902,0.3940239623066543
2016,2016-03-09,True,False,cle,sac,120,111,28,26,35,31,0,25,35,24,27,0,away,7.0,218.5,-260.0,220.0,8.5,108.5,1.0,1,False,1380.4382126108094,1730.2509697069183,1361.0012329816943,1749.6879493360334,-349.81275709610895,0.19184938631342283
2016,2016-03-09,True,False,utah,gs,94,115,21,20,22,31,0,23,29,29,34,0,home,14.0,209.0,1100.0,-2500.0,5.0,108.0,1.0,2,True,1849.9069207654943,1488.3892716373778,1856.4575634177672,1481.8386289851048,361.51764912811655,0.934423303061995
2016,2016-03-09,True,False,mia,mil,108,114,22,32,31,23,0,29,28,23,34,0,away,3.5,199.0,-165.0,145.0,3.0,98.5,0.0,1,True,1349.7539092723348,1633.8069714014387,1413.334837803553,1570.2260428702205,-284.05306212910386,0.2574060504881211
2016,2016-03-09,True,False,ny,phx,128,97,29,34,25,40,0,19,24,32,22,0,home,2.0,207.0,110.0,-130.0,6.0,104.0,0.0,1,False,1252.9914971384896,1315.5985507595215,1168.5708071755137,1400.0192407224974,-62.60705362103181,0.553605957990955
2016,2016-03-09,True,False,hou,phi,118,104,21,40,32,25,0,27,25,27,25,0,away,9.5,222.0,-600.0,450.0,3.0,109.0,1.0,2,False,1068.0620405017164,1531.6001572060482,1054.977836764196,1544.6843609435687,-463.53811670433174,0.10980899343771265
2016,2016-03-09,True,False,no,cha,113,122,28,32,30,23,0,39,32,28,23,0,home,8.5,209.0,375.0,-450.0,1.0,104.0,1.0,1,True,1619.8464103589083,1411.2163362244737,1631.9777130046948,1399.0850335786872,208.6300741344346,0.8552786954270724
2016,2016-03-09,True,False,mem,bos,96,116,26,29,12,29,0,24,28,31,33,0,home,11.5,210.5,575.0,-850.0,9.0,106.0,1.0,1,True,1714.9663690348934,1560.6261512687765,1736.7649650082126,1538.8275552954574,154.3402177661169,0.8121589559793396
2016,2016-03-09,True,False,lac,okc,108,120,29,33,21,25,0,39,25,29,27,0,home,6.0,215.5,220.0,-260.0,3.5,106.5,1.0,1,True,1662.9232877967725,1726.2632712478394,1713.4200219368693,1675.7665371077426,-63.33998345106693,0.5525630768108555
2016,2016-03-10,True,False,atl,tor,96,104,21,27,27,21,0,20,32,30,22,0,home,3.5,202.0,145.0,-165.0,0.5,106.0,1.0,0,True,1605.2548458047731,1678.0721889345166,1649.8195434426605,1633.5074912966293,-72.81734312974345,0.5390393646276195
2016,2016-03-10,True,False,chi,sa,101,109,27,20,27,27,0,27,27,30,25,0,home,14.5,201.0,1100.0,-2500.0,6.5,101.0,0.0,1,True,1851.8360285635224,1419.4716381059966,1854.845918205292,1416.461748464227,432.3643904575258,0.9554059451911705
2016,2016-03-10,True,False,phx,den,98,116,18,23,33,24,0,25,30,27,34,0,home,9.5,214.5,400.0,-500.0,2.0,107.0,1.0,0,True,1423.2486990587113,1168.5708071755137,1435.1124815577964,1156.7070246764285,254.67789188319762,0.8851052493976066
2016,2016-03-10,True,False,cle,lal,120,108,33,31,31,25,0,31,24,27,26,0,away,9.5,211.0,-600.0,450.0,3.0,104.5,1.0,1,False,1302.1467675494455,1749.6879493360334,1288.7009924718982,1763.1337244135807,-447.5411817865879,0.11913911529209138
2016,2016-03-11,True,False,min,okc,99,96,24,26,19,30,0,21,32,20,23,0,home,12.0,224.0,750.0,-1200.0,6.5,111.5,0.0,0,False,1713.4200219368693,1278.8596188287052,1672.773762634371,1319.5058781312034,434.5604031081641,0.9559414417244538
2016,2016-03-11,True,False,hou,bos,102,98,19,27,31,25,0,23,20,30,25,0,home,4.5,224.5,175.0,-200.0,4.5,111.5,0.0,0,False,1736.7649650082126,1544.6843609435687,1686.6817962640157,1594.7675296877655,192.08060406464392,0.8430833577588898
2016,2016-03-11,True,False,orl,sac,107,100,27,23,30,27,0,21,28,26,25,0,home,1.0,218.0,-105.0,-115.0,1.0,108.5,0.0,0,False,1361.0012329816943,1240.1603794152502,1297.2507434742938,1303.9108689226507,120.84085356644414,0.7809587294838467
2016,2016-03-11,True,False,wsh,utah,93,114,29,19,20,25,0,32,24,32,26,0,home,4.0,196.0,155.0,-175.0,0.5,95.5,1.0,1,True,1481.8386289851048,1528.5956484760904,1539.5012298527283,1470.933047608467,-46.75701949098561,0.5760285806949949
2016,2016-03-11,True,False,por,gs,112,128,27,34,25,26,0,40,41,29,18,0,home,14.0,228.5,1000.0,-2000.0,2.5,112.5,1.0,1,True,1856.4575634177672,1632.4764339610183,1870.117874728352,1618.8161226504335,223.98112945674893,0.8658769675963268
2016,2016-03-11,True,False,det,cha,103,118,32,21,28,22,0,38,31,19,30,0,home,4.0,202.5,150.0,-170.0,3.5,101.0,1.0,1,True,1631.9777130046948,1587.3227643608727,1667.3704681887098,1551.9300091768578,44.65494864382208,0.6969257011708044
2016,2016-03-11,True,False,no,mem,114,121,24,23,19,33,15,20,28,25,26,22,away,2.5,205.0,-145.0,125.0,3.0,104.0,0.0,1,True,1538.8275552954574,1399.0850335786872,1554.9631225556702,1382.9494663184744,139.74252171677017,0.7990020643231632
2016,2016-03-11,True,False,bkn,phi,89,95,21,24,22,22,0,27,26,19,23,0,away,2.0,209.0,-130.0,110.0,3.5,107.5,0.0,0,True,1054.977836764196,1227.1429946203216,1106.5541395981184,1175.5666917863991,-172.1651578561257,0.39761416972925007
2016,2016-03-11,True,False,mia,chi,118,96,23,31,30,34,0,31,27,23,15,0,away,4.0,199.5,-180.0,160.0,5.0,98.5,1.0,1,False,1416.461748464227,1570.2260428702205,1358.0709983175855,1628.616793016862,-153.7642944059935,0.42323870240006467
2016,2016-03-11,True,False,ny,lac,94,101,22,28,24,20,0,29,32,15,25,0,home,10.5,205.5,500.0,-700.0,2.5,102.0,0.0,0,True,1675.7665371077426,1400.0192407224974,1683.1625633318615,1392.6232144983785,275.74729638524514,0.8968750605052977
2016,2016-03-12,True,False,okc,sa,85,93,22,27,19,17,0,25,20,21,27,0,home,9.0,211.5,375.0,-450.0,8.5,106.0,0.0,0,True,1854.845918205292,1672.773762634371,1868.315385459759,1659.304295379904,182.07215557092104,0.8353099803093158
2016,2016-03-12,True,False,orl,por,84,121,24,18,23,19,0,31,32,27,31,0,home,8.5,215.0,350.0,-420.0,1.5,106.0,1.0,0,True,1618.8161226504335,1303.9108689226507,1629.0484441331594,1293.6785474399248,314.9052537277828,0.9159374283542131
2016,2016-03-12,True,False,wsh,den,100,116,23,27,33,17,0,27,25,23,41,0,home,1.0,212.5,105.0,-125.0,0.5,104.0,1.0,1,True,1435.1124815577964,1470.933047608467,1486.0584451102654,1419.987084055998,-35.82056605067055,0.5913252313173902
2016,2016-03-12,True,False,phx,gs,116,123,24,32,39,21,0,31,29,26,37,0,home,18.5,228.5,2000.0,-9900.0,11.0,115.5,0.0,1,True,1870.117874728352,1156.7070246764285,1870.607663652744,1156.2172357520367,713.4108500519235,0.9908278514330612
2016,2016-03-12,True,False,mem,atl,83,95,22,19,17,25,0,18,31,22,24,0,home,14.5,193.0,1100.0,-2500.0,6.0,97.0,0.0,0,True,1633.5074912966293,1554.9631225556702,1661.0813192170035,1527.389294635296,78.54436874095904,0.7364860534394874
2016,2016-03-12,True,False,mia,tor,104,112,24,22,25,26,7,28,25,17,27,15,home,6.0,202.5,210.0,-250.0,1.0,101.0,1.0,1,True,1649.8195434426605,1628.616793016862,1681.2807210583676,1597.1556154011548,21.202750425798513,0.6676774392796511
2016,2016-03-12,True,False,ind,dal,112,105,26,29,28,29,0,23,28,24,30,0,home,1.5,203.0,105.0,-125.0,2.0,101.5,0.0,1,False,1345.076937525945,1583.6947278630175,1316.6708459626063,1612.100819426356,-238.61779033707262,0.31046460173838064
2016,2016-03-12,True,False,det,phi,125,111,27,25,38,35,0,32,25,30,24,0,away,11.5,206.0,-1000.0,650.0,9.5,103.5,1.0,1,False,1106.5541395981184,1551.9300091768578,1092.2016066177837,1566.2825421571924,-445.3758695787394,0.12045342853632443
2016,2016-03-12,True,False,no,mil,92,103,28,24,19,21,0,33,22,22,26,0,home,6.5,211.0,230.0,-270.0,3.0,106.5,1.0,0,True,1413.334837803553,1382.9494663184744,1447.3648029711649,1348.9195011508625,30.385371485078622,0.6793003882803116
2016,2016-03-12,True,False,hou,cha,109,125,19,38,30,22,0,34,28,28,35,0,home,5.0,215.0,180.0,-210.0,1.0,107.5,1.0,1,True,1667.3704681887098,1594.7675296877655,1698.7745765899535,1563.3634212865218,72.60293850094422,0.7297949290844967
2016,2016-03-13,True,False,cle,lac,114,90,21,37,33,23,0,19,22,27,22,0,away,2.0,207.0,-140.0,120.0,4.0,102.5,1.0,0,False,1683.1625633318615,1763.1337244135807,1608.2694788379645,1838.0268089074777,-79.97116108171917,0.5287919290111707
2016,2016-03-13,True,False,ind,atl,75,104,17,21,18,19,0,30,22,37,15,0,home,5.0,198.0,195.0,-230.0,2.5,98.0,1.0,0,True,1661.0813192170035,1612.100819426356,1703.5727537820137,1569.609384861346,48.9804997906474,0.7021591271253247
2016,2016-03-13,True,False,utah,sac,108,99,36,25,23,24,0,18,27,24,30,0,home,0.0,207.5,-110.0,-110.0,4.5,108.0,0.0,0,False,1297.2507434742938,1539.5012298527283,1266.2481518065854,1570.5038215204368,-242.25048637843452,0.30600578377239884
2016,2016-03-13,True,False,mil,bkn,109,100,27,23,28,31,0,25,26,28,21,0,away,1.5,208.5,-125.0,105.0,2.5,104.5,1.0,1,False,1175.5666917863991,1447.3648029711649,1148.0985463757315,1474.8329483818325,-271.79811118476573,0.27111963590838856
2016,2016-03-13,True,False,ny,lal,90,87,18,28,19,25,0,11,24,25,27,0,away,1.5,210.0,-120.0,100.0,4.0,104.5,1.0,0,False,1288.7009924718982,1392.6232144983785,1258.546801101774,1422.7774058685027,-103.92222202648031,0.49435570854198746
2016,2016-03-14,True,False,no,gs,107,125,24,26,19,38,0,28,31,35,31,0,home,16.0,231.5,1600.0,-6000.0,7.0,114.0,1.0,1,True,1870.607663652744,1348.9195011508625,1872.9194811098805,1346.607683693726,521.6881625018814,0.972846615701351
2016,2016-03-14,True,False,min,phx,104,107,25,32,21,26,0,27,20,29,31,0,away,1.0,222.5,-115.0,-105.0,3.0,112.0,0.0,0,True,1156.2172357520367,1319.5058781312034,1192.2106507021613,1283.5124631810788,-163.28864237916673,0.4099145312135973
2016,2016-03-14,True,False,cle,utah,85,94,26,18,22,19,0,28,20,18,28,0,away,7.0,193.0,-300.0,250.0,8.0,96.0,0.0,0,True,1570.5038215204368,1838.0268089074777,1643.8539459567985,1764.676684471116,-267.522987387041,0.2760101297811644
2016,2016-03-14,True,False,det,wsh,81,124,15,24,24,18,0,34,26,33,31,0,home,2.0,210.5,110.0,-130.0,5.5,104.0,1.0,0,True,1419.987084055998,1566.2825421571924,1514.2673361070595,1472.0022901061309,-146.29545810119453,0.4337670126373024
2016,2016-03-14,True,False,por,okc,94,128,22,20,30,22,0,31,35,36,26,0,home,7.5,217.0,280.0,-340.0,3.0,105.5,1.0,1,True,1659.304295379904,1629.0484441331594,1708.0243847350723,1580.328354777991,30.25585124674467,0.6791379412896038
2016,2016-03-14,True,False,chi,tor,109,107,34,24,26,25,0,29,23,25,30,0,home,9.5,206.0,425.0,-550.0,9.5,104.0,0.0,1,False,1681.2807210583676,1358.0709983175855,1647.688262995596,1391.663456380357,323.2097227407821,0.9195457425101772
2016,2016-03-14,True,False,den,mia,119,124,33,29,29,28,0,36,28,26,34,0,home,7.0,209.0,260.0,-310.0,4.5,104.0,0.0,1,True,1597.1556154011548,1486.0584451102654,1613.3890996018574,1469.8249609095628,111.09717029088938,0.7712129706082941
2016,2016-03-14,True,False,mem,hou,81,130,22,19,15,25,0,34,31,32,33,0,home,12.0,207.5,700.0,-1100.0,0.5,102.0,1.0,1,True,1563.3634212865218,1527.389294635296,1615.4905400379444,1475.2621758838734,35.97412665122579,0.6862681913934505
2016,2016-03-14,True,False,dal,cha,107,96,22,30,19,36,0,18,15,32,31,0,home,5.5,209.0,200.0,-240.0,8.5,103.0,0.0,0,False,1698.7745765899535,1316.6708459626063,1624.3082185092835,1391.1372040432764,382.1037306273472,0.9413215447450096
2016,2016-03-15,True,False,lac,sa,87,108,21,23,26,17,0,19,29,23,37,0,home,9.5,201.0,425.0,-550.0,5.0,100.0,1.0,0,True,1868.315385459759,1608.2694788379645,1880.3816377356873,1596.2032265620362,260.04590662179453,0.8882104719600146
2016,2016-03-15,True,False,sac,lal,106,98,32,25,22,27,0,15,26,26,31,0,away,5.0,220.0,-200.0,175.0,2.0,108.0,1.0,0,False,1258.546801101774,1266.2481518065854,1197.6600896420327,1327.1348632663266,-7.701350704811375,0.6297894676246174
2016,2016-03-15,True,False,tor,mil,107,89,22,30,29,26,0,28,21,17,23,0,home,1.0,205.5,100.0,-120.0,1.5,100.0,0.0,0,False,1474.8329483818325,1647.688262995596,1423.4431498057922,1699.0780615716362,-172.85531461376354,0.3966629894187581
2016,2016-03-15,True,False,den,orl,110,116,25,21,33,31,0,32,29,24,31,0,home,3.5,215.0,145.0,-165.0,3.0,106.0,1.0,1,True,1293.6785474399248,1469.8249609095628,1345.7237187010933,1417.7797896483944,-176.146413469638,0.39213801728490405
2016,2016-03-15,True,False,bos,ind,98,103,20,19,31,28,0,20,23,28,32,0,home,2.5,209.5,120.0,-140.0,0.0,108.5,1.0,0,True,1569.609384861346,1686.6817962640157,1610.9635059863492,1645.3276751390124,-117.07241140266979,0.4754505806465516
2016,2016-03-15,True,False,phi,bkn,114,131,15,36,32,31,0,32,39,29,31,0,home,7.0,212.5,270.0,-330.0,2.0,108.5,1.0,1,True,1148.0985463757315,1092.2016066177837,1182.976937610609,1057.3232153829063,55.89693975794785,0.7104179791218768
2016,2016-03-16,True,False,ny,gs,85,121,19,27,18,21,0,31,31,35,24,0,home,15.5,220.0,1200.0,-3000.0,4.5,107.0,1.0,0,True,1872.9194811098805,1422.7774058685027,1877.3492441499106,1418.3476428284725,450.1420752413778,0.9595684159496417
2016,2016-03-16,True,False,no,sac,123,108,33,41,24,25,0,31,22,30,25,0,home,3.5,223.5,140.0,-160.0,7.0,111.0,0.0,1,False,1327.1348632663266,1346.607683693726,1252.2481245379436,1421.494422422109,-19.472820427399256,0.613856401089692
2016,2016-03-16,True,False,min,mem,114,108,42,22,26,24,0,25,30,23,30,0,away,3.5,207.5,-165.0,145.0,1.0,105.5,1.0,1,False,1475.2621758838734,1283.5124631810788,1414.7098248245468,1344.0648142404054,191.74971270279457,0.8428312045962437
2016,2016-03-16,True,False,atl,det,118,114,30,31,26,31,0,32,30,26,26,0,home,0.0,199.0,-110.0,-110.0,1.0,103.5,0.0,1,False,1472.0022901061309,1703.5727537820137,1449.396975566254,1726.1780683218906,-231.57046367588282,0.3192152643257694
2016,2016-03-16,True,False,orl,cha,99,107,30,13,28,28,0,26,35,31,15,0,home,10.0,212.0,450.0,-600.0,0.5,102.0,0.0,0,True,1624.3082185092835,1345.7237187010933,1631.992345253428,1338.0395919569487,278.58449980819023,0.8983758724636182
2016,2016-03-16,True,False,chi,wsh,96,117,25,27,22,22,0,32,31,29,25,0,home,5.0,213.0,185.0,-215.0,1.5,106.0,1.0,2,True,1514.2673361070595,1391.663456380357,1540.5949264694339,1365.3358660179827,122.60387972670242,0.7826898535289085
2016,2016-03-16,True,False,dal,cle,98,99,28,23,17,30,0,31,26,27,15,0,home,5.5,207.0,200.0,-240.0,1.0,102.5,0.0,0,True,1764.676684471116,1391.1372040432764,1766.041394450882,1389.7724940635103,373.53948042783964,0.9385384686124925
2016,2016-03-16,True,False,okc,bos,130,109,35,31,42,22,0,30,25,26,28,0,away,5.0,220.0,-210.0,180.0,0.5,108.0,1.0,1,False,1645.3276751390124,1708.0243847350723,1570.0513632955879,1783.3006965784969,-62.69670959605992,0.553478412213324
2016,2016-03-16,True,False,lac,hou,122,106,35,37,25,25,0,26,24,25,31,0,home,3.5,217.0,150.0,-170.0,7.5,109.0,0.0,1,False,1615.4905400379444,1596.2032265620362,1534.1316873081828,1677.5620792917978,19.28731347590815,0.6652264051440763
2016,2016-03-17,True,False,cha,mia,109,106,26,28,28,27,0,29,23,21,33,0,home,4.5,208.0,165.0,-185.0,4.5,103.5,0.0,1,False,1613.3890996018574,1631.992345253428,1575.8733969774007,1669.5080478778848,-18.60324565157066,0.6150422514973727
2016,2016-03-17,True,False,den,atl,98,116,23,25,28,22,0,33,21,33,29,0,home,8.0,210.0,300.0,-360.0,3.0,104.5,1.0,1,True,1726.1780683218906,1417.7797896483944,1734.791856630582,1409.166001339703,308.3982786734962,0.9130080785284543
2016,2016-03-17,True,False,tor,ind,101,94,27,16,20,22,16,25,21,14,25,9,home,1.5,204.0,105.0,-125.0,0.0,101.5,0.0,0,False,1610.9635059863492,1699.0780615716362,1563.651416023211,1746.3901515347745,-88.11455558528701,0.517097860332667
2016,2016-03-17,True,False,wsh,phi,99,94,30,28,15,26,0,22,17,22,33,0,away,8.5,215.0,-450.0,375.0,0.5,103.5,0.0,0,False,1057.3232153829063,1540.5949264694339,1049.503558603849,1548.4145832484912,-483.2717110865276,0.09918712600853094
2016,2016-03-17,True,False,bkn,chi,102,118,14,23,37,28,0,24,31,24,39,0,home,7.0,213.0,260.0,-310.0,1.5,106.5,1.0,1,True,1365.3358660179827,1182.976937610609,1382.675940532928,1165.6368630956636,182.3589284073737,0.8355369501927573
2016,2016-03-17,True,False,por,sa,110,118,28,26,24,32,0,23,33,39,23,0,home,11.5,205.0,625.0,-950.0,7.0,103.0,0.0,1,True,1880.3816377356873,1580.328354777991,1887.140166833453,1573.5698256802254,300.0532829576962,0.9091162547831593
2016,2016-03-17,True,False,phx,utah,69,103,21,17,16,15,0,24,22,25,32,0,home,9.0,198.5,400.0,-500.0,3.0,99.5,1.0,0,True,1643.8539459567985,1192.2106507021613,1648.175039903359,1187.8895567556008,451.6432952546372,0.9599023592115549
2016,2016-03-17,True,False,mem,mil,86,96,32,21,20,13,0,32,15,21,28,0,home,11.0,201.0,525.0,-750.0,9.5,100.0,0.0,0,True,1423.4431498057922,1414.7098248245468,1459.8874845318246,1378.2654900985144,8.73332498124546,0.6515636085116194
2016,2016-03-18,True,False,min,hou,111,116,23,29,26,33,0,31,23,34,28,0,home,9.0,222.0,375.0,-470.0,6.0,110.5,0.0,1,True,1534.1316873081828,1344.0648142404054,1544.6288157745412,1333.567685774047,190.06687306777735,0.8415437062551402
2016,2016-03-18,True,False,phx,lal,95,90,26,21,21,27,0,22,10,22,36,0,home,4.0,214.0,155.0,-175.0,5.5,108.0,0.0,0,False,1197.6600896420327,1187.8895567556008,1146.6837957676412,1238.8658506299923,9.770532886431965,0.6529178862015498
2016,2016-03-18,True,False,gs,dal,130,112,42,31,21,36,0,36,31,18,27,0,away,9.0,226.5,-485.0,385.0,3.5,114.0,1.0,1,False,1389.7724940635103,1877.3492441499106,1377.2063041702886,1889.9154340431323,-487.57675008640035,0.0969947846997996
2016,2016-03-18,True,False,por,no,117,112,36,31,26,24,0,30,23,28,31,0,away,2.5,220.0,-140.0,120.0,3.0,109.5,1.0,1,False,1421.494422422109,1573.5698256802254,1387.940139347888,1607.1241087544465,-152.07540325811647,0.4256136806825334
2016,2016-03-18,True,False,okc,phi,111,97,27,26,32,26,0,23,24,21,29,0,away,15.5,220.0,-3500.0,1500.0,8.0,106.0,0.0,0,False,1049.503558603849,1783.3006965784969,1046.4804367948998,1786.323818387446,-733.797137974648,0.025371506706849577
2016,2016-03-18,True,False,sac,det,108,115,25,29,29,25,0,39,28,20,28,0,home,7.0,218.5,250.0,-310.0,0.0,107.5,2.0,1,True,1449.396975566254,1252.2481245379436,1461.0977220397233,1240.5473780644743,197.14885102831045,0.846904533608886
2016,2016-03-18,True,False,cle,orl,109,103,27,36,20,26,0,29,25,32,17,0,away,10.0,211.0,-600.0,460.0,4.0,104.0,0.0,1,False,1338.0395919569487,1766.041394450882,1326.7841676884505,1777.2968187193803,-428.0018024939334,0.1314578153238519
2016,2016-03-18,True,False,bos,tor,91,105,14,27,33,17,0,30,25,24,26,0,home,1.5,207.5,101.0,-121.0,3.5,107.0,1.0,0,True,1746.3901515347745,1570.0513632955879,1763.537000380593,1552.9045144497693,176.33878823918667,0.8307193376689087
2016,2016-03-19,True,False,cle,mia,101,122,19,25,26,31,0,31,34,33,24,0,away,4.0,206.0,-170.0,150.0,8.0,100.5,0.0,1,True,1575.8733969774007,1777.2968187193803,1663.1824379910388,1689.9877777057422,-201.4234217419796,0.35804945528401955
2016,2016-03-19,True,False,den,cha,101,93,28,29,21,23,0,22,18,22,31,0,home,9.0,213.5,380.0,-460.0,9.5,104.5,0.0,0,False,1669.5080478778848,1409.166001339703,1601.362531068532,1477.3115181490557,260.3420465381819,0.8883796259463727
2016,2016-03-19,True,False,okc,ind,115,111,27,37,24,27,0,28,26,33,24,0,away,3.0,210.5,-150.0,130.0,2.0,104.0,1.0,1,False,1563.651416023211,1786.323818387446,1540.2506458712953,1809.7245885393615,-222.67240236423504,0.3304480907042059
2016,2016-03-19,True,False,bkn,det,103,115,23,29,25,26,0,29,25,23,38,0,home,8.5,210.5,330.0,-400.0,6.0,108.5,1.0,1,True,1461.0977220397233,1165.6368630956636,1469.207675832721,1157.526909302666,295.46085894405974,0.9069082479143235
2016,2016-03-19,True,False,hou,atl,97,109,16,42,25,14,0,30,22,30,27,0,home,6.5,215.0,240.0,-280.0,6.5,107.5,1.0,0,True,1734.791856630582,1544.6288157745412,1749.8105507741575,1529.6101216309658,190.16304085604088,0.8416175118658569
2016,2016-03-19,True,False,utah,chi,85,92,19,21,27,18,0,25,25,29,13,0,home,1.0,195.0,-105.0,-115.0,2.5,101.5,1.0,0,True,1382.675940532928,1648.175039903359,1448.7041390058837,1582.1468414304034,-265.49909937043094,0.27834428412298984
2016,2016-03-19,True,False,lac,mem,102,113,29,29,17,27,0,31,27,27,28,0,away,9.0,198.5,-450.0,375.0,6.0,98.0,0.0,1,True,1378.2654900985144,1677.5620792917978,1461.25220344214,1594.5753659481722,-299.29658919328335,0.24099294954943723
2016,2016-03-19,True,False,gs,sa,79,87,18,19,28,14,0,17,26,22,22,0,home,5.0,220.5,170.0,-190.0,0.5,107.5,1.0,0,True,1887.140166833453,1889.9154340431323,1922.2945349352499,1854.7610659413353,-2.7752672096794413,0.636376308709832
2016,2016-03-19,True,False,ny,wsh,89,99,29,24,13,23,0,20,23,33,23,0,home,8.0,207.0,320.0,-380.0,8.0,100.5,1.0,0,True,1548.4145832484912,1418.3476428284725,1568.0295670413327,1398.732659035631,130.06694042001868,0.7899081353417635
2016,2016-03-20,True,False,utah,mil,94,85,23,19,31,21,0,22,19,18,26,0,away,1.0,191.0,-115.0,-105.0,1.5,101.0,1.0,0,False,1459.8874845318246,1582.1468414304034,1412.4716424254,1629.562683536828,-122.25935689857874,0.4680099677640015
2016,2016-03-20,True,False,lac,no,105,109,24,32,16,33,0,21,33,24,31,0,away,10.0,209.0,-550.0,430.0,6.5,104.0,0.0,1,True,1387.940139347888,1594.5753659481722,1433.8862643058083,1548.629240990252,-206.63522660028434,0.3511833512727907
2016,2016-03-20,True,False,sac,ny,88,80,28,22,19,19,0,12,35,18,15,0,away,5.0,212.5,-205.0,175.0,3.0,105.5,1.0,0,False,1398.732659035631,1240.5473780644743,1330.658918005554,1308.6211190945514,158.18528097115677,0.8155123357864509
2016,2016-03-20,True,False,orl,tor,100,105,25,30,27,18,0,30,23,27,25,0,home,9.0,209.5,355.0,-450.0,7.5,104.5,0.0,0,True,1763.537000380593,1326.7841676884505,1765.9255791484868,1324.3955889205567,436.75283269214265,0.9564699421051823
2016,2016-03-20,True,False,por,dal,120,132,36,19,27,31,7,25,33,32,23,19,away,1.5,214.5,-125.0,105.0,1.5,108.5,0.0,1,True,1377.2063041702886,1607.1241087544465,1453.8044258301245,1530.5259870946106,-229.91780458415792,0.32128624828569824
2016,2016-03-20,True,False,bos,phi,120,105,28,27,33,32,0,16,28,35,26,0,away,11.5,213.5,-900.0,600.0,3.5,110.0,1.0,1,False,1046.4804367948998,1552.9045144497693,1035.757321593241,1563.6276296514282,-506.4240776548695,0.0878987791154212
2016,2016-03-21,True,False,wsh,atl,117,102,27,34,28,28,0,30,29,27,16,0,home,7.0,208.5,260.0,-310.0,5.5,105.5,0.0,1,False,1749.8105507741575,1568.0295670413327,1663.6062695203864,1654.2338482951038,181.78098373282478,0.8350792715592626
2016,2016-03-21,True,False,mem,phx,103,97,24,15,31,33,0,21,29,23,24,0,away,2.5,202.0,-145.0,125.0,5.5,104.0,1.0,0,False,1238.8658506299923,1461.25220344214,1210.5416678146169,1489.5763862575154,-222.3863528121476,0.330812513586347
2016,2016-03-21,True,False,orl,bos,96,107,17,32,29,18,0,22,34,35,16,0,home,9.0,217.0,330.0,-400.0,4.0,106.5,1.0,0,True,1563.6276296514282,1324.3955889205567,1574.5901323203016,1313.4330862516833,239.2320407308714,0.875749086306681
2016,2016-03-21,True,False,den,cle,91,124,23,25,24,19,0,38,18,31,37,0,home,11.5,212.0,650.0,-1000.0,4.5,103.5,1.0,1,True,1689.9877777057422,1477.3115181490557,1708.1387936971632,1459.1605021576347,212.67625955668655,0.8581378860340977
2016,2016-03-21,True,False,sac,chi,102,109,26,25,30,21,0,30,29,23,27,0,home,8.0,220.0,320.0,-380.0,2.0,107.0,0.0,0,True,1448.7041390058837,1308.6211190945514,1464.809639706064,1292.5156183943711,140.08301991133226,0.7993166619344472
2016,2016-03-21,True,False,mil,det,91,92,30,18,26,17,0,17,28,20,27,0,home,7.5,207.0,280.0,-340.0,6.0,102.0,0.0,0,True,1469.207675832721,1412.4716424254,1477.5366574951909,1404.14266076293,56.736033407320974,0.7114106599851798
2016,2016-03-21,True,False,phi,ind,75,91,18,18,20,19,0,25,22,19,25,0,home,15.5,210.5,1300.0,-3500.0,5.5,104.0,1.0,0,True,1540.2506458712953,1035.757321593241,1542.7276544729486,1033.2803129915876,504.4933242780544,0.9701058764794019
2016,2016-03-21,True,False,sa,cha,88,91,28,23,21,16,0,7,29,31,24,0,away,6.0,196.0,-250.0,210.0,2.0,101.5,0.0,0,True,1601.362531068532,1922.2945349352499,1649.0041072084375,1874.6529587953444,-320.9320038667179,0.21895152685027636
2016,2016-03-21,True,False,gs,min,109,104,27,34,28,20,0,29,29,31,15,0,away,12.0,232.5,-1400.0,800.0,7.5,113.0,0.0,0,False,1333.567685774047,1854.7610659413353,1327.1568516100417,1861.1719001053407,-521.1933801672883,0.08131715163611669
2016,2016-03-22,True,False,cha,bkn,105,100,25,21,21,38,0,14,22,28,36,0,away,6.0,207.0,-250.0,210.0,0.0,100.5,0.0,0,False,1157.526909302666,1649.0041072084375,1150.0337334324563,1656.4972830786471,-491.4771979057716,0.09504593363139525
2016,2016-03-22,True,False,hou,okc,107,111,27,29,21,30,0,28,27,23,33,0,home,9.0,226.0,400.0,-500.0,7.0,112.0,0.0,0,True,1809.7245885393615,1529.6101216309658,1815.3020577359998,1524.0326524343275,280.1144669083958,0.8991771238863142
2016,2016-03-22,True,False,mia,no,113,99,35,24,27,27,0,21,19,33,26,0,away,9.5,209.5,-525.0,400.0,0.0,102.5,1.0,1,False,1433.8862643058083,1663.1824379910388,1395.51061897882,1701.558083318027,-229.29617368523054,0.3220670566138562
2016,2016-03-22,True,False,mem,lal,100,107,25,22,31,22,0,25,23,33,26,0,away,3.0,202.5,-160.0,140.0,3.0,106.5,0.0,1,True,1146.6837957676412,1489.5763862575154,1220.0538367195047,1416.206345305652,-342.89259048987424,0.19810155885550243
2016,2016-03-23,True,False,mia,sa,88,112,21,26,16,25,0,26,30,32,24,0,home,11.0,196.0,550.0,-800.0,3.5,97.5,1.0,1,True,1874.6529587953444,1701.558083318027,1895.4096140592937,1680.8014280540776,173.09487547731737,0.8280771466429487
2016,2016-03-23,True,False,lac,gs,98,114,28,21,23,26,0,23,28,30,33,0,home,10.0,223.0,450.0,-600.0,6.5,110.0,1.0,0,True,1861.1719001053407,1548.629240990252,1869.2559329142325,1540.54520818136,312.5426591150888,0.9148843265511695
2016,2016-03-23,True,False,lal,phx,107,119,22,25,27,33,0,16,31,36,36,0,home,5.5,215.0,180.0,-210.0,3.5,107.5,1.0,1,True,1210.5416678146169,1220.0538367195047,1252.5974602740196,1177.998044260102,-9.512168904887858,0.6273558141778026
2016,2016-03-23,True,False,phi,den,103,104,35,10,28,30,0,24,29,22,29,0,home,8.5,213.5,350.0,-420.0,3.0,105.0,0.0,0,True,1459.1605021576347,1033.2803129915876,1460.1489338002332,1032.2918813489891,425.8801891660471,0.9537883433885561
2016,2016-03-23,True,False,utah,hou,89,87,21,13,26,29,0,25,24,17,21,0,home,2.0,201.0,110.0,-130.0,4.0,104.0,0.0,0,False,1524.0326524343275,1629.562683536828,1500.2478480258771,1653.3474879452783,-105.53003110250052,0.4920423175049641
2016,2016-03-23,True,False,dal,por,103,109,26,27,20,30,0,28,29,26,26,0,home,6.5,214.0,240.0,-280.0,2.5,107.0,0.0,0,True,1530.5259870946106,1453.8044258301245,1551.642742435478,1432.687670489257,76.72156126448613,0.7344445992102834
2016,2016-03-23,True,False,mil,cle,104,113,25,36,26,17,0,35,28,28,22,0,home,11.5,207.0,600.0,-900.0,7.0,104.0,0.0,1,True,1708.1387936971632,1404.14266076293,1715.0556351221283,1397.225819337965,303.9961329342332,0.9109742261414535
2016,2016-03-23,True,False,ny,chi,115,107,23,34,35,23,0,30,25,18,34,0,home,9.0,202.0,375.0,-450.0,7.0,99.0,0.0,1,False,1464.809639706064,1330.658918005554,1397.1455822394526,1398.3229754721654,134.15072170051008,0.7937828021821406
2016,2016-03-23,True,False,orl,det,102,118,21,36,30,15,0,32,34,30,22,0,home,6.0,205.0,220.0,-260.0,0.0,101.5,1.0,1,True,1477.5366574951909,1313.4330862516833,1496.7500440954668,1294.2196996514074,164.10357124350753,0.8205830011163044
2016,2016-03-23,True,False,tor,bos,79,91,25,21,16,17,0,25,21,23,22,0,home,4.0,205.5,150.0,-170.0,2.5,102.5,1.0,0,True,1574.5901323203016,1765.9255791484868,1645.5207657408982,1694.9949457278901,-191.33544682818524,0.3715042186784078
2016,2016-03-23,True,False,atl,wsh,122,101,22,30,29,41,0,25,31,19,26,0,home,1.0,207.5,100.0,-120.0,1.0,108.0,0.0,1,False,1654.2338482951038,1663.6062695203864,1568.884200918417,1748.9559168970732,-9.372421225282551,0.6275438601624599
2016,2016-03-23,True,False,sac,min,104,113,29,19,24,32,0,28,22,34,29,0,home,3.5,221.5,150.0,-170.0,2.0,108.0,1.0,0,True,1327.1568516100417,1292.5156183943711,1358.0399728956925,1261.6324971087204,34.64123321567058,0.6846138598569419
2016,2016-03-24,True,False,no,ind,84,92,22,17,22,23,0,24,25,21,22,0,home,14.0,202.5,1000.0,-2000.0,5.5,100.0,0.0,0,True,1542.7276544729486,1395.51061897882,1559.0912504001324,1379.1470230516363,147.2170354941286,0.8058232582549628
2016,2016-03-24,True,False,cle,bkn,95,104,23,26,34,12,0,26,33,21,24,0,away,9.5,209.5,-575.0,435.0,11.0,104.0,0.0,0,True,1150.0337334324563,1715.0556351221283,1244.8277959967886,1620.2615725577962,-565.021901689672,0.06435140252542991
2016,2016-03-24,True,False,chi,ny,94,106,27,18,20,29,0,31,22,27,26,0,away,3.5,204.0,-165.0,145.0,4.5,103.0,0.0,0,True,1398.3229754721654,1397.1455822394526,1438.7208205381353,1356.7477371734826,1.1773932327128023,0.6416249532842581
2016,2016-03-24,True,False,utah,okc,91,113,23,16,21,31,0,26,24,31,32,0,home,9.5,199.0,405.0,-525.0,2.5,103.5,1.0,1,True,1815.3020577359998,1653.3474879452783,1836.821786832467,1631.827758848811,161.9545697907215,0.8187544853574026
2016,2016-03-24,True,False,por,lac,94,96,21,18,26,29,0,18,28,19,31,0,home,6.0,216.0,205.0,-245.0,1.5,107.0,0.0,0,True,1540.54520818136,1551.642742435478,1558.6616839636442,1533.526266653194,-11.097534254118045,0.6252198430620406
2016,2016-03-25,True,False,cha,det,105,112,24,32,20,29,0,36,36,26,14,0,home,1.5,205.5,105.0,-125.0,4.5,101.5,1.0,1,True,1496.7500440954668,1656.4972830786471,1550.2881836658448,1602.9591435082689,-159.7472389831803,0.41485448138935077
2016,2016-03-25,True,False,dal,gs,120,128,33,25,31,31,0,40,32,30,26,0,home,16.5,221.0,1600.0,-6000.0,5.0,108.5,0.0,1,True,1869.2559329142325,1432.687670489257,1872.188388421959,1429.7552149815306,436.5682624249755,0.9564256844249458
2016,2016-03-25,True,False,phx,sac,94,116,27,21,19,27,0,25,33,31,27,0,home,7.5,223.0,290.0,-350.0,1.5,115.5,1.0,0,True,1261.6324971087204,1252.5974602740196,1309.2190593421317,1205.0108980406083,9.035036834700804,0.6519578061172054
2016,2016-03-25,True,False,mem,sa,104,110,23,28,33,20,0,37,27,24,22,0,home,13.0,190.0,925.0,-1700.0,3.5,94.5,0.0,1,True,1895.4096140592937,1416.206345305652,1897.4017948623762,1414.2141645025695,479.20326875364185,0.965582355133894
2016,2016-03-25,True,False,min,wsh,132,129,27,35,23,24,23,29,33,27,20,20,home,9.0,218.0,360.0,-430.0,6.0,107.5,0.0,1,False,1568.884200918417,1358.0399728956925,1525.7199462398162,1401.2042275742933,210.84422802272456,0.8568491869784128
2016,2016-03-25,True,False,tor,hou,109,112,21,37,20,31,0,29,25,25,33,0,away,1.0,211.0,-120.0,100.0,1.0,105.5,0.0,1,True,1500.2478480258771,1694.9949457278901,1538.863163286879,1656.3796304668883,-194.74709770201298,0.3669304110294175
2016,2016-03-25,True,False,mil,atl,90,101,21,25,25,19,0,29,22,24,26,0,home,9.5,201.5,400.0,-500.0,3.5,99.0,1.0,0,True,1748.9559168970732,1397.225819337965,1754.5463269540974,1391.6354092809408,351.7300975591081,0.9308852257687487
2016,2016-03-25,True,False,orl,mia,97,108,31,26,12,28,0,28,26,31,23,0,home,10.0,209.5,500.0,-700.0,8.5,104.0,1.0,0,True,1680.8014280540776,1294.2196996514074,1685.3173866850839,1289.7037410204011,386.58172840267025,0.9427292760354732
2016,2016-03-25,True,False,den,lal,116,105,24,34,25,33,0,31,15,31,28,0,away,4.0,214.0,-170.0,150.0,1.5,104.0,1.0,1,False,1177.998044260102,1460.1489338002332,1149.6248732903848,1488.5221047699504,-282.1508895401312,0.2595046356454932
2016,2016-03-26,True,False,sa,okc,92,111,26,18,19,29,0,24,24,35,28,0,home,12.5,207.0,650.0,-1000.0,7.0,107.5,1.0,0,True,1836.821786832467,1897.4017948623762,1895.282121789791,1838.9414599050522,-60.580008029909095,0.5564877449056629
2016,2016-03-26,True,False,phi,por,105,108,27,22,25,31,0,31,26,29,22,0,home,15.0,219.5,1200.0,-3000.0,8.0,111.5,0.0,0,True,1533.526266653194,1032.2918813489891,1534.7632020420008,1031.0549459601823,501.2343853042048,0.9695570043983964
2016,2016-03-26,True,False,bos,phx,102,99,35,23,23,21,0,22,19,34,24,0,away,9.0,217.0,-420.0,350.0,0.5,113.5,0.0,0,False,1205.0108980406083,1645.5207657408982,1197.4806582036479,1653.0510055778586,-440.50986770029,0.12345272351690253
2016,2016-03-26,True,False,utah,min,93,84,18,17,25,33,0,10,24,25,25,0,away,8.0,196.0,-330.0,270.0,4.5,102.0,1.0,0,False,1401.2042275742933,1631.827758848811,1368.7432006176482,1664.2887858054562,-230.62353127451775,0.320401020095084
2016,2016-03-26,True,False,cha,mil,115,91,29,26,35,25,0,17,21,26,27,0,away,3.5,201.5,-165.0,145.0,3.0,98.0,1.0,1,False,1391.6354092809408,1602.9591435082689,1342.76455611417,1651.8299966750396,-211.32373422732803,0.34505873129827236
2016,2016-03-26,True,False,tor,no,115,91,20,28,37,30,0,15,21,25,30,0,away,11.0,200.5,-800.0,550.0,2.5,99.0,1.0,1,False,1379.1470230516363,1656.3796304668883,1341.6174750424489,1693.9091784760758,-277.232607415252,0.2649820370038673
2016,2016-03-26,True,False,cle,ny,107,93,32,24,33,18,0,15,17,40,21,0,away,9.0,202.0,-430.0,360.0,2.0,99.0,1.0,0,False,1438.7208205381353,1620.2615725577962,1392.8748674084823,1666.1075256874492,-181.54075201966089,0.3847615084075247
2016,2016-03-26,True,False,ind,bkn,110,120,29,37,27,17,0,26,34,25,35,0,away,5.5,205.5,-240.0,200.0,1.5,103.5,0.0,1,True,1244.8277959967886,1559.0912504001324,1326.5340949284675,1477.3849514684534,-314.26345440334376,0.2255869718658553
2016,2016-03-26,True,False,chi,orl,89,111,22,28,21,18,0,36,32,21,22,0,away,6.5,209.0,-280.0,240.0,8.0,104.0,0.0,0,True,1289.7037410204011,1356.7477371734826,1352.1609864699737,1294.29049172391,-67.04399615308148,0.5472857695238921
2016,2016-03-26,True,False,atl,det,112,95,27,29,27,29,0,15,27,32,21,0,home,2.0,207.0,110.0,-130.0,5.0,107.5,0.0,2,False,1550.2881836658448,1754.5463269540974,1505.2286438828442,1799.605866737098,-204.25814328825254,0.35430752006761107
2016,2016-03-27,True,False,den,lac,90,105,26,22,12,30,0,31,21,25,28,0,home,8.5,208.5,350.0,-420.0,4.5,104.0,1.0,0,True,1558.6616839636442,1488.5221047699504,1589.7843602897924,1457.3994284438022,70.13957919369386,0.7269895731224097
2016,2016-03-27,True,False,dal,sac,111,133,20,26,33,32,0,25,38,39,31,0,home,2.0,217.0,115.0,-135.0,4.5,107.5,1.0,1,True,1309.2190593421317,1429.7552149815306,1382.2724985112923,1356.70177581237,-120.53615563939888,0.4704804661325972
2016,2016-03-27,True,False,hou,ind,101,104,24,23,32,22,0,30,27,24,23,0,home,1.5,210.5,105.0,-125.0,2.5,105.0,1.0,0,True,1477.3849514684534,1538.863163286879,1504.5157092052932,1511.7324055500392,-61.47821181842551,0.5552112540625155
2016,2016-03-27,True,False,phi,gs,105,117,31,24,24,26,0,32,39,25,21,0,home,21.5,225.0,2000.0,-12000.0,8.0,111.5,0.0,0,True,1872.188388421959,1031.0549459601823,1872.45921392359,1030.7841204585513,841.1334424617767,0.9955818205473287
2016,2016-03-27,True,False,wsh,lal,101,88,24,26,27,24,0,27,17,15,29,0,away,9.0,212.0,-420.0,350.0,4.0,105.0,1.0,0,False,1149.6248732903848,1525.7199462398162,1129.9453334985392,1545.3994860316618,-376.09507294943137,0.16947804163909416
2016,2016-03-28,True,False,ny,no,91,99,28,26,10,27,0,24,25,19,31,0,away,5.5,202.5,-200.0,175.0,2.0,101.5,0.0,0,True,1341.6174750424489,1392.8748674084823,1383.2189690214016,1351.2733734295296,-51.2573923660334,0.5696896397054215
2016,2016-03-28,True,False,bos,lac,90,114,24,26,20,20,0,30,37,25,22,0,home,4.0,208.0,160.0,-180.0,3.5,108.5,1.0,0,True,1589.7843602897924,1653.0510055778586,1653.1403092206162,1589.6950566470348,-63.26664528806623,0.5526674501943694
2016,2016-03-28,True,False,lal,utah,75,123,16,21,21,17,0,34,30,34,25,0,home,13.5,189.5,950.0,-1800.0,1.5,93.5,1.0,1,True,1664.2887858054562,1129.9453334985392,1667.1117017259612,1127.1224175780342,534.343452306917,0.9747061422345528
2016,2016-03-28,True,False,dal,den,97,88,28,22,22,25,0,24,22,20,22,0,home,2.0,212.0,110.0,-130.0,1.5,104.5,0.0,0,False,1457.3994284438022,1356.70177581237,1387.4010997151001,1426.700104541072,100.69765263143222,0.7604792105012025
2016,2016-03-28,True,False,sac,por,93,105,32,20,11,30,0,37,31,23,14,0,home,13.0,220.0,850.0,-1500.0,3.0,108.0,0.0,0,True,1534.7632020420008,1382.2724985112923,1553.3171365513754,1363.7185640019177,152.49070353070852,0.8105293352109625
2016,2016-03-28,True,False,okc,tor,119,100,27,34,36,22,0,21,27,26,26,0,away,3.0,211.5,-150.0,130.0,3.0,104.5,1.0,1,False,1693.9091784760758,1895.282121789791,1646.7050808991253,1942.4862193667416,-201.37294331371527,0.3581162472183824
2016,2016-03-28,True,False,atl,chi,102,100,22,30,28,22,0,31,14,26,29,0,away,3.0,206.5,-150.0,130.0,0.5,108.0,0.0,0,False,1294.29049172391,1799.605866737098,1290.0167587445394,1803.8795997164686,-505.31537501318803,0.08841180458981564
2016,2016-03-28,True,False,bkn,mia,99,110,27,25,23,24,0,27,30,25,28,0,home,8.5,213.0,360.0,-430.0,3.0,106.5,1.0,0,True,1685.3173866850839,1326.5340949284675,1690.6722254780673,1321.1792561354841,358.78329175661634,0.9334521783327271
2016,2016-03-28,True,False,sa,mem,101,87,32,21,28,20,0,18,27,23,19,0,away,5.5,193.0,-210.0,180.0,0.0,101.0,1.0,0,False,1414.2141645025695,1838.9414599050522,1398.2921847703185,1854.8634396373031,-424.7272954024827,0.13362498803962056
2016,2016-03-28,True,False,phx,min,116,121,37,24,23,32,0,40,26,33,22,0,home,6.0,219.5,200.0,-240.0,1.5,114.5,0.0,1,True,1368.7432006176482,1197.4806582036479,1380.416713750137,1185.807145071159,171.26254241400034,0.8265703107466082
2016,2016-03-29,True,False,okc,det,82,88,21,27,9,25,0,25,21,25,17,0,home,2.0,214.0,110.0,-130.0,3.0,105.0,1.0,0,True,1505.2286438828442,1942.4862193667416,1580.1039771863097,1867.610886063276,-437.2575754838974,0.12549296206741992
2016,2016-03-29,True,False,wsh,gs,94,102,22,24,26,22,0,27,22,30,23,0,home,12.5,225.5,800.0,-1400.0,8.5,111.0,0.0,0,True,1872.45921392359,1545.3994860316618,1878.2020603734804,1539.6566395817713,327.0597278919281,0.9211701773297593
2016,2016-03-29,True,False,hou,cle,106,100,26,14,31,35,0,24,35,25,16,0,home,1.5,212.0,105.0,-125.0,5.0,104.5,0.0,0,False,1666.1075256874492,1511.7324055500392,1605.86739180795,1571.9725394295383,154.37512013741002,0.8121896048816213
2016,2016-03-29,True,False,bkn,orl,105,139,23,22,28,32,0,32,41,30,36,0,home,8.0,211.5,320.0,-380.0,3.5,109.0,1.0,1,True,1352.1609864699737,1321.1792561354841,1400.708717895217,1272.631524710241,30.981730334489612,0.6800477932823134
2016,2016-03-29,True,False,cha,phi,100,85,23,29,25,23,0,19,17,26,23,0,away,11.5,210.0,-1000.0,650.0,2.0,103.0,1.0,0,False,1030.7841204585513,1651.8299966750396,1024.9950415415108,1657.6190755920802,-621.0458762164883,0.04745383775527992
2016,2016-03-29,True,False,chi,ind,98,96,28,32,24,14,0,27,31,26,12,0,home,5.5,204.5,200.0,-240.0,4.5,102.0,0.0,0,False,1504.5157092052932,1290.0167587445394,1470.3098435700033,1324.2226243798293,214.4989504607538,0.8594103906886127
2016,2016-03-30,True,False,den,mem,109,105,26,33,25,25,0,20,27,21,37,0,home,3.0,204.5,130.0,-150.0,5.0,101.5,0.0,1,False,1398.2921847703185,1387.4010997151001,1352.451471528295,1433.2418129571236,10.891085055218355,0.6543782091268066
2016,2016-03-30,True,False,atl,tor,97,105,20,21,26,30,0,25,29,35,16,0,home,1.5,201.5,105.0,-125.0,3.5,104.5,1.0,1,True,1646.7050808991253,1803.8795997164686,1702.9277132883017,1747.6569673272923,-157.17451881734337,0.41845402926308156
2016,2016-03-30,True,False,wsh,sac,111,120,34,21,28,28,0,32,28,29,31,0,away,2.0,218.5,-125.0,105.0,2.5,108.0,0.0,1,True,1363.7185640019177,1539.6566395817713,1425.2743711044245,1478.1008324792645,-175.9380755798536,0.39242392377909824
2016,2016-03-30,True,False,gs,utah,103,96,26,16,21,26,14,21,19,29,20,7,away,4.5,203.0,-200.0,175.0,3.0,101.5,1.0,0,False,1667.1117017259612,1878.2020603734804,1635.5126213852318,1909.8011407142099,-211.09035864751922,0.34536239775925875
2016,2016-03-30,True,False,ny,dal,89,91,30,18,26,15,0,24,27,16,24,0,home,6.0,199.5,200.0,-240.0,3.0,99.0,0.0,0,True,1426.700104541072,1351.2733734295296,1438.7019087355927,1339.2715692350089,75.4267311115425,0.7329883347654506
2016,2016-03-30,True,False,no,sa,92,100,26,13,16,37,0,27,19,27,27,0,home,19.0,196.5,2500.0,-10000.0,8.5,97.0,0.0,0,True,1854.8634396373031,1383.2189690214016,1857.221408831445,1380.8609998272598,471.6444706159016,0.9641066573233666
2016,2016-03-30,True,False,mia,lal,100,102,27,21,19,20,13,25,16,26,20,15,away,10.5,208.0,-800.0,550.0,4.5,103.0,0.0,0,True,1127.1224175780342,1690.6722254780673,1172.3259246594666,1645.4687183966348,-563.5498079000331,0.06486351530400172
2016,2016-03-30,True,False,lac,min,99,79,27,20,32,20,0,17,17,19,26,0,away,6.0,212.5,-230.0,195.0,1.0,103.0,1.0,0,False,1380.416713750137,1653.1403092206162,1344.2386605596319,1689.3183624111214,-272.72359547047927,0.27006813003395735
2016,2016-03-30,True,False,phx,mil,94,105,32,15,28,19,0,28,25,27,25,0,home,7.5,211.0,290.0,-350.0,2.5,108.5,1.0,0,True,1342.76455611417,1185.807145071159,1360.2999060788034,1168.2717951065258,156.957411043011,0.8144465406911928
2016,2016-03-31,True,False,chi,hou,103,100,24,28,19,32,0,24,28,28,20,0,home,6.0,218.0,220.0,-260.0,4.0,109.0,0.0,0,False,1571.9725394295383,1324.2226243798293,1528.9050012577263,1367.2901625516413,247.749915049709,0.8809869252618651
2016,2016-03-31,True,False,bkn,cle,87,107,22,17,24,24,0,29,34,26,18,0,home,17.0,211.5,1600.0,-6000.0,4.0,107.5,1.0,0,True,1605.86739180795,1272.631524710241,1613.5323977370854,1264.9665187811056,333.23586709770916,0.9237135108642006
2016,2016-03-31,True,False,orl,ind,114,94,33,24,32,25,0,28,23,28,15,0,home,6.0,209.5,200.0,-240.0,5.5,103.5,0.0,0,False,1470.3098435700033,1400.708717895217,1379.3373155404674,1491.6812459247528,69.60112567478632,0.7263739475511146
2016,2016-03-31,True,False,bos,por,109,116,31,27,25,26,0,30,24,27,35,0,home,2.5,214.0,135.0,-155.0,2.5,112.0,1.0,1,True,1553.3171365513754,1589.6950566470348,1590.7799699734273,1552.2322232249828,-36.37792009565942,0.5905496666996688
2016,2016-03-31,True,False,lac,okc,117,119,30,39,28,20,0,37,28,28,26,0,home,16.5,209.0,1400.0,-4000.0,13.0,105.0,0.0,1,True,1867.610886063276,1689.3183624111214,1874.4909106344408,1682.4383378399566,178.2925236521546,0.8322950110797074
2016,2016-03-31,True,False,den,no,95,101,26,28,24,17,0,31,25,21,24,0,away,7.0,206.5,-280.0,240.0,6.0,102.5,0.0,0,True,1380.8609998272598,1433.2418129571236,1417.8399892250611,1396.2628235593222,-52.38081312986378,0.5681036055900286
2016,2016-04-01,True,False,min,utah,85,98,24,25,19,17,0,25,26,26,21,0,home,7.0,192.5,260.0,-310.0,4.0,95.0,1.0,0,True,1635.5126213852318,1344.2386605596319,1644.068732657499,1335.6825492873647,291.27396082559994,0.9048533907110917
2016,2016-04-01,True,False,wsh,phx,106,99,25,25,27,29,0,26,26,27,20,0,away,8.5,214.0,-410.0,340.0,7.0,107.5,0.0,0,False,1168.2717951065258,1478.1008324792645,1147.2207457941158,1499.1518817916744,-309.82903737273864,0.23007760945850797
2016,2016-04-01,True,False,bos,gs,109,106,21,24,37,27,0,23,20,36,27,0,home,11.5,221.0,650.0,-1000.0,9.0,114.0,0.0,0,False,1909.8011407142099,1552.2322232249828,1867.8797554319578,1594.1536085072348,357.56891748922703,0.9330166159873653
2016,2016-04-01,True,False,mia,sac,112,106,39,27,26,20,0,24,24,28,30,0,away,6.5,211.5,-280.0,240.0,1.5,103.5,0.0,1,False,1425.2743711044245,1645.4687183966348,1396.7105120909034,1674.032577410156,-220.1943472922103,0.33361181360753916
2016,2016-04-01,True,False,orl,mil,110,113,22,35,28,25,0,31,27,26,29,0,home,2.5,209.0,120.0,-140.0,1.0,101.5,1.0,1,True,1360.2999060788034,1491.6812459247528,1393.5456216609475,1458.4355303426087,-131.38133984594947,0.45496103407767746
2016,2016-04-01,True,False,bkn,ny,91,105,17,29,24,21,0,18,29,30,28,0,home,6.0,201.0,200.0,-240.0,3.5,103.5,1.0,0,True,1339.2715692350089,1264.9665187811056,1369.026961417006,1235.2111265991084,74.30505045390328,0.7317227111968745
2016,2016-04-01,True,False,cle,atl,110,108,32,23,22,19,14,23,18,30,25,12,home,2.0,206.5,110.0,-130.0,5.5,102.0,0.0,1,False,1747.6569673272923,1613.5323977370854,1713.8252088268296,1647.364156237548,134.12456959020687,0.7937581583517883
2016,2016-04-01,True,False,dal,det,98,89,25,26,20,27,0,25,11,25,28,0,home,6.0,205.0,200.0,-240.0,7.0,102.0,0.0,0,False,1580.1039771863097,1438.7019087355927,1509.0467349318076,1509.759150990095,141.40206845071702,0.8005318924375474
2016,2016-04-01,True,False,phi,cha,91,100,25,25,16,25,0,25,34,22,19,0,home,13.5,209.5,1000.0,-2000.0,5.0,103.5,0.0,0,True,1657.6190755920802,1024.9950415415108,1658.5203730591818,1024.0937440744092,632.6240340505694,0.9854760090073608
2016,2016-04-01,True,False,tor,mem,99,95,27,18,29,25,0,23,30,19,23,0,away,5.5,198.0,-220.0,190.0,5.5,99.5,0.0,0,False,1352.451471528295,1702.9277132883017,1338.9074904388988,1716.471694377698,-350.4762417600066,0.1912579228149259
2016,2016-04-02,True,False,ind,phi,115,102,28,33,13,41,0,28,21,28,25,0,away,11.0,201.5,-800.0,575.0,3.0,100.5,1.0,1,False,1024.0937440744092,1379.3373155404674,1002.3738885164632,1401.0571710984134,-355.24357146605826,0.18704901758779668
2016,2016-04-02,True,False,mia,por,93,110,22,20,25,26,0,20,39,28,23,0,home,6.5,208.5,215.0,-265.0,2.0,103.0,1.0,0,True,1590.7799699734273,1674.032577410156,1651.3053876583228,1613.5071597252604,-83.25260743672857,0.5240827859257908
2016,2016-04-02,True,False,det,chi,94,90,26,20,24,24,0,27,18,20,25,0,home,2.5,206.5,130.0,-150.0,2.5,101.0,0.0,0,False,1367.2901625516413,1509.0467349318076,1336.117626070262,1540.2192714131868,-141.7565723801663,0.4401951344253362
2016,2016-04-02,True,False,sac,den,115,106,23,32,29,31,0,27,35,26,18,0,home,9.5,218.5,400.0,-500.0,3.5,107.5,0.0,1,False,1396.2628235593222,1396.7105120909034,1331.4756153937287,1461.497720256497,-0.4476885315812069,0.639471068278057
2016,2016-04-02,True,False,tor,sa,95,102,18,28,20,29,0,26,29,16,31,0,home,13.5,191.5,850.0,-1450.0,5.0,95.0,0.0,1,True,1857.221408831445,1716.471694377698,1873.2681769511166,1700.4249262580263,140.74971445374695,0.7999315749017555
2016,2016-04-03,True,False,utah,phx,101,86,16,30,28,27,0,23,10,31,22,0,away,8.5,192.5,-450.0,375.0,1.5,102.0,1.0,0,False,1147.2207457941158,1644.068732657499,1135.946093107936,1655.3433853436788,-496.8479868633831,0.09241980408009753
2016,2016-04-03,True,False,mem,orl,107,119,30,26,29,22,0,29,38,30,22,0,home,4.5,207.0,165.0,-185.0,1.0,103.0,1.0,1,True,1458.4355303426087,1338.9074904388988,1480.6473150063039,1316.6957057752036,119.5280399037099,0.7796632401428772
2016,2016-04-03,True,False,por,gs,111,136,37,19,33,22,0,31,32,38,35,0,home,11.5,226.5,650.0,-1000.0,5.5,111.5,1.0,1,True,1867.8797554319578,1651.3053876583228,1884.2769052523602,1634.9082378379205,216.574367773635,0.8608476958635521
2016,2016-04-03,True,False,ind,ny,92,87,18,36,20,18,0,23,18,24,22,0,away,7.0,195.5,-280.0,240.0,0.0,97.0,0.0,0,False,1369.026961417006,1401.0571710984134,1321.993558215864,1448.0905742995556,-32.030209681407314,0.5965873211233376
2016,2016-04-03,True,False,okc,hou,110,118,26,27,29,28,0,31,21,28,38,0,away,3.5,221.5,-160.0,140.0,2.0,109.5,0.0,1,True,1528.9050012577263,1874.4909106344408,1606.6678397332664,1796.7280721589007,-345.5859093767144,0.19565015961041843
2016,2016-04-03,True,False,bos,lal,107,100,31,26,20,30,0,26,22,27,25,0,away,9.0,210.5,-500.0,400.0,3.0,108.5,0.0,0,False,1172.3259246594666,1594.1536085072348,1159.921962959183,1606.5575702075184,-421.8276838477682,0.13556919721496732
2016,2016-04-03,True,False,no,bkn,106,87,18,35,22,31,0,14,28,24,21,0,home,2.5,200.5,120.0,-140.0,3.5,99.5,0.0,0,False,1235.2111265991084,1417.8399892250611,1184.6901591171081,1468.3609567070614,-182.6288626259527,0.38327984664895404
2016,2016-04-03,True,False,wsh,lac,109,114,23,26,24,36,0,33,27,24,30,0,home,6.5,206.5,230.0,-270.0,0.0,100.5,0.0,1,True,1682.4383378399566,1499.1518817916744,1693.3470258769632,1488.2431937546678,183.28645604828216,0.8362693330579206
2016,2016-04-03,True,False,cha,cle,103,112,19,23,29,32,0,29,29,28,26,0,home,7.0,202.5,260.0,-310.0,2.0,100.0,1.0,1,True,1647.364156237548,1658.5203730591818,1685.3425568991097,1620.5419723976202,-11.156216821633734,0.6251406854812045
2016,2016-04-03,True,False,dal,min,88,78,22,19,27,20,0,27,13,23,15,0,away,2.5,206.0,-145.0,125.0,2.5,103.0,1.0,0,False,1335.6825492873647,1509.759150990095,1294.0090583721194,1551.4326419053402,-174.07660170273016,0.39498171762230333
2016,2016-04-03,True,False,chi,mil,102,98,24,33,22,23,0,24,17,32,25,0,home,1.5,202.5,105.0,-125.0,4.5,98.5,0.0,0,False,1393.5456216609475,1336.117626070262,1345.848190097015,1383.8150576341945,57.42799559068544,0.7122277550189329
2016,2016-04-05,True,False,phx,atl,90,103,38,18,17,17,0,28,16,26,33,0,home,15.0,205.0,1300.0,-3500.0,14.0,108.0,0.0,0,True,1713.8252088268296,1135.946093107936,1715.2821621486696,1134.4891397860958,577.8791157188937,0.9802021575063707
2016,2016-04-05,True,False,no,phi,93,107,29,22,22,20,0,21,36,31,19,0,home,2.5,207.0,120.0,-140.0,1.0,103.5,1.0,0,True,1002.3738885164632,1468.3609567070614,1108.6071901271778,1362.1276550963469,-465.98706819059817,0.10843852989038379
2016,2016-04-05,True,False,det,mia,89,107,19,17,27,26,0,25,29,28,25,0,home,4.5,202.0,170.0,-190.0,3.5,99.0,1.0,0,True,1613.5071597252604,1540.2192714131868,1646.0295272957742,1507.696903842673,73.28788831207362,0.730571739258894
2016,2016-04-05,True,False,cle,mil,109,80,33,34,26,16,0,19,24,24,13,0,away,9.5,202.0,-500.0,400.0,1.0,96.0,1.0,0,False,1345.848190097015,1685.3425568991097,1315.7339624450562,1715.4567845510685,-339.49436680209465,0.20122744669489684
2016,2016-04-05,True,False,por,sac,115,107,30,21,33,31,0,33,24,23,27,0,away,4.0,222.0,-170.0,150.0,5.0,111.0,1.0,2,False,1461.497720256497,1634.9082378379205,1423.2231045978322,1673.1828534965853,-173.41051758142362,0.395898369961165
2016,2016-04-05,True,False,cha,tor,90,96,16,26,17,31,0,26,30,19,21,0,home,5.5,201.5,185.0,-215.0,1.5,99.0,1.0,0,True,1700.4249262580263,1620.5419723976202,1721.1996499752413,1599.7672486804051,79.88295386040613,0.7379787688147417
2016,2016-04-05,True,False,chi,mem,92,108,21,23,21,27,0,23,31,29,25,0,away,3.5,200.5,-170.0,150.0,5.0,100.0,0.0,0,True,1316.6957057752036,1383.8150576341945,1373.1450880638058,1327.3656753455923,-67.11935185899097,0.5471782916557926
2016,2016-04-05,True,False,min,gs,124,117,19,27,32,28,18,28,27,31,20,11,home,14.5,226.0,1400.0,-4000.0,6.5,111.0,0.0,1,False,1884.2769052523602,1294.0090583721194,1827.8044079440342,1350.4815556804454,590.2678468802408,0.9815397209299125
2016,2016-04-05,True,False,lal,lac,81,103,22,22,16,21,0,33,19,32,19,0,home,15.0,208.0,1100.0,-2500.0,6.5,104.0,1.0,0,True,1693.3470258769632,1159.921962959183,1695.634461840151,1157.6345269959952,533.4250629177802,0.9745754765349118
2016,2016-04-05,True,False,okc,den,124,102,32,36,39,17,0,30,21,26,25,0,away,9.0,217.5,-430.0,360.0,0.0,105.0,1.0,1,False,1331.4756153937287,1796.7280721589007,1316.4587494467787,1811.7449381058507,-465.2524567651719,0.10884804256737958
2016,2016-04-05,True,False,sa,utah,88,86,25,17,25,21,0,20,17,16,33,0,away,3.5,182.0,-160.0,140.0,0.5,97.0,0.0,0,False,1655.3433853436788,1873.2681769511166,1639.0762413398575,1889.535320954938,-217.92479160743778,0.33652255857876806
2016,2016-04-06,True,False,cha,ny,111,97,30,23,28,30,0,25,27,20,25,0,away,4.5,196.0,-180.0,160.0,3.0,98.5,1.0,1,False,1321.993558215864,1599.7672486804051,1290.4920645084055,1631.2687423878635,-277.77369046454123,0.26437583709285584
2016,2016-04-06,True,False,hou,dal,86,88,22,22,27,15,0,18,34,18,18,0,away,1.5,206.5,-125.0,105.0,4.0,103.0,0.0,0,True,1551.4326419053402,1606.6678397332664,1572.505152357591,1585.5953292810157,-55.235197827926186,0.5640675996103937
2016,2016-04-06,True,False,okc,por,115,120,26,33,24,32,0,33,39,27,21,0,home,8.0,213.5,280.0,-340.0,0.5,106.0,0.0,1,True,1673.1828534965853,1811.7449381058507,1716.958790534373,1767.9690010680629,-138.5620846092654,0.444731462544825
2016,2016-04-06,True,False,lac,lal,91,81,29,25,19,18,0,25,17,19,20,0,away,11.5,203.5,-750.0,525.0,3.0,99.5,0.0,0,False,1157.6345269959952,1695.634461840151,1149.7872765675863,1703.48171226856,-537.9999348441559,0.07437630936964303
2016,2016-04-06,True,False,det,orl,108,104,25,19,29,35,0,21,30,26,27,0,home,3.0,208.5,130.0,-150.0,1.5,104.0,0.0,1,False,1480.6473150063039,1507.696903842673,1437.9125658856615,1550.4316529633154,-27.04958883636914,0.6034680124612681
2016,2016-04-06,True,False,cle,ind,109,123,33,28,21,27,0,36,34,26,27,0,home,3.5,196.0,145.0,-165.0,1.0,98.0,1.0,1,True,1448.0905742995556,1715.4567845510685,1534.335521695143,1629.2118371554811,-267.36621025151294,0.2761905078380691
2016,2016-04-06,True,False,no,bos,97,104,17,28,28,24,0,23,30,23,28,0,home,14.5,208.5,1200.0,-3000.0,6.0,103.5,0.0,0,True,1606.5575702075184,1362.1276550963469,1615.4562885331188,1353.2289367707465,244.42991511117157,0.8789684735872599
2016,2016-04-06,True,False,bkn,wsh,103,121,23,29,23,28,0,30,24,34,33,0,home,11.5,209.0,650.0,-1000.0,7.0,106.5,1.0,1,True,1488.2431937546678,1184.6901591171081,1497.1117168331348,1175.8216360386411,303.5530346375597,0.9107671486557415
2016,2016-04-07,True,False,phx,hou,124,115,27,30,32,35,0,39,21,30,25,0,home,12.0,213.0,650.0,-1000.0,7.0,109.5,0.0,1,False,1585.5953292810157,1134.4891397860958,1518.584914203597,1201.4995548635145,451.1061894949198,0.9597831858964495
2016,2016-04-07,True,False,tor,atl,87,95,20,23,20,24,0,28,19,23,25,0,home,5.5,199.5,195.0,-230.0,2.0,100.5,1.0,0,True,1715.2821621486696,1721.1996499752413,1750.842175537838,1685.6396365860728,-5.917487826571687,0.6321804649295832
2016,2016-04-07,True,False,chi,mia,98,106,22,24,23,29,0,21,19,35,31,0,home,6.0,205.0,200.0,-240.0,4.5,101.5,1.0,0,True,1646.0295272957742,1327.3656753455923,1652.0715355373889,1321.3236671039776,318.6638519501819,0.9175884106499251
2016,2016-04-07,True,False,min,sac,105,97,31,27,25,22,0,27,24,25,21,0,home,0.0,222.5,-110.0,-110.0,1.5,110.0,0.0,0,False,1423.2231045978322,1350.4815556804454,1357.438166540091,1416.2664937381865,72.74154891738681,0.7299522426797438
2016,2016-04-07,True,False,sa,gs,101,112,15,25,29,32,0,20,32,35,25,0,home,6.0,209.0,210.0,-250.0,0.0,107.5,1.0,1,True,1827.8044079440342,1889.535320954938,1876.4750625966801,1840.864666302292,-61.730913010903805,0.5548519932529614
2016,2016-04-08,True,False,lal,no,102,110,27,19,21,35,0,24,33,30,23,0,home,3.5,201.5,145.0,-165.0,1.5,100.5,1.0,1,True,1353.2289367707465,1149.7872765675863,1365.1551962936444,1137.8610170446884,203.44166020316015,0.8515424898436449
2016,2016-04-08,True,False,mil,bos,109,124,35,23,22,29,0,30,35,36,23,0,home,11.0,203.0,550.0,-800.0,4.5,101.5,1.0,1,True,1615.4562885331188,1315.7339624450562,1624.0015606255656,1307.1886903526095,299.7223260880626,0.9089587218947311
2016,2016-04-08,True,False,sa,den,98,102,18,35,19,26,0,24,27,26,25,0,home,1.0,199.5,-105.0,-115.0,0.5,104.5,1.0,1,True,1316.4587494467787,1840.864666302292,1381.612598740769,1775.7108170083018,-524.4059168555134,0.07994630255935671
2016,2016-04-08,True,False,mem,dal,93,103,21,28,19,25,0,18,28,28,29,0,home,6.5,191.0,210.0,-250.0,6.0,95.0,1.0,1,True,1572.505152357591,1373.1450880638058,1585.8283775877514,1359.8218628336454,199.36006429378517,0.8485476328694381
2016,2016-04-08,True,False,lac,utah,102,99,25,22,29,18,8,26,26,20,22,5,home,13.5,184.0,750.0,-1200.0,7.0,90.5,0.0,1,False,1639.0762413398575,1703.48171226856,1605.4641040872032,1737.0938495212142,-64.40547092870247,0.5510461787282217
2016,2016-04-08,True,False,wsh,det,99,112,25,30,29,15,0,39,23,24,26,0,home,5.5,203.0,195.0,-230.0,1.0,99.5,1.0,1,True,1550.4316529633154,1497.1117168331348,1582.6928007661563,1464.8505690302939,53.31993613018062,0.7073566782398907
2016,2016-04-08,True,False,mia,orl,109,112,27,28,25,29,0,19,34,26,33,0,away,1.5,207.5,-125.0,105.0,0.5,104.0,0.0,1,True,1437.9125658856615,1652.0715355373889,1478.0863967684006,1611.8977046546497,-214.15896965172738,0.3413796978631852
2016,2016-04-08,True,False,bkn,cha,99,113,25,18,21,35,0,25,25,34,29,0,home,14.0,207.0,1100.0,-2500.0,5.5,106.0,2.0,1,True,1631.2687423878635,1175.8216360386411,1634.4831398960587,1172.607238530446,455.4471063492224,0.9607367159148597
2016,2016-04-08,True,False,ind,tor,98,111,15,31,20,32,0,20,30,32,29,0,away,5.0,193.5,-190.0,170.0,5.0,96.5,0.0,1,True,1685.6396365860728,1534.335521695143,1704.8553395775602,1515.1198187036555,151.3041148909299,0.8094781310704651
2016,2016-04-08,True,False,ny,phi,109,102,28,21,33,27,0,24,22,28,28,0,away,2.5,203.0,-150.0,130.0,1.0,99.5,1.0,1,False,1108.6071901271778,1290.4920645084055,1073.44616602075,1325.6530886148332,-181.88487438122775,0.38429269023424717
2016,2016-04-09,True,False,min,por,106,105,21,32,22,31,0,28,21,23,33,0,home,8.5,215.0,325.0,-400.0,8.0,108.0,0.0,0,False,1716.958790534373,1416.2664937381865,1695.6348265835234,1437.5904576890362,300.6922967961866,0.9094197263619812
2016,2016-04-09,True,False,okc,sac,112,114,30,22,32,28,0,22,34,27,31,0,away,8.5,224.0,-385.0,315.0,8.0,111.5,0.0,1,True,1357.438166540091,1767.9690010680629,1398.8466452087212,1726.5605223994328,-410.5308345279718,0.14337223638345914
2016,2016-04-09,True,False,cle,chi,102,105,31,23,28,20,0,27,25,27,26,0,away,7.0,204.5,-300.0,240.0,4.0,100.5,0.0,1,True,1321.3236671039776,1629.2118371554811,1368.1655017331263,1582.3700025263324,-307.8881700515035,0.23206269857257136
2016,2016-04-09,True,False,gs,mem,100,99,31,22,17,30,0,28,22,28,21,0,away,13.0,213.5,-1427.0,841.0,8.0,107.5,0.0,0,False,1359.8218628336454,1876.4750625966801,1357.2816120246664,1879.015313405659,-516.6531997630348,0.0832910737438219
2016,2016-04-09,True,False,bos,atl,107,118,32,39,20,16,0,34,33,26,25,0,home,5.5,207.5,185.0,-215.0,5.5,109.5,1.0,1,True,1750.842175537838,1624.0015606255656,1771.5277828456935,1603.3159533177102,126.84061491227249,0.7868094190634859
2016,2016-04-09,True,False,phx,no,121,100,32,23,30,36,0,22,25,20,33,0,away,3.0,208.5,-150.0,130.0,1.0,107.5,1.0,1,False,1365.1551962936444,1201.4995548635145,1269.2914151493899,1297.363336007769,163.6556414301299,0.8202030649161236
2016,2016-04-10,True,False,tor,ny,93,89,20,34,21,18,0,25,26,18,20,0,away,6.5,196.0,-265.0,215.0,4.0,99.5,0.0,0,False,1325.6530886148332,1704.8553395775602,1313.8286875398728,1716.6797406525206,-379.202250962727,0.16697530609357236
2016,2016-04-10,True,False,gs,sa,92,86,14,21,27,30,0,19,16,26,25,0,home,3.5,206.5,145.0,-165.0,2.5,102.0,0.0,0,False,1775.7108170083018,1879.015313405659,1733.3079520860138,1921.418178327947,-103.3044963973573,0.4952445908020974
2016,2016-04-10,True,False,orl,mia,96,118,28,21,20,27,0,31,25,33,29,0,home,9.0,211.5,370.0,-465.0,3.0,105.0,1.0,1,True,1611.8977046546497,1478.0863967684006,1637.0290763773214,1452.955025045729,133.8113078862491,0.7934627940636216
2016,2016-04-10,True,False,mil,phi,109,108,29,33,14,22,11,23,22,25,28,10,away,4.5,205.5,-185.0,165.0,3.0,101.0,0.0,1,False,1073.44616602075,1307.1886903526095,1063.7932693498444,1316.841587023515,-233.74252433185939,0.31650423084838636
2016,2016-04-10,True,False,lal,hou,110,130,27,26,27,30,0,29,26,33,42,0,home,15.0,212.5,1000.0,-2000.0,8.5,106.5,1.0,1,True,1518.584914203597,1137.8610170446884,1524.320662637693,1132.1252686105925,380.7238971589086,0.9408812719994133
2016,2016-04-10,True,False,dal,lac,91,98,21,26,12,32,0,23,26,27,22,0,home,6.5,196.0,220.0,-270.0,3.5,99.0,1.0,0,True,1737.0938495212142,1585.8283775877514,1752.238070759084,1570.6841563498817,151.26547193346278,0.809443822240716
2016,2016-04-10,True,False,cha,wsh,98,113,27,21,26,24,0,28,27,31,27,0,away,5.5,205.0,-230.0,190.0,5.5,101.5,0.0,1,True,1464.8505690302939,1634.4831398960587,1537.9113533305128,1561.4223555958397,-169.63257086576482,0.4011111864012264
2016,2016-04-10,True,False,utah,den,100,84,26,22,34,18,0,22,25,15,22,0,away,6.5,192.0,-265.0,215.0,4.5,100.0,1.0,0,False,1381.612598740769,1605.4641040872032,1340.605474533401,1646.4712282945711,-223.85150534643412,0.32894808206985016
2016,2016-04-10,True,False,bkn,ind,105,129,19,22,31,33,0,39,30,35,25,0,home,13.5,204.0,800.0,-1300.0,1.5,104.5,1.0,1,True,1515.1198187036555,1172.607238530446,1522.7796749228373,1164.9473823112642,342.51258017320947,0.927392399932678
2016,2016-04-11,True,False,mil,orl,98,107,22,22,29,25,0,32,26,27,22,0,home,2.5,210.0,120.0,-140.0,3.0,102.5,1.0,0,True,1452.955025045729,1316.841587023515,1471.1802163674008,1298.6163957018432,136.1134380222138,0.7956261022953757
2016,2016-04-11,True,False,atl,cle,94,109,26,19,30,19,0,22,29,39,19,0,home,6.5,205.0,235.0,-275.0,1.5,107.5,1.0,0,True,1582.3700025263324,1771.5277828456935,1658.685016687273,1695.212768684753,-189.1577803193611,0.37443583820818155
2016,2016-04-11,True,False,cha,bos,114,100,24,39,31,20,0,28,13,31,28,0,home,7.0,210.0,250.0,-300.0,9.0,104.5,0.0,1,False,1603.3159533177102,1561.4223555958397,1523.9985204995328,1640.739788414017,41.89359772187049,0.6935577537682238
2016,2016-04-11,True,False,wsh,bkn,120,111,34,36,30,20,0,28,41,29,13,0,away,6.5,213.5,-270.0,230.0,4.0,107.5,1.0,1,False,1164.9473823112642,1537.9113533305128,1147.5183628227358,1555.3403728190412,-372.9639710192487,0.17203015883754913
2016,2016-04-11,True,False,lal,okc,79,112,21,27,13,18,0,27,31,31,23,0,home,16.0,216.5,1300.0,-3500.0,6.5,108.0,1.0,0,True,1726.5605223994328,1132.1252686105925,1728.3151393719074,1130.3706516381178,594.4352537888403,0.9819694146268282
2016,2016-04-11,True,False,chi,no,121,116,27,26,36,32,0,29,33,26,28,0,away,5.0,204.5,-210.0,180.0,5.5,103.5,2.0,1,False,1269.2914151493899,1368.1655017331263,1229.744965457786,1407.7119514247302,-98.87408658373647,0.5016203139831451
2016,2016-04-11,True,False,hou,min,129,105,38,30,35,26,0,21,26,27,31,0,away,3.5,217.5,-160.0,140.0,4.0,106.5,1.0,1,False,1437.5904576890362,1524.320662637693,1364.0718181246452,1597.839302202084,-86.73020494865682,0.5190874898028702
2016,2016-04-11,True,False,dal,utah,101,92,22,28,21,30,0,20,26,18,28,0,home,7.0,181.5,250.0,-300.0,6.0,92.5,0.0,1,False,1646.4712282945711,1570.6841563498817,1577.4028176341446,1639.7525670103082,75.78707194468939,0.7333941108816727
2016,2016-04-11,True,False,sac,phx,105,101,26,30,31,18,0,22,27,23,29,0,home,6.0,218.5,205.0,-245.0,6.0,110.0,0.0,0,False,1297.363336007769,1398.8466452087212,1262.1068670782038,1434.1031141382864,-101.48330920095214,0.4978653594353283
2016,2016-04-12,True,False,phi,tor,98,122,23,38,13,24,0,32,23,32,35,0,home,12.0,204.5,750.0,-1200.0,10.5,103.5,1.0,1,True,1716.6797406525206,1063.7932693498444,1717.7890144381656,1062.6839955641994,652.8864713026762,0.9870543197728591
2016,2016-04-12,True,False,ny,ind,90,102,36,18,16,20,0,29,24,26,23,0,home,11.0,197.5,550.0,-800.0,8.0,98.5,1.0,0,True,1522.7796749228373,1313.8286875398728,1536.2683402208595,1300.3400222418506,208.9509873829645,0.8555072018453471
2016,2016-04-12,True,False,mem,lac,84,110,22,21,21,20,0,29,32,23,26,0,home,9.0,200.0,330.0,-400.0,0.5,98.5,1.0,0,True,1752.238070759084,1357.2816120246664,1757.9269377892022,1351.5927449945482,394.95645873441754,0.9452772327279171
2016,2016-04-12,True,False,mia,det,99,93,19,31,21,28,0,17,33,19,24,0,away,2.0,200.0,-135.0,115.0,2.0,97.5,1.0,0,False,1582.6928007661563,1637.0290763773214,1534.2883989094685,1685.4334782340093,-54.33627561116509,0.5653395881261639
2016,2016-04-12,True,False,okc,sa,98,102,32,21,19,21,5,21,22,31,19,9,home,12.5,202.5,700.0,-1100.0,12.5,102.5,0.0,0,True,1733.3079520860138,1728.3151393719074,1758.205553145983,1703.4175383119382,4.992812714106321,0.6466593889453937
2016,2016-04-13,True,False,mia,bos,88,98,35,27,5,21,0,13,25,25,35,0,home,4.5,205.0,170.0,-190.0,8.0,99.5,1.0,0,True,1523.9985204995328,1685.4334782340093,1585.984317966871,1623.447680766671,-161.43495773447648,0.41249806017856744
2016,2016-04-13,True,False,orl,cha,103,117,22,28,29,24,0,38,28,20,31,0,home,7.5,211.5,280.0,-340.0,0.5,104.0,1.0,1,True,1640.739788414017,1471.1802163674008,1658.5523570038329,1453.367647777585,169.55957204661627,0.8251605184719516
2016,2016-04-13,True,False,lac,phx,105,114,27,28,20,30,0,25,37,23,29,0,home,5.0,206.0,165.0,-185.0,0.5,103.0,1.0,1,True,1262.1068670782038,1757.9269377892022,1354.0068091428864,1666.0269957245196,-495.8200707109984,0.09291732441090579
2016,2016-04-13,True,False,den,por,99,107,31,25,23,20,0,27,31,29,20,0,home,9.5,218.0,330.0,-400.0,5.0,109.5,0.0,0,True,1695.6348265835234,1340.605474533401,1700.4795192920717,1335.7607818248528,355.02935205012227,0.93209717955656
2016,2016-04-13,True,False,mem,gs,104,125,23,27,31,23,0,37,33,32,23,0,home,17.0,213.0,2000.0,-9900.0,4.5,105.5,1.0,1,True,1921.418178327947,1351.5927449945482,1923.2131208634141,1349.7978024590811,569.8254333333989,0.9792821700558522
2016,2016-04-13,True,False,utah,lal,96,101,21,36,18,21,0,19,23,24,35,0,away,3.5,196.0,-155.0,135.0,3.0,100.0,0.0,1,True,1130.3706516381178,1577.4028176341446,1199.7911784434332,1507.9822908288293,-447.03216599602683,0.11944696111745093
2016,2016-04-13,True,False,phi,chi,105,115,32,28,13,32,0,16,35,35,29,0,home,9.0,209.5,400.0,-500.0,7.0,106.5,1.0,1,True,1407.7119514247302,1062.6839955641994,1413.331465395599,1057.0644815933306,345.0279558605307,0.9283613854378715
2016,2016-04-13,True,False,ind,mil,97,92,37,25,16,19,0,20,26,24,22,0,home,5.0,201.5,170.0,-190.0,6.5,101.0,0.0,0,False,1298.6163957018432,1536.2683402208595,1274.046234864652,1560.8385010580507,-237.6519445190163,0.3116560877115837
2016,2016-04-13,True,False,tor,bkn,103,96,16,33,29,25,0,26,21,19,30,0,away,5.5,207.0,-215.0,185.0,3.0,102.5,1.0,0,False,1147.5183628227358,1717.7890144381656,1141.7947781285166,1723.5125991323848,-570.2706516154299,0.06255596404892379
2016,2016-04-13,True,False,no,min,109,144,23,27,29,30,0,40,32,34,38,0,home,9.5,213.0,425.0,-550.0,0.0,106.0,1.0,1,True,1364.0718181246452,1229.744965457786,1392.7135640321208,1201.1032195503105,134.32685266685917,0.7939487183098562
2016,2016-04-13,True,False,sa,dal,96,91,20,14,31,31,0,27,25,15,24,0,home,5.0,187.5,175.0,-200.0,2.5,95.5,0.0,0,False,1639.7525670103082,1758.205553145983,1602.4254973002814,1795.5326228560098,-118.45298613567479,0.4734689605269336
2016,2016-04-13,True,False,sac,hou,81,116,18,26,20,17,0,34,30,28,24,0,home,15.5,219.5,1200.0,-3000.0,3.5,108.5,1.0,0,True,1597.839302202084,1434.1031141382864,1622.190759522364,1409.7516568180063,163.7361880637975,0.8202714312485885
2016,2016-04-13,True,False,det,cle,112,110,29,29,24,21,9,24,20,28,31,7,home,3.5,195.0,145.0,-165.0,6.0,96.5,0.0,1,False,1658.685016687273,1534.2883989094685,1624.9611528610242,1568.0122627357173,124.39661777780452,0.7844399954659664
2016,2016-04-13,True,False,atl,wsh,98,109,33,26,17,22,0,33,24,27,25,0,away,8.5,209.5,-390.0,325.0,5.5,108.5,0.0,0,True,1555.3403728190412,1695.212768684753,1616.2547225832304,1634.2984189205638,-139.87239586571172,0.44286959825500033
