season,date,regular,playoffs,away_team,home_team,score_away,score_home,q1_away,q2_away,q3_away,q4_away,ot_away,q1_home,q2_home,q3_home,q4_home,ot_home,whos_favored,spread,total,away_ml,home_ml,h2_spread,h2_total,id_spread,id_total,home_won,home_elo_before,away_elo_before,home_elo_after,away_elo_after,elo_diff,elo_prob_home
2019,2018-10-16,True,False,phi,bos,87,105,21,21,24,21,0,21,26,30,28,0,home,4.5,211.5,170.0,-200.0,1.0,106.0,1.0,0,True,1545.245505320202,1741.0806355194431,1627.4513676543413,1658.8747731853039,-195.83513019924112,0.36547672875274445
2019,2018-10-16,True,False,okc,gs,100,108,23,24,32,21,0,31,26,26,25,0,home,12.0,220.5,711.0,-1100.0,4.5,108.5,0.0,0,True,1478.3378055435103,1667.8128182456503,1538.8573671415775,1607.2932566475831,-189.47501270214002,0.3740081938088642
2019,2018-10-17,True,False,min,sa,108,112,23,29,31,25,0,31,25,25,31,0,home,2.5,212.0,125.0,-145.0,0.5,105.0,1.0,1,True,1593.7949527988894,1591.6265650753837,1619.025851865158,1566.395666009115,2.1683877235057025,0.64293562532966
2019,2018-10-17,True,False,den,lac,107,98,29,30,15,33,0,24,30,18,26,0,away,2.0,222.5,-125.0,105.0,0.5,110.5,1.0,0,False,1404.657343541901,1632.68367515458,1371.865615513919,1665.4754031825619,-228.0263316126791,0.32366514851419786
2019,2018-10-17,True,False,dal,phx,100,121,24,22,27,27,0,37,19,27,38,0,away,2.5,212.5,-130.0,110.0,4.5,106.0,0.0,1,True,1231.9841314567925,1299.9219808570194,1293.7293526519063,1238.1767596619056,-67.93784940022692,0.5460106087567665
2019,2018-10-17,True,False,utah,sac,123,117,30,38,25,30,0,34,21,32,30,0,away,8.5,205.5,-400.0,317.0,1.5,106.0,0.0,1,False,1352.7854925052886,1728.2420294345316,1338.2304231631163,1742.797098776704,-375.45653692924293,0.16999604563679835
2019,2018-10-17,True,False,atl,ny,107,126,24,25,35,23,0,23,49,34,20,0,home,4.0,216.5,148.0,-170.0,4.0,106.0,1.0,1,True,1361.0614291491124,1319.5207463583247,1399.8979037893005,1280.6842717181366,41.54068279078774,0.6931258095587359
2019,2018-10-17,True,False,cle,tor,104,116,25,22,28,29,0,28,32,30,26,0,home,12.5,215.5,797.0,-1300.0,3.0,106.5,0.0,1,True,1664.883474102116,1585.584904867229,1692.3500192849292,1558.1183596844157,79.29856923488705,0.737327766943675
2019,2018-10-17,True,False,mia,orl,101,104,31,20,27,23,0,25,29,25,25,0,away,2.5,208.0,-135.0,115.0,3.0,103.0,0.0,0,True,1296.8107443001857,1502.2630076682406,1336.2918430243542,1462.781908944072,-205.4522633680549,0.3527365302476635
2019,2018-10-17,True,False,mil,cha,113,112,36,31,26,20,0,23,31,29,29,0,away,3.0,222.0,-165.0,144.0,2.5,114.0,0.0,1,False,1477.5236831016703,1520.5048105449177,1459.7940675227767,1538.2344261238113,-42.98112744324749,0.581327919830399
2019,2018-10-17,True,False,mem,ind,83,111,16,23,19,25,0,27,29,20,35,0,home,7.5,204.5,263.0,-325.0,1.0,99.0,1.0,0,True,1572.549808297701,1328.3969251772369,1586.983167047459,1313.963566427479,244.15288312046414,0.8787987196397832
2019,2018-10-17,True,False,bkn,det,100,103,29,22,25,24,0,24,27,32,20,0,home,6.0,213.0,211.0,-255.0,4.0,110.5,0.0,0,True,1494.050788650696,1442.8293614886397,1511.1768289606764,1425.7033211786593,51.221427162056216,0.7048498330052128
2019,2018-10-17,True,False,no,hou,131,112,35,36,30,30,0,29,25,30,28,0,home,8.0,233.0,278.0,-345.0,9.5,114.0,0.0,1,False,1718.2232836546348,1671.002038669238,1630.1106530617037,1759.114669262169,47.22124498539688,0.7000369061609267
2019,2018-10-18,True,False,chi,phi,108,127,41,17,18,32,0,38,27,37,25,0,home,12.5,221.0,733.0,-1150.0,5.0,109.0,1.0,1,True,1658.8747731853039,1247.7500885943518,1663.5548721475936,1243.069989632062,411.12468459095203,0.9498968823209786
2019,2018-10-18,True,False,mia,wsh,113,112,24,34,27,28,0,25,34,30,23,0,home,6.0,215.0,215.0,-260.0,3.5,106.5,0.0,1,False,1378.0216219613144,1462.781908944072,1362.1039289063124,1478.699601999074,-84.76028698275763,0.5219176552919135
2019,2018-10-18,True,False,lal,por,119,128,31,32,28,28,0,34,31,28,35,0,home,3.0,224.0,135.0,-155.0,1.5,112.0,1.0,1,True,1652.6846904723625,1498.1656574888348,1669.1547307253288,1481.6956172358684,154.51903298352772,0.8123159388045436
2019,2018-10-19,True,False,ind,mil,101,118,25,28,23,25,0,30,32,31,25,0,home,3.5,217.0,144.0,-165.0,0.5,105.5,1.0,1,True,1538.2344261238113,1586.983167047459,1592.5099730598865,1532.7076201113837,-48.748740923647574,0.5732261241938186
2019,2018-10-19,True,False,atl,mem,117,131,33,28,21,35,0,37,40,29,25,0,home,7.0,217.0,237.0,-290.0,0.5,107.5,1.0,1,True,1313.963566427479,1280.6842717181366,1350.5282976079175,1244.1195405376982,33.279294709342366,0.6829186311547014
2019,2018-10-19,True,False,gs,utah,124,123,32,37,28,27,0,34,47,22,20,0,away,2.5,217.5,-135.0,115.0,5.5,108.5,0.0,1,False,1742.797098776704,1538.8573671415775,1721.2164575780353,1560.4380083402461,203.93973163512646,0.8519045810814512
2019,2018-10-19,True,False,cle,min,123,131,30,24,41,28,0,32,39,33,27,0,home,8.5,223.0,334.0,-425.0,1.0,107.5,0.0,1,True,1566.395666009115,1558.1183596844157,1599.86238312439,1524.651642569141,8.277306324699339,0.6509674095573962
2019,2018-10-19,True,False,cha,orl,120,88,22,29,31,38,0,10,21,23,34,0,away,1.5,215.5,-125.0,105.0,4.5,107.5,1.0,0,False,1336.2918430243542,1459.7940675227767,1264.5642097321897,1531.5217008149411,-123.50222449842249,0.46622907437074473
2019,2018-10-19,True,False,sac,no,129,149,32,31,27,39,0,40,32,38,39,0,home,11.5,232.5,664.0,-1000.0,4.0,115.0,1.0,1,True,1759.114669262169,1338.2304231631163,1763.5925176953717,1333.7525747299135,420.8842460990527,0.9525040878159496
2019,2018-10-19,True,False,bos,tor,101,113,25,28,26,22,0,18,31,33,31,0,home,3.0,209.5,135.0,-155.0,2.5,109.0,1.0,1,True,1692.3500192849292,1627.4513676543413,1721.9225350171728,1597.8788519220977,64.89865163058789,0.7209608904524248
2019,2018-10-19,True,False,ny,bkn,105,107,24,26,26,29,0,33,24,17,33,0,home,4.0,222.0,148.0,-170.0,0.0,110.0,0.0,0,True,1425.7033211786593,1399.8979037893005,1441.0875418958062,1384.5136830721535,25.80541738935881,0.673529938286237
2019,2018-10-19,True,False,okc,lac,92,108,20,26,31,15,0,27,21,23,37,0,home,3.0,214.0,130.0,-150.0,1.0,106.0,1.0,0,True,1371.865615513919,1607.2932566475831,1457.3322765010255,1521.8265956604766,-235.4276411336641,0.31440951405289286
2019,2018-10-20,True,False,det,chi,118,116,25,35,25,33,0,27,31,26,32,0,away,5.0,217.0,-200.0,170.0,2.5,106.5,0.0,1,False,1243.069989632062,1511.1768289606764,1229.760392708538,1524.4864258842006,-268.10683932861434,0.2753390275087178
2019,2018-10-20,True,False,sa,por,108,121,22,28,32,26,0,22,37,38,24,0,home,5.0,214.0,172.0,-205.0,0.0,110.0,1.0,1,True,1669.1547307253288,1619.025851865158,1701.9359686927771,1586.2446138977098,50.128878860170744,0.7035397632320507
2019,2018-10-20,True,False,phx,den,91,119,16,33,30,12,0,30,35,27,27,0,home,10.5,224.5,459.0,-620.0,1.0,110.5,1.0,0,True,1665.4754031825619,1293.7293526519063,1672.1784194884,1287.026336346068,371.74605053065557,0.9379402466304493
2019,2018-10-20,True,False,min,dal,136,140,46,23,30,37,0,37,32,28,43,0,home,2.0,220.5,110.0,-130.0,1.0,110.0,1.0,1,True,1238.1767596619056,1599.86238312439,1296.140800747955,1541.8983420383406,-361.6856234624843,0.18147537102247488
2019,2018-10-20,True,False,hou,lal,124,115,31,35,32,26,0,28,34,35,18,0,away,3.5,237.5,-160.0,140.0,1.0,117.0,1.0,1,False,1481.6956172358684,1630.1106530617037,1438.0524245090824,1673.7538457884898,-148.41503582583528,0.430772676679166
2019,2018-10-20,True,False,orl,phi,115,116,32,20,34,29,0,30,33,26,27,0,home,12.5,217.5,797.0,-1300.0,4.0,106.5,0.0,1,True,1663.5548721475936,1264.5642097321897,1664.7219283053814,1263.397153574402,398.9906624154039,0.9464661555474677
2019,2018-10-20,True,False,bkn,ind,112,132,29,29,27,27,0,33,34,28,37,0,home,8.0,214.5,303.0,-380.0,2.0,111.5,1.0,1,True,1532.7076201113837,1441.0875418958062,1563.2844770262625,1410.5106849809274,91.62007821557745,0.7508318656346286
2019,2018-10-20,True,False,tor,wsh,117,113,24,33,33,27,0,22,32,28,31,0,home,2.0,219.5,110.0,-130.0,1.5,108.5,0.0,1,False,1362.1039289063124,1721.9225350171728,1349.1392620370439,1734.8872018864413,-359.8186061108604,0.1830772827455472
2019,2018-10-20,True,False,cha,mia,113,112,34,38,20,21,0,29,23,30,30,0,home,3.5,220.5,135.0,-155.0,7.0,112.0,0.0,1,False,1478.699601999074,1531.5217008149411,1461.3923201957468,1548.8289826182684,-52.82209881586709,0.567480218839275
2019,2018-10-20,True,False,bos,ny,103,101,31,19,27,26,0,18,30,22,31,0,away,9.5,210.5,-500.0,384.0,6.5,109.0,0.0,0,False,1384.5136830721535,1597.8788519220977,1367.9620506824406,1614.4304843118107,-213.3651688499442,0.3424078424050932
2019,2018-10-21,True,False,atl,cle,133,111,24,40,28,41,0,34,26,26,25,0,home,8.0,232.5,303.0,-380.0,8.0,115.0,0.0,1,False,1524.651642569141,1244.1195405376982,1427.7527946131968,1341.0183884936423,280.5321020314427,0.8993948649095377
2019,2018-10-21,True,False,sac,okc,131,120,34,34,29,34,0,32,24,34,30,0,home,10.5,222.5,477.0,-650.0,10.0,111.5,0.0,1,False,1521.8265956604766,1333.7525747299135,1444.5224720297606,1411.0566983606295,188.07402093056317,0.8400079682917752
2019,2018-10-21,True,False,gs,den,98,100,25,24,21,28,0,17,30,33,20,0,away,4.5,230.5,-189.0,163.0,2.5,113.0,0.0,0,True,1672.1784194884,1560.4380083402461,1682.0977970682427,1550.5186307604035,111.74041114815395,0.7718656480896067
2019,2018-10-21,True,False,hou,lac,112,115,24,29,31,28,0,29,25,39,22,0,home,2.5,220.5,115.0,-135.0,1.0,107.5,1.0,1,True,1457.3322765010255,1673.7538457884898,1497.684362461602,1633.4017598279133,-216.4215692874643,0.33845733744489864
2019,2018-10-22,True,False,wsh,por,125,124,28,34,16,33,14,32,30,15,34,13,home,4.5,228.0,160.0,-185.0,3.5,114.0,0.0,1,False,1701.9359686927771,1349.1392620370439,1680.940503184744,1370.1347275450769,352.79670665573326,0.9312792103293563
2019,2018-10-22,True,False,chi,dal,109,115,28,33,23,25,0,31,28,29,27,0,home,5.0,229.0,170.0,-200.0,4.5,112.0,1.0,0,True,1296.140800747955,1229.760392708538,1318.4074303177222,1207.4937631387706,66.38040803941703,0.7226736204813239
2019,2018-10-22,True,False,sa,lal,143,142,40,25,34,29,15,26,34,36,32,14,home,2.0,226.5,110.0,-130.0,2.5,116.5,0.0,1,False,1438.0524245090824,1586.2446138977098,1424.9049201219775,1599.3921182848146,-148.1921893886274,0.4310872586214104
2019,2018-10-22,True,False,mem,utah,92,84,19,28,23,22,0,22,24,17,21,0,home,11.0,213.5,506.0,-700.0,8.0,105.0,0.0,0,False,1721.2164575780353,1350.5282976079175,1655.086379664282,1416.6583755216707,370.6881599701178,0.9375848280810963
2019,2018-10-22,True,False,orl,bos,93,90,28,20,27,18,0,19,26,25,20,0,home,11.0,211.5,611.0,-894.0,9.5,104.5,0.0,0,False,1614.4304843118107,1263.397153574402,1572.414205129726,1305.4134327564866,351.03333073740873,0.9306267256043876
2019,2018-10-22,True,False,ny,mil,113,124,29,23,35,26,0,33,38,17,36,0,home,11.5,227.0,614.0,-900.0,1.0,110.5,0.0,1,True,1592.5099730598865,1367.9620506824406,1604.4515899004923,1356.0204338418348,224.54792237744596,0.8662554286108348
2019,2018-10-22,True,False,ind,min,91,101,28,21,24,18,0,25,25,22,29,0,home,2.0,229.5,110.0,-130.0,1.0,112.0,1.0,0,True,1541.8983420383406,1563.2844770262625,1582.9151377680382,1522.2676812965651,-21.386134987921878,0.6112424451882827
2019,2018-10-22,True,False,phx,gs,103,123,23,24,34,22,0,32,38,36,17,0,home,12.5,227.5,797.0,-1300.0,1.5,111.0,1.0,0,True,1550.5186307604035,1287.026336346068,1562.1636213933712,1275.3813457131005,263.49229441433545,0.8901652197120347
2019,2018-10-22,True,False,cha,tor,106,127,22,25,32,27,0,31,31,35,30,0,home,8.5,225.0,317.0,-400.0,0.0,115.5,1.0,1,True,1734.8872018864413,1548.8289826182684,1753.4131002053766,1530.303084299333,186.05821926817293,0.8384423091293499
2019,2018-10-23,True,False,phi,det,132,133,28,36,30,26,12,27,34,26,33,13,away,1.0,214.5,-120.0,100.0,0.5,105.5,0.0,1,True,1524.4864258842006,1664.7219283053814,1541.4937811393534,1647.7145730502286,-140.23550242118085,0.44235392988077477
2019,2018-10-23,True,False,lac,no,109,116,26,36,22,25,0,27,32,32,25,0,home,5.5,237.5,203.0,-245.0,5.5,116.0,1.0,0,True,1763.5925176953717,1497.684362461602,1771.4332513397424,1489.8436288172313,265.9081552337698,0.8915175446641771
2019,2018-10-23,True,False,sac,den,112,126,26,29,26,31,0,33,35,37,21,0,home,12.0,229.5,614.0,-900.0,3.0,111.5,1.0,1,True,1682.0977970682427,1411.0566983606295,1692.0027138875814,1401.1517815412908,271.0410987076132,0.8943423276582093
2019,2018-10-24,True,False,wsh,gs,122,144,37,34,26,25,0,46,34,35,29,0,home,10.0,235.5,450.0,-650.0,3.0,118.0,1.0,1,True,1562.1636213933712,1370.1347275450769,1580.329227453852,1351.9691214845961,192.02889384829427,0.8430439741122276
2019,2018-10-24,True,False,mem,sac,92,97,28,24,19,21,0,19,25,27,26,0,away,2.5,220.5,-140.0,120.0,1.0,105.5,0.0,0,True,1401.1517815412908,1416.6583755216707,1431.168810697432,1386.6413463655294,-15.506593980379876,0.6192540238740663
2019,2018-10-24,True,False,lal,phx,131,113,32,44,30,25,0,30,24,32,27,0,away,5.5,238.0,-230.0,185.0,4.0,115.5,1.0,1,False,1275.3813457131005,1424.9049201219775,1219.7750852057027,1480.5111806293753,-149.52357440887704,0.4292086393494134
2019,2018-10-24,True,False,phi,mil,108,123,34,30,17,27,0,22,49,21,31,0,home,5.0,228.5,180.0,-220.0,0.5,113.0,1.0,1,True,1604.4515899004923,1647.7145730502286,1655.5752120579234,1596.5909508927975,-43.26298314973633,0.5809329763704144
2019,2018-10-24,True,False,ind,sa,116,96,28,34,26,28,0,22,28,21,25,0,home,1.5,210.5,105.0,-125.0,4.0,103.0,0.0,1,False,1599.3921182848146,1522.2676812965651,1507.995052141037,1613.6647474403428,77.1244369882495,0.7348966681984971
2019,2018-10-24,True,False,ny,mia,87,110,27,18,20,22,0,16,31,45,18,0,home,8.0,218.0,300.0,-400.0,4.5,106.0,1.0,0,True,1461.3923201957468,1356.0204338418348,1491.0770827295921,1326.3356713079895,105.37188635391203,0.7653459424768027
2019,2018-10-24,True,False,cha,chi,110,112,27,26,29,28,0,24,30,34,24,0,away,4.5,229.5,-200.0,170.0,4.0,118.0,0.0,0,True,1207.4937631387706,1530.303084299333,1245.3378815357346,1492.458965902369,-322.8093211605624,0.21710906677211747
2019,2018-10-24,True,False,min,tor,105,112,19,29,26,31,0,26,31,26,29,0,home,8.5,226.5,325.0,-425.0,2.0,111.5,0.0,0,True,1753.4131002053766,1582.9151377680382,1767.0191332178292,1569.3091047555856,170.4979624373384,0.825938472610454
2019,2018-10-24,True,False,dal,atl,104,111,42,16,29,17,0,22,26,32,31,0,away,2.0,235.5,-130.0,110.0,2.5,116.0,0.0,0,True,1341.0183884936423,1318.4074303177222,1370.5913651907472,1288.8344536206173,22.610958175920132,0.6694736474566043
2019,2018-10-24,True,False,bkn,cle,102,86,24,21,38,19,0,17,28,17,24,0,home,2.5,226.0,125.0,-145.0,2.0,116.0,0.0,0,False,1427.7527946131968,1410.5106849809274,1346.5522966385226,1491.7111829556015,17.242109632269376,0.6625994444550494
2019,2018-10-24,True,False,utah,hou,100,89,24,28,23,25,0,29,15,22,23,0,home,1.0,217.5,-105.0,-115.0,3.0,110.5,0.0,0,False,1633.4017598279133,1655.086379664282,1566.6156709323238,1721.8724685598715,-21.68461983636871,0.6108340757377897
2019,2018-10-25,True,False,den,lal,114,121,26,31,32,25,0,22,36,29,34,0,away,1.5,235.0,-120.0,100.0,1.0,115.0,0.0,2,True,1480.5111806293753,1692.0027138875814,1540.45528206931,1632.0586124476467,-211.49153325820612,0.34484047062167716
2019,2018-10-25,True,False,bos,okc,101,95,16,18,40,27,0,22,28,23,22,0,home,0.0,219.0,-110.0,-110.0,5.0,112.0,0.0,0,False,1444.5224720297606,1572.414205129726,1405.1418247302756,1611.794852429211,-127.89173309996545,0.45994657656029797
2019,2018-10-25,True,False,por,orl,128,114,33,25,33,37,0,22,26,36,30,0,away,3.5,213.5,-170.0,145.0,1.5,110.0,1.0,1,False,1305.4134327564866,1680.940503184744,1285.1645137242851,1701.1894222169456,-375.5270704282575,0.16993876446234119
2019,2018-10-25,True,False,cle,det,103,110,27,23,18,35,0,30,28,22,30,0,home,9.5,216.5,375.0,-500.0,3.5,106.5,0.0,0,True,1541.4937811393534,1346.5522966385226,1553.342846533502,1334.703231244374,194.9414845008307,0.8452497558923545
2019,2018-10-26,True,False,chi,cha,106,135,25,29,21,31,0,23,45,34,33,0,home,10.5,223.0,450.0,-650.0,1.5,109.5,1.0,1,True,1492.458965902369,1245.3378815357346,1506.7859654371339,1231.0108820009698,247.12108436663448,0.8806068650207347
2019,2018-10-26,True,False,dal,tor,107,116,26,34,29,18,0,39,30,23,24,0,home,11.5,221.5,650.0,-1000.0,4.5,109.5,0.0,1,True,1767.0191332178292,1288.8344536206173,1769.3914866919501,1286.4621001464964,478.1846795972119,0.965386961152482
2019,2018-10-26,True,False,gs,ny,128,100,25,28,28,47,0,25,28,31,16,0,away,11.5,225.0,-1000.0,650.0,8.5,109.5,1.0,1,False,1326.3356713079895,1580.329227453852,1283.0961709217015,1623.56872784014,-253.99355614586239,0.29184127783454333
2019,2018-10-26,True,False,bkn,no,115,117,30,36,25,24,0,32,25,31,29,0,home,9.0,231.5,375.0,-500.0,9.0,119.0,0.0,1,True,1771.4332513397424,1491.7111829556015,1775.2493758911532,1487.8950584041906,279.7220683841408,0.8989721592305813
2019,2018-10-26,True,False,lac,hou,133,113,31,39,26,37,0,30,31,22,30,0,home,4.0,217.5,150.0,-180.0,5.0,107.0,0.0,1,False,1566.6156709323238,1489.8436288172313,1475.2378838462419,1581.2214159033133,76.77204211509252,0.7345012710031363
2019,2018-10-26,True,False,mil,min,125,95,27,36,34,28,0,16,22,29,28,0,away,2.0,233.0,-130.0,110.0,5.5,118.0,1.0,0,False,1569.3091047555856,1655.5752120579234,1490.7765907469022,1734.1077260666068,-86.26610730233779,0.5197543722651443
2019,2018-10-26,True,False,wsh,sac,112,116,27,34,24,27,0,28,27,24,37,0,away,5.5,236.0,-240.0,190.0,1.5,115.5,0.0,0,True,1431.168810697432,1351.9691214845961,1448.4121554934084,1334.7257766886198,79.19968921283589,0.7372175121027299
2019,2018-10-27,True,False,bos,det,109,89,30,33,21,25,0,21,20,26,22,0,away,3.5,212.0,-160.0,140.0,4.5,110.5,1.0,0,False,1553.342846533502,1611.794852429211,1478.3915914893867,1686.7461074733264,-58.45200589570891,0.5595089704488275
2019,2018-10-27,True,False,phx,mem,96,117,18,25,28,25,0,26,42,19,30,0,home,7.5,207.0,275.0,-350.0,3.0,101.0,1.0,1,True,1386.6413463655294,1219.7750852057027,1407.2820525728887,1199.1343789983434,166.86626115982676,0.8229124666214429
2019,2018-10-27,True,False,por,mia,111,120,22,20,37,32,0,33,24,32,31,0,home,1.5,220.5,105.0,-125.0,4.0,113.5,1.0,1,True,1491.0770827295921,1701.1894222169456,1557.2717994656393,1634.9947054808983,-210.11233948735344,0.34663635887240607
2019,2018-10-27,True,False,ind,cle,119,107,30,30,28,31,0,30,25,28,24,0,away,7.5,213.5,-350.0,275.0,3.0,104.5,1.0,1,False,1334.703231244374,1613.6647474403428,1305.0161995939368,1643.35177909078,-278.9615161959689,0.2630481817584109
2019,2018-10-27,True,False,chi,atl,97,85,22,19,26,30,0,25,19,19,22,0,home,5.5,232.5,190.0,-240.0,3.0,116.5,0.0,0,False,1370.5913651907472,1231.0108820009698,1291.4774429699276,1310.1248042217894,139.5804831897774,0.798852221967328
2019,2018-10-27,True,False,cha,phi,103,105,28,34,23,18,0,32,31,20,22,0,home,7.0,232.5,230.0,-280.0,5.0,113.5,0.0,0,True,1596.5909508927975,1506.7859654371339,1607.7298807742309,1495.6470355557005,89.80498545566365,0.7488720037864567
2019,2018-10-27,True,False,utah,no,132,111,28,36,38,30,0,31,18,33,29,0,away,6.0,220.5,-260.0,210.0,1.5,113.0,1.0,1,False,1775.2493758911532,1721.8724685598715,1683.9108523882735,1813.2109920627513,53.3769073312817,0.7074245608624822
2019,2018-10-27,True,False,orl,mil,91,113,25,26,17,23,0,30,35,28,20,0,home,9.0,220.0,375.0,-500.0,1.0,107.0,1.0,0,True,1734.1077260666068,1285.1645137242851,1737.9830110704243,1281.2892287204677,448.94321234232166,0.9592998198030389
2019,2018-10-27,True,False,lal,sa,106,110,36,24,28,18,0,29,25,33,23,0,away,1.0,232.5,-115.0,-105.0,1.5,114.0,0.0,0,True,1507.995052141037,1540.45528206931,1536.6050278330222,1511.8453063773247,-32.460229928273066,0.5959914233106424
2019,2018-10-28,True,False,utah,dal,113,104,26,24,32,31,0,19,27,31,27,0,away,4.5,214.0,-200.0,170.0,2.0,112.0,1.0,1,False,1286.4621001464964,1813.2109920627513,1278.462381805389,1821.2107104038587,-526.7488919162549,0.07895985300734382
2019,2018-10-28,True,False,wsh,lac,104,136,20,34,23,27,0,28,41,28,39,0,home,3.5,229.0,145.0,-170.0,4.0,112.5,1.0,1,True,1581.2214159033133,1334.7257766886198,1596.0040685646095,1319.9431240273236,246.49563921469348,0.8802278107355286
2019,2018-10-28,True,False,gs,bkn,120,114,32,31,30,27,0,29,20,28,37,0,away,9.5,227.0,-650.0,450.0,1.5,111.5,0.0,1,False,1487.8950584041906,1623.56872784014,1449.4652609121713,1661.9985253321593,-135.67366943594925,0.4488411188353166
2019,2018-10-28,True,False,phx,okc,110,117,20,28,28,34,0,30,32,34,21,0,home,13.0,220.5,1000.0,-2000.0,2.5,109.0,0.0,1,True,1405.1418247302756,1199.1343789983434,1416.2638382703042,1188.012365458315,206.0074457319322,0.8533999844762288
2019,2018-10-29,True,False,dal,sa,108,113,18,27,29,28,6,20,33,23,26,11,home,7.0,214.5,250.0,-310.0,2.0,105.5,0.0,1,True,1536.6050278330222,1278.462381805389,1543.678412367663,1271.3889972707482,258.1426460276332,0.8871179813673967
2019,2018-10-29,True,False,lal,min,120,124,32,34,28,26,0,36,28,29,31,0,away,1.5,240.0,-125.0,105.0,0.5,118.5,0.0,1,True,1490.7765907469022,1511.8453063773247,1518.275820095179,1484.346077029048,-21.068715630422503,0.6116765484647427
2019,2018-10-29,True,False,gs,chi,149,124,44,48,33,24,0,28,22,39,35,0,away,11.0,227.0,-900.0,600.0,2.5,110.5,1.0,1,False,1310.1248042217894,1661.9985253321593,1282.8847235940227,1689.238605959926,-351.87372111036984,0.1900166966556803
2019,2018-10-29,True,False,tor,mil,109,124,29,24,27,29,0,30,32,33,29,0,away,2.0,222.5,-130.0,110.0,4.0,110.0,0.0,1,True,1737.9830110704243,1769.3914866919501,1787.0918545444433,1720.282643217931,-31.408475621525895,0.5974483810013652
2019,2018-10-29,True,False,no,den,111,116,24,21,31,35,0,20,38,26,32,0,home,9.5,229.5,375.0,-500.0,1.5,110.5,0.0,0,True,1632.0586124476467,1683.9108523882735,1666.0493633807257,1649.9201014551945,-51.85223994062676,0.5688500159043605
2019,2018-10-29,True,False,sac,mia,123,113,17,34,43,29,0,28,23,32,30,0,home,9.5,227.0,375.0,-500.0,6.0,111.5,0.0,1,False,1557.2717994656393,1448.4121554934084,1484.1082997352446,1521.575655223803,108.85964397223097,0.7689324010625013
2019,2018-10-29,True,False,por,ind,103,93,23,22,26,32,0,16,33,20,24,0,home,4.0,215.5,145.0,-170.0,1.0,112.0,0.0,0,False,1643.35177909078,1634.9947054808983,1575.2282123560924,1703.1182722155859,8.357073609881581,0.6510717314898687
2019,2018-10-29,True,False,atl,phi,92,113,25,22,13,32,0,20,27,31,35,0,home,11.0,231.0,650.0,-1000.0,7.5,113.5,1.0,0,True,1607.7298807742309,1291.4774429699276,1616.3544077609788,1282.8529159831796,316.2524378043033,0.9165326111107516
2019,2018-10-29,True,False,bkn,ny,96,115,26,18,23,29,0,26,26,33,30,0,home,1.0,215.0,100.0,-120.0,3.0,111.0,1.0,0,True,1283.0961709217015,1449.4652609121713,1361.4411009782007,1371.1203308556721,-166.36908999046977,0.4056322696417784
2019,2018-10-30,True,False,atl,cle,114,136,31,26,30,27,0,35,23,41,37,0,home,4.5,226.5,172.0,-205.0,3.0,112.5,1.0,1,True,1305.0161995939368,1282.8529159831796,1349.7044591923488,1238.1646563847676,22.163283610757162,0.6689031585957235
2019,2018-10-30,True,False,mia,cha,113,125,29,26,18,40,0,31,34,27,33,0,home,3.5,221.0,140.0,-160.0,2.0,108.0,1.0,1,True,1495.6470355557005,1484.1082997352446,1534.1141726690125,1445.6411626219326,11.53873582045594,0.6552209152249995
2019,2018-10-30,True,False,sac,orl,107,99,26,33,26,22,0,31,25,16,27,0,home,4.5,220.5,170.0,-200.0,4.0,107.5,0.0,0,False,1281.2892287204677,1521.575655223803,1251.4726044944714,1551.3922794497994,-240.2864265033354,0.3084120565465223
2019,2018-10-30,True,False,det,bos,105,108,28,30,13,34,0,31,25,25,27,0,home,8.5,212.0,371.0,-480.0,7.0,105.0,0.0,1,True,1686.7461074733264,1478.3915914893867,1694.0614617304263,1471.0762372322868,208.3545159839398,0.8550822446237154
2019,2018-10-30,True,False,phi,tor,112,129,26,27,33,26,0,35,32,38,24,0,home,6.0,228.0,215.0,-260.0,1.5,110.0,1.0,1,True,1720.282643217931,1616.3544077609788,1747.487919573327,1589.149131405583,103.92823545695228,0.7638501892290782
2019,2018-10-30,True,False,por,hou,104,85,19,32,34,19,0,15,21,26,23,0,home,4.5,223.5,170.0,-200.0,6.5,114.5,0.0,0,False,1475.2378838462419,1703.1182722155859,1432.5506173402155,1745.8055387216123,-227.88038836934402,0.3238490823858836
2019,2018-10-30,True,False,lac,okc,110,128,33,34,10,33,0,25,29,39,35,0,home,4.0,228.5,144.0,-165.0,5.5,112.0,1.0,1,True,1416.2638382703042,1596.0040685646095,1495.6530113892895,1516.6148954456241,-179.74023029430532,0.3872179380064316
2019,2018-10-30,True,False,wsh,mem,95,107,24,21,27,23,0,22,24,32,29,0,home,1.0,220.5,-105.0,-115.0,0.5,107.0,1.0,0,True,1407.2820525728887,1319.9431240273236,1433.6253611705117,1293.5998154297006,87.33892854556507,0.7461928894552166
2019,2018-10-31,True,False,no,gs,121,131,37,26,29,29,0,43,27,37,24,0,home,8.5,241.0,386.0,-502.0,3.0,118.0,1.0,1,True,1689.238605959926,1649.9201014551945,1720.6681184490444,1618.490588966076,39.318504504731436,0.6903982432194429
2019,2018-10-31,True,False,sa,phx,120,90,28,32,34,26,0,15,24,27,24,0,away,6.5,215.0,-350.0,281.0,2.5,110.0,1.0,0,False,1188.012365458315,1543.678412367663,1159.805946270056,1571.884831555922,-355.6660469093481,0.18667949045181434
2019,2018-10-31,True,False,det,bkn,119,120,22,38,23,27,9,28,26,23,33,10,home,2.0,217.0,110.0,-130.0,2.5,107.5,0.0,1,True,1371.1203308556721,1471.0762372322868,1386.367633522051,1455.828934565908,-99.95590637661462,0.5000634558245989
2019,2018-10-31,True,False,dal,lal,113,114,21,38,22,32,0,38,28,28,20,0,home,7.5,234.0,318.0,-402.0,1.5,114.0,0.0,0,True,1484.346077029048,1271.3889972707482,1487.9080990979169,1267.8269752018793,212.95707975829987,0.85833456417518
2019,2018-10-31,True,False,den,chi,108,107,28,23,29,18,10,24,24,30,20,9,away,8.0,221.0,-400.0,317.0,4.5,107.5,0.0,0,False,1282.8847235940227,1666.0493633807257,1277.8882587981236,1671.0458281766248,-383.164639786703,0.1638267041595424
2019,2018-10-31,True,False,ind,ny,107,101,28,22,27,30,0,25,27,29,20,0,away,6.0,208.5,-256.0,212.0,5.0,103.5,2.0,0,False,1361.4411009782007,1575.2282123560924,1332.170933384337,1604.498379949956,-213.78711137789173,0.3418611501675285
2019,2018-10-31,True,False,utah,min,125,128,25,31,40,29,0,32,33,36,27,0,away,7.0,222.0,-320.0,260.0,7.5,114.0,0.0,1,True,1518.275820095179,1821.2107104038587,1564.8053426325337,1774.681187866504,-302.93489030867977,0.23718282477757915
2019,2018-11-01,True,False,okc,cha,111,107,24,20,29,38,0,22,26,29,30,0,home,1.0,231.0,100.0,-120.0,0.5,113.5,0.0,0,False,1534.1141726690125,1495.6530113892895,1487.1061910288788,1542.6609930294233,38.461161279723,0.6893423477833426
2019,2018-11-01,True,False,lac,phi,113,122,30,27,29,27,0,34,38,18,32,0,home,5.5,229.0,190.0,-240.0,1.5,111.5,1.0,1,True,1589.149131405583,1516.6148954456241,1614.6806141062416,1491.0834127449655,72.53423595995878,0.7297169348861428
2019,2018-11-01,True,False,den,cle,110,91,15,35,33,27,0,27,15,24,25,0,away,5.0,218.5,-230.0,185.0,1.0,105.5,1.0,0,False,1349.7044591923488,1671.0458281766248,1320.8970559662735,1699.8532314027002,-321.34136898427596,0.21854880540002783
2019,2018-11-01,True,False,sac,atl,146,115,35,34,46,31,0,29,35,23,28,0,away,2.0,234.0,-135.0,115.0,0.5,114.0,1.0,1,False,1238.1646563847676,1551.3922794497994,1203.6052551478692,1585.9516806866977,-313.2276230650318,0.22663034900256895
2019,2018-11-01,True,False,mil,bos,113,117,16,37,25,35,0,23,32,38,24,0,home,2.5,220.5,120.0,-140.0,0.5,113.5,1.0,1,True,1694.0614617304263,1787.0918545444433,1728.7589088954965,1752.3944073793732,-93.03039281401698,0.510028725825125
2019,2018-11-01,True,False,no,por,119,132,31,34,34,20,0,35,35,32,30,0,home,8.0,229.5,275.0,-350.0,3.5,115.0,1.0,1,True,1745.8055387216123,1618.490588966076,1767.7179892515242,1596.5781384361642,127.31494975553619,0.7872670738856945
2019,2018-11-02,True,False,ny,dal,118,106,33,23,33,29,0,27,32,18,29,0,home,5.5,216.0,200.0,-250.0,3.0,106.5,0.0,1,False,1267.8269752018793,1332.170933384337,1205.6272450440815,1394.370663542135,-64.34395818245775,0.5511337784298682
2019,2018-11-02,True,False,mem,utah,110,100,29,24,30,27,0,31,29,18,22,0,home,8.0,201.5,275.0,-350.0,3.0,100.0,0.0,1,False,1774.681187866504,1433.6253611705117,1701.7632960493938,1506.5432529876218,341.0558266959922,0.926825711783533
2019,2018-11-02,True,False,min,gs,99,116,32,26,29,12,0,36,25,22,33,0,home,10.5,243.5,550.0,-800.0,6.0,119.0,1.0,0,True,1720.6681184490444,1564.8053426325337,1741.1890305096372,1544.284430571941,155.86277581651075,0.8134923906348047
2019,2018-11-02,True,False,tor,phx,107,98,23,25,29,30,0,26,26,19,27,0,away,10.0,226.5,-650.0,450.0,9.5,111.5,0.0,0,False,1159.805946270056,1747.487919573327,1154.0381822147237,1753.2556836286592,-587.681973303271,0.0569297295943346
2019,2018-11-02,True,False,okc,wsh,134,111,35,44,31,24,0,30,20,35,26,0,home,3.5,233.0,145.0,-170.0,8.5,113.0,0.0,1,False,1293.5998154297006,1542.6609930294233,1251.965005141384,1584.29580331774,-249.06117759972267,0.2977437573067267
2019,2018-11-02,True,False,ind,chi,107,105,22,38,27,20,0,37,21,22,25,0,away,7.0,213.5,-310.0,250.0,4.0,105.0,0.0,0,False,1277.8882587981236,1604.498379949956,1267.5720894075985,1614.814549340481,-326.61012115183235,0.21341322835870402
2019,2018-11-02,True,False,hou,bkn,119,111,25,31,35,28,0,32,29,25,25,0,away,4.0,220.5,-190.0,160.0,4.0,108.0,1.0,1,False,1386.367633522051,1432.5506173402155,1330.6004110317078,1488.3178398305586,-46.18298381816453,0.5768353803492801
2019,2018-11-02,True,False,lac,orl,120,95,22,35,30,33,0,22,22,28,23,0,away,3.5,219.5,-170.0,145.0,2.0,108.0,1.0,0,False,1251.4726044944714,1491.0834127449655,1207.140801474957,1535.4152157644799,-239.61080825049407,0.30924221119859063
2019,2018-11-03,True,False,utah,den,88,103,25,21,27,15,0,25,22,21,35,0,home,4.5,209.5,160.0,-190.0,2.5,109.0,1.0,0,True,1699.8532314027002,1701.7632960493938,1744.0726031675174,1657.5439242845766,-1.9100646466936269,0.6375280207026863
2019,2018-11-03,True,False,lal,por,114,110,28,28,32,26,0,29,28,16,37,0,home,3.5,236.0,135.0,-155.0,2.0,114.5,0.0,0,False,1767.7179892515242,1487.9080990979169,1717.9729405849516,1537.6531477644894,279.8098901536073,0.8990180639774745
2019,2018-11-03,True,False,no,sa,95,109,17,22,29,27,0,24,34,29,22,0,home,2.0,227.0,105.0,-125.0,5.0,109.5,1.0,0,True,1571.884831555922,1596.5781384361642,1618.7470896302782,1549.7158803618079,-24.69330688024229,0.6067091668248088
2019,2018-11-03,True,False,hou,chi,96,88,27,27,21,21,0,28,28,7,25,0,away,8.5,223.5,-425.0,325.0,7.0,110.0,0.0,0,False,1267.5720894075985,1488.3178398305586,1235.3873914094022,1520.5025378287548,-220.7457504229601,0.33290652971700563
2019,2018-11-03,True,False,cle,cha,94,126,22,30,21,21,0,30,29,34,33,0,home,10.0,222.0,450.0,-650.0,3.5,109.5,1.0,0,True,1487.1061910288788,1320.8970559662735,1510.5403913483788,1297.4628556467735,166.20913506260536,0.8223605463643014
2019,2018-11-03,True,False,bos,ind,101,102,28,17,27,29,0,18,27,27,30,0,away,3.5,205.5,-165.0,142.0,2.5,106.5,0.0,0,True,1614.814549340481,1728.7589088954965,1630.67548848509,1712.8979697508876,-113.94435955501535,0.4799432216416146
2019,2018-11-03,True,False,det,phi,99,109,24,23,25,27,0,30,39,16,24,0,home,7.5,221.0,275.0,-350.0,2.0,106.5,1.0,0,True,1614.6806141062416,1455.828934565908,1631.4247694606563,1439.0847792114932,158.85167954033363,0.8160887859461792
2019,2018-11-03,True,False,mia,atl,118,123,31,37,25,25,0,41,33,28,21,0,away,5.5,225.5,-240.0,190.0,5.0,112.0,0.0,1,True,1203.6052551478692,1445.6411626219326,1258.29728088952,1390.949136880282,-242.03590747406338,0.3062681646811453
2019,2018-11-04,True,False,tor,lal,121,107,42,29,30,20,0,17,32,31,27,0,home,1.5,235.0,105.0,-125.0,7.5,113.5,0.0,0,False,1537.6531477644894,1753.2556836286592,1497.1986509534493,1793.7101804396993,-215.6025358641698,0.33951378807338073
2019,2018-11-04,True,False,mem,phx,100,102,28,28,25,19,0,21,31,25,25,0,away,4.0,211.0,-190.0,160.0,1.5,103.0,0.0,0,True,1154.0381822147237,1506.5432529876218,1193.2189256260485,1467.362509576297,-352.5050707728981,0.18945796405934656
2019,2018-11-04,True,False,ny,wsh,95,108,17,33,28,17,0,24,34,23,27,0,home,6.5,223.5,240.0,-300.0,1.5,109.5,1.0,0,True,1251.965005141384,1394.370663542135,1317.0756106816846,1329.2600580018343,-142.405658400751,0.4392745951570437
2019,2018-11-04,True,False,orl,sa,117,110,36,27,28,26,0,26,28,20,36,0,home,7.5,207.0,280.0,-360.0,8.0,103.5,0.0,1,False,1618.7470896302782,1207.140801474957,1557.169524046018,1268.7183670592171,411.6062881553212,0.9500286609493317
2019,2018-11-04,True,False,phi,bkn,97,122,21,26,28,22,0,18,33,41,30,0,away,4.0,224.0,-180.0,150.0,5.5,109.5,0.0,0,True,1330.6004110317078,1631.4247694606563,1439.638899270405,1522.386281221959,-300.82435842894847,0.23938795826004775
2019,2018-11-04,True,False,sac,mil,109,144,30,20,32,27,0,39,33,36,36,0,home,10.0,235.0,450.0,-650.0,1.0,113.5,1.0,1,True,1752.3944073793732,1585.9516806866977,1776.3804218368293,1561.9656662292416,166.44272669267548,0.822556894324287
2019,2018-11-04,True,False,min,por,81,111,27,18,19,17,0,30,31,31,19,0,home,6.0,228.0,225.0,-275.0,1.5,111.0,1.0,0,True,1717.9729405849516,1544.284430571941,1740.042964702814,1522.2144064540785,173.68851001301073,0.828563097353495
2019,2018-11-05,True,False,cle,orl,100,102,21,26,32,21,0,30,28,12,32,0,home,4.0,214.0,150.0,-180.0,1.0,104.5,0.0,0,True,1268.7183670592171,1297.4628556467735,1287.9992736520685,1278.1819490539222,-28.74448858755636,0.6011309657786053
2019,2018-11-05,True,False,hou,ind,98,94,29,24,16,29,0,22,33,20,19,0,home,0.0,216.0,-110.0,-110.0,0.0,104.5,0.0,0,False,1630.67548848509,1520.5025378287548,1581.5416291273395,1569.6363971865053,110.17295065633516,0.7702728952041769
2019,2018-11-05,True,False,mia,det,120,115,28,25,34,18,15,27,26,27,25,10,home,3.0,219.5,130.0,-150.0,2.5,109.5,0.0,1,False,1439.0847792114932,1390.949136880282,1386.3471887740598,1443.6867273177154,48.13564233121133,0.7011410391124242
2019,2018-11-05,True,False,tor,utah,124,111,30,35,29,30,0,31,23,18,39,0,home,3.0,214.5,135.0,-155.0,4.5,105.5,0.0,1,False,1657.5439242845766,1793.7101804396993,1605.5065982816254,1845.7475064426505,-136.1662561551227,0.4481397530835333
2019,2018-11-05,True,False,mem,gs,101,117,31,27,15,28,0,29,29,34,25,0,home,14.0,221.0,1000.0,-2000.0,9.0,111.5,1.0,0,True,1741.1890305096372,1467.362509576297,1751.3817401272465,1457.1697999586877,273.82652093334013,0.8958479114574522
2019,2018-11-05,True,False,no,okc,116,122,28,35,23,30,0,36,26,38,22,0,home,3.5,235.5,140.0,-160.0,3.0,116.0,1.0,1,True,1584.29580331774,1549.7158803618079,1610.4029221679614,1523.6087615115864,34.579922955932034,0.6845376510017462
2019,2018-11-05,True,False,bos,den,107,115,34,22,25,26,0,19,35,34,27,0,home,1.0,209.5,100.0,-120.0,0.0,109.0,1.0,1,True,1744.0726031675174,1712.8979697508876,1774.047106593395,1682.92346632501,31.17463341662983,0.6802893574669114
2019,2018-11-05,True,False,min,lac,109,120,33,26,25,25,0,31,32,29,28,0,home,5.5,233.0,190.0,-240.0,2.0,115.0,1.0,0,True,1535.4152157644799,1522.2144064540785,1572.3879092106056,1485.2417130079527,13.200809310401382,0.657379090851307
2019,2018-11-05,True,False,chi,ny,116,115,24,23,31,24,14,21,26,25,30,13,home,3.0,213.0,130.0,-150.0,1.5,109.5,0.0,1,False,1329.2600580018343,1235.3873914094022,1308.2585524082322,1256.3888970030043,93.8726665924321,0.7532498662500728
2019,2018-11-06,True,False,bkn,phx,104,82,24,28,24,28,0,22,20,24,16,0,away,2.5,221.0,-140.0,120.0,2.5,113.5,1.0,0,False,1193.2189256260485,1439.638899270405,1151.7017469766265,1481.156077919827,-246.41997364435656,0.30093254110906076
2019,2018-11-06,True,False,mil,por,103,118,31,20,26,26,0,33,24,34,27,0,away,2.0,230.0,-130.0,110.0,3.0,117.5,0.0,0,True,1740.042964702814,1776.3804218368293,1789.9865385813139,1726.4368479583295,-36.33745713401527,0.5906059865978219
2019,2018-11-06,True,False,wsh,dal,100,119,24,25,29,22,0,35,35,17,32,0,away,1.5,228.0,-125.0,105.0,7.0,110.0,0.0,0,True,1205.6272450440815,1317.0756106816846,1273.7042446241787,1248.9986111015874,-111.44836563760305,0.48353043775979004
2019,2018-11-06,True,False,atl,cha,102,113,25,29,23,25,0,23,28,30,32,0,home,11.5,232.0,600.0,-900.0,9.0,114.0,0.0,0,True,1510.5403913483788,1258.29728088952,1520.6972061012202,1248.1404661366785,252.24311045885884,0.8836722233011923
2019,2018-11-07,True,False,ny,atl,112,107,26,26,35,25,0,26,29,18,34,0,away,1.5,225.0,-120.0,100.0,1.0,110.5,1.0,0,False,1248.1404661366785,1308.2585524082322,1204.2166787694368,1352.1823397754738,-60.11808627155369,0.557143920182613
2019,2018-11-07,True,False,sa,mia,88,95,20,22,22,24,0,27,23,25,20,0,home,1.0,215.5,-105.0,-115.0,2.5,111.5,1.0,0,True,1443.6867273177154,1557.169524046018,1491.208864213003,1509.6473871507305,-113.48279672830267,0.4806064300660776
2019,2018-11-07,True,False,det,orl,103,96,26,32,20,25,0,31,20,29,16,0,away,3.0,213.0,-155.0,135.0,1.0,105.0,1.0,0,False,1287.9992736520685,1386.3471887740598,1242.0340272200642,1432.312435206064,-98.34791512199126,0.5023775233385743
2019,2018-11-07,True,False,okc,cle,95,86,23,25,23,24,0,20,20,24,22,0,away,6.5,217.0,-280.0,230.0,1.5,106.5,1.0,0,False,1278.1819490539222,1610.4029221679614,1257.1044851784163,1631.4803860434672,-332.2209731140392,0.208041505764711
2019,2018-11-07,True,False,dal,utah,102,117,18,27,38,19,0,30,38,31,18,0,home,9.5,213.5,400.0,-550.0,2.0,104.0,1.0,1,True,1605.5065982816254,1273.7042446241787,1612.5479384218343,1266.66290448397,331.8023536574467,0.9231299837026653
2019,2018-11-07,True,False,chi,no,98,107,26,24,22,26,0,29,29,27,22,0,home,11.0,228.0,550.0,-800.0,4.0,116.5,0.0,0,True,1523.6087615115864,1256.3888970030043,1532.223680040037,1247.7739784745538,267.2198645085821,0.8922456574056695
2019,2018-11-07,True,False,phi,ind,100,94,29,21,28,22,0,23,27,21,23,0,home,2.5,215.5,125.0,-145.0,1.5,106.0,0.0,0,False,1581.5416291273395,1522.386281221959,1523.8021308257516,1580.125779523547,59.155347905380495,0.7142614477529345
2019,2018-11-07,True,False,tor,sac,114,105,29,35,30,20,0,26,25,27,27,0,away,9.0,233.5,-550.0,400.0,1.0,114.0,2.0,0,False,1561.9656662292416,1845.7475064426505,1535.8566484238831,1871.856524248009,-283.78184021340894,0.2577045991086583
2019,2018-11-07,True,False,min,lal,110,114,32,35,21,22,0,30,35,21,28,0,home,6.0,238.5,220.0,-270.0,5.5,116.0,0.0,0,True,1497.1986509534493,1485.2417130079527,1521.2877447708797,1461.1526191905223,11.95693794549652,0.6557645511313819
2019,2018-11-07,True,False,den,mem,87,89,29,18,23,17,0,22,28,20,19,0,away,3.5,203.5,-160.0,140.0,4.0,99.0,0.0,0,True,1457.1697999586877,1774.047106593395,1494.730643958218,1736.4862625938647,-316.87730663470734,0.2229692365094579
2019,2018-11-08,True,False,hou,okc,80,98,19,26,15,20,0,29,30,21,18,0,away,5.0,214.0,-210.0,175.0,7.0,106.0,0.0,0,True,1631.4803860434672,1569.6363971865053,1665.9591579332784,1535.157625296694,61.843988856961914,0.717409689823841
2019,2018-11-08,True,False,bos,phx,116,109,13,22,30,35,16,32,23,25,20,9,away,9.5,214.5,-500.0,375.0,11.5,110.5,0.0,1,False,1151.7017469766265,1682.92346632501,1144.6467603403473,1689.9784529612891,-531.2217193483834,0.0771075320734687
2019,2018-11-08,True,False,lac,por,105,116,28,29,24,24,0,37,24,23,32,0,home,5.0,225.5,180.0,-220.0,2.0,109.5,1.0,0,True,1789.9865385813139,1572.3879092106056,1802.4186178352124,1559.955829956707,217.5986293707083,0.8615524847229676
2019,2018-11-08,True,False,mil,gs,134,111,32,32,41,29,0,29,22,28,32,0,home,5.5,242.0,220.0,-270.0,9.0,125.0,0.0,1,False,1751.3817401272465,1726.4368479583295,1659.6400359422573,1818.1785521433187,24.944892168917022,0.6724397734848206
2019,2018-11-09,True,False,ind,mia,110,102,24,27,33,26,0,26,33,21,22,0,away,2.5,207.0,-135.0,115.0,4.0,103.0,1.0,1,False,1491.208864213003,1523.8021308257516,1433.6075046523401,1581.4034903864144,-32.59326661274872,0.5958070111267283
2019,2018-11-09,True,False,min,sac,110,121,31,30,20,29,0,29,34,29,29,0,away,2.0,234.0,-135.0,115.0,3.0,114.5,0.0,0,True,1535.8566484238831,1461.1526191905223,1563.1042140353911,1433.9050535790143,74.70402923336087,0.7321733251941627
2019,2018-11-09,True,False,wsh,orl,108,117,25,23,26,34,0,32,31,26,28,0,away,4.0,221.5,-170.0,145.0,7.0,108.5,0.0,1,True,1242.0340272200642,1248.9986111015874,1279.441313642585,1211.5913246790665,-6.96458388152314,0.6307777709937451
2019,2018-11-09,True,False,bos,utah,115,123,25,26,29,35,0,27,31,35,30,0,home,6.0,205.0,220.0,-270.0,1.0,106.0,1.0,1,True,1612.5479384218343,1689.9784529612891,1657.7511812816902,1644.7752101014332,-77.43051453945486,0.5324344906615863
2019,2018-11-09,True,False,cha,phi,132,133,33,17,35,34,13,33,32,31,23,14,home,5.5,227.0,190.0,-240.0,2.0,111.0,0.0,1,True,1580.125779523547,1520.6972061012202,1588.3422878522395,1512.4806977725277,59.428573422326735,0.7145823380492616
2019,2018-11-09,True,False,det,atl,124,109,40,34,29,21,0,20,31,26,32,0,away,5.5,228.0,-250.0,200.0,3.0,109.0,1.0,1,False,1204.2166787694368,1432.312435206064,1164.7421755367507,1471.7869384387502,-228.0957564366272,0.3235776707690433
2019,2018-11-09,True,False,bkn,den,112,110,34,21,27,30,0,24,23,29,34,0,home,8.5,215.0,350.0,-450.0,7.5,112.0,0.0,1,False,1736.4862625938647,1481.156077919827,1702.388873506313,1515.2534670073787,255.33018467403758,0.8854865480935512
2019,2018-11-10,True,False,bkn,gs,100,116,30,23,21,26,0,36,29,29,22,0,home,8.0,223.5,300.0,-400.0,0.5,114.5,1.0,0,True,1659.6400359422573,1515.2534670073787,1681.0713845977036,1493.8221183519324,144.3865689348786,0.8032610729077628
2019,2018-11-10,True,False,ny,tor,112,128,25,28,29,30,0,25,39,36,28,0,home,14.5,217.5,1000.0,-2000.0,5.5,105.0,1.0,1,True,1871.856524248009,1352.1823397754738,1874.1092218191739,1349.929642204309,519.6741844725352,0.9725386791940589
2019,2018-11-10,True,False,mil,lac,126,128,24,40,20,35,7,33,29,27,30,9,away,4.0,233.5,-190.0,160.0,2.5,120.0,0.0,1,True,1559.955829956707,1818.1785521433187,1594.4294461884192,1783.7049359116063,-258.2227221866117,0.28683550505035954
2019,2018-11-10,True,False,phx,no,99,119,26,27,29,17,0,33,28,30,28,0,home,9.0,228.5,375.0,-500.0,3.0,112.5,1.0,0,True,1532.223680040037,1144.6467603403473,1537.7229062824545,1139.1475340979298,387.5769196996896,0.9430377941318343
2019,2018-11-10,True,False,cle,chi,98,99,23,30,24,21,0,37,16,26,20,0,home,4.5,212.0,170.0,-200.0,3.0,105.0,0.0,0,True,1247.7739784745538,1257.1044851784163,1259.131603191837,1245.746860461133,-9.330506703862511,0.6276002532749431
2019,2018-11-10,True,False,wsh,mia,116,110,25,33,25,33,0,35,26,24,25,0,home,3.5,224.0,145.0,-170.0,1.5,109.5,0.0,1,False,1433.6075046523401,1211.5913246790665,1373.0326203699951,1272.1662089614115,222.01617997327367,0.8645579121767356
2019,2018-11-10,True,False,phi,mem,106,112,26,37,17,22,4,21,29,24,28,10,home,4.5,211.0,170.0,-200.0,6.0,104.0,1.0,1,True,1494.730643958218,1588.3422878522395,1536.75360089063,1546.3193309198275,-93.61164389402143,0.5091925475217745
2019,2018-11-10,True,False,hou,sa,89,96,21,29,21,18,0,20,32,20,24,0,away,3.5,212.0,-170.0,145.0,3.5,105.0,0.0,0,True,1509.6473871507305,1535.157625296694,1545.7344195250728,1499.0705929223518,-25.510238145963513,0.6055864950995216
2019,2018-11-10,True,False,okc,dal,96,111,22,23,25,26,0,23,34,25,29,0,home,1.5,214.5,105.0,-125.0,3.0,104.0,1.0,0,True,1266.66290448397,1665.9591579332784,1370.1747831081898,1562.4472793090586,-399.29625344930855,0.15149957974851
2019,2018-11-10,True,False,lal,sac,101,86,26,24,26,25,0,20,24,21,21,0,away,5.5,237.5,-250.0,200.0,2.0,114.5,1.0,0,False,1563.1042140353911,1521.2877447708797,1481.9015188607993,1602.4904399454715,41.8164692645114,0.6934633826877349
2019,2018-11-11,True,False,atl,lal,106,107,22,31,22,31,0,28,24,32,23,0,home,11.0,237.0,550.0,-800.0,8.5,115.0,0.0,0,True,1602.4904399454715,1164.7421755367507,1603.4087809634827,1163.8238345187394,437.74826440872084,0.9567078955952543
2019,2018-11-11,True,False,mil,den,121,114,33,30,36,22,0,35,24,29,26,0,home,3.5,224.5,140.0,-160.0,3.0,115.0,0.0,1,False,1702.388873506313,1783.7049359116063,1654.1833675205414,1831.910441897378,-81.31606240529322,0.5268624577970914
2019,2018-11-11,True,False,bos,por,94,100,21,16,33,24,0,26,28,29,17,0,home,2.0,214.5,110.0,-130.0,5.0,110.0,1.0,0,True,1802.4186178352124,1644.7752101014332,1816.0981873806732,1631.0956405559725,157.6434077337792,0.815042573071593
2019,2018-11-11,True,False,ind,hou,103,115,31,23,27,22,0,32,44,26,13,0,home,2.5,209.5,125.0,-145.0,5.0,104.0,1.0,1,True,1499.0705929223518,1581.4034903864144,1552.632540062075,1527.8415432466913,-82.33289746406263,0.5254031129671128
2019,2018-11-11,True,False,orl,ny,115,89,30,35,22,28,0,10,30,20,29,0,home,3.5,210.5,142.0,-165.0,7.5,104.5,0.0,0,False,1349.929642204309,1279.441313642585,1251.391927445849,1377.979028401045,70.48832856172385,0.7273878439860494
2019,2018-11-11,True,False,cha,det,113,103,24,27,32,30,0,27,22,26,28,0,home,2.5,221.5,120.0,-140.0,1.5,108.5,0.0,0,False,1471.7869384387502,1512.4806977725277,1410.1147930861914,1574.1528431250865,-40.69375933377751,0.584529142287302
2019,2018-11-12,True,False,gs,lac,116,121,30,31,20,25,10,34,30,26,16,15,away,3.5,226.5,-170.0,145.0,5.0,111.0,0.0,1,True,1594.4294461884192,1681.0713845977036,1632.333346433715,1643.1674843524079,-86.64193840928442,0.5192143292127721
2019,2018-11-12,True,False,sa,sac,99,104,24,31,21,23,0,25,31,21,27,0,away,2.5,220.5,-140.0,120.0,2.5,114.0,0.0,0,True,1481.9015188607993,1545.7344195250728,1517.2316046554329,1510.4043337304392,-63.83290066427344,0.5518614472965394
2019,2018-11-12,True,False,phx,okc,101,118,13,27,35,26,0,32,32,22,32,0,home,8.0,215.0,300.0,-400.0,2.0,104.5,1.0,1,True,1562.4472793090586,1139.1475340979298,1566.635334724415,1134.9594786825733,423.29974521112877,0.9531291953163685
2019,2018-11-12,True,False,utah,mem,96,88,20,20,34,22,0,16,27,26,19,0,away,3.5,203.0,-170.0,145.0,4.0,104.5,1.0,0,False,1536.75360089063,1657.7511812816902,1491.3325156877906,1703.1722664845295,-120.99758039106018,0.46981878940436633
2019,2018-11-12,True,False,dal,chi,103,98,25,31,22,25,0,20,29,26,23,0,away,2.5,215.5,-140.0,120.0,1.0,105.0,1.0,0,False,1259.131603191837,1370.1747831081898,1220.9653899264354,1408.3409963735915,-111.04317991635276,0.4841129363327685
2019,2018-11-12,True,False,no,tor,126,110,31,35,28,32,0,29,32,22,27,0,home,10.0,228.5,400.0,-550.0,8.5,112.0,0.0,1,False,1874.1092218191739,1537.7229062824545,1787.824666372922,1624.0074617287064,336.3863155367194,0.9249816786689123
2019,2018-11-12,True,False,orl,wsh,109,117,30,25,28,26,0,30,25,28,34,0,home,7.5,222.0,280.0,-360.0,5.0,108.0,1.0,1,True,1272.1662089614115,1377.979028401045,1321.3138155898296,1328.831421772627,-105.81281943963359,0.4916354608180543
2019,2018-11-12,True,False,phi,mia,124,114,32,32,32,28,0,26,36,28,24,0,home,2.5,225.0,120.0,-140.0,1.0,110.5,0.0,1,False,1373.0326203699951,1546.3193309198275,1331.2444308827962,1588.1075204070264,-173.28671054983238,0.3960688317076392
2019,2018-11-12,True,False,bkn,min,113,120,31,22,32,28,0,30,27,36,27,0,home,4.0,226.5,145.0,-170.0,2.5,116.5,1.0,1,True,1433.9050535790143,1493.8221183519324,1474.3982385271277,1453.328933403819,-59.91706477291814,0.5574294157996759
2019,2018-11-13,True,False,cha,cle,89,113,23,28,18,20,0,38,29,21,25,0,away,9.0,215.0,-450.0,350.0,10.0,106.5,0.0,0,True,1245.746860461133,1574.1528431250865,1357.3966224569945,1462.5030811292252,-328.4059826639534,0.21168298223528725
2019,2018-11-13,True,False,hou,den,109,99,27,27,32,23,0,30,25,21,23,0,home,4.5,217.0,150.0,-180.0,2.0,105.5,0.0,0,False,1654.1833675205414,1552.632540062075,1581.258504408082,1625.5574031745343,101.55082745846653,0.7613726562537266
2019,2018-11-13,True,False,atl,gs,103,110,23,29,24,27,0,20,29,33,28,0,home,11.5,229.5,650.0,-1000.0,9.5,110.5,0.0,0,True,1643.1674843524079,1163.8238345187394,1645.2945093358874,1161.69680953526,479.34364983366845,0.9656092006251971
2019,2018-11-14,True,False,ny,okc,103,128,22,27,31,23,0,37,28,35,28,0,home,8.0,213.5,320.0,-420.0,0.0,104.0,1.0,1,True,1566.635334724415,1251.391927445849,1575.7814944418103,1242.2457677284538,315.2434072785661,0.9160871851384884
2019,2018-11-14,True,False,utah,dal,68,118,24,22,13,9,0,30,28,26,34,0,away,5.0,212.0,-220.0,180.0,6.5,108.5,0.0,0,True,1408.3409963735915,1703.1722664845295,1538.83065663137,1572.682606226751,-294.831270110938,0.24572593655105626
2019,2018-11-14,True,False,mem,mil,116,113,29,19,36,32,0,19,26,35,33,0,home,9.5,212.5,400.0,-550.0,7.5,103.5,0.0,1,False,1831.910441897378,1491.3325156877906,1789.7479174625314,1533.4950401226372,340.5779262095873,0.9266389191582788
2019,2018-11-14,True,False,no,min,100,107,28,26,27,19,0,38,29,18,22,0,away,1.5,234.5,-130.0,110.0,5.5,113.5,0.0,0,True,1474.3982385271277,1624.0074617287064,1526.6340894120785,1571.7716108437555,-149.60922320157874,0.42908785584595494
2019,2018-11-14,True,False,phi,orl,106,111,30,22,35,19,0,27,26,23,35,0,away,5.5,218.0,-240.0,190.0,4.5,106.5,0.0,0,True,1328.831421772627,1588.1075204070264,1385.1531316308754,1531.785810548778,-259.27609863439943,0.28559670960398853
2019,2018-11-14,True,False,por,lal,117,126,33,22,34,28,0,26,33,38,29,0,home,2.0,223.0,115.0,-135.0,0.0,115.0,1.0,1,True,1603.4087809634827,1816.0981873806732,1669.9431104150372,1749.5638579291187,-212.6894064171904,0.3432842695922017
2019,2018-11-14,True,False,det,tor,106,104,26,27,24,29,0,31,34,23,16,0,home,9.5,222.0,400.0,-550.0,1.5,108.5,0.0,0,False,1787.824666372922,1410.1147930861914,1754.846609345172,1443.0928501139413,377.7098732867305,0.9399087797476505
2019,2018-11-14,True,False,chi,bos,82,111,24,11,24,23,0,19,32,26,34,0,home,13.0,213.0,800.0,-1400.0,2.5,110.0,1.0,0,True,1631.0956405559725,1220.9653899264354,1636.4419146324462,1215.6191158499616,410.13025062953716,0.949623738365849
2019,2018-11-14,True,False,cle,wsh,95,119,29,23,22,21,0,41,32,23,23,0,home,12.5,215.0,700.0,-1100.0,1.0,105.5,1.0,0,True,1321.3138155898296,1357.3966224569945,1379.24631682355,1299.464121223274,-36.08280686716489,0.5909603765576333
2019,2018-11-14,True,False,mia,bkn,120,107,37,24,29,30,0,21,28,23,35,0,away,2.0,214.0,-135.0,115.0,2.5,106.5,1.0,1,False,1453.328933403819,1331.2444308827962,1372.3852160317444,1412.1881482548708,122.08450252102284,0.7821809034578816
2019,2018-11-14,True,False,sa,phx,96,116,19,29,22,26,0,34,18,35,29,0,away,6.0,213.0,-250.0,200.0,6.5,110.5,0.0,0,True,1134.9594786825733,1510.4043337304392,1246.1446967622019,1399.2191156508106,-375.444855047866,0.17000553412687036
2019,2018-11-15,True,False,gs,hou,86,107,19,22,22,23,0,25,22,29,31,0,home,4.5,217.5,160.0,-190.0,0.0,105.0,1.0,0,True,1625.5574031745343,1645.2945093358874,1678.1242528826228,1592.7276596277989,-19.73710616135304,0.613495722638399
2019,2018-11-15,True,False,atl,den,93,138,23,34,16,20,0,35,38,36,29,0,home,14.0,222.5,850.0,-1500.0,3.5,109.5,1.0,1,True,1581.258504408082,1161.69680953526,1586.9358861423116,1156.0194278010304,419.56169487282204,0.9521584765357246
2019,2018-11-15,True,False,sa,lac,111,116,28,32,24,27,0,29,32,30,25,0,home,6.5,217.0,230.0,-280.0,4.0,111.5,0.0,1,True,1632.333346433715,1399.2191156508106,1640.5254091416314,1391.0270529428942,233.11423078290431,0.8718660563174884
2019,2018-11-16,True,False,por,min,96,112,21,22,24,29,0,29,26,28,29,0,home,1.0,225.0,100.0,-120.0,3.0,116.0,1.0,0,True,1526.6340894120785,1749.5638579291187,1610.142211571919,1666.0557357692783,-222.9297685170402,0.3301203838917665
2019,2018-11-16,True,False,chi,mil,104,123,40,23,17,24,0,27,18,46,32,0,home,14.5,225.5,1000.0,-2000.0,14.0,117.0,1.0,1,True,1789.7479174625314,1215.6191158499616,1791.4411689335777,1213.9258643789153,574.1288016125698,0.979778840624857
2019,2018-11-16,True,False,ny,no,124,129,32,32,32,28,0,16,38,34,41,0,home,11.0,227.0,500.0,-700.0,12.0,111.0,0.0,1,True,1571.7716108437555,1242.2457677284538,1576.3852508711368,1237.6321277010725,329.52584311530177,0.9221948928796713
2019,2018-11-16,True,False,sac,mem,104,112,28,23,27,26,0,29,33,25,25,0,home,6.5,212.0,225.0,-275.0,0.0,103.0,1.0,1,True,1533.4950401226372,1517.2316046554329,1565.7121255385985,1485.0145192394716,16.263435467204317,0.661338814726871
2019,2018-11-16,True,False,utah,phi,107,113,24,28,32,23,0,38,16,32,27,0,home,2.5,216.5,125.0,-145.0,1.5,110.5,1.0,1,True,1531.785810548778,1572.682606226751,1567.382749668831,1537.085667106698,-40.89679567797293,0.5842452725629079
2019,2018-11-16,True,False,bkn,wsh,115,104,26,30,35,24,0,30,24,25,25,0,home,6.0,224.0,220.0,-270.0,5.5,114.5,0.0,0,False,1379.24631682355,1372.3852160317444,1308.758606723044,1442.8729261322503,6.861100791805484,0.6491128549138856
2019,2018-11-16,True,False,tor,bos,116,123,27,25,30,25,9,30,24,24,29,16,home,2.0,218.0,115.0,-135.0,0.5,107.5,1.0,1,True,1636.4419146324462,1754.846609345172,1684.6107565608309,1706.6777674167874,-118.40469471272581,0.4735382623072359
2019,2018-11-16,True,False,mia,ind,91,99,27,16,24,24,0,18,32,22,27,0,home,5.5,214.0,180.0,-220.0,0.5,105.5,1.0,0,True,1527.8415432466913,1412.1881482548708,1547.26911191679,1392.7605795847721,115.6533949918205,0.7758077377292822
2019,2018-11-17,True,False,utah,bos,98,86,29,21,27,21,0,20,25,17,24,0,home,4.0,206.5,155.0,-185.0,4.0,107.0,0.0,0,False,1684.6107565608309,1537.085667106698,1605.3316923522364,1616.3647313152926,147.52508945413274,0.8061005800009836
2019,2018-11-17,True,False,gs,dal,109,112,22,37,27,23,0,26,31,25,30,0,away,2.5,215.5,-135.0,115.0,1.0,106.0,0.0,1,True,1538.83065663137,1592.7276596277989,1565.3057215525398,1566.252594706629,-53.89700299642891,0.565960853761532
2019,2018-11-17,True,False,sac,hou,112,132,29,30,27,26,0,36,35,38,23,0,home,12.5,220.0,750.0,-1200.0,3.5,107.5,1.0,1,True,1678.1242528826228,1485.0145192394716,1695.6545937700248,1467.4841783520696,193.10973364315123,0.8438654936508797
2019,2018-11-17,True,False,okc,phx,110,100,30,17,32,31,0,25,17,23,35,0,away,4.5,217.5,-200.0,170.0,1.5,106.0,1.0,0,False,1246.1446967622019,1575.7814944418103,1223.9350661371375,1597.9911250668747,-329.63679767960843,0.21050307664135776
2019,2018-11-17,True,False,tor,chi,122,83,27,30,32,33,0,18,26,12,27,0,away,10.0,215.5,-600.0,425.0,2.0,105.0,1.0,0,False,1213.9258643789153,1706.6777674167874,1198.6010295127435,1722.0026022829593,-492.7519030378721,0.09441666658840887
2019,2018-11-17,True,False,atl,ind,89,97,24,32,16,17,0,25,22,26,24,0,home,11.0,219.0,550.0,-800.0,8.0,108.5,0.0,0,True,1547.26911191679,1156.0194278010304,1551.1492284967533,1152.1393112210671,391.2496841157597,0.9441629161926355
2019,2018-11-17,True,False,phi,cha,122,119,42,21,19,28,12,30,26,30,24,9,home,2.5,225.5,125.0,-145.0,3.5,110.5,0.0,1,False,1462.5030811292252,1567.382749668831,1432.4329224759958,1597.4529083220602,-104.87966853960575,0.49297805417907203
2019,2018-11-17,True,False,lal,orl,117,130,31,22,28,36,0,25,37,38,30,0,away,4.0,222.5,-185.0,155.0,5.5,108.5,0.0,1,True,1385.1531316308754,1669.9431104150372,1471.4761024393868,1583.6201396065258,-284.7899787841618,0.2565960283706844
2019,2018-11-17,True,False,lac,bkn,127,119,32,28,30,37,0,37,30,30,22,0,away,4.0,221.5,-180.0,150.0,4.5,109.5,1.0,1,False,1442.8729261322503,1640.5254091416314,1407.7736252571108,1675.624710016771,-197.65248300938106,0.36305409640601816
2019,2018-11-17,True,False,den,no,115,125,35,32,21,27,0,37,33,28,27,0,home,0.0,227.5,-110.0,-110.0,0.5,112.0,1.0,1,True,1576.3852508711368,1586.9358861423116,1615.8495271029146,1547.4716099105337,-10.55063527117477,0.6259572388007869
2019,2018-11-18,True,False,mem,min,100,87,17,30,28,25,0,20,23,19,25,0,home,5.0,209.0,175.0,-210.0,5.0,102.5,0.0,0,False,1610.142211571919,1565.7121255385985,1532.68922724194,1643.1651098685775,44.43008603332055,0.6966522251879121
2019,2018-11-18,True,False,por,wsh,119,109,32,30,29,28,0,25,16,29,39,0,away,1.5,221.0,-125.0,105.0,5.5,113.0,1.0,1,False,1308.758606723044,1666.0557357692783,1289.212506892256,1685.6018356000664,-357.2971290462342,0.18525810807842275
2019,2018-11-18,True,False,lal,mia,113,97,34,33,25,21,0,21,31,24,21,0,away,1.0,225.0,-115.0,-105.0,4.0,109.5,1.0,0,False,1392.7605795847721,1583.6201396065258,1346.368583780242,1630.0121354110559,-190.85956002175362,0.37214406857993715
2019,2018-11-18,True,False,ny,orl,117,131,31,35,26,25,0,44,23,31,33,0,home,4.5,217.0,170.0,-200.0,3.0,109.0,1.0,1,True,1471.4761024393868,1237.6321277010725,1483.8049451135369,1225.3032850269224,233.84397473831427,0.8723346124656134
2019,2018-11-18,True,False,gs,sa,92,104,27,21,22,22,0,33,23,23,25,0,home,3.0,212.5,135.0,-155.0,1.5,105.0,1.0,0,True,1391.0270529428942,1566.252594706629,1459.4863170668796,1497.7933305826436,-175.22554176373478,0.39340230561353495
2019,2018-11-19,True,False,sa,no,126,140,39,28,30,29,0,30,38,40,32,0,home,7.5,222.0,260.0,-330.0,5.0,115.0,1.0,1,True,1615.8495271029146,1459.4863170668796,1635.0226852692285,1440.3131589005657,156.36321003603507,0.8139290677350923
2019,2018-11-19,True,False,utah,ind,94,121,19,28,23,24,0,32,25,29,35,0,away,4.0,205.5,-180.0,150.0,5.0,106.5,0.0,1,True,1551.1492284967533,1616.3647313152926,1617.1426645193503,1550.3712952926955,-65.21550281853933,0.5498923268018365
2019,2018-11-19,True,False,okc,sac,113,117,24,32,29,28,0,37,32,15,33,0,away,5.0,227.0,-200.0,170.0,7.0,113.0,0.0,1,True,1467.4841783520696,1597.9911250668747,1505.9928514698,1559.4824519491444,-130.50694671480505,0.45620945700949195
2019,2018-11-19,True,False,dal,mem,88,98,21,28,25,14,0,25,28,21,24,0,home,3.0,200.5,135.0,-155.0,1.0,98.5,1.0,0,True,1643.1651098685775,1565.3057215525398,1669.034424636976,1539.4364067841414,77.85938831603767,0.7357200925638057
2019,2018-11-19,True,False,den,mil,98,104,29,27,21,21,0,25,21,32,26,0,home,5.5,224.5,200.0,-250.0,6.5,111.0,1.0,0,True,1791.4411689335777,1547.4716099105337,1799.7909608206164,1539.121818023495,243.96955902304398,0.8786862732600251
2019,2018-11-19,True,False,cle,det,102,113,27,19,23,33,0,38,28,27,20,0,home,9.5,213.5,400.0,-550.0,0.5,104.0,1.0,1,True,1443.0928501139413,1299.464121223274,1461.9679475250077,1280.5890238122076,143.62872889066716,0.802570746454517
2019,2018-11-19,True,False,phx,phi,114,119,36,26,24,28,0,26,31,35,27,0,home,11.0,219.5,600.0,-900.0,10.0,108.0,0.0,1,True,1597.4529083220602,1223.9350661371375,1600.9811004539397,1220.406874005258,373.51784218492276,0.9385312831145796
2019,2018-11-19,True,False,lac,atl,127,119,29,32,28,38,0,34,30,32,23,0,away,6.5,232.5,-275.0,225.0,6.0,112.0,1.0,1,False,1152.1393112210671,1675.624710016771,1144.37250672183,1683.391514516008,-523.4853987957038,0.08033693319031225
2019,2018-11-19,True,False,bos,cha,112,117,24,32,31,25,0,29,25,30,33,0,away,3.5,217.5,-180.0,150.0,1.5,113.5,0.0,1,True,1432.4329224759958,1605.3316923522364,1480.0031733102858,1557.7614415179464,-172.89876987624052,0.396603125038055
2019,2018-11-20,True,False,por,ny,118,114,33,25,31,29,0,35,25,25,29,0,away,7.0,221.0,-300.0,240.0,6.5,115.0,0.0,1,False,1225.3032850269224,1685.6018356000664,1217.3970999149522,1693.5080207120366,-460.298550573144,0.11164520475368493
2019,2018-11-20,True,False,bkn,mia,104,92,20,19,35,30,0,13,29,35,15,0,home,2.5,215.0,125.0,-145.0,0.5,110.0,0.0,0,False,1346.368583780242,1407.7736252571108,1283.6969399949548,1470.445269042398,-61.405041476868746,0.5553152682844225
2019,2018-11-20,True,False,lac,wsh,118,125,40,33,22,23,0,21,33,32,39,0,home,0.0,233.5,-110.0,-110.0,5.0,113.5,1.0,1,True,1289.212506892256,1683.391514516008,1366.4963864149638,1606.1076349933003,-394.1790076237521,0.15532522933279852
2019,2018-11-20,True,False,tor,orl,93,91,29,18,26,20,0,17,20,38,16,0,away,7.0,219.0,-330.0,260.0,1.0,105.5,0.0,0,False,1483.8049451135369,1722.0026022829593,1468.7723766948257,1737.0351707016705,-238.19765716942243,0.3109825784468813
2019,2018-11-21,True,False,ny,bos,117,109,26,39,19,33,0,18,31,20,40,0,home,14.5,215.5,1000.0,-2000.0,13.0,107.0,0.0,1,False,1557.7614415179464,1217.3970999149522,1490.9308043689405,1284.227737063958,340.3643416029943,0.9265552953930107
2019,2018-11-21,True,False,det,hou,124,126,29,28,26,41,0,31,25,37,33,0,home,9.0,214.5,350.0,-450.0,6.0,104.5,0.0,1,True,1695.6545937700248,1461.9679475250077,1700.660797517663,1456.9617437773695,233.68664624501707,0.8722337183598106
2019,2018-11-21,True,False,no,phi,120,121,23,34,30,33,0,38,29,29,25,0,home,3.5,237.5,145.0,-170.0,1.5,114.0,0.0,1,True,1600.9811004539397,1635.0226852692285,1613.369653137923,1622.6341325852452,-34.04158481528884,0.5937976472505828
2019,2018-11-21,True,False,ind,cha,109,127,30,30,24,25,0,35,33,37,22,0,home,3.5,215.5,142.0,-165.0,0.0,105.5,1.0,1,True,1480.0031733102858,1617.1426645193503,1551.679051686532,1545.4667861431042,-137.13949120906454,0.44675462886144196
2019,2018-11-21,True,False,tor,atl,124,108,29,26,31,38,0,24,20,29,35,0,away,8.0,225.0,-400.0,300.0,1.0,108.5,1.0,1,False,1144.37250672183,1737.0351707016705,1137.4650412935455,1743.942636129955,-592.6626639798405,0.055409823256752505
2019,2018-11-21,True,False,sac,utah,119,110,34,26,24,35,0,23,31,29,27,0,home,9.5,222.5,400.0,-550.0,9.5,109.5,0.0,1,False,1550.3712952926955,1505.9928514698,1482.796097341394,1573.5680494211015,44.37844382289563,0.6965893987048865
2019,2018-11-21,True,False,lal,cle,109,105,24,25,32,28,0,28,24,29,24,0,away,9.0,221.5,-500.0,375.0,8.0,108.0,0.0,0,False,1280.5890238122076,1630.0121354110559,1266.9785144238517,1643.6226447994118,-349.4231115988482,0.19219738545766232
2019,2018-11-21,True,False,phx,chi,116,124,28,41,24,23,0,25,39,30,30,0,away,1.0,217.5,-120.0,100.0,0.5,108.0,0.0,1,True,1198.6010295127435,1220.406874005258,1236.2408051462553,1182.7670983717462,-21.805844492514552,0.6106681788289161
2019,2018-11-21,True,False,mem,sa,104,103,30,31,20,23,0,32,27,18,26,0,home,3.0,199.5,135.0,-155.0,2.5,99.5,0.0,1,False,1440.3131589005657,1669.034424636976,1430.468553911907,1678.8790296256345,-228.72126573641026,0.3227900635601912
2019,2018-11-21,True,False,bkn,dal,113,119,32,18,31,32,0,34,27,24,34,0,home,5.0,215.0,180.0,-220.0,1.0,111.0,1.0,1,True,1539.4364067841414,1470.445269042398,1561.408223410768,1448.4734524157714,68.99113774174339,0.7256754907517986
2019,2018-11-21,True,False,okc,gs,123,95,23,37,27,36,0,18,28,33,16,0,home,0.0,223.5,-110.0,-110.0,3.5,109.0,0.0,0,False,1497.7933305826436,1559.4824519491444,1415.5770917528102,1641.6986907789778,-61.689121366500785,0.5549114116604718
2019,2018-11-21,True,False,den,min,103,101,23,27,35,18,0,25,31,18,27,0,home,0.0,220.5,-110.0,-110.0,1.5,107.0,0.0,0,False,1532.68922724194,1539.121818023495,1502.1636353130211,1569.647409952414,-6.432590781555064,0.6314907088569414
2019,2018-11-21,True,False,por,mil,100,143,20,30,29,21,0,31,41,37,34,0,home,7.5,226.5,260.0,-330.0,2.0,116.5,1.0,1,True,1799.7909608206164,1693.5080207120366,1834.9666950530723,1658.3322864795807,106.28294010857985,0.7662864897248207
2019,2018-11-23,True,False,orl,den,87,112,19,22,27,19,0,21,33,26,32,0,home,8.5,210.0,317.0,-400.0,1.0,103.0,1.0,0,True,1569.647409952414,1468.7723766948257,1600.813659230868,1437.6061274163715,100.87503325758826,0.7606651522491842
2019,2018-11-23,True,False,phx,mil,116,114,34,30,27,25,0,30,31,29,24,0,home,13.5,232.5,837.0,-1400.0,10.0,116.0,0.0,0,False,1834.9666950530723,1182.7670983717462,1806.0896069973546,1211.6441864274639,652.199596681326,0.9870036981925258
2019,2018-11-23,True,False,sa,ind,111,100,29,25,28,29,0,23,22,24,31,0,home,1.5,207.5,105.0,-125.0,3.0,107.5,0.0,1,False,1545.4667861431042,1430.468553911907,1469.4560499003562,1506.479290154655,114.99823223119711,0.7751510920439161
2019,2018-11-23,True,False,por,gs,97,125,27,17,29,24,0,24,35,33,33,0,home,1.0,218.5,-107.0,-114.0,4.0,112.5,1.0,1,True,1415.5770917528102,1658.3322864795807,1518.4913433416757,1555.4180348907153,-242.75519472677047,0.30538913672081414
2019,2018-11-23,True,False,utah,lal,83,90,16,22,25,20,0,22,16,26,26,0,home,3.0,219.5,125.0,-145.0,2.5,112.5,1.0,0,True,1643.6226447994118,1482.796097341394,1657.9843795411582,1468.4343625996476,160.82654745801779,0.8177888955715648
2019,2018-11-23,True,False,mia,chi,103,96,28,32,18,25,0,26,13,30,27,0,away,4.0,213.0,-170.0,148.0,3.5,103.5,1.0,0,False,1236.2408051462553,1283.6969399949548,1183.6267769614824,1336.3109681797278,-47.45613484869955,0.5750454359345768
2019,2018-11-23,True,False,cha,okc,104,109,31,26,23,24,0,33,29,27,20,0,home,7.0,230.0,227.0,-277.0,2.5,113.5,0.0,0,True,1641.6986907789778,1551.679051686532,1659.8451234142287,1533.532619051281,90.01963909244591,0.7491043112092327
2019,2018-11-23,True,False,wsh,tor,107,125,26,36,25,20,0,38,32,31,24,0,home,10.5,230.5,435.0,-580.0,3.5,114.0,1.0,1,True,1743.942636129955,1366.4963864149638,1749.6025656620593,1360.8364568828595,377.44624971499115,0.9398230114863746
2019,2018-11-23,True,False,cle,phi,121,112,31,23,30,37,0,23,31,29,29,0,home,13.0,217.5,797.0,-1300.0,8.5,106.5,0.0,1,False,1613.369653137923,1266.9785144238517,1543.4728291397732,1336.8753384220015,346.3911387140713,0.9288815184853112
2019,2018-11-23,True,False,no,ny,109,114,34,26,30,19,0,28,31,28,27,0,away,7.5,235.0,-300.0,245.0,5.0,114.5,0.0,0,True,1284.227737063958,1622.6341325852452,1347.1213905394516,1559.7404791097517,-338.4063955212871,0.20223599210671253
2019,2018-11-23,True,False,hou,det,111,116,30,26,23,19,13,34,27,17,20,18,away,3.5,216.0,-180.0,155.0,4.0,107.0,0.0,1,True,1456.9617437773695,1700.660797517663,1511.8138373028728,1645.8087039921597,-243.6990537402935,0.3042378117007685
2019,2018-11-23,True,False,bos,atl,114,96,45,16,21,32,0,23,22,19,32,0,away,8.0,223.5,-350.0,281.0,0.0,114.5,1.0,0,False,1137.4650412935455,1490.9308043689405,1113.0295892034503,1515.3662564590356,-353.465763075395,0.18861018611532512
2019,2018-11-23,True,False,min,bkn,112,102,22,32,35,23,0,26,23,23,30,0,away,2.0,221.5,-125.0,105.0,0.0,109.0,1.0,0,False,1448.4734524157714,1502.1636353130211,1388.7295446891364,1561.907543039656,-53.69018289724977,0.5662532889151842
2019,2018-11-23,True,False,mem,lac,107,112,22,30,18,28,9,16,28,31,23,14,home,4.5,209.5,155.0,-179.0,4.5,104.0,1.0,1,True,1606.1076349933003,1678.8790296256345,1642.4433993557109,1642.543265263224,-72.77139463233425,0.5391050860335578
2019,2018-11-24,True,False,sa,mil,129,135,36,32,34,27,0,37,30,28,40,0,home,10.0,227.0,398.0,-522.0,7.0,118.0,0.0,1,True,1806.0896069973546,1506.479290154655,1812.0910429737614,1500.4778541782482,299.6103168426996,0.908905350740656
2019,2018-11-24,True,False,sac,gs,116,117,29,35,29,23,0,28,32,35,22,0,home,6.5,226.0,222.0,-270.0,6.5,111.5,0.0,1,True,1518.4913433416757,1573.5680494211015,1531.779775447134,1560.2796173156432,-55.076706079425776,0.5642919295514949
2019,2018-11-24,True,False,hou,cle,108,117,30,28,25,25,0,29,34,30,24,0,away,6.5,208.5,-330.0,267.0,7.0,104.0,0.0,1,True,1336.8753384220015,1645.8087039921597,1414.7863972224327,1567.8976451917285,-308.93336557015823,0.23099220644847684
2019,2018-11-24,True,False,bos,dal,104,113,26,30,26,22,0,32,27,28,26,0,away,2.5,213.0,-140.0,120.0,4.0,110.5,0.0,1,True,1561.408223410768,1515.3662564590356,1590.5992133320258,1486.1752665377778,46.04196695173232,0.6986094948099854
2019,2018-11-24,True,False,chi,min,96,111,22,28,29,17,0,20,29,35,27,0,home,11.5,219.0,520.0,-725.0,8.0,112.5,1.0,0,True,1561.907543039656,1183.6267769614824,1567.2099109232497,1178.3244090778887,378.28076607817366,0.9400941240318548
2019,2018-11-24,True,False,den,okc,105,98,33,30,16,26,0,23,19,24,32,0,home,6.0,217.0,199.0,-240.0,8.0,106.5,0.0,0,False,1659.8451234142287,1600.813659230868,1598.1488091304154,1662.5099735146814,59.03146418336064,0.7141158809520954
2019,2018-11-24,True,False,no,wsh,114,124,34,34,23,23,0,37,31,22,34,0,home,3.5,238.5,139.0,-159.0,2.5,116.0,1.0,0,True,1360.8364568828595,1559.7404791097517,1428.21455893949,1492.3623770531212,-198.90402222689227,0.36138974931128326
2019,2018-11-25,True,False,utah,sac,133,112,30,29,32,42,0,26,24,30,32,0,away,4.0,218.5,-180.0,150.0,1.0,113.0,1.0,1,False,1560.2796173156432,1468.4343625996476,1466.721935955585,1561.9920439597058,91.84525471599568,0.7510742880185326
2019,2018-11-25,True,False,lac,por,104,100,24,21,38,21,0,28,30,16,26,0,home,4.0,227.0,150.0,-180.0,2.5,110.5,0.0,0,False,1555.4180348907153,1642.4433993557109,1518.688752347428,1679.1726818989982,-87.02536446499562,0.5186633264876126
2019,2018-11-25,True,False,cha,atl,123,124,43,23,31,26,0,32,33,35,24,0,away,6.5,228.5,-300.0,240.0,4.5,113.0,0.0,1,True,1113.0295892034503,1533.532619051281,1139.3660816036495,1507.1961266510818,-420.5030298478307,0.13646529590506667
2019,2018-11-25,True,False,ny,mem,103,98,21,22,35,25,0,26,26,19,27,0,home,8.0,205.5,285.0,-370.0,1.5,100.0,0.0,0,False,1642.543265263224,1347.1213905394516,1587.3513536550554,1402.31330214762,295.42187472377236,0.906889300115579
2019,2018-11-25,True,False,mia,tor,115,125,29,25,35,26,0,36,27,38,24,0,home,12.0,215.0,650.0,-1000.0,4.0,105.0,0.0,1,True,1749.6025656620593,1336.3109681797278,1753.2988757737398,1332.6146580680472,413.29159748233155,0.9504872225220747
2019,2018-11-25,True,False,phx,det,107,118,32,28,24,23,0,27,35,21,35,0,home,8.5,221.5,300.0,-400.0,5.5,108.5,1.0,1,True,1511.8138373028728,1211.6441864274639,1519.4519217912823,1204.0061019390544,300.16965087540893,0.9091715866826002
2019,2018-11-25,True,False,orl,lal,108,104,19,32,35,22,0,29,23,19,33,0,home,7.5,217.0,275.0,-350.0,4.5,107.5,0.0,0,False,1657.9843795411582,1437.6061274163715,1607.880695798101,1487.7098111594287,220.37825212478674,0.8634500382650735
2019,2018-11-25,True,False,phi,bkn,127,125,25,29,35,38,0,32,36,34,23,0,away,4.5,225.5,-200.0,170.0,6.5,110.0,0.0,1,False,1388.7295446891364,1543.4728291397732,1368.3371038341513,1563.8652699947584,-154.7432844506368,0.42186362711080017
2019,2018-11-26,True,False,bos,no,124,107,34,23,32,35,0,21,27,31,28,0,home,2.0,228.0,110.0,-130.0,4.5,117.0,0.0,1,False,1492.3623770531212,1486.1752665377778,1410.4299423132861,1568.107701277613,6.18711051534342,0.6482286604824415
2019,2018-11-26,True,False,ind,utah,121,88,33,25,31,32,0,25,22,23,18,0,home,4.5,206.5,170.0,-200.0,5.5,102.5,0.0,1,False,1561.9920439597058,1469.4560499003562,1455.2204456071704,1576.2276482528916,92.5359940593496,0.751816945603443
2019,2018-11-26,True,False,sa,chi,108,107,27,25,28,28,0,27,23,33,24,0,away,6.5,215.0,-280.0,230.0,3.5,111.0,0.0,2,False,1178.3244090778887,1500.4778541782482,1171.683320541057,1507.11894271508,-322.1534451003595,0.21775148859526564
2019,2018-11-26,True,False,min,cle,102,95,29,25,21,27,0,26,21,24,24,0,away,6.0,214.5,-240.0,190.0,1.5,105.5,1.0,0,False,1414.7863972224327,1567.2099109232497,1375.88950678067,1606.1068013650124,-152.423513700817,0.4251238708055483
2019,2018-11-26,True,False,mil,cha,107,110,35,17,28,27,0,32,33,28,17,0,away,4.5,234.0,-200.0,170.0,7.0,120.0,0.0,0,True,1507.1961266510818,1812.0910429737614,1553.8497969395205,1765.4373726853228,-304.8949163226796,0.23514751404091858
2019,2018-11-26,True,False,hou,wsh,131,135,42,23,33,27,6,30,37,27,31,10,home,1.5,223.0,105.0,-125.0,0.0,110.5,1.0,1,True,1428.21455893949,1567.8976451917285,1467.6488556253487,1528.4633485058698,-139.68308625223858,0.44313849657471877
2019,2018-11-26,True,False,orl,gs,110,116,25,39,19,27,0,26,21,32,37,0,home,7.0,215.0,240.0,-300.0,9.0,107.5,0.0,1,True,1531.779775447134,1487.7098111594287,1556.6920667083566,1462.797519898206,44.06996428770526,0.6962139581449734
2019,2018-11-27,True,False,lal,den,85,117,26,24,21,14,0,30,28,31,28,0,home,3.0,219.0,130.0,-150.0,1.5,109.0,1.0,0,True,1662.5099735146814,1607.880695798101,1704.97270844473,1565.4179608680524,54.62927771658042,0.7089144558606009
2019,2018-11-27,True,False,ny,det,108,115,19,24,27,38,0,24,27,30,34,0,home,7.5,220.0,275.0,-350.0,1.5,107.5,0.0,1,True,1519.4519217912823,1402.31330214762,1537.6921205989834,1384.073103339919,117.1386196436622,0.7772912701708968
2019,2018-11-27,True,False,atl,mia,115,113,35,33,32,15,0,38,14,34,27,0,home,7.5,224.0,260.0,-330.0,8.5,111.0,0.0,1,False,1332.6146580680472,1139.3660816036495,1298.4250903434759,1173.5556493282209,193.24857646439773,0.8439707702593274
2019,2018-11-27,True,False,tor,mem,122,114,31,28,34,29,0,32,39,26,17,0,away,5.5,208.5,-250.0,200.0,7.0,102.5,1.0,1,False,1587.3513536550554,1753.2988757737398,1548.0791085379553,1792.57112089084,-165.94752211868445,0.406217477537372
2019,2018-11-27,True,False,ind,phx,109,104,26,35,20,28,0,26,28,23,27,0,away,2.5,216.5,-145.0,125.0,2.0,107.0,1.0,0,False,1204.0061019390544,1576.2276482528916,1190.3956303644106,1589.8381198275354,-372.2215463138373,0.17263974586778044
2019,2018-11-28,True,False,wsh,no,104,125,24,23,34,23,0,31,36,31,27,0,home,6.5,242.0,230.0,-280.0,2.5,114.5,1.0,0,True,1410.4299423132861,1467.6488556253487,1470.1014764086472,1407.9773215299874,-57.21891331206257,0.5612576501605177
2019,2018-11-28,True,False,cle,okc,83,100,28,19,15,21,0,21,26,26,27,0,home,12.5,215.5,750.0,-1200.0,9.0,106.5,1.0,0,True,1598.1488091304154,1375.88950678067,1612.224545909539,1361.8137700015463,222.25930234974544,0.8647217094863764
2019,2018-11-28,True,False,orl,por,112,115,30,33,21,28,0,33,22,40,20,0,home,10.0,215.0,400.0,-550.0,10.0,108.0,0.0,1,True,1518.688752347428,1462.797519898206,1535.4177792817939,1446.06849296384,55.89123244922189,0.7104112202283712
2019,2018-11-28,True,False,chi,mil,113,116,40,22,27,24,0,30,33,29,24,0,home,15.0,230.0,1100.0,-2500.0,9.0,117.5,0.0,0,True,1765.4373726853228,1171.683320541057,1766.1301105020725,1170.9905827243072,593.7540521442659,0.9818998545284247
2019,2018-11-28,True,False,phx,lac,99,115,22,27,25,25,0,26,23,40,26,0,home,12.0,230.0,600.0,-900.0,8.0,110.0,1.0,0,True,1679.1726818989982,1190.3956303644106,1681.905125466977,1187.6631867964318,488.7770515345876,0.9673676077893987
2019,2018-11-28,True,False,sa,min,89,128,25,9,24,31,0,28,29,35,36,0,home,4.5,215.5,155.0,-185.0,4.0,110.0,1.0,1,True,1606.1068013650124,1507.11894271508,1641.7473416320918,1471.4784024480007,98.98785864993238,0.7586818244324071
2019,2018-11-28,True,False,utah,bkn,101,91,17,26,27,31,0,16,26,36,13,0,away,3.5,215.0,-170.0,145.0,2.0,111.0,1.0,0,False,1368.3371038341513,1455.2204456071704,1313.5927549555718,1509.96479448575,-86.88334177301908,0.5188674256772109
2019,2018-11-28,True,False,atl,cha,94,108,28,21,26,19,0,24,31,31,22,0,home,12.0,231.0,650.0,-1000.0,5.5,113.0,1.0,0,True,1553.8497969395205,1173.5556493282209,1558.9651263523247,1168.4403199154167,380.29414761129965,0.9407435178343126
2019,2018-11-28,True,False,ny,phi,91,117,27,21,20,23,0,41,27,25,24,0,home,12.5,227.0,750.0,-1200.0,0.0,109.5,1.0,0,True,1563.8652699947584,1384.073103339919,1584.3314240962807,1363.6069492383967,179.79216665483932,0.8334965010253855
2019,2018-11-28,True,False,dal,hou,128,108,36,38,22,32,0,28,28,33,19,0,home,5.5,217.0,200.0,-250.0,8.0,107.0,0.0,1,False,1528.4633485058698,1590.5992133320258,1454.213075312926,1664.8494865249695,-62.13586482615597,0.5542761610232669
2019,2018-11-29,True,False,gs,tor,128,131,25,33,30,31,9,38,29,29,23,12,home,9.5,223.0,375.0,-500.0,3.0,110.0,0.0,1,True,1792.57112089084,1556.6920667083566,1798.8079500007414,1550.4552375984551,235.8790541824833,0.8736335796674753
2019,2018-11-29,True,False,lac,sac,133,121,42,29,30,32,0,26,42,25,28,0,away,2.0,236.0,-135.0,115.0,0.0,115.0,1.0,1,False,1466.721935955585,1681.905125466977,1428.344051156475,1720.283010266087,-215.18318951139213,0.340055312198617
2019,2018-11-29,True,False,ind,lal,96,104,15,35,25,21,0,38,18,27,21,0,home,5.0,220.0,180.0,-220.0,0.5,109.0,1.0,0,True,1565.4179608680524,1589.8381198275354,1603.404219186407,1551.8518615091807,-24.420158959482933,0.607084290975609
2019,2018-11-30,True,False,cle,bos,95,128,26,26,20,23,0,30,32,39,27,0,home,12.5,206.5,850.0,-1500.0,4.5,102.5,1.0,1,True,1568.107701277613,1361.8137700015463,1586.9376427567938,1342.9838285223655,206.2939312760666,0.8536061860247168
2019,2018-11-30,True,False,den,por,113,112,38,30,23,22,0,26,27,32,27,0,home,1.5,214.5,105.0,-125.0,5.0,106.5,0.0,1,False,1535.4177792817939,1704.97270844473,1523.1812248062379,1717.209262920286,-169.5549291629361,0.4012185558966457
2019,2018-11-30,True,False,dal,lal,103,114,32,26,17,28,0,22,31,25,36,0,home,4.0,223.0,150.0,-180.0,3.5,110.0,1.0,0,True,1603.404219186407,1664.8494865249695,1652.0304732821098,1616.2232324292668,-61.44526733856242,0.5552580864021655
2019,2018-11-30,True,False,atl,okc,109,124,26,20,30,33,0,28,38,25,33,0,home,13.0,230.0,850.0,-1500.0,1.5,111.0,1.0,1,True,1612.224545909539,1168.4403199154167,1615.7628663329785,1164.9019994919772,443.7842259941224,0.9581243729756522
2019,2018-11-30,True,False,hou,sa,136,105,39,31,40,26,0,23,24,27,31,0,away,3.5,216.0,-180.0,150.0,3.5,105.0,1.0,1,False,1471.4784024480007,1454.213075312926,1372.1474613113037,1553.544016449623,17.265327135074585,0.662629322943748
2019,2018-11-30,True,False,chi,det,88,107,21,19,25,23,0,34,21,24,28,0,home,8.5,217.0,340.0,-440.0,0.0,111.5,1.0,0,True,1537.6921205989834,1170.9905827243072,1543.842613425563,1164.8400898977275,366.7015378746762,0.9362283102245457
2019,2018-11-30,True,False,mem,bkn,131,125,26,32,27,26,20,26,32,22,31,14,away,2.5,206.5,-145.0,125.0,1.5,102.5,1.0,1,False,1313.5927549555718,1548.0791085379553,1286.5728940943054,1575.0989693992217,-234.48635358238357,0.315578675174228
2019,2018-11-30,True,False,utah,cha,119,111,33,24,34,28,0,19,34,30,28,0,home,2.0,218.0,110.0,-130.0,2.0,113.0,0.0,1,False,1558.9651263523247,1509.96479448575,1494.2505949181507,1574.679325919924,49.0003318665747,0.7021830015927177
2019,2018-11-30,True,False,wsh,phi,98,123,19,27,24,28,0,31,37,30,25,0,home,8.5,233.5,340.0,-440.0,1.5,111.5,1.0,0,True,1584.3314240962807,1407.9773215299874,1604.9592804298716,1387.3494651963965,176.35410256629325,0.8307317342699442
2019,2018-11-30,True,False,no,mia,101,106,17,24,34,26,0,37,24,20,25,0,away,3.0,228.5,-150.0,130.0,6.5,110.0,0.0,0,True,1298.4250903434759,1470.1014764086472,1345.8624888529318,1422.6640778991912,-171.6763860651713,0.3982882680892339
2019,2018-11-30,True,False,orl,phx,99,85,21,30,24,24,0,25,23,23,14,0,away,4.5,215.5,-190.0,160.0,2.0,106.0,1.0,0,False,1187.6631867964318,1446.06849296384,1153.511141685986,1480.2205380742857,-258.4053061674083,0.2866205519762172
2019,2018-12-01,True,False,tor,cle,106,95,21,26,30,29,0,21,19,27,28,0,away,12.5,213.0,-1200.0,750.0,5.0,103.5,0.0,0,False,1342.9838285223655,1798.8079500007414,1330.4948865658923,1811.2968919572145,-455.8241214783759,0.11422545387934675
2019,2018-12-01,True,False,ind,sac,110,111,30,30,31,19,0,26,32,31,22,0,away,1.5,225.0,-125.0,105.0,0.5,110.0,0.0,0,True,1428.344051156475,1551.8518615091807,1444.623494940838,1535.5724177248176,-123.50781035270575,0.46622107236064775
2019,2018-12-01,True,False,bos,min,118,109,29,28,27,34,0,26,22,29,32,0,home,1.5,216.5,105.0,-125.0,3.5,111.5,0.0,1,False,1641.7473416320918,1586.9376427567938,1573.636016492782,1655.0489678961035,54.809698875297954,0.709128726850118
2019,2018-12-01,True,False,chi,hou,105,121,22,24,29,30,0,38,18,31,34,0,home,13.5,219.0,900.0,-1600.0,5.5,112.0,1.0,1,True,1553.544016449623,1164.8400898977275,1558.6262143862039,1159.7578919611467,388.7039265518956,0.9433852904090975
2019,2018-12-01,True,False,mil,ny,134,136,35,31,31,27,10,28,33,32,31,12,away,8.5,230.0,-425.0,325.0,3.5,117.5,0.0,1,True,1363.6069492383967,1766.1301105020725,1404.7372408430565,1724.9998188974128,-402.5231612636758,0.14912716315541386
2019,2018-12-01,True,False,gs,det,102,111,24,22,32,24,0,24,30,31,26,0,away,4.5,229.5,-210.0,175.0,6.0,112.5,0.0,0,True,1543.842613425563,1550.4552375984551,1581.20210665714,1513.0957443668783,-6.612624172892083,0.6312495055187339
2019,2018-12-01,True,False,bkn,wsh,88,102,19,20,19,30,0,24,18,26,34,0,home,6.5,227.5,225.0,-275.0,2.5,116.0,1.0,0,True,1387.3494651963965,1286.5728940943054,1413.2675780546288,1260.6547812360732,100.77657110209111,0.7605619501213147
2019,2018-12-02,True,False,phx,lal,96,120,31,15,28,22,0,21,40,34,25,0,home,12.0,221.0,600.0,-900.0,3.0,106.0,1.0,0,True,1652.0304732821098,1153.511141685986,1654.951673737758,1150.589941230338,498.5193315961237,0.969092291332124
2019,2018-12-02,True,False,no,cha,119,109,29,36,22,32,0,30,26,21,32,0,home,3.0,232.5,130.0,-150.0,4.0,113.5,0.0,0,False,1494.2505949181507,1422.6640778991912,1422.5094313832574,1494.4052414340845,71.58651701895951,0.7286395967115218
2019,2018-12-02,True,False,mem,phi,95,103,25,19,24,27,0,26,28,24,25,0,home,6.5,212.0,225.0,-275.0,0.5,103.5,1.0,0,True,1604.9592804298716,1575.0989693992217,1635.1267226367092,1544.931527192384,29.860311030649882,0.6786415779562653
2019,2018-12-02,True,False,utah,mia,100,102,35,20,22,23,0,27,26,27,22,0,away,4.0,208.5,-180.0,150.0,2.0,108.0,0.0,0,True,1345.8624888529318,1574.679325919924,1378.6039125621403,1541.9379022107155,-228.8168370669921,0.3226698137333749
2019,2018-12-02,True,False,por,sa,118,131,33,22,35,28,0,32,30,35,34,0,home,0.0,217.5,-110.0,-110.0,2.5,114.0,1.0,1,True,1372.1474613113037,1523.1812248062379,1438.6740629501812,1456.6546231673603,-151.0337634949342,0.42708019181765083
2019,2018-12-02,True,False,lac,dal,110,114,35,23,22,30,0,34,28,26,26,0,away,3.0,224.0,-160.0,140.0,3.0,109.0,0.0,2,True,1616.2232324292668,1720.283010266087,1652.0445851662516,1684.4616575291022,-104.05977783682033,0.4941577759392909
2019,2018-12-03,True,False,lac,no,129,126,36,41,24,28,0,29,36,32,29,0,home,1.5,235.0,105.0,-125.0,3.5,113.0,0.0,1,False,1494.4052414340845,1684.4616575291022,1471.639657396373,1707.2272415668137,-190.05641609501777,0.37322494538803963
2019,2018-12-03,True,False,hou,min,91,103,24,38,20,9,0,24,24,38,17,0,away,2.5,222.5,-140.0,120.0,3.0,108.5,0.0,0,True,1573.636016492782,1558.6262143862039,1611.4712845518998,1520.790946327086,15.009802106578036,0.6597206611717811
2019,2018-12-03,True,False,cle,bkn,99,97,30,26,24,19,0,29,21,26,21,0,home,6.0,211.0,210.0,-260.0,5.0,104.5,0.0,0,False,1260.6547812360732,1330.4948865658923,1234.3924821158316,1356.7571856861339,-69.84010532981915,0.5432948827420775
2019,2018-12-03,True,False,den,tor,106,103,27,32,27,20,0,24,23,31,25,0,home,7.0,219.5,240.0,-300.0,8.0,108.0,0.0,0,False,1811.2968919572145,1717.209262920286,1769.2893149478937,1759.2168399296067,94.08762903692855,0.7534797872382685
2019,2018-12-03,True,False,wsh,ny,110,107,26,26,34,24,0,32,29,19,27,0,away,2.0,229.0,-130.0,110.0,4.5,112.0,1.0,0,False,1404.7372408430565,1413.2675780546288,1366.389911417355,1451.6149074803302,-8.53033721157226,0.628676159020398
2019,2018-12-03,True,False,okc,det,110,83,26,24,37,23,0,17,23,19,24,0,away,2.0,218.0,-135.0,115.0,2.0,106.0,1.0,0,False,1581.20210665714,1615.7628663329785,1494.2469976559976,1702.7179753341209,-34.56075967583865,0.5930765867653117
2019,2018-12-03,True,False,gs,atl,128,111,34,27,36,31,0,17,30,30,34,0,away,11.0,236.0,-800.0,550.0,2.0,114.0,1.0,1,False,1164.9019994919772,1513.0957443668783,1140.3189995417104,1537.6787443171452,-348.1937448749011,0.19329850660141898
2019,2018-12-04,True,False,orl,mia,105,90,27,19,30,29,0,25,25,12,28,0,home,2.5,208.0,125.0,-145.0,0.5,103.0,0.0,0,False,1378.6039125621403,1480.2205380742857,1317.8907787993098,1540.933671837116,-101.61662551214545,0.49767350566172525
2019,2018-12-04,True,False,sac,phx,122,105,36,32,31,23,0,9,31,27,38,0,away,5.5,223.0,-240.0,190.0,3.5,108.0,1.0,1,False,1150.589941230338,1444.623494940838,1119.23104462637,1475.982391544806,-294.0335537105002,0.24657803744369652
2019,2018-12-04,True,False,chi,ind,90,96,21,24,22,23,0,23,20,27,26,0,home,8.5,210.5,320.0,-420.0,6.5,107.0,0.0,0,True,1535.5724177248176,1159.7578919611467,1539.350563949003,1155.9797457369614,375.8145257636709,0.9392895862051914
2019,2018-12-04,True,False,sa,utah,105,139,20,27,31,27,0,34,29,41,35,0,home,8.0,215.5,275.0,-350.0,1.0,110.5,1.0,1,True,1541.9379022107155,1438.6740629501812,1575.5202606523337,1405.091704508563,103.26383926053427,0.7631596051347831
2019,2018-12-04,True,False,por,dal,102,111,20,25,28,29,0,34,26,27,24,0,home,1.5,217.0,105.0,-125.0,4.5,112.0,1.0,0,True,1652.0445851662516,1456.6546231673603,1665.1316491399366,1443.5675591936754,195.3899619988913,0.8455871407534316
2019,2018-12-05,True,False,gs,cle,129,105,31,27,37,34,0,25,39,22,19,0,away,11.0,219.5,-850.0,575.0,10.5,108.0,1.0,1,False,1356.7571856861339,1537.6787443171452,1302.1436562420238,1592.2922737612553,-180.9215586310113,0.3856056107184722
2019,2018-12-05,True,False,den,orl,124,118,31,25,32,24,12,28,26,32,26,6,away,4.5,206.5,-200.0,170.0,2.5,102.5,1.0,1,False,1540.933671837116,1759.2168399296067,1512.1600190417334,1787.9904927249893,-218.28316809249077,0.33606210171522444
2019,2018-12-05,True,False,det,mil,92,115,21,24,19,28,0,30,26,28,31,0,home,7.5,226.0,260.0,-330.0,0.5,110.5,1.0,0,True,1724.9998188974128,1494.2469976559976,1739.7314170260884,1479.515399527322,230.75282124141518,0.870339773060268
2019,2018-12-05,True,False,sa,lal,113,121,23,22,37,31,0,31,19,28,43,0,home,7.5,225.5,300.0,-400.0,3.0,115.0,1.0,1,True,1654.951673737758,1405.091704508563,1664.0593957707283,1395.9839824755927,249.85996922919503,0.8822545859021338
2019,2018-12-05,True,False,lac,mem,86,96,15,27,27,17,0,27,24,18,27,0,home,2.0,209.5,110.0,-130.0,2.0,102.5,1.0,0,True,1544.931527192384,1707.2272415668137,1607.0439617841607,1645.114806975037,-162.29571437442974,0.4112977923865739
2019,2018-12-05,True,False,phi,tor,102,113,29,20,28,25,0,23,30,25,35,0,home,6.5,229.0,220.0,-270.0,3.0,111.5,1.0,0,True,1769.2893149478937,1635.1267226367092,1789.1680506705736,1615.2479869140293,134.16259231118443,0.7937939874556154
2019,2018-12-05,True,False,dal,no,106,132,31,22,27,26,0,32,37,28,35,0,home,5.5,227.0,180.0,-220.0,2.5,111.5,1.0,1,True,1471.639657396373,1665.1316491399366,1563.2017815423833,1573.5695249939263,-193.49199174356363,0.3686103252198876
2019,2018-12-05,True,False,okc,bkn,114,112,24,22,29,39,0,26,36,31,19,0,away,6.0,221.0,-270.0,220.0,8.0,108.5,0.0,1,False,1234.3924821158316,1702.7179753341209,1229.2132564362018,1707.8972010137506,-468.32549321828924,0.10714396311709048
2019,2018-12-05,True,False,cha,min,104,121,31,33,22,18,0,31,31,24,35,0,home,4.5,222.5,170.0,-200.0,4.5,109.0,1.0,1,True,1611.4712845518998,1422.5094313832574,1628.5113629031687,1405.4693530319885,188.9618531686424,0.8406936355370233
2019,2018-12-05,True,False,wsh,atl,131,117,33,39,31,28,0,25,24,45,23,0,away,3.5,228.5,-160.0,140.0,4.5,110.5,1.0,1,False,1140.3189995417104,1451.6149074803302,1113.0821065833843,1478.8518004386563,-311.29590793861985,0.22858523606964895
2019,2018-12-06,True,False,ny,bos,100,128,30,28,26,16,0,38,31,30,29,0,home,13.5,218.0,850.0,-1500.0,4.5,108.5,1.0,1,True,1655.0489678961035,1366.389911417355,1666.1381686115838,1355.3007107018748,288.6590564787484,0.9035495350476163
2019,2018-12-06,True,False,phx,por,86,108,9,32,18,27,0,34,28,25,21,0,home,13.0,211.0,800.0,-1400.0,1.0,104.5,1.0,0,True,1443.5675591936754,1119.23104462637,1451.8989660193993,1110.8996378006461,324.33651456730536,0.9200243064701532
2019,2018-12-06,True,False,hou,utah,91,118,18,27,11,35,0,27,26,38,27,0,home,1.5,216.0,105.0,-125.0,3.0,107.0,1.0,0,True,1575.5202606523337,1520.790946327086,1615.9672906822727,1480.343916297147,54.72931432524774,0.7090332723924561
2019,2018-12-07,True,False,lal,sa,120,133,36,36,27,21,0,32,36,21,44,0,away,1.0,223.5,-120.0,100.0,1.0,110.0,0.0,1,True,1395.9839824755927,1664.0593957707283,1480.1263524401475,1579.9170258061736,-268.0754132951356,0.27537512404768066
2019,2018-12-07,True,False,okc,chi,112,114,28,34,29,21,0,34,36,17,27,0,away,8.5,218.5,-500.0,375.0,9.0,108.5,0.0,1,True,1155.9797457369614,1707.8972010137506,1200.9811041260734,1662.8958426246386,-551.9174552767893,0.06904541688039653
2019,2018-12-07,True,False,mem,no,107,103,31,27,27,22,0,30,30,24,19,0,home,5.0,214.0,190.0,-240.0,3.0,105.5,0.0,0,False,1563.2017815423833,1607.0439617841607,1522.1203527358578,1648.1253905906863,-43.84218024177744,0.580121065434496
2019,2018-12-07,True,False,mia,phx,115,98,34,26,29,26,0,36,14,23,25,0,away,8.5,210.5,-420.0,320.0,1.0,104.5,1.0,1,False,1110.8996378006461,1317.8907787993098,1066.2967698283223,1362.4936467716336,-206.9911409986637,0.3507166654449288
2019,2018-12-07,True,False,gs,mil,105,95,27,30,26,22,0,22,29,25,19,0,home,2.0,241.5,110.0,-130.0,2.5,117.5,0.0,0,False,1739.7314170260884,1592.2922737612553,1665.61732543005,1666.4063653572937,147.4391432648331,0.8060232382797237
2019,2018-12-07,True,False,den,cha,107,113,25,28,26,28,0,24,40,23,26,0,home,1.0,218.5,100.0,-120.0,3.0,106.5,1.0,1,True,1405.4693530319885,1787.9904927249893,1477.0190483346519,1716.4407974223259,-382.5211396930008,0.1643347769750112
2019,2018-12-07,True,False,ind,orl,112,90,28,29,29,26,0,25,20,25,20,0,home,3.5,206.5,145.0,-170.0,5.5,102.5,0.0,0,False,1512.1600190417334,1539.350563949003,1428.9313083413404,1622.5792746493962,-27.19054490726944,0.6032738307146219
2019,2018-12-07,True,False,phi,det,117,111,28,28,33,28,0,27,41,22,21,0,home,2.0,221.0,115.0,-135.0,3.0,108.0,0.0,1,False,1479.515399527322,1615.2479869140293,1441.0927856114006,1653.6706008299507,-135.73258738670734,0.4487572182023851
2019,2018-12-07,True,False,sac,cle,129,110,38,28,30,33,0,27,39,23,21,0,away,3.0,222.5,-155.0,135.0,3.0,109.0,1.0,1,False,1302.1436562420238,1475.982391544806,1250.0371019287636,1528.0889458580662,-173.8387353027822,0.3953089804487065
2019,2018-12-07,True,False,tor,bkn,105,106,20,33,26,19,7,24,29,27,18,8,away,8.5,221.5,-420.0,320.0,6.0,109.0,0.0,0,True,1229.2132564362018,1789.1680506705736,1257.6948641944866,1760.6864429122888,-559.9547942343718,0.06613013024040727
2019,2018-12-08,True,False,mia,lac,121,98,34,31,26,30,0,30,32,28,8,0,home,9.5,219.0,428.0,-570.0,8.0,108.0,0.0,2,False,1645.114806975037,1362.4936467716336,1546.9426074583669,1460.6658462883038,282.6211602034034,0.9004777706847946
2019,2018-12-08,True,False,min,por,105,113,27,24,29,25,0,30,23,28,32,0,home,3.5,220.5,144.0,-165.0,2.0,109.0,1.0,0,True,1451.8989660193993,1628.5113629031687,1510.7275722517911,1569.6827566707768,-176.6123968837694,0.3914988063578743
2019,2018-12-08,True,False,lal,mem,111,88,27,36,28,20,0,16,24,26,22,0,home,2.5,208.5,120.0,-140.0,6.0,101.5,0.0,0,False,1648.1253905906863,1579.9170258061736,1553.2480083474225,1674.7944080494374,68.2083647845127,0.7247775665073387
2019,2018-12-08,True,False,bkn,ny,112,104,30,26,38,18,0,23,22,32,27,0,home,2.0,219.5,105.0,-125.0,3.5,113.0,0.0,0,False,1355.3007107018748,1257.6948641944866,1288.6040467700825,1324.391528126279,97.60584650738815,0.7572223057833611
2019,2018-12-08,True,False,bos,chi,133,77,35,29,29,40,0,17,26,17,17,0,away,7.5,214.0,-345.0,278.0,1.5,109.5,1.0,0,False,1200.9811041260734,1666.1381686115838,1181.6081850404175,1685.5110876972396,-465.1570644855103,0.10890131893353659
2019,2018-12-08,True,False,wsh,cle,101,116,25,21,20,35,0,38,24,25,29,0,away,7.5,216.5,-350.0,281.0,8.5,105.5,0.0,1,True,1250.0371019287636,1478.8518004386563,1332.6669272714132,1396.2219750960066,-228.81469850989265,0.32267250425362604
2019,2018-12-08,True,False,den,atl,98,106,35,21,21,21,0,25,26,35,20,0,away,5.5,225.0,-230.0,192.0,2.0,110.0,0.0,0,True,1113.0821065833843,1716.4407974223259,1204.7062447232436,1624.8166592824666,-603.3586908389416,0.05227403817299916
2019,2018-12-08,True,False,sac,ind,97,107,31,21,18,27,0,24,30,19,34,0,home,5.0,222.5,172.0,-205.0,3.0,108.0,1.0,0,True,1622.5792746493962,1528.0889458580662,1646.3020071388892,1504.3662133685732,94.49032879133006,0.7539101214682271
2019,2018-12-08,True,False,hou,dal,104,107,30,27,27,20,0,32,24,28,23,0,away,3.5,219.0,-169.0,146.0,2.5,108.0,0.0,0,True,1573.5695249939263,1480.343916297147,1587.375709209896,1466.5377320811772,93.22560869677932,0.7525569118489456
2019,2018-12-09,True,False,no,det,116,108,28,28,35,25,0,20,30,34,24,0,away,2.5,224.5,-140.0,120.0,3.0,109.5,1.0,0,False,1441.0927856114006,1522.1203527358578,1390.116818512519,1573.0963198347392,-81.02756712445716,0.5272764189618294
2019,2018-12-09,True,False,mil,tor,104,99,25,26,28,25,0,30,19,25,25,0,home,5.0,229.5,175.0,-210.0,4.5,117.5,0.0,0,False,1760.6864429122888,1665.61732543005,1706.3656544045816,1719.9381139377572,95.06911748223888,0.7545277415564113
2019,2018-12-09,True,False,utah,sa,97,110,18,18,36,25,0,23,31,28,28,0,away,4.0,218.0,-180.0,150.0,6.5,112.0,0.0,0,True,1480.1263524401475,1615.9672906822727,1544.1537653474472,1551.939877774973,-135.84093824212528,0.44860293149522185
2019,2018-12-09,True,False,cha,ny,119,107,27,34,38,20,0,24,23,31,29,0,away,6.0,225.5,-250.0,200.0,1.5,110.0,1.0,1,False,1288.6040467700825,1477.0190483346519,1246.2329613016448,1519.3901338030896,-188.41500156456937,0.37543790577791497
2019,2018-12-10,True,False,wsh,ind,101,109,33,17,25,26,0,29,30,28,22,0,home,6.0,216.5,200.0,-250.0,1.0,106.5,1.0,0,True,1646.3020071388892,1396.2219750960066,1655.3979535548517,1387.126028680044,250.08003204288252,0.8823861174641107
2019,2018-12-10,True,False,utah,okc,113,122,22,24,29,38,0,30,27,42,23,0,home,5.0,217.5,180.0,-220.0,0.0,112.0,1.0,1,True,1662.8958426246386,1551.939877774973,1683.7731816069725,1531.062538792639,110.95596484966563,0.7710695179559187
2019,2018-12-10,True,False,min,gs,108,116,24,33,20,31,0,30,33,28,25,0,home,10.0,228.5,425.0,-600.0,4.5,111.0,0.0,0,True,1666.4063653572937,1569.6827566707768,1687.8900025497799,1548.1991194782906,96.72360868651685,0.7562874592659975
2019,2018-12-10,True,False,mem,den,99,105,22,28,33,16,0,26,29,29,21,0,home,3.0,197.5,140.0,-160.0,1.0,98.5,1.0,1,True,1624.8166592824666,1553.2480083474225,1646.5004137190365,1531.5642539108526,71.56865093504416,0.7286192612270528
2019,2018-12-10,True,False,lac,phx,123,119,21,37,30,23,12,29,27,30,25,8,away,9.5,222.5,-600.0,425.0,6.0,108.5,0.0,1,False,1066.2967698283223,1546.9426074583669,1059.1765842831257,1554.0627930035635,-480.6458376300445,0.10054590954038645
2019,2018-12-10,True,False,orl,dal,76,101,19,21,13,23,0,24,28,23,26,0,home,4.5,210.5,160.0,-190.0,1.0,103.5,1.0,0,True,1587.375709209896,1428.9313083413404,1610.1781008739063,1406.1289166773302,158.4444008685557,0.8157366464428626
2019,2018-12-10,True,False,sac,chi,108,89,26,19,36,27,0,33,23,18,15,0,away,2.0,226.5,-130.0,110.0,4.0,109.5,1.0,0,False,1181.6081850404175,1504.3662133685732,1152.9839411411226,1532.9904572678681,-322.75802832815566,0.21715925800654542
2019,2018-12-10,True,False,det,phi,102,116,29,18,29,26,0,38,18,31,29,0,home,11.5,218.0,600.0,-900.0,2.5,105.5,1.0,2,True,1653.6706008299507,1390.116818512519,1664.0248521555736,1379.7625671868961,263.55378231743157,0.8901998212904829
2019,2018-12-10,True,False,cle,mil,92,108,18,23,25,26,0,31,28,25,24,0,home,10.0,217.0,425.0,-600.0,0.0,105.0,1.0,0,True,1719.9381139377572,1332.6669272714132,1725.0652890012336,1327.5397522079368,387.27118666634397,0.9429431807408486
2019,2018-12-10,True,False,no,bos,100,113,21,32,19,28,0,28,31,24,30,0,home,2.5,222.5,120.0,-140.0,1.0,109.5,1.0,0,True,1685.5110876972396,1573.0963198347392,1709.253431140242,1549.353976391737,112.41476786250041,0.7725484883864205
2019,2018-12-10,True,False,mia,lal,105,108,23,35,25,22,0,27,28,29,24,0,home,5.0,222.0,180.0,-220.0,5.5,109.5,0.0,0,True,1674.7944080494374,1460.6658462883038,1681.8704818190333,1453.5897725187078,214.1285617611336,0.8591525805356535
2019,2018-12-11,True,False,tor,lac,123,99,36,34,33,20,0,23,34,17,25,0,away,3.0,219.0,-160.0,140.0,2.5,108.5,1.0,1,False,1554.0627930035635,1706.3656544045816,1493.8282297465953,1766.6002176615498,-152.30286140101816,0.42529361840335356
2019,2018-12-11,True,False,phx,sa,86,111,20,26,18,22,0,29,30,29,23,0,home,12.5,217.5,775.0,-1300.0,3.5,106.0,1.0,0,True,1544.1537653474472,1059.1765842831257,1547.3713659435005,1055.9589836870725,484.9771810643215,0.9666700018975201
2019,2018-12-11,True,False,por,hou,104,111,29,25,24,26,0,27,24,30,30,0,home,6.5,220.5,225.0,-275.0,5.5,113.0,1.0,0,True,1466.5377320811772,1510.7275722517911,1504.99934378213,1472.2659605508384,-44.189840170613934,0.579633511624534
2019,2018-12-12,True,False,por,mem,83,92,26,14,23,20,0,15,27,26,24,0,home,3.5,201.5,145.0,-170.0,1.5,103.5,1.0,0,True,1531.5642539108526,1472.2659605508384,1558.8768920896061,1444.9533223720848,59.29829336001421,0.7144293573464665
2019,2018-12-12,True,False,tor,gs,113,93,31,26,25,31,0,22,19,26,26,0,home,8.0,226.5,275.0,-350.0,10.5,112.5,0.0,0,False,1687.8900025497799,1766.6002176615498,1616.8113407213498,1837.6788794899799,-78.71021511176991,0.5306001731004728
2019,2018-12-12,True,False,atl,dal,107,114,26,26,26,29,0,28,23,30,33,0,home,9.5,226.0,400.0,-550.0,7.5,111.5,0.0,0,True,1610.1781008739063,1204.7062447232436,1613.542092834753,1201.3422527623968,405.4718561506627,0.948325330158904
2019,2018-12-12,True,False,okc,no,114,118,28,28,28,30,0,25,32,32,29,0,away,2.5,234.5,-140.0,120.0,2.5,115.0,0.0,0,True,1549.353976391737,1683.7731816069725,1588.2578883828892,1644.8692696158203,-134.41920521523548,0.45062819065601395
2019,2018-12-12,True,False,bos,wsh,130,125,24,22,38,29,17,28,27,22,36,12,away,3.5,220.0,-180.0,150.0,5.0,114.0,1.0,1,False,1387.126028680044,1709.253431140242,1369.957050600041,1726.422409220245,-322.1274024601978,0.2177770253062544
2019,2018-12-12,True,False,min,sac,130,141,31,19,42,38,0,35,28,33,45,0,away,3.0,227.0,-150.0,130.0,5.5,111.5,0.0,1,True,1532.9904572678681,1548.1991194782906,1574.575455543935,1506.6141212022237,-15.208662210422517,0.6196583089896069
2019,2018-12-12,True,False,det,cha,107,108,25,30,38,14,0,37,23,22,26,0,home,5.5,216.5,185.0,-230.0,1.5,105.0,0.0,0,True,1519.3901338030896,1379.7625671868961,1524.7720433807535,1374.3806576092322,139.62756661619346,0.7988957701730695
2019,2018-12-12,True,False,ny,cle,106,113,23,31,32,20,0,39,26,21,27,0,away,1.0,215.0,-115.0,-105.0,3.5,105.5,0.0,1,True,1327.5397522079368,1246.2329613016448,1349.5769933459437,1224.1957201636378,81.30679090629201,0.7395605544506334
2019,2018-12-12,True,False,bkn,phi,127,124,31,26,37,33,0,29,27,28,40,0,home,6.0,224.5,210.0,-260.0,5.0,116.0,0.0,1,False,1664.0248521555736,1324.391528126279,1621.8494679133569,1366.5669123684957,339.6333240292947,0.9262684189068061
2019,2018-12-12,True,False,mil,ind,97,113,23,20,27,27,0,29,29,27,28,0,away,2.0,218.5,-130.0,110.0,5.5,112.5,0.0,0,True,1655.3979535548517,1725.0652890012336,1712.3006854188393,1668.162557137246,-69.66733544638191,0.5435416437266152
2019,2018-12-12,True,False,mia,utah,84,111,15,18,20,31,0,40,20,32,19,0,home,8.5,211.0,325.0,-425.0,2.0,102.5,1.0,0,True,1531.062538792639,1453.5897725187078,1567.0833155069042,1417.5689958044427,77.47276627393126,0.7352871335481821
2019,2018-12-13,True,False,lal,hou,111,126,24,32,32,23,0,29,33,28,36,0,home,6.0,226.5,200.0,-250.0,1.0,111.0,1.0,1,True,1504.99934378213,1681.8704818190333,1579.2760592207442,1607.593766380419,-176.8711380369034,0.3911440396772185
2019,2018-12-13,True,False,lac,sa,87,125,27,30,20,10,0,38,28,32,27,0,home,3.0,221.5,130.0,-150.0,2.0,107.5,1.0,0,True,1547.3713659435005,1493.8282297465953,1592.1063922061453,1449.0932034839504,53.54313619690515,0.7076225739581972
2019,2018-12-13,True,False,chi,orl,91,97,26,20,25,20,0,24,27,26,20,0,home,5.5,212.5,190.0,-240.0,1.5,110.0,1.0,0,True,1406.1289166773302,1152.9839411411226,1414.0405215024794,1145.0723363159734,253.14497553620754,0.8842048301352269
2019,2018-12-13,True,False,dal,phx,89,99,21,19,27,22,0,25,25,28,21,0,away,6.0,210.0,-260.0,210.0,6.0,101.5,0.0,0,True,1055.9589836870725,1613.542092834753,1154.3996721931378,1515.1014043286877,-557.5831091476805,0.06697827861059649
2019,2018-12-14,True,False,gs,sac,130,125,42,34,27,27,0,38,26,33,28,0,away,7.0,236.5,-370.0,285.0,0.5,115.0,0.0,1,False,1574.575455543935,1616.8113407213498,1528.6627776222967,1662.724018642988,-42.23588517741473,0.5823716691247985
2019,2018-12-14,True,False,ind,phi,113,101,24,25,31,33,0,34,25,18,24,0,home,3.0,219.5,130.0,-150.0,1.5,108.5,0.0,0,False,1621.8494679133569,1712.3006854188393,1563.8701031877665,1770.2800501444297,-90.45121750548242,0.5137383437373652
2019,2018-12-14,True,False,tor,por,122,128,23,27,39,33,0,28,30,33,37,0,away,1.5,216.0,-125.0,105.0,3.0,107.0,0.0,1,True,1444.9533223720848,1837.6788794899799,1517.1801583451415,1765.4520435169231,-392.72555711789505,0.15642610724623335
2019,2018-12-14,True,False,mia,mem,100,97,29,22,20,29,0,28,21,24,24,0,home,4.0,195.0,160.0,-190.0,4.0,96.5,0.0,1,False,1558.8768920896061,1417.5689958044427,1516.0972665635236,1460.3486213305252,141.30789628516345,0.8004453157211788
2019,2018-12-14,True,False,wsh,bkn,118,125,31,28,26,33,0,27,43,31,24,0,home,3.0,224.0,130.0,-150.0,2.0,109.0,1.0,1,True,1366.5669123684957,1369.957050600041,1399.911792236462,1336.6121707320747,-3.3901382315452793,0.6355568725412648
2019,2018-12-14,True,False,mil,cle,114,102,27,34,30,23,0,16,31,30,25,0,away,9.5,220.5,-550.0,400.0,1.5,113.5,1.0,0,False,1349.5769933459437,1668.162557137246,1324.604933572974,1693.1346169102158,-318.5855637913023,0.22127018273129806
2019,2018-12-14,True,False,atl,bos,108,129,19,37,26,26,0,42,25,41,21,0,home,12.0,221.5,650.0,-1000.0,3.5,109.0,1.0,1,True,1726.422409220245,1201.3422527623968,1728.7983578361793,1198.9663041464626,525.0801564578483,0.9733576783002013
2019,2018-12-14,True,False,ny,cha,126,124,16,37,25,35,13,33,39,21,20,11,home,10.0,224.0,425.0,-600.0,0.5,109.5,0.0,1,False,1524.7720433807535,1224.1957201636378,1490.9733909081447,1257.9943726362467,300.5763232171157,0.9093647176519236
2019,2018-12-14,True,False,okc,den,98,109,32,20,24,22,0,39,21,22,27,0,away,2.0,217.5,-130.0,110.0,3.0,107.0,0.0,0,True,1646.5004137190365,1644.8692696158203,1685.5543229281072,1605.8153604067495,1.6311441032162293,0.6422253403168185
2019,2018-12-15,True,False,min,phx,99,107,30,28,24,17,0,28,28,29,22,0,away,7.5,219.5,-350.0,275.0,4.0,109.5,0.0,0,True,1154.3996721931378,1506.6141212022237,1232.7363090984597,1428.2774842969018,-352.2144490090859,0.18971500234945962
2019,2018-12-15,True,False,utah,orl,89,96,14,21,24,30,0,14,19,22,41,0,away,6.0,207.0,-260.0,210.0,3.0,106.5,0.0,0,True,1414.0405215024794,1567.0833155069042,1466.7187510836536,1514.40508592573,-153.04279400442488,0.42425287439719406
2019,2018-12-15,True,False,lal,cha,128,100,32,25,40,31,0,22,28,17,33,0,away,1.0,226.5,-120.0,100.0,1.5,110.5,1.0,1,False,1490.9733909081447,1607.593766380419,1420.4339923558255,1678.1331649327383,-116.62037547227442,0.47609958550115977
2019,2018-12-15,True,False,bos,det,104,113,33,23,22,26,0,33,24,28,28,0,away,2.0,215.5,-130.0,110.0,2.0,111.0,0.0,1,True,1374.3806576092322,1728.7983578361793,1456.670415082397,1646.5086003630145,-354.4177002269471,0.1877730093692641
2019,2018-12-15,True,False,hou,mem,105,97,36,25,18,26,0,29,11,25,32,0,away,5.0,201.5,-200.0,170.0,3.5,98.5,1.0,1,False,1516.0972665635236,1579.2760592207442,1462.6544613060544,1632.7188644782134,-63.17879265722058,0.5527924741628116
2019,2018-12-15,True,False,chi,sa,98,93,21,22,31,24,0,28,34,16,15,0,home,9.5,213.5,500.0,-700.0,0.5,109.0,0.0,0,False,1592.1063922061453,1145.0723363159734,1539.8652443993801,1197.3134841227386,447.0340558901719,0.9588685577381093
2019,2018-12-15,True,False,lac,okc,104,110,25,25,19,35,0,30,31,25,24,0,home,6.5,222.5,225.0,-275.0,0.0,109.0,0.0,0,True,1605.8153604067495,1449.0932034839504,1619.5650978455342,1435.3434660451658,156.72215692279906,0.8142417974923825
2019,2018-12-16,True,False,mia,no,102,96,33,24,28,17,0,28,23,22,23,0,home,5.5,221.5,200.0,-250.0,5.5,108.5,0.0,0,False,1588.2578883828892,1460.3486213305252,1528.4526763145664,1520.153833398848,127.90926705236393,0.7878394794361238
2019,2018-12-16,True,False,tor,den,86,95,23,24,25,14,0,23,16,29,27,0,home,3.5,209.5,142.0,-165.0,4.5,103.0,1.0,0,True,1685.5543229281072,1765.4520435169231,1733.283504696954,1717.7228617480764,-79.8977205888159,0.5288972666371049
2019,2018-12-16,True,False,sac,dal,120,113,34,27,32,27,0,31,27,25,30,0,home,4.5,222.5,160.0,-190.0,4.5,109.5,0.0,1,False,1515.1014043286877,1528.6627776222967,1458.2012554063306,1585.562926544654,-13.561373293608995,0.6218906263343039
2019,2018-12-16,True,False,phi,cle,128,105,29,36,24,39,0,36,22,27,20,0,away,9.0,218.0,-500.0,375.0,3.5,107.5,1.0,1,False,1324.604933572974,1563.8701031877665,1281.3027902307615,1607.172246529979,-239.2651696147925,0.30966738574914926
2019,2018-12-16,True,False,ny,ind,99,110,26,27,20,26,0,28,28,23,31,0,home,12.0,217.0,650.0,-1000.0,6.0,105.5,0.0,0,True,1770.2800501444297,1257.9943726362467,1772.3492561331452,1255.9251666475311,512.285677508183,0.9713796585329588
2019,2018-12-16,True,False,atl,bkn,127,144,23,43,30,31,0,42,30,39,33,0,home,7.0,225.5,250.0,-310.0,1.5,111.5,1.0,1,True,1399.911792236462,1198.9663041464626,1415.8263129468874,1183.051783436037,200.94548808999934,0.849716785093261
2019,2018-12-16,True,False,lal,wsh,110,128,23,28,25,34,0,33,38,28,29,0,away,3.0,231.5,-155.0,135.0,7.0,113.5,0.0,1,True,1336.6121707320747,1678.1331649327383,1440.3394918451531,1574.4058438196598,-341.5209942006636,0.19935881406049316
2019,2018-12-17,True,False,mil,det,107,104,25,30,26,26,0,27,16,34,27,0,away,3.0,225.5,-150.0,130.0,2.0,114.5,2.0,0,False,1456.670415082397,1693.1346169102158,1437.5707607742688,1712.234271218344,-236.46420182781867,0.3131247335571598
2019,2018-12-17,True,False,chi,okc,96,121,22,22,25,27,0,31,33,24,33,0,home,12.5,212.0,750.0,-1200.0,1.5,109.0,1.0,1,True,1619.5650978455342,1197.3134841227386,1624.3166965724156,1192.5618853958572,422.2516137227956,0.9528589156958971
2019,2018-12-17,True,False,phi,sa,96,123,32,17,22,25,0,29,31,33,30,0,home,1.0,224.5,100.0,-120.0,3.5,109.5,1.0,0,True,1539.8652443993801,1607.172246529979,1606.295847579334,1540.7416433500252,-67.3070021305989,0.5469106318961631
2019,2018-12-17,True,False,por,lac,131,127,37,21,42,31,0,29,31,28,39,0,home,1.5,216.5,100.0,-120.0,0.0,112.0,0.0,1,False,1435.3434660451658,1517.1801583451415,1398.0864689966022,1554.437155393705,-81.83669229997577,0.5261153141603832
2019,2018-12-17,True,False,mem,gs,93,110,22,16,29,26,0,30,31,23,26,0,home,13.0,210.0,775.0,-1300.0,2.0,102.5,1.0,0,True,1662.724018642988,1462.6544613060544,1678.718511210899,1446.6599687381436,200.0695573369337,0.8490717613230239
2019,2018-12-17,True,False,utah,hou,97,102,23,14,36,24,0,25,25,33,19,0,home,5.0,212.0,180.0,-220.0,2.0,109.5,2.0,0,True,1632.7188644782134,1514.40508592573,1648.3366922798944,1498.787258124049,118.31377855248343,0.7784601174833333
2019,2018-12-17,True,False,sac,min,105,132,23,21,33,28,0,38,36,29,29,0,home,8.5,231.0,280.0,-360.0,4.0,112.0,1.0,1,True,1428.2774842969018,1585.562926544654,1513.5647899703508,1500.2756208712049,-157.28544224775214,0.4182986517496681
2019,2018-12-17,True,False,phx,ny,128,110,28,31,41,28,0,32,34,17,27,0,away,1.5,222.5,-125.0,105.0,3.0,108.0,1.0,1,False,1255.9251666475311,1232.7363090984597,1171.0638207833697,1317.5976549626212,23.188857549071372,0.6702093501064293
2019,2018-12-18,True,False,cle,ind,92,91,21,24,22,25,0,19,25,24,23,0,home,12.5,207.0,750.0,-1200.0,8.5,106.0,0.0,0,False,1772.3492561331452,1281.3027902307615,1752.5539384100703,1301.0981079538365,491.0464659023837,0.9677774911108467
2019,2018-12-18,True,False,lal,bkn,110,115,32,25,26,27,0,33,29,28,25,0,away,1.5,229.0,-120.0,100.0,2.5,112.5,0.0,0,True,1415.8263129468874,1574.4058438196598,1461.8289590303234,1528.4031977362238,-158.57953087277247,0.41648714480359705
2019,2018-12-18,True,False,wsh,atl,110,118,24,30,28,28,0,35,23,24,36,0,away,3.0,238.0,-160.0,140.0,3.5,115.5,0.0,0,True,1183.051783436037,1440.3394918451531,1251.892449333818,1371.4988259473723,-257.287708409116,0.2879377899173583
2019,2018-12-18,True,False,dal,den,118,126,33,36,26,23,0,34,40,31,21,0,home,4.5,208.0,170.0,-200.0,0.5,104.0,1.0,1,True,1733.283504696954,1458.2012554063306,1741.1294178633825,1450.355342239902,275.0822492906234,0.8965204402203685
2019,2018-12-19,True,False,wsh,hou,118,136,28,30,32,28,0,34,36,31,35,0,home,11.0,225.0,600.0,-900.0,2.5,110.5,1.0,1,True,1648.3366922798944,1371.4988259473723,1658.7415737010976,1361.093944526169,276.837866332522,0.8974542527664917
2019,2018-12-19,True,False,okc,sac,132,113,36,35,27,34,0,33,19,37,24,0,away,4.5,233.0,-200.0,170.0,3.5,113.0,1.0,1,False,1500.2756208712049,1624.3166965724156,1438.922670812037,1685.6696466315834,-124.04107570121073,0.46545722424094355
2019,2018-12-19,True,False,bkn,chi,96,93,22,18,31,25,0,27,12,32,22,0,away,1.5,211.5,-125.0,105.0,0.5,110.0,1.0,0,False,1192.5618853958572,1461.8289590303234,1175.8482072276952,1478.5426371984854,-269.2670736344662,0.2740084160025172
2019,2018-12-19,True,False,gs,utah,103,108,21,34,25,23,0,24,32,28,24,0,away,2.0,223.0,-130.0,110.0,2.5,110.0,0.0,0,True,1498.787258124049,1678.718511210899,1547.11798032916,1630.387789005788,-179.9312530868499,0.3869570533734374
2019,2018-12-19,True,False,no,mil,115,123,31,35,24,25,0,33,29,28,33,0,home,9.0,230.5,350.0,-450.0,8.0,113.0,0.0,1,True,1712.234271218344,1528.4526763145664,1725.5740969842682,1515.1128505486422,183.78159490377766,0.8366592234770686
2019,2018-12-19,True,False,mem,por,92,99,18,34,19,21,0,17,30,27,25,0,home,5.5,201.5,210.0,-260.0,6.5,101.0,1.0,0,True,1554.437155393705,1446.6599687381436,1573.6134798080866,1427.483644323762,107.77718665556154,0.7678234288524304
2019,2018-12-19,True,False,sa,orl,129,90,31,35,38,25,0,24,20,33,13,0,away,3.0,209.5,-155.0,135.0,4.5,107.0,1.0,1,False,1466.7187510836536,1606.295847579334,1394.7681951310342,1678.2464035319533,-139.57709649568028,0.44328906063612683
2019,2018-12-19,True,False,phx,bos,111,103,26,33,27,25,0,37,25,18,23,0,home,12.0,222.5,700.0,-1100.0,6.5,109.5,0.0,0,False,1646.5086003630145,1317.5976549626212,1579.437696632353,1384.6685586932826,328.9109454003933,0.9219405389555471
2019,2018-12-19,True,False,cle,cha,99,110,25,21,29,24,0,16,25,41,28,0,home,13.5,214.0,850.0,-1500.0,10.5,110.5,0.0,0,True,1420.4339923558255,1301.0981079538365,1441.9748892688483,1279.5572110408136,119.335884401989,0.7794731599510661
2019,2018-12-19,True,False,ind,tor,96,99,34,24,27,11,0,24,26,25,24,0,home,4.5,210.5,155.0,-185.0,4.0,104.0,0.0,0,True,1717.7228617480764,1752.5539384100703,1742.5668595209208,1727.7099406372258,-34.83107666199385,0.5927009956506913
2019,2018-12-19,True,False,ny,phi,109,131,33,28,24,24,0,38,31,30,32,0,home,12.5,228.5,750.0,-1200.0,5.0,111.0,1.0,1,True,1540.7416433500252,1171.0638207833697,1547.0628238207805,1164.7426403126144,369.67782256665555,0.9372436129174702
2019,2018-12-19,True,False,det,min,129,123,27,26,25,40,11,26,36,30,26,5,home,5.5,216.5,200.0,-250.0,0.0,106.0,0.0,1,False,1513.5647899703508,1437.5707607742688,1455.1879077794413,1495.9476429651784,75.99402919608201,0.7336269857974578
2019,2018-12-20,True,False,hou,mia,99,101,33,25,18,23,0,21,32,29,19,0,away,3.0,210.5,-150.0,130.0,0.5,103.5,0.0,0,True,1520.153833398848,1658.7415737010976,1546.996689229712,1631.8987178702337,-138.58774030224959,0.4446949924558778
2019,2018-12-20,True,False,dal,lac,121,125,27,27,28,39,0,30,35,24,36,0,home,3.0,222.5,135.0,-155.0,2.0,109.0,1.0,1,True,1398.0864689966022,1450.355342239902,1428.6601321686412,1419.781679067863,-52.26887324329982,0.5682617044034884
2019,2018-12-21,True,False,utah,por,120,90,33,22,28,37,0,26,23,19,22,0,home,1.0,213.5,100.0,-120.0,2.0,110.0,0.0,0,False,1573.6134798080866,1547.11798032916,1474.3444724896879,1646.3869876475587,26.495499478926604,0.6744028229778144
2019,2018-12-21,True,False,mem,sac,99,102,32,21,21,25,0,24,16,25,37,0,home,2.0,211.5,105.0,-125.0,5.5,103.0,1.0,0,True,1438.922670812037,1427.483644323762,1459.7231170302266,1406.6831981055725,11.439026488274976,0.6550912394501723
2019,2018-12-21,True,False,orl,chi,80,90,20,19,24,17,0,19,27,27,17,0,away,3.0,202.0,-160.0,140.0,3.5,99.5,0.0,0,True,1175.8482072276952,1394.7681951310342,1245.9848096816988,1324.6315926770305,-218.919987903339,0.3352446580053447
2019,2018-12-21,True,False,min,sa,98,124,21,23,27,27,0,29,33,25,37,0,home,4.0,219.5,150.0,-180.0,3.5,107.0,1.0,1,True,1678.2464035319533,1455.1879077794413,1694.2225128967802,1439.2117984146143,223.05849575251204,0.8652589678617836
2019,2018-12-21,True,False,no,lal,104,112,34,31,23,16,0,34,35,25,18,0,home,5.0,235.0,180.0,-220.0,2.0,116.0,1.0,0,True,1528.4031977362238,1515.1128505486422,1561.0815325831372,1482.4345157017287,13.290347187581574,0.6574951707456004
2019,2018-12-21,True,False,det,cha,86,98,21,19,25,21,0,25,20,30,23,0,home,4.0,220.5,150.0,-180.0,1.0,107.5,1.0,0,True,1441.9748892688483,1495.9476429651784,1490.9716694684826,1446.9508627655441,-53.972753696330074,0.5658537338696669
2019,2018-12-21,True,False,mil,bos,120,107,35,30,28,27,0,22,26,30,29,0,away,1.5,223.5,-125.0,105.0,4.5,114.0,1.0,1,False,1579.437696632353,1725.5740969842682,1529.0431970145212,1775.9685966021,-146.1364003519152,0.43399191215595123
2019,2018-12-21,True,False,atl,ny,114,107,28,32,27,27,0,39,30,20,18,0,home,2.0,233.5,120.0,-140.0,1.5,114.5,0.0,0,False,1164.7426403126144,1251.892449333818,1117.3036806682403,1299.331408978192,-87.14980902120351,0.5184844835141683
2019,2018-12-21,True,False,ind,bkn,114,106,37,22,25,30,0,27,22,31,26,0,away,2.5,209.5,-145.0,125.0,1.5,103.0,1.0,1,False,1478.5426371984854,1727.7099406372258,1449.7697493119838,1756.4828285237274,-249.16730343874042,0.2976160365639772
2019,2018-12-21,True,False,cle,tor,110,126,28,24,41,17,0,34,25,40,27,0,home,11.5,210.5,600.0,-900.0,4.0,107.5,1.0,1,True,1742.5668595209208,1279.5572110408136,1745.7752856127759,1276.3487849489586,463.0096484801072,0.9623463332426659
2019,2018-12-22,True,False,den,lac,111,132,26,33,27,25,0,34,34,35,29,0,home,2.5,221.0,120.0,-140.0,1.5,108.0,1.0,1,True,1428.6601321686412,1741.1294178633825,1533.738759312237,1636.0507907197866,-312.4692856947413,0.22739637098634524
2019,2018-12-22,True,False,phx,wsh,146,149,29,26,24,30,37,33,22,28,26,40,home,5.0,226.5,160.0,-190.0,3.5,112.0,0.0,1,True,1361.093944526169,1384.6685586932826,1384.9898233138022,1360.7726799056495,-23.574614167113623,0.6082447065386133
2019,2018-12-22,True,False,tor,phi,101,126,30,29,20,22,0,29,36,26,35,0,home,8.0,222.5,320.0,-420.0,3.0,109.5,1.0,1,True,1547.0628238207805,1745.7752856127759,1638.5751045696168,1654.2630048639396,-198.71246179199534,0.361644279657671
2019,2018-12-22,True,False,sa,hou,101,108,26,17,26,32,0,28,13,43,24,0,home,4.5,217.5,160.0,-190.0,4.0,112.0,1.0,0,True,1631.8987178702337,1694.2225128967802,1672.7048662988177,1653.4163644681962,-62.32379502654658,0.5540088789719901
2019,2018-12-22,True,False,mil,mia,87,94,8,30,20,29,0,21,16,35,22,0,away,1.5,215.0,-125.0,105.0,1.0,110.0,0.0,0,True,1546.996689229712,1775.9685966021,1608.9871517566164,1713.9781340751956,-228.97190737238793,0.32247475098501394
2019,2018-12-22,True,False,dal,gs,116,120,31,30,26,29,0,28,30,36,26,0,home,11.0,227.0,600.0,-900.0,8.5,112.5,0.0,1,True,1630.387789005788,1419.781679067863,1638.7713376691522,1411.3981304044987,210.60610993792488,0.8566809743098283
2019,2018-12-22,True,False,okc,utah,107,106,26,32,35,14,0,32,29,20,25,0,home,2.0,219.5,105.0,-125.0,0.5,107.0,0.0,0,False,1646.3869876475587,1685.6696466315834,1628.4996170301667,1703.5570172489754,-39.28265898402469,0.5865004746421438
2019,2018-12-23,True,False,phx,bkn,103,111,31,25,18,29,0,38,25,28,20,0,home,9.0,218.5,350.0,-450.0,3.0,107.5,0.0,0,True,1449.7697493119838,1360.7726799056495,1472.1418737021966,1338.4005555154367,88.99706940633428,0.7479963612790589
2019,2018-12-23,True,False,mem,lal,107,99,26,24,22,35,0,20,26,29,24,0,home,5.0,210.5,180.0,-220.0,5.5,104.0,0.0,0,False,1561.0815325831372,1406.6831981055725,1493.0610421246608,1474.703688564049,154.39833447756473,0.8122099880163812
2019,2018-12-23,True,False,dal,por,118,121,27,25,28,27,11,25,37,26,19,14,home,7.5,215.0,275.0,-350.0,0.0,105.0,0.0,1,True,1474.3444724896879,1411.3981304044987,1490.4871358215396,1395.255467072647,62.946342085189144,0.7186943870367141
2019,2018-12-23,True,False,lac,gs,127,129,36,35,23,33,0,36,31,36,26,0,home,10.5,233.5,500.0,-700.0,9.5,113.0,0.0,1,True,1638.7713376691522,1533.738759312237,1649.0514813928764,1523.4586155885129,105.03257835691511,0.7649949800290418
2019,2018-12-23,True,False,cha,bos,103,119,26,21,20,36,0,29,39,26,25,0,home,7.5,217.0,275.0,-350.0,1.5,104.5,1.0,1,True,1529.0431970145212,1490.9716694684826,1566.4075937817756,1453.607272701228,38.071527546038624,0.6888618254749901
2019,2018-12-23,True,False,mia,orl,115,91,28,25,37,25,0,17,27,27,20,0,home,2.5,201.5,120.0,-140.0,4.0,100.0,0.0,1,False,1324.6315926770305,1608.9871517566164,1288.2221573223035,1645.3965871113435,-284.3555590795859,0.2570733424259283
2019,2018-12-23,True,False,no,sac,117,122,36,33,27,21,0,25,33,28,36,0,away,1.0,237.5,-115.0,-105.0,2.5,114.5,0.0,1,True,1459.7231170302266,1482.4345157017287,1490.5147956644641,1451.6428370674912,-22.71139867150214,0.60942811238366
2019,2018-12-23,True,False,wsh,ind,89,105,25,21,18,25,0,27,26,31,21,0,home,11.0,219.0,500.0,-700.0,4.5,107.0,1.0,0,True,1756.4828285237274,1384.9898233138022,1762.1314403384895,1379.3412114990401,371.4930052099253,0.9378554035782788
2019,2018-12-23,True,False,atl,det,98,95,28,29,22,19,0,21,22,23,29,0,home,9.5,221.5,375.0,-500.0,9.0,109.5,0.0,0,False,1446.9508627655441,1299.331408978192,1404.1014180546315,1342.1808536891047,147.61945378735209,0.8061854701115829
2019,2018-12-23,True,False,chi,cle,112,92,28,26,30,28,0,29,30,15,18,0,home,1.0,201.0,-105.0,-115.0,1.0,103.5,0.0,1,False,1276.3487849489586,1245.9848096816988,1188.0355288793726,1334.2980657512849,30.363975267259775,0.6792735556902804
2019,2018-12-23,True,False,min,okc,114,112,35,18,33,28,0,25,38,17,32,0,home,6.5,222.0,240.0,-300.0,0.5,109.5,0.0,1,False,1703.5570172489754,1439.2117984146143,1669.5055546383733,1473.2632610252165,264.34521883436105,0.8906443401807492
2019,2018-12-25,True,False,mil,ny,109,95,22,26,36,25,0,24,22,22,27,0,away,10.0,226.0,-600.0,425.0,6.0,115.5,1.0,0,False,1117.3036806682403,1713.9781340751956,1110.8439205630716,1720.4378941803643,-596.6744534069553,0.05421344464115476
2019,2018-12-25,True,False,okc,hou,109,113,22,38,28,21,0,22,30,34,27,0,away,1.0,221.0,-120.0,100.0,2.0,109.5,0.0,1,True,1672.7048662988177,1669.5055546383733,1697.81374976569,1644.3966711715009,3.1993116604444367,0.6442968406445262
2019,2018-12-25,True,False,phi,bos,114,121,25,26,38,19,6,32,25,29,22,13,home,5.0,224.0,175.0,-210.0,0.0,110.5,1.0,1,True,1566.4075937817756,1638.5751045696168,1608.4983534233124,1596.48434492808,-72.16751078784114,0.5399687105901926
2019,2018-12-25,True,False,lal,gs,127,101,32,33,26,36,0,25,25,32,19,0,home,9.0,233.5,375.0,-500.0,10.5,114.5,0.0,0,False,1649.0514813928764,1493.0610421246608,1546.9864098800842,1595.126113637453,155.9904392682156,0.8136038642968242
2019,2018-12-25,True,False,por,utah,96,117,24,23,23,26,0,24,35,24,34,0,home,7.0,214.5,240.0,-300.0,0.5,109.0,1.0,0,True,1628.4996170301667,1490.4871358215396,1652.7129468298463,1466.27380602186,138.01248120862715,0.7973979215790984
2019,2018-12-26,True,False,min,chi,119,94,29,31,23,36,0,18,19,28,29,0,away,4.0,210.0,-185.0,155.0,3.5,102.5,1.0,1,False,1334.2980657512849,1473.2632610252165,1270.6251695892736,1536.9361571872278,-138.9651952739316,0.444158501604167
2019,2018-12-26,True,False,sac,lac,118,127,27,29,29,33,0,39,32,31,25,0,home,4.5,239.0,170.0,-200.0,2.5,115.5,1.0,1,True,1523.4586155885129,1490.5147956644641,1554.5997886113705,1459.3736226416065,32.94381992404874,0.6825003112112848
2019,2018-12-26,True,False,den,sa,103,111,26,27,22,28,0,34,21,22,34,0,home,4.0,216.0,150.0,-180.0,2.0,106.5,1.0,0,True,1653.4163644681962,1636.0507907197866,1685.463656491496,1604.0034986964868,17.365573748409588,0.6627583148980213
2019,2018-12-26,True,False,cle,mem,87,95,9,23,21,34,0,21,24,20,30,0,home,9.5,196.5,400.0,-550.0,1.5,99.5,0.0,0,True,1474.703688564049,1188.0355288793726,1482.0261920626465,1180.713025380775,286.6681596846763,0.902546146397527
2019,2018-12-26,True,False,no,dal,119,122,30,34,30,25,0,33,34,23,32,0,home,2.0,228.5,110.0,-130.0,1.0,111.5,1.0,1,True,1395.255467072647,1451.6428370674912,1421.9455356737228,1424.9527684664154,-56.38736999484422,0.5624360271391085
2019,2018-12-26,True,False,tor,mia,106,104,23,21,37,25,0,31,27,21,25,0,away,2.0,207.5,-130.0,110.0,5.5,101.5,2.0,1,False,1645.3965871113435,1654.2630048639396,1615.0288840894116,1684.6307078858715,-8.866417752596135,0.6282244207526558
2019,2018-12-26,True,False,phx,orl,122,120,26,36,28,28,4,32,21,34,31,2,home,5.5,212.0,185.0,-230.0,6.0,105.5,0.0,1,False,1288.2221573223035,1338.4005555154367,1260.610393279731,1366.0123195580093,-50.17839819313326,0.571211607907136
2019,2018-12-26,True,False,cha,bkn,132,134,29,22,26,37,18,22,34,23,35,20,home,1.5,220.5,100.0,-120.0,1.5,106.5,1.0,1,True,1472.1418737021966,1453.607272701228,1488.0758233317454,1437.6733230716793,18.53460100096845,0.6642607638310739
2019,2018-12-26,True,False,ind,atl,129,121,32,32,31,34,0,31,36,21,33,0,away,6.5,220.0,-280.0,230.0,6.5,108.5,1.0,1,False,1342.1808536891047,1762.1314403384895,1328.9514057477663,1775.3608882798278,-419.95058664938483,0.13684048253208766
2019,2018-12-26,True,False,wsh,det,95,106,28,27,17,23,0,27,27,31,21,0,home,4.5,221.5,160.0,-190.0,3.0,108.5,1.0,0,True,1404.1014180546315,1379.3412114990401,1439.0751587539698,1344.3674707997018,24.760206555591367,0.6722055594565731
2019,2018-12-27,True,False,bos,hou,113,127,24,31,31,27,0,35,22,35,35,0,away,2.5,214.0,-145.0,125.0,2.5,110.0,0.0,1,True,1697.81374976569,1608.4983534233124,1725.3412738467089,1580.9708293422937,89.31539634237765,0.7483416146653594
2019,2018-12-27,True,False,ny,mil,96,112,28,20,29,19,0,24,29,34,25,0,home,14.5,227.0,950.0,-1800.0,6.5,110.5,1.0,0,True,1720.4378941803643,1110.8439205630716,1721.7195855959578,1109.562229147478,609.5939736172927,0.9834511485398068
2019,2018-12-27,True,False,lal,sac,116,117,34,33,28,21,0,32,29,23,33,0,home,4.5,229.0,155.0,-185.0,4.5,113.0,0.0,1,True,1459.3736226416065,1595.126113637453,1476.1865517673377,1578.3131845117218,-135.75249099584653,0.448728875624773
2019,2018-12-27,True,False,por,gs,110,109,27,25,23,27,8,28,18,25,31,7,home,9.0,227.0,350.0,-450.0,8.0,116.5,0.0,0,False,1546.9864098800842,1466.27380602186,1526.134093938243,1487.1261219637013,80.71260385822416,0.7389012060435043
2019,2018-12-27,True,False,phi,utah,114,97,22,35,38,19,0,29,23,27,18,0,home,4.5,219.5,170.0,-200.0,4.5,107.5,0.0,0,False,1652.7129468298463,1596.48434492808,1567.1270220919807,1682.0702696659455,56.2286019017663,0.7108105902214812
2019,2018-12-28,True,False,dal,no,112,114,29,37,22,24,0,26,29,31,28,0,home,4.0,228.5,148.0,-175.0,4.5,111.0,0.0,0,True,1424.9527684664154,1421.9455356737228,1442.1077444959346,1404.7905596442035,3.007232792692548,0.6440433988348458
2019,2018-12-28,True,False,okc,phx,118,102,36,22,23,37,0,29,28,27,18,0,away,4.5,226.0,-190.0,160.0,2.5,111.5,1.0,0,False,1366.0123195580093,1644.3966711715009,1333.140015101942,1677.2689756275681,-278.3843516134916,0.26369275371172285
2019,2018-12-28,True,False,sa,den,99,102,23,24,28,24,0,31,30,17,24,0,home,4.5,216.5,160.0,-190.0,2.5,109.5,0.0,0,True,1604.0034986964868,1685.463656491496,1632.87605930006,1656.5910958879228,-81.46015779500931,0.5266556818120324
2019,2018-12-28,True,False,atl,min,123,120,42,29,18,23,11,27,32,30,23,8,home,9.0,229.5,375.0,-500.0,9.5,113.5,0.0,1,False,1536.9361571872278,1328.9514057477663,1493.7722764351056,1372.1152864998885,207.98475143946143,0.8548182842999179
2019,2018-12-28,True,False,lac,lal,118,107,28,23,31,36,0,23,31,26,27,0,away,7.0,229.0,-310.0,250.0,7.0,113.0,1.0,0,False,1578.3131845117218,1554.5997886113705,1506.6614211365932,1626.2515519864992,23.713395900351316,0.6708763999541295
2019,2018-12-28,True,False,det,ind,88,125,21,24,24,19,0,32,26,33,34,0,home,7.0,206.5,240.0,-300.0,0.5,100.5,1.0,1,True,1775.3608882798278,1439.0751587539698,1784.3510307056263,1430.0850163281714,336.28572952585796,0.9249414902774726
2019,2018-12-28,True,False,chi,wsh,101,92,20,20,34,27,0,22,20,30,20,0,home,4.5,212.5,170.0,-200.0,2.0,109.0,0.0,0,False,1344.3674707997018,1270.6251695892736,1275.385284052095,1339.6073563368805,73.7423012104282,0.7310863161254266
2019,2018-12-28,True,False,tor,orl,87,116,29,19,15,24,0,25,32,35,24,0,away,4.5,207.5,-200.0,170.0,6.0,103.5,0.0,0,True,1260.610393279731,1684.6307078858715,1390.1951261752686,1555.045974990334,-424.0203146061406,0.1340968384585759
2019,2018-12-28,True,False,cle,mia,94,118,30,22,17,25,0,29,27,26,36,0,home,10.5,202.5,450.0,-650.0,5.0,105.5,1.0,1,True,1615.0288840894116,1180.713025380775,1619.385274448063,1176.3566350221236,434.3158587086366,0.955882114538071
2019,2018-12-28,True,False,bkn,cha,87,100,17,25,23,22,0,33,21,19,27,0,home,4.5,220.0,170.0,-200.0,1.5,113.0,1.0,0,True,1437.6733230716793,1488.0758233317454,1487.5002906045133,1438.2488557989113,-50.40250026006606,0.5708956120112865
2019,2018-12-29,True,False,bos,mem,112,103,29,18,32,33,0,26,38,23,16,0,away,3.5,202.0,-170.0,145.0,6.5,103.0,1.0,1,False,1482.0261920626465,1580.9708293422937,1431.2154462856804,1631.7815751192597,-98.94463727964717,0.5015187843710301
2019,2018-12-29,True,False,den,phx,122,118,36,26,28,32,0,16,33,29,40,0,away,5.0,215.5,-210.0,175.0,0.5,104.0,0.0,1,False,1333.140015101942,1632.87605930006,1316.1067810756892,1649.9092933263128,-299.73604419811795,0.24053053066000651
2019,2018-12-29,True,False,gs,por,115,105,30,28,35,22,0,27,23,33,22,0,away,5.5,226.5,-230.0,185.0,0.5,111.5,1.0,0,False,1487.1261219637013,1526.134093938243,1425.2055325564681,1588.0546833454762,-39.00797197454176,0.5868838972476653
2019,2018-12-29,True,False,cha,wsh,126,130,29,32,31,34,0,27,40,27,36,0,away,3.5,217.5,-170.0,145.0,3.5,106.0,0.0,1,True,1275.385284052095,1487.5002906045133,1321.8379701233544,1441.047604533254,-212.11500655241844,0.34403007590445084
2019,2018-12-29,True,False,sa,lac,122,111,32,24,39,27,0,30,26,19,36,0,home,2.5,227.0,120.0,-140.0,2.5,116.0,0.0,1,False,1626.2515519864992,1656.5910958879228,1560.7672930259484,1722.0753548484736,-30.339543901423667,0.598927373334834
2019,2018-12-29,True,False,cle,atl,108,111,26,25,23,34,0,23,34,27,27,0,home,4.0,219.5,150.0,-180.0,0.0,113.0,0.0,0,True,1372.1152864998885,1176.3566350221236,1379.9779292062183,1168.4939923157938,195.75865147776494,0.845864051426059
2019,2018-12-29,True,False,hou,no,108,104,30,23,24,31,0,20,30,26,28,0,away,3.5,229.5,-160.0,140.0,1.5,112.0,1.0,0,False,1442.1077444959346,1725.3412738467089,1423.815534404082,1743.6334839385615,-283.23352935077423,0.2583088445539069
2019,2018-12-29,True,False,bkn,mil,115,129,23,29,34,29,0,29,42,35,23,0,home,11.0,222.0,500.0,-700.0,0.5,113.0,1.0,1,True,1721.7195855959578,1438.2488557989113,1730.9183713330335,1429.0500700618356,283.4707297970465,0.9009151891711783
2019,2018-12-29,True,False,ny,utah,97,129,17,17,32,31,0,39,32,26,32,0,home,12.0,215.0,700.0,-1100.0,2.0,104.5,1.0,1,True,1567.1270220919807,1109.562229147478,1571.2230069286993,1105.4662443107595,457.56479294450264,0.9611939837272454
2019,2018-12-30,True,False,phi,por,95,129,20,21,26,28,0,31,39,36,23,0,home,3.0,225.0,135.0,-155.0,6.0,108.5,1.0,0,True,1425.2055325564681,1682.0702696659455,1536.5190741158672,1570.7567281065465,-256.86473710947735,0.2884372574764849
2019,2018-12-30,True,False,okc,dal,103,105,28,31,14,30,0,27,30,27,21,0,away,2.5,226.0,-140.0,120.0,1.0,111.0,0.0,0,True,1404.7905596442035,1677.2689756275681,1440.0612395775006,1641.998295694271,-272.4784159833646,0.2703464448843838
2019,2018-12-30,True,False,sac,lal,114,121,31,37,28,18,0,37,27,28,29,0,home,2.0,233.0,110.0,-130.0,2.0,114.0,1.0,1,True,1506.6614211365932,1476.1865517673377,1535.1262396402424,1447.7217332636885,30.47486936925543,0.6794126130279096
2019,2018-12-30,True,False,min,mia,113,104,30,25,31,27,0,19,35,23,27,0,home,3.5,207.0,142.0,-165.0,3.0,102.5,0.0,1,False,1619.385274448063,1493.7722764351056,1548.6733423778428,1564.4842085053258,125.6129980129574,0.7856216406411538
2019,2018-12-30,True,False,det,orl,107,109,21,38,24,24,0,31,31,23,24,0,home,1.5,203.5,105.0,-125.0,0.0,101.0,1.0,1,True,1390.1951261752686,1430.0850163281714,1410.224245517302,1410.055896986138,-39.88989015290281,0.5856524977293367
2019,2018-12-30,True,False,chi,tor,89,95,20,19,26,24,0,14,26,28,27,0,home,11.0,206.5,550.0,-800.0,7.0,105.5,0.0,0,True,1555.045974990334,1339.6073563368805,1564.9036837783212,1329.749647548893,215.43861865345343,0.8600626788472675
2019,2018-12-31,True,False,orl,cha,100,125,23,30,24,23,0,36,27,32,30,0,home,8.0,211.0,290.0,-380.0,1.0,104.5,1.0,1,True,1441.047604533254,1410.224245517302,1485.5708377091341,1365.7010123414218,30.823359015951837,0.6798493995091295
2019,2018-12-31,True,False,bos,sa,111,120,23,29,30,29,0,17,29,46,28,0,away,1.5,217.5,-115.0,-105.0,0.5,112.0,0.0,1,True,1722.0753548484736,1631.7815751192597,1745.3618714642967,1608.4950585034367,90.29377972921384,0.7494007901356071
2019,2018-12-31,True,False,min,no,114,123,22,29,38,25,0,27,36,25,35,0,home,1.0,224.0,100.0,-120.0,3.5,110.0,1.0,1,True,1423.815534404082,1564.4842085053258,1480.3750545347914,1507.9246883746164,-140.66867410124382,0.4417389206394786
2019,2018-12-31,True,False,atl,ind,108,116,25,35,21,27,0,33,30,34,19,0,home,13.5,220.5,800.0,-1400.0,7.0,109.0,0.0,1,True,1784.3510307056263,1379.9779292062183,1787.9297435187482,1376.3992163930964,404.373101499408,0.9480144999061326
2019,2018-12-31,True,False,gs,phx,132,109,31,38,39,24,0,27,25,35,22,0,away,10.0,231.0,-650.0,450.0,1.0,112.0,1.0,1,False,1316.1067810756892,1588.0546833454762,1278.218760477098,1625.9427039440675,-271.94790226978694,0.27094927374041283
2019,2018-12-31,True,False,dal,okc,102,122,21,22,32,27,0,32,28,32,30,0,home,7.5,224.0,270.0,-340.0,1.0,109.5,1.0,2,True,1641.998295694271,1440.0612395775006,1658.6666731151079,1423.3928621566638,201.93705611677046,0.8504442225396592
2019,2018-12-31,True,False,mem,hou,101,113,18,20,35,28,0,27,34,25,27,0,home,4.0,200.5,160.0,-190.0,4.0,99.0,1.0,1,True,1743.6334839385615,1431.2154462856804,1750.957576887158,1423.891353337084,312.41803765288114,0.9148284469205663
2019,2019-01-01,True,False,phi,lac,119,113,41,35,25,18,0,28,30,30,25,0,away,1.5,236.5,-125.0,105.0,1.0,114.0,1.0,0,False,1560.7672930259484,1570.7567281065465,1507.108070293691,1624.4159508388038,-9.989435080598014,0.6267133094308265
2019,2019-01-01,True,False,por,sac,113,108,26,38,19,20,10,25,25,27,26,5,away,1.0,230.0,-120.0,100.0,4.0,117.5,1.0,0,False,1447.7217332636885,1536.5190741158672,1407.0324545138335,1577.2083528657222,-88.79734085217865,0.5161163376590882
2019,2019-01-01,True,False,det,mil,98,121,27,25,21,25,0,35,33,24,29,0,home,10.0,219.0,425.0,-600.0,1.0,106.5,1.0,2,True,1730.9183713330335,1410.055896986138,1739.5421661749144,1401.432102144257,320.8624743468956,0.9185404338545676
2019,2019-01-01,True,False,utah,tor,116,122,24,29,32,31,0,26,25,44,27,0,home,1.0,209.0,-105.0,-115.0,1.0,108.5,1.0,1,True,1564.9036837783212,1571.2230069286993,1596.44247626424,1539.6842144427806,-6.319323150378068,0.6316424277532457
2019,2019-01-01,True,False,ny,den,108,115,32,24,28,24,0,28,27,27,33,0,home,13.5,219.0,800.0,-1400.0,9.0,107.0,0.0,1,True,1649.9092933263128,1105.4662443107595,1651.3251342203487,1104.0504034167236,544.4430490155532,0.9761006021932045
2019,2019-01-02,True,False,orl,chi,112,84,32,30,28,22,0,16,29,17,22,0,away,1.5,198.5,-120.0,100.0,4.5,97.5,1.0,0,False,1329.749647548893,1365.7010123414218,1242.1652606429932,1453.2853992473217,-35.95136479252869,0.5911432640206601
2019,2019-01-02,True,False,mia,cle,117,92,22,36,35,24,0,23,20,30,19,0,away,5.5,202.5,-230.0,185.0,1.5,98.5,1.0,1,False,1168.4939923157938,1548.6733423778428,1144.6689846197628,1572.4983500738738,-380.179350062049,0.16619441484256575
2019,2019-01-02,True,False,atl,wsh,98,114,29,24,31,14,0,35,29,24,26,0,home,6.0,230.0,210.0,-260.0,0.0,112.0,1.0,0,True,1321.8379701233544,1376.3992163930964,1376.0630143413853,1322.1741721750655,-54.561246269742014,0.5650213312820122
2019,2019-01-02,True,False,okc,lal,107,100,25,34,19,29,0,25,32,25,18,0,away,5.0,229.5,-240.0,190.0,3.0,113.0,1.0,0,False,1535.1262396402424,1658.6666731151079,1492.473419095255,1701.3194936600953,-123.5404334748655,0.46617433848621426
2019,2019-01-02,True,False,dal,cha,122,84,42,23,29,28,0,26,15,24,19,0,home,1.0,222.5,105.0,-125.0,7.0,107.5,0.0,0,False,1485.5708377091341,1423.3928621566638,1376.637222402719,1532.3264774630788,62.17797555247034,0.7177992977135782
2019,2019-01-02,True,False,min,bos,102,115,21,21,39,21,0,25,35,27,28,0,home,6.5,214.5,230.0,-280.0,2.0,104.5,1.0,1,True,1608.4950585034367,1507.9246883746164,1633.7804025517553,1482.6393443262978,100.57037012882029,0.7603457238499006
2019,2019-01-02,True,False,det,mem,101,94,26,25,21,29,0,24,31,12,27,0,home,6.5,198.0,210.0,-260.0,3.0,98.5,0.0,0,False,1423.891353337084,1401.432102144257,1364.000365624665,1461.323089856676,22.45925119282697,0.6692803771659236
2019,2019-01-02,True,False,phi,phx,132,127,44,28,32,28,0,32,17,38,40,0,away,3.5,228.5,-170.0,145.0,4.5,110.5,1.0,1,False,1278.218760477098,1624.4159508388038,1262.837817604334,1639.7968937115677,-346.1971903617059,0.19509699235607272
2019,2019-01-02,True,False,no,bkn,121,126,29,29,29,34,0,39,34,32,21,0,away,1.5,230.0,-125.0,105.0,5.5,112.5,0.0,1,True,1429.0500700618356,1480.3750545347914,1462.9821471909402,1446.4429774056869,-51.32498447295575,0.5695942539384131
2019,2019-01-03,True,False,tor,sa,107,125,19,32,24,32,0,38,29,29,29,0,home,3.5,218.0,140.0,-160.0,3.5,107.0,1.0,1,True,1745.3618714642967,1596.44247626424,1767.0853877747388,1574.7189599537978,148.91939520005667,0.807352024075896
2019,2019-01-03,True,False,den,sac,117,113,30,23,31,33,0,30,36,18,29,0,away,3.5,227.0,-170.0,145.0,6.0,111.5,1.0,1,False,1407.0324545138335,1651.3251342203487,1385.5389615344332,1672.818627199749,-244.29267970651517,0.3035149557684812
2019,2019-01-03,True,False,hou,gs,135,134,22,31,39,27,16,34,36,28,21,15,home,8.5,226.5,320.0,-420.0,0.0,110.0,0.0,1,False,1625.9427039440675,1750.957576887158,1611.789496421353,1765.1107844098724,-125.0148729430905,0.46406277967482656
2019,2019-01-04,True,False,ind,chi,119,116,18,36,21,30,14,30,28,20,27,11,away,7.0,201.0,-300.0,240.0,7.0,99.5,0.0,1,False,1242.1652606429932,1787.9297435187482,1237.8126918480068,1792.2823123137346,-545.764482875755,0.07135715245062506
2019,2019-01-04,True,False,ny,lal,119,112,39,24,23,33,0,25,34,33,20,0,home,5.5,222.5,200.0,-250.0,6.0,109.5,0.0,1,False,1492.473419095255,1104.0504034167236,1430.311144324038,1166.2126781879406,388.4230156785313,0.9432988624957342
2019,2019-01-04,True,False,lac,phx,121,111,38,30,23,30,0,19,25,34,33,0,away,4.5,235.0,-210.0,175.0,3.5,112.5,1.0,0,False,1262.837817604334,1507.108070293691,1230.811866714276,1539.1340211837492,-244.270252689357,0.3035422474390089
2019,2019-01-04,True,False,atl,mil,112,144,14,29,36,33,0,43,33,42,26,0,home,14.0,230.0,900.0,-1600.0,0.5,113.0,1.0,1,True,1739.5421661749144,1322.1741721750655,1744.7978571467975,1316.9184812031824,417.367993999849,0.9515799431878045
2019,2019-01-04,True,False,okc,por,111,109,28,29,36,18,0,28,34,25,22,0,home,0.0,224.0,-110.0,-110.0,1.5,108.5,0.0,0,False,1577.2083528657222,1701.3194936600953,1554.7134944744441,1723.8143520513734,-124.11114079437311,0.4653568751172092
2019,2019-01-04,True,False,utah,cle,117,91,23,25,33,36,0,20,29,22,20,0,away,10.0,207.5,-550.0,400.0,7.5,107.5,1.0,1,False,1144.6689846197628,1539.6842144427806,1122.2356472121594,1562.117551850384,-395.01522982301776,0.1546947249436054
2019,2019-01-04,True,False,bkn,mem,109,100,26,22,33,28,0,26,21,30,23,0,home,4.0,204.0,150.0,-180.0,4.0,105.0,0.0,1,False,1364.000365624665,1462.9821471909402,1313.195035518102,1513.787477297503,-98.98178156627523,0.501465329921669
2019,2019-01-04,True,False,dal,bos,93,114,23,28,17,25,0,34,24,26,30,0,home,4.0,212.5,150.0,-180.0,0.5,105.5,1.0,0,True,1633.7804025517553,1532.3264774630788,1663.2582626361639,1502.8486173786703,101.45392508867644,0.7612712952528163
2019,2019-01-04,True,False,orl,min,103,120,40,28,17,18,0,31,33,31,25,0,home,4.0,214.0,150.0,-180.0,5.0,106.0,1.0,1,True,1482.6393443262978,1453.2853992473217,1522.4216577270788,1413.5030858465407,29.35394507897604,0.6780055499498912
2019,2019-01-04,True,False,wsh,mia,109,115,24,34,28,23,0,31,30,34,20,0,home,6.5,211.5,235.0,-290.0,3.5,105.0,0.0,1,True,1572.4983500738738,1376.0630143413853,1583.4924272589185,1365.0689371563406,196.4353357324885,0.846371230141988
2019,2019-01-05,True,False,utah,det,110,105,13,35,28,34,0,31,22,25,27,0,away,3.5,209.0,-180.0,150.0,4.0,108.5,1.0,1,False,1461.323089856676,1562.117551850384,1421.9945179857853,1601.4461237212747,-100.79446199370796,0.49885667927792204
2019,2019-01-05,True,False,cha,den,110,123,26,30,28,26,0,31,27,31,34,0,home,9.0,218.5,375.0,-500.0,5.0,107.5,1.0,1,True,1672.818627199749,1376.637222402719,1681.1269417661952,1368.328907836273,296.1814047970299,0.9072578378187074
2019,2019-01-05,True,False,dal,phi,100,106,26,25,19,30,0,31,28,28,19,0,home,6.5,227.0,225.0,-275.0,1.0,110.5,0.0,0,True,1639.7968937115677,1502.8486173786703,1655.1288939426174,1487.5166171476205,136.94827633289742,0.7964064265775552
2019,2019-01-05,True,False,no,cle,133,98,28,33,37,35,0,26,26,20,26,0,away,10.0,222.0,-550.0,400.0,3.0,108.0,1.0,1,False,1122.2356472121594,1446.4429774056869,1088.2181989584362,1480.46042565941,-324.20733019352747,0.2157443108927282
2019,2019-01-05,True,False,tor,mil,123,116,27,29,35,32,0,34,23,25,34,0,home,5.5,226.5,190.0,-240.0,3.5,111.5,0.0,1,False,1744.7978571467975,1574.7189599537978,1680.2399560593303,1639.276861041265,170.07889719299965,0.8255913929014964
2019,2019-01-05,True,False,hou,por,101,110,30,16,31,24,0,30,29,27,24,0,home,2.0,220.0,115.0,-135.0,3.5,107.5,1.0,0,True,1554.7134944744441,1765.1107844098724,1620.945839384835,1698.8784394994816,-210.39728993542826,0.34626495640691757
2019,2019-01-05,True,False,mem,sa,88,108,25,19,22,22,0,27,37,24,20,0,home,8.5,203.5,320.0,-420.0,1.0,101.0,1.0,0,True,1767.0853877747388,1313.195035518102,1770.7343153263537,1309.5461079664872,453.8903522566368,0.9603972777646779
2019,2019-01-05,True,False,gs,sac,127,123,43,27,26,31,0,29,40,34,20,0,away,8.0,238.5,-380.0,290.0,5.5,116.5,0.0,1,False,1385.5389615344332,1611.789496421353,1362.4597774066094,1634.8686805491768,-226.25053488691992,0.32590689453978716
2019,2019-01-06,True,False,cha,phx,119,113,29,28,28,34,0,30,30,21,32,0,home,1.5,224.5,100.0,-120.0,0.0,110.0,0.0,1,False,1230.811866714276,1368.328907836273,1192.6067023192213,1406.5340722313276,-137.51704112199695,0.4462175148314181
2019,2019-01-06,True,False,wsh,okc,116,98,28,26,36,26,0,25,25,29,19,0,home,10.0,227.5,500.0,-700.0,9.0,111.0,0.0,0,False,1723.8143520513734,1365.0689371563406,1634.8117067762514,1454.0715824314625,358.7454148950328,0.9334386327826357
2019,2019-01-06,True,False,mia,atl,82,106,16,21,21,24,0,23,15,41,27,0,away,6.5,218.5,-300.0,240.0,5.0,107.0,0.0,0,True,1316.9184812031824,1583.4924272589185,1419.3027494609087,1481.1081590011922,-266.5739460557361,0.2771031520699085
2019,2019-01-06,True,False,ind,tor,105,121,35,28,21,21,0,37,33,26,25,0,home,0.0,213.0,-110.0,-110.0,1.5,107.0,1.0,1,True,1639.276861041265,1792.2823123137346,1711.0437506405392,1720.5154227144603,-153.0054512724696,0.42430538239113375
2019,2019-01-06,True,False,orl,lac,96,106,28,19,20,29,0,18,27,25,36,0,home,6.5,220.5,240.0,-300.0,5.0,107.5,1.0,0,True,1539.1340211837492,1413.5030858465407,1559.2264565761698,1393.41065045412,125.63093533720848,0.7856390304548301
2019,2019-01-06,True,False,bkn,chi,117,100,28,27,33,29,0,21,34,27,18,0,away,2.0,207.5,-130.0,110.0,2.0,108.0,1.0,1,False,1237.8126918480068,1513.787477297503,1203.9335890649668,1547.666580080543,-275.97478544949627,0.26639466241737275
2019,2019-01-06,True,False,lal,min,86,108,19,26,23,18,0,35,29,19,25,0,home,8.0,224.5,300.0,-400.0,1.0,109.5,1.0,0,True,1522.4216577270788,1430.311144324038,1553.8313501343753,1398.9014519167415,92.11051340304084,0.7513596600548609
2019,2019-01-07,True,False,orl,sac,95,111,25,17,20,33,0,29,29,32,21,0,home,4.5,222.5,160.0,-190.0,2.5,109.0,1.0,0,True,1362.4597774066094,1393.41065045412,1412.5634644038917,1343.3069634568378,-30.95087304751064,0.598081746502409
2019,2019-01-07,True,False,lal,dal,107,97,25,29,32,21,0,33,34,13,17,0,home,7.5,223.0,250.0,-310.0,0.5,109.5,0.0,0,False,1487.5166171476205,1398.9014519167415,1415.0618121195248,1471.3562569448372,88.61516523087903,0.7475817385865521
2019,2019-01-07,True,False,den,hou,113,125,35,25,29,24,0,33,37,26,29,0,home,1.0,215.5,100.0,-120.0,2.5,106.5,1.0,1,True,1698.8784394994816,1681.1269417661952,1736.2198996913394,1643.7854815743374,17.751497733286442,0.663254674837083
2019,2019-01-07,True,False,ny,por,101,111,30,23,23,25,0,30,24,32,25,0,home,11.0,222.0,550.0,-800.0,7.0,109.5,0.0,0,True,1620.945839384835,1166.2126781879406,1623.8047515736503,1163.3537659991252,454.73316119689434,0.9605813935207834
2019,2019-01-07,True,False,utah,mil,102,114,34,28,24,16,0,32,26,25,31,0,home,5.0,222.5,185.0,-230.0,5.5,115.0,1.0,0,True,1680.2399560593303,1601.4461237212747,1707.778261888876,1573.907817891729,78.79383233805561,0.7367646549546268
2019,2019-01-07,True,False,bkn,bos,95,116,22,23,29,21,0,34,22,30,30,0,home,10.5,219.5,500.0,-700.0,3.0,112.5,1.0,0,True,1663.2582626361639,1547.666580080543,1690.5978959700808,1520.3269467466262,115.59168255562076,0.7757459438209545
2019,2019-01-07,True,False,sa,det,119,107,25,34,25,35,0,31,20,22,34,0,away,2.5,214.5,-150.0,130.0,1.0,110.5,1.0,1,False,1421.9945179857853,1770.7343153263537,1400.234543473957,1792.4942898381819,-348.73979734056843,0.19280882635369523
2019,2019-01-07,True,False,mem,no,95,114,27,24,22,22,0,31,22,33,28,0,home,4.5,214.5,170.0,-200.0,2.0,105.5,1.0,0,True,1480.46042565941,1309.5461079664872,1500.0161298601477,1289.9904037657495,170.91431769292285,0.8262827677517882
2019,2019-01-08,True,False,ind,cle,123,115,38,25,29,31,0,16,27,36,36,0,away,10.0,208.0,-600.0,425.0,0.0,101.0,0.0,1,False,1088.2181989584362,1720.5154227144603,1083.9053473541173,1724.8282743187792,-632.2972237560241,0.04461053078263069
2019,2019-01-08,True,False,cha,lac,109,128,24,33,20,32,0,33,29,24,42,0,home,6.5,231.0,225.0,-275.0,2.0,113.5,1.0,1,True,1559.2264565761698,1406.5340722313276,1580.8723499216633,1384.8881788858341,152.69238434484214,0.8107075625855821
2019,2019-01-08,True,False,atl,tor,101,104,31,26,20,24,0,28,28,24,24,0,home,13.5,229.0,800.0,-1400.0,9.0,113.0,0.0,0,True,1711.0437506405392,1419.3027494609087,1715.525724940006,1414.8207751614418,291.74100117963053,0.9050846019426642
2019,2019-01-08,True,False,wsh,phi,115,132,29,16,33,37,0,32,36,36,28,0,home,8.5,227.0,300.0,-400.0,2.0,109.0,1.0,1,True,1655.1288939426174,1454.0715824314625,1671.033230966191,1438.167245407889,201.05731151115492,0.849798966841642
2019,2019-01-08,True,False,sac,phx,111,115,32,40,14,25,0,35,18,33,29,0,away,4.0,227.5,-180.0,150.0,4.0,111.0,0.0,0,True,1192.6067023192213,1412.5634644038917,1239.7756242085625,1365.3945425145505,-219.95676208467034,0.33391593192360697
2019,2019-01-08,True,False,ny,gs,95,122,25,24,19,27,0,31,30,33,28,0,home,17.0,232.5,1600.0,-6000.0,7.0,112.0,1.0,0,True,1634.8686805491768,1163.3537659991252,1638.4475497133392,1159.7748968349629,471.51491455005157,0.9640808405024988
2019,2019-01-08,True,False,min,okc,119,117,29,35,32,23,0,23,41,29,24,0,home,8.0,228.5,300.0,-400.0,5.5,112.5,0.0,1,False,1634.8117067762514,1553.8313501343753,1601.7564619849531,1586.8865949256735,80.98035664187614,0.7391984554255984
2019,2019-01-08,True,False,den,mia,103,99,24,25,27,27,0,18,34,24,23,0,home,2.0,209.5,110.0,-130.0,0.0,103.5,0.0,0,False,1481.1081590011922,1643.7854815743374,1452.0196544381427,1672.873986137387,-162.67732257314515,0.41076600179816697
2019,2019-01-09,True,False,phx,dal,94,104,26,24,19,25,0,26,20,32,26,0,home,11.0,217.5,550.0,-800.0,9.0,107.5,0.0,0,True,1415.0618121195248,1239.7756242085625,1430.3350642551623,1224.502372072925,175.28618791096233,0.8298655483877
2019,2019-01-09,True,False,chi,por,112,124,29,22,34,27,0,30,26,39,29,0,home,10.0,209.0,425.0,-600.0,5.0,107.5,1.0,1,True,1623.8047515736503,1203.9335890649668,1627.6009669715884,1200.1373736670287,419.8711625086835,0.9522395605755891
2019,2019-01-09,True,False,orl,utah,93,106,32,31,12,18,0,19,27,32,28,0,home,9.5,207.5,400.0,-550.0,10.0,103.5,1.0,0,True,1573.907817891729,1343.3069634568378,1586.1517723188183,1331.0630090297486,230.6008544348913,0.8702410222345071
2019,2019-01-09,True,False,det,lal,100,113,24,23,30,23,0,20,35,34,24,0,home,1.5,216.0,105.0,-125.0,2.0,105.5,1.0,0,True,1471.3562569448372,1400.234543473957,1500.831373566926,1370.7594268518683,71.1217134708802,0.7281102382251666
2019,2019-01-09,True,False,cle,no,124,140,38,25,28,33,0,25,34,41,40,0,home,14.5,225.0,950.0,-1800.0,11.0,115.5,1.0,1,True,1500.0161298601477,1083.9053473541173,1504.3080372090094,1079.6134400052556,416.1107825060303,0.951245398324592
2019,2019-01-09,True,False,phi,wsh,106,123,20,28,27,31,0,25,38,29,31,0,away,3.5,227.5,-170.0,145.0,7.0,111.0,0.0,1,True,1438.167245407889,1671.033230966191,1524.9528003498565,1584.2476760242234,-232.8659855583021,0.3175967864460895
2019,2019-01-09,True,False,ind,bos,108,135,23,30,27,28,0,29,39,37,30,0,home,7.0,216.0,250.0,-310.0,1.0,106.0,1.0,1,True,1690.5978959700808,1724.8282743187792,1750.192502939544,1665.233667349316,-34.23037834869842,0.5935354863323179
2019,2019-01-09,True,False,sa,mem,86,96,18,13,33,22,0,22,20,30,24,0,away,3.0,206.0,-150.0,130.0,5.0,105.0,0.0,0,True,1289.9904037657495,1792.4942898381819,1386.0311562688876,1696.4535373350438,-502.50388607243235,0.08972489339618679
2019,2019-01-09,True,False,atl,bkn,100,116,38,19,23,20,0,23,28,35,30,0,home,8.5,227.0,300.0,-400.0,8.5,111.5,1.0,0,True,1520.3269467466262,1414.8207751614418,1546.7718444851612,1388.3758774229068,105.50617158518435,0.7654847396779301
2019,2019-01-09,True,False,mil,hou,116,109,26,28,38,24,0,29,31,23,26,0,away,2.0,229.5,-125.0,105.0,3.5,118.0,1.0,0,False,1736.2198996913394,1707.778261888876,1676.003153205729,1767.9950083744864,28.441637802463447,0.6768579681513082
2019,2019-01-10,True,False,okc,sa,147,154,23,40,30,37,17,33,37,35,25,24,away,1.5,224.5,-125.0,105.0,3.0,110.0,0.0,1,True,1696.4535373350438,1601.7564619849531,1717.003425299431,1581.206574020566,94.6970753500907,0.7541308589296687
2019,2019-01-10,True,False,det,sac,102,112,21,27,26,28,0,34,31,26,21,0,home,8.0,220.0,280.0,-360.0,0.5,107.0,1.0,0,True,1365.3945425145505,1370.7594268518683,1404.124213311477,1332.0297560549418,-5.36488433731779,0.6329198356473624
2019,2019-01-10,True,False,bos,mia,99,115,24,19,29,27,0,28,33,22,32,0,away,3.0,212.0,-155.0,135.0,6.5,108.5,0.0,1,True,1452.0196544381427,1750.192502939544,1546.4907751226053,1655.7213822550814,-298.1728485014014,0.24217816877390885
2019,2019-01-10,True,False,lac,den,100,121,25,29,22,24,0,37,28,28,28,0,home,5.5,226.0,185.0,-230.0,0.5,110.5,1.0,0,True,1672.873986137387,1580.8723499216633,1703.8560572905258,1549.8902787685245,92.00163621572369,0.751242553699424
2019,2019-01-11,True,False,cha,por,96,127,27,22,19,28,0,37,33,31,26,0,home,6.5,222.5,220.0,-270.0,2.5,109.0,1.0,1,True,1627.6009669715884,1384.8881788858341,1642.5821763411686,1369.9069695162539,242.71278808575426,0.8779129783510324
2019,2019-01-11,True,False,lal,utah,95,113,26,15,27,27,0,32,30,21,30,0,home,8.5,214.5,300.0,-400.0,1.0,105.0,1.0,0,True,1586.1517723188183,1500.831373566926,1616.7123122158773,1470.270833669867,85.3203987518923,0.7439859775276906
2019,2019-01-11,True,False,chi,gs,109,146,17,38,21,33,0,43,33,40,30,0,home,15.5,221.0,1100.0,-2500.0,3.5,112.5,1.0,1,True,1638.4475497133392,1200.1373736670287,1643.250167799742,1195.3347555806258,438.3101760463105,0.9568416691602731
2019,2019-01-11,True,False,ind,ny,121,106,31,33,32,25,0,22,30,30,24,0,away,8.0,218.5,-400.0,300.0,1.0,107.0,1.0,1,False,1159.7748968349629,1665.233667349316,1148.9973088262093,1676.0112553580695,-505.4587705143531,0.08834529984643809
2019,2019-01-11,True,False,dal,min,119,115,28,33,24,34,0,26,24,28,37,0,home,4.5,224.0,160.0,-190.0,6.0,109.5,0.0,1,False,1586.8865949256735,1430.3350642551623,1537.0399377658016,1480.1817214150342,156.55153067051128,0.8140931912776878
2019,2019-01-11,True,False,bkn,tor,105,122,35,18,22,30,0,28,36,35,23,0,home,10.0,224.5,450.0,-650.0,2.5,116.0,1.0,1,True,1715.525724940006,1546.7718444851612,1734.6235633046144,1527.6740061205528,168.75388045484488,0.8244903914337016
2019,2019-01-11,True,False,cle,hou,113,141,22,27,32,32,0,42,35,36,28,0,home,14.0,216.5,900.0,-1600.0,1.0,110.5,1.0,1,True,1676.003153205729,1079.6134400052556,1677.658184925135,1077.9584082858496,596.3897132004734,0.9821675385742624
2019,2019-01-11,True,False,atl,phi,123,121,32,22,35,34,0,30,26,32,33,0,home,10.5,234.0,450.0,-650.0,6.0,114.0,0.0,1,False,1584.2476760242234,1388.3758774229068,1550.0531442774613,1422.570409169669,195.87179860131664,0.8459489510730733
2019,2019-01-11,True,False,mil,wsh,106,113,26,21,35,24,0,40,17,28,28,0,away,2.0,227.5,-135.0,115.0,4.0,115.5,0.0,0,True,1524.9528003498565,1767.9950083744864,1588.5385747012267,1704.4092340231161,-243.04220802462987,0.3050387778196491
2019,2019-01-12,True,False,chi,utah,102,110,19,34,29,20,0,29,22,30,29,0,home,12.0,207.0,600.0,-900.0,9.5,107.0,0.0,1,True,1616.7123122158773,1195.3347555806258,1619.9341162728256,1192.1129515236776,421.3775566352515,0.952632392104837
2019,2019-01-12,True,False,cha,sac,97,104,29,30,17,21,0,35,22,25,22,0,home,6.0,233.5,200.0,-250.0,5.5,114.5,1.0,0,True,1404.124213311477,1369.9069695162539,1432.0725273741639,1341.958655453567,34.21724379522311,0.6840866366447895
2019,2019-01-12,True,False,den,phx,93,102,23,24,22,24,0,31,29,21,21,0,away,9.0,217.5,-500.0,375.0,9.0,106.5,0.0,0,True,1224.502372072925,1703.8560572905258,1315.561078422837,1612.7973509406138,-479.35368521760074,0.10122059779510459
2019,2019-01-12,True,False,no,min,106,110,29,23,37,17,0,27,27,33,23,0,away,1.5,237.0,-125.0,105.0,3.0,115.0,0.0,0,True,1537.0399377658016,1504.3080372090094,1558.8292806483516,1482.5186943264594,32.7319005567922,0.6822359065246164
2019,2019-01-12,True,False,bos,orl,103,105,19,32,26,26,0,19,22,31,33,0,away,7.5,213.5,-350.0,275.0,1.0,109.5,0.0,0,True,1331.0630090297486,1655.7213822550814,1368.9943183682042,1617.7900729166258,-324.65837322533275,0.2153053255186574
2019,2019-01-12,True,False,mem,mia,108,112,34,27,22,25,0,30,33,28,21,0,home,3.5,196.0,145.0,-170.0,1.5,99.0,1.0,1,True,1546.4907751226053,1386.0311562688876,1557.6291477468367,1374.8927836446562,160.45961885371776,0.8174739432841436
2019,2019-01-12,True,False,det,lac,109,104,37,28,25,19,0,24,30,26,24,0,home,7.5,222.0,260.0,-330.0,6.5,108.0,0.0,0,False,1549.8902787685245,1332.0297560549418,1494.1065990712743,1387.813435752192,217.86052271358267,0.8617322104807632
2019,2019-01-12,True,False,sa,okc,112,122,31,29,20,32,0,23,28,35,36,0,home,6.0,227.0,210.0,-260.0,6.5,116.0,1.0,1,True,1581.206574020566,1717.003425299431,1639.376417276528,1658.833582043469,-135.796851278865,0.44866570814074247
2019,2019-01-13,True,False,hou,orl,109,116,26,33,29,21,0,18,34,34,30,0,away,5.5,214.5,-220.0,180.0,1.0,106.0,0.0,1,True,1368.9943183682042,1677.658184925135,1439.3297910069239,1607.3227122864153,-308.66386655693077,0.2312678971631651
2019,2019-01-13,True,False,cle,lal,101,95,32,19,24,26,0,24,22,19,30,0,home,10.5,222.0,450.0,-650.0,9.5,114.0,0.0,0,False,1470.270833669867,1077.9584082858496,1412.189895517796,1136.0393464379206,392.3124253840174,0.9444845584368973
2019,2019-01-13,True,False,phi,ny,108,105,36,30,17,25,0,24,26,32,23,0,away,9.0,229.0,-500.0,375.0,0.5,110.0,0.0,0,False,1148.9973088262093,1550.0531442774613,1139.8354374786074,1559.2150156250632,-401.05583545125205,0.15020211770963426
2019,2019-01-13,True,False,por,den,113,116,32,28,28,25,0,34,24,35,23,0,home,4.5,217.0,160.0,-190.0,4.5,111.5,0.0,1,True,1612.7973509406138,1642.5821763411686,1637.214785556449,1618.1647417253334,-29.784825400554837,0.5996941837330002
2019,2019-01-13,True,False,tor,wsh,140,138,36,25,37,26,16,21,29,34,40,14,away,5.0,224.5,-220.0,180.0,0.5,110.0,0.0,1,False,1588.5385747012267,1734.6235633046144,1567.5563511826538,1755.6057868231874,-146.08498860338773,0.43406461155584636
2019,2019-01-13,True,False,mil,atl,133,114,35,29,31,38,0,32,23,29,30,0,away,9.5,232.0,-550.0,400.0,3.0,118.0,1.0,1,False,1422.570409169669,1704.4092340231161,1388.3190061174812,1738.6606370753038,-281.83882485344725,0.2598499823668508
2019,2019-01-13,True,False,gs,dal,119,114,25,37,30,27,0,29,25,34,26,0,away,6.0,227.5,-260.0,210.0,1.0,110.0,0.0,1,False,1480.1817214150342,1643.250167799742,1447.8409443528215,1675.5909448619548,-163.06844638470784,0.4102211670305854
2019,2019-01-14,True,False,por,sac,107,115,27,17,31,32,0,24,30,29,32,0,home,2.0,228.0,110.0,-130.0,2.5,116.5,1.0,0,True,1432.0725273741639,1618.1647417253334,1492.1502522970086,1558.0870168024887,-186.09221435116956,0.378578387826477
2019,2019-01-14,True,False,bos,bkn,102,109,25,20,21,36,0,27,19,44,19,0,away,2.5,217.0,-140.0,120.0,2.0,112.0,0.0,0,True,1527.6740061205528,1617.7900729166258,1572.1206287653188,1573.3434502718599,-90.11606679607303,0.5142202873191903
2019,2019-01-14,True,False,mem,hou,94,112,29,19,22,24,0,24,30,33,25,0,home,3.5,208.5,145.0,-170.0,0.0,102.0,1.0,0,True,1607.3227122864153,1374.8927836446562,1620.8387179256931,1361.3767780053784,232.42992864175903,0.8714253455767239
2019,2019-01-14,True,False,cha,sa,108,93,28,21,27,32,0,24,19,29,21,0,home,7.5,220.5,280.0,-360.0,7.0,108.0,0.0,0,False,1658.833582043469,1341.958655453567,1573.9016110025586,1426.8906264944771,316.8749265899021,0.9168063293774159
2019,2019-01-14,True,False,det,utah,94,100,31,28,15,20,0,27,26,22,25,0,home,7.5,208.0,280.0,-360.0,7.0,103.5,0.0,0,True,1619.9341162728256,1387.813435752192,1628.882636370466,1378.8649156545516,232.12068052063364,0.8712257571031282
2019,2019-01-14,True,False,no,lac,121,117,32,34,28,27,0,36,27,25,29,0,away,1.0,240.0,-120.0,100.0,0.0,116.0,1.0,0,False,1494.1065990712743,1482.5186943264594,1448.233993888573,1528.3912995091607,11.587904744814978,0.6552848527744387
2019,2019-01-15,True,False,okc,atl,126,142,29,30,41,26,0,25,45,27,45,0,away,10.0,234.5,-550.0,400.0,9.0,116.0,0.0,1,True,1388.3190061174812,1639.376417276528,1476.1620735337208,1551.5333498602884,-251.05741115904675,0.29534662309939064
2019,2019-01-15,True,False,chi,lal,100,107,18,25,25,32,0,19,25,32,31,0,home,7.0,215.5,240.0,-300.0,4.5,110.0,2.0,0,True,1412.189895517796,1192.1129515236776,1422.445330580095,1181.8575164613785,220.07694399411844,0.8632454083623374
2019,2019-01-15,True,False,gs,den,142,111,51,28,33,30,0,38,22,23,28,0,away,2.0,227.5,-135.0,115.0,4.0,111.0,1.0,1,False,1637.214785556449,1675.5909448619548,1547.5850388312736,1765.2206915871302,-38.37615930550578,0.587765414166111
2019,2019-01-15,True,False,mia,mil,86,124,23,22,18,23,0,30,39,24,31,0,home,8.5,218.0,350.0,-450.0,1.5,107.0,1.0,0,True,1738.6606370753038,1557.6291477468367,1761.2515669940353,1535.0382178281052,181.03148932846716,0.8344842199007653
2019,2019-01-15,True,False,phx,ind,97,131,19,32,22,24,0,38,24,34,35,0,home,10.5,218.5,450.0,-650.0,2.5,107.5,1.0,1,True,1676.0112553580695,1315.561078422837,1683.5951950422027,1307.9771387387038,360.45017693523255,0.9340457613131266
2019,2019-01-15,True,False,min,phi,107,149,27,31,32,17,0,40,43,32,34,0,home,6.5,234.0,210.0,-260.0,4.0,113.0,1.0,1,True,1559.2150156250632,1558.8292806483516,1618.6741005876704,1499.3701956857444,0.38573497671154655,0.6405763961833465
2019,2019-01-16,True,False,cle,por,112,129,26,29,30,27,0,30,32,38,29,0,home,14.0,217.5,950.0,-1800.0,6.5,112.5,1.0,1,True,1558.0870168024887,1136.0393464379206,1562.3076499324313,1131.818713307978,422.04767036456815,0.9528061533206073
2019,2019-01-16,True,False,orl,det,115,120,34,29,21,25,6,26,32,32,19,11,home,3.5,208.0,145.0,-170.0,4.0,103.0,1.0,1,True,1378.8649156545516,1439.3297910069239,1413.8173807913558,1404.3773258701196,-60.464875352372246,0.5566513132497185
2019,2019-01-16,True,False,no,gs,140,147,39,32,38,31,0,31,35,44,37,0,home,7.0,241.5,260.0,-330.0,7.5,118.5,2.0,1,True,1765.2206915871302,1528.3912995091607,1774.5241612084772,1519.0878298878138,236.8293920779695,0.8742362875566405
2019,2019-01-16,True,False,sa,dal,105,101,20,25,30,30,0,35,21,24,21,0,home,1.0,217.0,100.0,-120.0,3.0,112.0,0.0,0,False,1447.8409443528215,1573.9016110025586,1415.0842186050797,1606.6583367503004,-126.06066664973719,0.46256586474682415
2019,2019-01-16,True,False,utah,lac,129,109,31,25,32,41,0,22,27,23,37,0,home,1.0,224.0,100.0,-120.0,1.5,114.5,0.0,1,False,1448.233993888573,1628.882636370466,1396.5287884057398,1680.5878418532993,-180.64864248189292,0.3859778768149721
2019,2019-01-16,True,False,mil,mem,111,101,28,22,41,20,0,20,25,28,28,0,away,6.0,212.5,-275.0,225.0,2.0,108.5,1.0,0,False,1361.3767780053784,1761.2515669940353,1345.4375681835052,1777.1907768159085,-399.874788988657,0.15107197248701304
2019,2019-01-16,True,False,bkn,hou,145,142,34,28,23,46,14,30,24,40,37,11,home,5.5,226.5,200.0,-250.0,5.5,116.5,0.0,1,False,1620.8387179256931,1572.1206287653188,1580.0171741826416,1612.9421725083703,48.71808916037435,0.7018431253499537
2019,2019-01-16,True,False,tor,bos,108,117,36,17,30,25,0,30,34,23,30,0,home,2.5,223.0,125.0,-145.0,3.0,109.5,1.0,1,True,1573.3434502718599,1755.6057868231874,1635.7751375258858,1693.1740995691614,-182.2623365513275,0.38377869840152107
2019,2019-01-17,True,False,phi,ind,120,96,28,26,32,34,0,25,23,23,25,0,home,3.0,225.0,130.0,-150.0,4.0,110.0,0.0,0,False,1683.5951950422027,1618.6741005876704,1587.7066273374005,1714.5626682924726,64.9210944545323,0.7209868799321669
2019,2019-01-17,True,False,sac,cha,95,114,25,25,23,22,0,20,43,20,31,0,home,2.5,229.0,125.0,-145.0,3.0,111.0,1.0,0,True,1426.8906264944771,1492.1502522970086,1486.2286047436294,1432.8122740478564,-65.25962580253145,0.5498294601761733
2019,2019-01-17,True,False,phx,tor,109,111,20,29,29,31,0,32,25,20,34,0,home,9.0,223.5,350.0,-450.0,2.5,109.5,0.0,0,True,1693.1740995691614,1307.9771387387038,1695.1877365463947,1305.9635017614705,385.19696083045756,0.9422973739058591
2019,2019-01-17,True,False,chi,den,105,135,30,17,26,32,0,28,33,42,32,0,home,14.0,214.0,900.0,-1600.0,4.0,109.5,1.0,1,True,1547.5850388312736,1181.8575164613785,1554.6774606364156,1174.7650946562364,365.72752236989504,0.9358927320901895
2019,2019-01-17,True,False,lal,okc,138,128,27,40,28,27,16,39,24,33,26,6,home,10.0,226.0,425.0,-600.0,8.5,111.0,0.0,1,False,1551.5333498602884,1422.445330580095,1477.8080798848364,1496.170600555547,129.0880192801933,0.7889714404561569
2019,2019-01-17,True,False,ny,wsh,100,101,30,33,26,11,0,20,33,24,24,0,home,7.5,229.0,260.0,-330.0,7.5,112.5,0.0,0,True,1567.5563511826538,1139.8354374786074,1568.5335796924205,1138.8582089688407,427.7209137040463,0.9542531376520403
2019,2019-01-18,True,False,mia,det,93,98,17,22,30,24,0,30,23,12,33,0,home,2.5,206.0,125.0,-145.0,3.0,101.0,1.0,0,True,1413.8173807913558,1535.0382178281052,1455.6407343565866,1493.2148642628745,-121.22083703674934,0.46949868039169906
2019,2019-01-18,True,False,cle,utah,99,115,20,17,23,39,0,29,32,32,22,0,home,15.5,215.0,1200.0,-3000.0,4.0,110.5,1.0,0,True,1680.5878418532993,1131.818713307978,1682.4653091942027,1129.9412459670746,548.7691285453213,0.9766747063851194
2019,2019-01-18,True,False,no,por,112,128,29,29,28,26,0,32,42,30,24,0,home,3.0,235.5,130.0,-150.0,3.5,114.5,1.0,1,True,1562.3076499324313,1519.0878298878138,1598.732900330634,1482.662579489611,43.21982004461756,0.6951779212653596
2019,2019-01-18,True,False,bkn,orl,117,115,25,29,32,31,0,32,35,28,20,0,home,2.5,217.0,125.0,-145.0,3.0,111.5,0.0,1,False,1404.3773258701196,1612.9421725083703,1387.5236349170177,1629.7958634614722,-208.56484663825063,0.34865660497634726
2019,2019-01-18,True,False,mem,bos,116,122,24,38,29,25,0,35,23,38,26,0,home,10.0,207.5,450.0,-650.0,8.0,103.0,0.0,1,True,1635.7751375258858,1345.4375681835052,1642.1194290657008,1339.0932766436902,290.3375693423807,0.9043883056160533
2019,2019-01-18,True,False,sa,min,116,113,28,30,30,28,0,31,27,32,23,0,home,1.5,226.5,110.0,-130.0,1.0,116.5,0.0,1,False,1499.3701956857444,1606.6583367503004,1469.5113911128929,1636.517141323152,-107.28814106455593,0.48951306004688144
2019,2019-01-18,True,False,gs,lac,112,94,28,24,29,31,0,25,26,21,22,0,away,7.5,241.5,-300.0,240.0,5.5,116.0,1.0,0,False,1396.5287884057398,1774.5241612084772,1374.770765914177,1796.28218370004,-377.9953728027374,0.1679438815579983
2019,2019-01-19,True,False,mem,tor,90,119,19,29,14,28,0,23,32,45,19,0,home,10.5,212.5,500.0,-700.0,3.5,105.0,1.0,0,True,1695.1877365463947,1339.0932766436902,1702.6384851269686,1331.6425280631163,356.09445990270456,0.9324842124535834
2019,2019-01-19,True,False,bos,atl,113,105,28,32,23,30,0,36,31,22,16,0,away,7.0,226.0,-330.0,260.0,7.5,117.0,1.0,0,False,1476.1620735337208,1642.1194290657008,1436.8911484071787,1681.390354192243,-165.95735553198006,0.40620382404663813
2019,2019-01-19,True,False,lal,hou,134,138,39,25,22,34,14,26,20,36,38,18,home,7.5,229.5,260.0,-330.0,9.0,113.0,0.0,1,True,1580.0171741826416,1496.170600555547,1596.8501589393277,1479.337615798861,83.84657362709459,0.7423666769918416
2019,2019-01-19,True,False,mia,chi,117,103,31,24,28,34,0,30,27,19,27,0,away,3.5,208.5,-180.0,150.0,4.0,103.0,1.0,1,False,1174.7650946562364,1493.2148642628745,1148.3837682995122,1519.5961906195987,-318.44976960663803,0.22140490555619086
2019,2019-01-19,True,False,cle,den,102,124,25,21,30,26,0,37,33,31,23,0,home,18.5,219.0,1500.0,-5000.0,4.5,112.5,1.0,1,True,1554.6774606364156,1129.9412459670746,1559.180472720306,1125.4382338831842,424.73621466934105,0.9534972222356296
2019,2019-01-19,True,False,sac,det,103,101,26,25,23,29,0,30,27,25,19,0,away,1.5,222.5,-125.0,105.0,2.0,109.5,1.0,0,False,1455.6407343565866,1432.8122740478564,1423.9882748462096,1464.4647335582333,22.8284603087302,0.6697506390546064
2019,2019-01-19,True,False,phx,cha,115,135,26,34,26,29,0,39,32,38,26,0,home,7.0,224.5,250.0,-310.0,0.5,110.0,1.0,1,True,1486.2286047436294,1305.9635017614705,1505.0837530759982,1287.1083534291017,180.26510298215885,0.8338739785701537
2019,2019-01-19,True,False,okc,phi,117,115,33,26,29,29,0,25,31,23,36,0,home,3.5,235.0,145.0,-170.0,4.0,115.0,0.0,0,False,1714.5626682924726,1477.8080798848364,1680.3947197414197,1511.9760284358892,236.75458840763622,0.8741889361627958
2019,2019-01-19,True,False,mil,orl,118,108,33,26,28,31,0,24,22,36,26,0,away,10.5,221.5,-700.0,500.0,2.0,114.0,0.0,1,False,1387.5236349170177,1777.1907768159085,1370.772925437007,1793.9414862959193,-389.6671418988908,0.15876337346594674
2019,2019-01-19,True,False,dal,ind,99,111,23,19,27,30,0,24,34,26,27,0,home,7.5,214.5,275.0,-350.0,0.5,105.0,1.0,0,True,1587.7066273374005,1415.0842186050797,1604.2904544247308,1398.5003915177494,172.62240873232076,0.8276896046471575
2019,2019-01-20,True,False,lac,sa,103,95,38,22,20,23,0,26,27,20,22,0,home,9.5,220.5,400.0,-550.0,9.0,108.5,0.0,0,False,1636.517141323152,1374.770765914177,1568.3862416503387,1442.9016655869902,261.7463754089749,0.8891787290762928
2019,2019-01-20,True,False,cha,ind,95,120,26,15,30,24,0,34,22,27,37,0,home,8.0,219.0,280.0,-360.0,0.0,106.5,1.0,0,True,1604.2904544247308,1505.0837530759982,1635.7325980874787,1473.6416094132503,99.20670134873262,0.7589123907755257
2019,2019-01-20,True,False,phx,min,114,116,31,36,29,18,0,29,35,27,25,0,home,12.0,229.5,750.0,-1200.0,9.0,113.5,0.0,1,True,1469.5113911128929,1287.1083534291017,1476.233534818944,1280.3862097230506,182.40303768379113,0.8355718387194138
2019,2019-01-21,True,False,gs,lal,130,111,29,36,45,20,0,24,31,25,31,0,away,13.5,233.0,-1500.0,850.0,1.0,112.0,1.0,1,False,1479.337615798861,1796.28218370004,1449.9563869707872,1825.6634125281137,-316.94456790117897,0.22290216202993524
2019,2019-01-21,True,False,mia,bos,99,107,23,27,18,31,0,33,17,37,20,0,home,8.5,212.5,350.0,-450.0,6.0,105.0,0.0,0,True,1681.390354192243,1519.5961906195987,1696.48397752551,1504.5025672863317,161.79416357264427,0.8186174206415033
2019,2019-01-21,True,False,por,utah,109,104,29,15,39,26,0,28,23,28,25,0,home,5.0,218.5,175.0,-210.0,1.0,113.0,0.0,0,False,1682.4653091942027,1598.732900330634,1628.4700980941318,1652.728111430705,83.73240886356871,0.7422409647858531
2019,2019-01-21,True,False,no,mem,105,85,21,33,28,23,0,28,22,18,17,0,home,3.0,222.0,125.0,-145.0,2.5,107.5,0.0,0,False,1331.6425280631163,1482.662579489611,1274.4287108510239,1539.8763967017035,-151.02005142649477,0.4270995054711702
2019,2019-01-21,True,False,okc,ny,127,109,34,33,36,24,0,16,31,35,27,0,away,9.0,226.0,-500.0,375.0,0.5,109.0,1.0,1,False,1138.8582089688407,1511.9760284358892,1116.587125465838,1534.247111938892,-373.11781946704855,0.17190405108952186
2019,2019-01-21,True,False,sac,bkn,94,123,23,37,25,9,0,29,26,38,30,0,home,3.5,231.0,140.0,-160.0,3.5,114.0,1.0,0,True,1629.7958634614722,1464.4647335582333,1652.703425638807,1441.5571713808986,165.3311299032389,0.8216210063164415
2019,2019-01-21,True,False,chi,cle,104,88,31,17,28,28,0,18,24,25,21,0,away,2.5,211.5,-150.0,130.0,0.0,110.0,1.0,0,False,1125.4382338831842,1148.3837682995122,1049.5060784516584,1224.315923731038,-22.945534416327973,0.6091072558592718
2019,2019-01-21,True,False,hou,phi,93,121,26,24,13,30,0,30,35,29,27,0,home,4.5,234.0,170.0,-200.0,2.5,114.5,1.0,0,True,1680.3947197414197,1596.8501589393277,1715.6683040762277,1561.5765746045195,83.54456080209206,0.7420340293023745
2019,2019-01-21,True,False,orl,atl,122,103,28,32,31,31,0,31,26,21,25,0,home,1.0,221.0,-105.0,-115.0,2.0,110.0,0.0,1,False,1436.8911484071787,1370.772925437007,1347.5789799863167,1460.085093857869,66.1182229701717,0.7223710385894829
2019,2019-01-21,True,False,det,wsh,87,101,17,17,30,23,0,29,21,31,20,0,home,5.5,215.5,190.0,-240.0,2.0,105.0,1.0,0,True,1568.5335796924205,1423.9882748462096,1589.000283442672,1403.521571095958,144.5453048462109,0.8034054364557665
2019,2019-01-21,True,False,dal,mil,106,116,26,33,25,22,0,35,22,35,24,0,home,11.5,225.0,600.0,-900.0,8.0,109.5,0.0,0,True,1793.9414862959193,1398.5003915177494,1798.068102267079,1394.3737755465897,395.4410947781698,0.9454213643310102
2019,2019-01-22,True,False,sac,tor,105,120,34,22,22,27,0,29,31,28,32,0,home,11.0,226.5,500.0,-700.0,6.0,111.5,1.0,0,True,1702.6384851269686,1441.5571713808986,1713.3956109274725,1430.8000455803947,261.08131374607,0.8888009161403984
2019,2019-01-22,True,False,por,okc,114,123,25,30,32,27,0,25,37,31,30,0,home,3.5,225.0,145.0,-170.0,0.5,115.0,1.0,1,True,1534.247111938892,1652.728111430705,1587.5960158198911,1599.3792075497058,-118.48099949181301,0.47342875974761583
2019,2019-01-22,True,False,lac,dal,98,106,29,27,17,25,0,26,32,20,28,0,home,3.0,223.5,130.0,-150.0,1.5,109.5,1.0,0,True,1394.3737755465897,1442.9016655869902,1435.6033044158792,1401.6721367177008,-48.52789004040051,0.5735371082707845
2019,2019-01-22,True,False,min,phx,118,91,32,32,29,25,0,27,22,22,20,0,away,4.0,232.5,-190.0,160.0,2.5,112.5,1.0,0,False,1280.3862097230506,1476.233534818944,1226.8034955799576,1529.816248962037,-195.84732509589344,0.36546044940487027
2019,2019-01-23,True,False,lac,mia,111,99,27,27,23,34,0,31,23,18,27,0,home,6.0,215.5,200.0,-250.0,4.0,106.5,0.0,0,False,1504.5025672863317,1401.6721367177008,1426.4510700107448,1479.7236339932876,102.83043056863085,0.7627083631793096
2019,2019-01-23,True,False,cle,bos,103,123,30,20,30,23,0,27,38,27,31,0,home,15.0,212.5,1100.0,-2500.0,4.5,110.5,1.0,1,True,1696.48397752551,1049.5060784516584,1697.5728723111924,1048.417183665976,646.9778990738516,0.9866124275562252
2019,2019-01-23,True,False,orl,bkn,110,114,25,31,30,24,0,26,30,33,25,0,home,5.0,218.0,180.0,-220.0,3.5,107.0,0.0,1,True,1652.703425638807,1460.085093857869,1661.9965292973054,1450.7919901993705,192.61833178093798,0.8434924265309062
2019,2019-01-23,True,False,hou,ny,114,110,28,30,30,26,0,31,32,15,32,0,away,8.0,226.5,-400.0,300.0,8.0,111.5,0.0,0,False,1116.587125465838,1561.5765746045195,1108.0404808996288,1570.1232191707286,-444.9894491386815,0.12068929186931233
2019,2019-01-23,True,False,tor,ind,106,110,16,31,28,31,0,24,35,25,26,0,home,6.5,217.0,230.0,-280.0,2.0,106.0,0.0,0,True,1635.7325980874787,1713.3956109274725,1668.8669705421482,1680.261238472803,-77.66301283999383,0.5321012922546371
2019,2019-01-23,True,False,sa,phi,120,122,35,29,32,24,0,34,33,29,26,0,home,3.0,224.5,140.0,-160.0,1.5,116.0,0.0,1,True,1715.6683040762277,1568.3862416503387,1723.847170768591,1560.2073749579754,147.28206242588908,0.8058818229988696
2019,2019-01-23,True,False,det,no,98,94,31,26,22,19,0,28,19,23,24,0,home,4.5,221.5,170.0,-200.0,5.5,108.5,0.0,0,False,1539.8763967017035,1403.521571095958,1490.2805588715605,1453.117408926101,136.35482560574542,0.7958519556993391
2019,2019-01-23,True,False,atl,chi,121,101,42,24,32,23,0,25,35,23,18,0,home,1.5,224.0,105.0,-125.0,2.5,109.0,0.0,0,False,1224.315923731038,1347.5789799863167,1161.8144498611478,1410.080453856207,-123.26305625527857,0.4665717108525226
2019,2019-01-23,True,False,den,utah,108,114,24,34,22,28,0,30,35,23,26,0,home,4.0,216.5,150.0,-180.0,0.0,107.0,1.0,1,True,1628.4700980941318,1559.180472720306,1650.4084034441346,1537.2421673703032,69.28962537382586,0.7260174076986602
2019,2019-01-23,True,False,cha,mem,118,107,23,35,28,32,0,22,32,22,31,0,home,2.0,209.0,115.0,-135.0,2.0,103.0,0.0,1,False,1274.4287108510239,1473.6416094132503,1234.960694707225,1513.1096255570492,-199.21289856222643,0.3609795027837548
2019,2019-01-24,True,False,por,phx,120,106,30,26,32,32,0,31,21,24,30,0,away,8.5,220.5,-400.0,300.0,5.0,113.0,1.0,1,False,1226.8034955799576,1599.3792075497058,1206.2674182930562,1619.9152848366073,-372.5757119697482,0.17234873602335568
2019,2019-01-24,True,False,min,lal,120,105,28,30,26,36,0,29,32,21,23,0,home,2.5,230.5,115.0,-135.0,0.5,112.5,0.0,0,False,1449.9563869707872,1529.816248962037,1385.427520376789,1594.3451155560351,-79.85986199124977,0.5289515672121959
2019,2019-01-24,True,False,gs,wsh,126,118,37,30,37,22,0,28,31,33,26,0,away,9.5,234.5,-500.0,375.0,3.0,115.5,0.0,1,False,1589.000283442672,1825.6634125281137,1558.7518532020013,1855.9118427687845,-236.6631290854416,0.31287849714709043
2019,2019-01-24,True,False,no,okc,116,122,28,25,29,34,0,28,37,33,24,0,home,14.0,231.0,850.0,-1500.0,4.5,111.0,0.0,1,True,1587.5960158198911,1490.2805588715605,1606.563177984018,1471.3133967074336,97.31545694833062,0.7569148691955255
2019,2019-01-25,True,False,phx,den,95,132,32,23,26,14,0,37,33,28,34,0,home,14.5,222.0,1098.0,-2200.0,4.0,107.0,1.0,1,True,1537.2421673703032,1206.2674182930562,1546.5267575435876,1196.9828281197717,330.974749077247,0.922791237890682
2019,2019-01-25,True,False,min,utah,102,106,24,21,24,33,0,31,21,38,16,0,home,10.5,217.5,459.0,-620.0,4.0,107.0,0.0,0,True,1650.4084034441346,1594.3451155560351,1669.8133776768823,1574.9401413232872,56.06328788809947,0.7106149362161444
2019,2019-01-25,True,False,det,dal,101,106,28,26,31,16,0,23,39,26,18,0,home,4.5,207.5,176.0,-210.0,0.5,101.5,1.0,0,True,1435.6033044158792,1453.117408926101,1465.835435427142,1422.885277914838,-17.51410451022184,0.6165256004391954
2019,2019-01-25,True,False,lac,chi,106,101,27,25,28,26,0,20,36,26,19,0,away,4.5,223.0,-210.0,176.0,5.0,108.5,1.0,0,False,1161.8144498611478,1479.7236339932876,1144.3171310810037,1497.2209527734317,-317.9091841321399,0.22194180789438903
2019,2019-01-25,True,False,cha,mil,99,108,27,27,33,12,0,22,30,24,32,0,home,11.0,230.0,614.0,-900.0,8.5,111.5,0.0,0,True,1798.068102267079,1513.1096255570492,1805.820465320178,1505.35726250395,284.9584767100298,0.9016770655460797
2019,2019-01-25,True,False,wsh,orl,95,91,24,26,25,20,0,21,17,31,22,0,home,3.0,217.5,140.0,-160.0,5.0,107.0,0.0,0,False,1450.7919901993705,1558.7518532020013,1416.1954147149877,1593.348428686384,-107.95986300263075,0.4885468401039917
2019,2019-01-25,True,False,ny,bkn,99,109,37,23,22,17,0,30,30,27,22,0,home,8.5,221.0,330.0,-420.0,5.5,109.0,1.0,0,True,1661.9965292973054,1108.0404808996288,1663.5346912827092,1106.502318914225,553.9560483976766,0.9773453207850823
2019,2019-01-25,True,False,mia,cle,100,94,27,21,32,20,0,23,30,17,24,0,away,8.5,207.5,-400.0,317.0,7.5,103.5,0.0,0,False,1048.417183665976,1426.4510700107448,1034.0404730493435,1440.8277806273773,-378.0338863447689,0.16791290351402205
2019,2019-01-25,True,False,sac,mem,99,96,24,24,29,22,0,23,19,29,25,0,home,2.0,214.0,115.0,-135.0,2.5,105.0,0.0,0,False,1234.960694707225,1430.8000455803947,1212.6680719446574,1453.0926683429623,-195.83935087316968,0.3654710944086892
2019,2019-01-25,True,False,tor,hou,119,121,20,41,28,30,0,33,37,26,25,0,away,3.5,228.0,-165.0,144.0,4.5,112.0,0.0,1,True,1570.1232191707286,1680.261238472803,1594.997744061917,1655.3867135816145,-110.13801930207433,0.485414356825788
2019,2019-01-26,True,False,sa,no,126,114,28,32,36,30,0,27,30,28,29,0,away,4.5,227.5,-200.0,170.0,2.0,117.0,1.0,1,False,1471.3133967074336,1560.2073749579754,1413.0813361208277,1618.4394355445813,-88.89397825054175,0.5159774085101818
2019,2019-01-26,True,False,atl,por,111,120,30,34,26,21,0,40,23,30,27,0,home,8.5,224.0,325.0,-425.0,6.5,110.5,1.0,1,True,1619.9152848366073,1410.080453856207,1631.9627991947639,1398.0329394980504,209.83483098040028,0.8561349930564567
2019,2019-01-26,True,False,ind,mem,103,106,19,23,27,34,0,24,29,25,28,0,away,5.0,202.5,-210.0,175.0,5.5,100.5,0.0,1,True,1212.6680719446574,1668.8669705421482,1266.710922684555,1614.8241198022506,-456.1988985974908,0.11400735502326602
2019,2019-01-26,True,False,phi,den,110,126,37,31,28,14,0,41,36,30,19,0,home,10.5,226.0,450.0,-650.0,2.0,111.0,1.0,1,True,1546.5267575435876,1723.847170768591,1622.504345048438,1647.8695832637407,-177.32041322500345,0.3905283003111884
2019,2019-01-26,True,False,gs,bos,115,111,29,32,29,25,0,26,33,25,27,0,away,3.5,233.0,-170.0,145.0,2.0,115.0,1.0,0,False,1697.5728723111924,1855.9118427687845,1668.0553888125175,1885.4293262674594,-158.33897045759204,0.4168237199548539
2019,2019-01-27,True,False,utah,min,125,111,25,28,37,35,0,22,28,35,26,0,away,5.5,217.0,-240.0,190.0,2.5,112.5,1.0,1,False,1574.9401413232872,1669.8133776768823,1514.4839802361114,1730.269538764058,-94.87323635359508,0.5073774705184345
2019,2019-01-27,True,False,phx,lal,102,116,27,26,28,21,0,31,34,25,26,0,home,8.0,227.5,260.0,-330.0,1.0,111.0,1.0,0,True,1385.427520376789,1196.9828281197717,1401.439691231811,1180.97065726475,188.44469225701732,0.8402945254887387
2019,2019-01-27,True,False,mia,ny,106,97,25,27,29,25,0,26,32,12,27,0,away,5.0,210.0,-210.0,175.0,5.0,103.5,1.0,0,False,1106.502318914225,1440.8277806273773,1085.6263593807196,1461.7037401608827,-334.3254617131522,0.20605259158720565
2019,2019-01-27,True,False,cle,chi,104,101,27,24,28,25,0,29,24,26,22,0,home,5.0,212.0,180.0,-220.0,2.5,109.0,0.0,0,False,1144.3171310810037,1034.0404730493435,1101.9936786542519,1076.3639254760953,110.27665803166019,0.770378516651717
2019,2019-01-27,True,False,sac,lac,108,122,21,30,25,32,0,34,33,20,35,0,home,3.5,230.5,140.0,-160.0,3.0,111.5,1.0,0,True,1497.2209527734317,1453.0926683429623,1531.8804157043714,1418.4332054120225,44.12828443046942,0.6962849577946734
2019,2019-01-27,True,False,tor,dal,123,120,38,32,15,38,0,32,26,30,32,0,away,4.0,220.0,-180.0,150.0,2.0,108.5,0.0,1,False,1465.835435427142,1655.3867135816145,1443.0283448995979,1678.1938041091587,-189.55127815447236,0.37390541364993035
2019,2019-01-27,True,False,mil,okc,112,118,25,17,37,33,0,31,25,33,29,0,home,0.0,235.0,-110.0,-110.0,5.0,118.5,1.0,0,True,1606.563177984018,1805.820465320178,1661.2811891601814,1751.1024541440147,-199.25728733616006,0.3609205627000041
2019,2019-01-27,True,False,wsh,sa,119,132,26,43,17,33,0,36,34,29,33,0,home,4.0,222.0,160.0,-190.0,2.5,109.0,1.0,1,True,1618.4394355445813,1593.348428686384,1655.523264848624,1556.2645993823414,25.09100685819726,0.672625011927506
2019,2019-01-27,True,False,orl,hou,98,103,34,27,21,16,0,18,35,21,29,0,home,8.5,222.0,350.0,-450.0,9.5,108.5,0.0,0,True,1594.997744061917,1416.1954147149877,1606.1863595513046,1405.0067992256002,178.80232934692935,0.8327042340786718
2019,2019-01-28,True,False,gs,ind,132,100,40,29,32,31,0,22,26,31,21,0,away,7.0,228.5,-350.0,275.0,2.0,110.5,1.0,1,False,1614.8241198022506,1885.4293262674594,1572.9042613667254,1927.3491847029845,-270.60520646520877,0.2724787630527133
2019,2019-01-28,True,False,ny,cha,92,101,24,29,18,21,0,30,24,17,30,0,home,11.5,221.5,650.0,-1000.0,7.5,107.5,0.0,0,True,1505.35726250395,1085.6263593807196,1508.7681275643017,1082.215494320368,419.7309031232305,0.95220282720793
2019,2019-01-28,True,False,bkn,bos,104,112,26,24,38,16,0,32,28,29,23,0,home,9.0,219.0,350.0,-450.0,1.5,112.5,0.0,0,True,1668.0553888125175,1663.5346912827092,1702.1216654379475,1629.4684146572793,4.520697529808331,0.6460381685915653
2019,2019-01-28,True,False,den,mem,95,92,16,25,19,35,0,30,30,17,15,0,away,5.5,205.0,-240.0,190.0,8.0,100.0,0.0,0,False,1266.710922684555,1622.504345048438,1255.33083182299,1633.884435910003,-355.7934223638829,0.18656818921415838
2019,2019-01-28,True,False,atl,lac,123,118,32,31,31,29,0,25,36,22,35,0,home,6.0,233.5,210.0,-260.0,5.5,114.5,0.0,1,False,1531.8804157043714,1398.0329394980504,1476.7078744507908,1453.205480751631,133.84747620632106,0.7934969119692499
2019,2019-01-29,True,False,phx,sa,124,126,33,34,24,33,0,33,37,26,30,0,home,13.5,226.0,900.0,-1600.0,7.0,110.5,0.0,1,True,1655.523264848624,1180.97065726475,1656.6810801432139,1179.81284197016,474.5526075838741,0.9646814858380041
2019,2019-01-29,True,False,no,hou,121,116,28,31,35,27,0,35,31,25,25,0,home,13.5,234.0,900.0,-1600.0,5.5,113.0,0.0,1,False,1606.1863595513046,1413.0813361208277,1550.42605969261,1468.8416359795224,193.10502343047688,0.8438619211496547
2019,2019-01-29,True,False,phi,lal,121,105,39,25,32,25,0,20,33,28,24,0,away,7.5,230.0,-340.0,270.0,0.5,112.0,1.0,0,False,1401.439691231811,1647.8695832637407,1363.926520533101,1685.3827539624506,-246.42989203192974,0.3009205300839491
2019,2019-01-29,True,False,wsh,cle,113,116,24,23,22,44,0,26,27,35,28,0,away,8.0,218.5,-350.0,275.0,7.5,107.5,0.0,1,True,1076.3639254760953,1556.2645993823414,1131.2041803724105,1501.4243444860263,-479.9006739062461,0.10093450249999361
2019,2019-01-29,True,False,chi,bkn,117,122,19,35,25,38,0,20,30,33,39,0,home,7.0,220.5,240.0,-300.0,6.5,113.5,0.0,1,True,1629.4684146572793,1101.9936786542519,1630.8251726717572,1100.636920639774,527.4747360030274,0.973712817109553
2019,2019-01-29,True,False,okc,orl,126,117,32,37,22,35,0,35,28,31,23,0,away,3.0,222.0,-155.0,135.0,0.0,108.5,1.0,1,False,1405.0067992256002,1661.2811891601814,1375.7134263055382,1690.5745620802434,-256.2743899345812,0.2891352321708426
2019,2019-01-29,True,False,mil,det,115,105,30,32,27,26,0,22,27,28,28,0,away,7.0,216.5,-300.0,240.0,0.5,111.0,1.0,1,False,1422.885277914838,1751.1024541440147,1400.5320169252586,1773.4557151335941,-328.21717622917663,0.2118644065139679
2019,2019-01-30,True,False,den,no,105,99,29,24,33,19,0,26,30,19,24,0,away,9.0,226.0,-500.0,375.0,7.5,110.5,0.0,0,False,1468.8416359795224,1633.884435910003,1433.9536688773676,1668.7724030121578,-165.04279993048067,0.4074742832374476
2019,2019-01-30,True,False,utah,por,105,132,27,31,22,25,0,45,29,35,23,0,away,2.0,218.0,-145.0,125.0,6.5,113.0,0.0,1,True,1631.9627991947639,1730.269538764058,1704.9140252912441,1657.3183126675779,-98.30673956929422,0.5024367783487376
2019,2019-01-30,True,False,atl,sac,113,135,31,22,27,33,0,32,35,38,30,0,home,5.0,236.5,180.0,-220.0,2.0,115.0,1.0,1,True,1418.4332054120225,1453.205480751631,1474.6136140619267,1397.025072101727,-34.77227533960854,0.5927827062064478
2019,2019-01-30,True,False,ind,wsh,89,107,25,20,24,20,0,35,24,23,25,0,away,1.0,218.0,-115.0,-105.0,4.0,106.5,0.0,0,True,1501.4243444860263,1572.9042613667254,1560.8964841305747,1513.432121722177,-71.4799168806992,0.5409517578935373
2019,2019-01-30,True,False,mem,min,97,99,16,28,25,24,4,24,20,27,22,6,home,3.0,208.0,135.0,-155.0,2.5,101.5,0.0,0,True,1514.4839802361114,1255.33083182299,1518.7952134728055,1251.0195985862958,259.15314841312147,0.8876991753489146
2019,2019-01-30,True,False,cha,bos,94,126,28,31,16,19,0,35,28,35,28,0,home,7.5,214.5,260.0,-330.0,3.5,105.0,1.0,1,True,1702.1216654379475,1508.7681275643017,1722.2265931760771,1488.663199826172,193.3535378736458,0.8440503181114476
2019,2019-01-30,True,False,chi,mia,105,89,31,19,28,27,0,21,27,20,21,0,home,10.5,206.0,525.0,-750.0,8.0,106.5,0.0,0,False,1461.7037401608827,1100.636920639774,1376.133614573371,1186.2070462272857,361.06681952110875,0.9342641001583407
2019,2019-01-30,True,False,dal,ny,114,90,24,31,35,24,0,20,27,23,20,0,away,7.0,215.0,-300.0,240.0,2.0,104.0,1.0,0,False,1082.215494320368,1443.0283448995979,1056.407173851452,1468.8366653685139,-360.8128505792299,0.18222285351872136
2019,2019-01-31,True,False,ind,orl,100,107,19,29,25,27,0,24,27,18,38,0,home,3.5,208.0,145.0,-170.0,1.0,102.0,1.0,0,True,1375.7134263055382,1513.432121722177,1426.4082351814131,1462.737312846302,-137.71869541663887,0.445930686636071
2019,2019-01-31,True,False,dal,det,89,93,21,28,21,19,0,19,26,18,30,0,home,7.5,205.5,270.0,-340.0,7.0,100.5,0.0,0,True,1400.5320169252586,1468.8366653685139,1432.718465441232,1436.6502168525406,-68.30464844325525,0.5454871617641226
2019,2019-01-31,True,False,mil,tor,105,92,22,34,31,18,0,25,22,29,16,0,home,2.5,231.0,120.0,-140.0,4.0,118.5,0.0,0,False,1678.1938041091587,1773.4557151335941,1619.342819427486,1832.306699815267,-95.26191102443545,0.5068182354810454
2019,2019-01-31,True,False,bkn,sa,114,117,25,26,38,25,0,29,23,33,32,0,home,8.0,226.0,290.0,-380.0,5.0,116.5,0.0,1,True,1656.6810801432139,1630.8251726717572,1676.0890500587768,1611.4172027561942,25.855907471456703,0.6735938440653582
2019,2019-01-31,True,False,phi,gs,113,104,30,23,42,18,0,35,25,26,18,0,home,8.0,240.5,300.0,-400.0,3.0,116.0,0.0,0,False,1927.3491847029845,1685.3827539624506,1855.770824367611,1756.961114297824,241.96643074053395,0.8774517366912018
2019,2019-01-31,True,False,lal,lac,123,120,32,22,33,25,11,26,27,22,37,8,away,2.5,232.0,-130.0,110.0,1.5,112.5,1.0,1,False,1476.7078744507908,1363.926520533101,1434.3404248072718,1406.29397017662,112.78135391768978,0.7729190806441607
2019,2019-02-01,True,False,mem,cha,92,100,29,16,28,19,0,17,28,25,30,0,home,8.0,202.5,290.0,-380.0,6.0,99.5,2.0,0,True,1488.663199826172,1251.0195985862958,1498.4469830352718,1241.235815377196,237.64360123987626,0.8747507029636824
2019,2019-02-01,True,False,atl,utah,112,128,34,26,27,25,0,36,22,38,32,0,home,12.0,226.5,650.0,-1000.0,9.0,110.5,1.0,1,True,1657.3183126675779,1397.025072101727,1668.3619520180416,1385.9814327512631,260.29324056585097,0.8883517635723385
2019,2019-02-01,True,False,okc,mia,118,102,31,41,22,24,0,24,29,21,28,0,away,3.5,218.5,-170.0,145.0,4.0,106.0,1.0,1,False,1376.133614573371,1690.5745620802434,1348.0338748223683,1718.674301831246,-314.44094750687236,0.22540852782096532
2019,2019-02-01,True,False,bos,ny,113,99,25,31,24,33,0,20,27,26,26,0,away,14.0,213.5,-1600.0,900.0,5.5,109.5,2.0,0,False,1056.407173851452,1722.2265931760771,1051.9898963613298,1726.6438706661993,-665.8194193246252,0.037071938396558785
2019,2019-02-01,True,False,hou,den,122,136,43,28,24,27,0,35,48,30,23,0,home,3.5,223.5,145.0,-170.0,3.0,110.0,1.0,1,True,1668.7724030121578,1550.42605969261,1692.3729250281958,1526.825537676572,118.34634331954794,0.7784924447727428
2019,2019-02-02,True,False,lal,gs,101,115,24,34,28,15,0,33,30,25,27,0,home,15.0,234.5,1100.0,-2500.0,8.0,113.5,0.0,0,True,1855.770824367611,1406.29397017662,1859.1067360820339,1402.9580584621972,449.47685419099116,0.959419588578459
2019,2019-02-02,True,False,atl,phx,118,112,33,25,28,32,0,30,27,31,24,0,home,2.0,235.0,115.0,-135.0,2.0,116.5,0.0,0,False,1179.81284197016,1385.9814327512631,1149.692082074463,1416.10219264696,-206.16859078110315,0.35179564957536097
2019,2019-02-02,True,False,hou,utah,125,98,31,32,28,34,0,27,23,19,29,0,home,7.0,222.0,240.0,-300.0,7.5,108.5,0.0,1,False,1668.3619520180416,1526.825537676572,1565.5271380797174,1629.6603516148962,141.5364143414697,0.8006553538503512
2019,2019-02-02,True,False,den,min,107,106,29,32,28,18,0,38,26,24,18,0,home,1.5,221.5,105.0,-125.0,0.5,109.0,0.0,0,False,1518.7952134728055,1692.3729250281958,1506.727936035035,1704.4402024659662,-173.57771155539035,0.3956682117386988
2019,2019-02-02,True,False,phi,sac,108,115,26,26,27,29,0,32,30,24,29,0,away,3.0,232.5,-160.0,140.0,5.0,113.0,0.0,0,True,1474.6136140619267,1756.961114297824,1542.3854477442808,1689.18928061547,-282.3475002358973,0.2592872093523957
2019,2019-02-02,True,False,no,sa,108,113,24,26,28,30,0,35,28,31,19,0,home,10.5,230.0,500.0,-700.0,2.0,112.0,0.0,0,True,1676.0890500587768,1433.9536688773676,1683.8604628291118,1426.1822561070326,242.13538118140923,0.8775562775333057
2019,2019-02-02,True,False,ind,mia,95,88,21,32,31,11,0,27,27,23,11,0,home,1.5,204.0,105.0,-125.0,1.5,100.0,0.0,0,False,1348.0338748223683,1462.737312846302,1304.221044453459,1506.5501432152114,-114.70343802393381,0.4788526750040508
2019,2019-02-02,True,False,mil,wsh,131,115,38,35,27,31,0,26,24,34,31,0,away,6.0,227.0,-265.0,215.0,3.5,116.0,1.0,1,False,1560.8964841305747,1832.306699815267,1527.0432989239127,1866.1598850219289,-271.4102156846923,0.27156111434134755
2019,2019-02-02,True,False,chi,cha,118,125,26,34,26,32,0,27,24,37,37,0,home,6.5,216.0,250.0,-310.0,6.5,111.5,1.0,1,True,1498.4469830352718,1186.2070462272857,1504.3911092074588,1180.2629200550987,312.23993680798617,0.914748529656274
2019,2019-02-02,True,False,bkn,orl,89,102,21,27,22,19,0,26,18,34,24,0,home,3.0,221.0,135.0,-155.0,3.0,114.0,1.0,0,True,1426.4082351814131,1611.4172027561942,1498.3963221445,1539.4291157931075,-185.00896757478108,0.3800464782766878
2019,2019-02-02,True,False,lac,det,111,101,22,25,29,35,0,40,25,22,14,0,home,2.0,215.5,120.0,-140.0,4.0,105.0,0.0,0,False,1432.718465441232,1434.3404248072718,1365.4141203124418,1501.644769936062,-1.621959366039846,0.6379111818705044
2019,2019-02-02,True,False,dal,cle,111,98,40,18,28,25,0,31,24,25,18,0,away,5.5,210.5,-240.0,190.0,3.0,103.5,1.0,0,False,1131.2041803724105,1436.6502168525406,1103.965398236165,1463.8889989887862,-305.44603648013003,0.23457740891876325
2019,2019-02-03,True,False,mem,ny,96,84,19,23,32,22,0,22,19,21,22,0,away,2.5,199.5,-140.0,120.0,1.5,97.5,1.0,0,False,1051.9898963613298,1241.235815377196,1009.7453134451526,1283.4803982933734,-189.24591901586632,0.3743170033329759
2019,2019-02-03,True,False,okc,bos,129,134,29,29,35,36,0,31,35,33,35,0,home,4.0,228.0,150.0,-180.0,1.0,111.0,1.0,1,True,1726.6438706661993,1718.674301831246,1753.9746243071643,1691.3435481902811,7.969568834953179,0.6505648062124368
2019,2019-02-03,True,False,lac,tor,103,121,23,28,29,23,0,23,42,32,24,0,home,9.5,225.5,400.0,-550.0,0.5,109.0,1.0,0,True,1619.342819427486,1501.644769936062,1645.093012721005,1475.894576642543,117.69804949142394,0.7778482434342208
2019,2019-02-04,True,False,den,det,103,129,36,19,28,20,0,34,34,29,32,0,away,1.5,209.0,-125.0,105.0,4.5,103.5,0.0,1,True,1365.4141203124418,1704.4402024659662,1481.186693019701,1588.667629758707,-339.0260821535244,0.20166108298746338
2019,2019-02-04,True,False,atl,wsh,137,129,35,26,38,38,0,20,37,32,40,0,home,7.0,230.0,250.0,-310.0,6.5,113.0,0.0,1,False,1527.0432989239127,1416.10219264696,1459.9435154365713,1483.2019761343015,110.94110627695272,0.7710544192398603
2019,2019-02-04,True,False,mil,bkn,113,94,23,28,36,26,0,17,25,22,30,0,away,7.5,230.0,-330.0,260.0,1.0,117.0,1.0,0,False,1539.4291157931075,1866.1598850219289,1511.3140086964963,1894.27499211854,-326.7307692288214,0.2132966661881005
2019,2019-02-04,True,False,ind,no,109,107,25,28,30,26,0,20,30,24,33,0,away,3.5,219.0,-165.0,142.0,1.5,107.5,0.0,0,False,1426.1822561070326,1506.5501432152114,1400.6485230665628,1532.0838762556812,-80.36788710817882,0.5282228503557561
2019,2019-02-04,True,False,hou,phx,118,110,32,31,31,24,0,28,29,23,30,0,away,8.5,227.5,-400.0,300.0,3.5,111.5,0.0,1,False,1149.692082074463,1629.6603516148962,1139.9373614380374,1639.4150722513218,-479.9682695404331,0.10089919736432908
2019,2019-02-04,True,False,sa,sac,112,127,25,34,27,26,0,37,26,35,29,0,away,2.0,231.0,-135.0,115.0,2.0,118.5,0.0,1,True,1542.3854477442808,1683.8604628291118,1610.62949998412,1615.6164105892726,-141.47501508483106,0.44059456967850336
2019,2019-02-05,True,False,orl,okc,122,132,32,37,23,30,0,31,31,36,34,0,home,9.0,223.5,375.0,-500.0,9.0,110.5,1.0,1,True,1691.3435481902811,1498.3963221445,1705.1633992383988,1484.5764710963822,192.94722604578124,0.8437421998666315
2019,2019-02-05,True,False,min,mem,106,108,19,35,29,23,0,32,34,19,23,0,away,4.0,206.5,-180.0,150.0,5.5,101.5,0.0,1,True,1283.4803982933734,1506.727936035035,1315.8812171704835,1474.327117157925,-223.24753774166174,0.32971599280052327
2019,2019-02-05,True,False,tor,phi,119,107,40,32,28,19,0,28,27,27,25,0,home,2.0,229.5,105.0,-125.0,6.0,112.0,0.0,0,False,1689.18928061547,1645.093012721005,1613.931114794817,1720.3511785416579,44.09626789446497,0.6962459816333366
2019,2019-02-05,True,False,mia,por,118,108,34,28,32,24,0,30,25,24,29,0,home,7.5,212.5,260.0,-330.0,7.5,105.0,0.0,1,False,1704.9140252912441,1304.221044453459,1633.5840949152762,1375.5509748294269,400.69298083778517,0.9469605011021763
2019,2019-02-05,True,False,lal,ind,94,136,26,20,27,21,0,33,36,32,35,0,away,2.5,218.0,-145.0,125.0,7.0,106.0,0.0,1,True,1532.0838762556812,1402.9580584621972,1563.0084311495846,1372.0335035682938,129.12581779348398,0.7890076652252049
2019,2019-02-05,True,False,bos,cle,103,96,28,31,26,18,0,30,21,28,17,0,away,10.0,210.0,-800.0,550.0,3.5,109.0,0.0,0,False,1103.965398236165,1753.9746243071643,1100.263377571253,1757.6766449720762,-650.0092260709994,0.04046126404952216
2019,2019-02-05,True,False,det,ny,105,92,36,27,15,27,0,28,26,17,21,0,away,3.5,206.5,-170.0,145.0,1.0,102.0,1.0,0,False,1009.7453134451526,1481.186693019701,997.5017605763676,1493.4302458884858,-471.44137957454825,0.1054401365506628
2019,2019-02-05,True,False,lac,cha,117,115,26,27,31,33,0,25,33,34,23,0,home,3.0,223.5,140.0,-160.0,0.5,109.5,0.0,1,False,1504.3911092074588,1475.894576642543,1472.5757972938684,1507.7098885561334,28.496532564915924,0.6769270801305246
2019,2019-02-06,True,False,cha,dal,93,99,20,26,25,22,0,27,25,22,25,0,home,5.5,215.5,190.0,-240.0,1.0,106.5,1.0,0,True,1463.8889989887862,1472.5757972938684,1495.6997674855372,1440.7650287971173,-8.68679830508222,0.6284658818184492
2019,2019-02-06,True,False,hou,sac,127,101,32,44,28,23,0,28,17,29,27,0,away,4.0,236.0,-190.0,160.0,5.5,112.5,1.0,0,False,1610.62949998412,1639.4150722513218,1523.4636210926924,1726.5809511427497,-28.785572267201815,0.6010742590180433
2019,2019-02-06,True,False,sa,gs,102,141,31,21,31,19,0,33,33,49,26,0,home,15.0,232.0,1100.0,-2500.0,5.0,119.0,1.0,1,True,1859.1067360820339,1615.6164105892726,1874.9800365503522,1599.7431101209543,243.49032549276126,0.878391898656497
2019,2019-02-06,True,False,phx,utah,88,116,24,22,25,17,0,30,26,23,37,0,home,15.0,216.5,1100.0,-2500.0,5.5,104.0,1.0,0,True,1565.5271380797174,1139.9373614380374,1570.3375621919158,1135.126937325839,425.5897766416799,0.9537146032285576
2019,2019-02-06,True,False,den,bkn,130,135,35,25,27,43,0,30,42,36,27,0,away,3.5,226.0,-165.0,142.0,5.5,111.5,0.0,1,True,1511.3140086964963,1588.667629758707,1548.1669783621417,1551.8146600930618,-77.35362106221078,0.5325446820371049
2019,2019-02-06,True,False,wsh,mil,129,148,35,30,42,22,0,50,35,35,28,0,home,12.0,229.0,600.0,-900.0,0.5,112.5,1.0,1,True,1894.27499211854,1459.9435154365713,1898.3289899485032,1455.889517606608,434.33147668196875,0.9558859057808746
2019,2019-02-06,True,False,no,chi,125,120,37,27,27,34,0,39,26,17,38,0,away,1.5,226.0,-125.0,105.0,1.5,109.5,1.0,1,False,1180.2629200550987,1400.6485230665628,1153.9811191463486,1426.9303239753128,-220.38560301146413,0.3333670993654008
2019,2019-02-07,True,False,lal,bos,129,128,24,33,42,30,0,30,36,27,35,0,home,9.0,228.0,350.0,-450.0,2.0,112.0,0.0,1,False,1757.6766449720762,1372.0335035682938,1736.9332895605994,1392.7768589797706,385.64314140378247,0.9424368682484136
2019,2019-02-07,True,False,min,orl,112,122,31,27,27,27,0,32,39,31,20,0,home,3.5,215.0,145.0,-170.0,2.5,105.5,1.0,1,True,1484.5764710963822,1474.327117157925,1520.759472542048,1438.1441157122592,10.249353938457261,0.6535422481776995
2019,2019-02-07,True,False,lac,ind,92,116,31,22,20,19,0,36,35,27,18,0,home,6.5,220.5,215.0,-265.0,2.5,107.0,1.0,0,True,1563.0084311495846,1507.7098885561334,1601.9681133636839,1468.750206342034,55.2985425934512,0.7097088174894773
2019,2019-02-07,True,False,tor,atl,119,101,22,38,28,31,0,33,35,17,16,0,away,6.5,232.5,-270.0,220.0,6.0,112.0,1.0,0,False,1483.2019761343015,1720.3511785416579,1442.744796124164,1760.8083585517954,-237.14920240735637,0.3122772692430066
2019,2019-02-07,True,False,mem,okc,95,117,32,21,19,23,0,27,24,32,34,0,home,13.5,215.0,850.0,-1500.0,10.0,107.0,1.0,0,True,1705.1633992383988,1315.8812171704835,1710.767856682442,1310.2767597264403,389.2821820679153,0.9435628127282775
2019,2019-02-07,True,False,sa,por,118,127,34,23,33,28,0,31,39,26,31,0,home,6.0,226.0,200.0,-250.0,1.5,116.5,1.0,1,True,1633.5840949152762,1599.7431101209543,1664.588676985991,1568.7385280502394,33.84098479432191,0.6836183683814899
2019,2019-02-08,True,False,min,no,117,122,35,27,26,29,0,22,40,28,32,0,home,6.0,230.5,190.0,-240.0,4.0,112.5,0.0,1,True,1426.9303239753128,1438.1441157122592,1456.4893872367293,1408.5850524508428,-11.213791736946405,0.62506301552052
2019,2019-02-08,True,False,gs,phx,117,107,26,34,22,35,0,31,22,32,22,0,away,17.0,229.5,-2500.0,1100.0,9.5,112.0,0.0,0,False,1135.126937325839,1874.9800365503522,1132.5395174389182,1877.567456437273,-739.8530992245132,0.02452358870593643
2019,2019-02-08,True,False,mil,dal,122,107,29,35,30,28,0,29,22,35,21,0,away,6.0,226.0,-250.0,200.0,1.0,116.0,1.0,1,False,1495.6997674855372,1898.3289899485032,1477.5166115380568,1916.5121458959836,-402.629222462966,0.1490497097337542
2019,2019-02-08,True,False,mia,sac,96,102,28,31,24,13,0,17,33,25,27,0,home,3.5,220.5,140.0,-160.0,5.0,108.0,1.0,0,True,1523.4636210926924,1375.5509748294269,1537.9001217831187,1361.1144741390005,147.91264626326551,0.8064490457965476
2019,2019-02-08,True,False,chi,bkn,125,106,32,23,38,32,0,27,21,32,26,0,home,8.0,227.0,300.0,-400.0,8.5,117.0,0.0,1,False,1548.1669783621417,1153.9811191463486,1458.8182132725908,1243.3298842358995,394.185859215793,0.9450473164921198
2019,2019-02-08,True,False,den,phi,110,117,23,33,26,28,0,33,23,27,34,0,home,6.5,229.5,240.0,-300.0,4.5,110.5,1.0,0,True,1613.931114794817,1551.8146600930618,1638.2473165905308,1527.498458297348,62.116454701755174,0.7177275558516653
2019,2019-02-08,True,False,cle,wsh,106,119,27,25,34,20,0,41,25,26,27,0,home,10.0,221.0,400.0,-550.0,1.5,115.0,1.0,1,True,1455.889517606608,1100.263377571253,1461.6872552278633,1094.4656399499977,355.6261400353551,0.9323142897186604
2019,2019-02-08,True,False,ny,det,103,120,22,32,30,19,0,41,22,26,31,0,home,8.0,205.0,290.0,-380.0,2.5,100.0,1.0,1,True,1493.4302458884858,997.5017605763676,1496.0961088998736,994.8358975649799,495.92848531211826,0.9686424387374125
2019,2019-02-09,True,False,wsh,chi,134,125,34,42,30,28,0,32,29,35,29,0,away,2.0,226.5,-135.0,115.0,3.5,111.0,1.0,1,False,1243.3298842358995,1461.6872552278633,1209.2918296692421,1495.7253097945206,-218.35737099196376,0.3359668016595694
2019,2019-02-09,True,False,lac,bos,123,112,20,33,28,42,0,43,31,12,26,0,home,11.5,229.5,700.0,-1100.0,0.5,111.5,0.0,1,False,1736.9332895605994,1468.750206342034,1659.9628301753457,1545.7206657272877,268.18308321856534,0.8927775882836506
2019,2019-02-09,True,False,okc,hou,117,112,25,23,42,27,0,28,42,20,22,0,home,2.5,237.5,125.0,-145.0,5.0,116.0,0.0,0,False,1726.5809511427497,1710.767856682442,1675.299420296232,1762.0493875289596,15.813094460307639,0.6607579592790108
2019,2019-02-09,True,False,no,mem,90,99,28,16,18,28,0,20,21,31,27,0,away,1.0,214.5,-115.0,-105.0,1.0,103.5,0.0,0,True,1310.2767597264403,1456.4893872367293,1367.63207836358,1399.1340685995897,-146.21262751028894,0.4338841274565357
2019,2019-02-09,True,False,cle,ind,90,105,17,25,18,30,0,30,24,20,31,0,home,14.0,210.0,950.0,-1800.0,4.5,108.5,1.0,0,True,1601.9681133636839,1094.4656399499977,1604.346957883463,1092.0867954302187,507.5024734136862,0.9706041540900018
2019,2019-02-09,True,False,tor,ny,104,99,25,21,28,30,0,23,19,27,30,0,away,13.5,215.5,-2000.0,1000.0,7.0,105.5,0.0,0,False,994.8358975649799,1760.8083585517954,993.166701570355,1762.4775545464204,-765.9724609868156,0.02117263687265672
2019,2019-02-09,True,False,sa,utah,105,125,24,24,27,30,0,23,39,24,39,0,home,8.0,219.5,275.0,-350.0,0.0,112.5,1.0,1,True,1570.3375621919158,1568.7385280502394,1618.193858939756,1520.8822313023993,1.599034141676384,0.6421828681993369
2019,2019-02-09,True,False,cha,atl,129,120,46,27,33,23,0,31,37,18,34,0,away,2.0,228.5,-135.0,115.0,0.0,112.5,1.0,1,False,1442.744796124164,1440.7650287971173,1377.76049223064,1505.7493326906413,1.979767327046602,0.6426863233500136
2019,2019-02-09,True,False,orl,mil,103,83,20,39,20,24,0,19,30,15,19,0,home,6.5,222.5,220.0,-270.0,7.0,107.5,0.0,0,False,1916.5121458959836,1520.759472542048,1825.7653547361315,1611.5062637019,395.75267335393573,0.9455138393513032
2019,2019-02-10,True,False,por,dal,101,102,24,33,35,9,0,25,22,31,24,0,away,3.0,220.0,-155.0,135.0,1.0,112.5,0.0,0,True,1477.5166115380568,1664.588676985991,1496.5094660919078,1645.59582243214,-187.07206544793416,0.3772523391553157
2019,2019-02-10,True,False,lal,phi,120,143,40,27,27,26,0,39,37,33,34,0,home,7.5,235.0,260.0,-330.0,0.0,116.0,1.0,1,True,1638.2473165905308,1392.7768589797706,1651.7646699775926,1379.2595055927088,245.47045761076015,0.8796042454726066
2019,2019-02-10,True,False,phx,sac,104,117,23,21,28,32,0,33,30,24,30,0,home,9.0,231.0,350.0,-450.0,0.5,111.5,1.0,0,True,1537.9001217831187,1132.5395174389182,1542.1723573336214,1128.2672818884155,405.3606043442005,0.9482939379030028
2019,2019-02-10,True,False,orl,atl,124,108,26,37,35,26,0,25,23,26,34,0,away,1.0,225.0,-120.0,100.0,4.0,108.5,1.0,1,False,1377.76049223064,1611.5062637019,1338.3051398613434,1650.9616160711967,-233.74577147126,0.3165001872269369
2019,2019-02-10,True,False,mia,gs,118,120,34,25,23,36,0,24,30,36,30,0,home,13.5,222.0,900.0,-1600.0,12.0,108.0,0.0,1,True,1877.567456437273,1361.1144741390005,1878.4587473009092,1360.2231832753644,516.4529822982724,0.9720390917003001
2019,2019-02-11,True,False,mia,den,87,103,27,22,21,17,0,35,19,29,20,0,home,10.0,213.0,425.0,-600.0,5.0,102.5,1.0,0,True,1527.498458297348,1360.2231832753644,1546.3742434515323,1341.34739812118,167.2752750219836,0.823255317361166
2019,2019-02-11,True,False,dal,hou,104,120,22,28,28,26,0,25,39,28,28,0,home,11.0,224.5,550.0,-800.0,2.0,108.5,1.0,0,True,1675.299420296232,1496.5094660919078,1692.9926143399125,1478.8162720482273,178.7899542043242,0.8326943099605413
2019,2019-02-11,True,False,lac,min,120,130,26,29,36,29,0,29,34,36,31,0,home,3.5,233.0,145.0,-170.0,0.5,113.0,1.0,1,True,1408.5850524508428,1545.7206657272877,1466.9559465591253,1487.3497716190052,-137.13561327644493,0.4467601463738983
2019,2019-02-11,True,False,cha,ind,90,99,19,19,33,19,0,32,22,23,22,0,home,5.5,215.0,190.0,-240.0,2.0,102.0,1.0,0,True,1604.346957883463,1505.7493326906413,1626.6395053200781,1483.456785254026,98.59762519282162,0.7582703127505788
2019,2019-02-11,True,False,mil,chi,112,99,22,28,29,33,0,21,28,22,28,0,away,11.5,227.0,-800.0,550.0,7.0,116.5,1.0,0,False,1209.2918296692421,1825.7653547361315,1203.6417518824671,1831.4154325229065,-616.4735250668894,0.04865785117637494
2019,2019-02-11,True,False,ny,cle,104,107,22,26,31,25,0,30,33,26,18,0,home,1.5,209.0,100.0,-120.0,3.5,103.0,1.0,1,True,1092.0867954302187,993.166701570355,1105.4854310230633,979.7680659775104,98.92009385986364,0.7586103989259884
2019,2019-02-11,True,False,wsh,det,112,121,27,32,20,33,0,36,25,29,31,0,home,6.0,224.5,200.0,-250.0,3.0,109.0,1.0,1,True,1496.0961088998736,1495.7253097945206,1532.499167264059,1459.3222514303352,0.370799105352944,0.6405566005666088
2019,2019-02-11,True,False,bkn,tor,125,127,29,31,32,33,0,21,35,36,35,0,home,10.0,227.5,450.0,-650.0,8.5,117.5,0.0,1,True,1762.4775545464204,1458.8182132725908,1765.7844138748756,1455.5113539441356,303.65934127382957,0.9108168695617559
2019,2019-02-11,True,False,por,okc,111,120,26,23,33,29,0,36,32,19,33,0,home,5.0,231.5,170.0,-200.0,3.5,119.5,1.0,0,True,1762.0493875289596,1645.59582243214,1782.3213397361528,1625.3238702249469,116.4535650968196,0.7766078678061731
2019,2019-02-12,True,False,lal,atl,113,117,32,37,26,18,0,38,27,35,17,0,away,6.0,239.0,-250.0,200.0,2.5,118.5,0.0,0,True,1338.3051398613434,1379.2595055927088,1367.752623010091,1349.8120224439613,-40.95436573136544,0.5841647723824458
2019,2019-02-12,True,False,orl,no,118,88,39,24,29,26,0,17,29,15,27,0,home,4.5,223.0,160.0,-190.0,7.0,108.0,0.0,0,False,1399.1340685995897,1650.9616160711967,1354.6478211566157,1695.4478635141706,-251.82754747160698,0.29442482398561964
2019,2019-02-12,True,False,bos,phi,112,109,28,24,25,35,0,23,23,28,35,0,home,7.0,225.0,240.0,-300.0,7.5,114.5,0.0,0,False,1651.7646699775926,1659.9628301753457,1613.390119415278,1698.3373807376604,-8.198160197753168,0.6291224294612983
2019,2019-02-12,True,False,sa,mem,108,107,20,37,37,14,0,33,25,28,21,0,away,7.0,207.5,-320.0,255.0,6.0,108.0,0.0,1,False,1367.63207836358,1520.8822313023993,1354.701903754959,1533.8124059110203,-153.25015293881938,0.4239613360383155
2019,2019-02-12,True,False,utah,gs,108,115,14,30,40,24,0,25,22,34,34,0,home,9.0,229.5,350.0,-450.0,5.5,116.5,0.0,0,True,1878.4587473009092,1618.193858939756,1886.5656020009926,1610.0870042396725,260.2648883611532,0.888335575061667
2019,2019-02-13,True,False,mia,dal,112,101,29,28,32,23,0,25,33,16,27,0,home,3.0,208.0,135.0,-155.0,2.0,101.5,0.0,1,False,1478.8162720482273,1341.34739812118,1402.2173515602574,1417.94631860915,137.4688739270473,0.79689190591482
2019,2019-02-13,True,False,phx,lac,107,134,22,29,28,28,0,32,35,33,34,0,home,8.0,232.5,300.0,-400.0,0.5,113.0,1.0,1,True,1487.3497716190052,1128.2672818884155,1494.5173771163993,1121.0996763910214,359.0824897305897,0.9335590877733085
2019,2019-02-13,True,False,gs,por,107,129,33,28,34,12,0,31,33,30,35,0,away,2.0,235.0,-130.0,110.0,2.0,115.0,0.0,1,True,1625.3238702249469,1886.5656020009926,1724.201923933995,1787.6875482919445,-261.24173177604575,0.28329368876812655
2019,2019-02-13,True,False,sac,den,118,120,41,28,22,27,0,30,28,35,27,0,home,7.5,232.5,275.0,-350.0,7.5,114.0,0.0,1,True,1546.3742434515323,1542.1723573336214,1563.4329961548042,1525.1136046303495,4.201886117910817,0.645618389834726
2019,2019-02-13,True,False,wsh,tor,120,129,26,39,28,27,0,30,29,44,26,0,home,9.5,232.5,400.0,-550.0,8.5,114.0,0.0,1,True,1765.7844138748756,1459.3222514303352,1772.5994400471104,1452.5072252581003,306.46216244454035,0.912118795826636
2019,2019-02-13,True,False,hou,min,111,121,29,29,26,27,0,28,24,35,34,0,away,4.0,231.5,-180.0,150.0,1.0,111.0,0.0,1,True,1466.9559465591253,1692.9926143399125,1538.0492097781232,1621.8993511209146,-226.03666778078718,0.32617741876427
2019,2019-02-13,True,False,phi,ny,126,111,37,34,29,26,0,33,22,36,20,0,away,10.0,222.5,-650.0,450.0,1.0,107.0,1.0,1,False,979.7680659775104,1613.390119415278,974.3653683561995,1618.792817036589,-633.6220534377675,0.044286619691408846
2019,2019-02-13,True,False,mil,ind,106,97,26,29,21,30,0,18,29,32,18,0,away,4.5,218.5,-190.0,160.0,0.5,112.5,1.0,0,False,1626.6395053200781,1831.4154325229065,1590.8123380614559,1867.2425997815287,-204.77592720282837,0.3536259327873745
2019,2019-02-13,True,False,bkn,cle,148,139,30,25,29,25,39,29,29,26,25,30,away,7.5,225.0,-350.0,275.0,7.0,116.5,1.0,1,False,1105.4854310230633,1455.5113539441356,1086.0677191048671,1474.9290658623318,-350.0259229210724,0.19165920766499076
2019,2019-02-13,True,False,mem,chi,110,122,32,30,21,27,0,36,31,25,30,0,home,1.5,207.5,100.0,-120.0,0.5,102.5,1.0,1,True,1203.6417518824671,1354.701903754959,1268.3043994878954,1290.0392561495307,-151.06015187249182,0.42704302401879535
2019,2019-02-13,True,False,det,bos,110,118,29,23,20,38,0,28,29,34,27,0,home,3.5,211.0,145.0,-170.0,1.5,103.5,1.0,1,True,1698.3373807376604,1532.499167264059,1713.094130085704,1517.7424179160155,165.8382134736014,0.8220484143118215
2019,2019-02-14,True,False,ny,atl,106,91,28,26,28,24,0,13,38,22,18,0,home,7.5,228.0,267.0,-330.0,6.5,110.5,0.0,0,False,1367.752623010091,974.3653683561995,1285.0327429430477,1057.0852484232428,393.38725465389143,0.9448080848461409
2019,2019-02-14,True,False,cha,orl,89,127,18,18,31,22,0,33,38,27,29,0,home,4.0,215.0,155.0,-180.0,5.5,104.0,1.0,1,True,1695.4478635141706,1483.456785254026,1714.3796990484466,1464.52494971975,211.9910782601446,0.8576570488518063
2019,2019-02-14,True,False,okc,no,122,131,31,32,26,33,0,31,35,35,30,0,away,4.5,238.5,-200.0,170.0,5.0,117.0,0.0,1,True,1354.6478211566157,1782.3213397361528,1442.6212065171085,1694.34795437566,-427.67351857953713,0.13167373144521924
2019,2019-02-21,True,False,bos,mil,97,98,22,25,21,29,0,20,33,19,26,0,home,6.0,227.0,210.0,-260.0,1.0,117.0,0.0,0,True,1867.2425997815287,1713.094130085704,1872.2107673473904,1708.1259625198422,154.14846969582482,0.8119905072063203
2019,2019-02-21,True,False,sac,gs,123,125,30,32,29,32,0,35,25,29,36,0,home,12.0,239.0,700.0,-1100.0,9.5,118.5,0.0,1,True,1787.6875482919445,1525.1136046303495,1791.9125151633204,1520.8886377589736,262.57394366159497,0.8896472904198645
2019,2019-02-21,True,False,hou,lal,106,111,32,26,32,16,0,22,30,31,28,0,away,3.0,233.5,-150.0,130.0,0.0,112.0,0.0,0,True,1349.8120224439613,1621.8993511209146,1407.3009951114207,1564.4103784534552,-272.08732867695335,0.27079076010856146
2019,2019-02-21,True,False,por,bkn,113,99,23,27,34,29,0,21,29,22,27,0,away,3.0,231.5,-160.0,140.0,3.0,118.0,1.0,0,False,1474.9290658623318,1724.201923933995,1439.481995305549,1759.6489944907778,-249.27285807166322,0.29748903458251436
2019,2019-02-21,True,False,phx,cle,98,111,28,23,21,26,0,23,32,22,34,0,home,1.0,221.5,100.0,-120.0,1.0,109.5,1.0,0,True,1086.0677191048671,1121.0996763910214,1133.3950960460475,1073.772299449841,-35.03195728615424,0.5924218124638252
2019,2019-02-21,True,False,mia,phi,102,106,21,29,25,27,0,29,28,16,33,0,home,5.5,220.5,190.0,-240.0,1.0,107.5,0.0,0,True,1618.792817036589,1417.94631860915,1627.6594791508962,1409.0796564948428,200.84649842743897,0.8496440043044451
2019,2019-02-22,True,False,chi,orl,110,109,24,27,38,21,0,26,27,29,27,0,home,8.0,216.5,290.0,-380.0,5.0,111.5,0.0,1,False,1714.3796990484466,1268.3043994878954,1694.161267660695,1288.5228308756468,446.07529956055123,0.9586503364548549
2019,2019-02-22,True,False,wsh,cha,110,123,38,22,27,23,0,27,38,31,27,0,home,5.0,231.5,180.0,-220.0,1.5,114.0,1.0,1,True,1464.52494971975,1452.5072252581003,1504.0133293862,1413.0188455916505,12.017724461649777,0.6558435358005771
2019,2019-02-22,True,False,sa,tor,117,120,23,33,35,26,0,26,29,33,32,0,home,8.0,227.0,300.0,-400.0,6.0,117.0,0.0,1,True,1772.5994400471104,1533.8124059110203,1778.731200827021,1527.6806451311097,238.78703413609014,0.8754700765315975
2019,2019-02-22,True,False,lac,mem,112,106,36,29,18,29,0,23,30,33,20,0,away,3.0,217.0,-155.0,135.0,2.0,105.5,1.0,1,False,1290.0392561495307,1494.5173771163993,1259.7282288726124,1524.8284043933177,-204.47812096686857,0.3540178789348323
2019,2019-02-22,True,False,no,ind,111,126,35,36,23,17,0,24,34,39,29,0,home,5.0,223.0,180.0,-220.0,6.5,109.0,1.0,1,True,1590.8123380614559,1442.6212065171085,1611.3503172723304,1422.083227306234,148.1911315443474,0.8066991475854832
2019,2019-02-22,True,False,utah,okc,147,148,34,23,38,34,18,35,31,27,36,19,home,4.5,227.0,170.0,-200.0,1.0,116.5,0.0,1,True,1694.34795437566,1610.0870042396725,1701.5819305051316,1602.853028110201,84.26095013598751,0.7428226300343732
2019,2019-02-22,True,False,den,dal,114,104,25,27,39,23,0,30,21,23,30,0,away,7.0,223.0,-330.0,260.0,4.5,109.0,1.0,0,False,1402.2173515602574,1563.4329961548042,1358.663473393489,1606.9868743215725,-161.2156445945468,0.41280404472017374
2019,2019-02-22,True,False,det,atl,125,122,33,35,32,25,0,34,36,25,27,0,away,4.5,221.5,-190.0,160.0,4.5,109.0,0.0,1,False,1285.0327429430477,1517.7424179160155,1265.6484099529885,1537.1267509060747,-232.70967497296783,0.31779183040566567
2019,2019-02-22,True,False,min,ny,115,104,29,37,28,21,0,33,25,25,21,0,away,3.5,220.0,-170.0,145.0,0.0,107.5,1.0,0,False,1057.0852484232428,1538.0492097781232,1046.1100658922264,1549.0243923091396,-480.96396135488044,0.10038041736307889
2019,2019-02-23,True,False,min,mil,128,140,32,38,39,19,0,35,34,38,33,0,home,13.0,232.5,750.0,-1200.0,9.0,114.0,0.0,1,True,1872.2107673473904,1549.0243923091396,1879.073754012094,1542.161405644436,323.18637503825084,0.9195357988400976
2019,2019-02-23,True,False,hou,gs,118,112,35,26,31,26,0,20,34,32,26,0,home,12.0,232.0,575.0,-850.0,11.0,112.5,0.0,0,False,1791.9125151633204,1564.4103784534552,1731.3533747670556,1624.96951884972,227.50213670986523,0.8682134292346473
2019,2019-02-23,True,False,sac,okc,119,116,31,32,31,25,0,24,25,34,33,0,home,5.5,240.0,200.0,-250.0,7.0,117.0,0.0,0,False,1701.5819305051316,1520.8886377589736,1658.4847250926484,1563.9858431714567,180.69329274615802,0.8342151499470122
2019,2019-02-23,True,False,bos,chi,116,126,33,18,30,35,0,28,36,30,32,0,away,10.0,220.0,-650.0,450.0,9.5,114.0,0.0,1,True,1288.5228308756468,1708.1259625198422,1379.5675968975781,1617.081196497911,-419.6031316441954,0.1370768977093875
2019,2019-02-23,True,False,phx,atl,112,120,33,26,28,25,0,33,30,23,34,0,home,3.0,234.0,130.0,-150.0,1.0,113.0,1.0,0,True,1265.6484099529885,1073.772299449841,1278.389189142897,1061.0315202599324,191.8761105031474,0.842927563933886
2019,2019-02-23,True,False,lal,no,115,128,35,22,27,31,0,42,27,31,28,0,away,6.5,234.5,-270.0,220.0,7.5,114.0,0.0,1,True,1422.083227306234,1407.3009951114207,1461.054041084055,1368.3301813335997,14.782232194813332,0.6594265191855212
2019,2019-02-23,True,False,dal,utah,109,125,25,33,20,31,0,31,30,25,39,0,home,11.5,214.0,575.0,-850.0,6.5,106.5,1.0,1,True,1602.853028110201,1358.663473393489,1614.994519700175,1346.521981803515,244.18955471671188,0.8788212022849826
2019,2019-02-23,True,False,bkn,cha,117,115,34,29,27,27,0,20,30,34,31,0,home,3.0,228.0,135.0,-155.0,5.5,117.5,0.0,1,False,1504.0133293862,1439.481995305549,1471.2947867451026,1472.2005379466464,64.53133408065105,0.7205353146246237
2019,2019-02-23,True,False,ind,wsh,119,112,29,36,24,30,0,21,29,30,32,0,home,0.0,227.0,-110.0,-110.0,4.5,110.5,0.0,1,False,1413.0188455916505,1611.3503172723304,1379.8837087016493,1644.4854541623315,-198.3314716806799,0.3621507399271335
2019,2019-02-23,True,False,mem,cle,107,112,24,32,28,23,0,37,26,19,30,0,home,1.5,209.0,110.0,-130.0,2.0,102.5,1.0,1,True,1133.3950960460475,1259.7282288726124,1175.79575276752,1217.3275721511397,-126.3331328265649,0.46217597524987547
2019,2019-02-23,True,False,por,phi,130,115,27,32,41,30,0,25,31,26,33,0,home,2.0,229.5,110.0,-130.0,1.5,118.0,0.0,1,False,1627.6594791508962,1759.6489944907778,1572.2628966906473,1815.0455769510268,-131.98951533988156,0.4540930386227136
2019,2019-02-23,True,False,det,mia,119,96,20,34,30,35,0,29,17,30,20,0,home,3.5,209.5,140.0,-160.0,4.0,102.5,0.0,1,False,1409.0796564948428,1537.1267509060747,1344.7943802322513,1601.412027168666,-128.0470944112319,0.45972443638817423
2019,2019-02-24,True,False,sa,ny,118,130,26,27,30,35,0,30,32,32,36,0,away,9.0,226.0,-500.0,375.0,11.0,116.5,0.0,1,True,1046.1100658922264,1527.6806451311097,1147.6746663110416,1426.1160447122945,-481.5705792388833,0.10006551730154267
2019,2019-02-24,True,False,orl,tor,113,98,25,28,27,33,0,15,35,21,27,0,home,7.0,216.0,250.0,-310.0,6.0,106.5,0.0,0,False,1778.731200827021,1694.161267660695,1695.1392960040607,1777.7531724836554,84.56993316632588,0.7431622713841255
2019,2019-02-24,True,False,lac,den,96,123,27,29,21,19,0,34,30,33,26,0,home,9.0,235.0,375.0,-500.0,3.5,114.0,1.0,0,True,1606.9868743215725,1524.8284043933177,1642.144905622516,1489.6703730923741,82.15846992825482,0.7405037494892648
2019,2019-02-25,True,False,gs,cha,121,110,34,34,30,23,0,30,30,28,22,0,away,8.5,233.5,-425.0,325.0,2.5,114.0,1.0,0,False,1471.2947867451026,1731.3533747670556,1440.1692016841887,1762.4789598279694,-260.058588021953,0.28467856550493276
2019,2019-02-25,True,False,ind,det,109,113,20,31,26,32,0,36,19,29,29,0,home,2.5,211.5,115.0,-135.0,0.5,103.5,1.0,1,True,1601.412027168666,1644.4854541623315,1631.0695606963968,1614.8279206346008,-43.07342699366541,0.5811985987806336
2019,2019-02-25,True,False,dal,lac,112,121,22,35,31,24,0,29,34,28,30,0,home,3.5,229.5,145.0,-170.0,0.0,112.0,1.0,1,True,1489.6703730923741,1346.521981803515,1507.2067858198807,1328.9855690760087,143.1483912888591,0.8021322558144286
2019,2019-02-25,True,False,lal,mem,105,110,31,25,25,24,0,34,27,26,23,0,away,5.0,222.0,-220.0,180.0,6.0,107.5,0.0,0,True,1217.3275721511397,1368.3301813335997,1262.4916302587294,1323.16612322601,-151.00260918246,0.42712407345400544
2019,2019-02-25,True,False,sac,min,105,112,30,23,27,25,0,19,44,30,19,0,home,3.5,237.5,145.0,-170.0,1.5,114.5,1.0,0,True,1542.161405644436,1563.9858431714567,1577.7858154744804,1528.3614333414123,-21.82443752702079,0.610642731845445
2019,2019-02-25,True,False,phi,no,111,110,31,34,28,18,0,24,28,31,27,0,away,2.5,240.5,-140.0,120.0,2.0,115.5,0.0,0,False,1461.054041084055,1572.2628966906473,1446.2965985331814,1587.0203392415208,-111.20885560659235,0.4838747541897497
2019,2019-02-25,True,False,atl,hou,111,119,28,32,25,26,0,39,21,35,24,0,home,12.5,233.5,700.0,-1100.0,8.5,114.0,0.0,0,True,1624.96951884972,1278.389189142897,1630.0703151069858,1273.2883928856313,346.580329706823,0.9289534296137602
2019,2019-02-25,True,False,sa,bkn,85,101,20,18,21,26,0,28,24,29,20,0,home,1.5,233.5,100.0,-120.0,3.5,113.5,1.0,0,True,1472.2005379466464,1426.1160447122945,1508.1109576787478,1390.205624980193,46.08449323435184,0.6986610361910961
2019,2019-02-25,True,False,phx,mia,124,121,23,29,32,40,0,29,34,24,34,0,home,8.0,217.0,290.0,-380.0,0.5,106.5,0.0,1,False,1344.7943802322513,1061.0315202599324,1301.9809973798556,1103.8449031123282,283.7628599723189,0.9010652026588438
2019,2019-02-25,True,False,por,cle,123,110,29,42,17,35,0,18,30,36,26,0,away,9.0,225.0,-500.0,375.0,1.0,114.5,1.0,1,False,1175.79575276752,1815.0455769510268,1170.8101446022474,1820.0311851162994,-639.2498241835067,0.04293551156010224
2019,2019-02-25,True,False,mil,chi,117,106,25,38,27,27,0,38,16,26,26,0,away,8.0,224.5,-380.0,290.0,1.5,115.0,1.0,0,False,1379.5675968975781,1879.073754012094,1369.602252904867,1889.039098004805,-499.5061571145159,0.09114430546626599
2019,2019-02-26,True,False,orl,ny,103,108,34,27,29,13,0,20,36,22,30,0,away,7.5,215.5,-330.0,260.0,3.0,106.5,0.0,0,True,1147.6746663110416,1777.7531724836554,1222.9519385981027,1702.4759001965942,-630.0785061726137,0.04515805451817128
2019,2019-02-26,True,False,bos,tor,95,118,32,13,23,27,0,30,36,29,23,0,home,3.5,226.0,142.0,-165.0,4.5,116.0,1.0,0,True,1695.1392960040607,1617.081196497911,1729.3900676283763,1582.8304248735953,78.0580995061498,0.7359424428293887
2019,2019-02-26,True,False,okc,den,112,121,26,25,27,34,0,29,35,27,30,0,home,3.5,238.0,142.0,-165.0,3.5,115.5,1.0,0,True,1642.144905622516,1658.4847250926484,1680.8343466039603,1619.7952841112042,-16.339819470132397,0.6181224834963014
2019,2019-02-27,True,False,min,atl,123,131,40,28,27,23,5,33,27,26,32,13,away,5.0,235.5,-210.0,175.0,0.5,113.5,0.0,1,True,1273.2883928856313,1577.7858154744804,1347.1929006223418,1503.88130773777,-304.4974225888491,0.23555929583522164
2019,2019-02-27,True,False,lac,utah,105,111,33,23,27,22,0,26,23,34,28,0,home,10.0,227.0,375.0,-500.0,9.5,111.5,0.0,0,True,1614.994519700175,1507.2067858198807,1632.9384285532274,1489.2628769668283,107.78773388029435,0.76783425232418
2019,2019-02-27,True,False,ind,dal,101,110,27,26,25,23,0,28,25,26,31,0,away,1.0,214.5,-115.0,-105.0,1.0,104.5,0.0,0,True,1328.9855690760087,1614.8279206346008,1404.4195122406902,1539.3939774699193,-285.8423515585921,0.2554421530767111
2019,2019-02-27,True,False,no,lal,119,125,28,29,35,27,0,35,28,32,30,0,home,6.0,239.5,230.0,-280.0,2.0,116.0,2.0,1,True,1323.16612322601,1446.2965985331814,1368.82201453725,1400.6407072219415,-123.13047530717131,0.4667616621759156
2019,2019-02-27,True,False,det,sa,93,105,27,21,19,26,0,32,19,27,27,0,home,4.0,220.5,155.0,-185.0,1.0,107.5,1.0,0,True,1390.205624980193,1631.0695606963968,1468.3366730680348,1552.9385126085551,-240.86393571620374,0.30770343157285246
2019,2019-02-27,True,False,hou,cha,118,113,41,21,28,28,0,33,36,25,19,0,away,5.0,227.5,-220.0,180.0,5.5,111.0,2.0,1,False,1440.1692016841887,1630.0703151069858,1410.7286220004105,1659.510894790764,-189.90111342279715,0.37343409939421346
2019,2019-02-27,True,False,gs,mia,125,126,22,37,33,33,0,32,42,26,26,0,away,9.5,225.5,-425.0,325.0,10.0,110.5,0.0,1,True,1301.9809973798556,1762.4789598279694,1329.0779354384981,1735.382021769327,-460.49796244811387,0.11153140544365775
2019,2019-02-27,True,False,chi,mem,109,107,20,26,29,34,0,20,26,28,33,0,home,3.0,216.5,135.0,-155.0,2.0,110.5,0.0,0,False,1262.4916302587294,1369.602252904867,1238.8167436508384,1393.2771395127581,-107.1106226461377,0.4897684199192008
2019,2019-02-27,True,False,mil,sac,141,140,34,39,31,22,15,33,29,29,35,14,away,6.5,237.5,-280.0,230.0,1.5,122.5,0.0,1,False,1528.3614333414123,1889.039098004805,1522.8003764124808,1894.6001549337366,-360.67766466339276,0.18233884666978656
2019,2019-02-27,True,False,wsh,bkn,125,116,34,34,33,24,0,28,32,19,37,0,home,5.0,237.5,180.0,-220.0,5.5,116.5,0.0,1,False,1508.1109576787478,1379.8837087016493,1437.336254445755,1450.6584119346421,128.2272489770985,0.7881452752691391
2019,2019-02-27,True,False,por,bos,97,92,25,18,31,23,0,24,18,22,28,0,home,2.5,228.0,120.0,-140.0,1.5,115.5,0.0,0,False,1582.8304248735953,1820.0311851162994,1558.2163164143412,1844.6452935755535,-237.20076024270406,0.3122135339589709
2019,2019-02-28,True,False,utah,den,111,104,19,33,29,30,0,22,15,33,34,0,home,7.5,224.5,255.0,-320.0,9.0,114.5,0.0,0,False,1680.8343466039603,1632.9384285532274,1619.6405448055134,1694.1322303516743,47.89591805073292,0.7008517980920387
2019,2019-02-28,True,False,mia,hou,118,121,32,37,29,20,0,33,22,31,35,0,home,9.5,219.0,375.0,-500.0,10.5,107.5,0.0,1,True,1659.510894790764,1329.0779354384981,1663.0609203000433,1325.5279099292188,330.4329593522659,0.9225687383090888
2019,2019-02-28,True,False,phi,okc,108,104,37,23,26,22,0,26,23,30,25,0,home,4.0,239.5,155.0,-185.0,5.5,116.0,0.0,0,False,1619.7952841112042,1587.0203392415208,1573.012078627361,1633.803544725364,32.774944869683395,0.682289620990181
2019,2019-02-28,True,False,gs,orl,96,103,22,29,30,15,0,28,31,11,33,0,away,4.5,224.0,-200.0,170.0,5.5,110.5,0.0,0,True,1702.4759001965942,1735.382021769327,1739.4973993838955,1698.3605225820256,-32.90612157273267,0.5953732326985279
2019,2019-02-28,True,False,min,ind,115,122,35,25,30,25,0,26,38,28,30,0,home,3.5,221.5,140.0,-160.0,0.5,108.5,1.0,1,True,1539.3939774699193,1503.88130773777,1567.16513017034,1476.1101550373492,35.512669732149334,0.6856959833386007
2019,2019-02-28,True,False,cle,ny,125,118,27,30,28,40,0,31,28,38,21,0,home,1.5,221.0,105.0,-125.0,0.0,111.5,0.0,1,False,1222.9519385981027,1170.8101446022474,1161.5616648361377,1232.2004183642125,52.14179399585532,0.7059508250735766
2019,2019-03-01,True,False,por,tor,117,119,24,30,30,33,0,31,30,32,26,0,home,5.0,229.5,180.0,-220.0,0.5,117.5,0.0,1,True,1729.3900676283763,1844.6452935755535,1754.6200913048424,1819.4152698990874,-115.25522594717722,0.4780600627490181
2019,2019-03-01,True,False,chi,atl,168,161,26,31,38,29,44,33,27,24,40,37,away,1.0,230.0,-115.0,-105.0,0.5,117.5,1.0,1,False,1347.1929006223418,1393.2771395127581,1294.402406308485,1446.0676338266148,-46.08423889041637,0.5769741238839261
2019,2019-03-01,True,False,cha,bkn,123,112,31,37,30,25,0,32,18,36,26,0,home,2.5,228.0,125.0,-145.0,7.0,110.5,0.0,1,False,1437.336254445755,1410.7286220004105,1365.4958280862743,1482.5690483598912,26.607632445344507,0.6745445459057124
2019,2019-03-01,True,False,wsh,bos,96,107,20,25,36,15,0,30,19,33,25,0,home,10.0,234.5,425.0,-600.0,5.0,113.5,1.0,0,True,1558.2163164143412,1450.6584119346421,1581.1585432927327,1427.7161850562507,107.55790447969912,0.7675983236295729
2019,2019-03-01,True,False,no,phx,130,116,27,29,38,36,0,32,25,27,32,0,away,4.5,239.0,-200.0,170.0,4.0,116.0,1.0,1,False,1103.8449031123282,1400.6407072219415,1074.8146544037238,1429.670955930546,-296.7958041096133,0.24363594865134833
2019,2019-03-01,True,False,lac,sac,116,109,26,26,35,29,0,23,33,26,27,0,home,3.0,238.0,135.0,-155.0,0.5,116.0,0.0,0,False,1522.8003764124808,1489.2628769668283,1462.3155148835688,1549.7477384957404,33.53749944565243,0.6832403981145997
2019,2019-03-01,True,False,mil,lal,131,120,27,32,34,38,0,26,39,29,26,0,away,5.5,239.0,-230.0,185.0,5.5,122.0,1.0,1,False,1368.82201453725,1894.6001549337366,1360.14433026353,1903.2778392074565,-525.7781403964866,0.0793672056641748
2019,2019-03-02,True,False,lal,phx,109,118,26,33,19,31,0,33,33,29,23,0,away,7.0,234.5,-310.0,250.0,8.5,113.0,0.0,0,True,1074.8146544037238,1360.14433026353,1150.1916898661398,1284.767294801114,-285.32967585980623,0.25600385082834043
2019,2019-03-02,True,False,no,den,120,112,27,40,29,24,0,39,32,22,19,0,home,13.5,238.0,800.0,-1400.0,7.5,116.5,0.0,0,False,1619.6405448055134,1429.670955930546,1551.2762416844962,1498.0352590515631,189.96958887496749,0.8414690154380003
2019,2019-03-02,True,False,mil,utah,111,115,26,20,32,33,0,23,30,20,42,0,home,5.0,223.0,170.0,-200.0,0.5,114.5,0.0,1,True,1694.1322303516743,1903.2778392074565,1740.3110239525379,1857.0990456065929,-209.14560885578226,0.34789777954467177
2019,2019-03-02,True,False,okc,sa,102,116,25,38,15,24,0,38,34,20,24,0,home,5.0,229.0,170.0,-200.0,0.5,112.0,1.0,0,True,1468.3366730680348,1573.012078627361,1528.7154521744358,1512.63329952096,-104.67540555932624,0.4932719566526452
2019,2019-03-02,True,False,det,cle,129,93,42,29,29,29,0,23,15,34,21,0,away,8.5,214.5,-425.0,325.0,4.0,104.0,1.0,1,False,1232.2004183642125,1552.9385126085551,1197.3829767495845,1587.7559542231832,-320.7380942443426,0.21914247578729443
2019,2019-03-02,True,False,mem,dal,111,81,33,29,28,21,0,21,28,18,14,0,home,4.5,214.5,170.0,-200.0,6.5,105.0,0.0,0,False,1404.4195122406902,1238.8167436508384,1297.8842518130627,1345.3520040784658,165.60276858985185,0.8218500636062502
2019,2019-03-02,True,False,bkn,mia,88,117,23,21,20,24,0,28,26,30,33,0,home,2.0,222.5,110.0,-130.0,2.5,114.0,1.0,0,True,1325.5279099292188,1365.4958280862743,1387.5524382662186,1303.4712997492745,-39.967918157055465,0.5855434974471964
2019,2019-03-02,True,False,orl,ind,117,112,27,28,28,34,0,27,33,27,25,0,home,3.0,209.5,135.0,-155.0,0.0,103.5,0.0,1,False,1567.16513017034,1739.4973993838955,1535.8364192179306,1770.826110336305,-172.3322692135555,0.39738378406118513
2019,2019-03-02,True,False,gs,phi,120,117,31,24,38,27,0,32,35,23,27,0,away,5.0,238.0,-210.0,175.0,7.0,116.5,0.0,0,False,1633.803544725364,1698.3605225820256,1600.204568969975,1731.9594983374145,-64.55697785666166,0.5508304056960008
2019,2019-03-03,True,False,ny,lac,107,128,20,26,32,29,0,38,44,19,27,0,home,10.0,226.5,450.0,-650.0,2.5,110.0,1.0,1,True,1549.7477384957404,1161.5616648361377,1555.3101162674986,1155.9992870643794,388.1860736596027,0.9432258660916437
2019,2019-03-03,True,False,por,cha,118,108,32,24,25,37,0,25,25,30,28,0,away,2.5,224.5,-135.0,115.0,0.0,115.5,1.0,1,False,1482.5690483598912,1819.4152698990874,1461.0783695394314,1840.9059487195473,-336.8462215391962,0.20368884504151813
2019,2019-03-03,True,False,hou,bos,115,104,33,32,35,15,0,23,20,35,26,0,home,2.0,225.5,110.0,-130.0,7.5,110.0,0.0,0,False,1581.1585432927327,1663.0609203000433,1523.6455630114651,1720.573900581311,-81.90237700731063,0.5260210432138941
2019,2019-03-03,True,False,atl,chi,123,118,35,32,29,27,0,32,28,31,27,0,home,4.0,229.0,150.0,-180.0,4.0,112.0,0.0,1,False,1446.0676338266148,1294.402406308485,1390.632754581323,1349.8372855537768,151.66522751812977,0.8097985136310316
2019,2019-03-03,True,False,tor,det,107,112,19,26,33,22,7,24,24,25,27,12,away,2.5,217.5,-135.0,115.0,1.5,106.0,0.0,1,True,1587.7559542231832,1754.6200913048424,1634.6685214683857,1707.70752405964,-166.86413708165924,0.40494540231028486
2019,2019-03-03,True,False,min,wsh,121,135,36,28,23,34,0,40,22,35,38,0,away,0.0,240.5,-110.0,-110.0,0.0,118.0,0.0,1,True,1427.7161850562507,1476.1101550373492,1478.5085673635442,1425.3177727300556,-48.39396998109851,0.5737256551980017
2019,2019-03-03,True,False,mem,okc,95,99,28,24,23,20,0,25,21,21,32,0,home,9.5,217.5,425.0,-600.0,9.5,107.5,0.0,0,True,1512.63329952096,1345.3520040784658,1523.3555350670244,1334.6297685324014,167.28129544249418,0.8232603600080816
2019,2019-03-03,True,False,orl,cle,93,107,24,24,24,21,0,29,23,15,40,0,away,6.0,214.5,-260.0,210.0,6.0,105.0,0.0,0,True,1197.3829767495845,1770.826110336305,1309.2099724786772,1658.9991146072123,-573.4431335867205,0.06149353170328177
2019,2019-03-04,True,False,ny,sac,108,115,25,26,29,28,0,34,21,31,29,0,home,11.0,229.0,550.0,-800.0,5.0,111.5,0.0,0,True,1462.3155148835688,1155.9992870643794,1468.4755023912612,1149.839299556687,306.3162278191894,0.9120514343179058
2019,2019-03-04,True,False,lac,lal,113,105,26,35,30,22,0,34,23,28,20,0,home,3.5,235.0,145.0,-170.0,3.5,115.0,0.0,0,False,1284.767294801114,1555.3101162674986,1258.4177422771436,1581.6596687914691,-270.54282146638457,0.2725499580838875
2019,2019-03-04,True,False,no,utah,115,112,24,28,30,33,0,33,28,27,24,0,home,9.5,231.5,400.0,-550.0,3.5,114.0,0.0,0,False,1740.3110239525379,1498.0352590515631,1697.217892398853,1541.128390605248,242.27576490097476,0.8776430838709625
2019,2019-03-04,True,False,den,sa,103,104,17,31,21,34,0,36,22,27,19,0,home,1.5,229.5,105.0,-125.0,3.0,110.5,0.0,0,True,1528.7154521744358,1551.2762416844962,1540.6210063525516,1539.3706875063804,-22.56078951006043,0.609634455186302
2019,2019-03-04,True,False,mil,phx,105,114,31,23,28,23,0,20,32,24,38,0,away,13.5,232.5,-1400.0,800.0,8.5,118.0,0.0,0,True,1150.1916898661398,1857.0990456065929,1248.5173120350871,1758.7734234376455,-706.9073557404531,0.02949374687095779
2019,2019-03-04,True,False,atl,mia,113,114,31,30,24,28,0,32,29,24,29,0,home,9.5,222.0,375.0,-500.0,7.0,108.5,0.0,1,True,1387.5524382662186,1349.8372855537768,1396.709725043924,1340.6799987760714,37.71515271244175,0.6884219636349078
2019,2019-03-04,True,False,dal,bkn,88,127,21,26,26,15,0,31,34,34,28,0,home,5.5,226.5,190.0,-240.0,2.5,109.5,1.0,0,True,1303.4712997492745,1297.8842518130627,1360.3775245229992,1240.978027039338,5.587047936211775,0.647440593895929
2019,2019-03-05,True,False,hou,tor,107,95,23,32,14,38,0,19,18,34,24,0,home,3.5,229.0,140.0,-160.0,7.5,110.0,0.0,0,False,1707.70752405964,1720.573900581311,1637.4162157022465,1790.8652089387044,-12.866376521670873,0.6228309072645168
2019,2019-03-05,True,False,orl,phi,106,114,34,30,18,24,0,39,31,24,20,0,home,4.0,222.0,160.0,-190.0,0.0,108.5,1.0,0,True,1600.204568969975,1658.9991146072123,1642.8372966757288,1616.3663869014586,-58.794545637237206,0.5590229420922974
2019,2019-03-05,True,False,chi,ind,96,105,17,25,33,21,0,27,22,28,28,0,home,6.5,217.5,240.0,-300.0,1.0,111.0,1.0,0,True,1535.8364192179306,1390.632754581323,1553.1758295168029,1373.2933442824508,145.20366463660753,0.804003332470609
2019,2019-03-05,True,False,okc,min,120,131,24,33,30,33,0,30,41,31,29,0,away,2.0,236.5,-130.0,110.0,5.5,116.0,0.0,1,True,1425.3177727300556,1523.3555350670244,1479.6769701029818,1468.9963376940982,-98.03776233696885,0.5028238569704242
2019,2019-03-05,True,False,bos,gs,128,95,32,41,32,23,0,24,24,28,19,0,home,7.0,228.5,240.0,-300.0,11.0,116.5,0.0,0,False,1731.9594983374145,1523.6455630114651,1622.161913182209,1633.4431481666707,208.3139353259494,0.8550532951753644
2019,2019-03-05,True,False,por,mem,111,120,33,30,23,25,0,20,41,21,38,0,away,5.5,215.5,-240.0,190.0,3.5,111.0,0.0,1,True,1334.6297685324014,1840.9059487195473,1427.0312404896954,1748.5044767622533,-506.2761801871459,0.08796705930020915
2019,2019-03-06,True,False,ny,phx,96,107,22,25,17,32,0,16,33,32,26,0,home,3.5,227.5,150.0,-180.0,1.5,110.5,1.0,0,True,1248.5173120350871,1149.839299556687,1272.5648110146067,1125.7918005771674,98.6780124784002,0.7583551223859598
2019,2019-03-06,True,False,phi,chi,107,108,30,27,29,21,0,30,27,25,26,0,away,4.0,230.0,-180.0,150.0,3.0,111.0,0.0,0,True,1373.2933442824508,1642.8372966757288,1395.4446474919434,1620.6859934662361,-269.543952393278,0.27369147069175753
2019,2019-03-06,True,False,utah,no,114,104,25,33,27,29,0,23,24,29,28,0,away,4.5,230.0,-210.0,175.0,0.5,117.5,1.0,0,False,1541.128390605248,1697.217892398853,1496.8179520843873,1741.5283309197137,-156.08950179360522,0.41997473048662587
2019,2019-03-06,True,False,cle,bkn,107,113,20,30,35,22,0,31,24,25,33,0,home,9.5,228.0,400.0,-550.0,4.5,116.5,0.0,0,True,1360.3775245229992,1309.2099724786772,1384.423448895081,1285.1640481065954,51.167552044322065,0.7047853105102713
2019,2019-03-06,True,False,mia,cha,91,84,29,14,18,30,0,18,25,15,26,0,home,3.5,215.5,145.0,-170.0,2.0,105.0,0.0,0,False,1461.0783695394314,1396.709725043924,1399.1558116262856,1458.6322829570697,64.3686444955074,0.7203466948026064
2019,2019-03-06,True,False,min,det,114,131,35,29,24,26,0,22,38,30,41,0,home,4.5,223.5,170.0,-200.0,5.0,109.0,1.0,1,True,1634.6685214683857,1479.6769701029818,1655.2888289072714,1459.0566626640962,154.9915513654039,0.8127302796273157
2019,2019-03-06,True,False,dal,wsh,123,132,43,22,31,27,0,33,36,30,33,0,home,5.5,232.5,190.0,-240.0,1.5,113.5,1.0,1,True,1478.5085673635442,1240.978027039338,1488.7682748071097,1230.7183195957725,237.53054032420619,0.8746793792882915
2019,2019-03-06,True,False,bos,sac,111,109,26,23,33,29,0,32,17,28,32,0,away,2.0,227.0,-130.0,110.0,1.5,115.0,2.0,0,False,1468.4755023912612,1633.4431481666707,1448.7735778830724,1653.1450726748594,-164.96764577540944,0.4075787392589572
2019,2019-03-06,True,False,sa,atl,111,104,27,26,27,31,0,23,33,21,27,0,away,5.5,234.0,-260.0,210.0,5.5,119.0,1.0,0,False,1340.6799987760714,1540.6210063525516,1307.7404334717728,1573.5605716568502,-199.94100757648016,0.3600132387390144
2019,2019-03-06,True,False,den,lal,115,99,43,23,19,30,0,25,24,28,22,0,away,5.0,231.0,-220.0,180.0,2.5,111.5,1.0,0,False,1258.4177422771436,1539.3706875063804,1225.9020676278449,1571.886362155679,-280.9529452292368,0.2608319656605488
2019,2019-03-07,True,False,okc,por,129,121,31,27,27,28,16,30,31,22,30,8,home,3.5,233.0,145.0,-170.0,1.0,113.5,0.0,1,False,1748.5044767622533,1468.9963376940982,1680.587827410207,1536.9129870461445,279.50813906815506,0.8988602601056811
2019,2019-03-07,True,False,ind,mil,98,117,24,26,22,26,0,32,22,30,33,0,home,10.0,223.0,450.0,-650.0,5.0,109.5,1.0,0,True,1758.7734234376455,1553.1758295168029,1774.8340167838662,1537.1152361705822,205.59759392084266,0.8531045703516605
2019,2019-03-08,True,False,den,gs,105,122,20,30,25,30,0,30,37,23,32,0,home,7.0,234.5,230.0,-280.0,1.5,114.0,1.0,0,True,1622.161913182209,1571.886362155679,1658.0385372838691,1536.009738054019,50.27555102652991,0.7037158326181299
2019,2019-03-08,True,False,dal,orl,106,111,19,28,26,33,0,29,33,30,19,0,home,7.0,214.0,240.0,-300.0,1.5,104.5,0.0,1,True,1616.3663869014586,1230.7183195957725,1619.6413940516566,1227.4433124455745,385.648067305686,0.9424384065188343
2019,2019-03-08,True,False,utah,mem,104,114,23,30,26,25,0,29,31,24,30,0,away,4.5,209.0,-200.0,170.0,5.0,107.0,0.0,1,True,1427.0312404896954,1741.5283309197137,1508.7623196178004,1659.7972517916087,-314.49709043001826,0.2253521049436827
2019,2019-03-08,True,False,okc,lac,110,118,32,24,28,26,0,36,32,20,30,0,home,2.0,236.5,110.0,-130.0,3.5,115.5,1.0,0,True,1581.6596687914691,1536.9129870461445,1609.6949807291933,1508.8776751084204,44.74668174532462,0.6970372261613699
2019,2019-03-08,True,False,wsh,cha,111,112,22,30,31,28,0,32,19,31,30,0,home,4.0,234.0,150.0,-180.0,3.5,114.0,0.0,0,True,1399.1558116262856,1488.7682748071097,1413.949267729409,1473.9748187039863,-89.61246318082408,0.5149444146003489
2019,2019-03-08,True,False,det,chi,112,104,24,25,20,43,0,30,36,14,24,0,away,3.5,218.5,-170.0,145.0,7.0,104.5,1.0,0,False,1395.4446474919434,1655.2888289072714,1367.898222080379,1682.835254318836,-259.84418141532797,0.28492996548814065
2019,2019-03-08,True,False,phi,hou,91,107,21,23,21,26,0,37,22,28,20,0,home,7.5,230.5,300.0,-400.0,0.5,111.0,1.0,0,True,1790.8652089387044,1620.6859934662361,1809.4364284576868,1602.1147739472538,170.1792154724683,0.8256745285294294
2019,2019-03-08,True,False,cle,mia,110,126,29,28,26,27,0,28,29,37,32,0,home,9.0,213.5,340.0,-440.0,6.0,108.5,1.0,1,True,1458.6322829570697,1285.1640481065954,1476.8637307804975,1266.9326002831676,173.46823485047435,0.8283829067908434
2019,2019-03-08,True,False,tor,no,127,104,29,35,29,34,0,31,30,19,24,0,away,9.5,230.0,-450.0,350.0,5.5,111.5,1.0,1,False,1496.8179520843873,1637.4162157022465,1435.0336918581538,1699.20047592848,-140.59826361785917,0.44183887604592914
2019,2019-03-09,True,False,cha,mil,114,131,32,27,28,27,0,24,31,39,37,0,home,12.0,228.0,650.0,-1000.0,10.5,110.5,1.0,1,True,1774.8340167838662,1413.949267729409,1780.9831356282914,1407.8001488849839,360.8847490544572,0.9341997032306839
2019,2019-03-09,True,False,bos,lal,120,107,25,32,36,27,0,24,23,29,31,0,away,7.0,220.5,-320.0,255.0,1.5,112.5,1.0,1,False,1225.9020676278449,1653.1450726748594,1210.5793761490502,1668.4677641536541,-427.24300504701455,0.1319573410726899
2019,2019-03-09,True,False,sac,ny,102,94,23,25,32,22,0,30,16,22,26,0,away,5.5,225.5,-250.0,200.0,3.0,110.5,1.0,0,False,1125.7918005771674,1448.7735778830724,1104.818464645496,1469.7469138147437,-322.9817773059051,0.2169403758889685
2019,2019-03-09,True,False,bkn,atl,114,112,26,30,27,31,0,23,24,30,35,0,away,4.5,238.0,-200.0,170.0,1.0,121.5,0.0,0,False,1307.7404334717728,1384.423448895081,1281.9513403003095,1410.2125420665443,-76.68301542330823,0.5335055505409136
2019,2019-03-09,True,False,phx,por,120,127,23,24,30,43,0,24,42,36,25,0,home,12.5,226.5,650.0,-1000.0,1.0,110.5,0.0,1,True,1680.587827410207,1272.5648110146067,1683.899266255591,1269.2533721692225,408.0230163956003,0.9490402720434186
2019,2019-03-09,True,False,wsh,min,130,135,39,32,28,22,9,28,32,35,26,14,home,7.0,242.0,240.0,-300.0,7.5,118.0,0.0,1,True,1459.0566626640962,1473.9748187039863,1489.0107532178329,1444.0207281502496,-14.918156039890164,0.6200523580291198
2019,2019-03-10,True,False,mil,sa,114,121,32,28,23,31,0,25,29,33,34,0,away,2.0,229.0,-140.0,120.0,0.0,118.0,0.0,1,True,1573.5605716568502,1780.9831356282914,1633.0187516263193,1721.5249556588224,-207.42256397144115,0.35015135316487517
2019,2019-03-10,True,False,hou,dal,94,93,25,33,23,13,0,26,28,18,21,0,away,8.5,222.5,-450.0,350.0,4.5,108.5,0.0,0,False,1227.4433124455745,1809.4364284576868,1225.6526360257285,1811.2271048775328,-581.9931160121123,0.05871363615337602
2019,2019-03-10,True,False,phx,gs,115,111,16,40,23,36,0,29,28,23,31,0,home,17.0,234.0,1500.0,-5000.0,11.0,114.5,0.0,0,False,1658.0385372838691,1269.2533721692225,1609.9332922433543,1317.3586172097373,388.7851651146466,0.9434102620030443
2019,2019-03-10,True,False,ind,phi,89,106,25,34,11,19,0,26,25,21,34,0,home,6.5,217.5,225.0,-275.0,6.0,106.5,1.0,0,True,1602.1147739472538,1537.1152361705822,1635.422132133626,1503.8078779842099,64.99953777667156,0.7210777080511734
2019,2019-03-10,True,False,ny,min,92,103,22,23,20,27,0,23,32,25,23,0,home,6.5,222.5,225.0,-275.0,0.5,107.5,1.0,0,True,1489.0107532178329,1104.818464645496,1493.5935253400253,1100.2356925233037,384.1922885723368,0.9419821096117882
2019,2019-03-10,True,False,no,atl,116,128,33,33,20,30,0,26,39,29,34,0,home,1.0,237.0,100.0,-120.0,2.0,116.5,1.0,1,True,1281.9513403003095,1435.0336918581538,1346.9351551705556,1370.0498769879077,-153.08235155784428,0.4241972539854209
2019,2019-03-10,True,False,orl,mem,97,105,17,31,24,25,0,26,23,26,30,0,home,0.0,208.5,-110.0,-110.0,0.5,102.0,1.0,0,True,1508.7623196178004,1619.6413940516566,1558.6143785834865,1569.7893350859704,-110.8790744338562,0.4843488681967988
2019,2019-03-10,True,False,tor,mia,125,104,32,36,23,34,0,27,27,25,25,0,home,1.5,214.5,105.0,-125.0,5.5,104.5,0.0,1,False,1476.8637307804975,1699.20047592848,1431.862689437284,1744.2015172716935,-222.33674514798258,0.33087573368890655
2019,2019-03-10,True,False,chi,det,108,131,32,23,25,28,0,31,30,42,28,0,home,9.0,214.0,350.0,-450.0,3.0,109.5,1.0,1,True,1682.835254318836,1367.898222080379,1691.7732239054042,1358.9602524938107,314.93703223845705,0.915951512310566
2019,2019-03-11,True,False,tor,cle,101,126,24,31,22,24,0,25,34,32,35,0,away,8.5,224.5,-450.0,350.0,8.0,110.0,0.0,1,True,1266.9326002831676,1744.2015172716935,1395.6209785243498,1615.5131390305114,-477.2689169885259,0.10231761551980977
2019,2019-03-11,True,False,sac,wsh,115,121,20,40,21,34,0,28,31,31,31,0,home,2.0,240.0,110.0,-130.0,1.5,116.5,1.0,0,True,1444.0207281502496,1469.7469138147437,1477.8158559976182,1435.9517859673751,-25.726185664494096,0.6052895413423511
2019,2019-03-11,True,False,det,bkn,75,103,19,16,27,13,0,27,34,27,15,0,home,2.0,222.5,110.0,-130.0,5.5,107.5,1.0,0,True,1410.2125420665443,1691.7732239054042,1519.8282787919277,1582.1574871800208,-281.56068183885986,0.26015804089041933
2019,2019-03-11,True,False,cha,hou,106,118,19,25,36,26,0,38,33,22,25,0,home,10.0,223.0,425.0,-600.0,1.0,107.5,1.0,1,True,1811.2271048775328,1407.8001488849839,1815.4292008272046,1403.5980529353121,403.426955992549,0.947745426503426
2019,2019-03-11,True,False,okc,utah,98,89,22,28,27,21,0,21,16,26,26,0,home,4.0,226.0,145.0,-170.0,6.0,110.5,0.0,0,False,1659.7972517916087,1508.8776751084204,1588.570164222296,1580.104762677733,150.91957668318832,0.8091365116209817
2019,2019-03-11,True,False,bos,lac,115,140,19,30,36,30,0,25,37,39,39,0,away,2.0,227.5,-130.0,110.0,5.5,117.0,0.0,1,True,1609.6949807291933,1668.4677641536541,1672.9073699764162,1605.2553749064311,-58.77278342446084,0.5590538237898318
2019,2019-03-12,True,False,por,lac,125,104,23,27,35,40,0,30,22,32,20,0,away,4.0,232.5,-180.0,150.0,4.5,118.0,1.0,0,False,1672.9073699764162,1683.899266255591,1587.854424530508,1768.9522117014994,-10.991896279174853,0.6253623224445986
2019,2019-03-12,True,False,min,den,107,133,20,28,30,29,0,31,27,36,39,0,home,9.5,227.5,400.0,-550.0,2.5,109.5,1.0,1,True,1536.009738054019,1493.5935253400253,1578.5518735781848,1451.0513898158595,42.41621271399367,0.6941967755850786
2019,2019-03-12,True,False,sa,dal,112,105,34,26,24,28,0,24,29,21,31,0,away,3.5,218.5,-160.0,140.0,0.0,109.5,1.0,0,False,1225.6526360257285,1633.0187516263193,1212.3286850005495,1646.3427026514983,-407.3661156005908,0.14562422779600773
2019,2019-03-12,True,False,ny,ind,98,103,29,23,21,25,0,27,28,30,18,0,home,11.0,208.5,600.0,-900.0,5.5,103.5,0.0,0,True,1503.8078779842099,1100.2356925233037,1506.7406468017416,1097.302923705772,403.5721854609062,0.9477868134980071
2019,2019-03-12,True,False,mil,no,130,113,23,33,45,29,0,23,25,41,24,0,away,10.5,236.5,-650.0,450.0,4.0,120.5,1.0,1,False,1370.0498769879077,1721.5249556588224,1345.8392964384113,1745.7355362083188,-351.4750786709146,0.19037013682783746
2019,2019-03-12,True,False,cle,phi,99,106,12,35,30,22,0,24,29,28,25,0,home,15.0,223.5,1100.0,-2500.0,7.5,113.5,0.0,0,True,1635.422132133626,1395.6209785243498,1644.5653842163895,1386.4777264415864,239.8011536092763,0.8761051262525607
2019,2019-03-12,True,False,lal,chi,123,107,16,39,43,25,0,34,26,24,23,0,away,2.0,225.5,-130.0,110.0,2.5,109.0,1.0,1,False,1358.9602524938107,1210.5793761490502,1271.3713155066148,1298.168313136246,148.3808763447605,0.8068694126091511
2019,2019-03-13,True,False,gs,hou,106,104,33,21,31,21,0,23,29,26,26,0,home,4.0,228.0,150.0,-180.0,4.0,110.5,0.0,0,False,1815.4292008272046,1609.9332922433543,1781.2236723382814,1644.1388207322775,205.49590858385022,0.8530312010571967
2019,2019-03-13,True,False,bkn,okc,96,108,27,25,26,18,0,19,23,38,28,0,home,7.0,232.5,230.0,-280.0,7.5,118.0,1.0,0,True,1580.104762677733,1519.8282787919277,1610.3792904261636,1489.5537510434972,60.27648388580542,0.7155767889013007
2019,2019-03-13,True,False,utah,phx,114,97,25,28,25,36,0,27,16,32,22,0,away,8.5,219.5,-400.0,300.0,2.0,113.0,1.0,0,False,1317.3586172097373,1588.570164222296,1282.7936855599544,1623.1350958720789,-271.21154701255864,0.27178740113899885
2019,2019-03-13,True,False,det,mia,74,108,18,31,8,17,0,30,24,33,21,0,home,2.0,208.0,110.0,-130.0,0.0,102.0,1.0,0,True,1431.862689437284,1582.1574871800208,1521.3247057841677,1492.695470833137,-150.29479774273682,0.4281213515293365
2019,2019-03-13,True,False,orl,wsh,90,100,28,25,21,16,0,29,32,15,24,0,home,2.0,226.5,110.0,-130.0,1.5,109.5,1.0,0,True,1477.8158559976182,1569.7893350859704,1529.3510431637446,1518.254147919844,-91.97347908835218,0.5115490375821411
2019,2019-03-13,True,False,mem,atl,111,132,28,32,30,21,0,33,39,38,22,0,away,1.0,223.5,-115.0,-105.0,3.5,109.0,0.0,1,True,1346.9351551705556,1558.6143785834865,1436.0738886675624,1469.4756450864797,-211.67922341293092,0.344596414536752
2019,2019-03-14,True,False,cle,orl,91,120,20,21,22,28,0,36,25,27,32,0,home,8.5,212.0,300.0,-400.0,1.5,109.5,1.0,0,True,1518.254147919844,1386.4777264415864,1545.8188809597038,1358.9129934017265,131.7764214782576,0.791536550366737
2019,2019-03-14,True,False,okc,ind,106,108,29,34,25,18,0,22,28,31,27,0,home,0.0,217.5,-110.0,-110.0,4.5,106.0,1.0,0,True,1506.7406468017416,1610.3792904261636,1531.1632313345922,1585.956705893313,-103.638643624422,0.49476376233157926
2019,2019-03-14,True,False,sac,bos,120,126,38,24,29,29,0,25,31,37,33,0,home,8.0,228.0,290.0,-380.0,8.5,112.0,0.0,1,True,1605.2553749064311,1435.9517859673751,1618.0732397170575,1423.1339211567488,169.303588939056,0.8249478255612483
2019,2019-03-14,True,False,lal,tor,98,111,25,29,30,14,0,33,32,25,21,0,home,7.0,230.0,250.0,-310.0,0.0,111.5,1.0,0,True,1615.5131390305114,1298.168313136246,1622.8281533375643,1290.8532988291931,317.34482589426534,0.917012410759155
2019,2019-03-14,True,False,min,utah,100,120,25,30,26,19,0,34,30,27,29,0,home,9.0,220.5,320.0,-420.0,2.0,108.0,1.0,0,True,1623.1350958720789,1451.0513898158595,1642.8792759967955,1431.3072096911428,172.0837060562194,0.8272468888650747
2019,2019-03-14,True,False,dal,den,99,100,29,28,32,10,0,26,25,28,21,0,home,11.5,220.5,575.0,-850.0,10.0,108.0,0.0,0,True,1578.5518735781848,1212.3286850005495,1579.9791362977062,1210.901422281028,366.22318857763526,0.9360637093098647
2019,2019-03-15,True,False,lal,det,97,111,22,18,22,35,0,27,19,31,34,0,home,12.5,215.5,750.0,-1200.0,5.5,104.0,1.0,0,True,1492.695470833137,1290.8532988291931,1507.529764388861,1276.0190052734692,201.84217200394392,0.8503747390927334
2019,2019-03-15,True,False,ny,sa,83,109,20,21,28,14,0,31,25,26,27,0,home,13.5,214.0,800.0,-1400.0,3.0,103.0,1.0,0,True,1646.3427026514983,1097.302923705772,1648.5230318814847,1095.1225944757855,549.0397789457263,0.9767101729341401
2019,2019-03-15,True,False,por,no,122,110,30,26,31,35,0,37,20,25,28,0,away,9.0,233.0,-440.0,340.0,7.0,119.0,1.0,0,False,1345.8392964384113,1768.9522117014994,1330.6368451275162,1784.1546630123946,-423.1129152630881,0.13470451416933396
2019,2019-03-15,True,False,mil,mia,113,98,19,23,37,34,0,37,25,18,18,0,away,5.0,220.5,-240.0,190.0,8.5,113.5,1.0,0,False,1521.3247057841677,1745.7355362083188,1481.2817018037604,1785.778540188726,-224.41083042415107,0.3282377458229017
2019,2019-03-15,True,False,chi,lac,121,128,34,29,21,37,0,29,28,45,26,0,home,9.0,229.5,325.0,-425.0,8.0,118.0,0.0,1,True,1587.854424530508,1271.3713155066148,1593.64834267266,1265.5773973644627,316.4831090238931,0.9166341362646403
2019,2019-03-15,True,False,sac,phi,114,123,29,29,31,25,0,33,29,37,24,0,home,11.0,233.5,500.0,-700.0,5.5,113.0,0.0,1,True,1644.5653842163895,1423.1339211567488,1655.8325949687692,1411.866710404369,221.4314630596407,0.8641632896182461
2019,2019-03-15,True,False,phx,hou,102,108,31,26,28,17,0,26,29,28,25,0,home,12.5,226.0,700.0,-1100.0,9.5,111.5,0.0,0,True,1781.2236723382814,1282.7936855599544,1782.9906142437133,1281.0267436545225,498.429986778327,0.9690768827813311
2019,2019-03-15,True,False,cha,wsh,116,110,40,26,29,21,0,26,27,25,32,0,home,3.0,233.5,135.0,-155.0,4.5,113.5,0.0,0,False,1529.3510431637446,1403.5980529353121,1469.5896390355163,1463.3594570635405,125.75299022843251,0.7857573325621613
2019,2019-03-16,True,False,bkn,utah,98,114,21,21,22,34,0,28,31,24,31,0,home,9.0,218.5,340.0,-440.0,0.0,113.0,1.0,0,True,1642.8792759967955,1489.5537510434972,1663.279251350587,1469.1537756897058,153.32552495329833,0.8112662403009254
2019,2019-03-16,True,False,ind,den,100,102,36,24,15,25,0,25,32,22,23,0,home,7.0,214.0,250.0,-310.0,6.0,104.0,0.0,0,True,1579.9791362977062,1531.1632313345922,1593.7154768390944,1517.426890793204,48.81590496311401,0.7019609402532605
2019,2019-03-16,True,False,por,sa,103,108,21,29,26,27,0,23,25,24,36,0,home,2.5,223.0,125.0,-145.0,1.0,114.5,1.0,0,True,1648.5230318814847,1784.1546630123946,1691.9702546024296,1740.7074402914498,-135.6316311309099,0.44890098421140695
2019,2019-03-16,True,False,cle,dal,116,121,26,31,31,28,0,34,32,34,21,0,home,5.0,217.5,180.0,-220.0,0.5,111.0,2.0,1,True,1210.901422281028,1358.9129934017265,1255.7329286821555,1314.081487000599,-148.01157112069836,0.43134226984614926
2019,2019-03-16,True,False,atl,bos,120,129,36,26,30,28,0,43,31,31,24,0,home,10.5,233.0,500.0,-700.0,2.5,115.0,0.0,1,True,1618.0732397170575,1436.0738886675624,1632.1944018412973,1421.9527265433226,181.9993510494951,0.8352523182658951
2019,2019-03-16,True,False,gs,okc,110,88,40,24,23,23,0,27,19,25,17,0,home,2.0,228.5,105.0,-125.0,6.5,111.5,0.0,0,False,1585.956705893313,1644.1388207322775,1508.7130506901003,1721.3824759354902,-58.18211483896448,0.5598918375726009
2019,2019-03-16,True,False,phx,no,138,136,34,32,23,33,16,31,29,25,37,14,home,4.5,235.0,160.0,-190.0,5.0,115.0,0.0,1,False,1330.6368451275162,1281.0267436545225,1298.2645955947,1313.3989931873386,49.61010147299362,0.7029165228700657
2019,2019-03-16,True,False,mem,wsh,128,135,37,34,32,25,0,35,34,36,30,0,home,1.5,225.0,105.0,-125.0,3.0,110.0,1.0,1,True,1469.5896390355163,1469.4756450864797,1502.5044630497175,1436.5608210722785,0.11399394903651228,0.6402161628805318
2019,2019-03-17,True,False,lal,ny,123,124,30,36,30,27,0,41,22,31,30,0,away,5.0,220.5,-210.0,175.0,3.5,108.0,0.0,1,True,1095.1225944757855,1276.0190052734692,1113.8596409766033,1257.2819587726515,-180.89641079768376,0.38563990755373156
2019,2019-03-17,True,False,cha,mia,75,93,20,19,21,15,0,19,20,22,32,0,home,3.0,210.0,135.0,-155.0,2.5,102.0,1.0,0,True,1481.2817018037604,1463.3594570635405,1524.1127828860087,1420.5283759812921,17.922244740219867,0.6634741679887688
2019,2019-03-17,True,False,phi,mil,130,125,31,31,27,41,0,28,25,29,43,0,home,5.5,230.0,210.0,-260.0,6.0,113.0,0.0,1,False,1785.778540188726,1655.8325949687692,1730.673955224406,1710.9371799330893,129.9459452199569,0.7897925248238593
2019,2019-03-17,True,False,tor,det,107,110,21,26,37,23,0,25,25,28,32,0,home,0.0,215.5,-110.0,-110.0,0.5,110.0,1.0,1,True,1507.529764388861,1622.8281533375643,1539.3702912348244,1590.9876264916008,-115.2983889487034,0.47799806613677936
2019,2019-03-17,True,False,atl,orl,91,101,25,21,22,23,0,28,28,19,26,0,home,9.0,225.0,325.0,-425.0,1.5,108.5,1.0,0,True,1545.8188809597038,1421.9527265433226,1566.1039471285571,1401.6676603744693,123.86615441638128,0.783923203157226
2019,2019-03-17,True,False,chi,sac,102,129,23,17,31,31,0,24,32,43,30,0,home,6.5,231.0,230.0,-280.0,2.0,117.0,1.0,2,True,1411.866710404369,1265.5773973644627,1436.8100885681142,1240.6340192007176,146.28931303990635,0.8049862695121841
2019,2019-03-17,True,False,min,hou,102,117,30,19,29,24,0,26,24,43,24,0,home,9.5,224.5,425.0,-600.0,6.0,109.5,1.0,0,True,1782.9906142437133,1431.3072096911428,1789.2300124595183,1425.0678114753377,351.68340455257044,0.9308679305975176
2019,2019-03-17,True,False,bkn,lac,116,119,30,25,32,29,0,23,37,27,32,0,home,6.0,230.0,210.0,-260.0,2.0,118.0,0.0,1,True,1593.64834267266,1469.1537756897058,1605.3359834754071,1457.4661348869586,124.49456698295421,0.7845353222338898
2019,2019-03-18,True,False,gs,sa,105,111,25,22,31,27,0,25,33,24,29,0,away,3.0,226.5,-150.0,130.0,5.0,110.5,0.0,0,True,1691.9702546024296,1721.3824759354902,1726.2003806920966,1687.1523498458232,-29.412221333060643,0.6002089759866491
2019,2019-03-18,True,False,chi,phx,116,101,34,22,30,30,0,20,23,30,28,0,home,2.5,227.0,120.0,-140.0,5.5,117.5,0.0,0,False,1313.3989931873386,1240.6340192007176,1230.3864336450386,1323.6465787430177,72.76497398662104,0.729978822873083
2019,2019-03-18,True,False,no,dal,129,125,28,21,35,26,19,34,25,20,31,15,home,5.0,232.5,175.0,-210.0,0.0,111.5,0.0,1,False,1255.7329286821555,1298.2645955947,1214.521452291779,1339.4760719850765,-42.53166691254455,0.5819574996845346
2019,2019-03-18,True,False,ny,tor,92,128,29,25,15,23,0,38,35,28,27,0,home,12.5,213.5,750.0,-1200.0,2.0,104.5,1.0,1,True,1590.9876264916008,1113.8596409766033,1594.7325411347279,1110.1147263334763,477.1279855149976,0.965183127465144
2019,2019-03-18,True,False,mia,okc,116,107,27,31,28,30,0,25,30,20,32,0,home,5.5,209.5,190.0,-240.0,5.0,103.0,0.0,1,False,1508.7130506901003,1524.1127828860087,1445.959413706945,1586.866419869164,-15.399732195908427,0.6193990513896409
2019,2019-03-18,True,False,utah,wsh,116,95,31,26,34,25,0,24,21,26,24,0,away,5.5,227.0,-240.0,190.0,0.5,115.5,1.0,0,False,1502.5044630497175,1663.279251350587,1446.277008420773,1719.5067059795315,-160.77478830086943,0.41341932871998727
2019,2019-03-18,True,False,det,cle,119,126,32,29,27,31,0,25,35,27,39,0,away,6.5,212.0,-260.0,210.0,4.0,104.0,0.0,1,True,1314.081487000599,1539.3702912348244,1375.6465357656934,1477.80524246973,-225.28880423422538,0.3271243140493276
2019,2019-03-18,True,False,den,bos,114,105,24,31,25,34,0,22,30,28,25,0,home,4.5,221.5,170.0,-200.0,4.5,107.5,0.0,0,False,1632.1944018412973,1593.7154768390944,1564.940198534641,1660.9696801457508,38.478925002202914,0.6893642454723131
2019,2019-03-18,True,False,ind,por,98,106,31,17,24,26,0,28,27,33,18,0,home,5.0,211.0,175.0,-210.0,0.0,102.5,1.0,0,True,1740.7074402914498,1517.426890793204,1751.3444743006812,1506.7898567839725,223.28054949824582,0.8654079235183967
2019,2019-03-19,True,False,phi,cha,118,114,31,31,23,33,0,30,29,30,25,0,home,1.0,223.0,100.0,-120.0,1.5,108.5,0.0,1,False,1420.5283759812921,1710.9371799330893,1402.7909300209103,1728.674625893471,-290.40880395179715,0.25047488238746646
2019,2019-03-19,True,False,hou,atl,121,105,25,28,31,37,0,25,22,25,33,0,away,8.0,233.0,-425.0,325.0,2.5,112.0,1.0,0,False,1401.6676603744693,1789.2300124595183,1381.6734356072268,1809.2242372267608,-387.56235208504904,0.16038827439833503
2019,2019-03-19,True,False,gs,min,117,107,30,29,32,26,0,27,20,28,32,0,away,6.5,230.0,-300.0,240.0,0.0,111.5,1.0,0,False,1425.0678114753377,1687.1523498458232,1395.28205473224,1716.9381065889208,-262.08453837048546,0.2823096673853387
2019,2019-03-19,True,False,lal,mil,101,115,24,34,26,17,0,35,26,38,16,0,home,11.5,228.5,550.0,-800.0,5.5,113.0,1.0,0,True,1730.673955224406,1257.2819587726515,1733.548653211778,1254.4072607852795,473.3919964517545,0.9644531481704065
2019,2019-03-19,True,False,bkn,sac,123,121,25,33,20,45,0,38,28,37,18,0,home,3.5,231.0,135.0,-155.0,1.0,118.5,0.0,1,False,1436.8100885681142,1457.4661348869586,1407.215024052862,1487.0611994022108,-20.656046318844346,0.6122406508257877
2019,2019-03-19,True,False,ind,lac,109,115,16,33,26,34,0,25,30,34,26,0,home,5.5,219.0,185.0,-230.0,1.5,107.5,1.0,1,True,1605.3359834754071,1506.7898567839725,1624.1804901915718,1487.9453500678078,98.54612669143467,0.7582159705049333
2019,2019-03-20,True,False,hou,mem,125,126,25,28,25,37,10,38,25,34,18,11,away,6.0,215.5,-260.0,210.0,6.5,105.5,0.0,1,True,1436.5608210722785,1809.2242372267608,1461.805119264808,1783.9799390342314,-372.6634161544823,0.17227673152081008
2019,2019-03-20,True,False,tor,okc,123,114,39,24,29,18,13,31,24,23,32,4,home,5.0,227.0,180.0,-220.0,5.0,111.0,0.0,1,False,1445.959413706945,1594.7325411347279,1402.3674233381832,1638.3245315034897,-148.7731274277828,0.4302672925530215
2019,2019-03-20,True,False,mia,sa,110,105,24,38,28,20,0,22,25,31,27,0,home,5.5,211.0,210.0,-260.0,7.0,103.0,0.0,1,False,1726.2003806920966,1586.866419869164,1670.9387430732263,1642.1280574880343,139.33396082293257,0.7986240943504597
2019,2019-03-20,True,False,no,orl,96,119,25,21,21,29,0,39,29,30,21,0,home,9.5,224.0,400.0,-550.0,1.5,109.0,1.0,0,True,1566.1039471285571,1339.4760719850765,1581.193252130436,1324.3867669831977,226.62787514348065,0.8676365308062831
2019,2019-03-20,True,False,dal,por,118,126,17,35,31,35,0,26,39,36,25,0,home,10.0,217.5,425.0,-600.0,1.5,106.0,0.0,1,True,1751.3444743006812,1214.521452291779,1752.9136628260244,1212.9522637664359,536.8230220089022,0.9750556692324267
2019,2019-03-20,True,False,utah,ny,137,116,39,35,37,26,0,25,22,32,37,0,away,12.5,210.5,-1400.0,800.0,0.5,109.0,1.0,1,False,1110.1147263334763,1719.5067059795315,1103.2355555183467,1726.385876794661,-609.3919796460552,0.05057995598963112
2019,2019-03-20,True,False,bos,phi,115,118,39,30,21,25,0,30,28,27,33,0,home,3.5,224.0,145.0,-170.0,5.0,115.5,0.0,1,True,1728.674625893471,1564.940198534641,1738.0951480909741,1555.519676337138,163.7344273588301,0.8202699370153304
2019,2019-03-20,True,False,wsh,chi,120,126,28,32,21,32,7,35,25,25,28,13,away,4.0,229.0,-180.0,150.0,3.0,112.0,0.0,1,True,1323.6465787430177,1446.277008420773,1369.2411223111515,1400.6824648526392,-122.63042967775527,0.46747817361887833
2019,2019-03-20,True,False,mil,cle,102,107,24,23,34,21,0,30,28,23,26,0,away,5.5,224.5,-260.0,210.0,7.5,116.0,0.0,0,True,1375.6465357656934,1733.548653211778,1439.920077549103,1669.2751114283683,-357.9021174460845,0.1847330301043978
2019,2019-03-21,True,False,ind,gs,89,112,19,24,19,27,0,19,34,35,24,0,home,10.5,218.5,500.0,-700.0,3.5,106.0,1.0,0,True,1716.9381065889208,1487.9453500678078,1731.8213811586645,1473.0620754980641,228.99275652111305,0.8691921247178162
2019,2019-03-21,True,False,dal,sac,100,116,29,22,25,24,0,27,26,31,32,0,home,9.0,228.5,350.0,-450.0,5.0,112.5,1.0,0,True,1407.215024052862,1212.9522637664359,1423.4218214242103,1196.7454663950875,194.2627602864261,0.8447380138437758
2019,2019-03-21,True,False,det,phx,118,98,29,29,29,31,0,32,28,20,18,0,away,7.0,217.5,-300.0,240.0,5.5,107.5,1.0,0,False,1230.3864336450386,1477.80524246973,1190.235664801565,1517.9560113132036,-247.4188088246915,0.2997243385066508
2019,2019-03-21,True,False,den,wsh,113,108,33,28,24,28,0,30,23,32,23,0,away,8.5,229.5,-400.0,300.0,2.0,110.0,0.0,0,False,1400.6824648526392,1660.9696801457508,1378.2602648530835,1683.3918801453065,-260.28721529311156,0.2844106384183958
2019,2019-03-21,True,False,utah,atl,114,117,28,26,37,23,0,29,36,21,31,0,away,7.5,226.0,-330.0,260.0,7.5,118.0,0.0,1,True,1381.6734356072268,1726.385876794661,1430.6879848296849,1677.371327572203,-344.71244118743425,0.1964426466517255
2019,2019-03-21,True,False,min,cha,106,113,25,26,27,28,0,25,29,27,32,0,home,6.0,223.0,210.0,-260.0,3.0,109.5,1.0,0,True,1402.7909300209103,1395.28205473224,1434.5791408886096,1363.4938438645408,7.508875288670197,0.6499616938576247
2019,2019-03-22,True,False,mem,orl,119,123,33,31,31,15,9,23,35,23,29,13,home,10.5,205.5,500.0,-700.0,9.5,102.0,0.0,1,True,1581.193252130436,1461.805119264808,1595.14105629302,1447.8573151022238,119.388132865628,0.7795248557599411
2019,2019-03-22,True,False,mia,mil,87,116,32,19,18,18,0,33,30,31,22,0,home,7.5,218.0,270.0,-340.0,0.5,105.5,1.0,0,True,1669.2751114283683,1642.1280574880343,1716.5938678708612,1594.8093010455414,27.14705394033399,0.6752258648536029
2019,2019-03-22,True,False,sa,hou,105,111,24,23,34,24,0,36,26,19,30,0,home,6.0,221.5,220.0,-270.0,1.5,108.0,2.0,0,True,1783.9799390342314,1670.9387430732263,1801.4278199030514,1653.4908622044063,113.04119596100509,0.7731815039838502
2019,2019-03-22,True,False,okc,tor,116,109,22,26,35,33,0,29,29,22,29,0,home,2.0,225.0,115.0,-135.0,2.5,109.0,0.0,2,False,1638.3245315034897,1402.3674233381832,1573.6475169538392,1467.0444378878337,235.9571081653064,0.873683174777423
2019,2019-03-22,True,False,lac,cle,110,108,25,33,34,18,0,40,20,23,25,0,away,6.5,226.5,-300.0,240.0,5.5,111.5,0.0,0,False,1439.920077549103,1624.1804901915718,1421.4999317077186,1642.6006360329563,-184.26041264246874,0.38106225693216655
2019,2019-03-22,True,False,den,ny,111,93,37,19,26,29,0,18,24,20,31,0,away,11.5,215.0,-900.0,600.0,2.5,104.0,1.0,0,False,1103.2355555183467,1683.3918801453065,1095.5528314937922,1691.074604169861,-580.1563246269598,0.05930072432469011
2019,2019-03-22,True,False,bkn,lal,111,106,20,24,34,33,0,23,20,30,33,0,away,2.5,232.5,-140.0,120.0,1.5,118.5,1.0,0,False,1254.4072607852795,1487.0611994022108,1229.347889665088,1512.1205705224024,-232.65393861693133,0.3178613935652359
2019,2019-03-23,True,False,min,mem,112,99,25,24,35,28,0,25,25,18,31,0,home,1.0,217.0,-105.0,-115.0,0.5,106.0,0.0,0,False,1447.8573151022238,1363.4938438645408,1368.3004523331954,1443.0507066335692,84.36347123768292,0.7429353561635419
2019,2019-03-23,True,False,bos,cha,117,124,35,29,34,19,0,29,34,26,35,0,away,4.0,222.0,-180.0,150.0,2.5,114.5,0.0,1,True,1434.5791408886096,1555.519676337138,1483.0808136251226,1507.018003600625,-120.94053544852841,0.4699005853652518
2019,2019-03-23,True,False,mia,wsh,113,108,25,27,26,35,0,27,26,26,29,0,home,1.0,220.5,100.0,-120.0,0.5,107.5,0.0,1,False,1378.2602648530835,1594.8093010455414,1351.5901135008387,1621.4794523977862,-216.54903619245783,0.3382930654867719
2019,2019-03-23,True,False,phi,atl,127,129,41,27,32,27,0,34,40,26,29,0,away,7.5,236.5,-330.0,260.0,8.0,116.0,0.0,1,True,1430.6879848296849,1738.0951480909741,1467.7853902443064,1700.9977426763526,-307.40716326128927,0.23255650876210365
2019,2019-03-23,True,False,dal,gs,126,91,37,37,34,18,0,22,24,24,21,0,home,13.5,219.5,800.0,-1400.0,14.5,106.0,0.0,0,False,1731.8213811586645,1196.7454663950875,1631.694094460279,1296.872753093473,535.075914763577,0.9748098857133868
2019,2019-03-23,True,False,det,por,112,117,28,28,36,20,0,32,27,30,28,0,home,5.5,215.5,190.0,-240.0,2.0,105.5,0.0,1,True,1752.9136628260244,1517.9560113132036,1761.018116575145,1509.851557564083,234.9576515128208,0.8730468653768119
2019,2019-03-23,True,False,phx,sac,103,112,32,21,22,28,0,19,28,32,33,0,home,10.5,230.5,450.0,-650.0,10.0,113.5,0.0,0,True,1423.4218214242103,1190.235664801565,1433.9450048124909,1179.7124814132844,233.18615662264529,0.8719123037612897
2019,2019-03-23,True,False,utah,chi,114,83,33,37,21,23,0,18,18,25,22,0,away,11.0,213.0,-750.0,525.0,1.5,109.5,1.0,0,False,1369.2411223111515,1677.371327572203,1333.8911778919032,1712.7212719914512,-308.1302052610515,0.23181449776977248
2019,2019-03-24,True,False,det,gs,114,121,28,21,28,37,0,29,34,34,24,0,home,10.0,219.0,425.0,-600.0,1.0,106.0,0.0,1,True,1631.694094460279,1509.851557564083,1649.4783840647915,1492.0672679595705,121.84253689619618,0.7819435021054892
2019,2019-03-24,True,False,sa,bos,115,96,31,23,30,31,0,24,23,25,24,0,away,2.0,222.0,-135.0,115.0,1.0,109.0,1.0,0,False,1507.018003600625,1653.4908622044063,1449.8752695936737,1710.6335962113576,-146.47285860378133,0.4335162095834656
2019,2019-03-24,True,False,hou,no,113,90,33,30,24,26,0,19,25,25,21,0,away,10.0,229.5,-550.0,400.0,1.0,111.5,1.0,0,False,1324.3867669831977,1801.4278199030514,1310.0623921916952,1815.752194694554,-477.04105291985366,0.10243815552315678
2019,2019-03-24,True,False,sac,lal,106,111,20,29,28,29,0,22,26,39,24,0,home,0.0,231.5,-110.0,-110.0,1.5,113.0,1.0,0,True,1229.347889665088,1433.9450048124909,1280.2877998419979,1383.005094635581,-204.59711514740297,0.35386124578864875
2019,2019-03-24,True,False,den,ind,88,124,23,23,21,21,0,27,35,30,32,0,away,1.5,210.5,-125.0,105.0,5.5,102.0,0.0,1,True,1473.0620754980641,1691.074604169861,1578.4935437901547,1585.6431358777704,-218.01252867179687,0.3364098016405839
2019,2019-03-24,True,False,cle,mil,105,127,27,28,22,28,0,32,36,22,37,0,home,13.5,223.0,900.0,-1600.0,4.0,113.5,1.0,1,True,1716.5938678708612,1421.4999317077186,1726.5296130843321,1411.5641864942477,295.09393616314264,0.9067297725865192
2019,2019-03-24,True,False,cha,tor,115,114,27,31,37,20,0,32,25,26,31,0,home,11.5,223.0,600.0,-900.0,8.0,109.0,0.0,1,False,1573.6475169538392,1483.0808136251226,1552.6817412275743,1504.0465893513874,90.56670332871659,0.7496957211247841
2019,2019-03-24,True,False,lac,ny,124,113,29,31,29,35,0,24,35,25,29,0,away,8.5,223.5,-450.0,350.0,5.0,110.0,1.0,1,False,1095.5528314937922,1642.6006360329563,1087.8042873179177,1650.3491802088308,-547.0478045391642,0.07086917198255493
2019,2019-03-25,True,False,phi,orl,98,119,31,29,17,21,0,31,26,32,30,0,home,2.0,219.0,115.0,-135.0,1.5,107.5,1.0,0,True,1595.14105629302,1700.9977426763526,1664.2902002542012,1631.8485987151714,-105.85668638333254,0.4915723490126286
2019,2019-03-25,True,False,okc,mem,103,115,23,25,30,25,0,31,23,32,29,0,away,7.5,216.5,-350.0,275.0,8.5,106.0,0.0,1,True,1368.3004523331954,1467.0444378878337,1424.525343010961,1410.819547210068,-98.74398555463836,0.5018075422123278
2019,2019-03-25,True,False,phx,utah,92,125,21,22,31,18,0,26,36,26,37,0,home,14.0,216.0,900.0,-1600.0,3.5,105.0,1.0,1,True,1712.7212719914512,1179.7124814132844,1715.3005713804241,1177.1331820243115,533.0087905781668,0.9745160342484296
2019,2019-03-25,True,False,bkn,por,144,148,27,35,28,30,24,31,31,33,25,28,home,6.0,223.5,210.0,-260.0,4.5,116.5,0.0,1,True,1761.018116575145,1512.1205705224024,1767.7272457767656,1505.411441320782,248.89754605274265,0.8816778469489187
2019,2019-03-26,True,False,hou,mil,94,108,25,28,18,23,0,20,38,32,18,0,home,2.5,224.0,125.0,-145.0,0.5,109.5,1.0,0,True,1726.5296130843321,1815.752194694554,1784.2592340019353,1758.0225737769508,-89.22258161022182,0.5155049790057737
2019,2019-03-26,True,False,wsh,lal,106,124,29,27,27,23,0,34,33,30,27,0,home,2.5,237.5,125.0,-145.0,2.0,115.0,1.0,0,True,1280.2877998419979,1351.5901135008387,1339.7270497483196,1292.150863594517,-71.30231365884083,0.5412056242687274
2019,2019-03-26,True,False,atl,no,130,120,42,28,32,28,0,34,23,30,33,0,away,2.5,242.5,-145.0,125.0,2.0,116.5,1.0,1,False,1310.0623921916952,1467.7853902443064,1265.9934424339324,1511.8543400020692,-157.72299805261127,0.4176858978416997
2019,2019-03-26,True,False,sac,dal,125,121,25,29,33,38,0,23,33,33,32,0,away,2.0,226.0,-130.0,110.0,1.0,110.5,1.0,1,False,1296.872753093473,1383.005094635581,1260.0525970867886,1419.8252506422652,-86.13234154210795,0.519946573247453
2019,2019-03-26,True,False,det,den,92,95,9,30,23,30,0,27,39,15,14,0,home,7.5,213.0,275.0,-350.0,3.0,103.0,0.0,0,True,1585.6431358777704,1492.0672679595705,1599.4239667556722,1478.2864370816687,93.57586791819995,0.7529321774095871
2019,2019-03-26,True,False,bos,cle,116,106,32,25,31,28,0,27,24,30,25,0,away,6.0,216.5,-250.0,200.0,2.0,112.0,1.0,1,False,1411.5641864942477,1449.8752695936737,1349.5410142968508,1511.8984417910706,-38.311083099426014,0.5878561778454142
2019,2019-03-26,True,False,orl,mia,104,99,18,24,34,28,0,32,19,19,29,0,home,3.5,205.0,142.0,-165.0,1.5,99.5,0.0,0,False,1621.4794523977862,1664.2902002542012,1575.6302432910745,1710.1394093609129,-42.81074785641499,0.5815666095778645
2019,2019-03-26,True,False,lac,min,122,111,42,33,25,22,0,23,32,30,26,0,away,3.0,229.5,-150.0,130.0,4.0,111.5,1.0,1,False,1443.0507066335692,1650.3491802088308,1404.7488224686074,1688.6510643737927,-207.2984735752616,0.3503139111723819
2019,2019-03-26,True,False,chi,tor,103,112,18,23,31,31,0,26,30,29,27,0,home,14.5,219.0,1000.0,-2000.0,4.0,113.0,0.0,0,True,1552.6817412275743,1333.8911778919032,1564.122529449219,1322.4503896702586,218.7905633356711,0.8623688735751743
2019,2019-03-26,True,False,sa,cha,116,125,23,36,21,26,10,29,26,27,24,19,away,4.5,220.0,-190.0,160.0,2.0,108.5,0.0,1,True,1504.0465893513874,1710.6335962113576,1569.7742252590365,1644.9059603037085,-206.5870068599702,0.35124660038095523
2019,2019-03-27,True,False,lal,utah,100,115,25,28,18,29,0,32,28,27,28,0,home,16.0,219.0,1000.0,-2000.0,7.5,107.0,0.0,0,True,1715.3005713804241,1339.7270497483196,1720.691746289935,1334.3358748388086,375.57352163210453,0.9392104258793754
2019,2019-03-27,True,False,wsh,phx,124,121,27,32,30,35,0,30,29,31,31,0,away,1.0,230.5,-120.0,100.0,0.5,113.0,1.0,1,False,1177.1331820243115,1292.150863594517,1147.9521628627688,1321.3318827560597,-115.01768157020547,0.4784012685504947
2019,2019-03-27,True,False,por,chi,118,98,27,32,28,31,0,14,27,24,33,0,away,9.5,216.0,-450.0,350.0,0.5,110.5,1.0,2,False,1322.4503896702586,1767.7272457767656,1306.306479528095,1783.8711559189292,-445.276856106507,0.12051382645085487
2019,2019-03-27,True,False,ind,okc,99,107,27,27,15,30,0,29,16,31,31,0,home,6.5,217.5,240.0,-300.0,7.0,109.0,1.0,0,True,1410.819547210068,1578.4935437901547,1468.4567207241753,1520.8563702760475,-167.67399658008662,0.40382254267684287
2019,2019-03-27,True,False,gs,mem,118,103,31,35,23,29,0,37,23,24,19,0,away,9.5,220.5,-600.0,425.0,4.0,107.5,1.0,1,False,1424.525343010961,1649.4783840647915,1384.5662527273548,1689.4374743483977,-224.95304105383047,0.32754989426473347
2019,2019-03-28,True,False,lac,mil,118,128,25,21,31,41,0,28,39,33,28,0,home,10.5,231.0,450.0,-650.0,0.5,111.5,0.0,1,True,1784.2592340019353,1688.6510643737927,1807.8429823896408,1665.0673159860871,95.6081696281426,0.7551020178447913
2019,2019-03-28,True,False,cle,sa,110,116,28,25,28,29,0,27,17,40,32,0,home,12.0,217.0,650.0,-1000.0,11.5,111.0,0.0,1,True,1644.9059603037085,1349.5410142968508,1651.0621497852128,1343.3848248153465,295.36494600685774,0.9068616243992064
2019,2019-03-28,True,False,sac,no,118,121,26,36,26,30,0,30,34,29,28,0,away,6.5,234.0,-265.0,215.0,6.5,113.5,0.0,1,True,1265.9934424339324,1419.8252506422652,1301.1799101746692,1384.6387829015284,-153.83180820833286,0.4231438350459019
2019,2019-03-28,True,False,den,hou,85,112,25,19,21,20,0,22,40,25,25,0,home,6.0,216.5,220.0,-270.0,2.0,105.0,1.0,0,True,1758.0225737769508,1599.4239667556722,1781.3236397001833,1576.1229008324397,158.59860702127867,0.815870036853902
2019,2019-03-28,True,False,tor,ny,117,92,30,25,32,30,0,18,18,28,28,0,away,10.0,219.5,-600.0,425.0,1.0,106.5,1.0,0,False,1087.8042873179177,1564.122529449219,1073.0642036945042,1578.8626130726325,-476.3182421313013,0.10282135493000497
2019,2019-03-28,True,False,dal,mia,99,105,29,30,23,17,0,26,23,26,30,0,home,6.5,212.5,220.0,-270.0,6.5,104.5,0.0,0,True,1575.6302432910745,1260.0525970867886,1581.0818149132638,1254.6010254645994,315.5776462042859,0.9162349700669782
2019,2019-03-28,True,False,orl,det,98,115,27,19,25,27,0,30,30,34,21,0,home,3.0,205.5,135.0,-155.0,3.5,101.5,1.0,1,True,1478.2864370816687,1710.1394093609129,1564.9110922859531,1623.5147541566284,-231.8529722792441,0.31886195664783956
2019,2019-03-28,True,False,bkn,phi,110,123,23,35,24,28,0,38,30,30,25,0,home,7.0,232.0,255.0,-320.0,1.0,118.0,1.0,1,True,1631.8485987151714,1505.411441320782,1653.8654880839165,1483.3945519520369,126.43715739438949,0.7864195845711013
2019,2019-03-29,True,False,ind,bos,112,114,25,35,31,21,0,35,28,26,25,0,home,7.0,213.0,240.0,-300.0,3.5,105.0,0.0,1,True,1511.8984417910706,1520.8563702760475,1529.8756271815198,1502.8791848855983,-8.957928484976946,0.6281013789379615
2019,2019-03-29,True,False,por,atl,118,98,38,22,30,28,0,30,21,25,22,0,away,2.5,233.0,-145.0,125.0,1.5,119.0,1.0,0,False,1511.8543400020692,1783.8711559189292,1475.5687460612899,1820.1567498597085,-272.01681591685997,0.27087091865213053
2019,2019-03-29,True,False,den,okc,115,105,33,23,30,29,0,29,23,23,30,0,home,4.5,218.0,170.0,-200.0,5.0,107.0,0.0,1,False,1468.4567207241753,1576.1229008324397,1416.8668482682679,1627.712773288347,-107.66618010826437,0.48896927008088503
2019,2019-03-29,True,False,gs,min,130,131,32,36,18,29,15,27,27,32,29,16,away,10.0,229.0,-650.0,450.0,1.5,111.0,0.0,1,True,1404.7488224686074,1689.4374743483977,1427.418116745553,1666.768180071452,-284.6886518797903,0.25670730832267763
2019,2019-03-29,True,False,wsh,utah,124,128,30,32,28,34,0,39,31,22,36,0,home,13.0,226.0,850.0,-1500.0,5.0,110.5,0.0,1,True,1720.691746289935,1321.3318827560597,1723.3954075785844,1318.6282214674104,399.35986353387534,0.9465737376851119
2019,2019-03-29,True,False,cha,lal,115,129,35,24,32,24,0,33,36,32,28,0,away,1.5,229.5,-125.0,105.0,5.0,112.5,0.0,1,True,1334.3358748388086,1569.7742252590365,1416.0284501511715,1488.0816499466737,-235.43835042022783,0.3143962256823533
2019,2019-03-30,True,False,phi,min,118,109,38,30,24,26,0,20,35,26,28,0,away,4.5,230.0,-190.0,163.0,1.5,112.0,1.0,0,False,1427.418116745553,1653.8654880839165,1394.4244839381918,1686.8591208912778,-226.44737133836338,0.3256580151404335
2019,2019-03-30,True,False,bos,bkn,96,110,21,27,22,26,0,17,32,33,28,0,home,4.5,222.5,166.0,-195.0,3.0,115.0,1.0,0,True,1483.3945519520369,1529.8756271815198,1533.86631263405,1479.4038664995066,-46.48107522948294,0.5764164676198111
2019,2019-03-30,True,False,mem,phx,120,115,23,31,34,32,0,38,24,30,23,0,away,2.5,220.5,-130.0,110.0,4.0,109.0,1.0,1,False,1147.9521628627688,1384.5662527273548,1123.2808456230568,1409.2375699670667,-236.61408986458605,0.31293918914773255
2019,2019-03-30,True,False,mia,ny,100,92,29,26,24,21,0,33,28,18,13,0,away,7.0,209.0,-300.0,245.0,8.5,103.0,1.0,0,False,1073.0642036945042,1581.0818149132638,1064.6371677448117,1589.5088508629563,-508.0176112187596,0.08716612142732637
2019,2019-03-30,True,False,sac,hou,108,119,32,28,33,15,0,35,28,28,28,0,home,9.5,229.0,394.0,-515.0,5.5,113.0,1.0,0,True,1781.3236397001833,1384.6387829015284,1785.5673598262701,1380.3950627754416,396.6848567986549,0.9457896259301876
2019,2019-03-30,True,False,por,det,90,99,14,20,25,31,0,11,20,35,33,0,home,4.5,214.0,172.0,-203.0,1.5,110.5,1.0,0,True,1564.9110922859531,1820.1567498597085,1636.807995050259,1748.2598470954026,-255.24565757375535,0.2903539059892576
2019,2019-03-30,True,False,orl,ind,121,116,32,24,34,31,0,28,29,35,24,0,home,1.5,205.5,105.0,-125.0,1.0,101.5,0.0,1,False,1502.8791848855983,1623.5147541566284,1465.7989599377463,1660.5949791044804,-120.63556927103014,0.47033789950697386
2019,2019-03-30,True,False,cle,lac,108,132,29,23,31,25,0,29,36,28,39,0,home,9.0,228.5,316.0,-399.0,0.5,116.5,1.0,1,True,1665.0673159860871,1343.3848248153465,1673.7586901653897,1334.693450636044,321.6824911707406,0.918892935255601
2019,2019-03-30,True,False,tor,chi,124,101,26,41,26,31,0,28,28,19,26,0,away,10.5,214.0,-540.0,410.0,2.0,105.0,1.0,1,False,1306.306479528095,1578.8626130726325,1268.5150941663255,1616.653998434402,-272.5561335445375,0.27025820445727305
2019,2019-03-31,True,False,dal,okc,106,103,31,27,22,26,0,24,32,19,28,0,home,12.5,218.0,700.0,-1100.0,10.0,106.5,0.0,0,False,1416.8668482682679,1254.6010254645994,1373.8837924557545,1297.5840812771128,162.26582280366847,0.8190202163090482
2019,2019-03-31,True,False,sac,sa,113,106,28,30,31,24,0,30,27,30,19,0,home,10.5,224.5,450.0,-650.0,7.5,109.0,0.0,0,False,1651.0621497852128,1380.3950627754416,1586.6789571343288,1444.7782554263256,270.6670870097712,0.8941387104784364
2019,2019-03-31,True,False,lal,no,130,102,26,35,44,25,0,26,36,22,18,0,home,3.0,231.0,135.0,-155.0,1.5,112.0,0.0,1,False,1301.1799101746692,1416.0284501511715,1230.2634939518907,1486.94486637395,-114.84853997650225,0.47864423374478227
2019,2019-03-31,True,False,cha,gs,90,137,27,22,23,18,0,35,36,34,32,0,home,11.0,230.0,600.0,-900.0,1.0,111.0,1.0,0,True,1666.768180071452,1488.0816499466737,1690.9576349193073,1463.8921950988183,178.6865301247783,0.832611351690395
2019,2019-03-31,True,False,wsh,den,95,90,23,30,22,20,0,34,28,10,18,0,home,10.5,227.5,500.0,-700.0,3.0,111.5,0.0,0,False,1627.712773288347,1318.6282214674104,1572.709531226167,1373.6314635295905,309.08455182093667,0.9133213332820341
2019,2019-03-31,True,False,mem,lac,96,113,19,27,22,28,0,25,36,26,26,0,home,10.0,224.0,425.0,-600.0,2.0,109.0,1.0,0,True,1673.7586901653897,1409.2375699670667,1684.746974124215,1398.2492860082414,264.52112019832293,0.8907429224229798
2019,2019-03-31,True,False,mil,atl,135,136,43,28,26,25,13,26,42,30,24,14,away,2.0,230.5,-135.0,115.0,0.0,119.5,0.0,1,True,1475.5687460612899,1807.8429823896408,1499.7238136931146,1783.687914757816,-332.274236328351,0.20799099352793057
2019,2019-04-01,True,False,orl,tor,109,121,36,16,23,34,0,29,33,33,26,0,home,6.5,216.0,225.0,-275.0,0.5,107.0,1.0,1,True,1616.653998434402,1660.5949791044804,1664.056234767149,1613.1927427717335,-43.94098067007849,0.5799825248467374
2019,2019-04-01,True,False,mia,bos,105,110,17,30,30,28,0,36,25,27,22,0,home,7.0,213.0,240.0,-300.0,0.5,104.0,0.0,1,True,1479.4038664995066,1589.5088508629563,1519.9687244121799,1548.943992950283,-110.1049843634496,0.4854618575999015
2019,2019-04-01,True,False,por,min,132,122,38,37,22,35,0,23,41,36,22,0,away,3.5,225.5,-170.0,145.0,1.5,115.5,1.0,1,False,1394.4244839381918,1748.2598470954026,1374.5590453918057,1768.1252856417887,-353.83536315721085,0.18828480326569838
2019,2019-04-01,True,False,cha,utah,102,111,23,16,25,38,0,26,26,27,32,0,home,11.0,218.0,575.0,-850.0,2.5,106.0,0.0,0,True,1723.3954075785844,1463.8921950988183,1732.412677380766,1454.8749252966368,259.50321247976603,0.8878999055314688
2019,2019-04-01,True,False,phi,dal,102,122,32,18,27,25,0,27,41,29,25,0,away,5.0,219.0,-220.0,180.0,8.0,107.0,0.0,1,True,1297.5840812771128,1686.8591208912778,1410.2348739973938,1574.2083281709968,-389.27503961416505,0.15906506144466204
2019,2019-04-01,True,False,chi,ny,105,113,19,28,30,28,0,37,27,27,22,0,home,3.5,213.0,142.0,-165.0,2.5,110.5,1.0,1,True,1064.6371677448117,1268.5150941663255,1127.0129249682982,1206.139336942839,-203.87792642151385,0.3548083975526177
2019,2019-04-01,True,False,cle,phx,113,122,23,29,32,29,0,31,40,20,31,0,home,2.0,224.0,110.0,-130.0,4.5,115.5,1.0,1,True,1123.2808456230568,1334.693450636044,1189.6471100650344,1268.3271861940664,-211.41260501298711,0.3449431265526629
2019,2019-04-01,True,False,mil,bkn,131,121,35,24,32,40,0,20,34,35,32,0,home,1.5,229.5,105.0,-125.0,2.5,118.0,0.0,1,False,1533.86631263405,1783.687914757816,1502.5486276822623,1815.0055997096038,-249.82160212376607,0.296829296575345
2019,2019-04-01,True,False,det,ind,102,111,33,22,25,22,0,23,36,28,24,0,home,5.5,203.5,190.0,-240.0,2.0,99.5,1.0,1,True,1465.7989599377463,1636.807995050259,1526.6673172134363,1575.939637774569,-171.00903511251272,0.39920927983300414
2019,2019-04-02,True,False,atl,sa,111,117,31,25,34,21,0,33,25,28,31,0,home,11.0,230.0,550.0,-800.0,6.5,111.5,0.0,0,True,1586.6789571343288,1499.7238136931146,1606.7044570281435,1479.6983137993,86.9551434412142,0.745774255159884
2019,2019-04-02,True,False,lal,okc,103,119,28,27,23,25,0,34,25,35,25,0,home,12.5,226.0,750.0,-1200.0,6.5,109.0,1.0,0,True,1373.8837924557545,1486.94486637395,1438.5565676759472,1422.2720911537572,-113.06107391819546,0.4812124531523582
2019,2019-04-02,True,False,den,gs,102,116,24,19,21,38,0,30,29,27,30,0,home,8.5,220.0,325.0,-425.0,0.0,106.5,1.0,0,True,1690.9576349193073,1572.709531226167,1714.5706228912566,1549.0965432542177,118.24810369314037,0.7783949112889925
2019,2019-04-02,True,False,hou,sac,130,105,33,29,29,39,0,23,23,31,28,0,away,5.5,226.0,-250.0,200.0,1.5,109.0,1.0,1,False,1444.7782554263256,1785.5673598262701,1416.1023985972656,1814.2432166553301,-340.78910439994456,0.20003213877696738
2019,2019-04-03,True,False,cha,no,115,109,24,35,24,32,0,21,34,23,31,0,away,4.5,229.5,-190.0,160.0,2.0,112.0,1.0,0,False,1230.2634939518907,1454.8749252966368,1202.1815591342581,1482.9568601142694,-224.61143134474605,0.32798317621174516
2019,2019-04-03,True,False,phi,atl,122,130,38,30,26,28,0,42,30,26,32,0,away,4.5,239.5,-200.0,170.0,5.5,117.0,0.0,1,True,1479.6983137993,1574.2083281709968,1527.2734927681943,1526.6331492021025,-94.5100143716968,0.5079000669172753
2019,2019-04-03,True,False,utah,phx,118,97,25,31,28,34,0,31,22,23,21,0,away,10.5,219.5,-650.0,450.0,7.0,111.0,1.0,0,False,1189.6471100650344,1732.412677380766,1179.7853790771087,1742.2744083686916,-542.7655673157315,0.07250959930429696
2019,2019-04-03,True,False,sa,den,85,113,24,19,21,21,0,28,33,25,27,0,home,5.0,214.5,170.0,-200.0,3.0,104.5,1.0,0,True,1549.0965432542177,1606.7044570281435,1614.1827650024243,1541.618235279937,-57.6079137739257,0.5607061609240377
2019,2019-04-03,True,False,min,dal,110,108,32,26,31,21,0,27,31,21,29,0,home,2.5,227.0,125.0,-145.0,1.5,111.0,0.0,0,False,1410.2348739973938,1374.5590453918057,1378.22138145485,1406.5725379343496,35.675828605588094,0.6858983654683157
2019,2019-04-03,True,False,mem,por,89,116,30,29,10,20,0,28,34,24,30,0,home,10.5,216.5,525.0,-750.0,6.0,106.0,1.0,0,True,1768.1252856417887,1398.2492860082414,1774.8348856955313,1391.5396859544987,369.8759996335473,0.9373106789930626
2019,2019-04-03,True,False,chi,wsh,115,114,26,30,27,32,0,28,29,30,27,0,home,9.5,225.5,400.0,-550.0,5.5,116.5,0.0,1,False,1373.6314635295905,1206.139336942839,1352.1207661367503,1227.6500343356793,167.4921265867515,0.8234368789154772
2019,2019-04-03,True,False,bos,mia,112,102,29,24,30,29,0,31,18,32,21,0,home,1.0,214.0,-105.0,-115.0,1.5,110.5,0.0,2,False,1548.943992950283,1519.9687244121799,1479.4725778062416,1589.4401395562213,28.975268538103137,0.6775294763369992
2019,2019-04-03,True,False,hou,lac,135,103,39,29,34,33,0,26,27,20,30,0,away,2.5,229.0,-145.0,125.0,4.0,112.5,1.0,1,False,1684.746974124215,1814.2432166553301,1614.3387100864638,1884.6514806930813,-129.49624253111506,0.45765318418721324
2019,2019-04-03,True,False,ind,det,108,89,18,26,34,30,0,15,21,26,27,0,home,2.5,205.5,120.0,-140.0,3.5,100.0,0.0,0,False,1575.939637774569,1526.6673172134363,1487.688529934301,1614.9184250537044,49.2723205611328,0.7025103187708591
2019,2019-04-03,True,False,tor,bkn,115,105,34,23,33,25,0,22,28,28,27,0,away,2.0,228.5,-130.0,110.0,1.0,111.0,1.0,0,False,1502.5486276822623,1664.056234767149,1459.037725803525,1707.5671366458862,-161.50760708488656,0.4123967150798996
2019,2019-04-03,True,False,ny,orl,100,114,26,19,29,26,0,26,32,27,29,0,home,13.0,212.5,750.0,-1200.0,3.5,103.0,1.0,1,True,1613.1927427717335,1127.0129249682982,1615.8471441872591,1124.3585235527726,486.1798178034353,0.9668923334708314
2019,2019-04-04,True,False,gs,lal,108,90,39,21,34,14,0,12,30,24,24,0,away,13.5,226.5,-1400.0,800.0,3.0,110.5,1.0,0,False,1422.2720911537572,1714.5706228912566,1390.0856021781528,1746.757111866861,-292.2985317374994,0.24843819765251413
2019,2019-04-04,True,False,cle,sac,104,117,22,29,33,20,0,29,28,36,24,0,home,10.0,229.5,400.0,-550.0,4.5,117.0,1.0,0,True,1416.1023985972656,1268.3271861940664,1435.6961249711455,1248.7334598201865,147.77521240319925,0.8063255287290165
2019,2019-04-04,True,False,mil,phi,128,122,30,26,26,46,0,26,32,28,36,0,away,4.0,231.5,-180.0,150.0,4.0,116.5,1.0,1,False,1526.6331492021025,1815.0055997096038,1504.9985041928396,1836.6402447188666,-288.3724505075013,0.2526820047276864
2019,2019-04-05,True,False,sac,utah,98,119,20,24,26,28,0,35,35,26,23,0,home,10.0,222.0,425.0,-600.0,1.0,106.5,1.0,0,True,1742.2744083686916,1435.6961249711455,1751.4166650786083,1426.553868261229,306.5782833975461,0.9121723624232873
2019,2019-04-05,True,False,no,phx,126,133,38,38,23,18,9,31,34,31,21,16,away,2.5,228.5,-140.0,120.0,1.5,112.0,0.0,1,True,1179.7853790771087,1202.1815591342581,1215.4814113041905,1166.4855269071763,-22.396180057149422,0.6098599342922466
2019,2019-04-05,True,False,mem,dal,122,112,31,34,34,23,0,30,23,31,28,0,home,4.0,211.5,155.0,-185.0,5.5,104.0,0.0,1,False,1378.22138145485,1391.5396859544987,1312.5726157168733,1457.1884516924752,-13.318304499648775,0.6222195856763291
2019,2019-04-05,True,False,lal,lac,122,117,35,26,23,38,0,30,37,19,31,0,home,11.5,228.0,550.0,-800.0,5.5,112.0,0.0,1,False,1614.3387100864638,1390.0856021781528,1558.5677023640476,1445.856609900569,224.253107908311,0.8660586868529877
2019,2019-04-05,True,False,cle,gs,114,120,26,23,35,30,0,36,32,31,21,0,home,15.5,225.0,1200.0,-3000.0,4.5,113.5,0.0,1,True,1746.757111866861,1248.7334598201865,1748.5285436979261,1246.9620279891212,498.02365204667444,0.9690067117738259
2019,2019-04-05,True,False,det,okc,110,123,34,32,30,14,0,30,35,32,26,0,home,5.5,216.0,200.0,-250.0,4.5,105.0,1.0,1,True,1438.5565676759472,1487.688529934301,1488.1755954896673,1438.0695021205809,-49.131962258353724,0.5726863661014319
2019,2019-04-05,True,False,sa,wsh,129,112,37,40,28,24,0,32,26,30,24,0,away,7.0,225.5,-300.0,240.0,1.5,110.0,1.0,1,False,1352.1207661367503,1541.618235279937,1304.5596154104492,1589.179386006238,-189.49746914318666,0.37397792890363585
2019,2019-04-05,True,False,bos,ind,117,97,24,34,33,26,0,27,20,27,23,0,home,0.0,213.5,-110.0,-110.0,3.0,110.5,0.0,1,False,1614.9184250537044,1589.4401395562213,1526.9888193910426,1677.369745218883,25.478285497483057,0.6731157282080682
2019,2019-04-05,True,False,atl,orl,113,149,18,30,32,33,0,42,39,32,36,0,home,9.0,225.5,325.0,-425.0,3.0,108.0,1.0,1,True,1615.8471441872591,1527.2734927681943,1652.6948819801898,1490.4257549752635,88.57365141906484,0.7475366409835856
2019,2019-04-05,True,False,tor,cha,111,113,34,31,21,25,0,33,24,33,23,0,away,6.0,224.0,-270.0,220.0,1.0,109.0,0.0,2,True,1482.9568601142694,1707.5671366458862,1515.441370683053,1675.0826260771025,-224.61027653161682,0.3279846414208871
2019,2019-04-05,True,False,mia,min,109,111,35,34,22,18,0,36,25,29,21,0,away,4.0,218.5,-160.0,140.0,0.0,107.0,0.0,1,True,1406.5725379343496,1479.4725778062416,1428.860604614529,1457.1845111260623,-72.90003987189198,0.5389210777733218
2019,2019-04-05,True,False,ny,hou,96,120,16,27,21,32,0,32,40,31,17,0,home,18.0,216.5,1600.0,-6000.0,2.5,105.5,1.0,0,True,1884.6514806930813,1124.3585235527726,1885.2161328119355,1123.7938714339184,760.2929571403088,0.9929820702931711
2019,2019-04-05,True,False,por,den,110,119,29,21,37,23,0,22,34,28,35,0,home,6.0,216.0,200.0,-250.0,1.0,111.5,1.0,1,True,1614.1827650024243,1774.8348856955313,1673.594099040051,1715.4235516579045,-160.652120693107,0.4135905787488152
2019,2019-04-06,True,False,bkn,mil,133,128,34,32,42,25,0,26,39,31,32,0,home,3.5,235.5,140.0,-160.0,2.5,120.0,0.0,1,False,1836.6402447188666,1459.037725803525,1782.8531569408512,1512.8248135815404,377.60251891534153,0.9398738665017081
2019,2019-04-06,True,False,phi,chi,116,96,24,33,29,30,0,20,29,19,28,0,away,10.5,227.5,-650.0,450.0,3.5,110.0,1.0,0,False,1227.6500343356793,1504.9985041928396,1192.1707077058836,1540.4778308226353,-277.34846985716035,0.2648521562870508
2019,2019-04-07,True,False,den,por,108,115,25,24,32,27,0,29,31,26,29,0,home,8.5,219.0,350.0,-450.0,2.0,107.5,0.0,1,True,1715.4235516579045,1673.594099040051,1742.3427804130838,1646.6748702848718,41.82945261785335,0.6934792696984551
2019,2019-04-07,True,False,wsh,ny,110,113,23,33,33,21,0,29,23,27,34,0,away,4.0,226.0,-180.0,150.0,1.0,110.5,0.0,0,True,1123.7938714339184,1304.5596154104492,1161.2570933863287,1267.0963934580388,-180.76574397653076,0.3858181303810821
2019,2019-04-07,True,False,utah,lal,109,113,27,32,24,26,0,34,20,27,32,0,away,12.0,216.5,-1100.0,700.0,5.5,111.5,0.0,1,True,1445.856609900569,1751.4166650786083,1500.068559860387,1697.2047151187903,-305.5600551780392,0.23445958225835517
2019,2019-04-07,True,False,orl,bos,116,108,27,21,35,33,0,27,25,26,30,0,home,3.5,218.0,145.0,-170.0,1.0,106.5,0.0,1,False,1677.369745218883,1652.6948819801898,1613.957490857321,1716.1071363417518,24.674863238693206,0.6720973000522642
2019,2019-04-07,True,False,no,sac,133,129,32,34,36,31,0,39,29,34,27,0,home,11.5,232.5,550.0,-800.0,7.0,114.0,0.0,1,False,1426.553868261229,1166.4855269071763,1376.636122766367,1216.4032724020383,260.06834135405256,0.8882232944339973
2019,2019-04-07,True,False,phx,hou,113,149,24,23,30,36,0,34,43,40,32,0,home,18.5,223.0,1800.0,-8000.0,4.5,108.0,1.0,1,True,1885.2161328119355,1215.4814113041905,1886.3354342123462,1214.3621099037796,669.734721507745,0.9882368337981462
2019,2019-04-07,True,False,lac,gs,104,131,28,27,18,31,0,32,30,42,27,0,home,11.5,237.5,650.0,-1000.0,4.0,115.5,1.0,0,True,1748.5285436979261,1558.5677023640476,1768.0622301820429,1539.0340158799308,189.96084133387853,0.8414622980344131
2019,2019-04-07,True,False,dal,mem,129,127,24,28,31,29,17,26,30,32,24,15,home,0.0,214.0,-110.0,-110.0,1.5,105.0,0.0,1,False,1457.1884516924752,1312.5726157168733,1423.2566590384386,1346.50440837091,144.61583597560184,0.8034695558342777
2019,2019-04-07,True,False,cha,det,104,91,32,28,23,21,0,27,15,33,16,0,home,6.5,217.5,225.0,-275.0,8.0,105.5,0.0,0,False,1438.0695021205809,1515.441370683053,1376.2342368702205,1577.2766359334134,-77.37186856247217,0.5325185329388321
2019,2019-04-07,True,False,okc,min,132,126,38,24,33,37,0,31,29,37,29,0,away,6.5,229.0,-300.0,240.0,4.0,111.5,0.0,1,False,1428.860604614529,1488.1755954896673,1381.0602795917214,1535.9759205124749,-59.31499087513839,0.5582842680444577
2019,2019-04-07,True,False,mia,tor,109,117,26,31,22,24,6,25,25,28,25,14,home,5.5,214.5,200.0,-250.0,5.5,105.5,1.0,1,True,1675.0826260771025,1457.1845111260623,1686.0564048055235,1446.2107323976413,217.89811495104027,0.8617579922800465
2019,2019-04-07,True,False,sa,cle,112,90,24,38,17,33,0,24,22,17,27,0,away,8.5,219.5,-425.0,325.0,0.0,107.0,1.0,0,False,1246.9620279891212,1589.179386006238,1219.5463038478877,1616.5951101474716,-342.2173580171168,0.19871975410066273
2019,2019-04-07,True,False,atl,mil,107,115,21,24,27,35,0,28,26,31,30,0,home,11.5,235.0,650.0,-1000.0,4.0,113.5,0.0,0,True,1782.8531569408512,1490.4257549752635,1789.9277949482375,1483.3511169678773,292.4274019655877,0.9054234961806982
2019,2019-04-07,True,False,bkn,ind,108,96,31,21,30,26,0,25,19,25,27,0,home,2.5,220.0,120.0,-140.0,3.5,113.5,0.0,0,False,1526.9888193910426,1512.8248135815404,1453.6957869872278,1586.1178459853552,14.164005809502214,0.6586268203090372
2019,2019-04-09,True,False,por,lal,104,101,26,27,20,31,0,25,23,26,27,0,away,9.5,225.5,-500.0,375.0,4.5,115.5,0.0,0,False,1500.068559860387,1742.3427804130838,1481.4049095398277,1761.0064307336431,-242.27422055269676,0.3059767700267804
2019,2019-04-09,True,False,hou,okc,111,112,32,28,33,18,0,26,25,29,32,0,away,3.0,229.5,-150.0,130.0,1.5,112.5,0.0,0,True,1535.9759205124749,1886.3354342123462,1560.6381507922795,1861.6732039325416,-350.3595136998713,0.1913618790469134
2019,2019-04-09,True,False,den,utah,108,118,21,38,27,22,0,27,33,31,27,0,home,2.0,212.5,110.0,-130.0,1.0,103.5,1.0,1,True,1697.2047151187903,1646.6748702848718,1726.9306460405846,1616.9489393630774,50.52984483391856,0.7040209505141553
2019,2019-04-09,True,False,phx,dal,109,120,18,20,41,30,0,33,35,30,22,0,home,8.5,225.0,300.0,-400.0,3.0,109.5,1.0,1,True,1346.50440837091,1214.3621099037796,1366.6030861173608,1194.2634321573287,132.14229846713033,0.7918838664883385
2019,2019-04-09,True,False,tor,min,120,100,26,43,29,22,0,28,19,31,22,0,away,7.5,227.0,-350.0,275.0,1.5,109.5,1.0,0,False,1381.0602795917214,1686.0564048055235,1349.5741912647457,1717.5424931324992,-304.9961252138021,0.23504274682149137
2019,2019-04-09,True,False,gs,no,112,103,18,38,32,24,0,19,37,23,24,0,away,9.5,235.0,-500.0,375.0,5.0,113.5,0.0,0,False,1216.4032724020383,1768.0622301820429,1209.3983260433272,1775.067176540754,-551.6589577800046,0.06914112612764803
2019,2019-04-09,True,False,phi,mia,99,122,20,22,18,39,0,34,27,30,31,0,home,6.5,219.0,220.0,-270.0,2.0,106.5,1.0,1,True,1446.2107323976413,1540.4778308226353,1514.9743446692842,1471.7142185509924,-94.26709842499395,0.5082495598764099
2019,2019-04-09,True,False,bos,wsh,116,110,25,38,26,27,0,39,25,31,15,0,home,5.0,222.5,170.0,-200.0,3.0,115.0,0.0,1,False,1267.0963934580388,1613.957490857321,1250.4435045693415,1630.6103797460185,-346.86109739928224,0.19449754535384553
2019,2019-04-09,True,False,cha,cle,124,97,33,31,26,34,0,31,25,19,22,0,away,8.5,220.5,-450.0,350.0,2.5,107.5,1.0,1,False,1219.5463038478877,1577.2766359334134,1192.4394587782288,1604.3834810030723,-357.7303320855258,0.18488200792984175
2019,2019-04-09,True,False,mem,det,93,100,32,25,22,14,0,20,18,26,36,0,home,11.5,210.0,750.0,-1200.0,12.5,103.5,0.0,0,True,1376.2342368702205,1423.2566590384386,1415.0598254582078,1384.4310704504512,-47.0224221682181,0.5756554233675407
2019,2019-04-09,True,False,ny,chi,96,86,39,18,17,22,0,24,26,18,18,0,home,2.0,215.0,110.0,-130.0,3.0,105.5,0.0,0,False,1192.1707077058836,1161.2570933863287,1122.5809127637267,1230.8468883284856,30.91361431955488,0.6799624714583845
2019,2019-04-10,True,False,mia,bkn,94,113,23,24,24,23,0,32,31,29,21,0,home,4.5,219.0,170.0,-200.0,2.0,107.5,1.0,0,True,1586.1178459853552,1514.9743446692842,1619.572859606879,1481.5193310477603,71.14350131607102,0.728135066557208
2019,2019-04-10,True,False,det,ny,115,89,36,29,27,23,0,22,19,18,30,0,away,8.5,205.0,-420.0,320.0,0.5,99.5,1.0,0,False,1230.8468883284856,1415.0598254582078,1175.5771031905238,1470.3296105961697,-184.21293712972215,0.38112671575613555
2019,2019-04-10,True,False,utah,lac,137,143,26,40,31,29,11,39,31,32,24,17,home,8.0,225.0,280.0,-360.0,3.5,114.5,0.0,1,True,1539.0340158799308,1726.9306460405846,1592.4491210812164,1673.515540839299,-187.89663016065379,0.3761378631716714
2019,2019-04-10,True,False,sac,por,131,136,39,48,26,18,0,30,32,36,38,0,home,3.0,226.5,130.0,-150.0,6.0,109.5,1.0,1,True,1761.0064307336431,1376.636122766367,1764.3072580287326,1373.3352954712775,384.3703079672762,0.9420380893558921
2019,2019-04-10,True,False,orl,cha,122,114,30,32,35,25,0,25,33,30,26,0,home,4.0,217.5,150.0,-180.0,5.5,106.5,0.0,1,False,1604.3834810030723,1716.1071363417518,1557.6750413603781,1762.815575984446,-111.72365533867946,0.48313470428763977
2019,2019-04-10,True,False,min,den,95,99,21,29,29,16,0,22,29,22,26,0,home,12.5,218.5,700.0,-1100.0,7.5,106.5,0.0,0,True,1616.9489393630774,1349.5741912647457,1622.9649851614301,1343.558145466393,267.3747480983318,0.8923313470705599
2019,2019-04-10,True,False,dal,sa,94,105,16,21,28,29,0,30,27,23,25,0,home,14.5,219.0,900.0,-1600.0,2.0,105.5,0.0,0,True,1616.5951101474716,1366.6030861173608,1626.8873106090007,1356.3108856558317,249.99202403011077,0.8823335303549898
2019,2019-04-10,True,False,okc,mil,127,116,29,39,30,29,0,31,27,31,27,0,away,4.5,227.5,-200.0,170.0,0.5,111.5,1.0,1,False,1789.9277949482375,1560.6381507922795,1712.6025453535324,1637.9634003869846,229.28964415595806,0.8693863131882041
2019,2019-04-10,True,False,gs,mem,117,132,41,27,22,27,0,45,41,28,18,0,away,5.0,214.5,-210.0,175.0,8.0,104.0,0.0,1,True,1384.4310704504512,1775.067176540754,1487.1475180008483,1672.3507289903569,-390.63610609030275,0.15801983239381104
2019,2019-04-10,True,False,ind,atl,135,134,35,38,36,26,0,28,41,34,31,0,home,5.0,225.5,180.0,-220.0,6.0,111.5,0.0,1,False,1483.3511169678773,1453.6957869872278,1463.2573212615791,1473.789582693526,29.655329980649412,0.6783841883144968
2019,2019-04-10,True,False,chi,phi,109,125,20,22,22,45,0,32,30,35,28,0,home,6.0,218.5,200.0,-250.0,3.0,111.0,1.0,1,True,1471.7142185509924,1122.5809127637267,1478.189939672821,1116.105191641898,349.1333057872657,0.9299172643190271
