season,date,regular,playoffs,away_team,home_team,score_away,score_home,q1_away,q2_away,q3_away,q4_away,ot_away,q1_home,q2_home,q3_home,q4_home,ot_home,whos_favored,spread,total,away_ml,home_ml,h2_spread,h2_total,id_spread,id_total,home_won,home_elo_before,away_elo_before,home_elo_after,away_elo_after,elo_diff,elo_prob_home
2017,2016-10-25,True,False,utah,por,104,113,26,20,37,21,0,26,28,23,36,0,home,5.5,192.0,195.0,-235.0,0.0,99.5,1.0,1,True,1650.3596394690537,1505.9867181216218,1667.7784500813673,1488.5679075093083,144.37292134743188,0.8032486572723896
2017,2016-10-25,True,False,sa,gs,129,100,31,33,33,32,0,20,26,31,23,0,home,8.0,212.0,325.0,-400.0,10.5,110.0,0.0,1,False,1817.4098406475605,1721.6494671420073,1714.26020272798,1824.7991050615879,95.76037350555316,0.755264002981035
2017,2016-10-25,True,False,ny,cle,88,117,18,27,19,24,0,28,20,34,35,0,home,9.0,206.0,355.0,-450.0,5.0,103.5,1.0,0,True,1593.7208646457682,1350.255016681388,1608.3583647237976,1335.6175166033586,243.46584796438015,0.8783768465512994
2017,2016-10-26,True,False,mia,orl,108,96,23,27,30,28,0,27,26,16,27,0,home,3.0,200.0,135.0,-155.0,1.0,99.5,0.0,1,False,1465.0257358331887,1592.5857605750034,1413.0636571871507,1644.5478392210414,-127.56002474181469,0.46042091608126734
2017,2016-10-26,True,False,min,mem,98,102,32,27,16,23,0,29,21,26,26,0,away,1.5,199.0,-120.0,100.0,2.0,100.0,0.0,1,True,1387.3483518443109,1419.5351730240905,1415.9314951124018,1390.9520297559995,-32.1868211797796,0.5963703306366537
2017,2016-10-26,True,False,den,no,107,102,30,30,25,22,0,24,24,29,25,0,home,1.5,206.0,105.0,-125.0,3.5,101.0,0.0,1,False,1275.827414662733,1376.8205863686396,1236.5213874834587,1416.1266135479138,-100.99317170590666,0.4985707149151143
2017,2016-10-26,True,False,okc,phi,103,97,23,28,18,34,0,24,27,24,22,0,away,9.0,209.5,-460.0,365.0,6.0,104.0,0.0,0,False,1167.798361194998,1652.5631537339536,1159.3714800457876,1660.990034883164,-484.7647925389556,0.09842182395286804
2017,2016-10-26,True,False,hou,lal,114,120,38,33,25,18,0,38,25,27,30,0,away,6.0,225.0,-260.0,210.0,1.5,115.0,0.0,1,True,1274.843383832575,1591.643069641773,1341.3661650057695,1525.1202884685786,-316.7996858091981,0.2230466596652201
2017,2016-10-26,True,False,sac,phx,113,94,30,27,27,29,0,19,19,29,27,0,home,3.0,211.5,130.0,-150.0,6.5,107.0,0.0,0,False,1390.5051068571647,1432.3137426135047,1313.6625736595881,1509.1562758110813,-41.80863575633998,0.5829697214444208
2017,2016-10-26,True,False,cha,mil,107,96,32,24,27,24,0,24,17,25,30,0,away,1.5,195.0,-120.0,100.0,3.5,97.0,1.0,1,False,1330.5346761484889,1618.9142677528746,1302.9083123288078,1646.5406315725556,-288.3795916043857,0.25267424232870767
2017,2016-10-26,True,False,dal,ind,121,130,21,31,33,30,6,33,26,35,21,15,home,5.5,204.5,185.0,-215.0,1.0,103.5,1.0,1,True,1545.628875793538,1576.819122975211,1586.3822816747536,1536.0657170939955,-31.19024718167293,0.5977504706141953
2017,2016-10-26,True,False,bkn,bos,117,122,31,27,23,36,0,33,31,33,25,0,home,11.5,212.5,601.0,-902.0,5.0,109.0,0.0,1,True,1564.4882384751531,1231.3460835963874,1569.0018061173303,1226.8325159542103,333.1421548787657,0.9236754887631672
2017,2016-10-26,True,False,det,tor,91,109,23,23,25,20,0,33,25,28,23,0,home,6.0,197.0,210.0,-260.0,0.5,98.0,1.0,1,True,1667.6344493492886,1551.0091970517879,1693.5334074008647,1525.1102390002118,116.62525229750077,0.7767792811125972
2017,2016-10-27,True,False,wsh,atl,99,114,27,29,24,19,0,29,28,24,33,0,home,3.5,201.5,155.0,-175.0,2.0,101.0,1.0,1,True,1600.723814190423,1587.1910419374228,1641.911600766866,1546.0032553609797,13.532772253000076,0.657809364084575
2017,2016-10-27,True,False,bos,chi,99,105,20,29,24,26,0,30,27,22,26,0,home,1.0,208.5,-105.0,-115.0,2.0,106.5,1.0,0,True,1434.9985990466994,1569.0018061173303,1481.9850746385412,1522.0153305254885,-134.00320707063088,0.4512210927171774
2017,2016-10-27,True,False,lac,por,114,106,28,30,24,32,0,27,22,33,24,0,away,2.5,210.0,-140.0,120.0,2.0,105.5,1.0,1,False,1667.7784500813673,1624.5202467933896,1603.3525440455396,1688.9461528292172,43.25820328797772,0.6952247401461499
2017,2016-10-27,True,False,sa,sac,102,94,27,26,23,26,0,29,28,14,23,0,away,7.5,203.0,-360.0,295.0,7.5,107.5,1.0,0,False,1509.1562758110813,1824.7991050615879,1487.480820128873,1846.4745607437962,-315.64282925050657,0.22420284110179134
2017,2016-10-28,True,False,lal,utah,89,96,27,16,22,24,0,28,20,17,31,0,home,9.0,202.0,370.0,-465.0,4.0,100.0,0.0,0,True,1488.5679075093083,1341.3661650057695,1504.0556319153263,1325.8784405997515,147.20174250353875,0.8058094830896795
2017,2016-10-28,True,False,orl,det,82,108,22,9,20,31,0,24,30,32,22,0,home,4.0,195.0,160.0,-180.0,4.0,96.0,1.0,0,True,1525.1102390002118,1413.0636571871507,1554.8197267774362,1383.3541694099263,112.04658181306104,0.7721758493208298
2017,2016-10-28,True,False,phx,okc,110,113,40,13,30,19,8,25,24,28,25,11,home,7.5,209.0,280.0,-345.0,7.5,107.0,0.0,1,True,1660.990034883164,1313.6625736595881,1664.193667443417,1310.458941099335,347.32746122357594,0.9292367570770742
2017,2016-10-28,True,False,cha,mia,97,91,21,25,27,24,0,23,34,20,14,0,away,1.5,197.0,-120.0,100.0,4.0,97.5,1.0,0,False,1644.5478392210414,1646.5406315725556,1589.972083299738,1701.116387493859,-1.9927923515142538,0.6374179659439542
2017,2016-10-28,True,False,cle,tor,94,91,28,22,21,23,0,23,17,27,24,0,away,2.5,205.5,-145.0,125.0,2.0,100.5,1.0,0,False,1693.5334074008647,1608.3583647237976,1651.7234211936134,1650.168350931049,85.17504267706704,0.743826571025083
2017,2016-10-28,True,False,ind,bkn,94,103,27,21,31,15,0,20,32,20,31,0,away,5.5,218.5,-230.0,190.0,6.5,109.5,0.0,0,True,1226.8325159542103,1586.3822816747536,1309.5745540479465,1503.6402435810173,-359.5497657205433,0.18330885078322026
2017,2016-10-28,True,False,hou,dal,106,98,24,28,25,29,0,24,26,17,31,0,away,2.0,218.5,-130.0,110.0,1.0,107.0,1.0,0,False,1536.0657170939955,1525.1202884685786,1473.480005888696,1587.705999673878,10.94542862541698,0.65444895690939
2017,2016-10-28,True,False,gs,no,122,114,32,27,33,30,0,22,28,31,33,0,away,12.5,223.5,-1000.0,700.0,5.0,110.5,0.0,1,False,1236.5213874834587,1714.26020272798,1226.6535306282049,1724.1280595832338,-477.7388152445212,0.102069436277165
2017,2016-10-29,True,False,bos,cha,104,98,28,16,27,33,0,19,22,31,26,0,away,2.5,202.5,-145.0,125.0,1.0,103.0,1.0,0,False,1701.116387493859,1522.0153305254885,1640.6324502429452,1582.4992677764023,179.10105696837059,0.8329436529036358
2017,2016-10-29,True,False,atl,phi,104,72,29,24,21,30,0,24,15,19,14,0,away,7.5,202.0,-370.0,285.0,0.5,103.0,1.0,0,False,1159.3714800457876,1641.911600766866,1144.053917040394,1657.2291637722597,-482.54012072107844,0.0995640437839513
2017,2016-10-29,True,False,ind,chi,101,118,20,21,26,34,0,24,38,30,26,0,home,3.5,209.5,145.0,-165.0,4.5,103.5,1.0,1,True,1481.9850746385412,1503.6402435810173,1531.4726540941622,1454.1526641253963,-21.655168942476166,0.6108743756480886
2017,2016-10-29,True,False,por,den,115,113,33,29,19,23,11,28,26,34,16,9,away,1.0,211.5,-125.0,105.0,1.5,104.5,1.0,1,False,1416.1266135479138,1603.3525440455396,1397.9006925860772,1621.5784650073763,-187.22593049762577,0.37704427729236645
2017,2016-10-29,True,False,no,sa,79,98,23,22,15,19,0,28,27,28,15,0,home,14.0,204.0,900.0,-1900.0,5.5,100.0,1.0,0,True,1846.4745607437962,1226.6535306282049,1847.7454273081223,1225.3826640638788,619.8210301155914,0.9843825072758967
2017,2016-10-29,True,False,min,sac,103,106,34,31,12,26,0,25,29,31,21,0,home,0.0,203.0,-110.0,-110.0,3.5,101.0,1.0,1,True,1487.480820128873,1390.9520297559995,1501.049396011202,1377.3834538736705,96.52879037287335,0.7560806952068554
2017,2016-10-29,True,False,mem,ny,104,111,19,30,28,27,0,32,25,25,29,0,home,3.0,198.5,135.0,-155.0,1.0,100.0,1.0,1,True,1335.6175166033586,1415.9314951124018,1378.775893150005,1372.7731185657553,-80.31397850904318,0.52830018320708
2017,2016-10-29,True,False,orl,cle,99,105,20,25,17,37,0,33,29,18,25,0,home,11.0,204.5,500.0,-800.0,1.5,101.0,0.0,0,True,1650.168350931049,1383.3541694099263,1657.4663219278166,1376.0561984131587,266.8141815211227,0.8920209281978677
2017,2016-10-29,True,False,bkn,mil,108,110,18,23,32,35,0,24,22,34,30,0,home,8.0,205.0,280.0,-360.0,3.5,104.0,0.0,1,True,1302.9083123288078,1309.5745540479465,1320.736793664974,1291.7460727117805,-6.666241719138725,0.6311776576508467
2017,2016-10-30,True,False,wsh,mem,103,112,22,32,23,23,3,27,31,20,22,12,away,3.5,204.5,-160.0,140.0,3.5,102.5,0.0,1,True,1372.7731185657553,1546.0032553609797,1433.9517539485607,1484.8246199781743,-173.23013679522433,0.39614673279264934
2017,2016-10-30,True,False,dal,hou,92,93,25,28,17,22,0,34,29,17,13,0,home,6.0,213.5,200.0,-240.0,0.5,107.5,0.0,0,True,1587.705999673878,1473.480005888696,1593.8817735978314,1467.3042319647427,114.22599378518203,0.7743753540242287
2017,2016-10-30,True,False,sa,mia,106,99,24,28,25,29,0,19,25,28,27,0,away,6.5,194.0,-290.0,230.0,1.5,102.0,1.0,1,False,1589.972083299738,1847.7454273081223,1563.6795032744626,1874.0380073333977,-257.77334400838436,0.28736496071697815
2017,2016-10-30,True,False,utah,lac,75,88,22,13,21,19,0,19,23,27,19,0,home,7.5,189.0,295.0,-360.0,1.5,98.5,1.0,0,True,1688.9461528292172,1504.0556319153263,1704.8681375020096,1488.133647242534,184.8905209138909,0.8375297213032585
2017,2016-10-30,True,False,gs,phx,106,100,22,33,26,25,0,30,27,21,22,0,away,11.5,227.0,-791.0,570.0,9.0,113.0,0.0,0,False,1310.458941099335,1724.1280595832338,1298.372150450598,1736.214850231971,-413.6691184838987,0.14116776543082457
2017,2016-10-30,True,False,mil,det,83,98,21,18,26,18,0,24,26,25,23,0,home,7.0,197.5,250.0,-315.0,0.5,97.0,1.0,0,True,1554.8197267774362,1320.736793664974,1567.424811691063,1308.131708751347,234.08293311246234,0.8724877253655426
2017,2016-10-30,True,False,lal,okc,96,113,24,22,25,25,0,30,28,19,36,0,home,8.5,216.0,355.0,-450.0,1.0,107.0,1.0,0,True,1664.193667443417,1325.8784405997515,1671.2495758271555,1318.822532216013,338.31522684366564,0.9257485445712706
2017,2016-10-31,True,False,den,tor,102,105,24,25,35,18,0,33,29,26,17,0,home,6.5,206.5,230.0,-290.0,0.5,102.0,0.0,1,True,1651.7234211936134,1397.9006925860772,1657.3373114649341,1392.2868023147564,253.8227286075362,0.8846036891996165
2017,2016-10-31,True,False,chi,bkn,118,88,38,27,28,25,0,20,24,22,22,0,away,6.0,209.5,-245.0,205.0,3.0,104.0,1.0,0,False,1291.7460727117805,1531.4726540941622,1245.0424928871214,1578.1762339188213,-239.7265813823817,0.3090998692798333
2017,2016-10-31,True,False,sac,atl,95,106,15,29,37,14,0,22,31,26,27,0,home,7.5,203.0,250.0,-310.0,1.0,101.5,1.0,0,True,1657.2291637722597,1501.049396011202,1674.8403722771357,1483.438187506326,156.17976776105775,0.8137690882957478
2017,2016-10-31,True,False,phx,lac,98,116,24,12,34,28,0,24,24,34,34,0,home,12.5,204.5,750.0,-1150.0,4.0,104.5,1.0,1,True,1704.8681375020096,1298.372150450598,1709.60145956551,1293.6388283870976,406.4959870514117,0.948613466892862
2017,2016-11-01,True,False,lal,ind,108,115,18,33,28,29,0,27,35,22,31,0,home,9.0,213.5,355.0,-450.0,1.5,105.0,0.0,1,True,1454.1526641253963,1318.822532216013,1470.6821742961456,1302.2930220452638,135.33013190938323,0.7948919262214927
2017,2016-11-01,True,False,mil,no,117,113,29,34,21,33,0,32,22,32,27,0,home,3.5,204.5,145.0,-165.0,4.5,101.0,0.0,1,False,1225.3826640638788,1308.131708751347,1188.2184049465197,1345.2959678687062,-82.74904468746831,0.5248057387872902
2017,2016-11-01,True,False,gs,por,127,104,34,25,41,27,0,25,28,20,31,0,away,5.5,225.5,-240.0,200.0,2.5,113.0,1.0,1,False,1621.5784650073763,1736.214850231971,1554.6049340447248,1803.1883811946225,-114.63638522459473,0.47894899990727136
2017,2016-11-01,True,False,utah,sa,106,91,38,16,19,33,0,28,22,21,20,0,home,9.5,186.0,435.0,-575.0,9.0,99.0,0.0,1,False,1874.0380073333977,1488.133647242534,1791.0730488864517,1571.0986056894799,385.90436009086375,0.9425183889114668
2017,2016-11-01,True,False,ny,det,89,102,29,26,24,10,0,32,32,22,16,0,home,4.0,203.0,150.0,-170.0,0.5,101.0,1.0,0,True,1567.424811691063,1378.775893150005,1583.0109540738429,1363.1897507672252,188.64891854105804,0.8404522302888582
2017,2016-11-01,True,False,orl,phi,103,101,24,19,41,19,0,29,28,30,14,0,away,5.0,198.5,-202.0,172.0,7.0,99.0,0.0,1,False,1144.053917040394,1376.0561984131587,1128.6494899604982,1391.4606254930545,-232.00228137276463,0.31867531345077144
2017,2016-11-01,True,False,sac,mia,96,108,26,24,17,24,5,28,26,19,18,17,home,3.5,199.5,145.0,-165.0,1.0,99.0,1.0,1,True,1563.6795032744626,1483.438187506326,1591.0124108795019,1456.1052799012866,80.2413157681367,0.7383774672946999
2017,2016-11-01,True,False,hou,cle,120,128,35,24,25,36,0,29,34,22,43,0,home,9.5,217.0,420.0,-540.0,5.0,108.5,0.0,1,True,1657.4663219278166,1593.8817735978314,1682.9690254981956,1568.3790700274524,63.58454832998518,0.719436534349715
2017,2016-11-01,True,False,mem,min,80,116,16,20,23,21,0,29,33,35,19,0,home,7.5,197.5,285.0,-350.0,2.5,97.0,1.0,0,True,1377.3834538736705,1433.9517539485607,1446.9445144658441,1364.3906933563871,-56.5683000748902,0.5621796912799442
2017,2016-11-02,True,False,lal,atl,123,116,28,23,39,33,0,37,23,34,22,0,home,12.0,205.0,750.0,-1150.0,4.5,102.0,0.0,1,False,1674.8403722771357,1302.2930220452638,1612.2984420386385,1364.834952283761,372.54735023187186,0.9382081996825037
2017,2016-11-02,True,False,det,bkn,101,109,30,25,26,20,0,38,33,21,17,0,away,4.0,205.0,-170.0,150.0,7.0,101.0,0.0,1,True,1245.0424928871214,1583.0109540738429,1322.129276498267,1505.9241704626972,-337.96846118672147,0.20264301934818713
2017,2016-11-02,True,False,tor,wsh,113,103,27,27,30,29,0,29,27,19,28,0,home,1.5,205.5,105.0,-125.0,0.0,102.0,0.0,1,False,1484.8246199781743,1657.3373114649341,1442.9239314570907,1699.2379999860177,-172.51269148675988,0.3971350985515895
2017,2016-11-02,True,False,hou,ny,118,99,33,35,32,18,0,25,26,27,21,0,home,1.0,219.0,-105.0,-115.0,5.0,108.0,0.0,0,False,1363.1897507672252,1568.3790700274524,1316.6492035954282,1614.9196171992494,-205.1893192602272,0.35308218888167925
2017,2016-11-02,True,False,phi,cha,93,109,26,27,20,20,0,26,20,39,24,0,home,12.5,197.0,850.0,-1350.0,11.5,98.5,1.0,1,True,1640.6324502429452,1128.6494899604982,1642.996164552362,1126.2857756510814,511.98296028244704,0.9713311728607351
2017,2016-11-02,True,False,okc,lac,85,83,23,26,16,20,0,24,17,25,17,0,home,7.0,209.0,240.0,-300.0,6.5,105.0,0.0,0,False,1709.60145956551,1671.2495758271555,1677.5164151569656,1703.3346202356997,38.351883738354445,0.6892076205649665
2017,2016-11-02,True,False,dal,utah,81,97,14,19,26,22,0,15,26,25,31,0,home,3.0,186.5,140.0,-160.0,1.5,93.0,1.0,0,True,1571.0986056894799,1467.3042319647427,1597.7848208631815,1440.618016791041,103.79437372473717,0.7637111631685934
2017,2016-11-02,True,False,por,phx,115,118,28,25,20,30,12,28,29,19,27,15,away,2.5,216.5,-150.0,130.0,3.0,110.0,0.0,1,True,1293.6388283870976,1554.6049340447248,1337.3360720277974,1510.907690404025,-260.96610565762717,0.28361594658006484
2017,2016-11-02,True,False,chi,bos,100,107,25,27,18,30,0,36,19,26,26,0,home,3.0,207.0,144.0,-164.0,1.0,102.5,1.0,2,True,1582.4992677764023,1578.1762339188213,1614.7694623435993,1545.9060393516243,4.323033857581095,0.6457779314422846
2017,2016-11-02,True,False,no,mem,83,89,13,35,11,16,8,21,20,25,9,14,home,5.0,207.5,175.0,-205.0,5.0,104.0,1.0,0,True,1364.3906933563871,1188.2184049465197,1376.7233779578833,1175.8857203450236,176.1722884098674,0.8305845131714649
2017,2016-11-03,True,False,ind,mil,107,125,30,27,22,28,0,29,34,27,35,0,away,2.5,210.5,-145.0,125.0,3.5,103.5,0.0,1,True,1345.2959678687062,1470.6821742961456,1414.798353644672,1401.1797885201797,-125.38620642743945,0.46353118950569105
2017,2016-11-03,True,False,den,min,102,99,25,30,33,14,0,37,24,14,24,0,home,3.0,204.5,145.0,-165.0,0.0,100.0,0.0,0,False,1446.9445144658441,1392.2868023147564,1405.94194021529,1433.2893765653105,54.65771215108771,0.7089482312147752
2017,2016-11-03,True,False,okc,gs,96,122,32,11,27,26,0,31,37,30,24,0,home,12.0,223.0,525.0,-850.0,0.5,107.5,1.0,0,True,1803.1883811946225,1703.3346202356997,1834.8862544873286,1671.6367469429936,99.85376095892275,0.759593234429491
2017,2016-11-03,True,False,sac,orl,94,102,29,21,28,16,0,23,33,28,18,0,home,0.0,198.0,-120.0,100.0,2.0,98.5,1.0,0,True,1391.4606254930545,1456.1052799012866,1434.8974629959703,1412.6684423983709,-64.6446544082321,0.5507055298207993
2017,2016-11-03,True,False,bos,cle,122,128,25,26,32,39,0,36,32,32,28,0,home,10.5,207.0,450.0,-700.0,1.0,107.0,0.0,1,True,1682.9690254981956,1614.7694623435993,1705.0299059969363,1592.7085818448586,68.19956315459626,0.7247674597387923
2017,2016-11-04,True,False,lac,mem,99,88,23,30,23,23,0,20,15,22,31,0,away,5.5,197.5,-235.0,195.0,2.0,97.0,1.0,0,False,1376.7233779578833,1677.5164151569656,1350.5460922899836,1703.6937008248653,-300.7930371990824,0.23942078898007735
2017,2016-11-04,True,False,sa,utah,100,86,27,26,29,18,0,17,24,25,20,0,away,3.5,183.5,-165.0,145.0,2.0,97.0,1.0,1,False,1597.7848208631815,1791.0730488864517,1553.8308162113592,1835.027053538274,-193.28822802327022,0.36888335776463604
2017,2016-11-04,True,False,por,dal,105,95,26,29,24,26,0,26,26,24,19,0,away,2.0,208.0,-135.0,115.0,0.0,103.5,1.0,0,False,1440.618016791041,1510.907690404025,1383.3641476232406,1568.1615595718256,-70.28967361298396,0.5426526813031539
2017,2016-11-04,True,False,phx,no,112,111,30,28,23,21,10,29,32,18,23,9,home,2.5,210.5,125.0,-145.0,0.5,109.5,0.0,1,False,1175.8857203450236,1337.3360720277974,1163.3058131348262,1349.9159792379949,-161.45035168277377,0.4124765851589782
2017,2016-11-04,True,False,gs,lal,97,117,15,34,33,15,0,24,41,28,24,0,away,11.5,228.5,-900.0,600.0,13.5,115.0,0.0,0,True,1364.834952283761,1834.8862544873286,1484.5678587909842,1715.1533479801053,-470.05130220356773,0.10619728503182822
2017,2016-11-04,True,False,mia,tor,87,96,27,19,26,15,0,25,27,23,21,0,home,7.0,202.0,240.0,-300.0,2.0,101.0,1.0,0,True,1699.2379999860177,1591.0124108795019,1720.4214938771315,1569.828916988388,108.22558910651583,0.7682832649481739
2017,2016-11-04,True,False,atl,wsh,92,95,19,16,28,29,0,19,29,23,24,0,home,1.5,205.0,100.0,-120.0,4.0,105.5,1.0,0,True,1442.9239314570907,1612.2984420386385,1479.4325535434928,1575.7898199522365,-169.37451058154784,0.40146809052566346
2017,2016-11-04,True,False,ny,chi,117,104,32,24,28,33,0,23,34,24,23,0,home,7.5,210.0,255.0,-320.0,5.0,105.0,0.0,1,False,1545.9060393516243,1316.6492035954282,1463.783767742312,1398.7714752047405,229.2568357561961,0.8693648658929856
2017,2016-11-04,True,False,cha,bkn,99,95,23,20,30,26,0,23,27,20,25,0,away,6.5,203.0,-275.0,225.0,7.0,100.5,0.0,0,False,1322.129276498267,1642.996164552362,1306.619625570702,1658.505815479927,-320.86688805409494,0.21901563509366
2017,2016-11-05,True,False,min,okc,92,112,25,28,19,20,0,32,27,31,22,0,home,4.5,209.5,170.0,-200.0,0.5,103.0,1.0,0,True,1671.6367469429936,1405.94194021529,1683.1309229166443,1394.4477642416393,265.6948067277035,0.8913987098958411
2017,2016-11-05,True,False,den,det,86,103,12,32,23,19,0,29,22,26,26,0,home,4.5,201.0,170.0,-200.0,0.0,97.5,1.0,0,True,1505.9241704626972,1433.2893765653105,1537.9565996725632,1401.2569473554445,72.63479389738677,0.7298310879459142
2017,2016-11-05,True,False,cle,phi,102,101,34,23,25,20,0,19,27,34,21,0,away,12.0,210.0,-1000.0,700.0,3.0,103.5,0.0,0,False,1126.2857756510814,1705.0299059969363,1124.4633137481753,1706.8523678998424,-578.744130345855,0.05975583521663215
2017,2016-11-05,True,False,wsh,orl,86,88,24,26,20,16,0,20,20,21,27,0,home,6.5,201.0,220.0,-270.0,6.5,99.0,0.0,0,True,1434.8974629959703,1479.4325535434928,1455.2409456771825,1459.0890708622806,-44.535090547522486,0.579149183121751
2017,2016-11-05,True,False,chi,ind,94,111,15,28,21,30,0,31,31,26,23,0,home,3.5,209.5,145.0,-165.0,3.5,103.0,1.0,0,True,1401.1797885201797,1463.783767742312,1457.9500005116238,1407.013555750868,-62.60397922213224,0.5536103315464972
2017,2016-11-05,True,False,hou,atl,97,112,30,29,25,13,0,30,35,28,19,0,home,3.5,218.0,135.0,-155.0,0.0,107.5,1.0,0,True,1575.7898199522365,1614.9196171992494,1626.208209538089,1564.5012276133968,-39.1297972470129,0.5867138600845618
2017,2016-11-05,True,False,sac,mil,91,117,24,24,15,28,0,34,27,29,27,0,home,3.5,202.5,145.0,-165.0,2.5,98.5,1.0,1,True,1414.798353644672,1412.6684423983709,1466.475999644887,1360.990796398156,2.1299112463011625,0.6428847767577949
2017,2016-11-05,True,False,lac,sa,116,92,39,34,16,27,0,24,31,17,20,0,home,4.5,197.5,170.0,-200.0,7.5,99.5,0.0,1,False,1835.027053538274,1703.6937008248653,1735.9880777406095,1802.7326766225299,131.33335271340866,0.7911153870499164
2017,2016-11-06,True,False,den,bos,123,107,42,35,26,20,0,23,29,31,24,0,home,7.0,212.5,270.0,-330.0,9.0,105.0,0.0,1,False,1592.7085818448586,1401.2569473554445,1504.5470885266848,1489.4184406736183,191.45163448941412,0.8426037743049287
2017,2016-11-06,True,False,mil,dal,75,86,27,12,17,18,1,19,28,12,15,12,home,3.0,199.5,135.0,-155.0,1.5,97.5,1.0,0,True,1383.3641476232406,1466.475999644887,1435.3768853940383,1414.4632618740893,-83.11185202164643,0.5242848753654826
2017,2016-11-06,True,False,phx,lal,108,119,15,28,33,32,0,23,31,29,36,0,home,4.0,216.0,155.0,-175.0,1.5,113.0,1.0,1,True,1484.5678587909842,1349.9159792379949,1504.3936339757543,1330.0902040532249,134.65187955298939,0.7942546354726187
2017,2016-11-06,True,False,por,mem,100,94,25,22,29,24,0,22,29,26,17,0,home,0.0,204.5,-110.0,-110.0,1.0,101.5,0.0,0,False,1350.5460922899836,1568.1615595718256,1321.6989655656566,1597.0086862961525,-217.61546728184203,0.33692024104003865
2017,2016-11-06,True,False,sac,tor,96,91,20,24,24,28,0,23,27,16,25,0,home,7.0,197.5,270.0,-330.0,2.0,101.0,0.0,0,False,1720.4214938771315,1360.990796398156,1666.2744305914032,1415.1378596838842,359.4306974789756,0.9336833085164074
2017,2016-11-06,True,False,utah,ny,114,109,20,29,29,36,0,30,24,26,29,0,away,2.5,193.0,-140.0,120.0,2.5,101.5,1.0,1,False,1398.7714752047405,1553.8308162113592,1365.5478145402528,1587.0544768758468,-155.05934100661875,0.4214199561314359
2017,2016-11-07,True,False,ind,cha,100,122,34,21,23,22,0,43,32,24,23,0,home,2.5,205.0,120.0,-140.0,5.0,101.0,1.0,1,True,1658.505815479927,1457.9500005116238,1675.808537944945,1440.6472780466056,200.55581496830314,0.8494301156110896
2017,2016-11-07,True,False,hou,wsh,114,106,23,33,28,30,0,30,17,36,23,0,home,0.0,220.5,-105.0,-115.0,3.0,108.0,0.0,0,False,1459.0890708622806,1564.5012276133968,1411.503066175807,1612.0872322998705,-105.4121567511163,0.4922119102735995
2017,2016-11-07,True,False,utah,phi,109,84,30,22,25,32,0,24,19,18,23,0,away,5.0,189.5,-200.0,170.0,0.0,98.5,1.0,1,False,1124.4633137481753,1587.0544768758468,1108.644958388275,1602.8728322357472,-462.5911631276715,0.11034297853546272
2017,2016-11-07,True,False,mia,okc,85,97,28,19,14,24,0,39,16,28,14,0,home,5.5,203.0,190.0,-230.0,1.0,99.0,1.0,0,True,1683.1309229166443,1569.828916988388,1706.0973124531768,1546.8625274518556,113.30200592825622,0.7734446892899441
2017,2016-11-07,True,False,orl,chi,80,112,24,28,11,17,0,37,24,27,24,0,home,7.0,198.5,240.0,-300.0,1.5,98.0,1.0,0,True,1407.013555750868,1455.2409456771825,1472.5582235774716,1389.6962778505788,-48.22738992631457,0.5739601544322301
2017,2016-11-07,True,False,det,lac,82,114,15,17,21,29,0,33,29,29,23,0,home,8.0,196.5,305.0,-375.0,3.0,96.5,1.0,0,True,1802.7326766225299,1537.9565996725632,1816.0052546701447,1524.6840216249484,264.77607694996664,0.8908856720925864
2017,2016-11-07,True,False,no,gs,106,116,24,25,29,28,0,28,35,21,32,0,home,16.5,220.5,1700.0,-5000.0,6.0,107.5,0.0,1,True,1715.1533479801053,1163.3058131348262,1716.711977538063,1161.7471835768686,551.8475348452791,0.9770750144484482
2017,2016-11-08,True,False,no,sac,94,102,26,20,24,24,0,33,20,23,26,0,home,6.5,205.0,240.0,-280.0,3.5,101.5,1.0,0,True,1415.1378596838842,1161.7471835768686,1424.058333866726,1152.826709394027,253.39067610701568,0.8843495636748215
2017,2016-11-08,True,False,dal,lal,109,97,25,33,25,26,0,27,27,23,20,0,home,4.5,203.5,165.0,-185.0,5.5,101.0,0.0,1,False,1504.3936339757543,1435.3768853940383,1427.779838079641,1511.9906812901515,69.016748581716,0.7257048383210578
2017,2016-11-08,True,False,min,bkn,110,119,33,32,19,26,0,33,33,22,31,0,away,4.5,208.0,-185.0,165.0,4.0,103.5,0.0,1,True,1306.619625570702,1394.4477642416393,1355.5025391721015,1345.56485064024,-87.82813867093728,0.5175095537172469
2017,2016-11-08,True,False,phx,por,121,124,25,30,27,39,0,42,21,26,35,0,home,8.5,220.0,330.0,-400.0,2.0,115.5,0.0,1,True,1597.0086862961525,1330.0902040532249,1602.2046540559675,1324.89423629341,266.91848224292767,0.8920787451806216
2017,2016-11-08,True,False,den,mem,107,108,26,30,20,31,0,26,30,23,29,0,home,3.5,202.0,145.0,-165.0,2.5,98.0,0.0,1,True,1321.6989655656566,1489.4184406736183,1339.883391592542,1471.234014646733,-167.71947510796167,0.4037595170363669
2017,2016-11-08,True,False,atl,cle,110,106,20,33,31,26,0,20,22,37,27,0,home,7.5,208.0,300.0,-360.0,7.5,108.5,0.0,1,False,1706.8523678998424,1626.208209538089,1658.4367047059693,1674.6238727319621,80.6441583617534,0.7388251851985892
2017,2016-11-09,True,False,det,phx,100,107,28,23,25,24,0,19,35,27,26,0,away,4.5,206.0,-180.0,160.0,5.5,103.5,0.0,1,True,1324.89423629341,1524.6840216249484,1383.4317455666676,1466.1465123516907,-199.7897853315385,0.3602138307990862
2017,2016-11-09,True,False,tor,okc,112,102,20,42,26,24,0,27,28,20,27,0,home,3.5,203.5,135.0,-155.0,4.0,101.0,0.0,1,False,1706.0973124531768,1666.2744305914032,1635.98194817887,1736.38979486571,39.82288186177357,0.6910185036166574
2017,2016-11-09,True,False,por,lac,80,111,16,16,18,30,0,36,25,32,18,0,home,10.5,210.0,500.0,-700.0,0.5,102.0,1.0,0,True,1816.0052546701447,1602.2046540559675,1833.7289394034178,1584.4809693226944,213.80060061417726,0.8589239723755714
2017,2016-11-09,True,False,chi,atl,107,115,27,34,27,19,0,35,33,26,21,0,home,3.5,203.0,140.0,-160.0,0.0,100.0,1.0,1,True,1674.6238727319621,1472.5582235774716,1686.6445438376857,1460.537552471748,202.06564915449053,0.8505383485207753
2017,2016-11-09,True,False,dal,gs,95,116,15,21,32,27,0,34,33,17,32,0,home,18.5,206.0,1900.0,-9000.0,4.0,99.0,1.0,1,True,1716.711977538063,1511.9906812901515,1733.3670905222664,1495.335568305948,204.72129624791137,0.852471296964987
2017,2016-11-09,True,False,bkn,ny,96,110,29,26,16,25,0,19,31,22,38,0,home,8.0,215.0,300.0,-360.0,7.0,106.0,1.0,0,True,1365.5478145402528,1355.5025391721015,1406.4505351653615,1314.5998185469928,10.045275368151351,0.6532762030284291
2017,2016-11-09,True,False,utah,cha,98,104,32,26,20,20,0,24,27,25,28,0,home,3.0,193.0,130.0,-150.0,3.5,100.5,1.0,1,True,1675.808537944945,1602.8728322357472,1697.340716371877,1581.3406538088152,72.93570570919792,0.7301725006632687
2017,2016-11-09,True,False,phi,ind,115,122,26,34,24,25,6,31,23,30,25,13,home,11.5,213.0,650.0,-1000.0,10.0,103.5,0.0,1,True,1440.6472780466056,1108.644958388275,1445.9218822593953,1103.3703541754853,332.00231965833063,0.9232116269299366
2017,2016-11-09,True,False,min,orl,123,107,39,35,23,26,0,17,30,30,30,0,home,2.5,201.5,120.0,-140.0,7.5,95.5,0.0,1,False,1389.6962778505788,1345.56485064024,1306.5646687935946,1428.696459697224,44.13142721033887,0.6962887835873609
2017,2016-11-09,True,False,bos,wsh,93,118,8,35,26,24,0,34,24,31,29,0,home,1.5,213.0,105.0,-125.0,4.5,110.0,1.0,0,True,1411.503066175807,1504.5470885266848,1481.7463202383333,1434.3038344641584,-93.04402235087787,0.51000911922039
2017,2016-11-09,True,False,hou,sa,101,99,33,30,22,16,0,24,36,20,19,0,home,8.5,211.5,350.0,-420.0,7.5,103.5,0.0,0,False,1735.9880777406095,1612.0872322998705,1702.2701101633893,1645.8051998770907,123.90084544073898,0.7839570275375536
2017,2016-11-10,True,False,no,mil,112,106,26,35,27,24,0,27,27,27,25,0,home,5.0,207.0,175.0,-205.0,4.5,101.0,0.0,1,False,1414.4632618740893,1152.826709394027,1354.1240231887734,1213.1659480793428,261.6365524800624,0.8891164176401044
2017,2016-11-10,True,False,chi,mia,98,95,23,30,17,28,0,22,31,17,25,0,home,1.0,201.0,-103.0,-117.0,0.0,98.0,0.0,0,False,1546.8625274518556,1460.537552471748,1505.0260894358648,1502.3739904877389,86.32497498010753,0.7450858784464749
2017,2016-11-10,True,False,gs,den,125,101,38,27,34,26,0,19,32,24,26,0,away,6.5,223.0,-270.0,220.0,0.5,107.0,1.0,1,False,1471.234014646733,1733.3670905222664,1431.2583623232683,1773.342742845731,-262.13307587553345,0.28225306045883675
2017,2016-11-10,True,False,lal,sac,101,91,16,29,25,31,0,30,25,18,18,0,home,5.5,211.0,185.0,-215.0,1.0,104.5,0.0,0,False,1424.058333866726,1427.779838079641,1357.0490133546643,1494.7891585917025,-3.721504212915079,0.6351149359286092
2017,2016-11-11,True,False,ny,bos,87,115,27,24,22,14,0,31,30,25,29,0,home,4.5,214.0,160.0,-180.0,0.0,105.5,1.0,0,True,1434.3038344641584,1406.4505351653615,1480.990329978235,1359.764039651285,27.853299298796856,0.6761167709688517
2017,2016-11-11,True,False,sac,por,120,122,29,28,26,23,14,35,27,22,22,16,home,6.5,208.0,270.0,-340.0,2.5,104.0,0.0,1,True,1584.4809693226944,1357.0490133546643,1589.6728318691667,1351.857150808192,227.43195596803002,0.8681671979553859
2017,2016-11-11,True,False,lac,okc,110,108,16,34,32,28,0,24,26,24,34,0,away,5.0,206.0,-200.0,170.0,3.5,103.5,0.0,1,False,1635.98194817887,1833.7289394034178,1618.4383785860034,1851.2725089962844,-197.74699122454786,0.3629283004201139
2017,2016-11-11,True,False,det,sa,86,96,26,26,15,19,0,28,21,26,21,0,home,9.0,194.0,375.0,-550.0,8.0,97.0,1.0,0,True,1702.2701101633893,1466.1465123516907,1713.0426602636999,1455.3739622513801,236.12359781169857,0.8737889058312823
2017,2016-11-11,True,False,utah,orl,87,74,23,19,18,27,0,17,21,26,10,0,away,5.5,191.0,-200.0,170.0,2.0,99.0,1.0,0,False,1306.5646687935946,1581.3406538088152,1275.4744618352308,1612.430860767179,-274.7759850152206,0.2677454577286875
2017,2016-11-11,True,False,ind,phi,105,109,27,25,20,28,5,21,30,25,24,9,away,5.0,213.5,-210.0,175.0,4.0,104.5,0.0,1,True,1103.3703541754853,1445.9218822593953,1160.1349078821322,1389.1573285527484,-342.55152808390994,0.19841363039488555
2017,2016-11-11,True,False,tor,cha,113,111,28,30,21,34,0,27,17,38,29,0,home,0.0,204.0,-115.0,-105.0,3.5,99.5,0.0,1,False,1697.340716371877,1736.38979486571,1668.9741437637263,1764.7563674738608,-39.049078493832894,0.5868265252931187
2017,2016-11-11,True,False,cle,wsh,105,94,26,32,26,21,0,31,25,19,19,0,away,7.5,210.5,-350.0,275.0,4.5,104.5,1.0,0,False,1481.7463202383333,1658.4367047059693,1438.953141492336,1701.2298834519665,-176.69038446763602,0.39139186347711824
2017,2016-11-12,True,False,ny,tor,107,118,28,28,29,22,0,24,29,34,31,0,home,7.5,208.5,260.0,-320.0,6.5,102.5,1.0,1,True,1764.7563674738608,1359.764039651285,1768.7882076074352,1355.7321995177106,404.9923278225758,0.9481898915309871
2017,2016-11-12,True,False,utah,mia,102,91,23,29,24,26,0,21,26,12,32,0,away,2.0,186.0,-120.0,100.0,1.0,99.5,1.0,1,False,1505.0260894358648,1612.430860767179,1451.5230853004741,1665.9338649025697,-107.40477133131412,0.48934529062376136
2017,2016-11-12,True,False,det,den,106,95,36,21,23,26,0,21,28,22,24,0,home,5.0,202.0,175.0,-210.0,5.5,99.5,0.0,0,False,1431.2583623232683,1455.3739622513801,1364.8365447063065,1521.795779868342,-24.115599928111806,0.6075024042253854
2017,2016-11-12,True,False,bkn,phx,122,104,23,35,32,32,0,21,24,38,21,0,home,4.5,218.5,170.0,-200.0,6.5,114.5,0.0,1,False,1383.4317455666676,1314.5998185469928,1295.4932468189704,1402.53831729469,68.83192701967482,0.72549300671507
2017,2016-11-12,True,False,mem,mil,96,106,19,20,31,26,0,24,20,31,31,0,home,3.0,202.0,125.0,-145.0,0.0,99.0,1.0,2,True,1354.1240231887734,1339.883391592542,1389.6253922626895,1304.382022518626,14.240631596231424,0.6587259877394003
2017,2016-11-12,True,False,sa,hou,106,100,26,23,33,24,0,22,18,30,30,0,away,1.5,208.0,-130.0,110.0,1.5,110.0,1.0,0,False,1645.8051998770907,1713.0426602636999,1598.9701929605117,1759.8776671802789,-67.2374603866092,0.5470098277114952
2017,2016-11-12,True,False,bos,ind,105,99,24,24,31,26,0,31,14,31,23,0,away,1.5,211.5,-125.0,105.0,0.0,109.5,1.0,0,False,1389.1573285527484,1480.990329978235,1345.3411762778978,1524.8064822530855,-91.8330014254866,0.5117510914333256
2017,2016-11-12,True,False,lal,no,126,99,30,25,29,42,0,26,30,15,28,0,home,0.0,216.5,-115.0,-105.0,0.0,108.0,0.0,1,False,1213.1659480793428,1494.7891585917025,1175.0325138265687,1532.9225928444766,-281.6232105123597,0.2600887663538847
2017,2016-11-12,True,False,lac,min,119,105,34,26,28,31,0,21,30,22,32,0,away,5.0,207.0,-220.0,180.0,0.5,102.5,1.0,1,False,1428.696459697224,1851.2725089962844,1412.602879644767,1867.3660890487415,-422.5760492990603,0.13506514128191588
2017,2016-11-12,True,False,phi,atl,96,117,27,21,30,18,0,23,36,28,30,0,home,14.5,207.5,1200.0,-2500.0,5.0,102.5,1.0,1,True,1686.6445438376857,1160.1349078821322,1688.9993290335765,1157.7801226862414,526.5096359555534,0.9735702411493498
2017,2016-11-12,True,False,wsh,chi,95,106,27,29,14,25,0,28,25,28,25,0,home,10.0,199.5,425.0,-650.0,8.0,99.0,1.0,1,True,1502.3739904877389,1438.953141492336,1531.23975676706,1410.0873752130149,63.42084899540282,0.7192462881463924
2017,2016-11-13,True,False,cha,cle,93,100,22,32,18,21,0,32,20,19,29,0,home,7.0,207.5,260.0,-320.0,6.0,103.5,2.0,0,True,1701.2298834519665,1668.9741437637263,1729.4480432591097,1640.7559839565831,32.25573968824028,0.6816413878381034
2017,2016-11-13,True,False,den,por,105,112,28,29,15,33,0,20,30,36,26,0,home,7.5,216.0,265.0,-330.0,6.5,106.5,0.0,1,True,1589.6728318691667,1364.8365447063065,1599.649211064278,1354.8601655111952,224.83628716286012,0.8664476297673559
2017,2016-11-13,True,False,lal,min,99,125,27,19,26,27,0,36,33,18,38,0,home,0.0,213.5,-110.0,-110.0,6.0,103.0,1.0,1,True,1412.602879644767,1532.9225928444766,1489.3471048181864,1456.178367671057,-120.31971319970967,0.470790877500536
2017,2016-11-13,True,False,phx,gs,120,133,32,27,33,28,0,28,34,37,34,0,home,17.0,227.0,1500.0,-5000.0,9.0,118.5,0.0,1,True,1773.342742845731,1295.4932468189704,1776.0674507447468,1292.7685389199546,477.84949602676056,0.9653224299743037
2017,2016-11-13,True,False,orl,okc,119,117,27,30,25,37,0,13,34,37,33,0,home,9.5,203.0,375.0,-550.0,8.5,100.5,0.0,1,False,1618.4383785860034,1275.4744618352308,1585.0513210892848,1308.8615193319495,342.96391675077257,0.9275671509136095
2017,2016-11-14,True,False,bkn,lac,95,127,14,33,18,30,0,39,32,28,28,0,home,16.5,211.5,1500.0,-5000.0,3.5,109.5,1.0,1,True,1867.3660890487415,1402.53831729469,1871.281098708743,1398.6233076346884,464.8277717540516,0.9627237466383426
2017,2016-11-14,True,False,mem,utah,102,96,33,23,17,29,0,26,22,22,26,0,home,6.0,190.0,220.0,-260.0,6.0,94.0,0.0,1,False,1665.9338649025697,1304.382022518626,1607.1726801923346,1363.143207228861,361.5518423839437,0.9344353631982791
2017,2016-11-14,True,False,phi,hou,88,115,26,26,16,20,0,38,27,28,22,0,home,11.0,216.0,650.0,-1000.0,3.0,104.5,1.0,0,True,1598.9701929605117,1157.7801226862414,1603.2917101416429,1153.4586055051102,441.1900702742703,0.957521107948563
2017,2016-11-14,True,False,mia,sa,90,94,19,21,20,30,0,25,30,16,23,0,home,11.0,193.5,550.0,-800.0,2.0,93.5,0.0,0,True,1759.8776671802789,1451.5230853004741,1764.5872247020338,1446.8135277787192,308.35458187980475,0.9129880981398641
2017,2016-11-14,True,False,dal,ny,77,93,23,16,12,26,0,15,21,31,26,0,home,4.0,202.5,155.0,-175.0,4.5,99.5,1.0,0,True,1355.7321995177106,1495.335568305948,1425.1372100855917,1425.930557738067,-139.6033687882375,0.4432517384810875
2017,2016-11-14,True,False,okc,det,88,104,25,22,21,20,0,28,31,19,26,0,away,1.0,203.5,-120.0,100.0,4.0,100.0,0.0,0,True,1521.795779868342,1585.0513210892848,1577.5589060554953,1529.2881949021314,-63.25554122094286,0.5526832528727447
2017,2016-11-14,True,False,orl,ind,69,88,19,18,20,12,0,16,25,30,17,0,home,8.0,206.5,290.0,-350.0,4.0,102.0,1.0,0,True,1345.3411762778978,1308.8615193319495,1385.1597524044296,1269.0429432054177,36.47965694594836,0.6868944008961049
2017,2016-11-14,True,False,bos,no,105,106,26,25,23,31,0,27,29,28,22,0,away,3.5,212.0,-165.0,145.0,3.5,112.5,0.0,0,True,1175.0325138265687,1524.8064822530855,1199.6788199813031,1500.160176098351,-349.77396842651683,0.1918840075984888
2017,2016-11-15,True,False,tor,cle,117,121,25,32,27,33,0,30,31,30,30,0,home,6.0,210.0,210.0,-250.0,2.0,103.5,0.0,1,True,1729.4480432591097,1768.7882076074352,1758.7358082394844,1739.5004426270605,-39.340164348325516,0.5864201923300343
2017,2016-11-15,True,False,atl,mia,93,90,22,27,23,21,0,25,18,24,23,0,away,6.5,198.5,-265.0,225.0,2.0,104.0,0.0,0,False,1446.8135277787192,1688.9993290335765,1428.143283954729,1707.6695728575667,-242.18580125485732,0.3060848656483902
2017,2016-11-15,True,False,cha,min,115,108,31,15,36,33,0,30,28,17,33,0,away,1.0,205.0,-120.0,100.0,3.5,100.0,1.0,1,False,1489.3471048181864,1640.7559839565831,1450.3195541986308,1679.7835345761387,-151.40887913839674,0.42655192224905775
2017,2016-11-15,True,False,chi,por,113,88,35,21,27,30,0,14,23,26,25,0,home,4.5,209.5,170.0,-190.0,7.0,104.5,0.0,0,False,1599.649211064278,1531.23975676706,1502.3695726250326,1628.5193952063055,68.40945429721796,0.7250084116056263
2017,2016-11-15,True,False,bkn,lal,118,125,29,22,34,33,0,27,29,37,32,0,home,7.0,219.0,245.0,-290.0,2.5,113.0,2.0,1,True,1456.178367671057,1398.6233076346884,1481.0623015509273,1373.7393737548182,57.55506003636856,0.7123776475908972
2017,2016-11-16,True,False,phx,den,104,120,17,26,33,28,0,28,33,28,31,0,home,4.5,220.0,165.0,-185.0,3.0,114.0,1.0,1,True,1354.8601655111952,1292.7685389199546,1387.9948624362291,1259.6338419949207,62.09162659124058,0.7176985996904884
2017,2016-11-16,True,False,hou,okc,103,105,32,31,27,13,0,38,27,20,20,0,home,2.5,219.5,120.0,-140.0,1.0,107.0,0.0,0,True,1529.2881949021314,1603.2917101416429,1551.6525786775824,1580.927326366192,-74.00351523951144,0.537342286551087
2017,2016-11-16,True,False,mem,lac,111,107,26,35,22,28,0,28,18,30,31,0,home,12.5,201.0,750.0,-1200.0,11.5,101.5,0.0,1,False,1871.281098708743,1363.143207228861,1825.7010681581473,1408.7232377794567,508.137891479882,0.9707083368712596
2017,2016-11-16,True,False,cle,ind,93,103,19,26,23,25,0,30,20,30,23,0,home,3.0,208.5,130.0,-150.0,0.5,100.5,1.0,0,True,1385.1597524044296,1758.7358082394844,1472.56958023672,1671.325980407194,-373.57605583505483,0.1715288742072348
2017,2016-11-16,True,False,gs,tor,127,121,34,32,29,32,0,38,15,33,35,0,away,6.0,222.5,-240.0,200.0,0.0,109.5,2.0,1,False,1739.5004426270605,1776.0674507447468,1688.9600896428474,1826.6078037289599,-36.56700811768633,0.59028644594021
2017,2016-11-16,True,False,wsh,phi,102,109,15,33,28,26,0,29,30,29,21,0,away,7.0,203.5,-290.0,245.0,7.0,100.0,0.0,1,True,1153.4586055051102,1410.0873752130149,1218.5378280135667,1345.0081527045584,-256.62876970790467,0.28871612441015515
2017,2016-11-16,True,False,dal,bos,83,90,17,14,23,29,0,29,10,18,33,0,home,6.0,199.5,210.0,-250.0,1.0,98.0,1.0,0,True,1500.160176098351,1425.930557738067,1523.01743560043,1403.073298235988,74.22961836028412,0.7316374628440245
2017,2016-11-16,True,False,det,ny,102,105,27,22,25,28,0,29,25,27,24,0,home,1.5,201.0,105.0,-125.0,0.5,99.0,1.0,1,True,1425.1372100855917,1577.5589060554953,1460.2027456951093,1542.4933704459777,-152.42169596990357,0.4251264280685646
2017,2016-11-16,True,False,no,orl,82,89,19,21,23,19,0,21,31,13,24,0,home,7.0,199.0,270.0,-330.0,0.0,98.5,2.0,0,True,1269.0429432054177,1199.6788199813031,1292.4777581455683,1176.2440050411526,69.36412322411456,0.7261027034390801
2017,2016-11-16,True,False,mil,atl,100,107,26,9,35,30,0,21,31,32,23,0,home,5.5,210.5,190.0,-220.0,2.5,104.0,1.0,0,True,1707.6695728575667,1389.6253922626895,1713.4091383133753,1383.885826806881,318.04418059487716,0.9173182635759227
2017,2016-11-16,True,False,sa,sac,110,105,27,30,27,26,0,22,24,25,34,0,away,5.5,197.5,-230.0,195.0,0.5,104.0,0.0,1,False,1351.857150808192,1764.5872247020338,1340.6760809937778,1775.7682945164481,-412.7300738938418,0.14182440635536234
2017,2016-11-17,True,False,ny,wsh,112,119,18,24,23,47,0,24,28,35,32,0,home,5.0,208.5,175.0,-200.0,1.0,102.5,1.0,1,True,1345.0081527045584,1460.2027456951093,1392.7553021848607,1412.455596214807,-115.19459299055097,0.47814715324381535
2017,2016-11-17,True,False,mil,mia,73,96,27,21,14,11,0,21,27,19,29,0,home,4.0,202.5,150.0,-170.0,2.5,100.0,1.0,0,True,1428.143283954729,1383.885826806881,1468.792087231562,1343.237023530048,44.25745714784807,0.6964421809131259
2017,2016-11-17,True,False,por,hou,109,126,29,33,21,26,0,41,21,38,26,0,home,5.5,220.0,190.0,-220.0,3.5,108.0,1.0,1,True,1580.927326366192,1502.3695726250326,1611.997375256372,1471.2995237348525,78.55775374115933,0.7365010066448684
2017,2016-11-17,True,False,phi,min,86,110,18,15,25,28,0,27,34,24,25,0,home,12.0,211.0,600.0,-900.0,0.5,101.0,1.0,0,True,1450.3195541986308,1218.5378280135667,1465.1512332660786,1203.706148946119,231.78172618506414,0.871006693034235
2017,2016-11-17,True,False,chi,utah,85,77,25,16,25,19,0,26,17,15,19,0,home,3.0,192.5,135.0,-155.0,1.0,96.5,0.0,0,False,1607.1726801923346,1628.5193952063055,1548.0738426543512,1687.618232744289,-21.34671501397088,0.6112963656263528
2017,2016-11-18,True,False,lac,sac,121,115,40,33,31,17,0,24,30,31,30,0,away,8.5,202.5,-370.0,310.0,0.0,100.0,0.0,1,False,1340.6760809937778,1825.7010681581473,1332.260572530721,1834.116576621204,-485.0249871643696,0.09828899657644197
2017,2016-11-18,True,False,por,no,101,113,28,23,24,26,0,31,33,24,25,0,home,0.0,213.5,-110.0,-110.0,4.5,106.0,1.0,1,True,1176.2440050411526,1471.2995237348525,1261.3966883199275,1386.1468404560776,-295.0555186936999,0.2454867575821856
2017,2016-11-18,True,False,sa,lal,116,107,26,26,39,25,0,16,36,24,31,0,away,8.0,210.0,-360.0,300.0,5.0,109.0,1.0,1,False,1481.0623015509273,1775.7682945164481,1456.1533426251422,1800.6772534422332,-294.70599296552086,0.24585962298689024
2017,2016-11-18,True,False,tor,den,113,111,29,23,25,25,11,19,38,25,20,9,away,3.5,213.0,-160.0,140.0,4.0,104.5,0.0,1,False,1387.9948624362291,1688.9600896428474,1376.4302378943703,1700.5247141847062,-300.96522720661824,0.23924033861843813
2017,2016-11-18,True,False,mem,dal,80,64,19,17,20,24,0,19,10,12,23,0,away,4.0,186.0,-175.0,155.0,0.5,91.0,1.0,0,False,1403.073298235988,1408.7232377794567,1324.2201693858342,1487.5763666296104,-5.64993954346869,0.6325385162172467
2017,2016-11-18,True,False,gs,bos,104,88,29,26,31,18,0,27,21,9,31,0,away,8.5,226.0,-400.0,330.0,2.5,109.0,1.0,0,False,1523.01743560043,1826.6078037289599,1493.5349151245575,1856.0903242048323,-303.5903681285299,0.23650082156653232
2017,2016-11-18,True,False,phx,ind,116,96,27,30,32,27,0,18,31,33,14,0,home,4.0,216.0,155.0,-175.0,4.5,114.0,0.0,0,False,1472.56958023672,1259.6338419949207,1377.7750877398096,1354.428334491831,212.9357382417993,0.8583196252072205
2017,2016-11-18,True,False,atl,cha,96,100,28,17,35,16,0,29,19,27,25,0,home,2.0,208.0,110.0,-130.0,0.0,109.0,1.0,0,True,1679.7835345761387,1713.4091383133753,1708.507971014788,1684.684701874726,-33.62560373723659,0.5943750946620484
2017,2016-11-18,True,False,bkn,okc,105,124,40,21,21,23,0,34,30,32,28,0,home,9.5,216.5,400.0,-500.0,5.0,108.5,1.0,1,True,1551.6525786775824,1373.7393737548182,1570.4534286843007,1354.9385237481,177.91320492276418,0.8319900121508145
2017,2016-11-18,True,False,det,cle,81,104,19,20,17,25,0,30,26,26,22,0,home,9.0,202.5,350.0,-420.0,0.5,98.0,1.0,0,True,1671.325980407194,1542.4933704459777,1697.4975224101265,1516.3218284430452,128.83260996121635,0.7887265457317097
2017,2016-11-19,True,False,utah,hou,102,111,22,22,26,32,0,28,27,26,30,0,home,6.5,201.0,240.0,-280.0,0.0,105.0,1.0,1,True,1611.997375256372,1548.0738426543512,1638.6769686596128,1521.3942492511103,63.923532602020714,0.7198302410356139
2017,2016-11-19,True,False,mia,wsh,114,111,33,27,31,23,0,35,24,23,29,0,home,4.5,198.5,175.0,-200.0,4.0,98.5,0.0,1,False,1392.7553021848607,1468.792087231562,1360.1566244398414,1501.3907649765813,-76.0367850467012,0.5344312582076916
2017,2016-11-19,True,False,chi,lac,95,102,33,19,25,18,0,23,24,25,30,0,home,8.0,203.5,320.0,-380.0,8.0,101.5,0.0,0,True,1834.116576621204,1687.618232744289,1849.6644299109278,1672.0703794545652,146.49834387691521,0.8051750948706723
2017,2016-11-19,True,False,dal,orl,87,95,16,29,24,18,0,17,27,22,29,0,home,7.5,179.5,300.0,-360.0,5.5,91.0,1.0,1,True,1292.4777581455683,1324.2201693858342,1331.4403000702316,1285.2576274611708,-31.742411240265938,0.5969859769440754
2017,2016-11-19,True,False,phx,phi,105,120,19,29,27,30,0,32,26,34,28,0,away,2.0,211.0,-135.0,115.0,4.0,111.5,0.0,1,True,1203.706148946119,1354.428334491831,1273.5453277044564,1284.5891557334935,-150.72218554571214,0.4275191087817534
2017,2016-11-19,True,False,cha,no,116,121,23,23,39,23,8,21,26,27,34,13,away,2.0,205.5,-135.0,115.0,2.0,101.0,0.0,1,True,1261.3966883199275,1708.507971014788,1330.8209909479533,1639.0836683867622,-447.1112826948604,0.11939906732702461
2017,2016-11-19,True,False,gs,mil,124,121,28,41,34,21,0,37,29,26,29,0,away,9.0,218.0,-420.0,350.0,5.0,108.5,0.0,1,False,1343.237023530048,1856.0903242048323,1338.0537143356087,1861.2736333992716,-512.8533006747844,0.08497652807058653
2017,2016-11-19,True,False,bos,det,94,92,30,20,21,23,0,23,24,26,19,0,home,2.0,199.0,110.0,-130.0,1.5,106.0,0.0,0,False,1516.3218284430452,1493.5349151245575,1484.6705833970043,1525.1861601705984,22.786913318487677,0.6696977375507889
2017,2016-11-19,True,False,min,mem,71,93,16,23,13,19,0,18,25,22,28,0,away,1.0,200.0,-115.0,-105.0,1.0,98.5,0.0,0,True,1487.5763666296104,1465.1512332660786,1532.2081470495937,1420.5194528460954,22.425133363531813,0.6692369041687622
2017,2016-11-20,True,False,tor,sac,99,102,28,35,18,18,0,36,22,28,16,0,away,3.5,211.5,-165.0,145.0,1.0,104.5,0.0,0,True,1332.260572530721,1700.5247141847062,1382.5270668091182,1650.258219906309,-368.26414165398523,0.17591793161003474
2017,2016-11-20,True,False,utah,den,91,105,14,27,22,28,0,24,29,23,29,0,home,4.0,197.5,155.0,-175.0,1.5,102.5,1.0,0,True,1376.4302378943703,1521.3942492511103,1443.6748628668101,1454.1496242786704,-144.96401135674,0.4356504430494746
2017,2016-11-20,True,False,chi,lal,118,110,30,32,28,28,0,30,31,24,25,0,home,2.5,209.5,125.0,-145.0,2.0,104.5,0.0,1,False,1456.1533426251422,1672.0703794545652,1423.3691062394735,1704.854615840234,-215.91703682942307,0.33910793151411905
2017,2016-11-20,True,False,por,bkn,129,109,32,38,29,30,0,29,35,20,25,0,away,4.5,219.0,-180.0,160.0,1.0,106.5,1.0,1,False,1354.9385237481,1386.1468404560776,1274.867826451614,1466.2175377525634,-31.2083167079777,0.5977254601154794
2017,2016-11-20,True,False,atl,ny,94,104,20,21,25,28,0,24,22,29,29,0,away,4.5,208.5,-185.0,165.0,5.0,109.5,0.0,0,True,1412.455596214807,1684.684701874726,1489.4095613458403,1607.7307367436927,-272.229105659919,0.2706296339051621
2017,2016-11-20,True,False,ind,okc,115,111,30,28,21,24,12,21,33,16,33,8,home,9.5,210.5,400.0,-500.0,7.5,104.0,0.0,1,False,1570.4534286843007,1377.7750877398096,1520.3683644277614,1427.8601519963488,192.67834094449108,0.8435380237423182
2017,2016-11-21,True,False,tor,lac,115,123,19,26,34,36,0,23,31,34,35,0,home,8.5,207.0,375.0,-450.0,3.0,102.5,0.0,1,True,1849.6644299109278,1650.258219906309,1861.869464178737,1638.0531856384998,199.40621000461874,0.8485817678074761
2017,2016-11-21,True,False,hou,det,99,96,18,33,28,20,0,25,21,29,21,0,away,2.5,209.0,-140.0,120.0,0.0,103.0,1.0,0,False,1484.6705833970043,1638.6769686596128,1458.875060673794,1664.4724913828231,-154.00638526260855,0.4228985535217492
2017,2016-11-21,True,False,bos,min,99,93,23,19,26,31,0,21,31,29,12,0,away,2.0,207.5,-130.0,110.0,3.5,110.0,1.0,0,False,1420.5194528460954,1525.1861601705984,1378.2844133735066,1567.4211996431873,-104.66670732450302,0.4932844721564632
2017,2016-11-21,True,False,dal,sa,91,96,28,21,24,18,0,24,24,25,23,0,home,13.5,186.5,1000.0,-2000.0,9.5,93.0,0.0,1,True,1800.6772534422332,1285.2576274611708,1802.1403119711488,1283.7945689322553,515.4196259810624,0.971876962703733
2017,2016-11-21,True,False,mia,phi,94,101,30,15,31,18,0,24,22,32,23,0,away,4.0,201.5,-175.0,155.0,4.5,99.0,0.0,0,True,1273.5453277044564,1501.3907649765813,1335.40601414722,1439.5300785338177,-227.84543727212485,0.323893139719983
2017,2016-11-21,True,False,mem,cha,105,90,32,37,15,21,0,22,23,26,19,0,home,5.5,197.5,180.0,-210.0,8.0,98.0,0.0,0,False,1639.0836683867622,1532.2081470495937,1554.5603969719878,1616.731418464368,106.8755213371685,0.7668968466012888
2017,2016-11-21,True,False,orl,mil,89,93,27,17,30,15,0,20,29,20,24,0,home,7.0,200.5,240.0,-280.0,2.5,99.0,0.0,0,True,1338.0537143356087,1331.4403000702316,1362.7614808726623,1306.732533533178,6.61341426537706,0.6487880384626651
2017,2016-11-21,True,False,phx,wsh,101,106,20,26,34,21,0,26,24,25,31,0,home,7.5,220.0,270.0,-330.0,3.0,116.0,0.0,0,True,1360.1566244398414,1284.5891557334935,1379.7165427410237,1265.0292374323112,75.56746870634788,0.7331468646447102
2017,2016-11-21,True,False,gs,ind,120,83,34,27,39,20,0,21,21,29,12,0,away,14.5,219.0,-2000.0,1000.0,3.0,108.5,1.0,0,False,1427.8601519963488,1861.2736333992716,1407.3826102408289,1881.7511751547916,-433.4134814029228,0.12794162277569926
2017,2016-11-22,True,False,no,atl,112,94,34,32,29,17,0,14,30,27,23,0,home,8.5,209.0,305.0,-375.0,10.5,103.5,0.0,0,False,1607.7307367436927,1330.8209909479533,1516.6711286117813,1421.8805990798646,276.90974579573935,0.8974923259396678
2017,2016-11-22,True,False,por,ny,103,107,33,25,23,22,0,28,32,21,26,0,home,1.0,217.0,-105.0,-115.0,0.5,107.0,1.0,0,True,1489.4095613458403,1466.2175377525634,1512.2341411921052,1443.3929579062985,23.192023593276872,0.6702133783910232
2017,2016-11-22,True,False,chi,den,107,110,31,29,28,19,0,19,41,31,19,0,away,1.5,207.5,-120.0,100.0,1.5,102.5,0.0,1,True,1443.6748628668101,1704.854615840234,1487.387344305549,1661.142134401495,-261.1797529734238,0.28336613412932377
2017,2016-11-22,True,False,okc,lal,109,111,16,32,26,35,0,29,20,31,31,0,away,3.0,220.5,-160.0,140.0,3.5,108.5,0.0,0,True,1423.3691062394735,1520.3683644277614,1447.3298341931318,1496.4076364741031,-96.99925818828797,0.5043183072283183
2017,2016-11-23,True,False,tor,hou,115,102,24,30,36,25,0,20,19,35,28,0,home,4.0,216.5,155.0,-175.0,6.5,105.5,0.0,1,False,1664.4724913828231,1638.0531856384998,1588.1883893445142,1714.3372876768087,26.41930574432331,0.6743065048163971
2017,2016-11-23,True,False,lal,gs,106,149,26,23,29,28,0,41,39,26,43,0,home,18.0,230.0,2000.0,-9900.0,2.5,112.5,1.0,1,True,1881.7511751547916,1447.3298341931318,1886.8693067047059,1442.2117026432174,434.4213409616598,0.9559077141807756
2017,2016-11-23,True,False,okc,sac,101,116,27,21,27,26,0,27,24,36,29,0,home,2.0,214.0,105.0,-125.0,0.0,105.0,1.0,1,True,1382.5270668091182,1496.4076364741031,1445.959642159717,1432.9750611235042,-113.88056966498493,0.480034875629974
2017,2016-11-23,True,False,min,no,96,117,26,24,18,28,0,31,22,36,28,0,away,2.5,210.0,-145.0,125.0,2.0,103.0,0.0,1,True,1421.8805990798646,1378.2844133735066,1461.5464947244957,1338.6185177288755,43.59618570635803,0.695636827866415
2017,2016-11-23,True,False,lac,dal,124,104,32,36,25,31,0,26,19,25,34,0,away,10.0,193.0,-600.0,450.0,0.5,96.0,1.0,1,False,1283.7945689322553,1861.869464178737,1275.7606932650408,1869.9033398459515,-578.0748952464817,0.0599726515670925
2017,2016-11-23,True,False,sa,cha,119,114,30,29,25,35,0,28,32,24,30,0,away,5.5,201.0,-230.0,195.0,5.0,106.0,0.0,1,False,1554.5603969719878,1802.1403119711488,1530.9462474301056,1825.754461513031,-247.57991499916102,0.29952972264306094
2017,2016-11-23,True,False,den,utah,83,108,27,20,14,22,0,36,17,31,24,0,home,8.0,199.0,300.0,-360.0,3.0,98.5,1.0,0,True,1454.1496242786704,1487.387344305549,1512.221333081326,1429.3156355028934,-33.237720026878605,0.5949133034289426
2017,2016-11-23,True,False,mem,phi,104,99,20,23,20,23,18,26,25,20,15,13,away,6.0,195.5,-220.0,190.0,6.0,97.5,0.0,1,False,1335.40601414722,1616.731418464368,1314.8752680518223,1637.2621645597658,-281.325404317148,0.26041880833788505
2017,2016-11-23,True,False,atl,ind,96,85,31,18,25,22,0,24,20,22,19,0,away,1.0,204.5,-120.0,100.0,0.5,106.5,1.0,0,False,1407.3826102408289,1516.6711286117813,1354.175836324937,1569.877902527673,-109.28851837095249,0.48663593130469535
2017,2016-11-23,True,False,por,cle,125,137,31,29,32,33,0,46,35,31,25,0,home,11.5,219.0,650.0,-1000.0,0.5,105.5,1.0,1,True,1697.4975224101265,1443.3929579062985,1707.8672251375433,1433.0232551788818,254.104564503828,0.8847691982231531
2017,2016-11-23,True,False,phx,orl,92,87,24,22,22,24,0,22,22,22,21,0,home,4.0,209.5,150.0,-170.0,4.0,109.5,0.0,0,False,1306.732533533178,1265.0292374323112,1254.2608339612443,1317.5009370042449,41.70329610086674,0.6933248794986635
2017,2016-11-23,True,False,bos,bkn,111,92,30,21,28,32,0,16,33,17,26,0,away,7.0,215.0,-320.0,265.0,4.0,112.0,1.0,0,False,1274.867826451614,1567.4211996431873,1242.1567275160533,1600.132298578748,-292.5533731915732,0.24816438814651468
2017,2016-11-23,True,False,mia,det,84,107,16,26,22,20,0,28,28,30,21,0,home,4.5,188.5,170.0,-190.0,2.0,92.5,1.0,1,True,1458.875060673794,1439.5300785338177,1504.7893662101753,1393.6157729974364,19.34498213997631,0.6653003303323533
2017,2016-11-25,True,False,mia,mem,90,81,28,17,26,19,0,19,20,18,24,0,home,5.0,185.0,180.0,-210.0,4.0,91.0,0.0,0,False,1637.2621645597658,1393.6157729974364,1565.6960892239133,1465.1818483332888,243.64639156232943,0.8784878315139549
2017,2016-11-25,True,False,no,por,104,119,34,23,26,21,0,32,34,34,19,0,home,4.0,217.5,145.0,-165.0,2.0,108.5,1.0,1,True,1433.0232551788818,1461.5464947244957,1481.6455964137772,1412.9241534896003,-28.523239545613933,0.601436303545486
2017,2016-11-25,True,False,gs,lal,109,85,30,23,27,29,0,20,23,21,21,0,away,14.0,230.5,-1800.0,950.0,5.5,113.0,1.0,0,False,1442.2117026432174,1886.8693067047059,1425.0896809892956,1903.9913283586277,-444.6576040614884,0.120892161407588
2017,2016-11-25,True,False,hou,sac,117,104,38,30,22,27,0,19,31,24,30,0,away,3.5,217.0,-165.0,145.0,3.5,103.5,1.0,1,False,1445.959642159717,1588.1883893445142,1394.922596188112,1639.2254353161193,-142.22874718479716,0.43952545099129325
2017,2016-11-25,True,False,min,phx,98,85,29,18,20,31,0,27,25,23,10,0,away,2.0,214.5,-130.0,110.0,3.0,107.5,1.0,0,False,1317.5009370042449,1338.6185177288755,1246.4817185765064,1409.637736156614,-21.11758072463067,0.6116097319948245
2017,2016-11-25,True,False,bkn,ind,97,118,23,20,22,32,0,28,30,34,26,0,home,5.5,213.5,190.0,-220.0,2.0,109.0,1.0,1,True,1354.175836324937,1242.1567275160533,1382.043347893355,1214.2892159476353,112.01910880888386,0.7721480267973794
2017,2016-11-25,True,False,tor,mil,105,99,27,20,26,32,0,24,18,25,32,0,away,3.5,207.5,-155.0,135.0,1.0,102.5,1.0,0,False,1362.7614808726623,1714.3372876768087,1346.469631385098,1730.629137164373,-351.5758068041464,0.19028078285901834
2017,2016-11-25,True,False,wsh,orl,94,91,26,22,24,22,0,14,24,30,23,0,away,2.0,198.5,-130.0,110.0,2.0,96.0,1.0,0,False,1254.2608339612443,1379.7165427410237,1225.9929127828639,1407.984463919404,-125.45570877977934,0.4634317011396548
2017,2016-11-25,True,False,chi,phi,105,89,23,34,33,15,0,19,28,17,25,0,away,9.5,205.0,-500.0,400.0,2.5,100.5,1.0,0,False,1314.8752680518223,1661.142134401495,1290.5620571199374,1685.45534533338,-346.2668663496727,0.19503401566419115
2017,2016-11-25,True,False,dal,cle,90,128,16,22,17,35,0,36,36,24,32,0,home,13.0,201.0,800.0,-1400.0,0.0,98.5,1.0,1,True,1707.8672251375433,1275.7606932650408,1712.8938178424346,1270.7341005601495,432.1065318725025,0.955342660918866
2017,2016-11-25,True,False,cha,ny,111,113,28,28,18,30,7,30,22,27,25,9,away,1.5,211.0,-125.0,105.0,0.0,104.0,0.0,1,True,1512.2341411921052,1530.9462474301056,1530.849763506709,1512.3306251155018,-18.712106238000388,0.6148938713904055
2017,2016-11-25,True,False,atl,utah,68,95,23,11,14,20,0,24,24,13,34,0,home,3.5,195.5,140.0,-160.0,3.0,104.0,1.0,0,True,1512.221333081326,1569.877902527673,1576.6393923298126,1505.4598432791865,-57.65656944634702,0.5606371707884799
2017,2016-11-25,True,False,sa,bos,109,103,22,24,29,34,0,32,16,26,29,0,away,4.0,201.0,-165.0,145.0,4.0,107.0,1.0,1,False,1600.132298578748,1825.754461513031,1572.1600527531764,1853.7267073386026,-225.62216293428287,0.3267020627754662
2017,2016-11-25,True,False,lac,det,97,108,23,25,32,17,0,35,22,25,26,0,away,6.5,200.0,-260.0,220.0,6.5,98.5,0.0,1,True,1504.7893662101753,1869.9033398459515,1594.6019930946588,1780.090712961468,-365.1139736357761,0.17856227487234258
2017,2016-11-25,True,False,okc,den,132,129,31,31,22,38,10,30,33,26,33,7,away,3.0,215.0,-150.0,130.0,2.0,104.5,2.0,1,False,1429.3156355028934,1432.9750611235042,1390.5705091285793,1471.7201874978184,-3.6594256206108184,0.6351977463504457
2017,2016-11-26,True,False,mem,mia,110,107,24,27,31,28,0,31,18,33,25,0,away,1.0,187.0,-120.0,100.0,0.5,93.5,1.0,1,False,1465.1818483332888,1565.6960892239133,1434.7285132798934,1596.1494242773088,-100.51424089062448,0.4992599484098124
2017,2016-11-26,True,False,det,okc,88,106,19,27,22,20,0,29,27,21,29,0,home,4.5,203.0,160.0,-180.0,1.0,99.5,1.0,0,True,1471.7201874978184,1594.6019930946588,1540.7578878213135,1525.5642927711638,-122.88180559684042,0.46711796209137746
2017,2016-11-26,True,False,min,gs,102,115,33,15,25,29,0,30,26,34,25,0,home,12.5,222.5,800.0,-1400.0,5.0,110.0,1.0,0,True,1903.9913283586277,1409.637736156614,1906.4494515027477,1407.179613012494,494.3535922020137,0.9683658982967734
2017,2016-11-26,True,False,ny,cha,102,107,22,25,24,31,0,38,20,17,32,0,home,5.5,207.0,200.0,-240.0,1.0,101.5,0.0,1,True,1512.3306251155018,1530.849763506709,1542.6706627103838,1500.509725911827,-18.519138391207207,0.6151568774620915
2017,2016-11-26,True,False,sa,wsh,112,100,23,31,36,22,0,22,22,32,24,0,away,6.0,206.0,-260.0,220.0,0.0,107.5,1.0,1,False,1407.984463919404,1853.7267073386026,1394.4155549794161,1867.2956162785906,-445.74224341919853,0.12023016875305231
2017,2016-11-27,True,False,mil,orl,104,96,36,22,21,25,0,29,23,20,24,0,home,2.0,196.5,115.0,-135.0,2.0,98.0,0.0,1,False,1225.9929127828639,1346.469631385098,1180.499617302995,1391.962926864967,-120.47671860223409,0.47056570561706956
2017,2016-11-27,True,False,cle,phi,112,108,24,28,25,35,0,30,28,23,27,0,away,11.0,209.5,-900.0,600.0,10.5,104.0,0.0,1,False,1290.5620571199374,1712.8938178424346,1280.9857433966702,1722.4701315657019,-422.33176072249717,0.13522950592201458
2017,2016-11-27,True,False,den,phx,120,114,29,34,23,34,0,28,15,36,35,0,home,2.5,213.0,120.0,-140.0,6.5,106.5,0.0,1,False,1246.4817185765064,1390.5705091285793,1209.0752172146035,1427.9770104904821,-144.08879055207285,0.43688952372122125
2017,2016-11-27,True,False,sac,bkn,122,105,31,27,34,30,0,35,24,18,28,0,away,5.0,219.5,-205.0,175.0,4.5,108.0,1.0,1,False,1214.2892159476353,1394.922596188112,1165.1993074771315,1444.0125046586159,-180.63338024047675,0.3859986989279438
2017,2016-11-27,True,False,no,dal,81,91,20,22,18,21,0,26,18,16,31,0,away,5.0,197.0,-205.0,175.0,4.5,98.0,0.0,0,True,1270.7341005601495,1412.9241534896003,1329.8625191462525,1353.7957349034973,-142.19005292945076,0.4395803226341731
2017,2016-11-27,True,False,hou,por,130,114,35,30,31,34,0,35,27,31,21,0,away,1.0,227.0,-115.0,-105.0,0.5,113.0,1.0,1,False,1481.6455964137772,1639.2254353161193,1429.5513043203296,1691.319727409567,-157.5798389023421,0.41788635029049914
2017,2016-11-27,True,False,atl,lal,94,109,32,16,29,17,0,21,35,28,25,0,away,6.0,209.0,-245.0,205.0,6.5,110.5,0.0,0,True,1425.0896809892956,1505.4598432791865,1482.6440153539045,1447.9055089145777,-80.37016228989091,0.5282195865370088
2017,2016-11-27,True,False,lac,ind,70,91,20,20,18,12,0,23,27,26,15,0,away,12.0,206.0,-800.0,575.0,11.0,103.0,0.0,0,True,1382.043347893355,1780.090712961468,1497.3183789266404,1664.8156819281826,-398.04736506811287,0.15242604769407803
2017,2016-11-28,True,False,utah,min,112,103,22,28,24,38,0,27,18,24,34,0,away,3.0,193.0,-150.0,130.0,0.5,101.0,1.0,1,False,1407.179613012494,1576.6393923298126,1366.5173266184656,1617.301678723841,-169.45977931731863,0.401350150056732
2017,2016-11-28,True,False,cha,mem,104,85,25,31,25,23,0,25,14,21,25,0,away,2.0,198.0,-130.0,110.0,4.0,98.0,1.0,0,False,1596.1494242773088,1542.6706627103838,1507.6206382927587,1631.1994486949338,53.47876156692496,0.7075458997374421
2017,2016-11-28,True,False,bos,mia,112,104,21,27,35,29,0,19,12,42,31,0,away,4.5,201.5,-180.0,160.0,2.5,105.0,1.0,1,False,1434.7285132798934,1572.1600527531764,1391.5773907279486,1615.3111753051212,-137.431539473283,0.4463391411336598
2017,2016-11-28,True,False,atl,gs,100,105,27,26,28,19,0,29,21,30,25,0,home,13.5,219.0,950.0,-1650.0,10.0,114.0,0.0,0,True,1906.4494515027477,1447.9055089145777,1908.53566518611,1445.8192952312154,458.54394258817,0.9614036778440577
2017,2016-11-28,True,False,phi,tor,95,122,26,23,22,24,0,33,27,31,31,0,home,15.0,206.5,1000.0,-2000.0,5.5,101.5,1.0,1,True,1730.629137164373,1280.9857433966702,1734.7296684362166,1276.8852121248267,449.64339376770295,0.9594568970030736
2017,2016-11-28,True,False,okc,ny,112,103,24,34,30,24,0,29,26,26,22,0,away,1.0,216.0,-115.0,-105.0,0.5,106.5,1.0,0,False,1500.509725911827,1540.7578878213135,1441.2257914699833,1600.0418222631572,-40.2481619094865,0.5851519453092475
2017,2016-11-28,True,False,sac,wsh,95,101,19,34,19,20,3,25,25,24,18,9,home,5.0,209.5,175.0,-205.0,4.5,103.5,1.0,0,True,1394.4155549794161,1444.0125046586159,1431.0582626982934,1407.3697969397385,-49.596949679199724,0.5720312100756753
2017,2016-11-29,True,False,lac,bkn,122,127,28,37,21,21,15,24,29,20,34,20,away,11.0,212.5,-750.0,525.0,2.5,102.5,0.0,1,True,1165.1993074771315,1664.8156819281826,1236.8552849169964,1593.1597044883176,-499.6163744510511,0.09109176215670245
2017,2016-11-29,True,False,lal,no,88,105,22,19,22,25,0,33,32,24,16,0,home,5.5,218.5,200.0,-240.0,3.0,107.0,1.0,0,True,1353.7957349034973,1482.6440153539045,1422.6516685625493,1413.7880816948525,-128.84828045040717,0.45857913298345665
2017,2016-11-29,True,False,cle,mil,101,118,32,22,20,27,0,30,28,34,26,0,away,7.5,213.5,-330.0,270.0,7.5,105.5,0.0,1,True,1391.962926864967,1722.4701315657019,1492.4740154723083,1621.9590429583604,-330.507204700735,0.20967158752033896
2017,2016-11-29,True,False,orl,sa,95,83,16,29,30,20,0,20,23,21,19,0,home,12.5,194.5,800.0,-1400.0,9.0,95.5,0.0,0,False,1867.2956162785906,1180.499617302995,1801.1032213804287,1246.6920122011568,686.7959989755957,0.9893254595317039
2017,2016-11-29,True,False,hou,utah,101,120,29,21,23,28,0,38,24,23,35,0,away,1.5,204.5,-120.0,100.0,4.0,100.0,0.0,1,True,1617.301678723841,1691.319727409567,1678.2883605751917,1630.333045558216,-74.01804868572594,0.5373214878368587
2017,2016-11-29,True,False,det,cha,112,89,33,24,27,28,0,25,29,20,15,0,home,3.5,199.5,145.0,-165.0,6.0,99.0,0.0,1,False,1631.1994486949338,1525.5642927711638,1534.368491765119,1622.3952497009786,105.63515592377007,0.7656180042484342
2017,2016-11-30,True,False,det,bos,121,114,31,28,33,29,0,28,25,31,30,0,home,6.5,201.0,215.0,-265.0,6.0,98.0,0.0,1,False,1615.3111753051212,1622.3952497009786,1557.6125518562108,1680.093873149889,-7.084074395857442,0.6306175599686564
2017,2016-11-30,True,False,ind,por,109,131,23,35,25,26,0,31,42,36,22,0,home,7.5,209.0,250.0,-315.0,1.0,104.0,1.0,1,True,1429.5513043203296,1497.3183789266404,1492.150855687404,1434.718827559566,-67.76707460631087,0.5462542812878964
2017,2016-11-30,True,False,atl,phx,107,109,27,21,27,32,0,36,14,27,32,0,away,3.0,211.0,-165.0,145.0,4.0,111.0,0.0,1,True,1209.0752172146035,1445.8192952312154,1242.2947849132029,1412.599727532616,-236.74407801661187,0.3127783270261157
2017,2016-11-30,True,False,mia,den,106,98,28,24,23,31,0,30,17,33,18,0,home,6.5,208.0,220.0,-270.0,6.5,103.5,0.0,0,False,1427.9770104904821,1391.5773907279486,1363.9110714863396,1455.6433297320912,36.399619762533575,0.686795302712377
2017,2016-11-30,True,False,sa,dal,94,87,21,22,18,33,0,17,23,26,21,0,away,8.5,186.5,-425.0,345.0,5.0,97.5,0.0,0,False,1329.8625191462525,1801.1032213804287,1320.2052548019576,1810.7604857247236,-471.2407022341763,0.10554914680354548
2017,2016-11-30,True,False,mem,tor,105,120,28,29,25,23,0,25,30,34,31,0,home,13.5,195.0,850.0,-1450.0,8.5,95.0,1.0,1,True,1734.7296684362166,1507.6206382927587,1747.8570847332887,1494.4932219956866,227.10903014345786,0.8679542945864648
2017,2016-11-30,True,False,ny,min,106,104,28,30,23,25,0,31,18,25,30,0,home,3.5,211.5,155.0,-175.0,4.5,103.0,0.0,0,False,1366.5173266184656,1441.2257914699833,1340.5915435324282,1467.1515745560207,-74.70846485151765,0.5363332896802234
2017,2016-11-30,True,False,wsh,okc,115,126,19,34,31,21,10,32,28,24,21,21,home,5.0,216.0,170.0,-200.0,1.0,106.0,1.0,1,True,1600.0418222631572,1431.0582626982934,1616.4394783506154,1414.6606066108352,168.98355956486375,0.8246816308218191
2017,2016-11-30,True,False,lal,chi,96,90,17,30,23,26,0,28,19,26,17,0,home,10.5,209.5,465.0,-615.0,7.0,103.5,0.0,0,False,1685.45534533338,1413.7880816948525,1625.2172980097828,1474.0261290184496,271.6672636385274,0.8946824474645325
2017,2016-12-01,True,False,orl,mem,94,95,28,21,19,26,0,30,20,15,30,0,away,4.0,191.0,-170.0,150.0,3.5,95.0,0.0,0,True,1494.4932219956866,1246.6920122011568,1497.4013561278186,1243.7838780690247,247.80120979452977,0.8810178811916275
2017,2016-12-01,True,False,mia,utah,111,110,26,26,31,28,0,27,21,29,33,0,home,6.5,186.5,230.0,-270.0,6.5,91.5,0.0,1,False,1678.2883605751917,1455.6433297320912,1656.711689581985,1477.220000725298,222.64503084310059,0.8649812410255602
2017,2016-12-01,True,False,hou,gs,132,127,32,32,22,27,19,30,29,23,31,14,home,11.5,232.5,525.0,-750.0,9.0,113.0,0.0,1,False,1908.53566518611,1630.333045558216,1853.1377214683316,1685.7309892759945,278.2026196278939,0.8981750010909937
2017,2016-12-01,True,False,dal,cha,87,97,14,27,19,27,0,23,21,24,29,0,home,12.0,192.5,650.0,-1000.0,6.5,96.0,0.0,0,True,1534.368491765119,1320.2052548019576,1546.6056400945529,1307.9681064725237,214.16323696316135,0.859176733072662
2017,2016-12-01,True,False,lac,cle,113,94,24,34,27,28,0,28,22,15,29,0,home,3.5,215.0,150.0,-170.0,4.5,106.0,0.0,0,False,1621.9590429583604,1593.1597044883176,1535.1807079421128,1679.9380395045653,28.799338470042812,0.6773081709238323
2017,2016-12-01,True,False,mil,bkn,111,93,27,25,38,21,0,26,25,27,15,0,away,5.5,215.0,-210.0,180.0,3.5,105.5,1.0,0,False,1236.8552849169964,1492.4740154723083,1199.2956962997887,1530.033604089516,-255.6187305553119,0.2899115994820532
2017,2016-12-02,True,False,wsh,sa,105,107,28,32,14,31,0,24,33,23,27,0,home,9.0,204.0,375.0,-450.0,7.5,100.5,0.0,1,True,1810.7604857247236,1414.6606066108352,1812.643467349006,1412.7776249865528,396.0998791138884,0.9456167143944395
2017,2016-12-02,True,False,lac,no,114,96,25,35,29,25,0,30,27,19,20,0,away,4.0,205.5,-180.0,160.0,2.5,101.5,1.0,1,False,1422.6516685625493,1679.9380395045653,1385.3475929569147,1717.2421151101998,-257.286370942016,0.28793936845927603
2017,2016-12-02,True,False,cle,chi,105,111,33,27,20,25,0,30,29,29,23,0,away,1.5,209.0,-120.0,100.0,1.5,102.5,0.0,1,True,1625.2172980097828,1535.1807079421128,1644.9231781301785,1515.474827821717,90.03659006766998,0.7491226501954932
2017,2016-12-02,True,False,det,atl,121,85,27,31,32,31,0,24,15,18,28,0,home,1.5,199.5,105.0,-125.0,5.5,98.0,0.0,1,False,1412.599727532616,1680.093873149889,1368.741859631501,1723.951741051004,-267.49414561727303,0.27604330786224357
2017,2016-12-02,True,False,hou,den,128,110,42,31,26,29,0,33,30,21,26,0,home,3.5,221.5,140.0,-160.0,5.0,107.0,0.0,1,False,1363.9110714863396,1685.7309892759945,1335.6578168125445,1713.9842439497895,-321.81991778965494,0.2180786998636367
2017,2016-12-02,True,False,sac,bos,92,97,29,17,26,20,0,29,18,22,28,0,home,6.0,210.5,210.0,-250.0,4.0,103.5,0.0,0,True,1557.6125518562108,1407.3697969397385,1570.7355881225524,1394.246760673397,150.24275491647222,0.8085340942152142
2017,2016-12-02,True,False,lal,tor,80,113,22,26,14,18,0,28,41,15,29,0,home,9.5,214.0,400.0,-500.0,1.0,104.5,1.0,0,True,1747.8570847332887,1474.0261290184496,1760.5431119870348,1461.3401017647036,273.8309557148391,0.8958502933699569
2017,2016-12-02,True,False,orl,phi,105,88,21,29,32,23,0,14,28,19,27,0,home,0.0,198.5,-110.0,-110.0,2.5,98.0,0.0,0,False,1276.8852121248267,1243.7838780690247,1192.8441947964245,1327.8248953974269,33.101334055802,0.6826967600604315
2017,2016-12-02,True,False,min,ny,114,118,21,31,36,26,0,30,32,36,20,0,away,2.5,210.5,-145.0,125.0,4.5,104.5,0.0,1,True,1467.1515745560207,1340.5915435324282,1480.5697170061812,1327.1734010822677,126.5600310235925,0.7865383642475008
2017,2016-12-03,True,False,atl,tor,84,128,22,25,23,14,0,32,30,24,42,0,home,8.5,206.5,330.0,-400.0,0.0,108.0,1.0,1,True,1760.5431119870348,1368.741859631501,1767.2425830190002,1362.0423885995356,391.80125235553373,0.944330068438819
2017,2016-12-03,True,False,bkn,mil,103,112,22,18,32,31,0,25,25,25,37,0,home,10.0,214.5,425.0,-550.0,2.5,113.0,0.0,1,True,1530.033604089516,1199.2956962997887,1535.9191775545937,1193.410122834711,330.7379077897274,0.9226940452228439
2017,2016-12-03,True,False,bos,phi,107,106,22,23,29,33,0,30,23,21,32,0,away,10.0,207.5,-550.0,425.0,9.5,110.5,0.0,1,False,1192.8441947964245,1570.7355881225524,1187.71961092926,1575.860171989717,-377.89139332612785,0.16802753935858694
2017,2016-12-03,True,False,den,utah,98,105,21,26,16,35,0,24,25,33,23,0,home,7.5,200.5,260.0,-310.0,4.0,99.0,0.0,1,True,1656.711689581985,1335.6578168125445,1662.3478249927562,1330.0216814017733,321.05387276944043,0.9186228351719621
2017,2016-12-03,True,False,min,cha,125,120,19,30,25,32,19,29,23,32,22,14,home,6.0,211.0,210.0,-250.0,2.5,103.5,0.0,1,False,1546.6056400945529,1327.1734010822677,1490.8243929466503,1382.9546482301703,219.4322390122852,0.8628066976099475
2017,2016-12-03,True,False,phx,gs,109,138,30,27,27,25,0,37,29,42,30,0,home,16.5,228.0,1600.0,-6000.0,7.0,120.0,1.0,1,True,1853.1377214683316,1242.2947849132029,1854.6643320063856,1240.7681743751489,610.8429365551287,0.9835677535254767
2017,2016-12-03,True,False,mia,por,92,99,29,20,22,21,0,21,34,18,26,0,home,6.0,216.0,205.0,-245.0,1.5,106.0,1.0,0,True,1492.150855687404,1477.220000725298,1522.836038457188,1446.534817955514,14.930854962105968,0.6596186331874608
2017,2016-12-03,True,False,chi,dal,82,107,18,27,21,16,0,29,28,25,25,0,away,3.5,190.5,-165.0,145.0,5.0,93.5,0.0,0,True,1307.9681064725237,1644.9231781301785,1422.1388526446772,1530.752431958025,-336.9550716576548,0.20358723093377717
2017,2016-12-03,True,False,lal,mem,100,103,25,37,20,18,0,25,29,28,21,0,home,2.5,198.0,125.0,-145.0,3.5,97.0,1.0,1,True,1497.4013561278186,1461.3401017647036,1515.8656098576198,1442.8758480349024,36.06125436311504,0.6863761665516884
2017,2016-12-04,True,False,ind,lac,111,102,17,31,35,28,0,28,24,17,33,0,home,11.5,207.0,550.0,-750.0,6.0,103.0,0.0,1,False,1717.2421151101998,1434.718827559566,1646.1122894271487,1505.8486532426173,282.52328755063377,0.9004272687358877
2017,2016-12-04,True,False,sac,ny,98,106,21,20,36,21,0,26,29,26,25,0,home,1.0,209.5,-105.0,-115.0,4.0,103.0,1.0,0,True,1480.5697170061812,1394.246760673397,1503.2561294062614,1371.5603482733168,86.32295633278432,0.7450836713688314
2017,2016-12-04,True,False,orl,det,98,92,23,35,20,20,0,27,23,23,19,0,home,7.5,195.5,260.0,-325.0,6.5,96.0,0.0,0,False,1723.951741051004,1327.8248953974269,1665.9595673346876,1385.8170691137434,396.1268456535772,0.9456246967571889
2017,2016-12-04,True,False,no,okc,92,101,26,15,25,26,0,29,20,29,23,0,home,6.0,214.5,210.0,-260.0,0.5,107.0,1.0,0,True,1616.4394783506154,1385.3475929569147,1627.0918627039218,1374.6952086036083,231.09188539370075,0.870559872650883
2017,2016-12-05,True,False,por,chi,112,110,29,36,21,26,0,32,25,30,23,0,home,4.0,212.5,155.0,-175.0,4.5,105.0,0.0,1,False,1530.752431958025,1522.836038457188,1499.5551521892135,1554.0333182259994,7.916393500837103,0.6504952168037186
2017,2016-12-05,True,False,cha,dal,109,101,23,25,27,34,0,23,27,28,23,0,away,3.5,193.5,-165.0,145.0,4.5,96.0,1.0,1,False,1422.1388526446772,1490.8243929466503,1369.45486987435,1543.5083757169775,-68.6855403019731,0.5449434969600493
2017,2016-12-05,True,False,bos,hou,106,107,17,31,35,23,0,26,32,19,30,0,home,5.5,218.0,190.0,-220.0,0.0,114.0,0.0,0,True,1713.9842439497895,1575.860171989717,1719.410620843589,1570.4337950959175,138.12407196007257,0.7975016791799061
2017,2016-12-05,True,False,sa,mil,97,96,26,9,36,26,0,24,24,25,23,0,away,6.0,203.0,-240.0,200.0,7.0,107.0,0.0,0,False,1535.9191775545937,1812.643467349006,1527.820235979228,1820.7424089243716,-276.72428979441224,0.2655523374370361
2017,2016-12-05,True,False,den,phi,106,98,18,33,23,32,0,27,26,17,28,0,away,3.5,210.0,-165.0,145.0,3.5,103.5,1.0,0,False,1187.71961092926,1330.0216814017733,1145.2372735303832,1372.50401880065,-142.30207047251338,0.4394214765824313
2017,2016-12-05,True,False,utah,lal,107,101,26,31,32,18,0,26,27,21,27,0,away,4.0,198.0,-180.0,160.0,1.5,105.0,1.0,1,False,1442.8758480349024,1662.3478249927562,1414.232782720262,1690.9908903073965,-219.4719769578537,0.3345369042177765
2017,2016-12-05,True,False,wsh,bkn,118,113,29,22,32,35,0,32,34,15,32,0,away,6.5,218.0,-275.0,235.0,7.5,106.0,0.0,1,False,1193.410122834711,1412.7776249865528,1167.0255412541476,1439.1622065671163,-219.3675021518418,0.33467080357319945
2017,2016-12-05,True,False,cle,tor,116,112,30,32,28,26,0,27,34,20,31,0,home,1.5,214.5,105.0,-125.0,1.0,105.5,0.0,1,False,1767.2425830190002,1515.474827821717,1717.2672222557653,1565.450188584952,251.76775519728312,0.8833906415184616
2017,2016-12-05,True,False,okc,atl,102,99,23,32,28,19,0,21,33,15,30,0,home,4.0,212.5,155.0,-175.0,3.5,104.5,0.0,0,False,1362.0423885995356,1627.0918627039218,1345.0325052674962,1644.1017460359612,-265.04947410438626,0.2788644810140122
2017,2016-12-05,True,False,mem,no,110,108,17,27,30,20,16,21,25,23,25,14,home,4.0,196.5,155.0,-175.0,2.0,97.0,0.0,1,False,1374.6952086036083,1515.8656098576198,1353.376440220926,1537.184378240302,-141.1704012540115,0.4410268010293019
2017,2016-12-05,True,False,ind,gs,106,142,27,23,33,23,0,38,42,36,26,0,home,15.0,224.0,1100.0,-2100.0,1.5,110.0,1.0,1,True,1854.6643320063856,1505.8486532426173,1862.9336006781493,1497.5793845708536,348.81567876376835,0.9297980111591293
2017,2016-12-06,True,False,orl,wsh,124,116,25,40,31,28,0,24,28,29,35,0,home,3.0,200.5,130.0,-150.0,5.0,98.0,0.0,1,False,1439.1622065671163,1385.8170691137434,1374.2370023093922,1450.7422733714675,53.3451374533729,0.7073867073908032
2017,2016-12-06,True,False,chi,det,91,102,21,23,28,19,0,32,19,20,31,0,home,5.5,201.5,195.0,-230.0,0.5,96.5,1.0,0,True,1665.9595673346876,1499.5551521892135,1682.5956669402078,1482.9190525836932,166.4044151454741,0.8225247028135182
2017,2016-12-06,True,False,ny,mia,114,103,26,27,31,30,0,25,29,23,26,0,home,1.0,205.5,100.0,-120.0,0.5,101.0,0.0,1,False,1446.534817955514,1503.2561294062614,1385.0921044507659,1564.6988429110095,-56.72131145074741,0.5619628838150643
2017,2016-12-06,True,False,phi,mem,91,96,20,23,34,14,0,28,19,29,20,0,home,7.0,194.5,250.0,-300.0,3.0,94.5,0.0,0,True,1537.184378240302,1145.2372735303832,1540.334925512021,1142.0867262586642,391.9471047099189,0.9443741900776536
2017,2016-12-06,True,False,sa,min,105,91,19,24,29,33,0,22,24,18,27,0,away,4.0,205.5,-180.0,160.0,5.0,108.5,1.0,0,False,1382.9546482301703,1820.7424089243716,1368.0414974399964,1835.6555597145455,-437.7877606942013,0.12515840551747254
2017,2016-12-06,True,False,phx,utah,105,112,19,26,30,30,0,33,32,29,18,0,home,7.0,204.0,250.0,-300.0,2.0,107.5,2.0,1,True,1690.9908903073965,1240.7681743751489,1693.540607385843,1238.2184572967024,450.22271593224764,0.9595864218146961
2017,2016-12-07,True,False,den,bkn,111,116,23,29,27,32,0,36,32,28,20,0,away,4.5,221.5,-185.0,165.0,7.0,107.0,0.0,1,True,1167.0255412541476,1372.50401880065,1218.05683720166,1321.4727228531376,-205.47847754650252,0.3527020782957213
2017,2016-12-07,True,False,bos,orl,117,87,26,23,36,32,0,27,23,23,14,0,away,1.0,195.5,-115.0,-105.0,0.5,103.0,1.0,1,False,1450.7422733714675,1570.4337950959175,1379.4717755807671,1641.7042928866178,-119.69152172445001,0.4716919266857283
2017,2016-12-07,True,False,por,mil,107,115,28,30,18,31,0,28,23,34,30,0,home,1.5,214.5,105.0,-125.0,2.5,105.0,1.0,1,True,1527.820235979228,1554.0333182259994,1566.044764266793,1515.8087899384345,-26.213082246771364,0.6046197151517194
2017,2016-12-07,True,False,gs,lac,115,98,37,25,29,24,0,19,30,26,23,0,away,4.0,224.5,-165.0,145.0,2.0,113.5,1.0,0,False,1646.1122894271487,1862.9336006781493,1603.1340182405972,1905.9118718647007,-216.82131125100068,0.3379423037659408
2017,2016-12-07,True,False,ind,phx,109,94,23,26,33,27,0,22,31,27,14,0,away,4.0,215.0,-170.0,150.0,5.0,106.5,1.0,0,False,1238.2184572967024,1497.5793845708536,1203.3895528977923,1532.4082889697636,-259.3609272741512,0.2854970889539952
2017,2016-12-07,True,False,sac,dal,120,89,26,30,29,35,0,23,29,12,25,0,away,3.0,196.0,-150.0,130.0,0.5,97.5,1.0,1,False,1369.45486987435,1371.5603482733168,1272.2763508982773,1468.7388672493894,-2.105478398966852,0.6372680336714278
2017,2016-12-07,True,False,cle,ny,126,94,36,27,29,34,0,26,22,17,29,0,away,8.0,213.5,-380.0,320.0,0.0,105.0,1.0,1,False,1564.6988429110095,1565.450188584952,1466.3805786718883,1663.7684528240732,-0.7513456739425237,0.6390679745870164
2017,2016-12-07,True,False,det,cha,77,87,24,15,19,19,0,23,15,23,26,0,home,5.5,202.5,190.0,-220.0,4.0,101.0,1.0,0,True,1543.5083757169775,1682.5956669402078,1602.1720693498428,1623.9319733073426,-139.0872912232303,0.4439849898751552
2017,2016-12-07,True,False,mia,atl,95,103,25,21,17,32,0,29,24,25,25,0,home,9.0,203.5,375.0,-450.0,3.0,100.5,0.0,0,True,1345.0325052674962,1385.0921044507659,1385.113664700612,1345.01094501765,-40.05959918326971,0.5854154140374284
2017,2016-12-07,True,False,lal,hou,95,134,27,28,22,18,0,43,24,39,28,0,home,13.5,222.5,1000.0,-2000.0,3.5,106.5,1.0,1,True,1719.410620843589,1414.232782720262,1730.413368071302,1403.230035492549,305.17783812332686,0.9115243653334846
2017,2016-12-08,True,False,sa,chi,91,95,17,15,31,28,0,21,24,27,23,0,away,3.5,200.5,-160.0,140.0,6.5,106.5,0.0,0,True,1482.9190525836932,1835.6555597145455,1540.3322860149112,1778.2423262833274,-352.73650713085226,0.18925346279905536
2017,2016-12-08,True,False,phi,no,99,88,26,26,19,28,0,31,26,12,19,0,home,6.0,205.0,205.0,-245.0,2.0,100.5,0.0,0,False,1353.376440220926,1142.0867262586642,1276.0054119728204,1219.4577545067698,211.28971396226189,0.857163447930817
2017,2016-12-08,True,False,por,mem,86,88,22,28,19,17,0,14,29,18,27,0,away,2.5,206.5,-130.0,110.0,0.0,101.0,0.0,0,True,1540.334925512021,1515.8087899384345,1555.8148537696998,1500.3288616807558,24.526135573586544,0.6719085928099879
2017,2016-12-08,True,False,min,tor,110,124,32,27,30,21,0,22,37,29,36,0,home,9.5,214.0,400.0,-500.0,6.5,103.0,1.0,1,True,1717.2672222557653,1368.0414974399964,1723.4533795916411,1361.8553401041206,349.2257248157689,0.9299519278758006
2017,2016-12-08,True,False,gs,utah,106,99,35,30,17,24,0,17,29,24,29,0,away,11.0,208.0,-800.0,550.0,2.5,103.0,0.0,0,False,1693.540607385843,1905.9118718647007,1662.0938801877226,1937.3585990628212,-212.3712644788577,0.343697252885731
2017,2016-12-08,True,False,den,wsh,85,92,29,23,21,12,0,18,29,28,17,0,home,5.5,217.5,195.0,-230.0,4.5,107.5,1.0,0,True,1374.2370023093922,1321.4727228531376,1399.7281287868616,1295.9815963756682,52.7642794562546,0.7066941153901626
2017,2016-12-09,True,False,ind,dal,103,111,27,25,25,26,0,25,29,31,26,0,away,3.5,199.5,-165.0,145.0,4.0,98.5,0.0,1,True,1272.2763508982773,1532.4082889697636,1341.4404235965928,1463.244216271448,-260.1319380714863,0.2845925904173055
2017,2016-12-09,True,False,phx,lal,119,115,32,30,27,30,0,26,26,28,35,0,home,1.5,221.5,105.0,-125.0,4.0,117.0,0.0,1,False,1403.230035492549,1203.3895528977923,1353.127315082047,1253.4922733082942,199.84048259475662,0.8489026986634142
2017,2016-12-09,True,False,ny,sac,103,100,30,24,24,25,0,32,21,24,23,0,home,5.5,210.0,190.0,-220.0,4.5,103.5,0.0,0,False,1468.7388672493894,1466.3805786718883,1429.5987524046172,1505.5206935166605,2.358288577501071,0.6431865415463608
2017,2016-12-09,True,False,hou,okc,102,99,25,30,31,16,0,23,26,28,22,0,away,1.0,224.0,-120.0,100.0,1.5,107.5,1.0,0,False,1644.1017460359612,1730.413368071302,1612.4023027400444,1762.112811367219,-86.31162203534086,0.5196889732040899
2017,2016-12-09,True,False,atl,mil,114,110,23,21,40,30,0,30,34,28,18,0,home,3.0,205.5,135.0,-155.0,4.0,107.5,0.0,1,False,1566.044764266793,1385.113664700612,1516.0091860953203,1435.1492428720846,180.93109956618105,0.8344043861378266
2017,2016-12-09,True,False,tor,bos,101,94,25,17,33,26,0,28,22,18,26,0,home,2.5,207.5,120.0,-140.0,1.5,103.0,0.0,0,False,1641.7042928866178,1723.4533795916411,1593.5556434997363,1771.6020289785226,-81.74908670502327,0.5262410431511767
2017,2016-12-09,True,False,mia,cle,84,114,27,19,23,15,0,31,26,30,27,0,home,12.0,208.0,600.0,-900.0,3.5,101.0,1.0,0,True,1663.7684528240732,1345.01094501765,1673.2060154200603,1335.573382421663,318.75750780642306,0.9176291701709705
2017,2016-12-09,True,False,orl,cha,88,109,21,25,24,18,0,20,32,39,18,0,home,6.5,203.5,240.0,-280.0,1.5,100.5,1.0,0,True,1602.1720693498428,1379.4717755807671,1617.1866164131247,1364.4572285174852,222.70029376907564,0.8650183894114406
2017,2016-12-09,True,False,det,min,117,90,25,24,33,35,0,20,23,25,22,0,away,3.0,202.5,-155.0,135.0,0.0,99.5,1.0,1,False,1361.8553401041206,1623.9319733073426,1320.462592221283,1665.32472119018,-262.07663320322195,0.28231888744878564
2017,2016-12-10,True,False,den,orl,121,113,32,33,27,29,0,29,29,37,18,0,away,2.0,205.5,-125.0,105.0,1.5,100.0,1.0,1,False,1364.4572285174852,1295.9815963756682,1298.8500988546696,1361.5887260384839,68.47563214181696,0.7250843556182998
2017,2016-12-10,True,False,mil,wsh,105,110,32,20,25,28,0,23,29,25,33,0,home,4.5,209.5,160.0,-180.0,3.0,104.0,1.0,1,True,1399.7281287868616,1516.0091860953203,1440.9926724921586,1474.7446423900233,-116.28105730845868,0.47658681041557616
2017,2016-12-10,True,False,por,ind,111,118,44,27,27,13,0,31,33,26,28,0,away,0.0,217.0,-115.0,-105.0,2.0,106.5,0.0,1,True,1463.244216271448,1500.3288616807558,1500.797087065257,1462.7759908869468,-37.08464540930777,0.5895656025350584
2017,2016-12-10,True,False,cha,cle,105,116,26,26,29,24,0,36,31,25,24,0,home,8.0,214.5,285.0,-350.0,0.0,106.5,1.0,1,True,1673.2060154200603,1617.1866164131247,1703.17313064721,1587.219501185975,56.0193990069356,0.7105629792531087
2017,2016-12-10,True,False,dal,hou,87,109,27,22,20,18,0,36,24,26,23,0,home,12.0,208.0,700.0,-1000.0,3.5,102.5,1.0,0,True,1762.112811367219,1341.4404235965928,1766.7305085442085,1336.8227264196032,420.6723877706261,0.9524488846482906
2017,2016-12-10,True,False,mia,chi,100,105,27,28,20,25,0,29,26,28,22,0,home,9.5,201.0,380.0,-475.0,6.5,98.5,0.0,1,True,1540.3322860149112,1335.573382421663,1549.9845372047007,1325.9211312318735,204.7589035932483,0.8524985209392651
2017,2016-12-10,True,False,gs,mem,89,110,16,22,27,24,0,31,30,26,23,0,away,13.0,211.5,-1300.0,800.0,13.0,104.5,0.0,0,True,1555.8148537696998,1937.3585990628212,1669.3649431486838,1823.8085096838372,-381.54374529312145,0.16510889498831177
2017,2016-12-10,True,False,bkn,sa,101,130,26,26,18,31,0,41,26,36,27,0,home,16.0,211.5,1050.0,-2650.0,5.0,110.5,1.0,1,True,1778.2423262833274,1218.05683720166,1780.3404896298696,1215.958673855118,560.1854890816674,0.9781258584734164
2017,2016-12-10,True,False,sac,utah,84,104,25,25,26,8,0,29,23,26,26,0,home,6.0,196.5,210.0,-260.0,4.0,96.5,1.0,0,True,1662.0938801877226,1429.5987524046172,1676.06399470856,1415.62863788378,232.49512778310532,0.8714673913732464
2017,2016-12-10,True,False,no,lac,105,133,31,24,25,25,0,35,26,37,35,0,home,15.5,200.0,1000.0,-2000.0,7.5,99.0,1.0,1,True,1603.1340182405972,1276.0054119728204,1611.931388361119,1267.2080418522987,327.12860626777683,0.9211989643352606
2017,2016-12-11,True,False,no,phx,120,119,25,26,25,34,10,31,27,24,28,9,home,2.0,216.0,105.0,-125.0,1.5,107.5,0.0,1,False,1253.4922733082942,1267.2080418522987,1234.5319315026436,1286.1683836579493,-13.715768544004504,0.6216816158311814
2017,2016-12-11,True,False,phi,det,97,79,32,26,22,17,0,12,23,29,15,0,home,12.0,198.0,700.0,-1000.0,12.5,95.0,0.0,0,False,1665.32472119018,1219.4577545067698,1579.4301769490482,1305.3522987479016,445.8669666834103,0.9586027717713099
2017,2016-12-11,True,False,ny,lal,118,112,32,25,27,34,0,30,26,19,37,0,away,2.5,217.0,-140.0,120.0,2.0,107.5,1.0,1,False,1353.127315082047,1505.5206935166605,1316.7245595126067,1541.9234490861008,-152.3933784346134,0.42516626692787785
2017,2016-12-11,True,False,bos,okc,96,99,24,19,28,25,0,21,18,28,32,0,home,3.0,207.5,135.0,-155.0,2.5,108.0,2.0,0,True,1612.4023027400444,1593.5556434997363,1632.4785728038048,1573.479373435976,18.8466592403081,0.6646612650153614
2017,2016-12-11,True,False,gs,min,116,108,30,30,18,38,0,27,31,30,20,0,away,10.0,226.5,-520.0,400.0,6.5,111.5,0.0,0,False,1320.462592221283,1823.8085096838372,1311.8263769541177,1832.4447249510026,-503.3459174625541,0.08932979438372224
2017,2016-12-12,True,False,cha,ind,94,110,20,23,30,21,0,25,20,31,34,0,home,0.0,208.5,-110.0,-110.0,1.0,103.5,1.0,0,True,1500.797087065257,1587.219501185975,1560.693171690499,1527.3234165607332,-86.42241412071803,0.519529775818157
2017,2016-12-12,True,False,mil,tor,100,122,23,26,33,18,0,33,36,23,30,0,home,8.0,213.0,300.0,-360.0,1.5,102.5,1.0,1,True,1771.6020289785226,1474.7446423900233,1781.4333114955289,1464.913359873017,296.85738658849937,0.9075847344093196
2017,2016-12-12,True,False,wsh,mia,101,112,29,24,29,19,0,28,31,22,31,0,away,1.0,208.5,-115.0,-105.0,2.5,101.5,0.0,1,True,1325.9211312318735,1440.9926724921586,1382.9590528989966,1383.9547508250355,-115.07154126028513,0.4783239033803866
2017,2016-12-12,True,False,bkn,hou,118,122,24,19,42,33,0,29,24,37,32,0,home,13.5,229.5,750.0,-1200.0,4.5,119.5,0.0,1,True,1766.7305085442085,1215.958673855118,1767.7837197771757,1214.9054626221507,550.7718346890906,0.9769359015534455
2017,2016-12-12,True,False,den,dal,92,112,19,24,24,25,0,27,38,27,20,0,away,3.0,203.5,-155.0,135.0,7.0,99.0,0.0,1,True,1336.8227264196032,1361.5887260384839,1389.5209443179283,1308.8905081401588,-24.76599961888064,0.6066093139677889
2017,2016-12-12,True,False,lal,sac,92,116,24,34,13,21,0,31,18,39,28,0,home,8.5,217.0,330.0,-400.0,6.5,103.5,1.0,0,True,1415.62863788378,1316.7245595126067,1446.7419356174685,1285.611261778918,98.90407837117323,0.7585935161602095
2017,2016-12-12,True,False,por,lac,120,121,27,33,26,34,0,38,18,33,32,0,home,10.0,219.0,425.0,-550.0,8.5,107.0,0.0,1,True,1611.931388361119,1462.7759908869468,1617.0386419479169,1457.668737300149,149.1553974741721,0.8075632357435849
2017,2016-12-13,True,False,orl,atl,131,120,35,37,27,32,0,34,28,34,24,0,home,8.5,201.5,320.0,-380.0,7.5,100.5,0.0,1,False,1435.1492428720846,1298.8500988546696,1358.5765463298405,1375.4227953969137,136.29914401741507,0.7957998738968591
2017,2016-12-13,True,False,min,chi,99,94,22,30,26,21,0,38,18,19,19,0,home,5.5,207.5,190.0,-220.0,2.5,100.0,0.0,0,False,1549.9845372047007,1311.8263769541177,1494.2657733922538,1367.5451407665646,238.15816025058302,0.8750748696295129
2017,2016-12-13,True,False,mem,cle,86,103,20,23,15,28,0,32,26,15,30,0,home,14.5,201.0,900.0,-1600.0,4.0,98.0,1.0,0,True,1703.17313064721,1669.3649431486838,1742.098588182338,1630.4394856135557,33.808187498526195,0.6835775332673942
2017,2016-12-13,True,False,ny,phx,111,113,25,21,27,28,10,31,23,31,16,12,away,2.0,218.5,-135.0,115.0,4.0,108.5,0.0,1,True,1234.5319315026436,1541.9234490861008,1271.6285598965871,1504.8268206921573,-307.39151758345724,0.23257258318713084
2017,2016-12-13,True,False,okc,por,95,114,31,21,19,24,0,32,36,24,22,0,home,2.5,219.0,125.0,-145.0,4.5,107.5,1.0,0,True,1457.668737300149,1632.4785728038048,1537.5504345257152,1552.5968755782385,-174.8098355036559,0.3939735086510061
2017,2016-12-13,True,False,gs,no,113,109,29,29,37,18,0,35,30,29,15,0,away,11.5,225.5,-800.0,550.0,11.5,111.5,0.0,0,False,1286.1683836579493,1832.4447249510026,1281.1290170264099,1837.484091582542,-546.2763412930533,0.07116214855067053
2017,2016-12-14,True,False,det,dal,95,85,17,26,17,35,0,20,23,21,21,0,away,5.0,190.5,-220.0,190.0,3.5,94.5,1.0,0,False,1389.5209443179283,1579.4301769490482,1350.122040205527,1618.8290810614496,-189.90923263111995,0.3734231636702129
2017,2016-12-14,True,False,sac,hou,98,132,25,18,24,31,0,36,28,38,30,0,home,13.5,213.0,800.0,-1400.0,1.5,102.5,1.0,1,True,1767.7837197771757,1446.7419356174685,1777.4208685376427,1437.1047868570015,321.0417841597073,0.9186176330024702
2017,2016-12-14,True,False,bos,sa,101,108,23,24,26,28,0,32,24,21,31,0,home,6.0,196.0,220.0,-260.0,0.0,105.0,1.0,1,True,1780.3404896298696,1573.479373435976,1791.4081074095152,1562.4117556563303,206.86111619389362,0.8540137156208826
2017,2016-12-14,True,False,cle,mem,85,93,16,20,17,32,0,28,19,27,19,0,home,7.0,190.0,260.0,-310.0,0.5,91.5,1.0,0,True,1630.4394856135557,1742.098588182338,1680.3999562668203,1692.1381175290735,-111.65910256878237,0.4832274980756775
2017,2016-12-14,True,False,okc,utah,89,109,21,20,27,21,0,26,29,25,29,0,home,7.5,199.0,280.0,-340.0,0.5,97.5,1.0,0,True,1676.06399470856,1552.5968755782385,1701.8747944248628,1526.7860758619356,123.46711913032141,0.7835338606772241
2017,2016-12-14,True,False,cha,wsh,106,109,30,24,23,29,0,26,23,38,22,0,away,2.0,211.5,-130.0,110.0,0.5,104.5,0.0,1,True,1383.9547508250355,1527.3234165607332,1418.240550610965,1493.0376167748036,-143.36866573569773,0.43790962131735867
2017,2016-12-14,True,False,lac,orl,113,108,30,30,27,26,0,25,26,36,21,0,away,8.5,210.5,-420.0,350.0,2.0,102.0,0.0,1,False,1375.4227953969137,1617.0386419479169,1351.2368819087158,1641.2245554361148,-241.6158465510032,0.306782166604826
2017,2016-12-14,True,False,tor,phi,123,114,22,38,32,31,0,25,29,20,40,0,away,8.0,205.0,-380.0,320.0,2.5,101.5,1.0,1,False,1305.3522987479016,1781.4333114955289,1294.9223123235695,1791.863297919861,-476.08101274762726,0.10294739887302916
2017,2016-12-14,True,False,lal,bkn,97,107,30,13,33,21,0,27,25,23,32,0,away,1.0,228.5,-115.0,-105.0,3.5,111.5,0.0,0,True,1214.9054626221507,1285.611261778918,1263.2217154474854,1237.2950089535834,-70.7057991567674,0.5420581258998225
2017,2016-12-14,True,False,ind,mia,89,95,21,31,27,10,0,20,33,25,17,0,away,1.0,203.5,-115.0,-105.0,0.5,100.5,0.0,0,True,1382.9590528989966,1560.693171690499,1435.1905675736139,1508.4616570158817,-177.7341187915024,0.38996161793756545
2017,2016-12-15,True,False,por,den,120,132,28,28,29,35,0,38,36,26,32,0,home,2.5,221.5,125.0,-145.0,4.0,107.0,1.0,1,True,1308.8905081401588,1537.5504345257152,1385.3102009777135,1461.1307416881605,-228.65992638555645,0.32286725435686775
2017,2016-12-15,True,False,ny,gs,90,103,25,20,21,24,0,32,27,29,15,0,home,17.5,222.0,1700.0,-5500.0,7.0,111.0,0.0,0,True,1837.484091582542,1504.8268206921573,1844.1516469265248,1498.1592653481746,332.6572708903848,0.923478477708088
2017,2016-12-15,True,False,ind,no,95,102,20,30,24,21,0,24,22,25,31,0,home,3.0,208.5,139.0,-159.0,2.0,103.0,1.0,0,True,1281.1290170264099,1508.4616570158817,1342.930527768647,1446.6601462736446,-227.33263998947177,0.3245399010055208
2017,2016-12-15,True,False,sa,phx,107,92,23,28,23,33,0,20,23,28,21,0,away,8.0,211.5,-355.0,290.0,2.5,110.5,1.0,0,False,1271.6285598965871,1791.4081074095152,1261.633937996258,1801.4027293098443,-519.779547512928,0.08192722415434718
2017,2016-12-15,True,False,chi,mil,97,108,18,27,21,31,0,30,34,24,20,0,away,0.0,206.5,-118.0,-102.0,5.0,101.0,0.0,0,True,1464.913359873017,1494.2657733922538,1508.6158360631214,1450.5632972021494,-29.352413519236734,0.6002915862797575
2017,2016-12-16,True,False,bkn,orl,111,118,28,24,30,29,0,25,28,30,35,0,home,6.5,217.5,240.0,-280.0,4.0,113.5,1.0,1,True,1351.2368819087158,1263.2217154474854,1372.5185710535425,1241.9400263026587,88.01516646123036,0.7469294247192706
2017,2016-12-16,True,False,det,wsh,108,122,27,27,23,31,0,27,38,30,27,0,away,1.5,205.0,-120.0,100.0,4.5,101.0,0.0,1,True,1418.240550610965,1618.8290810614496,1494.5999449117853,1542.4696867606294,-200.58853045048454,0.3591548713322415
2017,2016-12-16,True,False,atl,tor,125,121,35,34,26,30,0,27,25,30,39,0,home,7.0,214.0,245.0,-290.0,8.0,113.0,0.0,1,False,1791.863297919861,1358.5765463298405,1744.6478269563554,1405.7920172933461,433.28675159002046,0.9556316140962994
2017,2016-12-16,True,False,cha,bos,88,96,22,28,19,19,0,23,18,28,27,0,home,6.0,207.5,210.0,-250.0,6.5,102.5,1.0,0,True,1562.4117556563303,1493.0376167748036,1587.1726890598588,1468.276683371275,69.37413888152673,0.726114169527758
2017,2016-12-16,True,False,mil,chi,95,69,34,22,18,21,0,15,22,15,17,0,home,5.5,204.0,190.0,-220.0,8.0,100.0,0.0,0,False,1450.5632972021494,1508.6158360631214,1369.342909402998,1589.836223862273,-58.052538860971936,0.560075628610845
2017,2016-12-16,True,False,sac,mem,96,92,24,28,24,20,0,19,23,23,27,0,home,5.0,193.0,180.0,-210.0,5.5,100.0,0.0,0,False,1680.3999562668203,1437.1047868570015,1630.3755873298514,1487.1291557939703,243.29516940981875,0.8782718455985175
2017,2016-12-16,True,False,no,hou,100,122,24,26,29,21,0,35,37,25,25,0,home,12.0,224.5,600.0,-900.0,1.0,108.0,1.0,0,True,1777.4208685376427,1342.930527768647,1781.6598231952632,1338.6915731110264,434.4903407689958,0.9559244521788426
2017,2016-12-16,True,False,lal,phi,100,89,30,23,21,26,0,18,22,24,25,0,home,1.0,211.0,100.0,-120.0,4.5,103.5,0.0,0,False,1294.9223123235695,1237.2950089535834,1221.2689929436697,1310.9483283334832,57.627303369986066,0.7124628492460634
2017,2016-12-16,True,False,lac,mia,102,98,31,29,19,23,0,27,19,23,29,0,away,8.0,206.5,-400.0,330.0,0.5,99.5,0.0,0,False,1435.1905675736139,1641.2245554361148,1410.2655505122777,1666.149572497451,-206.0339878625009,0.35197236010687594
2017,2016-12-16,True,False,dal,utah,100,103,29,29,19,23,0,33,31,26,13,0,home,11.0,185.5,550.0,-800.0,5.0,94.0,0.0,1,True,1701.8747944248628,1350.122040205527,1704.9931744267008,1347.003660203689,351.7527542193359,0.93089361639187
2017,2016-12-17,True,False,cha,atl,107,99,22,31,27,27,0,22,20,32,25,0,home,2.5,208.5,120.0,-140.0,4.5,101.5,0.0,0,False,1405.7920172933461,1468.276683371275,1352.2537346450383,1521.814966019583,-62.48466607792898,0.5537800567355075
2017,2016-12-17,True,False,por,gs,90,135,21,24,27,18,0,39,31,38,27,0,home,14.0,234.0,900.0,-1600.0,1.5,112.0,1.0,0,True,1844.1516469265248,1461.1307416881605,1851.2635948900424,1454.0187937246428,383.0209052383643,0.9416124909126206
2017,2016-12-17,True,False,ind,det,105,90,27,28,28,22,0,26,18,25,21,0,home,4.5,200.5,170.0,-190.0,5.0,98.0,0.0,0,False,1542.4696867606294,1446.6601462736446,1458.3820945765096,1530.7477384577644,95.80954048698482,0.7553163141594507
2017,2016-12-17,True,False,hou,min,111,109,28,16,23,28,16,24,33,23,15,14,away,2.5,221.0,-140.0,120.0,5.0,106.0,0.0,0,False,1367.5451407665646,1781.6598231952632,1360.736258347497,1788.468705614331,-414.11468242869864,0.1408570878937548
2017,2016-12-17,True,False,phx,okc,101,114,20,19,30,32,0,30,24,35,25,0,home,6.5,215.5,240.0,-280.0,1.5,113.5,1.0,0,True,1526.7860758619356,1261.633937996258,1536.781537631046,1251.6384762271477,265.15213786567756,0.8910959289392438
2017,2016-12-17,True,False,lal,cle,108,119,31,28,24,25,0,26,36,27,30,0,home,15.5,219.5,1400.0,-4000.0,9.0,106.5,0.0,1,True,1692.1381175290735,1310.9483283334832,1696.8061999706038,1306.280245891953,381.18978919559027,0.9410302723964318
2017,2016-12-17,True,False,ny,den,114,127,22,32,26,34,0,33,29,34,31,0,home,4.0,215.0,150.0,-170.0,0.5,106.0,1.0,1,True,1385.3102009777135,1498.1592653481746,1445.5156651361763,1437.9538011897118,-112.84906437046106,0.48151713558988496
2017,2016-12-18,True,False,sac,dal,79,99,21,23,14,21,0,28,27,21,23,0,away,0.0,193.5,-115.0,-105.0,3.5,97.0,0.0,0,True,1347.003660203689,1487.1291557939703,1421.6844367479755,1412.4483792496837,-140.1254955902814,0.442510143799209
2017,2016-12-18,True,False,utah,mem,82,73,18,16,27,21,0,18,17,23,15,0,away,1.0,185.5,-115.0,-105.0,1.5,97.5,1.0,0,False,1630.3755873298514,1704.9931744267008,1576.0244737123926,1759.3442880441596,-74.61758709684932,0.5364633802127056
2017,2016-12-18,True,False,bos,mia,105,95,37,21,19,28,0,19,22,30,24,0,away,4.0,202.5,-170.0,150.0,2.5,107.5,1.0,0,False,1410.2655505122777,1587.1726890598588,1369.0021700021439,1628.4360695699927,-176.9071385475811,0.39109468755431237
2017,2016-12-18,True,False,tor,orl,109,79,23,32,29,25,0,30,21,13,15,0,away,5.5,212.0,-230.0,190.0,2.5,105.5,1.0,0,False,1372.5185710535425,1744.6478269563554,1346.4220255541607,1770.7443724557372,-372.12925590281293,0.1727156426295
2017,2016-12-18,True,False,bkn,phi,107,108,32,25,29,21,0,30,24,29,25,0,home,1.0,216.0,100.0,-120.0,1.0,113.5,2.0,0,True,1221.2689929436697,1241.9400263026587,1233.0956867790778,1230.1133324672505,-20.671033358989007,0.6122201693987407
2017,2016-12-18,True,False,lac,wsh,110,117,27,28,32,23,0,28,24,33,32,0,away,5.5,213.0,-215.0,185.0,2.5,105.5,0.0,1,True,1494.5999449117853,1666.149572497451,1549.637816138009,1611.1117012712273,-171.54962758566558,0.39846315243061936
2017,2016-12-18,True,False,no,sa,100,113,26,23,22,29,0,30,31,31,21,0,home,12.0,208.0,600.0,-900.0,3.0,100.5,1.0,1,True,1801.4027293098443,1338.6915731110264,1804.3968431670603,1335.6974592538104,462.7111561988179,0.9622840211236464
2017,2016-12-19,True,False,wsh,ind,105,107,36,21,22,26,0,29,28,31,19,0,home,5.0,211.0,175.0,-205.0,3.5,104.0,0.0,1,True,1530.7477384577644,1549.637816138009,1549.3750890658634,1531.0104655299099,-18.89007768024453,0.6146512451903867
2017,2016-12-19,True,False,atl,okc,110,108,22,26,33,29,0,16,37,25,30,0,home,3.0,211.5,135.0,-155.0,0.5,112.5,0.0,1,False,1536.781537631046,1352.2537346450383,1502.6147111675596,1386.4205611085247,184.5278029860076,0.8372454029516653
2017,2016-12-19,True,False,det,chi,82,113,19,15,29,19,0,35,34,28,16,0,home,2.0,196.5,115.0,-135.0,6.5,95.0,1.0,0,True,1369.342909402998,1458.3820945765096,1443.1845003689048,1384.5405036106029,-89.03918517351167,0.5157686495551587
2017,2016-12-19,True,False,phx,min,108,115,23,31,33,21,0,29,33,29,24,0,home,6.0,212.5,210.0,-260.0,1.0,113.0,1.0,1,True,1360.736258347497,1251.6384762271477,1379.7781791319753,1232.5965554426693,109.09778212034917,0.7691758745834452
2017,2016-12-19,True,False,dal,den,107,117,31,27,27,22,0,28,32,33,24,0,home,8.0,207.5,300.0,-365.0,4.5,102.5,1.0,1,True,1445.5156651361763,1421.6844367479755,1479.416929140977,1387.7831727431749,23.83122838820077,0.6710261517134409
2017,2016-12-20,True,False,sa,hou,102,100,26,26,19,31,0,24,21,33,22,0,home,0.0,214.0,-110.0,-110.0,2.5,113.5,0.0,0,False,1788.468705614331,1804.3968431670603,1758.5622867098548,1834.3032620715364,-15.928137552729368,0.6186817185179216
2017,2016-12-20,True,False,utah,gs,74,104,15,18,21,20,0,19,36,27,22,0,home,12.5,210.5,750.0,-1200.0,1.0,111.5,1.0,0,True,1851.2635948900424,1759.3442880441596,1885.6979146450096,1724.9099682891924,91.91930684588283,0.7511539772096911
2017,2016-12-20,True,False,den,lac,102,119,26,27,19,30,0,36,32,27,24,0,home,8.0,218.0,300.0,-360.0,0.5,106.5,1.0,1,True,1611.1117012712273,1479.416929140977,1634.5468953892448,1455.9817350229594,131.69477213025039,0.7914589848271532
2017,2016-12-20,True,False,cle,mil,114,108,35,22,27,16,14,27,26,25,22,8,away,3.5,212.0,-160.0,140.0,0.5,103.5,1.0,1,False,1589.836223862273,1696.8061999706038,1547.8849059943975,1738.7575178384793,-106.96997610833068,0.48997074346654046
2017,2016-12-20,True,False,bos,mem,112,109,15,16,31,35,15,22,23,26,26,12,away,2.0,194.5,-130.0,110.0,4.5,104.0,1.0,1,False,1576.0244737123926,1628.4360695699927,1541.3745374737912,1663.086005808594,-52.411595857600105,0.5680601270289661
2017,2016-12-20,True,False,no,phi,108,93,15,42,27,24,0,23,21,25,24,0,away,3.5,205.5,-155.0,135.0,2.5,102.0,1.0,0,False,1233.0956867790778,1335.6974592538104,1172.555502217718,1396.2376438151703,-102.60177247473257,0.4962558184157756
2017,2016-12-20,True,False,orl,mia,136,130,27,30,28,24,27,28,36,25,20,21,home,3.5,199.5,145.0,-165.0,0.0,98.0,0.0,1,False,1369.0021700021439,1346.4220255541607,1312.9508135492197,1402.4733820070849,22.58014444798323,0.6694343962896487
2017,2016-12-20,True,False,lal,cha,113,117,41,32,23,17,0,35,24,35,23,0,home,9.0,212.5,375.0,-450.0,9.0,104.0,0.0,1,True,1521.814966019583,1306.280245891953,1529.9636307634116,1298.1315811481243,215.53472012762995,0.8601292464468453
2017,2016-12-20,True,False,bkn,tor,104,116,23,23,26,32,0,29,35,27,25,0,home,15.5,224.0,1100.0,-2500.0,3.5,119.5,0.0,0,True,1770.7443724557372,1230.1133324672505,1772.532998664966,1228.3247062580217,540.6310399884867,0.9755833115019443
2017,2016-12-20,True,False,ind,ny,111,118,24,35,28,24,0,20,34,30,34,0,home,4.5,210.5,170.0,-190.0,3.5,104.5,1.0,1,True,1437.9538011897118,1549.3750890658634,1485.2048432126594,1502.124047042916,-111.42128787615161,0.48356936361104286
2017,2016-12-20,True,False,por,sac,121,126,35,37,27,22,0,27,33,33,33,0,away,1.0,217.5,-115.0,-105.0,3.5,104.5,0.0,1,True,1412.4483792496837,1454.0187937246428,1445.2996886272094,1421.1674843471171,-41.57041447495908,0.5833030713700049
2017,2016-12-21,True,False,mil,cle,102,113,22,32,23,25,0,31,28,33,21,0,home,7.0,207.5,255.0,-320.0,3.0,102.0,1.0,1,True,1738.7575178384793,1547.8849059943975,1753.2489449866584,1533.3934788462184,190.8726118440818,0.842161221823943
2017,2016-12-21,True,False,mem,det,98,86,29,24,26,19,0,19,25,19,23,0,home,6.0,189.0,215.0,-265.0,5.5,93.5,0.0,0,False,1384.5405036106029,1541.3745374737912,1337.2608766368526,1588.6541644475415,-156.83403386318832,0.41893106916527434
2017,2016-12-21,True,False,min,atl,92,84,28,21,18,25,0,26,18,25,15,0,home,4.0,216.0,155.0,-175.0,3.5,104.5,0.0,0,False,1386.4205611085247,1379.7781791319753,1324.1073429510764,1442.0913972894236,6.642381976549359,0.6488260338814744
2017,2016-12-21,True,False,wsh,chi,107,97,22,33,22,30,0,33,23,21,20,0,home,4.0,209.5,160.0,-180.0,2.5,101.0,0.0,0,False,1443.1845003689048,1531.0104655299099,1388.5830874043113,1585.6118784945033,-87.82596516100512,0.5175126778128915
2017,2016-12-21,True,False,okc,no,121,110,34,29,24,34,0,28,30,26,26,0,away,1.5,209.0,-125.0,105.0,1.0,102.5,1.0,1,False,1396.2376438151703,1502.6147111675596,1342.5729972561576,1556.279357726572,-106.3770673523893,0.49082369281897603
2017,2016-12-21,True,False,hou,phx,125,111,30,31,30,34,0,26,29,29,27,0,away,6.0,228.0,-245.0,205.0,2.0,111.5,1.0,1,False,1232.5965554426693,1758.5622867098548,1223.149016228904,1768.0098259236202,-525.9657312671854,0.07928833823887699
2017,2016-12-21,True,False,sac,utah,94,93,17,21,24,32,0,24,24,25,20,0,home,8.0,194.0,295.0,-360.0,2.0,93.0,0.0,0,False,1724.9099682891924,1445.2996886272094,1703.4850873751166,1466.7245695412853,279.610279661983,0.89891370007968
2017,2016-12-21,True,False,dal,por,96,95,30,32,19,15,0,20,18,33,24,0,home,6.0,210.0,205.0,-245.0,10.0,103.0,0.0,0,False,1421.1674843471171,1387.7831727431749,1401.008508488385,1407.942148601907,33.38431160394225,0.6830495211705572
2017,2016-12-22,True,False,gs,bkn,117,101,33,16,39,29,0,34,31,19,17,0,away,13.0,231.0,-1600.0,900.0,13.0,113.0,1.0,0,False,1228.3247062580217,1885.6979146450096,1223.481963710102,1890.5406571929293,-657.3732083869879,0.038847173604287605
2017,2016-12-22,True,False,orl,ny,95,106,19,28,25,23,0,27,30,24,25,0,home,4.0,211.0,160.0,-180.0,1.5,103.0,1.0,0,True,1485.2048432126594,1402.4733820070849,1511.3452219897638,1376.3330032299805,82.73146120557453,0.7411370608573956
2017,2016-12-22,True,False,sa,lac,101,106,22,23,28,28,0,27,30,24,25,0,away,2.5,205.5,-155.0,135.0,5.5,108.0,0.0,1,True,1634.5468953892448,1834.3032620715364,1684.982488879526,1783.8676685812552,-199.75636668229163,0.3602581662876172
2017,2016-12-22,True,False,bos,ind,109,102,22,29,26,32,0,31,9,27,35,0,away,1.0,209.5,-120.0,100.0,3.0,110.0,1.0,1,False,1502.124047042916,1663.086005808594,1464.3219726758937,1700.8880801756163,-160.96195876567822,0.4131580698834757
2017,2016-12-22,True,False,lal,mia,107,115,25,35,20,27,0,17,36,29,33,0,home,6.0,211.5,210.0,-250.0,5.0,103.5,1.0,1,True,1312.9508135492197,1298.1315811481243,1345.3913676885438,1265.6910270088001,14.819232401095405,0.659474351602994
2017,2016-12-23,True,False,sa,por,110,90,27,30,30,23,0,27,18,27,18,0,away,2.0,211.5,-125.0,105.0,2.5,111.5,1.0,0,False,1401.008508488385,1783.8676685812552,1379.0301606340954,1805.8460164355447,-382.8591600928703,0.1640677367294496
2017,2016-12-23,True,False,atl,den,109,108,29,22,31,27,0,29,26,27,26,0,home,6.0,217.0,210.0,-260.0,2.5,114.5,0.0,2,False,1455.9817350229594,1324.1073429510764,1434.6511914032128,1345.437886570823,131.874392071883,0.791629592770143
2017,2016-12-23,True,False,tor,utah,104,98,28,28,16,32,0,29,22,23,24,0,away,0.0,198.5,-115.0,-105.0,1.0,99.5,1.0,1,False,1703.4850873751166,1772.532998664966,1656.8712934912833,1819.1467925487993,-69.04791128984948,0.5444261683742524
2017,2016-12-23,True,False,gs,det,119,113,33,24,31,31,0,32,27,25,29,0,away,7.5,214.5,-345.0,280.0,7.0,105.5,0.0,1,False,1337.2608766368526,1890.5406571929293,1331.3922186305986,1896.4093151991833,-553.2797805560767,0.06854303684883854
2017,2016-12-23,True,False,dal,lac,90,88,21,29,18,22,0,24,27,21,16,0,home,3.5,195.0,150.0,-170.0,2.0,97.0,0.0,0,False,1684.982488879526,1407.942148601907,1651.0077042350092,1441.916933246424,277.04034027761895,0.8975614672921193
2017,2016-12-23,True,False,phi,phx,116,123,31,35,19,31,0,24,29,28,42,0,home,6.0,213.0,210.0,-260.0,6.5,106.5,1.0,1,True,1223.149016228904,1172.555502217718,1248.9189665267797,1146.7855519198422,50.593514011186016,0.7040973163327404
2017,2016-12-23,True,False,sac,min,109,105,25,26,27,31,0,26,29,30,20,0,home,4.5,206.5,175.0,-205.0,1.5,101.0,0.0,1,False,1442.0913972894236,1466.7245695412853,1399.121275900278,1509.6946909304309,-24.63317225186165,0.6067917627578038
2017,2016-12-23,True,False,chi,cha,91,103,26,14,27,24,0,22,26,27,28,0,home,4.0,205.0,160.0,-180.0,0.0,106.0,1.0,0,True,1529.9636307634116,1388.5830874043113,1549.68865528891,1368.858062878813,141.38054335910033,0.8005121059373373
2017,2016-12-23,True,False,wsh,mil,96,123,29,29,20,18,0,37,36,27,23,0,home,3.0,214.5,130.0,-150.0,3.0,104.5,1.0,1,True,1533.3934788462184,1585.6118784945033,1596.6832006988682,1522.3221566418536,-52.21839964828496,0.568332986470036
2017,2016-12-23,True,False,okc,bos,117,112,25,33,30,29,0,28,26,25,33,0,home,5.5,211.5,190.0,-230.0,5.5,105.0,0.0,1,False,1700.8880801756163,1556.279357726572,1645.5478113838833,1611.619626518305,144.6087224490443,0.8034630896911611
2017,2016-12-23,True,False,bkn,cle,99,119,15,25,17,42,0,29,37,32,21,0,home,16.5,225.5,1400.0,-4000.0,2.5,117.0,1.0,0,True,1753.2489449866584,1223.481963710102,1755.5214752960744,1221.209433400686,529.7669812765564,0.9740484613805596
2017,2016-12-23,True,False,lal,orl,90,109,14,26,29,21,0,30,27,29,23,0,home,4.5,209.5,180.0,-210.0,2.5,103.0,1.0,0,True,1376.3330032299805,1265.6910270088001,1403.5406108918783,1238.4834193469023,110.64197622118036,0.7707503057491824
2017,2016-12-23,True,False,hou,mem,109,115,31,18,26,34,0,25,29,23,38,0,away,3.5,205.5,-160.0,140.0,3.5,100.0,0.0,1,True,1588.6541644475415,1768.0098259236202,1641.075607371645,1715.5883829995166,-179.3556614760787,0.38774334946983513
2017,2016-12-23,True,False,mia,no,87,91,28,21,19,19,0,25,19,20,27,0,home,4.5,206.0,165.0,-185.0,5.0,100.0,0.0,0,True,1342.5729972561576,1345.3913676885438,1368.3271725141615,1319.63719243054,-2.8183704323862457,0.6363188909416209
2017,2016-12-25,True,False,gs,cle,108,109,27,28,32,21,0,25,27,28,29,0,away,3.5,219.5,-155.0,135.0,1.5,110.0,0.0,0,True,1755.5214752960744,1896.4093151991833,1772.557075461008,1879.3737150342497,-140.8878399031089,0.44142782098825334
2017,2016-12-25,True,False,bos,ny,119,114,22,34,32,31,0,28,20,34,32,0,away,1.0,209.5,-116.0,-104.0,1.5,109.5,1.0,1,False,1511.3452219897638,1645.5478113838833,1475.7945213028459,1681.0985120708012,-134.2025893941195,0.4509369053343563
2017,2016-12-25,True,False,min,okc,100,112,27,26,22,25,0,23,34,29,26,0,home,3.5,212.0,155.0,-175.0,1.0,104.0,1.0,2,True,1611.619626518305,1399.121275900278,1624.8355766206637,1385.9053257979194,212.49835061802696,0.858013165991467
2017,2016-12-25,True,False,chi,sa,100,119,25,25,26,24,0,36,19,32,32,0,home,9.0,199.0,370.0,-465.0,4.0,103.0,1.0,1,True,1805.8460164355447,1368.858062878813,1809.833781463626,1364.8702978507315,436.9879535567318,0.9565262590571169
2017,2016-12-25,True,False,lac,lal,102,111,31,27,16,28,0,27,28,34,22,0,away,2.5,209.5,-140.0,120.0,1.0,104.0,0.0,1,True,1238.4834193469023,1651.0077042350092,1325.413788213429,1564.0773353684826,-412.5242848881069,0.14196864753302907
2017,2016-12-26,True,False,mil,wsh,102,107,27,30,27,18,0,28,25,29,25,0,home,3.5,213.5,140.0,-160.0,2.5,105.5,1.0,0,True,1522.3221566418536,1596.6832006988682,1558.8372362388916,1560.1681211018301,-74.36104405701462,0.5368305919892838
2017,2016-12-26,True,False,mem,orl,102,112,18,25,28,31,0,36,32,28,16,0,away,3.0,193.0,-155.0,135.0,7.0,94.0,0.0,1,True,1403.5406108918783,1641.075607371645,1476.1507424854876,1568.4654757780356,-237.53499647976673,0.31180052681563375
2017,2016-12-26,True,False,ind,chi,85,90,19,22,20,24,0,28,23,12,27,0,home,2.0,206.5,110.0,-130.0,2.0,99.0,1.0,0,True,1364.8702978507315,1464.3219726758937,1404.2267953551434,1424.9654751714818,-99.45167482516217,0.5007891027034105
2017,2016-12-26,True,False,phi,sac,100,102,23,24,30,23,0,24,27,19,32,0,home,8.0,204.0,305.0,-365.0,4.0,101.5,0.0,0,True,1509.6946909304309,1146.7855519198422,1512.0031825903252,1144.4770602599478,362.90913901058866,0.9349124259872585
2017,2016-12-26,True,False,atl,min,90,104,25,20,20,25,0,23,31,35,15,0,away,1.5,209.0,-135.0,115.0,3.5,109.0,0.0,0,True,1385.9053257979194,1345.437886570823,1421.199191197769,1310.1440211709732,40.46743922709652,0.6918101499905974
2017,2016-12-26,True,False,den,lac,106,102,23,40,16,27,0,23,23,31,25,0,away,4.5,209.5,-185.0,165.0,3.0,101.5,0.0,0,False,1564.0773353684826,1434.6511914032128,1514.5883445090456,1484.14018226265,129.42614396526983,0.7892953253950958
2017,2016-12-26,True,False,phx,hou,115,131,23,20,37,35,0,39,30,38,24,0,home,13.0,230.5,700.0,-1100.0,0.5,120.5,1.0,1,True,1715.5883829995166,1248.9189665267797,1718.724545902076,1245.7828036242204,466.6694164727369,0.9631023340920254
2017,2016-12-26,True,False,tor,por,95,91,21,22,30,22,0,24,18,26,23,0,away,8.0,215.5,-350.0,290.0,5.0,105.0,0.0,0,False,1379.0301606340954,1819.1467925487993,1370.270461632157,1827.9064915507377,-440.11663191470393,0.12369788650298227
2017,2016-12-26,True,False,cha,bkn,118,120,40,23,25,30,0,31,23,29,37,0,away,6.5,217.0,-275.0,235.0,1.0,106.5,0.0,1,True,1221.209433400686,1549.68865528891,1259.3192433810805,1511.5788453085156,-328.47922188822395,0.21161263719432102
2017,2016-12-26,True,False,cle,det,90,106,19,25,20,26,0,22,28,26,30,0,home,5.0,203.5,190.0,-220.0,1.5,100.0,1.0,0,True,1331.3922186305986,1772.557075461008,1440.71460834742,1663.2346857441867,-441.16485683040946,0.12304529713449765
2017,2016-12-26,True,False,dal,no,104,111,20,33,24,27,0,25,30,30,26,0,home,4.5,199.5,165.0,-185.0,2.5,99.0,1.0,1,True,1368.3271725141615,1441.916933246424,1410.604066576254,1399.6400391843315,-73.58976073226245,0.537934352972963
2017,2016-12-27,True,False,okc,mia,106,94,33,28,26,19,0,19,29,21,25,0,away,4.5,203.5,-180.0,160.0,2.0,98.5,1.0,0,False,1319.63719243054,1624.8355766206637,1293.1344098652035,1651.3383591860002,-305.19838419012376,0.23483347366753696
2017,2016-12-27,True,False,mem,bos,103,113,24,24,29,26,0,28,28,28,29,0,home,7.5,198.0,280.0,-345.0,1.5,98.5,1.0,1,True,1681.0985120708012,1568.4654757780356,1702.6460744673775,1546.9179133814594,112.63303629276561,0.7727691935243778
2017,2016-12-27,True,False,utah,lal,102,100,28,20,24,30,0,25,27,22,26,0,away,5.5,204.0,-215.0,185.0,6.0,107.5,0.0,0,False,1325.413788213429,1656.8712934912833,1315.3222350379467,1666.9628466667655,-331.45750527785435,0.208766535407147
2017,2016-12-27,True,False,hou,dal,123,107,31,35,32,25,0,31,16,27,33,0,away,4.5,209.0,-185.0,165.0,3.5,101.5,1.0,1,False,1399.6400391843315,1718.724545902076,1372.1178366316547,1746.2467484547528,-319.0845067177445,0.22077568030030958
2017,2016-12-28,True,False,sac,por,89,102,21,23,19,26,0,30,30,15,27,0,home,2.0,207.0,110.0,-130.0,3.5,101.0,1.0,0,True,1370.270461632157,1512.0031825903252,1435.2702467396218,1447.0033974828605,-141.7327209581681,0.44022896858900823
2017,2016-12-28,True,False,min,den,103,105,31,18,24,30,0,22,27,32,24,0,home,4.0,217.0,150.0,-170.0,2.5,105.0,0.0,0,True,1484.14018226265,1421.199191197769,1496.933287893095,1408.406085567324,62.94099106488079,0.718688159477394
2017,2016-12-28,True,False,phx,sa,98,119,27,37,18,16,0,30,28,31,30,0,home,11.5,214.0,600.0,-900.0,10.0,114.0,1.0,1,True,1809.833781463626,1245.7828036242204,1811.6949390181726,1243.921646069674,564.0509778394057,0.978596913963891
2017,2016-12-28,True,False,lac,no,98,102,27,29,21,21,0,19,30,27,26,0,away,1.0,209.5,-120.0,100.0,2.0,102.5,0.0,0,True,1410.604066576254,1514.5883445090456,1446.4177260461745,1478.774685039125,-103.98427793279166,0.4942664144753789
2017,2016-12-28,True,False,tor,gs,111,121,17,38,32,24,0,42,30,32,17,0,home,9.5,227.5,425.0,-550.0,0.5,112.0,1.0,1,True,1879.3737150342497,1827.9064915507377,1908.960444986864,1798.3197615981233,51.46722348351204,0.7051441021847124
2017,2016-12-28,True,False,ny,atl,98,102,25,22,19,19,13,22,23,20,20,17,home,5.5,211.0,185.0,-215.0,5.5,103.5,0.0,0,True,1310.1440211709732,1475.7945213028459,1352.163680043269,1433.77486243055,-165.6505001318726,0.40662995464465634
2017,2016-12-28,True,False,mil,det,119,94,31,31,28,29,0,28,26,21,19,0,home,3.0,203.0,135.0,-155.0,4.0,99.5,0.0,1,False,1440.71460834742,1560.1681211018301,1373.0456764507423,1627.8370529985077,-119.45351275441021,0.4720333643990071
2017,2016-12-28,True,False,cha,orl,120,101,32,30,35,23,0,28,27,13,33,0,away,4.5,204.5,-185.0,165.0,0.5,100.0,1.0,1,False,1476.1507424854876,1511.5788453085156,1398.1349019758961,1589.594685818107,-35.428102823027984,0.5918710760509291
2017,2016-12-28,True,False,ind,wsh,105,111,25,23,26,31,0,23,35,27,26,0,home,4.0,214.5,160.0,-180.0,1.0,105.5,1.0,1,True,1558.8372362388916,1424.9654751714818,1574.4288078996242,1409.3739035107492,133.8717610674098,0.7935198177602218
2017,2016-12-28,True,False,bkn,chi,99,101,20,29,29,21,0,23,23,30,25,0,home,9.5,213.5,425.0,-550.0,7.5,113.5,0.0,0,True,1404.2267953551434,1259.3192433810805,1412.5132829723605,1251.0327557638634,144.90755197406293,0.803734585106098
2017,2016-12-29,True,False,okc,mem,80,114,21,18,22,19,0,27,28,23,36,0,home,1.0,197.5,100.0,-120.0,4.5,95.5,1.0,0,True,1546.9179133814594,1651.3383591860002,1626.1306854382813,1572.1255871291783,-104.4204458045408,0.49363881035475876
2017,2016-12-29,True,False,bos,cle,118,124,25,34,24,35,0,32,34,35,23,0,home,6.0,216.5,210.0,-250.0,0.5,113.0,2.0,1,True,1663.2346857441867,1702.6460744673775,1698.6539223242983,1667.226837887266,-39.41138872319084,0.5863207507608783
2017,2016-12-29,True,False,mia,cha,82,91,19,30,17,16,0,21,21,31,18,0,home,6.0,204.5,210.0,-250.0,6.0,100.0,1.0,0,True,1589.594685818107,1293.1344098652035,1596.8316062956535,1285.897489387657,296.46027595290366,0.9073928221340503
2017,2016-12-29,True,False,dal,lal,101,89,26,24,31,20,0,27,30,13,19,0,home,4.0,205.0,155.0,-175.0,0.0,100.5,0.0,0,False,1315.3222350379467,1372.1178366316547,1251.9122370510538,1435.5278346185476,-56.79560159370794,0.5618576108302523
2017,2016-12-29,True,False,tor,phx,91,99,18,22,22,29,0,16,26,34,23,0,away,8.5,223.0,-420.0,350.0,6.5,110.0,0.0,0,True,1243.921646069674,1798.3197615981233,1334.0125573851856,1708.2288502826116,-554.3981155284494,0.06813316543251847
2017,2016-12-29,True,False,phi,utah,83,100,24,27,23,9,0,22,27,21,30,0,home,14.0,196.5,1000.0,-2000.0,10.0,96.0,1.0,0,True,1666.9628466667655,1144.4770602599478,1669.2209149245753,1142.218992002138,522.4857864068176,0.9729676419504625
2017,2016-12-30,True,False,lac,hou,116,140,23,34,41,18,0,37,37,34,32,0,home,10.5,217.0,475.0,-650.0,0.5,104.0,1.0,1,True,1746.2467484547528,1478.774685039125,1758.2719034577826,1466.7495300360952,267.4720634156279,0.8923851563131653
2017,2016-12-30,True,False,ny,no,92,104,21,30,18,23,0,31,24,24,25,0,home,3.5,215.5,140.0,-160.0,1.0,105.5,1.0,0,True,1446.4177260461745,1433.77486243055,1484.683057353252,1395.5095311234725,12.642863615624492,0.6566553275100644
2017,2016-12-30,True,False,phi,den,124,122,30,30,31,33,0,28,32,27,35,0,home,10.0,213.5,450.0,-600.0,6.5,106.0,0.0,1,False,1496.933287893095,1142.218992002138,1463.678278039445,1175.474001855788,354.7142958909569,0.931982302571067
2017,2016-12-30,True,False,por,sa,94,110,32,20,21,21,0,22,25,33,30,0,home,9.5,202.0,400.0,-500.0,8.5,97.5,1.0,1,True,1811.6949390181726,1435.2702467396218,1817.1753071570388,1429.7898786007556,376.42469227855076,0.9394895708906801
2017,2016-12-30,True,False,dal,gs,99,108,29,19,21,30,0,29,30,32,17,0,home,18.0,215.0,1800.0,-8000.0,7.0,106.0,0.0,0,True,1908.960444986864,1435.5278346185476,1911.404107944556,1433.0841716608556,473.43261036831655,0.9644611624721716
2017,2016-12-30,True,False,det,atl,98,105,19,22,21,36,0,19,32,23,31,0,home,2.5,199.5,125.0,-145.0,1.5,97.5,1.0,1,True,1352.163680043269,1373.0456764507423,1387.6701438989326,1337.5392125950789,-20.881996407473252,0.6119318233025073
2017,2016-12-30,True,False,mia,bos,114,117,25,23,30,36,0,25,27,30,35,0,home,9.5,203.5,400.0,-500.0,4.5,99.0,0.0,1,True,1667.226837887266,1285.897489387657,1669.8288642004607,1283.2954630744623,381.32934849960884,0.941074837337633
2017,2016-12-30,True,False,bkn,wsh,95,118,23,27,27,18,0,31,35,25,27,0,home,7.5,219.5,270.0,-330.0,1.0,114.5,1.0,0,True,1574.4288078996242,1251.0327557638634,1582.9214878417501,1242.5400758217374,323.3960521357608,0.9196250590953674
2017,2016-12-30,True,False,mil,min,99,116,21,27,23,28,0,34,21,30,31,0,home,1.0,209.5,100.0,-120.0,1.5,103.0,1.0,1,True,1408.406085567324,1627.8370529985077,1493.0305741093662,1543.2125644564655,-219.43096743118372,0.33458946059559125
2017,2016-12-30,True,False,chi,ind,101,111,22,28,23,28,0,28,34,22,27,0,home,4.0,202.5,150.0,-170.0,2.5,106.0,1.0,1,True,1409.3739035107492,1412.5132829723605,1447.7900783649688,1374.0971081181408,-3.13937946161127,0.6358911529811995
2017,2016-12-31,True,False,lac,okc,88,114,12,28,28,20,0,33,36,27,18,0,home,9.0,209.5,375.0,-450.0,2.0,100.5,1.0,0,True,1572.1255871291783,1466.7495300360952,1602.9098258719675,1435.9652912933059,105.37605709308309,0.7653502542093469
2017,2016-12-31,True,False,ny,hou,122,129,32,23,37,30,0,27,42,30,30,0,home,12.5,224.0,800.0,-1400.0,3.0,110.0,0.0,1,True,1758.2719034577826,1395.5095311234725,1762.6453152206252,1391.13611936063,362.76237233431016,0.9348609965522545
2017,2016-12-31,True,False,phx,utah,86,91,29,22,20,15,0,29,26,21,15,0,home,11.5,207.5,550.0,-800.0,5.0,107.5,0.0,0,True,1669.2209149245753,1334.0125573851856,1673.6782364663782,1329.5552358433827,335.2083575393897,0.9245097920752953
2017,2016-12-31,True,False,cle,cha,121,109,35,36,28,22,0,28,31,23,27,0,away,1.0,210.5,-120.0,100.0,4.0,103.0,1.0,1,False,1596.8316062956535,1698.6539223242983,1540.698689884554,1754.7868387353979,-101.82231602864476,0.4973775004723049
2017,2016-12-31,True,False,mem,sac,112,98,21,29,32,30,0,20,25,22,31,0,away,1.5,195.5,-125.0,105.0,0.5,94.0,1.0,1,False,1447.0033974828605,1626.1306854382813,1400.7649531663997,1672.369129754742,-179.1272879554208,0.3880554851004246
2017,2016-12-31,True,False,mil,chi,116,96,22,27,31,36,0,27,24,25,20,0,home,3.0,204.0,130.0,-150.0,1.5,99.0,0.0,1,False,1374.0971081181408,1543.2125644564655,1320.2688405504812,1597.0408320241252,-169.11545633832475,0.40182647442125513
2017,2017-01-01,True,False,det,mia,107,98,33,25,27,22,0,37,29,15,17,0,away,6.5,198.0,-280.0,240.0,6.5,99.5,1.0,1,False,1283.2954630744623,1337.5392125950789,1226.0055330505397,1394.8291426190015,-54.243749520616575,0.5654704654093867
2017,2017-01-01,True,False,por,min,95,89,24,13,32,26,0,23,26,15,25,0,home,6.0,208.0,210.0,-250.0,0.0,100.5,0.0,0,False,1493.0305741093662,1429.7898786007556,1435.1283822544328,1487.692070455689,63.24069550861054,0.7190368285690687
2017,2017-01-01,True,False,orl,ind,104,117,17,34,22,31,0,27,35,27,28,0,home,6.0,209.5,200.0,-240.0,1.0,102.5,1.0,1,True,1447.7900783649688,1398.1349019758961,1480.6490626669072,1365.2759176739578,49.65517638907272,0.7029707042431179
2017,2017-01-01,True,False,tor,lal,123,114,27,31,27,38,0,33,24,26,31,0,away,8.0,218.0,-380.0,320.0,5.0,108.5,1.0,1,False,1251.9122370510538,1708.2288502826116,1240.3686577836704,1719.772429549995,-456.31661323155777,0.11393892675539571
2017,2017-01-01,True,False,sa,atl,112,114,27,19,28,26,12,25,19,25,31,14,away,5.0,199.5,-200.0,175.0,2.5,104.0,0.0,1,True,1387.6701438989326,1817.1753071570388,1429.7021641083045,1775.1432869476669,-429.5051632581062,0.13047287343312888
2017,2017-01-02,True,False,no,cle,82,90,22,21,26,13,0,15,29,23,23,0,home,9.0,218.0,350.0,-420.0,6.0,105.5,0.0,0,True,1754.7868387353979,1484.683057353252,1762.8681914606218,1476.601704628028,270.1037813821458,0.8938313861861968
2017,2017-01-02,True,False,utah,bkn,101,89,24,26,20,31,0,26,26,18,19,0,away,6.5,206.0,-280.0,240.0,5.5,107.5,1.0,0,False,1242.5400758217374,1673.6782364663782,1227.9351388314522,1688.2831734566635,-431.1381606446407,0.1294101129822504
2017,2017-01-02,True,False,orl,ny,115,103,33,34,25,23,0,32,27,21,23,0,home,4.0,210.5,155.0,-175.0,4.5,104.0,0.0,1,False,1391.13611936063,1365.2759176739578,1317.0315644315936,1439.3804726029941,25.8602016866721,0.673599278997055
2017,2017-01-02,True,False,wsh,hou,91,101,29,24,17,21,0,14,27,37,23,0,home,7.5,231.0,290.0,-350.0,8.0,113.0,1.0,0,True,1762.6453152206252,1582.9214878417501,1777.5412683791155,1568.0255346832598,179.72382737887506,0.833441898819093
2017,2017-01-02,True,False,cha,chi,111,118,23,34,28,26,0,25,33,24,36,0,away,1.0,200.0,-120.0,100.0,1.5,98.0,0.0,1,True,1320.2688405504812,1540.698689884554,1381.2678817327776,1479.6996487022575,-220.42984933407274,0.3333104983887824
2017,2017-01-02,True,False,den,gs,119,127,33,31,21,34,0,35,33,26,33,0,home,15.5,232.0,1200.0,-3000.0,8.0,114.0,0.0,1,True,1911.404107944556,1463.678278039445,1914.1403612760967,1460.9420247079045,447.7258299051109,0.9590253264991293
2017,2017-01-02,True,False,phx,lac,98,109,26,32,18,22,0,27,37,25,20,0,home,4.5,214.0,170.0,-190.0,0.5,111.0,1.0,0,True,1435.9652912933059,1329.5552358433827,1459.0480079860108,1306.4725191506777,106.41005544992322,0.7664175116626863
2017,2017-01-02,True,False,okc,mil,94,98,30,26,16,22,0,22,28,29,19,0,home,1.5,213.5,100.0,-120.0,2.5,103.5,1.0,0,True,1597.0408320241252,1602.9098258719675,1623.0834744982353,1576.8671833978574,-5.8689938478423755,0.6322453736952123
2017,2017-01-03,True,False,sac,den,120,113,29,31,34,26,0,28,23,37,25,0,home,4.0,214.5,155.0,-175.0,4.5,106.0,0.0,1,False,1460.9420247079045,1400.7649531663997,1399.196351895532,1462.5106259787722,60.1770715415048,0.7154603036712367
2017,2017-01-03,True,False,wsh,dal,105,113,29,38,21,17,0,28,33,26,26,0,home,0.0,201.5,-110.0,-110.0,2.5,99.5,1.0,1,True,1433.0841716608556,1568.0255346832598,1486.2682033785609,1514.8415029655546,-134.94136302240418,0.44988418295885096
2017,2017-01-03,True,False,mem,lal,102,116,20,28,29,25,0,22,35,34,25,0,away,5.0,207.0,-210.0,180.0,6.0,101.5,0.0,1,True,1240.3686577836704,1672.369129754742,1344.1696208309008,1568.5681667075116,-432.00047197107165,0.12885189662740584
2017,2017-01-03,True,False,mia,phx,90,99,29,23,14,24,0,28,28,27,16,0,home,5.0,212.5,180.0,-210.0,2.0,106.0,1.0,0,True,1306.4725191506777,1226.0055330505397,1330.9809419532244,1201.497110247993,80.466986100138,0.7386283375772031
2017,2017-01-03,True,False,min,phi,91,93,16,26,26,23,0,29,28,22,14,0,away,4.5,205.5,-190.0,170.0,6.5,102.5,0.0,0,True,1175.474001855788,1435.1283822544328,1210.0289666842382,1400.5734174259826,-259.6543803986449,0.2851526258734961
2017,2017-01-03,True,False,utah,bos,104,115,29,16,29,30,0,28,26,31,30,0,home,5.5,200.0,185.0,-215.0,0.0,104.0,1.0,1,True,1669.8288642004607,1688.2831734566635,1711.896371344648,1646.215666312476,-18.454309256202805,0.6152452214235046
2017,2017-01-03,True,False,tor,sa,82,110,18,23,17,24,0,29,31,28,22,0,home,6.0,206.5,215.0,-255.0,2.5,100.5,1.0,0,True,1775.1432869476669,1719.772429549995,1815.88453998686,1679.0311765108017,55.3708573976719,0.7097945724083405
2017,2017-01-03,True,False,ind,det,121,116,36,30,26,29,0,28,32,32,24,0,home,5.0,205.0,175.0,-200.0,4.0,101.5,0.0,1,False,1394.8291426190015,1480.6490626669072,1353.8025095365847,1521.675695749324,-85.81992004790573,0.5203954521571758
2017,2017-01-04,True,False,mia,sac,107,102,30,34,23,20,0,25,34,22,21,0,home,7.5,204.0,280.0,-340.0,7.5,99.5,0.0,1,False,1462.5106259787722,1201.497110247993,1406.9460139859661,1257.061722240799,261.0135157307791,0.8887623377343299
2017,2017-01-04,True,False,mem,lac,106,115,29,34,22,21,0,30,23,36,26,0,away,1.5,196.5,-125.0,105.0,2.5,96.5,0.0,1,True,1459.0480079860108,1568.5681667075116,1511.0925928058705,1516.523581887652,-109.52015872150082,0.4863028181770265
2017,2017-01-04,True,False,chi,cle,106,94,16,36,31,23,0,23,23,28,20,0,home,4.5,204.0,170.0,-190.0,4.0,105.0,0.0,0,False,1762.8681914606218,1381.2678817327776,1685.9882405287094,1458.14783266469,381.6003097278442,0.941161272217016
2017,2017-01-04,True,False,mil,ny,105,104,27,25,21,32,0,25,27,35,17,0,away,3.5,213.5,-170.0,150.0,2.5,103.5,0.0,0,False,1317.0315644315936,1623.0834744982353,1309.8963919640762,1630.2186469657527,-306.05191006664177,0.23395177124488248
2017,2017-01-04,True,False,okc,cha,112,123,22,33,33,24,0,27,33,27,36,0,home,2.0,208.5,115.0,-135.0,0.5,102.0,1.0,1,True,1479.6996487022575,1576.8671833978574,1533.921924959194,1522.6449071409208,-97.1675346955999,0.5040761549372267
2017,2017-01-04,True,False,atl,orl,111,92,23,29,26,33,0,26,21,18,27,0,away,2.0,207.0,-130.0,110.0,0.0,108.0,1.0,0,False,1439.3804726029941,1429.7021641083045,1354.158579563613,1514.9240571476855,9.678308494689645,0.6527975690491498
2017,2017-01-04,True,False,por,gs,117,125,34,37,21,25,0,40,29,30,26,0,home,16.5,222.5,1200.0,-3000.0,11.5,109.0,0.0,1,True,1914.1403612760967,1487.692070455689,1917.2626129361524,1484.5698187956332,426.4482908204077,0.9539322699321277
2017,2017-01-05,True,False,lal,por,109,118,24,38,22,25,0,29,24,31,34,0,home,6.5,221.0,230.0,-270.0,7.0,109.5,1.0,1,True,1484.5698187956332,1344.1696208309008,1502.3726251147723,1326.3668145117617,140.40019796473234,0.7996093814054439
2017,2017-01-05,True,False,sa,den,127,99,29,29,32,37,0,33,20,24,22,0,away,7.0,213.5,-300.0,250.0,2.5,110.5,1.0,1,False,1399.196351895532,1815.88453998686,1378.591030880598,1836.489861001794,-416.68818809132813,0.1390738366879056
2017,2017-01-05,True,False,bkn,ind,109,121,27,25,32,25,0,34,25,38,24,0,home,10.5,218.5,450.0,-600.0,3.5,113.0,1.0,1,True,1521.675695749324,1227.9351388314522,1529.869660101777,1219.741174478999,293.7405569178718,0.9060688170396598
2017,2017-01-05,True,False,utah,tor,93,101,27,25,21,20,0,18,30,23,30,0,home,4.5,197.0,175.0,-200.0,5.0,102.5,1.0,0,True,1679.0311765108017,1646.215666312476,1708.766083219835,1616.4807596034427,32.81551019832568,0.682340237520944
2017,2017-01-05,True,False,cha,det,114,115,26,22,22,44,0,37,21,27,30,0,home,4.5,208.5,180.0,-210.0,0.5,101.5,0.0,1,True,1353.8025095365847,1533.921924959194,1372.507220602132,1515.2172138936467,-180.11941542260934,0.3867001387380434
2017,2017-01-05,True,False,okc,hou,116,118,38,18,27,33,0,33,34,30,21,0,home,8.0,227.5,330.0,-400.0,1.0,110.5,0.0,1,True,1777.5412683791155,1522.6449071409208,1781.96212062356,1518.2240548964764,254.8963612381947,0.8852330788671043
2017,2017-01-05,True,False,atl,no,99,94,23,19,33,24,0,28,19,25,22,0,home,1.5,208.5,100.0,-120.0,0.5,107.5,0.0,0,False,1476.601704628028,1514.9240571476855,1430.2578813234186,1561.267880452295,-38.32235251965744,0.5878404604844512
2017,2017-01-05,True,False,phx,dal,102,95,19,22,29,32,0,22,23,27,23,0,home,5.0,206.0,185.0,-215.0,2.0,107.0,0.0,0,False,1486.2682033785609,1330.9809419532244,1421.8817955530499,1395.3673497787354,155.2872614253365,0.8129892228579615
2017,2017-01-06,True,False,mia,lal,100,127,23,33,23,21,0,32,26,32,37,0,home,2.5,213.5,120.0,-140.0,1.5,105.5,1.0,1,True,1326.3668145117617,1257.061722240799,1363.9313122438728,1219.497224508688,69.30509227096263,0.7260351177638292
2017,2017-01-06,True,False,mem,gs,128,119,27,28,24,32,17,34,33,31,13,8,home,13.5,216.0,750.0,-1200.0,4.5,106.0,0.0,1,False,1917.2626129361524,1516.523581887652,1848.7691530484788,1585.0170417753257,400.73903104850046,0.9469738138326608
2017,2017-01-06,True,False,lac,sac,106,98,19,34,22,31,0,29,12,32,25,0,away,2.5,212.5,-140.0,120.0,2.5,103.5,1.0,0,False,1406.9460139859661,1511.0925928058705,1359.183962122815,1558.8546446690216,-104.14657881990433,0.4940328767048367
2017,2017-01-06,True,False,ny,mil,116,111,32,21,30,33,0,33,32,31,15,0,home,5.5,213.5,190.0,-220.0,1.0,104.5,0.0,1,False,1630.2186469657527,1309.8963919640762,1575.3858313167502,1364.7292076130786,320.32225500167647,0.9183074469681247
2017,2017-01-06,True,False,phi,bos,106,110,23,39,18,26,0,25,26,27,32,0,home,11.0,213.0,525.0,-750.0,10.0,104.5,0.0,1,True,1711.896371344648,1210.0289666842382,1713.3267408452848,1208.5985971836014,501.8674046604099,0.9696643762590241
2017,2017-01-06,True,False,hou,orl,100,93,19,25,35,21,0,22,30,23,18,0,away,5.0,224.0,-200.0,175.0,5.5,107.0,1.0,0,False,1354.158579563613,1781.96212062356,1342.1188629014662,1794.0018372857069,-427.80354105994684,0.1315881781983915
2017,2017-01-06,True,False,min,wsh,105,112,29,19,37,20,0,32,24,24,32,0,home,4.5,211.5,170.0,-190.0,0.0,102.0,1.0,1,True,1514.8415029655546,1400.5734174259826,1533.3646489284977,1382.0502714630395,114.26808553957198,0.7744176853540148
2017,2017-01-06,True,False,cle,bkn,116,108,24,26,36,30,0,20,19,29,40,0,away,13.0,221.0,-1100.0,700.0,4.0,105.0,0.0,1,False,1219.741174478999,1685.9882405287094,1209.2715479778115,1696.457867029897,-466.2470660497104,0.10829391738082819
2017,2017-01-07,True,False,ny,ind,109,123,29,14,27,39,0,33,29,34,27,0,home,7.0,216.0,260.0,-310.0,2.5,105.0,1.0,1,True,1529.869660101777,1364.7292076130786,1548.1282165806272,1346.4706511342285,165.14045248869843,0.8214600813253082
2017,2017-01-07,True,False,no,bos,108,117,31,22,20,35,0,28,29,36,24,0,home,6.0,212.5,220.0,-260.0,2.5,104.0,1.0,1,True,1713.3267408452848,1430.2578813234186,1721.167001636531,1422.4176205321724,283.0688595218662,0.9007084916073226
2017,2017-01-07,True,False,utah,min,94,92,25,22,22,25,0,24,24,32,12,0,away,4.5,193.0,-190.0,170.0,4.0,99.5,0.0,0,False,1382.0502714630395,1616.4807596034427,1366.7921748112703,1631.7388562552119,-234.4304881404032,0.3156481385478141
2017,2017-01-07,True,False,den,okc,106,121,22,38,20,26,0,24,36,28,33,0,home,8.0,221.5,300.0,-360.0,5.5,108.0,1.0,1,True,1518.2240548964764,1378.591030880598,1539.7510498333609,1357.0640359437136,139.6330240158784,0.7989008173520742
2017,2017-01-07,True,False,tor,chi,118,123,28,33,25,21,11,29,19,26,33,16,away,1.5,207.0,-120.0,100.0,3.5,101.0,0.0,1,True,1458.14783266469,1708.766083219835,1513.6593849678727,1653.2545309166524,-250.6182505551451,0.295873017346325
2017,2017-01-07,True,False,atl,dal,97,82,22,23,21,31,0,20,22,17,23,0,away,1.5,197.0,-125.0,105.0,0.5,102.5,1.0,0,False,1421.8817955530499,1561.267880452295,1367.770127255898,1615.379548749447,-139.38608489924513,0.4435604290143736
2017,2017-01-07,True,False,cha,sa,85,102,24,26,14,21,0,24,23,26,29,0,home,11.0,208.5,550.0,-800.0,8.5,102.5,1.0,0,True,1836.489861001794,1515.2172138936467,1844.3135943224786,1507.393480572962,321.27264710814734,0.9187169293845319
2017,2017-01-08,True,False,mia,lac,86,98,19,20,27,20,0,20,32,28,18,0,home,9.0,207.0,375.0,-450.0,1.0,101.5,1.0,0,True,1558.8546446690216,1219.497224508688,1565.0766072563927,1213.275261921317,339.3574201603335,0.9261598768809881
2017,2017-01-08,True,False,utah,mem,79,88,18,17,16,28,0,19,23,21,25,0,home,2.5,187.0,120.0,-140.0,1.5,97.5,1.0,0,True,1585.0170417753257,1631.7388562552119,1627.9661594435836,1588.789738586954,-46.721814479886234,0.576078072592322
2017,2017-01-08,True,False,cle,phx,120,116,41,28,24,27,0,28,25,37,26,0,away,8.5,221.0,-420.0,350.0,0.0,110.0,0.0,1,False,1395.3673497787354,1696.457867029897,1378.4347749771212,1713.3904418315112,-301.0905172511616,0.23910909673378777
2017,2017-01-08,True,False,gs,sac,117,106,24,27,39,27,0,33,25,22,26,0,away,11.5,226.0,-850.0,575.0,12.0,112.0,0.0,0,False,1359.183962122815,1848.7691530484788,1348.6891535261973,1859.2639616450965,-489.5851909256637,0.09598685617272892
2017,2017-01-08,True,False,det,por,125,124,31,22,27,26,19,30,26,31,19,18,home,3.5,213.0,150.0,-170.0,1.0,105.0,0.0,1,False,1502.3726251147723,1372.507220602132,1481.0558201380122,1393.824025578892,129.86540451264023,0.7897155425636513
2017,2017-01-08,True,False,hou,tor,129,122,27,34,34,34,0,37,26,36,23,0,away,2.5,226.5,-135.0,115.0,3.0,110.5,1.0,1,False,1653.2545309166524,1794.0018372857069,1612.847652243466,1834.4087159588933,-140.7473063690545,0.4416272990879407
2017,2017-01-08,True,False,phi,bkn,105,95,24,22,32,27,0,27,30,16,22,0,home,1.0,216.0,-105.0,-115.0,4.0,106.5,0.0,0,False,1209.2715479778115,1208.5985971836014,1141.691327697707,1276.1788174637059,0.6729507942100099,0.6409569714414867
2017,2017-01-08,True,False,orl,lal,95,111,34,26,9,26,0,40,22,19,30,0,home,2.5,217.0,120.0,-140.0,1.0,106.5,1.0,0,True,1363.9313122438728,1342.1188629014662,1404.379800278612,1301.670374866727,21.81244934240658,0.6684557297195487
2017,2017-01-08,True,False,wsh,mil,107,101,24,25,33,25,0,31,26,21,23,0,away,1.0,211.5,-120.0,100.0,3.0,103.0,1.0,0,False,1575.3858313167502,1533.3646489284977,1518.3852529941803,1590.3652272510676,42.021182388252555,0.6937138253009728
2017,2017-01-09,True,False,no,ny,110,96,29,31,31,19,0,26,25,15,30,0,home,3.0,215.0,140.0,-160.0,4.0,104.0,0.0,0,False,1346.4706511342285,1422.4176205321724,1282.7755893951996,1486.1126822712013,-75.9469693979438,0.5345598980898456
2017,2017-01-09,True,False,dal,min,92,101,19,27,24,22,0,33,21,23,24,0,home,4.5,196.5,165.0,-185.0,0.0,97.5,1.0,0,True,1366.7921748112703,1367.770127255898,1403.3900390171796,1331.1722630499887,-0.97795244462759,0.6387670346802075
2017,2017-01-09,True,False,okc,chi,109,94,26,35,28,20,0,20,26,21,27,0,away,1.0,210.0,-120.0,100.0,4.5,100.5,1.0,0,False,1513.6593849678727,1539.7510498333609,1439.879083923284,1613.5313508779495,-26.091664865488156,0.604786786547289
2017,2017-01-10,True,False,det,sac,94,100,29,27,21,17,0,21,22,25,32,0,home,3.0,206.0,130.0,-150.0,5.0,100.5,1.0,0,True,1348.6891535261973,1393.824025578892,1384.7944911554912,1357.718687949598,-45.13487205269462,0.5783074282183107
2017,2017-01-10,True,False,cle,utah,92,100,29,12,25,26,0,29,27,19,25,0,away,1.0,203.0,-120.0,100.0,5.5,99.5,0.0,0,True,1588.789738586954,1713.3904418315112,1640.5456827066807,1661.6344977117844,-124.60070324455728,0.46465578921725004
2017,2017-01-10,True,False,mil,sa,109,107,23,30,30,26,0,23,36,30,18,0,home,10.0,203.5,450.0,-600.0,4.0,97.5,0.0,1,False,1844.3135943224786,1518.3852529941803,1810.7480799257726,1551.9507673908863,325.9283413282983,0.9206959479062258
2017,2017-01-10,True,False,atl,bkn,117,97,35,26,25,31,0,29,14,27,27,0,away,8.5,216.5,-380.0,320.0,0.5,113.5,1.0,0,False,1141.691327697707,1615.379548749447,1127.7292656051172,1629.3416108420367,-473.6882210517399,0.10422639330281425
2017,2017-01-10,True,False,bos,tor,106,114,18,37,29,22,0,23,23,34,34,0,home,5.5,218.0,190.0,-220.0,6.5,114.0,1.0,1,True,1612.847652243466,1721.167001636531,1662.3438483103162,1671.6708055696809,-108.31934939306507,0.48802978149022663
2017,2017-01-10,True,False,chi,wsh,99,101,36,25,16,22,0,26,23,32,20,0,home,12.0,203.5,600.0,-900.0,10.5,105.5,0.0,0,True,1590.3652272510676,1439.879083923284,1598.4007688153104,1431.8435423590413,150.48614332778357,0.8087508933862804
2017,2017-01-10,True,False,cha,hou,114,121,26,21,32,35,0,32,35,29,25,0,home,9.0,227.0,400.0,-500.0,1.5,109.5,0.0,1,True,1834.4087159588933,1507.393480572962,1839.8451796865556,1501.9570168452997,327.0152353859312,0.9211515770347916
2017,2017-01-10,True,False,mia,gs,95,107,29,25,14,27,0,27,26,26,28,0,home,14.5,218.0,1000.0,-2000.0,10.5,106.5,0.0,0,True,1859.2639616450965,1213.275261921317,1860.1870563370485,1212.352167229365,645.9886997237795,0.9865370066371162
2017,2017-01-10,True,False,por,lal,108,87,25,30,23,30,0,26,31,12,18,0,away,2.5,228.5,-140.0,120.0,3.5,110.5,1.0,0,False,1404.379800278612,1481.0558201380122,1331.8185517437148,1553.6170686729095,-76.67601985940018,0.533515572745471
2017,2017-01-11,True,False,wsh,bos,108,117,35,24,26,23,0,36,19,28,34,0,home,5.5,218.0,195.0,-230.0,5.5,107.5,1.0,1,True,1671.6708055696809,1598.4007688153104,1697.1060029353066,1572.9655714496846,73.2700367543705,0.7305515114835635
2017,2017-01-11,True,False,ny,phi,97,98,32,20,23,22,0,27,20,24,27,0,away,2.0,211.5,-130.0,110.0,0.0,103.5,0.0,0,True,1276.1788174637059,1282.7755893951996,1287.4244977312733,1271.5299091276322,-6.596771931493777,0.6312707465126747
2017,2017-01-11,True,False,mem,okc,95,103,22,22,23,28,0,28,27,20,28,0,home,4.5,204.0,165.0,-185.0,1.5,98.5,1.0,0,True,1613.5313508779495,1627.9661594435836,1650.2005335903025,1591.2969767312306,-14.434808565634057,0.6207076305326094
2017,2017-01-11,True,False,hou,min,105,119,23,31,23,28,0,30,25,34,30,0,away,3.5,218.5,-160.0,140.0,3.5,104.0,0.0,1,True,1403.3900390171796,1839.8451796865556,1507.5307258258013,1735.704492877934,-436.4551406693761,0.12600076980046152
2017,2017-01-11,True,False,orl,lac,96,105,33,18,24,21,0,28,28,17,32,0,home,10.5,209.0,475.0,-650.0,4.5,103.5,0.0,0,True,1565.0766072563927,1301.670374866727,1573.8882474283919,1292.8587346947277,263.4062323896658,0.8901167732899251
2017,2017-01-11,True,False,cle,por,86,102,20,21,20,25,0,27,22,24,29,0,away,5.5,222.0,-240.0,200.0,6.0,109.0,0.0,0,True,1553.6170686729095,1661.6344977117844,1617.3858510549028,1597.865715329791,-108.01742903887498,0.4884640397017301
2017,2017-01-12,True,False,dal,phx,113,108,32,25,31,25,0,29,30,17,32,0,away,2.0,207.5,-140.0,120.0,1.5,105.0,1.0,1,False,1378.4347749771212,1331.1722630499887,1325.7325794747674,1383.8744585523425,47.26251192713244,0.7000867861218298
2017,2017-01-12,True,False,lal,sa,94,134,24,30,21,19,0,36,36,34,28,0,home,14.0,212.5,950.0,-1800.0,1.5,102.5,1.0,1,True,1810.7480799257726,1331.8185517437148,1814.5564485767525,1328.010183092735,478.92952818205777,0.9655299487750738
2017,2017-01-12,True,False,det,gs,107,127,30,28,19,30,0,37,23,41,26,0,home,13.5,218.5,900.0,-1600.0,9.0,107.0,1.0,1,True,1860.1870563370485,1357.718687949598,1862.8827003454965,1355.02304394115,502.4683683874505,0.9697659713769663
2017,2017-01-12,True,False,no,bkn,104,95,35,16,22,31,0,31,26,22,16,0,home,2.5,214.5,120.0,-140.0,1.0,104.0,0.0,0,False,1127.7292656051172,1486.1126822712013,1109.0555087475338,1504.7864391287847,-358.38341666608403,0.18431612635571465
2017,2017-01-12,True,False,ind,den,112,140,29,27,20,36,0,30,37,39,34,0,away,4.5,226.0,-180.0,160.0,6.0,112.0,0.0,1,True,1357.0640359437136,1548.1282165806272,1450.1285793436698,1455.063673180671,-191.06418063691353,0.371868892464251
2017,2017-01-12,True,False,chi,ny,89,104,22,29,14,24,0,24,30,22,28,0,home,3.0,207.5,130.0,-150.0,1.0,107.5,1.0,0,True,1271.5299091276322,1431.8435423590413,1343.0106227967447,1360.3628286899288,-160.31363323140909,0.4140632322179973
2017,2017-01-13,True,False,cle,sac,120,108,32,29,23,36,0,15,28,31,34,0,away,6.5,214.5,-300.0,250.0,2.0,104.5,1.0,1,False,1384.7944911554912,1597.865715329791,1346.1080951014878,1636.5521113837945,-213.0712241742999,0.3427889409967839
2017,2017-01-13,True,False,det,utah,77,110,19,24,20,14,0,14,31,33,32,0,home,11.0,191.0,500.0,-700.0,7.0,93.0,1.0,0,True,1640.5456827066807,1355.02304394115,1652.3783473822234,1343.1903792656074,285.5226387655307,0.9019646059549333
2017,2017-01-13,True,False,okc,min,86,96,28,22,18,18,0,30,15,29,22,0,away,2.0,208.0,-130.0,110.0,0.0,100.5,0.0,0,True,1507.5307258258013,1650.2005335903025,1566.7309134008967,1591.000346015207,-142.66980776450123,0.4389000955180449
2017,2017-01-13,True,False,mia,mil,108,116,30,18,26,34,0,42,23,26,25,0,home,7.5,205.0,300.0,-360.0,1.0,98.5,1.0,1,True,1551.9507673908863,1212.352167229365,1557.2729086229606,1207.0300259972907,339.5986001615213,0.9262547664377919
2017,2017-01-13,True,False,mem,hou,110,105,25,26,32,27,0,31,33,21,20,0,home,7.5,216.5,290.0,-350.0,0.0,106.0,0.0,0,False,1735.704492877934,1591.2969767312306,1680.3670984200737,1646.6343711890909,144.4075161467033,0.8032801280879587
2017,2017-01-13,True,False,bos,atl,103,101,28,20,30,25,0,18,26,21,36,0,home,3.5,211.5,140.0,-160.0,2.5,111.5,0.0,0,False,1629.3416108420367,1697.1060029353066,1602.936072518187,1723.5115412591563,-67.76439209326986,0.5462581086946885
2017,2017-01-13,True,False,bkn,tor,113,132,27,26,36,24,0,30,24,36,42,0,home,15.5,225.0,1100.0,-2500.0,9.0,116.5,1.0,1,True,1662.3438483103162,1109.0555087475338,1664.2735620711348,1107.1257949867152,553.2883395627823,0.9772600606943247
2017,2017-01-13,True,False,cha,phi,93,102,21,24,26,22,0,26,26,24,26,0,away,5.0,208.0,-210.0,180.0,6.0,102.0,0.0,0,True,1287.4244977312733,1501.9570168452997,1354.200752710112,1435.180761866461,-214.5325191140264,0.34089638501194985
2017,2017-01-13,True,False,orl,por,115,109,36,18,28,33,0,23,26,29,31,0,home,7.0,213.5,260.0,-315.0,8.0,104.5,0.0,1,False,1617.3858510549028,1292.8587346947277,1557.9084481510813,1352.3361375985492,324.5271163601751,0.920105000211904
2017,2017-01-14,True,False,lal,lac,97,113,15,24,29,29,0,26,32,26,29,0,home,11.5,219.5,600.0,-900.0,0.5,107.0,1.0,0,True,1573.8882474283919,1328.010183092735,1585.9100925996472,1315.9883379214796,245.87806433565697,0.8798525065739137
2017,2017-01-14,True,False,no,chi,99,107,22,23,26,28,0,21,34,22,30,0,home,3.5,206.5,145.0,-165.0,2.0,100.0,1.0,0,True,1360.3628286899288,1504.7864391287847,1414.8489924939333,1450.3002753247802,-144.4236104388558,0.43641541360431685
2017,2017-01-14,True,False,sa,phx,105,108,25,33,27,20,0,25,26,29,28,0,away,12.5,213.0,-1100.0,700.0,5.0,111.5,0.0,2,True,1325.7325794747674,1814.5564485767525,1380.851388314265,1759.4376397372548,-488.8238691019851,0.09636781622215691
2017,2017-01-14,True,False,phi,wsh,93,109,30,26,15,22,0,21,35,30,23,0,home,10.0,210.0,450.0,-600.0,7.5,105.0,1.0,0,True,1572.9655714496846,1354.200752710112,1587.044973569724,1340.1213505900726,218.76481873957255,0.8623512832106487
2017,2017-01-14,True,False,orl,utah,107,114,42,23,18,24,0,29,35,20,30,0,home,11.5,194.5,550.0,-800.0,8.0,97.0,0.0,1,True,1652.3783473822234,1352.3361375985492,1658.775008179108,1345.9394768016646,300.04220978367425,0.9091109880079031
2017,2017-01-15,True,False,det,lal,102,97,23,36,16,27,0,31,26,15,25,0,away,2.0,213.5,-130.0,110.0,1.0,104.0,1.0,0,False,1315.9883379214796,1343.1903792656074,1268.4290362821876,1390.7496809048994,-27.202041344127792,0.6032579917328428
2017,2017-01-15,True,False,okc,sac,122,118,28,31,29,34,0,23,23,33,39,0,away,1.5,213.5,-125.0,105.0,3.5,104.0,1.0,1,False,1346.1080951014878,1591.000346015207,1324.666234296288,1612.442206820407,-244.89225091371918,0.30278584500534417
2017,2017-01-15,True,False,hou,bkn,137,112,37,37,30,33,0,36,30,24,22,0,away,14.0,234.5,-1800.0,950.0,6.0,113.0,1.0,1,False,1107.1257949867152,1680.3670984200737,1098.3006958765482,1689.1921975302407,-573.2413034333586,0.06156061736702684
2017,2017-01-15,True,False,min,dal,87,98,25,22,23,17,0,27,29,23,19,0,home,0.0,198.5,-110.0,-110.0,3.5,98.5,1.0,0,True,1383.8744585523425,1566.7309134008967,1451.3379612732365,1499.2674106800027,-182.85645484855422,0.38297021113220703
2017,2017-01-15,True,False,mil,atl,98,111,36,17,30,15,0,36,24,28,23,0,home,4.0,205.5,155.0,-175.0,0.0,99.5,1.0,1,True,1602.936072518187,1557.2729086229606,1636.4558116117912,1523.7531695293565,45.66316389522649,0.6981501686551903
2017,2017-01-15,True,False,ny,tor,101,116,26,28,8,39,0,27,42,27,20,0,home,10.0,219.5,450.0,-600.0,1.0,106.5,1.0,0,True,1664.2735620711348,1343.0106227967447,1671.7789176719252,1335.5052671959543,321.2629392743902,0.9187127561767278
2017,2017-01-15,True,False,chi,mem,108,104,14,38,26,30,0,19,27,31,27,0,home,8.5,193.5,340.0,-410.0,9.0,99.5,0.0,1,False,1646.6343711890909,1414.8489924939333,1596.5601124116681,1464.923251271356,231.78537869515753,0.8710090553198392
2017,2017-01-16,True,False,phi,mil,113,104,24,22,35,32,0,24,30,24,26,0,home,8.5,207.0,340.0,-410.0,2.5,102.5,0.0,1,False,1523.7531695293565,1340.1213505900726,1452.1488612914943,1411.7256588279347,183.6318189392839,0.8365413632994092
2017,2017-01-16,True,False,atl,ny,108,107,26,27,35,20,0,27,27,29,24,0,away,2.5,210.0,-135.0,115.0,2.0,110.0,0.0,1,False,1335.5052671959543,1636.4558116117912,1328.2083323096508,1643.7527464980947,-300.95054441583693,0.23925572213998902
2017,2017-01-16,True,False,por,wsh,101,120,21,29,27,24,0,37,38,26,19,0,home,3.5,219.5,150.0,-170.0,5.0,104.0,1.0,1,True,1587.044973569724,1557.9084481510813,1628.3211560478185,1516.6322656729867,29.136525418642805,0.6777322542149026
2017,2017-01-16,True,False,orl,den,112,125,36,25,22,29,0,39,30,31,25,0,home,6.0,223.5,200.0,-240.0,0.5,108.5,1.0,1,True,1450.1285793436698,1345.9394768016646,1474.9340458870968,1321.1340102582376,104.18910254200523,0.7641209580495838
2017,2017-01-16,True,False,okc,lac,98,120,25,22,28,23,0,34,30,32,24,0,home,8.5,217.5,320.0,-380.0,2.5,106.0,1.0,1,True,1585.9100925996472,1612.442206820407,1640.5180268287484,1557.8342725913058,-26.532114220759695,0.604180607958807
2017,2017-01-16,True,False,cle,gs,91,126,22,27,22,20,0,37,41,17,31,0,home,9.0,227.5,320.0,-380.0,3.5,109.0,1.0,0,True,1862.8827003454965,1636.5521113837945,1879.9265513272653,1619.5082604020256,226.330588961702,0.867439873718265
2017,2017-01-16,True,False,utah,phx,106,101,24,23,32,27,0,28,25,27,21,0,away,6.5,204.5,-270.0,230.0,7.0,107.5,0.0,1,False,1380.851388314265,1658.775008179108,1360.021910429862,1679.604486063511,-277.923619864843,0.2642080216545342
2017,2017-01-16,True,False,cha,bos,98,108,30,23,18,27,0,34,25,21,28,0,home,5.5,217.0,190.0,-220.0,1.0,107.5,1.0,0,True,1723.5115412591563,1435.180761866461,1731.423814922441,1427.2684882031763,288.3307793926954,0.9033847249765621
2017,2017-01-16,True,False,no,ind,95,98,18,34,18,25,0,32,22,22,22,0,home,5.0,214.5,180.0,-210.0,2.5,105.5,0.0,0,True,1455.063673180671,1450.3002753247802,1476.532518138771,1428.8314303666803,4.763397855890844,0.6463575811575171
2017,2017-01-17,True,False,den,lal,127,121,40,26,35,26,0,26,28,30,37,0,away,1.0,230.5,-115.0,-105.0,4.0,110.5,1.0,1,False,1268.4290362821876,1474.9340458870968,1238.3460761503272,1505.017006018957,-206.50500960490922,0.3513541669395076
2017,2017-01-17,True,False,min,sa,114,122,30,41,19,24,0,30,37,25,30,0,home,12.5,202.5,700.0,-1100.0,10.0,98.0,0.0,1,True,1759.4376397372548,1499.2674106800027,1768.0084712886064,1490.6965791286511,260.1702290572521,0.8882815117319508
2017,2017-01-17,True,False,tor,bkn,119,109,26,32,34,27,0,29,32,24,24,0,away,8.5,223.5,-420.0,350.0,7.5,108.5,1.0,1,False,1098.3006958765482,1671.7789176719252,1091.813903503164,1678.2657100453093,-573.4782217953771,0.0614818758214762
2017,2017-01-17,True,False,hou,mia,103,109,32,21,26,24,0,27,26,26,30,0,away,7.5,222.0,-320.0,265.0,5.0,106.5,0.0,0,True,1207.0300259972907,1689.1921975302407,1284.10867980301,1612.1135437245214,-482.16217153294997,0.09975926311702212
2017,2017-01-17,True,False,dal,chi,99,98,24,30,22,23,0,28,19,27,24,0,home,4.5,197.5,180.0,-210.0,4.5,98.0,0.0,0,False,1464.923251271356,1451.3379612732365,1445.1279182139422,1471.1332943306504,13.585289998119606,0.6578774111214578
2017,2017-01-18,True,False,ny,bos,117,106,31,32,25,29,0,34,20,29,23,0,home,8.5,218.5,400.0,-500.0,10.5,107.0,0.0,1,False,1731.423814922441,1328.2083323096508,1657.581986453619,1402.0501607784727,403.2154826127901,0.947685106114262
2017,2017-01-18,True,False,por,cha,85,107,26,20,26,13,0,23,31,25,28,0,home,5.5,217.5,200.0,-240.0,0.0,107.0,1.0,0,True,1427.2684882031763,1516.6322656729867,1494.1382738170623,1449.7624800591007,-89.36377746981043,0.5153019746806675
2017,2017-01-18,True,False,mem,wsh,101,104,24,27,26,24,0,30,36,17,21,0,home,2.0,207.5,115.0,-135.0,4.0,101.5,1.0,0,True,1628.3211560478185,1596.5601124116681,1647.1788351372481,1577.7024333222384,31.76104363615036,0.6810230994298817
2017,2017-01-18,True,False,tor,phi,89,94,21,23,21,24,0,25,21,22,26,0,away,6.0,215.5,-230.0,195.0,5.5,106.5,0.0,0,True,1411.7256588279347,1678.2657100453093,1468.7138973475435,1621.2774715257005,-266.54005121737464,0.2771422384947548
2017,2017-01-18,True,False,okc,gs,100,121,31,25,22,22,0,30,26,37,28,0,home,14.5,231.0,1000.0,-2000.0,10.0,113.5,1.0,0,True,1879.9265513272653,1557.8342725913058,1888.2521044226537,1549.5087194959174,322.09227873595955,0.9190685693955014
2017,2017-01-18,True,False,orl,no,98,118,29,23,21,25,0,32,33,27,26,0,home,6.0,211.5,200.0,-240.0,1.0,102.0,1.0,1,True,1428.8314303666803,1321.1340102582376,1456.919520680394,1293.0459199445238,107.69742010844266,0.767741561707048
2017,2017-01-18,True,False,atl,det,95,118,18,27,23,27,0,42,27,25,24,0,away,2.5,199.5,-140.0,120.0,6.5,103.0,0.0,1,True,1390.7496809048994,1643.7527464980947,1489.60963602474,1544.892791378254,-253.0030655931953,0.29302104943623003
2017,2017-01-18,True,False,mil,hou,92,111,27,12,26,27,0,22,30,27,32,0,home,6.5,226.0,220.0,-260.0,1.0,109.0,1.0,0,True,1612.1135437245214,1452.1488612914943,1632.9031857138177,1431.359219302198,159.96468243302706,0.8170484461808213
2017,2017-01-18,True,False,ind,sac,106,100,21,20,30,35,0,34,26,19,21,0,home,2.5,214.0,125.0,-145.0,5.0,103.5,0.0,0,False,1324.666234296288,1476.532518138771,1288.199972099026,1512.998780336033,-151.86628384248297,0.42590799308167365
2017,2017-01-19,True,False,dal,mia,95,99,22,31,20,22,0,29,15,26,29,0,home,2.0,200.0,110.0,-130.0,4.0,97.0,1.0,0,True,1284.10867980301,1471.1332943306504,1328.2041778964433,1427.0377962372172,-187.02461452764032,0.377316513130528
2017,2017-01-19,True,False,den,sa,104,118,23,35,23,23,0,28,31,33,26,0,home,13.0,216.5,750.0,-1200.0,8.0,104.0,1.0,1,True,1768.0084712886064,1505.017006018957,1778.3972197820212,1494.6282575255423,262.9914652696493,0.8898830279784835
2017,2017-01-19,True,False,phx,cle,103,118,21,20,35,27,0,29,30,30,29,0,home,11.0,220.0,600.0,-900.0,0.0,114.0,1.0,1,True,1619.5082604020256,1360.021910429862,1630.367216385044,1349.1629544468435,259.4863499721637,0.8878902435945751
2017,2017-01-19,True,False,wsh,ny,113,110,38,28,34,13,0,27,40,19,24,0,away,1.5,220.5,-125.0,105.0,0.0,105.5,1.0,1,False,1402.0501607784727,1647.1788351372481,1383.5986673764855,1665.6303285392353,-245.12867435877547,0.3024986139550255
2017,2017-01-19,True,False,min,lac,104,101,25,19,33,27,0,22,29,28,22,0,away,1.5,208.0,-125.0,105.0,3.5,103.0,1.0,0,False,1640.5180268287484,1490.6965791286511,1597.6459815138753,1533.5686244435242,149.82144770009722,0.8081583699345296
2017,2017-01-20,True,False,por,phi,92,93,33,23,15,21,0,22,21,27,23,0,away,2.0,209.5,-135.0,115.0,3.0,101.5,0.0,0,True,1468.7138973475435,1449.7624800591007,1478.7469777449298,1439.7293996617143,18.951417288442826,0.6647956603063198
2017,2017-01-20,True,False,tor,cha,78,113,18,30,15,15,0,26,29,33,25,0,home,1.5,216.0,100.0,-120.0,2.0,106.5,1.0,0,True,1494.1382738170623,1621.2774715257005,1579.1214143755392,1536.2943309672237,-127.13919770863822,0.4610227974615423
2017,2017-01-20,True,False,mil,orl,96,112,23,32,19,22,0,25,34,29,24,0,away,3.5,211.5,-160.0,140.0,3.0,102.5,0.0,0,True,1293.0459199445238,1431.359219302198,1362.222375305986,1362.1827639407359,-138.31329935767417,0.4450851466571515
2017,2017-01-20,True,False,bkn,no,143,114,29,37,43,34,0,32,22,30,30,0,home,10.0,221.5,450.0,-600.0,10.0,115.0,0.0,1,False,1456.919520680394,1091.813903503164,1354.3438194076405,1194.3896047759176,365.10561717723,0.9356776070331677
2017,2017-01-20,True,False,chi,atl,93,102,13,23,21,36,0,35,30,22,15,0,home,4.0,204.0,150.0,-170.0,6.0,105.5,1.0,0,True,1544.892791378254,1445.1279182139422,1567.04841570813,1422.9722938840662,99.7648731643119,0.7594997835736957
2017,2017-01-20,True,False,sac,mem,91,107,23,19,22,27,0,15,34,34,24,0,home,8.0,200.0,290.0,-350.0,2.0,102.0,1.0,0,True,1577.7024333222384,1288.199972099026,1586.9858643443656,1278.9165410768987,289.50246122321255,0.9039718117500839
2017,2017-01-20,True,False,gs,hou,125,108,32,30,37,26,0,29,28,22,29,0,away,5.0,242.0,-210.0,180.0,2.0,118.5,1.0,0,False,1632.9031857138177,1888.2521044226537,1595.9926081163874,1925.162682020084,-255.34891870883598,0.29023144212720964
2017,2017-01-20,True,False,utah,dal,112,107,19,27,26,26,14,22,19,27,30,9,away,5.5,188.5,-220.0,190.0,1.5,98.0,0.0,1,False,1427.0377962372172,1679.604486063511,1403.8957268449467,1702.7465554557816,-252.5666898262939,0.29354170109573874
2017,2017-01-20,True,False,ind,lal,96,108,24,29,22,21,0,27,24,35,22,0,away,3.5,221.0,-170.0,150.0,3.0,108.5,0.0,0,True,1238.3460761503272,1512.998780336033,1320.9709871097969,1430.3738693765633,-274.6527041857057,0.2678846153512608
2017,2017-01-21,True,False,sa,cle,118,115,22,35,27,23,11,33,25,31,18,8,home,3.5,211.5,140.0,-160.0,2.0,110.0,0.0,1,False,1630.367216385044,1778.3972197820212,1604.0582401992983,1804.706195967767,-148.03000339697724,0.4313162440231931
2017,2017-01-21,True,False,por,bos,127,123,26,30,32,25,14,28,37,21,27,10,home,7.5,217.0,270.0,-330.0,1.5,105.5,0.0,1,False,1657.581986453619,1439.7293996617143,1607.4745984520134,1489.83678766332,217.85258679190474,0.8617267672895166
2017,2017-01-21,True,False,ind,utah,100,109,21,29,22,28,0,34,26,25,24,0,home,7.0,200.5,250.0,-300.0,0.0,98.5,1.0,1,True,1702.7465554557816,1430.3738693765633,1711.1021359218505,1422.0182889104944,272.3726860792183,0.8950644608323167
2017,2017-01-21,True,False,sac,chi,99,102,21,31,21,26,0,24,31,20,27,0,home,6.5,205.0,240.0,-280.0,2.5,100.5,0.0,0,True,1422.9722938840662,1278.9165410768987,1433.4777629279174,1268.4110720330475,144.05575280716744,0.8029599525338097
2017,2017-01-21,True,False,hou,mem,119,95,32,26,33,28,0,22,27,23,23,0,home,0.0,214.5,-110.0,-110.0,2.5,104.5,0.0,0,False,1586.9858643443656,1595.9926081163874,1498.036826103188,1684.9416463575649,-9.006743772021764,0.6280357369854827
2017,2017-01-21,True,False,phi,atl,93,110,25,29,23,16,0,25,37,28,20,0,home,10.0,199.5,450.0,-600.0,3.5,96.5,1.0,1,True,1567.04841570813,1478.7469777449298,1596.585264376192,1449.2101290768678,88.30143796320021,0.7472407957830016
2017,2017-01-21,True,False,mil,mia,97,109,22,21,28,26,0,25,28,29,27,0,away,2.0,205.5,-130.0,110.0,5.0,99.5,0.0,1,True,1328.2041778964433,1362.1827639407359,1374.0373987479497,1316.3495430892294,-33.97858604429257,0.5938851161987785
2017,2017-01-21,True,False,bkn,cha,105,112,14,32,35,24,0,28,32,21,31,0,home,12.0,222.0,650.0,-1000.0,2.5,114.0,0.0,0,True,1579.1214143755392,1194.3896047759176,1582.9437163468162,1190.5673028046406,384.73180959962156,0.9421516107326092
2017,2017-01-21,True,False,wsh,det,112,113,26,29,27,30,0,30,31,37,15,0,home,2.0,207.0,105.0,-125.0,1.0,100.5,0.0,1,True,1489.60963602474,1665.6303285392353,1508.1432384641541,1647.0967260998211,-176.0206925144953,0.39231053797385607
2017,2017-01-21,True,False,phx,ny,107,105,30,31,29,17,0,33,22,35,15,0,home,4.5,224.0,180.0,-210.0,5.0,116.5,0.0,0,False,1383.5986673764855,1349.1629544468435,1351.6187601784181,1381.142861644911,34.43571292964202,0.6843583583307765
2017,2017-01-21,True,False,lac,den,98,123,18,27,26,27,0,27,32,36,28,0,home,5.0,222.5,175.0,-200.0,2.0,107.0,1.0,0,True,1494.6282575255423,1597.6459815138753,1566.928940948491,1525.3452980909267,-103.01772398833305,0.4956572552882643
2017,2017-01-22,True,False,den,min,108,111,29,29,26,24,0,28,34,22,27,0,home,3.5,221.0,145.0,-165.0,0.5,108.0,0.0,0,True,1533.5686244435242,1566.928940948491,1558.2880528138728,1542.2095125781423,-33.360316504966704,0.5947432190509993
2017,2017-01-22,True,False,phx,tor,115,103,28,29,25,33,0,31,29,25,18,0,home,12.0,219.5,650.0,-1000.0,6.5,114.0,0.0,0,False,1536.2943309672237,1381.142861644911,1456.8772686325747,1460.55992397956,155.15146932231278,0.8128703485833677
2017,2017-01-22,True,False,gs,orl,118,98,28,22,42,26,0,22,28,24,24,0,away,13.5,225.0,-1400.0,800.0,9.5,111.0,1.0,0,False,1362.222375305986,1925.162682020084,1353.5047722124414,1933.8802851136286,-562.9403067140981,0.06507665720580348
2017,2017-01-22,True,False,lal,dal,73,122,22,11,22,18,0,29,38,23,32,0,home,6.0,206.5,210.0,-250.0,6.0,100.5,1.0,0,True,1403.8957268449467,1320.9709871097969,1445.0076234793512,1279.8590904753923,82.92473973514984,0.7413504592644998
2017,2017-01-23,True,False,sa,bkn,112,86,27,25,39,21,0,26,16,27,17,0,away,8.5,214.5,-420.0,350.0,1.5,111.5,1.0,0,False,1190.5673028046406,1804.706195967767,1183.4203309633651,1811.8531678090424,-614.1388931631263,0.04928374334489682
2017,2017-01-23,True,False,ny,ind,109,103,22,40,24,23,0,34,24,17,28,0,home,5.5,217.5,200.0,-240.0,5.5,107.5,0.0,0,False,1422.0182889104944,1351.6187601784181,1363.8434675558983,1409.7935815330143,70.3995287320763,0.7272864692912112
2017,2017-01-23,True,False,wsh,cha,109,99,30,30,20,29,0,22,26,26,25,0,home,6.0,213.0,210.0,-250.0,7.0,103.0,0.0,0,False,1582.9437163468162,1647.0967260998211,1524.766340481894,1705.2741019647433,-64.15300975300488,0.5514056859939943
2017,2017-01-23,True,False,sac,det,109,104,28,37,23,21,0,38,24,21,21,0,home,7.0,205.5,250.0,-300.0,6.5,107.0,0.0,1,False,1508.1432384641541,1268.4110720330475,1452.4324422995107,1324.121868197691,239.73216643110663,0.8760620142196037
2017,2017-01-23,True,False,gs,mia,102,105,30,18,25,29,0,28,18,31,28,0,away,11.0,218.5,-800.0,550.0,7.0,107.5,0.0,0,True,1374.0373987479497,1933.8802851136286,1430.9981869190995,1876.9194969424789,-559.8428863656789,0.06616992477676872
2017,2017-01-23,True,False,hou,mil,114,127,33,31,27,23,0,33,35,25,34,0,away,5.0,226.5,-215.0,185.0,5.5,111.0,0.0,1,True,1316.3495430892294,1684.9416463575649,1412.0724963546022,1589.218693092192,-368.59210326833545,0.17564440881651114
2017,2017-01-23,True,False,cle,no,122,124,26,24,36,36,0,35,35,24,30,0,away,10.0,216.0,-550.0,425.0,11.0,104.5,0.0,1,True,1354.3438194076405,1604.0582401992983,1388.3281205610385,1570.0739390459003,-249.71442079165786,0.29695809092448777
2017,2017-01-23,True,False,okc,utah,97,95,27,29,11,30,0,26,27,19,23,0,home,5.0,203.0,175.0,-200.0,4.5,99.5,0.0,0,False,1711.1021359218505,1549.5087194959174,1677.0430571954948,1583.5677982222728,161.59341642593313,0.8184457715459191
2017,2017-01-23,True,False,lac,atl,115,105,30,28,27,30,0,21,19,35,30,0,home,7.5,206.5,260.0,-310.0,8.5,100.0,0.0,1,False,1596.585264376192,1525.3452980909267,1524.8597588060104,1597.0708036611084,71.23996628526538,0.728244976110459
2017,2017-01-24,True,False,min,phx,112,111,23,36,28,25,0,27,29,23,32,0,away,1.5,215.5,-125.0,105.0,0.5,107.0,0.0,1,False,1460.55992397956,1558.2880528138728,1445.2109731058438,1573.637003687589,-97.72812883431288,0.5032694388263301
2017,2017-01-24,True,False,lac,phi,110,121,29,39,21,21,0,27,32,30,32,0,away,4.5,203.5,-195.0,175.0,0.5,101.0,0.0,1,True,1449.2101290768678,1597.0708036611084,1511.3615327661148,1534.9193999718614,-147.86067458424054,0.43155534549000035
2017,2017-01-24,True,False,bos,wsh,108,123,24,35,21,28,0,33,33,25,32,0,home,1.0,217.0,-105.0,-115.0,1.5,112.0,1.0,1,True,1705.2741019647433,1607.4745984520134,1732.2302124719845,1580.5184879447722,97.79950351272987,0.7574271843517588
2017,2017-01-24,True,False,chi,orl,100,92,20,32,26,22,0,22,27,24,19,0,away,3.0,204.5,-155.0,135.0,1.5,104.0,1.0,0,False,1353.5047722124414,1433.4777629279174,1302.382542526876,1484.5999926134828,-79.97299071547604,0.5287893046866887
2017,2017-01-24,True,False,utah,den,93,103,22,17,28,26,0,18,33,29,23,0,home,2.0,210.5,105.0,-125.0,3.5,108.5,1.0,0,True,1542.2095125781423,1677.0430571954948,1600.2345908380285,1619.0179789356087,-134.83354461735257,0.45003779206137856
2017,2017-01-24,True,False,sa,tor,108,106,29,32,18,29,0,25,29,25,27,0,home,2.5,203.0,115.0,-135.0,3.5,105.5,0.0,1,False,1456.8772686325747,1811.8531678090424,1447.8241858149577,1820.9062506266594,-354.9758991764677,0.18728343414764564
2017,2017-01-25,True,False,okc,no,114,105,33,31,28,22,0,20,25,37,23,0,away,1.5,217.5,-125.0,105.0,4.5,104.5,1.0,1,False,1388.3281205610385,1583.5677982222728,1351.2197338633264,1620.676184919985,-195.23967766123428,0.36627199034428287
2017,2017-01-25,True,False,gs,cha,113,103,29,24,22,38,0,28,19,33,23,0,away,9.5,223.5,-600.0,450.0,3.5,109.0,1.0,0,False,1524.766340481894,1876.9194969424789,1504.744282234472,1896.941555189901,-352.1531564605848,0.1897692461854087
2017,2017-01-25,True,False,tor,mem,99,101,34,23,20,22,0,32,24,31,14,0,home,5.0,201.0,180.0,-210.0,4.5,98.5,0.0,0,True,1498.036826103188,1447.8241858149577,1511.6775998263095,1434.1834120918363,50.21264028823043,0.7036403202166218
2017,2017-01-25,True,False,ny,dal,95,103,25,26,22,22,0,30,22,26,25,0,home,2.5,201.0,125.0,-145.0,1.5,97.0,1.0,0,True,1445.0076234793512,1409.7935815330143,1474.3948555738684,1380.406349438497,35.21404194633692,0.685325382840866
2017,2017-01-25,True,False,lal,por,98,105,31,27,17,23,0,30,29,24,22,0,home,8.0,220.5,310.0,-370.0,5.5,108.5,0.0,0,True,1489.83678766332,1279.8590904753923,1500.7078352791,1268.9880428596123,209.97769718792756,0.8562362571380161
2017,2017-01-25,True,False,sac,cle,116,112,22,31,26,25,12,26,21,35,22,8,home,10.5,216.5,575.0,-850.0,10.0,113.0,0.0,1,False,1570.0739390459003,1324.121868197691,1520.0638453265597,1374.1319619170315,245.95207084820936,0.8798975342929162
2017,2017-01-25,True,False,phi,mil,114,109,33,39,16,26,0,39,19,24,27,0,home,11.0,207.5,600.0,-900.0,10.0,100.5,0.0,1,False,1412.0724963546022,1511.3615327661148,1372.5731249435971,1550.86090417712,-99.2890364115126,0.5010231574221922
2017,2017-01-25,True,False,hou,bos,109,120,27,31,28,23,0,24,28,36,32,0,away,4.0,229.0,-175.0,155.0,0.5,113.5,0.0,2,True,1580.5184879447722,1589.218693092192,1621.1424726718349,1548.5947083651295,-8.700205147419865,0.6284478613153194
2017,2017-01-25,True,False,mia,bkn,109,106,34,21,16,38,0,30,36,23,17,0,away,2.5,217.0,-145.0,125.0,4.5,107.0,1.0,0,False,1183.4203309633651,1430.9981869190995,1165.1497791908319,1449.2687386916327,-247.57785595573432,0.2995322095061236
2017,2017-01-25,True,False,atl,chi,119,114,22,29,27,41,0,29,30,24,31,0,away,1.5,203.0,-120.0,100.0,3.0,104.5,1.0,1,False,1484.5999926134828,1524.8597588060104,1438.4694032993546,1570.9903481201386,-40.25976619252765,0.5851357296655998
2017,2017-01-26,True,False,ind,min,109,103,25,27,24,33,0,20,26,24,33,0,home,3.0,213.0,135.0,-155.0,3.0,103.5,0.0,0,False,1573.637003687589,1363.8434675558983,1513.0483092229008,1424.4321620205865,209.79353613169064,0.8561057120660676
2017,2017-01-26,True,False,dal,okc,98,109,26,29,18,25,0,23,30,34,22,0,home,9.0,197.0,375.0,-450.0,7.5,96.5,1.0,1,True,1620.676184919985,1474.3948555738684,1639.2778916493812,1455.7931488444722,146.28132934611654,0.8049790547948747
2017,2017-01-26,True,False,phx,den,120,127,29,32,31,28,0,35,22,39,31,0,home,7.0,232.0,245.0,-290.0,7.0,119.5,2.0,1,True,1600.2345908380285,1445.2109731058438,1615.0669739719085,1430.3785899719637,155.02361773218468,0.8127583723857509
2017,2017-01-26,True,False,lal,utah,88,96,16,25,19,28,0,23,21,26,26,0,home,14.0,203.5,900.0,-1600.0,8.5,99.5,0.0,0,True,1619.0179789356087,1268.9880428596123,1624.0126847739973,1263.9933370212236,350.0299360759964,0.9302528943965511
2017,2017-01-27,True,False,mem,por,109,112,24,32,28,25,0,28,34,23,27,0,home,1.5,206.0,105.0,-125.0,0.5,101.5,1.0,1,True,1500.7078352791,1511.6775998263095,1523.557771068993,1488.8276640364165,-10.96976454720948,0.6253921699010243
2017,2017-01-27,True,False,mia,chi,100,88,33,20,24,23,0,24,29,14,21,0,home,7.0,204.5,260.0,-310.0,4.5,100.5,0.0,0,False,1438.4694032993546,1449.2687386916327,1367.8631003154308,1519.8750416755565,-10.79933539227818,0.6256219833393529
2017,2017-01-27,True,False,wsh,atl,112,86,37,30,26,19,0,25,20,23,18,0,home,3.5,214.5,135.0,-155.0,7.5,102.0,0.0,0,False,1570.9903481201386,1732.2302124719845,1511.1317181873499,1792.0888424047732,-161.23986435184588,0.4127702501285133
2017,2017-01-27,True,False,cha,ny,107,110,23,28,36,20,0,29,25,28,28,0,away,1.0,211.5,-115.0,-105.0,1.0,104.0,0.0,1,True,1380.406349438497,1504.744282234472,1413.0377621158218,1472.1128695571472,-124.3379327959749,0.465032076741162
2017,2017-01-27,True,False,sa,no,103,119,20,37,27,19,0,23,25,37,34,0,away,7.5,214.0,-320.0,265.0,1.5,112.0,0.0,1,True,1351.2197338633264,1820.9062506266594,1462.6175522255244,1709.5084322644616,-469.686516763333,0.10639676872472545
2017,2017-01-27,True,False,bkn,cle,116,124,25,22,26,43,0,27,28,39,30,0,home,17.0,226.0,1600.0,-6000.0,8.0,117.5,0.0,1,True,1520.0638453265597,1165.1497791908319,1524.9119481823984,1160.301676334993,354.9140661357278,0.9320551644477917
2017,2017-01-27,True,False,mil,tor,86,102,19,20,31,16,0,36,17,24,25,0,home,5.5,213.5,200.0,-240.0,1.0,102.5,1.0,0,True,1434.1834120918363,1372.5731249435971,1467.3990940100264,1339.357443025407,61.610287148239195,0.7171368743087595
2017,2017-01-27,True,False,sac,ind,111,115,30,34,23,17,7,27,28,26,23,11,home,4.5,211.5,165.0,-185.0,5.5,109.5,0.0,1,True,1424.4321620205865,1374.1319619170315,1444.406782415066,1354.157341522552,50.30020010355497,0.7037454161193729
2017,2017-01-27,True,False,orl,bos,98,128,24,24,17,33,0,39,29,36,24,0,home,7.0,214.0,270.0,-330.0,2.5,102.0,1.0,1,True,1621.1424726718349,1302.382542526876,1630.5798971750767,1292.9451180236342,318.75993014495884,0.9176302241419632
2017,2017-01-27,True,False,hou,phi,123,118,31,30,33,29,0,28,33,21,36,0,away,7.0,220.5,-300.0,250.0,5.0,107.5,0.0,1,False,1550.86090417712,1548.5947083651295,1500.277962015451,1599.177650526798,2.2661958119904284,0.643064869070691
2017,2017-01-28,True,False,den,phx,123,112,21,38,36,28,0,33,28,22,29,0,home,3.5,227.5,140.0,-160.0,1.5,111.5,0.0,1,False,1430.3785899719637,1615.0669739719085,1388.778318926778,1656.6672450170943,-184.6883839999448,0.38048137770208174
2017,2017-01-28,True,False,bkn,min,109,129,26,29,23,31,0,33,30,29,37,0,home,11.0,221.0,500.0,-650.0,3.5,115.0,1.0,1,True,1513.0483092229008,1160.301676334993,1519.8553776419444,1153.4946079159495,352.7466328879077,0.9312607606846232
2017,2017-01-28,True,False,sac,cha,109,106,24,28,33,24,0,22,22,33,29,0,home,7.0,204.5,235.0,-295.0,6.0,105.5,0.0,1,False,1472.1128695571472,1354.157341522552,1429.658597700377,1396.6116133793223,117.95552803459509,0.7781042567031077
2017,2017-01-28,True,False,lac,gs,98,144,22,29,23,24,0,31,41,45,27,0,home,13.0,224.5,750.0,-1150.0,1.5,108.5,1.0,1,True,1896.941555189901,1534.9193999718614,1905.0757909109218,1526.7851642508406,362.02215521803964,0.9346010357978615
2017,2017-01-28,True,False,det,mia,103,116,33,27,31,12,0,35,29,26,26,0,away,3.0,202.0,-150.0,130.0,3.0,99.0,0.0,1,True,1519.8750416755565,1452.4324422995107,1549.910031067326,1422.3974529077414,67.44259937604579,0.723897389861
2017,2017-01-28,True,False,mem,utah,102,95,26,26,28,22,0,27,16,31,21,0,home,7.5,191.0,295.0,-360.0,7.0,94.5,0.0,1,False,1624.0126847739973,1488.8276640364165,1559.9557146335233,1552.8846341768906,135.18502073758077,0.7947557019931023
2017,2017-01-28,True,False,bos,mil,112,108,42,22,17,21,10,27,26,20,29,6,home,2.5,217.0,120.0,-140.0,4.0,113.0,0.0,1,False,1339.357443025407,1630.5798971750767,1321.6821930924336,1648.25514710805,-291.2224541496696,0.24959659682792898
2017,2017-01-29,True,False,ny,atl,139,142,37,28,16,23,35,30,31,22,21,38,home,6.0,209.5,210.0,-250.0,6.0,103.5,0.0,1,True,1511.1317181873499,1413.0377621158218,1524.5888677990263,1399.5806125041454,98.09395607152805,0.7577384738608497
2017,2017-01-29,True,False,okc,cle,91,107,24,21,20,26,0,21,37,22,27,0,home,7.5,217.0,290.0,-350.0,0.0,105.5,1.0,0,True,1524.9119481823984,1639.2778916493812,1589.8184552132961,1574.3713846184835,-114.3659434669828,0.4793375196539421
2017,2017-01-29,True,False,wsh,no,107,94,29,28,17,33,0,23,17,33,21,0,away,1.0,221.5,-115.0,-105.0,4.5,105.0,1.0,0,False,1462.6175522255244,1792.0888424047732,1438.1558550601462,1816.5505395701514,-329.47129017924885,0.2106614572600257
2017,2017-01-29,True,False,orl,tor,114,113,27,33,22,32,0,36,15,27,35,0,home,11.0,211.5,500.0,-700.0,11.0,102.5,0.0,1,False,1467.3990940100264,1292.9451180236342,1445.866557302887,1314.4776547307736,174.45397598639215,0.8291881008965329
2017,2017-01-29,True,False,hou,ind,101,120,20,23,27,31,0,33,24,33,30,0,away,3.5,228.5,-170.0,150.0,6.5,112.0,0.0,0,True,1444.406782415066,1599.177650526798,1520.617325792336,1522.9671071495281,-154.77086811173217,0.4218249009368134
2017,2017-01-29,True,False,dal,sa,105,101,27,22,28,28,0,28,31,22,20,0,home,12.0,195.5,650.0,-1000.0,3.5,94.0,0.0,1,False,1709.5084322644616,1455.7931488444722,1659.5457524104822,1505.7558286984513,253.71528341998942,0.8845405372671539
2017,2017-01-29,True,False,phi,chi,108,121,23,34,30,21,0,37,30,29,25,0,home,7.0,205.5,250.0,-300.0,0.0,99.5,1.0,1,True,1367.8631003154308,1500.277962015451,1431.3234817326459,1436.817580598236,-132.4148617000203,0.4534861445938868
2017,2017-01-29,True,False,gs,por,113,111,33,20,31,29,0,24,26,24,37,0,away,6.0,224.5,-250.0,210.0,3.0,111.5,0.0,0,False,1523.557771068993,1905.0757909109218,1515.5755951655005,1913.0579668144142,-381.5180198419289,0.16512930957259872
2017,2017-01-30,True,False,cle,dal,97,104,29,21,20,27,0,26,29,26,23,0,away,4.5,208.0,-185.0,165.0,5.5,104.0,0.0,0,True,1505.7558286984513,1589.8184552132961,1549.4064993761142,1546.1677845356332,-84.06262651484485,0.5229196506201388
2017,2017-01-30,True,False,mem,phx,115,96,31,28,29,27,0,28,20,22,26,0,away,4.0,207.5,-170.0,150.0,2.0,102.5,1.0,1,False,1388.778318926778,1552.8846341768906,1334.8965824941731,1606.7663706094954,-164.10631525011263,0.408776488384273
2017,2017-01-30,True,False,sac,phi,119,122,35,20,30,34,0,21,27,42,32,0,away,3.0,207.5,-150.0,130.0,0.5,105.5,0.0,1,True,1436.817580598236,1396.6116133793223,1454.908441792116,1378.5207521854422,40.205967218913656,0.6914891452254393
2017,2017-01-30,True,False,det,bos,109,113,25,21,24,39,0,26,28,25,34,0,home,5.5,216.5,195.0,-230.0,0.0,107.0,0.0,1,True,1648.25514710805,1422.3974529077414,1655.9309725559483,1414.7216274598431,225.85769420030874,0.867126540210243
2017,2017-01-30,True,False,bkn,mia,96,104,32,20,25,19,0,28,28,28,20,0,home,7.5,218.5,310.0,-370.0,4.0,114.0,1.0,0,True,1549.910031067326,1153.4946079159495,1553.6686814763846,1149.7359575068908,396.41542315137644,0.9457100494416494
2017,2017-01-30,True,False,orl,min,105,111,23,28,28,19,7,26,26,28,18,13,home,8.0,212.5,320.0,-380.0,5.0,104.5,0.0,1,True,1519.8553776419444,1314.4776547307736,1530.3008833672072,1304.0321490055107,205.37772291117085,0.8529458881200225
2017,2017-01-31,True,False,ny,wsh,101,117,28,26,22,25,0,28,31,32,26,0,home,8.0,215.0,320.0,-380.0,3.0,105.0,1.0,1,True,1816.5505395701514,1399.5806125041454,1820.819710517827,1395.3114415564698,416.969927066006,0.9514742536946043
2017,2017-01-31,True,False,no,tor,106,108,25,35,15,21,10,23,23,31,19,12,home,7.5,212.5,270.0,-330.0,9.0,103.5,0.0,1,True,1445.866557302887,1438.1558550601462,1462.6448905329712,1421.377521830062,7.710702242740808,0.6502259727577708
2017,2017-01-31,True,False,sac,hou,83,105,24,11,22,26,0,29,25,28,23,0,home,12.0,225.5,700.0,-1100.0,1.5,117.0,1.0,0,True,1522.9671071495281,1378.5207521854422,1546.677212042658,1354.8106472923123,144.4463549640859,0.8033154551485063
2017,2017-01-31,True,False,okc,sa,94,108,17,25,33,19,0,31,21,27,29,0,home,9.5,210.0,425.0,-550.0,2.0,102.0,1.0,0,True,1659.5457524104822,1574.3713846184835,1687.6741632632202,1546.2429737657455,85.17436779199875,0.7438258307524437
2017,2017-01-31,True,False,cha,por,98,115,23,27,18,30,0,28,28,30,29,0,home,4.0,215.0,160.0,-180.0,0.0,106.5,1.0,0,True,1515.5755951655005,1429.658597700377,1545.481941851994,1399.7522510138836,85.91699746512359,0.7446395629163385
2017,2017-01-31,True,False,den,lal,116,120,30,29,17,40,0,30,24,27,39,0,home,0.0,227.0,-110.0,-110.0,2.0,110.5,1.0,1,True,1263.9933370212236,1656.6672450170943,1323.7284698625056,1596.9321121758123,-392.67390799587065,0.1564653442080089
2017,2017-02-01,True,False,chi,okc,128,100,21,34,39,34,0,20,27,26,27,0,home,2.5,206.5,120.0,-140.0,4.5,106.0,0.0,1,False,1546.2429737657455,1431.3234817326459,1443.2440861033663,1534.3223693950251,114.91949203309969,0.7750720817812023
2017,2017-02-01,True,False,cha,gs,111,126,21,35,27,28,0,41,36,31,18,0,home,14.5,227.0,1100.0,-2500.0,2.5,110.0,1.0,1,True,1913.0579668144142,1399.7522510138836,1915.3520488736763,1397.4581689546214,513.3057158005306,0.9715424510137923
2017,2017-02-01,True,False,mem,den,119,99,27,35,25,32,0,18,31,20,30,0,away,4.0,212.0,-170.0,150.0,2.5,105.5,1.0,1,False,1596.9321121758123,1606.7663706094954,1512.9502410877349,1690.7482416975727,-9.83425843368309,0.626922260357073
2017,2017-02-01,True,False,mil,utah,88,104,27,16,18,27,0,30,31,19,24,0,home,7.5,197.5,280.0,-340.0,1.0,97.0,1.0,0,True,1559.9557146335233,1321.6821930924336,1572.525063928639,1309.112843797318,238.27352154108962,0.8751474472375785
2017,2017-02-01,True,False,phi,dal,95,113,23,24,22,26,0,20,30,31,32,0,home,7.5,206.0,280.0,-340.0,4.0,100.0,1.0,1,True,1549.4064993761142,1454.908441792116,1578.5350868173355,1425.7798543508948,94.49805758399816,0.7539183756831755
2017,2017-02-01,True,False,lac,phx,124,114,38,24,30,32,0,31,28,29,26,0,away,2.5,219.0,-150.0,130.0,0.5,108.5,1.0,1,False,1334.8965824941731,1526.7851642508406,1295.778548792079,1565.9031979529348,-191.88858175666746,0.37076107142269477
2017,2017-02-01,True,False,no,det,98,118,30,24,27,17,0,34,26,23,35,0,home,7.5,211.0,265.0,-320.0,2.5,103.0,1.0,1,True,1414.7216274598431,1421.377521830062,1464.126837448518,1371.9723118413872,-6.655894370218903,0.6311915236202321
2017,2017-02-01,True,False,ny,bkn,95,90,15,23,26,31,0,27,18,24,21,0,away,3.0,224.5,-150.0,130.0,4.0,109.5,1.0,0,False,1149.7359575068908,1395.3114415564698,1125.9305102755557,1419.1168887878048,-245.57548404957902,0.3019562061275695
2017,2017-02-01,True,False,atl,mia,93,116,22,25,24,22,0,29,33,32,22,0,home,1.5,205.5,110.0,-130.0,3.5,105.5,1.0,1,True,1553.6686814763846,1524.5888677990263,1597.4690526679758,1480.788496607435,29.07981367735829,0.6776609477557711
2017,2017-02-01,True,False,min,cle,97,125,32,28,19,18,0,36,27,30,32,0,home,6.0,216.5,230.0,-270.0,2.5,107.0,1.0,1,True,1546.1677845356332,1530.3008833672072,1595.6350516597863,1480.8336162430542,15.866901168426011,0.6608273853459787
2017,2017-02-01,True,False,tor,bos,104,109,30,32,23,19,0,28,23,26,32,0,home,6.0,214.0,210.0,-250.0,6.5,106.5,0.0,0,True,1655.9309725559483,1462.6448905329712,1666.237553984751,1452.3383091041685,193.2860820229771,0.8439991986616492
2017,2017-02-01,True,False,ind,orl,98,88,28,28,24,18,0,23,24,27,14,0,away,2.5,212.5,-150.0,130.0,2.0,105.0,1.0,0,False,1304.0321490055107,1520.617325792336,1268.3446432871467,1556.3048315107,-216.5851767868253,0.33824649667490475
2017,2017-02-02,True,False,lal,wsh,108,116,29,15,35,29,0,31,27,32,26,0,home,10.5,220.5,475.0,-650.0,1.5,108.0,0.0,1,True,1820.819710517827,1323.7284698625056,1822.8316045596212,1321.7165758207113,497.09124065532137,0.9688451080702977
2017,2017-02-02,True,False,atl,hou,113,108,26,21,26,40,0,32,18,36,22,0,home,9.5,226.0,425.0,-550.0,5.5,118.0,0.0,0,False,1546.677212042658,1480.788496607435,1493.2673476315756,1534.1983610185175,65.88871543522305,0.7221060023351464
2017,2017-02-02,True,False,phi,sa,86,102,21,32,20,13,0,24,24,31,23,0,home,17.0,214.5,1500.0,-5000.0,13.0,106.0,0.0,0,True,1687.6741632632202,1425.7798543508948,1698.6138084385975,1414.8402091755174,261.8943089123254,0.8892626152716033
2017,2017-02-02,True,False,gs,lac,133,120,33,32,39,29,0,22,33,32,33,0,away,7.5,230.0,-320.0,265.0,1.0,111.5,1.0,1,False,1565.9031979529348,1915.3520488736763,1543.5881926066504,1937.6670542199606,-349.4488509207415,0.19217438239187054
2017,2017-02-03,True,False,min,det,108,116,18,34,24,32,0,24,29,30,33,0,home,4.5,209.0,160.0,-180.0,2.5,102.0,1.0,1,True,1464.126837448518,1480.8336162430542,1501.0941645223413,1443.8662891692309,-16.70677879453615,0.6176237362938833
2017,2017-02-03,True,False,phx,sac,105,103,15,34,30,26,0,21,28,30,24,0,home,4.0,218.5,155.0,-175.0,3.5,114.5,0.0,0,False,1354.8106472923123,1295.778548792079,1322.2151845990006,1328.3740114853906,59.03209850023336,0.7141166264052272
2017,2017-02-03,True,False,mil,den,117,121,31,22,36,28,0,31,39,28,23,0,home,3.0,224.0,135.0,-155.0,4.0,109.0,1.0,1,True,1512.9502410877349,1309.112843797318,1521.6662694781567,1300.3968154068962,203.8373972904169,0.8518302449912498
2017,2017-02-03,True,False,lal,bos,107,113,30,21,23,33,0,29,33,20,31,0,home,11.0,223.5,525.0,-750.0,3.0,109.0,0.0,0,True,1666.237553984751,1321.7165758207113,1670.8119270244551,1317.1422027810072,344.52097816403966,0.9281670501121171
2017,2017-02-03,True,False,tor,orl,94,102,24,30,12,28,0,28,24,21,29,0,away,5.0,207.5,-210.0,180.0,3.0,100.0,0.0,0,True,1268.3446432871467,1452.3383091041685,1328.147213968363,1392.5357384229521,-183.9936658170218,0.38142448082764585
2017,2017-02-03,True,False,mem,okc,102,114,23,25,34,20,0,21,37,22,34,0,away,1.0,205.0,-120.0,100.0,3.5,101.5,0.0,1,True,1443.2440861033663,1690.7482416975727,1522.2872733600545,1611.7050544408844,-247.5041555942064,0.29962123080920117
2017,2017-02-03,True,False,ind,bkn,106,97,27,29,24,26,0,16,30,28,23,0,away,6.5,218.5,-260.0,220.0,0.5,106.0,1.0,0,False,1125.9305102755557,1556.3048315107,1112.7692164388416,1569.4661253474142,-430.3743212351444,0.12990630199982195
2017,2017-02-03,True,False,chi,hou,117,121,26,23,32,27,9,24,36,19,29,13,home,10.0,222.0,400.0,-500.0,2.5,113.5,0.0,1,True,1493.2673476315756,1534.3223693950251,1522.7247986010107,1504.86491842559,-41.05502176344953,0.5840240143093899
2017,2017-02-03,True,False,dal,por,108,104,35,25,24,24,0,22,25,29,28,0,home,6.0,206.0,210.0,-250.0,8.5,102.0,0.0,1,False,1545.481941851994,1578.5350868173355,1503.334866092253,1620.6821625770765,-33.05314496534152,0.5951693308876742
2017,2017-02-04,True,False,cha,utah,98,105,28,16,38,16,0,23,29,21,32,0,home,8.0,197.5,310.0,-370.0,2.0,99.0,0.0,1,True,1572.525063928639,1397.4581689546214,1585.7862991059255,1384.1969337773348,175.0668949740175,0.8296872443551909
2017,2017-02-04,True,False,mil,phx,137,112,45,29,27,36,0,25,41,23,23,0,away,1.5,220.5,-125.0,105.0,1.5,110.0,1.0,1,False,1328.3740114853906,1300.3968154068962,1234.0645752113119,1394.706251680975,27.977196078494444,0.6762729315149844
2017,2017-02-04,True,False,gs,sac,106,109,31,25,26,16,8,27,29,26,16,11,away,14.5,225.0,-2000.0,1000.0,10.0,112.0,0.0,0,True,1322.2151845990006,1937.6670542199606,1380.2275060045122,1879.654732814449,-615.45186962096,0.048930813611499
2017,2017-02-04,True,False,den,sa,97,121,27,23,22,25,0,30,26,35,30,0,home,13.0,224.0,750.0,-1200.0,6.0,108.0,1.0,0,True,1698.6138084385975,1521.6662694781567,1718.9253327487263,1501.3547451680279,176.94753896044085,0.8312115510197354
2017,2017-02-04,True,False,mem,min,107,99,15,33,21,38,0,31,17,19,32,0,home,4.5,203.0,165.0,-185.0,3.0,101.0,0.0,1,False,1443.8662891692309,1611.7050544408844,1404.847655429874,1650.7236881802414,-167.83876527165353,0.40359421589713695
2017,2017-02-04,True,False,cle,ny,111,104,34,30,20,27,0,25,20,23,36,0,away,4.0,213.5,-180.0,160.0,2.5,103.0,1.0,1,False,1419.1168887878048,1595.6350516597863,1383.2847135740694,1631.4672268735217,-176.51816287198153,0.3916280415539431
2017,2017-02-04,True,False,no,wsh,91,105,18,31,34,8,0,24,29,27,25,0,home,6.5,216.5,250.0,-300.0,2.5,106.5,1.0,0,True,1822.8316045596212,1371.9723118413872,1826.1389850241967,1368.6649313768116,450.859292718234,0.9597282905240424
2017,2017-02-04,True,False,det,ind,84,105,32,26,14,12,0,30,26,26,23,0,home,3.0,209.5,130.0,-150.0,1.5,103.0,1.0,0,True,1569.4661253474142,1501.0941645223413,1604.4785776388132,1466.0817122309422,68.37196082507285,0.7249653792715575
2017,2017-02-04,True,False,phi,mia,102,125,17,35,23,27,0,32,32,36,25,0,home,9.0,209.0,375.0,-450.0,1.5,101.5,1.0,1,True,1597.4690526679758,1414.8402091755174,1616.889977892743,1395.4192839507502,182.62884349245837,0.8357503482248697
2017,2017-02-04,True,False,orl,atl,86,113,24,15,26,21,0,35,30,26,22,0,home,7.0,210.0,260.0,-310.0,3.5,103.0,1.0,0,True,1534.1983610185175,1328.147213968363,1552.0163783122846,1310.329196674596,206.05114705015444,0.8534314545869567
2017,2017-02-05,True,False,por,okc,99,105,16,36,21,26,0,24,22,25,34,0,home,5.0,218.0,185.0,-215.0,4.0,106.0,1.0,0,True,1522.2872733600545,1503.334866092253,1550.4535569225898,1475.1685825297177,18.952407267801618,0.664796930234725
2017,2017-02-05,True,False,tor,bkn,103,95,26,29,20,28,0,24,19,20,32,0,away,6.5,216.0,-280.0,240.0,0.5,106.0,1.0,0,False,1112.7692164388416,1392.5357384229521,1087.4250273886405,1417.8799274731532,-279.76652198411057,0.2621508527334026
2017,2017-02-05,True,False,lac,bos,102,107,19,28,20,35,0,29,27,25,26,0,home,6.0,221.5,210.0,-250.0,0.5,109.0,0.0,0,True,1670.8119270244551,1543.5881926066504,1685.6965038205446,1528.703615810561,127.22373441780474,0.7871791218546917
2017,2017-02-06,True,False,sa,mem,74,89,14,26,25,9,0,17,23,29,20,0,home,1.0,200.0,-105.0,-115.0,0.0,106.0,1.0,0,True,1650.7236881802414,1718.9253327487263,1706.153550080672,1663.4954708482958,-68.20164456848488,0.5456341654493685
2017,2017-02-06,True,False,phx,no,106,111,21,21,32,32,0,29,18,30,34,0,home,5.5,221.0,195.0,-230.0,2.0,116.0,0.0,0,True,1368.6649313768116,1234.0645752113119,1382.9644636464095,1219.765042941714,134.60035616549976,0.7942061638202883
2017,2017-02-06,True,False,mia,min,115,113,40,31,22,22,0,33,24,31,25,0,home,1.0,205.5,-105.0,-115.0,4.0,100.5,0.0,1,False,1404.847655429874,1616.889977892743,1388.2130414108851,1633.524591911732,-212.04232246286892,0.3441245045427381
2017,2017-02-06,True,False,phi,det,96,113,27,19,21,29,0,24,31,34,24,0,home,8.5,210.5,350.0,-420.0,2.0,102.5,1.0,0,True,1466.0817122309422,1395.4192839507502,1498.4397664278258,1363.0612297538667,70.66242828019199,0.7275865294190452
2017,2017-02-06,True,False,utah,atl,120,95,29,25,37,29,0,21,29,23,22,0,home,0.0,197.0,-110.0,-110.0,1.0,104.0,0.0,1,False,1552.0163783122846,1585.7862991059255,1466.8377100581372,1670.964967360073,-33.76992079364095,0.5941747892876993
2017,2017-02-06,True,False,dal,den,87,110,24,13,30,20,0,29,30,23,28,0,home,2.5,213.5,125.0,-145.0,5.0,102.0,1.0,0,True,1501.3547451680279,1620.6821625770765,1575.1573299855272,1546.8795777595772,-119.32741740904862,0.4722142661311238
2017,2017-02-06,True,False,okc,ind,90,93,25,27,18,20,0,20,21,32,20,0,home,5.0,211.5,175.0,-200.0,6.0,104.0,0.0,0,True,1604.4785776388132,1550.4535569225898,1621.365411271513,1533.56672328989,54.02502071622348,0.7081961537709675
2017,2017-02-06,True,False,chi,sac,112,107,27,33,25,27,0,11,34,24,38,0,home,4.5,205.5,165.0,-185.0,6.5,106.0,0.0,1,False,1380.2275060045122,1504.86491842559,1343.5993879930336,1541.4930364370687,-124.6374124210779,0.4646032248358944
2017,2017-02-06,True,False,cle,wsh,140,135,26,28,32,34,20,32,25,25,38,15,away,1.0,219.5,-120.0,100.0,1.5,108.0,1.0,1,False,1826.1389850241967,1631.4672268735217,1770.3736362663756,1687.2325756313428,194.67175815067503,0.8450465537640488
2017,2017-02-06,True,False,lal,ny,121,107,29,32,36,24,0,19,26,28,34,0,home,5.0,222.5,175.0,-200.0,7.5,109.5,0.0,1,False,1383.2847135740694,1317.1422027810072,1302.547954988282,1397.8789613667946,66.14251079306223,0.7223990771605067
2017,2017-02-06,True,False,lac,tor,109,118,31,29,22,27,0,35,35,27,21,0,home,6.5,217.5,235.0,-275.0,0.0,107.5,1.0,1,True,1417.8799274731532,1528.703615810561,1470.1144067390333,1476.4691365446809,-110.8236883374077,0.48442849749405603
2017,2017-02-07,True,False,por,dal,114,113,32,32,22,28,0,27,26,29,31,0,away,3.0,207.0,-145.0,125.0,2.5,100.5,0.0,1,False,1546.8795777595772,1475.1685825297177,1526.1401082337877,1495.9080520555071,71.71099522985946,0.7287812534098509
2017,2017-02-07,True,False,bkn,cha,107,111,16,21,35,35,0,24,30,27,30,0,home,10.0,219.0,450.0,-600.0,0.0,114.0,0.0,0,True,1384.1969337773348,1087.4250273886405,1389.2458826576928,1082.3760785082825,296.77190638869433,0.9075434544533459
2017,2017-02-07,True,False,orl,hou,104,128,28,26,30,20,0,35,35,24,34,0,home,12.0,224.0,600.0,-900.0,1.5,108.0,1.0,1,True,1522.7247986010107,1310.329196674596,1539.3199421313595,1293.7340531442471,212.39560192641466,0.8579410940890695
2017,2017-02-08,True,False,lal,det,102,121,25,25,20,32,0,25,31,36,29,0,home,6.5,218.5,240.0,-280.0,1.5,107.5,1.0,1,True,1498.4397664278258,1397.8789613667946,1527.14393666026,1369.1747911343605,100.56080506103126,0.7603356904928958
2017,2017-02-08,True,False,wsh,bkn,114,110,31,28,20,21,14,22,27,23,28,10,away,10.0,222.5,-550.0,425.0,2.5,107.5,0.0,1,False,1082.3760785082825,1770.3736362663756,1080.055155037199,1772.694559737459,-687.9975577580931,0.03277433711417219
2017,2017-02-08,True,False,bos,sac,92,108,28,21,22,21,0,19,30,28,31,0,away,8.5,212.0,-420.0,350.0,6.0,111.5,0.0,0,True,1343.5993879930336,1685.6965038205446,1443.474352597452,1585.8215392161262,-342.09711582751106,0.19882999141123353
2017,2017-02-08,True,False,cle,ind,132,117,25,32,40,35,0,36,27,18,36,0,away,3.5,216.0,-165.0,145.0,4.0,106.0,1.0,1,False,1621.365411271513,1687.2325756313428,1554.395189457722,1754.202797445134,-65.86716435982976,0.548963675556763
2017,2017-02-08,True,False,den,atl,106,117,30,25,32,19,0,39,33,26,19,0,home,4.0,224.0,150.0,-170.0,3.5,107.5,1.0,0,True,1466.8377100581372,1575.1573299855272,1522.8144734221103,1519.1805666215541,-108.31961992739002,0.4880293923831865
2017,2017-02-08,True,False,sa,phi,111,103,29,29,24,29,0,23,28,24,28,0,away,12.5,208.0,-1000.0,650.0,5.5,108.0,0.0,1,False,1363.0612297538667,1663.4954708482958,1339.878154458051,1686.6785461441114,-300.4342410944291,0.23979709691016834
2017,2017-02-08,True,False,lac,ny,119,115,36,32,20,31,0,36,31,28,20,0,away,1.0,220.0,-120.0,100.0,0.5,107.5,1.0,1,False,1302.547954988282,1476.4691365446809,1274.5620769876937,1504.455014545269,-173.92118155639878,0.3951955380929273
2017,2017-02-08,True,False,utah,no,127,94,32,30,28,37,0,25,28,16,25,0,away,3.5,199.5,-165.0,145.0,1.0,104.5,1.0,1,False,1382.9644636464095,1670.964967360073,1343.6955922341126,1710.2338387723698,-288.0005037136634,0.2530865304467477
2017,2017-02-08,True,False,tor,min,109,112,33,30,25,21,0,25,28,30,29,0,away,3.0,211.5,-155.0,135.0,1.5,103.5,0.0,1,True,1388.2130414108851,1470.1144067390333,1417.1242244681457,1441.2032236817727,-81.90136532814813,0.5260224951938313
2017,2017-02-08,True,False,chi,gs,92,123,17,24,29,22,0,30,25,31,37,0,home,18.5,222.5,1800.0,-8000.0,6.5,114.0,1.0,0,True,1879.654732814449,1541.4930364370687,1888.1231029732862,1533.0246662782315,338.1616963773804,0.9256877714291585
2017,2017-02-08,True,False,phx,mem,91,110,15,23,27,26,0,24,22,33,31,0,home,7.5,211.5,280.0,-340.0,1.5,110.0,1.0,0,True,1706.153550080672,1219.765042941714,1709.0861137361296,1216.8324792862563,486.38850713895795,0.9669307677791734
2017,2017-02-08,True,False,mia,mil,106,88,28,27,26,25,0,15,29,19,25,0,home,4.0,208.5,155.0,-175.0,6.0,100.5,0.0,0,False,1394.706251680975,1633.524591911732,1354.5159239493803,1673.7149196433265,-238.81834023075703,0.3102175136986559
2017,2017-02-09,True,False,cle,okc,109,118,21,36,25,27,0,29,26,31,32,0,home,1.0,219.0,-105.0,-115.0,0.5,109.5,1.0,1,True,1533.56672328989,1754.202797445134,1601.138253778281,1686.6312669567428,-220.63607415524393,0.33304675398032846
2017,2017-02-09,True,False,utah,dal,105,112,23,31,24,22,5,20,22,26,32,12,away,2.0,193.5,-140.0,120.0,3.0,100.0,0.0,1,True,1526.1401082337877,1710.2338387723698,1582.7493739174568,1653.6245730887008,-184.09373053858212,0.3812885843167046
2017,2017-02-09,True,False,phi,orl,112,111,20,35,30,27,0,25,23,36,27,0,home,6.5,209.0,230.0,-270.0,8.0,103.5,0.0,1,False,1293.7340531442471,1339.878154458051,1276.1397869162379,1357.4724206860603,-46.14410131380396,0.5768900144370287
2017,2017-02-09,True,False,hou,cha,107,95,23,27,36,21,0,29,25,22,19,0,away,2.5,224.5,-140.0,120.0,3.0,110.5,1.0,0,False,1389.2458826576928,1539.3199421313595,1340.89394730909,1587.6718774799624,-150.0740594736667,0.4284324828333896
2017,2017-02-09,True,False,bos,por,120,111,22,27,28,43,0,32,23,21,35,0,home,3.5,223.5,130.0,-150.0,0.5,116.5,0.0,1,False,1495.9080520555071,1585.8215392161262,1443.7809572870094,1637.948633984624,-89.91348716061907,0.5145115821728742
2017,2017-02-10,True,False,no,min,122,106,28,33,37,24,0,40,25,24,17,0,home,5.0,210.5,175.0,-200.0,1.5,103.0,0.0,1,False,1417.1242244681457,1343.6955922341126,1332.261607347536,1428.5582093547223,73.4286322340331,0.7307311840063968
2017,2017-02-10,True,False,ind,wsh,107,112,27,32,22,26,0,33,26,27,26,0,home,6.0,215.0,200.0,-240.0,3.5,106.5,0.0,1,True,1772.694559737459,1554.395189457722,1781.622551835885,1545.467197359296,218.2993702797371,0.8620329329129307
2017,2017-02-10,True,False,atl,sac,107,108,28,31,25,23,0,17,26,31,34,0,away,2.0,209.5,-125.0,105.0,5.0,109.0,0.0,1,True,1443.474352597452,1522.8144734221103,1457.8178784889265,1508.4709475306358,-79.34012082465824,0.5296969619888034
2017,2017-02-10,True,False,chi,phx,97,115,26,17,33,21,0,28,28,30,29,0,away,3.5,219.5,-165.0,145.0,6.5,114.0,0.0,0,True,1216.8324792862563,1533.0246662782315,1317.4123240757694,1432.4448214887184,-316.1921869919752,0.22365327331553186
2017,2017-02-10,True,False,den,ny,131,123,34,30,36,31,0,32,34,22,35,0,home,2.0,229.0,110.0,-130.0,0.5,112.0,0.0,1,False,1274.5620769876937,1519.1805666215541,1245.2572099771696,1548.4854336320782,-244.61848963386046,0.3031186305007026
2017,2017-02-10,True,False,lal,mil,122,114,47,29,27,19,0,30,25,29,30,0,home,5.5,218.0,190.0,-220.0,8.0,107.5,0.0,1,False,1354.5159239493803,1369.1747911343605,1294.5365864200885,1429.1541286636523,-14.658867184980181,0.6204039296165068
2017,2017-02-10,True,False,gs,mem,122,107,29,33,36,24,0,22,27,28,30,0,away,7.5,216.5,-340.0,280.0,1.0,107.0,1.0,1,False,1709.0861137361296,1888.1231029732862,1661.7306508649542,1935.4785658444616,-179.0369892371566,0.38817892865480824
2017,2017-02-10,True,False,sa,det,103,92,27,33,23,20,0,19,22,25,26,0,away,5.0,208.5,-200.0,175.0,3.0,108.0,1.0,0,False,1527.14393666026,1686.6785461441114,1481.752961856591,1732.0695209477803,-159.53460948385145,0.41515163710788067
2017,2017-02-10,True,False,mia,bkn,108,99,20,29,25,34,0,22,31,19,27,0,away,5.5,214.0,-230.0,195.0,6.0,106.0,1.0,0,False,1080.055155037199,1673.7149196433265,1074.4717372262164,1679.2983374543091,-593.6597646061275,0.05511017148795612
2017,2017-02-11,True,False,mia,phi,109,117,27,21,28,33,0,27,27,30,33,0,away,2.5,208.0,-135.0,115.0,3.5,103.0,0.0,1,True,1357.4724206860603,1679.2983374543091,1433.0674846951847,1603.7032734451848,-321.8259167682488,0.2180728113582776
2017,2017-02-11,True,False,lac,cha,107,102,29,24,24,30,0,27,24,19,32,0,home,2.5,218.0,120.0,-140.0,2.5,108.0,0.0,0,False,1340.89394730909,1504.455014545269,1308.6072453400127,1536.7417165143463,-163.56106723617904,0.409535260573526
2017,2017-02-11,True,False,mil,ind,116,100,29,33,26,28,0,22,30,22,26,0,home,6.0,210.5,210.0,-250.0,6.5,102.5,0.0,1,False,1545.467197359296,1294.5365864200885,1457.4825370020278,1382.5212467773567,250.93061093920755,0.882893311717597
2017,2017-02-11,True,False,bos,utah,112,104,33,25,19,35,0,23,21,21,39,0,home,6.5,204.5,225.0,-265.0,8.0,108.0,0.0,1,False,1653.6245730887008,1637.948633984624,1590.7466756356937,1700.826531437631,15.67593910407686,0.6605809583103606
2017,2017-02-11,True,False,den,cle,109,125,33,22,23,31,0,28,31,33,33,0,home,11.5,232.0,625.0,-950.0,6.0,114.0,1.0,1,True,1686.6312669567428,1548.4854336320782,1708.808741079723,1526.307959509098,138.14583332466464,0.7975219083781123
2017,2017-02-11,True,False,gs,okc,130,114,30,43,32,25,0,24,26,38,26,0,away,8.0,226.5,-360.0,300.0,2.0,108.0,1.0,1,False,1601.138253778281,1935.4785658444616,1575.453195232516,1961.1636243902267,-334.34031206618056,0.20603860694437998
2017,2017-02-11,True,False,orl,dal,80,112,23,12,17,28,0,29,32,23,28,0,home,6.5,204.0,220.0,-260.0,3.0,99.0,1.0,0,True,1582.7493739174568,1276.1397869162379,1593.088911654922,1265.8002491787727,306.60958700121887,0.9121867977257567
2017,2017-02-11,True,False,phx,hou,102,133,24,29,24,25,0,38,39,34,22,0,home,16.0,233.5,1300.0,-3500.0,2.5,120.0,1.0,1,True,1587.6718774799624,1317.4123240757694,1600.4070173063446,1304.6771842493872,270.25955340419296,0.893916449741519
2017,2017-02-12,True,False,sa,ny,90,94,21,27,17,25,0,18,24,27,25,0,away,9.5,211.0,-500.0,400.0,4.0,108.5,0.0,0,True,1245.2572099771696,1732.0695209477803,1309.1764241831722,1668.1503067417777,-486.8123109706107,0.0973808914593524
2017,2017-02-12,True,False,chi,min,89,117,17,23,25,24,0,34,23,27,33,0,home,7.0,204.5,250.0,-300.0,2.5,106.0,1.0,1,True,1332.261607347536,1432.4448214887184,1406.3811806771582,1358.3252481590962,-100.18321414118236,0.4997363336804949
2017,2017-02-12,True,False,det,tor,102,101,25,20,21,36,0,27,24,31,19,0,home,6.5,213.0,240.0,-280.0,1.0,105.5,0.0,0,False,1441.2032236817727,1481.752961856591,1423.369835583097,1499.5863499552665,-40.54973817481823,0.5847304675501692
2017,2017-02-12,True,False,no,sac,99,105,29,27,17,26,0,23,30,23,29,0,home,4.0,213.5,155.0,-175.0,4.0,106.5,1.0,0,True,1457.8178784889265,1428.5582093547223,1484.6131816719064,1401.7629061717423,29.25966913420416,0.6778870603668468
2017,2017-02-13,True,False,lac,utah,88,72,18,27,31,12,0,19,15,15,23,0,home,8.5,207.0,320.0,-380.0,8.5,100.5,0.0,0,False,1590.7466756356937,1536.7417165143463,1506.9883033564104,1620.5000887936296,54.00495912134738,0.7081722879614161
2017,2017-02-13,True,False,orl,mia,116,107,36,24,27,29,0,28,29,30,20,0,home,7.5,207.5,290.0,-350.0,6.0,100.0,0.0,1,False,1603.7032734451848,1265.8002491787727,1533.612610620491,1335.8909120034664,337.9030242664121,0.9255852757853253
2017,2017-02-13,True,False,gs,den,110,132,30,24,31,25,0,42,37,28,25,0,away,12.0,236.0,-1000.0,650.0,13.5,116.0,0.0,1,True,1526.307959509098,1961.1636243902267,1646.7460498416085,1840.7255340577162,-434.85566488112863,0.1270182187442676
2017,2017-02-13,True,False,no,phx,110,108,29,24,24,33,0,28,30,22,28,0,home,3.5,222.0,145.0,-165.0,0.5,109.5,0.0,0,False,1304.6771842493872,1401.7629061717423,1280.304985943787,1426.1351044773426,-97.0857219223551,0.5041938849292148
2017,2017-02-13,True,False,bos,dal,111,98,30,31,22,28,0,28,22,32,16,0,away,2.0,210.5,-130.0,110.0,3.0,108.5,1.0,0,False,1593.088911654922,1700.826531437631,1536.3224547392163,1757.5929883533368,-107.73761978270909,0.48886651063101694
2017,2017-02-13,True,False,phi,cha,105,99,31,17,32,25,0,22,25,25,27,0,home,7.5,213.5,290.0,-350.0,6.0,104.5,0.0,0,False,1308.6072453400127,1433.0674846951847,1268.806173465313,1472.8685565698845,-124.460239355172,0.46485692865789885
2017,2017-02-13,True,False,sa,ind,110,106,26,23,34,27,0,31,18,30,27,0,away,5.0,208.0,-210.0,180.0,4.0,109.0,0.0,1,False,1457.4825370020278,1668.1503067417777,1432.9866443189817,1692.6461994248239,-210.66776973974993,0.34591258811817577
2017,2017-02-13,True,False,okc,wsh,98,120,32,22,19,25,0,38,29,34,19,0,home,6.0,218.0,220.0,-260.0,1.0,106.0,1.0,2,True,1781.622551835885,1575.453195232516,1798.3773401635601,1558.6984069048408,206.1693566033689,0.8535165513900498
2017,2017-02-13,True,False,det,mil,89,102,19,15,27,28,0,23,28,26,25,0,home,2.5,209.5,125.0,-145.0,4.0,102.0,1.0,0,True,1382.5212467773567,1499.5863499552665,1443.4299320126313,1438.677664719992,-117.0651031779098,0.4754610726840462
2017,2017-02-13,True,False,mem,bkn,112,103,27,25,27,33,0,19,23,30,31,0,away,8.5,211.0,-400.0,330.0,1.5,103.0,1.0,1,False,1074.4717372262164,1661.7306508649542,1068.6907121331901,1667.5116759579805,-587.2589136387378,0.05706062040103508
2017,2017-02-13,True,False,atl,por,109,104,21,21,33,22,12,28,20,26,23,7,home,2.0,218.5,115.0,-135.0,1.5,114.0,0.0,0,False,1443.7809572870094,1508.4709475306358,1400.3698467823715,1551.8820580352738,-64.68999024362643,0.5506409564324741
2017,2017-02-14,True,False,tor,chi,94,105,18,21,25,30,0,24,34,20,27,0,away,4.0,211.0,-180.0,160.0,8.0,104.5,0.0,0,True,1358.3252481590962,1423.369835583097,1407.5115484282026,1374.1835353139907,-65.04458742400084,0.5501358327658379
2017,2017-02-14,True,False,cle,min,116,108,26,43,24,23,0,30,31,32,15,0,away,4.0,219.5,-190.0,170.0,0.5,107.0,1.0,1,False,1406.3811806771582,1708.808741079723,1383.3997254010237,1731.7901963558575,-302.4275604025647,0.23771161451486386
2017,2017-02-14,True,False,sac,lal,97,96,29,14,27,27,0,23,18,23,32,0,home,2.5,218.0,125.0,-145.0,2.5,114.0,0.0,0,False,1429.1541286636523,1484.6131816719064,1411.960591216976,1501.8067191185828,-55.45905300825416,0.563750709310428
2017,2017-02-15,True,False,ny,okc,105,116,39,21,20,25,0,27,35,26,28,0,home,7.0,218.0,250.0,-300.0,4.5,107.0,1.0,1,True,1558.6984069048408,1309.1764241831722,1569.019085298859,1298.855745789154,249.52198272166856,0.8820523231268105
2017,2017-02-15,True,False,no,mem,95,91,28,22,27,18,0,22,21,18,30,0,home,8.0,205.0,300.0,-360.0,8.0,102.0,0.0,0,False,1667.5116759579805,1426.1351044773426,1617.477631263194,1476.169149172129,241.37657148063795,0.8770861494374795
2017,2017-02-15,True,False,por,utah,88,111,17,20,25,26,0,18,22,34,37,0,home,9.0,204.5,375.0,-450.0,4.5,99.5,1.0,0,True,1506.9883033564104,1400.3698467823715,1536.4770921763009,1370.881057962481,106.61845657403887,0.7666322070037829
2017,2017-02-15,True,False,lal,phx,101,137,15,33,28,25,0,32,36,34,35,0,home,4.0,226.5,160.0,-180.0,4.0,111.0,1.0,1,True,1280.304985943787,1411.960591216976,1366.9631851809115,1325.3023919798513,-131.65560527318894,0.45456956492421935
2017,2017-02-15,True,False,min,den,112,99,32,30,23,27,0,31,29,19,20,0,home,6.0,226.0,210.0,-250.0,6.0,109.0,0.0,0,False,1646.7460498416085,1383.3997254010237,1564.935444668992,1465.2103305736402,263.3463244405848,0.8900830385811291
2017,2017-02-15,True,False,mia,hou,117,109,34,24,30,29,0,28,17,28,36,0,home,10.0,224.0,450.0,-600.0,9.5,110.0,0.0,1,False,1600.4070173063446,1533.612610620491,1534.871703756646,1599.1479241701898,66.79440668585357,0.7231509929757528
2017,2017-02-15,True,False,phi,bos,108,116,29,32,18,29,0,29,32,26,29,0,home,10.0,219.0,450.0,-600.0,6.5,109.0,0.0,1,True,1757.5929883533368,1472.8685565698845,1765.0009635657382,1465.460581357483,284.72443178345225,0.9015575578682136
2017,2017-02-15,True,False,mil,bkn,129,125,39,23,33,34,0,33,27,22,43,0,away,5.0,219.0,-210.0,180.0,3.5,107.5,0.0,1,False,1068.6907121331901,1443.4299320126313,1056.6110819049293,1455.5095622408921,-374.7392198794412,0.17057946039501745
2017,2017-02-15,True,False,sa,orl,107,79,30,24,31,22,0,16,21,27,15,0,away,10.0,207.0,-650.0,475.0,0.5,107.0,1.0,0,False,1335.8909120034664,1692.6461994248239,1308.3730614843746,1720.1640499439156,-356.7552874213575,0.18572935827210407
2017,2017-02-15,True,False,ind,cle,104,113,32,22,26,24,0,28,29,26,30,0,home,6.0,219.0,220.0,-260.0,3.0,107.5,1.0,0,True,1731.7901963558575,1432.9866443189817,1738.9261259978737,1425.8507146769655,298.8035520368758,0.9085201040665958
2017,2017-02-15,True,False,atl,lac,84,99,22,18,24,20,0,21,33,29,16,0,home,3.5,213.0,140.0,-160.0,3.0,111.5,1.0,0,True,1620.5000887936296,1551.8820580352738,1651.8659292498976,1520.5162175790058,68.61803075835587,0.7252477244903837
2017,2017-02-15,True,False,cha,tor,85,90,20,21,34,10,0,31,13,14,32,0,home,6.0,213.0,210.0,-250.0,2.5,104.0,0.0,0,True,1374.1835353139907,1268.806173465313,1390.919062992822,1252.0706457864815,105.37736184867777,0.7653516030614034
2017,2017-02-15,True,False,sac,gs,86,109,25,25,15,21,0,28,19,42,20,0,home,19.0,225.5,2000.0,-9100.0,13.0,117.0,1.0,0,True,1840.7255340577162,1501.8067191185828,1848.4553213806014,1494.0769317956976,338.9188149391334,0.9259870245741789
2017,2017-02-15,True,False,dal,det,91,98,17,18,28,28,0,27,35,16,20,0,home,4.5,200.5,175.0,-200.0,5.0,98.0,1.0,0,True,1438.677664719992,1536.3224547392163,1484.1152669888106,1490.8848524703976,-97.64479001922427,0.503389367703715
2017,2017-02-16,True,False,bos,chi,103,104,25,33,20,25,0,22,30,29,23,0,away,1.0,214.0,-120.0,100.0,1.5,110.5,0.0,0,True,1407.5115484282026,1765.0009635657382,1432.365028053159,1740.1474839407817,-357.4894151375356,0.18509109536909843
2017,2017-02-16,True,False,wsh,ind,111,98,34,28,28,21,0,27,25,25,21,0,away,2.5,215.5,-145.0,125.0,2.5,104.5,1.0,0,False,1425.8507146769655,1798.3773401635601,1405.8331533515288,1818.3949014889968,-372.52662548659464,0.17238904607064107
2017,2017-02-23,True,False,hou,no,129,99,30,36,34,29,0,28,22,17,32,0,away,3.5,230.0,-160.0,140.0,3.0,113.0,1.0,0,False,1476.169149172129,1534.871703756646,1391.6836099136276,1619.3572430151473,-58.702554584516975,0.5591534790027123
2017,2017-02-23,True,False,por,orl,112,103,23,23,31,35,0,25,30,30,18,0,away,2.5,217.5,-140.0,120.0,4.5,111.0,1.0,0,False,1308.3730614843746,1370.881057962481,1252.2708928270827,1426.983226619773,-62.507996478106406,0.5537468697878961
2017,2017-02-23,True,False,cha,det,108,114,28,34,23,15,8,23,27,20,30,14,home,4.0,208.0,165.0,-185.0,6.0,104.0,1.0,1,True,1484.1152669888106,1252.0706457864815,1493.0677537045149,1243.1181590707772,232.04462120232915,0.8711766280465503
2017,2017-02-23,True,False,den,sac,100,116,26,18,26,30,0,29,32,26,29,0,away,6.5,222.0,-270.0,230.0,8.5,109.5,0.0,0,True,1494.0769317956976,1564.935444668992,1551.1918053742068,1507.8205710904829,-70.85851287329433,0.5418399001523535
2017,2017-02-23,True,False,lac,gs,113,123,24,37,26,26,0,31,18,50,24,0,home,13.5,230.5,800.0,-1400.0,14.0,114.0,0.0,1,True,1848.4553213806014,1651.8659292498976,1861.9911328934631,1638.3301177370358,196.5893921307038,0.8464865052328211
2017,2017-02-23,True,False,ny,cle,104,119,33,18,28,25,0,34,35,18,32,0,home,10.0,223.5,475.0,-650.0,1.0,108.0,1.0,0,True,1738.9261259978737,1298.855745789154,1742.5469510496032,1295.2349207374245,440.0703802087196,0.9572581682575002
2017,2017-02-24,True,False,dal,min,84,97,22,18,23,21,0,26,23,22,26,0,home,3.5,204.5,145.0,-165.0,1.5,99.0,1.0,0,True,1465.2103305736402,1490.8848524703976,1511.0352755165186,1445.0599075275193,-25.67452189675737,0.6053605923063113
2017,2017-02-24,True,False,lal,okc,93,110,23,28,19,23,0,29,29,28,24,0,home,10.5,221.0,475.0,-650.0,3.5,108.0,1.0,0,True,1569.019085298859,1325.3023919798513,1581.439905850341,1312.8815714283694,243.71669331900762,0.8785310242658099
2017,2017-02-24,True,False,sa,lac,105,97,18,29,30,28,0,13,29,31,24,0,away,2.5,211.0,-145.0,125.0,0.0,111.0,1.0,0,False,1638.3301177370358,1720.1640499439156,1587.4660208246462,1771.0281468563053,-81.83393220687981,0.5261192754159772
2017,2017-02-24,True,False,bkn,den,109,129,25,28,22,34,0,30,34,37,28,0,home,10.0,234.5,450.0,-600.0,2.0,122.5,1.0,1,True,1507.8205710904829,1056.6110819049293,1511.5308071632242,1052.900845832188,451.2094891855536,0.9598061324139683
2017,2017-02-24,True,False,phx,chi,121,128,25,29,25,29,13,24,28,28,28,20,home,6.0,219.5,220.0,-260.0,5.5,114.5,1.0,1,True,1432.365028053159,1366.9631851809115,1456.2785590030971,1343.0496542309734,65.40184287224747,0.7215432448723592
2017,2017-02-24,True,False,wsh,phi,112,120,28,21,32,31,0,26,35,34,25,0,away,9.5,217.5,-480.0,390.0,10.0,107.0,0.0,1,True,1465.460581357483,1818.3949014889968,1543.8587243887087,1739.9967584577712,-352.9343201315137,0.18907880588951215
2017,2017-02-24,True,False,mem,ind,92,102,26,23,19,24,0,25,36,28,13,0,home,0.0,203.5,-110.0,-110.0,4.0,99.5,1.0,0,True,1405.8331533515288,1617.477631263194,1474.9783101855385,1548.3324744291845,-211.64447791166526,0.34464158841155434
2017,2017-02-24,True,False,utah,mil,109,95,36,23,28,22,0,27,19,29,20,0,away,3.5,202.5,-160.0,140.0,2.5,105.0,1.0,1,False,1455.5095622408921,1536.4770921763009,1392.6720934513735,1599.3145609658195,-80.96752993540872,0.5273625614804379
2017,2017-02-24,True,False,bos,tor,97,107,29,26,22,20,0,18,27,29,33,0,home,1.5,213.5,105.0,-125.0,3.5,111.0,1.0,0,True,1390.919062992822,1740.1474839407817,1476.129845306263,1654.9367016273409,-349.22842094795965,0.19237144719761098
2017,2017-02-24,True,False,mia,atl,108,90,25,38,24,21,0,24,25,17,24,0,home,2.5,206.5,125.0,-145.0,5.5,100.5,0.0,0,False,1520.5162175790058,1599.1479241701898,1451.7595624683688,1667.9045792808267,-78.63170659118396,0.5307127312099567
2017,2017-02-25,True,False,chi,cle,117,99,23,32,34,28,0,22,34,20,23,0,home,6.0,210.0,220.0,-260.0,3.5,110.0,0.0,1,False,1742.5469510496032,1456.2785590030971,1651.6612513664822,1547.164258686218,286.26839204650605,0.9023435489022067
2017,2017-02-25,True,False,bkn,gs,95,112,28,23,25,19,0,32,30,29,21,0,home,21.0,235.5,2950.0,-4400.0,9.5,120.5,0.0,0,True,1861.9911328934631,1052.900845832188,1862.3643047448618,1052.5276739807894,809.0902870612751,0.994691611036431
2017,2017-02-25,True,False,min,hou,130,142,28,30,30,42,0,35,31,40,36,0,home,13.0,229.5,775.0,-1300.0,4.5,112.0,0.0,1,True,1619.3572430151473,1511.0352755165186,1642.9423474645803,1487.4501710670856,108.32196749862874,0.7683820177667061
2017,2017-02-25,True,False,no,dal,83,96,30,19,14,20,0,24,23,20,29,0,away,2.0,204.5,-130.0,110.0,1.0,101.0,0.0,0,True,1445.0599075275193,1391.6836099136276,1477.3119262448427,1359.4315911963042,53.376297613891666,0.707423834417723
2017,2017-02-25,True,False,cha,sac,99,85,24,27,28,20,0,19,21,18,27,0,away,3.5,208.0,-165.0,145.0,1.5,103.0,1.0,0,False,1551.1918053742068,1243.1181590707772,1468.038187301952,1326.271777143032,308.07364630342954,0.9128595409785123
2017,2017-02-25,True,False,phi,ny,109,110,25,25,25,34,0,31,29,26,24,0,home,6.5,220.0,230.0,-270.0,0.5,108.0,0.0,0,True,1295.2349207374245,1543.8587243887087,1316.6366021468143,1522.4570429793189,-248.6238036512841,0.29827046281790626
2017,2017-02-25,True,False,atl,orl,86,105,19,27,19,21,0,22,27,31,25,0,away,4.0,210.5,-170.0,150.0,4.5,110.0,0.0,0,True,1252.2708928270827,1451.7595624683688,1336.5498603446829,1367.4805949507686,-199.48866964128615,0.3606133976474862
2017,2017-02-25,True,False,ind,mia,95,113,23,31,25,16,0,18,35,30,30,0,home,4.5,209.0,170.0,-190.0,4.5,101.5,1.0,0,True,1667.9045792808267,1474.9783101855385,1684.8763651533366,1458.0065243130286,192.92626909528826,0.8437262941489049
2017,2017-02-26,True,False,phx,mil,96,100,23,24,26,23,0,21,21,35,23,0,home,6.0,223.5,210.0,-250.0,6.0,116.5,0.0,0,True,1392.6720934513735,1343.0496542309734,1412.7145344803178,1323.007213202029,49.62243922040011,0.7029313537720044
2017,2017-02-26,True,False,no,okc,110,118,35,24,25,26,0,32,27,28,31,0,home,6.0,217.5,210.0,-250.0,4.5,109.0,1.0,1,True,1581.439905850341,1359.4315911963042,1592.1556812812819,1348.7158157653632,222.00831465403667,0.8645526103326793
2017,2017-02-26,True,False,sa,lal,119,98,36,25,35,23,0,20,21,29,28,0,away,12.0,210.0,-900.0,600.0,1.0,108.5,1.0,1,False,1312.8815714283694,1771.0281468563053,1297.529262573266,1786.3804557114088,-458.1465754279359,0.1128797535485727
2017,2017-02-26,True,False,utah,wsh,102,92,24,25,24,29,0,24,15,21,32,0,home,2.0,204.0,105.0,-125.0,4.0,106.5,0.0,0,False,1739.9967584577712,1599.3145609658195,1666.012846931349,1673.2984724922417,140.68219749195168,0.7998693662763179
2017,2017-02-26,True,False,mem,den,105,98,22,28,18,37,0,19,28,21,30,0,home,2.0,216.5,110.0,-130.0,1.0,106.5,0.0,0,False,1511.5308071632242,1548.3324744291845,1457.5521905636945,1602.3110910287141,-36.801667265960305,0.5899597157741534
2017,2017-02-26,True,False,bos,det,104,98,27,27,25,25,0,23,27,24,24,0,away,2.0,213.0,-135.0,115.0,0.0,110.5,1.0,0,False,1493.0677537045149,1654.9367016273409,1457.8014765199332,1690.2029788119225,-161.868947922826,0.4118927587888322
2017,2017-02-26,True,False,cha,lac,121,124,24,27,29,33,8,32,27,25,29,11,home,11.5,212.5,550.0,-800.0,4.0,106.5,0.0,1,True,1587.4660208246462,1326.271777143032,1592.8409955063576,1320.8968024613207,261.1942436816141,0.8888651495108448
2017,2017-02-26,True,False,por,tor,106,112,28,24,28,26,0,25,28,29,30,0,home,5.0,208.0,185.0,-215.0,3.0,107.0,1.0,1,True,1476.129845306263,1426.983226619773,1500.4200919187401,1402.6929800072958,49.14661868649,0.702359072146157
2017,2017-02-27,True,False,min,sac,102,88,20,40,17,25,0,25,19,21,23,0,away,4.0,210.0,-180.0,160.0,3.0,104.0,1.0,0,False,1468.038187301952,1487.4501710670856,1394.884722743837,1560.6036356252005,-19.411983765133755,0.6139394089815855
2017,2017-02-27,True,False,ind,hou,117,108,20,39,29,29,0,31,27,22,28,0,home,10.0,230.5,450.0,-600.0,7.5,113.5,0.0,0,False,1642.9423474645803,1458.0065243130286,1571.3292988622654,1529.6195729153435,184.93582315155163,0.8375652035634904
2017,2017-02-27,True,False,atl,bos,114,98,24,27,33,30,0,24,23,24,27,0,home,4.5,212.5,170.0,-190.0,5.5,112.0,0.0,0,False,1690.2029788119225,1367.4805949507686,1603.5589890627339,1454.1245846999573,322.72238386115396,0.9193379545904158
2017,2017-02-27,True,False,mia,dal,89,96,31,23,15,20,0,22,33,23,18,0,away,1.0,201.5,-115.0,-105.0,0.5,97.5,0.0,0,True,1477.3119262448427,1684.8763651533366,1536.7871072597914,1625.4011841383879,-207.5644389084939,0.3499655401042439
2017,2017-02-27,True,False,mil,cle,95,102,25,25,23,22,0,27,25,25,25,0,home,9.5,219.0,450.0,-600.0,5.5,106.5,0.0,0,True,1651.6612513664822,1412.7145344803178,1660.850308898204,1403.525476948596,238.9467168861645,0.8755702560255675
2017,2017-02-27,True,False,tor,ny,92,91,21,19,23,29,0,25,28,14,24,0,away,3.5,211.0,-160.0,140.0,6.5,103.0,0.0,0,False,1316.6366021468143,1500.4200919187401,1304.9950295519282,1512.0616645136263,-183.78348977192582,0.38170997842707405
2017,2017-02-27,True,False,gs,phi,119,108,32,27,34,26,0,31,25,24,28,0,away,14.0,228.0,-2500.0,1100.0,8.5,113.0,0.0,0,False,1522.4570429793189,1862.3643047448618,1500.49740119663,1884.3239465275506,-339.9072617655429,0.20084568079487344
2017,2017-02-28,True,False,phx,mem,112,130,27,29,29,27,0,25,30,38,37,0,home,9.0,212.0,350.0,-420.0,6.5,110.5,1.0,1,True,1602.3110910287141,1323.007213202029,1612.5643595084684,1312.7539447222748,279.30387782668504,0.8987533153841545
2017,2017-02-28,True,False,cha,lal,109,104,27,31,22,29,0,31,24,27,22,0,away,5.0,215.5,-200.0,175.0,3.0,106.5,2.0,0,False,1297.529262573266,1320.8968024613207,1249.5544313616977,1368.871633672889,-23.367539888054807,0.6085287069586066
2017,2017-02-28,True,False,utah,okc,106,109,25,28,22,31,0,31,30,25,23,0,away,2.5,203.5,-140.0,120.0,4.0,106.0,0.0,1,True,1592.1556812812819,1673.2984724922417,1621.0004634545605,1644.453690318963,-81.14279121095979,0.5271110886714592
2017,2017-02-28,True,False,den,chi,125,107,22,34,35,34,0,25,34,24,24,0,home,2.5,222.5,120.0,-140.0,1.0,109.0,0.0,1,False,1547.164258686218,1457.5521905636945,1458.1479138422094,1546.5685354077032,89.61206812252362,0.7486630983823926
2017,2017-02-28,True,False,por,det,113,120,27,22,30,30,4,19,25,31,34,11,home,4.0,213.5,155.0,-175.0,3.5,111.5,1.0,1,True,1457.8014765199332,1402.6929800072958,1482.9940919036187,1377.5003646236103,55.10849651263743,0.7094833788967828
2017,2017-02-28,True,False,gs,wsh,108,112,26,23,36,23,0,40,21,24,27,0,away,7.0,231.5,-310.0,260.0,7.0,113.5,0.0,0,True,1666.012846931349,1884.3239465275506,1713.032327692034,1837.3044657668656,-218.31109959620153,0.336026227239385
2017,2017-03-01,True,False,det,no,86,109,18,32,20,16,0,31,22,25,31,0,home,2.5,209.0,120.0,-140.0,0.5,103.0,1.0,0,True,1348.7158157653632,1482.9940919036187,1425.508790951833,1406.201116717149,-134.27827613825548,0.45082903444385597
2017,2017-03-01,True,False,min,utah,107,80,21,30,30,26,0,16,19,18,27,0,home,6.5,199.5,225.0,-265.0,8.0,97.5,0.0,0,False,1644.453690318963,1560.6036356252005,1544.0300797171549,1661.0272462270086,83.85005469376256,0.7423705095295213
2017,2017-03-01,True,False,bkn,sac,109,100,35,22,24,28,0,31,23,18,28,0,home,2.5,216.0,120.0,-140.0,2.0,111.0,0.0,0,False,1394.884722743837,1052.5276739807894,1324.8947851289286,1122.5176115956979,342.3570487630477,0.9273320904495131
2017,2017-03-01,True,False,ind,sa,99,100,28,21,27,23,0,29,18,26,27,0,home,10.0,206.5,450.0,-600.0,7.5,100.0,0.0,0,True,1786.3804557114088,1529.6195729153435,1789.1392120180933,1526.860816608659,256.7608827960653,0.8863190076218292
2017,2017-03-01,True,False,den,mil,110,98,32,31,23,24,0,15,22,29,32,0,home,4.5,223.5,165.0,-185.0,7.5,107.0,0.0,0,False,1403.525476948596,1546.5685354077032,1354.0518987017936,1596.0421136545056,-143.04305845910721,0.43837103541176137
2017,2017-03-01,True,False,cle,bos,99,103,26,24,21,28,0,20,29,25,29,0,home,2.0,224.5,110.0,-130.0,0.0,110.5,1.0,0,True,1603.5589890627339,1660.850308898204,1634.635914687579,1629.7733832733588,-57.291319835470176,0.5611550102402921
2017,2017-03-01,True,False,dal,atl,95,100,22,30,24,19,0,27,36,18,19,0,home,6.0,195.5,210.0,-250.0,1.0,95.5,0.0,0,True,1454.1245846999573,1536.7871072597914,1491.5778804728413,1499.3338114869073,-82.66252255983409,0.5249299461315116
2017,2017-03-01,True,False,wsh,tor,105,96,24,38,20,23,0,26,20,14,36,0,home,4.5,208.5,165.0,-185.0,7.5,100.5,0.0,0,False,1512.0616645136263,1713.032327692034,1475.7256186591628,1749.3683735464974,-200.97066317840768,0.35864873201765907
2017,2017-03-01,True,False,ny,orl,101,90,31,29,19,22,0,24,27,16,23,0,home,2.5,216.0,115.0,-135.0,4.0,106.5,0.0,0,False,1336.5498603446829,1304.9950295519282,1264.3946376970177,1377.1502521995933,31.55483079275473,0.6807651789863913
2017,2017-03-01,True,False,phi,mia,98,125,27,17,30,24,0,37,27,24,37,0,home,9.5,213.0,425.0,-550.0,0.5,102.0,1.0,1,True,1625.4011841383879,1500.49740119663,1653.432418133684,1472.466167201334,124.90378294175775,0.7849332512895474
2017,2017-03-01,True,False,hou,lac,122,103,34,36,38,14,0,37,21,20,25,0,home,2.5,235.5,120.0,-140.0,5.5,115.0,0.0,0,False,1592.8409955063576,1571.3292988622654,1506.6353804629723,1657.5349139056507,21.511696644092126,0.6680719288311394
2017,2017-03-02,True,False,gs,chi,87,94,26,25,22,14,0,19,28,32,15,0,away,7.5,217.0,-335.0,275.0,4.0,107.5,0.0,0,True,1458.1479138422094,1837.3044657668656,1534.362516415668,1761.089863193407,-379.15655192465624,0.16701190018142426
2017,2017-03-02,True,False,cha,phx,103,120,32,26,33,12,0,28,33,33,26,0,away,3.5,219.5,-160.0,140.0,3.5,109.0,0.0,1,True,1312.7539447222748,1368.871633672889,1368.3531538211141,1313.2724245740496,-56.11768895061414,0.5628180405659149
2017,2017-03-02,True,False,okc,por,109,114,24,36,25,24,0,26,31,24,33,0,away,1.0,222.5,-115.0,-105.0,1.0,110.5,0.0,1,True,1377.5003646236103,1621.0004634545605,1432.333341397954,1566.1674866802168,-243.50009883095026,0.3044802949272963
2017,2017-03-03,True,False,okc,phx,111,118,28,27,24,32,0,23,35,29,31,0,away,5.0,225.5,-200.0,175.0,5.5,111.5,0.0,1,True,1368.3531538211141,1566.1674866802168,1426.650501741945,1507.870138759386,-197.8143328591027,0.36283867619423416
2017,2017-03-03,True,False,bkn,utah,97,112,26,25,19,27,0,38,22,28,24,0,home,12.5,206.5,800.0,-1400.0,4.5,107.5,1.0,1,True,1544.0300797171549,1122.5176115956979,1548.092151559325,1118.4555397535278,421.512468121457,0.9526674236072356
2017,2017-03-03,True,False,mem,dal,100,104,22,28,22,28,0,20,31,28,25,0,away,2.5,190.0,-145.0,125.0,2.5,94.5,0.0,1,True,1499.3338114869073,1612.5643595084684,1536.0891373625038,1575.809033632872,-113.23054802156116,0.48096890914474916
2017,2017-03-03,True,False,sa,no,101,98,27,22,18,22,12,30,18,18,23,9,away,6.0,208.0,-240.0,200.0,3.5,109.0,0.0,0,False,1425.508790951833,1789.1392120180933,1414.5404199651243,1800.1075830048019,-363.6304210662604,0.17981834578584946
2017,2017-03-03,True,False,bos,lal,115,95,35,35,23,22,0,26,19,33,17,0,away,7.0,218.5,-310.0,260.0,2.5,112.0,1.0,0,False,1249.5544313616977,1634.635914687579,1227.810107713373,1656.3802383359036,-385.08148332588144,0.16232075274015476
2017,2017-03-03,True,False,lac,mil,101,112,19,28,29,25,0,34,32,19,27,0,away,5.0,210.5,-215.0,185.0,7.5,100.0,0.0,1,True,1354.0518987017936,1506.6353804629723,1416.9310977452474,1443.7561814195185,-152.58348176117875,0.42489883647944554
2017,2017-03-03,True,False,ny,phi,102,105,35,18,28,21,0,29,34,16,26,0,away,2.0,217.0,-135.0,115.0,4.0,106.5,0.0,0,True,1472.466167201334,1377.1502521995933,1486.1216020136762,1363.494817387251,95.31591500174068,0.7547907786707436
2017,2017-03-03,True,False,tor,wsh,114,106,35,27,17,35,0,27,26,25,28,0,home,5.0,207.5,180.0,-210.0,5.0,100.5,0.0,1,False,1749.3683735464974,1475.7256186591628,1681.3751065417634,1543.7188856638968,273.6427548873346,0.8957491687358904
2017,2017-03-03,True,False,mia,orl,99,110,25,28,20,26,0,33,27,25,25,0,away,5.0,210.0,-210.0,180.0,5.0,102.0,0.0,0,True,1264.3946376970177,1653.432418133684,1356.3190258859606,1561.508029944741,-389.03778043666625,0.15924783700183168
2017,2017-03-03,True,False,cle,atl,135,130,39,38,29,29,0,33,27,28,42,0,away,2.5,214.5,-155.0,135.0,4.0,104.0,1.0,1,False,1491.5778804728413,1629.7733832733588,1456.4753132994408,1664.8759504467594,-138.1955028005175,0.4452526308796325
2017,2017-03-04,True,False,det,phi,136,106,33,34,39,30,0,25,27,30,24,0,away,5.5,213.0,-240.0,200.0,2.0,102.5,1.0,1,False,1486.1216020136762,1406.201116717149,1382.8625769381033,1509.460141792722,79.9204852965272,0.7380205430877267
2017,2017-03-04,True,False,cle,mia,92,120,35,16,24,17,0,35,32,34,19,0,home,8.5,209.5,320.0,-380.0,0.0,102.0,1.0,1,True,1561.508029944741,1664.8759504467594,1636.306626559311,1590.0773538321894,-103.36792050201825,0.4951533245941684
2017,2017-03-04,True,False,tor,mil,94,101,19,23,25,27,0,12,41,27,21,0,home,1.0,203.5,-105.0,-115.0,3.5,99.0,1.0,0,True,1416.9310977452474,1543.7188856638968,1466.1990540499232,1494.450929359221,-126.78778791864943,0.4615254830644688
2017,2017-03-04,True,False,lac,chi,101,91,23,32,27,19,0,29,32,12,18,0,away,3.0,210.5,-155.0,135.0,4.0,104.0,1.0,0,False,1534.362516415668,1443.7561814195185,1461.8313432771422,1516.2873545580444,90.6063349961496,0.7497385292893364
2017,2017-03-04,True,False,min,sa,90,97,26,29,15,13,7,14,29,19,21,14,home,8.0,205.5,280.0,-340.0,8.0,100.5,0.0,0,True,1800.1075830048019,1661.0272462270086,1816.3017586380672,1644.8330705937433,139.08033677779326,0.7983891930899152
2017,2017-03-04,True,False,mem,hou,108,123,24,27,27,30,0,27,28,38,30,0,home,8.5,222.0,340.0,-410.0,4.0,110.0,1.0,1,True,1657.5349139056507,1575.809033632872,1686.8541447158004,1546.4898028227221,81.7258802727788,0.7400249539140791
2017,2017-03-04,True,False,cha,den,112,102,31,30,29,22,0,23,29,27,23,0,home,5.5,222.0,190.0,-220.0,6.0,109.0,0.0,0,False,1596.0421136545056,1313.2724245740496,1521.9718082164095,1387.3427300121457,282.7696890804559,0.9005543675470973
2017,2017-03-04,True,False,bkn,por,116,130,27,30,25,34,0,37,21,32,40,0,home,10.5,224.5,525.0,-750.0,7.5,116.0,1.0,1,True,1432.333341397954,1118.4555397535278,1439.9982892197302,1110.7905919317516,313.8778016444262,0.9154809142612873
2017,2017-03-05,True,False,utah,sac,110,109,25,20,24,28,13,31,28,22,16,12,away,10.0,191.5,-550.0,425.0,10.5,100.0,0.0,1,False,1324.8947851289286,1548.092151559325,1314.8370031069444,1558.1499335813091,-223.19736643039641,0.3297798237604245
2017,2017-03-05,True,False,no,lal,105,97,26,29,28,22,0,20,39,14,24,0,away,6.0,217.0,-260.0,220.0,6.5,107.5,1.0,0,False,1227.810107713373,1414.5404199651243,1191.2934573267537,1451.0570703517437,-186.73031225175123,0.37771463189680743
2017,2017-03-05,True,False,orl,wsh,114,115,28,33,29,24,0,25,20,34,36,0,home,12.5,216.5,650.0,-1000.0,11.5,106.5,0.0,1,True,1681.3751065417634,1356.3190258859606,1683.2088837618458,1354.4852486658783,325.0560806558028,0.9203285547629005
2017,2017-03-05,True,False,bos,phx,106,109,22,20,35,29,0,19,30,32,28,0,away,4.0,228.5,-180.0,160.0,4.5,118.5,0.0,0,True,1426.650501741945,1656.3802383359036,1468.035569182211,1614.9951708956376,-229.7297365939587,0.3215223686030988
2017,2017-03-05,True,False,gs,ny,112,105,29,20,35,28,0,18,32,26,29,0,away,10.5,219.5,-800.0,550.0,8.0,108.5,0.0,0,False,1363.494817387251,1761.089863193407,1349.5177253220897,1775.0669552585682,-397.5950458061559,0.1527627379428533
2017,2017-03-05,True,False,ind,atl,97,96,19,31,31,16,0,30,20,24,22,0,home,3.0,209.5,130.0,-150.0,2.0,102.0,0.0,0,False,1456.4753132994408,1526.860816608659,1439.9294090885403,1543.4067208195595,-70.38550330921817,0.5425157716384095
2017,2017-03-05,True,False,okc,dal,89,104,27,23,21,18,0,28,32,28,16,0,home,1.0,206.5,100.0,-120.0,3.5,102.0,1.0,0,True,1536.0891373625038,1507.870138759386,1574.4618601187567,1469.4974160031331,28.218998603117825,0.6765775883544872
2017,2017-03-06,True,False,ind,cha,88,100,16,21,29,22,0,27,31,16,26,0,home,4.0,205.0,155.0,-175.0,4.0,100.5,1.0,0,True,1387.3427300121457,1543.4067208195595,1452.799052188809,1477.9503986428963,-156.0639908074138,0.42001050371398413
2017,2017-03-06,True,False,bos,lac,102,116,25,21,25,31,0,22,21,32,41,0,home,7.0,218.0,260.0,-310.0,6.5,114.5,1.0,2,True,1516.2873545580444,1614.9951708956376,1575.6428806257918,1555.6396448278902,-98.70781633759316,0.5018595931997919
2017,2017-03-06,True,False,sac,den,96,108,24,26,23,23,0,25,32,33,18,0,home,10.5,215.5,500.0,-700.0,4.0,111.0,1.0,0,True,1521.9718082164095,1314.8370031069444,1535.6020434784743,1301.2067678448796,207.1348051094651,0.8542100279431463
2017,2017-03-06,True,False,bkn,mem,122,109,36,20,32,34,0,34,23,34,18,0,home,11.0,213.0,600.0,-900.0,6.5,110.5,0.0,1,False,1546.4898028227221,1110.7905919317516,1469.151547194671,1188.1288475598028,435.69921089097056,0.9562167187749075
2017,2017-03-06,True,False,mil,phi,112,98,27,33,31,21,0,19,24,25,30,0,away,5.5,212.0,-220.0,190.0,2.5,104.5,1.0,0,False,1382.8625769381033,1466.1990540499232,1320.4302557064686,1528.631375281558,-83.33647711181993,0.5239623663736158
2017,2017-03-06,True,False,no,utah,83,88,14,20,18,31,0,29,14,18,27,0,home,5.0,197.0,175.0,-200.0,0.5,95.0,2.0,0,True,1558.1499335813091,1451.0570703517437,1574.733568353948,1434.473435579105,107.09286322956541,0.7671204298128474
2017,2017-03-06,True,False,chi,det,95,109,26,29,24,16,0,14,37,28,30,0,home,6.0,204.0,200.0,-240.0,6.0,105.0,1.0,2,True,1509.460141792722,1461.8313432771422,1543.5210541006134,1427.7704309692508,47.628798515579774,0.7005293142197652
2017,2017-03-06,True,False,mia,cle,106,98,29,33,27,17,0,22,30,19,27,0,home,9.5,214.5,400.0,-500.0,11.0,105.0,0.0,0,False,1590.0773538321894,1636.306626559311,1534.3164195932345,1692.0675607982657,-46.229272727121725,0.5767703370188193
2017,2017-03-06,True,False,ny,orl,113,105,20,31,34,28,0,28,26,38,13,0,home,2.5,206.5,125.0,-145.0,1.0,100.5,0.0,1,False,1354.4852486658783,1349.5177253220897,1292.2798117889015,1411.7231621990666,4.967523343788571,0.6466261251249071
2017,2017-03-06,True,False,gs,atl,119,111,35,26,33,25,0,42,24,24,21,0,away,5.5,216.5,-240.0,200.0,6.5,107.0,1.0,1,False,1439.9294090885403,1775.0669552585682,1420.0825151246613,1794.9138492224472,-335.1375461700279,0.20528887968893192
2017,2017-03-06,True,False,hou,sa,110,112,39,15,28,28,0,23,24,34,31,0,home,3.5,222.0,145.0,-165.0,4.0,108.5,0.0,2,True,1816.3017586380672,1686.8541447158004,1825.318774666944,1677.8371286869237,129.44761392226678,0.7893158788599761
2017,2017-03-07,True,False,por,okc,126,121,29,32,38,27,0,40,27,25,29,0,home,6.5,222.0,235.0,-275.0,2.0,114.5,0.0,1,False,1469.4974160031331,1439.9982892197302,1417.5628523280272,1491.932852894836,29.49912678340297,0.6781879750506505
2017,2017-03-07,True,False,lal,dal,111,122,29,23,22,37,0,38,32,33,19,0,home,9.0,206.5,375.0,-450.0,1.0,100.0,1.0,1,True,1574.4618601187567,1191.2934573267537,1579.0735534611697,1186.6817639843407,383.168402792003,0.9416591536095784
2017,2017-03-07,True,False,wsh,phx,131,127,38,30,26,37,0,25,36,31,35,0,away,5.0,229.5,-210.0,180.0,0.5,114.0,0.0,1,False,1468.035569182211,1683.2088837618458,1443.9535576688718,1707.290895275185,-215.17331457963473,0.3400680692660119
2017,2017-03-08,True,False,utah,hou,115,108,30,34,20,31,0,22,31,24,31,0,home,8.5,215.5,330.0,-400.0,8.0,112.0,0.0,1,False,1677.8371286869237,1574.733568353948,1614.5517262954518,1638.01897074542,103.1035603329758,0.762992800272612
2017,2017-03-08,True,False,ny,mil,93,104,30,26,17,20,0,32,23,21,28,0,home,6.5,208.5,225.0,-265.0,5.0,102.5,1.0,0,True,1528.631375281558,1411.7231621990666,1550.4551654669847,1389.8993720136398,116.90821308249133,0.7770615858970735
2017,2017-03-08,True,False,bos,gs,99,86,25,21,26,27,0,28,22,24,12,0,home,8.0,225.0,280.0,-340.0,3.5,118.5,0.0,0,False,1794.9138492224472,1555.6396448278902,1712.8547245590064,1637.698769491331,239.27420439455705,0.8757754941974011
2017,2017-03-08,True,False,wsh,den,123,113,35,32,30,26,0,28,22,35,28,0,away,1.5,223.5,-125.0,105.0,4.5,107.5,1.0,1,False,1535.6020434784743,1707.290895275185,1493.5815014725938,1749.3114372810655,-171.68885179671065,0.398271070946712
2017,2017-03-08,True,False,det,ind,98,115,23,27,23,25,0,30,28,32,25,0,home,3.5,208.5,145.0,-165.0,0.5,102.0,1.0,1,True,1477.9503986428963,1543.5210541006134,1535.2578128329199,1486.2136399105898,-65.57065545771707,0.5493862586937744
2017,2017-03-08,True,False,chi,orl,91,98,22,31,24,14,0,19,24,34,21,0,home,0.0,204.5,-110.0,-110.0,3.0,107.0,1.0,0,True,1292.2798117889015,1427.7704309692508,1342.684477785433,1377.3657649727193,-135.4906191803493,0.4491018055237825
2017,2017-03-08,True,False,lac,min,91,107,19,36,13,23,0,31,27,24,25,0,away,3.0,211.5,-155.0,135.0,4.5,103.5,0.0,0,True,1644.8330705937433,1575.6428806257918,1676.7911319056243,1543.6848193139108,69.19018996795148,0.7259035341304001
2017,2017-03-08,True,False,cha,mia,101,108,22,32,32,15,0,18,36,27,27,0,home,4.0,204.0,165.0,-185.0,2.5,100.0,1.0,1,True,1692.0675607982657,1452.799052188809,1701.2393428614828,1443.6272701255918,239.26850860945683,0.8757719271021219
2017,2017-03-08,True,False,tor,no,94,87,22,23,23,26,0,26,20,18,23,0,home,3.5,204.0,130.0,-150.0,2.0,99.5,0.0,0,False,1434.473435579105,1494.450929359221,1383.4790447178457,1545.4453202204802,-59.97749378011599,0.5573435970355469
2017,2017-03-08,True,False,bkn,atl,105,110,27,23,30,25,0,23,23,35,29,0,home,9.5,220.0,450.0,-600.0,8.5,114.0,0.0,0,True,1420.0825151246613,1188.1288475598028,1428.3301752827203,1179.8811874017438,231.9536675648585,0.8711178573218683
2017,2017-03-08,True,False,sac,sa,104,114,37,26,23,18,0,15,33,34,32,0,home,11.5,195.0,550.0,-800.0,10.5,97.0,0.0,1,True,1825.318774666944,1301.2067678448796,1827.1731335372685,1299.352408974555,524.1120068220644,0.9732127714887031
2017,2017-03-09,True,False,phi,por,108,114,17,35,26,19,11,27,30,19,21,17,home,9.5,221.0,425.0,-550.0,4.5,108.0,0.0,1,True,1491.932852894836,1320.4302557064686,1504.59360586203,1307.7695027392747,171.50259718836742,0.826768314435504
2017,2017-03-09,True,False,lac,mem,114,98,26,28,31,29,0,21,24,20,33,0,home,2.5,206.5,125.0,-145.0,4.0,102.0,0.0,1,False,1469.151547194671,1543.6848193139108,1402.2602324923812,1610.5761340162005,-74.53327211923988,0.5365840717622289
2017,2017-03-09,True,False,lal,phx,122,110,32,29,29,32,0,33,30,18,29,0,home,6.5,232.5,230.0,-270.0,3.5,115.0,0.0,0,False,1443.9535576688718,1186.6817639843407,1364.3674298713488,1266.2678917818637,257.2717936845311,0.8866150032563525
2017,2017-03-09,True,False,cle,det,101,106,29,23,28,21,0,22,33,18,33,0,away,4.5,215.5,-180.0,160.0,4.5,106.5,0.0,0,True,1486.2136399105898,1534.3164195932345,1519.7876929985098,1500.7423665053145,-48.10277968264472,0.5741355498917318
2017,2017-03-09,True,False,sa,okc,92,102,28,21,22,21,0,29,27,26,20,0,away,3.0,209.5,-150.0,130.0,3.5,108.0,0.0,0,True,1417.5628523280272,1827.1731335372685,1507.8746172604783,1736.8613686048175,-409.6102812092413,0.1440242885562629
2017,2017-03-10,True,False,hou,chi,115,94,23,33,36,23,0,33,16,14,31,0,away,6.0,223.5,-250.0,210.0,1.0,109.0,1.0,0,False,1377.3657649727193,1614.5517262954518,1334.9004042712986,1657.0170869968724,-237.1859613227325,0.31223182751004425
2017,2017-03-10,True,False,orl,cha,81,121,24,16,22,19,0,37,21,30,33,0,home,9.5,204.0,390.0,-480.0,0.5,98.5,1.0,0,True,1443.6272701255918,1342.684477785433,1479.1377758147505,1307.1739720962744,100.9427923401588,0.7607361555458753
2017,2017-03-10,True,False,gs,min,102,103,24,29,23,26,0,34,28,26,15,0,away,5.5,212.5,-210.0,180.0,6.5,104.0,0.0,0,True,1676.7911319056243,1712.8547245590064,1689.2654016119734,1700.3804548526573,-36.0635926533821,0.5909871126349677
2017,2017-03-10,True,False,wsh,sac,130,122,28,28,26,34,14,32,36,29,19,6,away,8.5,215.0,-380.0,320.0,9.0,105.0,0.0,1,False,1299.352408974555,1749.3114372810655,1287.9747573861919,1760.6890888694286,-449.9590283065106,0.11768619071160386
2017,2017-03-10,True,False,tor,atl,99,105,19,29,27,24,0,18,31,25,31,0,home,3.0,203.5,125.0,-145.0,2.0,100.0,1.0,1,True,1428.3301752827203,1545.4453202204802,1473.2473737691635,1500.528121734037,-117.11514493775985,0.47538923077099704
2017,2017-03-10,True,False,ind,mil,85,99,27,23,18,17,0,23,22,29,25,0,home,2.0,204.0,110.0,-130.0,2.0,98.5,1.0,0,True,1550.4551654669847,1535.2578128329199,1590.3654759982576,1495.347502301647,15.197352634064828,0.65996298422267
2017,2017-03-10,True,False,bkn,dal,96,105,26,23,24,23,0,23,23,28,31,0,home,10.0,211.5,475.0,-650.0,7.5,109.0,0.0,0,True,1579.0735534611697,1179.8811874017438,1582.9456135819612,1176.0091272809523,399.1923660594259,0.9465249556167933
2017,2017-03-10,True,False,bos,den,99,119,25,29,26,19,0,35,30,29,25,0,away,2.5,223.0,-140.0,120.0,5.0,115.5,0.0,0,True,1493.5815014725938,1637.698769491331,1569.0206130265278,1562.259657937397,-144.11726801873715,0.4368491946896395
2017,2017-03-11,True,False,wsh,por,125,124,30,19,33,30,13,36,34,21,21,12,home,4.5,222.5,165.0,-185.0,4.0,107.5,0.0,1,False,1504.59360586203,1760.6890888694286,1495.7689647531427,1769.513729978316,-256.09548300739857,0.289346953759472
2017,2017-03-11,True,False,atl,mem,107,90,33,14,30,30,0,15,20,22,33,0,home,6.5,206.5,220.0,-260.0,7.5,107.0,0.0,0,False,1402.2602324923812,1473.2473737691635,1333.3743853641026,1542.133220897442,-70.98714127678227,0.5416560795186977
2017,2017-03-11,True,False,ny,det,92,112,23,30,28,11,0,35,31,23,23,0,home,6.0,212.5,210.0,-250.0,1.0,103.0,1.0,0,True,1519.7876929985098,1389.8993720136398,1544.7163146285302,1364.9707503836194,129.88832098487,0.7897374486462915
2017,2017-03-11,True,False,den,sac,105,92,25,29,21,30,0,19,25,25,23,0,away,5.0,217.5,-200.0,175.0,0.0,106.0,1.0,0,False,1287.9747573861919,1569.0206130265278,1257.6993070031958,1599.2960634095239,-281.04585564033596,0.2607288633232063
2017,2017-03-11,True,False,phx,dal,100,98,25,20,27,28,0,24,23,22,29,0,home,5.5,217.5,200.0,-240.0,3.5,112.5,0.0,0,False,1582.9456135819612,1364.3674298713488,1548.7426538245477,1398.5703896287623,218.5781837106124,0.8622237056492154
2017,2017-03-11,True,False,gs,sa,85,107,22,22,19,22,0,33,31,22,21,0,home,10.5,198.5,500.0,-700.0,0.5,97.0,1.0,0,True,1736.8613686048175,1700.3804548526573,1778.537370294292,1658.7044531631827,36.48091375216018,0.6868959568769237
2017,2017-03-11,True,False,utah,okc,104,112,23,25,28,28,0,29,33,29,21,0,home,4.5,207.0,170.0,-190.0,2.0,106.5,1.0,1,True,1507.8746172604783,1638.01897074542,1560.3970694494944,1585.4965185564038,-130.14435348494158,0.45672731521505666
2017,2017-03-11,True,False,cle,orl,116,104,24,35,28,29,0,25,26,28,25,0,away,8.5,215.5,-400.0,330.0,2.5,105.5,1.0,1,False,1307.1739720962744,1500.7423665053145,1265.584983580518,1542.331355021071,-193.56839440904014,0.36850797139498087
2017,2017-03-11,True,False,no,cha,125,122,32,27,24,29,13,27,31,20,34,10,home,3.5,204.0,145.0,-165.0,2.0,100.0,0.0,1,False,1479.1377758147505,1383.4790447178457,1437.097126724774,1425.5196938078223,95.65873109690483,0.755155836639648
2017,2017-03-11,True,False,phi,lac,100,112,30,27,22,21,0,32,24,19,37,0,home,14.5,214.0,1100.0,-2500.0,9.5,105.5,0.0,0,True,1610.5761340162005,1307.7695027392747,1618.3363794053757,1300.0092573500995,302.8066312769258,0.9104173421242759
2017,2017-03-11,True,False,min,mil,95,102,19,29,27,20,0,23,25,28,26,0,home,3.0,203.0,135.0,-155.0,1.5,99.0,1.0,0,True,1590.3654759982576,1689.2654016119734,1635.9683408489923,1643.6625367612387,-98.89992561371582,0.5015831290114802
2017,2017-03-11,True,False,tor,mia,89,104,26,15,22,26,0,32,27,26,19,0,home,5.5,202.5,190.0,-220.0,2.5,98.5,1.0,0,True,1701.2393428614828,1500.528121734037,1716.5258279705884,1485.2416366249315,200.7112211274457,0.8495444966215767
2017,2017-03-12,True,False,cle,hou,112,117,26,41,19,26,0,33,25,32,27,0,home,7.0,236.5,245.0,-290.0,6.0,115.5,0.0,0,True,1657.0170869968724,1542.331355021071,1672.9419677891767,1526.4064742287667,114.68573197580145,0.774837403890377
2017,2017-03-12,True,False,phi,lal,118,116,32,33,28,25,0,27,38,20,31,0,home,4.5,223.0,165.0,-185.0,3.0,109.0,0.0,1,False,1266.2678917818637,1300.0092573500995,1237.544195922834,1328.7329532091292,-33.74136556823578,0.5942144251042648
2017,2017-03-12,True,False,por,phx,110,101,33,33,16,28,0,18,32,29,22,0,away,2.0,228.0,-130.0,110.0,4.0,116.5,1.0,0,False,1398.5703896287623,1495.7689647531427,1347.5050725299502,1546.8342818519548,-97.19857512438034,0.5040314871057696
2017,2017-03-12,True,False,chi,bos,80,100,9,17,31,23,0,22,24,30,24,0,home,7.5,207.5,250.0,-300.0,2.0,106.5,1.0,0,True,1562.259657937397,1334.9004042712986,1576.6536555791433,1320.5064066295522,227.3592536660983,0.8681192911037853
2017,2017-03-12,True,False,ny,bkn,112,120,26,23,31,32,0,39,28,24,29,0,home,1.0,221.0,100.0,-120.0,6.0,109.0,1.0,1,True,1176.0091272809523,1364.9707503836194,1236.4617711683325,1304.5181064962392,-188.9616231026671,0.37470036568640225
2017,2017-03-12,True,False,mia,ind,98,102,22,31,22,23,0,32,28,23,19,0,home,6.5,201.5,230.0,-270.0,1.0,99.0,0.0,0,True,1495.347502301647,1716.5258279705884,1542.6270499258299,1669.2462803464055,-221.1783256689414,0.3323537584300076
2017,2017-03-13,True,False,chi,cha,115,109,36,22,29,28,0,24,24,29,32,0,home,7.5,199.5,270.0,-330.0,7.0,103.0,0.0,1,False,1437.097126724774,1320.5064066295522,1377.5364249112258,1380.0671084431003,116.59072009522174,0.7767448115317044
2017,2017-03-13,True,False,dal,tor,78,100,26,20,20,12,0,25,25,29,21,0,home,4.5,196.5,170.0,-190.0,2.0,96.5,1.0,0,True,1485.2416366249315,1548.7426538245477,1547.0024358573698,1486.9818545921094,-63.50101719961617,0.5523338806115416
2017,2017-03-13,True,False,atl,sa,99,107,18,25,30,26,0,28,26,27,26,0,home,7.0,204.0,260.0,-310.0,0.5,106.0,1.0,1,True,1778.537370294292,1542.133220897442,1788.3922489933643,1532.2783421983697,236.40414939685002,0.8739669018545174
2017,2017-03-13,True,False,mil,mem,93,113,24,27,23,19,0,30,31,24,28,0,home,3.5,199.0,150.0,-170.0,1.5,97.0,1.0,1,True,1333.3743853641026,1635.9683408489923,1435.5130104336101,1533.8297157794848,-302.59395548488965,0.23753809162951794
2017,2017-03-13,True,False,wsh,min,104,119,23,33,24,24,0,41,23,25,30,0,home,2.0,214.5,110.0,-130.0,2.5,103.5,1.0,1,True,1643.6625367612387,1769.513729978316,1709.189653580898,1703.9866131586566,-125.85119321707725,0.462865645002987
2017,2017-03-13,True,False,lac,utah,108,114,28,28,30,22,0,23,26,40,25,0,home,2.0,203.0,115.0,-135.0,2.5,98.0,1.0,1,True,1585.4965185564038,1618.3363794053757,1620.132814097547,1583.7000838642325,-32.839860848971966,0.5954651167176754
2017,2017-03-13,True,False,lal,den,101,129,23,20,33,25,0,35,32,26,36,0,home,13.0,227.0,775.0,-1300.0,1.0,108.0,1.0,1,True,1599.2960634095239,1237.544195922834,1606.4219406321213,1230.4183187002366,361.7518674866899,0.9345058717649805
2017,2017-03-13,True,False,orl,sac,115,120,23,35,26,31,0,24,34,35,27,0,away,1.5,206.5,-120.0,100.0,1.5,101.5,0.0,1,True,1257.6993070031958,1265.584983580518,1286.905255444302,1236.3790351394118,-7.885676577322101,0.6295420412843385
2017,2017-03-14,True,False,phi,gs,104,106,34,25,31,14,0,35,23,20,28,0,home,17.0,221.0,1600.0,-6000.0,11.0,110.0,0.0,0,True,1658.7044531631827,1328.7329532091292,1661.5256626844532,1325.9117436878587,329.97149995405357,0.9223787653546894
2017,2017-03-14,True,False,por,no,77,100,16,20,18,23,0,23,27,27,23,0,home,3.5,214.0,145.0,-165.0,5.5,110.0,1.0,0,True,1425.5196938078223,1546.8342818519548,1499.7208065747081,1472.6331690850689,-121.3145880441325,0.46936426613783927
2017,2017-03-14,True,False,okc,bkn,122,104,32,30,29,31,0,32,30,21,21,0,away,6.5,226.0,-270.0,230.0,4.5,110.0,1.0,2,False,1236.4617711683325,1560.3970694494944,1208.4766073487194,1588.3822332691075,-323.935298281162,0.2160093841122185
2017,2017-03-14,True,False,ind,ny,81,87,24,28,12,17,0,18,24,20,25,0,away,3.0,210.5,-155.0,135.0,1.5,102.0,0.0,0,True,1304.5181064962392,1542.6270499258299,1363.50244041133,1483.642716010739,-238.10894342959068,0.3110920130738854
2017,2017-03-14,True,False,det,cle,96,128,26,22,22,26,0,44,30,30,24,0,home,7.5,216.0,280.0,-340.0,3.0,104.0,1.0,1,True,1526.4064742287667,1544.7163146285302,1585.5693022890232,1485.5534865682737,-18.309840399763516,0.6154420646874712
2017,2017-03-15,True,False,mem,chi,98,91,24,30,20,24,0,24,26,21,20,0,away,2.0,202.0,-135.0,115.0,0.5,99.0,1.0,0,False,1380.0671084431003,1435.5130104336101,1328.4847926342368,1487.0953262424737,-55.44590199050981,0.5637693273864846
2017,2017-03-15,True,False,sac,phx,107,101,22,26,26,33,0,29,18,28,26,0,home,5.5,218.0,190.0,-220.0,3.0,111.5,0.0,0,False,1347.5050725299502,1286.905255444302,1289.7074582532032,1344.702869721049,60.59981708564828,0.7159554519521174
2017,2017-03-15,True,False,mil,lac,97,96,28,18,21,30,0,20,26,23,27,0,home,7.5,206.5,280.0,-340.0,5.5,101.0,0.0,0,False,1583.7000838642325,1533.8297157794848,1563.2714459036813,1554.258353740036,49.870368084747724,0.7032292923110789
2017,2017-03-15,True,False,lal,hou,100,139,26,26,23,25,0,37,29,27,46,0,home,17.0,235.0,1900.0,-9000.0,5.5,115.0,1.0,1,True,1672.9419677891767,1230.4183187002366,1677.686621654614,1225.6736648347992,442.52364908894015,0.9578322588892396
2017,2017-03-15,True,False,por,sa,110,106,28,26,28,28,0,29,26,25,26,0,home,11.5,209.0,600.0,-900.0,7.0,107.5,0.0,1,False,1788.3922489933643,1472.6331690850689,1739.0753945797653,1521.9500234986679,315.75907990829546,0.9163150925647563
2017,2017-03-15,True,False,cha,ind,77,98,22,20,16,19,0,24,18,33,23,0,home,2.5,203.0,120.0,-140.0,2.5,100.0,1.0,0,True,1483.642716010739,1377.5364249112258,1512.4023246205668,1348.776816301398,106.1062910995131,0.7661043270198633
2017,2017-03-15,True,False,dal,wsh,112,107,32,21,20,39,0,39,18,23,27,0,home,7.0,207.0,270.0,-330.0,2.0,100.0,0.0,1,False,1703.9866131586566,1486.9818545921094,1648.2017984416377,1542.7666693091282,217.00475856654725,0.861144211145079
2017,2017-03-15,True,False,utah,det,97,83,28,26,23,20,0,19,16,27,21,0,away,3.0,199.5,-150.0,130.0,4.5,102.5,1.0,0,False,1485.5534865682737,1620.132814097547,1431.8864293147005,1673.7998713511201,-134.57932752927331,0.45040001332903035
2017,2017-03-15,True,False,min,bos,104,117,32,28,17,27,0,30,28,27,32,0,home,5.5,211.0,200.0,-240.0,4.5,104.5,1.0,1,True,1576.6536555791433,1709.189653580898,1640.1341040034847,1645.7092051565567,-132.5359980017547,0.45331332972599375
2017,2017-03-15,True,False,no,mia,112,120,21,31,27,33,0,28,26,31,35,0,home,6.5,203.0,210.0,-250.0,3.5,98.0,1.0,1,True,1669.2462803464055,1499.7208065747081,1683.7015863313882,1485.2655005897254,169.5254737716973,0.8251321984377582
2017,2017-03-16,True,False,utah,cle,83,91,20,22,25,16,0,29,15,23,24,0,home,8.0,208.5,320.0,-380.0,4.0,108.0,2.0,0,True,1585.5693022890232,1673.7998713511201,1632.2713804170146,1627.0977932231287,-88.23056906209695,0.5169310968512609
2017,2017-03-16,True,False,okc,tor,123,102,29,29,39,26,0,24,24,22,32,0,home,2.0,207.0,110.0,-130.0,4.5,102.0,0.0,1,False,1547.0024358573698,1588.3822332691075,1467.6335251598518,1667.7511439666255,-41.37979741173763,0.5835697525050917
2017,2017-03-16,True,False,mem,atl,103,91,26,29,23,25,0,28,24,13,26,0,home,4.0,202.5,150.0,-170.0,4.5,100.0,0.0,0,False,1532.2783421983697,1487.0953262424737,1456.9557437884969,1562.4179246523465,45.18301595589605,0.6975673838855282
2017,2017-03-16,True,False,bkn,ny,121,110,28,26,38,29,0,33,28,26,23,0,home,5.0,222.0,180.0,-210.0,0.0,115.0,0.0,1,False,1363.50244041133,1208.4766073487194,1286.5657418988244,1285.4133058612251,155.02583306261067,0.8127603130765062
2017,2017-03-16,True,False,lac,den,114,129,19,27,34,34,0,27,32,44,26,0,home,6.0,222.5,200.0,-240.0,1.0,109.0,1.0,1,True,1606.4219406321213,1563.2714459036813,1642.080029020972,1527.6133575148306,43.15049472843998,0.6950933498167136
2017,2017-03-16,True,False,orl,gs,92,122,20,30,21,21,0,34,33,36,19,0,home,14.5,220.0,1000.0,-2000.0,2.5,106.5,1.0,0,True,1661.5256626844532,1236.3790351394118,1666.4448382474613,1231.4598595764037,425.1466275450414,0.9536018651308047
2017,2017-03-17,True,False,orl,phx,109,103,30,30,24,25,0,22,36,27,18,0,home,2.0,220.5,110.0,-130.0,0.5,109.0,0.0,0,False,1289.7074582532032,1231.4598595764037,1232.0048134753072,1289.1625043542997,58.2475986767995,0.7131937872964614
2017,2017-03-17,True,False,hou,no,112,128,23,27,31,31,0,36,32,31,29,0,away,6.5,228.5,-265.0,225.0,8.0,111.5,0.0,1,True,1485.2655005897254,1677.686621654614,1563.7964185730273,1599.1557036713123,-192.42112106488867,0.3700461723880068
2017,2017-03-17,True,False,min,mia,105,123,23,26,32,24,0,27,37,26,33,0,home,4.5,205.0,160.0,-180.0,3.5,98.5,1.0,1,True,1683.7015863313882,1645.7092051565567,1722.5479758884323,1606.8628155995125,37.99238117483151,0.6887641671016873
2017,2017-03-17,True,False,mil,lal,107,103,31,30,23,23,0,24,22,31,26,0,away,8.0,213.0,-360.0,300.0,0.5,103.5,0.0,0,False,1225.6736648347992,1554.258353740036,1210.6954305972545,1569.2365879775807,-328.5846889052368,0.21151136795007722
2017,2017-03-17,True,False,chi,wsh,107,112,23,17,32,35,0,29,30,25,28,0,home,7.5,212.0,270.0,-330.0,1.5,108.5,0.0,1,True,1648.2017984416377,1328.4847926342368,1653.0975949097533,1323.5889961661212,319.71700580740094,0.9180456928852327
2017,2017-03-17,True,False,bos,bkn,98,95,21,24,26,27,0,16,21,28,30,0,away,8.5,213.5,-420.0,350.0,2.5,110.5,0.0,0,False,1285.4133058612251,1640.1341040034847,1273.975947252697,1651.5714626120127,-354.7207981422596,0.1875070516521833
2017,2017-03-17,True,False,tor,det,87,75,16,24,20,27,0,13,25,28,9,0,home,3.5,202.0,140.0,-160.0,3.5,99.5,0.0,0,False,1431.8864293147005,1467.6335251598518,1365.1392471839572,1534.3807072905952,-35.74709584515131,0.5914274321437926
2017,2017-03-17,True,False,dal,phi,74,116,23,17,16,18,0,21,30,36,29,0,away,5.0,205.5,-220.0,190.0,6.0,100.0,0.0,0,True,1325.9117436878587,1542.7666693091282,1435.484693447726,1433.193719549261,-216.85492562126956,0.33789901198462413
2017,2017-03-18,True,False,sac,okc,94,110,19,22,24,29,0,29,34,22,25,0,home,12.5,212.5,800.0,-1400.0,0.5,108.5,1.0,0,True,1667.7511439666255,1344.702869721049,1675.3382548266472,1337.1157588610272,323.0482742455765,0.9194769594637087
2017,2017-03-18,True,False,por,atl,113,97,40,23,22,28,0,18,28,27,24,0,home,2.0,214.5,110.0,-130.0,5.5,111.5,0.0,0,False,1456.9557437884969,1521.9500234986679,1388.3661133228832,1590.5396539642816,-64.99427971017099,0.5502075024195309
2017,2017-03-18,True,False,wsh,cha,93,98,20,20,21,32,0,19,20,25,34,0,home,4.0,215.5,155.0,-175.0,4.0,104.0,1.0,0,True,1348.776816301398,1653.0975949097533,1409.0289072438186,1592.8455039673327,-304.32077860835534,0.23574244938870148
2017,2017-03-18,True,False,cle,lac,78,108,16,15,27,20,0,14,33,29,32,0,home,14.0,213.5,800.0,-1400.0,2.5,103.5,1.0,0,True,1527.6133575148306,1632.2713804170146,1604.1738735938043,1555.710864338041,-104.65802290218403,0.49329696779447885
2017,2017-03-18,True,False,utah,chi,86,95,23,21,20,22,0,16,24,21,34,0,away,6.5,192.5,-260.0,220.0,2.5,99.5,0.0,0,True,1323.5889961661212,1627.0977932231287,1400.9333653173103,1549.7534240719397,-303.50879705700754,0.23658561980342085
2017,2017-03-18,True,False,sa,mem,96,104,18,25,30,23,0,29,15,31,29,0,away,3.5,196.0,-165.0,145.0,3.0,102.0,0.0,1,True,1562.4179246523465,1739.0753945797653,1621.2525064549836,1680.2408127771282,-176.6574699274188,0.39143699728470777
2017,2017-03-18,True,False,hou,den,109,105,26,25,29,29,0,26,30,18,31,0,away,3.0,241.0,-145.0,125.0,3.0,118.0,1.0,0,False,1642.080029020972,1599.1557036713123,1594.9014603439825,1646.3342723483017,42.92432534965974,0.6948173493631895
2017,2017-03-18,True,False,mil,gs,92,117,29,15,26,22,0,27,36,31,23,0,home,10.5,215.0,525.0,-750.0,1.0,103.5,1.0,0,True,1666.4448382474613,1569.2365879775807,1698.2200757514224,1537.4613504736196,97.20825026988064,0.756801302283174
2017,2017-03-19,True,False,ind,tor,91,116,24,21,28,18,0,32,30,29,25,0,home,2.5,197.0,125.0,-145.0,3.5,96.5,1.0,1,True,1534.3807072905952,1512.4023246205668,1580.8578157211261,1465.9252161900358,21.978382670028395,0.6686673871837271
2017,2017-03-19,True,False,sac,sa,102,118,27,22,25,28,0,21,37,41,19,0,home,14.5,201.5,1000.0,-2000.0,6.5,98.5,1.0,1,True,1680.2408127771282,1337.1157588610272,1686.9578444566628,1330.3987271814926,343.125053916101,0.9276294469055623
2017,2017-03-19,True,False,min,no,109,123,34,20,30,25,0,28,20,40,35,0,home,3.5,208.0,145.0,-165.0,3.5,102.0,1.0,1,True,1563.7964185730273,1606.8628155995125,1613.6971945201367,1556.962039652403,-43.06639702648522,0.5812084488718526
2017,2017-03-19,True,False,cle,lal,125,120,31,24,27,43,0,28,31,33,28,0,away,12.0,222.5,-1100.0,700.0,10.5,109.0,0.0,1,False,1210.6954305972545,1555.710864338041,1195.2300939694517,1571.1762009658437,-345.0154337407864,0.19616747079929484
2017,2017-03-19,True,False,phx,det,95,112,23,26,26,20,0,24,23,30,35,0,home,12.5,209.5,700.0,-1100.0,9.5,109.0,1.0,0,True,1365.1392471839572,1232.0048134753072,1388.3915188030019,1208.7525418562625,133.13443370865002,0.7928235233101832
2017,2017-03-19,True,False,dal,bkn,111,104,32,25,25,29,0,26,17,29,32,0,away,5.0,207.5,-200.0,175.0,1.5,101.0,1.0,1,False,1273.975947252697,1433.193719549261,1235.9509469673744,1471.2187198345837,-159.2177722965639,0.41559454046542693
2017,2017-03-19,True,False,por,mia,115,104,28,24,33,30,0,29,22,28,25,0,home,6.0,213.5,210.0,-250.0,4.0,111.0,0.0,1,False,1722.5479758884323,1590.5396539642816,1646.075543860548,1667.012085992166,132.00832192415078,0.7917567360741486
2017,2017-03-19,True,False,bos,phi,99,105,23,28,28,20,0,25,21,30,29,0,away,5.0,202.5,-210.0,180.0,1.5,105.5,0.0,1,True,1435.484693447726,1651.5714626120127,1492.0890485741327,1594.967107485606,-216.0867691642868,0.33888899385524646
2017,2017-03-20,True,False,gs,okc,111,95,25,34,33,19,0,22,17,27,29,0,away,2.0,223.5,-130.0,110.0,5.0,108.5,1.0,0,False,1675.3382548266472,1698.2200757514224,1599.3952137779627,1774.163116800107,-22.881820924775184,0.6091945773419586
2017,2017-03-20,True,False,den,hou,124,125,28,37,32,27,0,35,27,32,31,0,home,8.0,238.0,300.0,-360.0,7.5,117.5,0.0,1,True,1646.3342723483017,1594.9014603439825,1654.8882299164063,1586.347502775878,51.4328120043192,0.7051029147842008
2017,2017-03-20,True,False,wsh,bos,102,110,28,19,28,27,0,30,28,34,18,0,home,4.0,217.0,155.0,-175.0,2.0,106.5,1.0,0,True,1594.967107485606,1592.8455039673327,1629.4202163229245,1558.3923951300142,2.121603518273332,0.6428737972608746
2017,2017-03-20,True,False,ny,lac,105,114,23,30,19,33,0,29,34,34,17,0,home,10.5,216.0,500.0,-700.0,2.5,104.0,0.0,1,True,1604.1738735938043,1286.5657418988244,1610.5461054992454,1280.1935099933833,317.6081316949799,0.9171276843934133
2017,2017-03-20,True,False,atl,cha,90,105,19,23,26,22,0,19,32,32,22,0,home,5.5,205.5,180.0,-210.0,0.5,106.5,1.0,0,True,1409.0289072438186,1388.3661133228832,1448.8319705219221,1348.5630500447796,20.662793920935428,0.6669874107333559
2017,2017-03-20,True,False,phi,orl,109,112,26,30,27,15,11,25,16,33,24,14,home,5.5,218.5,210.0,-250.0,7.0,108.0,0.0,1,True,1289.1625043542997,1492.0890485741327,1328.4406930001508,1452.8108599282816,-202.92654421983298,0.3560630911991971
2017,2017-03-20,True,False,utah,ind,100,107,23,23,24,30,0,28,23,29,27,0,away,2.5,193.0,-140.0,120.0,2.5,101.0,0.0,1,True,1465.9252161900358,1549.7534240719397,1509.5450861942843,1506.1335540676912,-83.82820788190384,0.5232562868231022
2017,2017-03-21,True,False,phx,mia,97,112,26,20,17,34,0,23,36,25,28,0,home,11.5,215.0,650.0,-1000.0,2.5,111.0,1.0,0,True,1646.075543860548,1208.7525418562625,1649.7586100690287,1205.0694756477817,437.3230020042854,0.95660639084914
2017,2017-03-21,True,False,chi,tor,120,122,31,28,35,19,7,27,27,25,34,9,home,7.5,197.5,270.0,-330.0,7.5,102.5,0.0,1,True,1580.8578157211261,1400.9333653173103,1587.6747739081554,1394.116407130281,179.92445040381585,0.8336021533458229
2017,2017-03-21,True,False,det,bkn,96,98,31,13,21,31,0,22,28,24,24,0,away,5.0,215.0,-210.0,180.0,5.5,104.5,0.0,0,True,1235.9509469673744,1388.3915188030019,1263.7410101217517,1360.6014556486246,-152.44057183562745,0.4250998728738316
2017,2017-03-21,True,False,mem,no,82,95,23,18,13,28,0,21,13,32,29,0,home,2.5,208.0,120.0,-140.0,2.5,103.0,1.0,0,True,1613.6971945201367,1621.2525064549836,1656.6627371820625,1578.2869637930578,-7.555311934846941,0.6299854516251749
2017,2017-03-21,True,False,gs,dal,112,87,28,34,29,21,0,30,20,21,16,0,away,4.5,208.0,-200.0,175.0,1.0,102.0,1.0,0,False,1471.2187198345837,1774.163116800107,1437.2184994384447,1808.163337196246,-302.9443969655233,0.23717292373407725
2017,2017-03-21,True,False,mil,por,93,90,18,30,19,26,0,21,14,28,27,0,home,3.5,207.5,155.0,-175.0,6.0,99.5,0.0,0,False,1667.012085992166,1537.4613504736196,1624.382851624084,1580.0905848417017,129.5507355185464,0.7894145780016584
2017,2017-03-21,True,False,lac,lal,133,109,33,37,38,25,0,24,16,34,35,0,away,10.0,222.5,-600.0,450.0,2.0,107.5,1.0,1,False,1195.2300939694517,1610.5461054992454,1175.39866233999,1630.377537128707,-415.31601152979374,0.14002228720130658
2017,2017-03-21,True,False,sa,min,100,93,25,17,31,27,0,23,28,16,26,0,away,5.0,205.5,-200.0,175.0,6.0,107.0,1.0,0,False,1556.962039652403,1686.9578444566628,1515.1541645539573,1728.7657195551085,-129.9958048042597,0.4569395005653996
2017,2017-03-22,True,False,mil,sac,116,98,25,44,21,26,0,24,26,25,23,0,away,6.0,202.5,-230.0,195.0,2.5,98.0,1.0,1,False,1330.3987271814926,1580.0905848417017,1291.9227149835601,1618.5665970396344,-249.69185766020905,0.296985208003136
2017,2017-03-22,True,False,ny,utah,101,108,34,21,20,26,0,26,25,21,36,0,home,12.0,202.0,575.0,-850.0,9.0,99.0,0.0,1,True,1506.1335540676912,1280.1935099933833,1516.046206518616,1270.2808575424585,225.94004407430793,0.8671811491538198
2017,2017-03-22,True,False,cle,den,113,126,31,28,31,23,0,34,39,28,25,0,away,2.5,228.0,-135.0,115.0,6.5,110.5,0.0,1,True,1586.347502775878,1571.1762009658437,1625.24586763385,1532.2778361078717,15.171301810034265,0.659929330481237
2017,2017-03-22,True,False,phi,okc,97,122,22,28,20,27,0,29,34,32,27,0,home,11.5,219.5,600.0,-900.0,2.5,106.5,1.0,0,True,1599.3952137779627,1452.8108599282816,1623.7442595503742,1428.4618141558701,146.58435384968107,0.8052527506334446
2017,2017-03-22,True,False,atl,wsh,100,104,20,26,21,33,0,16,24,27,37,0,home,7.5,215.5,270.0,-330.0,7.5,112.0,0.0,0,True,1558.3923951300142,1348.5630500447796,1566.8135121482976,1340.1419330264962,209.82934508523454,0.8561311034514081
2017,2017-03-22,True,False,det,chi,95,117,23,30,20,22,0,32,27,32,26,0,away,2.0,201.0,-130.0,110.0,3.5,99.0,0.0,1,True,1394.116407130281,1360.6014556486246,1436.4037326166224,1318.3141301622832,33.51495148165645,0.6832123065011116
2017,2017-03-22,True,False,ind,bos,100,109,19,23,32,26,0,21,28,39,21,0,home,6.5,209.0,225.0,-265.0,1.5,102.0,1.0,2,True,1629.4202163229245,1509.5450861942843,1649.3227808756612,1489.6425216415475,119.8751301286402,0.7800062837653315
2017,2017-03-22,True,False,cha,orl,109,102,21,27,29,32,0,27,27,28,20,0,away,4.5,206.5,-190.0,170.0,4.5,101.5,1.0,1,False,1328.4406930001508,1448.8319705219221,1285.3748710253951,1491.8977924966778,-120.39127752177137,0.4706882408695978
2017,2017-03-23,True,False,tor,mia,101,84,23,22,30,26,0,33,14,21,16,0,home,4.0,200.0,160.0,-180.0,2.0,99.5,0.0,0,False,1649.7586100690287,1587.6747739081554,1563.8208197176964,1673.6125642594877,62.08383616087326,0.7176895136112774
2017,2017-03-23,True,False,phx,bkn,98,126,32,18,15,33,0,22,30,32,42,0,home,5.5,226.5,190.0,-220.0,3.0,117.0,1.0,0,True,1263.7410101217517,1205.0694756477817,1303.809699054443,1165.0007867150905,58.67153447397004,0.7136927014051869
2017,2017-03-23,True,False,lac,dal,95,97,24,30,21,20,0,29,19,29,20,0,away,5.0,204.5,-215.0,185.0,1.5,101.5,0.0,0,True,1437.2184994384447,1630.377537128707,1467.7176394137578,1599.878397153394,-193.15903769026227,0.3690565094565335
2017,2017-03-23,True,False,mem,sa,90,97,22,20,27,21,0,27,24,23,23,0,home,8.0,197.5,320.0,-380.0,1.5,97.5,0.0,0,True,1728.7657195551085,1578.2869637930578,1743.975927112881,1563.0767562352853,150.4787557620507,0.8087443156425954
2017,2017-03-23,True,False,ny,por,95,110,23,23,22,27,0,37,30,18,25,0,home,12.5,210.5,800.0,-1400.0,2.0,101.5,1.0,0,True,1624.382851624084,1270.2808575424585,1630.530869789584,1264.1328393769586,354.10199408162543,0.9317585272730872
2017,2017-03-24,True,False,no,hou,107,117,33,17,29,28,0,28,21,31,37,0,home,8.0,232.5,300.0,-360.0,6.0,114.0,1.0,0,True,1654.8882299164063,1656.6627371820625,1693.1126796953797,1618.4382874030891,-1.7745072656562115,0.6377083249499709
2017,2017-03-24,True,False,atl,mil,97,100,21,22,31,23,0,29,16,27,28,0,home,6.5,201.5,220.0,-260.0,3.5,106.0,0.0,0,True,1618.5665970396344,1340.1419330264962,1623.4193567512152,1335.2891733149154,278.4246640131382,0.8982918406304008
2017,2017-03-24,True,False,sac,gs,100,114,20,30,22,28,0,27,30,35,22,0,home,18.5,214.0,2000.0,-9900.0,9.0,111.0,0.0,2,True,1808.163337196246,1291.9227149835601,1810.3632657757946,1289.7227864040115,516.2406222126858,0.9720058476279287
2017,2017-03-24,True,False,phi,chi,117,107,24,35,34,24,0,28,18,25,36,0,home,6.5,211.5,230.0,-270.0,8.0,103.5,0.0,1,False,1436.4037326166224,1428.4618141558701,1368.3089574834526,1496.55658928904,7.941918460752277,0.6505286215665874
2017,2017-03-24,True,False,min,lal,119,130,27,40,21,21,10,26,28,26,29,21,away,6.5,219.5,-270.0,230.0,0.5,106.0,0.0,1,True,1175.39866233999,1515.1541645539573,1262.759578241894,1427.7932486520535,-339.75550221396725,0.2009859357991193
2017,2017-03-24,True,False,phx,bos,120,130,16,27,37,40,0,29,37,31,33,0,home,16.0,218.0,1500.0,-5000.0,2.5,113.0,0.0,1,True,1649.3227808756612,1165.0007867150905,1651.7005699566332,1162.6229976341185,484.32199416057074,0.9665482715158292
2017,2017-03-24,True,False,cle,cha,112,105,33,26,31,22,0,31,22,32,20,0,away,3.5,210.5,-160.0,140.0,0.5,104.0,1.0,1,False,1491.8977924966778,1532.2778361078717,1438.375927546149,1585.7997010584006,-40.38004361119397,0.5849676450246724
2017,2017-03-24,True,False,bkn,wsh,108,129,22,20,39,27,0,31,32,34,32,0,home,11.0,221.0,500.0,-700.0,1.0,114.0,1.0,1,True,1566.8135121482976,1303.809699054443,1578.6706474309337,1291.9525637718068,263.00381309385466,0.8898899929811066
2017,2017-03-24,True,False,det,orl,87,115,18,21,23,25,0,22,35,35,23,0,away,2.0,208.5,-130.0,110.0,6.0,100.5,0.0,0,True,1285.3748710253951,1318.3141301622832,1345.3315928459317,1258.3574083417466,-32.93925913688804,0.5953272781934245
2017,2017-03-24,True,False,den,ind,125,117,34,30,30,31,0,26,27,22,42,0,home,1.5,216.5,105.0,-125.0,5.0,104.5,0.0,1,False,1489.6425216415475,1625.24586763385,1446.2398312684047,1668.6485580069927,-135.60334599230237,0.44894126498606457
2017,2017-03-25,True,False,tor,dal,94,86,30,24,20,20,0,22,22,20,22,0,away,1.0,196.0,-115.0,-105.0,3.0,95.5,1.0,0,False,1467.7176394137578,1673.6125642594877,1433.6720431279364,1707.658160545309,-205.89492484572997,0.3521549685597214
2017,2017-03-25,True,False,min,por,100,112,21,25,28,26,0,27,33,34,18,0,home,6.0,212.5,210.0,-250.0,2.0,102.5,1.0,0,True,1630.530869789584,1427.7932486520535,1644.50938665307,1413.8147317885675,202.73762113753037,0.8510294163888494
2017,2017-03-25,True,False,ny,sa,98,106,23,20,31,24,0,33,28,17,28,0,home,14.5,204.0,1100.0,-2500.0,3.5,99.0,0.0,2,True,1743.975927112881,1264.1328393769586,1746.2164429234554,1261.8923235663842,479.8430877359224,0.9657045459919875
2017,2017-03-25,True,False,wsh,cle,127,115,40,31,25,31,0,26,35,30,24,0,home,6.0,225.0,210.0,-250.0,7.5,110.0,0.0,1,False,1585.7997010584006,1578.6706474309337,1513.0214705983196,1651.4488778910147,7.129053627466874,0.6494640931277423
2017,2017-03-25,True,False,utah,lac,95,108,14,27,29,25,0,28,21,23,36,0,home,5.0,200.0,175.0,-200.0,0.0,103.5,1.0,1,True,1599.878397153394,1516.046206518616,1627.4821534163448,1488.442450255665,83.83219063477804,0.7423508414049014
2017,2017-03-26,True,False,phi,ind,94,107,18,27,24,25,0,27,24,30,26,0,home,9.0,213.5,375.0,-450.0,3.0,106.0,1.0,0,True,1446.2398312684047,1496.55658928904,1496.0527591449409,1446.743661412504,-50.316758020635234,0.5710165199938841
2017,2017-03-26,True,False,por,lal,97,81,22,18,37,20,0,17,15,24,25,0,away,7.0,220.5,-300.0,250.0,2.5,114.0,1.0,0,False,1262.759578241894,1644.50938665307,1242.1972502114616,1665.0717146835023,-381.749808411176,0.1649454454376627
2017,2017-03-26,True,False,no,den,115,90,29,26,32,28,0,26,14,19,31,0,home,7.5,226.0,275.0,-335.0,7.5,110.5,0.0,0,False,1668.6485580069927,1618.4382874030891,1572.6003369472353,1714.4865084628466,50.21027060390361,0.7036374756426339
2017,2017-03-26,True,False,mia,bos,108,112,27,31,17,33,0,22,31,32,27,0,home,6.0,211.0,210.0,-250.0,6.5,105.0,0.0,1,True,1651.7005699566332,1563.8208197176964,1668.1837310983856,1547.337658575944,87.87975023893682,0.746782047216298
2017,2017-03-26,True,False,mem,gs,94,106,28,26,27,13,0,25,31,27,23,0,home,11.5,209.0,575.0,-850.0,6.5,101.0,1.0,0,True,1810.3632657757946,1563.0767562352853,1821.157215602215,1552.2828064088649,247.28650954050931,0.8807069482502082
2017,2017-03-26,True,False,okc,hou,125,137,31,28,29,37,0,37,42,34,24,0,home,5.5,230.0,190.0,-220.0,3.5,112.5,1.0,1,True,1693.1126796953797,1623.7442595503742,1722.0184177156245,1594.8385215301294,69.36842014500553,0.726107622661122
2017,2017-03-26,True,False,sac,lac,98,97,24,18,23,33,0,24,20,32,21,0,home,13.0,210.0,900.0,-1600.0,7.5,108.5,0.0,0,False,1627.4821534163448,1289.7227864040115,1606.3817947081527,1310.8231451122035,337.7593670123333,0.9255282972317542
2017,2017-03-26,True,False,bkn,atl,107,92,32,23,23,29,0,20,28,20,24,0,home,6.5,216.5,240.0,-280.0,7.5,114.0,0.0,0,False,1335.2891733149154,1291.9525637718068,1253.9876595096314,1373.2540775770908,43.33660954310858,0.6953203655020798
2017,2017-03-26,True,False,chi,mil,109,94,29,27,35,18,0,31,24,24,15,0,home,6.5,202.0,220.0,-260.0,5.0,104.0,0.0,1,False,1623.4193567512152,1368.3089574834526,1537.364534348404,1454.3637798862637,255.11039926776266,0.8853581954469711
2017,2017-03-26,True,False,phx,cha,106,120,18,29,33,26,0,38,31,29,22,0,home,13.0,212.0,850.0,-1500.0,1.0,108.5,1.0,1,True,1438.375927546149,1162.6229976341185,1448.007426644138,1152.9914985361295,275.75292991203037,0.896878059848243
2017,2017-03-27,True,False,mem,sac,90,91,27,22,19,22,0,28,23,23,17,0,away,7.0,198.5,-280.0,240.0,6.0,98.0,0.0,0,True,1310.8231451122035,1552.2828064088649,1331.9594001039393,1531.146551417129,-241.45966129666135,0.3069734031922347
2017,2017-03-27,True,False,orl,tor,112,131,34,23,32,23,0,35,38,26,32,0,home,7.5,208.5,290.0,-350.0,0.5,101.5,1.0,1,True,1707.658160545309,1345.3315928459317,1713.9754971392329,1339.014256252008,362.3265676993774,0.9347080606287738
2017,2017-03-27,True,False,det,ny,95,109,36,23,15,21,0,34,30,25,20,0,home,0.0,208.0,-110.0,-110.0,2.0,101.5,1.0,0,True,1261.8923235663842,1258.3574083417466,1304.0740029501528,1216.175728957978,3.5349152246376434,0.6447394644846656
2017,2017-03-27,True,False,cle,sa,74,103,18,22,18,16,0,28,36,17,22,0,home,5.5,211.5,190.0,-220.0,4.5,102.5,1.0,0,True,1746.2164429234554,1513.0214705983196,1761.7596618937691,1497.4782516280059,233.19497232513572,0.8719179711714801
2017,2017-03-27,True,False,okc,dal,92,91,25,10,22,35,0,26,24,19,22,0,away,1.5,203.0,-120.0,100.0,6.0,98.5,0.0,0,False,1433.6720431279364,1594.8385215301294,1421.0800565319207,1607.430508126145,-161.16647840219298,0.41287265038663573
2017,2017-03-27,True,False,no,utah,100,108,21,30,20,29,0,28,28,25,27,0,home,6.0,196.0,190.0,-220.0,2.0,95.5,1.0,1,True,1488.442450255665,1714.4865084628466,1553.5870938095352,1649.3418649089765,-226.04405820718148,0.3261680685527771
2017,2017-03-28,True,False,gs,hou,113,106,37,23,26,27,0,20,32,23,31,0,home,1.0,235.0,100.0,-120.0,3.0,117.5,0.0,0,False,1722.0184177156245,1821.157215602215,1676.1573073912139,1867.0183259266257,-99.13879788659051,0.5012393669294617
2017,2017-03-28,True,False,mia,det,97,96,24,31,23,19,0,24,26,19,27,0,away,3.0,201.0,-150.0,130.0,0.0,97.0,0.0,0,False,1216.175728957978,1547.337658575944,1209.8000918311411,1553.713295702781,-331.16192961796605,0.20904772875897915
2017,2017-03-28,True,False,wsh,lal,119,108,27,28,27,37,0,27,31,37,13,0,away,9.0,224.5,-500.0,400.0,7.5,108.5,1.0,1,False,1242.1972502114616,1651.4488778910147,1226.4223770495146,1667.2237510529617,-409.25162767955317,0.14427899922127435
2017,2017-03-28,True,False,den,por,113,122,35,29,21,28,0,32,34,29,27,0,home,2.0,222.0,115.0,-135.0,0.5,110.0,1.0,1,True,1665.0717146835023,1572.6003369472353,1688.0941820667424,1549.5778695639951,92.47137773626696,0.7517475354747291
2017,2017-03-28,True,False,phi,bkn,106,101,31,27,21,27,0,24,33,21,23,0,home,4.0,224.5,155.0,-175.0,3.5,111.0,0.0,0,False,1373.2540775770908,1446.743661412504,1330.8334228463214,1489.1643161432735,-73.48958383541321,0.5380776861478138
2017,2017-03-28,True,False,phx,atl,91,95,12,32,24,23,0,27,20,24,24,0,home,10.0,217.5,450.0,-600.0,5.5,112.0,0.0,0,True,1253.9876595096314,1152.9914985361295,1269.3733387342345,1137.6058193115264,100.9961609735019,0.760792069231876
2017,2017-03-28,True,False,mil,cha,118,108,35,37,22,24,0,24,26,26,32,0,home,4.0,199.5,160.0,-180.0,7.5,98.0,0.0,1,False,1448.007426644138,1537.364534348404,1393.6382474311524,1591.7337135613895,-89.35710770426613,0.5153115642491983
2017,2017-03-28,True,False,min,ind,115,114,26,33,28,28,0,25,32,33,24,0,home,4.0,208.5,155.0,-175.0,4.0,101.0,0.0,1,False,1496.0527591449409,1413.8147317885675,1475.1821938304222,1434.6852971030862,82.23802735637332,0.740591742249611
2017,2017-03-29,True,False,mia,ny,105,88,24,25,28,28,0,22,19,27,20,0,away,2.0,207.0,-135.0,115.0,1.5,98.5,1.0,0,False,1304.0740029501528,1553.713295702781,1266.2964710461183,1591.4908276068154,-249.63929275262808,0.2970483877033099
2017,2017-03-29,True,False,mil,bos,103,100,24,31,25,23,0,24,25,28,23,0,home,7.0,209.5,250.0,-300.0,7.0,104.5,0.0,0,False,1668.1837310983856,1591.7337135613895,1626.5837697297015,1633.3336749300736,76.45001753699603,0.7341396210444358
2017,2017-03-29,True,False,okc,orl,114,106,20,24,28,30,12,18,31,33,20,4,away,5.0,221.0,-220.0,190.0,5.5,107.5,1.0,0,False,1339.014256252008,1607.430508126145,1312.4294062981774,1634.0153580799756,-268.41625187413706,0.27498378706778825
2017,2017-03-29,True,False,cha,tor,110,106,22,28,16,44,0,19,28,27,32,0,home,5.0,202.5,180.0,-210.0,5.0,100.5,0.0,1,False,1713.9754971392329,1393.6382474311524,1664.722439520021,1442.8913050503643,320.33724970808044,0.9183139220991079
2017,2017-03-29,True,False,atl,phi,99,92,25,27,27,20,0,18,25,27,22,0,away,2.5,212.5,-140.0,120.0,1.5,111.0,1.0,0,False,1489.1643161432735,1269.3733387342345,1424.427637330884,1334.110017546624,219.790977409039,0.8630509588536109
2017,2017-03-29,True,False,dal,no,118,121,23,28,32,35,0,27,36,26,32,0,home,6.0,201.5,210.0,-250.0,0.5,100.5,0.0,1,True,1649.3418649089765,1421.0800565319207,1655.8617354873852,1414.560185953512,228.2618083770558,0.8687129802558432
2017,2017-03-29,True,False,gs,sa,110,98,17,37,30,26,0,33,24,20,21,0,home,4.5,207.5,165.0,-185.0,2.0,103.5,0.0,1,False,1761.7596618937691,1867.0183259266257,1706.1847987810343,1922.5931890393606,-105.25866403285659,0.4924327519643494
2017,2017-03-29,True,False,utah,sac,112,82,34,16,28,34,0,14,29,24,15,0,away,8.0,195.5,-340.0,280.0,2.5,101.5,1.0,0,False,1331.9594001039393,1553.5870938095352,1281.8289534739613,1603.7175404395132,-221.6276937055959,0.33178001683041186
2017,2017-03-29,True,False,wsh,lac,124,133,31,32,35,26,0,39,35,36,23,0,home,6.0,219.0,210.0,-250.0,0.0,107.5,1.0,1,True,1606.3817947081527,1667.2237510529617,1651.3533901968963,1622.2521555642181,-60.84195634480898,0.5561155508375805
2017,2017-03-29,True,False,ind,mem,97,110,24,29,26,18,0,38,34,24,14,0,home,4.0,196.5,155.0,-175.0,3.5,96.5,1.0,1,True,1531.146551417129,1475.1821938304222,1562.981495577219,1443.3472496703323,55.96435758670691,0.7104978117687577
2017,2017-03-30,True,False,lac,phx,124,118,31,36,26,31,0,35,24,33,26,0,away,10.0,222.5,-550.0,425.0,3.0,110.0,0.0,1,False,1137.6058193115264,1651.3533901968963,1130.3643232269187,1658.594886281504,-513.7475708853699,0.0845771098672022
2017,2017-03-30,True,False,lal,min,104,119,37,23,22,22,0,37,30,29,23,0,home,11.0,217.5,550.0,-800.0,4.5,106.0,1.0,1,True,1434.6852971030862,1226.4223770495146,1449.323712848213,1211.7839613043877,208.26292005357163,0.8550168950632844
2017,2017-03-30,True,False,hou,por,107,117,31,25,29,22,0,32,33,31,21,0,home,0.0,231.0,-110.0,-110.0,3.5,113.5,1.0,0,True,1688.0941820667424,1676.1573073912139,1723.9878589426824,1640.263630515274,11.936874675528543,0.6557384794671539
2017,2017-03-30,True,False,bkn,det,89,90,18,21,24,26,0,16,19,24,31,0,home,6.5,213.5,220.0,-260.0,6.5,111.0,0.0,0,True,1209.8000918311411,1330.8334228463214,1225.9713741265234,1314.662140550939,-121.03333101518024,0.46976752790082754
2017,2017-03-30,True,False,cle,chi,93,99,28,22,21,22,0,22,19,37,21,0,away,5.5,212.0,-220.0,190.0,0.5,102.5,0.0,0,True,1454.3637798862637,1497.4782516280059,1490.2264994903062,1461.6155320239634,-43.114471741742136,0.5811410873320774
2017,2017-03-31,True,False,dal,mem,90,99,19,15,28,28,0,21,34,18,26,0,home,3.0,192.0,140.0,-160.0,4.5,93.0,1.0,0,True,1562.981495577219,1414.560185953512,1580.016279192112,1397.525402338619,148.42130962370697,0.8069056801369621
2017,2017-03-31,True,False,hou,gs,98,107,25,36,24,13,0,23,33,27,24,0,home,8.5,232.5,351.0,-450.0,8.5,116.0,1.0,0,True,1922.5931890393606,1640.263630515274,1930.4680918935114,1632.388727661123,282.3295585240867,0.900327238017781
2017,2017-03-31,True,False,sac,no,89,117,19,19,26,25,0,32,26,26,33,0,home,11.5,208.0,639.0,-950.0,1.0,107.0,1.0,0,True,1655.8617354873852,1281.8289534739613,1662.4714495838934,1275.219239377453,374.0327820134239,0.9387020684543623
2017,2017-03-31,True,False,wsh,utah,88,95,19,20,22,27,0,24,18,22,31,0,home,3.0,208.5,125.0,-145.0,0.5,101.5,1.0,0,True,1603.7175404395132,1622.2521555642181,1638.9308563679983,1587.038839635733,-18.534615124704942,0.615135785884227
2017,2017-03-31,True,False,det,mil,105,108,22,26,25,22,10,35,21,15,24,13,home,7.0,197.0,263.0,-325.0,1.0,96.0,0.0,1,True,1633.3336749300736,1225.9713741265234,1635.5503231830698,1223.7547258735271,407.36230080355017,0.9488560151157746
2017,2017-03-31,True,False,ny,mia,98,94,33,26,18,21,0,29,26,20,19,0,home,10.5,203.0,523.0,-730.0,9.0,99.0,0.0,0,False,1591.4908276068154,1266.2964710461183,1542.3075174212586,1315.4797812316751,325.1943565606971,0.9203868996087817
2017,2017-03-31,True,False,orl,bos,116,117,29,35,26,26,0,31,26,35,25,0,home,10.0,216.0,477.0,-650.0,10.0,108.5,0.0,1,True,1626.5837697297015,1312.4294062981774,1628.5424048452517,1310.4707711826272,314.1543634315242,0.915604016143531
2017,2017-03-31,True,False,ind,tor,100,111,25,23,20,32,0,28,18,34,31,0,home,5.0,203.5,180.0,-215.0,4.5,99.5,1.0,1,True,1664.722439520021,1443.3472496703323,1676.8857666436186,1431.1839225467347,221.3751898496887,0.8641252600332708
2017,2017-03-31,True,False,den,cha,114,122,32,24,38,20,0,24,32,30,36,0,home,2.5,219.0,115.0,-135.0,1.5,107.0,1.0,1,True,1442.8913050503643,1549.5778695639951,1492.1604370132907,1500.3087376010687,-106.68656451363086,0.4903784480169354
2017,2017-03-31,True,False,sa,okc,100,95,16,25,30,29,0,25,29,22,19,0,away,3.0,208.0,-155.0,135.0,6.0,108.0,1.0,0,False,1634.0153580799756,1706.1847987810343,1591.4458374288433,1748.7543194321665,-72.16944070105865,0.5399659509679486
2017,2017-03-31,True,False,phi,cle,105,122,29,23,25,28,0,32,38,34,18,0,home,12.5,215.0,973.0,-1777.0,2.5,105.0,1.0,1,True,1461.6155320239634,1424.427637330884,1499.900015219829,1386.1431541350184,37.18789469307944,0.6877705624414595
2017,2017-04-01,True,False,lal,lac,104,115,22,28,22,32,0,28,27,38,22,0,home,15.0,220.0,1100.0,-2500.0,7.5,109.5,0.0,0,True,1658.594886281504,1211.7839613043877,1661.7070309882656,1208.671816597626,446.8109249771162,0.9588178698214902
2017,2017-04-01,True,False,atl,chi,104,106,21,25,38,20,0,23,29,27,27,0,home,5.5,202.0,195.0,-230.0,1.0,105.0,0.0,1,True,1490.2264994903062,1334.110017546624,1498.0153981174597,1326.3211189194706,156.11648194368217,0.8137138723277715
2017,2017-04-01,True,False,orl,bkn,111,121,33,20,36,22,0,33,27,29,32,0,home,4.0,222.0,155.0,-175.0,0.5,108.5,1.0,1,True,1314.662140550939,1310.4707711826272,1351.8974146325802,1273.235497100986,4.191369368311825,0.6456045386114851
2017,2017-04-01,True,False,sac,min,123,117,18,37,36,32,0,31,28,26,32,0,home,12.5,207.5,700.0,-1100.0,6.5,107.5,0.0,1,False,1449.323712848213,1275.219239377453,1388.8770393741947,1335.6659128514714,174.10447347076,0.8289029565504306
2017,2017-04-01,True,False,phx,por,117,130,21,32,34,30,0,37,26,34,33,0,home,11.5,224.0,575.0,-850.0,3.0,117.0,1.0,1,True,1723.9878589426824,1130.3643232269187,1725.3076896072955,1129.0444925623055,593.6235357157636,0.9818864969606282
2017,2017-04-02,True,False,ind,cle,130,135,27,26,24,27,26,26,34,23,21,31,home,8.0,214.0,300.0,-360.0,2.5,102.0,0.0,1,True,1499.900015219829,1431.1839225467347,1520.1597390979375,1410.924198668626,68.71609267309418,0.7253601923708242
2017,2017-04-02,True,False,chi,no,117,110,28,35,24,30,0,21,26,32,31,0,home,8.5,210.5,300.0,-360.0,7.5,110.0,0.0,1,False,1662.4714495838934,1498.0153981174597,1597.97188588248,1562.5149618188732,164.4560514664338,0.8208815352543491
2017,2017-04-02,True,False,hou,phx,123,116,31,28,31,33,0,21,33,29,33,0,away,7.5,226.5,-310.0,260.0,2.5,111.5,0.0,1,False,1129.0444925623055,1632.388727661123,1120.8711527236317,1640.562067499797,-503.34423509881753,0.08933058221784212
2017,2017-04-02,True,False,atl,bkn,82,91,24,19,18,21,0,29,17,24,21,0,away,3.0,216.5,-150.0,130.0,4.0,112.5,0.0,0,True,1351.8974146325802,1326.3211189194706,1384.177113145358,1294.0414204066929,25.57629571310963,0.6732398558136975
2017,2017-04-02,True,False,phi,tor,105,113,29,20,27,29,0,28,31,27,27,0,home,11.5,211.5,575.0,-850.0,3.0,103.0,0.0,1,True,1676.8857666436186,1386.1431541350184,1684.0320889346729,1378.9968318439642,290.74261250860013,0.904589730660799
2017,2017-04-02,True,False,wsh,gs,115,139,30,27,31,27,0,35,32,39,33,0,home,9.0,223.5,400.0,-500.0,2.0,107.5,1.0,1,True,1930.4680918935114,1587.038839635733,1938.0853467756478,1579.4215847535966,343.42925225777844,0.9277469160371702
2017,2017-04-02,True,False,utah,sa,103,109,28,24,26,25,0,33,21,34,21,0,home,5.0,189.0,180.0,-210.0,2.5,99.0,1.0,1,True,1748.7543194321665,1638.9308563679983,1766.504658088444,1621.1805177117208,109.82346306416821,0.7699167063098112
2017,2017-04-02,True,False,mem,lal,103,108,27,22,31,23,0,22,28,29,29,0,away,7.0,205.5,-300.0,250.0,5.5,102.0,0.0,1,True,1208.671816597626,1580.016279192112,1273.8418132005042,1514.8462825892339,-371.344462594486,0.173362099173294
2017,2017-04-02,True,False,cha,okc,113,101,31,28,25,29,0,22,32,16,31,0,home,5.0,211.5,175.0,-200.0,5.5,106.5,0.0,1,False,1591.4458374288433,1492.1604370132907,1513.5238393848767,1570.0824350572573,99.28540041555266,0.7589952690821773
2017,2017-04-02,True,False,bos,ny,110,94,34,26,28,22,0,23,24,24,23,0,away,7.5,206.0,-350.0,290.0,0.0,105.0,1.0,0,False,1315.4797812316751,1628.5424048452517,1287.2069694337993,1656.8152166431275,-313.06262361357653,0.2267968650667308
2017,2017-04-02,True,False,den,mia,116,113,37,31,25,23,0,30,28,29,26,0,home,3.5,219.5,140.0,-160.0,5.0,108.0,0.0,1,False,1542.3075174212586,1500.3087376010687,1501.7002170607323,1540.916037961595,41.99877982018984,0.693686423942441
2017,2017-04-02,True,False,dal,mil,109,105,31,22,22,34,0,28,25,25,27,0,home,6.0,195.0,210.0,-250.0,4.0,94.0,0.0,1,False,1635.5503231830698,1397.525402338619,1585.500666509312,1447.5750590123769,238.0249208444509,0.874990999301303
2017,2017-04-03,True,False,por,min,109,110,23,34,26,26,0,29,20,37,24,0,home,1.5,216.5,105.0,-125.0,3.5,111.0,0.0,1,True,1388.8770393741947,1725.3076896072955,1413.1514736475376,1701.0332553339526,-336.4306502331008,0.20407713757870954
2017,2017-04-04,True,False,mem,sa,89,95,16,19,16,33,5,14,19,27,24,11,home,9.0,195.0,375.0,-450.0,7.0,95.0,0.0,0,True,1766.504658088444,1514.8462825892339,1774.4857922191356,1506.8651484585423,251.65837549921025,0.8833257656097517
2017,2017-04-04,True,False,por,utah,87,106,17,24,23,23,0,24,23,28,31,0,home,6.0,201.5,200.0,-240.0,1.5,104.0,1.0,0,True,1621.1805177117208,1701.0332553339526,1683.2691104716505,1638.944662574023,-79.85273762223187,0.5289617856159665
2017,2017-04-04,True,False,min,gs,107,121,32,28,26,21,0,32,36,36,17,0,home,14.0,218.5,1000.0,-2000.0,6.0,107.0,2.0,1,True,1938.0853467756478,1413.1514736475376,1940.168812714989,1411.0680077081965,524.9338731281102,0.9733358324887244
2017,2017-04-04,True,False,dal,sac,87,98,17,21,31,18,0,22,14,32,30,0,away,2.5,197.0,-150.0,130.0,1.0,96.5,0.0,0,True,1335.6659128514714,1447.5750590123769,1392.2069939966173,1391.033977867231,-111.9091461609055,0.48286807007811655
2017,2017-04-04,True,False,mil,okc,79,110,20,19,20,20,0,28,35,26,21,0,home,6.0,209.5,210.0,-250.0,3.0,102.0,1.0,0,True,1513.5238393848767,1585.500666509312,1583.633528353938,1515.3909775402508,-71.9768271244352,0.5402413609366726
2017,2017-04-04,True,False,den,no,134,131,27,42,33,32,0,31,44,30,26,0,home,3.0,228.5,135.0,-155.0,0.0,113.0,0.0,1,False,1597.97188588248,1540.916037961595,1556.8984385536858,1581.9894852903892,57.055847920884844,0.7117884803815276
2017,2017-04-04,True,False,tor,ind,90,108,26,25,24,15,0,18,22,37,31,0,home,3.0,203.0,120.0,-140.0,4.5,100.0,1.0,0,True,1410.924198668626,1684.0320889346729,1505.547221068409,1589.40906653489,-273.10789026604675,0.26963226218139935
2017,2017-04-04,True,False,orl,cle,102,122,31,24,20,27,0,28,25,43,26,0,home,11.0,223.0,550.0,-800.0,8.0,110.5,1.0,1,True,1520.1597390979375,1273.235497100986,1532.9991313092894,1260.3961048896342,246.92424199695142,0.8804876796374355
2017,2017-04-04,True,False,bkn,phi,141,118,40,41,30,30,0,27,26,24,41,0,away,2.0,221.5,-135.0,115.0,6.5,115.0,1.0,1,False,1378.9968318439642,1384.177113145358,1290.458367411958,1472.715577577364,-5.180281301393734,0.6331666911317957
2017,2017-04-04,True,False,cha,wsh,111,118,24,39,18,30,0,22,29,36,31,0,home,3.0,219.5,125.0,-145.0,6.0,108.5,1.0,1,True,1579.4215847535966,1570.0824350572573,1610.9352086960405,1538.5688111148133,9.339149696339291,0.6523549302195091
2017,2017-04-04,True,False,chi,ny,91,100,24,16,24,27,0,29,25,26,20,0,away,5.0,203.5,-200.0,175.0,7.0,106.5,0.0,0,True,1287.2069694337993,1562.5149618188732,1361.4552065869627,1488.2667246657097,-275.30799238507393,0.26714546166675296
2017,2017-04-05,True,False,okc,mem,103,100,34,23,22,24,0,27,23,24,26,0,away,2.5,198.5,-140.0,120.0,1.5,99.0,1.0,1,False,1506.8651484585423,1583.633528353938,1474.3303959689551,1616.168280843525,-76.76837989539558,0.5333832508326977
2017,2017-04-05,True,False,dal,lac,101,112,24,25,24,28,0,35,27,28,22,0,home,11.0,205.0,550.0,-800.0,2.5,101.0,2.0,1,True,1661.7070309882656,1391.033977867231,1670.8156550586557,1381.925353796841,270.6730531210346,0.8941419612259903
2017,2017-04-05,True,False,gs,phx,120,111,41,17,33,29,0,18,34,26,33,0,away,8.5,228.5,-450.0,375.0,3.5,113.5,1.0,1,False,1120.8711527236317,1940.168812714989,1119.2841866657805,1941.7557787728401,-819.2976599913572,0.015663877315739448
2017,2017-04-05,True,False,lal,sa,102,95,31,22,23,26,0,14,27,29,25,0,home,13.5,207.0,900.0,-1600.0,15.0,101.5,0.0,0,False,1774.4857922191356,1273.8418132005042,1715.377275403087,1332.950330016553,500.6439790186314,0.9694565287976943
2017,2017-04-05,True,False,mia,cha,112,99,27,25,34,26,0,23,28,22,26,0,home,2.5,203.5,130.0,-150.0,2.0,99.0,0.0,1,False,1538.5688111148133,1501.7002170607323,1461.5898635538456,1578.6791646217,36.868594054081086,0.687375721019807
2017,2017-04-05,True,False,cle,bos,114,91,19,38,33,24,0,20,22,24,25,0,home,4.0,222.0,155.0,-175.0,6.5,109.5,0.0,0,False,1656.8152166431275,1532.9991313092894,1559.2791695026112,1630.5351784498057,123.81608533383815,0.7838743781269585
2017,2017-04-05,True,False,den,hou,104,110,25,25,29,25,0,36,23,26,25,0,home,7.5,241.5,290.0,-350.0,1.0,118.5,0.0,0,True,1640.562067499797,1581.9894852903892,1663.7287462846364,1558.8228065055498,58.572582209407756,0.713576294708663
2017,2017-04-05,True,False,tor,det,105,102,15,31,22,37,0,33,23,24,22,0,away,3.0,201.5,-155.0,135.0,4.5,99.0,2.0,1,False,1223.7547258735271,1589.40906653489,1212.8907738074859,1600.2730186009312,-365.65434066136277,0.17810647466060503
2017,2017-04-06,True,False,bkn,orl,107,115,25,25,21,36,0,22,28,36,29,0,home,1.0,222.0,100.0,-120.0,1.0,115.5,1.0,2,True,1260.3961048896342,1472.715577577364,1323.8395620798112,1409.272120387187,-212.31947268772979,0.34376450673500425
2017,2017-04-06,True,False,chi,phi,102,90,27,26,27,22,0,17,30,20,23,0,away,6.0,209.0,-240.0,200.0,2.0,107.5,1.0,0,False,1290.458367411958,1488.2667246657097,1249.508305420556,1529.2167866571117,-197.80835725375164,0.36284662867511314
2017,2017-04-06,True,False,mil,ind,89,104,21,29,23,16,0,25,31,29,19,0,home,4.5,203.5,165.0,-185.0,0.5,101.0,1.0,0,True,1505.547221068409,1515.3909775402508,1551.0619910092212,1469.8762075994387,-9.843756471841743,0.6269094722681147
2017,2017-04-06,True,False,wsh,ny,106,103,33,26,23,24,0,27,24,24,28,0,away,6.0,217.5,-245.0,205.0,1.0,105.0,0.0,0,False,1361.4552065869627,1610.9352086960405,1343.3244791716531,1629.06593611135,-249.48000210907776,0.2972398923838254
2017,2017-04-06,True,False,bos,atl,116,123,24,31,34,27,0,32,39,28,24,0,away,1.5,209.0,-120.0,100.0,5.5,107.5,0.0,1,True,1294.0414204066929,1559.2791695026112,1360.0419599620752,1493.2786299472289,-265.2377490959184,0.2786465824807117
2017,2017-04-06,True,False,min,por,98,105,34,27,26,11,0,20,33,27,25,0,home,5.0,217.0,180.0,-210.0,6.5,108.0,1.0,0,True,1638.944662574023,1411.0680077081965,1648.746393755095,1401.2662765271245,227.87665486582637,0.8684599090967043
2017,2017-04-07,True,False,okc,phx,99,120,19,29,24,27,0,32,39,24,25,0,away,9.0,229.0,-500.0,400.0,12.0,113.0,0.0,0,True,1119.2841866657805,1616.168280843525,1242.7227898907838,1492.7296776185217,-496.8840941777446,0.09240237140054225
2017,2017-04-07,True,False,no,den,106,122,25,25,24,32,0,30,21,41,30,0,home,7.5,229.5,250.0,-300.0,4.0,112.5,1.0,0,True,1558.8228065055498,1556.8984385536858,1603.289584431857,1512.4316606273785,1.924367951864042,0.6426130866073015
2017,2017-04-07,True,False,sac,lal,94,98,31,14,25,24,0,18,26,25,29,0,home,2.5,216.5,125.0,-145.0,2.0,113.0,1.0,0,True,1332.950330016553,1392.2069939966173,1364.2246847319539,1360.9326392812163,-59.25666398006433,0.5583670649889162
2017,2017-04-07,True,False,sa,dal,102,89,21,29,25,27,0,26,35,8,20,0,home,5.0,189.0,180.0,-210.0,1.5,100.0,0.0,1,False,1381.925353796841,1715.377275403087,1357.9031666817027,1739.3994625182252,-333.45192160624606,0.20687644483680653
2017,2017-04-07,True,False,ny,mem,88,101,21,26,25,16,0,27,26,17,31,0,home,12.5,196.0,800.0,-1400.0,5.0,96.5,1.0,0,True,1474.3303959689551,1343.3244791716531,1495.808233137122,1321.8466420034863,131.005916797302,0.7908037374781174
2017,2017-04-07,True,False,det,hou,114,109,24,28,23,39,0,30,24,33,22,0,home,11.0,224.0,550.0,-800.0,6.0,111.5,0.0,0,False,1663.7287462846364,1212.8907738074859,1611.5781088197143,1265.041411272408,450.8379724771505,0.9597235467862598
2017,2017-04-07,True,False,atl,cle,114,100,21,31,31,31,0,19,31,28,22,0,home,15.5,212.5,1300.0,-3500.0,11.0,109.5,0.0,1,False,1630.5351784498057,1360.0419599620752,1546.686562530613,1443.890575881268,270.4932184877305,0.8940439362940747
2017,2017-04-07,True,False,mia,tor,94,96,19,24,22,29,0,26,27,17,26,0,home,4.5,207.5,165.0,-185.0,1.0,101.5,0.0,0,True,1600.2730186009312,1578.6791646217,1615.9739570661786,1562.9782261564526,21.5938539792312,0.6681767948353199
2017,2017-04-07,True,False,min,utah,113,120,31,29,28,25,0,29,26,40,25,0,home,11.0,197.5,550.0,-800.0,9.5,96.5,0.0,1,True,1683.2691104716505,1401.2662765271245,1690.394723421984,1394.140663576791,282.00283394452595,0.9001583334579095
2017,2017-04-08,True,False,utah,por,86,101,20,22,18,26,0,34,14,29,24,0,home,2.5,201.5,125.0,-145.0,1.5,105.0,1.0,0,True,1648.746393755095,1690.394723421984,1699.5941786215128,1639.5469385555662,-41.64832966688914,0.5831940507558517
2017,2017-04-08,True,False,lac,sa,98,87,22,30,30,16,0,23,20,27,17,0,home,1.5,208.5,105.0,-125.0,4.0,102.0,0.0,0,False,1739.3994625182252,1670.8156550586557,1665.1972198109124,1745.0178977659684,68.58380745956947,0.725208466821298
2017,2017-04-08,True,False,mil,phi,90,82,23,19,25,23,0,21,27,12,22,0,away,7.5,209.0,-300.0,250.0,8.5,103.5,1.0,0,False,1249.508305420556,1469.8762075994387,1217.2768912845372,1502.1076217354575,-220.36790217888256,0.3333897440483992
2017,2017-04-08,True,False,no,gs,101,123,17,29,22,33,0,23,31,39,30,0,home,17.0,216.0,1600.0,-6000.0,7.5,106.0,1.0,1,True,1941.7557787728401,1512.4316606273785,1946.1326503952298,1508.0547890049888,429.3241181454616,0.9546543271890691
2017,2017-04-08,True,False,ind,orl,127,112,39,29,31,28,0,38,21,23,30,0,away,4.5,211.5,-185.0,165.0,0.5,104.0,1.0,1,False,1323.8395620798112,1551.0619910092212,1284.2307044491572,1590.6708486398752,-227.22242892940994,0.3246789913580762
2017,2017-04-08,True,False,bos,cha,121,114,32,39,21,29,0,28,26,32,28,0,home,0.0,213.5,-110.0,-110.0,5.5,110.0,0.0,1,False,1461.5898635538456,1493.2786299472289,1406.9615786017246,1547.9069148993499,-31.688766393383275,0.5970602711567733
2017,2017-04-08,True,False,chi,bkn,106,107,25,20,37,24,0,32,19,24,32,0,away,3.0,215.5,-160.0,140.0,4.0,111.5,0.0,0,True,1409.272120387187,1529.2167866571117,1425.3957861050205,1513.0931209392782,-119.94466626992471,0.4713288051802312
2017,2017-04-08,True,False,mia,wsh,106,103,28,24,26,28,0,29,23,22,29,0,home,3.5,216.5,145.0,-165.0,2.5,107.0,0.0,0,False,1629.06593611135,1562.9782261564526,1587.7369888772043,1604.3071733905983,66.08770995489749,0.7223358110037652
2017,2017-04-09,True,False,tor,ny,110,97,23,29,24,34,0,29,26,20,22,0,away,9.0,201.0,-500.0,400.0,8.0,99.5,1.0,1,False,1321.8466420034863,1615.9739570661786,1293.226006257929,1644.594592811736,-294.12731506269233,0.24647778087944927
2017,2017-04-09,True,False,det,mem,103,90,24,24,27,28,0,28,29,10,23,0,home,5.5,193.5,190.0,-220.0,0.0,96.0,0.0,0,False,1495.808233137122,1265.041411272408,1413.6938774487355,1347.1557669607944,230.76682186471407,0.87034886770447
2017,2017-04-09,True,False,okc,den,106,105,27,25,29,25,0,26,27,38,14,0,home,5.0,229.5,190.0,-220.0,3.0,113.5,0.0,0,False,1603.289584431857,1492.7296776185217,1582.1253380807384,1513.8939239696404,110.55990681333537,0.7706668194875946
2017,2017-04-09,True,False,min,lal,109,110,21,30,28,30,0,29,24,25,32,0,away,6.0,222.0,-230.0,195.0,6.0,109.0,0.0,0,True,1364.2246847319539,1394.140663576791,1376.4389300386817,1381.926418270063,-29.915978844837127,0.5995129288132375
2017,2017-04-09,True,False,hou,sac,135,128,42,36,29,28,0,27,35,27,39,0,away,9.0,225.5,-500.0,400.0,0.5,109.5,0.0,1,False,1360.9326392812163,1611.5781088197143,1333.8645975222412,1638.6461505786895,-250.645469538498,0.2958403758503687
2017,2017-04-09,True,False,dal,phx,111,124,29,36,20,26,0,40,28,36,20,0,home,2.5,210.5,120.0,-140.0,1.0,104.5,1.0,1,True,1242.7227898907838,1357.9031666817027,1303.317200313313,1297.3087562591736,-115.1803767909189,0.47816757295610324
2017,2017-04-09,True,False,cle,atl,125,126,38,27,28,18,14,21,25,21,44,15,away,5.0,214.5,-210.0,180.0,2.5,103.0,0.0,1,True,1443.890575881268,1546.686562530613,1459.2625293932983,1531.3146090185826,-102.79598664934497,0.49597633862314183
2017,2017-04-10,True,False,sa,por,98,99,28,15,33,22,0,31,16,24,28,0,away,10.5,192.5,-600.0,450.0,9.0,101.5,0.0,1,True,1699.5941786215128,1665.1972198109124,1708.9020741030138,1655.8893243294115,34.39695881060038,0.684310166958213
2017,2017-04-10,True,False,hou,lac,96,125,35,22,12,27,0,35,26,36,28,0,home,9.0,231.5,350.0,-420.0,5.0,115.5,1.0,0,True,1745.0178977659684,1638.6461505786895,1776.618627726282,1607.0454206183758,106.37174718727897,0.766378031460552
2017,2017-04-10,True,False,utah,gs,105,99,32,17,25,31,0,33,18,23,25,0,home,10.0,206.0,450.0,-600.0,6.5,106.0,0.0,0,False,1946.1326503952298,1639.5469385555662,1886.3581306343233,1699.3214583164727,306.58571183966365,0.9121757881593319
2017,2017-04-10,True,False,cha,mil,79,89,24,22,20,13,0,18,25,18,28,0,home,6.5,197.5,225.0,-265.0,5.5,98.5,1.0,0,True,1502.1076217354575,1406.9615786017246,1525.7487475221421,1383.32045281504,95.14604313373297,0.754609749431142
2017,2017-04-10,True,False,ind,phi,120,111,35,29,26,30,0,20,34,25,32,0,away,8.0,211.5,-400.0,330.0,1.5,104.5,1.0,1,False,1217.2768912845372,1590.6708486398752,1199.8835616844829,1608.0641782399296,-373.393957355338,0.1716778878915484
2017,2017-04-10,True,False,wsh,det,105,101,34,21,24,26,0,21,21,31,28,0,home,5.5,208.0,190.0,-220.0,6.0,102.0,0.0,0,False,1347.1557669607944,1587.7369888772043,1325.3411081155048,1609.551647722494,-240.58122191640996,0.3080502187745074
2017,2017-04-10,True,False,bkn,bos,105,114,13,27,37,28,0,28,30,32,24,0,home,10.5,222.0,550.0,-800.0,0.0,115.0,0.0,0,True,1547.9069148993499,1425.3957861050205,1567.528730581183,1405.7739704231874,122.51112879432935,0.7825990277285086
2017,2017-04-10,True,False,cle,mia,121,124,37,23,31,17,13,24,32,24,28,16,home,10.5,204.0,450.0,-600.0,9.0,103.0,0.0,1,True,1604.3071733905983,1531.3146090185826,1619.6425283609544,1515.9792540482265,72.99256437201575,0.7302369815943112
2017,2017-04-10,True,False,orl,chi,75,122,13,24,22,16,0,34,30,28,30,0,home,8.0,215.0,330.0,-400.0,1.5,102.5,1.0,0,True,1513.0931209392782,1284.2307044491572,1531.236252129538,1266.0875732588975,228.86241649012095,0.8691067943752642
2017,2017-04-11,True,False,den,dal,109,91,23,34,26,26,0,26,18,31,16,0,home,2.0,213.5,110.0,-130.0,5.0,104.5,0.0,0,False,1297.3087562591736,1582.1253380807384,1264.0691613870854,1615.3649329528266,-284.8165818215648,0.2565668174301469
2017,2017-04-11,True,False,cha,atl,76,103,26,18,17,15,0,38,25,21,19,0,home,8.0,203.5,280.0,-340.0,1.5,100.0,1.0,0,True,1459.2625293932983,1383.32045281504,1495.5687413356054,1347.014240872733,75.94207657825837,0.7335685392316346
2017,2017-04-11,True,False,no,lal,96,108,25,28,20,23,0,26,31,28,23,0,home,2.5,219.0,120.0,-140.0,0.0,108.5,1.0,0,True,1376.4389300386817,1508.0547890049888,1437.9885913896424,1446.5051276540282,-131.6158589663071,0.4546262928251449
2017,2017-04-11,True,False,phx,sac,104,129,25,14,38,27,0,28,30,39,32,0,home,4.5,219.5,180.0,-210.0,3.5,111.5,1.0,1,True,1333.8645975222412,1303.317200313313,1378.4478642074575,1258.7339336280966,30.54739720892826,0.6795035431846598
2017,2017-04-11,True,False,okc,min,100,98,33,23,15,29,0,16,27,29,26,0,home,8.0,208.5,270.0,-330.0,9.0,102.0,0.0,0,False,1381.926418270063,1513.8939239696404,1359.974523593422,1535.8458186462815,-131.96750569957726,0.45412444621498976
2017,2017-04-12,True,False,phi,ny,113,114,22,37,28,26,0,25,31,22,36,0,home,3.0,209.5,130.0,-150.0,4.0,103.0,0.0,1,True,1293.226006257929,1199.8835616844829,1300.1248677241542,1192.9847002182576,93.34244457344607,0.7526821315941051
2017,2017-04-12,True,False,sa,utah,97,101,23,23,26,25,0,32,21,29,19,0,home,4.0,192.0,160.0,-180.0,0.5,100.5,2.0,1,True,1699.3214583164727,1655.8893243294115,1719.9914384139208,1635.2193442319633,43.432133987061206,0.6954368456566602
2017,2017-04-12,True,False,wsh,mia,102,110,27,23,27,25,0,23,33,35,19,0,home,11.5,205.5,475.0,-650.0,5.0,100.5,0.0,1,True,1619.6425283609544,1609.551647722494,1652.8224868990967,1576.3716891843517,10.090880638460476,0.6533356642383836
2017,2017-04-12,True,False,lal,gs,94,109,28,22,20,24,0,43,21,29,16,0,home,13.5,222.5,700.0,-1100.0,3.5,106.5,1.0,0,True,1886.3581306343233,1437.9885913896424,1889.7971197162183,1434.5496023077474,448.36953924468094,0.9591706890448123
2017,2017-04-12,True,False,no,por,103,100,22,31,25,25,0,30,23,32,15,0,home,7.0,202.0,250.0,-300.0,3.5,98.5,0.0,1,False,1708.9020741030138,1446.5051276540282,1665.9206099294072,1489.4865918276348,262.39694644898555,0.8895472223786239
2017,2017-04-12,True,False,bkn,chi,73,112,13,19,24,17,0,27,23,25,37,0,home,15.0,212.5,1200.0,-3000.0,3.0,109.0,1.0,0,True,1531.236252129538,1405.7739704231874,1562.1743155623797,1374.8359069903456,125.4622817063505,0.7854754842110034
2017,2017-04-12,True,False,sac,lac,95,115,23,24,26,22,0,30,23,34,28,0,home,18.0,209.0,1500.0,-5000.0,8.5,107.0,1.0,1,True,1776.618627726282,1378.4478642074575,1781.7706750397822,1373.2958168939574,398.1707635188245,0.9462265125069231
2017,2017-04-12,True,False,dal,mem,100,93,22,24,24,30,0,27,28,19,19,0,home,8.5,188.0,330.0,-400.0,1.5,94.0,0.0,1,False,1413.6938774487355,1264.0691613870854,1349.3887832532341,1328.3742555825868,149.62471606165013,0.8079827310061488
2017,2017-04-12,True,False,tor,cle,98,83,26,27,22,23,0,21,13,24,25,0,away,4.0,200.5,-165.0,145.0,3.5,99.0,1.0,0,False,1515.9792540482265,1644.594592811736,1459.994777812958,1700.5790690470044,-128.6153387635095,0.45891208086015794
2017,2017-04-12,True,False,den,okc,111,105,25,31,30,25,0,26,38,21,20,0,home,6.0,224.0,200.0,-240.0,1.0,108.5,0.0,0,False,1535.8458186462815,1615.3649329528266,1490.5151180342243,1660.6956335648838,-79.51911430654513,0.5294402705226269
2017,2017-04-12,True,False,min,hou,118,123,32,28,21,37,0,33,27,35,28,0,home,8.5,226.5,300.0,-360.0,5.5,112.5,0.0,1,True,1607.0454206183758,1359.974523593422,1614.595144753488,1352.4247994583097,247.07089702495387,0.8805764870285253
2017,2017-04-12,True,False,det,orl,109,113,17,32,32,28,0,38,21,28,26,0,home,1.5,206.0,100.0,-120.0,3.0,101.5,1.0,1,True,1266.0875732588975,1325.3411081155048,1297.361613426905,1294.0670679474972,-59.2535348566073,0.5583715067908248
2017,2017-04-12,True,False,atl,ind,86,104,15,28,25,18,0,22,28,34,20,0,home,14.5,200.5,1100.0,-2500.0,6.5,102.0,1.0,0,True,1608.0641782399296,1495.5687413356054,1634.542473086389,1469.090446489146,112.49543690432415,0.7726300756186795
2017,2017-04-12,True,False,mil,bos,94,112,36,20,22,16,0,25,32,23,32,0,home,13.5,205.0,1000.0,-2000.0,7.5,102.5,1.0,1,True,1567.528730581183,1525.7487475221421,1605.6550462630137,1487.6224318403115,41.77998305904089,0.693418734078369
