season,date,regular,playoffs,away_team,home_team,score_away,score_home,q1_away,q2_away,q3_away,q4_away,ot_away,q1_home,q2_home,q3_home,q4_home,ot_home,whos_favored,spread,total,away_ml,home_ml,h2_spread,h2_total,id_spread,id_total,home_won,home_elo_before,away_elo_before,home_elo_after,away_elo_after,elo_diff,elo_prob_home
2009,2008-10-28,True,False,cle,bos,85,90,28,22,13,22,0,22,21,24,23,0,home,6.0,182.5,220.0,-260.0,5.0,93.5,0.0,0,True,1773.482684777141,1446.3379684720912,1778.1633645098814,1441.6572887393509,327.14471630504977,0.9212056959715842
2009,2008-10-28,True,False,mil,chi,95,108,26,26,23,20,0,26,29,27,26,0,home,6.0,198.0,230.0,-270.0,3.0,101.5,1.0,1,True,1423.003753645111,1172.534839948083,1433.9038218585476,1161.6347717346462,250.46891369702803,0.8826182407055758
2009,2008-10-28,True,False,por,lal,76,96,14,20,19,23,0,24,25,23,24,0,home,8.0,195.0,305.0,-370.0,1.0,96.0,1.0,0,True,1705.8024492740637,1446.3077749686165,1717.7258585423856,1434.3843657002947,259.49467430544723,0.8878950133902745
2009,2008-10-29,True,False,lal,lac,117,79,30,29,26,32,0,27,17,13,22,0,away,10.0,197.5,-600.0,400.0,0.0,98.5,1.0,0,False,1267.0652027375995,1717.7258585423856,1248.1620745482007,1736.6289867317844,-450.6606558047861,0.1172674548039697
2009,2008-10-29,True,False,den,utah,94,98,27,19,21,27,0,28,22,25,23,0,home,8.0,206.5,300.0,-360.0,4.5,104.5,0.0,0,True,1690.3419347546119,1680.5116145403422,1714.675914098592,1656.177635196362,9.830320214269705,0.6529958750989326
2009,2008-10-29,True,False,sac,min,96,98,32,17,28,19,0,33,23,20,22,0,home,6.0,200.0,210.0,-250.0,1.5,100.0,0.0,0,True,1390.7088042541516,1481.7262123036135,1414.253536843733,1458.181479714032,-91.01740804946189,0.5129241094664501
2009,2008-10-29,True,False,mem,hou,71,82,18,19,20,14,0,26,17,15,24,0,home,12.5,192.0,650.0,-1000.0,6.5,95.5,0.0,0,True,1646.8531367825212,1299.9945769715403,1652.6120122657912,1294.2357014882703,346.858559810981,0.9290590623468369
2009,2008-10-29,True,False,tor,phi,95,84,18,33,23,21,0,21,24,20,19,0,home,5.0,187.5,175.0,-210.0,4.5,94.0,0.0,0,False,1482.383361569076,1402.2610196545945,1407.6541491537353,1476.9902320699352,80.12234191448147,0.7382451454040524
2009,2008-10-29,True,False,no,gs,108,103,27,29,29,23,0,34,23,27,19,0,away,7.5,206.5,-300.0,250.0,5.0,103.0,0.0,1,False,1480.508644900192,1613.0903490278013,1444.7757334204277,1648.8232605075655,-132.58170412760933,0.453248127601625
2009,2008-10-29,True,False,ind,det,94,100,17,23,24,30,0,23,27,25,25,0,home,10.5,188.0,500.0,-700.0,3.5,93.5,0.0,1,True,1654.3612282766376,1546.2428236227342,1672.2735774868925,1528.3304744124794,108.11840465390333,0.7681734053143169
2009,2008-10-29,True,False,phx,sa,103,98,19,30,25,29,0,16,30,27,25,0,away,1.0,185.0,-115.0,-105.0,1.0,92.5,1.0,1,False,1694.7313083878275,1700.5132486044315,1644.8775312102684,1750.3670257819906,-5.781940216603971,0.6323618821934957
2009,2008-10-29,True,False,atl,orl,99,85,26,21,27,25,0,13,27,15,30,0,home,8.0,202.5,310.0,-370.0,8.5,101.0,0.0,0,False,1664.0686675532504,1401.9148392426962,1580.1035438919148,1485.8799629040318,262.1538283105542,0.8894096423272131
2009,2008-10-29,True,False,bkn,wsh,95,85,23,21,25,26,0,23,23,21,18,0,home,5.5,190.5,200.0,-240.0,3.0,98.0,0.0,0,False,1580.2878547894857,1420.7146048175646,1505.9768197382625,1495.0256398687877,159.5732499719211,0.8167113866350638
2009,2008-10-29,True,False,mia,ny,115,120,27,18,30,40,0,28,32,31,29,0,home,2.0,209.5,110.0,-130.0,3.5,105.0,1.0,1,True,1282.6571795026175,1265.978249315458,1308.8768210730984,1239.758607744977,16.678930187159494,0.6618742942649662
2009,2008-10-29,True,False,mil,okc,98,87,24,26,29,19,0,14,21,24,28,0,home,4.5,200.0,170.0,-190.0,6.0,98.5,0.0,0,False,1302.0871524241973,1161.6347717346462,1225.4234801411976,1238.2984440176458,140.4523806895511,0.7996575094957402
2009,2008-10-30,True,False,hou,dal,112,102,32,30,23,27,0,33,26,27,16,0,home,3.5,190.0,145.0,-165.0,3.0,95.0,0.0,1,False,1603.9724887094808,1652.6120122657912,1543.4766684729047,1713.1078325023673,-48.63952355631045,0.5733799223734236
2009,2008-10-30,True,False,no,phx,108,95,30,26,25,27,0,23,21,25,26,0,home,3.0,199.0,135.0,-155.0,5.5,99.0,0.0,1,False,1750.3670257819906,1648.8232605075655,1670.1081989979873,1729.0820872915688,101.54376527442514,0.7613652701257928
2009,2008-10-30,True,False,cha,cle,79,96,16,17,26,20,0,25,25,18,28,0,home,9.0,183.0,350.0,-500.0,1.0,91.0,1.0,0,True,1441.6572887393509,1479.5560261724677,1493.9991159746485,1427.21419893717,-37.89873743311682,0.5884311492559443
2009,2008-10-31,True,False,sac,mia,77,103,14,17,16,30,0,22,27,29,25,0,home,6.5,204.0,240.0,-280.0,1.0,99.0,1.0,0,True,1239.758607744977,1458.181479714032,1336.0667897299816,1361.8732977290276,-218.422871969055,0.3358826887282794
2009,2008-10-31,True,False,ny,phi,87,116,24,24,24,15,0,31,29,31,25,0,home,8.0,214.5,300.0,-360.0,0.5,105.5,1.0,0,True,1407.6541491537353,1308.8768210730984,1440.551741296256,1275.9792289305776,98.77732808063683,0.7584598736426831
2009,2008-10-31,True,False,chi,bos,80,96,13,18,23,26,0,24,25,21,26,0,home,10.0,189.0,450.0,-600.0,0.5,94.0,1.0,0,True,1778.1633645098814,1433.9038218585476,1784.834183174605,1427.233003193824,344.25954265133373,0.9280666463514448
2009,2008-10-31,True,False,gs,tor,108,112,22,28,23,23,12,28,23,24,21,16,home,6.5,207.0,240.0,-280.0,4.0,102.5,0.0,1,True,1476.9902320699352,1444.7757334204277,1498.8348185636735,1422.9311469266895,32.214498649507505,0.6815898677527907
2009,2008-10-31,True,False,sa,por,99,100,22,23,25,29,0,21,30,27,22,0,away,2.0,175.0,-130.0,110.0,2.0,87.0,0.0,1,True,1434.3843657002947,1644.8775312102684,1454.3260981162832,1624.93579879428,-210.49316550997378,0.3461400349254216
2009,2008-10-31,True,False,den,lac,113,103,20,17,31,26,19,28,27,21,18,9,away,1.5,196.5,-120.0,100.0,5.5,96.5,1.0,1,False,1248.1620745482007,1656.177635196362,1232.8466524400144,1671.4930573045483,-408.0155606481612,0.14515970698747158
2009,2008-10-31,True,False,orl,mem,84,86,25,30,13,16,0,26,17,18,25,0,away,7.5,193.5,-320.0,260.0,0.5,96.5,0.0,0,True,1294.2357014882703,1580.1035438919148,1330.2281881011183,1544.1110572790667,-285.86784240364454,0.2554142459350987
2009,2008-11-01,True,False,mem,chi,86,96,19,31,20,16,0,19,23,33,21,0,home,8.0,190.5,310.0,-380.0,6.5,96.0,1.0,0,True,1427.233003193824,1330.2281881011183,1450.6440290390562,1306.8171622558862,97.00481509270571,0.7565856989648849
2009,2008-11-01,True,False,cle,no,92,104,27,21,24,20,0,19,30,24,31,0,home,3.5,185.0,135.0,-155.0,2.0,93.0,1.0,1,True,1729.0820872915688,1493.9991159746485,1740.675338013529,1482.4058652526883,235.0829713169203,0.8731268008430013
2009,2008-11-01,True,False,por,phx,96,107,23,27,22,24,0,29,20,31,27,0,home,9.0,195.0,325.0,-450.0,6.5,97.0,1.0,1,True,1670.1081989979873,1454.3260981162832,1682.6714467012666,1441.762850413004,215.78210088170408,0.860300480247843
2009,2008-11-01,True,False,okc,hou,77,89,17,24,18,18,0,20,22,23,24,0,home,14.5,192.5,800.0,-1300.0,9.0,95.0,0.0,0,True,1713.1078325023673,1225.4234801411976,1715.5984780218303,1222.9328346217346,487.68435236116966,0.9671684607108514
2009,2008-11-01,True,False,tor,mil,91,87,24,17,29,21,0,22,17,21,27,0,home,0.0,189.5,-105.0,-115.0,0.5,93.5,0.0,0,False,1238.2984440176458,1498.8348185636735,1218.178493374198,1518.9547692071212,-260.5363745460277,0.2841188230997541
2009,2008-11-01,True,False,lal,den,104,97,23,23,30,28,0,21,31,24,21,0,away,8.0,210.0,-370.0,310.0,7.5,104.0,0.0,0,False,1671.4930573045483,1736.6289867317844,1621.1700505361985,1786.9519935001342,-65.13592942723608,0.5500056992978798
2009,2008-11-01,True,False,lac,utah,79,101,25,23,12,19,0,24,24,27,26,0,home,13.5,189.5,800.0,-1300.0,9.0,93.0,1.0,0,True,1714.675914098592,1232.8466524400144,1717.8338331305795,1229.688733408027,481.8292616585777,0.9660812001866317
2009,2008-11-01,True,False,gs,bkn,105,97,24,28,33,20,0,25,26,18,28,0,home,4.0,206.0,165.0,-185.0,3.0,103.5,0.0,0,False,1495.0256398687877,1422.9311469266895,1429.2672648662779,1488.6895219291994,72.09449294209821,0.7292173833566759
2009,2008-11-01,True,False,bos,ind,79,95,17,24,17,21,0,27,21,21,26,0,away,6.0,193.5,-260.0,220.0,5.0,96.5,0.0,0,True,1528.3304744124794,1784.834183174605,1616.9816762734717,1696.1829813136128,-256.5037087621256,0.28886398670890157
2009,2008-11-01,True,False,mia,cha,87,100,18,23,27,19,0,24,28,25,23,0,home,2.5,188.0,120.0,-140.0,2.0,93.0,1.0,0,True,1427.21419893717,1336.0667897299816,1453.7845634434098,1309.4964252237419,91.1474092071885,0.7503224828587763
2009,2008-11-01,True,False,phi,atl,88,95,34,23,18,13,0,18,26,22,29,0,home,2.0,190.5,120.0,-140.0,4.0,94.0,1.0,0,True,1485.8799629040318,1440.551741296256,1512.3358351113982,1414.0958690888897,45.32822160777573,0.6977436960477437
2009,2008-11-01,True,False,dal,min,95,85,31,22,14,28,0,20,29,15,21,0,away,6.0,199.5,-250.0,210.0,2.5,99.5,1.0,0,False,1414.253536843733,1543.4766684729047,1365.9265692255028,1591.8036360911349,-129.2231316291718,0.4580434290025606
2009,2008-11-01,True,False,wsh,det,109,117,21,31,24,33,0,31,20,30,36,0,home,9.0,179.0,350.0,-500.0,7.0,90.5,0.0,1,True,1672.2735774868925,1505.9768197382625,1686.9925445505946,1491.2578526745604,166.29675774862994,0.8224342185128951
2009,2008-11-01,True,False,sac,orl,103,121,28,21,27,27,0,32,27,29,33,0,home,11.0,199.0,450.0,-650.0,3.5,97.0,1.0,1,True,1544.1110572790667,1361.8732977290276,1562.1442172946954,1343.840137713399,182.23775955003907,0.8354410802770026
2009,2008-11-02,True,False,mil,ny,94,86,27,22,26,19,0,23,22,16,25,0,home,5.5,215.5,195.0,-235.0,5.0,107.5,0.0,0,False,1275.9792289305776,1218.178493374198,1210.8448750235216,1283.312847281254,57.80073555637955,0.712667328587969
2009,2008-11-02,True,False,min,okc,85,88,20,27,26,12,0,20,26,24,18,0,home,1.0,189.0,-105.0,-115.0,0.0,93.0,1.0,0,True,1222.9328346217346,1365.9265692255028,1257.1862255288684,1331.673178318369,-142.9937346037682,0.43844094096189834
2009,2008-11-03,True,False,gs,mem,79,90,24,21,22,12,0,29,20,24,17,0,away,2.0,201.0,-130.0,110.0,2.0,100.0,0.0,0,True,1306.8171622558862,1488.6895219291994,1374.1342068299164,1421.3724773551692,-181.8723596733132,0.3843097359981375
2009,2008-11-03,True,False,utah,lac,89,73,16,20,29,24,0,20,15,25,13,0,away,5.0,183.5,-220.0,180.0,3.0,91.0,1.0,0,False,1229.688733408027,1717.8338331305795,1217.632904435021,1729.8896621035856,-488.14509972255246,0.09670860600656137
2009,2008-11-03,True,False,cle,dal,100,81,28,23,21,28,0,16,26,24,15,0,home,4.0,194.5,155.0,-175.0,4.0,97.0,0.0,0,False,1591.8036360911349,1482.4058652526883,1500.3782008703163,1573.8313004735069,109.3977708384466,0.7694823287546529
2009,2008-11-03,True,False,det,cha,101,83,23,22,31,25,0,14,29,20,20,0,away,3.0,180.0,-160.0,140.0,1.0,91.0,1.0,1,False,1453.7845634434098,1686.9925445505946,1412.693469365159,1728.0836386288454,-233.20798110718488,0.31717026855921043
2009,2008-11-03,True,False,sac,phi,91,125,23,25,17,26,0,35,33,25,32,0,home,11.5,199.0,650.0,-900.0,0.0,97.5,1.0,1,True,1414.0958690888897,1343.840137713399,1453.9813974208105,1303.9546093814781,70.25573137549077,0.7271222589571235
2009,2008-11-03,True,False,chi,orl,93,96,21,26,21,25,0,31,19,26,20,0,home,8.0,196.0,290.0,-350.0,4.5,97.5,0.0,0,True,1562.1442172946954,1450.6440290390562,1574.6771513389701,1438.1110949947815,111.50018825563916,0.7716220545758742
2009,2008-11-04,True,False,phx,bkn,114,86,32,33,27,22,0,27,28,22,9,0,away,6.5,202.0,-270.0,230.0,0.5,102.0,1.0,0,False,1429.2672648662779,1682.6714467012666,1385.9238048858222,1726.0149066817223,-253.40418183498878,0.29254294414738324
2009,2008-11-04,True,False,bos,hou,103,99,28,30,23,22,0,22,31,25,21,0,home,3.5,177.5,135.0,-155.0,3.0,90.5,0.0,1,False,1715.5984780218303,1696.1829813136128,1669.3760870373242,1742.405372298119,19.41549670821746,0.6653907115995454
2009,2008-11-04,True,False,dal,sa,98,81,23,31,22,22,0,16,20,22,23,0,home,4.5,188.0,165.0,-190.0,7.0,93.5,0.0,0,False,1624.93579879428,1500.3782008703163,1536.2056670091397,1589.1083326554565,124.55759792396361,0.7845966494478256
2009,2008-11-05,True,False,wsh,mil,104,112,17,28,33,20,6,30,9,27,32,14,away,1.5,188.0,-115.0,105.0,1.5,96.0,0.0,1,True,1283.312847281254,1491.2578526745604,1346.2049667653473,1428.3657331904672,-207.94500539330625,0.34946733863495943
2009,2008-11-05,True,False,lac,lal,88,106,29,22,17,20,0,27,20,25,34,0,home,13.5,191.5,1000.0,-1500.0,10.0,96.5,1.0,1,True,1786.9519935001342,1217.632904435021,1788.6672451220925,1215.9176528130627,569.3190890651133,0.9792229511297322
2009,2008-11-05,True,False,phx,ind,113,103,27,32,31,23,0,38,28,18,19,0,away,3.0,208.0,-150.0,130.0,3.0,103.0,1.0,1,False,1616.9816762734717,1726.0149066817223,1565.5992529983953,1777.3973299567988,-109.03323040825057,0.487003064899499
2009,2008-11-05,True,False,mem,sac,95,100,17,24,27,27,0,24,24,33,19,0,home,2.0,192.0,110.0,-130.0,1.0,96.0,1.0,1,True,1303.9546093814781,1374.1342068299164,1339.9982928949742,1338.0905233164203,-70.17959744843824,0.5428099366151786
2009,2008-11-05,True,False,por,utah,96,103,23,29,26,18,0,23,22,29,29,0,home,6.5,185.0,240.0,-280.0,6.0,91.5,1.0,1,True,1729.8896621035856,1441.762850413004,1736.7595111444705,1434.893001372119,288.1268116905817,0.9032821972493051
2009,2008-11-05,True,False,sa,min,129,125,18,27,29,32,23,18,31,22,35,19,away,5.0,181.0,-190.0,165.0,5.0,95.0,0.0,1,False,1331.673178318369,1536.2056670091397,1306.608375444388,1561.2704698831208,-204.5324886907706,0.3539463103057858
2009,2008-11-05,True,False,det,tor,100,93,20,34,22,24,0,23,23,25,22,0,home,3.5,181.0,145.0,-165.0,4.5,91.0,0.0,1,False,1518.9547692071212,1728.0836386288454,1487.121712842998,1759.9166949929686,-209.12886942172418,0.3479196405519643
2009,2008-11-05,True,False,atl,no,87,79,24,22,12,29,0,16,24,22,17,0,home,8.5,192.5,335.0,-430.0,8.5,96.0,0.0,0,False,1740.675338013529,1512.3358351113982,1672.2982640211826,1580.7129091037446,228.3395029021308,0.8687639805399566
2009,2008-11-05,True,False,cha,ny,98,101,20,31,25,22,0,19,32,30,20,0,home,4.0,204.0,145.0,-165.0,2.5,100.0,0.0,0,True,1210.8448750235216,1412.693469365159,1250.0362037653415,1373.502140623339,-201.8485943416374,0.35748709520826577
2009,2008-11-05,True,False,phi,mia,83,106,17,21,25,20,0,24,35,16,31,0,away,3.5,190.5,-160.0,140.0,5.5,95.0,0.0,0,True,1309.4964252237419,1453.9813974208105,1388.3170683160738,1375.1607543284786,-144.4849721970686,0.43632853698317403
2009,2008-11-05,True,False,chi,cle,93,107,24,21,26,22,0,30,27,26,24,0,home,9.0,186.5,335.0,-430.0,1.5,94.0,1.0,1,True,1573.8313004735069,1438.1110949947815,1595.3118529364501,1416.6305425318383,135.72020547872535,0.7952577781954007
2009,2008-11-05,True,False,bos,okc,96,83,21,30,19,26,0,29,15,11,28,0,away,10.0,182.0,-550.0,425.0,3.5,90.0,1.0,0,False,1257.1862255288684,1742.405372298119,1245.7845497017524,1753.8070481252348,-485.21914676925053,0.09818998365927671
2009,2008-11-05,True,False,den,gs,101,111,35,24,21,21,0,28,30,26,27,0,home,3.5,210.5,130.0,-150.0,3.0,105.0,1.0,1,True,1421.3724773551692,1621.1700505361985,1488.8757375628156,1553.666790328552,-199.7975731810293,0.3602034992425458
2009,2008-11-06,True,False,phi,orl,88,98,16,27,23,22,0,30,24,21,23,0,home,5.0,194.0,175.0,-210.0,0.5,97.0,1.0,0,True,1574.6771513389701,1375.1607543284786,1587.988470685735,1361.8494349817138,199.51639701049157,0.8486632498525423
2009,2008-11-06,True,False,hou,por,99,101,18,33,20,19,9,21,31,22,16,11,away,5.5,184.0,-220.0,180.0,2.5,92.5,0.0,1,True,1434.893001372119,1669.3760870373242,1467.9770068008272,1636.292081608616,-234.48308566520518,0.31558273829214756
2009,2008-11-07,True,False,okc,utah,97,104,15,14,34,34,0,29,29,20,26,0,home,12.5,186.5,650.0,-900.0,0.0,94.0,0.0,1,True,1736.7595111444705,1245.7845497017524,1738.7376710453225,1243.8063898009004,490.97496144271804,0.9677646528168142
2009,2008-11-07,True,False,phx,chi,83,100,17,17,25,24,0,20,28,31,21,0,away,4.0,204.5,-175.0,155.0,5.0,101.0,0.0,0,True,1416.6305425318383,1777.3973299567988,1520.627435517382,1673.400436971255,-360.7667874249605,0.18226237050149036
2009,2008-11-07,True,False,mem,gs,109,104,28,20,33,28,0,30,20,24,30,0,home,7.5,192.5,260.0,-320.0,4.5,97.0,0.0,1,False,1488.8757375628156,1338.0905233164203,1433.4520040186028,1393.5142568606332,150.7852142463953,0.8090170352407203
2009,2008-11-07,True,False,dal,den,105,108,25,24,23,33,0,26,22,31,29,0,home,1.0,206.5,-101.0,-109.0,0.0,103.0,1.0,1,True,1553.666790328552,1589.1083326554565,1578.5625505880087,1564.2125723959998,-35.44154232690448,0.5918523878922897
2009,2008-11-07,True,False,hou,lac,92,83,25,24,22,21,0,18,23,25,17,0,away,6.0,181.5,-240.0,200.0,1.0,90.0,1.0,0,False,1215.9176528130627,1636.292081608616,1202.0830020296075,1650.126732392071,-420.3744287955533,0.1365525566889327
2009,2008-11-07,True,False,mia,sa,99,83,26,24,25,24,0,12,20,24,27,0,home,7.0,192.0,240.0,-280.0,5.0,93.0,0.0,0,False,1561.2704698831208,1388.3170683160738,1473.2748270794868,1476.3127111197077,172.95340156704697,0.8279611748179133
2009,2008-11-07,True,False,min,sac,109,121,27,28,24,30,0,36,26,30,29,0,home,2.5,197.0,120.0,-140.0,1.0,99.5,1.0,1,True,1339.9982928949742,1306.608375444388,1374.6120778211496,1271.9945905182126,33.389917450586154,0.683056507321234
2009,2008-11-07,True,False,tor,atl,92,110,26,24,19,23,0,31,31,21,27,0,home,2.0,184.0,110.0,-130.0,2.5,92.5,1.0,1,True,1580.7129091037446,1487.121712842998,1609.9805396378383,1457.8540823089043,93.59119626074653,0.752948591364917
2009,2008-11-07,True,False,ny,wsh,114,108,29,35,25,25,0,28,30,30,20,0,home,6.0,211.5,210.0,-250.0,5.0,107.0,0.0,1,False,1428.3657331904672,1250.0362037653415,1367.8871646431921,1310.5147723126165,178.32952942512566,0.8323247426404956
2009,2008-11-07,True,False,mil,bos,89,101,30,17,23,19,0,23,32,20,26,0,home,14.5,183.5,1750.0,-2350.0,7.0,91.5,0.0,1,True,1753.8070481252348,1346.2049667653473,1757.9022689112378,1342.1097459793443,407.6020813598875,0.9489229566229316
2009,2008-11-07,True,False,ind,cle,107,111,29,19,26,33,0,20,23,28,40,0,home,8.5,193.5,340.0,-440.0,7.5,96.0,0.0,1,True,1595.3118529364501,1565.5992529983953,1617.4250296348632,1543.4860762999822,29.712599938054836,0.6784561117001855
2009,2008-11-07,True,False,det,bkn,96,103,27,17,26,26,0,14,25,33,31,0,away,7.5,191.0,-340.0,280.0,3.0,96.5,0.0,1,True,1385.9238048858222,1759.9166949929686,1461.756298860762,1684.0842010180288,-373.9928901071464,0.17118815912206278
2009,2008-11-07,True,False,no,cha,89,92,28,7,26,28,0,26,21,19,26,0,away,7.5,185.5,-330.0,270.0,7.0,92.5,0.0,0,True,1373.502140623339,1672.2982640211826,1419.7670900373575,1626.0333146071641,-298.79612339784353,0.24152030583428197
2009,2008-11-08,True,False,min,por,93,97,24,25,21,23,0,18,25,26,28,0,home,8.0,192.0,310.0,-380.0,8.0,95.5,0.0,0,True,1467.9770068008272,1271.9945905182126,1477.0936050230123,1262.8779922960275,195.98241628261462,0.8460319157812417
2009,2008-11-08,True,False,cle,chi,106,97,32,22,20,32,0,27,30,20,20,0,away,2.0,189.0,-130.0,110.0,1.5,94.0,1.0,1,False,1520.627435517382,1617.4250296348632,1469.5036588771795,1668.5488062750658,-96.79759411748114,0.5046085020203253
2009,2008-11-08,True,False,phx,mil,104,96,29,23,24,28,0,19,23,25,29,0,away,6.0,196.5,-240.0,200.0,0.0,97.5,1.0,1,False,1342.1097459793443,1673.400436971255,1321.9113004169978,1693.5988825336015,-331.29069099191065,0.2089251984969825
2009,2008-11-08,True,False,bkn,ind,80,98,27,24,15,14,0,32,17,25,24,0,home,9.0,201.0,360.0,-460.0,7.0,101.0,1.0,0,True,1543.4860762999822,1461.756298860762,1574.6219390196575,1430.6204361410867,81.72977743922024,0.7400292699032011
2009,2008-11-08,True,False,wsh,orl,81,106,21,18,19,23,0,27,31,26,22,0,home,10.0,199.0,425.0,-550.0,0.0,102.0,1.0,0,True,1587.988470685735,1367.8871646431921,1604.0545561658062,1351.8210791631209,220.10130604254277,0.8632619631482892
2009,2008-11-08,True,False,mia,no,89,100,23,13,30,23,0,24,23,27,26,0,home,10.5,193.0,480.0,-660.0,3.0,97.5,1.0,0,True,1626.0333146071641,1476.3127111197077,1644.2855907389103,1458.0604349879616,149.7206034874564,0.8080683531091303
2009,2008-11-09,True,False,atl,okc,89,85,22,16,20,31,0,14,27,21,23,0,away,4.0,186.0,-180.0,158.0,2.0,93.0,2.0,0,False,1243.8063898009004,1609.9805396378383,1231.2247207405994,1622.5622086981393,-366.1741498369379,0.17766887550529198
2009,2008-11-09,True,False,dal,lac,92,103,24,21,24,23,0,25,22,26,30,0,away,4.5,183.5,-190.0,165.0,4.5,92.5,0.0,1,True,1202.0830020296075,1564.2125723959998,1291.6185940234861,1474.6769804021212,-362.1295703663923,0.18109607126839142
2009,2008-11-09,True,False,bos,det,88,76,17,30,22,19,0,19,10,20,27,0,home,0.0,185.0,-102.0,-118.0,4.5,92.0,0.0,0,False,1684.0842010180288,1757.9022689112378,1623.4109975964418,1818.5754723328248,-73.81806789320899,0.5376076675308709
2009,2008-11-09,True,False,utah,ny,99,107,29,25,15,30,0,26,23,27,31,0,away,4.0,207.5,-175.0,155.0,1.0,107.0,0.0,0,True,1310.5147723126165,1738.7376710453225,1394.497632921116,1654.754810436823,-428.22289873270597,0.13131256715693168
2009,2008-11-09,True,False,mem,den,80,92,34,20,15,11,0,28,25,20,19,0,home,8.5,198.0,350.0,-440.0,6.5,101.0,1.0,0,True,1578.5625505880087,1393.5142568606332,1594.0236002265885,1378.0532072220533,185.0482937273755,0.8376532673572376
2009,2008-11-09,True,False,gs,sac,98,115,33,24,17,24,0,36,27,27,25,0,home,3.0,214.0,135.0,-155.0,0.5,107.0,1.0,0,True,1374.6120778211496,1433.4520040186028,1430.7021237262577,1377.3619581134947,-58.839926197453224,0.5589585432780041
2009,2008-11-09,True,False,tor,cha,89,79,20,20,23,26,0,19,26,22,12,0,away,4.0,183.0,-190.0,165.0,4.0,92.0,1.0,0,False,1419.7670900373575,1457.8540823089043,1357.7109467525622,1519.9102255936996,-38.086992271546706,0.588168678105089
2009,2008-11-09,True,False,hou,lal,82,111,28,20,17,17,0,16,34,22,39,0,home,7.0,193.0,243.0,-285.0,4.5,96.0,1.0,2,True,1788.6672451220925,1650.126732392071,1815.2332940465562,1623.5606834676073,138.54051273002142,0.7978885376798973
2009,2008-11-10,True,False,bkn,mia,94,99,20,20,28,26,0,18,22,21,38,0,home,8.0,187.0,320.0,-400.0,5.5,93.5,0.0,1,True,1458.0604349879616,1430.6204361410867,1482.9526019537798,1405.7282691752685,27.439998846874914,0.6755955599929855
2009,2008-11-10,True,False,mem,phx,102,107,19,25,26,32,0,19,25,38,25,0,home,11.5,197.5,600.0,-800.0,7.5,100.0,0.0,1,True,1693.5988825336015,1378.0532072220533,1698.6195612766267,1373.032528479028,315.54567531154817,0.9162208442576132
2009,2008-11-10,True,False,tor,bos,87,94,23,25,17,22,0,18,18,23,35,0,home,8.5,182.0,350.0,-400.0,8.0,89.0,0.0,0,True,1818.5754723328248,1519.9102255936996,1825.0252086063208,1513.4604893202036,298.6652467391252,0.9084539135198471
2009,2008-11-10,True,False,por,orl,106,99,36,19,17,34,0,28,26,19,26,0,home,6.5,191.0,230.0,-270.0,5.0,95.0,0.0,1,False,1604.0545561658062,1477.0936050230123,1540.1658352643196,1540.9823259244988,126.96095114279387,0.7869255915731
2009,2008-11-10,True,False,okc,ind,99,107,34,17,27,21,0,24,24,30,29,0,home,11.5,197.5,700.0,-900.0,9.0,97.5,0.0,1,True,1574.6219390196575,1231.2247207405994,1579.8225380039064,1226.0241217563505,343.39721827905805,0.9277345540939521
2009,2008-11-11,True,False,atl,chi,113,108,26,29,29,29,0,22,30,22,34,0,home,4.0,187.0,155.0,-175.0,4.5,94.0,0.0,1,False,1469.5036588771795,1622.5622086981393,1436.0584048113326,1656.0074627639863,-153.0585498209598,0.42423072049671423
2009,2008-11-11,True,False,utah,phi,93,80,26,23,14,30,0,20,17,30,13,0,home,4.0,190.0,155.0,-175.0,5.0,97.0,0.0,0,False,1361.8494349817138,1654.754810436823,1333.0768305361253,1683.5274148824114,-292.90537545510915,0.2477865186824743
2009,2008-11-11,True,False,mil,cle,93,99,18,24,29,22,0,23,25,26,25,0,home,12.0,189.5,700.0,-1000.0,6.0,95.0,0.0,1,True,1668.5488062750658,1321.9113004169978,1673.0646102891783,1317.3954964028853,346.6375058580679,0.9289751489406385
2009,2008-11-11,True,False,den,cha,88,80,18,24,29,17,0,24,22,16,18,0,away,2.5,199.0,-135.0,115.0,2.0,98.5,1.0,0,False,1357.7109467525622,1594.0236002265885,1327.4205682744057,1624.313978704745,-236.31265347402632,0.3133123940930833
2009,2008-11-11,True,False,det,sac,100,92,18,32,25,25,0,31,19,27,15,0,away,7.5,198.0,-350.0,290.0,5.5,100.5,1.0,0,False,1430.7021237262577,1623.4109975964418,1394.964166492447,1659.1489548302525,-192.7088738701841,0.36966011992871256
2009,2008-11-11,True,False,ny,sa,80,92,20,21,23,16,0,20,18,29,25,0,home,4.0,198.0,155.0,-175.0,4.0,97.0,1.0,0,True,1473.2748270794868,1394.497632921116,1500.8155009562197,1366.9569590443832,78.77719415837078,0.736746079290874
2009,2008-11-11,True,False,min,gs,110,113,27,23,37,19,4,27,31,25,23,7,home,5.0,203.5,175.0,-210.0,1.0,102.0,0.0,1,True,1377.3619581134947,1262.8779922960275,1389.6964523041968,1250.5434981053254,114.48396581746715,0.7746347058954736
2009,2008-11-11,True,False,lal,dal,106,99,26,28,22,30,0,35,25,19,20,0,away,6.0,198.5,-240.0,200.0,6.5,99.0,1.0,1,False,1474.6769804021212,1815.2332940465562,1456.3553266623521,1833.5549477863256,-340.556313644435,0.2002466590246194
2009,2008-11-12,True,False,lal,no,93,86,28,23,20,22,0,17,13,22,34,0,home,1.5,195.5,105.0,-125.0,5.0,98.0,0.0,0,False,1644.2855907389103,1833.5549477863256,1610.0401874711463,1867.8003510540896,-189.26935704741527,0.37428540505792374
2009,2008-11-12,True,False,phi,tor,106,96,26,25,27,28,0,13,32,26,25,0,home,5.5,186.0,185.0,-225.0,4.5,93.0,0.0,1,False,1513.4604893202036,1333.0768305361253,1438.917063966502,1407.620255889827,180.3836587840783,0.8339684972470118
2009,2008-11-12,True,False,hou,phx,94,82,23,21,30,20,0,22,15,18,27,0,home,3.0,199.0,140.0,-160.0,4.0,99.0,0.0,0,False,1698.6195612766267,1623.5606834676073,1621.715275884948,1700.464968859286,75.05887780901935,0.7325736941795852
2009,2008-11-12,True,False,orl,okc,109,92,39,32,16,22,0,19,23,29,21,0,away,8.0,187.5,-345.0,285.0,3.0,92.0,1.0,1,False,1226.0241217563505,1540.1658352643196,1197.319219536332,1568.8707374843382,-314.14171350796914,0.22570942287331078
2009,2008-11-12,True,False,sa,mil,78,82,18,25,16,19,0,15,16,22,29,0,home,2.5,181.0,125.0,-145.0,4.5,92.0,1.0,0,True,1317.3954964028853,1500.8155009562197,1361.1448914708208,1457.0661058882843,-183.42000455333437,0.3822039199645839
2009,2008-11-12,True,False,utah,wsh,87,95,26,15,25,21,0,23,23,19,30,0,away,4.5,197.0,-195.0,165.0,6.0,101.5,0.0,0,True,1351.8210791631209,1683.5274148824114,1428.3387191860784,1607.009774859454,-331.70633571929056,0.20853002866127815
2009,2008-11-12,True,False,por,mia,104,96,27,23,23,31,0,19,28,28,21,0,home,0.0,189.0,-110.0,-110.0,0.5,95.0,0.0,1,False,1482.9526019537798,1540.9823259244988,1428.802548352913,1595.1323795253656,-58.02972397071903,0.5601079876301689
2009,2008-11-12,True,False,ind,bkn,98,87,28,22,19,29,0,24,19,16,28,0,away,1.5,198.5,-120.0,100.0,2.0,101.0,1.0,0,False,1405.7282691752685,1579.8225380039064,1362.5452477279482,1623.0055594512266,-174.09426882863795,0.39495741447858707
2009,2008-11-12,True,False,sac,lac,103,98,27,23,31,22,0,20,25,24,29,0,home,7.5,195.0,265.0,-325.0,6.0,97.0,0.0,1,False,1291.6185940234861,1394.964166492447,1252.5794497833747,1434.0033107325585,-103.34557246896088,0.49518548299711523
2009,2008-11-12,True,False,atl,bos,102,103,31,20,26,25,0,24,27,25,27,0,home,11.0,185.5,550.0,-750.0,7.0,93.5,0.0,1,True,1825.0252086063208,1656.0074627639863,1829.5983430860692,1651.4343282842378,169.01774584233453,0.8247100815577164
2009,2008-11-12,True,False,ny,mem,132,103,23,37,35,37,0,24,25,28,26,0,home,4.5,204.5,160.0,-190.0,5.5,100.5,0.0,1,False,1373.032528479028,1366.9569590443832,1276.630976562795,1463.3585109606163,6.075569434644876,0.6480822336904501
2009,2008-11-13,True,False,det,gs,107,102,21,25,34,27,0,23,30,20,29,0,away,4.5,199.0,-185.0,160.0,4.0,101.0,1.0,1,False,1389.6964523041968,1659.1489548302525,1368.1110728212245,1680.7343343132247,-269.4525025260557,0.273796128808821
2009,2008-11-13,True,False,dal,chi,91,98,32,18,20,21,0,22,29,27,20,0,away,2.0,200.0,-135.0,115.0,2.0,99.0,0.0,0,True,1436.0584048113326,1456.3553266623521,1471.4917188455697,1420.922012628115,-20.296921851019533,0.6127313148526108
2009,2008-11-13,True,False,den,cle,99,110,36,25,20,18,0,33,25,30,22,0,home,7.0,198.5,250.0,-300.0,6.5,100.0,1.0,1,True,1673.0646102891783,1624.313978704745,1704.1444124765076,1593.2341765174158,48.75063158443322,0.7018823242655662
2009,2008-11-14,True,False,phx,sac,97,95,27,26,17,16,11,23,19,19,25,9,away,3.0,202.5,-150.0,130.0,2.0,101.0,0.0,0,False,1434.0033107325585,1621.715275884948,1415.809145342463,1639.9094412750435,-187.71196515238944,0.3763873416773021
2009,2008-11-14,True,False,det,lal,106,95,23,30,24,29,0,16,28,18,33,0,home,9.5,195.0,400.0,-500.0,9.5,98.5,0.0,1,False,1867.8003510540896,1680.7343343132247,1790.5025529431,1758.0321324242143,187.06601674086482,0.8392265991733472
2009,2008-11-14,True,False,orl,dal,102,100,17,29,26,30,0,21,35,24,20,0,home,1.5,198.0,102.0,-112.0,2.0,96.5,0.0,1,False,1420.922012628115,1568.8707374843382,1400.067094631447,1589.7256554810062,-147.94872485622318,0.4314310097421201
2009,2008-11-14,True,False,hou,sa,75,77,23,20,19,13,0,21,19,15,22,0,away,6.0,173.5,-260.0,220.0,2.5,86.5,0.0,0,True,1457.0661058882843,1700.464968859286,1490.6808253654156,1666.8502493821547,-243.3988629710018,0.30460372136040864
2009,2008-11-14,True,False,por,no,82,87,19,25,18,20,0,21,20,23,23,0,home,7.0,191.0,250.0,-300.0,6.0,95.0,0.0,0,True,1610.0401874711463,1595.1323795253656,1636.483117377013,1568.6894496194989,14.907807945780633,0.6595888453965822
2009,2008-11-14,True,False,den,bos,94,85,23,25,16,30,0,29,13,23,20,0,home,10.0,196.0,475.0,-650.0,8.5,96.0,0.0,0,False,1829.5983430860692,1593.2341765174158,1757.9832860289096,1664.8492335745755,236.36416656865345,0.8739415478720056
2009,2008-11-14,True,False,wsh,mia,77,97,20,16,17,24,0,27,22,27,21,0,home,6.5,196.5,230.0,-270.0,0.0,100.5,1.0,0,True,1428.802548352913,1428.3387191860784,1476.9143903927663,1380.226877146225,0.4638291668345573,0.6406798924054321
2009,2008-11-14,True,False,atl,bkn,108,115,22,28,26,32,0,27,22,24,42,0,away,4.0,191.0,-170.0,150.0,2.5,97.0,0.0,1,True,1362.5452477279482,1651.4343282842378,1430.9727720450744,1583.0068039671116,-288.8890805562896,0.2521208333891909
2009,2008-11-14,True,False,utah,cha,96,104,25,18,25,28,0,18,26,27,33,0,away,4.0,179.0,-170.0,150.0,2.5,90.0,0.0,1,True,1327.4205682744057,1607.009774859454,1398.735168533998,1535.6951745998617,-279.58920658504826,0.2623483342330319
2009,2008-11-14,True,False,phi,ind,94,92,13,36,22,23,0,38,19,21,14,0,home,1.0,197.5,-102.0,-108.0,2.5,97.5,0.0,0,False,1623.0055594512266,1407.620255889827,1588.8001655031394,1441.8256498379142,215.38530356139972,0.8600257370934066
2009,2008-11-14,True,False,mil,mem,101,96,21,16,27,23,14,25,24,15,23,9,home,5.0,187.5,170.0,-200.0,1.0,93.0,0.0,1,False,1276.630976562795,1361.1448914708208,1235.4564390708458,1402.31942896277,-84.51391490802575,0.5222715208543094
2009,2008-11-14,True,False,okc,ny,106,116,20,24,33,29,0,37,31,25,23,0,home,8.0,208.5,330.0,-420.0,2.0,103.0,1.0,1,True,1463.3585109606163,1197.319219536332,1472.392986004263,1188.2847444926851,266.03929142428433,0.891590530620737
2009,2008-11-15,True,False,no,hou,82,91,21,15,17,29,0,26,22,22,21,0,home,2.0,181.0,110.0,-130.0,2.0,90.5,1.0,0,True,1666.8502493821547,1636.483117377013,1698.3861891496729,1604.947177609495,30.367132005141684,0.67927751456977
2009,2008-11-15,True,False,bos,mil,102,97,21,29,21,22,9,20,18,21,34,4,away,9.0,182.5,-480.0,380.0,2.0,91.5,0.0,1,False,1402.31942896277,1757.9832860289096,1387.601949304511,1772.7007656871685,-355.6638570661396,0.1866814043937767
2009,2008-11-15,True,False,ind,chi,91,104,19,28,26,18,0,27,28,26,23,0,home,5.5,202.5,190.0,-230.0,0.5,102.0,1.0,0,True,1471.4917188455697,1588.8001655031394,1532.4409693725063,1527.8509149762028,-117.30844665756968,0.47511172883443836
2009,2008-11-15,True,False,por,min,88,83,27,14,24,23,0,25,26,20,12,0,away,1.5,192.5,-110.0,100.0,2.5,94.5,1.0,0,False,1250.5434981053254,1568.6894496194989,1233.0647273013678,1586.1682204234564,-318.1459515141735,0.2217065391986913
2009,2008-11-15,True,False,okc,phi,85,110,22,20,18,25,0,24,22,33,31,0,home,10.5,189.0,475.0,-650.0,5.5,93.5,1.0,1,True,1441.8256498379142,1188.2847444926851,1455.0414430809853,1175.068951249614,253.54090534522902,0.8844379809342541
2009,2008-11-15,True,False,bkn,atl,119,107,29,26,30,34,0,28,22,23,34,0,home,9.5,196.5,380.0,-480.0,8.0,99.5,0.0,1,False,1583.0068039671116,1430.9727720450744,1503.6437530032663,1510.3358230089198,152.03403192203723,0.8101252947614265
2009,2008-11-15,True,False,gs,lac,121,103,36,22,32,31,0,31,19,33,20,0,home,2.5,202.0,115.0,-135.0,3.5,100.0,0.0,1,False,1252.5794497833747,1368.1110728212245,1190.695659574576,1429.9948630300232,-115.53162303784984,0.4776630751814248
2009,2008-11-15,True,False,utah,cle,93,105,21,32,23,17,0,25,21,34,25,0,home,10.5,191.0,500.0,-700.0,9.5,98.5,1.0,1,True,1704.1444124765076,1535.6951745998617,1721.1209985523135,1518.7185885240558,168.44923787664584,0.8242364813849385
2009,2008-11-16,True,False,min,den,84,90,17,23,27,17,0,27,17,21,25,0,home,9.5,203.0,400.0,-600.0,5.0,101.0,0.0,0,True,1664.8492335745755,1233.0647273013678,1667.524454934029,1230.3895059419142,431.7845062732076,0.9552635084039238
2009,2008-11-16,True,False,sa,sac,90,88,15,28,25,22,0,23,19,30,16,0,home,2.0,181.5,110.0,-130.0,2.0,90.0,0.0,0,False,1415.809145342463,1490.6808253654156,1389.8946568033948,1516.5953139044836,-74.87168002295266,0.5360996365052599
2009,2008-11-16,True,False,det,phx,86,104,42,4,21,19,0,55,6,20,23,0,home,2.0,197.0,110.0,-130.0,3.5,99.0,1.0,0,True,1639.9094412750435,1758.0321324242143,1708.0629244276386,1689.8786492716192,-118.1226911491708,0.47394297865153484
2009,2008-11-16,True,False,orl,cha,90,85,19,19,27,25,0,21,22,18,24,0,away,6.5,188.0,-270.0,230.0,6.5,93.0,0.0,0,False,1398.735168533998,1589.7256554810062,1369.4101733630814,1619.0506506519228,-190.99048694700832,0.37196798701028316
2009,2008-11-16,True,False,mia,tor,96,107,27,27,24,18,0,29,21,30,27,0,home,3.0,186.0,135.0,-155.0,2.5,94.5,1.0,1,True,1438.917063966502,1476.9143903927663,1483.9313398200925,1431.9001145391758,-37.99732642626441,0.5882936994705537
2009,2008-11-16,True,False,dal,ny,124,114,26,31,32,23,12,35,29,27,21,2,away,2.0,215.0,-125.0,105.0,3.0,107.0,1.0,1,False,1472.392986004263,1400.067094631447,1400.6185680332085,1471.8415126025016,72.32589137281616,0.7294803261395576
2009,2008-11-17,True,False,hou,okc,100,89,32,24,25,19,0,30,20,19,20,0,away,9.0,183.5,-500.0,350.0,3.0,92.0,1.0,1,False,1175.068951249614,1698.3861891496729,1166.277418121341,1707.1777222779458,-523.3172379000589,0.08040848178910803
2009,2008-11-17,True,False,phx,utah,97,109,32,22,23,20,0,23,34,26,26,0,home,2.0,194.0,110.0,-130.0,0.0,97.0,1.0,1,True,1518.7185885240558,1708.0629244276386,1589.3467507135556,1637.4347622381388,-189.34433590358276,0.3741843285765997
2009,2008-11-17,True,False,sa,lac,86,83,21,22,25,18,0,23,15,26,19,0,home,2.5,176.0,125.0,-145.0,2.5,89.0,0.0,0,False,1190.695659574576,1516.5953139044836,1177.6361770654787,1529.654796413581,-325.89965432990766,0.2141005755960318
2009,2008-11-18,True,False,cle,bkn,106,82,26,23,28,29,0,28,24,13,17,0,away,5.5,193.5,-240.0,200.0,5.0,97.0,1.0,0,False,1510.3358230089198,1721.1209985523135,1461.3656926872711,1770.0911288739621,-210.78517554339373,0.3457596899861042
2009,2008-11-18,True,False,dal,cha,100,83,28,27,19,26,0,10,25,23,25,0,away,5.5,187.0,-240.0,200.0,2.0,94.5,1.0,0,False,1369.4101733630814,1471.8415126025016,1306.266974756844,1534.9847112087389,-102.43133923942014,0.49650107868506793
2009,2008-11-18,True,False,atl,ind,96,113,25,23,25,23,0,32,29,27,25,0,home,3.5,209.0,130.0,-150.0,2.5,105.5,1.0,2,True,1527.8509149762028,1503.6437530032663,1568.6404796840834,1462.854188295386,24.207161972936547,0.671503688429762
2009,2008-11-18,True,False,tor,orl,90,103,26,19,22,23,0,21,24,28,30,0,home,6.0,192.0,210.0,-250.0,3.5,96.0,1.0,1,True,1619.0506506519228,1483.9313398200925,1640.0526984737128,1462.9292919983025,135.11931083183026,0.7946939942428498
2009,2008-11-18,True,False,mia,wsh,94,87,23,20,30,21,0,17,24,26,20,0,home,2.0,192.5,110.0,-130.0,1.0,98.0,0.0,0,False,1380.226877146225,1431.9001145391758,1328.1565804086026,1483.9704112767981,-51.673237392950796,0.5691027187953382
2009,2008-11-18,True,False,ny,bos,101,110,28,19,30,24,0,26,30,33,21,0,home,8.0,204.0,315.0,-380.0,1.0,101.0,1.0,1,True,1772.7007656871685,1400.6185680332085,1777.2749116488494,1396.0444220715276,372.08219765396007,0.9380527854363948
2009,2008-11-18,True,False,sac,mem,94,109,25,22,24,23,0,32,32,26,19,0,home,5.5,196.5,190.0,-230.0,2.0,97.5,1.0,1,True,1235.4564390708458,1389.8946568033948,1305.93329438889,1319.4178014853505,-154.438217732549,0.42229199054095756
2009,2008-11-18,True,False,mil,den,105,114,28,22,23,32,0,34,30,27,23,0,home,9.5,195.5,390.0,-490.0,1.0,96.5,0.0,1,True,1667.524454934029,1387.601949304511,1675.5131393589297,1379.6132648796104,279.9225056295181,0.8990769013872012
2009,2008-11-18,True,False,chi,lal,109,116,29,27,18,35,0,30,31,29,26,0,home,12.5,202.0,850.0,-1300.0,6.5,102.5,0.0,1,True,1790.5025529431,1532.4409693725063,1798.7155569316965,1524.2279653839098,258.0615835705937,0.8870712444503642
2009,2008-11-18,True,False,por,gs,106,111,27,22,24,33,0,24,27,31,29,0,away,1.0,206.0,-115.0,-105.0,1.0,103.0,0.0,1,True,1429.9948630300232,1586.1682204234564,1475.7318267335756,1540.431256719904,-156.1733573934332,0.41985714842860783
2009,2008-11-19,True,False,sac,no,105,96,23,28,26,28,0,29,25,22,20,0,home,14.0,197.5,1100.0,-1800.0,8.0,98.5,0.0,1,False,1604.947177609495,1319.4178014853505,1533.8622530606167,1390.5027260342288,285.5293761241444,0.9019680352984134
2009,2008-11-19,True,False,dal,hou,96,86,31,22,19,24,0,25,21,15,25,0,home,3.5,189.0,145.0,-165.0,4.0,94.0,0.0,0,False,1707.1777222779458,1534.9847112087389,1632.7103382850742,1609.4520952016105,172.19301106920693,0.8273367904541017
2009,2008-11-19,True,False,chi,por,74,116,13,24,20,17,0,34,28,26,28,0,home,6.0,196.0,230.0,-270.0,4.0,97.0,1.0,0,True,1540.431256719904,1524.2279653839098,1595.5962255849072,1469.0629965189066,16.20329133599421,0.6612612681475648
2009,2008-11-19,True,False,mil,utah,94,105,16,37,23,18,0,26,25,23,31,0,home,10.5,190.0,475.0,-625.0,7.5,96.5,1.0,1,True,1589.3467507135556,1379.6132648796104,1602.355787065188,1366.604228527978,209.73348583394522,0.8560631232790288
2009,2008-11-19,True,False,den,sa,91,81,22,28,25,16,0,21,19,14,27,0,home,0.0,181.5,-110.0,-110.0,3.0,90.0,0.0,0,False,1529.654796413581,1675.5131393589297,1483.823953552172,1721.3439822203386,-145.8583429453488,0.43438513635186854
2009,2008-11-19,True,False,lac,okc,108,88,20,29,32,27,0,26,26,16,20,0,away,1.5,187.5,-125.0,105.0,1.5,92.5,1.0,1,False,1166.277418121341,1177.6361770654787,1082.570811001616,1261.3427841852038,-11.358758944137662,0.6248674227236836
2009,2008-11-19,True,False,phi,min,96,102,27,25,13,31,0,24,32,20,26,0,away,3.5,189.5,-165.0,145.0,4.0,95.5,0.0,1,True,1230.3895059419142,1455.0414430809853,1287.932017783279,1397.4989312396206,-224.65193713907115,0.32793178520297406
2009,2008-11-19,True,False,cle,det,89,96,24,25,19,21,0,16,22,28,30,0,home,2.5,190.0,120.0,-140.0,4.5,95.0,1.0,0,True,1689.8786492716192,1770.0911288739621,1733.0237042385063,1726.946073907075,-80.21247960234291,0.5284457815181081
2009,2008-11-19,True,False,tor,mia,101,95,25,22,30,24,0,23,20,24,28,0,home,2.5,188.5,120.0,-140.0,3.0,95.0,0.0,1,False,1483.9704112767981,1462.9292919983025,1427.9992132003554,1518.9004900747452,21.04111927849567,0.6674709606975815
2009,2008-11-19,True,False,wsh,atl,87,91,26,24,17,20,0,28,16,26,21,0,home,7.0,200.0,250.0,-300.0,7.0,101.0,0.0,0,True,1462.854188295386,1328.1565804086026,1475.691852795659,1315.3189159083295,134.69760788678332,0.7942976482267355
2009,2008-11-20,True,False,det,bos,80,98,21,19,17,23,0,21,28,28,21,0,home,6.0,184.0,220.0,-260.0,0.5,93.0,1.0,0,True,1777.2749116488494,1733.0237042385063,1814.9368401152703,1695.3617757720854,44.25120741034311,0.6964345750757666
2009,2008-11-20,True,False,lal,phx,105,92,26,24,30,25,0,24,20,23,25,0,away,5.0,208.0,-220.0,180.0,0.5,104.0,1.0,0,False,1637.4347622381388,1798.7155569316965,1589.5111221341142,1846.639197035721,-161.2807946935577,0.41271314059957037
2009,2008-11-21,True,False,utah,sa,94,119,24,29,18,23,0,29,32,34,24,0,home,4.5,174.0,170.0,-200.0,0.5,90.5,1.0,1,True,1483.823953552172,1602.355787065188,1559.3216883631967,1526.8580522541633,-118.53183351301595,0.47335581087985695
2009,2008-11-21,True,False,chi,gs,115,110,27,30,28,30,0,28,31,28,23,0,home,4.0,213.5,145.0,-165.0,2.0,106.5,0.0,1,False,1475.7318267335756,1469.0629965189066,1424.91620432777,1519.8786189247123,6.668830214669015,0.648860722993463
2009,2008-11-21,True,False,por,sac,117,96,28,29,37,23,0,25,26,18,27,0,away,4.5,198.0,-190.0,165.0,0.5,99.5,1.0,1,False,1390.5027260342288,1595.5962255849072,1342.464339734955,1643.634611884181,-205.09349955067842,0.353208188912285
2009,2008-11-21,True,False,no,okc,105,80,26,34,23,22,0,17,22,18,23,0,away,10.0,191.0,-650.0,475.0,1.5,95.0,1.0,0,False,1082.570811001616,1533.8622530606167,1065.8135980346524,1550.6194660275803,-451.2914420590007,0.11689210089534252
2009,2008-11-21,True,False,mem,dal,76,91,22,19,15,20,0,22,22,24,23,0,home,9.0,195.5,350.0,-450.0,5.0,97.0,1.0,0,True,1609.4520952016105,1305.93329438889,1617.8047310346185,1297.580658555882,303.51880081272043,0.9107511317579281
2009,2008-11-21,True,False,hou,wsh,103,91,17,32,21,33,0,29,21,27,14,0,away,6.5,183.0,-280.0,240.0,4.0,91.0,1.0,1,False,1315.3189159083295,1632.7103382850742,1290.2129243002391,1657.8163298931645,-317.3914223767447,0.22245691389805375
2009,2008-11-21,True,False,ny,mil,87,104,19,28,13,27,0,28,22,22,32,0,home,4.5,205.5,160.0,-180.0,2.0,103.0,1.0,0,True,1366.604228527978,1396.0444220715276,1417.453108619723,1345.1955419797825,-29.44019354354964,0.6001703370632665
2009,2008-11-21,True,False,bos,min,95,78,22,14,35,24,0,21,18,10,29,0,away,6.5,183.5,-260.0,220.0,6.0,91.5,1.0,0,False,1287.932017783279,1814.9368401152703,1277.9038088670197,1824.9650490315296,-527.0048223319914,0.07885277676937417
2009,2008-11-21,True,False,orl,ind,100,98,28,22,20,21,9,34,20,23,14,7,away,2.0,204.0,-130.0,110.0,1.5,100.5,2.0,0,False,1568.6404796840834,1640.0526984737128,1542.4867669635732,1666.206411194223,-71.41221878962938,0.5410485281849441
2009,2008-11-21,True,False,lac,phi,88,89,16,33,23,16,0,28,18,22,21,0,home,9.5,189.5,390.0,-490.0,7.0,93.0,0.0,0,True,1397.4989312396206,1261.3427841852038,1402.9839812223709,1255.8577342024535,136.1561470544168,0.7956660763601818
2009,2008-11-21,True,False,bkn,tor,129,127,22,25,29,35,18,33,28,24,26,16,home,8.5,196.0,330.0,-420.0,1.0,100.5,0.0,1,False,1518.9004900747452,1461.3656926872711,1486.3394569490065,1493.9267258130099,57.5347973874741,0.7123537477179325
2009,2008-11-21,True,False,cha,atl,83,88,24,19,20,20,0,16,31,15,26,0,home,8.0,189.0,300.0,-360.0,4.0,93.5,0.0,0,True,1475.691852795659,1306.266974756844,1487.4862950310635,1294.4725325214397,169.424878038815,0.825048628437427
2009,2008-11-21,True,False,den,lal,90,104,20,27,20,23,0,35,32,21,16,0,home,8.5,205.5,305.0,-370.0,2.0,101.5,1.0,0,True,1846.639197035721,1721.3439822203386,1869.3717326012008,1698.6114466548588,125.29521481538245,0.7853133872511341
2009,2008-11-22,True,False,lac,bkn,95,112,29,18,24,24,0,31,24,29,28,0,home,3.5,190.0,140.0,-160.0,0.5,93.5,1.0,1,True,1493.9267258130099,1255.8577342024535,1506.764993098647,1243.0194669168163,238.0689916105564,0.8750187459062605
2009,2008-11-22,True,False,por,phx,92,102,17,19,26,30,0,21,20,31,30,0,home,5.5,198.0,200.0,-240.0,1.5,99.5,1.0,0,True,1589.5111221341142,1643.634611884181,1635.3392540432471,1597.806479975048,-54.12348975006671,0.5656405580779194
2009,2008-11-22,True,False,utah,mem,103,94,28,22,27,26,0,25,18,26,25,0,home,3.5,187.5,135.0,-155.0,3.5,95.5,0.0,1,False,1297.580658555882,1526.8580522541633,1264.948447754811,1559.4902630552344,-229.27739369828123,0.3220906609820202
2009,2008-11-22,True,False,wsh,ny,117,122,29,29,31,28,0,35,25,31,31,0,home,2.5,204.0,115.0,-135.0,1.0,104.0,1.0,1,True,1345.1955419797825,1290.2129243002391,1366.916616920847,1268.4918493591747,54.98261767954341,0.7093340005923388
2009,2008-11-22,True,False,mil,cha,79,74,22,13,27,17,0,21,15,16,22,0,home,3.0,180.0,125.0,-145.0,1.5,90.0,0.0,0,False,1294.4725325214397,1417.453108619723,1257.6573165688708,1454.268324572292,-122.98057609828334,0.4669764373160851
2009,2008-11-22,True,False,ind,mia,100,109,31,29,19,21,0,20,28,31,30,0,home,5.5,197.5,190.0,-230.0,6.0,99.5,1.0,1,True,1427.9992132003554,1542.4867669635732,1480.7671790038055,1489.7188011601231,-114.48755376321787,0.47916280977959363
2009,2008-11-22,True,False,hou,orl,100,95,25,26,22,27,0,17,36,18,24,0,home,2.0,184.5,110.0,-130.0,0.0,91.0,0.0,1,False,1666.206411194223,1657.8163298931645,1615.3012929614347,1708.7214481259527,8.390081301058444,0.6511148956576497
2009,2008-11-22,True,False,atl,cle,96,110,12,20,26,38,0,28,21,30,31,0,home,12.0,197.5,650.0,-900.0,1.5,98.5,1.0,1,True,1726.946073907075,1487.4862950310635,1738.877102759163,1475.5552661789754,239.45977887601157,0.8758916657188753
2009,2008-11-22,True,False,okc,no,97,109,30,18,24,25,0,28,25,29,27,0,home,15.0,190.5,2000.0,-3000.0,8.0,95.5,0.0,1,True,1550.6194660275803,1065.8135980346524,1553.1552431900009,1063.2778208722318,484.8058679929279,0.96663821416084
2009,2008-11-23,True,False,gs,phi,81,89,17,22,23,19,0,27,30,15,17,0,home,6.5,208.5,240.0,-280.0,2.0,101.5,1.0,0,True,1402.9839812223709,1424.91620432777,1440.64047994658,1387.2597056035609,-21.93222310539909,0.6104952014068347
2009,2008-11-23,True,False,chi,den,101,114,18,36,31,16,0,27,31,25,31,0,home,8.5,208.0,360.0,-450.0,4.0,104.0,1.0,1,True,1698.6114466548588,1519.8786189247123,1715.097464016029,1503.392601563542,178.73282773014648,0.8326484918749578
2009,2008-11-23,True,False,bos,tor,118,103,32,27,36,23,0,20,29,24,30,0,away,4.0,186.0,-185.0,160.0,0.5,93.5,1.0,1,False,1486.3394569490065,1824.9650490315296,1461.6927242444035,1849.6117817361326,-338.6255920825231,0.20203249458549113
2009,2008-11-23,True,False,sac,lal,108,118,27,25,28,28,0,32,29,35,22,0,home,17.0,208.5,2200.0,-3400.0,7.5,103.5,0.0,1,True,1869.3717326012008,1342.464339734955,1871.193929280031,1340.642143056125,526.9073928662458,0.9736290933996415
2009,2008-11-23,True,False,min,det,106,80,22,22,32,30,0,19,15,18,28,0,home,9.5,188.5,450.0,-600.0,8.5,94.5,0.0,0,False,1695.3617757720854,1277.9038088670197,1598.0054079702065,1375.2601766688986,417.45796690506563,0.9516038013201309
2009,2008-11-24,True,False,sac,por,90,91,21,23,27,19,0,27,21,27,16,0,home,11.5,204.5,650.0,-1000.0,6.0,101.5,0.0,0,True,1597.806479975048,1340.642143056125,1600.5586790880277,1337.8899439431452,257.164336918923,0.8865528041722858
2009,2008-11-24,True,False,no,lac,99,87,25,24,27,23,0,24,22,19,22,0,away,6.5,186.5,-270.0,230.0,3.0,94.0,1.0,0,False,1243.0194669168163,1553.1552431900009,1217.088703976589,1579.0860061302283,-310.13577627318455,0.2297649735868684
2009,2008-11-24,True,False,chi,utah,101,100,28,25,19,29,0,26,19,30,25,0,home,6.5,202.0,240.0,-280.0,6.0,101.0,0.0,0,False,1559.4902630552344,1503.392601563542,1538.9676217601236,1523.9152428586528,56.097661491692406,0.7106556248496801
2009,2008-11-24,True,False,mil,orl,101,108,23,24,27,27,0,33,25,27,23,0,home,8.5,190.0,325.0,-450.0,1.5,94.0,0.0,1,True,1615.3012929614347,1454.268324572292,1629.6465261792764,1439.9230913544502,161.03296838914275,0.8179658907614616
2009,2008-11-24,True,False,hou,mia,107,98,30,26,24,27,0,21,27,27,23,0,away,3.0,186.0,-160.0,140.0,1.0,93.0,1.0,1,False,1480.7671790038055,1708.7214481259527,1447.966250234979,1741.5223768947792,-227.95426912214725,0.3237559628546119
2009,2008-11-24,True,False,phi,cha,84,93,25,16,23,20,0,20,21,27,25,0,away,3.0,177.0,-160.0,140.0,2.5,88.0,0.0,2,True,1257.6573165688708,1440.64047994658,1320.1883754875835,1378.1094210278673,-182.98316337770916,0.38279786736445387
2009,2008-11-24,True,False,sa,mem,94,81,22,19,31,22,0,17,19,19,26,0,away,3.0,180.5,-155.0,135.0,0.5,90.5,1.0,0,False,1264.948447754811,1559.3216883631967,1236.3583316043068,1587.9118045137009,-294.3732406083857,0.2462149494689608
2009,2008-11-25,True,False,phx,okc,99,98,26,15,29,29,0,25,29,27,17,0,away,9.5,202.5,-600.0,450.0,8.5,100.0,0.0,0,False,1063.2778208722318,1635.3392540432471,1061.3883133898614,1637.2287615256175,-572.0614331710153,0.061954160784965094
2009,2008-11-25,True,False,cle,ny,119,101,34,33,28,24,0,22,16,28,35,0,away,9.0,211.5,-430.0,345.0,2.5,104.0,1.0,1,False,1366.916616920847,1738.877102759163,1344.5223974306032,1761.271322249407,-371.9604858383161,0.17285450215485917
2009,2008-11-25,True,False,bkn,lal,93,120,28,26,22,17,0,24,32,34,30,0,home,13.5,210.0,1050.0,-1600.0,7.5,107.5,1.0,1,True,1871.193929280031,1506.764993098647,1878.1310345637146,1499.8278878149633,364.42893618138396,0.9354427707386848
2009,2008-11-25,True,False,ind,dal,106,109,26,30,27,23,0,26,23,28,32,0,home,7.0,200.0,280.0,-340.0,6.0,100.0,0.0,1,True,1617.8047310346185,1489.7188011601231,1629.2673150175017,1478.25621717724,128.08592987449538,0.7880094117724465
2009,2008-11-25,True,False,gs,wsh,100,124,26,23,23,28,0,32,31,30,31,0,away,2.0,209.5,-135.0,115.0,4.0,104.0,0.0,1,True,1268.4918493591747,1387.2597056035609,1343.128716746613,1312.6228382161225,-118.76785624438617,0.47301712370558713
2009,2008-11-26,True,False,ny,det,96,110,20,23,25,28,0,29,30,27,24,0,home,13.0,208.5,1050.0,-1500.0,3.0,104.0,1.0,0,True,1598.0054079702065,1344.5223974306032,1608.9937979692493,1333.5340074315604,253.48301053960336,0.8844039139691955
2009,2008-11-26,True,False,ind,hou,91,90,18,29,17,27,0,25,19,30,16,0,home,8.0,193.0,315.0,-380.0,6.0,95.5,0.0,0,False,1741.5223768947792,1478.25621717724,1720.0345860974126,1499.7440079746066,263.26615971753927,0.8900378828987338
2009,2008-11-26,True,False,chi,sa,88,98,24,21,26,17,0,25,20,31,22,0,home,7.0,190.0,260.0,-320.0,4.5,95.0,1.0,0,True,1587.9118045137009,1523.9152428586528,1615.6854246267242,1496.1416227456295,63.996561655048026,0.7199150150153072
2009,2008-11-26,True,False,den,lac,106,105,32,24,23,27,0,22,33,16,34,0,away,4.0,198.5,-175.0,155.0,2.5,99.0,0.0,1,False,1217.088703976589,1715.097464016029,1214.2870878253502,1717.8990801672678,-498.0087600394402,0.09186085745151445
2009,2008-11-26,True,False,mia,por,68,106,17,23,17,11,0,37,22,17,30,0,home,8.0,192.0,310.0,-370.0,1.0,97.0,1.0,0,True,1600.5586790880277,1447.966250234979,1627.0446718996357,1421.480257423371,152.59242885304866,0.8106192469736109
2009,2008-11-26,True,False,bkn,sac,116,114,29,27,26,23,11,23,22,32,28,9,home,3.5,210.0,140.0,-160.0,4.5,106.5,0.0,1,False,1337.8899439431452,1499.8278878149633,1317.98413482482,1519.7336969332885,-161.9379438718181,0.41179655221013084
2009,2008-11-26,True,False,mem,utah,100,117,19,27,25,29,0,33,26,36,22,0,home,9.5,194.0,425.0,-550.0,1.0,98.5,1.0,1,True,1538.9676217601236,1236.3583316043068,1547.7228059680542,1227.6031473963762,302.6092901558168,0.9103246505549789
2009,2008-11-26,True,False,mil,atl,96,102,24,24,19,29,0,28,20,23,31,0,home,7.5,195.0,290.0,-350.0,4.5,97.0,0.0,1,True,1475.5552661789754,1439.9230913544502,1501.5278390653157,1413.95051846811,35.63217482452524,0.6858442242762415
2009,2008-11-26,True,False,phx,min,110,102,28,31,21,30,0,23,20,29,30,0,away,3.5,196.0,-170.0,150.0,2.5,96.5,1.0,1,False,1375.2601766688986,1637.2287615256175,1347.9539995917012,1664.534938602815,-261.96858485671896,0.2824449261918597
2009,2008-11-26,True,False,okc,cle,82,117,14,18,20,30,0,33,33,26,25,0,home,15.5,199.5,1800.0,-2800.0,0.0,100.5,1.0,0,True,1761.271322249407,1061.3883133898614,1762.190313877092,1060.4693217621764,699.8830088595455,0.9900924058673819
2009,2008-11-26,True,False,gs,bos,111,119,28,39,16,28,0,35,19,32,33,0,home,12.5,205.5,850.0,-1200.0,11.0,101.0,0.0,1,True,1849.6117817361326,1312.6228382161225,1851.1793403053045,1311.0552796469506,536.98894352001,0.9750788892538983
2009,2008-11-26,True,False,orl,phi,96,94,26,29,16,25,0,19,26,27,22,0,home,5.0,190.5,170.0,-200.0,5.5,93.0,0.0,0,False,1378.1094210278673,1629.6465261792764,1363.8604419346566,1643.895505272487,-251.53710515140915,0.29477226613695756
2009,2008-11-26,True,False,cha,tor,86,93,25,21,22,18,0,24,27,24,18,0,home,8.5,187.0,335.0,-420.0,4.0,93.5,0.0,0,True,1461.6927242444035,1320.1883754875835,1477.6732322354621,1304.2078674965248,141.50434875682004,0.8006258913806055
2009,2008-11-27,True,False,orl,wsh,105,90,38,17,31,19,0,25,19,21,25,0,away,3.0,197.5,-155.0,135.0,2.5,99.0,1.0,0,False,1343.128716746613,1643.895505272487,1313.9174832599704,1673.1067387591297,-300.76678852587406,0.23944830505357406
2009,2008-11-27,True,False,no,den,105,101,32,20,24,29,0,22,24,23,32,0,home,1.0,197.0,-101.0,-109.0,1.5,98.0,0.0,1,False,1717.8990801672678,1579.0860061302283,1668.26793238068,1628.7171539168162,138.81307403703954,0.7981414383890171
2009,2008-11-28,True,False,dal,lal,107,114,27,30,21,29,0,30,21,29,34,0,home,11.0,205.0,600.0,-800.0,10.0,103.5,0.0,1,True,1878.1310345637146,1629.2673150175017,1886.8011517223279,1620.5971978588884,248.8637195462129,0.8816575317483374
2009,2008-11-28,True,False,no,por,86,101,26,22,21,17,0,31,19,27,24,0,home,4.5,187.5,160.0,-180.0,2.0,94.0,1.0,0,True,1627.0446718996357,1628.7171539168162,1671.2254957858822,1584.5363300305696,-1.6724820171805277,0.6378440027097921
2009,2008-11-28,True,False,sac,utah,94,120,23,27,17,27,0,29,21,44,26,0,home,11.0,210.0,600.0,-800.0,7.0,106.0,1.0,1,True,1547.7228059680542,1317.98413482482,1563.090833587899,1302.6161072049754,229.73867114323411,0.86967954759247
2009,2008-11-28,True,False,mem,sa,98,109,16,20,34,28,0,17,29,27,36,0,home,10.5,185.0,500.0,-700.0,3.0,94.5,1.0,1,True,1615.6854246267242,1227.6031473963762,1620.1599071673195,1223.128664855781,388.0822772303479,0.943193860980041
2009,2008-11-28,True,False,cha,ind,115,108,28,25,24,22,16,18,30,33,18,9,home,7.0,190.0,260.0,-320.0,7.0,95.0,0.0,1,False,1499.7440079746066,1304.2078674965248,1435.022077522982,1368.9297979481494,195.53614047808173,0.8456969792729467
2009,2008-11-28,True,False,mil,det,97,107,24,25,23,25,0,28,34,20,25,0,home,9.5,190.5,400.0,-500.0,1.5,96.5,1.0,1,True,1608.9937979692493,1413.95051846811,1622.6495455856664,1400.2947708516929,195.0432795011393,0.8453263879835154
2009,2008-11-28,True,False,gs,cle,97,112,32,20,16,29,0,29,29,36,18,0,home,11.5,216.5,600.0,-800.0,5.0,107.5,1.0,0,True,1762.190313877092,1311.0552796469506,1765.5707190165601,1307.6748745074824,451.1350342301414,0.9597895945958225
2009,2008-11-28,True,False,phi,bos,78,102,16,12,19,31,0,22,24,27,29,0,home,8.5,186.5,340.0,-440.0,1.0,91.5,1.0,0,True,1851.1793403053045,1363.8604419346566,1854.3121041405968,1360.7276780993643,487.31889837064796,0.9671015942022296
2009,2008-11-28,True,False,atl,tor,88,93,21,29,15,23,0,24,22,23,24,0,home,6.5,201.5,220.0,-260.0,6.0,101.5,0.0,0,True,1477.6732322354621,1501.5278390653157,1508.588490859168,1470.61258044161,-23.854606829853537,0.6078605827165852
2009,2008-11-28,True,False,mia,phx,107,92,32,25,24,26,0,19,25,26,22,0,home,4.5,195.0,175.0,-210.0,5.5,98.0,0.0,1,False,1664.534938602815,1421.480257423371,1578.355506783834,1507.659689242352,243.05468117944383,0.8781237654172382
2009,2008-11-28,True,False,min,okc,105,103,16,28,35,26,0,18,30,22,33,0,away,2.5,194.0,-145.0,125.0,2.0,98.0,0.0,1,False,1060.4693217621764,1347.9539995917012,1048.2082342453118,1360.2150871085657,-287.4846778295248,0.25364824588533597
2009,2008-11-29,True,False,okc,mem,111,103,22,21,33,35,0,28,26,26,23,0,home,8.0,199.0,300.0,-360.0,1.0,99.5,0.0,1,False,1223.128664855781,1048.2082342453118,1154.867970992349,1116.4689281087437,174.9204306104691,0.8295680735249875
2009,2008-11-29,True,False,mia,lac,96,97,28,28,17,23,0,29,25,14,29,0,away,2.5,190.5,-135.0,115.0,0.5,95.0,0.0,1,True,1214.2870878253502,1507.659689242352,1237.2437312350091,1484.703045832693,-293.37260141700176,0.24728555448701778
2009,2008-11-29,True,False,sa,hou,84,103,20,29,21,14,0,33,23,28,19,0,home,3.0,178.0,125.0,-145.0,0.5,91.0,1.0,1,True,1720.0345860974126,1620.1599071673195,1748.8430056170528,1591.3514876476793,99.87467893009307,0.7596152226181795
2009,2008-11-29,True,False,dal,sac,101,78,29,17,30,25,0,20,18,19,21,0,away,4.0,207.5,-180.0,160.0,0.5,102.5,1.0,0,False,1302.6161072049754,1620.5971978588884,1271.5910086411836,1651.6222964226802,-317.98109065391304,0.22187033766278735
2009,2008-11-29,True,False,cle,mil,97,85,20,28,24,25,0,16,22,29,18,0,away,7.0,195.5,-320.0,260.0,1.0,97.5,1.0,0,False,1400.2947708516929,1765.5707190165601,1380.1580604712237,1785.7074293970293,-365.27594816486726,0.17842555343858763
2009,2008-11-29,True,False,ind,orl,96,110,22,25,20,29,0,27,31,29,23,0,home,7.0,202.5,270.0,-330.0,0.5,99.5,1.0,1,True,1673.1067387591297,1435.022077522982,1685.1340803115559,1422.994735970556,238.08466123614767,0.8750286101060821
2009,2008-11-29,True,False,gs,ny,125,138,33,31,32,29,0,39,43,34,22,0,away,1.0,223.0,-130.0,110.0,4.5,110.0,0.0,1,True,1333.5340074315604,1307.6748745074824,1370.479944080955,1270.7289378580879,25.85913292407804,0.6735979263324388
2009,2008-11-29,True,False,atl,wsh,102,98,28,27,25,22,0,17,28,26,27,0,home,1.5,200.0,105.0,-115.0,3.0,102.0,0.0,2,False,1313.9174832599704,1470.61258044161,1284.2369793695186,1500.2930843320617,-156.69509718163954,0.41912577141977647
2009,2008-11-29,True,False,bos,cha,89,84,17,28,21,23,0,22,21,19,22,0,away,9.0,179.0,-450.0,350.0,5.0,89.5,0.0,0,False,1368.9297979481494,1854.3121041405968,1361.1953074792984,1862.0465946094478,-485.38230619244746,0.09810684821875162
2009,2008-11-29,True,False,den,min,106,97,25,35,27,19,0,31,23,16,27,0,away,5.5,200.5,-210.0,175.0,1.0,100.0,1.0,1,False,1360.2150871085657,1668.26793238068,1336.7210571615906,1691.761962327655,-308.05284527211415,0.23189380826456907
2009,2008-11-29,True,False,bkn,utah,105,88,28,31,24,22,0,29,22,16,21,0,home,9.0,209.5,400.0,-500.0,7.0,107.5,0.0,0,False,1563.090833587899,1519.7336969332885,1478.3341460718311,1604.4903844493563,43.357136654610485,0.6953453978675401
2009,2008-11-30,True,False,chi,phi,103,92,24,28,31,20,0,34,21,11,26,0,home,6.0,195.0,205.0,-245.0,2.5,97.0,0.0,2,False,1360.7276780993643,1496.1416227456295,1311.6127915710815,1545.2565092739123,-135.41394464626524,0.44921100806445435
2009,2008-11-30,True,False,bkn,phx,117,109,24,32,18,43,0,35,27,23,24,0,home,8.5,206.5,360.0,-450.0,3.5,106.0,0.0,1,False,1578.355506783834,1604.4903844493563,1519.8917498715934,1662.9541413615968,-26.134877665522254,0.6047273281533779
2009,2008-11-30,True,False,por,det,96,85,25,25,20,26,0,13,29,22,21,0,home,4.0,186.0,165.0,-190.0,5.0,95.0,0.0,0,False,1622.6495455856664,1671.2254957858822,1559.9487526164057,1733.9262887551429,-48.57595020021586,0.5734694388419886
2009,2008-11-30,True,False,tor,lal,99,112,29,22,30,18,0,34,27,29,22,0,home,12.0,208.0,575.0,-850.0,4.0,103.5,1.0,1,True,1886.8011517223279,1508.588490859168,1891.8502607693845,1503.5393818121113,378.21266086315995,0.94007204135285
2009,2008-11-30,True,False,hou,den,94,104,21,23,24,26,0,21,27,30,26,0,home,3.5,193.5,145.0,-165.0,0.5,94.0,1.0,1,True,1691.761962327655,1748.8430056170528,1738.0319048227614,1702.5730631219465,-57.08104328939771,0.5614530734137155
2009,2008-12-01,True,False,min,cha,90,100,20,16,25,29,0,21,22,23,34,0,home,4.0,184.5,145.0,-165.0,0.0,94.5,1.0,1,True,1361.1953074792984,1336.7210571615906,1394.9911943959498,1302.9251702449392,24.474250317707856,0.6718427471723319
2009,2008-12-01,True,False,orl,bos,88,107,18,28,19,23,0,28,20,29,30,0,home,9.0,189.5,350.0,-500.0,5.0,94.0,1.0,1,True,1862.0465946094478,1685.1340803115559,1880.9537849929804,1666.2268899280232,176.9125142978919,0.8311832623223284
2009,2008-12-01,True,False,mia,gs,130,129,30,30,31,24,15,27,37,30,21,14,away,1.5,217.0,-125.0,105.0,2.0,108.0,0.0,1,False,1270.7289378580879,1484.703045832693,1260.3100789693133,1495.1219047214677,-213.9741079746052,0.3416190011490231
2009,2008-12-02,True,False,phi,chi,103,95,23,17,27,23,13,13,24,24,29,5,home,1.5,194.5,105.0,-125.0,1.5,95.0,0.0,1,False,1545.2565092739123,1311.6127915710815,1476.903674419877,1379.9656264251166,233.64371770283083,0.8722061766490363
2009,2008-12-02,True,False,utah,sac,97,94,20,19,25,33,0,24,14,28,28,0,away,2.0,208.5,-140.0,120.0,1.5,104.5,1.0,0,False,1271.5910086411836,1478.3341460718311,1250.1785273187545,1499.7466273942603,-206.7431374306475,0.3510418251931363
2009,2008-12-02,True,False,tor,den,93,132,19,26,23,25,0,33,31,36,32,0,home,5.0,207.0,180.0,-220.0,2.5,102.5,1.0,1,True,1738.0319048227614,1503.5393818121113,1754.7627210728397,1486.808565562033,234.49252301065007,0.8727498059215835
2009,2008-12-02,True,False,det,sa,89,77,17,23,21,28,0,22,23,18,14,0,home,5.5,184.5,190.0,-230.0,1.5,93.5,0.0,0,False,1591.3514876476793,1559.9487526164057,1516.8818733860296,1634.4183668780554,31.40273503127355,0.6805748744631996
2009,2008-12-02,True,False,lac,dal,98,100,27,28,26,17,0,21,26,21,32,0,home,10.5,199.0,600.0,-900.0,10.5,97.5,0.0,0,True,1651.6222964226802,1237.2437312350091,1653.3044493693533,1235.561578288336,414.37856518767103,0.9507808603866899
2009,2008-12-02,True,False,lal,ind,117,118,30,36,35,16,0,28,33,25,32,0,away,9.0,213.0,-600.0,400.0,4.0,106.0,0.0,1,True,1422.994735970556,1891.8502607693845,1450.2343756103865,1864.610621129554,-468.8555247988286,0.10685243127304758
2009,2008-12-02,True,False,wsh,bkn,108,88,28,23,35,22,0,27,23,12,26,0,home,6.5,206.0,230.0,-270.0,5.0,105.0,0.0,0,False,1662.9541413615968,1284.2369793695186,1571.59893736979,1375.5921833613254,378.7171619920782,0.9402354418855775
2009,2008-12-02,True,False,por,ny,104,97,24,25,22,33,0,31,20,24,22,0,away,8.0,211.5,-350.0,290.0,7.0,106.0,0.0,0,False,1370.479944080955,1733.9262887551429,1354.0130840270922,1750.3931488090057,-363.4463446741879,0.1799746768084873
2009,2008-12-03,True,False,mia,utah,93,89,19,28,27,19,0,24,21,20,24,0,home,3.5,199.0,145.0,-165.0,3.0,101.0,0.0,0,False,1499.7466273942603,1495.1219047214677,1454.1982139224715,1540.6703181932564,4.624722672792586,0.6461750897734219
2009,2008-12-03,True,False,lac,hou,96,103,19,27,30,20,0,27,26,24,26,0,home,10.0,188.0,500.0,-700.0,3.5,93.0,0.0,1,True,1702.5730631219465,1235.561578288336,1704.869958033444,1233.2646833768385,467.01148483361044,0.9631722448389529
2009,2008-12-03,True,False,phx,no,91,104,21,29,19,22,0,35,16,31,22,0,home,9.0,193.0,375.0,-470.0,5.5,95.0,1.0,1,True,1584.5363300305696,1519.8917498715934,1615.002634401041,1489.425445501122,64.64458015897617,0.7206665644179373
2009,2008-12-03,True,False,chi,mil,90,97,20,22,30,18,0,19,35,22,21,0,home,5.0,200.5,175.0,-210.0,1.5,101.5,1.0,0,True,1380.1580604712237,1476.903674419877,1425.4772737560488,1431.584461135052,-96.74561394865327,0.5046833010378315
2009,2008-12-03,True,False,okc,cha,97,103,21,24,27,25,0,24,25,29,25,0,home,8.5,191.0,340.0,-425.0,4.0,97.0,0.0,1,True,1394.9911943959498,1116.4689281087437,1401.798946985187,1109.6611755195065,278.5222662872061,0.8983431612271554
2009,2008-12-03,True,False,ind,bos,96,114,27,24,22,23,0,28,29,31,26,0,home,15.0,200.5,1700.0,-2700.0,7.5,99.0,1.0,1,True,1880.9537849929804,1450.2343756103865,1885.0285818175523,1446.1595787858146,430.719409382594,0.9550007585373391
2009,2008-12-03,True,False,min,orl,89,100,17,21,12,39,0,23,21,26,30,0,home,9.5,195.0,450.0,-600.0,4.0,97.5,1.0,0,True,1666.2268899280232,1302.9251702449392,1671.4358522727453,1297.7162079002171,363.301719683084,0.935049807029883
2009,2008-12-03,True,False,lal,phi,114,102,31,30,24,29,0,25,26,18,33,0,away,9.0,201.5,-500.0,400.0,2.5,99.5,1.0,1,False,1379.9656264251166,1864.610621129554,1368.8510507022224,1875.725196852448,-484.6449947044373,0.09848303358009958
2009,2008-12-03,True,False,por,wsh,98,92,19,26,32,21,0,26,17,29,20,0,away,6.5,191.5,-270.0,230.0,3.5,97.5,0.0,0,False,1375.5921833613254,1750.3931488090057,1360.9914671637596,1764.9938650065715,-374.80096544768026,0.17052917843955
2009,2008-12-03,True,False,mem,atl,95,105,24,15,30,26,0,24,26,33,22,0,home,9.0,199.0,400.0,-500.0,2.0,101.0,1.0,1,True,1500.2930843320617,1154.867970992349,1505.8990275805334,1149.2620277438773,345.42511333971265,0.9285132853039598
2009,2008-12-03,True,False,ny,cle,82,118,20,15,24,23,0,31,30,24,33,0,home,16.0,215.5,1800.0,-2800.0,1.5,107.5,1.0,0,True,1785.7074293970293,1354.0130840270922,1790.6744644015268,1349.0460490225946,431.6943453699371,0.9552413232890901
2009,2008-12-04,True,False,phx,dal,97,112,24,22,28,23,0,33,31,24,24,0,home,3.5,206.5,135.0,-155.0,3.5,103.0,1.0,1,True,1653.3044493693533,1489.425445501122,1672.1302961657793,1470.599598704696,163.87900386823117,0.8203926004681809
2009,2008-12-04,True,False,sa,den,108,91,30,31,22,25,0,26,15,26,24,0,home,4.0,194.5,150.0,-170.0,6.0,98.0,0.0,1,False,1754.7627210728397,1516.8818733860296,1664.8779573666588,1606.7666370922104,237.88084768681006,0.8749002551375814
2009,2008-12-05,True,False,ny,atl,95,98,30,25,16,24,0,31,26,17,24,0,home,10.5,215.5,500.0,-700.0,5.5,107.5,0.0,0,True,1505.8990275805334,1349.0460490225946,1515.6874261372832,1339.2576504658448,156.85297855793874,0.8143556739319762
2009,2008-12-05,True,False,min,bkn,84,113,17,24,25,18,0,31,19,33,30,0,home,6.5,201.5,260.0,-320.0,1.0,103.5,1.0,0,True,1571.59893736979,1297.7162079002171,1583.830928518335,1285.4842167516722,273.88272946957295,0.8958780973913348
2009,2008-12-05,True,False,por,bos,78,93,21,15,15,27,0,24,25,25,19,0,home,8.0,184.5,300.0,-360.0,1.0,92.5,1.0,0,True,1885.0285818175523,1764.9938650065715,1908.9730774016102,1741.0493694225136,120.03471681098085,0.7801638811447928
2009,2008-12-05,True,False,tor,utah,87,114,23,25,19,20,0,33,31,27,23,0,home,4.5,206.0,170.0,-200.0,1.5,105.0,1.0,0,True,1454.1982139224715,1486.808565562033,1513.4632493399035,1427.543530144601,-32.610351639561486,0.5957833263203182
2009,2008-12-05,True,False,gs,hou,112,131,32,25,27,28,0,30,32,26,43,0,home,8.5,210.0,325.0,-450.0,3.5,103.5,1.0,1,True,1704.869958033444,1260.3100789693133,1708.6746836745517,1256.5053533282055,444.55987906413066,0.958303152693474
2009,2008-12-05,True,False,lac,mem,81,93,25,19,17,20,0,24,27,21,21,0,away,2.0,199.0,-125.0,105.0,2.5,99.5,0.0,0,True,1149.2620277438773,1233.2646833768385,1203.0945332596277,1179.4321778610881,-84.00265563296125,0.5230057736267716
2009,2008-12-05,True,False,phi,det,96,91,19,19,20,38,0,25,23,19,24,0,home,8.0,188.5,310.0,-380.0,1.5,94.0,0.0,0,False,1634.4183668780554,1368.8510507022224,1578.8938855755882,1424.3755320046896,265.56731617583296,0.8913276433132993
2009,2008-12-05,True,False,cha,mil,96,101,24,32,18,22,0,29,25,22,25,0,home,4.0,185.5,155.0,-175.0,4.5,95.0,1.0,1,True,1425.4772737560488,1401.798946985187,1450.8277846845233,1376.4484360567126,23.67832677086176,0.6708318243536382
2009,2008-12-05,True,False,okc,orl,89,98,18,21,27,23,0,23,22,25,28,0,home,13.0,205.0,850.0,-1300.0,6.5,102.5,0.0,0,True,1671.4358522727453,1109.6611755195065,1672.8422059548263,1108.2548218374254,561.7746767532387,0.9783207343986402
2009,2008-12-05,True,False,ind,cle,73,97,20,18,16,19,0,21,31,18,27,0,home,10.5,206.0,600.0,-900.0,1.5,102.5,1.0,0,True,1790.6744644015268,1446.1595787858146,1798.241558308777,1438.5924848785644,344.5148856157123,0.9281647117538573
2009,2008-12-05,True,False,lal,wsh,106,104,35,23,29,19,0,24,29,19,32,0,away,12.0,213.0,-1000.0,800.0,6.5,107.0,0.0,0,False,1360.9914671637596,1875.725196852448,1356.9242950816704,1879.7923689345373,-514.7337296886885,0.08413862660361718
2009,2008-12-06,True,False,lac,min,107,84,29,26,24,28,0,15,26,15,28,0,home,1.0,193.0,100.0,-120.0,4.0,95.0,0.0,0,False,1285.4842167516722,1179.4321778610881,1188.6353478436495,1276.2810467691108,106.05203889058407,0.7660483616580755
2009,2008-12-06,True,False,atl,dal,98,100,23,20,16,39,0,21,20,33,26,0,home,6.5,199.5,240.0,-280.0,5.0,99.5,0.0,0,True,1672.1302961657793,1515.6874261372832,1679.9050989030563,1507.9126234000062,156.44287002849615,0.8139985059469399
2009,2008-12-06,True,False,den,sac,118,85,37,23,29,29,0,18,21,23,23,0,away,4.5,212.5,-200.0,170.0,3.0,103.5,1.0,0,False,1250.1785273187545,1664.8779573666588,1228.3862889226875,1686.6701957627258,-414.69943004790434,0.14045022960863265
2009,2008-12-06,True,False,utah,phx,104,106,26,24,28,26,0,26,24,28,28,0,home,7.0,206.5,250.0,-300.0,5.0,105.5,0.0,1,True,1470.599598704696,1513.4632493399035,1490.8298079007889,1493.2330401438107,-42.86365063520748,0.5814925006102114
2009,2008-12-06,True,False,gs,sa,88,123,21,28,18,21,0,35,30,39,19,0,home,12.0,213.0,600.0,-800.0,3.0,105.0,1.0,0,True,1606.7666370922104,1256.5053533282055,1614.9011714982123,1248.3708189222036,350.26128376400493,0.9303392517338211
2009,2008-12-06,True,False,mem,no,87,106,16,23,22,26,0,37,21,32,16,0,home,14.0,192.5,900.0,-1500.0,3.0,98.0,1.0,1,True,1615.002634401041,1203.0945332596277,1619.6601398655357,1198.437027795133,411.9081011414132,0.9501110769956256
2009,2008-12-06,True,False,cle,cha,94,74,30,25,19,20,0,14,21,13,26,0,away,8.0,184.0,-370.0,310.0,2.0,93.5,1.0,0,False,1376.4484360567126,1798.241558308777,1358.284600175651,1816.4053941898387,-421.79312225206445,0.1355925141911583
2009,2008-12-06,True,False,wsh,chi,110,117,25,27,22,36,0,24,33,31,29,0,home,8.5,200.0,325.0,-450.0,4.0,102.0,0.0,1,True,1431.584461135052,1356.9242950816704,1454.3911562136138,1334.1176000031085,74.66016605338154,0.732123808801168
2009,2008-12-06,True,False,okc,mia,99,105,27,27,16,29,0,36,23,26,20,0,home,11.0,202.5,500.0,-700.0,5.5,103.5,0.0,1,True,1540.6703181932564,1108.2548218374254,1543.3350980954501,1105.5900419352317,432.415496355831,0.9554184775679273
2009,2008-12-06,True,False,bkn,phi,95,84,26,21,22,26,0,21,23,21,19,0,home,2.5,195.5,120.0,-140.0,2.0,99.0,0.0,0,False,1424.3755320046896,1583.830928518335,1378.9724517331551,1629.2340087898694,-159.45539651364538,0.4152623552588801
2009,2008-12-07,True,False,det,ny,92,104,12,31,20,29,0,29,36,16,23,0,away,6.5,207.0,-280.0,240.0,8.0,105.0,0.0,0,True,1339.2576504658448,1578.8938855755882,1417.2185638318185,1500.9329722096145,-239.63623510974344,0.30921094602455984
2009,2008-12-07,True,False,por,tor,98,97,20,28,30,20,0,31,19,25,22,0,away,3.0,191.5,-150.0,130.0,3.0,96.5,0.0,1,False,1427.543530144601,1741.0493694225136,1420.6402070891236,1747.952692477991,-313.5058392779126,0.2263497713134458
2009,2008-12-07,True,False,bos,ind,122,117,32,23,23,27,17,22,35,24,24,12,away,8.0,198.5,-400.0,320.0,6.0,98.5,0.0,1,False,1438.5924848785644,1908.9730774016102,1430.2343394514403,1917.3312228287343,-470.38059252304583,0.10601749502587816
2009,2008-12-07,True,False,mil,lal,92,105,16,15,23,38,0,24,19,31,31,0,home,14.0,211.0,950.0,-1500.0,5.0,103.0,0.0,0,True,1879.7923689345373,1450.8277846845233,1883.4844729035838,1447.1356807154768,428.964584250014,0.9545646491239449
2009,2008-12-08,True,False,orl,lac,95,88,26,16,24,29,0,19,29,27,13,0,away,4.0,193.5,-175.0,155.0,4.0,96.5,1.0,0,False,1276.2810467691108,1672.8422059548263,1262.2333314635446,1686.8899212603926,-396.5611591857155,0.15353461520576064
2009,2008-12-08,True,False,hou,mem,97,109,19,28,28,22,0,32,24,27,26,0,away,6.5,190.0,-280.0,240.0,6.0,94.0,0.0,1,True,1198.437027795133,1708.6746836745517,1301.57158088896,1605.5401305807247,-510.23765587941875,0.08615462174716906
2009,2008-12-08,True,False,gs,okc,112,102,29,32,25,26,0,23,19,26,34,0,home,0.0,220.0,-110.0,-110.0,4.0,103.0,0.0,0,False,1105.5900419352317,1248.3708189222036,1059.299434524,1294.6614263334354,-142.7807769869719,0.4387427888451578
2009,2008-12-08,True,False,cha,mia,96,100,25,23,20,28,0,22,29,15,34,0,home,8.0,186.0,300.0,-360.0,4.0,93.0,0.0,1,True,1543.3350980954501,1358.284600175651,1553.0363768463576,1348.5833214247434,185.05049791979923,0.8376549928422106
2009,2008-12-09,True,False,ny,chi,100,105,22,26,29,23,0,28,22,28,27,0,home,7.5,217.0,270.0,-330.0,4.0,108.0,0.0,0,True,1454.3911562136138,1417.2185638318185,1478.1257340022553,1393.483986043177,37.17259238179531,0.6877516460913743
2009,2008-12-09,True,False,orl,por,109,108,29,20,32,28,0,25,23,32,28,0,home,4.5,188.0,170.0,-200.0,4.0,93.5,0.0,1,False,1747.952692477991,1686.8899212603926,1727.3581809031562,1707.4844328352274,61.06277121759831,0.7164970985151524
2009,2008-12-09,True,False,sa,dal,133,126,17,30,34,26,26,22,23,34,28,19,away,2.5,191.5,-135.0,115.0,0.5,96.0,1.0,1,False,1679.9050989030563,1614.9011714982123,1617.9562396602241,1676.8500307410445,65.00392740484403,0.7210827901873821
2009,2008-12-09,True,False,tor,cle,94,114,19,32,16,27,0,29,30,31,24,0,home,12.5,197.0,650.0,-900.0,5.0,98.0,1.0,1,True,1816.4053941898387,1420.6402070891236,1821.6343638293445,1415.4112374496178,395.76518710071514,0.9455175502852051
2009,2008-12-09,True,False,mil,phx,110,125,35,29,26,20,0,36,38,22,29,0,home,6.5,206.0,230.0,-270.0,1.0,106.5,1.0,1,True,1490.8298079007889,1447.1356807154768,1526.3918463381528,1411.5736422781129,43.69412718531203,0.6957561852009434
2009,2008-12-09,True,False,utah,min,99,96,32,14,29,24,0,24,23,24,25,0,away,6.5,196.5,-260.0,220.0,5.0,100.5,0.0,0,False,1188.6353478436495,1493.2330401438107,1174.2732876713028,1507.5951003161574,-304.59769230016127,0.2354553748590175
2009,2008-12-09,True,False,det,wsh,94,107,29,17,22,26,0,14,29,31,33,0,away,5.5,194.0,-220.0,180.0,2.5,97.0,0.0,1,True,1334.1176000031085,1500.9329722096145,1403.2066060029847,1431.8439662097383,-166.81537220650603,0.40501304606206256
2009,2008-12-09,True,False,atl,hou,84,92,16,22,24,22,0,27,19,14,32,0,home,5.0,190.5,175.0,-210.0,0.5,96.5,1.0,0,True,1605.5401305807247,1507.9126234000062,1626.9217167367724,1486.5310372439585,97.62750718071857,0.7572452274346775
2009,2008-12-09,True,False,lal,sac,101,113,22,29,29,21,0,27,29,31,26,0,away,12.0,212.0,-900.0,650.0,9.5,105.0,0.0,1,True,1228.3862889226875,1883.4844729035838,1336.8043351761346,1775.0664266501367,-655.0981839808962,0.0393391204422201
2009,2008-12-10,True,False,cle,phi,101,93,25,23,36,17,0,28,18,19,28,0,away,6.5,186.5,-280.0,240.0,3.5,93.0,1.0,1,False,1378.9724517331551,1821.6343638293445,1367.166302091209,1833.4405134712906,-442.6619120961893,0.12211841499461092
2009,2008-12-10,True,False,phx,lal,110,115,25,23,33,29,0,29,24,29,33,0,home,13.5,216.0,1200.0,-2000.0,7.0,106.5,0.0,1,True,1775.0664266501367,1526.3918463381528,1782.5453761433855,1518.912896844904,248.67458031198385,0.8815438846558542
2009,2008-12-10,True,False,ny,bkn,121,109,23,34,33,31,0,33,30,21,25,0,home,7.5,214.5,290.0,-350.0,2.5,108.0,0.0,1,False,1629.2340087898694,1393.483986043177,1549.4548621806537,1473.2631326523929,235.75002274669237,0.8735515572147518
2009,2008-12-10,True,False,atl,sa,89,95,17,18,20,34,0,25,18,19,33,0,home,6.5,189.0,230.0,-270.0,1.0,96.0,0.0,0,True,1676.8500307410445,1486.5310372439585,1688.2339315486613,1475.1471364363417,190.318993497086,0.8417371410544008
2009,2008-12-10,True,False,ind,tor,88,101,18,27,20,23,0,20,31,26,24,0,home,3.0,210.5,135.0,-155.0,0.5,105.5,1.0,0,True,1415.4112374496178,1430.2343394514403,1459.5152286920688,1386.1303482089893,-14.823102001822463,0.6201812571178342
2009,2008-12-10,True,False,cha,no,89,105,21,19,17,32,0,29,30,29,17,0,home,15.5,185.0,1250.0,-2500.0,3.0,91.5,1.0,1,True,1619.6601398655357,1348.5833214247434,1630.0206545513884,1338.2228067388908,271.0768184407923,0.894361755900609
2009,2008-12-10,True,False,min,den,105,116,30,26,22,27,0,22,22,40,32,0,home,13.0,207.5,950.0,-1500.0,11.5,106.5,0.0,1,True,1686.6701957627258,1174.2732876713028,1688.7379630703213,1172.2055203637074,512.396908091423,0.9713974541336797
2009,2008-12-10,True,False,mil,gs,96,119,22,28,31,15,0,30,25,27,37,0,home,1.5,219.5,105.0,-125.0,0.5,108.5,1.0,0,True,1294.6614263334354,1411.5736422781129,1367.9793027562525,1338.2557658552957,-116.91221594467743,0.4756805698714645
2009,2008-12-10,True,False,mem,okc,108,102,23,25,28,32,0,29,26,28,19,0,home,2.0,201.0,-130.0,110.0,3.0,103.5,0.0,1,False,1059.299434524,1301.57158088896,1033.1014721370734,1327.7695432758865,-242.27214636496,0.30597930554787856
2009,2008-12-11,True,False,cha,dal,90,95,26,28,20,16,0,26,27,21,21,0,home,13.5,192.0,1000.0,-1500.0,9.5,96.5,0.0,0,True,1617.9562396602241,1338.2228067388908,1624.1796494515613,1331.9993969475536,279.73343292133336,0.8989781005572202
2009,2008-12-11,True,False,por,utah,88,97,29,17,20,22,0,27,30,21,19,0,home,3.0,194.0,130.0,-150.0,2.5,99.5,1.0,0,True,1507.5951003161574,1727.3581809031562,1575.0534430841387,1659.8998381351748,-219.76308058699874,0.33416395403471794
2009,2008-12-11,True,False,bos,wsh,122,88,36,27,26,33,0,21,18,35,14,0,away,10.0,196.0,-600.0,400.0,0.5,97.0,1.0,1,False,1403.2066060029847,1917.3312228287343,1390.002023622974,1930.535805208745,-514.1246168257496,0.08440921670957853
2009,2008-12-12,True,False,tor,bkn,101,79,24,16,31,30,0,18,16,19,26,0,home,3.0,206.0,130.0,-150.0,3.0,103.0,0.0,0,False,1549.4548621806537,1459.5152286920688,1454.6461296799846,1554.323961192738,89.93963348858483,0.7490177424047995
2009,2008-12-12,True,False,hou,gs,119,108,31,30,31,27,0,29,21,25,33,0,away,2.0,212.0,-130.0,110.0,2.0,106.0,1.0,1,False,1367.9793027562525,1626.9217167367724,1336.710463899619,1658.1905555934059,-258.94241398051986,0.2859887829671516
2009,2008-12-12,True,False,sa,min,98,86,19,22,25,32,0,19,22,16,29,0,away,8.0,192.5,-380.0,315.0,5.5,96.5,1.0,0,False,1172.2055203637074,1688.2339315486613,1162.7744368508859,1697.6650150614828,-516.0284111849539,0.0835660971184668
2009,2008-12-12,True,False,phi,cle,72,88,25,14,19,14,0,25,27,17,19,0,home,10.5,189.0,475.0,-650.0,2.0,94.5,1.0,0,True,1833.4405134712906,1367.166302091209,1836.5844022264348,1364.0224133360648,466.2742113800816,0.9630214045348686
2009,2008-12-12,True,False,chi,mem,96,103,30,24,20,22,0,22,30,31,20,0,away,3.0,200.5,-150.0,130.0,0.5,101.0,0.0,0,True,1327.7695432758865,1478.1257340022553,1380.101741393116,1425.7935358850257,-150.35619072636882,0.42803482801101617
2009,2008-12-12,True,False,lac,por,120,112,26,31,20,20,23,32,22,29,14,15,home,8.5,190.5,335.0,-420.0,6.5,95.5,0.0,1,False,1659.8998381351748,1262.2333314635446,1594.4587070744944,1327.674462524225,397.66650667163026,0.9460786243458008
2009,2008-12-12,True,False,no,bos,82,94,21,19,24,18,0,21,18,30,25,0,home,7.0,189.0,260.0,-320.0,5.5,94.0,1.0,0,True,1930.535805208745,1630.0206545513884,1938.4035889750126,1622.1528707851207,300.51515065735657,0.9093356901041795
2009,2008-12-12,True,False,orl,phx,112,113,33,28,16,35,0,28,32,27,26,0,home,2.5,208.5,120.0,-140.0,2.5,104.5,0.0,1,True,1518.912896844904,1707.4844328352274,1537.9675321561526,1688.4297975239788,-188.57153599032335,0.37522663932985983
2009,2008-12-12,True,False,sac,lal,103,112,27,25,20,31,0,33,19,32,28,0,home,17.0,214.0,2300.0,-3600.0,10.5,107.5,0.0,1,True,1782.5453761433855,1336.8043351761346,1785.4484019496228,1333.9013093698973,445.7410409672509,0.9585739961671536
2009,2008-12-12,True,False,ind,det,110,114,26,31,23,30,0,32,31,23,28,0,home,5.5,200.5,205.0,-245.0,1.5,100.0,0.0,1,True,1431.8439662097383,1386.1303482089893,1452.2809599804211,1365.6933544383064,45.713618000748966,0.6982113708500509
2009,2008-12-12,True,False,atl,mia,87,73,20,23,32,12,0,25,15,15,18,0,home,2.0,191.5,110.0,-130.0,2.0,97.0,0.0,0,False,1553.0363768463576,1475.1471364363417,1471.703227446814,1556.4802858358853,77.88924041001587,0.7357535035786872
2009,2008-12-13,True,False,hou,lac,82,95,22,26,16,18,0,28,17,25,25,0,away,4.0,191.0,-175.0,155.0,1.5,94.5,0.0,0,True,1327.674462524225,1658.1905555934059,1419.4472145832053,1566.4178035344255,-330.5160930691809,0.20966310903109497
2009,2008-12-13,True,False,gs,den,105,123,22,29,23,31,0,36,29,34,24,0,home,15.5,230.0,1500.0,-3000.0,5.0,112.0,1.0,0,True,1688.7379630703213,1336.710463899619,1695.350200594002,1330.0982263759383,352.0274991707022,0.9309952898704694
2009,2008-12-13,True,False,orl,utah,103,94,25,21,34,23,0,26,30,12,26,0,home,7.5,202.0,325.0,-400.0,1.5,101.0,0.0,0,False,1575.0534430841387,1688.4297975239788,1526.3459098645199,1737.1373307435977,-113.37635443984004,0.4807593841909051
2009,2008-12-13,True,False,okc,dal,99,103,28,26,26,19,0,23,27,29,24,0,home,13.0,204.5,850.0,-1300.0,10.0,103.0,0.0,0,True,1624.1796494515613,1033.1014721370734,1624.997521060597,1032.2836005280378,591.0781773144879,0.9816240522272897
2009,2008-12-13,True,False,ny,sac,114,90,43,26,24,21,0,21,24,26,19,0,home,1.5,218.5,105.0,-125.0,5.0,109.0,0.0,0,False,1333.9013093698973,1473.2631326523929,1271.0747258309555,1536.0897161913347,-139.3618232824956,0.44359489967923155
2009,2008-12-13,True,False,bkn,chi,104,113,31,29,20,24,0,22,28,25,38,0,home,4.5,204.5,165.0,-190.0,4.5,103.5,1.0,1,True,1425.7935358850257,1454.6461296799846,1466.219569251344,1414.2200963136663,-28.85259379495892,0.6009817450857102
2009,2008-12-13,True,False,wsh,phi,89,104,20,20,25,24,0,25,26,28,25,0,home,5.5,195.5,185.0,-225.0,1.0,99.0,1.0,0,True,1364.0224133360648,1390.002023622974,1412.2172087110291,1341.8072282480098,-25.979610286909292,0.6049409529311398
2009,2008-12-13,True,False,det,cha,90,86,24,27,27,12,0,13,20,23,30,0,away,1.5,184.0,-125.0,105.0,3.5,94.0,1.0,0,False,1331.9993969475536,1452.2809599804211,1298.6563400241278,1485.624016903847,-120.28156303286755,0.4708455929894126
2009,2008-12-13,True,False,cle,atl,92,97,24,14,28,26,0,31,16,21,29,0,away,4.0,187.0,-170.0,150.0,4.5,94.5,0.0,1,True,1556.4802858358853,1836.5844022264348,1614.6800275921155,1778.3846604702046,-280.1041163905495,0.26177512871158054
2009,2008-12-13,True,False,ind,mil,103,121,24,22,37,20,0,33,31,22,35,0,home,4.0,205.0,158.0,-180.0,3.5,103.0,1.0,1,True,1338.2557658552957,1365.6933544383064,1389.6978512555595,1314.2512690380427,-27.437588583010665,0.6029334237103365
2009,2008-12-14,True,False,min,lal,86,98,18,19,25,24,0,20,22,27,29,0,home,15.5,210.0,1750.0,-3500.0,8.5,106.5,0.0,0,True,1785.4484019496228,1162.7744368508859,1786.5171852798555,1161.7056535206532,622.673965098737,0.9846329866544313
2009,2008-12-14,True,False,okc,sa,104,109,19,25,25,35,0,39,23,21,26,0,home,16.5,196.5,1750.0,-3500.0,3.5,98.5,0.0,1,True,1697.6650150614828,1032.2836005280378,1698.2358316056025,1031.7127839839181,665.381414533445,0.9879419277783638
2009,2008-12-14,True,False,no,tor,99,91,22,29,29,19,0,24,22,26,19,0,away,2.5,195.0,-140.0,120.0,0.5,98.0,1.0,0,False,1554.323961192738,1622.1528707851207,1501.5217842288341,1674.9550477490245,-67.82890959238284,0.5461660536799677
2009,2008-12-14,True,False,mia,mem,86,102,22,24,20,20,0,25,21,35,21,0,away,2.0,193.5,-130.0,110.0,1.5,96.5,0.0,0,True,1380.101741393116,1471.703227446814,1440.9260168445794,1410.8789519953507,-91.60148605369795,0.5120840795402029
2009,2008-12-15,True,False,mil,mia,98,83,27,29,21,21,0,18,18,29,18,0,home,3.5,197.5,140.0,-160.0,6.0,99.5,0.0,0,False,1410.8789519953507,1389.6978512555595,1331.119148644966,1469.4576546059443,21.18110073979119,0.6676497862383847
2009,2008-12-15,True,False,bkn,tor,94,87,20,26,17,31,0,28,18,24,17,0,home,4.5,203.5,160.0,-180.0,3.0,103.5,0.0,0,False,1501.5217842288341,1414.2200963136663,1438.7337618223708,1477.0081187201297,87.3016879151678,0.7461522871648768
2009,2008-12-15,True,False,ind,wsh,118,98,33,29,25,31,0,27,21,35,15,0,home,1.0,212.0,100.0,-110.0,2.5,105.5,0.0,1,False,1341.8072282480098,1314.2512690380427,1253.7130550234529,1402.3454422625996,27.555959209967114,0.675741840993395
2009,2008-12-15,True,False,cha,atl,79,83,27,21,20,11,0,23,19,26,15,0,home,8.5,185.5,340.0,-440.0,8.0,93.0,0.0,0,True,1614.6800275921155,1298.6563400241278,1619.1768334611015,1294.1595341551417,316.02368756798774,0.9164318204700239
2009,2008-12-15,True,False,orl,gs,109,98,21,25,31,32,0,20,20,27,31,0,away,4.0,221.0,-170.0,150.0,0.5,109.0,1.0,0,False,1330.0982263759383,1737.1373307435977,1314.150647067186,1753.08491005235,-407.0391043676593,0.14585859163793943
2009,2008-12-15,True,False,utah,bos,91,100,16,27,22,26,0,28,15,26,31,0,home,10.0,191.0,450.0,-600.0,7.0,97.5,0.0,2,True,1938.4035889750126,1526.3459098645199,1941.980142755874,1522.7693560836583,412.0576791104927,0.9501518744935102
2009,2008-12-15,True,False,den,dal,98,88,27,29,19,23,0,15,28,28,17,0,home,2.5,210.5,120.0,-140.0,5.5,104.5,0.0,0,False,1624.997521060597,1695.350200594002,1567.753149074561,1752.594572580038,-70.35267953340508,0.5425626669299015
2009,2008-12-15,True,False,ny,phx,103,111,21,30,30,22,0,32,30,29,20,0,home,8.5,226.0,330.0,-420.0,2.0,111.5,0.0,0,True,1537.9675321561526,1536.0897161913347,1572.4601211714642,1501.5971271760232,1.8778159648179553,0.642551540763968
2009,2008-12-15,True,False,min,sac,103,118,26,24,17,36,0,20,33,33,32,0,home,4.5,200.0,160.0,-180.0,1.5,104.0,1.0,1,True,1271.0747258309555,1161.7056535206532,1296.4272674728395,1136.3531118787691,109.36907231030227,0.7694530240378253
2009,2008-12-16,True,False,sac,por,77,109,27,15,18,17,0,28,26,27,28,0,home,12.0,200.0,650.0,-900.0,3.5,99.5,1.0,0,True,1594.4587070744944,1296.4272674728395,1605.3450231794486,1285.5409513678853,298.03143960165494,0.9081500331060101
2009,2008-12-16,True,False,ny,lal,114,116,37,28,23,26,0,26,24,34,32,0,home,13.0,221.0,750.0,-1050.0,12.0,110.0,0.0,1,True,1786.5171852798555,1501.5971271760232,1790.2168507310564,1497.8974617248223,284.9200581038324,0.9016574571650787
2009,2008-12-16,True,False,den,hou,96,108,25,36,18,17,0,30,26,29,23,0,home,4.0,201.0,150.0,-170.0,4.0,98.0,1.0,1,True,1566.4178035344255,1752.594572580038,1636.562984334854,1682.4493917796094,-186.17676904561245,0.3784638866581991
2009,2008-12-16,True,False,lac,okc,98,88,28,22,20,28,0,16,32,17,23,0,away,5.0,199.5,-200.0,170.0,2.5,97.5,1.0,0,False,1031.7127839839181,1419.4472145832053,1014.8047046711223,1436.3552938960013,-387.7344305992872,0.1602549261410474
2009,2008-12-16,True,False,chi,cha,101,110,25,20,18,31,7,16,26,25,27,16,away,3.0,188.0,-155.0,135.0,1.0,94.5,0.0,1,True,1294.1595341551417,1466.219569251344,1355.1748126573063,1405.2042907491793,-172.06003509620223,0.39775911897090543
2009,2008-12-16,True,False,no,mem,91,84,26,23,12,30,0,11,31,18,24,0,away,7.5,194.0,-320.0,260.0,2.5,96.5,0.0,0,False,1440.9260168445794,1674.9550477490245,1411.9999610730542,1703.8811035205497,-234.0290309044451,0.3161475546519454
2009,2008-12-17,True,False,wsh,det,74,88,21,13,24,16,0,23,21,17,27,0,home,9.5,200.0,450.0,-600.0,2.5,100.5,1.0,0,True,1485.624016903847,1253.7130550234529,1498.0925630828403,1241.2445088444595,231.9109618803941,0.8710902546787579
2009,2008-12-17,True,False,sa,no,83,90,15,27,28,13,0,14,23,26,27,0,home,1.5,184.5,110.0,-130.0,2.5,93.5,1.0,0,True,1703.8811035205497,1698.2358316056025,1735.950636473633,1666.1662986525191,5.645271914947216,0.6475170951128645
2009,2008-12-17,True,False,lac,chi,109,115,26,21,33,26,3,26,30,21,29,9,home,2.0,194.5,110.0,-130.0,2.0,96.0,1.0,1,True,1405.2042907491793,1436.3552938960013,1439.6402635650763,1401.9193210801043,-31.15100314682195,0.5978047875459257
2009,2008-12-17,True,False,gs,ind,120,127,29,33,31,27,0,40,28,27,32,0,home,6.0,226.5,220.0,-260.0,1.5,111.5,1.0,1,True,1402.3454422625996,1314.150647067186,1423.607188544347,1292.8889007854384,88.19479519541369,0.7471248324827513
2009,2008-12-17,True,False,cle,min,93,70,24,20,19,30,0,21,17,18,14,0,away,10.0,188.5,-650.0,475.0,4.0,94.5,1.0,0,False,1136.3531118787691,1778.3846604702046,1130.44059264801,1784.2971797009639,-642.0315485914355,0.04228230364744834
2009,2008-12-17,True,False,dal,tor,96,86,21,23,25,27,0,33,16,14,23,0,away,2.5,198.0,-140.0,120.0,2.5,97.0,1.0,0,False,1438.7337618223708,1567.753149074561,1390.3760745244952,1616.1108363724366,-129.0193872521902,0.4583345903995226
2009,2008-12-17,True,False,mil,phi,88,93,26,27,20,15,0,24,22,21,26,0,home,3.5,193.0,145.0,-165.0,3.5,96.0,1.0,0,True,1412.2172087110291,1469.4576546059443,1446.808928498586,1434.8659348183874,-57.24044589491518,0.5612271271791223
2009,2008-12-17,True,False,utah,bkn,103,92,7,24,32,40,0,27,12,30,23,0,away,2.5,199.0,-135.0,115.0,3.5,103.0,1.0,0,False,1477.0081187201297,1522.7693560836583,1413.8745261937263,1585.9029486100617,-45.76123736352861,0.5774278787182983
2009,2008-12-17,True,False,bos,atl,88,85,22,20,17,29,0,21,22,19,23,0,away,4.5,186.5,-170.0,150.0,3.5,93.0,0.0,0,False,1619.1768334611015,1941.980142755874,1605.9334833570497,1955.223492859926,-322.8033092947726,0.2171149490894534
2009,2008-12-18,True,False,sa,orl,78,90,13,16,23,26,0,19,25,21,25,0,home,2.5,192.0,120.0,-140.0,3.5,98.5,1.0,0,True,1753.08491005235,1666.1662986525191,1779.486013830026,1639.7651948748432,86.91861139983098,0.7457343821519332
2009,2008-12-18,True,False,phx,por,119,124,28,38,27,26,0,31,28,39,26,0,home,4.5,203.5,160.0,-180.0,3.5,104.5,1.0,1,True,1605.3450231794486,1572.4601211714642,1629.584558099223,1548.2205862516898,32.884902007984465,0.682426813111595
2009,2008-12-19,True,False,lal,mia,87,89,26,20,17,24,0,26,20,29,14,0,away,8.0,203.0,-380.0,310.0,5.5,100.5,0.0,0,True,1331.119148644966,1790.2168507310564,1374.0280481886298,1747.3079511873925,-459.0977020860905,0.11233264690833619
2009,2008-12-19,True,False,utah,det,120,114,19,24,26,29,22,29,19,22,28,16,home,3.5,191.0,140.0,-160.0,1.0,99.0,0.0,1,False,1498.0925630828403,1585.9029486100617,1453.7811861938467,1630.2143254990553,-87.81038552722134,0.5175350711676151
2009,2008-12-19,True,False,cle,den,105,88,37,27,20,21,0,21,32,12,23,0,home,2.0,197.0,110.0,-130.0,4.5,101.5,0.0,0,False,1682.4493917796094,1784.2971797009639,1619.199394816688,1847.5471766638852,-101.84778792135444,0.4973408444946233
2009,2008-12-19,True,False,sac,hou,96,107,33,22,18,23,0,30,25,27,25,0,home,13.0,204.5,1000.0,-1400.0,8.5,103.0,0.0,0,True,1636.562984334854,1285.5409513678853,1642.1775840791527,1279.9263516235867,351.0220329669687,0.9306225267741107
2009,2008-12-19,True,False,tor,okc,83,91,17,19,23,24,0,26,20,22,23,0,away,6.0,199.5,-250.0,210.0,5.5,99.0,0.0,0,True,1014.8047046711223,1390.3760745244952,1095.05674369581,1310.1240354998076,-375.57136985337286,0.16990279616979115
2009,2008-12-19,True,False,cha,mem,112,83,36,22,28,26,0,26,18,16,23,0,home,4.0,182.5,145.0,-165.0,6.0,91.5,0.0,1,False,1411.9999610730542,1355.1748126573063,1311.24509637687,1455.9296773534907,56.82514841574789,0.7115159676777029
2009,2008-12-19,True,False,chi,bos,108,126,21,34,27,26,0,31,26,41,28,0,home,12.0,196.0,675.0,-950.0,7.5,97.5,1.0,1,True,1955.223492859926,1439.6402635650763,1957.6253111945846,1437.2384452304177,515.5832292948496,0.9719026920240182
2009,2008-12-19,True,False,gs,atl,99,115,21,33,27,18,0,31,21,27,36,0,home,11.0,217.0,500.0,-700.0,8.0,106.5,1.0,0,True,1605.9334833570497,1292.8889007854384,1613.9930905685378,1284.8292935739503,313.0445825716113,0.9151090499663337
2009,2008-12-19,True,False,phi,wsh,109,103,27,29,28,25,0,28,29,29,17,0,away,1.5,194.0,-117.0,107.0,1.0,99.0,1.0,1,False,1241.2445088444595,1446.808928498586,1211.055810284896,1476.9976270581494,-205.5644196541266,0.3525891397286304
2009,2008-12-19,True,False,lac,ind,117,109,18,30,22,27,20,25,24,20,28,12,away,3.5,202.5,-160.0,140.0,3.5,98.5,1.0,1,False,1423.607188544347,1401.9193210801043,1360.3691700855393,1465.157339538912,21.6878674642428,0.6682967736193773
2009,2008-12-19,True,False,dal,bkn,97,121,30,21,26,20,0,33,31,26,31,0,away,3.5,199.0,-160.0,140.0,5.5,100.5,0.0,1,True,1413.8745261937263,1616.1108363724366,1504.9465556652342,1525.0388069009286,-202.23631017871026,0.35697461963760907
2009,2008-12-19,True,False,mil,ny,105,81,24,29,30,22,0,15,22,26,18,0,home,5.0,216.0,165.0,-190.0,7.0,106.5,0.0,0,False,1497.8974617248223,1434.8659348183874,1402.1306774230989,1530.6327191201108,63.03152690643492,0.7187935144982475
2009,2008-12-20,True,False,gs,cha,110,103,27,29,31,23,0,29,27,23,24,0,home,6.0,207.5,220.0,-260.0,4.0,103.0,0.0,1,False,1455.9296773534907,1284.8292935739503,1391.3620636514484,1349.3969072759926,171.10038377954038,0.8264364567314938
2009,2008-12-20,True,False,mia,bkn,106,103,27,35,18,26,0,29,27,21,26,0,home,5.0,195.0,165.0,-185.0,4.0,99.0,0.0,1,False,1504.9465556652342,1374.0280481886298,1462.298443503396,1416.676160350468,130.91850747660442,0.7907204845303296
2009,2008-12-20,True,False,den,phx,101,108,28,30,24,19,0,29,29,27,23,0,home,6.0,222.0,200.0,-240.0,4.0,108.5,1.0,0,True,1548.2205862516898,1619.199394816688,1590.1558697798384,1577.2641112885394,-70.97880856499819,0.5416679879974805
2009,2008-12-20,True,False,tor,sa,97,107,25,23,25,24,0,20,36,28,23,0,home,10.0,185.0,400.0,-600.0,3.0,92.5,2.0,1,True,1639.7651948748432,1310.1240354998076,1645.9352731781114,1303.9539571965395,329.6411593750356,0.9222425091471405
2009,2008-12-20,True,False,lac,mil,85,119,15,17,26,27,0,37,25,31,26,0,home,5.5,193.0,200.0,-240.0,4.0,94.5,1.0,1,True,1530.6327191201108,1465.157339538912,1571.5038337462784,1424.2862249127445,65.4753795811987,0.7216282880103285
2009,2008-12-20,True,False,utah,chi,98,106,29,23,27,19,0,27,24,27,28,0,away,2.5,203.5,-140.0,120.0,1.0,106.5,0.0,1,True,1437.2384452304177,1630.2143254990553,1498.2129868271916,1569.2397839022815,-192.97588026863764,0.36930205014802936
2009,2008-12-20,True,False,hou,min,109,102,30,30,22,27,0,32,19,20,31,0,away,5.0,192.0,-240.0,200.0,0.0,95.0,1.0,1,False,1130.44059264801,1642.1775840791527,1122.6197904919043,1649.9983862352583,-511.73699143114277,0.08547751883626628
2009,2008-12-20,True,False,sac,no,90,99,21,25,17,27,0,29,17,26,27,0,home,15.5,196.0,1500.0,-3000.0,9.5,97.0,0.0,0,True,1735.950636473633,1279.9263516235867,1738.6739646984904,1277.2030233987293,456.02428485004634,0.9608618547606004
2009,2008-12-20,True,False,ind,phi,95,94,16,28,25,26,0,29,19,25,21,0,home,10.5,201.0,500.0,-700.0,5.0,98.0,0.0,0,False,1476.9976270581494,1360.3691700855393,1455.7813651708811,1381.5854319728076,116.62845697261014,0.7767824797839643
2009,2008-12-20,True,False,lal,orl,103,106,24,34,26,19,0,23,26,36,21,0,away,1.5,206.0,-125.0,105.0,2.0,103.5,0.0,1,True,1779.486013830026,1747.3079511873925,1798.3052707691597,1728.4886942482588,32.17806264263345,0.681544346624567
2009,2008-12-21,True,False,ny,bos,105,124,21,37,29,18,0,40,26,32,26,0,home,13.0,208.5,950.0,-1500.0,5.0,105.0,1.0,1,True,1957.6253111945846,1402.1306774230989,1959.5285153417865,1400.227473275897,555.4946337714857,0.9775405964854618
2009,2008-12-21,True,False,det,atl,78,85,25,16,22,15,0,22,30,17,16,0,home,4.5,187.0,170.0,-200.0,1.5,94.5,1.0,0,True,1613.9930905685378,1453.7811861938467,1628.4040578069048,1439.3702189554797,160.21190437469113,0.8172610791671714
2009,2008-12-21,True,False,cle,okc,102,91,27,25,30,20,0,25,22,25,19,0,away,13.0,194.5,-1500.0,950.0,6.5,97.5,0.0,0,False,1095.05674369581,1847.5471766638852,1092.5592674879244,1850.0446528717707,-752.4904329680753,0.022842235506645832
2009,2008-12-21,True,False,dal,wsh,97,86,22,20,28,27,0,21,23,24,18,0,away,6.5,201.0,-260.0,220.0,5.0,99.5,1.0,0,False,1211.055810284896,1525.0388069009286,1186.3602066627031,1549.7344105231216,-313.98299661603255,0.22586913626477154
2009,2008-12-22,True,False,hou,bkn,114,91,29,32,25,28,0,13,27,25,26,0,away,6.5,198.0,-240.0,200.0,2.5,97.0,1.0,1,False,1462.298443503396,1649.9983862352583,1409.6642857424883,1702.6325439961659,-187.6999427318624,0.376403585986924
2009,2008-12-22,True,False,gs,orl,81,113,16,29,21,15,0,25,28,34,26,0,home,11.5,220.0,700.0,-1000.0,4.0,108.0,1.0,0,True,1798.3052707691597,1349.3969072759926,1802.6276825368666,1345.0744955082857,448.90836349316714,0.9592919866818009
2009,2008-12-22,True,False,lal,mem,105,96,25,24,28,28,0,25,32,23,16,0,away,12.0,206.5,-1000.0,700.0,11.0,104.0,0.0,0,False,1311.24509637687,1728.4886942482588,1297.1937442131502,1742.5400464119784,-417.24359787138883,0.13869147063597131
2009,2008-12-22,True,False,sac,sa,85,101,22,23,16,24,0,33,29,18,21,0,home,13.0,197.0,900.0,-1400.0,2.5,97.5,1.0,0,True,1645.9352731781114,1277.2030233987293,1651.6802276216165,1271.4580689552242,368.7322497793821,0.9369226943415591
2009,2008-12-22,True,False,por,den,89,97,27,20,28,14,0,29,24,25,19,0,home,3.0,199.0,130.0,-150.0,1.0,100.0,1.0,0,True,1577.2641112885394,1629.584558099223,1619.0106968932446,1587.8379724945178,-52.32044681068351,0.5681888659643413
2009,2008-12-22,True,False,tor,lac,97,75,25,26,18,28,0,18,14,28,15,0,away,1.0,189.5,-125.0,105.0,3.5,95.0,1.0,0,False,1424.2862249127445,1303.9539571965395,1328.177880117128,1400.0623019921559,120.33226771620502,0.7804575063935756
2009,2008-12-23,True,False,utah,mil,86,94,18,20,26,22,0,26,24,19,25,0,home,2.5,196.5,120.0,-140.0,2.5,102.5,1.0,0,True,1571.5038337462784,1569.2397839022815,1605.9338887684803,1534.8097288800795,2.2640498439968724,0.6430620336089956
2009,2008-12-23,True,False,den,por,92,101,25,17,24,26,0,25,22,20,34,0,home,8.0,196.0,320.0,-400.0,3.5,95.5,1.0,0,True,1587.8379724945178,1619.0106968932446,1628.5889211880324,1578.25974819973,-31.172724398726814,0.597774723865547
2009,2008-12-23,True,False,chi,det,98,104,19,26,24,29,0,32,26,22,24,0,home,7.0,200.0,250.0,-300.0,0.0,100.5,0.0,1,True,1439.3702189554797,1498.2129868271916,1477.1325542890156,1460.4506514936556,-58.842767871711885,0.5589545106382995
2009,2008-12-23,True,False,min,sa,93,99,21,19,27,26,0,30,18,35,16,0,home,12.0,192.5,800.0,-1200.0,4.5,99.5,0.0,0,True,1651.6802276216165,1122.6197904919043,1653.1391572672176,1121.1608608463032,529.0604371297122,0.9739454521305161
2009,2008-12-23,True,False,mem,dal,82,100,12,20,28,22,0,22,20,28,30,0,home,10.5,198.5,600.0,-900.0,3.5,100.5,1.0,0,True,1549.7344105231216,1297.1937442131502,1561.7484597621062,1285.1796949741656,252.54066630997136,0.8838481830776271
2009,2008-12-23,True,False,lal,no,100,87,24,32,24,20,0,20,17,27,23,0,home,2.0,195.5,120.0,-140.0,5.5,97.0,0.0,0,False,1738.6739646984904,1742.5400464119784,1664.9477550229903,1816.2662560874785,-3.866081713488029,0.6349220441859303
2009,2008-12-23,True,False,hou,cle,90,99,23,24,19,24,0,26,21,26,26,0,home,7.5,186.5,280.0,-340.0,4.5,91.5,1.0,1,True,1850.0446528717707,1702.6325439961659,1867.1744853714063,1685.5027114965303,147.41210887560487,0.8059989055848591
2009,2008-12-23,True,False,phi,bos,91,110,25,19,22,25,0,29,29,20,32,0,home,13.0,191.5,900.0,-1400.0,3.0,95.0,1.0,1,True,1959.5285153417865,1455.7813651708811,1962.1598509051837,1453.150029607484,503.74715017090534,0.9699810582546133
2009,2008-12-23,True,False,wsh,cha,72,80,18,18,17,19,0,26,10,19,25,0,home,5.5,189.0,220.0,-260.0,4.0,96.0,1.0,0,True,1391.3620636514484,1186.3602066627031,1403.1820761782367,1174.5401941359148,205.0018569887452,0.8526742949085906
2009,2008-12-23,True,False,bkn,ind,108,107,30,26,27,25,0,30,27,24,26,0,home,3.0,209.5,135.0,-155.0,1.5,105.5,0.0,1,False,1381.5854319728076,1409.6642857424883,1363.2238444867442,1428.0258732285517,-28.07885376968079,0.6020493456589181
2009,2008-12-23,True,False,okc,atl,88,99,24,19,25,20,0,23,22,24,30,0,home,12.0,193.0,700.0,-1000.0,6.5,97.0,0.0,0,True,1628.4040578069048,1092.5592674879244,1630.189606469246,1090.7737188255833,535.8447903189804,0.9749183406661864
2009,2008-12-23,True,False,gs,mia,88,96,24,17,15,32,0,21,26,20,29,0,home,10.0,212.5,400.0,-600.0,4.0,103.0,0.0,0,True,1416.676160350468,1345.0744955082857,1441.15622878135,1320.594427077404,71.60166484218234,0.7286568374756972
2009,2008-12-25,True,False,no,orl,68,88,14,17,24,13,0,29,32,13,14,0,home,5.0,190.0,175.0,-210.0,5.0,96.0,1.0,0,True,1802.6276825368666,1664.9477550229903,1826.5200107230273,1641.0554268368296,137.67992751387624,0.7970884764435666
2009,2008-12-25,True,False,dal,por,102,94,33,26,18,25,0,29,26,25,14,0,home,5.0,192.0,175.0,-210.0,4.5,97.5,0.0,1,False,1628.5889211880324,1561.7484597621062,1563.0516272065363,1627.2857537436023,66.84046142592615,0.7232040663005814
2009,2008-12-25,True,False,sa,phx,91,90,18,21,32,20,0,27,18,31,14,0,home,2.5,201.0,125.0,-145.0,0.5,102.5,0.0,0,False,1590.1558697798384,1653.1391572672176,1573.2880570853144,1670.0069699617416,-62.98328748737913,0.5530706755689437
2009,2008-12-25,True,False,wsh,cle,89,93,25,22,24,18,0,22,27,19,25,0,home,16.0,194.5,1500.0,-2600.0,10.0,99.5,0.0,0,True,1867.1744853714063,1174.5401941359148,1867.606472161991,1174.1082073453301,692.6342912354914,0.989674604442852
2009,2008-12-25,True,False,bos,lal,83,92,24,21,22,16,0,23,28,20,21,0,home,2.0,202.0,110.0,-130.0,1.0,101.5,1.0,0,True,1816.2662560874785,1962.1598509051837,1873.5758668570645,1904.8502401355977,-145.8935948177052,0.4343352791533086
2009,2008-12-26,True,False,chi,mia,77,90,21,24,19,13,0,18,22,24,26,0,home,5.5,196.5,200.0,-240.0,4.0,98.0,1.0,0,True,1441.15622878135,1460.4506514936556,1485.9663904136382,1415.6404898613673,-19.29442271230573,0.6140997950511885
2009,2008-12-26,True,False,hou,no,79,88,18,26,20,15,0,23,23,20,22,0,home,2.5,184.5,125.0,-145.0,0.5,91.5,1.0,0,True,1641.0554268368296,1685.5027114965303,1683.6809178115584,1642.8772205218015,-44.4472846597007,0.579272374574056
2009,2008-12-26,True,False,bos,gs,89,99,29,22,21,17,0,19,20,25,35,0,away,11.5,210.0,-900.0,650.0,3.0,104.0,0.0,0,True,1320.594427077404,1904.8502401355977,1419.9826109874691,1805.4620562255325,-584.2558130581938,0.05799790874256111
2009,2008-12-26,True,False,phi,den,101,105,21,31,27,22,0,21,28,19,37,0,home,6.5,197.0,240.0,-280.0,6.0,98.5,0.0,1,True,1578.25974819973,1453.150029607484,1591.7836226931984,1439.6261551140155,125.10971859224605,0.7851333049531638
2009,2008-12-26,True,False,dal,utah,88,97,24,20,20,24,0,25,28,23,21,0,home,2.0,194.5,110.0,-130.0,1.5,96.0,1.0,0,True,1534.8097288800795,1627.2857537436023,1584.3697602699053,1577.7257223537765,-92.47602486352275,0.5108261782828798
2009,2008-12-26,True,False,okc,det,88,90,17,27,19,25,0,19,27,20,24,0,home,11.0,195.0,550.0,-750.0,6.5,99.5,0.0,0,True,1477.1325542890156,1090.7737188255833,1479.1318611093227,1088.7744120052762,386.35883546343234,0.9426599624460735
2009,2008-12-26,True,False,tor,sac,107,101,30,21,34,22,0,26,30,26,19,0,away,3.5,197.0,-155.0,135.0,3.0,98.5,1.0,1,False,1271.4580689552242,1400.0623019921559,1232.1646360469156,1439.3557349004645,-128.60423303693165,0.45892795539992676
2009,2008-12-26,True,False,ind,mem,105,108,36,32,19,18,0,23,36,27,22,0,home,1.0,204.5,110.0,-130.0,3.5,101.5,1.0,1,True,1285.1796949741656,1363.2238444867442,1313.7534111786254,1334.6501282822844,-78.04414951257854,0.5315550151370166
2009,2008-12-26,True,False,cha,bkn,95,87,23,27,23,22,0,21,20,24,22,0,home,4.5,191.0,165.0,-190.0,4.5,95.5,0.0,0,False,1428.0258732285517,1403.1820761782367,1364.6038579379372,1466.6040914688513,24.84379705031506,0.672311577621501
2009,2008-12-26,True,False,min,ny,120,107,25,38,31,26,0,30,25,20,32,0,home,8.0,215.0,290.0,-350.0,7.0,111.5,0.0,1,False,1400.227473275897,1121.1608608463032,1318.6465245955824,1202.7418095266178,279.06661242959376,0.8986289647679805
2009,2008-12-27,True,False,utah,hou,115,120,24,19,27,26,19,34,22,24,16,24,home,9.0,191.0,350.0,-500.0,1.0,97.0,0.0,1,True,1642.8772205218015,1584.3697602699053,1664.2157058060475,1563.0312749856594,58.50746025189619,0.7134996702738122
2009,2008-12-27,True,False,det,mil,87,76,27,19,27,14,0,21,23,11,21,0,home,6.0,189.5,200.0,-240.0,5.0,95.5,0.0,0,False,1605.9338887684803,1479.1318611093227,1529.5917861104117,1555.4739637673913,126.8020276591576,0.7867721571810203
2009,2008-12-27,True,False,mem,sa,103,106,18,31,17,24,13,23,19,24,24,16,home,13.0,191.0,900.0,-1500.0,11.0,98.0,0.0,1,True,1670.0069699617416,1313.7534111786254,1673.040872853294,1310.7195082870728,356.2535587831162,0.9325418489576363
2009,2008-12-27,True,False,tor,por,89,102,28,29,10,22,0,26,23,20,33,0,home,8.0,190.5,310.0,-380.0,5.5,95.0,1.0,1,True,1563.0516272065363,1439.3557349004645,1585.3973541118498,1417.010007995151,123.69589230607176,0.7837571388885867
2009,2008-12-27,True,False,chi,atl,117,129,35,28,32,22,0,32,36,30,31,0,home,10.0,193.0,400.0,-600.0,4.0,97.5,1.0,1,True,1630.189606469246,1415.6404898613673,1643.2501673343222,1402.579928996291,214.54911660787866,0.8594452786178562
2009,2008-12-27,True,False,orl,min,118,94,31,22,26,39,0,22,33,19,20,0,away,10.0,194.0,-600.0,400.0,7.0,96.5,1.0,1,False,1202.7418095266178,1826.5200107230273,1196.120877034235,1833.14094321541,-623.7782011964096,0.04674791655543512
2009,2008-12-27,True,False,okc,wsh,95,104,31,23,22,19,0,33,23,20,28,0,home,6.0,195.5,210.0,-250.0,3.0,99.5,1.0,1,True,1174.1082073453301,1088.7744120052762,1198.0052343666916,1064.8773849839147,85.33379534005394,0.7440006657837743
2009,2008-12-27,True,False,bkn,cha,114,103,22,25,25,24,18,26,21,19,30,7,home,2.0,188.5,110.0,-130.0,0.0,97.0,0.0,1,False,1466.6040914688513,1364.6038579379372,1391.0172528869014,1440.190696519887,102.0002335309141,0.7618423538280853
2009,2008-12-28,True,False,den,ny,117,110,27,39,27,24,0,27,29,33,21,0,away,4.5,220.5,-185.0,160.0,0.5,108.5,1.0,1,False,1318.6465245955824,1591.7836226931984,1293.9794347703967,1616.450712518384,-273.137098097616,0.26959915275725693
2009,2008-12-28,True,False,dal,lac,98,76,24,21,31,22,0,13,21,27,15,0,away,1.0,184.5,-120.0,100.0,3.0,90.5,1.0,0,False,1328.177880117128,1577.7257223537765,1287.1813990557353,1618.7222034151694,-249.54784223664842,0.2971583239437243
2009,2008-12-28,True,False,mia,cle,86,93,22,20,25,19,0,22,22,14,35,0,home,11.0,187.0,600.0,-800.0,7.0,92.5,0.0,0,True,1867.606472161991,1485.9663904136382,1871.5020704110698,1482.0707921645594,381.6400817483527,0.9411739492263353
2009,2008-12-28,True,False,no,ind,105,103,27,22,27,29,0,29,27,19,28,0,away,6.0,194.5,-240.0,200.0,4.5,97.0,0.0,1,False,1334.6501282822844,1683.6809178115584,1325.3425493161565,1692.9884967776864,-349.030789529274,0.19254826090673927
2009,2008-12-28,True,False,bos,sac,108,63,23,36,25,24,0,17,17,14,15,0,away,12.5,196.5,-1200.0,850.0,0.5,97.0,1.0,0,False,1232.1646360469156,1805.4620562255325,1221.797264166424,1815.8294281060241,-573.2974201786169,0.06154195804523752
2009,2008-12-28,True,False,gs,lal,113,130,27,31,27,28,0,34,31,37,28,0,home,14.5,218.0,1200.0,-1800.0,7.5,107.5,1.0,1,True,1873.5758668570645,1419.9826109874691,1877.0464449746005,1416.5120328699331,453.5932558695954,0.9603321792600412
2009,2008-12-29,True,False,wsh,hou,89,87,21,24,27,17,0,22,14,26,25,0,home,14.0,190.5,1000.0,-1600.0,11.5,95.5,0.0,0,False,1664.2157058060475,1198.0052343666916,1632.466646748856,1229.7542934238832,466.21047143935584,0.9630083359823325
2009,2008-12-29,True,False,phi,utah,95,112,20,23,21,31,0,24,27,28,33,0,home,6.5,193.5,240.0,-280.0,1.5,96.5,1.0,1,True,1563.0312749856594,1439.6261551140155,1587.5434244376863,1415.1140056619886,123.40511987164382,0.783473321867225
2009,2008-12-29,True,False,mem,min,98,108,19,20,26,24,9,24,8,29,28,19,home,2.0,196.0,115.0,-135.0,3.5,99.5,1.0,1,True,1196.120877034235,1310.7195082870728,1251.0898868269821,1255.7504984943257,-114.59863125283778,0.4790032361797236
2009,2008-12-29,True,False,tor,gs,111,117,29,23,27,32,0,28,32,26,31,0,away,1.5,210.5,-125.0,105.0,3.5,106.5,0.0,1,True,1416.5120328699331,1417.010007995151,1447.3862510750384,1386.1357897900457,-0.497975125217863,0.6394043282371444
2009,2008-12-29,True,False,chi,bkn,100,87,32,22,16,30,0,20,29,23,15,0,home,4.5,209.5,170.0,-200.0,4.0,104.5,0.0,0,False,1440.190696519887,1402.579928996291,1363.1641508503435,1479.6064746658346,37.610767523595996,0.6882930599616649
2009,2008-12-29,True,False,phx,okc,110,102,34,26,32,18,0,34,21,32,15,0,away,9.5,210.5,-600.0,400.0,3.0,103.5,0.0,1,False,1064.8773849839147,1573.2880570853144,1056.4677381080407,1581.6977039611884,-508.41067210139977,0.0869862553238666
2009,2008-12-29,True,False,den,atl,91,109,24,29,18,20,0,29,25,24,31,0,home,5.0,199.0,175.0,-210.0,3.0,95.5,1.0,1,True,1643.2501673343222,1616.450712518384,1684.283578266112,1575.4173015865942,26.799454815938134,0.6747869128572428
2009,2008-12-29,True,False,orl,det,82,88,19,24,23,16,0,24,28,18,18,0,away,3.5,185.0,-165.0,145.0,4.0,93.0,0.0,0,True,1555.4739637673913,1833.14094321541,1618.4479087183693,1770.166998264432,-277.66697944801876,0.26449531993655767
2009,2008-12-30,True,False,atl,ind,110,104,26,24,35,25,0,25,21,37,21,0,home,1.0,206.0,-110.0,-110.0,1.5,103.5,0.0,1,False,1325.3425493161565,1684.283578266112,1309.6026710295848,1700.0234565526837,-358.9410289499556,0.1838340309220629
2009,2008-12-30,True,False,phx,mem,101,89,21,25,24,31,0,27,22,29,11,0,away,4.0,202.5,-175.0,155.0,4.5,100.0,1.0,0,False,1255.7504984943257,1581.6977039611884,1231.5927821593857,1605.8554202961284,-325.94720546686267,0.21405452158932303
2009,2008-12-30,True,False,ny,cha,93,89,36,20,18,19,0,25,23,20,21,0,home,4.5,205.0,165.0,-190.0,4.5,103.0,0.0,0,False,1391.0172528869014,1293.9794347703967,1342.1763690119312,1342.8203186453668,97.0378181165047,0.7566206848186963
2009,2008-12-30,True,False,wsh,no,85,97,17,29,17,22,0,25,21,22,29,0,home,14.5,183.5,1075.0,-1650.0,8.5,93.0,0.0,0,True,1692.9884967776864,1229.7542934238832,1695.8890753853013,1226.8537148162682,463.2342033538032,0.9623931452554635
2009,2008-12-30,True,False,lac,sac,90,92,12,29,32,17,0,27,22,23,20,0,home,3.0,194.0,130.0,-150.0,1.0,96.5,0.0,0,True,1221.797264166424,1287.1813990557353,1243.5666069925066,1265.4120562296525,-65.38413488931133,0.5496520504957246
2009,2008-12-30,True,False,mil,sa,100,98,31,20,29,20,0,26,23,25,24,0,home,7.5,187.0,295.0,-355.0,6.5,94.5,0.0,1,False,1673.040872853294,1529.5917861104117,1639.1193829218241,1563.5132760418817,143.4490867428824,0.8024068405366684
2009,2008-12-30,True,False,bos,por,86,91,23,22,19,22,0,13,27,24,27,0,away,6.5,183.0,-260.0,220.0,2.5,90.5,0.0,0,True,1585.3973541118498,1815.8294281060241,1638.9562589332463,1762.2705232846276,-230.4320739941743,0.3206410471075408
2009,2008-12-30,True,False,min,dal,100,107,27,35,22,16,0,20,20,33,34,0,home,13.5,196.5,975.0,-1375.0,13.0,102.0,0.0,1,True,1618.7222034151694,1251.0898868269821,1622.9672165414554,1246.844873700696,367.6323165881872,0.9365474617334044
2009,2008-12-30,True,False,cle,mia,95,104,19,15,33,28,0,26,24,24,30,0,away,5.5,183.0,-220.0,180.0,7.0,91.5,0.0,1,True,1482.0707921645594,1871.5020704110698,1567.2812440739442,1786.291618501685,-389.4312782465104,0.15894479398344996
2009,2008-12-31,True,False,phi,lac,100,92,26,24,19,31,0,27,20,18,27,0,away,3.5,186.5,-165.0,145.0,1.0,93.5,1.0,1,False,1265.4120562296525,1415.1140056619886,1223.9413924796638,1456.5846694119773,-149.70194943233605,0.4289571011305844
2009,2008-12-31,True,False,den,tor,114,107,29,24,32,29,0,31,19,27,30,0,away,3.0,200.0,-155.0,135.0,0.5,96.5,1.0,1,False,1386.1357897900457,1575.4173015865942,1351.8918857805295,1609.6612055961104,-189.28151179654856,0.37426901890308123
2009,2008-12-31,True,False,gs,okc,100,107,28,27,15,30,0,22,29,27,29,0,away,2.0,219.5,-130.0,110.0,0.0,108.0,0.0,0,True,1056.4677381080407,1447.3862510750384,1133.5248526803614,1370.3291365027178,-390.9185129669977,0.15780365864621368
2009,2008-12-31,True,False,bkn,det,75,83,18,11,23,23,0,22,18,22,21,0,home,7.0,188.0,250.0,-300.0,1.0,91.0,1.0,0,True,1618.4479087183693,1363.1641508503435,1627.2694505056018,1354.342609063111,255.28375786802576,0.8854594456954339
2009,2008-12-31,True,False,mil,hou,81,85,22,14,24,21,0,27,20,18,20,0,home,8.0,189.5,318.0,-385.0,1.5,93.5,0.0,0,True,1632.466646748856,1563.5132760418817,1650.6427703922914,1545.3371523984463,68.95337070697428,0.7256322097845133
2009,2008-12-31,True,False,orl,chi,113,94,33,32,23,25,0,17,21,22,34,0,away,5.5,201.5,-230.0,190.0,3.5,98.0,1.0,1,False,1479.6064746658346,1770.166998264432,1446.6124320731114,1803.1610408571553,-290.56052359859746,0.2503109543532306
2009,2009-01-02,True,False,sa,mem,91,80,28,16,23,24,0,20,20,16,24,0,away,8.0,185.5,-360.0,300.0,3.5,94.5,1.0,0,False,1231.5927821593857,1639.1193829218241,1215.683390240579,1655.0287748406308,-407.5266007624384,0.14550932490547852
2009,2009-01-02,True,False,utah,lal,100,113,20,23,23,34,0,37,20,24,32,0,home,10.0,209.5,400.0,-600.0,2.0,107.0,1.0,1,True,1877.0464449746005,1587.5434244376863,1885.693666971624,1578.8962024406628,289.50302053691416,0.9039720912387587
2009,2009-01-02,True,False,no,por,92,77,21,24,16,31,0,16,27,18,16,0,away,1.5,180.5,-125.0,105.0,0.5,90.0,1.0,0,False,1638.9562589332463,1695.8890753853013,1570.4367779701697,1764.408556348378,-56.93281645205502,0.5616631556233876
2009,2009-01-02,True,False,den,okc,122,120,32,21,36,33,0,26,38,32,24,0,away,8.5,206.5,-400.0,320.0,7.5,100.5,0.0,1,False,1133.5248526803614,1609.6612055961104,1128.5499063793927,1614.6361518970791,-476.13635291574906,0.10291798348872135
2009,2009-01-02,True,False,cha,mil,75,103,25,19,13,18,0,29,27,20,27,0,home,6.5,182.5,240.0,-280.0,0.5,92.0,1.0,0,True,1545.3371523984463,1342.1763690119312,1563.6438635138707,1323.8696578965069,203.16078338651505,0.8513379740211224
2009,2009-01-02,True,False,phi,dal,86,96,20,24,22,20,0,16,24,24,32,0,home,8.0,195.5,310.0,-380.0,7.0,97.0,1.0,0,True,1622.9672165414554,1456.5846694119773,1639.0227505376147,1440.529135415818,166.3825471294781,0.822506326026817
2009,2009-01-02,True,False,sac,det,92,98,18,26,22,26,0,29,16,28,25,0,home,9.0,187.5,325.0,-450.0,5.0,94.0,0.0,1,True,1627.2694505056018,1243.5666069925066,1630.8689911880729,1239.9670663100355,383.7028435130951,0.9418279377566424
2009,2009-01-02,True,False,mia,orl,76,86,21,23,21,11,0,24,21,22,19,0,home,8.5,190.0,320.0,-400.0,5.0,94.5,1.0,0,True,1803.1610408571553,1567.2812440739442,1813.9489359982254,1556.4933489328741,235.87979678321108,0.8736340515907274
2009,2009-01-02,True,False,atl,bkn,91,93,21,28,20,16,6,16,13,32,24,8,away,4.5,197.5,-175.0,155.0,2.5,100.0,0.0,0,True,1354.342609063111,1700.0234565526837,1393.2281849787278,1661.137880637067,-345.68084748957267,0.19556416935522353
2009,2009-01-02,True,False,ind,ny,105,103,27,26,30,22,0,23,21,33,26,0,home,2.5,227.0,120.0,-140.0,3.5,111.0,0.0,0,False,1342.8203186453668,1309.6026710295848,1310.8736629628331,1341.5493267121185,33.21764761578197,0.6828417825164506
2009,2009-01-02,True,False,wsh,bos,83,108,14,20,21,28,0,28,30,28,22,0,home,14.0,189.5,1000.0,-1800.0,2.5,96.0,1.0,1,True,1762.2705232846276,1226.8537148162682,1764.6179372569056,1224.5063008439902,535.4168084683595,0.9748580272713903
2009,2009-01-02,True,False,gs,min,108,115,26,31,27,24,0,32,26,33,24,0,home,2.5,217.0,115.0,-135.0,1.0,107.5,1.0,1,True,1246.844873700696,1370.3291365027178,1295.6801186258467,1321.4938915775672,-123.4842628020217,0.4662548054991457
2009,2009-01-02,True,False,hou,tor,73,94,14,24,11,24,0,25,23,20,26,0,away,5.0,190.5,-210.0,175.0,5.0,93.5,0.0,0,True,1351.8918857805295,1650.6427703922914,1455.043086304435,1547.4915698683858,-298.7508846117619,0.2415680140836168
2009,2009-01-02,True,False,chi,cle,92,117,17,30,25,20,0,32,29,28,28,0,home,12.0,197.0,700.0,-1000.0,2.5,97.5,1.0,1,True,1786.291618501685,1446.6124320731114,1794.1795505101493,1438.7245000646471,339.67918642857353,0.9262864471745114
2009,2009-01-02,True,False,lac,phx,98,106,15,34,23,26,0,33,29,21,23,0,home,13.5,199.5,1000.0,-1600.0,3.5,98.5,0.0,1,True,1605.8554202961284,1223.9413924796638,1609.9647518757865,1219.8320609000057,381.91402781646457,0.9412611977788478
2009,2009-01-03,True,False,phi,sa,106,108,19,31,31,25,0,40,26,18,24,0,home,9.0,187.0,400.0,-600.0,0.5,94.0,0.0,1,True,1655.0287748406308,1440.529135415818,1660.6244369583558,1434.933473298093,214.4996394248128,0.8594108698761003
2009,2009-01-03,True,False,min,chi,102,92,18,27,27,30,0,17,21,27,27,0,home,7.0,206.5,240.0,-280.0,7.0,105.0,0.0,0,False,1438.7245000646471,1295.6801186258467,1364.6933812676646,1369.7112374228293,143.04438143880043,0.8020372107198914
2009,2009-01-03,True,False,bkn,mia,96,101,27,19,17,22,11,14,24,23,24,16,home,8.5,184.5,310.0,-380.0,7.0,93.5,0.0,1,True,1556.4933489328741,1393.2281849787278,1568.7011223989325,1381.0204115126694,163.26516395414637,0.8198713478110427
2009,2009-01-03,True,False,sac,ind,117,122,37,30,22,28,0,33,35,21,33,0,home,7.5,215.5,280.0,-340.0,4.0,108.5,0.0,1,True,1341.5493267121185,1239.9670663100355,1358.6249209601795,1222.8914720619746,101.58226040208297,0.7614055291291176
2009,2009-01-03,True,False,hou,atl,100,103,27,19,31,23,0,22,32,25,24,0,home,5.5,183.0,200.0,-240.0,0.5,90.5,0.0,1,True,1661.137880637067,1547.4915698683858,1673.527820435692,1535.1016300697606,113.64631076868113,0.7737917990979004
2009,2009-01-03,True,False,mil,cha,92,102,22,20,21,29,0,21,30,25,26,0,home,1.0,181.0,100.0,-120.0,2.5,91.5,1.0,1,True,1323.8696578965069,1563.6438635138707,1396.7709055441042,1490.7426158662734,-239.7742056173638,0.3090413262661659
2009,2009-01-03,True,False,no,den,100,105,23,17,31,29,0,28,30,25,22,0,home,4.0,199.0,150.0,-170.0,3.0,99.5,1.0,1,True,1614.6361518970791,1764.408556348378,1659.663530791433,1719.381177454024,-149.77240445129883,0.42885775802981096
2009,2009-01-04,True,False,dal,mem,82,102,25,20,23,14,0,35,15,26,26,0,away,5.5,189.0,-270.0,230.0,6.0,94.0,0.0,0,True,1215.683390240579,1639.0227505376147,1331.6178409117758,1523.0882998664179,-423.3393602970357,0.1345526489661557
2009,2009-01-04,True,False,por,lal,86,100,25,25,16,20,0,19,32,30,19,0,home,11.0,200.0,650.0,-900.0,7.0,102.0,1.0,0,True,1885.693666971624,1570.4367779701697,1893.2951129914418,1562.835331950352,315.2568890014543,0.9160931507115274
2009,2009-01-04,True,False,bos,ny,88,100,24,29,15,20,0,25,25,28,22,0,away,10.0,207.0,-600.0,450.0,5.0,103.0,0.0,0,True,1310.8736629628331,1764.6179372569056,1410.7028603944987,1664.78873982524,-453.7442742940725,0.11544242011092508
2009,2009-01-04,True,False,orl,tor,102,108,22,27,29,24,0,34,22,21,31,0,away,8.0,187.5,-350.0,290.0,8.0,94.0,0.0,1,True,1455.043086304435,1813.9489359982254,1524.9206529194855,1744.071369383175,-358.9058496937903,0.18386441699303843
2009,2009-01-04,True,False,det,lac,88,87,23,29,15,21,0,22,32,12,21,0,away,6.0,174.0,-260.0,220.0,5.0,89.0,0.0,1,False,1219.8320609000057,1630.8689911880729,1215.4703273508417,1635.2307247372369,-411.0369302880672,0.14301480366041103
2009,2009-01-04,True,False,cle,wsh,77,80,23,20,11,23,0,26,21,21,12,0,away,8.5,189.0,-450.0,350.0,7.5,95.0,0.0,0,True,1224.5063008439902,1794.1795505101493,1281.6752099663802,1737.0106413877593,-569.6732496661591,0.06275793541018213
2009,2009-01-05,True,False,sa,mia,91,84,21,18,26,26,0,15,24,21,24,0,away,3.5,182.0,-155.0,135.0,2.5,93.5,1.0,0,False,1568.7011223989325,1660.6244369583558,1521.8901226042592,1707.435436753029,-91.92331455942326,0.5116211913850709
2009,2009-01-05,True,False,sac,bkn,90,98,18,37,19,16,0,23,20,29,26,0,home,5.0,202.0,180.0,-220.0,5.5,102.0,1.0,0,True,1381.0204115126694,1222.8914720619746,1396.4250818108342,1207.4868017638098,158.12893945069482,0.8154635350285439
2009,2009-01-05,True,False,tor,mil,97,107,27,21,23,26,0,19,26,29,33,0,home,8.5,191.0,325.0,-400.0,6.5,96.0,1.0,1,True,1490.7426158662734,1524.9206529194855,1533.6199576204858,1482.043311165273,-34.178037053212165,0.5936081734165013
2009,2009-01-05,True,False,gs,utah,114,119,29,30,32,23,0,28,37,29,25,0,home,10.5,220.5,450.0,-600.0,6.0,108.0,0.0,1,True,1578.8962024406628,1321.4938915775672,1586.0005535035182,1314.3895405147118,257.40231086309564,0.8866905103737132
2009,2009-01-05,True,False,ind,den,115,135,28,42,22,23,0,40,34,23,38,0,home,9.0,221.0,400.0,-500.0,5.0,110.0,1.0,1,True,1659.663530791433,1358.6249209601795,1668.9730632000337,1349.3153885515787,301.03860983125355,0.9095838110542595
2009,2009-01-06,True,False,ny,okc,99,107,23,27,29,20,0,35,28,28,16,0,away,2.0,214.0,-130.0,110.0,4.0,105.0,0.0,0,True,1128.5499063793927,1410.7028603944987,1200.1396501732368,1339.1131166006546,-282.15295401510593,0.25950235198497634
2009,2009-01-06,True,False,lac,dal,102,107,24,30,30,18,0,37,27,23,20,0,home,12.0,185.0,800.0,-1200.0,3.5,91.5,0.0,1,True,1523.0882998664179,1215.4703273508417,1528.3546671426363,1210.2039600746232,307.6179725155762,0.9126506576037366
2009,2009-01-06,True,False,sac,chi,94,99,23,19,25,27,0,22,27,26,24,0,home,9.0,212.0,325.0,-450.0,3.5,104.5,0.0,0,True,1364.6933812676646,1207.4868017638098,1377.3198859031988,1194.8602971282755,157.20657950385475,0.8146632035651434
2009,2009-01-06,True,False,no,lal,116,105,32,29,28,27,0,26,30,36,13,0,home,7.0,196.5,260.0,-320.0,8.0,100.0,0.0,1,False,1893.2951129914418,1719.381177454024,1816.1073158059264,1796.5689746395394,173.91393553741773,0.8287473456565789
2009,2009-01-06,True,False,min,mem,94,87,31,14,27,22,0,23,16,29,19,0,home,3.5,196.0,150.0,-170.0,3.5,103.0,0.0,0,False,1331.6178409117758,1369.7112374228293,1277.8039131138341,1423.525165220771,-38.09339651105347,0.5881597482185397
2009,2009-01-06,True,False,bos,cha,106,114,23,24,25,25,9,28,25,19,25,17,away,9.5,179.0,-600.0,400.0,9.5,90.5,0.0,1,True,1396.7709055441042,1664.78873982524,1466.8197087049437,1594.7399366644006,-268.01783428113595,0.2754412680084313
2009,2009-01-06,True,False,wsh,orl,80,89,24,6,33,17,0,30,16,24,19,0,home,12.5,193.0,850.0,-1300.0,2.0,97.5,0.0,0,True,1744.071369383175,1281.6752099663802,1746.6888680923491,1279.057711257206,462.3961594167947,0.9622181561456392
2009,2009-01-06,True,False,hou,phi,96,104,27,28,16,25,0,24,29,26,25,0,away,3.0,189.0,-155.0,135.0,1.0,93.0,0.0,1,True,1434.933473298093,1535.1016300697606,1483.2958097595047,1486.739293608349,-100.16815677166755,0.4997580029715662
2009,2009-01-07,True,False,ind,phx,113,110,28,33,34,18,0,21,36,29,24,0,home,8.5,223.5,350.0,-500.0,6.5,110.5,0.0,0,False,1609.9647518757865,1349.3153885515787,1566.9717169070534,1392.3084235203119,260.6493633242078,0.8885549274510303
2009,2009-01-07,True,False,lal,gs,114,106,28,28,21,37,0,20,31,29,26,0,away,9.0,225.5,-450.0,325.0,4.0,112.0,0.0,0,False,1314.3895405147118,1816.1073158059264,1305.6793299335714,1824.817526387067,-501.7177752912146,0.0900951743537978
2009,2009-01-07,True,False,det,por,83,84,26,23,19,15,0,20,22,23,19,0,home,2.5,177.0,120.0,-140.0,4.0,88.0,0.0,0,True,1562.835331950352,1635.2307247372369,1576.8755237028329,1621.190532984756,-72.39539278688494,0.5396428405810356
2009,2009-01-07,True,False,mia,den,97,108,21,27,24,25,0,27,32,24,25,0,home,5.5,198.0,200.0,-240.0,1.0,97.0,1.0,1,True,1668.9730632000337,1521.8901226042592,1687.4928193885385,1503.3703664157545,147.08294059577452,0.8057024469781551
2009,2009-01-07,True,False,okc,min,87,129,24,19,23,21,0,42,30,26,31,0,home,5.5,202.5,200.0,-240.0,4.0,103.5,1.0,1,True,1423.525165220771,1200.1396501732368,1441.722516232413,1181.9422991615947,223.38551504753423,0.865478286940016
2009,2009-01-07,True,False,no,utah,90,116,33,13,18,26,0,29,29,26,32,0,home,4.0,192.5,165.0,-185.0,1.5,97.0,1.0,1,True,1586.0005535035182,1796.5689746395394,1680.8354651561278,1701.7340629869298,-210.56842113602124,0.34604199515230366
2009,2009-01-07,True,False,mem,bkn,89,100,18,24,29,18,0,32,23,26,19,0,home,4.0,187.0,150.0,-170.0,2.0,97.5,1.0,1,True,1396.4250818108342,1277.8039131138341,1418.04894562692,1256.1800492977484,118.62116869700003,0.7787651315542635
2009,2009-01-07,True,False,hou,bos,89,85,22,30,19,18,0,31,18,25,11,0,home,10.0,184.5,400.0,-600.0,7.5,90.0,0.0,0,False,1594.7399366644006,1486.739293608349,1545.651648137134,1535.8275821356156,108.00064305605156,0.7680526626228619
2009,2009-01-07,True,False,orl,atl,106,102,29,31,26,20,0,24,21,25,32,0,home,2.5,191.0,120.0,-140.0,5.0,96.5,0.0,1,False,1673.527820435692,1746.6888680923491,1635.390419825333,1784.8262687027081,-73.16104765665705,0.5385477116479813
2009,2009-01-07,True,False,cha,cle,81,111,12,30,14,25,0,29,31,24,27,0,home,14.0,182.5,1100.0,-1800.0,2.5,90.5,1.0,1,True,1737.0106413877593,1466.8197087049437,1749.6342562583409,1454.196093834362,270.1909326828156,0.8938789849320582
2009,2009-01-07,True,False,phi,mil,110,105,30,25,24,31,0,25,34,26,20,0,home,7.0,196.0,250.0,-300.0,3.0,99.0,0.0,1,False,1533.6199576204858,1483.2958097595047,1480.7946117542672,1536.1211556257233,50.32414786098116,0.7037741562678216
2009,2009-01-07,True,False,tor,wsh,99,93,27,23,23,26,0,16,22,22,33,0,home,2.5,191.5,130.0,-150.0,5.0,96.0,0.0,1,False,1279.057711257206,1482.043311165273,1248.5782461304286,1512.5227762920504,-202.98559990806712,0.3559851501128981
2009,2009-01-08,True,False,lac,sa,84,106,22,22,25,15,0,16,27,32,31,0,home,13.0,181.5,1000.0,-1500.0,8.5,89.0,1.0,1,True,1707.435436753029,1210.2039600746232,1710.3039463618745,1207.3354504657777,497.2314766784059,0.968869465503462
2009,2009-01-08,True,False,ny,dal,94,99,29,30,19,16,0,27,27,26,19,0,home,8.0,212.0,305.0,-365.0,7.5,104.5,0.0,0,True,1528.3546671426363,1339.1131166006546,1538.901146626787,1328.566637116504,189.24155054198172,0.8409091501462639
2009,2009-01-09,True,False,bkn,mil,102,104,28,21,26,27,0,28,33,18,25,0,home,7.0,191.0,250.0,-300.0,1.0,97.5,0.0,1,True,1480.7946117542672,1418.04894562692,1493.6004109480748,1405.2431464331123,62.74566612734725,0.7184607813691138
2009,2009-01-09,True,False,mia,sac,119,115,25,33,16,30,15,30,32,20,22,11,away,3.0,193.5,-155.0,135.0,1.5,96.5,1.0,1,False,1194.8602971282755,1503.3703664157545,1178.4718502594926,1519.7588132845374,-308.5100692874789,0.23142533097156487
2009,2009-01-09,True,False,wsh,chi,86,98,16,18,23,29,0,30,22,19,27,0,home,4.5,196.5,170.0,-200.0,2.5,99.5,1.0,0,True,1377.3198859031988,1248.5782461304286,1398.4528893652541,1227.4452426683733,128.7416397727702,0.7886392703330258
2009,2009-01-09,True,False,dal,phx,100,128,31,27,19,23,0,29,35,40,24,0,home,7.0,211.5,250.0,-300.0,2.0,105.5,1.0,1,True,1566.9717169070534,1538.901146626787,1613.608883416626,1492.2639801172145,28.070570280266338,0.6763905952044242
2009,2009-01-09,True,False,det,den,93,90,17,21,23,32,0,25,23,19,23,0,home,5.0,193.0,175.0,-210.0,0.5,95.0,0.0,0,False,1687.4928193885385,1621.190532984756,1646.1580210580394,1662.525331315255,66.30228640378255,0.7225834833166459
2009,2009-01-09,True,False,ind,lal,119,121,36,30,18,35,0,41,27,28,25,0,home,14.0,224.5,1250.0,-2500.0,8.5,111.5,0.0,1,True,1824.817526387067,1392.3084235203119,1826.3211219928075,1390.8048279145712,432.50910286675503,0.9554414233948688
2009,2009-01-09,True,False,cha,phi,87,93,27,18,20,22,0,24,19,31,19,0,home,6.0,191.0,220.0,-260.0,5.0,93.0,2.0,0,True,1536.1211556257233,1454.196093834362,1556.677287229089,1433.6399622309964,81.92506179136126,0.7402454816468201
2009,2009-01-09,True,False,atl,orl,87,121,18,15,27,27,0,41,30,32,18,0,home,5.0,192.0,180.0,-220.0,4.0,98.5,1.0,1,True,1784.8262687027081,1635.390419825333,1810.9822979668245,1609.2343905612167,149.43584887737507,0.8078139980281732
2009,2009-01-09,True,False,lac,no,80,107,23,26,18,13,0,32,30,25,20,0,home,15.5,184.5,1500.0,-3500.0,5.0,92.0,1.0,1,True,1701.7340629869298,1207.3354504657777,1704.8369387310054,1204.2325747217021,494.398612521152,0.9683738362136366
2009,2009-01-09,True,False,bos,cle,83,98,23,17,20,23,0,33,16,23,26,0,home,4.0,182.5,155.0,-175.0,1.0,91.0,1.0,0,True,1749.6342562583409,1545.651648137134,1764.6369146863217,1530.6489897091533,203.9826081212068,0.8519357175776531
2009,2009-01-09,True,False,mem,tor,82,103,19,25,17,21,0,23,24,25,31,0,home,5.5,190.0,195.0,-235.0,2.0,98.5,1.0,0,True,1512.5227762920504,1256.1800492977484,1524.8556360850312,1243.8471895047676,256.342726994302,0.8860762484902293
2009,2009-01-09,True,False,hou,okc,98,96,24,29,24,21,0,24,16,32,24,0,away,6.0,196.5,-260.0,220.0,0.5,96.5,0.0,0,False,1181.9422991615947,1535.8275821356156,1172.8429340057864,1544.9269472914239,-353.8852829740208,0.188240888686774
2009,2009-01-10,True,False,cha,wsh,92,89,23,22,24,23,0,31,18,21,19,0,home,3.5,181.0,155.0,-175.0,1.0,90.5,0.0,2,False,1227.4452426683733,1433.6399622309964,1205.9888724239627,1455.096332475407,-206.19471956262305,0.3517613516714631
2009,2009-01-10,True,False,mil,min,104,106,28,32,23,21,0,19,32,27,28,0,home,1.5,199.5,105.0,-125.0,2.5,100.5,1.0,1,True,1441.722516232413,1493.6004109480748,1462.5656006077468,1472.757326572741,-51.877894715661796,0.5688137954017786
2009,2009-01-10,True,False,ny,hou,76,96,24,21,14,17,0,26,20,31,19,0,home,5.5,204.5,190.0,-230.0,3.0,99.0,1.0,0,True,1544.9269472914239,1328.566637116504,1560.2681940270013,1313.2253903809265,216.36031017491996,0.8607000245413728
2009,2009-01-10,True,False,okc,chi,109,98,31,23,22,18,15,29,22,23,20,4,home,8.5,206.0,320.0,-400.0,7.0,104.0,0.0,1,False,1398.4528893652541,1172.8429340057864,1321.111742461007,1250.1840809100336,225.60995535946768,0.866962141697021
2009,2009-01-10,True,False,det,utah,82,99,21,26,17,18,0,32,25,22,20,0,home,8.0,186.0,315.0,-385.0,1.0,95.0,1.0,0,True,1680.8354651561278,1662.525331315255,1722.8018051518054,1620.5589913195774,18.310133840872822,0.6639725324018864
2009,2009-01-10,True,False,gs,por,100,113,25,24,21,30,0,16,39,28,30,0,home,11.5,210.5,700.0,-1000.0,6.5,104.0,1.0,1,True,1576.8755237028329,1305.6793299335714,1586.5192121113696,1296.0356415250346,271.1961937692615,0.8944266622191619
2009,2009-01-11,True,False,bos,tor,94,88,32,22,21,19,0,20,21,14,33,0,away,5.5,188.5,-220.0,180.0,1.5,94.0,1.0,0,False,1524.8556360850312,1530.6489897091533,1470.7140900752167,1584.7905357189677,-5.793353624122119,0.6323466079040723
2009,2009-01-11,True,False,mia,lal,105,108,21,30,22,32,0,26,24,27,31,0,home,10.5,203.5,550.0,-725.0,7.5,100.5,0.0,1,True,1826.3211219928075,1519.7588132845374,1830.421705283351,1515.658229993994,306.56230870827017,0.9121649950497759
2009,2009-01-11,True,False,ind,gs,117,120,32,29,24,32,0,23,32,31,34,0,away,2.0,234.0,-125.0,105.0,1.0,115.5,0.0,1,True,1296.0356415250346,1390.8048279145712,1326.0749826048789,1360.765486834727,-94.76918638953657,0.5075271771879143
2009,2009-01-11,True,False,orl,sa,105,98,34,21,19,31,0,28,22,22,26,0,home,3.0,187.5,130.0,-150.0,3.0,93.0,0.0,1,False,1710.3039463618745,1810.9822979668245,1664.6455525866024,1856.6406917420966,-100.67835160494997,0.49902377480712606
2009,2009-01-11,True,False,phx,lac,109,103,31,28,27,23,0,25,28,20,30,0,away,9.0,202.0,-535.0,420.0,3.0,100.0,0.0,1,False,1204.2325747217021,1613.608883416626,1191.8869850967412,1625.9544730415869,-409.37630869492386,0.14419041008737724
2009,2009-01-11,True,False,dal,sac,95,102,27,28,23,17,0,29,20,28,25,0,away,2.5,201.5,-135.0,115.0,0.5,99.5,0.0,0,True,1178.4718502594926,1492.2639801172145,1249.2837020603965,1421.4521283163108,-313.7921298577219,0.2260613073535747
2009,2009-01-11,True,False,phi,atl,109,94,30,29,24,26,0,30,22,26,16,0,home,5.5,197.5,185.0,-225.0,5.0,99.0,0.0,1,False,1609.2343905612167,1556.677287229089,1527.3554983164104,1638.5561794738953,52.55710333212778,0.7064468549320243
2009,2009-01-12,True,False,ind,utah,113,120,32,31,24,26,0,36,34,26,24,0,home,10.0,221.0,350.0,-500.0,4.0,108.0,0.0,1,True,1722.8018051518054,1360.765486834727,1727.194676474181,1356.3726155123513,362.03631831707844,0.9346060188534181
2009,2009-01-12,True,False,ny,no,101,95,23,24,22,32,0,23,17,23,32,0,home,11.5,203.5,600.0,-800.0,10.5,99.5,0.0,0,False,1704.8369387310054,1313.2253903809265,1646.739787401464,1371.322541710468,391.6115483500789,0.9442726320086101
2009,2009-01-12,True,False,por,chi,109,95,21,28,28,32,0,28,17,21,29,0,away,2.0,193.5,-130.0,110.0,0.0,98.0,1.0,1,False,1321.111742461007,1586.5192121113696,1287.9332235339712,1619.6977310384054,-265.4074696503626,0.27845024735317336
2009,2009-01-12,True,False,tor,bos,109,115,23,31,24,15,16,19,26,29,19,22,home,10.0,187.0,400.0,-600.0,6.5,93.5,0.0,1,True,1584.7905357189677,1470.7140900752167,1602.142014483604,1453.3626113105804,114.07644564375096,0.7742249091680157
2009,2009-01-12,True,False,okc,bkn,99,103,25,26,14,23,11,25,19,23,21,15,home,7.0,203.0,250.0,-300.0,4.5,102.0,0.0,0,True,1405.2431464331123,1250.1840809100336,1416.7207994390617,1238.7064279040842,155.05906552307874,0.8127894237735371
2009,2009-01-12,True,False,mil,wsh,97,91,25,16,28,28,0,19,33,22,17,0,away,3.0,193.0,-150.0,130.0,3.5,97.5,1.0,0,False,1205.9888724239627,1472.757326572741,1182.2824866246342,1496.4637123720695,-266.76845414877835,0.2768789174057425
2009,2009-01-13,True,False,lal,hou,105,100,25,29,24,27,0,26,28,28,18,0,away,4.0,195.5,-190.0,170.0,3.0,97.0,1.0,1,False,1560.2681940270013,1830.421705283351,1538.7460121368908,1851.9438871734615,-270.1535112563497,0.2729945095327144
2009,2009-01-13,True,False,cha,det,80,78,25,16,21,18,0,27,21,20,10,0,home,7.0,175.5,250.0,-300.0,2.0,87.0,0.0,0,False,1620.5589913195774,1455.096332475407,1586.4766880355623,1489.1786357594221,165.4626588441704,0.8217319458920984
2009,2009-01-13,True,False,mia,min,99,96,20,26,27,26,0,21,31,24,20,0,away,1.0,195.0,-120.0,100.0,1.5,98.0,1.0,2,False,1462.5656006077468,1515.658229993994,1427.9743545251833,1550.2494760765574,-53.092629386247154,0.5670979452441373
2009,2009-01-13,True,False,dal,den,97,99,26,21,25,25,0,33,27,18,21,0,home,6.0,206.0,210.0,-250.0,1.0,102.5,0.0,0,True,1646.1580210580394,1421.4521283163108,1651.4327404095195,1416.1774089648306,224.70589274172858,0.8663607481135803
2009,2009-01-13,True,False,atl,phx,102,107,16,30,29,27,0,31,19,31,26,0,home,7.5,214.0,280.0,-340.0,3.5,108.5,0.0,0,True,1625.9544730415869,1527.3554983164104,1643.3013232098117,1510.0086481481856,98.5989747251765,0.7582717366921543
2009,2009-01-13,True,False,orl,sac,139,107,41,34,32,32,0,29,27,29,22,0,away,7.5,205.5,-340.0,280.0,2.5,102.5,1.0,1,False,1249.2837020603965,1856.6406917420966,1241.4151592859912,1864.509234516502,-607.3569896817,0.051145468572965196
2009,2009-01-13,True,False,cle,mem,102,87,26,21,29,26,0,20,24,22,21,0,away,8.0,185.5,-380.0,310.0,4.0,93.0,1.0,1,False,1243.8471895047676,1764.6369146863217,1233.9057957309565,1774.5783084601328,-520.7897251815541,0.08149090623296465
2009,2009-01-14,True,False,no,dal,104,97,26,25,28,25,0,30,26,23,18,0,away,4.5,189.0,-190.0,160.0,2.5,95.5,1.0,1,False,1416.1774089648306,1646.739787401464,1386.855166875707,1676.0620294905875,-230.56237843663325,0.320477676134275
2009,2009-01-14,True,False,det,ind,106,110,29,19,26,19,13,31,22,21,19,17,home,2.0,201.5,125.0,-145.0,0.0,100.5,1.0,1,True,1356.3726155123513,1586.4766880355623,1404.4524663417292,1538.3968372061845,-230.10407252321102,0.3210524779839244
2009,2009-01-14,True,False,chi,tor,102,98,27,20,21,34,0,18,30,23,27,0,home,4.5,198.5,175.0,-210.0,3.0,99.5,0.0,1,False,1453.3626113105804,1287.9332235339712,1403.4332189455124,1337.8626158990392,165.42938777660925,0.8217038881390142
2009,2009-01-14,True,False,lal,sa,111,112,29,32,26,24,0,30,33,32,17,0,home,2.5,200.0,130.0,-150.0,1.0,100.5,0.0,1,True,1664.6455525866024,1851.9438871734615,1683.6477382591604,1832.9417015009035,-187.29833458685903,0.3769463855488453
2009,2009-01-14,True,False,mia,mil,102,99,28,27,25,22,0,24,31,18,26,0,home,6.0,194.0,210.0,-250.0,3.5,98.0,0.0,1,False,1496.4637123720695,1550.2494760765574,1461.9322309783092,1584.7809574703176,-53.78576370448786,0.566118147287812
2009,2009-01-14,True,False,atl,lac,97,80,15,28,23,31,0,12,19,27,22,0,away,4.0,190.5,-175.0,155.0,1.5,96.5,1.0,0,False,1191.8869850967412,1510.0086481481856,1163.6880867196617,1538.2075465252651,-318.12166305144433,0.22173066570890462
2009,2009-01-14,True,False,wsh,ny,122,128,30,36,21,35,0,36,31,27,34,0,home,4.5,199.5,160.0,-190.0,2.5,100.5,1.0,1,True,1371.322541710468,1182.2824866246342,1382.789486880698,1170.8155414544042,189.04005508583373,0.8407539161103903
2009,2009-01-14,True,False,por,phi,79,100,15,18,26,20,0,31,24,14,31,0,away,2.0,195.0,-130.0,110.0,4.5,98.5,0.0,0,True,1638.5561794738953,1619.6977310384054,1683.3180191357833,1574.9358913765175,18.85844843548989,0.6646763908411317
2009,2009-01-14,True,False,utah,okc,93,114,22,26,23,22,0,27,23,36,28,0,away,5.5,202.5,-225.0,185.0,5.0,105.5,0.0,1,True,1238.7064279040842,1727.194676474181,1361.58280795722,1604.3182964210453,-488.48824857009686,0.09653618695093806
2009,2009-01-14,True,False,bkn,bos,86,118,23,18,19,26,0,30,21,37,30,0,home,10.0,190.5,450.0,-600.0,2.5,96.5,1.0,1,True,1602.142014483604,1416.7207994390617,1623.1738376927196,1395.688976229946,185.42121504454235,0.8379449871513343
2009,2009-01-14,True,False,sac,gs,135,133,31,26,28,20,30,20,28,29,28,28,home,5.0,227.0,175.0,-210.0,5.5,112.5,0.0,1,False,1326.0749826048789,1241.4151592859912,1292.9508178947635,1274.5393239961065,84.65982331888767,0.7432610255983767
2009,2009-01-15,True,False,phx,den,113,119,35,27,20,21,10,26,30,26,21,16,home,3.0,217.5,130.0,-150.0,3.0,107.5,1.0,1,True,1651.4327404095195,1643.3013232098117,1681.0920938109482,1613.641969808383,8.131417199707812,0.650776574182277
2009,2009-01-15,True,False,por,bkn,105,99,27,19,22,37,0,29,21,21,28,0,away,2.0,186.0,-135.0,115.0,2.5,95.0,1.0,1,False,1395.688976229946,1574.9358913765175,1362.4776477026282,1608.1472199038353,-179.24691514657138,0.38789196995649594
2009,2009-01-15,True,False,cle,chi,93,102,28,20,23,16,6,20,26,25,16,15,away,7.5,196.5,-360.0,300.0,4.0,99.5,0.0,0,True,1337.8626158990392,1774.5783084601328,1426.4274749660667,1686.0134493931052,-436.71569256109365,0.12583569128751684
2009,2009-01-16,True,False,no,cle,78,92,17,19,22,20,0,28,23,17,24,0,home,2.5,184.5,120.0,-140.0,3.5,91.5,1.0,0,True,1686.0134493931052,1676.0620294905875,1726.9344102518448,1635.141068631848,9.951419902517728,0.6531538170371519
2009,2009-01-16,True,False,atl,gs,114,119,20,31,30,33,0,23,33,29,34,0,away,1.5,216.5,-130.0,110.0,2.0,111.0,0.0,1,True,1292.9508178947635,1538.2075465252651,1347.952285190187,1483.2060792298416,-245.25672863050158,0.3023431051480296
2009,2009-01-16,True,False,mil,sac,129,122,37,30,31,31,0,18,29,36,39,0,home,0.0,207.0,-110.0,-110.0,4.5,103.5,0.0,1,False,1274.5393239961065,1461.9322309783092,1240.0621507424767,1496.409404231939,-187.3929069822027,0.3768185369460715
2009,2009-01-16,True,False,min,phx,105,103,27,22,24,32,0,23,30,26,24,0,home,8.0,216.5,310.0,-380.0,3.5,111.5,0.0,0,False,1613.641969808383,1427.9743545251833,1579.471618406926,1462.1447059266404,185.66761528319967,0.8381375030500797
2009,2009-01-16,True,False,orl,lal,109,103,20,24,30,35,0,23,29,23,28,0,home,4.5,216.0,160.0,-190.0,0.0,106.0,0.0,0,False,1832.9417015009035,1864.509234516502,1781.8069991356163,1915.6439368817892,-31.56753301559843,0.5972281541611741
2009,2009-01-16,True,False,det,okc,79,89,18,28,21,12,0,21,28,22,18,0,away,4.5,189.5,-200.0,170.0,0.5,93.5,0.0,0,True,1361.58280795722,1538.3968372061845,1425.813351898218,1474.1662932651866,-176.81402924896452,0.39122233313194354
2009,2009-01-16,True,False,tor,ind,104,111,20,22,23,39,0,20,36,33,22,0,home,4.5,213.5,170.0,-200.0,2.0,105.0,1.0,1,True,1404.4524663417292,1403.4332189455124,1437.227893547288,1370.6577917399536,1.0192473962167696,0.6414155958267747
2009,2009-01-16,True,False,ny,wsh,89,96,25,12,35,17,0,31,18,21,26,0,home,3.5,209.0,140.0,-160.0,2.0,103.0,1.0,0,True,1170.8155414544042,1382.789486880698,1230.817021668916,1322.7880066661862,-211.97394542629377,0.34421334885247395
2009,2009-01-16,True,False,utah,mem,101,91,26,28,26,21,0,21,22,26,22,0,away,4.5,194.5,-200.0,170.0,1.5,100.5,1.0,0,False,1233.9057957309565,1604.3182964210453,1215.5335546353042,1622.6905375166975,-370.4125006900888,0.17413226454415148
2009,2009-01-16,True,False,sa,phi,87,109,18,29,23,17,0,28,26,31,24,0,away,3.0,193.5,-140.0,120.0,3.5,99.5,0.0,1,True,1683.3180191357833,1683.6477382591604,1733.0356223512579,1633.9301350436858,-0.3297191233771173,0.6396276153583704
2009,2009-01-17,True,False,no,det,91,85,18,21,28,24,0,20,17,31,17,0,away,2.5,175.5,-140.0,120.0,1.0,87.0,1.0,1,False,1474.1662932651866,1635.141068631848,1438.7932116619909,1670.5141502350434,-160.97477536666133,0.4131401818270941
2009,2009-01-17,True,False,utah,dal,108,115,23,28,30,27,0,17,38,28,32,0,home,5.0,199.5,180.0,-220.0,1.5,103.0,1.0,1,True,1386.855166875707,1622.6905375166975,1449.6298315847546,1559.91587280765,-235.8353706409905,0.31390380705143717
2009,2009-01-17,True,False,por,cha,97,102,18,27,22,23,7,24,26,17,23,12,away,2.5,178.5,-140.0,120.0,3.0,90.5,0.0,1,True,1489.1786357594221,1608.1472199038353,1530.7473111257286,1566.5785445375288,-118.96858414441317,0.47272910332739176
2009,2009-01-17,True,False,mia,hou,86,93,21,15,28,22,0,25,20,24,24,0,home,3.5,186.5,145.0,-165.0,1.0,92.0,1.0,0,True,1538.7460121368908,1584.7809574703176,1577.4446090170322,1546.0823605901762,-46.034945333426776,0.5770433802398391
2009,2009-01-17,True,False,bos,bkn,105,85,29,39,15,22,0,15,24,24,22,0,away,6.5,192.0,-280.0,240.0,2.5,97.5,1.0,0,False,1362.4776477026282,1623.1738376927196,1324.4424390474842,1661.2090463478637,-260.6961899900914,0.28393174234267615
2009,2009-01-17,True,False,sa,chi,92,87,28,15,22,27,0,17,26,16,28,0,away,3.5,194.5,-165.0,145.0,2.5,99.0,1.0,0,False,1426.4274749660667,1633.9301350436858,1398.8307174566585,1661.526892553094,-207.5026600776191,0.3500464460081502
2009,2009-01-17,True,False,orl,den,106,88,26,21,32,27,0,23,25,22,18,0,home,1.5,210.0,105.0,-125.0,0.5,103.5,0.0,0,False,1681.0920938109482,1915.6439368817892,1640.2177474404448,1956.5182832522926,-234.55184307084096,0.315497255702825
2009,2009-01-17,True,False,mil,lac,92,101,30,23,23,16,0,32,20,25,24,0,away,3.0,192.0,-155.0,135.0,2.0,94.5,0.0,1,True,1163.6880867196617,1496.409404231939,1243.9724044105244,1416.1250865410764,-332.72131751227744,0.2075673600793334
2009,2009-01-17,True,False,phi,ny,107,97,26,26,24,31,0,25,25,16,31,0,away,2.0,210.5,-135.0,115.0,1.0,104.5,1.0,0,False,1322.7880066661862,1733.0356223512579,1307.6400376019815,1748.1835914154626,-410.24761568507165,0.14357258554694952
2009,2009-01-18,True,False,mia,okc,104,94,31,26,27,20,0,27,23,23,21,0,home,1.0,193.5,105.0,-125.0,2.5,96.0,0.0,1,False,1425.813351898218,1546.0823605901762,1376.1337616049598,1595.7619508834343,-120.26900869195833,0.47086359874941475
2009,2009-01-18,True,False,phx,tor,117,113,36,35,24,22,0,34,29,24,26,0,away,4.0,207.5,-175.0,155.0,0.0,104.0,2.0,1,False,1370.6577917399536,1579.471618406926,1345.9906249206488,1604.1387852262308,-208.81382666697232,0.3483311927600878
2009,2009-01-19,True,False,tor,atl,84,87,24,27,13,20,0,23,19,20,25,0,home,7.5,196.0,290.0,-350.0,7.0,97.0,0.0,0,True,1483.2060792298416,1345.9906249206488,1494.1128806597246,1335.0838234907658,137.21545430919286,0.7966556891947676
2009,2009-01-19,True,False,den,hou,113,115,36,32,19,26,0,36,29,25,25,0,home,2.5,192.5,115.0,-135.0,2.0,95.5,0.0,1,True,1577.4446090170322,1640.2177474404448,1599.0342456680594,1618.6281107894176,-62.77313842341255,0.5533696779912417
2009,2009-01-19,True,False,wsh,gs,98,119,23,25,31,19,0,28,32,26,33,0,home,4.5,218.5,170.0,-200.0,1.5,111.0,1.0,0,True,1347.952285190187,1230.817021668916,1375.0664135734107,1203.7028932856922,117.1352635212711,0.7772879257814421
2009,2009-01-19,True,False,dal,phi,95,93,16,26,32,21,0,22,24,17,30,0,home,4.0,200.5,145.0,-165.0,1.0,99.0,0.0,0,False,1748.1835914154626,1449.6298315847546,1714.3681880494578,1483.4452349507594,298.55375983070803,0.9084005264486219
2009,2009-01-19,True,False,sa,cha,86,84,29,17,17,23,0,21,20,27,16,0,away,5.0,178.0,-220.0,180.0,1.5,90.5,0.0,0,False,1530.7473111257286,1661.526892553094,1508.7134483847267,1683.560755294096,-130.77958142736543,0.45582014047662456
2009,2009-01-19,True,False,chi,ny,98,102,20,34,23,21,0,22,35,21,24,0,home,2.0,208.0,110.0,-130.0,1.0,102.5,1.0,0,True,1307.6400376019815,1398.8307174566585,1342.1500941918698,1364.3206608667701,-91.190679854677,0.512674914706211
2009,2009-01-19,True,False,mil,por,85,102,19,21,24,21,0,22,23,26,31,0,home,6.0,198.5,230.0,-270.0,2.0,98.0,1.0,0,True,1566.5785445375288,1416.1250865410764,1587.7233078105294,1394.9803232680758,150.45345799645247,0.8087217896996077
2009,2009-01-19,True,False,det,mem,87,79,20,23,24,20,0,17,22,30,10,0,away,4.5,177.5,-175.0,155.0,1.5,88.0,1.0,0,False,1215.5335546353042,1438.7932116619909,1183.6588015606997,1470.6679647365954,-223.25965702668668,0.3297005748585171
2009,2009-01-19,True,False,phx,bos,87,104,15,19,24,29,0,30,34,25,15,0,home,8.0,207.0,320.0,-400.0,4.0,100.5,1.0,0,True,1661.2090463478637,1604.1387852262308,1695.8817904038278,1569.4660411702666,57.07026112163294,0.7118055008218717
2009,2009-01-19,True,False,cle,lal,88,105,24,26,16,22,0,26,23,26,30,0,home,5.0,202.5,180.0,-220.0,3.5,102.5,1.0,0,True,1781.8069991356163,1726.9344102518448,1816.8656910119885,1691.8757183754726,54.872588883771414,0.7092033941381466
2009,2009-01-19,True,False,min,lac,94,86,26,21,24,23,0,16,20,28,22,0,away,7.0,194.0,-280.0,240.0,0.5,98.5,1.0,0,False,1243.9724044105244,1462.1447059266404,1211.4688642376095,1494.6482460995553,-218.17230151611602,0.33620451442759425
2009,2009-01-19,True,False,ind,no,100,103,28,27,10,35,0,26,30,18,29,0,home,7.0,208.0,240.0,-280.0,4.0,102.5,0.0,0,True,1670.5141502350434,1437.227893547288,1676.8460415487232,1430.8960022336082,233.28625668775544,0.8719766431906747
2009,2009-01-20,True,False,min,utah,107,112,25,24,31,27,0,32,26,25,29,0,home,8.5,205.5,325.0,-450.0,2.0,109.0,0.0,1,True,1559.91587280765,1494.6482460995553,1580.535152731658,1474.0289661755473,65.26762670809467,0.7213879865229875
2009,2009-01-20,True,False,sac,den,99,118,31,16,28,24,0,23,34,37,24,0,home,9.5,220.5,350.0,-500.0,2.0,108.5,1.0,0,True,1618.6281107894176,1240.0621507424767,1624.3472048744075,1234.3430566574868,378.565960046941,0.9401865136199273
2009,2009-01-20,True,False,atl,chi,105,102,22,28,27,28,0,22,31,24,25,0,home,4.0,198.5,160.0,-190.0,2.0,104.5,0.0,1,False,1364.3206608667701,1494.1128806597246,1336.4310047553536,1522.0025367711412,-129.79221979295448,0.4572303245913546
2009,2009-01-20,True,False,ind,sa,81,99,17,23,17,24,0,22,31,28,18,0,home,7.5,208.0,270.0,-330.0,0.0,102.0,1.0,0,True,1683.560755294096,1430.8960022336082,1695.5660324023397,1418.8907251253645,252.66475306048778,0.8839214934983665
2009,2009-01-21,True,False,lal,lac,108,97,25,33,30,20,0,27,28,18,24,0,away,16.0,203.0,-3000.0,1500.0,8.5,101.5,0.0,1,False,1211.4688642376095,1816.8656910119885,1205.8166535235314,1822.5179017260666,-605.396826774379,0.05169583912611949
2009,2009-01-21,True,False,utah,hou,99,108,19,23,31,26,0,31,24,25,28,0,home,5.5,198.5,200.0,-240.0,1.0,102.5,1.0,1,True,1599.0342456680594,1580.535152731658,1632.4359618287083,1547.133436571009,18.49909293640144,0.6642151771497474
2009,2009-01-21,True,False,cle,por,104,98,28,25,21,30,0,25,20,24,29,0,away,1.0,182.5,-110.0,-110.0,3.0,91.5,1.0,1,False,1587.7233078105294,1691.8757183754726,1545.4249083741906,1734.1741178118114,-104.15241056494324,0.4940244853460931
2009,2009-01-21,True,False,okc,gs,122,121,37,35,17,33,0,36,32,27,26,0,home,6.0,221.5,210.0,-250.0,7.0,112.0,0.0,1,False,1375.0664135734107,1376.1337616049598,1355.5886142179588,1395.6115609604117,-1.0673480315490451,0.6386482849441097
2009,2009-01-21,True,False,wsh,sac,110,107,31,23,35,21,0,21,23,26,37,0,home,2.0,207.5,125.0,-145.0,4.0,105.5,0.0,1,False,1234.3430566574868,1203.7028932856922,1194.1207372166434,1243.9252127265356,30.640163371794642,0.6796198268227261
2009,2009-01-21,True,False,phx,ny,109,114,30,28,21,30,0,26,28,30,30,0,away,6.0,219.5,-260.0,220.0,3.0,107.0,0.0,1,True,1342.1500941918698,1569.4660411702666,1395.3999627184533,1516.2161726436832,-227.31594697839682,0.3245609662012945
2009,2009-01-21,True,False,bos,mia,98,83,29,28,21,20,0,10,24,30,19,0,away,5.5,186.5,-250.0,210.0,2.0,92.5,1.0,0,False,1595.7619508834343,1695.8817904038278,1534.7860384198098,1756.8577028674524,-100.1198395203935,0.4998275370735835
2009,2009-01-21,True,False,mem,cha,86,101,15,26,23,22,0,21,25,24,31,0,home,6.0,179.0,220.0,-260.0,1.0,93.0,1.0,1,True,1508.7134483847267,1183.6588015606997,1516.0486209215824,1176.323629023844,325.05464682402703,0.9203279495600052
2009,2009-01-21,True,False,dal,mil,99,133,30,28,27,14,0,22,42,37,32,0,away,1.0,202.0,-120.0,100.0,2.0,100.0,0.0,1,True,1394.9803232680758,1483.4452349507594,1470.602057064394,1407.8235011544411,-88.46491168268358,0.5165942297705302
2009,2009-01-21,True,False,tor,det,76,95,22,21,19,14,0,17,29,30,19,0,home,5.5,178.0,200.0,-240.0,2.0,90.0,1.0,0,True,1470.6679647365954,1335.0838234907658,1494.448096752407,1311.3036914749541,135.58414124582964,0.7951302179233788
2009,2009-01-21,True,False,bkn,no,92,102,28,18,16,30,0,22,25,28,27,0,home,5.0,188.5,180.0,-220.0,3.0,95.0,1.0,1,True,1676.8460415487232,1324.4424390474842,1682.2185840955478,1319.0698965006595,352.403602501239,0.9311342479709718
2009,2009-01-22,True,False,bos,orl,90,80,24,20,21,25,0,19,17,18,26,0,home,4.5,191.5,170.0,-200.0,4.0,96.5,0.0,0,False,1956.5182832522926,1756.8577028674524,1881.8709277337962,1831.5050583859488,199.66058038484016,0.8487698174063262
2009,2009-01-22,True,False,wsh,lal,97,117,24,23,21,29,0,31,41,25,20,0,home,14.0,208.5,1100.0,-1600.0,2.5,104.0,1.0,1,True,1822.5179017260666,1243.9252127265356,1824.1911906914902,1242.251923761112,578.592688999531,0.9802817132210935
2009,2009-01-23,True,False,okc,lac,104,107,29,24,19,32,0,25,25,27,30,0,away,3.5,193.5,-160.0,140.0,1.0,96.5,0.0,1,True,1205.8166535235314,1395.6115609604117,1244.0265373783855,1357.4016771055576,-189.7949074368803,0.3735771596552148
2009,2009-01-23,True,False,no,min,108,116,30,26,25,27,0,25,26,28,37,0,home,0.0,194.0,-110.0,-110.0,1.5,98.0,1.0,1,True,1474.0289661755473,1682.2185840955478,1536.9520274256154,1619.2955228454798,-208.1896179200005,0.34914728853119226
2009,2009-01-23,True,False,cle,gs,106,105,28,27,29,22,0,26,28,27,24,0,away,6.0,216.0,-260.0,220.0,4.0,108.5,0.0,0,False,1355.5886142179588,1734.1741178118114,1350.4810431377289,1739.2816888920413,-378.58550359385254,0.16746971519171977
2009,2009-01-23,True,False,bkn,sa,91,94,24,26,16,25,0,26,18,28,22,0,home,11.5,189.5,700.0,-1100.0,9.5,95.0,0.0,0,True,1695.5660324023397,1319.0698965006595,1698.2464074475497,1316.3895214554495,376.4961359016802,0.9395129464961435
2009,2009-01-23,True,False,tor,chi,114,94,28,26,29,31,0,25,29,20,20,0,home,2.0,197.0,110.0,-130.0,1.5,98.5,0.0,1,False,1336.4310047553536,1311.3036914749541,1248.5294056436933,1399.2052905866144,25.12731328039945,0.6726710314374534
2009,2009-01-23,True,False,dal,det,112,91,31,32,27,22,0,25,26,21,19,0,home,4.0,186.5,155.0,-175.0,5.5,93.5,0.0,1,False,1494.448096752407,1407.8235011544411,1401.1494662771565,1501.1221316296917,86.62459559796594,0.7454133276731058
2009,2009-01-23,True,False,mil,atl,87,117,19,28,20,20,0,27,31,28,31,0,home,5.5,203.5,190.0,-230.0,0.5,103.5,1.0,1,True,1522.0025367711412,1470.602057064394,1564.3873867825578,1428.2172070529775,51.40047970674709,0.7050642129246794
2009,2009-01-23,True,False,mem,ny,88,108,30,15,17,26,0,27,29,16,36,0,home,6.0,202.5,200.0,-240.0,0.0,103.5,1.0,0,True,1395.3999627184533,1176.323629023844,1410.502205626051,1161.2213861162463,219.07633369460927,0.8625640034240523
2009,2009-01-23,True,False,phx,cha,76,98,13,24,18,21,0,21,38,22,17,0,away,4.0,199.5,-175.0,155.0,6.5,99.0,0.0,0,True,1516.0486209215824,1516.2161726436832,1565.7365416690136,1466.528251896252,-0.16755172210082492,0.6398427653474902
2009,2009-01-23,True,False,hou,ind,102,107,24,16,25,37,0,21,29,22,35,0,home,0.0,209.5,-110.0,-110.0,2.5,104.0,1.0,0,True,1418.8907251253645,1632.4359618287083,1470.751989316979,1580.5746976370938,-213.5452367033438,0.34217448518814203
2009,2009-01-24,True,False,cle,utah,102,97,33,14,34,21,0,23,26,24,24,0,home,3.0,196.0,130.0,-150.0,1.0,97.5,0.0,1,False,1547.133436571009,1739.2816888920413,1517.9310790895006,1768.4840463735497,-192.14825232103226,0.3704124097904119
2009,2009-01-24,True,False,sac,mil,104,106,36,27,19,22,0,33,29,22,22,0,home,7.0,216.5,260.0,-320.0,5.0,108.5,0.0,0,True,1428.2172070529775,1194.1207372166434,1433.2114594340594,1189.1264848355615,234.0964698363341,0.8724963943451338
2009,2009-01-24,True,False,wsh,por,87,100,17,14,24,32,0,22,17,34,27,0,home,9.5,193.0,400.0,-600.0,3.0,96.0,1.0,0,True,1545.4249083741906,1242.251923761112,1553.3918101316476,1234.285022003655,303.1729846130786,0.9105891901000558
2009,2009-01-24,True,False,ny,phi,110,116,30,36,15,29,0,36,27,23,30,0,home,7.5,206.5,270.0,-330.0,6.0,102.5,0.0,1,True,1714.3681880494578,1410.502205626051,1720.2181718279699,1404.6522218475388,303.8659824234069,0.9109134466386339
2009,2009-01-24,True,False,bkn,mem,99,88,25,22,25,27,0,17,23,30,18,0,away,1.0,191.5,-120.0,100.0,1.5,97.5,1.0,0,False,1161.2213861162463,1316.3895214554495,1115.1617538826595,1362.4491536890364,-155.16813533920322,0.42126726313035523
2009,2009-01-24,True,False,orl,mia,97,103,29,23,16,29,0,32,24,27,20,0,away,7.5,194.0,-330.0,270.0,6.0,97.5,0.0,1,True,1534.7860384198098,1881.8709277337962,1603.7704697983104,1812.8864963552955,-347.0848893139864,0.19429579693792676
2009,2009-01-25,True,False,sa,lal,85,99,23,22,21,19,0,22,29,28,20,0,home,7.0,201.0,270.0,-330.0,2.0,101.0,1.0,0,True,1824.1911906914902,1698.2464074475497,1846.8439682168619,1675.593629922178,125.94478324394049,0.785943132624815
2009,2009-01-25,True,False,dal,bos,100,124,23,24,31,22,0,38,36,29,21,0,home,9.0,192.0,350.0,-500.0,2.0,95.5,1.0,1,True,1831.5050583859488,1501.1221316296917,1839.7504629186842,1492.8767270969563,330.3829267562571,0.9225481615647958
2009,2009-01-25,True,False,utah,den,97,117,26,25,26,20,0,35,25,31,26,0,home,8.0,214.5,290.0,-350.0,1.5,109.0,1.0,0,True,1624.3472048744075,1517.9310790895006,1652.6273743822871,1489.650909581621,106.41612578490685,0.7664237672776792
2009,2009-01-25,True,False,lac,gs,92,107,18,26,20,28,0,28,27,29,23,0,home,11.0,218.5,500.0,-700.0,3.0,108.0,1.0,0,True,1350.4810431377289,1244.0265373783855,1376.2300021854726,1218.2775783306417,106.45450575934342,0.766463315997285
2009,2009-01-25,True,False,cha,ind,93,98,25,19,26,23,0,26,28,23,21,0,home,5.0,201.5,170.0,-200.0,0.0,98.5,2.0,0,True,1470.751989316979,1565.7365416690136,1509.6017037186878,1526.8868272673049,-94.9845523520346,0.5072173080437559
2009,2009-01-25,True,False,hou,det,108,105,39,22,28,19,0,27,30,24,24,0,home,3.0,178.5,135.0,-155.0,3.0,90.5,0.0,1,False,1401.1494662771565,1580.5746976370938,1377.5041027151656,1604.2200611990847,-179.42523135993724,0.3876482812602396
2009,2009-01-25,True,False,chi,min,108,109,30,25,27,15,11,19,30,28,20,12,home,4.0,207.0,170.0,-200.0,4.0,104.0,0.0,1,True,1536.9520274256154,1248.5294056436933,1539.2379323474897,1246.243500721819,288.4226217819221,0.9034308593671454
2009,2009-01-25,True,False,phx,atl,104,99,27,28,28,21,0,26,31,23,19,0,home,4.0,210.0,155.0,-175.0,2.0,105.0,0.0,0,False,1564.3873867825578,1466.528251896252,1509.991907122106,1520.9237315567036,97.85913488630581,0.7574902474274939
2009,2009-01-25,True,False,sac,tor,97,113,28,25,21,23,0,26,30,31,26,0,home,9.0,211.0,350.0,-500.0,4.5,105.0,1.0,0,True,1399.2052905866144,1189.1264848355615,1414.0083414224607,1174.3234339997152,210.07880575105287,0.8563078874053005
2009,2009-01-26,True,False,atl,mia,79,95,14,13,24,28,0,17,29,18,31,0,home,3.0,192.5,130.0,-150.0,3.5,98.5,1.0,0,True,1603.7704697983104,1509.991907122106,1631.9048363980487,1481.8575405223678,93.77856267620427,0.7531491685786795
2009,2009-01-26,True,False,phi,no,86,101,23,24,16,23,0,20,20,29,32,0,home,3.0,193.5,130.0,-150.0,3.5,95.5,1.0,0,True,1619.2955228454798,1720.2181718279699,1680.4544576911496,1659.0592369823,-100.92264898249005,0.4986722045005729
2009,2009-01-26,True,False,hou,ny,98,104,23,35,22,18,0,29,26,19,30,0,home,0.0,207.5,100.0,-120.0,1.5,101.5,1.0,0,True,1404.6522218475388,1604.2200611990847,1459.4055288942775,1549.466754152346,-199.5678393515459,0.36050832430497737
2009,2009-01-26,True,False,por,lac,113,88,21,28,28,36,0,22,26,25,15,0,away,10.5,187.0,-700.0,500.0,6.5,95.0,1.0,1,False,1218.2775783306417,1553.3918101316476,1188.8449958742829,1582.8243925880065,-335.1142318010059,0.20531077601519443
2009,2009-01-26,True,False,bkn,okc,85,94,23,17,14,31,0,24,27,31,12,0,home,1.5,203.5,105.0,-125.0,2.5,102.5,1.0,0,True,1357.4016771055576,1362.4491536890364,1394.5489451972687,1325.3018855973253,-5.047476583478783,0.6333442374997535
2009,2009-01-26,True,False,phx,wsh,103,87,22,29,24,28,0,24,27,22,14,0,away,4.5,207.0,-185.0,165.0,0.0,103.0,1.0,0,False,1234.285022003655,1520.9237315567036,1202.5498163160973,1552.6589372442613,-286.63870955304856,0.25457125430753014
2009,2009-01-26,True,False,min,mil,90,83,20,27,27,16,0,21,22,17,23,0,home,3.5,203.5,145.0,-165.0,1.5,103.0,0.0,0,False,1433.2114594340594,1539.2379323474897,1388.2571867302825,1584.1922050512667,-106.02647291343033,0.4913280780038575
2009,2009-01-27,True,False,sa,utah,106,100,25,25,30,26,0,28,21,31,20,0,home,0.0,192.5,-110.0,-110.0,0.5,98.5,0.0,1,False,1489.650909581621,1675.593629922178,1457.2196746462562,1708.0248648575428,-185.94272034055712,0.3787808607792702
2009,2009-01-27,True,False,den,mem,100,85,24,30,21,25,0,25,20,23,17,0,away,6.5,204.5,-280.0,240.0,0.5,101.0,1.0,0,False,1115.1617538826595,1652.6273743822871,1106.062431610933,1661.7266966540137,-537.4656204996277,0.07458833589130932
2009,2009-01-27,True,False,cha,lal,117,110,23,26,27,17,24,16,32,22,23,17,home,11.0,196.0,600.0,-800.0,8.5,97.0,0.0,1,False,1846.8439682168619,1526.8868272673049,1783.2006186164374,1590.5301768677293,319.957140949557,0.9181496361929941
2009,2009-01-27,True,False,ind,orl,111,135,18,32,37,24,0,36,32,34,33,0,home,9.0,215.5,350.0,-500.0,0.5,105.5,1.0,1,True,1812.8864963552955,1509.6017037186878,1822.5972528836057,1499.8909471903776,303.2847926366078,0.9106415774487081
2009,2009-01-27,True,False,sac,cle,110,117,27,29,26,28,0,26,34,28,29,0,home,13.5,205.0,900.0,-1400.0,7.5,101.0,0.0,1,True,1768.4840463735497,1174.3234339997152,1769.5205035387946,1173.2869768344704,594.1606123738345,0.9819414015720516
2009,2009-01-28,True,False,chi,lac,95,75,24,23,26,22,0,19,25,9,22,0,away,2.5,196.5,-150.0,130.0,1.0,98.0,1.0,0,False,1188.8449958742829,1246.243500721819,1113.6935940475119,1321.39490254859,-57.39850484753606,0.5610030604442038
2009,2009-01-28,True,False,cha,por,74,88,18,22,18,16,0,32,24,18,14,0,home,11.5,179.5,600.0,-800.0,2.5,88.5,1.0,0,True,1582.8243925880065,1590.5301768677293,1626.9372447107828,1546.417324744953,-7.70578427972282,0.6297835170987107
2009,2009-01-28,True,False,gs,dal,93,117,25,22,23,23,0,31,38,23,25,0,home,6.5,225.0,250.0,-300.0,2.5,111.5,1.0,0,True,1492.8767270969563,1376.2300021854726,1521.1863383918478,1347.920390890581,116.64672491148372,0.7768007128752779
2009,2009-01-28,True,False,det,min,98,89,22,28,21,27,0,24,28,20,17,0,away,1.0,188.0,-120.0,100.0,1.0,94.5,1.0,0,False,1584.1922050512667,1377.5041027151656,1512.4994930765038,1449.1968146899285,206.6881023361011,0.8538895027492134
2009,2009-01-28,True,False,mem,okc,102,114,37,20,14,29,2,24,32,25,19,14,home,7.0,196.5,250.0,-300.0,5.0,100.5,1.0,1,True,1394.5489451972687,1106.062431610933,1403.0045690184952,1097.6068077897064,288.48651358633583,0.903462941977642
2009,2009-01-28,True,False,phi,hou,95,93,27,18,26,24,0,26,25,25,17,0,home,5.0,194.5,190.0,-230.0,1.0,97.0,0.0,0,False,1549.466754152346,1659.0592369823,1525.964418507418,1682.561572627228,-109.59248282995395,0.4861988141219027
2009,2009-01-28,True,False,atl,ny,104,112,26,29,19,30,0,25,22,35,30,0,home,0.0,208.0,-110.0,-110.0,2.0,106.5,1.0,1,True,1459.4055288942775,1481.8575405223678,1497.1308370325805,1444.1322323840648,-22.452011628090304,0.6097834624537712
2009,2009-01-28,True,False,tor,bkn,107,106,21,29,34,23,0,27,27,23,29,0,away,2.0,197.0,-130.0,110.0,2.0,98.0,0.0,1,False,1325.3018855973253,1414.0083414224607,1309.5571390469286,1429.7530879728574,-88.70645582513544,0.5162469947343379
2009,2009-01-28,True,False,wsh,mia,71,93,23,16,17,15,0,18,23,29,23,0,home,8.5,191.0,320.0,-400.0,4.5,97.5,1.0,0,True,1631.9048363980487,1202.5498163160973,1636.2808701927372,1198.1737825214088,429.35502008195135,0.9546620271454421
2009,2009-01-28,True,False,sac,bos,100,119,30,19,29,22,0,28,40,24,27,0,home,17.0,205.0,1500.0,-3500.0,4.0,102.0,1.0,1,True,1839.7504629186842,1173.2869768344704,1840.6983685281834,1172.3390712249711,666.4634860842139,0.9880159056114153
2009,2009-01-28,True,False,mil,ind,99,107,22,29,27,21,0,38,25,19,25,0,home,6.5,214.0,210.0,-250.0,1.5,105.5,1.0,0,True,1499.8909471903776,1388.2571867302825,1519.7410091922186,1368.4071247284414,111.63376046009512,0.7717575235586922
2009,2009-01-28,True,False,den,no,81,94,20,24,21,16,0,19,27,22,26,0,home,4.0,199.5,155.0,-175.0,2.0,97.0,1.0,0,True,1680.4544576911496,1661.7266966540137,1718.6950514276944,1623.486102917469,18.727761037135906,0.6645086968194028
2009,2009-01-29,True,False,cle,orl,88,99,32,24,16,16,0,25,30,24,20,0,home,5.0,195.0,175.0,-215.0,4.0,99.0,1.0,0,True,1822.5972528836057,1769.5205035387946,1853.0110965860606,1739.1066598363398,53.076749344811105,0.7070668112513795
2009,2009-01-29,True,False,sa,phx,114,104,32,25,32,25,0,31,26,27,20,0,home,1.5,198.0,105.0,-125.0,1.5,100.5,0.0,1,False,1552.6589372442613,1708.0248648575428,1508.2414119389741,1752.44239016283,-155.36592761328143,0.4209896999820661
2009,2009-01-30,True,False,chi,sac,109,88,34,20,29,26,0,22,21,20,25,0,away,1.0,212.0,-117.0,-103.0,3.0,106.0,1.0,0,False,1172.3390712249711,1321.39490254859,1113.8744453392167,1379.8595284343444,-149.0558313236188,0.42986840764994244
2009,2009-01-30,True,False,gs,no,91,87,19,28,18,26,0,27,17,21,22,0,home,8.5,215.0,335.0,-420.0,7.0,105.0,0.0,0,False,1718.6950514276944,1347.920390890581,1670.257196568819,1396.3582457494565,370.7746605371133,0.9376139607831114
2009,2009-01-30,True,False,cha,den,99,110,19,23,29,28,0,24,33,29,24,0,home,10.0,193.0,450.0,-600.0,1.5,95.0,1.0,1,True,1623.486102917469,1546.417324744953,1650.4037291401423,1519.4996985222797,77.06877817251598,0.7348342424431564
2009,2009-01-30,True,False,okc,utah,90,110,26,25,24,15,0,28,36,31,15,0,home,10.0,213.0,450.0,-600.0,2.0,107.0,1.0,0,True,1457.2196746462562,1403.0045690184952,1494.2704273657002,1365.9538162990511,54.21510562776098,0.7084222269017619
2009,2009-01-30,True,False,bkn,atl,88,105,28,25,18,17,0,25,30,25,25,0,home,7.0,198.0,260.0,-320.0,4.0,101.0,1.0,0,True,1444.1322323840648,1309.5571390469286,1467.202660718598,1286.4867107123953,134.5750933371362,0.7941823942207009
2009,2009-01-30,True,False,lac,cle,95,112,26,28,19,22,0,26,28,29,29,0,home,14.5,189.0,1400.0,-2500.0,9.0,94.0,1.0,1,True,1739.1066598363398,1113.6935940475119,1740.2904882747107,1112.509765609141,625.4130657888279,0.9848697489728858
2009,2009-01-30,True,False,mia,ind,103,114,26,23,24,30,0,29,37,27,21,0,home,4.5,207.5,160.0,-185.0,2.0,101.5,1.0,1,True,1519.7410091922186,1636.2808701927372,1577.009488736856,1579.0123906480999,-116.53986100051861,0.47621519166595083
2009,2009-01-30,True,False,bos,det,86,78,23,20,19,24,0,16,25,15,22,0,away,5.5,180.5,-240.0,200.0,3.0,89.0,1.0,0,False,1449.1968146899285,1840.6983685281834,1433.9837651088983,1855.9114181092136,-391.50155383825495,0.15735811915082673
2009,2009-01-30,True,False,mil,tor,96,85,24,25,21,26,0,30,17,12,26,0,home,7.0,198.5,270.0,-330.0,5.5,99.0,0.0,0,False,1429.7530879728574,1368.4071247284414,1355.9081354535983,1442.2520772477005,61.345963244416,0.7168281193414602
2009,2009-01-30,True,False,wsh,phi,94,104,17,22,31,24,0,32,14,28,30,0,home,10.0,194.0,450.0,-600.0,4.0,99.0,2.0,1,True,1682.561572627228,1198.1737825214088,1684.9383860385603,1195.7969691100766,484.38779010581925,0.966560515427804
2009,2009-01-30,True,False,lal,min,132,119,33,31,36,32,0,31,29,25,34,0,away,6.5,209.5,-270.0,230.0,3.0,104.5,1.0,1,False,1512.4994930765038,1783.2006186164374,1480.8723699531288,1814.8277417398124,-270.7011255399336,0.27236932094566174
2009,2009-01-31,True,False,utah,por,108,122,26,21,26,35,0,33,19,38,32,0,home,9.0,201.0,365.0,-465.0,4.0,104.0,1.0,1,True,1626.9372447107828,1494.2704273657002,1648.7783311387798,1472.4293409377033,132.66681734508256,0.7923810321865077
2009,2009-01-31,True,False,chi,phx,122,111,29,33,26,34,0,25,34,24,28,0,home,9.0,213.0,370.0,-470.0,7.5,106.5,0.0,1,False,1508.2414119389741,1379.8595284343444,1431.8587485403928,1456.2421918329258,128.38188350462974,0.7882938671883549
2009,2009-01-31,True,False,atl,mil,107,110,22,26,26,33,0,29,24,34,23,0,home,1.5,192.5,100.0,-120.0,1.0,99.0,1.0,1,True,1442.2520772477005,1467.202660718598,1466.2631781995065,1443.1915597667921,-24.950583470897527,0.606355724210743
2009,2009-01-31,True,False,no,sa,93,106,22,20,29,22,0,28,22,30,26,0,home,7.5,183.5,265.0,-325.0,1.5,90.0,1.0,1,True,1752.44239016283,1670.257196568819,1780.283178413838,1642.416408317811,82.18519359401103,0.7405333087800011
2009,2009-01-31,True,False,gs,hou,93,110,20,31,24,18,0,25,28,28,29,0,home,8.0,213.5,300.0,-370.0,4.5,105.0,1.0,0,True,1525.964418507418,1396.3582457494565,1549.6671401817314,1372.6555240751431,129.60617275796153,0.7894676237555481
2009,2009-01-31,True,False,lac,wsh,94,106,22,25,28,19,0,26,32,23,25,0,home,4.0,188.5,155.0,-175.0,1.0,93.0,1.0,1,True,1195.7969691100766,1112.509765609141,1222.7016352320986,1085.6050994871189,83.28720350093568,0.7417503457837534
2009,2009-01-31,True,False,dal,mia,111,96,24,33,28,26,0,15,34,21,26,0,away,2.0,196.5,-135.0,115.0,1.5,98.5,1.0,1,False,1579.0123906480999,1521.1863383918478,1496.8205124938015,1603.3782165461462,57.82605225625207,0.7126971701251136
2009,2009-01-31,True,False,bkn,phi,85,83,31,19,15,20,0,31,27,17,8,0,home,8.0,201.5,295.0,-355.0,2.0,101.0,0.0,0,False,1684.9383860385603,1286.4867107123953,1652.228237739356,1319.1968590115996,398.45167532616506,0.9463087321619282
2009,2009-01-31,True,False,ny,ind,122,113,29,38,32,23,0,28,27,32,26,0,home,4.0,226.5,160.0,-190.0,5.5,110.5,0.0,1,False,1577.009488736856,1497.1308370325805,1507.7730918123245,1566.367233957112,79.8786517042754,0.7379739800359628
2009,2009-01-31,True,False,lal,mem,115,98,26,29,36,24,0,29,32,21,16,0,away,10.5,206.0,-700.0,500.0,9.5,102.5,1.0,1,False,1097.6068077897064,1814.8277417398124,1094.0660897474936,1818.3684597820252,-717.220933950106,0.02784100847093826
2009,2009-02-01,True,False,orl,tor,113,90,31,22,34,26,0,25,22,18,25,0,away,6.0,199.0,-260.0,220.0,1.5,100.0,1.0,1,False,1355.9081354535983,1853.0110965860606,1343.0018755712774,1865.9173564683815,-497.10296113246227,0.09229676521950299
2009,2009-02-01,True,False,min,bos,101,109,24,20,29,28,0,29,33,25,22,0,home,11.0,195.5,600.0,-800.0,0.5,100.5,0.0,1,True,1855.9114181092136,1480.8723699531288,1860.197851055612,1476.5859370067303,375.03904815608485,0.9390345279284309
2009,2009-02-01,True,False,cle,det,90,80,16,20,22,32,0,18,21,27,14,0,away,4.5,180.0,-200.0,170.0,4.0,89.5,1.0,0,False,1433.9837651088983,1740.2904882747107,1409.3278489791635,1764.9464044044455,-306.3067231658124,0.2336889924167954
2009,2009-02-01,True,False,okc,sac,118,122,31,26,33,22,6,33,30,29,20,10,home,2.0,217.0,110.0,-130.0,0.5,109.5,1.0,1,True,1113.8744453392167,1365.9538162990511,1163.8612596386718,1315.967001999596,-252.07937095983448,0.2941237729182855
2009,2009-02-02,True,False,sac,phx,81,129,19,24,14,24,0,40,33,32,24,0,home,15.5,223.0,1400.0,-2500.0,1.0,108.0,1.0,0,True,1431.8587485403928,1163.8612596386718,1446.3527014393173,1149.3673067397472,267.997488901721,0.8926752751322473
2009,2009-02-02,True,False,cha,utah,86,105,25,26,19,16,0,19,30,27,29,0,home,7.0,190.5,260.0,-310.0,5.5,93.5,1.0,1,True,1472.4293409377033,1519.4996985222797,1528.372026659658,1463.5570128003249,-47.07035758457641,0.575588016752039
2009,2009-02-02,True,False,sa,gs,110,105,27,21,27,20,15,25,27,27,16,10,away,5.5,213.0,-220.0,180.0,7.0,108.0,0.0,1,False,1372.6555240751431,1780.283178413838,1361.1896457665455,1791.7490567224356,-407.6276543386948,0.1454370119720851
2009,2009-02-02,True,False,por,no,97,89,17,22,20,38,0,25,23,26,15,0,home,3.0,184.5,140.0,-160.0,1.5,92.5,0.0,1,False,1642.416408317811,1648.7783311387798,1581.3560728489729,1709.8386666076178,-6.361922820968857,0.6315853697128461
2009,2009-02-02,True,False,mem,wsh,113,97,32,29,33,19,0,29,28,24,16,0,home,4.5,191.5,170.0,-200.0,1.5,97.5,0.0,1,False,1222.7016352320986,1094.0660897474936,1135.605164682364,1181.1625602972283,128.63554548460502,0.7885374517731942
2009,2009-02-02,True,False,lal,ny,126,117,31,34,31,30,0,26,28,32,31,0,away,6.0,223.5,-250.0,210.0,0.5,109.5,1.0,1,False,1566.367233957112,1818.3684597820252,1536.5589903820708,1848.1767033570663,-252.00122582491326,0.2942171749970098
2009,2009-02-02,True,False,dal,orl,105,95,25,29,23,28,0,27,20,16,32,0,home,7.5,207.5,280.0,-340.0,4.5,101.0,0.0,0,False,1865.9173564683815,1603.3782165461462,1791.573292938723,1677.7222800758047,262.53913992223534,0.8896276198759249
2009,2009-02-02,True,False,lac,mia,95,119,24,23,26,22,0,30,28,32,29,0,home,9.0,192.0,400.0,-600.0,2.0,96.5,1.0,1,True,1496.8205124938015,1085.6050994871189,1501.846401346105,1080.5792106348154,411.21541300668264,0.9499217329962227
2009,2009-02-03,True,False,bos,phi,100,99,32,18,19,31,0,20,29,21,29,0,away,3.5,191.5,-165.0,145.0,2.0,94.0,0.0,1,False,1652.228237739356,1860.197851055612,1641.570998662703,1870.855090132265,-207.96961331625607,0.34943513557852957
2009,2009-02-03,True,False,min,ind,116,111,27,29,22,38,0,32,27,23,29,0,home,4.5,220.0,170.0,-200.0,1.5,111.5,0.0,1,False,1507.7730918123245,1476.5859370067303,1455.7616880905873,1528.5973407284675,31.18715480559422,0.6803050341193689
2009,2009-02-03,True,False,tor,cle,83,101,15,25,26,17,0,37,22,15,27,0,home,10.5,194.5,450.0,-650.0,0.5,97.0,1.0,0,True,1764.9464044044455,1343.0018755712774,1769.248733612176,1338.699546363547,421.9445288331681,0.9527794481126683
2009,2009-02-03,True,False,sa,den,96,104,25,19,24,28,0,31,25,22,26,0,home,13.0,195.5,800.0,-1200.0,4.0,97.0,0.0,1,True,1650.4037291401423,1791.7490567224356,1704.4680713960279,1737.68471446655,-141.3453275822933,0.44077857860129716
2009,2009-02-03,True,False,chi,hou,100,107,18,27,21,34,0,20,28,31,28,0,home,7.0,198.0,260.0,-320.0,3.5,98.5,2.0,1,True,1549.6671401817314,1456.2421918329258,1570.354765943123,1435.554566071534,93.42494834880563,0.752770530013033
2009,2009-02-03,True,False,mil,bkn,85,99,16,21,26,22,0,23,22,29,25,0,home,4.5,196.0,170.0,-200.0,0.0,98.0,1.0,0,True,1319.1968590115996,1466.2631781995065,1386.795729507043,1398.664307704063,-147.06631918790686,0.432677442545112
2009,2009-02-04,True,False,den,okc,114,113,32,27,30,25,0,31,39,24,19,0,away,1.0,210.0,-120.0,100.0,3.0,103.5,2.0,1,False,1315.967001999596,1704.4680713960279,1311.097556555943,1709.337516839681,-388.50106939643183,0.1596619271235825
2009,2009-02-04,True,False,por,dal,99,104,29,16,27,27,0,27,30,25,22,0,home,3.5,197.0,140.0,-160.0,2.0,99.5,1.0,1,True,1677.7222800758047,1709.8386666076178,1709.5357064124223,1678.0252402710003,-32.11638653181308,0.5964679248756465
2009,2009-02-04,True,False,chi,no,107,93,31,31,18,27,0,20,24,17,32,0,home,1.5,185.5,105.0,-125.0,3.5,93.5,0.0,1,False,1581.3560728489729,1435.554566071534,1497.689808215472,1519.2208307050348,145.80150677743882,0.8045450765855514
2009,2009-02-04,True,False,atl,min,94,86,22,23,30,19,0,18,19,25,24,0,home,2.0,199.5,110.0,-130.0,3.5,102.5,0.0,0,False,1528.5973407284675,1443.1915597667921,1462.3216317676581,1509.4672687276015,85.40578096167542,0.7440795826264079
2009,2009-02-04,True,False,mia,det,90,93,21,21,20,28,0,20,25,25,23,0,home,4.5,179.0,160.0,-180.0,2.0,89.0,0.0,1,True,1409.3278489791635,1501.846401346105,1439.1696924428957,1472.0045578823729,-92.51855236694155,0.5107650048169196
2009,2009-02-04,True,False,hou,mem,93,104,31,24,19,19,0,31,27,30,16,0,away,6.0,195.0,-260.0,220.0,6.0,96.0,0.0,1,True,1181.1625602972283,1570.354765943123,1273.0999575674045,1478.4173686729468,-389.1922056458948,0.15912885428787435
2009,2009-02-04,True,False,bkn,wsh,115,88,27,31,35,22,0,22,31,18,17,0,away,1.0,189.0,-120.0,100.0,1.0,94.5,1.0,1,False,1135.605164682364,1386.795729507043,1092.3257140423095,1430.0751801470974,-251.1905648246791,0.2951871276746273
2009,2009-02-04,True,False,phx,gs,112,124,30,25,28,29,0,43,29,32,20,0,away,4.0,227.5,-175.0,155.0,5.5,111.5,0.0,1,True,1361.1896457665455,1446.3527014393173,1415.2102473164757,1392.332099889387,-85.16305567277186,0.5213391091933071
2009,2009-02-04,True,False,lal,tor,115,107,26,32,27,30,0,31,32,24,20,0,away,8.0,213.0,-360.0,300.0,8.0,106.0,2.0,1,False,1338.699546363547,1848.1767033570663,1330.336917507126,1856.5393322134873,-509.47715699351943,0.08649991844131712
2009,2009-02-04,True,False,cle,ny,107,102,36,21,25,25,0,24,28,26,24,0,away,5.5,208.0,-230.0,190.0,1.5,102.5,0.0,1,False,1536.5589903820708,1769.248733612176,1511.5031423311,1794.3045816631468,-232.68974323010525,0.31781670578409366
2009,2009-02-04,True,False,lac,orl,96,125,22,26,23,25,0,34,38,32,21,0,home,13.0,200.0,700.0,-1100.0,1.0,99.0,1.0,1,True,1791.573292938723,1080.5792106348154,1792.3866724041739,1079.7658311693644,710.9940823039076,0.9907005513868467
2009,2009-02-05,True,False,dal,utah,87,115,20,27,19,21,0,24,33,37,21,0,home,3.5,209.0,145.0,-165.0,1.0,104.0,1.0,0,True,1528.372026659658,1709.5357064124223,1619.4502390932507,1618.4574939788297,-181.1636797527642,0.3852754619723868
2009,2009-02-05,True,False,lal,bos,110,109,23,28,26,24,9,20,32,29,20,8,home,6.5,206.0,250.0,-300.0,4.0,102.5,0.0,1,False,1870.855090132265,1856.5393322134873,1851.0455748071527,1876.3488475385998,14.315757918777763,0.6588232011156626
2009,2009-02-05,True,False,ind,phi,94,99,22,34,13,25,0,29,25,26,19,0,home,5.0,216.0,190.0,-230.0,4.5,106.0,2.0,0,True,1641.570998662703,1455.7616880905873,1652.3249197338453,1445.007767019445,185.8093105721157,0.838248127934319
2009,2009-02-06,True,False,por,okc,93,102,25,15,26,27,0,37,23,21,21,0,away,6.0,198.5,-250.0,210.0,7.0,100.5,0.0,0,True,1311.097556555943,1678.0252402710003,1394.4751192904118,1594.6476775365313,-366.92768371505736,0.17703601340631642
2009,2009-02-06,True,False,atl,cha,102,97,19,24,35,24,0,22,33,22,20,0,home,0.0,179.0,-115.0,-105.0,3.0,93.5,0.0,1,False,1463.5570128003249,1509.4672687276015,1418.0505932754645,1554.973688252462,-45.910255927276694,0.5772185525709926
2009,2009-02-06,True,False,bos,ny,110,100,27,19,26,38,0,26,21,29,24,0,away,6.5,207.5,-295.0,245.0,5.0,102.0,1.0,1,False,1511.5031423311,1851.0455748071527,1490.2768511235427,1872.27186601471,-339.5424324760527,0.20118297689443387
2009,2009-02-06,True,False,lac,mem,126,105,33,35,34,24,0,20,29,28,28,0,home,4.0,204.5,155.0,-175.0,5.5,101.5,0.0,1,False,1273.0999575674045,1079.7658311693644,1176.9041034023785,1175.9616853343905,193.3341263980401,0.844035609090206
2009,2009-02-06,True,False,utah,sac,111,107,28,17,35,31,0,25,30,22,30,0,away,3.0,215.5,-155.0,135.0,4.0,110.5,1.0,1,False,1149.3673067397472,1619.4502390932507,1141.8481413162467,1626.9694045167512,-470.08293235350357,0.10618000355348971
2009,2009-02-06,True,False,den,wsh,124,103,30,38,34,22,0,23,25,22,33,0,away,8.0,206.5,-420.0,330.0,1.5,99.5,1.0,1,False,1092.3257140423095,1709.337516839681,1085.7274413516352,1715.9357895303554,-617.0118027973715,0.04851461771640947
2009,2009-02-06,True,False,tor,no,92,101,16,32,21,23,0,26,16,22,37,0,home,2.0,182.5,110.0,-130.0,2.0,91.5,1.0,1,True,1497.689808215472,1330.336917507126,1513.0237146491265,1315.0030110734715,167.3528907083462,0.8233203188604932
2009,2009-02-06,True,False,gs,phx,105,115,21,33,31,20,0,31,28,27,29,0,home,9.5,230.0,425.0,-550.0,4.5,113.5,1.0,0,True,1392.332099889387,1415.2102473164757,1433.5644296441978,1373.977917561665,-22.878147427088606,0.6091996117808681
2009,2009-02-06,True,False,orl,ind,102,107,29,22,23,28,0,32,29,19,27,0,away,6.0,215.5,-265.0,225.0,6.0,108.5,0.0,0,True,1445.007767019445,1792.3866724041739,1508.5482822266556,1728.8461571969633,-347.3789053847288,0.19403098287078904
2009,2009-02-07,True,False,chi,dal,114,115,24,26,22,25,17,20,28,29,20,18,home,7.0,208.5,250.0,-300.0,5.5,103.0,0.0,1,True,1618.4574939788297,1519.2208307050348,1625.1456281241233,1512.5326965597412,99.23666327379487,0.7589439460927355
2009,2009-02-07,True,False,min,hou,90,107,27,23,21,19,0,20,30,28,29,0,home,7.5,199.5,275.0,-335.0,5.0,103.5,1.0,0,True,1478.4173686729468,1462.3216317676581,1520.8318728888632,1419.9071275517417,16.09573690528873,0.6611225717134865
2009,2009-02-07,True,False,det,mil,126,121,30,24,25,30,17,19,26,37,27,12,away,4.5,184.5,-200.0,170.0,0.0,92.0,1.0,1,False,1398.664307704063,1439.1696924428957,1352.5607806521778,1485.273219494781,-40.50538473883262,0.5847924629352292
2009,2009-02-07,True,False,lac,atl,121,97,27,28,35,31,0,17,24,31,25,0,home,7.0,202.5,240.0,-285.0,6.5,99.0,0.0,1,False,1554.973688252462,1175.9616853343905,1458.397627141574,1272.5377464452783,379.0120029180714,0.9403307432926572
2009,2009-02-07,True,False,den,bkn,70,114,19,20,16,15,0,24,35,33,22,0,away,2.5,208.0,-140.0,120.0,6.0,103.0,0.0,0,True,1430.0751801470974,1715.9357895303554,1554.7868669208992,1591.2241027565535,-285.86060938325795,0.2554221643754341
2009,2009-02-07,True,False,tor,mem,70,78,21,14,20,15,0,18,25,19,16,0,away,1.5,198.5,-125.0,105.0,3.0,98.0,0.0,0,True,1176.9041034023785,1315.0030110734715,1230.5226251407676,1261.3844893350824,-138.098907671093,0.44538997999971053
2009,2009-02-07,True,False,mia,phi,84,94,23,21,25,15,0,26,18,19,31,0,home,3.5,193.0,145.0,-165.0,3.0,95.5,1.0,0,True,1652.3249197338453,1472.0045578823729,1667.1707828743488,1457.158694741869,180.3203618514724,0.8339180390936293
2009,2009-02-08,True,False,ind,wsh,117,119,37,26,31,23,0,29,32,31,27,0,away,4.5,214.5,-200.0,170.0,2.0,105.5,0.0,1,True,1085.7274413516352,1508.5482822266556,1127.5454295941274,1466.7302939841634,-422.8208408750204,0.13490060734235712
2009,2009-02-08,True,False,min,no,97,101,31,21,28,17,0,24,25,27,25,0,home,2.5,190.5,120.0,-140.0,1.0,98.5,1.0,1,True,1513.0237146491265,1419.9071275517417,1529.0613687786888,1403.8694734221795,93.11658709738481,0.7524400287415538
2009,2009-02-08,True,False,utah,gs,96,116,21,24,24,27,0,23,25,38,30,0,away,1.5,224.0,-125.0,105.0,2.0,113.0,0.0,0,True,1373.977917561665,1626.9694045167512,1468.6822521143702,1532.265069964046,-252.9914869550862,0.2930348572357151
2009,2009-02-08,True,False,sac,okc,113,116,23,23,34,33,0,34,25,25,32,0,home,7.0,215.0,250.0,-300.0,0.0,105.0,0.0,1,True,1394.4751192904118,1141.8481413162467,1400.1286747714248,1136.1945858352337,252.62697797416513,0.8838991802435356
2009,2009-02-08,True,False,phx,det,107,97,29,33,21,24,0,29,21,24,23,0,home,1.5,199.0,105.0,-125.0,4.0,99.0,0.0,1,False,1485.273219494781,1433.5644296441978,1414.504189474003,1504.3334596649759,51.708789850583116,0.7054331408347688
2009,2009-02-08,True,False,lal,cle,101,91,30,21,31,19,0,32,29,16,14,0,home,4.5,205.5,175.0,-210.0,1.0,102.0,0.0,0,False,1794.3045816631468,1876.3488475385998,1738.826959389625,1931.8264698121216,-82.044265875453,0.5258173974376775
2009,2009-02-08,True,False,bkn,orl,84,101,18,27,20,19,0,32,27,20,22,0,home,13.0,195.5,900.0,-1400.0,3.5,97.0,1.0,0,True,1728.8461571969633,1554.7868669208992,1747.3837136338555,1536.249310484007,174.05929027606408,0.8288660659284909
2009,2009-02-08,True,False,sa,bos,105,99,22,38,14,31,0,23,29,24,23,0,home,6.5,186.0,250.0,-300.0,5.5,94.5,0.0,1,False,1872.27186601471,1737.68471446655,1812.3391363885164,1797.6174440927437,134.5871515481599,0.7941937399517923
2009,2009-02-08,True,False,cha,mia,92,96,20,19,22,31,0,18,25,26,27,0,home,8.0,183.0,300.0,-360.0,4.0,91.0,0.0,1,True,1457.158694741869,1418.0505932754645,1478.2757169232048,1396.9335710941289,39.108101466404605,0.6901392962052897
2009,2009-02-08,True,False,ny,por,108,109,27,23,32,26,0,36,23,23,27,0,home,7.5,209.5,300.0,-360.0,2.0,102.5,0.0,1,True,1594.6476775365313,1490.2768511235427,1601.1565442269446,1483.7679844331294,104.37082641298866,0.7643094527427499
2009,2009-02-09,True,False,phx,phi,91,108,25,19,22,25,0,30,25,25,28,0,home,3.5,210.0,140.0,-160.0,2.5,101.0,1.0,0,True,1667.1707828743488,1504.3334596649759,1686.9107742926456,1484.593468246679,162.83732320937293,0.8195073419321225
2009,2009-02-09,True,False,lac,cha,73,94,21,22,18,12,0,22,24,21,27,0,home,0.0,197.5,-110.0,-110.0,1.5,97.0,1.0,0,True,1396.9335710941289,1272.5377464452783,1423.0076011357676,1246.4637164036396,124.39582464885052,0.7844392234469849
2009,2009-02-09,True,False,no,mem,80,85,22,17,19,22,0,21,19,24,21,0,home,3.5,186.0,150.0,-170.0,2.0,90.5,1.0,0,True,1230.5226251407676,1529.0613687786888,1290.2977992591477,1469.2861946603086,-298.53874363792124,0.24179182092229298
2009,2009-02-09,True,False,hou,mil,112,124,23,35,18,36,0,32,32,34,26,0,away,5.5,195.5,-240.0,200.0,5.0,96.0,0.0,1,True,1352.5607806521778,1520.8318728888632,1419.9373984013105,1453.4552551397305,-168.2710922366855,0.40299532130286625
2009,2009-02-10,True,False,okc,lal,98,105,25,22,26,25,0,25,35,20,25,0,home,12.0,219.0,600.0,-800.0,3.0,107.5,0.0,0,True,1931.8264698121216,1400.1286747714248,1933.3599810940425,1398.5951634895039,531.6977950406967,0.9743279428841823
2009,2009-02-10,True,False,det,chi,102,107,22,29,34,17,0,30,20,21,36,0,home,3.0,189.5,135.0,-155.0,2.5,95.0,1.0,1,True,1512.5326965597412,1414.504189474003,1529.9318130386002,1397.105072995144,98.02850708573828,0.7576693059633189
2009,2009-02-10,True,False,sa,bkn,108,93,28,26,28,26,0,21,30,18,24,0,away,5.5,188.0,-240.0,200.0,2.0,96.0,1.0,1,False,1536.249310484007,1797.6174440927437,1501.707227560196,1832.1595270165546,-261.36813360873657,0.28314597577362144
2009,2009-02-10,True,False,sac,dal,100,118,31,26,14,29,0,38,24,26,30,0,home,10.5,212.0,550.0,-750.0,5.0,104.5,1.0,1,True,1625.1456281241233,1136.1945858352337,1627.9822597430302,1133.3579542163268,488.95104228888954,0.9673992101146551
2009,2009-02-10,True,False,cle,ind,95,96,24,19,25,27,0,24,18,25,29,0,away,6.5,208.0,-290.0,245.0,4.0,102.5,0.0,0,True,1466.7302939841634,1738.826959389625,1488.970388120647,1716.5868652531415,-272.09666540546164,0.27078014728162786
2009,2009-02-10,True,False,den,mia,99,82,32,24,18,25,0,20,20,25,17,0,away,1.5,205.0,-110.0,-110.0,3.5,101.0,1.0,0,False,1478.2757169232048,1591.2241027565535,1417.0562745488037,1652.4435451309546,-112.94838583334877,0.48137439734302545
2009,2009-02-10,True,False,tor,min,110,102,23,18,32,37,0,16,32,32,22,0,away,3.0,194.5,-150.0,130.0,3.0,97.0,1.0,1,False,1403.8694734221795,1261.3844893350824,1336.0438280985657,1329.2101346586962,142.48498408709702,0.8015254388477615
2009,2009-02-10,True,False,ny,gs,127,144,29,36,30,32,0,41,24,40,39,0,home,4.0,231.5,160.0,-180.0,2.5,115.0,1.0,1,True,1468.6822521143702,1483.7679844331294,1517.0315144711053,1435.4187220763943,-15.085732318759256,0.6198250731096936
2009,2009-02-10,True,False,wsh,atl,90,111,17,20,24,29,0,26,27,24,34,0,home,9.0,199.5,350.0,-450.0,1.0,101.0,1.0,1,True,1458.397627141574,1127.5454295941274,1466.2930814705371,1119.6499752651644,330.8521975474466,0.9227409603505381
2009,2009-02-11,True,False,bos,no,89,77,23,19,22,25,0,21,23,20,13,0,away,7.0,186.5,-320.0,260.0,5.5,92.5,1.0,0,False,1469.2861946603086,1812.3391363885164,1446.9454383496509,1834.6798926991742,-343.05294172820777,0.19795496551571695
2009,2009-02-11,True,False,okc,por,92,106,20,26,28,18,0,23,30,27,26,0,home,12.0,201.0,600.0,-900.0,5.0,99.0,1.0,0,True,1601.1565442269446,1398.5951634895039,1615.929846704458,1383.8218610119904,202.5613807374407,0.8509007512441344
2009,2009-02-11,True,False,ny,lac,124,128,34,25,27,24,14,28,30,27,25,18,home,5.5,220.0,190.0,-230.0,3.5,108.0,0.0,1,True,1246.4637164036396,1435.4187220763943,1290.7438456372915,1391.1385928427421,-188.95500567275462,0.37470929091631083
2009,2009-02-11,True,False,lal,utah,109,113,29,34,22,24,0,31,30,26,26,0,away,1.0,216.0,-120.0,100.0,0.5,107.5,0.0,1,True,1532.265069964046,1933.3599810940425,1592.4457679127252,1873.1792831453633,-401.0949111299965,0.1501734085978563
2009,2009-02-11,True,False,sac,hou,82,94,25,10,21,26,0,22,17,35,20,0,home,13.0,211.0,850.0,-1300.0,7.0,102.0,0.0,0,True,1453.4552551397305,1133.3579542163268,1460.4476253206283,1126.365584035429,320.09730092340374,0.9182102494006166
2009,2009-02-11,True,False,ind,mil,110,122,28,31,25,26,0,31,26,33,32,0,home,5.0,217.5,180.0,-220.0,4.5,107.5,1.0,1,True,1419.9373984013105,1488.970388120647,1471.350041545652,1437.5577449763055,-69.03298971933646,0.5444474726285427
2009,2009-02-11,True,False,den,orl,82,73,24,22,17,19,0,17,12,22,22,0,home,7.0,210.0,250.0,-300.0,8.0,101.5,0.0,0,False,1747.3837136338555,1652.4435451309546,1677.580722478685,1722.246536286125,94.94016850290086,0.7543902318745886
2009,2009-02-11,True,False,sa,tor,89,91,22,21,26,20,0,20,29,18,24,0,away,6.5,189.0,-300.0,250.0,7.0,95.0,0.0,0,True,1329.2101346586962,1832.1595270165546,1373.2219833471383,1788.1476783281125,-502.9493923578584,0.08951565653215991
2009,2009-02-11,True,False,phx,cle,92,109,29,23,19,21,0,29,35,23,22,0,home,9.5,200.0,350.0,-500.0,1.5,98.0,1.0,1,True,1716.5868652531415,1484.593468246679,1729.8884757091193,1471.2918577907012,231.99339700646237,0.8711435317607975
2009,2009-02-11,True,False,wsh,cha,89,101,21,24,18,26,0,24,32,21,24,0,home,8.0,188.0,320.0,-400.0,1.0,95.5,1.0,1,True,1423.0076011357676,1119.6499752651644,1430.7421956716582,1111.9153807292737,303.3576258706032,0.9106756883731584
2009,2009-02-11,True,False,mem,phi,87,91,18,19,22,28,0,26,15,23,27,0,home,11.0,189.0,550.0,-800.0,5.5,93.5,0.0,0,True,1686.9107742926456,1290.2977992591477,1689.660587516997,1287.5479860347962,396.61297503349783,0.9457684066087186
2009,2009-02-11,True,False,atl,det,99,95,24,24,28,23,0,24,22,22,27,0,home,4.0,189.5,150.0,-170.0,3.5,97.0,0.0,1,False,1397.105072995144,1466.2930814705371,1358.5655531802213,1504.8326012854598,-69.18800847539319,0.5442261368673591
2009,2009-02-12,True,False,bos,dal,99,92,17,23,29,30,0,21,30,24,17,0,away,3.5,194.5,-165.0,145.0,4.0,98.5,1.0,0,False,1627.9822597430302,1834.6798926991742,1595.8580776454153,1866.804074796789,-206.69763295614393,0.35110150155184094
2009,2009-02-12,True,False,por,gs,98,105,20,26,16,36,0,32,25,23,25,0,home,3.0,216.5,125.0,-145.0,2.0,108.0,1.0,0,True,1517.0315144711053,1615.929846704458,1562.6341695195624,1570.3271916560009,-98.89833223335268,0.5015854220471282
2009,2009-02-12,True,False,mia,chi,95,93,23,27,26,19,0,24,15,26,28,0,home,4.0,196.0,165.0,-185.0,5.0,97.0,0.0,0,False,1529.9318130386002,1417.0562745488037,1496.3551123911902,1450.6329751962137,112.87553848979655,0.7730142256223931
2009,2009-02-17,True,False,bkn,hou,88,114,17,23,25,23,0,27,29,28,30,0,home,6.5,191.5,230.0,-270.0,1.5,96.0,1.0,1,True,1460.4476253206283,1501.707227560196,1520.8126343455008,1441.3422185353236,-41.25960223956781,0.5837378853778636
2009,2009-02-17,True,False,atl,lal,83,96,24,12,24,23,0,23,22,40,11,0,home,8.5,213.0,325.0,-450.0,2.0,110.0,1.0,0,True,1873.1792831453633,1504.8326012854598,1878.543193945669,1499.4686904851542,368.3466818599036,0.93679139738282
2009,2009-02-17,True,False,mem,utah,99,117,25,31,24,19,0,33,23,32,29,0,home,10.5,204.0,500.0,-700.0,6.5,103.0,1.0,1,True,1592.4457679127252,1287.5479860347962,1601.242889172475,1278.7508647750462,304.897781877929,0.9113942642077185
2009,2009-02-17,True,False,lac,phx,100,140,26,23,23,28,0,41,40,37,22,0,home,9.0,225.0,325.0,-450.0,0.5,111.5,1.0,1,True,1471.2918577907012,1290.7438456372915,1494.2538035435064,1267.7818998844864,180.54801215340967,0.8340994568110743
2009,2009-02-17,True,False,no,okc,100,98,32,21,25,22,0,18,29,24,27,0,away,3.0,195.0,-160.0,140.0,0.5,98.0,0.0,1,False,1383.8218610119904,1446.9454383496509,1357.096660196188,1473.6706391654534,-63.123577337660436,0.5528710482277935
2009,2009-02-17,True,False,sa,ny,107,112,27,29,21,25,5,27,30,20,25,10,away,4.0,207.0,-185.0,165.0,3.0,104.5,0.0,1,True,1391.1385928427421,1788.1476783281125,1457.8981320870416,1721.388139083813,-397.0090854853704,0.15319981191116838
2009,2009-02-17,True,False,mil,det,92,86,29,21,24,18,0,17,20,24,25,0,home,6.5,197.0,240.0,-280.0,7.0,97.5,0.0,0,False,1358.5655531802213,1471.350041545652,1317.330087559202,1512.5855071666713,-112.78448836543066,0.4816099415792418
2009,2009-02-17,True,False,min,wsh,103,111,16,26,34,27,0,27,24,25,35,0,home,2.0,204.5,115.0,-135.0,1.0,105.0,1.0,1,True,1111.9153807292737,1336.0438280985657,1176.8252708175114,1271.133938010328,-224.12844736929196,0.32859627097329047
2009,2009-02-17,True,False,cha,orl,102,107,21,29,24,21,7,25,18,25,27,12,home,8.5,186.0,325.0,-450.0,8.0,91.0,0.0,1,True,1677.580722478685,1430.7421956716582,1685.140752537509,1423.1821656128343,246.8385268070267,0.8804357481234779
2009,2009-02-17,True,False,phi,ind,91,100,18,26,19,28,0,28,27,25,20,0,home,2.0,212.0,110.0,-130.0,1.5,104.5,1.0,0,True,1437.5577449763055,1689.660587516997,1509.0755503348835,1618.142782158419,-252.10284254069165,0.2940957221576999
2009,2009-02-18,True,False,mem,por,90,94,27,26,19,18,0,30,27,18,19,0,home,11.5,193.5,650.0,-900.0,7.0,97.5,0.0,0,True,1570.3271916560009,1278.7508647750462,1575.5357327475133,1273.5423236835338,291.57632688095464,0.9050031363658727
2009,2009-02-18,True,False,bkn,dal,98,113,28,27,15,28,0,28,24,40,21,0,home,8.0,200.5,300.0,-370.0,7.0,102.0,1.0,1,True,1595.8580776454153,1441.3422185353236,1615.6903310815476,1421.5099650991913,154.5158591100917,0.8123131533238855
2009,2009-02-18,True,False,lal,gs,129,121,30,32,30,37,0,34,34,26,27,0,away,4.5,228.5,-195.0,165.0,7.0,114.0,1.0,1,False,1562.6341695195624,1878.543193945669,1540.9844704480026,1900.1928930172287,-315.9090244261065,0.223936424313641
2009,2009-02-18,True,False,atl,sac,105,100,30,25,28,22,0,27,32,18,23,0,away,6.5,206.5,-300.0,250.0,6.0,105.5,0.0,0,False,1126.365584035429,1499.4686904851542,1112.812162200328,1513.0221123202552,-373.10310644972515,0.1719161080068554
2009,2009-02-18,True,False,den,phi,101,89,13,24,34,30,0,25,22,21,21,0,away,1.0,200.5,-117.0,-103.0,3.0,97.5,1.0,0,False,1618.142782158419,1722.246536286125,1562.3803781243676,1778.0089403201766,-104.103754127706,0.4940944977036525
2009,2009-02-18,True,False,min,mia,111,104,20,26,36,29,0,31,18,24,31,0,home,9.5,195.5,450.0,-600.0,5.0,100.5,0.0,1,False,1450.6329751962137,1271.133938010328,1385.9956347097282,1335.7712784968135,179.49903718588575,0.8332621932590996
2009,2009-02-18,True,False,chi,mil,113,104,23,26,30,34,0,22,29,24,29,0,away,2.0,205.0,-135.0,115.0,1.5,101.0,1.0,1,False,1512.5855071666713,1496.3551123911902,1446.6571548638117,1562.2834646940498,16.230394775481045,0.6612962149238696
2009,2009-02-18,True,False,ind,cha,94,103,25,25,19,25,0,32,21,26,24,0,home,5.5,202.0,200.0,-240.0,3.0,99.5,1.0,0,True,1423.1821656128343,1509.0755503348835,1471.7833916187312,1460.4743243289865,-85.89338472204918,0.5202899029978673
2009,2009-02-18,True,False,cle,tor,93,76,24,23,24,22,0,23,18,15,20,0,away,7.5,191.0,-370.0,300.0,3.0,95.0,1.0,0,False,1373.2219833471383,1729.8884757091193,1349.5917674732978,1753.51869158296,-356.666492361981,0.1858066732426185
2009,2009-02-18,True,False,orl,no,85,117,20,23,19,23,0,35,21,30,31,0,home,1.5,189.0,105.0,-125.0,3.5,94.5,1.0,1,True,1473.6706391654534,1685.140752537509,1574.4602442799253,1584.351147423037,-211.4701133720555,0.34486832839852694
2009,2009-02-18,True,False,phx,lac,142,119,30,37,36,39,0,29,24,37,29,0,away,8.0,227.5,-425.0,335.0,0.5,112.0,1.0,1,False,1267.7818998844864,1494.2538035435064,1222.2480534806905,1539.7876499473023,-226.47190365901997,0.3256270034379859
2009,2009-02-19,True,False,sa,det,83,79,20,25,19,19,0,24,16,18,21,0,home,1.0,180.0,100.0,-120.0,1.5,91.5,0.0,0,False,1317.330087559202,1721.388139083813,1306.8487544717996,1731.8694721712154,-404.0580515246111,0.14800950927178622
2009,2009-02-19,True,False,bos,utah,85,90,22,17,27,19,0,13,25,22,30,0,away,2.5,200.5,-140.0,120.0,0.5,99.0,0.0,0,True,1601.242889172475,1866.804074796789,1658.1420208041345,1809.9049431651297,-265.561185624314,0.27827249988256103
2009,2009-02-20,True,False,den,chi,99,116,31,23,23,22,0,21,33,29,33,0,away,1.5,209.0,-135.0,115.0,1.0,103.0,0.0,1,True,1562.2834646940498,1778.0089403201766,1646.301875442817,1693.9905295714095,-215.7254756261268,0.3393551089119625
2009,2009-02-20,True,False,no,lal,111,115,20,21,25,32,13,28,17,34,19,17,home,8.0,207.0,330.0,-420.0,4.0,103.5,0.0,1,True,1900.1928930172287,1574.4602442799253,1904.433389857953,1570.219747439201,325.7326487373034,0.9206136578211104
2009,2009-02-20,True,False,atl,por,98,108,26,22,24,26,0,23,27,30,28,0,home,4.5,191.5,165.0,-195.0,2.5,98.0,1.0,1,True,1575.5357327475133,1513.0221123202552,1603.519359138554,1485.0384859292146,62.51362042725805,0.7181905113478053
2009,2009-02-20,True,False,okc,phx,118,140,23,34,36,25,0,38,41,24,37,0,home,8.0,231.0,315.0,-385.0,0.5,114.0,1.0,1,True,1539.7876499473023,1357.096660196188,1558.9417609110674,1337.9425492324228,182.69098975111433,0.8357994502657761
2009,2009-02-20,True,False,orl,cha,92,80,21,28,28,15,0,18,17,26,19,0,away,1.5,187.5,-125.0,105.0,3.0,94.0,1.0,0,False,1471.7833916187312,1584.351147423037,1417.3948128833201,1638.739726158448,-112.56775580430576,0.4819214299777732
2009,2009-02-20,True,False,dal,hou,86,93,28,23,13,22,0,19,25,30,19,0,home,4.0,196.5,155.0,-175.0,4.0,98.0,1.0,0,True,1520.8126343455008,1615.6903310815476,1565.885930623021,1570.6170348040273,-94.8776967360468,0.5073710529083512
2009,2009-02-20,True,False,wsh,bkn,107,96,20,25,35,27,0,18,24,23,31,0,home,7.5,201.0,260.0,-320.0,6.0,102.5,0.0,1,False,1421.5099650991913,1176.8252708175114,1344.2857069356292,1254.0495289810735,244.68469428167987,0.8791244108949026
2009,2009-02-20,True,False,sac,mem,115,106,27,27,27,34,0,28,22,28,28,0,home,7.0,208.0,240.0,-290.0,6.0,103.5,0.0,1,False,1273.5423236835338,1112.812162200328,1202.1692519519127,1184.1852339319491,160.73016148320585,0.8177062038254382
2009,2009-02-20,True,False,ind,min,112,105,33,28,25,26,0,26,22,23,34,0,home,1.5,213.0,105.0,-125.0,3.5,105.0,0.0,1,False,1335.7712784968135,1460.4743243289865,1293.2708063560779,1502.9747964697222,-124.70304583217307,0.4645092454005977
2009,2009-02-20,True,False,tor,ny,97,127,22,28,25,22,0,42,33,26,26,0,home,3.0,213.0,130.0,-150.0,4.0,107.0,1.0,1,True,1457.8981320870416,1349.5917674732978,1489.4767972142201,1318.0131023461192,108.30636461374388,0.768366032476065
2009,2009-02-20,True,False,cle,mil,111,103,25,26,35,25,0,27,30,25,21,0,away,7.5,196.5,-335.0,275.0,8.0,98.5,1.0,1,False,1446.6571548638117,1753.51869158296,1424.1198445222417,1776.05600192453,-306.86153671914826,0.23311754472226853
2009,2009-02-21,True,False,phi,mia,91,97,16,24,23,28,0,20,20,27,30,0,home,3.5,188.0,145.0,-165.0,2.5,94.5,1.0,2,True,1385.9956347097282,1562.3803781243676,1438.0688015445216,1510.3072112895738,-176.3847434146394,0.3918110427649113
2009,2009-02-21,True,False,sa,wsh,98,67,25,27,26,20,0,18,20,19,10,0,away,7.5,193.0,-360.0,300.0,0.0,97.5,1.0,0,False,1254.0495289810735,1731.8694721712154,1238.4912435209226,1747.4277576313664,-477.8199431901419,0.10202664217315682
2009,2009-02-21,True,False,sac,dal,95,116,20,30,21,24,0,30,40,28,18,0,home,13.0,213.0,900.0,-1400.0,2.0,105.0,1.0,0,True,1570.6170348040273,1184.1852339319491,1576.2397379083586,1178.5625308276178,386.43180087207816,0.9426826613561922
2009,2009-02-21,True,False,no,utah,88,102,21,30,25,12,0,28,33,23,18,0,home,7.0,199.0,260.0,-320.0,0.5,101.0,1.0,0,True,1658.1420208041345,1570.219747439201,1685.8705364172408,1542.4912318260947,87.92227336493352,0.7468283325081536
2009,2009-02-21,True,False,okc,gs,120,133,38,32,24,26,0,34,36,31,32,0,home,7.5,231.0,280.0,-340.0,5.0,116.0,1.0,1,True,1540.9844704480026,1337.9425492324228,1555.3418028104354,1323.58521686999,203.0419212155798,0.8512513564890137
2009,2009-02-22,True,False,chi,ind,91,98,27,24,23,17,0,27,25,23,23,0,away,2.0,216.5,-130.0,110.0,2.0,106.5,0.0,0,True,1502.9747964697222,1646.301875442817,1554.3981046773515,1594.8785672351876,-143.32707897309479,0.43796854744506464
2009,2009-02-22,True,False,lal,min,111,108,29,25,24,33,0,26,24,30,28,0,away,9.5,219.0,-600.0,400.0,5.0,109.0,0.0,2,False,1293.2708063560779,1904.433389857953,1290.2153021678475,1907.4888940461833,-611.1625835018751,0.05009273567926387
2009,2009-02-22,True,False,lac,por,87,116,16,23,29,19,0,38,27,27,24,0,home,15.5,203.5,1200.0,-2000.0,3.5,99.5,1.0,0,True,1603.519359138554,1222.2480534806905,1609.9055643226563,1215.861848296588,381.2713056578634,0.9410563065738669
2009,2009-02-22,True,False,mia,orl,99,122,24,22,26,27,0,39,25,27,31,0,home,9.0,191.5,350.0,-500.0,0.0,96.5,1.0,1,True,1638.739726158448,1438.0688015445216,1656.2657578391781,1420.5427698637916,200.67092461392645,0.8495148447171507
2009,2009-02-22,True,False,den,mil,117,120,35,37,24,21,0,36,33,27,24,0,away,3.5,208.5,-165.0,145.0,1.0,104.0,0.0,1,True,1424.1198445222417,1693.9905295714095,1468.4452466886587,1649.6651274049925,-269.87068504916783,0.27331775123978613
2009,2009-02-22,True,False,cha,hou,78,99,20,22,14,22,0,27,17,29,26,0,home,6.0,183.0,235.0,-275.0,3.5,90.5,1.0,0,True,1565.885930623021,1417.3948128833201,1588.7450069244437,1394.5357365818975,148.49111773970094,0.8069682838831573
2009,2009-02-22,True,False,bos,phx,128,108,38,30,28,32,0,33,21,29,25,0,home,2.0,221.5,115.0,-135.0,5.0,111.0,0.0,1,False,1558.9417609110674,1809.9049431651297,1519.3623023629543,1849.4844017132427,-250.9631822540623,0.2954595235282238
2009,2009-02-22,True,False,ny,tor,100,111,27,26,21,26,0,27,30,25,29,0,home,3.5,216.5,145.0,-165.0,0.5,105.5,1.0,0,True,1318.0131023461192,1489.4767972142201,1383.7697061973186,1423.7201933630208,-171.4636948681009,0.3985817256060948
2009,2009-02-22,True,False,det,cle,78,99,17,17,24,20,0,31,36,21,11,0,home,9.0,181.0,350.0,-500.0,3.0,88.5,1.0,0,True,1776.05600192453,1306.8487544717996,1779.4239187819871,1303.4808376143424,469.20724745273037,0.9636179825881145
2009,2009-02-23,True,False,gs,lac,105,118,27,28,24,26,0,27,33,29,29,0,away,3.5,229.0,-165.0,145.0,3.5,114.5,0.0,0,True,1215.861848296588,1555.3418028104354,1308.6125885022275,1462.591062604796,-339.47995451384736,0.20124078220866037
2009,2009-02-23,True,False,bos,den,114,76,29,31,26,28,0,20,17,21,18,0,away,1.0,197.5,-120.0,100.0,4.5,97.5,1.0,0,False,1649.6651274049925,1849.4844017132427,1591.6061481453326,1907.5433809729027,-199.81927430825021,0.3601747106658805
2009,2009-02-23,True,False,no,sac,112,105,29,32,23,28,0,24,23,27,31,0,away,9.0,204.0,-475.0,375.0,1.5,102.0,0.0,1,False,1178.5625308276178,1542.4912318260947,1162.1331314583645,1558.920631195348,-363.92870099847687,0.17956524996065093
2009,2009-02-23,True,False,phi,bkn,96,98,31,20,24,21,0,19,32,23,24,0,away,2.5,192.0,-145.0,125.0,2.0,96.5,0.0,1,True,1344.2857069356292,1510.3072112895738,1372.993490417866,1481.599427807337,-166.0215043539447,0.4061147582944999
2009,2009-02-23,True,False,atl,utah,89,108,24,28,17,20,0,31,35,27,15,0,home,7.5,205.0,275.0,-335.0,0.5,105.0,1.0,0,True,1685.8705364172408,1485.0384859292146,1702.37589042992,1468.5331319165355,200.8320504880262,0.849633379229888
2009,2009-02-23,True,False,ind,ny,119,123,20,31,36,32,0,23,28,42,30,0,home,8.0,225.5,265.0,-325.0,5.0,109.0,0.0,1,True,1423.7201933630208,1554.3981046773515,1462.2461553256312,1515.8721427147411,-130.6779113143307,0.45596531693444065
2009,2009-02-24,True,False,mem,cle,79,94,16,20,20,23,0,27,31,18,18,0,home,15.5,193.0,1750.0,-3500.0,2.0,96.0,0.0,0,True,1779.4239187819871,1202.1692519519127,1780.9606019470205,1200.6325687868793,577.2546668300745,0.9801322802335459
2009,2009-02-24,True,False,min,tor,110,118,37,19,26,28,0,25,27,32,34,0,home,6.5,207.5,240.0,-280.0,6.0,105.0,1.0,1,True,1383.7697061973186,1290.2153021678475,1405.6142671360403,1268.3707412291258,93.55440402947102,0.7529091921335888
2009,2009-02-24,True,False,det,mia,91,103,25,26,17,23,0,24,28,28,23,0,home,4.0,182.5,160.0,-180.0,2.5,92.5,1.0,1,True,1420.5427698637916,1303.4808376143424,1443.050954762155,1280.972652715979,117.06193224944923,0.7772148419293372
2009,2009-02-24,True,False,lal,okc,107,93,32,24,19,32,0,22,22,24,25,0,away,7.5,221.0,-380.0,310.0,1.5,109.5,1.0,0,False,1323.58521686999,1907.4888940461833,1316.6613141930138,1914.4127967231595,-583.9036771761932,0.05810875456174424
2009,2009-02-24,True,False,orl,chi,102,120,27,27,28,20,0,30,33,24,33,0,away,1.5,202.5,-125.0,105.0,3.5,101.0,0.0,1,True,1594.8785672351876,1656.2657578391781,1652.4865503108233,1598.6577747635424,-61.387190603990575,0.5553406431948763
2009,2009-02-24,True,False,por,hou,94,98,21,22,26,25,0,31,29,18,20,0,home,4.5,189.5,170.0,-200.0,2.5,95.5,0.0,1,True,1588.7450069244437,1609.9055643226563,1616.2531295926744,1582.3974416544256,-21.16055739821263,0.6115509636835699
2009,2009-02-24,True,False,dal,sa,76,93,19,25,14,18,0,32,18,19,24,0,home,1.0,188.0,100.0,-120.0,2.0,93.0,1.0,0,True,1747.4277576313664,1576.2397379083586,1766.2667294338926,1557.4007661058324,171.18801972300776,0.8265088060452781
2009,2009-02-24,True,False,cha,phx,102,112,27,28,29,18,0,29,30,35,18,0,home,7.0,222.5,260.0,-320.0,3.5,109.0,1.0,0,True,1519.3623023629543,1394.5357365818975,1539.5423464831201,1374.3556924617317,124.82656578105684,0.7848582047756112
2009,2009-02-25,True,False,cha,sac,98,91,30,25,23,20,0,20,21,19,31,0,away,3.0,199.5,-150.0,130.0,3.0,97.5,1.0,0,False,1162.1331314583645,1374.3556924617317,1130.6687351542562,1405.82008876584,-212.22256100336722,0.3438903675189543
2009,2009-02-25,True,False,bos,lac,91,93,22,28,22,19,0,27,19,25,22,0,away,10.0,200.0,-650.0,475.0,5.5,100.5,0.0,0,True,1308.6125885022275,1907.5433809729027,1354.362915638686,1861.7930538364442,-598.9307924706752,0.053551309304207775
2009,2009-02-25,True,False,atl,den,109,110,33,20,25,31,0,28,32,32,18,0,home,9.5,202.5,425.0,-550.0,4.0,102.5,0.0,1,True,1591.6061481453326,1468.5331319165355,1597.4950173595184,1462.6442627023496,123.07301622879709,0.7831488326643586
2009,2009-02-25,True,False,mil,dal,96,116,23,18,32,23,0,33,32,25,26,0,home,7.5,208.5,300.0,-380.0,1.5,104.0,1.0,1,True,1557.4007661058324,1468.4452466886587,1588.406800363052,1437.439212431439,88.95551941717372,0.7479512735181597
2009,2009-02-25,True,False,por,sa,84,99,20,25,18,21,0,29,19,26,25,0,home,1.5,178.5,105.0,-125.0,0.0,89.0,1.0,1,True,1766.2667294338926,1582.3974416544256,1783.0913609153558,1565.5728101729624,183.86928777946696,0.8367281981133377
2009,2009-02-25,True,False,orl,ny,114,109,25,32,24,33,0,15,28,28,38,0,away,3.0,218.5,-175.0,155.0,2.0,107.0,1.0,1,False,1462.2461553256312,1598.6577747635424,1426.9435113717761,1633.9604187173975,-136.4116194379112,0.44779047127276533
2009,2009-02-25,True,False,chi,bkn,99,111,26,23,29,21,0,25,25,24,37,0,home,1.5,204.0,105.0,-125.0,0.5,103.0,1.0,1,True,1372.993490417866,1652.4865503108233,1456.2311242299272,1569.2489164987621,-279.49305989295726,0.26245545577094626
2009,2009-02-25,True,False,phi,wsh,106,98,26,30,26,24,0,29,24,14,31,0,away,4.5,195.0,-190.0,165.0,2.0,98.0,1.0,1,False,1238.4912435209226,1481.599427807337,1209.0085238603497,1511.0821474679099,-243.10818428641437,0.3049582720760869
2009,2009-02-25,True,False,mem,ind,99,104,29,22,25,23,0,30,30,22,22,0,home,7.5,208.0,265.0,-330.0,1.0,105.0,0.0,0,True,1515.8721427147411,1200.6325687868793,1520.902103347342,1195.6026081542784,315.2395739278618,0.916085488835855
2009,2009-02-25,True,False,det,no,87,90,13,29,22,23,0,22,21,22,25,0,home,8.5,181.0,275.0,-350.0,5.0,88.0,0.0,0,True,1558.920631195348,1280.972652715979,1563.7871803022624,1276.1061036090646,277.9479784793691,0.8980408626870225
2009,2009-02-25,True,False,utah,min,120,103,23,28,32,37,0,26,29,26,22,0,away,8.0,212.0,-400.0,320.0,7.0,110.0,1.0,1,False,1268.3707412291258,1702.37589042992,1252.147858325801,1718.5987733332447,-434.0051492007942,0.12756209756036416
2009,2009-02-26,True,False,cle,hou,74,93,11,29,10,24,0,19,26,23,25,0,away,3.5,185.0,-160.0,140.0,3.0,93.0,0.0,0,True,1616.2531295926744,1780.9606019470205,1694.2938177273231,1702.9199138123718,-164.707472354346,0.40794041619880034
2009,2009-02-26,True,False,phx,lal,106,132,26,29,26,25,0,39,31,32,30,0,home,11.0,232.0,600.0,-800.0,2.5,115.0,1.0,1,True,1914.4127967231595,1539.5423464831201,1920.8490975340133,1533.1060456722664,374.8704502400394,0.9389789428198833
2009,2009-02-27,True,False,lal,den,79,90,19,21,23,16,0,16,30,20,24,0,away,2.0,220.0,-130.0,110.0,3.5,107.5,0.0,0,True,1597.4950173595184,1920.8490975340133,1683.151322303835,1835.1927925896966,-323.3540801744948,0.21657652473745545
2009,2009-02-27,True,False,okc,dal,108,110,22,21,26,26,13,24,24,16,31,15,home,9.0,209.5,400.0,-525.0,6.5,101.0,0.0,1,True,1588.406800363052,1316.6613141930138,1592.408299405084,1312.6598151509818,271.74548617003825,0.8947248683819214
2009,2009-02-27,True,False,lac,sac,86,98,18,21,21,26,0,27,25,26,20,0,home,3.0,215.5,135.0,-155.0,3.0,105.5,1.0,0,True,1130.6687351542562,1354.362915638686,1206.3795943298535,1278.6520564630887,-223.6941804844298,0.32914802395830944
2009,2009-02-27,True,False,cle,sa,97,86,27,18,32,20,0,13,25,18,30,0,away,4.0,177.0,-175.0,155.0,0.5,88.0,1.0,1,False,1783.0913609153558,1702.9199138123718,1708.3600170793638,1777.6512576483638,80.17144710298408,0.7382997650870317
2009,2009-02-27,True,False,tor,phx,113,133,30,37,25,21,0,37,31,28,37,0,home,3.5,227.0,150.0,-170.0,2.0,114.5,1.0,1,True,1533.1060456722664,1405.6142671360403,1558.3609146218168,1380.35939818649,127.4917785362261,0.7874375009016925
2009,2009-02-27,True,False,mil,no,94,95,18,17,26,33,0,29,21,25,20,0,home,9.5,201.0,425.0,-550.0,1.0,99.5,0.0,0,True,1563.7871803022624,1437.439212431439,1569.5726993259896,1431.653693407712,126.34796787082337,0.7863333365482879
2009,2009-02-27,True,False,cha,gs,112,109,25,36,28,23,0,24,31,31,23,0,home,2.0,206.5,115.0,-135.0,2.5,104.5,0.0,1,False,1462.591062604796,1405.82008876584,1421.525967553541,1446.885183817095,56.770973838956024,0.7114519520070353
2009,2009-02-27,True,False,ind,bos,99,104,18,31,26,24,0,26,22,29,27,0,home,12.0,205.0,700.0,-1000.0,8.0,101.5,0.0,0,True,1861.7930538364442,1520.902103347342,1866.099107592517,1516.5960495912693,340.8909504891021,0.9267613176651709
2009,2009-02-27,True,False,chi,wsh,90,113,18,27,29,16,0,27,22,34,30,0,away,5.0,208.0,-220.0,180.0,5.0,104.0,0.0,0,True,1209.0085238603497,1569.2489164987621,1323.2931353549732,1454.9643050041386,-360.24039263841246,0.18271443071046192
2009,2009-02-27,True,False,det,orl,93,85,20,23,28,22,0,24,27,14,20,0,home,9.5,187.5,400.0,-525.0,3.0,92.5,0.0,0,False,1633.9604187173975,1276.1061036090646,1567.5232552928687,1342.5432670335933,357.8543151083329,0.9331192174526403
2009,2009-02-27,True,False,por,min,102,82,23,25,29,25,0,21,19,18,24,0,away,4.5,204.0,-200.0,170.0,0.5,103.0,1.0,0,False,1252.147858325801,1565.5728101729624,1221.815348019248,1595.9053204795155,-313.4249518471613,0.22643131996600788
2009,2009-02-27,True,False,phi,ny,108,103,29,25,23,31,0,11,26,34,32,0,home,2.0,214.0,110.0,-130.0,4.5,106.0,0.0,0,False,1426.9435113717761,1511.0821474679099,1385.7264827244312,1552.2991761152548,-84.13863609613372,0.5228104927943273
2009,2009-02-27,True,False,mia,atl,83,91,15,17,21,30,0,19,17,28,27,0,home,5.5,194.5,190.0,-230.0,1.5,97.0,1.0,0,True,1462.6442627023496,1443.050954762155,1494.3503247534406,1411.344892711064,19.593307940194563,0.6656185652875224
2009,2009-02-28,True,False,orl,phi,106,100,26,19,25,36,0,32,25,23,20,0,away,1.5,196.5,-125.0,105.0,4.0,98.0,1.0,1,False,1552.2991761152548,1567.5232552928687,1499.2457937063211,1620.5766377018024,-15.22407917761393,0.6196373926604426
2009,2009-02-28,True,False,sac,utah,89,102,25,25,23,16,0,32,22,25,23,0,home,17.0,215.5,1700.0,-2700.0,9.5,107.0,0.0,0,True,1718.5987733332447,1206.3795943298535,1720.797256060041,1204.1811116030572,512.2191790033912,0.9713690144130007
2009,2009-02-28,True,False,cha,lac,100,95,17,28,34,21,0,29,22,20,24,0,away,1.0,189.0,-117.0,-103.0,2.0,93.5,1.0,1,False,1278.6520564630887,1446.885183817095,1246.8768011004224,1478.6604391797612,-168.23312735400623,0.40304790180189737
2009,2009-02-28,True,False,okc,mem,99,92,29,27,21,22,0,17,28,16,31,0,home,7.0,198.0,250.0,-300.0,7.0,98.0,0.0,0,False,1195.6026081542784,1312.6598151509818,1152.0990566838461,1356.163366621414,-117.05720699670337,0.47547240884432257
2009,2009-02-28,True,False,ny,mia,115,120,34,33,31,17,0,22,37,24,37,0,home,6.0,213.0,230.0,-270.0,5.5,106.5,0.0,1,True,1411.344892711064,1385.7264827244312,1436.4582497233675,1360.6131257121276,25.61840998663274,0.67329318508712
2009,2009-02-28,True,False,hou,chi,102,105,31,27,30,14,0,26,29,16,34,0,home,1.5,197.5,105.0,-125.0,1.5,96.5,1.0,1,True,1454.9643050041386,1694.2938177273231,1497.077319617933,1652.1808031135288,-239.3295127231845,0.3095882120431203
2009,2009-02-28,True,False,wsh,mil,93,109,17,23,30,23,0,30,25,28,26,0,home,6.5,208.0,245.0,-290.0,1.5,105.0,1.0,0,True,1431.653693407712,1323.2931353549732,1457.7001730458032,1297.2466557168818,108.36055805273872,0.7684215508133506
2009,2009-03-01,True,False,hou,min,105,94,29,25,29,22,0,23,30,16,25,0,away,6.5,200.5,-280.0,240.0,4.0,99.0,1.0,0,False,1221.815348019248,1652.1808031135288,1207.611295786557,1666.3848553462196,-430.36545509428083,0.1299120709232
2009,2009-03-01,True,False,den,ind,94,100,29,12,34,19,0,28,17,23,32,0,away,2.0,216.5,-128.0,108.0,2.0,104.5,0.0,0,True,1516.5960495912693,1683.151322303835,1567.5079638229704,1632.239408072134,-166.55527271256574,0.4053739015785896
2009,2009-03-01,True,False,utah,gs,112,104,34,29,24,25,0,29,27,29,19,0,away,4.5,226.5,-200.0,170.0,0.5,115.5,1.0,0,False,1421.525967553541,1720.797256060041,1398.224704138845,1744.098519474737,-299.2712885065,0.24101959079569543
2009,2009-03-01,True,False,lal,phx,111,118,26,30,25,30,0,34,32,25,27,0,away,6.5,237.0,-280.0,240.0,7.0,116.0,0.0,0,True,1558.3609146218168,1835.1927925896966,1625.5705678634367,1767.9831393480767,-276.8318779678798,0.2654315649124857
2009,2009-03-01,True,False,sa,por,84,102,21,16,21,26,0,33,31,16,22,0,home,4.5,181.5,160.0,-185.0,3.0,92.0,1.0,1,True,1595.9053204795155,1708.3600170793638,1663.004100834467,1641.2612367244124,-112.45469659984838,0.48208392444727544
2009,2009-03-01,True,False,det,bos,105,95,20,35,22,28,0,22,25,23,25,0,home,8.5,179.0,360.0,-450.0,8.0,90.5,0.0,1,False,1866.099107592517,1342.5432670335933,1798.7091772111407,1409.9331974149695,523.5558405589236,0.9731291815492938
2009,2009-03-01,True,False,cle,atl,88,87,30,23,14,21,0,23,20,25,19,0,away,4.0,190.0,-180.0,158.0,1.0,95.5,0.0,0,False,1494.3503247534406,1777.6512576483638,1486.4745656020696,1785.5270167997348,-283.3009328949231,0.25823451524815433
2009,2009-03-01,True,False,no,bkn,99,96,22,26,28,23,0,18,23,34,21,0,away,4.5,193.0,-185.0,160.0,0.0,97.5,0.0,1,False,1456.2311242299272,1569.5726993259896,1426.9032187223847,1598.900604833532,-113.34157509606234,0.48080936176581585
2009,2009-03-01,True,False,tor,dal,98,109,24,29,22,23,0,27,33,30,19,0,home,6.0,205.5,220.0,-260.0,1.5,102.5,1.0,1,True,1592.408299405084,1380.35939818649,1605.245034962635,1367.522662628939,212.0489012185942,0.8576976795167224
2009,2009-03-02,True,False,no,phi,98,91,21,25,25,27,0,14,31,22,24,0,home,2.0,189.0,115.0,-135.0,2.5,94.5,0.0,2,False,1499.2457937063211,1598.900604833532,1453.452627920697,1644.693770619156,-99.6548111272109,0.5004967665570155
2009,2009-03-02,True,False,atl,wsh,98,89,24,22,25,27,0,22,23,18,26,0,away,5.0,197.0,-220.0,180.0,3.0,102.0,1.0,0,False,1297.2466557168818,1486.4745656020696,1259.3207387381017,1524.4004825808497,-189.22790988518773,0.3743412832955705
2009,2009-03-02,True,False,cle,mia,107,100,30,28,18,31,0,26,29,27,18,0,away,3.5,186.0,-160.0,140.0,1.0,94.0,1.0,1,False,1436.4582497233675,1785.5270167997348,1418.844073844937,1803.1411926781655,-349.0687670763673,0.19251427416028707
2009,2009-03-02,True,False,dal,okc,87,96,23,21,15,28,0,23,25,31,17,0,away,6.0,198.0,-255.0,215.0,6.0,98.0,0.0,0,True,1356.163366621414,1605.245034962635,1427.3140745547594,1534.0943270292896,-249.08166834122085,0.2977190945690493
2009,2009-03-02,True,False,sa,lac,106,78,26,23,31,26,0,21,15,23,19,0,away,8.5,184.0,-390.0,290.0,0.5,92.0,1.0,2,False,1246.8768011004224,1641.2612367244124,1223.886634784644,1664.2514030401908,-394.38443562398993,0.15517014431908588
2009,2009-03-03,True,False,gs,min,118,94,36,30,25,27,0,18,19,35,22,0,home,0.0,226.5,-120.0,100.0,5.0,110.0,0.0,0,False,1207.611295786557,1398.224704138845,1154.8574326110374,1450.9785673143647,-190.61340835228793,0.3724752059537296
2009,2009-03-03,True,False,tor,hou,97,107,26,23,23,25,0,20,37,20,30,0,home,9.0,198.5,350.0,-500.0,2.5,97.5,1.0,1,True,1666.3848553462196,1367.522662628939,1673.8135461353465,1360.0939718398122,298.86219271728055,0.9085481554970303
2009,2009-03-03,True,False,ind,sac,117,109,32,33,28,24,0,27,24,27,31,0,away,2.5,215.5,-140.0,120.0,3.0,106.0,1.0,1,False,1204.1811116030572,1567.5079638229704,1186.7717246228585,1584.917350803169,-363.32685221991323,0.18007621523753742
2009,2009-03-03,True,False,mem,lal,89,99,19,28,20,22,0,32,20,26,21,0,home,15.0,208.0,1400.0,-2500.0,8.0,104.0,0.0,0,True,1767.9831393480767,1152.0990566838461,1769.0258670840137,1151.0563289479092,615.8840826642306,0.9840302454731985
2009,2009-03-03,True,False,chi,cha,80,96,24,19,19,18,0,36,20,23,17,0,home,1.5,192.5,105.0,-125.0,3.0,96.5,1.0,0,True,1478.6604391797612,1497.077319617933,1526.6181456624452,1449.119613135249,-18.416880438171802,0.6152962229642717
2009,2009-03-03,True,False,den,det,95,100,26,28,20,21,0,26,18,30,26,0,home,3.5,189.5,135.0,-155.0,4.5,93.0,1.0,1,True,1409.9331974149695,1632.239408072134,1462.6821579294806,1579.490447557623,-222.30621065716446,0.3309146499390737
2009,2009-03-03,True,False,phx,orl,99,111,29,27,25,18,0,24,32,22,33,0,home,7.0,233.5,260.0,-320.0,5.0,114.5,1.0,0,True,1620.5766377018024,1625.5705678634367,1661.9485121556895,1584.1986934095496,-4.993930161634353,0.6334158133700767
2009,2009-03-03,True,False,bkn,mil,99,95,19,20,22,38,0,21,24,22,28,0,home,4.0,206.0,155.0,-175.0,0.5,102.5,0.0,0,False,1457.7001730458032,1426.9032187223847,1410.9971104455628,1473.6062813226251,30.796954323418504,0.67981631568354
2009,2009-03-04,True,False,gs,chi,88,110,26,19,17,26,0,20,31,24,35,0,home,7.5,224.0,290.0,-350.0,2.5,109.0,1.0,0,True,1449.119613135249,1450.9785673143647,1499.11750057946,1400.9806798701536,-1.858954179115699,0.6375960070475387
2009,2009-03-04,True,False,mem,lac,118,95,30,22,33,33,0,26,27,21,21,0,home,1.5,194.0,100.0,-120.0,0.5,98.5,0.0,1,False,1223.886634784644,1151.0563289479092,1128.730399837842,1246.212563894711,72.83030583673485,0.7300529455637491
2009,2009-03-04,True,False,ind,por,105,107,26,33,27,19,0,20,32,26,29,0,home,10.0,208.5,475.0,-625.0,9.0,104.5,0.0,1,True,1663.004100834467,1584.917350803169,1674.8423999185218,1573.0790517191142,78.08675003129792,0.7359744917815646
2009,2009-03-04,True,False,sa,dal,102,107,31,26,19,26,0,29,27,27,24,0,home,3.5,188.5,150.0,-170.0,3.5,94.5,1.0,1,True,1534.0943270292896,1664.2514030401908,1576.925974664946,1621.4197554045345,-130.15707601090116,0.4567091432236743
2009,2009-03-04,True,False,hou,utah,94,101,26,20,22,26,0,22,26,27,26,0,home,8.5,202.5,350.0,-450.0,4.5,100.0,0.0,0,True,1744.098519474737,1673.8135461353465,1767.4231577865455,1650.488907823538,70.28497333939049,0.7271556570124933
2009,2009-03-04,True,False,bos,bkn,115,111,27,31,34,23,0,20,31,30,30,0,away,7.5,194.0,-330.0,270.0,2.5,99.0,0.0,1,False,1473.6062813226251,1798.7091772111407,1458.3899694986462,1813.9254890351197,-325.1028958885156,0.21487332071342305
2009,2009-03-04,True,False,wsh,okc,83,88,26,17,19,21,0,20,24,24,20,0,home,5.0,194.0,185.0,-225.0,3.0,97.0,2.0,0,True,1427.3140745547594,1259.3207387381017,1439.20347539453,1247.431337898331,167.9933358166577,0.8238559615663961
2009,2009-03-04,True,False,mil,cle,73,91,20,19,19,15,0,22,26,24,19,0,home,13.0,198.0,950.0,-1500.0,5.0,98.5,1.0,0,True,1803.1411926781655,1410.9971104455628,1808.3122854682044,1405.8260176555239,392.1440822326026,0.944433725303369
2009,2009-03-04,True,False,atl,ny,105,109,26,23,26,30,0,22,29,33,25,0,away,2.5,213.5,-150.0,130.0,3.5,108.0,0.0,1,True,1360.6131257121276,1524.4004825808497,1402.4493484907225,1482.5642598022548,-163.7873568687221,0.4092203013100091
2009,2009-03-04,True,False,phx,mia,129,135,29,32,34,34,0,40,27,37,31,0,home,2.5,226.0,120.0,-140.0,0.5,112.5,1.0,1,True,1418.844073844937,1584.1986934095496,1469.6132529488284,1533.4295143056581,-165.35461956461268,0.4070409776144821
2009,2009-03-05,True,False,dal,no,88,104,21,24,22,21,0,24,21,30,29,0,home,6.0,195.5,220.0,-260.0,4.0,96.0,1.0,0,True,1644.693770619156,1576.925974664946,1676.8849564090285,1544.7347888750735,67.76779595421021,0.7242713859599241
2009,2009-03-05,True,False,por,den,90,106,18,26,26,20,0,32,21,28,25,0,home,7.5,200.0,270.0,-350.0,1.0,99.0,1.0,0,True,1579.490447557623,1674.8423999185218,1640.987321096862,1613.3455263792828,-95.35195236089885,0.5066886792224723
2009,2009-03-06,True,False,phx,hou,112,116,18,28,30,36,0,23,33,25,35,0,home,5.5,226.0,210.0,-250.0,0.5,109.0,0.0,1,True,1650.488907823538,1533.4295143056581,1664.6123913156332,1519.306030813563,117.05939351787993,0.7772123114570784
2009,2009-03-06,True,False,wsh,sa,78,100,15,19,19,25,0,24,22,33,21,0,home,13.0,186.5,800.0,-1200.0,3.5,95.0,1.0,0,True,1621.4197554045345,1247.431337898331,1627.5761371303274,1241.2749561725382,373.9884175062034,0.9386873719647729
2009,2009-03-06,True,False,den,utah,91,97,24,23,22,22,0,16,21,36,24,0,home,9.5,209.5,400.0,-600.0,9.0,103.0,0.0,0,True,1767.4231577865455,1640.987321096862,1783.6574374951122,1624.7530413882953,126.43583668968358,0.7864183076086837
2009,2009-03-06,True,False,mil,chi,102,117,26,26,28,22,0,25,38,22,32,0,home,6.5,205.5,240.0,-280.0,0.5,102.5,1.0,1,True,1499.11750057946,1405.8260176555239,1526.7203267266925,1378.2231915082914,93.2914829239362,0.7526275182882911
2009,2009-03-06,True,False,min,lal,90,110,17,19,23,31,0,22,25,30,33,0,home,15.5,215.5,1500.0,-3000.0,6.0,108.0,1.0,0,True,1769.0258670840137,1154.8574326110374,1770.364130285541,1153.5191694095101,614.1684344729763,0.9838743016716598
2009,2009-03-06,True,False,gs,det,91,108,16,24,26,25,0,33,30,22,23,0,home,11.0,207.5,500.0,-700.0,0.0,101.5,1.0,0,True,1462.6821579294806,1400.9806798701536,1496.5522823974811,1367.110555402153,61.70147805932697,0.7172433464854544
2009,2009-03-06,True,False,atl,cha,91,98,21,29,20,21,0,36,23,21,18,0,home,3.0,183.0,130.0,-150.0,1.5,95.0,1.0,1,True,1526.6181456624452,1482.5642598022548,1553.242082735653,1455.940322729047,44.05388586019035,0.6961943824270855
2009,2009-03-06,True,False,bkn,orl,102,105,29,30,27,16,0,32,28,23,22,0,home,9.5,201.5,400.0,-600.0,5.5,102.5,0.0,1,True,1661.9485121556895,1458.3899694986462,1669.4681036437094,1450.8703780106264,203.5585426570433,0.8516275274029125
2009,2009-03-06,True,False,cle,bos,94,105,19,24,26,25,0,21,24,33,27,0,home,1.5,185.5,105.0,-125.0,0.5,93.0,1.0,1,True,1813.9254890351197,1808.3122854682044,1852.2539831899167,1769.9837913134074,5.613203566915217,0.6474749610432176
2009,2009-03-06,True,False,mia,tor,108,102,22,34,30,22,0,24,26,26,26,0,away,1.0,202.5,-120.0,100.0,1.5,101.5,1.0,1,False,1360.0939718398122,1469.6132529488284,1318.4565938502308,1511.2506309384098,-109.51928110901622,0.48630408021519494
2009,2009-03-07,True,False,cha,ny,114,105,32,27,22,33,0,31,26,15,33,0,home,3.5,206.5,140.0,-160.0,3.0,103.5,0.0,1,False,1402.4493484907225,1553.242082735653,1359.1458566157216,1596.5455746106538,-150.79273424493044,0.4274197174648914
2009,2009-03-07,True,False,det,atl,83,87,26,17,17,23,0,19,22,22,24,0,home,3.0,184.5,130.0,-150.0,3.0,91.5,1.0,0,True,1455.940322729047,1496.5522823974811,1485.3539051901112,1467.138699936417,-40.61195966843411,0.584643492417977
2009,2009-03-07,True,False,okc,no,90,108,18,31,23,18,0,31,22,23,32,0,home,13.0,188.5,1000.0,-1400.0,7.5,92.5,1.0,1,True,1676.8849564090285,1439.20347539453,1689.993027847647,1426.0954039559115,237.68148101449856,0.8747745913708063
2009,2009-03-07,True,False,phi,mem,110,105,27,24,28,31,0,26,29,24,26,0,away,5.5,193.0,-230.0,190.0,5.5,96.0,0.0,1,False,1246.212563894711,1453.452627920697,1218.5886868251837,1481.0765049902243,-207.24006402598616,0.3503904395238291
2009,2009-03-07,True,False,min,por,93,95,22,24,24,23,0,26,21,24,24,0,home,14.0,199.5,1225.0,-1800.0,8.5,101.5,0.0,0,True,1613.3455263792828,1153.5191694095101,1614.6145190635118,1152.250176725281,459.82635696977263,0.9616766743259256
2009,2009-03-07,True,False,gs,mil,120,127,28,25,32,35,0,33,29,32,33,0,home,8.0,220.5,310.0,-370.0,1.5,108.0,0.0,1,True,1378.2231915082914,1367.110555402153,1409.472358527419,1335.8613883830255,11.112636106138325,0.654666594945197
2009,2009-03-07,True,False,ind,lac,106,105,25,26,33,22,0,30,34,25,16,0,away,7.0,211.5,-300.0,250.0,7.0,104.5,0.0,0,False,1128.730399837842,1573.0790517191142,1125.0376047237282,1576.771846833228,-444.3486518812722,0.12108129995797248
2009,2009-03-07,True,False,wsh,dal,103,119,26,25,20,32,0,20,31,30,38,0,home,12.5,198.5,700.0,-1100.0,8.0,102.0,1.0,1,True,1544.7347888750735,1241.2749561725382,1553.2730863437846,1232.736658703827,303.4598327025353,0.9107235364085253
2009,2009-03-07,True,False,mia,cle,89,99,14,22,25,28,0,28,22,20,29,0,home,9.0,191.5,380.0,-475.0,1.5,96.0,1.0,0,True,1769.9837913134074,1511.2506309384098,1779.4171009724798,1501.8173212793374,258.7331603749976,0.8874579358419912
2009,2009-03-08,True,False,den,sac,106,114,25,24,26,31,0,35,26,24,29,0,away,9.0,214.5,-500.0,350.0,8.5,106.5,0.0,1,True,1186.7717246228585,1624.7530413882953,1271.3613461026248,1540.163419908529,-437.98131676543676,0.12503645867728014
2009,2009-03-08,True,False,mem,hou,83,93,19,18,20,26,0,28,27,20,18,0,home,14.0,197.0,1400.0,-2500.0,2.5,98.0,0.0,0,True,1664.6123913156332,1218.5886868251837,1667.6302792525369,1215.57079888828,446.0237044904495,0.9586385616078071
2009,2009-03-08,True,False,ny,bkn,101,106,30,27,20,24,0,27,26,26,27,0,home,5.0,220.0,180.0,-220.0,5.5,109.5,2.0,0,True,1450.8703780106264,1359.1458566157216,1468.8555981208488,1341.1606365054993,91.72452139490474,0.7509443275498031
2009,2009-03-08,True,False,phi,okc,74,89,24,12,16,22,0,18,30,18,23,0,away,6.0,196.5,-260.0,220.0,5.5,96.5,0.0,0,True,1426.0954039559115,1481.0765049902243,1479.2326257368554,1427.9392832092803,-54.981101034312815,0.5644272366478131
2009,2009-03-08,True,False,orl,bos,86,79,22,29,18,17,0,15,18,23,23,0,home,2.0,196.5,120.0,-140.0,5.5,98.5,0.0,0,False,1852.2539831899167,1669.4681036437094,1787.5941937896175,1734.1278930440085,182.7858795462073,0.8358744003682175
2009,2009-03-08,True,False,utah,tor,109,101,29,20,32,28,0,24,24,39,14,0,away,4.5,205.0,-200.0,170.0,3.0,105.5,1.0,1,False,1318.4565938502308,1783.6574374951122,1307.9306091566662,1794.1834221886768,-465.2008436448814,0.10887686553359384
2009,2009-03-08,True,False,phx,sa,98,103,30,15,29,24,0,30,28,20,25,0,home,5.0,217.5,170.0,-200.0,2.0,107.0,2.0,0,True,1627.5761371303274,1519.306030813563,1644.056192223675,1502.8259757202154,108.27010631676444,0.7683288825607515
2009,2009-03-09,True,False,chi,mia,127,130,26,26,22,30,23,22,32,30,20,26,home,5.0,202.0,175.0,-210.0,2.5,102.5,0.0,1,True,1501.8173212793374,1526.7203267266925,1525.82443483856,1502.71321316747,-24.9030054473551,0.6064210945687672
2009,2009-03-09,True,False,no,atl,79,89,28,12,20,19,0,20,27,20,22,0,away,1.5,188.0,-127.0,107.0,3.0,95.5,0.0,0,True,1485.3539051901112,1689.993027847647,1553.532153247335,1621.8147797904232,-204.63912265753584,0.3538059583995568
2009,2009-03-09,True,False,orl,det,94,98,21,24,26,23,0,21,21,31,25,0,away,1.5,186.0,-125.0,105.0,0.0,90.5,0.0,1,True,1467.138699936417,1734.1278930440085,1518.3647243656437,1682.9018686147817,-266.9891931075915,0.27662457871630197
2009,2009-03-09,True,False,hou,den,97,95,18,27,29,23,0,27,13,22,33,0,home,4.5,198.0,165.0,-195.0,4.0,96.5,0.0,0,False,1540.163419908529,1667.6302792525369,1517.9007199409684,1689.8929792200975,-127.46685934400784,0.4605541545704013
2009,2009-03-09,True,False,lal,por,94,111,16,22,18,38,0,25,36,23,27,0,away,3.0,202.0,-150.0,130.0,7.0,99.5,0.0,1,True,1614.6145190635118,1770.364130285541,1688.3193967705217,1696.659252578531,-155.74961122202922,0.4204514168804457
2009,2009-03-09,True,False,wsh,min,110,99,27,22,30,31,0,24,20,29,26,0,home,4.0,204.0,155.0,-175.0,3.5,105.5,0.0,1,False,1152.250176725281,1232.736658703827,1094.5150613446378,1290.4717740844703,-80.48648197854595,0.5280527191266465
2009,2009-03-10,True,False,cle,lac,87,83,17,17,18,35,0,24,24,21,14,0,away,11.0,197.5,-700.0,500.0,10.0,97.5,0.0,0,False,1125.0376047237282,1779.4171009724798,1122.2407014524224,1782.2140042437857,-654.3794962487516,0.03949576616014403
2009,2009-03-10,True,False,okc,sac,99,98,27,28,29,15,0,26,29,21,22,0,home,4.0,207.5,160.0,-185.0,3.0,103.0,0.0,0,False,1271.3613461026248,1479.2326257368554,1260.7001821104336,1489.8937897290466,-207.87127963423063,0.34956382776450645
2009,2009-03-10,True,False,dal,phx,122,117,33,25,34,30,0,30,32,25,30,0,home,5.5,230.0,200.0,-240.0,2.0,113.5,0.0,1,False,1502.8259757202154,1553.2730863437846,1457.8230001490238,1598.2760619149763,-50.44711062356919,0.5708327021070048
2009,2009-03-10,True,False,utah,ind,112,100,29,25,28,30,0,22,26,32,20,0,away,3.5,214.0,-165.0,145.0,0.0,110.0,1.0,0,False,1576.771846833228,1794.1834221886768,1538.7181811254236,1832.2370878964812,-217.4115753554488,0.33718250081540124
2009,2009-03-10,True,False,ny,mil,120,112,29,27,32,32,0,31,34,19,28,0,home,3.5,223.5,145.0,-165.0,1.0,111.0,0.0,1,False,1409.472358527419,1341.1606365054993,1343.8721871810126,1406.7608078519056,68.31172202191965,0.7248962327176853
2009,2009-03-10,True,False,cha,sa,86,100,29,17,25,15,0,23,23,25,29,0,home,5.5,179.0,195.0,-235.0,4.0,88.5,1.0,1,True,1644.056192223675,1596.5455746106538,1678.1371838606206,1562.4645829737083,47.51061761302117,0.7003865751492404
2009,2009-03-11,True,False,bos,mia,99,107,32,23,18,26,0,31,19,32,25,0,home,3.5,189.0,150.0,-170.0,3.0,96.0,1.0,1,True,1525.82443483856,1787.5941937896175,1595.1737079431846,1718.2449206849928,-261.7697589510576,0.2826769463876483
2009,2009-03-11,True,False,bkn,gs,112,116,28,39,20,25,0,30,23,32,31,0,home,3.0,222.5,130.0,-150.0,5.0,111.0,1.0,1,True,1335.8613883830255,1468.8555981208488,1374.6214356556086,1430.0955508482657,-132.9942097378232,0.45265974009914073
2009,2009-03-11,True,False,dal,por,93,89,24,30,20,19,0,25,19,23,22,0,home,8.0,195.5,310.0,-370.0,7.5,95.5,0.0,0,False,1688.3193967705217,1598.2760619149763,1639.6517554215666,1646.9437032639314,90.04333485554548,0.7491299470245806
2009,2009-03-11,True,False,okc,den,99,112,19,25,26,29,0,31,22,30,29,0,home,13.5,203.0,1050.0,-1600.0,5.0,99.0,0.0,1,True,1517.9007199409684,1489.8937897290466,1554.4630782955062,1453.3314313745088,28.006930211921826,0.6763104028268849
2009,2009-03-11,True,False,chi,orl,79,107,13,23,17,26,0,26,22,37,22,0,home,8.0,203.5,300.0,-360.0,1.0,101.0,1.0,0,True,1682.9018686147817,1502.71321316747,1703.765002292968,1481.8500794892839,180.1886554473117,0.8338130078848965
2009,2009-03-11,True,False,lal,hou,102,96,24,16,27,35,0,24,27,19,26,0,home,3.5,201.0,150.0,-170.0,2.5,99.0,0.0,0,False,1689.8929792200975,1696.659252578531,1635.8629968899338,1750.6892349086947,-6.7662733584336365,0.6310435990395
2009,2009-03-11,True,False,ny,det,116,111,28,20,23,30,15,28,28,25,20,10,home,7.0,206.5,243.0,-285.0,1.0,101.0,0.0,1,False,1518.3647243656437,1406.7608078519056,1463.6321144070262,1461.4934178105232,111.60391651373811,0.7717272607267571
2009,2009-03-11,True,False,tor,phi,106,115,19,20,35,32,0,19,37,36,23,0,home,6.0,202.5,220.0,-260.0,2.0,99.0,1.0,1,True,1427.9392832092803,1307.9306091566662,1447.8275446509308,1288.0423477150157,120.0086740526142,0.780138168555837
2009,2009-03-11,True,False,utah,atl,93,100,18,24,33,18,0,25,30,18,27,0,home,2.0,196.5,110.0,-130.0,3.0,102.0,1.0,0,True,1553.532153247335,1832.2370878964812,1620.9336687815114,1764.8355723623047,-278.70493464914625,0.2633346044730538
2009,2009-03-11,True,False,no,wsh,109,98,22,23,40,24,0,28,18,22,30,0,away,8.0,193.0,-400.0,325.0,6.0,98.0,1.0,1,False,1290.4717740844703,1621.8147797904232,1267.6341924466726,1644.652361428221,-331.3430057059529,0.2088754305349316
2009,2009-03-11,True,False,mem,min,79,104,14,26,21,18,0,35,15,23,31,0,away,2.5,199.5,-145.0,125.0,4.0,100.5,0.0,0,True,1094.5150613446378,1215.57079888828,1170.531804627153,1139.554055605765,-121.05573754364218,0.46973540032980804
2009,2009-03-12,True,False,lal,sa,102,95,35,18,25,24,0,17,21,32,25,0,home,3.0,194.0,130.0,-150.0,5.5,96.0,0.0,1,False,1678.1371838606206,1750.6892349086947,1628.7828299317582,1800.043588837557,-72.55205104807419,0.5394188004503657
2009,2009-03-12,True,False,cle,phx,119,111,30,33,26,30,0,27,35,31,18,0,away,4.0,221.0,-185.0,165.0,2.5,110.5,1.0,1,False,1457.8230001490238,1782.2140042437857,1436.982587317388,1803.0544170754215,-324.3910040947619,0.2155654688460488
2009,2009-03-13,True,False,hou,cha,91,86,21,25,24,21,0,21,27,17,21,0,home,0.0,183.5,-110.0,-110.0,0.5,90.5,0.0,0,False,1562.4645829737083,1635.8629968899338,1520.0336446497554,1678.2939352138867,-73.39841391622554,0.5382081266622428
2009,2009-03-13,True,False,dal,gs,110,119,31,23,24,32,0,29,31,29,30,0,away,1.5,224.0,-125.0,105.0,2.5,110.0,0.0,1,True,1374.6214356556086,1646.9437032639314,1448.527401678063,1573.037737241477,-272.3222676083228,0.27052379037997476
2009,2009-03-13,True,False,bkn,por,100,109,26,25,26,23,0,20,27,24,38,0,home,7.0,195.5,250.0,-300.0,6.5,97.5,1.0,1,True,1639.6517554215666,1430.0955508482657,1651.7186013697858,1418.0287049000465,209.55620457330087,0.8559373309401856
2009,2009-03-13,True,False,cle,sac,126,123,28,32,25,31,10,32,27,34,23,7,away,10.0,199.5,-650.0,450.0,6.0,100.5,0.0,1,False,1260.7001821104336,1803.0544170754215,1256.2675945486194,1807.4870046372357,-542.3542349649879,0.07266900106517714
2009,2009-03-13,True,False,ny,min,102,94,25,21,28,28,0,19,29,21,25,0,away,5.0,220.5,-220.0,180.0,4.5,110.5,1.0,0,False,1170.531804627153,1461.4934178105232,1146.3741352915679,1485.6510871461082,-290.9616131833702,0.24987793469465738
2009,2009-03-13,True,False,det,tor,99,95,24,16,28,20,11,21,24,12,31,7,away,1.0,193.5,-120.0,100.0,1.5,95.5,1.0,1,False,1288.0423477150157,1463.6321144070262,1260.2188815546647,1491.4555805673772,-175.58976669201047,0.3929020801355298
2009,2009-03-13,True,False,mem,bos,92,102,27,17,25,23,0,21,26,29,26,0,home,12.5,192.5,800.0,-1200.0,6.5,96.5,0.0,1,True,1718.2449206849928,1139.554055605765,1719.562007398704,1138.2369688920537,578.6908650792279,0.9802926342507701
2009,2009-03-13,True,False,orl,wsh,112,103,30,30,21,31,0,25,27,23,28,0,away,7.5,200.0,-350.0,290.0,1.5,101.0,1.0,1,False,1267.6341924466726,1703.765002292968,1254.847737802257,1716.5514569373836,-436.1308098462953,0.1262065157994527
2009,2009-03-13,True,False,chi,phi,101,104,23,24,22,32,0,22,28,30,24,0,home,3.5,201.5,145.0,-165.0,0.5,100.0,0.0,1,True,1447.8275446509308,1481.8500794892839,1472.6030366461218,1457.0745874940928,-34.02253483835307,0.5938240973062924
2009,2009-03-13,True,False,ind,atl,87,101,29,19,16,23,0,22,23,30,26,0,home,5.5,207.5,200.0,-240.0,5.0,102.0,1.0,0,True,1620.9336687815114,1538.7181811254236,1649.4978099338355,1510.1540399730995,82.21548765608782,0.7405668146733747
2009,2009-03-13,True,False,no,mil,95,86,14,25,27,29,0,14,24,25,23,0,away,4.5,198.0,-200.0,170.0,3.0,101.0,1.0,0,False,1343.8721871810126,1644.652361428221,1319.6142045457827,1668.9103440634508,-300.7801742472084,0.23943427274057352
2009,2009-03-14,True,False,okc,phx,95,106,27,25,20,23,0,18,28,26,34,0,home,8.0,234.0,305.0,-365.0,8.0,114.0,1.0,0,True,1436.982587317388,1453.3314313745088,1478.7368471923978,1411.577171499499,-16.348844057120914,0.6181102208464335
2009,2009-03-14,True,False,sa,hou,88,85,22,22,20,24,0,22,15,26,22,0,home,2.5,182.0,125.0,-145.0,3.5,92.0,0.0,0,False,1678.2939352138867,1628.7828299317582,1637.447768387175,1669.6289967584698,49.51110528212848,0.7027975065156918
2009,2009-03-14,True,False,lac,den,94,107,17,29,25,23,0,24,27,34,22,0,home,12.5,207.0,750.0,-1200.0,6.0,102.5,1.0,0,True,1554.4630782955062,1122.2407014524224,1558.0814002319833,1118.6223795159453,432.2223768430838,0.9553711024534659
2009,2009-03-14,True,False,no,chi,79,97,22,17,18,22,0,27,26,28,16,0,away,2.0,193.5,-130.0,110.0,5.0,97.5,0.0,0,True,1457.0745874940928,1668.9103440634508,1542.0119673726886,1583.972964184855,-211.83575656935795,0.34439293498712675
2009,2009-03-14,True,False,utah,mia,129,140,29,26,25,27,22,19,32,32,24,33,away,2.5,203.0,-145.0,125.0,0.0,104.5,0.0,1,True,1595.1737079431846,1764.8355723623047,1660.658179823905,1699.3511004815846,-169.6618644191201,0.40107067927017587
2009,2009-03-14,True,False,cha,min,100,108,25,26,28,21,0,32,34,21,21,0,away,5.0,190.5,-220.0,180.0,5.5,96.5,0.0,1,True,1146.3741352915679,1520.0336446497554,1226.475567467472,1439.9322124738512,-373.6595093581875,0.17146061732389753
2009,2009-03-15,True,False,sac,wsh,104,106,29,26,28,21,0,37,29,21,19,0,home,2.5,212.0,125.0,-145.0,2.0,106.5,0.0,0,True,1254.847737802257,1256.2675945486194,1272.3377400665213,1238.777592284355,-1.419856746362484,0.638179860574418
2009,2009-03-15,True,False,bkn,lac,105,107,30,24,24,27,0,33,32,23,19,0,away,2.0,200.5,-135.0,115.0,4.0,101.0,0.0,1,True,1118.6223795159453,1418.0287049000465,1155.3175607873986,1381.3335236285932,-299.40632538410114,0.2408774222395611
2009,2009-03-15,True,False,phx,gs,154,130,42,32,46,34,0,36,36,25,33,0,home,1.5,244.5,105.0,-125.0,2.0,122.0,0.0,1,False,1448.527401678063,1478.7368471923978,1363.6755195202602,1563.5887293502005,-30.209445514334902,0.5991072573611168
2009,2009-03-15,True,False,utah,orl,87,105,20,23,24,20,0,30,27,28,20,0,home,5.5,203.5,200.0,-240.0,2.0,104.0,1.0,0,True,1716.5514569373836,1699.3511004815846,1759.5311872226755,1656.3713701962927,17.20035645579901,0.6625457092327308
2009,2009-03-15,True,False,dal,lal,100,107,28,26,26,20,0,37,29,21,20,0,home,8.5,209.5,350.0,-500.0,0.5,103.5,0.0,0,True,1800.043588837557,1573.037737241477,1809.8950560495805,1563.1862700294537,227.00585159608,0.8678862080638384
2009,2009-03-15,True,False,ny,cle,93,98,25,18,29,21,0,24,26,24,24,0,home,10.0,210.0,400.0,-600.0,3.5,104.0,0.0,0,True,1807.4870046372357,1485.6510871461082,1812.3204971744221,1480.8175946089218,321.8359174911275,0.9189587341342716
2009,2009-03-15,True,False,bos,mil,77,86,25,16,22,14,0,22,19,24,21,0,away,6.0,197.5,-260.0,220.0,4.0,99.5,0.0,0,True,1319.6142045457827,1719.562007398704,1405.627741827463,1633.5484701170237,-399.9478028529213,0.15101807703606013
2009,2009-03-15,True,False,mia,phi,77,85,22,21,25,9,0,29,17,15,24,0,home,7.0,196.0,260.0,-320.0,3.5,98.5,1.0,0,True,1472.6030366461218,1660.658179823905,1532.937404605274,1600.3238118647528,-188.05514317778307,0.3759237678391181
2009,2009-03-15,True,False,por,atl,80,98,18,21,22,19,0,21,21,30,26,0,home,4.0,188.0,165.0,-185.0,1.5,94.5,1.0,0,True,1649.4978099338355,1651.7186013697858,1696.511545060039,1604.7048662435823,-2.220791435950332,0.6371145784642908
2009,2009-03-15,True,False,ind,tor,87,110,26,24,19,18,0,24,29,37,20,0,home,3.0,214.5,130.0,-150.0,1.0,106.5,1.0,0,True,1260.2188815546647,1510.1540399730995,1358.5653889883179,1411.8075325394464,-249.93515841843487,0.2966928769816722
2009,2009-03-15,True,False,mem,det,89,84,26,31,16,16,0,20,20,26,18,0,home,8.5,182.5,320.0,-400.0,9.5,93.5,0.0,0,False,1491.4555805673772,1138.2369688920537,1437.1909647408625,1192.5015847185684,353.2186116753235,0.9314344789041841
2009,2009-03-16,True,False,por,mem,103,92,29,26,18,30,0,20,28,18,26,0,away,6.0,189.0,-260.0,220.0,1.5,94.0,1.0,1,False,1192.5015847185684,1604.7048662435823,1176.9546889534809,1620.2517620086699,-412.20328152501384,0.1421938889115906
2009,2009-03-16,True,False,tor,cha,86,112,22,21,29,14,0,27,30,32,23,0,home,7.5,194.0,260.0,-310.0,0.5,97.0,1.0,1,True,1439.9322124738512,1358.5653889883179,1474.8495487410346,1323.6480527211347,81.36682348553336,0.7396271104555595
2009,2009-03-16,True,False,bkn,den,96,121,20,23,29,24,0,30,19,34,38,0,home,13.5,204.0,800.0,-1300.0,6.5,101.0,1.0,1,True,1558.0814002319833,1381.3335236285932,1578.6635525497743,1360.7513713108021,176.74787660339007,0.8310502372303715
2009,2009-03-16,True,False,sa,okc,76,78,29,13,21,13,0,14,24,23,17,0,away,5.0,186.5,-230.0,190.0,2.0,92.5,0.0,0,True,1411.577171499499,1669.6289967584698,1446.0410580020646,1635.1651102559042,-258.0518252589709,0.28703678643976194
2009,2009-03-16,True,False,hou,no,95,84,23,21,23,28,0,23,24,17,20,0,home,6.0,181.0,220.0,-260.0,3.0,90.5,0.0,0,False,1583.972964184855,1637.447768387175,1522.0278639829592,1699.392868589071,-53.47480420232,0.5665577765373332
2009,2009-03-17,True,False,det,dal,101,103,21,24,21,35,0,29,25,26,23,0,home,7.0,187.5,255.0,-310.0,1.0,92.0,0.0,1,True,1563.1862700294537,1437.1909647408625,1572.3736238685208,1428.0036109017954,125.99530528859123,0.7859920564929622
2009,2009-03-17,True,False,orl,cle,93,97,23,27,25,18,0,28,25,19,25,0,home,6.5,191.5,255.0,-310.0,3.5,96.0,0.0,0,True,1812.3204971744221,1759.5311872226755,1832.0475401487483,1739.8041442483493,52.789309951746645,0.7067239805236867
2009,2009-03-17,True,False,lac,gs,120,127,27,24,30,39,0,25,34,33,35,0,home,3.5,224.5,155.0,-175.0,0.5,110.0,1.0,1,True,1363.6755195202602,1155.3175607873986,1374.6483336946044,1144.3447466130544,208.35795873286156,0.8550847003925266
2009,2009-03-17,True,False,wsh,utah,88,103,15,21,25,27,0,25,21,30,27,0,home,15.5,203.5,1800.0,-2800.0,6.5,103.0,0.0,0,True,1656.3713701962927,1272.3377400665213,1661.489685576011,1267.219424686803,384.0336301297714,0.941932175332305
2009,2009-03-17,True,False,phi,lal,94,93,20,30,12,32,0,24,26,23,20,0,home,9.5,206.5,460.0,-570.0,6.5,104.0,0.0,0,False,1809.8950560495805,1532.937404605274,1788.4590109623348,1554.3734496925197,276.9576514443065,0.8975176936890946
2009,2009-03-17,True,False,min,sa,86,93,21,14,25,26,0,22,17,29,25,0,home,9.5,189.0,475.0,-600.0,5.0,97.0,0.0,0,True,1635.1651102559042,1226.475567467472,1638.4629507550692,1223.177726968307,408.68954278843216,0.9492255128486748
2009,2009-03-17,True,False,sac,atl,97,119,31,28,27,11,0,26,42,24,27,0,home,12.0,204.0,650.0,-1000.0,4.5,100.5,1.0,1,True,1696.511545060039,1238.777592284355,1700.1807585069794,1235.1083788374146,457.733952775684,0.9612302888589376
2009,2009-03-17,True,False,bos,chi,121,127,26,29,35,31,0,34,20,35,38,0,away,1.5,195.5,-118.0,-102.0,0.5,98.0,0.0,1,True,1542.0119673726886,1633.5484701170237,1583.7793488539526,1591.7810886357597,-91.53650274433517,0.5121775429921239
2009,2009-03-18,True,False,phi,phx,116,126,34,32,25,25,0,31,32,30,33,0,home,7.5,225.5,250.0,-300.0,6.0,113.5,1.0,1,True,1563.5887293502005,1554.3734496925197,1599.9498398579067,1518.0123391848135,9.215279657680867,0.652193200751182
2009,2009-03-18,True,False,chi,okc,103,96,22,29,29,23,0,29,27,19,21,0,home,1.5,202.5,105.0,-125.0,1.0,101.0,0.0,0,False,1446.0410580020646,1583.7793488539526,1405.242989035991,1624.577417820026,-137.738290851888,0.4459028164787904
2009,2009-03-18,True,False,det,hou,101,106,18,20,27,17,19,20,22,22,18,24,home,9.0,176.0,350.0,-500.0,4.5,86.5,0.0,1,True,1699.392868589071,1428.0036109017954,1705.9328478390803,1421.463631651786,271.38925768727563,0.8945315597885228
2009,2009-03-18,True,False,min,no,93,94,16,28,22,27,0,24,24,26,20,0,home,12.5,192.5,900.0,-1400.0,7.0,100.0,0.0,0,True,1522.0278639829592,1223.177726968307,1524.1753925276669,1221.0301984235994,298.8501370146521,0.9085423891475787
2009,2009-03-18,True,False,sac,cha,88,104,25,21,24,18,0,33,18,27,26,0,home,13.5,199.5,1100.0,-1800.0,6.0,97.0,1.0,0,True,1474.8495487410346,1235.1083788374146,1487.3114884589663,1222.646439119483,239.74116990361995,0.8760676414741332
2009,2009-03-18,True,False,wsh,lac,108,123,32,32,29,15,0,27,29,37,30,0,home,6.5,203.5,240.0,-280.0,6.0,105.5,1.0,1,True,1144.3447466130544,1267.219424686803,1209.3518607494568,1202.2123105504006,-122.87467807374856,0.4671281750733501
2009,2009-03-18,True,False,mia,bos,108,112,21,33,22,24,8,34,15,26,25,12,home,7.5,184.5,270.0,-330.0,7.5,92.5,0.0,1,True,1591.7810886357597,1600.3238118647528,1618.0776646900663,1574.0272358104462,-8.542723228993054,0.6286595145035367
2009,2009-03-18,True,False,den,mem,111,109,26,27,28,30,0,35,24,32,18,0,away,6.5,200.5,-275.0,235.0,7.0,99.0,0.0,1,False,1176.9546889534809,1578.6635525497743,1169.717241247714,1585.9010002555412,-401.70886359629344,0.14972292732839595
2009,2009-03-18,True,False,orl,mil,106,80,36,29,17,24,0,20,15,25,20,0,away,5.5,202.0,-240.0,200.0,4.0,102.0,1.0,0,False,1405.627741827463,1739.8041442483493,1375.7262881820927,1769.7055978937196,-334.17640242088623,0.2061930003119704
2009,2009-03-18,True,False,por,ind,95,85,27,23,26,19,0,16,23,16,30,0,away,2.0,203.0,-130.0,110.0,2.5,100.5,1.0,0,False,1411.8075325394464,1620.2517620086699,1375.0050454388083,1657.0542491093079,-208.4442294692235,0.34881430013497877
2009,2009-03-18,True,False,bkn,ny,115,89,20,35,35,25,0,23,21,26,19,0,home,7.5,214.5,270.0,-330.0,8.0,107.0,0.0,0,False,1480.8175946089218,1360.7513713108021,1379.804462494625,1461.7645034250988,120.06622329811967,0.7801949853065001
2009,2009-03-19,True,False,dal,atl,87,95,29,16,27,15,0,23,33,20,19,0,home,5.5,196.5,190.0,-230.0,2.0,96.0,1.0,0,True,1700.1807585069794,1572.3736238685208,1718.3760076524682,1554.178374723032,127.80713463845859,0.7877411926590535
2009,2009-03-19,True,False,por,cle,92,97,19,17,21,29,6,12,22,31,21,11,home,10.5,186.5,500.0,-700.0,7.5,92.5,0.0,1,True,1832.0475401487483,1657.0542491093079,1843.4788721685031,1645.622917089553,174.99329103944046,0.8296273647427809
2009,2009-03-19,True,False,gs,lal,106,114,28,23,22,33,0,26,26,30,32,0,home,13.0,232.0,1100.0,-1400.0,8.5,115.0,0.0,0,True,1788.4590109623348,1374.6483336946044,1791.835144521504,1371.2722001354352,413.8106772677304,0.9506276554204963
2009,2009-03-20,True,False,lac,det,90,108,27,23,19,21,0,23,23,28,34,0,home,6.5,190.0,240.0,-280.0,6.0,94.0,1.0,1,True,1421.463631651786,1209.3518607494568,1436.6687476189584,1194.1467447822845,212.11177090232923,0.8577418454048683
2009,2009-03-20,True,False,wsh,den,105,116,31,20,25,29,0,28,30,28,30,0,home,14.0,212.0,1200.0,-2000.0,6.5,108.0,0.0,1,True,1585.9010002555412,1202.2123105504006,1590.4979753405023,1197.6153354654396,383.68868970514063,0.9418234736901077
2009,2009-03-20,True,False,phi,gs,111,119,33,23,23,32,0,31,31,29,28,0,away,1.5,225.0,-125.0,105.0,2.0,112.0,0.0,1,True,1371.2722001354352,1518.0123391848135,1426.0751785235254,1463.2093607967233,-146.74013904937829,0.4331384015361084
2009,2009-03-20,True,False,bos,sa,80,77,16,21,27,16,0,22,20,21,14,0,home,3.5,183.0,145.0,-165.0,0.5,91.0,0.0,0,False,1638.4629507550692,1618.0776646900663,1598.6127580963523,1657.9278573487832,20.3852860650029,0.666632495171611
2009,2009-03-20,True,False,dal,ind,94,92,25,26,26,17,0,23,23,30,16,0,home,2.5,211.5,120.0,-140.0,3.0,105.0,0.0,0,False,1375.0050454388083,1554.178374723032,1356.2498965970103,1572.93352356483,-179.17332928422366,0.387992549477942
2009,2009-03-20,True,False,min,hou,88,107,16,21,29,22,0,22,26,35,24,0,home,11.0,193.0,600.0,-800.0,3.0,98.5,1.0,1,True,1705.9328478390803,1221.0301984235994,1708.8927209881342,1218.0703252745454,484.90264941548094,0.9666561758860366
2009,2009-03-20,True,False,utah,okc,101,94,23,26,28,24,0,24,16,26,28,0,away,4.0,199.0,-185.0,165.0,1.0,100.5,1.0,0,False,1405.242989035991,1661.489685576011,1378.7854392510746,1687.9472353609274,-256.2466965400199,0.28916799900584556
2009,2009-03-20,True,False,sac,ny,121,94,28,34,35,24,0,22,21,28,23,0,home,9.0,224.5,350.0,-500.0,8.5,108.5,0.0,0,False,1379.804462494625,1222.646439119483,1276.5884080985581,1325.8624935155499,157.1580233751422,0.8146209972244889
2009,2009-03-20,True,False,mia,bkn,88,96,17,22,24,25,0,21,30,16,29,0,away,2.5,197.5,-140.0,120.0,4.0,99.0,0.0,0,True,1461.7645034250988,1574.0272358104462,1511.8088580133276,1523.9828812222174,-112.26273238534736,0.48235983389285636
2009,2009-03-20,True,False,mem,no,84,96,21,19,28,16,0,21,20,26,29,0,home,11.5,190.0,650.0,-900.0,7.0,95.5,1.0,0,True,1524.1753925276669,1169.717241247714,1529.8506370953767,1164.041996680004,354.458151279953,0.9318887733868503
2009,2009-03-20,True,False,cha,tor,102,89,33,19,30,20,0,24,26,20,19,0,home,1.5,194.5,105.0,-125.0,1.0,95.5,0.0,0,False,1323.6480527211347,1487.3114884589663,1276.1099690696267,1534.8495721104744,-163.6634357378316,0.4093927706516481
2009,2009-03-21,True,False,atl,cle,96,102,13,22,28,33,0,27,26,26,23,0,home,7.5,186.0,280.0,-340.0,2.0,95.5,0.0,1,True,1843.4788721685031,1718.3760076524682,1859.8306804452786,1702.0241993756927,125.10286451603497,0.7851266488197791
2009,2009-03-21,True,False,ind,cha,108,83,23,30,33,22,0,25,20,9,29,0,home,6.5,198.5,250.0,-300.0,5.5,97.5,0.0,0,False,1534.8495721104744,1356.2498965970103,1433.5852915395465,1457.5141771679382,178.59967551346404,0.8325416586955223
2009,2009-03-21,True,False,por,mil,96,84,18,21,30,27,0,24,19,17,24,0,away,3.0,192.5,-150.0,130.0,3.0,97.0,1.0,0,False,1375.7262881820927,1645.622917089553,1344.8836032943889,1676.465601977257,-269.89662890746035,0.273288090092316
2009,2009-03-21,True,False,ny,orl,103,110,28,24,28,23,0,29,30,27,24,0,home,13.0,214.5,800.0,-1100.0,6.0,105.0,0.0,0,True,1769.7055978937196,1276.5884080985581,1771.6574813832847,1274.636524608993,493.1171897951615,0.9681471428710391
2009,2009-03-21,True,False,lal,chi,117,109,24,24,33,36,0,34,28,25,22,0,away,3.5,212.5,-165.0,145.0,6.0,106.0,1.0,1,False,1624.577417820026,1791.835144521504,1585.4809241126434,1830.9316382288866,-167.25772670147785,0.4043995704094205
2009,2009-03-21,True,False,bos,mem,105,87,21,31,26,27,0,21,27,17,22,0,away,8.0,192.0,-360.0,300.0,4.0,96.5,1.0,2,False,1164.041996680004,1657.9278573487832,1151.881932257295,1670.0879217714923,-493.88586066877906,0.09386001967490494
2009,2009-03-21,True,False,wsh,phx,96,128,16,37,22,21,0,31,26,33,38,0,home,14.5,232.0,1250.0,-2500.0,8.0,118.0,1.0,0,True,1599.9498398579067,1197.6153354654396,1605.7168116158387,1191.8483637075076,402.3345043924671,0.9474331084801552
2009,2009-03-22,True,False,gs,no,89,99,20,17,21,31,0,27,27,24,21,0,home,8.5,215.5,325.0,-450.0,0.0,105.5,1.0,0,True,1529.8506370953767,1426.0751785235254,1552.4388291972955,1403.4869864216066,103.77545857185123,0.7636915137200492
2009,2009-03-22,True,False,phi,sac,112,100,35,34,26,17,0,17,26,31,26,0,away,5.0,207.5,-220.0,180.0,4.0,101.5,1.0,1,False,1325.8624935155499,1463.2093607967233,1275.4760585853912,1513.595795726882,-137.34686728117345,0.44645959386348927
2009,2009-03-22,True,False,cle,bkn,96,88,27,21,23,25,0,21,17,17,33,0,away,6.5,190.0,-260.0,220.0,0.5,95.5,1.0,0,False,1511.8088580133276,1859.8306804452786,1493.1062438026286,1878.5332946559777,-348.021822431951,0.19345287608007722
2009,2009-03-22,True,False,okc,min,97,90,26,31,27,13,0,16,23,14,37,0,away,2.0,199.5,-135.0,115.0,3.0,100.0,1.0,0,False,1218.0703252745454,1378.7854392510746,1180.2367248291023,1416.6190396965178,-160.7151139765292,0.4135026344061758
2009,2009-03-22,True,False,lac,tor,76,100,20,20,14,22,0,33,21,23,23,0,home,4.5,210.0,170.0,-200.0,2.0,104.0,1.0,0,True,1276.1099690696267,1194.1467447822845,1310.1066786185172,1160.150035233394,81.9632242873422,0.7402877201405893
2009,2009-03-22,True,False,mia,det,101,96,20,23,24,34,0,23,24,26,23,0,home,2.0,183.0,115.0,-135.0,0.5,92.0,0.0,1,False,1436.6687476189584,1523.9828812222174,1395.8113888479807,1564.8402399931952,-87.31413360325905,0.5182483205204429
2009,2009-03-22,True,False,hou,sa,87,85,22,29,13,23,0,27,20,16,22,0,home,3.0,177.5,135.0,-155.0,3.0,88.0,0.0,0,False,1598.6127580963523,1708.8927209881342,1575.1582081176264,1732.3472709668602,-110.2799628917819,0.4852102598526368
2009,2009-03-23,True,False,phi,por,114,108,31,27,17,23,16,26,18,28,26,10,home,8.0,191.0,310.0,-380.0,8.0,95.5,0.0,1,False,1676.465601977257,1513.595795726882,1616.1246899047221,1573.9367077994168,162.86980625037495,0.8195349985341444
2009,2009-03-23,True,False,lac,bos,77,90,18,24,18,17,0,31,13,26,20,0,home,15.0,200.0,2200.0,-3300.0,8.5,100.0,0.0,0,True,1670.0879217714923,1160.150035233394,1672.3179872428725,1157.9199697620138,509.9378865380984,0.9710015226502019
2009,2009-03-23,True,False,den,phx,115,118,22,38,32,23,0,29,34,25,30,0,home,3.5,236.0,150.0,-170.0,1.5,116.5,0.0,0,True,1605.7168116158387,1590.4979753405023,1626.1454403392265,1570.0693466171144,15.218836275336344,0.6599907366370328
2009,2009-03-23,True,False,min,atl,97,109,18,18,28,33,0,23,35,23,28,0,home,12.0,195.0,675.0,-950.0,0.5,99.5,2.0,1,True,1702.0241993756927,1180.2367248291023,1704.0368106068993,1178.2241135978957,521.7874745465904,0.9728617133239575
2009,2009-03-23,True,False,chi,wsh,101,99,19,22,33,27,0,27,20,20,32,0,away,8.0,209.0,-350.0,290.0,8.0,104.5,0.0,0,False,1191.8483637075076,1585.4809241126434,1184.3201354953083,1593.0091523248427,-393.6325604051358,0.1557383778577887
2009,2009-03-23,True,False,mem,mia,82,94,16,24,22,20,0,30,26,24,14,0,home,8.5,195.0,330.0,-420.0,0.0,96.0,1.0,0,True,1564.8402399931952,1151.881932257295,1568.8022114711994,1147.9199607792907,412.95830773590023,0.9503968541188668
2009,2009-03-23,True,False,orl,ny,106,102,24,26,20,36,0,24,30,25,23,0,away,6.5,216.0,-260.0,220.0,6.0,108.0,0.0,0,False,1274.636524608993,1771.6574813832847,1268.097703299462,1778.1963026928158,-497.02095677429156,0.09233632069214964
2009,2009-03-24,True,False,lal,okc,107,89,37,25,28,17,0,20,18,34,17,0,away,7.5,207.5,-360.0,300.0,2.5,102.5,1.0,0,False,1416.6190396965178,1830.9316382288866,1398.3881102358314,1849.162567689573,-414.31259853236884,0.14071927075289203
2009,2009-03-24,True,False,det,chi,91,99,18,25,25,23,0,22,21,32,24,0,home,4.5,190.0,170.0,-200.0,3.5,94.5,1.0,2,True,1593.0091523248427,1395.8113888479807,1605.3691957148253,1383.451345457998,197.19776347686206,0.8469410366853922
2009,2009-03-24,True,False,gs,sa,106,107,25,29,24,28,0,28,24,27,28,0,home,8.0,208.0,320.0,-400.0,6.5,104.0,0.0,1,True,1575.1582081176264,1403.4869864216066,1579.6637926568242,1398.9814018824088,171.67122169601976,0.8269072936274098
2009,2009-03-24,True,False,hou,utah,86,99,21,22,24,19,0,23,23,29,24,0,home,6.0,194.0,230.0,-270.0,3.5,97.0,1.0,0,True,1687.9472353609274,1732.3472709668602,1736.793808542988,1683.5006977847995,-44.40003560593277,0.5793386608000574
2009,2009-03-25,True,False,lac,ny,140,135,28,37,30,32,13,44,22,27,34,8,home,6.0,217.5,220.0,-260.0,4.0,107.5,0.0,1,False,1268.097703299462,1157.9199697620138,1213.3977147982068,1212.619958263269,110.17773353744815,0.7702777671102489
2009,2009-03-25,True,False,utah,phx,114,118,31,27,25,31,0,32,20,37,29,0,home,3.0,229.0,135.0,-155.0,3.5,117.0,1.0,1,True,1626.1454403392265,1736.793808542988,1662.6379244744842,1700.3013244077304,-110.64836820376149,0.48468056267959153
2009,2009-03-25,True,False,gs,dal,106,128,26,30,27,23,0,37,26,32,33,0,home,9.0,225.0,425.0,-550.0,3.0,111.0,1.0,1,True,1572.93352356483,1398.9814018824088,1593.0553078491557,1378.859617598083,173.9521216824212,0.8287785409871531
2009,2009-03-25,True,False,bos,orl,82,84,21,18,23,20,0,25,22,23,14,0,home,3.5,189.0,140.0,-160.0,0.5,95.0,0.0,0,True,1778.1963026928158,1672.3179872428725,1788.4303763901776,1662.0839135455108,105.87831544994333,0.7658690898805337
2009,2009-03-25,True,False,mil,tor,106,115,20,24,27,35,0,25,40,29,21,0,home,4.0,201.0,155.0,-175.0,2.5,99.0,1.0,1,True,1310.1066786185172,1344.8836032943889,1351.3640418541265,1303.6262400587796,-34.77692467587167,0.5927762456567452
2009,2009-03-25,True,False,den,no,101,88,28,18,31,24,0,21,24,23,20,0,home,4.0,196.5,160.0,-180.0,3.5,98.5,0.0,0,False,1552.4388291972955,1570.0693466171144,1480.867185775196,1641.6409900392139,-17.630517419818943,0.6163671555518309
2009,2009-03-25,True,False,bkn,cle,87,98,17,23,20,27,0,26,18,24,30,0,home,12.5,189.5,850.0,-1100.0,6.5,95.5,0.0,0,True,1878.5332946559777,1493.1062438026286,1883.0814220053483,1488.558116453258,385.4270508533491,0.9423693490651446
2009,2009-03-25,True,False,sa,atl,102,92,28,25,21,28,0,22,26,26,18,0,home,7.0,179.0,245.0,-290.0,6.5,90.5,0.0,1,False,1704.0368106068993,1579.6637926568242,1630.4297487071874,1653.270854556536,124.37301795007511,0.784417022914974
2009,2009-03-25,True,False,mia,ind,88,90,24,25,19,20,0,27,21,19,23,0,away,1.0,205.0,-120.0,100.0,0.5,102.5,0.0,0,True,1457.5141771679382,1568.8022114711994,1482.4686271421615,1543.847761496976,-111.28803430326116,0.4837609262401092
2009,2009-03-25,True,False,min,phi,88,96,16,27,19,26,0,14,23,28,31,0,home,10.0,200.5,475.0,-650.0,9.5,103.5,0.0,0,True,1573.9367077994168,1178.2241135978957,1577.7116653451214,1174.449156052191,395.71259420152114,0.9455019523321532
2009,2009-03-25,True,False,cha,wsh,93,95,29,28,14,22,0,24,26,23,22,0,away,7.0,191.5,-300.0,250.0,1.5,95.5,0.0,0,True,1184.3201354953083,1433.5852915395465,1218.278323489761,1399.6271035450936,-249.2651560442382,0.297498300506374
2009,2009-03-26,True,False,lal,det,92,77,25,14,31,22,0,12,30,13,22,0,away,9.0,193.5,-440.0,320.0,7.5,95.5,1.0,0,False,1383.451345457998,1849.162567689573,1370.2037660579801,1862.410147089591,-465.711222231575,0.10859214263743536
2009,2009-03-26,True,False,mia,chi,87,106,25,24,14,24,0,26,21,32,27,0,home,5.5,202.5,200.0,-240.0,4.5,102.5,1.0,0,True,1605.3691957148253,1543.847761496976,1640.5060219310567,1508.7109352807447,61.52143421784922,0.7170331085492359
2009,2009-03-26,True,False,phx,por,109,129,27,30,22,30,0,29,36,35,29,0,home,6.5,221.0,240.0,-280.0,1.5,110.5,1.0,1,True,1616.1246899047221,1662.6379244744842,1672.873565951961,1605.8890484272454,-46.51323456976206,0.5763712669970618
2009,2009-03-27,True,False,mil,orl,94,110,20,23,27,24,0,21,28,31,30,0,home,11.5,198.0,800.0,-1200.0,5.5,99.0,1.0,1,True,1788.4303763901776,1303.6262400587796,1791.2313967218565,1300.8252197271006,484.804136331398,0.9666378926956317
2009,2009-03-27,True,False,lac,sa,98,111,19,27,26,26,0,39,20,37,15,0,home,11.5,193.0,600.0,-800.0,2.5,95.5,1.0,1,True,1653.270854556536,1212.619958263269,1656.7049038056457,1209.1859090141593,440.6508962932671,0.9573946858606099
2009,2009-03-27,True,False,den,dal,103,101,25,32,29,17,0,26,26,24,25,0,home,3.5,205.0,145.0,-165.0,3.0,101.0,0.0,0,False,1593.0553078491557,1641.6409900392139,1565.3350650453724,1669.3612328429972,-48.58568219005815,0.5734557357187244
2009,2009-03-27,True,False,min,cle,85,107,18,21,25,21,0,27,29,23,28,0,home,14.0,192.5,1200.0,-2000.0,2.5,99.5,1.0,0,True,1883.0814220053483,1174.449156052191,1883.842477869204,1173.6881001883353,708.6322659531572,0.9905744552560147
2009,2009-03-27,True,False,lal,bkn,103,95,31,20,30,22,0,25,24,21,25,0,away,6.5,205.0,-300.0,250.0,3.0,100.5,1.0,0,False,1488.558116453258,1862.410147089591,1471.9968825416206,1878.9713810012283,-373.852030636333,0.17130323576948872
2009,2009-03-27,True,False,mem,sac,113,95,32,27,23,31,0,22,15,30,28,0,home,3.0,209.5,135.0,-155.0,6.5,104.0,0.0,0,False,1275.4760585853912,1147.9199607792907,1184.9929848311742,1238.4030345335077,127.55609780610052,0.78749946688169
2009,2009-03-27,True,False,cha,phi,100,95,29,21,23,27,0,23,10,27,35,0,home,4.5,188.0,175.0,-210.0,7.0,92.5,0.0,1,False,1577.7116653451214,1399.6271035450936,1522.0256712037697,1455.3130976864454,178.0845618000278,0.8321278499136783
2009,2009-03-27,True,False,okc,tor,96,112,18,22,25,31,0,28,23,33,28,0,home,5.0,201.5,190.0,-230.0,0.5,99.0,1.0,1,True,1351.3640418541265,1398.3881102358314,1404.2637139746055,1345.4884381153524,-47.024068381704865,0.5756531085145222
2009,2009-03-27,True,False,bos,atl,99,93,28,24,25,22,0,25,17,18,33,0,home,1.0,186.0,100.0,-120.0,3.5,93.0,0.0,1,False,1630.4297487071874,1662.0839135455108,1579.305317727567,1713.2083445251312,-31.654164838323368,0.5971081894323576
2009,2009-03-27,True,False,no,ny,93,103,26,23,16,28,0,23,19,35,26,0,away,4.0,205.5,-200.0,170.0,0.5,102.5,0.0,0,True,1213.3977147982068,1480.867185775196,1289.7775023349868,1404.487398238416,-267.4694709769892,0.27607169425138195
2009,2009-03-28,True,False,ny,cha,85,96,27,17,23,18,0,20,30,23,23,0,home,6.5,206.0,250.0,-300.0,1.5,101.5,1.0,0,True,1455.3130976864454,1289.7775023349868,1472.0301959820517,1273.0604040393805,165.5355953514586,0.8217934417249123
2009,2009-03-28,True,False,phx,utah,99,104,24,11,23,32,9,27,25,17,21,14,home,9.0,230.0,400.0,-500.0,0.5,112.5,0.0,0,True,1700.3013244077304,1605.8890484272454,1718.0347356156044,1588.1556372193713,94.41227598048499,0.7538267519844783
2009,2009-03-28,True,False,mem,por,66,86,16,20,11,19,0,25,23,20,18,0,home,13.0,190.0,850.0,-1150.0,4.0,94.5,1.0,0,True,1672.873565951961,1238.4030345335077,1676.9900390740538,1234.2865614114148,434.4705314184532,0.9559196474398177
2009,2009-03-28,True,False,gs,den,116,129,27,30,17,42,0,28,38,38,25,0,home,12.0,229.5,950.0,-1150.0,4.0,113.0,1.0,1,True,1669.3612328429972,1378.859617598083,1677.9569683493762,1370.263882091704,290.5016152449141,0.9044699302395379
2009,2009-03-28,True,False,ind,chi,106,112,35,23,24,24,0,21,33,33,25,0,home,8.5,213.0,350.0,-450.0,7.5,106.5,0.0,1,True,1640.5060219310567,1482.4686271421615,1654.155677484291,1468.8189715889273,158.0373947888952,0.8153842214294373
2009,2009-03-28,True,False,mil,mia,85,102,23,20,20,22,0,28,30,19,25,0,home,8.5,197.5,370.0,-470.0,0.5,99.0,1.0,0,True,1508.7109352807447,1300.8252197271006,1524.004336984798,1285.5318180230472,207.8857155536441,0.8547475187539413
2009,2009-03-28,True,False,lac,hou,93,110,17,19,23,34,0,30,27,28,25,0,home,15.5,195.0,1800.0,-2800.0,2.0,97.0,1.0,1,True,1683.5006977847995,1209.1859090141593,1686.5513459223143,1206.1352608766445,474.31478877064023,0.9646348129614486
2009,2009-03-28,True,False,det,wsh,98,96,29,31,24,14,0,26,27,19,24,0,away,4.0,191.0,-180.0,160.0,0.5,97.0,0.0,1,False,1218.278323489761,1370.2037660579801,1197.6944071945468,1390.7876823531944,-151.92544256821907,0.42582472839789665
2009,2009-03-29,True,False,phx,sac,118,126,33,31,32,22,0,35,35,35,21,0,away,6.0,236.0,-260.0,220.0,7.0,117.5,0.0,1,True,1184.9929848311742,1588.1556372193713,1267.2986681588143,1505.8499538917313,-403.1626523881971,0.14866066432790476
2009,2009-03-29,True,False,sa,no,86,90,25,22,16,23,0,19,24,25,22,0,away,2.0,178.0,-125.0,105.0,0.0,90.0,0.0,0,True,1404.487398238416,1656.7049038056457,1454.485901411662,1606.7064006323997,-252.21750556722964,0.2939587114266512
2009,2009-03-29,True,False,wsh,ind,115,124,28,24,24,39,0,30,29,33,32,0,home,9.5,207.0,415.0,-525.0,3.5,105.0,0.0,1,True,1468.8189715889273,1197.6944071945468,1477.2366953669605,1189.2766834165136,271.1245643943805,0.8943877203782357
2009,2009-03-29,True,False,phi,det,97,101,31,27,25,14,0,27,30,22,22,0,home,2.0,184.5,110.0,-130.0,2.0,92.5,1.0,1,True,1390.7876823531944,1522.0256712037697,1429.3702717812175,1483.4430817757466,-131.23798885057522,0.45516566642270084
2009,2009-03-29,True,False,okc,bos,84,103,25,20,23,16,0,20,25,26,32,0,home,10.5,191.5,550.0,-725.0,7.0,94.5,1.0,0,True,1713.2083445251312,1345.4884381153524,1719.3206130170718,1339.376169623412,367.7199064097788,0.9365774183346475
2009,2009-03-29,True,False,chi,tor,129,134,21,23,33,42,10,30,25,35,29,15,home,1.5,209.0,105.0,-125.0,3.0,104.0,1.0,1,True,1404.2637139746055,1654.155677484291,1459.7065399894313,1598.712851469465,-249.8919635096854,0.29674476443394965
2009,2009-03-29,True,False,lal,atl,76,86,13,26,19,18,0,20,20,32,14,0,away,3.5,199.5,-165.0,145.0,3.5,98.5,0.0,0,True,1579.305317727567,1878.9713810012283,1659.4271956949754,1798.84950303382,-299.6660632736614,0.2406041278602291
2009,2009-03-29,True,False,dal,cle,74,102,30,19,11,14,0,20,27,30,25,0,home,9.0,190.5,425.0,-515.0,7.0,95.5,1.0,0,True,1883.842477869204,1565.3350650453724,1893.1107444441157,1556.0667984704608,318.5074128238316,0.9175202865765454
2009,2009-03-29,True,False,bkn,min,99,108,24,24,23,28,0,29,29,26,24,0,away,4.5,199.5,-180.0,158.0,5.0,100.5,0.0,1,True,1173.6881001883353,1471.9968825416206,1250.480414020469,1395.204568709487,-298.3087823532853,0.24203458750276433
2009,2009-03-30,True,False,orl,mia,101,95,26,20,24,31,0,21,22,26,26,0,away,2.5,193.0,-135.0,115.0,0.0,95.0,1.0,1,False,1524.004336984798,1791.2313967218565,1500.3431800227286,1814.892553683926,-267.2270597370584,0.27635066684904575
2009,2009-03-30,True,False,mil,bkn,107,78,32,28,24,23,0,13,24,16,25,0,home,3.0,200.5,130.0,-150.0,6.5,101.0,0.0,0,False,1395.204568709487,1285.5318180230472,1291.3927942629834,1389.3435924695507,109.67275068643971,0.7697629846262296
2009,2009-03-30,True,False,ny,utah,104,112,24,22,32,26,0,36,31,19,26,0,home,11.0,214.0,600.0,-800.0,0.0,104.5,0.0,1,True,1718.0347356156044,1273.0604040393805,1720.8181459435668,1270.276993711418,444.9743315762239,0.9583983800659319
2009,2009-03-30,True,False,mem,gs,114,109,27,30,20,37,0,27,26,31,25,0,home,5.5,221.0,195.0,-235.0,5.5,110.5,0.0,1,False,1370.263882091704,1234.2865614114148,1315.0558613194028,1289.4945821837161,135.97732068028927,0.7954986627550193
2009,2009-03-31,True,False,ny,den,104,111,22,30,25,27,0,34,31,19,27,0,home,12.5,221.0,850.0,-1300.0,3.5,109.0,0.0,0,True,1677.9569683493762,1270.276993711418,1681.2754270785842,1266.95853498221,407.67997463795814,0.9489446848836178
2009,2009-03-31,True,False,utah,por,104,125,25,23,27,29,0,39,22,33,31,0,home,6.0,192.0,215.0,-255.0,0.5,98.0,1.0,1,True,1676.9900390740538,1720.8181459435668,1734.0933541947452,1663.7148308228755,-43.82810686951302,0.5801407984645024
2009,2009-03-31,True,False,no,sac,111,110,32,32,22,25,0,38,26,26,20,0,away,6.0,201.5,-245.0,205.0,4.5,103.5,0.0,1,False,1267.2986681588143,1454.485901411662,1255.7977965493405,1465.9867730211358,-187.18723325284782,0.37709660083837115
2009,2009-03-31,True,False,okc,sa,96,95,29,25,27,15,0,32,16,27,20,0,home,13.0,188.5,800.0,-1200.0,10.5,94.0,0.0,1,False,1606.7064006323997,1339.376169623412,1585.2329168533342,1360.8496534024773,267.33023100898777,0.8923067240373265
2009,2009-03-31,True,False,atl,phi,85,98,16,21,32,16,0,28,23,26,21,0,home,2.0,193.5,110.0,-130.0,3.0,98.0,1.0,0,True,1483.4430817757466,1659.4271956949754,1554.0012550899783,1588.8690223807437,-175.98411391922878,0.3923607380350068
2009,2009-03-31,True,False,chi,ind,105,107,24,28,27,26,0,28,22,26,31,0,home,2.5,215.5,120.0,-140.0,3.0,108.0,0.0,0,True,1477.2366953669605,1598.712851469465,1502.8982616598616,1573.0512851765639,-121.47615610250455,0.4691326305344597
2009,2009-03-31,True,False,lal,cha,84,94,24,20,20,20,0,25,18,25,26,0,away,5.5,191.5,-245.0,205.0,3.5,96.0,0.0,0,True,1472.0301959820517,1798.84950303382,1555.04223493366,1715.8374640822117,-326.8193070517682,0.2132111563410935
2009,2009-03-31,True,False,det,cle,73,79,19,25,14,15,0,12,32,18,17,0,home,10.0,180.0,450.0,-600.0,6.5,89.5,0.0,0,True,1893.1107444441157,1429.3702717812175,1895.304358645322,1427.1766575800111,463.7404726628981,0.9624984800081521
2009,2009-03-31,True,False,dal,min,108,88,36,25,24,23,0,21,26,22,19,0,away,8.0,200.0,-375.0,305.0,1.5,98.5,1.0,0,False,1250.480414020469,1556.0667984704608,1219.0760898837211,1587.4711226072086,-305.5863844499918,0.23443237948518617
2009,2009-04-01,True,False,det,bkn,98,111,21,27,27,23,0,32,27,27,25,0,home,1.0,187.0,100.0,-120.0,2.5,93.5,1.0,1,True,1291.3927942629834,1427.1766575800111,1355.410770116313,1363.1586817266816,-135.78386331702768,0.44868420237058904
2009,2009-04-01,True,False,no,lac,104,98,29,22,27,26,0,25,23,21,29,0,away,4.0,196.0,-185.0,165.0,2.0,99.0,1.0,1,False,1206.1352608766445,1465.9867730211358,1181.7402801068056,1490.3817537909747,-259.8515121444914,0.2849213677218658
2009,2009-04-01,True,False,cha,bos,109,111,33,18,26,16,16,26,28,17,22,18,home,8.0,181.5,320.0,-400.0,4.0,90.0,0.0,1,True,1719.3206130170718,1555.04223493366,1726.7635654523447,1547.599282498387,164.27837808341178,0.8207311028385649
2009,2009-04-01,True,False,sac,gs,141,143,40,36,30,26,9,37,30,43,22,11,home,8.0,239.0,300.0,-360.0,7.5,117.0,0.0,1,True,1315.0558613194028,1255.7977965493405,1328.0899525825266,1242.7637052862167,59.25806477006222,0.7143821091839931
2009,2009-04-01,True,False,tor,orl,99,95,32,21,27,19,0,28,24,21,22,0,home,10.0,206.0,400.0,-600.0,7.0,102.0,0.0,0,False,1814.892553683926,1459.7065399894313,1766.182818305245,1508.4162753681123,355.1860136944947,0.9321542351407641
2009,2009-04-01,True,False,wsh,mem,107,112,27,23,23,34,0,27,30,31,24,0,home,3.0,201.0,135.0,-155.0,0.5,103.5,1.0,1,True,1289.4945821837161,1189.2766834165136,1306.6938000833707,1172.077465516859,100.21789876720254,0.759975806120621
2009,2009-04-01,True,False,hou,phx,109,114,30,26,32,21,0,33,34,21,26,0,home,2.0,222.5,110.0,-130.0,2.5,110.0,1.0,1,True,1505.8499538917313,1686.5513459223143,1554.2635451794624,1638.1377546345832,-180.70139203058307,0.385905914382008
2009,2009-04-01,True,False,lal,mil,104,98,22,33,25,24,0,31,26,24,17,0,away,7.0,203.0,-300.0,250.0,5.5,101.5,0.0,0,False,1389.3435924695507,1715.8374640822117,1371.0615219527547,1734.1195345990077,-326.493871612661,0.21352558485609907
2009,2009-04-01,True,False,mia,dal,96,98,27,20,26,23,0,26,20,25,27,0,home,5.5,196.5,180.0,-220.0,4.0,98.5,0.0,0,True,1587.4711226072086,1500.3431800227286,1598.7668391419763,1489.0474634879608,87.12794258448002,0.7459628014540926
2009,2009-04-02,True,False,cle,wsh,101,109,19,22,29,31,0,22,27,31,29,0,away,10.0,197.5,-550.0,450.0,9.5,98.5,0.0,1,True,1172.077465516859,1895.304358645322,1266.152741859137,1801.2290823030442,-723.226893128463,0.0269203774715794
2009,2009-04-02,True,False,utah,den,104,114,24,19,29,32,0,21,33,29,31,0,home,5.5,209.0,180.0,-220.0,1.0,109.0,1.0,1,True,1681.2754270785842,1663.7148308228755,1716.216856245715,1628.7734016557447,17.560596255708788,0.6630091899506161
2009,2009-04-02,True,False,mil,phi,95,105,24,35,20,16,0,24,26,30,25,0,home,7.5,199.0,290.0,-350.0,6.5,100.5,1.0,1,True,1554.0012550899783,1371.0615219527547,1568.6289221030888,1356.433854939644,182.93973313722358,0.8359958654612917
2009,2009-04-03,True,False,dal,mem,102,107,32,29,24,17,0,28,33,23,23,0,away,7.0,196.0,-300.0,250.0,5.0,97.5,0.0,1,True,1306.6938000833707,1598.7668391419763,1365.9258773035353,1539.5347619218117,-292.0730390586057,0.2486806425164088
2009,2009-04-03,True,False,por,okc,107,72,25,22,29,31,0,14,21,15,22,0,away,4.5,191.0,-190.0,165.0,1.5,96.0,1.0,0,False,1360.8496534024773,1734.0933541947452,1333.7609716416898,1761.1820359555327,-373.2437007922679,0.1718009221586412
2009,2009-04-03,True,False,sac,phx,111,139,25,40,28,18,0,39,30,37,33,0,home,15.0,245.0,1500.0,-2200.0,9.0,121.0,1.0,1,True,1554.2635451794624,1242.7637052862167,1563.9320603688911,1233.095190096788,311.49983989324573,0.914415705150886
2009,2009-04-03,True,False,min,utah,103,102,19,27,26,31,0,27,29,21,25,0,home,13.5,202.5,1100.0,-1400.0,5.0,103.0,0.0,1,False,1628.7734016557447,1219.0760898837211,1608.23109352717,1239.6183980122958,409.69731177202357,0.9495043817602903
2009,2009-04-03,True,False,no,gs,103,111,20,26,25,32,0,31,24,19,37,0,away,6.0,217.0,-250.0,210.0,6.5,108.5,0.0,0,True,1328.0899525825266,1490.3817537909747,1385.003907484175,1433.4677988893263,-162.29180120844808,0.41130324665964585
2009,2009-04-03,True,False,sa,ind,126,121,35,28,30,33,0,25,30,26,40,0,away,4.5,200.5,-190.0,165.0,0.5,100.0,1.0,1,False,1502.8982616598616,1585.2329168533342,1461.477036446264,1626.6541420669319,-82.3346551934726,0.5254005899200289
2009,2009-04-03,True,False,atl,bos,92,104,23,25,23,21,0,21,31,28,24,0,home,4.5,187.5,170.0,-200.0,1.0,96.0,1.0,1,True,1726.7635654523447,1588.8690223807437,1746.8687676789002,1568.7638201541881,137.894543071601,0.7972882190512878
2009,2009-04-03,True,False,mia,cha,97,92,16,29,22,30,0,28,17,26,21,0,home,5.0,183.0,175.0,-210.0,3.5,91.5,0.0,1,False,1547.599282498387,1489.0474634879608,1494.4563142429165,1542.1904317434314,58.55181901042624,0.7135518654424531
2009,2009-04-03,True,False,cle,orl,87,116,22,16,22,27,0,27,28,37,24,0,home,3.5,187.0,145.0,-165.0,4.0,93.0,1.0,1,True,1766.182818305245,1801.2290823030442,1827.180964280983,1740.2309363273062,-35.04626399779909,0.5924019267675964
2009,2009-04-03,True,False,hou,lal,81,93,21,23,18,19,0,20,24,23,26,0,home,5.5,196.0,190.0,-230.0,4.0,96.0,1.0,0,True,1734.1195345990077,1638.1377546345832,1759.2967603057816,1612.9605289278093,95.9817799644245,0.7554995086106697
2009,2009-04-04,True,False,bkn,chi,94,103,16,28,25,25,0,22,32,19,30,0,home,8.0,209.0,310.0,-370.0,1.5,105.0,1.0,0,True,1573.0512851765639,1355.410770116313,1584.568413946735,1343.8936413461417,217.6405150602509,0.8615812421755101
2009,2009-04-04,True,False,tor,ny,102,95,23,25,29,25,0,30,20,23,22,0,home,3.0,220.5,130.0,-150.0,1.0,110.5,0.0,0,False,1266.95853498221,1508.4162753681123,1238.8716568880275,1536.503153462295,-241.4577403859023,0.30697575561007573
2009,2009-04-04,True,False,orl,atl,88,82,22,18,22,26,0,18,26,17,21,0,away,1.5,192.0,-122.0,102.0,2.0,96.5,1.0,0,False,1568.7638201541881,1827.180964280983,1544.2245481196185,1851.7202363155527,-258.41714412679494,0.2866066186710392
2009,2009-04-04,True,False,lac,den,104,120,21,26,29,28,0,32,34,30,24,0,home,15.0,216.0,1200.0,-1750.0,3.5,106.0,1.0,1,True,1716.216856245715,1181.7402801068056,1718.2702033456937,1179.6869330068268,534.4765761389094,0.974725028335356
2009,2009-04-04,True,False,mem,mil,107,102,16,38,28,25,0,20,18,35,29,0,home,7.5,201.0,270.0,-330.0,8.0,100.5,0.0,1,False,1356.433854939644,1365.9258773035353,1306.9726058092047,1415.3871264339748,-9.492022363891238,0.627382925959019
2009,2009-04-04,True,False,mia,wsh,118,104,30,32,18,38,0,28,24,25,27,0,away,1.5,201.5,-122.0,102.0,2.5,100.5,1.0,1,False,1266.152741859137,1542.1904317434314,1234.419127976894,1573.9240456256744,-276.0376898842944,0.266323902352385
2009,2009-04-04,True,False,det,phi,90,95,19,31,24,16,0,21,25,22,27,0,home,3.5,184.5,145.0,-165.0,3.0,91.5,1.0,1,True,1568.6289221030888,1363.1586817266816,1578.2418520042352,1353.5457518255353,205.47024037640722,0.8530126758124914
2009,2009-04-05,True,False,por,hou,88,102,25,18,21,24,0,31,23,18,30,0,home,4.0,184.5,160.0,-180.0,1.0,94.0,1.0,1,True,1612.9605289278093,1761.1820359555327,1680.7538082672181,1693.3887566161238,-148.22150702772342,0.43104586909215203
2009,2009-04-05,True,False,lac,lal,85,88,17,27,12,29,0,30,24,14,20,0,home,16.5,209.5,1500.0,-3000.0,6.5,102.5,0.0,0,True,1759.2967603057816,1179.6869330068268,1760.0538278636363,1178.9298654489721,579.6098272989548,0.9803945719043881
2009,2009-04-05,True,False,gs,sac,105,100,18,32,36,19,0,23,19,27,31,0,home,1.5,242.0,105.0,-125.0,3.0,119.5,0.0,0,False,1233.095190096788,1385.003907484175,1199.5224127394151,1418.5766848415478,-151.90871738738701,0.42584826831792927
2009,2009-04-05,True,False,phi,bkn,67,96,20,19,12,16,0,18,32,18,28,0,away,2.5,196.5,-140.0,120.0,4.0,97.5,0.0,0,True,1343.8936413461417,1578.2418520042352,1446.2934224072153,1475.8420709431616,-234.34821065809342,0.31575045778416283
2009,2009-04-05,True,False,utah,no,108,94,41,25,21,21,0,19,20,37,18,0,home,2.5,192.0,125.0,-145.0,6.0,99.0,0.0,1,False,1433.4677988893263,1608.23109352717,1386.5165751313382,1655.1823172851582,-174.76329463784373,0.3940374764074508
2009,2009-04-05,True,False,den,min,110,87,27,33,27,23,0,20,20,22,25,0,away,7.0,208.5,-300.0,250.0,1.5,103.0,1.0,0,False,1239.6183980122958,1718.2702033456937,1225.4127977876506,1732.475803570339,-478.651805333398,0.10158876085644292
2009,2009-04-05,True,False,ny,tor,112,103,33,32,27,20,0,34,20,22,27,0,home,5.5,217.5,200.0,-240.0,5.5,107.0,0.0,0,False,1536.503153462295,1238.8716568880275,1465.6135320496924,1309.7612783006302,297.63149657426743,0.9079578131267614
2009,2009-04-05,True,False,phx,dal,116,140,33,26,25,32,0,39,42,33,26,0,home,4.0,231.0,155.0,-175.0,3.5,112.5,1.0,1,True,1539.5347619218117,1563.9320603688911,1595.179178802474,1508.2876434882287,-24.397298447079493,0.6071156804414307
2009,2009-04-05,True,False,sa,cle,81,101,27,15,21,18,0,28,27,23,23,0,home,5.0,182.5,190.0,-230.0,2.0,91.5,1.0,0,True,1740.2309363273062,1626.6541420669319,1767.4513362333776,1599.4337421608604,113.5767942603743,0.7737217465887947
2009,2009-04-05,True,False,ind,okc,117,99,31,26,33,27,0,19,29,19,32,0,home,2.0,211.0,110.0,-130.0,3.5,104.0,0.0,1,False,1333.7609716416898,1461.477036446264,1274.13990436441,1521.0981037235438,-127.71606480457422,0.460197771422457
2009,2009-04-05,True,False,cha,det,97,104,17,27,25,28,0,24,27,17,36,0,home,2.5,176.0,120.0,-140.0,0.5,86.0,1.0,1,True,1353.5457518255353,1494.4563142429165,1404.6555031704374,1443.3465628980143,-140.91056241738124,0.4413955696488005
2009,2009-04-07,True,False,phi,cha,98,101,19,30,32,17,0,28,35,16,22,0,home,5.0,185.0,170.0,-200.0,2.5,91.5,0.0,1,True,1443.3465628980143,1475.8420709431616,1467.9928373043333,1451.1957965368426,-32.49550804514729,0.5959425242910806
2009,2009-04-07,True,False,por,mem,96,93,21,14,32,29,0,21,26,22,24,0,away,7.5,192.0,-320.0,260.0,7.0,97.5,0.0,0,False,1415.3871264339748,1693.3887566161238,1399.2765668515128,1709.4993161985858,-278.00163018214903,0.26412073199504443
2009,2009-04-07,True,False,sa,okc,99,89,25,26,24,24,0,32,18,22,17,0,away,6.5,183.5,-275.0,235.0,4.0,91.5,1.0,1,False,1274.13990436441,1599.4337421608604,1251.4887387525869,1622.0849077726837,-325.29383779645036,0.2146879491737564
2009,2009-04-07,True,False,no,mia,93,87,27,13,14,25,14,19,11,18,31,8,home,4.5,190.5,170.0,-200.0,4.5,95.0,0.0,0,False,1573.9240456256744,1386.5165751313382,1513.3910660279043,1447.0495547291082,187.40747049433617,0.8394916269593317
2009,2009-04-07,True,False,min,lac,87,77,18,29,26,14,0,16,25,21,15,0,home,2.0,203.0,115.0,-135.0,3.0,103.5,0.0,0,False,1178.9298654489721,1225.4127977876506,1118.1139426350724,1286.2287206015503,-46.48293233867844,0.5764138574489327
2009,2009-04-07,True,False,ny,chi,103,110,24,32,28,19,0,26,27,28,29,0,home,8.0,220.0,310.0,-370.0,6.5,108.0,0.0,0,True,1584.568413946735,1309.7612783006302,1592.0058978868774,1302.323794360488,274.8071356461048,0.8963734273655957
2009,2009-04-07,True,False,lal,sac,122,104,31,40,25,26,0,37,18,31,18,0,away,12.5,214.0,-1100.0,775.0,2.5,105.5,1.0,1,False,1199.5224127394151,1760.0538278636363,1190.981422154903,1768.5948184481485,-560.5314151242212,0.06592543562584928
2009,2009-04-07,True,False,orl,hou,83,93,22,16,21,24,0,25,22,20,26,0,home,1.0,187.0,100.0,-120.0,2.5,94.0,1.0,0,True,1680.7538082672181,1851.7202363155527,1744.1354636771898,1788.338580905581,-170.9664280483346,0.39926810618072706
2009,2009-04-07,True,False,atl,tor,118,110,26,27,32,33,0,31,26,27,26,0,away,1.0,198.0,-122.0,102.0,1.0,103.5,1.0,1,False,1465.6135320496924,1544.2245481196185,1414.3024817490686,1595.5355984202422,-78.61101606992611,0.530742394807392
2009,2009-04-08,True,False,okc,den,112,122,29,27,28,28,0,27,26,36,33,0,home,13.0,209.5,900.0,-1500.0,9.5,102.5,0.0,1,True,1732.475803570339,1251.4887387525869,1734.903565004641,1249.0609773182848,480.98706481775207,0.965921977480419
2009,2009-04-08,True,False,por,sa,95,83,16,31,23,25,0,33,16,18,16,0,home,3.0,181.0,135.0,-155.0,1.0,90.5,0.0,0,False,1622.0849077726837,1709.4993161985858,1563.6128217687697,1767.9714022024998,-87.41440842590214,0.5181042041542253
2009,2009-04-08,True,False,min,gs,105,97,26,32,20,27,0,27,34,12,24,0,home,7.0,225.0,240.0,-280.0,4.0,114.0,0.0,0,False,1418.5766848415478,1286.2287206015503,1350.9503778347007,1353.8550276083974,132.3479642399975,0.7920789115064282
2009,2009-04-08,True,False,utah,dal,101,130,17,28,29,27,0,28,33,32,37,0,home,3.5,208.5,145.0,-165.0,3.0,107.5,1.0,1,True,1595.179178802474,1655.1823172851582,1661.4293483839085,1588.9321477037238,-60.00313848268411,0.5573071764598663
2009,2009-04-08,True,False,phx,no,105,100,26,23,26,30,0,32,19,14,35,0,home,3.0,221.0,125.0,-145.0,1.0,109.5,0.0,0,False,1447.0495547291082,1508.2876434882287,1403.251224565846,1552.0859736514908,-61.2380887591205,0.5555525793026511
2009,2009-04-08,True,False,atl,mil,113,105,27,26,31,29,0,28,34,12,31,0,away,1.0,197.5,-120.0,100.0,3.0,101.0,1.0,1,False,1306.9726058092047,1595.5355984202422,1282.5638636152878,1619.944340614159,-288.56299261103754,0.25247493883550803
2009,2009-04-08,True,False,bkn,bos,104,106,31,20,27,26,0,21,37,23,25,0,home,9.5,195.5,400.0,-600.0,3.5,98.5,0.0,1,True,1746.8687676789002,1446.2934224072153,1750.2374582999341,1442.9247317861814,300.5753452716849,0.9093642536639626
2009,2009-04-08,True,False,tor,ind,101,130,28,20,26,27,0,37,37,41,15,0,home,7.5,219.0,280.0,-340.0,3.5,106.5,1.0,1,True,1521.0981037235438,1414.3024817490686,1552.6276997838686,1382.7728856887438,106.79562197447513,0.7668146152511129
2009,2009-04-08,True,False,mem,orl,78,81,24,22,17,15,0,19,26,10,26,0,home,15.0,196.5,1500.0,-3000.0,10.0,99.0,0.0,0,True,1788.338580905581,1399.2765668515128,1790.8198347477255,1396.7953130093683,389.0620140540682,0.943495283738026
2009,2009-04-08,True,False,wsh,cle,86,98,13,24,21,28,0,26,22,30,20,0,home,16.5,198.0,2000.0,-4000.0,6.0,99.0,0.0,0,True,1767.4513362333776,1234.419127976894,1769.3271518727408,1232.5433123375308,533.0322082564835,0.9745193818036928
2009,2009-04-08,True,False,det,ny,113,86,37,26,28,22,0,20,19,24,23,0,away,4.0,202.5,-170.0,150.0,4.0,99.0,1.0,0,False,1302.323794360488,1404.6555031704374,1229.5072755622239,1477.4720219687015,-102.33170880994953,0.49664445166113524
2009,2009-04-09,True,False,phi,chi,99,113,29,21,22,27,0,22,28,32,31,0,home,6.0,203.5,220.0,-260.0,4.5,102.0,1.0,1,True,1592.0058978868774,1451.1957965368426,1612.8966374638533,1430.3050569598668,140.81010135003476,0.7999872017581062
2009,2009-04-09,True,False,hou,sac,115,98,30,19,36,30,0,33,21,20,24,0,away,11.5,207.5,-800.0,600.0,9.0,103.0,1.0,1,False,1190.981422154903,1744.1354636771898,1182.2584895354944,1752.8583962965984,-553.1540415222869,0.06858926298367334
2009,2009-04-09,True,False,den,lal,102,116,25,31,25,21,0,33,23,32,28,0,home,8.5,210.0,350.0,-450.0,6.0,103.0,1.0,1,True,1768.5948184481485,1734.903565004641,1805.0858104861063,1698.4125729666832,33.69125344350755,0.6834319184891353
2009,2009-04-10,True,False,utah,sa,99,105,21,20,30,28,0,24,25,27,29,0,home,1.5,193.0,105.0,-125.0,2.0,98.0,1.0,1,True,1563.6128217687697,1588.9321477037238,1597.3600523873897,1555.1849170851037,-25.319325934954122,0.6058489573982146
2009,2009-04-10,True,False,bkn,det,93,100,20,18,30,25,0,27,27,24,22,0,home,8.0,191.0,310.0,-370.0,1.0,94.5,0.0,1,True,1477.4720219687015,1442.9247317861814,1505.3751198048212,1415.0216339500616,34.5472901825201,0.6844970843083398
2009,2009-04-10,True,False,sac,lac,78,109,13,19,20,26,0,35,23,25,26,0,home,4.5,216.0,160.0,-185.0,3.5,103.0,1.0,0,True,1118.1139426350724,1182.2584895354944,1186.519319535431,1113.8531126351359,-64.14454690042203,0.5514177362532378
2009,2009-04-10,True,False,hou,gs,113,109,25,34,27,27,0,20,36,23,30,0,away,6.0,212.0,-255.0,215.0,3.0,104.0,0.0,1,False,1350.9503778347007,1752.8583962965984,1340.3580397196824,1763.4507344116166,-401.90801846189765,0.14957703885291262
2009,2009-04-10,True,False,lal,por,98,106,23,30,24,21,0,24,25,32,25,0,home,1.0,194.0,-102.0,-118.0,1.0,95.5,1.0,1,True,1767.9714022024998,1805.0858104861063,1807.6553383198866,1765.4018743687195,-37.11440828360651,0.5895241440795566
2009,2009-04-10,True,False,no,dal,92,100,17,22,22,31,0,30,19,28,23,0,home,7.0,196.5,290.0,-350.0,0.5,98.5,1.0,0,True,1661.4293483839085,1403.251224565846,1670.1015842006739,1394.5789887490807,258.17812381806243,0.8871384309324517
2009,2009-04-10,True,False,cha,okc,81,84,17,20,24,20,0,27,21,16,20,0,away,3.5,189.5,-160.0,140.0,4.5,93.0,0.0,0,True,1249.0609773182848,1467.9928373043333,1289.6099559188997,1427.4438587037184,-218.9318599860485,0.3352294279520491
2009,2009-04-10,True,False,wsh,tor,100,98,16,21,29,34,0,20,21,22,35,0,home,7.0,216.0,250.0,-300.0,3.0,107.5,0.0,0,False,1382.7728856887438,1232.5433123375308,1348.7943524385646,1266.52184558771,150.22957335121305,0.8085223473323716
2009,2009-04-10,True,False,ind,atl,118,122,36,24,24,34,0,34,28,28,32,0,home,5.5,213.5,185.0,-225.0,3.0,104.5,0.0,1,True,1619.944340614159,1552.6276997838686,1638.273057603225,1534.2989827948027,67.31664083029045,0.723752445491517
2009,2009-04-10,True,False,mia,bos,98,105,25,22,25,26,0,22,32,25,26,0,home,6.0,190.5,205.0,-245.0,1.0,95.0,1.0,1,True,1750.2374582999341,1513.3910660279043,1759.540004141601,1504.0885201862375,236.8463922720298,0.8742470467038346
2009,2009-04-10,True,False,ny,orl,105,95,26,25,27,27,0,25,28,18,24,0,home,10.5,210.5,475.0,-650.0,6.0,103.5,0.0,0,False,1790.8198347477255,1229.5072755622239,1724.7125660258741,1295.6145442840752,561.3125591855016,0.978264242431631
2009,2009-04-10,True,False,cle,phi,102,92,23,29,24,26,0,19,27,24,22,0,away,6.5,185.5,-275.0,235.0,1.5,91.0,1.0,1,False,1430.3050569598668,1769.3271518727408,1409.0279321521145,1790.604276680493,-339.0220949128741,0.20166477820929676
2009,2009-04-10,True,False,phx,mem,89,106,27,20,21,21,0,23,32,29,22,0,away,2.5,228.0,-140.0,120.0,4.0,112.0,0.0,0,True,1396.7953130093683,1552.0859736514908,1470.4183018800425,1478.4629847808167,-155.29066064212248,0.4210953167219233
2009,2009-04-11,True,False,okc,mil,98,115,24,27,21,26,0,22,34,37,22,0,home,7.0,206.5,260.0,-320.0,2.5,102.5,1.0,1,True,1282.5638636152878,1289.6099559188997,1329.5340998518097,1242.6397196823777,-7.046092303611886,0.6306684888905527
2009,2009-04-11,True,False,por,lac,87,72,17,29,17,24,0,17,14,25,16,0,away,6.0,195.0,-260.0,220.0,1.0,96.5,1.0,0,False,1186.519319535431,1807.6553383198866,1180.7331013633602,1813.4415564919573,-621.1360187844557,0.047430387854249315
2009,2009-04-11,True,False,cha,chi,106,113,23,27,33,23,0,30,22,26,35,0,home,9.5,200.5,425.0,-550.0,5.5,98.5,0.0,1,True,1612.8966374638533,1427.4438587037184,1625.4024375021256,1414.938058665446,185.45277876013483,0.8379696586270994
2009,2009-04-11,True,False,det,ind,102,106,27,22,24,29,0,28,24,26,28,0,home,2.0,206.5,110.0,-130.0,0.5,101.0,1.0,1,True,1534.2989827948027,1505.3751198048212,1556.4973358838934,1483.1767667157305,28.923862989981444,0.67746482065142
2009,2009-04-11,True,False,orl,bkn,93,103,24,23,27,19,0,28,29,26,20,0,away,6.5,190.5,-290.0,245.0,5.5,95.0,0.0,1,True,1415.0216339500616,1724.7125660258741,1496.239275894798,1643.4949240811377,-309.6909320758125,0.23021846713518973
2009,2009-04-11,True,False,phx,min,110,97,31,26,24,29,0,8,35,21,33,0,away,2.0,223.5,-130.0,110.0,3.5,108.0,1.0,0,False,1353.8550276083974,1478.4629847808167,1299.9010900223616,1532.4169223668525,-124.60795717241922,0.46464540215458505
2009,2009-04-11,True,False,gs,utah,118,108,28,36,29,25,0,31,20,25,32,0,home,14.5,226.5,1600.0,-2500.0,12.0,111.0,0.0,0,False,1555.1849170851037,1340.3580397196824,1480.5255574346327,1415.0173993701535,214.8268773654213,0.8596383156508547
2009,2009-04-12,True,False,mem,lal,75,92,15,22,22,16,0,23,25,22,22,0,home,11.0,201.0,550.0,-750.0,3.5,100.0,1.0,0,True,1765.4018743687195,1470.4183018800425,1774.5669346471288,1461.2532416016331,294.98357248867705,0.9066760304434185
2009,2009-04-12,True,False,dal,no,92,102,13,31,25,23,0,22,23,24,33,0,home,4.0,194.0,145.0,-165.0,2.0,95.5,1.0,2,True,1394.5789887490807,1670.1015842006739,1471.9260700804155,1592.7545028693391,-275.52259545159313,0.2669036750615405
2009,2009-04-12,True,False,bos,cle,76,107,9,24,23,20,0,31,21,30,25,0,home,8.0,185.0,340.0,-440.0,1.5,92.0,1.0,0,True,1790.604276680493,1759.540004141601,1837.9092902163616,1712.2349906057325,31.064272538892055,0.6801511691447093
2009,2009-04-12,True,False,ny,mia,105,122,26,39,26,14,0,37,26,34,25,0,home,6.5,213.0,230.0,-270.0,5.0,105.0,1.0,1,True,1504.0885201862375,1295.6145442840752,1519.3302863637114,1280.3727781066013,208.47397590216224,0.8551674371208513
2009,2009-04-12,True,False,phi,tor,104,111,22,31,27,24,0,27,26,28,30,0,away,2.0,208.0,-140.0,120.0,2.5,103.5,0.0,1,True,1348.7943524385646,1409.0279321521145,1389.3286681773152,1368.493616413364,-60.23357971354994,0.5569798764990692
2009,2009-04-12,True,False,sa,sac,95,92,24,30,20,21,0,25,36,16,15,0,away,8.5,202.0,-450.0,350.0,8.0,101.5,0.0,0,False,1113.8531126351359,1597.3600523873897,1107.810376067106,1603.4027889554195,-483.50693975225386,0.0990662054556265
2009,2009-04-13,True,False,no,hou,66,86,22,13,11,20,0,19,28,20,19,0,home,8.0,184.5,310.0,-370.0,0.5,93.0,1.0,0,True,1763.4507344116166,1471.9260700804155,1773.3066120626297,1462.0701924294024,291.52466433120117,0.9049775656319031
2009,2009-04-13,True,False,sac,den,98,118,33,25,21,19,0,25,37,24,32,0,home,17.5,224.0,2250.0,-3500.0,9.5,110.0,1.0,0,True,1698.4125729666832,1107.810376067106,1699.964345571853,1106.2586034619362,590.6021968995772,0.9815745627422194
2009,2009-04-13,True,False,lac,utah,85,106,17,26,21,21,0,30,26,27,23,0,home,12.5,203.5,850.0,-1200.0,3.0,98.5,1.0,0,True,1480.5255574346327,1180.7331013633602,1490.048312506275,1171.210346291718,299.79245607127245,0.9089921237230095
2009,2009-04-13,True,False,sa,gs,101,72,29,28,24,20,0,24,14,13,21,0,away,4.0,209.5,-175.0,155.0,3.5,102.0,1.0,0,False,1415.0173993701535,1603.4027889554195,1358.8261270150022,1659.5940613105709,-188.385389585266,0.37547787687754963
2009,2009-04-13,True,False,mem,phx,110,119,25,32,27,26,0,32,27,27,33,0,home,8.0,216.5,318.0,-385.0,5.0,107.0,1.0,1,True,1532.4169223668525,1461.2532416016331,1558.1285154301986,1435.541648538287,71.1636807652194,0.728158060774726
2009,2009-04-13,True,False,okc,por,83,113,15,16,24,28,0,29,33,23,28,0,home,12.5,195.0,775.0,-1100.0,1.0,95.0,1.0,1,True,1813.4415564919573,1242.6397196823777,1815.4234651613704,1240.6578110129647,570.8018368095795,0.979395898114663
2009,2009-04-13,True,False,orl,mil,80,98,24,19,17,20,0,18,32,21,27,0,home,6.0,195.0,230.0,-270.0,1.5,96.0,1.0,0,True,1329.5340998518097,1643.4949240811377,1429.8239764076425,1543.205047525305,-313.96082422932795,0.22589145423071688
2009,2009-04-13,True,False,chi,det,91,88,31,17,21,22,0,31,25,19,13,0,home,4.5,197.0,160.0,-185.0,0.5,99.0,0.0,0,False,1483.1767667157305,1625.4024375021256,1456.3667878263245,1652.2124163915316,-142.22567078639509,0.43952981352367887
2009,2009-04-13,True,False,tor,wsh,97,96,31,22,19,25,0,23,30,27,16,0,home,2.5,214.5,120.0,-140.0,2.0,107.5,0.0,0,False,1266.52184558771,1389.3286681773152,1252.272182777878,1403.5783309871472,-122.80682258960519,0.46722540613828545
2009,2009-04-13,True,False,min,dal,94,96,18,25,31,20,0,26,14,28,28,0,home,11.5,201.5,625.0,-850.0,8.5,100.5,0.0,0,True,1592.7545028693391,1299.9010900223616,1596.2828124664122,1296.3727804252885,292.85341284697756,0.9056332836845781
2009,2009-04-13,True,False,cle,ind,117,109,26,36,29,26,0,27,20,37,25,0,away,4.5,208.0,-190.0,165.0,2.5,102.0,1.0,1,False,1556.4973358838934,1837.9092902163616,1531.3298731221814,1863.0767529780735,-281.4119543324682,0.26032286182250436
2009,2009-04-13,True,False,cha,bkn,87,91,25,21,26,15,0,20,28,19,24,0,home,3.5,194.5,140.0,-160.0,1.5,96.5,1.0,0,True,1496.239275894798,1414.938058665446,1513.296064983666,1397.8812695765782,81.301217229352,0.7395543745523134
2009,2009-04-14,True,False,mia,atl,79,81,21,13,30,15,0,18,20,26,17,0,home,10.0,192.0,475.0,-650.0,6.0,93.5,0.0,0,True,1638.273057603225,1519.3302863637114,1647.8167530135345,1509.7865909534019,118.9427712395136,0.7790839262232949
2009,2009-04-14,True,False,bos,phi,100,98,27,23,28,22,0,26,32,25,15,0,home,6.5,190.0,230.0,-270.0,1.0,94.5,0.0,1,False,1368.493616413364,1712.2349906057325,1358.9550610768538,1721.7735459422427,-343.74137419236854,0.19732652801459719
2009,2009-04-14,True,False,utah,lal,112,125,27,28,28,29,0,25,31,35,34,0,home,7.0,206.5,235.0,-275.0,5.0,107.5,1.0,1,True,1774.5669346471288,1490.048312506275,1783.4754907935262,1481.1397563598775,284.51862214085395,0.9014523607451854
2009,2009-04-15,True,False,det,mia,96,102,22,19,20,27,8,24,22,21,21,14,away,2.0,180.5,-145.0,125.0,2.5,89.5,0.0,1,True,1509.7865909534019,1456.3667878263245,1533.5624370177097,1432.5909417620167,53.41980312707733,0.7074756661905145
2009,2009-04-15,True,False,den,por,76,104,22,12,26,16,0,23,30,18,33,0,home,9.0,198.5,385.0,-485.0,0.5,95.5,1.0,0,True,1815.4234651613704,1699.964345571853,1845.2276785087843,1670.1601322244392,115.45911958951729,0.7756131649096089
2009,2009-04-15,True,False,gs,phx,113,117,36,20,34,23,0,24,32,30,31,0,home,9.0,239.5,440.0,-540.0,6.0,116.0,0.0,0,True,1558.1285154301986,1358.8261270150022,1567.0738506421346,1349.8807918030661,199.30238841519645,0.8485049599393686
2009,2009-04-15,True,False,okc,lac,126,85,28,32,32,34,0,21,18,24,22,0,home,2.5,196.0,125.0,-145.0,4.0,97.0,0.0,1,False,1171.210346291718,1240.6578110129647,1081.7692263645117,1330.098930940171,-69.44746472124666,0.5438556462226647
2009,2009-04-15,True,False,hou,dal,84,95,19,31,20,14,0,26,16,23,30,0,away,1.0,190.0,-117.0,-103.0,2.5,92.0,0.0,0,True,1596.2828124664122,1773.3066120626297,1662.8755024440457,1706.7139220849963,-177.0237995962175,0.3909347753995027
2009,2009-04-15,True,False,mil,ind,108,115,25,24,39,20,0,24,32,16,43,0,home,8.0,223.0,325.0,-400.0,2.5,110.5,0.0,2,True,1531.3298731221814,1429.8239764076425,1551.1551057851927,1409.9987437446312,101.50589671453895,0.7613256618496227
2009,2009-04-15,True,False,wsh,bos,107,115,24,28,31,24,0,25,32,22,36,0,home,4.5,192.5,175.0,-210.0,1.0,97.5,1.0,1,True,1721.7735459422427,1252.272182777878,1724.163201732673,1249.8825269874476,469.50136316436465,0.9636772921522696
2009,2009-04-15,True,False,bkn,ny,73,102,16,24,18,15,0,24,28,29,21,0,home,6.0,211.5,200.0,-240.0,0.0,103.0,1.0,0,True,1280.3727781066013,1513.296064983666,1382.5069489604625,1411.1618941298048,-232.92328687706458,0.3175253020348992
2009,2009-04-15,True,False,tor,chi,109,98,32,29,23,25,0,18,31,20,29,0,home,10.5,214.0,525.0,-700.0,8.0,105.5,0.0,0,False,1652.2124163915316,1403.5783309871472,1575.0226881000362,1480.7680592786426,248.63408540438445,0.8815195404193115
2009,2009-04-15,True,False,sac,min,97,90,21,28,30,18,0,19,28,18,25,0,home,7.5,209.5,285.0,-345.0,6.0,102.0,0.0,0,False,1296.3727804252885,1106.2586034619362,1231.6724979473086,1170.9588859399162,190.1141769633523,0.8415800139254306
2009,2009-04-15,True,False,atl,mem,90,98,21,22,26,21,0,22,31,19,26,0,home,8.0,189.0,318.0,-385.0,2.0,95.5,2.0,0,True,1435.541648538287,1647.8167530135345,1498.9795352457334,1584.3788663060882,-212.27510447524742,0.3438221257337871
2009,2009-04-15,True,False,phi,cle,111,110,21,16,28,33,13,27,22,21,28,12,away,3.0,185.0,-150.0,130.0,4.5,89.5,0.0,1,False,1863.0767529780735,1358.9550610768538,1843.4075620762974,1378.62425197863,504.1216919012197,0.9700437737023818
2009,2009-04-15,True,False,cha,orl,73,98,14,24,20,15,0,28,29,20,21,0,home,3.5,183.0,150.0,-170.0,3.5,90.0,1.0,0,True,1543.205047525305,1397.8812695765782,1567.7236430821638,1373.3626740197194,145.32377794872673,0.8041122661270784
2009,2009-04-15,True,False,no,sa,98,105,25,25,19,21,8,26,22,22,20,15,home,9.0,176.0,400.0,-500.0,7.0,89.0,0.0,1,True,1659.5940613105709,1462.0701924294024,1671.269774065986,1450.3944796739872,197.52386888116848,0.8471842250282625
