season,date,regular,playoffs,away_team,home_team,score_away,score_home,q1_away,q2_away,q3_away,q4_away,ot_away,q1_home,q2_home,q3_home,q4_home,ot_home,whos_favored,spread,total,away_ml,home_ml,h2_spread,h2_total,id_spread,id_total,home_won,home_elo_before,away_elo_before,home_elo_after,away_elo_after,elo_diff,elo_prob_home
2022,2021-10-19,True,False,bkn,mil,104,127,25,34,26,19,0,37,29,31,30,0,home,1.5,233.5,105.0,-125.0,2.0,114.0,1.0,0,True,1621.1199968437766,1668.4536734368169,1680.519163152093,1609.0545071285005,-47.33367659304031,0.5752176883945567
2022,2021-10-19,True,False,gs,lal,121,114,32,21,30,38,0,34,25,26,29,0,home,3.5,226.5,140.0,-160.0,0.0,111.5,0.0,1,False,1603.1897121653537,1641.0547576629576,1549.3466549542693,1694.897814874042,-37.86504549760389,0.5884781183691842
2022,2021-10-20,True,False,okc,utah,86,107,18,24,21,23,0,27,27,29,24,0,home,14.0,221.5,750.0,-1200.0,5.0,107.0,1.0,0,True,1647.948205511417,1170.8745110238801,1651.1550377529095,1167.6676787823876,477.07369448753684,0.9651726236667797
2022,2021-10-20,True,False,hou,min,106,124,21,24,26,35,0,32,40,27,25,0,home,6.5,232.0,220.0,-260.0,3.5,113.0,1.0,0,True,1467.8202548194113,1297.2593775317641,1487.0792713743583,1278.000360976817,170.56087728764714,0.8259905330803514
2022,2021-10-20,True,False,den,phx,110,98,26,25,34,25,0,20,38,24,16,0,home,6.0,224.0,200.0,-240.0,1.0,108.5,0.0,0,False,1676.450186034379,1643.5536997376644,1601.8843398854822,1718.1195458865611,32.896486296714556,0.6824412648368681
2022,2021-10-20,True,False,sac,por,124,121,24,38,38,24,0,23,26,36,36,0,home,6.5,234.0,220.0,-260.0,7.0,114.0,0.0,1,False,1714.5344295376012,1408.512694126209,1671.9439766106034,1451.1031470532068,306.0217354113922,0.9119153584042454
2022,2021-10-20,True,False,phi,no,117,97,29,24,28,36,0,25,28,17,27,0,away,4.0,224.0,-170.0,150.0,2.5,109.0,1.0,0,False,1446.0244349783643,1591.7009177079226,1387.800183972319,1649.9251687139679,-145.6764827295583,0.4346423647792425
2022,2021-10-20,True,False,ind,cha,122,123,38,37,13,34,0,27,32,33,31,0,away,1.5,223.0,-125.0,105.0,4.0,110.5,0.0,1,True,1339.3558504131463,1465.9404614376397,1355.7696373157464,1449.5266745350395,-126.58461102449337,0.46181615985024205
2022,2021-10-20,True,False,bos,ny,134,138,35,23,24,34,18,29,25,32,30,22,home,2.5,220.0,120.0,-140.0,2.5,112.5,1.0,1,True,1660.271083440251,1427.334008560963,1667.637161215992,1419.967930785222,232.93707487928805,0.8717520864668616
2022,2021-10-20,True,False,chi,det,94,88,14,26,31,23,0,20,24,25,19,0,away,5.0,218.0,-220.0,190.0,5.5,110.5,1.0,0,False,1279.3076244569454,1548.9641762883648,1255.88517826186,1572.3866224834503,-269.6565518314194,0.2735626425886168
2022,2021-10-20,True,False,wsh,tor,98,83,26,31,24,17,0,18,19,22,24,0,home,2.5,223.0,120.0,-140.0,6.0,109.0,0.0,0,False,1313.8025584113548,1576.4796499867057,1279.4467483308495,1610.835460067211,-262.6770915753509,0.2816190728912958
2022,2021-10-20,True,False,cle,mem,121,132,32,29,29,31,0,32,41,21,38,0,home,7.0,218.5,240.0,-280.0,0.0,107.0,1.0,1,True,1581.5496980350015,1251.563054557469,1587.9302918903081,1245.1824607021624,329.9866434775324,0.9223850063877685
2022,2021-10-20,True,False,orl,sa,97,123,28,21,22,26,0,32,29,33,29,0,home,7.0,212.5,225.0,-265.0,0.0,104.0,1.0,1,True,1460.1508486192743,1197.9723770331648,1472.8554219041723,1185.2678037482667,262.1784715861095,0.8894235947374073
2022,2021-10-21,True,False,dal,atl,87,113,20,24,20,23,0,22,29,35,27,0,home,2.5,225.5,120.0,-140.0,1.0,110.0,1.0,0,True,1621.9216128445448,1541.2093051116537,1656.9575468071614,1506.1733711490372,80.71230773289108,0.7389008771747014
2022,2021-10-21,True,False,mil,mia,95,137,17,26,26,26,0,40,32,33,32,0,home,3.0,222.5,130.0,-150.0,5.5,114.5,1.0,1,True,1616.4688834105666,1680.519163152093,1690.6838076174718,1606.3042389451878,-64.05027974152631,0.5515519592147035
2022,2021-10-21,True,False,lac,gs,113,115,27,40,26,20,0,44,22,24,25,0,home,4.0,229.0,160.0,-180.0,4.0,116.5,0.0,0,True,1694.897814874042,1519.2119562754365,1701.8796366052775,1512.230134544201,175.6858585986056,0.830190133305244
2022,2021-10-22,True,False,utah,sac,110,101,24,22,35,29,0,26,26,28,21,0,away,6.5,227.0,-240.0,200.0,5.0,116.5,1.0,0,False,1451.1031470532068,1651.1550377529095,1414.6437563319955,1687.6144284741208,-200.05189069970265,0.35986618644947116
2022,2021-10-22,True,False,phx,lal,115,105,23,34,37,21,0,26,18,23,38,0,home,1.5,222.0,105.0,-125.0,5.0,112.5,0.0,0,False,1549.3466549542693,1601.8843398854822,1489.4309036748284,1661.800091164923,-52.53768493121288,0.5678820236373986
2022,2021-10-22,True,False,sa,den,96,102,22,28,20,26,0,26,27,26,23,0,home,7.5,222.0,260.0,-310.0,4.0,108.0,0.0,0,True,1718.1195458865611,1472.8554219041723,1726.4061931674196,1464.5687746233139,245.2641239823888,0.8794784050963257
2022,2021-10-22,True,False,no,chi,112,128,17,30,28,37,0,28,37,27,36,0,home,7.0,222.5,235.0,-275.0,2.0,113.5,1.0,1,True,1572.3866224834503,1387.800183972319,1589.5094597290076,1370.6773467267617,184.5864385111313,0.8372913918614628
2022,2021-10-22,True,False,okc,hou,91,124,21,26,26,18,0,34,35,31,24,0,home,2.5,221.0,130.0,-150.0,5.5,107.0,1.0,0,True,1278.000360976817,1167.6676787823876,1310.080103878236,1135.5879358809686,110.33268219442948,0.7704355606400549
2022,2021-10-22,True,False,ind,wsh,134,135,36,37,23,27,11,32,41,33,17,12,away,2.0,225.5,-130.0,110.0,1.5,111.5,0.0,1,True,1610.835460067211,1449.5266745350395,1615.6098632931976,1444.752271309053,161.30878553217144,0.8182021809195963
2022,2021-10-22,True,False,tor,bos,115,83,23,28,33,31,0,23,24,17,19,0,home,7.0,217.5,240.0,-280.0,6.5,105.0,0.0,0,False,1419.967930785222,1279.4467483308495,1312.092568576976,1387.3221105390955,140.5211824543726,0.799720952073262
2022,2021-10-22,True,False,cha,cle,123,112,27,27,36,33,0,30,29,30,23,0,away,2.5,226.0,-135.0,115.0,2.0,111.0,1.0,1,False,1245.1824607021624,1355.7696373157464,1192.179859433918,1408.7722385839909,-110.587176613584,0.4847685422633702
2022,2021-10-22,True,False,ny,orl,121,96,36,29,21,35,0,16,19,29,32,0,away,7.5,212.0,-350.0,290.0,3.5,103.5,1.0,1,False,1185.2678037482667,1667.637161215992,1170.9820376006037,1681.922927363655,-482.3693574677252,0.09965220476651086
2022,2021-10-22,True,False,bkn,phi,114,109,28,27,30,29,0,34,28,29,18,0,away,1.0,224.5,-120.0,100.0,2.5,109.5,1.0,0,False,1649.9251687139679,1609.0545071285005,1597.4887563543582,1661.4909194881102,40.87066158546736,0.6923048159856301
2022,2021-10-23,True,False,mil,sa,121,111,32,24,29,36,0,32,20,29,30,0,away,6.0,225.5,-250.0,210.0,2.5,114.5,1.0,1,False,1464.5687746233139,1606.3042389451878,1418.1217748553718,1652.7512387131299,-141.7354643218739,0.4402250769933249
2022,2021-10-23,True,False,phx,por,105,134,24,23,34,24,0,30,37,39,28,0,home,3.0,229.0,135.0,-155.0,4.0,116.5,1.0,1,True,1671.9439766106034,1661.800091164923,1723.292015126849,1610.4520526486774,10.143885445680326,0.6534047671211959
2022,2021-10-23,True,False,det,chi,82,97,28,15,11,28,0,31,23,25,18,0,home,8.0,213.5,280.0,-340.0,1.0,104.0,1.0,0,True,1589.5094597290076,1255.88517826186,1596.4734030452676,1248.9212349456,333.62428146714774,0.9238709180240362
2022,2021-10-23,True,False,mem,lac,120,114,25,34,38,23,0,34,28,27,25,0,home,4.0,226.0,155.0,-175.0,1.5,115.5,0.0,1,False,1512.230134544201,1587.9302918903081,1466.4308264867957,1633.7295999477135,-75.70015734610706,0.5349133748268665
2022,2021-10-23,True,False,dal,tor,103,95,18,27,29,29,0,25,26,21,23,0,away,5.0,217.5,-190.0,170.0,4.5,105.0,1.0,0,False,1387.3221105390955,1506.1733711490372,1341.6033873112613,1551.8920943768715,-118.85126060994162,0.4728974462871623
2022,2021-10-23,True,False,mia,ind,91,102,24,22,17,23,5,28,28,8,22,16,away,3.0,222.0,-155.0,135.0,4.5,107.5,0.0,0,True,1444.752271309053,1690.6838076174718,1521.1207278439567,1614.315351082568,-245.9315363084188,0.30152436930469534
2022,2021-10-23,True,False,no,min,89,96,27,14,26,22,0,28,26,15,27,0,home,7.5,228.5,260.0,-310.0,0.5,115.5,0.0,0,True,1487.0792713743583,1370.6773467267617,1505.3917422361426,1352.3648758649774,116.40192464759662,0.7765562914000456
2022,2021-10-23,True,False,atl,cle,95,101,27,28,17,23,0,24,28,31,18,0,away,8.5,223.5,-360.0,300.0,4.5,109.5,0.0,0,True,1192.179859433918,1656.9575468071614,1268.4576093133796,1580.6797969276997,-464.77768737324345,0.10911342675568707
2022,2021-10-24,True,False,cha,bkn,111,95,27,23,29,32,0,31,27,20,17,0,home,9.0,233.0,350.0,-420.0,3.0,114.5,0.0,0,False,1661.4909194881102,1408.7722385839909,1573.526357771516,1496.7368003005852,252.7186809041193,0.8839533415227996
2022,2021-10-24,True,False,orl,ny,110,104,27,25,22,36,0,29,28,23,24,0,home,12.0,212.0,600.0,-900.0,5.5,108.0,0.0,1,False,1681.922927363655,1170.9820376006037,1626.8902798191332,1226.0146851451254,510.94088976305125,0.9711636560508924
2022,2021-10-24,True,False,bos,hou,107,97,22,31,36,18,0,30,21,21,25,0,away,5.0,221.5,-210.0,180.0,3.5,113.0,1.0,0,False,1310.080103878236,1312.092568576976,1242.83055809326,1379.342114361952,-2.0124646987399046,0.6373917932023397
2022,2021-10-24,True,False,phi,okc,115,103,36,23,28,28,0,26,25,27,25,0,away,9.5,216.0,-500.0,400.0,3.0,106.0,1.0,1,False,1135.5879358809686,1597.4887563543582,1123.0907779656661,1609.9859142696607,-461.90082047338956,0.11073369360320191
2022,2021-10-24,True,False,gs,sac,119,107,29,31,30,29,0,31,31,26,19,0,away,3.0,234.5,-150.0,130.0,3.5,114.5,1.0,0,False,1414.6437563319955,1701.8796366052775,1385.9869706006027,1730.5364223366703,-287.23588027328196,0.25391947131811815
2022,2021-10-24,True,False,mem,lal,118,121,24,32,34,28,0,29,33,25,34,0,home,5.5,225.5,180.0,-210.0,1.5,115.0,0.0,1,True,1489.4309036748284,1633.7295999477135,1523.7970572386232,1599.3634463839187,-144.29869627288508,0.43659228044414544
2022,2021-10-25,True,False,no,min,107,98,25,29,26,27,0,19,24,30,25,0,home,5.5,224.5,190.0,-220.0,6.0,113.5,0.0,0,False,1505.3917422361426,1352.3648758649774,1434.1308383866485,1423.6257797144715,153.02686637116517,0.8110028643888546
2022,2021-10-25,True,False,por,lac,86,116,17,25,19,25,0,31,25,35,25,0,home,2.5,229.5,120.0,-140.0,4.0,117.0,1.0,0,True,1466.4308264867957,1723.292015126849,1573.944076566196,1615.7787650474488,-256.86118864005334,0.2884414498811873
2022,2021-10-25,True,False,cle,den,99,87,29,21,25,24,0,24,22,24,17,0,home,9.5,221.0,400.0,-500.0,7.5,107.0,0.0,0,False,1726.4061931674196,1268.4576093133796,1651.9951315385488,1342.8686709422504,457.94858385403995,0.9612763061285599
2022,2021-10-25,True,False,wsh,bkn,90,104,20,22,22,26,0,38,21,23,22,0,home,6.0,229.0,200.0,-240.0,2.0,111.5,1.0,0,True,1573.526357771516,1615.6098632931976,1623.263112574632,1565.8731084900814,-42.08350552168167,0.5825849939857715
2022,2021-10-25,True,False,mil,ind,119,109,34,32,35,18,0,30,27,29,23,0,away,1.0,229.5,-115.0,-105.0,2.5,117.5,1.0,0,False,1521.1207278439567,1652.7512387131299,1473.1564997288128,1700.7154668282737,-131.63051086917312,0.454605380765375
2022,2021-10-25,True,False,chi,tor,111,108,24,37,31,19,0,24,27,29,28,0,away,2.0,213.5,-135.0,115.0,2.5,109.5,1.0,1,False,1341.6033873112613,1596.4734030452676,1323.8654944006826,1614.2112959558463,-254.8700157340063,0.2907996606580834
2022,2021-10-25,True,False,bos,cha,140,129,33,35,26,28,18,33,33,31,25,7,away,2.0,225.0,-130.0,110.0,1.0,115.0,1.0,1,False,1496.7368003005852,1379.342114361952,1420.6547106837825,1455.4242039787548,117.39468593863307,0.7775463355953355
2022,2021-10-25,True,False,det,atl,104,122,18,36,25,25,0,28,34,33,27,0,home,11.5,212.5,525.0,-750.0,4.0,104.5,1.0,1,True,1580.6797969276997,1248.9212349456,1588.1595588208884,1241.4414730524113,331.75856198209976,0.92311209357613
2022,2021-10-25,True,False,orl,mia,90,107,15,29,26,20,0,27,30,24,26,0,home,13.5,211.5,700.0,-1100.0,4.0,108.0,1.0,0,True,1614.315351082568,1226.0146851451254,1619.5129545831549,1220.8170816445386,388.30066593744255,0.9432611803667973
2022,2021-10-26,True,False,den,utah,110,122,31,33,26,20,0,35,31,25,31,0,home,7.5,218.5,265.0,-320.0,6.0,106.5,1.0,1,True,1687.6144284741208,1651.9951315385488,1721.8516463069811,1617.7579137056885,35.61929693557204,0.6858282516293613
2022,2021-10-26,True,False,lal,sa,125,121,27,34,24,29,11,29,33,35,17,7,home,2.0,220.0,115.0,-135.0,1.0,109.0,0.0,1,False,1418.1217748553718,1523.7970572386232,1383.2924651086846,1558.6263669853104,-105.67528238325144,0.4918333384594152
2022,2021-10-26,True,False,hou,dal,106,116,31,29,28,18,0,27,30,34,25,0,home,11.0,222.5,475.0,-650.0,8.5,109.0,0.0,0,True,1551.8920943768715,1242.83055809326,1558.87904379613,1235.8436086740014,309.06153628361153,0.913310844225594
2022,2021-10-26,True,False,gs,okc,106,98,29,19,33,25,0,34,25,17,22,0,away,11.0,223.5,-600.0,450.0,11.0,108.5,0.0,0,False,1123.0907779656661,1730.5364223366703,1118.148536242664,1735.4786640596724,-607.4456443710042,0.051120707769866935
2022,2021-10-26,True,False,phi,ny,99,112,26,16,30,27,0,23,39,28,22,0,home,1.0,217.0,100.0,-120.0,5.5,105.5,1.0,0,True,1626.8902798191332,1609.9859142696607,1665.467104015418,1571.4090900733759,16.90436554947246,0.6621646565198165
2022,2021-10-27,True,False,cle,lac,92,79,23,24,25,20,0,14,26,24,15,0,home,8.5,219.0,290.0,-350.0,8.0,106.0,0.0,0,False,1573.944076566196,1342.8686709422504,1491.8314095763012,1424.9813379321452,231.07540562394547,0.8705491823561123
2022,2021-10-27,True,False,sac,phx,110,107,23,30,29,28,0,29,32,15,31,0,home,8.0,224.5,300.0,-360.0,1.5,110.0,0.0,0,False,1610.4520526486774,1385.9869706006027,1567.3021328140858,1429.1368904351943,224.4650820480747,0.8662001705682094
2022,2021-10-27,True,False,min,mil,113,108,44,22,28,19,0,34,24,21,29,0,home,5.5,231.0,195.0,-235.0,6.0,113.0,0.0,0,False,1700.7154668282737,1434.1308383866485,1645.2003559356644,1489.6459492792578,266.5846284416252,0.8918935842166268
2022,2021-10-27,True,False,lal,okc,115,123,41,31,23,20,0,19,37,41,26,0,away,5.5,217.0,-220.0,190.0,1.5,106.5,0.0,1,True,1118.148536242664,1558.6263669853104,1202.889340402499,1473.8855628254753,-440.47783074264635,0.12347268133881126
2022,2021-10-27,True,False,mem,por,96,116,27,30,20,19,0,24,27,36,29,0,home,2.5,233.0,115.0,-135.0,3.0,117.5,1.0,0,True,1615.7787650474488,1599.3634463839187,1660.3869882366166,1554.755223194751,16.415318663530115,0.6615346061112855
2022,2021-10-27,True,False,atl,no,102,99,19,34,31,18,0,33,26,18,22,0,away,5.0,220.5,-200.0,175.0,5.0,108.5,0.0,0,False,1423.6257797144715,1588.1595588208884,1398.727926209866,1613.057412325494,-164.5337791064169,0.4081819293167531
2022,2021-10-27,True,False,ind,tor,100,118,24,24,23,29,0,29,28,30,31,0,home,1.0,214.0,100.0,-120.0,2.5,105.5,1.0,1,True,1323.8654944006826,1473.1564997288128,1397.7720528006541,1399.2499413288413,-149.29100532813027,0.4295366550385174
2022,2021-10-27,True,False,mia,bkn,106,93,29,20,32,25,0,22,29,23,19,0,home,3.5,218.0,140.0,-160.0,1.5,106.5,0.0,0,False,1623.263112574632,1619.5129545831549,1548.6438039974405,1694.1322631603462,3.750157991477181,0.6450232155820753
2022,2021-10-27,True,False,cha,orl,120,111,31,33,27,29,0,31,30,32,18,0,away,5.5,221.0,-210.0,180.0,3.0,107.0,1.0,1,False,1220.8170816445386,1420.6547106837825,1184.3289000158761,1457.142892312445,-199.8376290392439,0.36015036218208357
2022,2021-10-27,True,False,wsh,bos,116,107,24,38,25,29,0,19,33,34,21,0,home,4.0,224.0,155.0,-175.0,5.0,109.0,0.0,0,False,1455.4242039787548,1565.8731084900814,1406.2903460332052,1615.006966435631,-110.44890451132665,0.48496734955387366
2022,2021-10-28,True,False,det,phi,102,110,22,24,21,35,0,21,31,27,31,0,home,11.0,211.0,450.0,-600.0,4.5,102.5,0.0,1,True,1571.4090900733759,1241.4414730524113,1577.051641920391,1235.7989212053963,329.96761702096455,0.9223771650246885
2022,2021-10-28,True,False,atl,wsh,111,122,32,23,31,25,0,33,31,36,22,0,away,4.0,222.5,-170.0,150.0,4.5,109.5,0.0,1,True,1615.006966435631,1613.057412325494,1654.0025191834484,1574.0618595776766,1.9495541101371145,0.6426463829748144
2022,2021-10-28,True,False,ny,chi,104,103,27,28,27,22,0,25,26,22,30,0,home,1.5,216.5,100.0,-120.0,1.0,104.5,0.0,0,False,1614.2112959558463,1665.467104015418,1596.8365619977483,1682.841837973516,-51.25580805957179,0.5696918754116606
2022,2021-10-28,True,False,utah,hou,122,91,32,29,31,30,0,18,22,32,19,0,away,9.5,222.5,-450.0,375.0,0.5,113.5,1.0,0,False,1235.8436086740014,1721.8516463069811,1220.9315927299992,1736.7636622509833,-486.0080376329797,0.09778859750940486
2022,2021-10-28,True,False,sa,dal,99,104,25,24,27,23,0,15,32,29,28,0,home,6.5,219.5,220.0,-260.0,5.0,107.0,0.0,0,True,1558.87904379613,1383.2924651086846,1570.272270252005,1371.8992386528096,175.58657868744535,0.8301095510319839
2022,2021-10-28,True,False,mem,gs,104,101,20,25,28,25,6,37,18,24,19,3,home,6.0,228.0,200.0,-240.0,0.0,116.0,0.0,0,False,1735.4786640596724,1554.755223194751,1692.381319211272,1597.8525680431512,180.72344086492149,0.8342391500794389
2022,2021-10-29,True,False,orl,tor,109,110,20,31,27,31,0,23,31,23,33,0,home,9.5,206.5,380.0,-460.0,5.0,105.5,0.0,1,True,1397.7720528006541,1184.3289000158761,1401.3241052049484,1180.7768476115818,213.44315278477802,0.8586744571713154
2022,2021-10-29,True,False,cle,lal,101,113,28,26,31,16,0,21,33,34,25,0,home,8.0,221.5,290.0,-350.0,5.5,107.0,1.0,0,True,1473.8855628254753,1424.9813379321452,1505.9418940319317,1392.9250067256887,48.90422489333014,0.7020672947718822
2022,2021-10-29,True,False,lac,por,92,111,24,16,27,25,0,25,23,28,35,0,home,3.5,223.5,140.0,-160.0,0.5,113.5,1.0,0,True,1660.3869882366166,1491.8314095763012,1680.202984107296,1472.0154137056218,168.5555786603154,0.824325145915894
2022,2021-10-29,True,False,sac,no,113,109,33,26,18,36,0,26,22,24,37,0,away,1.5,221.0,-120.0,100.0,3.0,108.5,1.0,1,False,1398.727926209866,1429.1368904351943,1356.3215217044803,1471.54329494058,-30.40896422532842,0.5988313765514137
2022,2021-10-29,True,False,ind,bkn,98,105,38,17,19,24,0,26,32,27,20,0,home,8.5,223.0,340.0,-410.0,4.5,107.5,0.0,0,True,1548.6438039974405,1399.2499413288413,1563.9454116250236,1383.9483337012582,149.39386266859924,0.80777647241529
2022,2021-10-29,True,False,cha,mia,99,114,22,24,29,24,0,33,31,20,30,0,home,7.0,221.5,240.0,-280.0,2.0,106.0,1.0,0,True,1694.1322631603462,1457.142892312445,1706.5253028783109,1444.7498525944802,236.98937084790123,0.8743375043441003
2022,2021-10-29,True,False,dal,den,75,106,21,23,12,19,0,29,25,33,19,0,home,4.0,216.5,145.0,-165.0,1.0,105.0,1.0,0,True,1617.7579137056885,1570.272270252005,1661.3798620842435,1526.6503218734497,47.48564345368345,0.7003564063400466
2022,2021-10-30,True,False,tor,ind,97,94,22,24,21,30,0,25,22,19,28,0,home,3.0,212.0,125.0,-145.0,2.0,103.5,0.0,0,False,1383.9483337012582,1401.3241052049484,1346.3306688031382,1438.9417701030684,-17.375771503690203,0.6167138477084159
2022,2021-10-30,True,False,bos,wsh,112,115,20,27,26,30,9,25,28,23,27,12,home,2.0,223.5,110.0,-130.0,1.0,113.0,1.0,1,True,1654.0025191834484,1406.2903460332052,1659.8218295527884,1400.4710356638652,247.7121731502432,0.8809641439076306
2022,2021-10-30,True,False,utah,chi,99,107,24,33,15,27,0,25,29,25,28,0,away,3.5,218.5,-160.0,140.0,1.0,111.0,0.0,0,True,1596.8365619977483,1736.7636622509833,1650.706260459233,1682.8939637894987,-139.92710025323504,0.44279190152042464
2022,2021-10-30,True,False,ny,no,123,117,34,29,25,35,0,28,31,24,34,0,away,8.0,214.0,-360.0,300.0,4.0,104.0,0.0,1,False,1356.3215217044803,1682.841837973516,1338.0416398797556,1701.1217197982407,-326.5203162690357,0.21350002201002272
2022,2021-10-30,True,False,atl,phi,94,122,15,31,23,25,0,28,32,29,33,0,home,3.5,216.5,145.0,-165.0,3.0,105.0,1.0,0,True,1577.051641920391,1574.0618595776766,1629.6367278693097,1521.4767736287579,2.9897823427143067,0.6440203695317438
2022,2021-10-30,True,False,den,min,93,91,23,20,26,24,0,32,15,26,18,0,home,1.5,219.5,105.0,-125.0,1.0,106.0,0.0,0,False,1489.6459492792578,1661.3798620842435,1470.3969524416314,1680.62885892187,-171.73391280498572,0.3982089089732642
2022,2021-10-30,True,False,sa,mil,102,93,27,18,24,33,0,24,23,20,26,0,home,7.0,223.5,240.0,-280.0,3.5,109.0,0.0,0,False,1645.2003559356644,1371.8992386528096,1573.9422063744873,1443.1573882139867,273.3011172828549,0.8955653772858133
2022,2021-10-30,True,False,okc,gs,82,103,20,24,14,24,0,28,27,27,21,0,home,12.5,217.0,600.0,-900.0,4.0,105.0,1.0,0,True,1692.381319211272,1202.889340402499,1695.3491509844341,1199.921508629337,489.49197880877296,0.9674972728215183
2022,2021-10-30,True,False,cle,phx,92,101,31,15,19,27,0,24,26,28,23,0,home,10.0,216.0,400.0,-500.0,5.5,105.0,0.0,0,True,1567.3021328140858,1392.9250067256887,1582.043514945263,1378.1836245945115,174.37712608839706,0.8291254346882383
2022,2021-10-30,True,False,mia,mem,129,103,38,29,35,27,0,22,32,25,24,0,home,3.5,215.0,135.0,-155.0,5.5,105.0,0.0,1,False,1597.8525680431512,1706.5253028783109,1527.1537460717855,1777.2241248496766,-108.67273483515964,0.4875215229897312
2022,2021-10-30,True,False,orl,det,103,110,20,27,26,30,0,25,23,34,28,0,home,6.0,207.5,200.0,-240.0,3.5,105.0,1.0,1,True,1235.7989212053963,1180.7768476115818,1261.0024939294235,1155.5732748875546,55.02207359381441,0.709380827143146
2022,2021-10-31,True,False,det,bkn,91,117,25,24,25,17,0,28,36,32,21,0,home,12.0,211.0,600.0,-900.0,3.5,102.0,1.0,0,True,1563.9454116250236,1261.0024939294235,1573.908792511712,1251.0391130427352,302.94291769560004,0.9104813057254323
2022,2021-10-31,True,False,utah,mil,107,95,30,27,27,23,0,23,25,21,26,0,away,4.5,222.0,-185.0,165.0,0.5,114.5,1.0,0,False,1573.9422063744873,1682.8939637894987,1518.9669020377314,1737.8692681262546,-108.95175741501134,0.48712023545089006
2022,2021-10-31,True,False,hou,lal,85,95,15,20,19,31,0,27,27,21,20,0,home,11.0,224.5,475.0,-650.0,1.0,109.0,0.0,0,True,1505.9418940319317,1220.9315927299992,1514.0126513037467,1212.8608354581843,285.0103013019325,0.9017035106575082
2022,2021-10-31,True,False,sac,dal,99,105,22,25,25,27,0,31,22,29,23,0,home,4.5,218.5,165.0,-185.0,1.0,107.0,1.0,0,True,1526.6503218734497,1471.54329494058,1550.22536713665,1447.9682496773796,55.10702693286976,0.7094816352326214
2022,2021-10-31,True,False,por,cha,113,125,29,31,28,25,0,27,26,36,36,0,away,2.0,231.0,-125.0,105.0,1.0,112.0,0.0,1,True,1444.7498525944802,1680.202984107296,1522.1276366953243,1602.8252000064522,-235.45313151281584,0.314377885404983
2022,2021-11-01,True,False,orl,min,115,97,26,27,19,43,0,32,26,20,19,0,home,8.5,217.0,320.0,-380.0,3.5,109.0,0.0,0,False,1470.3969524416314,1155.5732748875546,1380.1492036682823,1245.8210236609036,314.82367755407677,0.915901264697902
2022,2021-11-01,True,False,den,mem,97,106,26,32,15,24,0,31,29,22,24,0,home,2.0,215.5,115.0,-135.0,1.0,105.5,1.0,0,True,1527.1537460717855,1680.62885892187,1585.5464177753481,1622.2361872183074,-153.47511285008454,0.4236451112626034
2022,2021-11-01,True,False,chi,bos,128,114,34,25,30,39,0,35,32,36,11,0,home,3.0,215.5,120.0,-140.0,2.5,106.0,0.0,1,False,1400.4710356638652,1650.706260459233,1365.161762719087,1686.0155334040112,-250.23522479536769,0.2963325700871681
2022,2021-11-01,True,False,wsh,atl,111,118,23,37,17,34,0,34,29,21,34,0,home,5.5,222.0,175.0,-200.0,2.5,106.0,1.0,1,True,1521.4767736287579,1659.8218295527884,1572.2530765327087,1609.0455266488375,-138.34505592403048,0.44503999701359165
2022,2021-11-01,True,False,okc,lac,94,99,23,21,30,20,0,14,26,26,33,0,home,12.5,210.0,550.0,-800.0,10.0,103.0,0.0,0,True,1472.0154137056218,1199.921508629337,1478.5280912540657,1193.4088310808932,272.0939050762847,0.8949136366010112
2022,2021-11-01,True,False,sa,ind,118,131,33,23,27,35,0,43,35,31,22,0,home,2.5,215.5,120.0,-140.0,5.0,105.0,1.0,1,True,1346.3306688031382,1443.1573882139867,1403.859664268538,1385.628392748587,-96.82671941084845,0.5045665908823637
2022,2021-11-01,True,False,por,phi,103,113,21,32,28,22,0,27,27,32,27,0,away,2.0,221.5,-125.0,105.0,2.5,108.0,0.0,0,True,1629.6367278693097,1602.8252000064522,1663.0515996660417,1569.41032820972,26.811527862857474,0.6748021639855661
2022,2021-11-01,True,False,cle,cha,113,110,40,25,23,25,0,21,28,27,34,0,home,5.0,220.0,180.0,-210.0,7.0,106.0,0.0,1,False,1522.1276366953243,1378.1836245945115,1479.3179359868159,1420.99332530302,143.94401210081287,0.8028581637033684
2022,2021-11-01,True,False,tor,ny,113,104,26,27,38,22,0,34,23,22,25,0,home,7.5,209.0,250.0,-300.0,3.5,103.0,0.0,1,False,1701.1217197982407,1438.9417701030684,1629.7286357380237,1510.3348541632854,262.17994969517235,0.889424431557023
2022,2021-11-02,True,False,mil,det,117,89,27,30,33,27,0,20,19,23,27,0,away,4.5,211.5,-180.0,160.0,2.5,108.5,1.0,0,False,1251.0391130427352,1518.9669020377314,1210.2141261378408,1559.7918889426257,-267.92778899499626,0.2755447273780503
2022,2021-11-02,True,False,mia,dal,125,110,24,46,29,26,0,30,32,26,22,0,away,2.5,209.5,-140.0,120.0,0.5,103.5,1.0,1,False,1550.22536713665,1777.2241248496766,1510.5820613197056,1816.867430666621,-226.99875771302663,0.3249613676508533
2022,2021-11-02,True,False,sac,utah,113,119,29,30,28,26,0,33,25,32,29,0,home,9.5,223.5,340.0,-410.0,7.0,108.5,0.0,1,True,1737.8692681262546,1447.9682496773796,1744.230145141575,1441.6073726620593,289.901018448875,0.904170786280874
2022,2021-11-02,True,False,no,phx,100,112,36,23,23,18,0,22,26,28,36,0,home,10.0,215.0,375.0,-450.0,8.0,111.0,1.0,0,True,1582.043514945263,1338.0416398797556,1593.0474847691196,1327.037670055899,244.00187506550742,0.8787061016320918
2022,2021-11-02,True,False,hou,lal,117,119,35,35,19,28,0,32,32,23,32,0,home,11.0,219.5,450.0,-600.0,9.5,107.0,0.0,1,True,1514.0126513037467,1212.8608354581843,1517.3697021637272,1209.5037845982038,301.1518158455624,0.9096373904978166
2022,2021-11-03,True,False,den,mem,106,108,19,36,28,23,0,37,19,22,30,0,away,1.0,215.5,-125.0,105.0,0.0,105.5,0.0,0,True,1585.5464177753481,1622.2361872183074,1605.3597989703371,1602.4228060233183,-36.68976944295923,0.590115527822966
2022,2021-11-03,True,False,atl,bkn,108,117,28,31,20,29,0,35,26,34,22,0,home,4.5,221.0,165.0,-185.0,2.5,109.0,1.0,1,True,1573.908792511712,1572.2530765327087,1610.093079235113,1536.0687898093076,1.655715979003162,0.6422578402363712
2022,2021-11-03,True,False,dal,sa,109,108,28,31,22,28,0,28,30,25,25,0,away,2.0,217.0,-130.0,110.0,1.0,106.5,0.0,2,False,1385.628392748587,1510.5820613197056,1371.4725127583774,1524.7379413099152,-124.95366857111867,0.4641504059385134
2022,2021-11-03,True,False,lac,min,126,115,27,31,45,23,0,23,31,34,27,0,away,2.5,212.5,-140.0,120.0,0.5,107.0,1.0,1,False,1380.1492036682823,1478.5280912540657,1325.2261820526214,1533.4511128697266,-98.37888758578333,0.502332951369226
2022,2021-11-03,True,False,bos,orl,92,79,26,18,31,17,0,28,18,10,23,0,away,7.0,212.5,-300.0,250.0,5.5,108.5,1.0,0,False,1245.8210236609036,1365.161762719087,1190.9904200473418,1419.9923663326488,-119.34073905818332,0.47219515398253187
2022,2021-11-03,True,False,cha,gs,92,114,26,26,15,25,0,21,32,27,34,0,home,6.0,226.5,200.0,-240.0,3.5,109.5,1.0,0,True,1695.3491509844341,1479.3179359868159,1711.178863738284,1463.488223232966,216.03121499761824,0.8604727363861587
2022,2021-11-03,True,False,chi,phi,98,103,19,25,28,26,0,29,29,26,19,0,home,2.5,215.5,120.0,-140.0,2.5,109.0,1.0,0,True,1663.0515996660417,1686.0155334040112,1693.870561936713,1655.1965711333398,-22.963933737969455,0.609082037669464
2022,2021-11-03,True,False,tor,wsh,109,100,29,30,27,23,0,29,19,29,23,0,home,3.5,212.0,140.0,-160.0,5.0,104.0,0.0,0,False,1609.0455266488375,1510.3348541632854,1539.1132969198563,1580.2670838922666,98.7106724855521,0.7583895733274828
2022,2021-11-03,True,False,ny,ind,98,111,22,28,25,23,0,36,23,21,31,0,home,1.0,216.0,-105.0,-115.0,2.5,105.5,1.0,0,True,1403.859664268538,1629.7286357380237,1482.0783061327832,1551.5099938737785,-225.8689714694858,0.3263896217575766
2022,2021-11-03,True,False,por,cle,104,107,26,27,24,27,0,23,37,27,20,0,away,5.5,216.5,-210.0,180.0,5.5,105.5,0.0,0,True,1420.99332530302,1569.41032820972,1455.7146263210923,1534.6890271916477,-148.4170029067002,0.4307699000910672
2022,2021-11-03,True,False,no,sac,99,112,26,26,35,12,0,27,29,36,20,0,home,6.0,219.0,190.0,-220.0,2.0,111.0,1.0,0,True,1441.6073726620593,1327.037670055899,1465.077489847305,1303.5675528706533,114.56970260616026,0.7747208544562815
2022,2021-11-04,True,False,phi,det,109,98,31,32,23,23,0,32,34,16,16,0,away,4.5,207.5,-190.0,170.0,4.5,102.0,1.0,0,False,1210.2141261378408,1693.870561936713,1199.3910290618458,1704.6936590127082,-483.6564357988723,0.09898942441997757
2022,2021-11-04,True,False,utah,atl,116,98,15,24,36,41,0,16,24,34,24,0,away,1.5,218.5,-120.0,100.0,2.0,111.5,1.0,0,False,1536.0687898093076,1744.230145141575,1490.8301129501551,1789.4688220007274,-208.16135533226725,0.34918426025251986
2022,2021-11-04,True,False,bos,mia,95,78,18,33,24,20,0,24,9,24,21,0,home,6.5,213.5,225.0,-265.0,8.5,108.0,0.0,0,False,1816.867430666621,1419.9923663326488,1730.7543497526601,1506.1054472466096,396.8750643339722,0.9458457369797851
2022,2021-11-04,True,False,hou,phx,111,123,30,31,25,25,0,36,20,37,30,0,home,11.5,220.0,500.0,-700.0,10.0,108.0,1.0,1,True,1593.0474847691196,1209.5037845982038,1597.796764546329,1204.7545048209943,383.5437001709158,0.9417777259334351
2022,2021-11-04,True,False,okc,lal,107,104,21,27,24,35,0,25,27,28,24,0,home,10.5,214.0,475.0,-650.0,5.5,105.0,0.0,0,False,1517.3697021637272,1193.4088310808932,1474.9900777106197,1235.7884555340006,323.96087108283405,0.9198650550432677
2022,2021-11-05,True,False,lac,min,104,84,23,24,28,29,0,33,24,15,12,0,away,2.5,215.5,-140.0,120.0,4.5,111.0,1.0,0,False,1325.2261820526214,1533.4511128697266,1278.4609527150367,1580.2163422073113,-208.22493081710513,0.34910109649364274
2022,2021-11-05,True,False,cha,sac,110,140,22,31,36,21,0,41,33,32,34,0,home,2.0,232.0,115.0,-135.0,5.0,110.0,1.0,1,True,1465.077489847305,1463.488223232966,1519.0581881783423,1409.5075249019287,1.589266614339067,0.6421699481655229
2022,2021-11-05,True,False,no,gs,85,126,31,19,16,19,0,38,16,34,38,0,home,9.5,213.5,390.0,-480.0,4.5,108.5,1.0,0,True,1711.178863738284,1303.5675528706533,1717.1461200651518,1297.6002965437856,407.61131086763066,0.9489255316427793
2022,2021-11-05,True,False,bkn,det,96,90,28,11,39,18,0,23,16,23,28,0,away,9.5,210.5,-500.0,400.0,7.0,107.5,0.0,0,False,1199.3910290618458,1610.093079235113,1187.1258519701857,1622.358256326773,-410.70205017326725,0.1432512312789878
2022,2021-11-05,True,False,ind,por,106,110,19,34,30,23,0,24,35,23,28,0,home,6.0,222.5,180.0,-210.0,2.0,109.0,0.0,0,True,1534.6890271916477,1482.0783061327832,1554.4337550894145,1462.3335782350164,52.610721058864556,0.7065108582741353
2022,2021-11-05,True,False,ny,mil,113,98,19,37,32,25,0,38,25,20,15,0,home,3.5,217.0,145.0,-165.0,0.0,104.0,0.0,0,False,1559.7918889426257,1551.5099938737785,1481.0294038859993,1630.272478930405,8.281895068847234,0.650973411240162
2022,2021-11-05,True,False,mem,wsh,87,115,31,16,21,19,0,35,25,31,24,0,home,2.5,220.5,120.0,-140.0,3.0,111.0,1.0,0,True,1539.1132969198563,1605.3597989703371,1606.019412826402,1538.4536830637915,-66.24650205048079,0.5484229422941158
2022,2021-11-05,True,False,cle,tor,102,101,28,20,26,28,0,29,28,23,21,0,home,6.0,204.0,195.0,-230.0,1.0,99.0,0.0,0,False,1580.2670838922666,1455.7146263210923,1558.9885304931456,1476.9931797202132,124.55245757117427,0.7845916485131176
2022,2021-11-05,True,False,sa,orl,102,89,30,19,23,30,0,20,16,26,27,0,away,4.0,213.0,-170.0,150.0,2.0,104.0,1.0,0,False,1190.9904200473418,1371.4725127583774,1146.1448519629603,1416.318080842759,-180.48209271103565,0.3862051214369816
2022,2021-11-06,True,False,atl,phx,117,121,26,32,40,19,0,25,34,27,35,0,home,3.0,222.0,145.0,-165.0,2.5,108.5,1.0,1,True,1597.796764546329,1490.8301129501551,1612.702924789213,1475.9239527072712,106.96665159617396,0.7669906119970431
2022,2021-11-06,True,False,bos,dal,104,107,15,25,32,32,0,29,28,22,28,0,home,3.5,211.0,140.0,-160.0,3.0,107.5,0.0,2,True,1524.7379413099152,1506.1054472466096,1544.8348899968344,1486.0084985596905,18.632494063305558,0.6643864270270512
2022,2021-11-06,True,False,lal,por,90,105,14,22,26,28,0,36,15,42,12,0,home,5.5,223.5,180.0,-205.0,0.5,108.0,1.0,0,True,1554.4337550894145,1474.9900777106197,1584.1015178942594,1445.3223149057749,79.44367737879475,0.7374895139039369
2022,2021-11-06,True,False,utah,mia,115,118,24,28,26,37,0,27,28,32,31,0,home,0.0,212.0,-110.0,-110.0,1.0,107.5,1.0,1,True,1730.7543497526601,1789.4688220007274,1757.6456752985714,1762.5774964548161,-58.714472248067295,0.5591365680907165
2022,2021-11-06,True,False,hou,den,94,95,27,20,24,23,0,26,20,26,23,0,home,11.5,215.0,500.0,-700.0,8.0,103.0,0.0,0,True,1602.4228060233183,1204.7545048209943,1603.5994111626349,1203.5778996816778,397.6683012023241,0.9460791513241597
2022,2021-11-06,True,False,phi,chi,114,105,22,35,27,30,0,21,26,30,28,0,home,4.0,215.0,150.0,-170.0,5.0,102.5,0.0,1,False,1655.1965711333398,1704.6936590127082,1597.2276902034905,1762.6625399425575,-49.49708787936834,0.572171934316823
2022,2021-11-07,True,False,utah,orl,100,107,15,37,33,15,0,28,22,25,32,0,away,11.0,211.0,-700.0,500.0,6.0,109.0,0.0,0,True,1146.1448519629603,1762.5774964548161,1233.1873120863588,1675.5350363314176,-616.4326444918559,0.04866874570604127
2022,2021-11-07,True,False,ind,sac,94,91,27,21,26,20,0,19,24,24,24,0,home,2.5,225.0,120.0,-140.0,2.0,114.5,0.0,0,False,1519.0581881783423,1462.3335782350164,1477.99445418053,1503.3973122328287,56.72460994332596,0.7113971591633621
2022,2021-11-07,True,False,cle,ny,126,109,29,27,33,37,0,30,27,18,34,0,home,7.5,207.5,260.0,-310.0,6.0,100.5,0.0,1,False,1630.272478930405,1476.9931797202132,1540.8156549152177,1566.4500037354005,153.27929921019177,0.8112254939647269
2022,2021-11-07,True,False,bkn,tor,116,103,29,24,35,28,0,26,34,17,26,0,away,3.5,210.0,-155.0,135.0,3.5,103.5,1.0,1,False,1558.9885304931456,1622.358256326773,1494.8306377299223,1686.5161490899964,-63.3697258336274,0.5525207467355302
2022,2021-11-07,True,False,cha,lac,106,120,39,19,29,19,0,31,30,28,31,0,home,6.0,224.5,210.0,-250.0,3.0,108.5,1.0,1,True,1580.2163422073113,1409.5075249019287,1597.914491708889,1391.809375400351,170.70881730538258,0.8261129013257904
2022,2021-11-07,True,False,sa,okc,94,99,28,27,14,25,0,14,31,34,20,0,away,3.5,213.5,-165.0,145.0,1.0,104.0,0.0,0,True,1235.7884555340006,1416.318080842759,1284.1835714825586,1367.922964894201,-180.52962530875834,0.3861402617256817
2022,2021-11-07,True,False,hou,gs,107,120,32,29,22,24,0,37,32,34,17,0,home,13.0,218.5,650.0,-1000.0,5.5,106.5,2.0,1,True,1717.1461200651518,1203.5778996816778,1719.3261346204126,1201.397885126417,513.568220383474,0.9715841996635023
2022,2021-11-07,True,False,mil,wsh,94,101,24,28,19,23,0,26,23,33,19,0,away,1.0,219.5,-115.0,-105.0,0.5,112.5,0.0,0,True,1606.019412826402,1481.0294038859993,1623.5039758674902,1463.544840844911,124.99000894040273,0.7850170309316568
2022,2021-11-08,True,False,phx,sac,109,104,34,33,31,11,0,28,36,12,28,0,away,3.5,224.0,-155.0,135.0,2.0,113.5,1.0,0,False,1477.99445418053,1612.702924789213,1442.500588029213,1648.19679094053,-134.708470608683,0.4502159971917646
2022,2021-11-08,True,False,bkn,chi,95,118,27,30,21,17,0,35,16,25,42,0,home,0.0,216.5,100.0,-120.0,1.0,104.5,1.0,0,True,1597.2276902034905,1686.5161490899964,1664.9899898525816,1618.7538494409052,-89.28845888650585,0.5154102645947127
2022,2021-11-08,True,False,ny,phi,103,96,28,30,14,31,0,21,23,25,27,0,away,2.0,213.5,-125.0,105.0,2.0,103.5,1.0,0,False,1762.6625399425575,1540.8156549152177,1697.9304919194728,1605.5477029383023,221.8468850273398,0.8644437553974732
2022,2021-11-08,True,False,cha,lal,123,126,26,34,27,28,8,29,32,33,21,11,home,2.5,225.5,115.0,-135.0,1.0,107.5,1.0,1,True,1445.3223149057749,1391.809375400351,1462.2526485135036,1374.8790417926223,53.5129395054239,0.7075866092741312
2022,2021-11-08,True,False,no,dal,92,108,27,20,22,23,0,22,29,27,30,0,home,9.0,210.5,330.0,-400.0,4.5,107.0,1.0,0,True,1544.8348899968344,1297.6002965437856,1556.761396821582,1285.673789719038,247.23459345304877,0.8806755465158128
2022,2021-11-08,True,False,mia,den,96,113,25,24,21,26,0,30,34,27,22,0,away,1.5,203.0,-125.0,105.0,5.0,100.0,0.0,1,True,1603.5994111626349,1757.6456752985714,1677.0001959582082,1684.244890502998,-154.04626413593655,0.42284252885895485
2022,2021-11-08,True,False,min,mem,118,125,34,20,38,21,5,34,24,23,32,12,home,4.5,221.0,165.0,-185.0,2.0,105.0,1.0,1,True,1538.4536830637915,1278.4609527150367,1546.5735806703751,1270.341055108453,259.9927303487548,0.888180074155797
2022,2021-11-08,True,False,atl,gs,113,127,34,31,20,28,0,32,29,41,25,0,home,3.5,222.0,140.0,-160.0,2.5,108.0,1.0,1,True,1719.3261346204126,1475.9239527072712,1730.9849339078019,1464.265153419882,243.40218191314148,0.8783376885086849
2022,2021-11-09,True,False,mil,phi,118,109,30,31,30,27,0,39,19,35,16,0,away,6.5,215.0,-280.0,240.0,4.5,109.0,1.0,1,False,1697.9304919194728,1463.544840844911,1626.3040705014064,1535.1712622629775,234.3856510745618,0.8726814671484538
2022,2021-11-09,True,False,atl,utah,98,110,28,22,30,18,0,30,32,33,15,0,home,8.5,223.0,300.0,-360.0,2.0,107.5,1.0,0,True,1675.5350363314176,1464.265153419882,1688.8448631982976,1450.955326553002,211.26988291153566,0.8571494706680008
2022,2021-11-09,True,False,por,lac,109,117,26,29,24,30,0,33,23,27,34,0,home,3.0,220.0,125.0,-145.0,1.0,107.0,1.0,1,True,1597.914491708889,1584.1015178942594,1630.5114048906844,1551.504604712464,13.812973814629686,0.6581723450028112
2022,2021-11-10,True,False,sac,sa,117,136,20,34,33,30,0,34,37,33,32,0,home,1.0,222.5,-105.0,-115.0,5.0,108.0,1.0,1,True,1367.922964894201,1442.500588029213,1429.0152153121883,1381.4083376112258,-74.57762313501212,0.5365205866259739
2022,2021-11-10,True,False,mia,lal,117,120,25,32,29,26,5,28,27,27,30,8,away,5.5,215.0,-220.0,190.0,3.0,103.5,0.0,1,True,1462.2526485135036,1684.244890502998,1503.0403990971433,1643.4571399193583,-221.99224198949446,0.33131493754507785
2022,2021-11-10,True,False,min,gs,110,123,28,26,30,26,0,31,38,24,30,0,home,7.5,222.5,265.0,-320.0,0.5,107.0,1.0,1,True,1730.9849339078019,1270.341055108453,1734.01781016932,1267.3081788469349,460.64387879934884,0.9618497372249546
2022,2021-11-10,True,False,ind,den,98,101,20,24,21,33,0,23,21,25,32,0,away,3.0,205.0,-150.0,130.0,3.0,104.0,0.0,0,True,1677.0001959582082,1503.3973122328287,1685.9141139938683,1494.4833941971685,173.60288372537957,0.8284930707532348
2022,2021-11-10,True,False,por,phx,109,119,26,21,30,32,0,27,33,27,32,0,home,5.0,225.0,180.0,-210.0,1.5,109.5,1.0,1,True,1648.19679094053,1551.504604712464,1671.6463902297182,1528.0550054232758,96.69218622806602,0.7562541181013234
2022,2021-11-10,True,False,dal,chi,107,117,33,21,26,27,0,32,29,34,22,0,home,3.5,215.0,145.0,-165.0,0.5,103.0,1.0,1,True,1664.9899898525816,1556.761396821582,1687.0499725684747,1534.7014141056889,108.22859303099972,0.7682863433227752
2022,2021-11-10,True,False,wsh,cle,97,94,24,20,24,29,0,22,27,25,20,0,away,3.5,208.5,-160.0,140.0,4.0,101.0,0.0,0,False,1566.4500037354005,1623.5039758674902,1532.200737196293,1657.7532424065978,-57.05397213208971,0.5614914430688047
2022,2021-11-10,True,False,cha,mem,118,108,34,26,21,37,0,36,16,26,30,0,home,4.5,228.0,170.0,-190.0,4.0,110.5,0.0,0,False,1546.5735806703751,1374.8790417926223,1472.1114610831214,1449.341161379876,171.69453887775285,0.8269265045529741
2022,2021-11-10,True,False,det,hou,112,104,23,26,33,30,0,21,29,29,25,0,home,2.5,211.5,120.0,-140.0,1.5,103.0,0.0,1,False,1201.397885126417,1187.1258519701857,1138.6058930736183,1249.9178440229844,14.272033156231146,0.6587666229463058
2022,2021-11-10,True,False,mil,ny,112,100,31,20,31,30,0,22,20,24,34,0,home,3.5,216.0,140.0,-160.0,4.0,108.0,0.0,0,False,1605.5477029383023,1535.1712622629775,1528.8672453674558,1611.851719833824,70.37644067532483,0.7272601078960618
2022,2021-11-10,True,False,tor,bos,88,104,25,21,22,20,0,33,29,18,24,0,home,3.0,206.0,145.0,-165.0,3.5,101.0,1.0,0,True,1486.0084985596905,1494.8306377299223,1532.3471369659326,1448.4919993236801,-8.822139170231821,0.6282839500673184
2022,2021-11-10,True,False,bkn,orl,123,90,28,37,29,29,0,23,30,22,15,0,away,10.0,211.0,-500.0,400.0,2.5,104.0,1.0,1,False,1233.1873120863588,1618.7538494409052,1208.0604991569724,1643.8806623702917,-385.5665373545464,0.16194144819480305
2022,2021-11-10,True,False,okc,no,108,100,28,28,29,23,0,29,19,23,29,0,home,4.0,208.5,160.0,-180.0,4.0,102.0,0.0,0,False,1285.673789719038,1284.1835714825586,1223.6951888079445,1346.162172393652,1.4902182364794498,0.6420389198831675
2022,2021-11-11,True,False,ind,utah,111,100,32,28,25,26,0,30,21,26,23,0,home,10.5,215.0,425.0,-550.0,10.5,105.5,0.0,0,False,1688.8448631982976,1494.4833941971685,1611.5078645259484,1571.8203928695177,194.36146900112908,0.8448125236261689
2022,2021-11-11,True,False,mia,lac,109,112,40,18,20,31,0,25,31,30,26,0,home,5.5,211.5,190.0,-220.0,5.0,104.5,0.0,1,True,1630.5114048906844,1643.4571399193583,1653.5241160742653,1620.4444287357774,-12.94573502867388,0.6227235874777044
2022,2021-11-11,True,False,tor,phi,115,109,27,25,29,34,0,30,27,21,31,0,home,4.0,212.0,155.0,-175.0,1.0,104.0,0.0,1,False,1626.3040705014064,1448.4919993236801,1565.8291811562071,1508.9668886688794,177.81207117772624,0.8319086187987684
2022,2021-11-12,True,False,chi,gs,93,119,29,16,17,31,0,23,28,35,33,0,home,5.5,222.0,190.0,-220.0,1.0,112.0,1.0,0,True,1734.01781016932,1687.0499725684747,1775.608512743511,1645.4592699942837,46.967837600845314,0.6997305050091676
2022,2021-11-12,True,False,atl,den,96,105,25,21,23,27,0,32,17,30,26,0,home,3.0,214.5,140.0,-160.0,2.0,104.0,1.0,0,True,1685.9141139938683,1450.955326553002,1696.3290558500864,1440.5403846967838,234.95878744086644,0.873047590123845
2022,2021-11-12,True,False,dal,sa,123,109,31,37,34,21,0,22,35,20,32,0,away,2.5,220.0,-145.0,125.0,2.0,107.5,1.0,1,False,1429.0152153121883,1534.7014141056889,1370.4130743923006,1593.3035550255765,-105.68619879350058,0.49181763268135503
2022,2021-11-12,True,False,sac,okc,103,105,23,39,24,17,0,16,32,29,28,0,away,5.0,218.5,-200.0,175.0,1.5,105.0,0.0,0,True,1346.162172393652,1381.4083376112258,1365.8784641755067,1361.6920458293712,-35.24616521757366,0.5921240412849015
2022,2021-11-12,True,False,phx,mem,119,94,36,26,30,27,0,23,20,21,30,0,away,2.0,222.5,-135.0,115.0,4.0,113.5,1.0,0,False,1472.1114610831214,1671.6463902297182,1420.4240791549646,1723.333772157875,-199.53492914659682,0.3605520008174112
2022,2021-11-12,True,False,min,lal,107,83,19,25,40,23,0,26,23,12,22,0,home,0.0,223.5,105.0,-125.0,1.5,108.0,0.0,0,False,1503.0403990971433,1267.3081788469349,1402.9216434223638,1367.4269345217144,235.73222025020846,0.8735402369845383
2022,2021-11-12,True,False,por,hou,104,92,30,25,26,23,0,27,18,22,25,0,away,7.0,222.5,-300.0,250.0,1.5,108.0,1.0,0,False,1138.6058930736183,1528.0550054232758,1120.669286592223,1545.9916119046711,-389.4491123496575,0.15893107055644876
2022,2021-11-12,True,False,mil,bos,113,122,30,25,26,27,5,30,21,37,20,14,home,5.5,209.0,175.0,-200.0,6.0,106.0,1.0,1,True,1532.3471369659326,1611.851719833824,1580.0191936129988,1564.1796631867578,-79.50458286789149,0.5294611103909056
2022,2021-11-12,True,False,det,cle,78,98,18,23,11,26,0,24,28,22,24,0,home,4.5,200.0,165.0,-185.0,0.5,97.0,1.0,0,True,1532.200737196293,1249.9178440229844,1542.6159832397764,1239.502597979501,282.2828931733086,0.9003031293163972
2022,2021-11-12,True,False,ny,cha,96,104,34,21,21,20,0,18,28,34,24,0,away,2.5,225.0,-135.0,115.0,1.0,109.0,0.0,0,True,1449.341161379876,1528.8672453674558,1494.8348454347936,1483.3735613125382,-79.5260839875798,0.529430275107342
2022,2021-11-12,True,False,bkn,no,120,112,33,33,29,25,0,25,34,24,29,0,away,9.5,214.5,-430.0,360.0,3.0,104.5,0.0,1,False,1223.6951888079445,1643.8806623702917,1210.4811732866456,1657.0946778915907,-420.18547356234717,0.13668085532661578
2022,2021-11-13,True,False,det,tor,127,121,31,34,28,34,0,34,30,31,26,0,home,7.5,203.0,280.0,-340.0,6.0,100.0,0.0,1,False,1508.9668886688794,1239.502597979501,1448.7053027225286,1299.7641839258517,269.46429068937846,0.8934815447337064
2022,2021-11-13,True,False,mem,no,101,112,22,22,28,29,0,35,27,21,29,0,away,3.5,218.5,-160.0,140.0,6.5,111.0,0.0,0,True,1210.4811732866456,1420.4240791549646,1281.8931148971121,1349.012137544498,-209.94290586831903,0.3468572861263757
2022,2021-11-13,True,False,mia,utah,111,105,27,31,37,16,0,24,24,21,36,0,home,9.0,212.0,290.0,-350.0,8.5,103.0,0.0,1,False,1611.5078645259484,1620.4444287357774,1557.7273356047942,1674.2249576569316,-8.93656420982893,0.628130106007944
2022,2021-11-13,True,False,bos,cle,89,91,20,32,22,15,0,9,29,24,29,0,home,2.0,202.0,115.0,-135.0,4.0,104.5,2.0,0,True,1542.6159832397764,1580.0191936129988,1562.4774007300275,1560.1577761227477,-37.403210373222464,0.58912178872639
2022,2021-11-13,True,False,phi,ind,113,118,25,35,22,31,0,32,38,24,24,0,home,4.5,214.0,160.0,-180.0,1.0,105.0,1.0,1,True,1571.8203928695177,1565.8291811562071,1599.4081285070133,1538.2414455187115,5.991211713310577,0.647971473659562
2022,2021-11-13,True,False,wsh,orl,104,92,28,22,32,22,0,18,19,22,33,0,away,5.0,203.0,-210.0,180.0,0.5,98.0,1.0,0,False,1208.0604991569724,1657.7532424065978,1194.7607242283268,1671.0530173352433,-449.69274324962544,0.11784545029529075
2022,2021-11-13,True,False,min,lac,102,129,26,17,28,31,0,32,38,28,31,0,home,7.0,221.0,235.0,-275.0,3.5,108.5,1.0,1,True,1653.5241160742653,1367.4269345217144,1664.667001978858,1356.2840486171217,286.09718155255086,0.9022566666349427
2022,2021-11-14,True,False,sa,lal,106,114,29,26,24,27,0,34,26,30,24,0,home,2.0,219.5,120.0,-140.0,0.5,106.0,1.0,1,True,1402.9216434223638,1370.4130743923006,1432.7012609552798,1340.6334568593845,32.5085690300632,0.681957136016788
2022,2021-11-14,True,False,mil,atl,100,120,24,20,33,23,0,32,26,31,31,0,home,2.0,224.0,110.0,-130.0,3.0,114.5,1.0,0,True,1440.5403846967838,1564.1796631867578,1512.0700976962567,1492.649950187285,-123.639278489974,0.4660327428369414
2022,2021-11-14,True,False,gs,cha,102,106,27,30,31,14,0,30,27,30,19,0,away,5.5,227.5,-210.0,180.0,4.0,111.5,0.0,0,True,1494.8348454347936,1775.608512743511,1547.1651344368863,1723.2782237414183,-280.77366730871745,0.2610309842590726
2022,2021-11-14,True,False,phx,hou,115,89,27,24,29,35,0,23,21,19,26,0,away,8.5,221.5,-380.0,320.0,3.0,112.0,1.0,0,False,1120.669286592223,1723.333772157875,1113.0599104337762,1730.9431483163219,-602.6644855656521,0.05247236870891849
2022,2021-11-14,True,False,bkn,okc,120,96,30,31,29,30,0,25,23,26,22,0,away,9.0,215.5,-400.0,330.0,1.0,105.0,1.0,1,False,1365.8784641755067,1657.0946778915907,1330.5270113713882,1692.4461306957091,-291.216213716084,0.24960332516629663
2022,2021-11-14,True,False,por,den,95,124,18,35,26,16,0,33,34,24,33,0,home,6.0,208.0,210.0,-250.0,1.0,102.0,1.0,1,True,1696.3290558500864,1545.9916119046711,1721.2267597927362,1521.0939079620214,150.33744394541532,0.8086184611182388
2022,2021-11-14,True,False,chi,lac,100,90,30,24,23,23,0,17,28,26,19,0,home,3.5,219.0,145.0,-165.0,3.5,111.0,0.0,0,False,1664.667001978858,1645.4592699942837,1595.8139741417585,1714.3122978313831,19.207731984574366,0.6651243766886032
2022,2021-11-15,True,False,den,dal,101,111,32,26,25,18,0,35,14,30,32,0,home,5.5,209.0,180.0,-210.0,4.5,103.5,1.0,1,True,1593.3035550255765,1721.2267597927362,1650.2879311502847,1664.242383668028,-127.92320476715963,0.4599015761566868
2022,2021-11-15,True,False,phx,min,99,96,18,22,26,33,0,21,18,23,34,0,away,4.0,222.0,-170.0,150.0,3.5,112.5,0.0,0,False,1356.2840486171217,1730.9431483163219,1345.875240651599,1741.3519562818447,-374.65909969920017,0.17064472310710668
2022,2021-11-15,True,False,tor,por,113,118,33,27,25,28,0,24,37,24,33,0,home,3.0,216.5,130.0,-150.0,2.0,105.5,1.0,1,True,1521.0939079620214,1448.7053027225286,1540.976118684653,1428.8230919998969,72.38860523949279,0.7295515615174175
2022,2021-11-15,True,False,mia,okc,103,90,23,20,31,29,0,24,19,24,23,0,away,6.5,207.0,-265.0,225.0,4.5,101.0,1.0,0,False,1330.5270113713882,1674.2249576569316,1307.6091483354917,1697.142820692828,-343.69794628554337,0.1973661267976454
2022,2021-11-15,True,False,sac,det,129,107,31,37,24,37,0,12,32,26,37,0,away,4.0,214.0,-180.0,160.0,4.0,104.0,1.0,1,False,1299.7641839258517,1361.6920458293712,1223.2544690461577,1438.2017607090652,-61.92786190351944,0.5545719547249746
2022,2021-11-15,True,False,chi,lal,121,103,33,24,37,27,0,25,23,25,30,0,away,2.0,216.0,-125.0,105.0,1.0,109.5,1.0,1,False,1432.7012609552798,1714.3122978313831,1399.0036316921376,1748.0099270945254,-281.6110368761033,0.2601022523967437
2022,2021-11-15,True,False,orl,atl,111,129,31,25,28,27,0,30,30,33,36,0,home,10.5,215.0,450.0,-600.0,5.0,108.5,1.0,1,True,1512.0700976962567,1194.7607242283268,1520.2333247558954,1186.597497168688,317.30937346792984,0.9169968787734175
2022,2021-11-15,True,False,ind,ny,84,92,20,29,25,10,0,16,32,21,23,0,home,3.0,211.0,130.0,-150.0,2.5,102.5,1.0,0,True,1483.3735613125382,1599.4081285070133,1533.9418193151635,1548.839870504388,-116.03456719447513,0.47694077208890856
2022,2021-11-15,True,False,hou,mem,102,136,20,36,15,31,0,33,41,31,31,0,home,11.5,219.0,525.0,-750.0,2.0,108.0,1.0,1,True,1349.012137544498,1113.0599104337762,1365.0005365817738,1097.0715113965005,235.95222711072188,0.8736800738678933
2022,2021-11-15,True,False,no,wsh,100,105,25,33,22,20,0,25,16,32,32,0,home,4.5,208.5,150.0,-170.0,6.5,107.5,1.0,0,True,1671.0530173352433,1281.8931148971121,1674.2580609766742,1278.6880712556813,389.1599024381312,0.9435253170175499
2022,2021-11-15,True,False,bos,cle,98,92,19,18,28,33,0,22,17,25,28,0,away,4.0,199.0,-170.0,150.0,4.0,102.0,1.0,0,False,1562.4774007300275,1560.1577761227477,1507.5395477975173,1615.0956290552579,2.3196246072798203,0.6431354611616896
2022,2021-11-16,True,False,gs,bkn,117,99,31,32,35,19,0,34,24,18,23,0,home,2.5,223.5,125.0,-145.0,2.5,108.5,0.0,0,False,1692.4461306957091,1723.2782237414183,1614.9401692417866,1800.7841851953408,-30.832093045709144,0.5982460959172117
2022,2021-11-16,True,False,phi,utah,85,120,28,19,19,19,0,30,33,34,23,0,home,11.5,216.5,450.0,-600.0,2.0,106.5,1.0,0,True,1557.7273356047942,1538.2414455187115,1609.4644315557214,1486.5043495677844,19.48589008608269,0.6654809254289978
2022,2021-11-16,True,False,sa,lac,92,106,20,33,18,21,0,25,32,26,23,0,home,8.0,221.5,250.0,-300.0,4.0,107.0,1.0,0,True,1595.8139741417585,1340.6334568593845,1606.69302504733,1329.7544059538131,255.180517282374,0.8853991573175678
2022,2021-11-17,True,False,chi,por,107,112,33,30,22,22,0,24,24,33,31,0,home,3.5,221.5,140.0,-160.0,6.0,112.0,1.0,0,True,1540.976118684653,1748.0099270945254,1592.1683486452946,1696.817697133884,-207.03380840987234,0.35066073777524726
2022,2021-11-17,True,False,dal,phx,98,105,22,24,27,25,0,25,20,23,37,0,home,8.0,212.0,300.0,-360.0,6.0,107.0,0.0,0,True,1741.3519562818447,1650.2879311502847,1762.2971796327936,1629.3427077993358,91.0640251315599,0.7502325500018519
2022,2021-11-17,True,False,sac,min,97,107,18,30,24,25,0,22,22,33,30,0,home,2.5,228.0,125.0,-145.0,1.5,109.5,1.0,0,True,1345.875240651599,1438.2017607090652,1397.4640052600448,1386.6129961006193,-92.32652005746627,0.511041230107211
2022,2021-11-17,True,False,lal,mil,102,109,32,21,30,19,0,30,34,21,24,0,home,9.0,223.0,350.0,-420.0,2.0,109.5,0.0,0,True,1492.649950187285,1399.0036316921376,1513.3135540178523,1378.3400278615702,93.6463184951474,0.753007611515141
2022,2021-11-17,True,False,bos,atl,99,110,29,20,28,22,0,30,28,33,19,0,home,5.0,216.5,175.0,-200.0,0.5,110.0,1.0,0,True,1520.2333247558954,1615.0956290552579,1574.0929289764088,1561.2360248347445,-94.86230429936245,0.5073931995767282
2022,2021-11-17,True,False,wsh,cha,87,97,29,22,14,22,0,24,21,30,22,0,home,1.0,220.5,100.0,-120.0,1.5,106.5,1.0,0,True,1547.1651344368863,1674.2580609766742,1604.0242303564394,1617.3989650571211,-127.09292653978787,0.4610889830556404
2022,2021-11-17,True,False,orl,ny,104,98,21,29,22,32,0,23,26,18,31,0,home,11.5,207.0,525.0,-750.0,8.0,105.0,0.0,0,False,1533.9418193151635,1186.597497168688,1474.8909593980632,1245.6483570857883,347.3443221464754,0.9292431390220364
2022,2021-11-17,True,False,no,mia,98,113,34,18,18,28,0,21,26,34,32,0,home,6.5,210.5,235.0,-275.0,7.0,106.5,1.0,1,True,1697.142820692828,1278.6880712556813,1701.2824572182856,1274.5484347302238,418.4547494371468,0.951867372806287
2022,2021-11-17,True,False,ind,det,89,97,21,20,32,16,0,24,25,24,24,0,away,6.5,206.0,-265.0,225.0,6.5,100.0,0.0,0,True,1223.2544690461577,1548.839870504388,1299.204118113515,1472.8902214370307,-325.5854014582303,0.21440511557214711
2022,2021-11-17,True,False,cle,bkn,99,109,25,16,32,26,0,31,31,19,28,0,home,9.5,206.5,450.0,-600.0,0.5,100.5,1.0,1,True,1614.9401692417866,1507.5395477975173,1637.09758849189,1485.382128547414,107.40062144426929,0.7674367702460305
2022,2021-11-17,True,False,hou,okc,89,101,19,22,23,25,0,22,31,27,21,0,home,3.0,214.5,130.0,-150.0,2.0,105.5,1.0,0,True,1307.6091483354917,1097.0715113965005,1320.9752163374515,1083.7054433945407,210.53763693899123,0.8566325727818721
2022,2021-11-18,True,False,gs,cle,104,89,27,24,17,36,0,29,25,27,8,0,away,10.0,208.5,-500.0,400.0,8.0,101.5,1.0,0,False,1485.382128547414,1800.7841851953408,1458.0013278089907,1828.164985933764,-315.4020566479269,0.22444400818688615
2022,2021-11-18,True,False,sa,min,90,115,20,33,25,12,0,34,32,27,22,0,home,2.0,220.0,110.0,-130.0,3.0,106.5,1.0,0,True,1397.4640052600448,1329.7544059538131,1434.49374724297,1292.724663970888,67.70959930623167,0.724204479282951
2022,2021-11-18,True,False,wsh,mia,97,112,19,21,30,27,0,21,26,36,29,0,home,6.5,206.5,225.0,-265.0,1.0,100.0,1.0,1,True,1701.2824572182856,1617.3989650571211,1730.2751826387587,1588.406239636648,83.88349216116444,0.74240732116372
2022,2021-11-18,True,False,phi,den,103,89,24,34,29,16,0,23,29,17,20,0,home,7.5,209.0,265.0,-320.0,6.0,102.0,0.0,0,False,1664.242383668028,1486.5043495677844,1580.0824871777559,1570.6642460580565,177.73803410024357,0.8318490131436347
2022,2021-11-18,True,False,tor,utah,103,119,27,36,17,23,0,32,29,31,27,0,home,10.0,214.5,400.0,-500.0,7.5,105.5,1.0,1,True,1609.4644315557214,1428.8230919998969,1626.9736659982439,1411.3138575573744,180.64133955582452,0.8341737848315925
2022,2021-11-18,True,False,lac,mem,108,120,24,29,32,23,0,30,26,38,26,0,home,0.0,220.5,-110.0,-110.0,1.0,112.0,1.0,1,True,1365.0005365817738,1606.69302504733,1443.2461446393727,1528.447416989731,-241.69248846555615,0.3066883488895518
2022,2021-11-19,True,False,tor,sac,108,89,30,33,33,12,0,27,18,21,23,0,home,3.5,221.0,145.0,-165.0,6.5,107.5,0.0,0,False,1386.6129961006193,1411.3138575573744,1306.6426816901962,1491.2841719677972,-24.700861456755092,0.6066987900541687
2022,2021-11-19,True,False,dal,phx,104,112,24,27,33,20,0,27,28,24,33,0,home,8.5,211.0,290.0,-350.0,4.0,104.0,0.0,1,True,1762.2971796327936,1629.3427077993358,1779.990598809794,1611.6492886223355,132.95447183345777,0.7926533133769406
2022,2021-11-19,True,False,chi,den,114,108,30,23,35,26,0,30,22,26,30,0,away,3.5,206.0,-150.0,130.0,3.5,105.0,1.0,1,False,1580.0824871777559,1696.817697133884,1539.3329355245294,1737.5672487871104,-116.73520995612807,0.4759347056114468
2022,2021-11-19,True,False,lac,no,81,94,29,26,14,12,0,16,27,29,22,0,away,4.5,214.5,-175.0,155.0,1.5,109.5,0.0,0,True,1274.5484347302238,1528.447416989731,1356.7657128752137,1446.230138844741,-253.8989822595072,0.2919538039866523
2022,2021-11-19,True,False,ind,cha,118,121,22,26,37,33,0,27,36,35,23,0,away,1.0,216.0,-115.0,-105.0,4.5,109.5,0.0,1,True,1604.0242303564394,1472.8902214370307,1615.2986640128106,1461.6157877806595,131.13400891940864,0.7909256947268962
2022,2021-11-19,True,False,orl,bkn,113,115,41,21,21,30,0,25,28,37,25,0,home,9.5,209.0,400.0,-500.0,9.0,107.0,0.0,1,True,1637.09758849189,1245.6483570857883,1639.0352658486681,1243.7106797290103,391.4492314061017,0.9442234432596067
2022,2021-11-19,True,False,lal,bos,108,130,38,23,21,26,0,30,30,33,37,0,home,1.0,213.0,-110.0,-110.0,0.505,104.0,1.0,1,True,1561.2360248347445,1378.3400278615702,1580.367934487721,1359.2081182085938,182.8959969731743,0.8359613437711
2022,2021-11-19,True,False,gs,det,105,102,26,30,30,19,0,23,28,19,32,0,away,1.5,201.0,-125.0,105.0,0.0,98.0,1.0,1,False,1299.204118113515,1828.164985933764,1294.4439902726592,1832.9251137746198,-528.960867820249,0.07803878215909166
2022,2021-11-19,True,False,okc,mil,89,96,24,23,21,21,0,34,24,22,16,0,home,12.5,215.5,650.0,-1000.0,4.0,105.5,0.0,0,True,1513.3135540178523,1320.9752163374515,1525.3396758690778,1308.949094486226,192.33833768040085,0.8432795334553618
2022,2021-11-20,True,False,mem,min,95,138,23,20,28,24,0,40,32,41,25,0,home,2.5,221.0,120.0,-140.0,5.0,113.0,1.0,1,True,1434.49374724297,1443.2461446393727,1496.3704736668924,1381.3694182154502,-8.752397396402785,0.628377704884938
2022,2021-11-20,True,False,orl,mil,108,117,24,26,21,37,0,36,26,34,21,0,home,12.5,215.5,575.0,-850.0,3.0,109.5,0.0,1,True,1525.3396758690778,1243.7106797290103,1533.247537377608,1235.80281822048,281.62899614006756,0.899964760974433
2022,2021-11-20,True,False,phi,por,111,118,25,21,32,33,0,30,25,31,32,0,home,7.5,217.0,245.0,-290.0,1.5,106.0,0.0,1,True,1592.1683486452946,1570.6642460580565,1621.8997885437263,1540.9328061596248,21.504102587238094,0.6680622348998182
2022,2021-11-20,True,False,utah,sac,123,105,29,25,30,39,0,28,21,31,25,0,away,7.5,221.0,-330.0,270.0,3.5,113.5,1.0,1,False,1306.6426816901962,1626.9736659982439,1278.199620756598,1655.416726931842,-320.3309843080476,0.21954375947683155
2022,2021-11-20,True,False,cha,atl,105,115,21,27,29,28,0,25,35,29,26,0,home,7.5,226.5,250.0,-300.0,0.0,109.5,1.0,0,True,1574.0929289764088,1615.2986640128106,1618.0037096405697,1571.3878833486497,-41.20573503640185,0.5838132302345319
2022,2021-11-20,True,False,mia,wsh,100,103,25,18,32,25,0,26,15,30,32,0,away,2.0,207.0,-135.0,115.0,1.5,100.0,0.0,0,True,1588.406239636648,1730.2751826387587,1622.5623526735392,1696.1190696018675,-141.86894300211065,0.44003573983675176
2022,2021-11-20,True,False,no,ind,94,111,19,27,18,30,0,32,26,38,15,0,home,7.5,206.5,260.0,-310.0,1.0,105.0,1.0,0,True,1461.6157877806595,1356.7657128752137,1488.6883377461272,1329.693162909746,104.85007490544581,0.7648060576580699
2022,2021-11-20,True,False,hou,ny,99,106,21,26,26,26,0,13,34,25,34,0,home,11.0,213.5,425.0,-550.0,7.5,104.0,0.0,0,True,1474.8909593980632,1083.7054433945407,1478.5645312145025,1080.0318715781013,391.1855160035225,0.9441434394699344
2022,2021-11-20,True,False,okc,bos,105,111,23,22,29,31,0,30,28,31,22,0,home,9.5,205.0,375.0,-450.0,2.0,101.0,0.0,1,True,1580.367934487721,1308.949094486226,1587.4693215393422,1301.8477074346047,271.418840001495,0.894547624645218
2022,2021-11-21,True,False,dal,lac,91,97,22,25,15,29,0,19,27,25,26,0,home,5.5,209.0,185.0,-215.0,4.0,101.0,1.0,0,True,1446.230138844741,1611.6492886223355,1497.0069940741657,1560.8724333929108,-165.41914977759438,0.40695132424658875
2022,2021-11-21,True,False,lal,det,121,116,30,31,23,37,0,26,42,31,17,0,away,7.0,213.0,-300.0,250.0,8.0,104.5,0.0,1,False,1294.4439902726592,1359.2081182085938,1251.0412050417692,1402.6109034394838,-64.76412793593454,0.5505353558927563
2022,2021-11-21,True,False,den,phx,97,126,28,32,18,19,0,48,25,27,26,0,home,11.0,208.5,400.0,-500.0,2.0,103.0,1.0,1,True,1779.990598809794,1539.3329355245294,1794.870818187158,1524.4527161471653,240.65766328526456,0.8766393117008777
2022,2021-11-21,True,False,ny,chi,103,109,20,25,29,29,0,25,26,21,37,0,home,5.5,213.0,180.0,-210.0,1.5,104.0,1.0,0,True,1737.5672487871104,1478.5645312145025,1745.2102787934111,1470.9215012082018,259.00271757260793,0.8876128204175373
2022,2021-11-21,True,False,tor,gs,104,119,24,23,30,27,0,36,25,31,27,0,home,9.0,217.0,330.0,-400.0,0.5,106.0,1.0,1,True,1832.9251137746198,1491.2841719677972,1839.5580285384665,1484.6512572039505,341.64094180682264,0.9270538138787199
2022,2021-11-22,True,False,min,no,110,96,28,38,23,21,0,29,21,19,27,0,away,3.5,214.0,-155.0,135.0,3.5,103.5,1.0,0,False,1329.693162909746,1496.3704736668924,1281.411332199095,1544.6523043775433,-166.67731075714642,0.4052045762986051
2022,2021-11-22,True,False,phi,sac,102,94,28,27,22,25,0,33,19,30,12,0,home,5.0,220.5,175.0,-200.0,5.0,107.5,0.0,0,False,1278.199620756598,1540.9328061596248,1250.9796005835096,1568.1528263327132,-262.7331854030267,0.281553751262716
2022,2021-11-22,True,False,phx,sa,115,111,24,33,33,25,0,20,24,31,36,0,away,5.5,220.0,-210.0,180.0,0.5,112.0,0.0,1,False,1292.724663970888,1794.870818187158,1286.358851132637,1801.236631025409,-502.1461542162699,0.08989322507439765
2022,2021-11-22,True,False,orl,mil,92,123,16,20,20,36,0,36,41,28,18,0,home,13.0,218.5,800.0,-1400.0,0.503,111.0,1.0,0,True,1533.247537377608,1235.80281822048,1544.0760835310095,1224.9742720670786,297.444719157128,0.9078679206896549
2022,2021-11-22,True,False,mem,utah,119,118,27,27,38,27,0,30,30,36,22,0,home,11.0,221.5,400.0,-500.0,4.5,112.5,0.0,1,False,1655.416726931842,1381.3694182154502,1633.96884924288,1402.8172959044123,274.04730871639185,0.8959664376968641
2022,2021-11-22,True,False,hou,bos,90,108,21,26,16,27,0,22,30,34,22,0,home,12.0,213.5,500.0,-700.0,5.5,103.0,1.0,0,True,1587.4693215393422,1080.0318715781013,1589.9966382901057,1077.5045548273379,507.4374499612409,0.9705934726370351
2022,2021-11-22,True,False,bkn,cle,117,112,24,28,32,33,0,27,36,19,30,0,away,5.5,208.5,-220.0,190.0,6.5,103.0,0.0,1,False,1458.0013278089907,1639.0352658486681,1427.6132594606604,1669.4233341969984,-181.03393803967742,0.3854523605811074
2022,2021-11-22,True,False,cha,wsh,109,103,26,33,24,26,0,27,23,23,30,0,home,4.5,216.0,160.0,-180.0,5.0,103.5,0.0,0,False,1622.5623526735392,1571.3878833486497,1565.1556497844942,1628.7945862376946,51.174469324889515,0.7047935953164842
2022,2021-11-22,True,False,okc,atl,101,113,27,33,11,30,0,32,34,27,20,0,home,13.5,212.0,600.0,-900.0,5.5,103.5,0.0,1,True,1618.0037096405697,1301.8477074346047,1625.1645153615448,1294.6869017136296,316.156002205965,0.9164901336792186
2022,2021-11-22,True,False,ind,chi,109,77,31,36,22,20,0,16,30,15,16,0,home,1.5,216.5,105.0,-125.0,6.5,106.5,0.0,0,False,1745.2102787934111,1488.6883377461272,1636.707918519175,1597.1906980203632,256.5219410472839,0.88618034595494
2022,2021-11-23,True,False,den,por,100,119,27,25,27,21,0,33,33,24,29,0,home,10.0,212.5,350.0,-420.0,2.0,104.0,1.0,1,True,1621.8997885437263,1524.4527161471653,1651.07952785603,1495.2729768348618,97.447072396561,0.757054243735937
2022,2021-11-23,True,False,dal,lac,112,104,21,21,38,23,9,26,22,28,27,1,home,2.5,213.5,130.0,-150.0,0.0,103.0,0.0,1,False,1497.0069940741657,1560.8724333929108,1443.6586769846779,1614.2207504823987,-63.865439318745075,0.5518151237429394
2022,2021-11-23,True,False,lal,ny,100,106,20,31,30,19,0,36,27,20,23,0,home,4.5,214.5,165.0,-185.0,1.5,105.5,1.0,0,True,1470.9215012082018,1402.6109034394838,1492.969871704424,1380.5625329432617,68.31059776871803,0.7248949421141723
2022,2021-11-23,True,False,mia,det,100,92,20,26,21,33,0,25,28,23,16,0,away,10.5,208.5,-600.0,450.0,10.5,101.5,0.0,0,False,1251.0412050417692,1696.1190696018675,1239.3784408083961,1707.7818338352406,-445.0778645600983,0.12063528972859809
2022,2021-11-24,True,False,det,mil,93,114,26,26,22,19,0,32,32,24,26,0,home,15.0,213.0,900.0,-1600.0,5.0,103.5,1.0,0,True,1544.0760835310095,1239.3784408083961,1553.3223327682288,1230.132191571177,304.6976427226134,0.9113011830602864
2022,2021-11-24,True,False,phi,gs,96,116,34,27,23,12,0,23,29,34,30,0,home,10.0,216.5,400.0,-500.0,11.5,105.5,1.0,0,True,1839.5580285384665,1568.1528263327132,1850.6695809045696,1557.04127396661,271.4052022057533,0.8945402188250086
2022,2021-11-24,True,False,lal,ind,124,116,26,34,22,30,12,31,35,18,28,4,home,6.5,217.0,210.0,-250.0,1.5,107.0,0.0,1,False,1597.1906980203632,1380.5625329432617,1528.7815325532035,1448.9716984104214,216.62816507710158,0.8608847882175588
2022,2021-11-24,True,False,cha,orl,106,99,24,28,30,24,0,28,21,28,22,0,away,8.0,219.0,-340.0,280.0,4.0,107.0,0.0,0,False,1224.9742720670786,1628.7945862376946,1211.4162812763457,1642.3525770284275,-403.82031417061603,0.1481821672591569
2022,2021-11-24,True,False,bkn,bos,123,104,29,33,35,26,0,22,27,27,28,0,home,1.5,217.5,105.0,-125.0,4.5,106.5,0.0,1,False,1589.9966382901057,1669.4233341969984,1520.1924707823305,1739.2275017047737,-79.42669590689275,0.5295728081092314
2022,2021-11-24,True,False,tor,mem,126,113,25,34,32,35,0,32,39,21,21,0,home,3.5,218.0,135.0,-155.0,2.5,105.5,0.0,1,False,1402.8172959044123,1484.6512572039505,1341.7251078310715,1545.7434452772914,-81.83396129953826,0.5261192336625274
2022,2021-11-24,True,False,phx,cle,120,115,36,25,26,33,0,33,33,20,29,0,away,7.0,211.5,-300.0,250.0,7.0,108.5,0.0,1,False,1427.6132594606604,1801.236631025409,1414.0934173288756,1814.7564731571938,-373.6233715647486,0.17149017188737237
2022,2021-11-24,True,False,chi,hou,113,118,32,32,18,31,0,30,25,35,28,0,away,9.5,217.5,-500.0,400.0,2.5,111.5,0.0,1,True,1077.5045548273379,1636.707918519175,1151.1073430683332,1563.1051302781798,-559.2033636918372,0.06639776679316776
2022,2021-11-24,True,False,mia,min,101,113,27,35,20,19,0,30,24,32,27,0,away,1.0,213.5,-110.0,-110.0,1.5,103.5,0.0,1,True,1544.6523043775433,1707.7818338352406,1611.2230299498221,1641.2111082629617,-163.12952945769734,0.41013609826941827
2022,2021-11-24,True,False,wsh,no,102,127,27,23,23,29,0,36,36,23,32,0,away,3.5,211.0,-165.0,145.0,8.0,104.0,0.0,1,True,1281.411332199095,1565.1556497844942,1387.8180919151328,1458.7488900684566,-283.74431758539913,0.2577459200885658
2022,2021-11-24,True,False,atl,sa,124,106,27,38,38,21,0,27,31,25,23,0,away,3.5,222.5,-165.0,145.0,1.0,108.0,1.0,1,False,1286.358851132637,1625.1645153615448,1260.2061112519996,1651.3172552421822,-338.80566422890774,0.20186543380190475
2022,2021-11-24,True,False,por,sac,121,125,36,35,21,29,0,32,37,24,32,0,away,3.5,225.5,-160.0,140.0,2.5,110.0,0.0,1,True,1250.9796005835096,1651.07952785603,1311.1084314456518,1590.9506969938877,-400.0999272725203,0.15090583661647639
2022,2021-11-24,True,False,utah,okc,110,104,21,28,32,29,0,25,27,28,24,0,away,14.0,208.0,-1200.0,750.0,10.0,108.0,0.0,1,False,1294.6869017136296,1633.96884924288,1277.440964097532,1651.2147868589775,-339.2819475292504,0.20142406258010603
2022,2021-11-26,True,False,no,utah,98,97,23,23,26,26,0,28,17,30,22,0,home,13.5,218.5,650.0,-1000.0,9.0,110.5,0.0,0,False,1651.2147868589775,1387.8180919151328,1629.727441411992,1409.3054373621183,263.39669494384475,0.8901114032752577
2022,2021-11-26,True,False,sac,lal,141,137,20,23,30,27,41,20,23,35,22,37,home,7.5,229.0,250.0,-300.0,5.0,109.5,0.0,1,False,1448.9716984104214,1311.1084314456518,1399.3540334670197,1360.7260963890535,137.86326696476954,0.79725911952187
2022,2021-11-26,True,False,bos,sa,88,96,14,23,26,25,0,30,22,18,26,0,away,4.5,213.5,-180.0,160.0,7.0,108.5,0.0,0,True,1260.2061112519996,1520.1924707823305,1329.3536857874665,1451.0448962468636,-259.9863595303309,0.28476324126948777
2022,2021-11-26,True,False,por,gs,103,118,26,18,26,33,0,27,31,33,27,0,home,6.0,225.0,200.0,-240.0,1.5,110.0,1.0,0,True,1850.6695809045696,1590.9506969938877,1861.513635559652,1580.1066423388054,259.7188839106818,0.8880234175310592
2022,2021-11-26,True,False,mil,den,120,109,27,31,32,30,0,16,31,26,36,0,away,6.5,215.5,-245.0,205.0,0.5,110.0,1.0,1,False,1495.2729768348618,1553.3223327682288,1434.0361144689132,1614.5591951341773,-58.049355933366996,0.5600801430798669
2022,2021-11-26,True,False,wsh,okc,101,99,25,31,20,25,0,27,27,14,31,0,away,6.0,209.5,-275.0,235.0,4.0,102.5,0.0,0,False,1277.440964097532,1458.7488900684566,1258.8266617299719,1477.3631924360168,-181.30792597092454,0.38507882252831954
2022,2021-11-26,True,False,chi,orl,123,88,27,28,35,33,0,27,19,23,19,0,away,9.5,212.5,-450.0,375.0,3.0,108.5,1.0,0,False,1211.4162812763457,1563.1051302781798,1181.429595779125,1593.0918157754004,-351.6888490018341,0.19018054353464808
2022,2021-11-26,True,False,phx,ny,118,97,33,24,31,30,0,27,17,27,26,0,away,4.0,214.0,-165.0,145.0,2.0,108.0,1.0,1,False,1492.969871704424,1814.7564731571938,1463.3054407913594,1844.4209040702583,-321.7866014527699,0.21811140475539953
2022,2021-11-26,True,False,min,cha,115,133,28,30,25,32,0,30,38,31,34,0,home,2.0,226.5,110.0,-130.0,2.0,108.0,1.0,1,True,1642.3525770284275,1611.2230299498221,1682.5294167622758,1571.0461902159739,31.129547078605356,0.6802329064525938
2022,2021-11-26,True,False,det,lac,96,107,18,22,22,34,0,30,34,18,25,0,home,11.5,205.5,525.0,-750.0,0.5,100.0,0.0,0,True,1443.6586769846779,1230.132191571177,1456.386533262512,1217.4043352933427,213.52648541350095,0.858732660156597
2022,2021-11-26,True,False,tor,ind,97,114,35,22,24,16,0,31,35,26,22,0,home,5.0,209.0,170.0,-190.0,0.5,101.0,1.0,1,True,1528.7815325532035,1545.7434452772914,1577.4548713480583,1497.0701064824366,-16.961912724087824,0.6172768287278049
2022,2021-11-26,True,False,atl,mem,132,100,29,33,43,27,0,21,27,18,34,0,away,1.0,227.0,-115.0,-105.0,2.0,109.5,1.0,1,False,1341.7251078310715,1651.3172552421822,1306.2913346964908,1686.7510283767629,-309.5921474111108,0.23031925761034736
2022,2021-11-27,True,False,wsh,dal,120,114,41,20,30,29,0,36,33,24,21,0,home,6.5,213.0,210.0,-250.0,1.0,104.5,0.0,1,False,1614.2207504823987,1477.3631924360168,1554.2474460535075,1537.336496864908,136.85755804638188,0.7963217396111715
2022,2021-11-27,True,False,no,utah,105,127,23,22,22,38,0,37,27,32,31,0,home,12.5,215.0,650.0,-1000.0,1.5,109.5,1.0,1,True,1629.727441411992,1409.3054373621183,1645.160279088827,1393.8725996852831,220.42200404987375,0.8634797304328182
2022,2021-11-27,True,False,mia,chi,107,104,27,22,23,35,0,20,26,28,30,0,away,1.0,209.5,-105.0,-115.0,1.5,101.0,1.0,1,False,1593.0918157754004,1641.2111082629617,1558.0727149255692,1676.2302091127929,-48.119292487561324,0.5741123083232021
2022,2021-11-27,True,False,orl,cle,92,105,22,27,20,23,0,27,27,24,27,0,home,10.0,204.5,375.0,-500.0,5.0,105.0,1.0,0,True,1414.0934173288756,1181.429595779125,1426.1911120916363,1169.3319010163643,232.66382154975054,0.8715761246633793
2022,2021-11-27,True,False,phx,bkn,113,107,34,22,34,23,0,20,26,26,35,0,home,1.5,226.0,110.0,-130.0,3.0,114.0,0.0,0,False,1739.2275017047737,1844.4209040702583,1697.0573470170498,1886.5910587579822,-105.19340236548464,0.49252664980675637
2022,2021-11-27,True,False,cha,hou,143,146,30,41,28,36,8,43,30,37,25,11,away,5.0,227.5,-210.0,175.0,5.0,111.0,0.0,1,True,1151.1073430683332,1682.5294167622758,1207.4059743189239,1626.230785511685,-531.4220736939426,0.07702549870382246
2022,2021-11-27,True,False,min,phi,121,120,35,21,16,28,21,20,21,29,30,20,home,7.0,218.0,220.0,-270.0,7.5,105.5,0.0,1,False,1557.04127396661,1571.0461902159739,1538.0928738820714,1589.9945903005125,-14.00491624936376,0.6212900644260001
2022,2021-11-27,True,False,ny,atl,99,90,28,23,34,14,0,27,23,24,16,0,home,8.0,217.0,270.0,-340.0,6.0,104.5,0.0,0,False,1686.7510283767629,1463.3054407913594,1615.077285787444,1534.9791833806783,223.44558758540347,0.8655185424519821
2022,2021-11-28,True,False,gs,lac,105,90,20,24,31,30,0,24,18,26,22,0,away,2.5,215.5,-140.0,120.0,1.5,104.0,1.0,0,False,1456.386533262512,1861.513635559652,1438.4247414101708,1879.4754274119932,-405.1271022971398,0.14723515926620714
2022,2021-11-28,True,False,mil,ind,118,100,26,26,39,27,0,26,21,27,26,0,away,2.0,216.5,-135.0,115.0,0.5,110.5,1.0,1,False,1577.4548713480583,1614.5591951341773,1501.0770651932205,1690.9370012890151,-37.10432378611904,0.5895381915108261
2022,2021-11-28,True,False,sac,mem,101,128,25,27,22,27,0,38,38,30,22,0,home,4.0,223.0,150.0,-170.0,4.0,107.0,1.0,1,True,1306.2913346964908,1360.7260963890535,1370.040365964056,1296.9770651214883,-54.43476169256269,0.5652002704836344
2022,2021-11-28,True,False,bos,tor,109,97,27,27,26,29,0,26,25,25,21,0,away,2.0,207.0,-125.0,105.0,1.0,105.5,1.0,0,False,1497.0701064824366,1451.0448962468636,1421.6979090034235,1526.4170937258766,46.02521023557301,0.6985891844799413
2022,2021-11-28,True,False,det,lal,106,110,21,27,22,36,0,23,28,32,27,0,home,10.5,214.5,400.0,-525.0,5.5,103.5,0.0,1,True,1399.3540334670197,1217.4043352933427,1409.227073573919,1207.5312951864435,181.949698173677,0.8352129833051556
2022,2021-11-29,True,False,okc,hou,89,102,23,14,23,29,0,28,18,26,30,0,home,2.5,217.5,120.0,-140.0,1.5,105.5,1.0,0,True,1207.4059743189239,1258.8266617299719,1257.3997371205419,1208.8328989283539,-51.42068741104799,0.5694591894217774
2022,2021-11-29,True,False,por,utah,107,129,23,26,35,23,0,21,32,41,35,0,home,7.0,221.5,240.0,-280.0,3.0,108.0,1.0,1,True,1645.160279088827,1580.1066423388054,1681.282371376475,1543.9845500511574,65.05363675002172,0.7211403377196821
2022,2021-11-29,True,False,wsh,sa,99,116,20,31,27,21,0,20,25,39,32,0,away,3.0,214.5,-155.0,135.0,0.0,104.5,0.0,1,True,1329.3536857874665,1537.336496864908,1412.092351878577,1454.5978307737976,-207.9828110774415,0.3494178649489239
2022,2021-11-29,True,False,cle,dal,114,96,30,22,35,27,0,23,18,24,31,0,home,6.5,210.5,220.0,-260.0,7.0,102.5,0.0,0,False,1554.2474460535075,1426.1911120916363,1463.7491994432187,1516.6893587019251,128.05633396187113,0.7879809503417328
2022,2021-11-29,True,False,cha,chi,119,133,31,27,27,34,0,30,39,35,29,0,home,5.5,224.5,175.0,-200.0,0.5,109.5,1.0,1,True,1558.0727149255692,1626.230785511685,1612.204906872221,1572.0985935650333,-68.15807058611585,0.5456963503867487
2022,2021-11-29,True,False,ind,min,98,100,26,31,19,22,0,20,28,30,22,0,home,4.0,220.5,150.0,-170.0,4.0,106.5,0.0,0,True,1589.9945903005125,1501.0770651932205,1601.1853015994807,1489.8863538942524,88.91752510729202,0.7479100395034
2022,2021-11-29,True,False,den,mia,120,111,32,31,32,25,0,23,20,35,33,0,home,3.0,205.5,130.0,-150.0,6.5,99.0,0.0,1,False,1676.2302091127929,1434.0361144689132,1604.6534793487053,1505.6128442330007,242.19409464387968,0.8775925894749462
2022,2021-11-29,True,False,orl,phi,96,101,19,24,35,18,0,31,23,27,20,0,home,14.0,205.5,750.0,-1200.0,4.5,104.0,0.0,0,True,1538.0928738820714,1169.3319010163643,1541.7254157335308,1165.699359164905,368.7609728657071,0.9369324651909579
2022,2021-11-29,True,False,no,lac,123,104,37,30,23,33,0,22,30,26,26,0,home,7.0,210.5,240.0,-280.0,8.5,108.0,0.0,1,False,1438.4247414101708,1393.8725996852831,1350.4953393074268,1481.8020017880272,44.55214172488763,0.6968006855636262
2022,2021-11-30,True,False,mem,tor,98,91,27,23,20,28,0,18,21,28,24,0,home,3.0,214.5,130.0,-150.0,4.5,109.5,0.0,0,False,1421.6979090034235,1370.040365964056,1360.3297398469895,1431.4085351204901,51.65754303936751,0.7053718368641645
2022,2021-11-30,True,False,ny,bkn,110,112,28,33,23,26,0,33,27,28,24,0,home,6.0,215.0,200.0,-240.0,5.0,105.5,0.0,1,True,1697.0573470170498,1534.9791833806783,1704.5922221110934,1527.4443082866346,162.07816363637153,0.8188600394327071
2022,2021-11-30,True,False,lal,sac,117,92,20,30,37,30,0,28,31,15,18,0,home,0.0,224.0,-110.0,-110.0,1.5,108.5,0.0,0,False,1296.9770651214883,1409.227073573919,1227.825147543894,1478.3789911515132,-112.25000845243062,0.4823781223358907
2022,2021-11-30,True,False,gs,phx,96,104,35,19,24,18,0,31,25,24,24,0,home,3.0,222.5,135.0,-155.0,2.0,108.0,1.0,0,True,1886.5910587579822,1879.4754274119932,1920.2423778080058,1845.8241083619696,7.115631345988959,0.6494465027684126
2022,2021-11-30,True,False,det,por,92,110,21,24,17,30,0,27,27,29,27,0,home,7.5,209.5,290.0,-350.0,1.0,101.5,1.0,0,True,1543.9845500511574,1207.5312951864435,1551.2542085074751,1200.2616367301257,336.4532548647139,0.9250084128200204
2022,2021-12-01,True,False,dal,no,139,107,41,26,35,37,0,23,23,29,32,0,away,4.0,216.0,-170.0,150.0,3.5,105.0,1.0,1,False,1481.8020017880272,1463.7491994432187,1381.513608011303,1564.037593219943,18.05280234480847,0.6636419505893802
2022,2021-12-01,True,False,cha,mil,125,127,41,27,27,30,0,25,35,37,30,0,home,9.0,230.5,300.0,-360.0,9.0,112.0,0.0,1,True,1690.9370012890151,1572.0985935650333,1700.486054975655,1562.5495398783935,118.83840772398185,0.7789805099779048
2022,2021-12-01,True,False,hou,okc,114,110,24,29,20,41,0,26,34,21,29,0,home,2.5,216.5,115.0,-135.0,1.0,105.0,0.0,1,False,1208.8328989283539,1257.3997371205419,1168.2215982787395,1298.0110377701562,-48.566838192188015,0.5734822688979294
2022,2021-12-01,True,False,atl,ind,114,111,38,27,22,27,0,29,28,31,23,0,home,2.0,217.5,115.0,-135.0,2.5,105.5,0.0,1,False,1489.8863538942524,1615.077285787444,1461.5953131979934,1643.368326483703,-125.19093189319165,0.46381072856909966
2022,2021-12-01,True,False,sac,lac,124,115,29,33,37,25,0,21,31,24,39,0,home,6.0,215.0,205.0,-245.0,5.5,104.5,0.0,1,False,1350.4953393074268,1227.825147543894,1279.8567695132554,1298.4637173380654,122.67019176353278,0.7827547723921429
2022,2021-12-01,True,False,phi,bos,87,88,20,20,23,24,0,21,23,20,24,0,home,3.0,206.5,135.0,-155.0,1.0,99.5,0.0,0,True,1526.4170937258766,1541.7254157335308,1538.021059556242,1530.1214499031653,-15.30832200765417,0.6195230918610612
2022,2021-12-01,True,False,den,orl,103,108,29,34,20,20,0,15,32,32,29,0,away,8.0,208.0,-340.0,280.0,0.5,101.0,0.0,1,True,1165.699359164905,1505.6128442330007,1228.7030745048446,1442.609128893061,-339.9134850680957,0.2008399308311345
2022,2021-12-01,True,False,cle,mia,111,85,31,30,26,24,0,16,27,20,22,0,home,3.0,206.5,130.0,-150.0,6.5,100.5,0.0,0,False,1604.6534793487053,1516.6893587019251,1505.1012293650335,1616.241608685597,87.9641206467802,0.7468738767015377
2022,2021-12-01,True,False,min,wsh,107,115,24,33,31,19,0,24,29,38,24,0,home,3.5,217.0,150.0,-170.0,2.5,105.0,1.0,1,True,1454.5978307737976,1601.1853015994807,1509.3799469336138,1546.4031854396644,-146.5874708256831,0.4333541926557646
2022,2021-12-02,True,False,sa,por,114,83,32,36,16,30,0,22,25,18,18,0,home,5.0,215.5,195.0,-230.0,7.5,106.0,0.0,0,False,1551.2542085074751,1412.092351878577,1444.368796068945,1518.9777643171071,139.16185662889825,0.7984647173914279
2022,2021-12-02,True,False,det,phx,103,114,18,33,30,22,0,30,39,18,27,0,home,11.5,208.0,700.0,-1100.0,1.0,102.5,0.0,1,True,1920.2423778080058,1200.2616367301257,1920.803985937611,1199.7000286005205,719.9807410778801,0.9911652510070936
2022,2021-12-02,True,False,chi,ny,119,115,37,32,20,30,0,19,32,32,32,0,away,2.0,209.5,-115.0,-105.0,3.5,106.5,1.0,1,False,1527.4443082866346,1612.204906872221,1490.4846012712821,1649.1646138875735,-84.76059858558642,0.5219172077210565
2022,2021-12-02,True,False,mil,tor,93,97,23,17,28,25,0,26,22,25,24,0,home,1.5,216.0,-150.0,130.0,2.0,108.5,1.0,0,True,1360.3297398469895,1700.486054975655,1416.938355781278,1643.8774390413664,-340.1563151286655,0.2006156664308792
2022,2021-12-02,True,False,okc,mem,79,152,16,20,26,17,0,31,41,41,39,0,home,11.5,210.5,340.0,-430.0,2.5,102.0,1.0,1,True,1431.4085351204901,1168.2215982787395,1447.900911908745,1151.7292214904846,263.1869368417506,0.8899932417733443
2022,2021-12-03,True,False,no,dal,107,91,14,30,35,28,0,19,29,20,23,0,home,7.0,215.0,250.0,-300.0,3.0,110.5,0.0,0,False,1564.037593219943,1381.513608011303,1475.9417341861042,1469.6094670451416,182.52398520863994,0.8356674724736983
2022,2021-12-03,True,False,lac,lal,119,115,23,30,34,32,0,22,28,29,36,0,home,2.5,219.0,115.0,-135.0,3.0,110.5,0.0,1,False,1478.3789911515132,1279.8567695132554,1428.2788261016713,1329.9569345630973,198.52222163825786,0.8479267634099705
2022,2021-12-03,True,False,bos,utah,130,137,25,31,41,33,0,38,21,41,37,0,home,8.0,209.5,290.0,-350.0,4.0,106.5,0.0,1,True,1681.282371376475,1538.021059556242,1697.1095108726072,1522.19392006011,143.261311820233,0.8022354046416824
2022,2021-12-03,True,False,orl,hou,116,118,24,32,27,33,0,31,23,30,34,0,home,2.5,217.5,130.0,-150.0,3.0,111.0,0.0,1,True,1298.0110377701562,1228.7030745048446,1310.3956956490588,1216.318416625942,69.30796326531163,0.7260384050607838
2022,2021-12-03,True,False,cle,wsh,116,101,34,31,34,17,0,29,17,26,29,0,home,3.0,208.5,130.0,-150.0,7.0,101.5,0.0,1,False,1509.3799469336138,1616.241608685597,1449.5874947033972,1676.0340609158136,-106.86166175198309,0.49012655860865845
2022,2021-12-03,True,False,phi,atl,98,96,31,13,34,20,0,22,30,35,9,0,home,2.5,216.0,120.0,-140.0,1.5,103.5,0.0,0,False,1643.368326483703,1530.1214499031653,1609.7865491949688,1563.7032271918995,113.24687658053767,0.7733890758517635
2022,2021-12-03,True,False,min,bkn,105,110,34,21,30,20,0,27,32,27,24,0,home,9.0,219.0,340.0,-410.0,4.5,105.5,0.0,0,True,1704.5922221110934,1546.4031854396644,1717.149994595676,1533.8454129550819,158.189036671429,0.8155155884678615
2022,2021-12-03,True,False,phx,gs,96,118,21,27,20,28,0,28,23,29,38,0,home,7.5,215.0,250.0,-300.0,3.5,110.5,1.0,0,True,1845.8241083619696,1920.803985937611,1909.845982605913,1856.7821116936677,-74.97987757564147,0.5359447359012021
2022,2021-12-03,True,False,mia,ind,113,104,32,30,30,21,0,25,30,26,23,0,home,5.5,206.0,190.0,-220.0,4.0,101.5,0.0,1,False,1461.5953131979934,1505.1012293650335,1402.7733143328924,1563.9232282301346,-43.50591616704014,0.5805924891280161
2022,2021-12-04,True,False,chi,bkn,111,107,28,24,27,32,0,34,22,26,25,0,home,2.5,222.0,120.0,-140.0,1.0,113.0,0.0,0,False,1717.149994595676,1649.1646138875735,1669.1089057904305,1697.205702692819,67.98538070810241,0.7245214465717261
2022,2021-12-04,True,False,den,ny,113,99,30,30,32,21,0,25,24,22,28,0,home,2.5,209.0,120.0,-140.0,4.0,102.5,0.0,1,False,1490.4846012712821,1442.609128893061,1410.793356043659,1522.3003741206842,47.87547237822105,0.7008271217971103
2022,2021-12-04,True,False,sa,gs,112,107,36,31,32,13,0,21,37,30,19,0,home,9.0,219.0,330.0,-400.0,10.0,107.5,0.0,2,False,1909.845982605913,1518.9777643171071,1856.3353562011116,1572.4883907219084,390.8682182888058,0.9440470372250296
2022,2021-12-04,True,False,lac,sac,99,104,29,16,25,29,0,29,21,26,28,0,away,2.0,219.0,-125.0,105.0,2.5,111.0,0.0,0,True,1298.4637173380654,1329.9569345630973,1330.209096740536,1298.2115551606266,-31.493217225031913,0.5973310548086366
2022,2021-12-04,True,False,mem,dal,97,90,22,27,23,25,0,18,19,21,32,0,home,0.0,215.0,-110.0,-110.0,3.5,109.0,0.0,0,False,1475.9417341861042,1447.900911908745,1415.7464423842357,1508.0962037106135,28.04082227735921,0.6763531112565756
2022,2021-12-04,True,False,bos,por,145,117,38,26,39,42,0,23,35,26,33,0,home,1.0,211.0,-105.0,-115.0,1.5,108.5,0.0,1,False,1444.368796068945,1522.19392006011,1365.5665517442453,1600.9961643848096,-77.82512399116513,0.5318689502537172
2022,2021-12-04,True,False,mia,mil,102,124,23,29,24,26,0,34,35,36,19,0,home,6.5,211.0,220.0,-260.0,2.0,102.0,1.0,1,True,1643.8774390413664,1563.9232282301346,1677.3399363239494,1530.4607309475516,79.95421081123186,0.7380580775244414
2022,2021-12-05,True,False,no,hou,108,118,26,23,36,23,0,28,29,37,24,0,away,2.5,222.0,-145.0,125.0,3.5,113.5,0.0,1,True,1310.3956956490588,1469.6094670451416,1372.0542013813053,1407.950961312895,-159.21377139608285,0.4156001341553539
2022,2021-12-05,True,False,cha,atl,130,127,30,38,31,31,0,30,31,31,35,0,home,7.5,225.5,270.0,-330.0,8.0,109.5,0.0,1,False,1609.7865491949688,1562.5495398783935,1569.0113670620456,1603.3247220113167,47.23700931657527,0.7000559613000771
2022,2021-12-05,True,False,utah,cle,109,108,32,28,31,18,0,29,26,27,26,0,away,5.0,213.5,-200.0,175.0,2.0,108.5,0.0,1,False,1676.0340609158136,1697.1095108726072,1657.3791392477424,1715.7644325406784,-21.07544995679359,0.6116673404249631
2022,2021-12-05,True,False,wsh,tor,90,102,12,30,26,22,0,23,40,21,18,0,home,1.0,212.5,100.0,-120.0,5.5,103.5,1.0,0,True,1416.938355781278,1449.5874947033972,1462.5634174663062,1403.962433018369,-32.649138922119164,0.5957295542316277
2022,2021-12-06,True,False,atl,min,121,110,33,28,35,25,0,24,24,30,32,0,home,2.0,221.5,110.0,-130.0,4.0,108.5,0.0,1,False,1533.8454129550819,1569.0113670620456,1469.0928103669974,1633.76396965013,-35.16595410696368,0.5922355509594929
2022,2021-12-06,True,False,orl,gs,95,126,26,18,35,16,0,31,34,33,28,0,home,16.0,217.5,950.0,-1800.0,3.0,111.0,1.0,1,True,1856.3353562011116,1216.318416625942,1857.6303461544742,1215.0234266725795,640.0169395751695,0.9860727108859512
2022,2021-12-06,True,False,lac,por,102,90,27,21,29,25,0,26,23,25,16,0,away,5.0,213.0,-200.0,175.0,4.0,108.5,1.0,0,False,1365.5665517442453,1298.2115551606266,1289.0352474223462,1374.7428594825258,67.35499658361869,0.7237965876172932
2022,2021-12-06,True,False,cle,mil,104,112,24,26,28,26,0,24,32,32,24,0,home,9.0,215.0,300.0,-360.0,3.5,103.5,0.0,1,True,1677.3399363239494,1657.3791392477424,1708.9899620013246,1625.7291135703672,19.960797076206973,0.66608923417673
2022,2021-12-06,True,False,sa,phx,104,108,33,15,22,34,0,26,25,28,29,0,home,7.0,215.5,250.0,-300.0,3.5,104.0,0.0,0,True,1856.7821116936677,1572.4883907219084,1862.2223206569722,1567.048181758604,284.2937209717593,0.901337290740282
2022,2021-12-06,True,False,phi,cha,127,124,23,44,28,24,8,34,28,31,26,5,away,7.5,214.0,-300.0,250.0,3.0,106.0,0.0,1,False,1603.3247220113167,1563.7032271918995,1562.7956243022415,1604.2323249009746,39.621494819417194,0.6907709293486709
2022,2021-12-06,True,False,okc,det,114,103,28,22,22,42,0,37,26,18,22,0,home,3.0,205.0,135.0,-155.0,2.0,102.0,0.0,1,False,1199.7000286005205,1151.7292214904846,1126.5699970706455,1224.8592530203596,47.97080711003582,0.7009421732464437
2022,2021-12-06,True,False,den,chi,97,109,27,22,22,26,0,18,28,31,32,0,home,2.0,213.5,115.0,-135.0,0.5,103.5,1.0,0,True,1697.205702692819,1522.3003741206842,1713.5780470703687,1505.9280297431344,174.90532857213475,0.8295557819738836
2022,2021-12-06,True,False,wsh,ind,110,116,18,29,31,32,0,28,30,30,28,0,home,6.0,211.5,190.0,-220.0,1.0,103.0,2.0,1,True,1402.7733143328924,1403.962433018369,1433.7261168524474,1373.009630498814,-1.1891186854766147,0.6384865021250552
2022,2021-12-06,True,False,mem,mia,105,90,34,26,22,23,0,25,24,18,23,0,home,5.5,213.0,185.0,-215.0,6.0,109.5,0.0,0,False,1530.4607309475516,1508.0962037106135,1450.6130850852383,1587.9438495729269,22.364527236938102,0.6691596726111144
2022,2021-12-07,True,False,bkn,dal,102,99,21,29,25,27,0,27,35,24,13,0,away,1.5,221.0,-125.0,105.0,5.0,107.5,1.0,0,False,1415.7464423842357,1669.1089057904305,1397.8991826765816,1686.9561654980846,-253.36246340619482,0.2925926485646588
2022,2021-12-07,True,False,ny,sa,121,109,28,34,33,26,0,28,28,25,28,0,away,1.5,211.5,-125.0,105.0,0.5,102.5,1.0,1,False,1567.048181758604,1410.793356043659,1487.6127901539346,1490.2287476483284,156.2548257149449,0.8138345589222502
2022,2021-12-07,True,False,bos,lal,102,117,33,22,20,27,0,31,29,31,26,0,home,3.0,220.5,130.0,-150.0,0.5,111.5,1.0,0,True,1428.2788261016713,1600.9961643848096,1501.8590725187873,1527.4159179676935,-172.71733828313836,0.3968530874240827
2022,2021-12-08,True,False,bos,lac,111,114,28,23,27,33,0,24,39,24,27,0,home,0.0,209.0,100.0,-120.0,4.5,107.5,1.0,1,True,1374.7428594825258,1527.4159179676935,1409.8299629824148,1492.3288144678045,-152.67305848516776,0.42477283842673075
2022,2021-12-08,True,False,dal,mem,104,96,26,22,28,28,0,25,27,23,21,0,home,1.0,219.0,100.0,-120.0,0.5,105.0,0.0,0,False,1587.9438495729269,1397.8991826765816,1519.5791764855228,1466.2638557639857,190.04466689634523,0.8415266597828681
2022,2021-12-08,True,False,okc,tor,110,109,26,28,33,23,0,36,28,12,33,0,home,7.5,206.0,265.0,-320.0,1.5,100.5,0.0,1,False,1462.5634174663062,1224.8592530203596,1441.0075975679022,1246.4150729187636,237.70416444594662,0.8747888945248262
2022,2021-12-08,True,False,den,no,120,114,35,29,16,25,15,33,24,20,28,9,away,2.0,213.5,-130.0,110.0,0.5,103.5,1.0,1,False,1407.950961312895,1505.9280297431344,1364.891680984072,1548.9873100719574,-97.97706843023934,0.5029111996503748
2022,2021-12-08,True,False,por,gs,94,104,23,22,21,28,0,26,21,29,28,0,home,14.5,215.5,850.0,-1500.0,8.5,104.5,0.0,0,True,1857.6303461544742,1289.0352474223462,1859.0335739821267,1287.6320195946937,568.595098732128,0.9791379897553047
2022,2021-12-08,True,False,utah,min,136,104,34,26,35,41,0,33,26,22,23,0,away,6.5,218.0,-280.0,240.0,4.5,112.0,1.0,1,False,1469.0928103669974,1715.7644325406784,1422.842313090586,1762.0149298170898,-246.67162217368104,0.3006278827928859
2022,2021-12-08,True,False,bkn,hou,104,114,23,29,21,31,0,30,37,23,24,0,away,3.5,223.0,-160.0,140.0,6.5,109.0,0.0,0,True,1372.0542013813053,1686.9561654980846,1453.8281793939816,1605.1821874854083,-314.90196411677925,0.22494550893408846
2022,2021-12-08,True,False,mil,mia,104,113,26,25,26,27,0,24,20,39,30,0,away,6.5,217.5,-260.0,220.0,1.5,111.0,0.0,0,True,1450.6130850852383,1708.9899620013246,1522.8848376660128,1636.71820942055,-258.3768769160863,0.2866540149248299
2022,2021-12-08,True,False,ny,ind,102,122,29,28,19,26,0,36,34,26,26,0,home,5.0,208.0,180.0,-210.0,1.5,101.0,1.0,1,True,1433.7261168524474,1490.2287476483284,1492.36361820544,1431.5912462953358,-56.50263079588103,0.5622727332264935
2022,2021-12-08,True,False,phi,cha,110,106,26,25,31,28,0,26,27,28,25,0,away,6.5,216.0,-250.0,210.0,5.0,104.5,0.0,2,False,1562.7956243022415,1604.2323249009746,1521.4756130307676,1645.5523361724486,-41.43670059873307,0.5834901477128127
2022,2021-12-08,True,False,orl,sac,130,142,36,31,25,38,0,38,32,34,38,0,home,7.5,223.0,250.0,-300.0,3.5,114.5,1.0,1,True,1330.209096740536,1215.0234266725795,1352.9449782943361,1192.2875451187795,115.18567006795661,0.7753390934724574
2022,2021-12-08,True,False,chi,cle,92,115,24,19,23,26,0,29,23,30,33,0,home,3.0,212.5,145.0,-165.0,1.5,107.5,1.0,0,True,1625.7291135703672,1713.5780470703687,1693.2020400338615,1646.1051206068746,-87.84893350000152,0.5174796641895901
2022,2021-12-08,True,False,wsh,det,119,116,27,25,37,17,13,29,31,26,20,10,away,5.0,210.5,-200.0,175.0,5.0,101.5,0.0,1,False,1126.5699970706455,1373.009630498814,1108.2154815206104,1391.364146048849,-246.43963342816846,0.3009087336585814
2022,2021-12-09,True,False,utah,phi,118,96,27,34,27,30,0,32,22,22,20,0,away,3.0,216.0,-140.0,120.0,1.0,110.5,1.0,0,False,1645.5523361724486,1762.0149298170898,1579.8375507630979,1827.7297152264405,-116.46259364464117,0.47632613787805694
2022,2021-12-09,True,False,lal,mem,95,108,29,24,25,17,0,25,34,26,23,0,away,4.0,221.5,-175.0,155.0,4.5,107.5,0.0,0,True,1519.5791764855228,1501.8590725187873,1558.0053178866528,1463.4329311176575,17.72010396673545,0.6632143108713423
2022,2021-12-09,True,False,den,sa,111,123,29,36,25,21,0,37,37,26,23,0,home,2.0,216.5,120.0,-140.0,1.5,105.0,1.0,1,True,1487.6127901539346,1548.9873100719574,1537.7940216450813,1498.8060785808107,-61.37451991802277,0.5553586543250887
2022,2021-12-10,True,False,bos,phx,90,111,24,15,30,21,0,25,32,27,27,0,home,3.0,214.5,140.0,-160.0,3.5,108.5,1.0,0,True,1862.2223206569722,1492.3288144678045,1868.445658565714,1486.1054765590627,369.89350618916774,0.9373166002566852
2022,2021-12-10,True,False,det,no,93,109,32,23,12,26,0,25,29,29,26,0,home,6.5,211.5,200.0,-240.0,5.0,102.5,1.0,0,True,1364.891680984072,1108.2154815206104,1376.1736280360244,1096.933534468658,256.67619946346167,0.886269881402436
2022,2021-12-10,True,False,lal,okc,116,95,32,32,29,23,0,18,27,23,27,0,away,4.0,217.5,-170.0,150.0,3.0,105.5,1.0,0,False,1246.4150729187636,1463.4329311176575,1200.4873587593304,1509.3606452770907,-217.01785819889392,0.33768921041754
2022,2021-12-10,True,False,cle,min,123,106,34,31,27,31,0,20,24,27,35,0,away,2.0,214.0,-125.0,105.0,4.0,104.5,1.0,1,False,1422.842313090586,1693.2020400338615,1388.1538200331147,1727.8905330913328,-270.3597269432755,0.2727589764401431
2022,2021-12-10,True,False,mil,hou,123,114,26,32,32,33,0,23,42,30,19,0,away,9.5,227.5,-420.0,350.0,9.0,115.0,0.0,1,False,1453.8281793939816,1636.71820942055,1415.0326604731947,1675.513728341337,-182.8900300265684,0.3829245406788849
2022,2021-12-10,True,False,bkn,atl,113,105,26,26,37,24,0,26,29,36,14,0,home,2.0,227.5,110.0,-130.0,0.5,110.0,0.0,0,False,1633.76396965013,1605.1821874854083,1570.1285330614503,1668.8176240740881,28.581782164721744,0.6770343932394336
2022,2021-12-10,True,False,dal,ind,93,106,26,28,26,13,0,22,34,26,24,0,home,2.0,213.5,110.0,-130.0,0.5,103.5,1.0,0,True,1492.36361820544,1466.2638557639857,1529.2664346395684,1429.3610393298572,26.09976244145423,0.6739024028188253
2022,2021-12-10,True,False,sac,cha,123,124,36,35,28,24,0,37,32,29,26,0,away,1.5,232.5,-125.0,105.0,0.5,114.0,0.0,1,True,1521.4756130307676,1352.9449782943361,1526.0612433541496,1348.359347970954,168.53063473643147,0.8243043513985668
2022,2021-12-10,True,False,ny,tor,87,90,14,28,23,22,0,31,19,19,21,0,home,1.5,207.5,105.0,-125.0,2.0,100.0,1.0,0,True,1441.0075975679022,1431.5912462953358,1462.0089834905425,1410.5898603726955,9.416351272566317,0.652455709783985
2022,2021-12-11,True,False,chi,mia,92,118,25,27,18,22,0,39,26,21,32,0,away,1.5,210.0,-125.0,105.0,5.0,106.5,0.0,2,True,1522.8848376660128,1646.1051206068746,1600.2320261868756,1568.7579320860118,-123.22028294086181,0.4666329919621951
2022,2021-12-11,True,False,gs,phi,93,102,22,27,24,20,0,23,23,24,32,0,away,3.0,212.5,-155.0,135.0,1.0,103.5,0.0,0,True,1579.8375507630979,1859.0335739821267,1654.5274029242864,1784.343721820938,-279.1960232190288,0.26278657618695844
2022,2021-12-11,True,False,hou,mem,106,113,29,18,30,29,0,40,23,23,27,0,home,8.0,218.0,280.0,-340.0,0.5,106.0,0.0,1,True,1558.0053178866528,1415.0326604731947,1573.857568254658,1399.1804101051896,142.97265741345814,0.8019716486599485
2022,2021-12-11,True,False,den,sa,127,112,28,44,31,24,0,29,27,18,38,0,home,0.0,218.5,-110.0,-110.0,4.5,107.0,0.0,1,False,1537.7940216450813,1498.8060785808107,1456.7779325564677,1579.8221676694243,38.98794306427067,0.6899913614543296
2022,2021-12-11,True,False,orl,lac,104,106,30,14,31,29,0,23,26,29,28,0,home,8.5,215.5,280.0,-340.0,2.5,109.5,0.0,0,True,1409.8299629824148,1192.2875451187795,1415.328146918206,1186.7893611829884,217.54241786363536,0.8615138837155243
2022,2021-12-11,True,False,sac,cle,103,117,23,29,26,25,0,36,45,20,16,0,home,6.5,222.5,220.0,-260.0,4.0,108.5,1.0,0,True,1727.8905330913328,1348.359347970954,1733.0298793247625,1343.2200017375244,379.5311851203787,0.940498212621578
2022,2021-12-11,True,False,utah,wsh,123,98,28,22,31,42,0,24,27,18,29,0,away,7.0,221.0,-300.0,250.0,5.5,112.5,1.0,2,False,1391.364146048849,1827.7297152264405,1373.2930068795242,1845.8008543957653,-436.3655691775914,0.12605756262923878
2022,2021-12-12,True,False,mil,ny,112,97,26,35,32,19,0,16,32,31,18,0,away,6.0,216.0,-240.0,200.0,0.5,110.5,1.0,0,False,1410.5898603726955,1675.513728341337,1376.5523524594155,1709.551236254617,-264.9238679686414,0.2790099083562943
2022,2021-12-12,True,False,bkn,det,116,104,31,29,26,30,0,24,33,34,13,0,away,7.0,211.5,-310.0,260.0,4.0,103.0,1.0,1,False,1096.933534468658,1668.8176240740881,1089.934827220316,1675.8163313224302,-571.8840896054301,0.06201351613773428
2022,2021-12-12,True,False,no,sa,97,112,26,26,30,15,0,28,26,29,29,0,home,2.0,220.5,110.0,-130.0,0.5,113.5,1.0,0,True,1456.7779325564677,1376.1736280360244,1486.268039089009,1346.683521503483,80.60430452044329,0.7387809138587974
2022,2021-12-12,True,False,dal,okc,103,84,28,28,24,23,0,27,19,25,13,0,away,4.0,206.5,-175.0,155.0,1.0,100.5,1.0,0,False,1200.4873587593304,1429.3610393298572,1157.9649602363907,1471.883437852797,-228.87368057052686,0.3225983031861915
2022,2021-12-12,True,False,min,por,116,111,33,23,33,27,0,26,29,29,27,0,home,3.0,226.0,130.0,-150.0,2.5,109.5,0.0,1,False,1287.6320195946937,1388.1538200331147,1248.27251270261,1427.5133269251985,-100.521800438421,0.49924906937020613
2022,2021-12-12,True,False,orl,lal,94,106,25,27,10,32,0,18,31,36,21,0,home,10.0,221.0,360.0,-430.0,8.0,110.5,1.0,0,True,1509.3606452770907,1186.7893611829884,1516.249212169315,1179.9007942907642,322.57128409410234,0.9192734304364106
2022,2021-12-13,True,False,mia,cle,94,105,25,19,29,21,0,23,32,23,27,0,home,5.5,208.0,180.0,-210.0,1.0,100.5,1.0,0,True,1733.0298793247625,1600.2320261868756,1753.0569656158054,1580.2049398958327,132.79785313788693,0.7925050976623558
2022,2021-12-13,True,False,cha,dal,96,120,20,23,26,27,0,37,33,21,29,0,home,2.5,216.5,120.0,-140.0,5.0,105.5,1.0,0,True,1471.883437852797,1526.0612433541496,1533.412878762377,1464.5318024445696,-54.17780550135262,0.5655637370335974
2022,2021-12-13,True,False,phx,lac,95,111,21,23,25,26,0,27,29,23,32,0,away,3.5,212.0,-155.0,135.0,5.5,109.0,0.0,0,True,1415.328146918206,1868.445658565714,1525.5523295656383,1758.2214759182816,-453.1175116475081,0.1158113576500182
2022,2021-12-13,True,False,wsh,den,107,113,22,19,29,37,0,29,30,32,22,0,home,4.0,215.5,145.0,-165.0,3.5,103.5,1.0,1,True,1579.8221676694243,1373.2930068795242,1590.1988454028042,1362.9163291461443,206.52916078990006,0.8537753157036944
2022,2021-12-13,True,False,sac,tor,101,124,22,23,24,32,0,30,40,23,31,0,home,4.5,222.0,165.0,-185.0,4.5,108.0,1.0,1,True,1462.0089834905425,1343.2200017375244,1489.6397268513344,1315.5892583767325,118.7889817530181,0.7789315205303519
2022,2021-12-13,True,False,gs,ind,102,100,25,22,33,22,0,29,26,29,16,0,away,4.0,214.0,-175.0,155.0,5.5,104.5,0.0,0,False,1529.2664346395684,1784.343721820938,1515.2213788623599,1798.3887775981466,-255.07728718136968,0.2905536524676585
2022,2021-12-13,True,False,hou,atl,132,126,28,30,30,44,0,38,31,32,25,0,home,10.5,227.0,400.0,-500.0,3.5,110.0,0.0,1,False,1570.1285330614503,1399.1804101051896,1509.708469099273,1459.6004740673668,170.9481229562607,0.8263106985946815
2022,2021-12-13,True,False,mil,bos,103,117,30,20,24,29,0,21,30,34,32,0,away,1.0,223.0,-115.0,-105.0,1.0,113.0,0.0,0,True,1486.1054765590627,1709.551236254617,1566.002679309647,1629.6540335040327,-223.44575969555422,0.3294638643258303
2022,2021-12-13,True,False,phi,mem,91,126,30,26,19,16,0,37,31,33,25,0,away,1.0,209.0,125.0,-145.0,3.0,102.0,0.0,1,True,1573.857568254658,1654.5274029242864,1648.3132523336756,1580.0717188452688,-80.66983466962847,0.5277896762313389
2022,2021-12-14,True,False,tor,bkn,129,131,32,24,44,20,9,33,33,25,29,11,home,4.0,216.5,145.0,-165.0,1.5,105.0,0.0,1,True,1675.8163313224302,1489.6397268513344,1682.3963518839382,1483.0597062898264,186.17660447109574,0.8385345989434554
2022,2021-12-14,True,False,phx,por,111,107,32,17,24,29,9,21,22,32,27,5,away,1.0,217.0,-110.0,-110.0,1.5,111.5,1.0,1,False,1248.27251270261,1758.2214759182816,1242.162178170056,1764.3318104508355,-509.9489632156717,0.08628555243003996
2022,2021-12-14,True,False,gs,ny,105,96,24,23,24,34,0,24,24,16,32,0,away,5.5,211.5,-225.0,195.0,4.5,102.5,1.0,0,False,1376.5523524594155,1798.3887775981466,1362.8179269304246,1812.1232031271375,-421.8364251387311,0.13556330043981615
2022,2021-12-15,True,False,ind,mil,99,114,33,20,34,12,0,33,25,29,27,0,away,3.0,214.5,-150.0,130.0,2.5,105.0,0.0,0,True,1629.6540335040327,1515.2213788623599,1654.329802799355,1490.5456095670374,114.4326546416728,0.7745831371128999
2022,2021-12-15,True,False,lac,utah,103,124,31,28,22,22,0,35,30,28,31,0,home,13.5,217.5,550.0,-800.0,6.0,111.0,1.0,1,True,1845.8008543957653,1525.5523295656383,1854.219722170489,1517.1334617909147,320.24852483012705,0.9182756014278189
2022,2021-12-15,True,False,min,den,124,107,40,35,33,16,0,32,29,27,19,0,home,4.0,223.0,155.0,-175.0,6.0,107.5,0.0,1,False,1590.1988454028042,1427.5133269251985,1500.573995078602,1517.1381772494008,162.68551847760568,0.8193780490425232
2022,2021-12-15,True,False,cha,sa,131,115,46,27,37,21,0,31,26,25,33,0,home,2.5,224.0,120.0,-140.0,6.0,109.0,0.0,1,False,1486.268039089009,1464.5318024445696,1404.7220452377583,1546.0777962958205,21.736236644439487,0.668358493223389
2022,2021-12-15,True,False,atl,orl,111,99,27,37,29,18,0,25,25,23,26,0,away,9.0,223.5,-380.0,320.0,0.5,108.5,1.0,0,False,1179.9007942907642,1509.708469099273,1156.1623301698037,1533.4469332202336,-329.80767480850886,0.2103396492543577
2022,2021-12-15,True,False,mem,por,113,103,24,31,25,33,0,19,28,35,21,0,home,0.0,218.0,-115.0,-105.0,2.5,110.5,0.0,0,False,1242.162178170056,1648.3132523336756,1226.7057032161804,1663.7697272875512,-406.15107416361957,0.14649660711371995
2022,2021-12-15,True,False,lal,dal,107,104,33,14,26,20,14,23,27,23,20,11,away,4.0,212.5,-160.0,140.0,4.5,104.0,0.0,0,False,1533.412878762377,1516.249212169315,1493.6843771858914,1555.9777137458004,17.16366659306209,0.6624984868939241
2022,2021-12-15,True,False,mia,phi,101,96,29,29,23,20,0,18,31,21,26,0,home,7.5,203.0,250.0,-300.0,7.5,98.5,0.0,0,False,1580.0717188452688,1580.2049398958327,1529.6245779231128,1630.6520808179887,-0.13322105056386135,0.6398883051768988
2022,2021-12-15,True,False,hou,cle,89,124,16,22,25,26,0,35,34,31,24,0,home,9.5,217.0,350.0,-420.0,1.5,105.0,1.0,0,True,1753.0569656158054,1459.6004740673668,1764.5243337566887,1448.1331059264835,293.45649154843863,0.9059295548115394
2022,2021-12-15,True,False,no,okc,113,110,24,21,30,38,0,28,23,27,32,0,away,4.5,212.0,-180.0,160.0,4.5,108.0,0.0,1,False,1157.9649602363907,1346.683521503483,1135.089380104946,1369.5591016349276,-188.71856126709235,0.37502825014878693
2022,2021-12-15,True,False,wsh,sac,105,119,32,25,32,16,0,27,29,28,35,0,away,2.5,226.5,-130.0,110.0,1.5,109.0,0.0,0,True,1315.5892583767325,1362.9163291461443,1366.20275154223,1312.3028359806467,-47.327070769411876,0.5752269797716343
2022,2021-12-16,True,False,det,ind,113,122,29,35,27,22,0,32,38,33,19,0,home,10.5,208.0,450.0,-600.0,4.0,101.0,0.0,1,True,1490.5456095670374,1089.934827220316,1494.38396251158,1086.0964742757735,400.6107823467214,0.946936730363941
2022,2021-12-16,True,False,phi,bkn,105,114,25,23,31,26,0,39,27,19,29,0,away,3.0,216.5,-150.0,130.0,7.0,104.0,0.0,1,True,1682.3963518839382,1529.6245779231128,1699.0265484747183,1512.9943813323325,152.77177396082539,0.8107776847343429
2022,2021-12-16,True,False,ny,hou,116,103,39,18,27,32,0,30,21,31,21,0,away,5.5,215.5,-210.0,180.0,2.0,104.0,1.0,1,False,1448.1331059264835,1362.8179269304246,1368.5342119112272,1442.416820945681,85.31517899605888,0.7439802543454793
2022,2021-12-16,True,False,wsh,phx,98,118,23,27,21,27,0,31,31,27,29,0,home,8.5,213.0,325.0,-390.0,1.0,104.5,1.0,1,True,1764.3318104508355,1312.3028359806467,1768.0231994769867,1308.6114469544955,452.0289744701888,0.9599877251115945
2022,2021-12-17,True,False,sa,utah,128,126,36,23,41,28,0,37,36,23,30,0,home,11.5,226.5,500.0,-700.0,2.5,110.0,0.0,1,False,1854.219722170489,1404.7220452377583,1822.2241192015686,1436.7176482066786,449.49767693273066,0.9594242551155416
2022,2021-12-17,True,False,mil,no,112,116,28,21,28,26,9,21,31,25,26,13,home,1.5,214.5,100.0,-120.0,0.5,109.0,1.0,1,True,1369.5591016349276,1654.329802799355,1422.2019541552854,1601.6869502789973,-284.77070116442746,0.25661719714164144
2022,2021-12-17,True,False,mem,sac,124,105,29,29,33,33,0,31,25,19,30,0,away,6.0,221.0,-270.0,230.0,3.0,113.5,1.0,1,False,1366.20275154223,1663.7697272875512,1334.1962622915773,1695.776216538204,-297.5669757453211,0.24281883153034003
2022,2021-12-17,True,False,cha,por,116,125,24,31,31,30,0,41,40,22,22,0,home,1.5,230.0,105.0,-125.0,5.0,112.5,1.0,1,True,1226.7057032161804,1546.0777962958205,1305.6806771975587,1467.1028223144422,-319.3720930796401,0.22049101344169403
2022,2021-12-17,True,False,mia,orl,115,105,31,35,27,22,0,22,35,26,22,0,away,9.0,203.0,-410.0,340.0,3.0,99.0,1.0,1,False,1156.1623301698037,1630.6520808179887,1145.2110423340157,1641.6033686537767,-474.489750648185,0.10379640353031674
2022,2021-12-17,True,False,gs,bos,111,107,34,34,14,29,0,26,28,27,26,0,away,4.0,216.5,-185.0,165.0,2.0,105.0,2.0,1,False,1566.002679309647,1812.1232031271375,1544.6663719148228,1833.4595105219616,-246.1205238174905,0.3012952990660649
2022,2021-12-17,True,False,den,atl,133,115,29,43,34,27,0,26,28,33,28,0,home,3.5,225.0,140.0,-160.0,6.5,108.5,0.0,1,False,1533.4469332202336,1500.573995078602,1447.8506475254999,1586.1702807733357,32.87293814163172,0.6824118874834996
2022,2021-12-17,True,False,lal,min,92,110,16,29,20,27,0,23,31,31,25,0,away,1.0,222.5,-120.0,100.0,3.0,108.0,0.0,0,True,1517.1381772494008,1555.9777137458004,1570.6291109586516,1502.4867800365496,-38.83953649639966,0.5871189562940886
2022,2021-12-18,True,False,cle,mil,119,90,34,28,31,26,0,20,31,18,21,0,away,6.0,210.5,-230.0,195.0,0.5,103.0,1.0,0,False,1601.6869502789973,1764.5243337566887,1540.2480865038833,1825.9631975318027,-162.83738347769145,0.41054301070536126
2022,2021-12-18,True,False,ny,bos,107,114,18,29,41,19,0,32,30,24,28,0,home,6.0,208.5,185.0,-215.0,2.0,101.5,1.0,1,True,1544.6663719148228,1442.416820945681,1564.4137325897823,1422.6694602707214,102.24955096914186,0.7621026541751196
2022,2021-12-18,True,False,lac,okc,103,104,19,33,27,24,0,24,33,24,23,0,away,4.5,209.5,-185.0,165.0,4.0,107.5,0.0,0,True,1135.089380104946,1517.1334617909147,1160.564383375248,1491.6584585206126,-382.04408168596865,0.16471225262057046
2022,2021-12-18,True,False,wsh,utah,109,103,27,29,28,25,0,33,20,27,23,0,home,10.5,222.5,240.0,-280.0,8.0,108.5,0.0,0,False,1822.2241192015686,1308.6114469544955,1767.2644252639261,1363.571140892138,513.6126722470731,0.9715912633855259
2022,2021-12-18,True,False,orl,bkn,100,93,26,24,24,26,0,17,27,22,27,0,home,5.0,211.0,190.0,-220.0,4.0,107.5,0.0,0,False,1699.0265484747183,1145.2110423340157,1641.477252357083,1202.760338451651,553.8155061407026,0.9773274008553346
2022,2021-12-18,True,False,hou,det,116,107,38,24,26,28,0,30,19,26,32,0,away,1.0,219.5,-110.0,-110.0,3.5,106.0,1.0,1,False,1086.0964742757735,1368.5342119112272,1059.837222486603,1394.7934637003978,-282.4377376354537,0.2591874579760188
2022,2021-12-18,True,False,gs,tor,100,119,18,24,27,31,0,31,32,33,23,0,home,7.5,202.5,300.0,-360.0,2.0,98.5,1.0,1,True,1483.0597062898264,1833.4595105219616,1589.6528225648872,1726.8663942469009,-350.39980423213524,0.19132599203894107
2022,2021-12-19,True,False,lal,chi,110,115,22,37,25,26,0,28,33,22,32,0,home,7.0,217.0,240.0,-280.0,3.5,106.5,0.0,1,True,1568.7579320860118,1502.4867800365496,1589.2720704833073,1481.972641639254,66.27115204946222,0.722547555301122
2022,2021-12-19,True,False,sa,sac,114,121,27,29,29,29,0,37,26,28,30,0,away,5.0,227.0,-190.0,170.0,4.5,110.0,0.0,1,True,1334.1962622915773,1436.7176482066786,1380.275967580179,1390.637942918077,-102.52138591510129,0.4963714976856785
2022,2021-12-19,True,False,por,mem,105,100,28,23,26,28,0,32,20,28,20,0,home,4.0,221.5,165.0,-185.0,3.0,106.5,0.0,0,False,1695.776216538204,1305.6806771975587,1642.249197571962,1359.2076961638006,390.09553934064525,0.9438116247929805
2022,2021-12-19,True,False,mia,det,90,100,23,25,19,23,0,20,26,33,21,0,away,6.0,208.0,-260.0,220.0,3.5,101.5,0.0,0,True,1059.837222486603,1641.6033686537767,1159.1422690049712,1542.2983221354084,-581.7661461671737,0.05878588568065488
2022,2021-12-19,True,False,dal,min,105,111,25,25,38,17,0,27,29,30,25,0,home,3.5,214.0,145.0,-165.0,1.0,104.5,1.0,1,True,1570.6291109586516,1493.6843771858914,1591.7215761783664,1472.5919119661767,76.94473377276017,0.7346950830591499
2022,2021-12-19,True,False,cha,phx,106,137,15,32,33,26,0,37,32,39,29,0,home,8.5,232.0,330.0,-400.0,1.5,114.0,1.0,1,True,1768.0231994769867,1467.1028223144422,1778.628243386671,1456.4977784047578,300.9203771625446,0.9095278219944124
2022,2021-12-20,True,False,sa,lac,116,92,35,27,30,24,0,27,21,17,27,0,home,6.0,220.0,195.0,-230.0,7.0,107.0,0.0,0,False,1491.6584585206126,1390.637942918077,1393.7901620830155,1488.506239355674,101.02051560253562,0.760817582311712
2022,2021-12-20,True,False,cha,utah,102,112,16,25,27,34,0,35,19,26,32,0,home,12.5,237.5,600.0,-900.0,3.0,114.0,0.0,0,True,1767.2644252639261,1456.4977784047578,1774.1799858069628,1449.5822178617211,310.7666468591683,0.9140848244653894
2022,2021-12-20,True,False,sac,gs,98,113,16,30,33,19,0,26,32,26,29,0,home,13.5,221.5,650.0,-1000.0,3.5,107.0,1.0,0,True,1726.8663942469009,1380.275967580179,1733.3024867199763,1373.8398751071036,346.5904266667219,0.9289572655604383
2022,2021-12-20,True,False,phi,bos,108,103,28,23,24,33,0,20,29,31,23,0,home,3.0,214.5,120.0,-140.0,1.0,104.5,0.0,0,False,1564.4137325897823,1512.9943813323325,1511.5449871546177,1565.863126767497,51.41935125744976,0.705086802587817
2022,2021-12-20,True,False,okc,mem,102,99,16,31,27,28,0,28,22,22,27,0,home,9.0,215.5,330.0,-400.0,5.5,105.0,0.0,0,False,1642.249197571962,1160.564383375248,1602.4793725105344,1200.3342084366757,481.6848141967139,0.9660539425600051
2022,2021-12-20,True,False,hou,chi,118,133,26,28,29,35,0,35,38,32,28,0,home,7.5,223.0,240.0,-280.0,1.5,107.0,1.0,1,True,1589.2720704833073,1394.7934637003978,1605.1125750901406,1378.9529590935645,194.47860678290954,0.844900906623539
2022,2021-12-21,True,False,det,ny,91,105,17,20,32,22,0,24,24,32,25,0,home,7.5,206.0,245.0,-290.0,1.5,100.0,1.0,0,True,1422.6694602707214,1159.1422690049712,1433.0253405203732,1148.7863887553194,263.52719126575016,0.8901848586686147
2022,2021-12-21,True,False,ind,mia,96,125,21,24,24,27,0,33,35,30,27,0,away,2.5,211.0,-130.0,110.0,7.0,101.0,0.0,1,True,1542.2983221354084,1494.38396251158,1585.0165084161367,1451.6657762308516,47.91435962382843,0.7008740545982214
2022,2021-12-21,True,False,por,no,97,111,21,28,29,19,0,24,27,30,30,0,home,0.0,219.0,-120.0,100.0,0.0,106.0,1.0,0,True,1422.2019541552854,1359.2076961638006,1453.7280920695584,1327.6815582495276,62.9942579914848,0.7187501482039137
2022,2021-12-21,True,False,min,dal,102,114,35,15,28,24,0,34,27,27,26,0,away,2.0,213.0,-140.0,120.0,4.5,104.5,0.0,1,True,1472.5919119661767,1591.7215761783664,1532.124613855749,1532.188874288794,-119.12966421218971,0.4724979859349815
2022,2021-12-21,True,False,phx,lal,108,90,24,30,31,23,0,25,27,21,17,0,away,7.0,223.5,-300.0,250.0,4.0,113.0,1.0,0,False,1481.972641639254,1778.628243386671,1450.3890374765442,1810.211847549381,-296.655601747417,0.24378470418135167
2022,2021-12-22,True,False,den,okc,94,108,18,34,14,28,0,28,32,28,20,0,away,6.5,213.0,-260.0,220.0,6.0,104.5,0.0,0,True,1200.3342084366757,1586.1702807733357,1300.2174896770139,1486.2869995329975,-385.83607233666,0.1617309853709134
2022,2021-12-22,True,False,orl,atl,104,98,22,25,23,34,0,20,17,24,37,0,home,8.0,208.5,250.0,-300.0,7.0,106.5,0.0,0,False,1447.8506475254999,1202.760338451651,1387.379613796883,1263.231372180268,245.09030907384886,0.8793723094251491
2022,2021-12-22,True,False,lac,sac,105,89,25,24,25,31,0,20,18,30,21,0,away,4.0,216.5,-175.0,155.0,1.5,110.5,1.0,0,False,1373.8398751071036,1393.7901620830155,1297.3969268827898,1470.2331103073293,-19.950286975911922,0.6132046977738277
2022,2021-12-22,True,False,hou,mil,106,126,24,26,26,30,0,25,38,34,29,0,home,8.5,224.0,325.0,-390.0,0.5,109.5,1.0,1,True,1540.2480865038833,1378.9529590935645,1561.2203766904518,1357.980668906996,161.29512741031886,0.8181904857413002
2022,2021-12-22,True,False,cle,bos,101,111,26,22,25,28,0,31,32,22,26,0,home,6.5,216.5,210.0,-250.0,0.5,105.0,1.0,0,True,1511.5449871546177,1825.9631975318027,1593.2677020540266,1744.2404826323939,-314.418210377185,0.22543138117767345
2022,2021-12-23,True,False,mem,gs,104,113,31,22,30,21,0,27,25,32,29,0,home,5.5,217.0,180.0,-210.0,3.5,111.5,1.0,2,True,1733.3024867199763,1602.4793725105344,1752.0605921320944,1583.7212670984163,130.82311420944188,0.7906295994786923
2022,2021-12-23,True,False,mil,dal,102,95,15,26,34,27,0,23,20,31,21,0,away,3.5,208.5,-160.0,140.0,3.5,106.0,1.0,0,False,1532.124613855749,1561.2203766904518,1477.168248964486,1616.1767415817146,-29.095762834702782,0.6006460234387073
2022,2021-12-23,True,False,min,utah,116,128,27,33,30,26,0,35,32,34,27,0,home,15.0,225.5,775.0,-1300.0,7.0,110.5,0.0,1,True,1774.1799858069628,1532.188874288794,1785.3143648979358,1521.054495197821,241.99111151816874,0.8774670131131647
2022,2021-12-23,True,False,sa,lal,138,110,33,33,39,33,0,24,31,37,18,0,home,1.5,226.0,105.0,-125.0,3.5,108.5,0.0,1,False,1450.3890374765442,1488.506239355674,1363.2516093653753,1575.643667466843,-38.11720187912988,0.5881265541921837
2022,2021-12-23,True,False,no,orl,110,104,32,23,28,27,0,17,26,35,26,0,away,4.5,211.0,-190.0,170.0,0.5,107.5,1.0,1,False,1263.231372180268,1453.7280920695584,1231.326583827901,1485.6328804219254,-190.4967198892905,0.3726322238167966
2022,2021-12-23,True,False,okc,phx,101,113,17,31,21,32,0,29,16,37,31,0,home,15.0,213.5,800.0,-1400.0,11.0,104.0,0.0,1,True,1810.211847549381,1300.2174896770139,1812.3785249641123,1298.0508122622825,509.9943578723671,0.9710106745732132
2022,2021-12-23,True,False,det,mia,112,115,29,32,26,25,0,29,26,33,27,0,home,12.0,207.5,525.0,-750.0,9.0,101.0,0.0,1,True,1585.0165084161367,1148.7863887553194,1586.870565767779,1146.9323314036772,436.2301196608173,0.9563444905109205
2022,2021-12-23,True,False,atl,phi,98,96,32,19,28,19,0,18,33,24,21,0,home,11.0,205.0,500.0,-700.0,7.5,100.0,0.0,0,False,1565.863126767497,1387.379613796883,1531.7178256192008,1421.5249149451793,178.48351297061413,0.8324484124973995
2022,2021-12-23,True,False,wsh,ny,124,117,31,26,33,34,0,27,37,22,31,0,home,3.5,206.5,140.0,-160.0,0.5,100.5,0.0,1,False,1433.0253405203732,1363.571140892138,1370.8959743098728,1425.7005071026383,69.4541996282353,0.7262058136355585
2022,2021-12-23,True,False,hou,ind,106,118,28,30,36,12,0,36,27,28,27,0,home,6.5,223.5,230.0,-270.0,3.0,108.5,1.0,1,True,1451.6657762308516,1357.980668906996,1477.1487272856211,1332.4977178522265,93.68510732385562,0.7530491375785897
2022,2021-12-23,True,False,cha,den,115,107,27,25,25,38,0,26,39,29,13,0,home,2.0,231.0,120.0,-140.0,3.0,112.0,0.0,0,False,1486.2869995329975,1449.5822178617211,1422.2046921989413,1513.6645251957773,36.70478167127635,0.6871730479586667
2022,2021-12-25,True,False,bkn,lal,122,115,38,28,36,20,0,23,39,20,33,0,home,2.5,222.0,115.0,-135.0,2.5,108.5,0.0,1,False,1363.2516093653753,1641.477252357083,1339.1086947551012,1665.6201669673571,-278.2256429917077,0.2638701756124853
2022,2021-12-25,True,False,dal,utah,116,120,34,29,27,26,0,25,40,25,30,0,home,13.5,214.0,650.0,-1000.0,8.0,103.5,0.0,1,True,1785.3143648979358,1477.168248964486,1790.0298361522068,1472.452777710215,308.14611593344966,0.9128927197838592
2022,2021-12-25,True,False,atl,ny,87,101,21,30,15,21,0,30,31,20,20,0,home,5.5,206.5,180.0,-210.0,0.5,101.0,1.0,0,True,1370.8959743098728,1421.5249149451793,1422.063620279019,1370.357268976033,-50.628940635306435,0.5705762602628234
2022,2021-12-25,True,False,bos,mil,113,117,35,27,32,19,0,22,25,43,27,0,home,7.5,221.5,270.0,-330.0,8.5,113.5,0.0,1,True,1616.1767415817146,1593.2677020540266,1639.0325687360366,1570.4118748997046,22.909039527688037,0.6698532277887637
2022,2021-12-25,True,False,gs,phx,116,107,33,25,26,32,0,27,35,22,23,0,home,6.0,215.5,200.0,-240.0,2.5,105.5,0.0,1,False,1812.3785249641123,1752.0605921320944,1744.0002762335434,1820.4388408626633,60.31793283201796,0.7156253477220254
2022,2021-12-26,True,False,ind,chi,105,113,27,21,31,26,0,33,30,24,26,0,home,4.0,219.5,160.0,-180.0,2.5,107.0,1.0,0,True,1605.1125750901406,1477.1487272856211,1623.2923713132875,1458.9689310624742,127.96384780451945,0.7878919913984543
2022,2021-12-26,True,False,det,sa,109,144,30,24,26,29,0,38,40,41,25,0,home,10.0,221.0,425.0,-550.0,1.0,108.0,1.0,1,True,1575.643667466843,1146.9323314036772,1580.6649667871825,1141.9110320833377,428.71133606316585,0.9545013803981854
2022,2021-12-26,True,False,no,okc,112,117,18,31,32,31,0,32,25,32,28,0,away,1.5,212.5,-125.0,105.0,1.5,109.0,0.0,1,True,1298.0508122622825,1485.6328804219254,1347.200985107691,1436.482707576517,-187.58206815964286,0.3765628690487947
2022,2021-12-26,True,False,den,lac,103,100,32,32,15,24,0,30,25,28,17,0,away,3.5,212.0,-160.0,140.0,0.5,103.5,0.0,0,False,1470.2331103073293,1422.2046921989413,1429.4330943964933,1463.0047081097773,48.028418108387996,0.7010116868044495
2022,2021-12-26,True,False,phi,wsh,117,96,25,38,29,25,0,31,24,17,24,0,away,4.0,206.0,-175.0,155.0,0.5,100.5,1.0,1,False,1425.7005071026383,1531.7178256192008,1358.8752141713637,1598.5431185504754,-106.01731851656245,0.49134124828304737
2022,2021-12-26,True,False,mem,sac,127,102,20,29,40,38,0,24,26,27,25,0,away,2.0,227.5,-140.0,120.0,2.0,116.0,1.0,1,False,1297.3969268827898,1583.7212670984163,1260.8532954466282,1620.264898534578,-286.32434021562653,0.25491481556864276
2022,2021-12-26,True,False,tor,cle,99,144,34,21,23,21,0,35,37,46,26,0,home,9.0,208.0,320.0,-380.0,0.0,101.0,1.0,1,True,1744.2404826323939,1589.6528225648872,1771.6157566915138,1562.2775485057673,154.5876600675067,0.8123761600904247
2022,2021-12-26,True,False,orl,mia,83,93,24,15,21,23,0,22,20,30,21,0,home,10.5,203.0,400.0,-500.0,5.5,104.0,0.0,0,True,1586.870565767779,1231.326583827901,1592.1411378258997,1226.0560117697803,355.543981939878,0.9322844390414435
2022,2021-12-27,True,False,bkn,lac,124,108,38,33,30,23,0,33,22,26,27,0,away,4.0,215.0,-170.0,150.0,3.0,104.5,1.0,1,False,1429.4330943964933,1665.6201669673571,1390.3557454541533,1704.6975159096971,-236.18707257086385,0.3134679457636139
2022,2021-12-27,True,False,dal,por,132,117,34,38,34,26,0,29,24,31,33,0,home,3.0,214.5,130.0,-150.0,6.5,104.5,0.0,1,False,1327.6815582495276,1472.452777710215,1274.501571082552,1525.6327648771908,-144.77121946068746,0.43592331682008334
2022,2021-12-27,True,False,utah,sa,110,104,34,19,29,28,0,27,16,27,34,0,away,7.0,230.0,-280.0,240.0,1.0,118.0,0.0,0,False,1580.6649667871825,1790.0298361522068,1550.902454520924,1819.7923484184653,-209.36486936502433,0.34761149359976345
2022,2021-12-27,True,False,mem,phx,114,113,25,35,29,25,0,24,24,27,38,0,home,7.5,222.5,265.0,-320.0,8.0,114.0,0.0,1,False,1744.0002762335434,1620.264898534578,1722.7278543398675,1641.537320428254,123.73537769896552,0.7837956589914369
2022,2021-12-27,True,False,chi,atl,130,118,31,38,29,32,0,36,27,24,31,0,away,3.0,219.0,-160.0,140.0,0.5,113.5,1.0,1,False,1370.357268976033,1623.2923713132875,1337.2784187799507,1656.37122150937,-252.93510233725442,0.29310210266879916
2022,2021-12-27,True,False,bos,min,103,108,29,27,23,24,0,23,22,29,34,0,away,5.0,214.0,-215.0,185.0,1.0,110.0,0.0,0,True,1521.054495197821,1570.4118748997046,1554.7678350657377,1536.698535031788,-49.357379701883474,0.5723687900723173
2022,2021-12-27,True,False,hou,cha,99,123,29,21,20,29,0,33,31,32,27,0,home,8.0,233.0,270.0,-330.0,0.5,112.5,1.0,0,True,1513.6645251957773,1332.4977178522265,1533.4981800214787,1312.6640630265251,181.16680734355077,0.8345917811130474
2022,2021-12-28,True,False,den,gs,89,86,31,29,14,15,0,16,20,25,25,0,home,8.0,217.0,290.0,-350.0,10.0,105.5,0.0,0,False,1820.4388408626633,1463.0047081097773,1778.515472705511,1504.9280762669296,357.43413275288594,0.9329681096161448
2022,2021-12-28,True,False,cle,no,104,108,39,19,25,21,0,20,28,28,32,0,away,4.5,209.5,-185.0,165.0,0.0,102.0,0.0,1,True,1436.482707576517,1771.6157566915138,1492.7600895798228,1715.338374688208,-335.13304911499677,0.2052931030861312
2022,2021-12-28,True,False,lal,hou,132,123,34,33,30,35,0,35,24,33,31,0,away,6.0,227.0,-220.0,190.0,1.5,110.5,1.0,1,False,1312.6640630265251,1339.1086947551012,1251.4400627839943,1400.332694997632,-26.44463172857604,0.6043010333039657
2022,2021-12-28,True,False,okc,sac,111,117,34,23,24,30,0,32,29,26,30,0,home,5.5,225.0,190.0,-220.0,2.5,108.0,1.0,1,True,1260.8532954466282,1347.200985107691,1301.9819852004596,1306.0722953538595,-86.34768966106276,0.519637147992415
2022,2021-12-28,True,False,wsh,mia,112,119,24,27,22,39,0,38,27,26,28,0,home,8.0,203.0,265.0,-320.0,0.5,99.0,0.0,1,True,1592.1411378258997,1358.8752141713637,1601.640100812029,1349.3762511852344,233.26592365453598,0.8719635763426988
2022,2021-12-28,True,False,phi,tor,114,109,27,28,30,29,0,24,24,33,28,0,away,6.0,215.0,-250.0,210.0,1.5,104.5,0.0,1,False,1562.2775485057673,1598.5431185504754,1515.7078103552954,1645.1128567009473,-36.265570044708056,0.5907060394883514
2022,2021-12-28,True,False,ny,min,96,88,29,15,28,24,0,22,19,21,26,0,away,5.0,211.5,-190.0,170.0,2.5,101.5,1.0,0,False,1554.7678350657377,1422.063620279019,1487.1339884027354,1489.6974669420213,132.7042147867187,0.7924164458904627
2022,2021-12-28,True,False,mil,orl,127,110,32,40,25,30,0,24,21,37,28,0,away,15.0,216.0,-1400.0,800.0,2.5,112.5,1.0,1,False,1226.0560117697803,1639.0325687360366,1208.0412514509453,1657.0473290548716,-412.97655696625634,0.14165180301257416
2022,2021-12-29,True,False,lac,bos,91,82,26,21,22,22,0,21,19,23,19,0,home,6.0,210.0,200.0,-240.0,5.5,106.5,0.0,0,False,1536.698535031788,1390.3557454541533,1465.5496001895497,1461.5046802963916,146.34278957763468,0.805034590061903
2022,2021-12-29,True,False,dal,sac,94,95,30,13,26,25,0,20,35,17,23,0,home,0.0,221.0,-115.0,-105.0,3.5,106.5,1.0,0,True,1301.9819852004596,1525.6327648771908,1322.4402655035624,1505.174484574088,-223.6507796767312,0.32920319230902406
2022,2021-12-29,True,False,cha,ind,116,108,34,37,19,26,0,27,30,25,26,0,home,4.0,225.5,145.0,-165.0,5.5,110.0,0.0,0,False,1458.9689310624742,1533.4981800214787,1407.0925630622066,1585.3745480217463,-74.52924895900446,0.536589830554236
2022,2021-12-29,True,False,ny,det,94,85,23,25,16,30,0,20,21,30,14,0,away,8.5,214.5,-340.0,280.0,3.0,102.0,1.0,0,False,1141.9110320833377,1489.6974669420213,1122.2901683468483,1509.3183306785106,-347.7864348586836,0.19366438297574837
2022,2021-12-29,True,False,lal,mem,99,104,30,24,29,16,0,23,25,30,26,0,home,6.0,224.5,210.0,-250.0,5.0,109.0,0.0,0,True,1641.537320428254,1400.332694997632,1649.351202085477,1392.5188133404088,241.20462543062195,0.8769794030788967
2022,2021-12-29,True,False,okc,phx,97,115,23,29,29,16,0,33,27,25,30,0,home,16.0,218.5,950.0,-1800.0,7.5,106.0,1.0,0,True,1722.7278543398675,1306.0722953538595,1727.173255291118,1301.626894402609,416.6555589860079,0.9513906321368556
2022,2021-12-29,True,False,utah,por,120,105,36,33,27,24,0,27,32,23,23,0,away,8.0,228.5,-320.0,265.0,2.0,116.5,1.0,0,False,1274.501571082552,1819.7923484184653,1265.7743638056397,1828.5195556953774,-545.2907773359134,0.07153806056370061
2022,2021-12-29,True,False,atl,chi,117,131,36,17,34,30,0,38,36,30,27,0,home,7.5,227.5,270.0,-330.0,1.0,111.5,1.0,1,True,1656.37122150937,1337.2784187799507,1663.798645665524,1329.8509946237966,319.0928027294192,0.9177749418851107
2022,2021-12-30,True,False,mil,orl,136,118,32,31,33,40,0,24,27,34,33,0,away,14.0,218.0,-1100.0,700.0,4.0,111.5,1.0,1,False,1208.0412514509453,1657.0473290548716,1192.7204295149347,1672.3681509908822,-449.0060776039263,0.11825699259159642
2022,2021-12-30,True,False,cle,wsh,93,110,30,21,21,21,0,31,27,33,19,0,home,4.0,209.0,145.0,-165.0,0.5,101.5,1.0,0,True,1349.3762511852344,1715.338374688208,1453.9346409370175,1610.7799849364249,-365.96212350297355,0.17784726711316676
2022,2021-12-30,True,False,phi,bkn,110,102,39,16,29,26,0,31,23,28,20,0,home,5.0,221.0,175.0,-200.0,4.0,107.5,0.0,0,False,1704.6975159096971,1645.1128567009473,1639.4813776147987,1710.3289949958457,59.58465920874983,0.7147655561690233
2022,2021-12-31,True,False,lac,tor,108,116,29,33,25,21,0,32,24,26,34,0,home,6.5,212.5,220.0,-260.0,7.5,109.0,1.0,1,True,1515.7078103552954,1461.5046802963916,1542.4488598169085,1434.7636308347785,54.20313005890375,0.7084079870757499
2022,2021-12-31,True,False,sa,mem,105,118,26,35,18,26,0,32,31,27,28,0,home,5.5,227.0,190.0,-220.0,3.5,109.5,1.0,0,True,1649.351202085477,1550.902454520924,1674.9213881261505,1525.3322684802506,98.44874756455306,0.758113191367662
2022,2021-12-31,True,False,por,lal,106,139,28,26,23,29,0,43,26,32,38,0,home,5.5,227.0,195.0,-230.0,1.5,109.5,1.0,1,True,1392.5188133404088,1265.7743638056397,1421.8892985835012,1236.4038785625473,126.74444953476905,0.7867165478866726
2022,2021-12-31,True,False,ny,okc,80,95,20,29,16,15,0,23,28,23,21,0,away,2.5,208.5,-150.0,130.0,1.0,101.5,0.0,0,True,1301.626894402609,1509.3183306785106,1380.947422042442,1429.9978030386776,-207.69143627590165,0.34979925075748336
2022,2021-12-31,True,False,min,utah,108,120,22,28,37,21,0,29,34,23,34,0,home,12.5,222.0,550.0,-800.0,3.0,107.5,0.0,1,True,1828.5195556953774,1487.1339884027354,1834.6652685585957,1480.9882755395172,341.385567292642,0.926954338994999
2022,2021-12-31,True,False,dal,sac,112,96,34,28,32,18,0,39,17,20,20,0,away,1.0,216.0,-115.0,-105.0,1.0,105.0,1.0,0,False,1322.4402655035624,1505.174484574088,1274.6779380583268,1552.9368120193235,-182.73421907052557,0.38313649913249603
2022,2021-12-31,True,False,chi,ind,108,106,25,29,28,26,0,23,27,29,27,0,away,3.0,220.0,-135.0,115.0,0.5,112.5,0.0,0,False,1407.0925630622066,1663.798645665524,1393.1407489587082,1677.7504597690224,-256.7060826033173,0.2886247381729501
2022,2021-12-31,True,False,phx,bos,108,123,20,21,36,31,0,32,35,33,23,0,away,3.0,217.0,-150.0,130.0,8.0,111.0,0.0,1,True,1465.5496001895497,1727.173255291118,1553.0378313059623,1639.6850241747054,-261.6236551015684,0.2828475160920685
2022,2021-12-31,True,False,atl,cle,121,118,25,26,40,30,0,32,34,22,30,0,home,1.5,218.0,115.0,-135.0,3.0,105.5,0.0,1,False,1610.7799849364249,1329.8509946237966,1567.941588852505,1372.6893907077165,280.92899031262823,0.8996014020831071
2022,2021-12-31,True,False,mia,hou,120,110,41,33,26,20,0,30,30,27,23,0,away,5.0,218.5,-190.0,170.0,1.0,107.0,1.0,1,False,1251.4400627839943,1601.640100812029,1231.2349777854033,1621.84518581062,-350.20003802803467,0.19150397536119504
2022,2022-01-01,True,False,den,hou,124,111,30,47,22,25,0,31,24,19,37,0,away,8.5,220.0,-320.0,265.0,1.5,107.0,1.0,1,False,1231.2349777854033,1504.9280762669296,1200.0026518252862,1536.1604022270467,-273.69309848152625,0.2689693710087562
2022,2022-01-01,True,False,no,mil,113,136,24,32,26,31,0,27,37,32,40,0,home,12.0,221.0,575.0,-850.0,5.0,113.5,1.0,1,True,1672.3681509908822,1492.7600895798228,1692.1234292821864,1473.0048112885186,179.60806141105945,0.8333493706022863
2022,2022-01-01,True,False,chi,wsh,120,119,25,27,34,34,0,32,32,24,31,0,away,2.0,221.5,-130.0,110.0,4.0,111.5,0.0,1,False,1453.9346409370175,1677.7504597690224,1443.900842722716,1687.7842579833239,-223.81581883200488,0.3289934301148495
2022,2022-01-01,True,False,sa,det,116,117,29,30,22,24,11,20,32,33,20,12,away,6.5,222.0,-265.0,225.0,2.0,108.5,0.0,1,True,1122.2901683468483,1525.3322684802506,1148.252041342958,1499.370395484141,-403.0421001334023,0.1487485130982596
2022,2022-01-01,True,False,lac,bkn,120,116,29,20,31,40,0,30,23,34,29,0,home,14.0,220.0,750.0,-1200.0,7.5,111.5,0.0,1,False,1639.4813776147987,1434.7636308347785,1589.3718796254652,1484.873128824112,204.7177467800202,0.8524687272889984
2022,2022-01-01,True,False,gs,utah,123,116,29,35,22,37,0,24,26,41,25,0,home,5.5,223.5,190.0,-220.0,6.5,109.5,0.0,1,False,1834.6652685585957,1778.515472705511,1773.0950381809832,1840.0857030831235,56.1497958530847,0.7107173307280877
2022,2022-01-02,True,False,dal,okc,95,86,26,25,22,22,0,22,17,25,22,0,away,10.0,206.5,-500.0,400.0,1.5,100.5,0.0,0,False,1380.947422042442,1552.9368120193235,1340.6390865096373,1593.2451475521282,-171.9893899768815,0.39785653855913206
2022,2022-01-02,True,False,phx,cha,133,99,36,37,33,27,0,27,20,27,25,0,away,1.5,234.0,-125.0,105.0,6.0,119.0,1.0,0,False,1585.3745480217463,1639.6850241747054,1496.9297626862312,1728.1298095102204,-54.310476152959154,0.565376082133366
2022,2022-01-02,True,False,mia,sac,113,115,18,39,33,23,0,26,35,29,25,0,away,3.5,222.5,-165.0,145.0,2.5,109.0,0.0,1,True,1274.6779380583268,1621.84518581062,1313.628412799601,1582.894711069346,-347.1672477522932,0.19422159078987578
2022,2022-01-02,True,False,orl,bos,111,116,19,23,35,23,11,28,17,20,35,16,home,10.0,213.0,450.0,-600.0,5.5,108.5,0.0,1,True,1553.0378313059623,1192.7204295149347,1556.8629496835702,1188.8953111373269,360.3174017910276,0.9339986606063878
2022,2022-01-02,True,False,ind,cle,104,108,30,26,28,20,0,30,28,30,20,0,home,4.5,207.5,155.0,-175.0,2.5,101.5,0.0,1,True,1567.941588852505,1393.1407489587082,1578.220843282355,1382.8614945288582,174.80083989379682,0.8294707193287073
2022,2022-01-02,True,False,ny,tor,105,120,27,18,29,31,0,30,26,40,24,0,home,8.0,208.0,300.0,-360.0,1.5,101.0,1.0,1,True,1542.4488598169085,1429.9978030386776,1567.3876829008314,1405.0589799547547,112.45105677823085,0.7725851929054068
2022,2022-01-02,True,False,min,lal,103,108,24,30,26,23,0,31,26,21,30,0,home,7.0,222.0,265.0,-320.0,3.5,108.0,0.0,0,True,1421.8892985835012,1480.9882755395172,1456.6888524491953,1446.188721673823,-59.09897695601603,0.5585908906434893
2022,2022-01-03,True,False,utah,no,115,104,23,29,30,33,0,24,25,28,27,0,away,8.5,229.0,-400.0,330.0,4.5,117.0,1.0,0,False,1473.0048112885186,1773.0950381809832,1446.746891217588,1799.3529582519138,-300.09022689246467,0.2401582815007894
2022,2022-01-03,True,False,mia,gs,108,115,25,29,28,26,0,33,26,30,26,0,home,10.5,215.5,425.0,-550.0,4.5,105.5,0.0,1,True,1840.0857030831235,1582.894711069346,1848.3410022952125,1574.6394118572568,257.19099201377753,0.8865682356865265
2022,2022-01-03,True,False,min,lac,122,104,26,38,21,37,0,21,25,19,39,0,home,3.5,215.5,140.0,-160.0,6.0,105.0,0.0,1,False,1484.873128824112,1446.188721673823,1398.857001085812,1532.204849412123,38.68440715028896,0.6896174856875488
2022,2022-01-03,True,False,den,dal,89,103,20,17,26,26,0,24,22,23,34,0,home,3.0,213.0,125.0,-145.0,1.5,102.0,1.0,0,True,1593.2451475521282,1536.1604022270467,1625.7283989848515,1503.6771507943233,57.084745325081485,0.7118226045061428
2022,2022-01-03,True,False,atl,por,131,136,32,33,40,26,0,36,34,30,36,0,away,4.0,223.0,-170.0,150.0,3.0,108.5,0.0,1,True,1236.4038785625473,1372.6893907077165,1279.9244990706088,1329.1687701996548,-136.28551214516915,0.4479699822806065
2022,2022-01-03,True,False,orl,chi,98,102,21,19,26,32,0,15,30,24,33,0,home,14.0,217.5,750.0,-1200.0,6.5,111.5,0.0,0,True,1687.7842579833239,1188.8953111373269,1689.241490150266,1187.4380789703848,498.888946845997,0.9691559568272671
2022,2022-01-03,True,False,cha,wsh,121,124,25,39,26,31,0,38,18,28,40,0,home,2.0,230.5,105.0,-125.0,3.0,111.5,1.0,1,True,1443.900842722716,1496.9297626862312,1470.3010568581933,1470.529548550754,-53.028919963515136,0.5671879771402304
2022,2022-01-03,True,False,hou,phi,113,133,30,33,29,21,0,34,28,41,30,0,home,13.0,218.5,650.0,-1000.0,8.0,106.0,1.0,1,True,1710.3289949958457,1200.0026518252862,1712.8954475637495,1197.4361992573824,510.32634317055954,0.9710644205283183
2022,2022-01-03,True,False,mem,bkn,118,104,29,27,40,22,0,24,23,26,31,0,home,6.5,230.0,220.0,-260.0,6.0,116.5,0.0,0,False,1589.3718796254652,1674.9213881261505,1527.3182805908034,1736.9749871608124,-85.5495085006853,0.5207839457317196
2022,2022-01-03,True,False,det,mil,115,106,28,33,26,28,0,30,34,21,21,0,home,17.0,226.5,1100.0,-2500.0,9.0,110.0,0.0,0,False,1692.1234292821864,1148.252041342958,1628.07365310382,1212.3018175213242,543.8713879392285,0.9760237145727508
2022,2022-01-04,True,False,sa,tor,104,129,29,24,28,23,0,30,38,29,32,0,home,7.0,223.0,245.0,-290.0,1.0,108.5,1.0,1,True,1567.3876829008314,1499.370395484141,1604.3592911003964,1462.398787284576,68.01728741669035,0.7245581037331792
2022,2022-01-04,True,False,mem,cle,110,106,27,30,19,34,0,30,25,20,31,0,home,3.5,216.0,140.0,-160.0,3.0,110.5,0.0,2,False,1578.220843282355,1736.9749871608124,1548.744491600283,1766.4513388428843,-158.7541438784574,0.4162428873508237
2022,2022-01-04,True,False,ind,ny,94,104,25,30,22,17,0,32,23,29,20,0,home,3.5,205.5,140.0,-160.0,3.0,100.5,1.0,0,True,1405.0589799547547,1382.8614945288582,1439.2290541112106,1348.6914203724023,22.197485425896502,0.6689467608249667
2022,2022-01-04,True,False,phx,no,123,110,42,22,31,28,0,31,23,30,26,0,away,6.5,225.0,-265.0,225.0,0.5,115.0,1.0,1,False,1446.746891217588,1728.1298095102204,1416.514847755629,1758.3618529721793,-281.38291829263244,0.26035504767259937
2022,2022-01-04,True,False,sac,lal,114,122,31,28,24,31,0,26,31,28,37,0,home,6.5,230.0,210.0,-250.0,5.0,110.5,1.0,1,True,1456.6888524491953,1313.628412799601,1473.4309279506317,1296.8863372981646,143.0604396495944,0.8020518870951834
2022,2022-01-05,True,False,atl,sac,108,102,33,21,24,30,0,24,21,30,27,0,home,1.5,229.0,105.0,-125.0,3.5,110.0,0.0,0,False,1296.8863372981646,1329.1687701996548,1245.8364257763421,1380.2186817214772,-32.28243290149021,0.5962378388451594
2022,2022-01-05,True,False,tor,mil,117,111,35,33,24,25,0,42,35,11,23,0,home,2.5,221.5,110.0,-130.0,2.0,109.0,0.0,1,False,1628.07365310382,1604.3592911003964,1571.9636913136433,1660.4692528905732,23.71436200342373,0.6708776279030094
2022,2022-01-05,True,False,gs,dal,82,99,21,18,28,15,0,21,29,20,29,0,away,4.5,213.0,-190.0,170.0,5.5,104.0,0.0,0,True,1625.7283989848515,1848.3410022952125,1710.8698853116352,1763.1995159684288,-222.612603310361,0.33052425700331267
2022,2022-01-05,True,False,mia,por,115,109,30,28,25,32,0,23,24,33,29,0,away,2.5,215.5,-140.0,120.0,2.5,104.5,1.0,1,False,1279.9244990706088,1574.6394118572568,1258.8748018226768,1595.689109105189,-294.71491278664803,0.24585010279766656
2022,2022-01-05,True,False,okc,min,90,98,10,26,27,27,0,30,19,20,29,0,home,9.5,218.5,350.0,-420.0,2.0,106.0,0.0,0,True,1532.204849412123,1340.6390865096373,1544.9681500008992,1327.875785920861,191.56576290248563,0.8426908845896631
2022,2022-01-05,True,False,phi,orl,116,106,33,29,26,28,0,33,26,30,17,0,away,8.5,212.0,-350.0,290.0,4.5,105.0,1.0,1,False,1187.4380789703848,1712.8954475637495,1179.0500058708183,1721.283520663316,-525.4573685933647,0.07950223145803763
2022,2022-01-05,True,False,sa,bos,99,97,30,28,22,19,0,30,26,21,20,0,home,7.5,223.0,270.0,-330.0,6.0,108.5,0.0,0,False,1556.8629496835702,1462.398787284576,1523.5664133535415,1495.6953236146046,94.46416239899418,0.7538821748358981
2022,2022-01-05,True,False,det,cha,111,140,19,32,24,36,0,37,28,35,40,0,home,10.5,227.0,450.0,-600.0,1.5,109.5,1.0,1,True,1470.529548550754,1212.3018175213242,1483.9498206306355,1198.8815454414428,258.22773102942983,0.8871670193407626
2022,2022-01-05,True,False,bkn,ind,129,121,32,28,34,35,0,37,36,28,20,0,away,8.0,224.5,-370.0,310.0,8.0,109.5,2.0,1,False,1348.6914203724023,1527.3182805908034,1311.1088821144385,1564.9008188487671,-178.62686021840113,0.38873977907502655
2022,2022-01-05,True,False,hou,wsh,114,111,29,25,32,28,0,26,29,28,28,0,home,7.5,230.5,250.0,-300.0,4.5,110.5,0.0,0,False,1470.3010568581933,1197.4361992573824,1427.3959386774213,1240.3413174381544,272.86485760081086,0.8953302657262232
2022,2022-01-05,True,False,utah,den,115,109,26,31,31,27,0,26,30,22,31,0,home,1.0,226.5,-110.0,-110.0,0.0,116.0,0.0,0,False,1503.6771507943233,1799.3529582519138,1482.7151382436855,1820.3149708025517,-295.6758074575905,0.24482598869333372
2022,2022-01-06,True,False,lac,phx,89,106,20,20,26,23,0,21,35,19,31,0,home,10.5,222.0,450.0,-600.0,1.0,113.5,1.0,0,True,1758.3618529721793,1398.857001085812,1764.5630478077035,1392.655806250288,359.5048518863673,0.9337097347162076
2022,2022-01-06,True,False,bos,ny,105,108,25,38,21,21,0,18,29,30,31,0,away,2.0,207.0,-130.0,110.0,2.5,105.0,0.0,1,True,1439.2290541112106,1523.5664133535415,1468.3535679200454,1494.4418995447068,-84.33735924233088,0.5225250949964992
2022,2022-01-06,True,False,gs,no,96,101,22,24,26,24,0,16,31,28,26,0,home,1.0,212.0,-105.0,-115.0,1.0,103.5,1.0,0,True,1416.514847755629,1763.1995159684288,1480.006032389798,1699.7083313342598,-346.6846682127998,0.19465670825779482
2022,2022-01-06,True,False,det,mem,88,118,18,28,22,20,0,32,30,28,28,0,home,13.5,218.5,650.0,-1000.0,3.5,106.0,1.0,0,True,1766.4513388428843,1198.8815454414428,1768.4738468559522,1196.859037428375,567.5697934014415,0.9790170866096148
2022,2022-01-07,True,False,mil,bkn,121,109,29,31,38,23,0,21,28,31,29,0,home,4.0,232.5,160.0,-180.0,6.0,119.0,0.0,0,False,1564.9008188487671,1571.9636913136433,1493.7275177480808,1643.1369924143296,-7.062872464876136,0.630645989290201
2022,2022-01-07,True,False,sac,den,111,121,23,31,31,26,0,35,31,30,25,0,home,8.0,225.5,260.0,-310.0,0.5,110.0,1.0,1,True,1482.7151382436855,1245.8364257763421,1493.4402870302952,1235.1112769897325,236.87871246734335,0.8742674994581504
2022,2022-01-07,True,False,wsh,chi,122,130,32,34,29,27,0,37,36,34,23,0,home,5.5,225.0,190.0,-220.0,1.0,109.0,1.0,1,True,1689.241490150266,1427.3959386774213,1697.7278917532028,1418.9095370744844,261.8455514728446,0.889234973343463
2022,2022-01-07,True,False,sa,phi,100,119,19,34,27,20,0,39,32,26,22,0,home,8.5,220.5,280.0,-340.0,0.0,107.0,1.0,0,True,1721.283520663316,1495.6953236146046,1735.59331883106,1481.3855254468606,225.58819704871144,0.866947694745627
2022,2022-01-07,True,False,min,okc,135,105,32,41,30,32,0,28,29,23,25,0,away,5.0,218.5,-185.0,165.0,2.0,107.0,1.0,1,False,1327.875785920861,1544.9681500008992,1276.8669797059483,1595.976956215812,-217.09236408003812,0.33759329354074724
2022,2022-01-07,True,False,cle,por,114,101,24,33,25,32,0,21,26,31,23,0,away,6.0,216.5,-240.0,200.0,0.5,105.5,1.0,0,False,1258.8748018226768,1548.744491600283,1229.7223229840695,1577.8969704388903,-289.86968977760625,0.2510579553562279
2022,2022-01-07,True,False,dal,hou,130,106,43,37,30,20,0,23,37,26,20,0,away,3.0,215.0,-150.0,130.0,3.5,106.0,1.0,1,False,1240.3413174381544,1710.8698853116352,1225.3374331966802,1725.8737695531095,-470.5285678734808,0.10593678901495865
2022,2022-01-07,True,False,atl,lal,118,134,28,33,26,31,0,34,30,37,33,0,home,1.0,231.5,100.0,-120.0,0.5,112.5,1.0,1,True,1473.4309279506317,1380.2186817214772,1501.6490387224776,1352.0005709496313,93.21224622915452,0.7525425878105592
2022,2022-01-07,True,False,utah,tor,108,122,40,22,30,16,0,25,24,45,28,0,home,13.5,216.5,700.0,-1100.0,11.0,109.5,1.0,1,True,1660.4692528905732,1820.3149708025517,1730.208200568691,1750.576023124434,-159.84571791197845,0.4147168752822678
2022,2022-01-08,True,False,ny,bos,75,99,26,16,18,15,0,21,23,32,23,0,home,8.0,205.5,260.0,-310.0,4.5,98.5,1.0,0,True,1494.4418995447068,1468.3535679200454,1539.4550082549517,1423.3404592098004,26.08833162466135,0.6738879423446351
2022,2022-01-08,True,False,mia,phx,123,100,33,38,27,25,0,29,21,29,21,0,home,10.0,218.5,400.0,-500.0,11.0,108.0,0.0,1,False,1764.5630478077035,1595.689109105189,1665.9159047467301,1694.3362521661622,168.87393870251458,0.8245903768808759
2022,2022-01-08,True,False,mil,cha,106,114,29,12,34,31,0,27,20,42,25,0,home,1.5,235.0,105.0,-125.0,1.0,119.0,1.0,0,True,1483.9498206306355,1643.1369924143296,1540.444766133412,1586.642046911553,-159.1871717836941,0.4156373238321296
2022,2022-01-08,True,False,orl,det,92,97,26,19,28,19,0,31,21,21,24,0,home,1.0,215.0,100.0,-120.0,1.0,109.5,1.0,0,True,1196.859037428375,1179.0500058708183,1222.9369158143124,1152.9721274848807,17.809031557556636,0.6633286417255803
2022,2022-01-08,True,False,utah,ind,113,125,27,25,34,27,0,33,28,29,35,0,away,4.5,226.0,-185.0,165.0,5.5,115.5,0.0,1,True,1311.1088821144385,1750.576023124434,1409.9605837014108,1651.7243215374617,-439.46714100999543,0.124103727433619
2022,2022-01-08,True,False,mem,lac,123,108,28,38,28,29,0,36,20,28,24,0,away,2.0,214.0,-130.0,110.0,2.5,110.0,1.0,1,False,1392.655806250288,1768.4738468559522,1371.9531204167138,1789.1765326895263,-375.81804060566424,0.16970262605215627
2022,2022-01-09,True,False,chi,dal,99,113,32,23,24,20,0,22,32,29,30,0,home,2.0,220.5,110.0,-130.0,1.0,112.0,1.0,0,True,1725.8737695531095,1697.7278917532028,1763.3666175615645,1660.2350437447478,28.145877799906657,0.6764854762630771
2022,2022-01-09,True,False,cle,gs,82,96,21,25,14,22,0,24,27,28,17,0,home,6.5,217.0,245.0,-290.0,2.5,105.5,1.0,0,True,1699.7083313342598,1577.8969704388903,1722.872649946378,1554.732651826772,121.81136089536949,0.7819129006217889
2022,2022-01-09,True,False,mem,lal,127,119,27,38,42,20,0,27,25,31,36,0,home,3.0,230.0,140.0,-160.0,5.0,117.0,0.0,1,False,1501.6490387224776,1789.1765326895263,1477.1313743411295,1813.6941970708745,-287.5274939670487,0.2536015893769851
2022,2022-01-09,True,False,sac,por,88,103,21,19,27,21,0,27,26,29,21,0,away,1.5,223.0,-125.0,105.0,4.0,107.0,0.0,0,True,1229.7223229840695,1235.1112769897325,1274.5077924198736,1190.3258075539284,-5.388954005662981,0.632887643983416
2022,2022-01-09,True,False,sa,bkn,119,121,32,19,38,24,6,32,28,31,22,8,home,9.5,232.5,400.0,-500.0,2.5,112.0,0.0,1,True,1493.7275177480808,1481.3855254468606,1510.1407443408248,1464.9722988541166,12.341992301220216,0.6562647367134019
2022,2022-01-09,True,False,atl,lac,93,106,23,30,20,20,0,31,28,27,20,0,away,4.0,227.0,-175.0,155.0,3.5,110.0,0.0,0,True,1371.9531204167138,1352.0005709496313,1409.9690565187484,1313.9846348475967,19.952549467082463,0.6660786745144619
2022,2022-01-09,True,False,wsh,orl,102,100,20,22,25,35,0,26,23,22,29,0,away,7.0,220.0,-280.0,240.0,5.0,106.0,0.0,0,False,1152.9721274848807,1418.9095370744844,1139.5417448447586,1432.3399197146066,-265.9374095896037,0.2778377524465304
2022,2022-01-09,True,False,min,hou,141,123,36,39,36,30,0,26,28,34,35,0,away,6.5,235.0,-250.0,210.0,2.5,113.5,1.0,1,False,1225.3374331966802,1595.976956215812,1202.8020107637187,1618.5123786487734,-370.63952301913173,0.17394440682320042
2022,2022-01-09,True,False,no,tor,101,105,26,22,29,24,0,27,22,30,26,0,home,7.0,220.5,240.0,-280.0,4.5,111.5,0.0,0,True,1730.208200568691,1480.006032389798,1736.866078121761,1473.348154836728,250.20216817889286,0.8824590632767594
2022,2022-01-09,True,False,den,okc,99,95,36,25,19,19,0,23,26,29,17,0,away,7.0,214.5,-275.0,235.0,0.0,105.0,0.0,0,False,1276.8669797059483,1493.4402870302952,1252.9128802953383,1517.3943864409052,-216.57330732434684,0.3382617906755879
2022,2022-01-10,True,False,utah,det,116,126,35,26,23,32,0,21,27,40,38,0,away,10.5,224.0,-750.0,525.0,2.5,114.5,0.0,1,True,1222.9369158143124,1651.7243215374617,1314.628923578307,1560.0323137734672,-428.7874057231493,0.13094233472024613
2022,2022-01-10,True,False,mil,cha,99,103,19,29,26,25,0,28,19,36,20,0,away,2.5,236.5,-140.0,120.0,1.5,120.5,0.0,0,True,1540.444766133412,1586.642046911553,1570.4127047688594,1556.6741082761057,-46.19728077814102,0.5768152911149527
2022,2022-01-10,True,False,sa,ny,96,111,26,23,26,21,0,23,28,31,29,0,home,6.5,212.5,215.0,-255.0,3.5,102.0,1.0,0,True,1423.3404592098004,1464.9722988541166,1474.185429204286,1414.127328859631,-41.63183964431619,0.5832171246295872
2022,2022-01-10,True,False,ind,bos,98,101,17,22,21,29,9,23,19,26,21,12,home,9.0,211.5,330.0,-400.0,5.0,102.0,0.0,0,True,1539.4550082549517,1409.9605837014108,1550.830324335925,1398.5852676204374,129.49442455354097,0.7893606861812272
2022,2022-01-10,True,False,cle,sac,109,108,28,34,22,25,0,22,27,30,29,0,away,5.5,220.5,-210.0,180.0,1.5,106.0,0.0,0,False,1190.3258075539284,1554.732651826772,1184.8616970175208,1560.1967623631797,-364.4068442728437,0.1791601175850968
2022,2022-01-10,True,False,phi,hou,111,91,36,26,29,20,0,27,23,22,19,0,away,10.0,226.5,-500.0,400.0,2.5,110.5,1.0,0,False,1202.8020107637187,1735.59331883106,1192.558566788794,1745.8367628059848,-532.7913080673413,0.07646701564753039
2022,2022-01-10,True,False,bkn,por,108,114,26,36,19,27,0,33,22,32,27,0,away,8.5,225.5,-350.0,290.0,3.0,111.0,0.0,0,True,1274.5077924198736,1510.1407443408248,1333.2298893574728,1451.4186474032256,-235.6329519209512,0.3141548118929991
2022,2022-01-11,True,False,min,no,125,128,36,23,30,36,0,35,30,32,31,0,away,3.0,226.0,-160.0,140.0,3.0,110.5,0.0,1,True,1473.348154836728,1618.5123786487734,1507.7890402082414,1584.07149327726,-145.1642238120453,0.43536710762150577
2022,2022-01-11,True,False,det,chi,87,133,27,25,14,21,0,28,33,36,36,0,home,13.5,220.0,750.0,-1200.0,5.0,107.5,1.0,2,True,1660.2350437447478,1314.628923578307,1669.2262354370919,1305.637731885963,345.60612016644086,0.92858241588503
2022,2022-01-11,True,False,den,lac,85,87,18,23,25,19,0,16,12,27,32,0,away,2.5,213.0,-145.0,125.0,2.5,103.5,0.0,0,True,1409.9690565187484,1517.3943864409052,1434.654993748054,1492.7084492115996,-107.42532992215683,0.4893157179054129
2022,2022-01-11,True,False,okc,wsh,118,122,31,30,32,25,0,30,28,36,28,0,home,7.0,210.5,220.0,-260.0,5.5,103.5,0.0,1,True,1432.3399197146066,1252.9128802953383,1442.3546644872447,1242.8981355227002,179.42703941926834,0.8332046028097164
2022,2022-01-11,True,False,phx,tor,99,95,23,23,23,30,0,31,17,23,24,0,away,4.5,222.0,-185.0,165.0,4.5,113.0,0.0,0,False,1736.866078121761,1665.9159047467301,1688.7336097132584,1714.0483731552326,70.95017337503077,0.727914710143826
2022,2022-01-11,True,False,gs,mem,108,116,24,27,39,18,0,28,31,28,29,0,away,2.5,222.0,-130.0,110.0,3.0,109.0,0.0,1,True,1813.6941970708745,1722.872649946378,1835.8539015605252,1700.7129454567273,90.82154712449642,0.7499709056044332
2022,2022-01-12,True,False,hou,sa,128,124,39,24,28,37,0,36,31,23,34,0,home,7.0,234.5,240.0,-280.0,3.5,113.5,0.0,1,False,1414.127328859631,1192.558566788794,1364.0257504216465,1242.6601452267785,221.568762070837,0.8642560390105604
2022,2022-01-12,True,False,lal,sac,116,125,34,33,23,26,0,29,32,40,24,0,away,4.0,231.0,-160.0,140.0,0.5,113.0,0.0,1,True,1184.8616970175208,1477.1313743411295,1261.0020949028328,1400.9909764558174,-292.2696773236087,0.24846921246570394
2022,2022-01-12,True,False,bkn,chi,138,112,38,24,39,37,0,31,29,19,33,0,away,1.5,238.0,-120.0,100.0,0.5,115.5,1.0,1,False,1669.2262354370919,1451.4186474032256,1566.6152793197475,1554.02960352057,217.8075880338663,0.8616958995648902
2022,2022-01-12,True,False,mia,atl,115,91,21,35,30,29,0,27,24,16,24,0,home,2.5,221.5,120.0,-140.0,2.0,108.0,0.0,0,False,1313.9846348475967,1694.3362521661622,1290.4658867098526,1717.8550003039063,-380.35161731856556,0.16605704358055853
2022,2022-01-12,True,False,dal,ny,85,108,21,24,21,19,0,30,26,28,24,0,away,2.5,204.0,-135.0,115.0,4.5,99.5,0.0,0,True,1474.185429204286,1763.3666175615645,1578.8089573622108,1658.7430894036397,-289.1811883572784,0.2518039073383727
2022,2022-01-12,True,False,bos,ind,119,100,35,19,33,32,0,25,24,22,29,0,home,1.0,211.0,100.0,-120.0,1.0,107.5,0.0,1,False,1398.5852676204374,1550.830324335925,1342.5156509866908,1606.8999409696717,-152.24505671548764,0.4253749509588209
2022,2022-01-12,True,False,cha,phi,109,98,34,30,21,24,0,35,15,26,22,0,home,5.5,225.5,190.0,-220.0,6.0,110.0,0.0,0,False,1745.8367628059848,1570.4127047688594,1668.6336988415123,1647.6157687333318,175.4240580371254,0.8299775726691427
2022,2022-01-12,True,False,orl,wsh,106,112,16,27,29,34,0,33,19,32,28,0,home,6.5,213.5,220.0,-260.0,0.5,108.5,0.0,1,True,1442.3546644872447,1139.5417448447586,1448.2417864613074,1133.654622870696,302.8129196424861,0.9104202943631269
2022,2022-01-12,True,False,cle,utah,111,91,27,31,30,23,0,24,28,16,23,0,home,5.0,224.5,175.0,-200.0,4.0,109.0,0.0,0,False,1560.0323137734672,1560.1967623631797,1474.319073489716,1645.910002646931,-0.16444858971249232,0.6398468817735938
2022,2022-01-13,True,False,gs,mil,99,118,21,17,34,27,0,37,40,20,21,0,home,0.0,224.5,100.0,-120.0,8.5,108.5,1.0,0,True,1556.6741082761057,1700.7129454567273,1630.8896252704264,1626.4974284624066,-144.0388371806216,0.4369602683739052
2022,2022-01-13,True,False,min,mem,108,116,31,29,24,24,0,25,28,37,26,0,home,3.0,231.0,125.0,-145.0,3.5,113.0,1.0,0,True,1835.8539015605252,1584.07149327726,1844.8592252061337,1575.0661696316515,251.7824082832651,0.8833993302614472
2022,2022-01-13,True,False,lac,no,89,113,15,19,29,26,0,28,25,34,26,0,home,4.0,213.0,160.0,-180.0,3.5,107.5,1.0,0,True,1507.7890402082414,1434.654993748054,1543.3707670554884,1399.073266900807,73.13404646018739,0.7303973880864943
2022,2022-01-13,True,False,okc,bkn,130,109,38,32,30,30,0,26,25,32,26,0,home,5.5,216.0,180.0,-210.0,8.5,105.0,0.0,1,False,1554.02960352057,1242.8981355227002,1459.192957064695,1337.734781978575,311.1314679978698,0.9142496082260314
2022,2022-01-13,True,False,por,den,108,140,28,27,25,28,0,41,31,29,39,0,home,11.5,210.0,475.0,-650.0,2.0,104.0,1.0,1,True,1492.7084492115996,1333.2298893574728,1517.0390726955097,1308.8992658735626,159.47855985412684,0.8166297773788447
2022,2022-01-14,True,False,cle,sa,114,109,35,29,20,30,0,26,33,27,23,0,away,3.0,220.0,-150.0,130.0,1.0,106.5,1.0,1,False,1364.0257504216465,1645.910002646931,1343.5438138924897,1666.3919391760878,-281.8842522252844,0.2597996915743326
2022,2022-01-14,True,False,dal,mem,112,85,25,25,34,28,0,29,26,18,12,0,home,2.5,218.5,120.0,-140.0,0.5,106.0,0.0,0,False,1844.8592252061337,1658.7430894036397,1741.212953495939,1762.3893611138346,186.116135802494,0.8384874645696487
2022,2022-01-14,True,False,hou,sac,114,126,40,20,29,25,0,31,34,33,28,0,home,5.0,238.5,190.0,-220.0,1.5,116.0,1.0,1,True,1261.0020949028328,1242.6601452267785,1298.2378188590915,1205.4244212705198,18.341949676054355,0.6640133935791254
2022,2022-01-14,True,False,bos,phi,99,111,14,21,31,33,0,32,23,28,28,0,home,3.0,207.5,130.0,-150.0,4.5,106.5,1.0,1,True,1668.6336988415123,1606.8999409696717,1698.6855199982465,1576.8481198129375,61.73375787184068,0.7172810297509288
2022,2022-01-14,True,False,orl,cha,116,109,35,26,27,28,0,36,27,28,18,0,home,11.5,223.5,475.0,-650.0,6.0,114.0,0.0,1,False,1647.6157687333318,1133.654622870696,1588.894830139871,1192.3755614641568,513.9611458626359,0.9716465793292282
2022,2022-01-14,True,False,tor,det,87,103,27,16,23,21,0,31,25,27,20,0,away,9.0,210.5,-410.0,340.0,8.5,102.0,0.0,0,True,1305.637731885963,1688.7336097132584,1409.869494398107,1584.5018472011143,-383.09587782729545,0.1638809345482113
2022,2022-01-14,True,False,phx,ind,112,94,23,23,34,32,0,19,19,38,18,0,away,5.5,219.5,-210.0,180.0,1.0,112.0,1.0,0,False,1342.5156509866908,1714.0483731552326,1320.075782923134,1736.4882412187894,-371.5327221685418,0.17320685028726598
2022,2022-01-14,True,False,atl,mia,118,124,30,40,29,19,0,40,24,30,30,0,home,5.5,222.5,185.0,-215.0,4.0,108.5,1.0,1,True,1717.8550003039063,1290.4658867098526,1720.6040710128702,1287.7168160008887,427.3891135940537,0.9541696861867824
2022,2022-01-14,True,False,gs,chi,138,96,37,41,34,26,0,28,19,25,24,0,home,2.5,225.5,125.0,-145.0,7.5,109.5,0.0,1,False,1566.6152793197475,1626.4974284624066,1474.3565158366794,1718.7561919454747,-59.882149142659046,0.5574789999638168
2022,2022-01-15,True,False,orl,dal,92,108,23,20,25,24,0,32,23,30,23,0,home,11.5,211.0,550.0,-800.0,3.0,108.5,1.0,0,True,1762.3893611138346,1192.3755614641568,1764.0326411713768,1190.7322814066147,570.0137996496778,0.9793041580376078
2022,2022-01-15,True,False,lal,den,96,133,29,31,19,17,0,34,39,29,31,0,home,4.5,225.5,165.0,-185.0,1.5,109.5,1.0,1,True,1517.0390726955097,1400.9909764558174,1549.1341146747604,1368.8959344765667,116.04809623969231,0.7762026736785121
2022,2022-01-15,True,False,chi,bos,112,114,22,27,34,29,0,32,22,30,30,0,home,7.5,214.0,260.0,-310.0,3.5,109.5,0.0,1,True,1576.8481198129375,1474.3565158366794,1587.2676991417159,1463.936936507901,102.49160397625815,0.7623551827934304
2022,2022-01-15,True,False,phi,mia,109,98,20,23,32,34,0,29,21,23,25,0,home,3.0,212.5,135.0,-155.0,0.0,103.5,0.0,0,False,1720.6040710128702,1698.6855199982465,1649.0709708093864,1770.2186202017303,21.918551014623745,0.668591076337587
2022,2022-01-15,True,False,lac,sa,94,101,22,25,33,14,0,21,35,29,16,0,home,1.5,221.0,-105.0,-115.0,2.0,112.5,1.0,0,True,1343.5438138924897,1399.073266900807,1383.4677486715818,1359.149332121715,-55.52945300831743,0.563651040010828
2022,2022-01-15,True,False,ny,atl,117,108,31,34,20,32,0,28,23,26,31,0,home,1.5,214.5,105.0,-125.0,5.0,104.5,0.0,1,False,1287.7168160008887,1578.8089573622108,1262.4150130134394,1604.11076034966,-291.0921413613221,0.2497371231739194
2022,2022-01-15,True,False,no,bkn,105,120,22,19,36,28,0,32,37,26,25,0,home,5.5,230.0,175.0,-200.0,5.5,117.5,1.0,0,True,1459.192957064695,1543.3707670554884,1517.4140311119822,1485.1496930082012,-84.17780999079332,0.5227542340724414
2022,2022-01-15,True,False,por,wsh,115,110,29,39,26,21,0,24,33,23,30,0,home,7.5,215.0,240.0,-280.0,6.5,105.0,0.0,1,False,1448.2417864613074,1308.8992658735626,1392.9800156911447,1364.1610366437253,139.34252058774473,0.7986320186531155
2022,2022-01-15,True,False,tor,mil,103,96,20,26,27,30,0,29,20,20,27,0,home,7.5,218.5,280.0,-340.0,4.0,105.5,0.0,0,False,1630.8896252704264,1584.5018472011143,1569.7670566148822,1645.6244158566585,46.38777806931216,0.6990284686297519
2022,2022-01-15,True,False,cle,okc,107,102,24,22,37,24,0,32,24,29,17,0,away,5.0,208.5,-200.0,175.0,5.0,100.5,2.0,1,False,1337.734781978575,1666.3919391760878,1321.065256334416,1683.0614648202468,-328.6571571975128,0.21144180458121828
2022,2022-01-16,True,False,gs,min,99,119,22,28,31,18,0,30,26,35,28,0,home,5.0,215.5,170.0,-190.0,2.0,105.0,1.0,1,True,1575.0661696316515,1718.7561919454747,1650.4242170518855,1643.3981445252407,-143.6900223138232,0.43745433612403023
2022,2022-01-16,True,False,hou,sac,118,112,29,26,30,33,0,21,39,28,24,0,home,4.5,239.5,165.0,-185.0,2.5,115.5,0.0,0,False,1298.2378188590915,1205.4244212705198,1239.3109217675835,1264.3513183620278,92.81339758857166,0.7521147816238801
2022,2022-01-16,True,False,phx,det,135,108,39,25,39,32,0,35,19,28,26,0,away,11.5,216.0,-800.0,550.0,2.5,111.0,1.0,1,False,1409.869494398107,1736.4882412187894,1378.5807094929362,1767.7770261239602,-326.6187468206824,0.21340489326911205
2022,2022-01-16,True,False,utah,den,125,102,37,31,23,34,0,33,25,30,14,0,away,5.5,224.0,-220.0,190.0,0.5,115.0,1.0,1,False,1549.1341146747604,1474.319073489716,1453.8614296007063,1569.59175856377,74.81504118504449,0.7322986187463778
2022,2022-01-17,True,False,por,orl,98,88,22,32,27,17,0,17,23,21,27,0,away,2.0,219.0,-130.0,110.0,3.5,106.5,1.0,0,False,1190.7322814066147,1364.1610366437253,1148.9647259828616,1405.9285920674783,-173.42875523711064,0.3958732618707386
2022,2022-01-17,True,False,mil,atl,114,121,26,36,26,26,0,17,33,33,38,0,away,5.0,233.0,-210.0,180.0,1.0,118.5,0.0,1,True,1262.4150130134394,1569.7670566148822,1332.6274018693523,1499.5546677589693,-307.3520436014428,0.2326131423379313
2022,2022-01-17,True,False,utah,lal,95,101,25,21,32,17,0,24,28,20,29,0,away,5.5,230.5,-220.0,190.0,6.0,117.0,0.0,0,True,1368.8959344765667,1569.59175856377,1423.7772945549616,1514.7103984853752,-200.6958240872034,0.3590127279253503
2022,2022-01-17,True,False,okc,dal,102,104,24,18,30,30,0,33,20,24,27,0,home,11.5,210.5,550.0,-800.0,3.0,102.5,0.0,0,True,1764.0326411713768,1321.065256334416,1765.441794765865,1319.6561027399277,442.9673848369607,0.9579353074856779
2022,2022-01-17,True,False,phx,sa,121,107,32,27,28,34,0,29,27,35,16,0,away,4.0,229.0,-170.0,150.0,2.5,118.0,1.0,0,False,1383.4677486715818,1767.7770261239602,1364.0544201698297,1787.1903546257124,-384.3092774523784,0.1629260828414042
2022,2022-01-17,True,False,tor,mia,99,104,30,21,24,24,0,27,31,22,24,0,home,4.0,206.0,105.0,-115.0,0.5,100.5,1.0,0,True,1649.0709708093864,1645.6244158566585,1676.9917487866094,1617.7036378794355,3.4465549527278654,0.6446229510711173
2022,2022-01-17,True,False,no,bos,92,104,29,17,23,23,0,18,21,32,33,0,home,4.5,213.5,160.0,-180.0,4.5,110.0,1.0,0,True,1587.2676991417159,1485.1496930082012,1611.6426402032719,1460.7747519466452,102.11800613351465,0.7619653389307
2022,2022-01-17,True,False,bkn,cle,107,114,31,28,29,19,0,30,35,22,27,0,home,4.0,222.0,140.0,-160.0,0.5,108.0,1.0,0,True,1683.0614648202468,1517.4140311119822,1697.0420734981094,1503.4334224341196,165.64743370826454,0.8218877050707696
2022,2022-01-17,True,False,phi,wsh,98,117,29,26,28,15,0,38,23,30,26,0,away,1.5,221.5,-125.0,105.0,2.5,108.0,0.0,0,True,1392.9800156911447,1770.2186202017303,1502.574823712583,1660.623812180292,-377.2386045105857,0.16855350747302458
2022,2022-01-17,True,False,cha,ny,97,87,34,28,24,11,0,23,21,23,20,0,home,2.5,214.5,130.0,-150.0,6.5,106.0,0.0,0,False,1604.11076034966,1588.894830139871,1535.5209133771336,1657.484677112397,15.215930209789121,0.6599869826665389
2022,2022-01-17,True,False,ind,lac,133,139,27,32,31,43,0,40,28,36,35,0,home,2.5,210.5,110.0,-130.0,1.0,104.5,1.0,1,True,1359.149332121715,1320.075782923134,1384.685474198282,1294.539640846567,39.07354919858085,0.6900967606665696
2022,2022-01-17,True,False,chi,mem,106,119,20,25,27,34,0,20,38,34,27,0,home,8.5,225.0,300.0,-360.0,1.0,114.5,1.0,2,True,1741.212953495939,1463.936936507901,1750.5144155820508,1454.6354744217892,277.276016988038,0.8976861383574708
2022,2022-01-18,True,False,min,ny,112,110,30,31,25,26,0,23,28,40,19,0,away,4.0,216.5,-175.0,155.0,1.0,106.0,0.0,1,False,1535.5209133771336,1650.4242170518855,1512.3875608242022,1673.557569604817,-114.9033036747519,0.4785655667515066
2022,2022-01-18,True,False,det,gs,86,102,22,16,25,23,0,33,33,17,19,0,home,15.5,217.5,1000.0,-2000.0,2.0,107.0,1.0,0,True,1643.3981445252407,1378.5807094929362,1654.1502565104684,1367.8285975077085,264.8174350323045,0.8909088129491965
2022,2022-01-19,True,False,ind,lal,111,104,23,27,26,35,0,32,24,24,24,0,home,3.5,224.5,145.0,-165.0,1.0,108.5,0.0,0,False,1423.7772945549616,1294.539640846567,1359.8400022934266,1358.476933108102,129.23765370839465,0.7891148181627776
2022,2022-01-19,True,False,hou,utah,116,111,36,21,26,33,0,27,35,19,30,0,home,14.0,230.0,750.0,-1200.0,7.5,112.5,0.0,0,False,1514.7103984853752,1264.3513183620278,1459.0638424567885,1319.9978743906145,250.35908012334744,0.8825527213851928
2022,2022-01-19,True,False,det,sac,133,131,33,33,39,28,0,26,45,32,28,0,home,7.5,221.0,250.0,-300.0,3.5,108.5,0.0,1,False,1239.3109217675835,1367.8285975077085,1217.1208496665238,1390.0186696087683,-128.51767574012501,0.459051683365052
2022,2022-01-19,True,False,tor,dal,98,102,31,23,22,22,0,27,28,28,19,0,home,4.0,207.5,155.0,-175.0,3.0,101.5,2.0,0,True,1765.441794765865,1617.7036378794355,1777.3935353571997,1605.751897288101,147.73815688642958,0.806292215269333
2022,2022-01-19,True,False,mem,mil,114,126,30,17,40,27,0,36,25,35,30,0,home,6.5,228.0,225.0,-265.0,1.0,116.0,1.0,1,True,1499.5546677589693,1750.5144155820508,1579.067071566678,1671.0020117743422,-250.95974782308144,0.2954636389674106
2022,2022-01-19,True,False,okc,sa,96,118,22,29,27,18,0,32,37,37,12,0,home,7.0,221.0,240.0,-280.0,1.0,108.0,1.0,0,True,1364.0544201698297,1319.6561027399277,1404.1308160666438,1279.5797068431136,44.39831742990191,0.6966135772541412
2022,2022-01-19,True,False,lac,den,128,130,25,34,22,33,14,29,18,34,33,16,home,9.5,213.0,350.0,-420.0,9.0,109.0,0.0,1,True,1453.8614296007063,1384.685474198282,1466.25445139871,1372.2924524002783,69.17595540242428,0.7258872302755971
2022,2022-01-19,True,False,cle,chi,104,117,29,20,29,26,0,24,34,29,30,0,away,3.5,214.5,-160.0,140.0,4.0,104.0,0.0,1,True,1454.6354744217892,1697.0420734981094,1535.2432141409884,1616.4343337789103,-242.40659907632016,0.30581497265376323
2022,2022-01-19,True,False,por,mia,92,104,26,30,24,12,0,23,35,20,26,0,home,9.0,210.5,360.0,-430.0,3.0,102.0,1.0,0,True,1676.9917487866094,1405.9285920674783,1686.3720343747236,1396.548306479364,271.06315671913103,0.8943543255553669
2022,2022-01-19,True,False,bkn,wsh,119,118,33,41,23,22,0,28,34,24,32,0,home,1.0,235.5,-105.0,-115.0,3.0,114.0,0.0,1,False,1502.574823712583,1503.4334224341196,1483.0885680966726,1522.9196780500301,-0.8585987215365094,0.6389255532401997
2022,2022-01-19,True,False,cha,bos,111,102,25,31,30,25,0,27,21,26,28,0,home,3.0,222.5,135.0,-155.0,3.5,108.0,0.0,0,False,1611.6426402032719,1657.484677112397,1553.1527585265983,1715.9745587890707,-45.84203690912523,0.5773143831671235
2022,2022-01-19,True,False,min,atl,122,134,42,31,20,29,0,26,35,45,28,0,home,1.5,235.5,105.0,-125.0,3.5,114.0,1.0,1,True,1332.6274018693523,1673.557569604817,1422.9246532845334,1583.2603181896359,-340.9301677354647,0.1999022306362591
2022,2022-01-19,True,False,orl,phi,110,123,21,36,23,30,0,25,22,47,29,0,home,11.5,213.5,575.0,-850.0,11.5,110.0,1.0,1,True,1660.623812180292,1148.9647259828616,1662.8300078095635,1146.75853035359,511.65908619743027,0.9712792102669976
2022,2022-01-20,True,False,no,ny,102,91,27,19,35,21,0,17,25,15,34,0,home,3.5,210.5,140.0,-160.0,2.5,107.5,0.0,0,False,1512.3875608242022,1460.7747519466452,1439.055810619623,1534.1065021512245,51.61280887755697,0.7053183175743721
2022,2022-01-20,True,False,phx,dal,109,101,22,23,29,35,0,26,27,29,19,0,away,2.0,217.0,-130.0,110.0,2.5,112.5,1.0,0,False,1777.3935353571997,1787.1903546257124,1716.7791462677549,1847.8047437151572,-9.796819268512763,0.6269726664458461
2022,2022-01-20,True,False,ind,gs,121,117,23,32,28,27,11,30,33,20,27,7,home,17.0,217.5,850.0,-1500.0,7.5,107.0,0.0,1,False,1654.1502565104684,1358.476933108102,1604.57737568861,1408.0498139299605,295.67332340236635,0.9070114528362019
2022,2022-01-21,True,False,mem,den,122,118,37,31,30,24,0,28,35,29,26,0,home,3.5,224.5,140.0,-160.0,3.0,115.0,0.0,1,False,1466.25445139871,1671.0020117743422,1441.2096929339623,1696.0467702390902,-204.74756037563225,0.35366325822171285
2022,2022-01-21,True,False,det,utah,101,111,26,26,30,19,0,27,33,27,24,0,home,14.5,216.5,750.0,-1200.0,6.0,105.0,0.0,0,True,1459.0638424567885,1390.0186696087683,1486.1316704508224,1362.9508416147344,69.04517284802023,0.725737407520751
2022,2022-01-21,True,False,bkn,sa,117,102,24,26,29,38,0,26,25,23,28,0,home,0.0,234.5,100.0,-120.0,2.0,113.0,0.0,0,False,1404.1308160666438,1522.9196780500301,1346.4292876772988,1580.621206439375,-118.78886198338637,0.47298698215353274
2022,2022-01-21,True,False,chi,mil,90,94,20,24,25,21,0,24,21,23,26,0,home,11.5,227.0,450.0,-600.0,7.0,114.5,0.0,0,True,1579.067071566678,1535.2432141409884,1599.6969071115677,1514.6133785960985,43.82385742568954,0.6959142416605213
2022,2022-01-21,True,False,tor,wsh,109,105,20,35,36,18,0,30,24,23,28,0,away,2.0,218.5,-140.0,120.0,1.0,106.0,1.0,0,False,1483.0885680966726,1605.751897288101,1449.987314507884,1638.8531508768895,-122.66332919142837,0.4674310280097957
2022,2022-01-21,True,False,mia,atl,108,110,30,21,23,34,0,31,29,28,22,0,home,1.5,217.5,105.0,-125.0,2.0,105.5,1.0,1,True,1422.9246532845334,1686.3720343747236,1457.693747734888,1651.6029399243691,-263.4473810901902,0.280722871749861
2022,2022-01-21,True,False,lac,phi,102,101,24,16,30,32,0,17,37,26,21,0,home,7.0,213.5,270.0,-330.0,1.0,109.0,0.0,0,False,1662.8300078095635,1372.2924524002783,1641.4548068794425,1393.6676533303994,290.53755540928523,0.9044878047288468
2022,2022-01-21,True,False,hou,gs,103,105,30,24,22,27,0,24,19,33,29,0,home,12.5,230.5,475.0,-650.0,11.5,111.5,0.0,0,True,1604.57737568861,1319.9978743906145,1608.284568421581,1316.2906816576433,284.5795012979954,0.9014834888179913
2022,2022-01-21,True,False,okc,cha,98,121,20,32,23,23,0,37,32,24,28,0,home,9.0,224.5,330.0,-400.0,0.5,108.5,1.0,0,True,1715.9745587890707,1279.5797068431136,1720.2206105740738,1275.3336550581105,436.39485194595704,0.9563840635963942
2022,2022-01-21,True,False,por,bos,109,105,30,24,29,26,0,25,33,24,23,0,home,8.5,212.0,280.0,-340.0,3.5,103.0,0.0,1,False,1553.1527585265983,1396.548306479364,1503.3055594929456,1446.3955055130168,156.6044520472342,0.8141392927390616
2022,2022-01-21,True,False,lal,orl,116,105,24,30,31,31,0,27,35,16,27,0,away,4.5,217.5,-190.0,170.0,4.5,107.0,1.0,1,False,1146.75853035359,1359.8400022934266,1109.2808485518,1397.3176840952165,-213.08147193983655,0.3427756513782487
2022,2022-01-22,True,False,ind,phx,103,113,25,29,20,29,0,24,35,33,21,0,home,13.0,219.0,625.0,-950.0,6.5,107.5,0.0,0,True,1847.8047437151572,1408.0498139299605,1850.9423780841616,1404.912179560956,439.75492978519674,0.9571838099220239
2022,2022-01-22,True,False,okc,cle,87,94,22,23,23,19,0,24,23,31,16,0,home,12.0,208.0,600.0,-900.0,6.0,100.0,0.0,0,True,1616.4343337789103,1275.3336550581105,1621.4253914783233,1270.3425973586975,341.1006787207998,0.9268432201839882
2022,2022-01-22,True,False,sac,mil,127,133,35,19,32,41,0,27,35,32,39,0,home,8.0,226.5,265.0,-320.0,2.0,110.5,0.0,1,True,1599.6969071115677,1217.1208496665238,1603.3214520028919,1213.4963047751996,382.57605744504394,0.9414715456565472
2022,2022-01-23,True,False,atl,cha,113,91,30,25,30,28,0,22,22,22,25,0,home,1.5,233.5,105.0,-125.0,3.5,112.5,0.0,0,False,1720.2206105740738,1457.693747734888,1623.0079290038873,1554.9064293050744,262.5268628391859,0.8896206803226283
2022,2022-01-23,True,False,utah,gs,92,94,29,25,21,17,0,33,22,28,11,0,home,2.0,218.0,110.0,-130.0,1.0,112.0,2.0,0,True,1608.284568421581,1486.1316704508224,1617.6646647049622,1476.7515741674413,122.15289797075866,0.7822479749264182
2022,2022-01-23,True,False,bkn,min,125,136,36,26,33,30,0,37,35,30,34,0,home,3.0,237.0,125.0,-145.0,1.5,115.0,1.0,1,True,1583.2603181896359,1580.621206439375,1622.129701952838,1541.7518226761729,2.6391117502607813,0.6435574495511818
2022,2022-01-23,True,False,phi,sa,115,109,29,30,27,29,0,23,24,30,32,0,away,1.0,222.0,-120.0,100.0,3.0,108.0,1.0,1,False,1346.4292876772988,1641.4548068794425,1325.40796127148,1662.4761332852613,-295.02551920214364,0.2455187453264483
2022,2022-01-23,True,False,lac,ny,102,110,31,30,20,21,0,39,27,25,19,0,home,4.0,204.0,155.0,-175.0,1.5,105.0,1.0,1,True,1439.055810619623,1393.6676533303994,1467.0018560961955,1365.7216078538268,45.3881572892235,0.6978164543908695
2022,2022-01-23,True,False,det,den,111,117,30,30,16,35,0,29,31,32,25,0,home,12.0,217.0,550.0,-800.0,8.0,106.0,0.0,1,True,1441.2096929339623,1362.9508416147344,1462.1595767214874,1342.0009578272093,78.25885131922792,0.7361669546326225
2022,2022-01-23,True,False,chi,orl,95,114,19,18,37,21,0,23,30,32,29,0,away,3.5,215.5,-160.0,140.0,6.5,110.5,0.0,0,True,1109.2808485518,1514.6133785960985,1221.70523813713,1402.1889890107686,-405.33253004429844,0.1470867454147684
2022,2022-01-23,True,False,por,tor,114,105,33,31,22,28,0,15,19,33,38,0,home,8.0,215.5,280.0,-340.0,11.5,104.0,0.0,1,False,1638.8531508768895,1446.3955055130168,1567.1986138628488,1518.0500425270575,192.45764536387264,0.8433702776795248
2022,2022-01-23,True,False,bos,wsh,116,87,31,29,31,25,0,25,20,24,18,0,away,2.0,216.5,-135.0,115.0,2.5,109.5,1.0,0,False,1449.987314507884,1503.3055594929456,1365.1673038466886,1588.125570154141,-53.31824498506148,0.5667790776920734
2022,2022-01-23,True,False,lal,mia,107,113,25,27,18,37,0,39,30,20,24,0,home,4.0,212.0,150.0,-170.0,3.0,102.5,1.0,1,True,1651.6029399243691,1397.3176840952165,1659.4615913704401,1389.4590326491455,254.28525582915267,0.8848752011273413
2022,2022-01-23,True,False,mem,dal,91,104,16,18,27,30,0,24,24,29,27,0,home,4.0,219.0,150.0,-170.0,2.5,112.0,1.0,0,True,1716.7791462677549,1696.0467702390902,1754.6525405683672,1658.1733759384779,20.732376028664703,0.6670763723185332
2022,2022-01-24,True,False,chi,okc,111,110,35,23,34,19,0,27,21,30,32,0,away,1.0,218.0,-110.0,-110.0,3.0,112.0,2.0,1,False,1270.3425973586975,1402.1889890107686,1256.4872226446657,1416.0443637248004,-131.84639165207113,0.454297281581634
2022,2022-01-24,True,False,ny,cle,93,95,23,27,19,24,0,28,22,26,19,0,home,4.5,201.5,170.0,-190.0,3.5,98.5,0.0,0,True,1621.4253914783233,1467.0018560961955,1629.2877578044336,1459.1394897700852,154.42353538212774,0.8122321135101893
2022,2022-01-24,True,False,ind,no,113,117,32,30,17,34,0,31,30,22,34,0,home,4.0,218.0,145.0,-165.0,3.5,106.5,2.0,1,True,1534.1065021512245,1404.912179560956,1547.334367436563,1391.6843142756175,129.19432259026848,0.7890733062089702
2022,2022-01-24,True,False,utah,phx,109,115,21,35,31,22,0,31,27,27,30,0,home,12.5,220.5,600.0,-900.0,7.5,112.0,0.0,1,True,1850.9423780841616,1476.7515741674413,1854.7583343836536,1472.9356178679493,374.19080391672037,0.9387543891215807
2022,2022-01-25,True,False,min,por,109,107,26,29,29,25,0,29,34,19,25,0,away,3.0,234.5,-150.0,130.0,3.5,113.5,0.0,0,False,1518.0500425270575,1622.129701952838,1494.164361978293,1646.0153825016025,-104.07965942578062,0.4941291679582507
2022,2022-01-25,True,False,dal,gs,92,130,20,31,27,14,0,29,34,34,33,0,home,3.5,212.0,145.0,-165.0,2.5,105.5,1.0,1,True,1617.6646647049622,1754.6525405683672,1706.81122510748,1665.5059801658495,-136.98787586340495,0.446970356536314
2022,2022-01-25,True,False,no,phi,107,117,24,34,28,21,0,20,30,36,31,0,home,11.5,211.5,475.0,-650.0,10.5,108.0,0.0,1,True,1662.4761332852613,1547.334367436563,1683.736238636998,1526.0742620848264,115.14176584869824,0.7752950672559321
2022,2022-01-25,True,False,sac,bos,75,128,13,17,25,20,0,38,25,34,31,0,home,9.0,218.0,350.0,-420.0,3.0,106.5,1.0,0,True,1588.125570154141,1213.4963047751996,1595.9270189515305,1205.6948559778102,374.62926537894145,0.938899344111512
2022,2022-01-25,True,False,sa,hou,134,104,34,32,39,29,0,23,28,23,30,0,away,4.5,234.5,-185.0,165.0,1.5,114.5,1.0,1,False,1316.2906816576433,1325.40796127148,1221.4198086325107,1420.2788342966126,-9.117279613836672,0.6278870819030674
2022,2022-01-25,True,False,lal,bkn,106,96,33,29,30,14,0,25,28,25,18,0,away,3.5,225.0,-165.0,145.0,1.0,109.5,1.0,0,False,1541.7518226761729,1389.4590326491455,1467.553345687272,1463.6575096380463,152.29279002702742,0.8103543120728625
2022,2022-01-25,True,False,cha,tor,113,125,27,34,25,27,0,39,37,29,20,0,away,1.0,220.5,-125.0,105.0,4.5,108.0,0.0,1,True,1567.1986138628488,1623.0079290038873,1616.4887070586692,1573.7178358080669,-55.809315141038496,0.563254772436224
2022,2022-01-25,True,False,den,det,110,105,34,35,28,13,0,32,27,26,20,0,away,7.0,218.5,-275.0,235.0,1.5,107.0,0.0,0,False,1342.0009578272093,1462.1595767214874,1304.866806004978,1499.2937285437188,-120.1586188942781,0.47102192590806236
2022,2022-01-25,True,False,lac,wsh,116,115,23,13,40,40,0,32,34,27,22,0,home,5.0,219.0,175.0,-200.0,4.5,111.5,0.0,1,False,1365.1673038466886,1365.7216078538268,1345.668726563656,1385.2201851368593,-0.5543040071381711,0.639329562514122
2022,2022-01-26,True,False,phx,utah,105,97,39,11,24,31,0,18,30,16,33,0,home,1.0,223.0,-110.0,-110.0,0.5,114.5,0.0,0,False,1472.9356178679493,1854.7583343836536,1456.9946296088626,1870.6993226427403,-381.8227165157043,0.16488764573430237
2022,2022-01-26,True,False,tor,chi,105,111,27,23,32,23,0,31,36,24,20,0,home,4.5,220.0,160.0,-180.0,2.5,107.5,1.0,0,True,1416.0443637248004,1616.4887070586692,1470.897194988149,1561.6358757953205,-200.4443433338688,0.35934593044266894
2022,2022-01-26,True,False,den,bkn,124,118,29,25,42,28,0,28,37,26,27,0,away,5.5,219.0,-210.0,180.0,6.0,106.5,1.0,1,False,1467.553345687272,1499.2937285437188,1416.4391380188927,1550.407936212098,-31.740382856446786,0.5969887861891664
2022,2022-01-26,True,False,ny,mia,96,110,16,30,21,29,0,30,29,33,18,0,home,6.0,202.5,200.0,-240.0,0.5,98.0,1.0,1,True,1659.4615913704401,1459.1394897700852,1674.425531403829,1444.1755497366964,200.32210160035493,0.849257964761139
2022,2022-01-26,True,False,dal,por,132,112,40,28,30,34,0,25,34,22,31,0,away,5.0,217.5,-180.0,160.0,0.5,106.0,1.0,1,False,1494.164361978293,1665.5059801658495,1440.7481900847865,1718.922152059356,-171.34161818755638,0.3987501920263027
2022,2022-01-26,True,False,sac,atl,104,121,33,17,24,30,0,21,46,27,27,0,home,11.0,227.0,425.0,-550.0,1.5,110.5,1.0,0,True,1554.9064293050744,1205.6948559778102,1561.5096438956682,1199.0916413872164,349.2115733272642,0.9299466211124933
2022,2022-01-26,True,False,cha,ind,158,126,33,38,42,45,0,36,34,24,32,0,away,2.0,229.5,-130.0,110.0,1.5,111.0,1.0,1,False,1391.6843142756175,1573.7178358080669,1332.5934385214223,1632.808711562262,-182.0335215324494,0.3840902458668557
2022,2022-01-26,True,False,lac,orl,111,102,23,26,27,35,0,25,23,30,24,0,home,1.0,213.0,100.0,-120.0,1.0,109.5,0.0,2,False,1221.70523813713,1385.2201851368593,1180.2071830902894,1426.7182401837,-163.51494699972932,0.4095994617400057
2022,2022-01-26,True,False,mem,sa,118,110,34,27,33,24,0,25,33,28,24,0,away,4.0,228.5,-170.0,150.0,2.5,116.5,1.0,0,False,1420.2788342966126,1658.1733759384779,1390.1775397907327,1688.2746704443578,-237.89454164186532,0.31135657990339477
2022,2022-01-26,True,False,mil,cle,99,115,35,22,20,22,0,26,39,30,20,0,away,4.0,217.5,-180.0,160.0,4.5,111.5,0.0,0,True,1629.2877578044336,1603.3214520028919,1668.9311920259993,1563.6780177813262,25.966305801541694,0.6737335538196211
2022,2022-01-27,True,False,lal,phi,87,105,22,26,20,19,0,32,22,34,17,0,home,6.0,216.0,200.0,-240.0,2.5,105.5,1.0,0,True,1683.736238636998,1463.6575096380463,1698.2575368399753,1449.136211435069,220.07872899895165,0.8632466213871004
2022,2022-01-27,True,False,min,gs,115,124,29,32,20,34,0,29,28,38,29,0,home,6.5,229.5,200.0,-240.0,6.5,112.5,1.0,1,True,1706.81122510748,1646.0153825016025,1733.9176407844834,1618.908966824599,60.7958426058774,0.7161848738698722
2022,2022-01-28,True,False,min,phx,124,134,32,34,27,31,0,40,34,26,34,0,home,8.0,228.5,320.0,-380.0,2.5,111.0,1.0,1,True,1870.6993226427403,1618.908966824599,1880.526635438166,1609.0816540291733,251.79035581814128,0.8834040426233113
2022,2022-01-28,True,False,chi,sa,122,131,35,33,23,31,0,29,34,35,33,0,home,2.0,232.0,110.0,-130.0,2.0,118.5,1.0,1,True,1390.1775397907327,1470.897194988149,1438.0261772518445,1423.0485575270372,-80.71965519741639,0.5277181996374987
2022,2022-01-28,True,False,den,no,116,105,26,24,36,30,0,17,31,30,27,0,away,4.0,222.5,-165.0,145.0,2.5,107.0,1.0,0,False,1526.0742620848264,1550.407936212098,1459.685175997076,1616.7970222998485,-24.333674127271706,0.6072030374901279
2022,2022-01-28,True,False,ny,mil,108,123,30,33,25,20,0,39,28,26,30,0,home,9.0,216.5,320.0,-380.0,4.5,105.5,1.0,1,True,1563.6780177813262,1444.1755497366964,1587.6912087653213,1420.1623587527013,119.50246804462972,0.7796379512454276
2022,2022-01-28,True,False,utah,mem,109,119,30,21,27,31,0,31,28,29,31,0,home,5.0,225.0,190.0,-220.0,0.5,115.5,1.0,1,True,1688.2746704443578,1456.9946296088626,1699.3558361642604,1445.91346388896,231.28004083549513,0.8706818743116889
2022,2022-01-28,True,False,ind,okc,113,110,29,22,22,27,13,30,24,26,20,10,away,1.5,222.5,-130.0,110.0,1.0,108.0,1.0,1,False,1256.4872226446657,1332.5934385214223,1223.8946108356529,1365.1860503304351,-76.10621587675655,0.5343318116645661
2022,2022-01-28,True,False,bos,atl,92,108,20,27,30,15,0,32,30,18,28,0,home,1.5,217.5,115.0,-135.0,3.5,111.5,1.0,0,True,1561.5096438956682,1595.9270189515305,1612.2124508443515,1545.2242120028473,-34.417375055862294,0.5932757679620336
2022,2022-01-28,True,False,det,orl,103,119,19,32,24,28,0,39,28,25,27,0,home,3.5,215.5,145.0,-165.0,3.0,104.5,1.0,1,True,1180.2071830902894,1304.866806004978,1246.9544523744541,1238.1195367208131,-124.6596229146885,0.46457142170235816
2022,2022-01-28,True,False,lal,cha,114,117,21,28,36,29,0,31,34,22,30,0,home,9.5,226.0,340.0,-410.0,0.5,109.5,0.0,1,True,1632.808711562262,1449.136211435069,1641.2304038161922,1440.714519181139,183.67250012719296,0.8365733824928375
2022,2022-01-28,True,False,lac,mia,114,121,19,26,35,34,0,28,29,39,25,0,home,8.5,208.5,310.0,-370.0,1.0,107.5,0.0,1,True,1674.425531403829,1426.7182401837,1683.15474722172,1417.9890243658087,247.70729122012904,0.8809611968546914
2022,2022-01-28,True,False,por,hou,125,110,32,34,25,34,0,20,33,32,25,0,away,2.5,235.0,-150.0,130.0,2.5,114.5,1.0,2,False,1221.4198086325107,1440.7481900847865,1180.5858933656505,1481.5821053516468,-219.32838145227583,0.33472094917942813
2022,2022-01-29,True,False,tor,mia,124,120,28,31,26,15,24,27,26,22,25,20,home,2.5,212.0,125.0,-145.0,2.5,102.0,0.0,1,False,1683.15474722172,1561.6358757953205,1633.801114898731,1610.9895081183097,121.51887142639953,0.7816256503992159
2022,2022-01-29,True,False,bos,no,107,97,27,25,26,29,0,15,19,36,27,0,away,6.5,215.5,-240.0,200.0,1.0,109.5,1.0,0,False,1459.685175997076,1545.2242120028473,1404.7370327195601,1600.172355280363,-85.53903600577132,0.5207989908032847
2022,2022-01-29,True,False,ind,dal,105,132,23,37,20,25,0,34,38,32,28,0,home,10.0,216.5,425.0,-550.0,2.5,106.0,1.0,1,True,1718.922152059356,1365.1860503304351,1726.3275934863914,1357.7806089033998,353.73610172892086,0.9316244806867187
2022,2022-01-29,True,False,sac,phi,101,103,31,30,22,18,0,27,23,31,22,0,home,10.5,218.5,425.0,-550.0,9.5,106.5,0.0,0,True,1698.2575368399753,1199.0916413872164,1699.2505333109236,1198.098644916268,499.16589545275883,0.9692035774481123
2022,2022-01-29,True,False,wsh,mem,95,115,15,26,31,23,0,30,33,24,28,0,home,6.0,228.0,190.0,-220.0,2.5,110.0,1.0,0,True,1699.3558361642604,1345.668726563656,1706.1239601283053,1338.9006025996111,353.68710960060434,0.9316065136523032
2022,2022-01-29,True,False,bkn,gs,106,110,20,27,29,30,0,31,23,24,32,0,home,10.5,226.0,370.0,-440.0,3.5,109.5,0.0,0,True,1733.9176407844834,1416.4391380188927,1738.3751273909616,1411.9816514124145,317.47850276559075,0.9170709518715411
2022,2022-01-30,True,False,utah,min,106,126,20,28,27,31,0,26,26,40,34,0,home,2.0,228.0,115.0,-135.0,1.0,116.5,1.0,1,True,1609.0816540291733,1445.91346388896,1629.8360879941488,1425.1590299239845,163.16819014021326,0.8197888929572096
2022,2022-01-30,True,False,dal,orl,108,110,34,25,29,20,0,23,41,27,19,0,away,5.0,212.5,-190.0,170.0,5.0,104.0,0.0,1,True,1246.9544523744541,1726.3275934863914,1290.4009891017304,1682.8810567591152,-479.37314111193723,0.10121040931249334
2022,2022-01-30,True,False,den,mil,136,100,33,32,38,33,0,30,27,24,19,0,home,6.5,232.0,210.0,-250.0,6.0,113.5,0.0,1,False,1587.6912087653213,1616.7970222998485,1492.2625403804943,1712.2256906846756,-29.105813534527215,0.600632145302419
2022,2022-01-30,True,False,lal,atl,121,129,33,38,30,20,0,34,28,29,38,0,home,7.5,224.0,250.0,-300.0,7.0,108.0,1.0,1,True,1612.2124508443515,1440.714519181139,1626.5087152898045,1426.4182547356859,171.4979316632125,0.8267644678871225
2022,2022-01-30,True,False,por,chi,116,130,35,30,27,24,0,29,44,31,26,0,home,5.0,228.0,180.0,-210.0,0.5,111.0,1.0,1,True,1423.0485575270372,1481.5821053516468,1475.5487025165264,1429.0819603621576,-58.533547824609514,0.5593932812206206
2022,2022-01-30,True,False,lac,cha,115,90,24,27,33,31,0,25,22,29,14,0,home,6.0,226.0,200.0,-240.0,6.5,115.0,0.0,0,False,1641.2304038161922,1417.9890243658087,1539.8130798274387,1519.4063483545624,223.24137945038342,0.8653816580020743
2022,2022-01-30,True,False,sa,phx,110,115,31,24,36,19,0,23,27,29,36,0,home,13.5,230.0,650.0,-1000.0,10.5,111.5,0.0,0,True,1880.526635438166,1438.0261772518445,1882.8315365332335,1435.721276156777,442.50045818632157,0.9578268666433251
2022,2022-01-30,True,False,cle,det,105,115,29,26,33,17,0,24,25,35,31,0,away,7.5,207.5,-330.0,270.0,3.0,101.0,0.0,1,True,1238.1195367208131,1668.9311920259993,1329.950848222003,1577.0998805248094,-430.81165530518615,0.12962201265985976
2022,2022-01-31,True,False,por,okc,81,98,31,16,14,20,0,19,20,26,33,0,away,3.5,214.5,-160.0,140.0,0.5,103.5,0.0,0,True,1223.8946108356529,1429.0819603621576,1306.166932178359,1346.8096390194514,-205.1873495265047,0.35308477881665007
2022,2022-01-31,True,False,gs,hou,122,108,23,38,26,35,0,25,27,26,30,0,away,10.0,231.5,-500.0,400.0,3.0,113.0,1.0,0,False,1180.5858933656505,1738.3751273909616,1172.6139803280762,1746.3470404285358,-557.7892340253111,0.06690416658055587
2022,2022-01-31,True,False,tor,atl,106,100,25,23,32,26,0,24,33,15,28,0,away,2.5,212.5,-135.0,115.0,3.0,104.0,1.0,0,False,1626.5087152898045,1610.9895081183097,1570.8311373786955,1666.6670860294187,15.519207171494827,0.6603786385344935
2022,2022-01-31,True,False,mia,bos,92,122,14,31,25,22,0,27,27,40,28,0,home,6.5,208.5,210.0,-250.0,1.0,101.0,1.0,1,True,1600.172355280363,1633.801114898731,1661.4610893894173,1572.5123807896766,-33.628759618367894,0.59437071478121
2022,2022-01-31,True,False,no,cle,90,93,19,20,27,24,0,17,21,22,33,0,home,4.5,207.0,170.0,-190.0,3.0,106.0,0.0,0,True,1577.0998805248094,1404.7370327195601,1586.0761232020043,1395.7607900423652,172.3628478052492,0.8274764049402014
2022,2022-01-31,True,False,lac,ind,116,122,27,28,30,31,0,30,30,24,38,0,home,0.0,224.5,-110.0,-110.0,1.0,115.0,1.0,1,True,1357.7806089033998,1519.4063483545624,1408.105337780371,1469.0816194775912,-161.62573945116264,0.4122319374981227
2022,2022-01-31,True,False,mem,phi,119,122,30,28,22,31,8,39,24,21,27,11,away,3.5,217.5,-160.0,140.0,3.5,112.5,0.0,1,True,1699.2505333109236,1706.1239601283053,1721.7645098641528,1683.609983575076,-6.873426817381642,0.6308999735905207
2022,2022-01-31,True,False,sac,ny,96,116,23,18,25,30,0,31,23,30,32,0,home,7.0,212.0,245.0,-290.0,0.5,102.0,1.0,2,True,1420.1623587527013,1198.098644916268,1435.0056054306824,1183.255398238287,222.06371383643318,0.8645899500158198
2022,2022-02-01,True,False,no,det,111,101,31,26,27,27,0,33,32,22,14,0,away,2.5,218.0,-140.0,120.0,3.5,111.0,1.0,0,False,1329.950848222003,1395.7607900423652,1272.0225174509565,1453.6891208134118,-65.80994182036216,0.5490452343787335
2022,2022-02-01,True,False,wsh,mil,98,112,20,20,33,25,0,24,29,25,34,0,home,11.5,228.5,500.0,-700.0,3.5,110.5,1.0,0,True,1492.2625403804943,1338.9006025996111,1511.757373012253,1319.4057699678524,153.36193778088318,0.8112983321515059
2022,2022-02-01,True,False,mia,tor,106,110,32,30,21,23,0,22,28,30,30,0,home,1.5,210.5,105.0,-125.0,3.5,103.0,1.0,1,True,1666.6670860294187,1572.5123807896766,1682.6175877446203,1556.561879074475,94.15470523974204,0.7535515015438523
2022,2022-02-01,True,False,den,min,115,130,28,23,27,37,0,30,39,31,30,0,home,1.5,228.5,105.0,-125.0,5.0,110.5,1.0,1,True,1629.8360879941488,1712.2256906846756,1687.743944708157,1654.3178339706674,-82.38960269052677,0.5253217175579081
2022,2022-02-01,True,False,gs,sa,124,120,30,31,28,35,0,36,33,35,16,0,home,6.5,219.0,210.0,-250.0,1.5,107.5,0.0,1,False,1435.721276156777,1746.3470404285358,1419.4857298319744,1762.5825867533385,-310.6257642717587,0.22926618439229243
2022,2022-02-01,True,False,bkn,phx,111,121,29,29,24,29,0,39,26,26,30,0,home,7.0,230.0,240.0,-280.0,2.0,113.0,1.0,1,True,1882.8315365332335,1411.9816514124145,1885.417625418807,1409.395562526841,470.84988512081895,0.9639480374972682
2022,2022-02-01,True,False,orl,chi,115,126,33,30,31,21,0,34,36,33,23,0,home,8.0,223.0,300.0,-360.0,2.5,115.5,1.0,1,True,1475.5487025165264,1290.4009891017304,1490.5188340630923,1275.4308575551645,185.14771341479604,0.837731080329197
2022,2022-02-02,True,False,bkn,sac,101,112,32,30,24,15,0,23,31,29,29,0,away,5.0,231.0,-210.0,180.0,0.5,112.0,0.0,0,True,1183.255398238287,1409.395562526841,1256.9427068448358,1335.7082539202922,-226.14016428855416,0.3260464897614475
2022,2022-02-02,True,False,den,utah,104,108,30,31,18,25,0,28,32,22,26,0,home,6.5,216.0,215.0,-255.0,5.0,106.0,0.0,0,True,1425.1590299239845,1654.3178339706674,1473.1548047561269,1606.3220591385252,-229.15880404668292,0.32223973603484135
2022,2022-02-02,True,False,okc,dal,120,114,30,21,34,18,17,28,23,25,27,11,home,12.0,207.0,550.0,-800.0,7.0,101.5,0.0,1,False,1682.8810567591152,1306.166932178359,1624.4468160943775,1364.6011728430967,376.7141245807561,0.9395842179014942
2022,2022-02-02,True,False,cle,hou,104,115,31,22,30,21,0,32,32,26,25,0,away,5.0,217.5,-190.0,170.0,6.0,105.5,0.0,1,True,1172.6139803280762,1586.0761232020043,1266.4993689137916,1492.1907346162889,-413.4621428739281,0.14131227759579112
2022,2022-02-02,True,False,por,lal,94,99,16,37,22,19,0,28,26,18,27,0,home,4.0,225.0,155.0,-175.0,3.0,108.0,1.0,0,True,1426.4182547356859,1346.8096390194514,1445.574419359878,1327.6534743952593,79.60861571623445,0.7376732869722137
2022,2022-02-02,True,False,cha,bos,107,113,22,31,25,29,0,27,27,34,25,0,home,6.5,225.0,205.0,-245.0,3.5,109.0,0.0,0,True,1661.4610893894173,1539.8130798274387,1678.1208259437399,1523.1533432731162,121.6480095619786,0.7817525089380816
2022,2022-02-02,True,False,orl,ind,119,118,28,25,33,33,0,34,33,21,30,0,home,3.5,225.0,145.0,-165.0,2.5,115.5,0.0,1,False,1408.105337780371,1275.4308575551645,1386.7694327243303,1296.7667626112052,132.67448022520648,0.7923882889542984
2022,2022-02-02,True,False,wsh,phi,106,103,29,30,22,25,0,28,26,25,24,0,home,10.0,209.0,425.0,-550.0,8.5,103.0,0.0,2,False,1721.7645098641528,1319.4057699678524,1680.5546868131032,1360.615593018902,402.35873989630045,0.9474400561871451
2022,2022-02-02,True,False,mem,ny,120,108,35,29,28,28,0,27,25,27,29,0,away,4.0,218.0,-170.0,150.0,1.5,111.0,1.0,1,False,1435.0056054306824,1683.609983575076,1401.3408241324953,1717.2747648732632,-248.60437814439365,0.29829386831445986
2022,2022-02-03,True,False,min,det,128,117,31,34,38,25,0,32,35,27,23,0,away,7.5,226.5,-300.0,250.0,6.0,110.5,1.0,1,False,1272.0225174509565,1687.743944708157,1256.7437557069195,1703.022706452194,-415.7214272572005,0.13974150100220953
2022,2022-02-03,True,False,phx,atl,115,124,30,31,30,24,0,32,32,36,24,0,away,3.0,229.0,-155.0,135.0,2.0,116.5,0.0,1,True,1570.8311373786955,1885.417625418807,1649.322716255298,1806.9260465422044,-314.58648804011136,0.22526228222767608
2022,2022-02-03,True,False,lal,lac,110,111,26,28,28,28,0,28,32,34,17,0,home,3.5,218.5,145.0,-165.0,1.0,111.0,0.0,1,True,1469.0816194775912,1445.574419359878,1478.8966583131812,1435.759380524288,23.507200117713182,0.670614264925994
2022,2022-02-03,True,False,sac,gs,114,126,23,31,29,31,0,34,39,21,32,0,home,14.0,224.5,700.0,-1100.0,2.5,107.5,0.0,1,True,1762.5825867533385,1256.9427068448358,1764.8090483671176,1254.7162452310567,505.63987990850273,0.9702966898472762
2022,2022-02-03,True,False,chi,tor,120,127,24,26,31,33,6,26,28,33,27,13,home,4.5,223.0,170.0,-190.0,1.5,112.5,1.0,1,True,1682.6175877446203,1490.5188340630923,1694.660122552411,1478.4762992553017,192.09875368152802,0.843097179002287
2022,2022-02-03,True,False,mia,sa,112,95,21,36,31,24,0,19,28,19,29,0,away,8.5,223.5,-310.0,260.0,1.5,108.0,1.0,0,False,1419.4857298319744,1556.561879074475,1362.6576418089282,1613.389967097521,-137.0761492425006,0.4468447532885246
2022,2022-02-04,True,False,phi,dal,98,107,33,30,15,20,0,24,29,32,22,0,away,1.5,210.5,-125.0,105.0,2.0,102.5,0.0,0,True,1624.4468160943775,1680.5546868131032,1668.737948334936,1636.2635545725448,-56.107870718725735,0.5628319470608694
2022,2022-02-04,True,False,no,den,113,105,27,24,31,31,0,29,23,30,23,0,home,5.5,221.5,195.0,-230.0,3.0,114.0,0.0,0,False,1606.3220591385252,1453.6891208134118,1538.3278092000523,1521.6833707518847,152.6329383251134,0.8106550428972217
2022,2022-02-04,True,False,bkn,utah,102,125,24,23,26,29,0,33,35,37,20,0,home,5.5,228.0,190.0,-220.0,3.0,110.0,1.0,0,True,1473.1548047561269,1335.7082539202922,1498.126879749224,1310.7361789271952,137.4465508358346,0.796871106397998
2022,2022-02-04,True,False,bos,det,102,93,28,18,32,24,0,16,15,25,37,0,away,11.0,215.5,-500.0,400.0,2.0,109.0,0.0,0,False,1256.7437557069195,1678.1208259437399,1242.9779058346085,1691.886675816051,-421.3770702368204,0.1358734690512109
2022,2022-02-04,True,False,okc,por,96,93,21,25,29,21,0,19,31,26,17,0,home,5.5,213.5,200.0,-240.0,2.0,102.5,0.0,0,False,1327.6534743952593,1364.6011728430967,1291.6801348345793,1400.5745124037767,-36.94769844783741,0.5897563475955409
2022,2022-02-04,True,False,atl,tor,114,125,28,31,27,28,0,39,21,36,29,0,home,2.0,221.0,110.0,-130.0,1.0,107.5,1.0,1,True,1694.660122552411,1649.322716255298,1726.2731151189068,1617.7097236888021,45.33740629711292,0.6977548463571055
2022,2022-02-04,True,False,chi,ind,122,115,40,25,28,29,0,33,29,28,25,0,away,1.0,228.5,-115.0,-105.0,1.0,115.5,1.0,1,False,1386.7694327243303,1478.4762992553017,1339.9299484877274,1525.3157834919045,-91.70686653097141,0.5119325123177545
2022,2022-02-04,True,False,hou,sa,106,131,25,29,23,29,0,33,24,40,34,0,home,8.0,237.0,270.0,-330.0,4.0,113.5,1.0,2,True,1362.6576418089282,1266.4993689137916,1394.609027894433,1234.5479828282869,96.15827289513663,0.7556871307904466
2022,2022-02-04,True,False,cle,cha,102,101,22,30,24,26,0,31,15,19,36,0,home,7.0,216.5,200.0,-240.0,7.0,105.0,0.0,0,False,1523.1533432731162,1492.1907346162889,1503.0365217353667,1512.3075561540384,30.962608656827342,0.6800238427680746
2022,2022-02-05,True,False,mil,por,137,108,34,36,37,30,0,26,28,21,33,0,away,10.5,230.0,-550.0,425.0,1.5,117.5,1.0,1,False,1291.6801348345793,1511.757373012253,1241.7318002658988,1561.7057075809337,-220.07723817767373,0.33376170055167603
2022,2022-02-05,True,False,okc,sac,103,113,30,27,22,24,0,36,28,25,24,0,home,7.5,211.0,270.0,-330.0,3.0,103.0,1.0,1,True,1254.7162452310567,1400.5745124037767,1314.3927830657935,1340.89797456904,-145.85826717271993,0.4343852435195498
2022,2022-02-05,True,False,ny,lal,115,122,42,29,13,27,4,29,27,31,24,11,home,5.0,215.5,180.0,-210.0,7.0,105.0,1.0,1,True,1435.759380524288,1401.3408241324953,1463.6801083829341,1373.4200962738491,34.41855639179266,0.684337024387968
2022,2022-02-05,True,False,phx,wsh,95,80,33,26,26,10,0,21,11,19,29,0,away,8.0,218.5,-330.0,270.0,2.0,111.5,1.0,0,False,1360.615593018902,1806.9260465422044,1345.990400058716,1821.5512395023904,-446.3104535233024,0.11988462133923125
2022,2022-02-05,True,False,mem,orl,135,115,37,39,32,27,0,24,32,25,34,0,away,8.0,226.0,-360.0,300.0,1.0,115.5,1.0,1,False,1296.7667626112052,1717.2747648732632,1278.486461623636,1735.5550658608324,-420.50800226205797,0.13646192287279954
2022,2022-02-05,True,False,mia,cha,104,86,31,15,35,23,0,23,28,8,27,0,away,2.5,227.0,-140.0,120.0,2.5,110.0,1.0,0,False,1503.0365217353667,1613.389967097521,1440.1886420110038,1676.237846821884,-110.35344536215439,0.4851046032649637
2022,2022-02-06,True,False,no,hou,120,107,26,23,38,33,0,21,33,23,30,0,away,6.5,226.5,-270.0,230.0,7.0,116.5,1.0,1,False,1234.5479828282869,1521.6833707518847,1205.0505017589512,1551.1808518212204,-287.1353879235978,0.25402907678708514
2022,2022-02-06,True,False,atl,dal,94,103,26,24,26,18,0,29,25,26,23,0,away,1.5,223.5,-120.0,100.0,1.0,107.5,0.0,0,True,1668.737948334936,1617.7097236888021,1697.211222547186,1589.236449476552,51.02822464613382,0.7046184097385038
2022,2022-02-06,True,False,bos,orl,116,83,21,28,29,38,0,15,24,22,22,0,away,9.0,215.0,-430.0,360.0,2.0,108.5,1.0,0,False,1278.486461623636,1691.886675816051,1256.553755274321,1713.8193821653658,-413.400214192415,0.14135554075325923
2022,2022-02-06,True,False,det,min,105,118,26,30,23,26,0,24,31,28,35,0,home,12.5,231.0,600.0,-900.0,7.5,112.0,1.0,0,True,1703.022706452194,1242.9779058346085,1706.0669073937468,1239.9337048930556,460.04480061758545,0.9617229907775332
2022,2022-02-06,True,False,mil,lac,137,113,28,32,39,38,0,32,19,30,32,0,away,5.5,227.0,-210.0,180.0,0.5,115.5,1.0,1,False,1478.8966583131812,1561.7057075809337,1404.5803403775878,1636.022025516527,-82.80904926775247,0.5247195970593546
2022,2022-02-06,True,False,ind,cle,85,98,27,20,21,17,0,12,24,25,37,0,home,7.0,212.5,230.0,-270.0,6.5,102.5,1.0,0,True,1512.3075561540384,1339.9299484877274,1529.394010557876,1322.8434940838897,172.37760766631095,0.8274885340799882
2022,2022-02-06,True,False,bkn,den,104,124,40,35,16,13,0,39,37,31,17,0,home,8.5,228.0,290.0,-350.0,5.0,111.0,1.0,2,True,1538.3278092000523,1310.7361789271952,1552.7023784275661,1296.3616096996814,227.59163027285717,0.8682723628072307
2022,2022-02-06,True,False,phi,chi,119,108,34,27,28,30,0,26,26,29,27,0,away,4.0,220.0,-170.0,150.0,0.5,106.5,1.0,1,False,1525.3157834919045,1636.2635545725448,1472.36986621527,1689.2094718491794,-110.94777108064022,0.48425010325613604
2022,2022-02-07,True,False,mia,wsh,121,100,39,21,31,30,0,24,29,17,30,0,away,7.5,207.5,-280.0,240.0,1.5,101.5,1.0,1,False,1345.990400058716,1676.237846821884,1317.4401192267521,1704.7881276538478,-330.247446763168,0.2099194782016959
2022,2022-02-07,True,False,phx,chi,127,124,36,31,35,25,0,29,20,34,41,0,away,6.5,228.5,-265.0,225.0,2.0,115.5,0.0,1,False,1472.36986621527,1821.5512395023904,1460.633227515769,1833.2878782018913,-349.18137328712055,0.19241352782358392
2022,2022-02-07,True,False,gs,okc,110,98,20,36,29,25,0,23,23,26,26,0,away,12.0,210.0,-900.0,600.0,4.0,103.5,2.0,0,False,1340.89797456904,1764.8090483671176,1325.7558616675797,1779.9511612685778,-423.9110737980777,0.13416987301426742
2022,2022-02-07,True,False,ny,utah,104,113,28,29,29,18,0,28,31,23,31,0,home,7.0,218.5,260.0,-310.0,3.5,106.0,1.0,0,True,1498.126879749224,1373.4200962738491,1517.5173727796407,1354.0296032434323,124.70678347537478,0.784741752051979
2022,2022-02-07,True,False,tor,cha,116,101,35,21,24,36,0,21,20,34,26,0,away,1.0,225.0,-120.0,100.0,3.0,109.0,1.0,0,False,1440.1886420110038,1726.2731151189068,1409.0585839249875,1757.4031732049232,-286.084473107903,0.2551771614959147
2022,2022-02-08,True,False,det,dal,86,116,26,25,20,15,0,36,29,33,18,0,home,10.5,212.0,450.0,-600.0,1.5,103.5,1.0,0,True,1697.211222547186,1239.9337048930556,1701.2411612627861,1235.9037661774555,457.2775176541304,0.9611322538623633
2022,2022-02-08,True,False,min,sac,134,114,35,38,29,32,0,35,32,23,24,0,away,8.0,235.0,-340.0,280.0,3.0,114.5,1.0,1,False,1314.3927830657935,1706.0669073937468,1293.3308879694177,1727.1288024901226,-391.6741243279532,0.15722644316146997
2022,2022-02-08,True,False,orl,por,113,95,32,30,21,30,0,28,19,32,16,0,away,1.5,222.0,-115.0,-105.0,4.0,113.5,1.0,0,False,1241.7318002658988,1256.553755274321,1161.3838205951768,1336.901734945043,-14.821955008422265,0.6201828124075517
2022,2022-02-08,True,False,mil,lal,131,116,38,40,31,22,0,24,32,29,31,0,away,4.0,234.5,-165.0,145.0,3.5,118.5,1.0,1,False,1463.6801083829341,1636.022025516527,1415.2033317345001,1684.498802164961,-172.34191713359291,0.39737048448282764
2022,2022-02-08,True,False,ny,den,115,132,36,24,34,21,0,40,43,28,21,0,home,9.0,221.0,330.0,-400.0,1.5,107.5,1.0,1,True,1552.7023784275661,1354.0296032434323,1568.8251374241543,1337.9068442468442,198.6727751841338,0.8480384823629676
2022,2022-02-08,True,False,hou,no,97,110,30,23,23,21,0,35,29,22,24,0,home,8.5,224.5,330.0,-400.0,1.0,110.0,1.0,0,True,1551.1808518212204,1205.0505017589512,1557.3241618422255,1198.907191737946,346.13035006226914,0.9287822830427603
2022,2022-02-08,True,False,ind,atl,112,133,22,28,25,37,0,40,36,30,27,0,home,12.5,227.5,600.0,-900.0,1.0,111.0,1.0,1,True,1589.236449476552,1322.8434940838897,1600.8581046012011,1311.2218389592406,266.3929553926623,0.8917871529961398
2022,2022-02-08,True,False,bos,bkn,126,91,35,34,28,29,0,16,27,28,20,0,away,10.5,213.5,-450.0,375.0,1.5,109.5,1.0,1,False,1296.3616096996814,1713.8193821653658,1274.5166665735073,1735.6643252915399,-417.45777246568446,0.13854426017187843
2022,2022-02-08,True,False,lac,mem,109,135,27,28,19,35,0,38,32,34,31,0,home,8.0,226.5,275.0,-335.0,0.5,116.0,1.0,1,True,1735.5550658608324,1404.5803403775878,1743.9673749066794,1396.1680313317408,330.9747254832446,0.9227912282139794
2022,2022-02-08,True,False,phx,phi,114,109,29,26,28,31,0,25,34,25,25,0,home,1.5,217.5,100.0,-120.0,0.5,111.0,0.0,1,False,1689.2094718491794,1833.2878782018913,1654.765071053485,1867.7322789975856,-144.0784063527119,0.43690422975607424
2022,2022-02-09,True,False,lal,por,105,107,18,36,24,27,0,18,29,29,31,0,away,9.0,221.5,-460.0,380.0,4.0,107.5,0.0,0,True,1161.3838205951768,1415.2033317345001,1195.605451962347,1380.98170036733,-253.81951113932337,0.29204838023723356
2022,2022-02-09,True,False,min,sac,119,132,37,27,37,18,0,29,42,28,33,0,away,7.0,236.5,-330.0,270.0,7.0,115.0,0.0,1,True,1293.3308879694177,1727.1288024901226,1394.6216651799973,1625.838025279543,-433.7979145207048,0.12769491871634506
2022,2022-02-09,True,False,gs,utah,85,111,31,18,16,20,0,30,25,24,32,0,home,1.0,226.0,100.0,-120.0,1.5,109.0,1.0,0,True,1517.5173727796407,1779.9511612685778,1621.6535890957862,1675.8149449524324,-262.4337884889371,0.281902507549597
2022,2022-02-09,True,False,chi,cha,121,109,28,30,31,32,0,29,16,31,33,0,away,1.5,237.0,-125.0,105.0,2.5,119.0,1.0,0,False,1409.0585839249875,1460.633227515769,1344.8152125259703,1524.8765989147862,-51.574643590781534,0.5692418910562558
2022,2022-02-09,True,False,sa,cle,92,105,30,18,25,19,0,29,28,27,21,0,home,5.5,217.5,190.0,-220.0,0.5,104.0,1.0,0,True,1529.394010557876,1394.609027894433,1550.4343947368775,1373.5686437154316,134.7849826634431,0.7943798157165779
2022,2022-02-09,True,False,tor,okc,117,98,34,25,28,30,0,22,29,21,26,0,away,10.5,205.0,-550.0,425.0,4.0,101.5,1.0,1,False,1325.7558616675797,1757.4031732049232,1308.741505218826,1774.4175296536769,-431.6473115373435,0.12908026618517127
2022,2022-02-10,True,False,mem,det,132,107,41,24,30,37,0,19,31,30,27,0,away,12.0,225.0,-750.0,525.0,2.5,114.5,1.0,1,False,1235.9037661774555,1743.9673749066794,1223.4109780277468,1756.4601630563882,-508.0636087292239,0.08714505543009178
2022,2022-02-10,True,False,bkn,wsh,112,113,27,32,19,34,0,24,31,31,27,0,home,1.0,218.5,-105.0,-115.0,1.0,106.5,2.0,1,True,1317.4401192267521,1274.5166665735073,1326.3646842980047,1265.5921015022548,42.923452653244794,0.6948162841174421
2022,2022-02-10,True,False,mia,no,112,97,27,29,27,29,0,24,31,18,24,0,away,4.0,217.5,-175.0,155.0,2.5,106.0,1.0,0,False,1557.3241618422255,1704.7881276538478,1504.6086874808661,1757.5036020152072,-147.4639658116223,0.43211564454115103
2022,2022-02-10,True,False,tor,hou,139,120,37,36,31,35,0,41,23,28,28,0,away,7.0,224.0,-320.0,265.0,1.5,109.5,1.0,1,False,1198.907191737946,1774.4175296536769,1190.8916453680495,1782.4330760235734,-575.5103379157308,0.06081034343920837
2022,2022-02-10,True,False,lac,dal,105,112,28,22,31,24,0,36,23,30,23,0,home,6.5,215.0,220.0,-260.0,1.0,111.0,1.0,1,True,1701.2411612627861,1396.1680313317408,1707.4473765198097,1389.9618160747173,305.0731299310453,0.9114757429714153
2022,2022-02-10,True,False,mil,phx,107,131,34,22,21,30,0,31,33,33,34,0,home,3.0,233.5,135.0,-155.0,1.0,118.0,1.0,1,True,1867.7322789975856,1684.498802164961,1887.335491216116,1664.8955899464306,183.23347683262455,0.836227570993324
2022,2022-02-10,True,False,ny,gs,116,114,33,24,31,28,0,28,34,20,32,0,home,9.0,216.5,380.0,-460.0,4.5,105.5,0.0,1,False,1675.8149449524324,1337.9068442468442,1642.3732541294596,1371.348535069817,337.90810070558814,0.9255872885119755
2022,2022-02-11,True,False,sa,atl,136,121,43,30,30,33,0,29,27,31,34,0,home,8.5,233.0,320.0,-380.0,9.0,112.0,0.0,1,False,1600.8581046012011,1373.5686437154316,1514.570678127871,1459.8560701887618,227.28946088576959,0.8680732875792595
2022,2022-02-11,True,False,orl,utah,99,114,12,27,35,25,0,28,16,33,37,0,home,11.5,223.0,550.0,-800.0,5.5,114.0,1.0,0,True,1621.6535890957862,1336.901734945043,1630.9998832884125,1327.5554407524166,284.75185415074316,0.9015715669267218
2022,2022-02-11,True,False,cha,det,141,119,36,43,31,31,0,29,26,32,32,0,away,6.0,227.5,-245.0,205.0,3.0,111.5,1.0,1,False,1223.4109780277468,1344.8152125259703,1158.6743961632908,1409.5517943904263,-121.40423449822356,0.4692357408890699
2022,2022-02-11,True,False,min,chi,122,134,27,32,32,31,0,27,33,32,42,0,home,0.0,240.5,-105.0,-115.0,1.0,116.0,1.0,1,True,1524.8765989147862,1625.838025279543,1581.4616348176437,1569.2529893766855,-100.96142636475679,0.4986163997719211
2022,2022-02-11,True,False,okc,phi,87,100,24,17,20,26,0,24,22,31,23,0,home,13.5,206.0,700.0,-1100.0,6.0,100.5,0.0,0,True,1654.765071053485,1308.741505218826,1660.9123769956948,1302.594199276616,346.02356583465894,0.9287416125675284
2022,2022-02-11,True,False,den,bos,102,108,32,28,19,23,0,30,21,25,32,0,home,7.0,218.5,210.0,-250.0,6.0,105.5,0.0,0,True,1735.6643252915399,1568.8251374241543,1748.6602784912654,1555.8291842244287,166.8391878673856,0.8228897543663302
2022,2022-02-11,True,False,cle,ind,120,113,28,35,25,32,0,47,27,22,17,0,away,6.0,215.5,-230.0,195.0,6.5,104.5,1.0,1,False,1311.2218389592406,1550.4343947368775,1282.8827647559879,1578.7734689401302,-239.2125557776369,0.309732134972856
2022,2022-02-12,True,False,den,tor,110,109,31,25,27,27,0,25,32,29,23,0,home,5.5,221.5,180.0,-210.0,3.5,107.0,0.0,0,False,1782.4330760235734,1555.8291842244287,1760.860416376259,1577.401843871743,226.60389179914478,0.8676206748129908
2022,2022-02-12,True,False,orl,phx,105,132,26,27,25,27,0,36,31,33,32,0,home,16.5,222.5,1100.0,-2500.0,5.5,114.5,1.0,1,True,1887.335491216116,1327.5554407524166,1889.3963269693859,1325.4946049991468,559.7800504636994,0.978075867537424
2022,2022-02-12,True,False,lal,gs,115,117,26,36,32,21,0,32,33,30,22,0,home,6.0,227.0,240.0,-280.0,3.0,111.0,0.0,1,True,1642.3732541294596,1380.98170036733,1646.6278566905764,1376.7270978062131,261.39155376212966,0.8889772995159467
2022,2022-02-12,True,False,lac,dal,99,97,23,26,21,29,0,26,22,19,30,0,home,7.0,213.0,250.0,-300.0,4.5,109.0,0.0,0,False,1707.4473765198097,1389.9618160747173,1673.799654642258,1423.609537952269,317.48556044509246,0.9170740415969831
2022,2022-02-12,True,False,sac,wsh,123,110,24,35,33,31,0,29,36,23,22,0,away,3.0,226.0,-150.0,130.0,3.0,109.0,1.0,1,False,1326.3646842980047,1394.6216651799973,1263.0156214241742,1457.9707280538278,-68.2569808819926,0.5455551923006502
2022,2022-02-12,True,False,bkn,mia,111,115,26,32,18,35,0,26,38,27,24,0,home,11.5,223.0,500.0,-700.0,5.0,108.5,0.0,1,True,1757.5036020152072,1265.5921015022548,1759.0257263322435,1264.0699771852185,491.91150051295244,0.9679324129779492
2022,2022-02-12,True,False,sa,no,124,114,37,22,39,26,0,33,20,29,32,0,home,6.5,229.5,210.0,-250.0,6.0,111.5,0.0,1,False,1504.6086874808661,1459.8560701887618,1434.2156203382203,1530.2491373314076,44.75261729210433,0.6970444415337035
2022,2022-02-12,True,False,mem,cha,125,118,36,38,25,26,0,15,28,32,43,0,away,6.5,239.5,-260.0,220.0,3.5,122.0,1.0,1,False,1409.5517943904263,1756.4601630563882,1391.7600585584855,1774.251898888329,-346.9083686659619,0.19445491707232948
2022,2022-02-12,True,False,ny,por,103,112,23,30,39,11,0,20,28,29,35,0,away,4.5,216.5,-185.0,165.0,1.5,105.5,0.0,0,True,1195.605451962347,1371.348535069817,1257.1341415149486,1309.8198455172153,-175.74308310747006,0.39269158292197376
2022,2022-02-12,True,False,cle,phi,93,103,23,28,20,22,0,36,22,22,23,0,home,2.5,209.5,125.0,-145.0,0.5,102.0,1.0,0,True,1660.9123769956948,1578.7734689401302,1686.215095058604,1553.470750877221,82.13890805556457,0.7404821105366474
2022,2022-02-12,True,False,okc,chi,101,106,29,25,26,21,0,22,28,31,25,0,home,10.0,216.5,450.0,-600.0,8.5,106.0,0.0,0,True,1581.4616348176437,1302.594199276616,1587.7172233803267,1296.3386107139331,278.8674355410276,0.8985244717127516
2022,2022-02-13,True,False,atl,bos,95,105,28,27,23,17,0,17,28,42,18,0,home,7.5,223.5,260.0,-310.0,7.0,108.0,1.0,0,True,1748.6602784912654,1514.570678127871,1759.5614618782467,1503.6694947408896,234.08960036339454,0.8724919951662834
2022,2022-02-13,True,False,min,ind,129,120,33,41,28,27,0,37,25,36,22,0,away,7.5,239.0,-310.0,260.0,1.0,116.5,1.0,1,False,1282.8827647559879,1569.2529893766855,1257.0614726868696,1595.0742814458038,-286.3702246206976,0.2548646513915975
2022,2022-02-14,True,False,sac,bkn,85,109,24,24,18,19,0,35,20,25,29,0,away,1.5,229.5,-125.0,105.0,2.0,111.0,0.0,0,True,1264.0699771852185,1457.9707280538278,1353.5715727187412,1368.4691325203048,-193.9007508686093,0.36806286359315615
2022,2022-02-14,True,False,gs,lac,104,119,37,22,19,26,0,34,27,33,25,0,away,6.0,218.5,-240.0,200.0,6.0,107.5,0.0,1,True,1423.609537952269,1646.6278566905764,1505.3445177714082,1564.8928768714372,-223.01831873830747,0.3300076701577749
2022,2022-02-14,True,False,hou,utah,101,135,24,29,25,23,0,36,42,22,35,0,home,16.0,233.0,900.0,-1600.0,3.0,113.0,1.0,1,True,1630.9998832884125,1190.8916453680495,1635.6418518669543,1186.2496767895077,440.1082379203631,0.9572670838249732
2022,2022-02-14,True,False,sa,chi,109,120,27,30,32,20,0,29,30,24,37,0,home,3.0,234.5,130.0,-150.0,1.5,114.0,1.0,0,True,1587.7172233803267,1530.2491373314076,1617.4662666926,1500.5000940191344,57.468086048919076,0.712275053069812
2022,2022-02-14,True,False,okc,ny,127,123,29,32,30,21,15,31,31,32,18,11,home,10.0,206.5,375.0,-450.0,6.5,102.0,0.0,1,False,1309.8198455172153,1296.3386107139331,1263.8612074697635,1342.297248761385,13.481234803282177,0.65774258090013
2022,2022-02-14,True,False,por,mil,122,107,31,40,23,28,0,30,24,24,29,0,home,11.0,225.5,475.0,-650.0,11.0,108.5,0.0,1,False,1664.8955899464306,1257.1341415149486,1582.659897154308,1339.3698343070712,407.761448431482,0.9489674025675361
2022,2022-02-14,True,False,det,wsh,94,103,22,28,28,16,0,24,26,37,16,0,home,3.5,217.0,145.0,-165.0,2.5,105.5,1.0,0,True,1263.0156214241742,1158.6743961632908,1284.641004291904,1137.049013295561,104.34122526088345,0.764278755789937
2022,2022-02-14,True,False,tor,no,90,120,17,27,25,21,0,29,31,34,26,0,away,3.5,219.5,-165.0,145.0,6.0,106.0,0.0,0,True,1434.2156203382203,1760.860416376259,1553.0703548378453,1642.005681876634,-326.64479603803875,0.21337972303086641
2022,2022-02-14,True,False,orl,den,111,121,14,26,30,41,0,29,24,32,36,0,home,11.5,222.5,475.0,-650.0,2.0,113.5,0.0,1,True,1577.401843871743,1325.4946049991468,1587.222400010865,1315.6740488600249,251.90723887259628,0.8834733274427169
2022,2022-02-15,True,False,bos,phi,135,87,32,37,32,34,0,22,20,16,29,0,away,2.5,209.0,-130.0,110.0,6.5,108.0,1.0,1,False,1686.215095058604,1759.5614618782467,1594.0395341865853,1851.7370227502654,-73.34636681964275,0.5382825902174144
2022,2022-02-15,True,False,dal,mia,107,99,23,28,30,26,0,28,31,19,21,0,home,5.5,211.0,180.0,-210.0,1.0,103.5,0.0,0,False,1759.0257263322435,1673.799654642258,1692.756596002646,1740.0687849718556,85.22607168998547,0.743882540022466
2022,2022-02-15,True,False,cle,atl,116,124,36,25,29,26,0,34,32,28,30,0,home,2.5,221.5,120.0,-140.0,0.5,108.0,1.0,1,True,1503.6694947408896,1553.470750877221,1545.0724483656618,1512.0677972524488,-49.8012561363314,0.5717432671877328
2022,2022-02-15,True,False,ind,mil,119,128,27,36,31,25,0,34,35,30,29,0,home,14.5,239.0,700.0,-1100.0,6.5,115.5,0.0,1,True,1582.659897154308,1257.0614726868696,1588.7316081271529,1250.9897617140248,325.59842446743846,0.920557170484818
2022,2022-02-15,True,False,mem,no,121,109,37,28,28,28,0,27,26,30,26,0,away,3.5,225.0,-160.0,140.0,2.0,115.5,1.0,1,False,1553.0703548378453,1774.251898888329,1515.5621141850224,1811.7601395411518,-221.18154405048358,0.3323496475113811
2022,2022-02-15,True,False,cha,min,120,126,24,34,29,21,12,27,25,26,30,18,home,6.0,244.0,200.0,-240.0,4.5,118.0,2.0,1,True,1595.0742814458038,1391.7600585584855,1605.644156733351,1381.1901832709382,203.31422288731824,0.8514497272671923
2022,2022-02-15,True,False,lac,phx,96,103,26,21,25,24,0,22,31,28,22,0,home,12.5,223.0,650.0,-1000.0,5.5,114.5,0.0,0,True,1889.3963269693859,1505.3445177714082,1893.2346347199232,1501.5062100208709,384.0518091979777,0.9419378988419727
2022,2022-02-16,True,False,tor,min,103,91,30,19,23,31,0,23,28,23,17,0,home,1.0,228.0,100.0,-120.0,0.5,110.0,0.0,0,False,1605.644156733351,1642.005681876634,1538.9934618156951,1708.65637679429,-36.36152514328296,0.5905724869184031
2022,2022-02-16,True,False,por,mem,123,119,36,32,26,29,0,32,25,33,29,0,home,12.5,230.5,550.0,-800.0,12.0,111.5,0.0,1,False,1811.7601395411518,1339.3698343070712,1765.3838686220543,1385.7461052261688,472.39030523408064,0.9642549337290678
2022,2022-02-16,True,False,utah,lal,101,106,27,26,26,22,0,27,19,25,35,0,away,4.0,226.0,-175.0,155.0,2.5,113.0,0.0,0,True,1376.7270978062131,1635.6418518669543,1433.015334263835,1579.3536154093324,-258.9147540607412,0.2860212973448154
2022,2022-02-16,True,False,den,gs,117,116,25,29,24,39,0,33,30,23,30,0,home,5.0,227.5,175.0,-200.0,0.0,111.5,0.0,1,False,1564.8928768714372,1587.222400010865,1546.290294065457,1605.8249828168452,-22.329523139427693,0.609951226407136
2022,2022-02-16,True,False,hou,phx,121,124,32,35,28,26,0,27,32,30,35,0,home,17.0,234.5,1000.0,-2000.0,13.5,113.5,0.0,1,True,1893.2346347199232,1186.2496767895077,1893.5746231739872,1185.9096883354437,706.9849579304155,0.9904855052755597
2022,2022-02-16,True,False,det,bos,112,111,23,25,36,28,0,25,27,31,28,0,home,12.0,213.0,600.0,-900.0,6.0,104.0,0.0,1,False,1851.7370227502654,1137.049013295561,1834.1123763847957,1154.6736596610308,714.6880094547043,0.9908944253020574
2022,2022-02-16,True,False,sa,okc,114,106,34,39,16,25,0,29,29,23,25,0,away,8.0,218.5,-340.0,280.0,0.5,107.0,2.0,1,False,1342.297248761385,1500.5000940191344,1301.9811983175393,1540.81614446298,-158.20284525774946,0.4170142110983473
2022,2022-02-16,True,False,sac,chi,118,125,30,29,29,30,0,33,32,25,35,0,home,6.0,232.5,200.0,-240.0,2.0,113.0,1.0,1,True,1617.4662666926,1368.4691325203048,1626.129589458478,1359.8058097544267,248.9971341722951,0.881737639102216
2022,2022-02-16,True,False,bkn,ny,111,106,18,26,29,38,0,38,27,22,19,0,home,4.5,215.0,170.0,-190.0,3.5,104.5,0.0,1,False,1263.8612074697635,1353.5715727187412,1223.2754178696352,1394.1573623188694,-89.71036524897772,0.5148036468819239
2022,2022-02-16,True,False,atl,orl,130,109,37,35,32,26,0,25,28,29,27,0,away,6.0,227.5,-215.0,185.0,2.5,110.0,1.0,1,False,1315.6740488600249,1545.0724483656618,1271.8885120477119,1588.8579851779748,-229.39839950563692,0.3219385859816668
2022,2022-02-16,True,False,wsh,ind,108,113,25,26,25,32,0,25,31,28,29,0,home,1.0,226.0,-110.0,-110.0,1.0,109.5,1.0,0,True,1250.9897617140248,1284.641004291904,1282.9709866679434,1252.6597793379854,-33.6512425778792,0.5943395114339115
2022,2022-02-17,True,False,mia,cha,111,107,37,10,17,23,24,30,24,17,16,20,away,4.0,227.0,-170.0,150.0,4.0,109.0,2.0,0,False,1381.1901832709382,1692.756596002646,1365.0222946275164,1708.9244846460676,-311.5664127317077,0.22831077345971562
2022,2022-02-17,True,False,wsh,bkn,117,103,26,29,23,39,0,28,23,27,25,0,home,4.5,214.0,170.0,-190.0,3.0,104.0,0.0,1,False,1394.1573623188694,1252.6597793379854,1310.5853904473115,1336.2317512095433,141.4975829808841,0.8006196744390788
2022,2022-02-17,True,False,dal,no,125,118,45,26,34,20,0,27,31,23,37,0,away,2.5,217.0,-140.0,120.0,3.0,106.0,1.0,1,False,1515.5621141850224,1740.0687849718556,1485.540990464975,1770.089908691903,-224.50667078683318,0.32811610843050265
2022,2022-02-17,True,False,phi,mil,123,120,24,45,31,23,0,27,34,32,27,0,home,6.5,222.5,220.0,-260.0,6.0,107.5,0.0,1,False,1588.7316081271529,1594.0395341865853,1550.1207810182564,1632.6503612954818,-5.307926059432475,0.6329960090298424
2022,2022-02-17,True,False,hou,lac,111,142,27,32,20,32,0,36,35,36,35,0,home,11.0,227.0,425.0,-550.0,1.5,110.5,1.0,1,True,1501.5062100208709,1185.9096883354437,1511.2145491185152,1176.2013492377994,315.5965216854272,0.9162433088696732
2022,2022-02-24,True,False,cle,det,103,106,33,22,27,21,0,27,25,28,26,0,away,5.5,209.0,-220.0,190.0,2.5,103.0,0.0,2,True,1154.6736596610308,1512.0677972524488,1204.3755720192153,1462.3658848942641,-357.39413759141803,0.18517383543351387
2022,2022-02-24,True,False,gs,por,132,95,31,39,30,32,0,32,25,16,22,0,away,10.0,226.0,-500.0,400.0,2.0,109.5,1.0,1,False,1385.7461052261688,1546.290294065457,1319.5252457818538,1612.511153509772,-160.54418883928815,0.41374127422415363
2022,2022-02-24,True,False,mem,min,114,119,31,25,27,31,0,21,32,31,35,0,away,2.0,240.0,-130.0,110.0,1.0,122.5,0.0,0,True,1538.9934618156951,1765.3838686220543,1592.151164308312,1712.2261661294374,-226.39040680635912,0.32573003081410906
2022,2022-02-24,True,False,phx,okc,124,104,31,17,37,39,0,14,31,32,27,0,away,10.5,221.0,-600.0,450.0,5.5,113.5,1.0,1,False,1301.9811983175393,1893.5746231739872,1294.5152810847196,1901.040540406807,-591.5934248564479,0.05573285813469695
2022,2022-02-24,True,False,atl,chi,108,112,19,31,32,26,0,24,28,30,30,0,home,3.0,240.5,130.0,-150.0,1.5,116.0,1.0,0,True,1626.129589458478,1588.8579851779748,1647.4386507386657,1567.548923897787,37.2716042805032,0.6878740311496375
2022,2022-02-24,True,False,bos,bkn,129,106,35,32,30,32,0,22,30,22,32,0,away,9.0,213.5,-400.0,330.0,0.5,110.0,1.0,1,False,1310.5853904473115,1834.1123763847957,1299.3539991527268,1845.3437676793803,-523.5269859374841,0.0803192477802662
2022,2022-02-24,True,False,den,sac,128,110,35,28,29,36,0,25,33,29,23,0,away,,235.5,-165.0,145.0,1.0,115.0,,1,False,1359.8058097544267,1605.8249828168452,1320.7554885367338,1644.8753040345382,-246.01917306241853,0.30141813319336097
2022,2022-02-25,True,False,no,phx,117,102,31,22,42,22,0,22,28,31,21,0,home,6.5,229.0,220.0,-260.0,5.5,117.0,0.0,0,False,1901.040540406807,1485.540990464975,1819.0721633497628,1567.5093675220191,415.4995499418319,0.9510819577044191
2022,2022-02-25,True,False,hou,orl,111,119,33,18,32,28,0,27,31,28,33,0,home,3.5,235.0,140.0,-160.0,0.5,114.5,1.0,0,True,1271.8885120477119,1176.2013492377994,1293.4896499743302,1154.600211311181,95.68716280991248,0.7551860965004764
2022,2022-02-25,True,False,dal,utah,109,114,34,33,19,23,0,31,29,29,25,0,home,6.0,216.5,195.0,-235.0,5.5,105.0,0.0,1,True,1579.3536154093324,1770.089908691903,1628.8390829949992,1720.6044411062362,-190.7362932825706,0.372309879104137
2022,2022-02-25,True,False,phi,min,133,102,34,31,27,41,0,25,24,25,28,0,away,2.5,230.0,-140.0,120.0,3.5,111.0,1.0,1,False,1592.151164308312,1632.6503612954818,1502.973451119894,1721.8280744838999,-40.49919698716985,0.5848011117034038
2022,2022-02-25,True,False,mia,ny,115,100,30,35,25,25,0,32,23,30,15,0,away,6.0,212.0,-240.0,200.0,0.5,103.5,1.0,1,False,1223.2754178696352,1708.9244846460676,1211.3235458659567,1720.8763566497462,-485.6490667764324,0.09797105948321934
2022,2022-02-25,True,False,sa,wsh,157,153,30,45,26,29,27,33,38,29,30,23,away,3.5,226.0,-160.0,140.0,1.0,111.0,1.0,1,False,1336.2317512095433,1540.81614446298,1311.1717864393768,1565.8761092331465,-204.5843932534367,0.3538779902394893
2022,2022-02-25,True,False,okc,ind,129,125,29,40,23,31,6,36,25,32,30,2,home,8.0,226.5,270.0,-330.0,9.0,110.0,0.0,1,False,1282.9709866679434,1294.5152810847196,1238.738563851929,1338.747703900734,-11.54429441677621,0.6246170349045765
2022,2022-02-25,True,False,tor,cha,93,125,19,28,14,32,0,28,42,27,28,0,away,2.0,225.0,-135.0,115.0,6.5,108.0,0.0,0,True,1365.0222946275164,1708.65637679429,1488.4956119014812,1585.1830595203253,-343.6340821667736,0.19742437077713257
2022,2022-02-25,True,False,lac,lal,105,102,24,33,15,33,0,22,25,31,24,0,home,3.0,221.5,125.0,-145.0,4.5,113.0,0.0,0,False,1433.015334263835,1511.2145491185152,1400.6056566402222,1543.624226742128,-78.19921485468012,0.5313327407317762
2022,2022-02-26,True,False,bos,det,113,104,30,26,22,35,0,26,28,28,22,0,away,12.5,216.5,-700.0,500.0,7.5,111.0,0.0,1,False,1204.3755720192153,1845.3437676793803,1200.066610103453,1849.6527295951425,-640.9681956601651,0.04253087233515492
2022,2022-02-26,True,False,tor,atl,100,127,37,21,16,26,0,32,34,38,23,0,home,3.5,225.0,160.0,-180.0,0.5,111.0,1.0,1,True,1567.548923897787,1585.1830595203253,1623.7967421432588,1528.9352412748535,-17.634135622538224,0.616362230566788
2022,2022-02-26,True,False,sa,mia,129,133,40,18,39,32,0,28,33,38,34,0,home,13.0,223.5,600.0,-900.0,7.0,108.5,0.0,1,True,1720.8763566497462,1565.8761092331465,1732.3577532713387,1554.394712611554,155.00024741659968,0.812737898399523
2022,2022-02-26,True,False,wsh,cle,86,92,23,19,28,16,0,18,22,26,26,0,home,8.5,206.5,320.0,-380.0,6.5,100.0,0.0,0,True,1462.3658848942641,1311.1717864393768,1476.5432121566585,1296.9944591769824,151.19409845488735,0.8093804414694709
2022,2022-02-26,True,False,mem,chi,116,110,31,28,34,23,0,22,30,27,31,0,away,2.0,237.5,-135.0,115.0,0.5,120.5,1.0,0,False,1647.4386507386657,1712.2261661294374,1600.304640252277,1759.360176615826,-64.78751539077166,0.5505020422316713
2022,2022-02-26,True,False,bkn,mil,126,123,25,28,43,30,0,32,27,34,30,0,home,9.5,238.5,400.0,-500.0,3.5,114.5,0.0,1,False,1550.1207810182564,1299.3539991527268,1507.0689092783746,1342.4058708926086,250.76678186552954,0.8827957693218335
2022,2022-02-26,True,False,sac,den,110,115,30,29,26,25,0,38,21,26,30,0,home,8.0,237.0,290.0,-350.0,5.5,115.0,0.0,0,True,1644.8753040345382,1320.7554885367338,1649.6424836021315,1315.9883089691405,324.11981549780444,0.9199324737157761
2022,2022-02-27,True,False,den,por,124,92,32,33,21,38,0,27,21,22,22,0,away,,229.0,-340.0,280.0,0.5,110.5,,0,False,1319.5252457818538,1649.6424836021315,1287.2107744611073,1681.956954922878,-330.11723782027775,0.21004381939223069
2022,2022-02-27,True,False,lac,hou,99,98,19,27,28,25,0,28,22,30,18,0,away,7.5,230.5,-260.0,220.0,6.5,117.0,0.0,0,False,1154.600211311181,1543.624226742128,1149.7430714186887,1548.4813666346204,-389.024015430947,0.15925844626824098
2022,2022-02-27,True,False,dal,gs,107,101,24,24,26,33,0,37,23,28,13,0,home,4.0,217.5,140.0,-160.0,2.0,106.5,0.0,0,False,1612.511153509772,1720.6044411062362,1570.6981817410108,1762.4174128749974,-108.09328759646428,0.48835492912544376
2022,2022-02-27,True,False,no,lal,123,95,24,27,44,28,0,20,20,25,30,0,home,2.5,226.0,120.0,-140.0,4.5,115.0,0.0,0,False,1400.6056566402222,1567.5093675220191,1340.6166670213872,1627.498357140854,-166.903710881797,0.40489051052763364
2022,2022-02-27,True,False,phi,ny,125,109,38,27,26,34,0,35,21,33,20,0,away,7.5,219.0,-340.0,280.0,1.5,107.0,1.0,1,False,1211.3235458659567,1721.8280744838999,1200.598459607663,1732.5531607421935,-510.50452861794315,0.08603374713278583
2022,2022-02-27,True,False,utah,phx,118,114,32,24,38,24,0,32,28,29,25,0,away,3.0,226.0,-150.0,130.0,2.5,115.0,1.0,1,False,1819.0721633497628,1628.8390829949992,1768.9952699633784,1678.9159763813836,190.23308035476362,0.8416712473087461
2022,2022-02-27,True,False,bos,ind,107,128,30,25,27,25,0,27,39,27,35,0,away,9.5,226.5,-420.0,350.0,9.0,115.5,0.0,1,True,1238.738563851929,1849.6527295951425,1367.922265371135,1720.4690280759366,-610.9141657432135,0.050160824172528505
2022,2022-02-27,True,False,det,cha,127,126,31,27,24,34,11,28,26,30,32,10,home,10.5,229.0,450.0,-600.0,8.5,111.0,0.0,1,False,1488.4956119014812,1200.066610103453,1467.1103729683487,1221.4518490365856,288.42900179802814,0.9034340634543339
2022,2022-02-28,True,False,sac,okc,131,110,35,24,40,32,0,32,27,31,20,0,away,5.5,228.0,-210.0,180.0,4.5,110.5,1.0,1,False,1338.747703900734,1315.9883089691405,1249.6964014325895,1405.039611437285,22.759394931593533,0.6696626962093207
2022,2022-02-28,True,False,sa,mem,105,118,34,24,27,20,0,42,26,28,22,0,home,8.5,239.5,320.0,-380.0,2.0,116.5,1.0,0,True,1759.360176615826,1554.394712611554,1773.5600021052537,1540.1948871221264,204.965464004272,0.852647976043656
2022,2022-02-28,True,False,chi,mia,99,112,21,25,21,32,0,30,25,36,21,0,home,4.5,222.5,170.0,-190.0,0.5,113.0,1.0,0,True,1732.3577532713387,1600.304640252277,1753.7136099950615,1578.9487835285543,132.05311301906158,0.7917992447359982
2022,2022-02-28,True,False,cha,mil,106,130,32,21,23,30,0,32,44,32,22,0,home,10.5,238.0,425.0,-550.0,1.0,115.0,1.0,0,True,1507.0689092783746,1467.1103729683487,1549.1259750899135,1425.0533071568098,39.95853631002592,0.6911852080259813
2022,2022-02-28,True,False,min,cle,127,122,26,38,37,26,0,37,24,27,34,0,away,3.5,217.5,-160.0,140.0,1.5,106.0,1.0,1,False,1476.5432121566585,1502.973451119894,1428.9001179374548,1550.6165453390977,-26.430238963235524,0.6043208446709066
2022,2022-02-28,True,False,ind,orl,103,119,32,24,19,28,0,31,24,35,29,0,home,2.5,233.0,120.0,-140.0,2.0,112.5,1.0,0,True,1293.4896499743302,1367.922265371135,1351.2417614336719,1310.1701539117932,-74.43261539680475,0.5367281498705706
2022,2022-02-28,True,False,tor,bkn,133,97,42,29,29,33,0,27,21,21,28,0,away,3.0,216.5,-155.0,135.0,5.0,105.5,1.0,1,False,1342.4058708926086,1528.9352412748535,1282.3512208323307,1588.9898913351315,-186.5293703822449,0.37798655175226115
2022,2022-03-01,True,False,lac,hou,113,100,29,20,40,24,0,27,23,25,25,0,away,7.0,227.0,-270.0,230.0,5.5,117.0,1.0,0,False,1149.7430714186887,1548.4813666346204,1132.103167687728,1566.121270365581,-398.73829521593166,0.15191291923727376
2022,2022-03-01,True,False,atl,bos,98,107,28,37,13,20,0,19,32,31,25,0,home,6.5,226.5,220.0,-260.0,6.5,109.5,1.0,0,True,1720.4690280759366,1623.7967421432588,1742.98892546471,1601.2768447544854,96.67228593267782,0.7562330010629869
2022,2022-03-01,True,False,bkn,tor,108,109,25,34,30,19,0,32,23,26,28,0,home,8.0,218.5,300.0,-360.0,7.0,106.5,0.0,0,True,1588.9898913351315,1282.3512208323307,1591.0392412626104,1280.3018709048517,306.6386705028008,0.9122002073317756
2022,2022-03-01,True,False,dal,lal,109,104,30,41,14,24,0,25,31,31,17,0,away,4.5,218.5,-200.0,175.0,2.5,106.0,1.0,0,False,1340.6166670213872,1762.4174128749974,1329.9273089904045,1773.10677090598,-421.8007458536101,0.1355873706386894
2022,2022-03-01,True,False,det,wsh,113,116,24,40,21,28,0,27,36,24,29,0,home,3.0,217.5,130.0,-150.0,3.0,107.0,2.0,1,True,1296.9944591769824,1221.4518490365856,1312.1300153411817,1206.3162928723864,75.54261014039685,0.7331188677703144
2022,2022-03-01,True,False,gs,min,114,129,27,29,31,27,0,34,34,28,33,0,away,4.0,231.0,-170.0,150.0,5.0,111.5,0.0,1,True,1550.6165453390977,1570.6981817410108,1597.8250941456174,1523.489632934491,-20.0816364019131,0.6130253451663042
2022,2022-03-02,True,False,utah,hou,132,127,25,41,27,24,15,20,33,30,34,10,away,15.0,229.0,-1500.0,850.0,5.0,117.5,0.0,1,False,1132.103167687728,1678.9159763813836,1126.5089988205914,1684.5101452485203,-546.8128086936556,0.07095829753343515
2022,2022-03-02,True,False,por,phx,90,120,28,20,21,21,0,29,34,29,28,0,home,11.0,224.5,475.0,-650.0,2.5,110.5,1.0,0,True,1768.9952699633784,1287.2107744611073,1772.4547824176946,1283.7512620067912,481.78449550227106,0.9660727549509466
2022,2022-03-02,True,False,okc,den,119,107,24,31,31,33,0,24,33,22,28,0,home,15.5,225.5,900.0,-1600.0,8.5,109.0,0.0,1,False,1681.956954922878,1249.6964014325895,1606.67588199903,1324.9774743564374,432.26055349028843,0.9553804715622302
2022,2022-03-02,True,False,sac,no,95,125,33,28,21,13,0,31,34,31,29,0,home,6.5,235.0,210.0,-250.0,2.5,114.0,1.0,0,True,1627.498357140854,1405.039611437285,1644.2021098832545,1388.3358586948846,222.4587457035691,0.8648559544099536
2022,2022-03-02,True,False,ny,phi,108,123,33,29,19,27,0,25,30,38,30,0,home,10.5,223.5,450.0,-600.0,9.5,108.5,1.0,1,True,1732.5531607421935,1200.598459607663,1734.5945559298843,1198.5570644199722,531.9547011345305,0.974364907935619
2022,2022-03-02,True,False,ind,orl,122,114,22,36,18,34,12,31,31,29,19,4,away,2.0,232.5,-130.0,110.0,2.0,113.5,1.0,1,False,1351.2417614336719,1310.1701539117932,1286.9288177194446,1374.4830976260205,41.071607521878605,0.6925511681216867
2022,2022-03-02,True,False,cha,cle,119,98,38,26,32,23,0,31,18,31,18,0,home,4.0,220.0,150.0,-170.0,6.0,106.5,0.0,0,False,1428.9001179374548,1425.0533071568098,1341.4920929983737,1512.4613320958908,3.8468107806450007,0.6451505982479406
2022,2022-03-02,True,False,mia,mil,119,120,28,38,31,22,0,36,28,29,27,0,home,4.5,225.0,160.0,-180.0,4.0,109.0,0.0,1,True,1549.1259750899135,1753.7136099950615,1568.8318417887972,1734.0077432961778,-204.58763490514798,0.3538737235704911
2022,2022-03-03,True,False,sac,sa,115,112,30,34,24,27,0,27,24,31,30,0,home,6.5,243.0,220.0,-260.0,7.0,116.5,0.0,0,False,1540.1948871221264,1388.3358586948846,1497.3027299026649,1431.228015914346,151.8590284272418,0.809970285591338
2022,2022-03-03,True,False,gs,dal,113,122,27,27,37,22,0,38,30,31,23,0,home,1.5,221.0,105.0,-125.0,3.5,107.5,1.0,1,True,1773.10677090598,1523.489632934491,1782.6648572011477,1513.9315466393234,249.617137971489,0.8821092977292704
2022,2022-03-03,True,False,det,tor,108,106,31,29,31,17,0,22,35,20,29,0,home,8.0,219.0,300.0,-360.0,7.0,106.5,0.0,0,False,1591.0392412626104,1206.3162928723864,1558.150007711851,1239.2055264231458,384.722948390224,0.9421488305676986
2022,2022-03-03,True,False,mem,bos,107,120,20,25,27,35,0,26,21,36,37,0,home,2.0,223.0,115.0,-135.0,1.0,114.5,1.0,1,True,1742.98892546471,1773.5600021052537,1789.5980675402259,1726.950860029738,-30.57107664054365,0.59860717247515
2022,2022-03-03,True,False,chi,atl,124,130,35,28,29,32,0,29,27,34,40,0,home,2.0,236.0,110.0,-130.0,2.5,119.5,1.0,1,True,1601.2768447544854,1578.9487835285543,1628.9886374679063,1551.2369908151334,22.32806122593115,0.6691131988760184
2022,2022-03-03,True,False,mia,bkn,113,107,23,37,28,25,0,35,32,17,23,0,home,3.0,223.5,125.0,-145.0,0.5,108.5,0.0,0,False,1280.3018709048517,1734.0077432961778,1270.4157526069416,1743.8938615940879,-453.705872391326,0.11546499558561847
2022,2022-03-03,True,False,lal,lac,111,132,31,32,18,30,0,36,30,40,26,0,home,2.0,220.5,110.0,-130.0,0.5,107.5,1.0,1,True,1566.121270365581,1329.9273089904045,1580.0020816281576,1316.046497727828,236.1939613751765,0.873833568207691
2022,2022-03-04,True,False,orl,tor,103,97,27,21,24,31,0,23,16,21,37,0,home,8.0,219.5,260.0,-310.0,7.5,112.0,0.0,0,False,1558.150007711851,1286.9288177194446,1497.9071354772711,1347.1716899540245,271.2211899924064,0.8944402486202527
2022,2022-03-04,True,False,atl,wsh,117,114,33,35,25,24,0,25,34,25,30,0,away,6.0,224.5,-230.0,195.0,0.5,109.5,0.0,1,False,1312.1300153411817,1628.9886374679063,1298.5284348601836,1642.5902179489044,-316.85862212672464,0.2229878716839551
2022,2022-03-04,True,False,ind,det,106,111,32,30,26,18,0,39,26,24,22,0,away,2.5,230.5,-140.0,120.0,2.0,111.5,0.0,0,True,1239.2055264231458,1374.4830976260205,1282.6129942927091,1331.0756297564571,-135.2775712028747,0.44940524796170106
2022,2022-03-04,True,False,mil,chi,118,112,25,32,24,37,0,25,28,35,24,0,away,5.0,240.5,-200.0,175.0,2.5,122.0,1.0,0,False,1551.2369908151334,1568.8318417887972,1498.4594496821449,1621.6093829217857,-17.594850973663824,0.6164157023316856
2022,2022-03-04,True,False,ny,phx,114,115,24,31,38,21,0,26,32,23,34,0,home,6.5,221.5,210.0,-250.0,3.0,107.5,0.0,1,True,1772.4547824176946,1198.5570644199722,1772.847132459709,1198.1647143779578,573.8977179977223,0.9797524690445655
2022,2022-03-04,True,False,utah,no,90,124,17,21,25,27,0,35,30,30,29,0,away,4.5,223.0,-190.0,170.0,8.5,112.5,0.0,0,True,1644.2021098832545,1684.5101452485203,1709.1120845364808,1619.600170595294,-40.30803536526582,0.5850682770996459
2022,2022-03-04,True,False,hou,den,101,116,26,20,24,31,0,25,26,36,29,0,home,8.5,233.5,375.0,-450.0,3.5,112.0,1.0,0,True,1606.67588199903,1126.5089988205914,1609.4973962641911,1123.6874845554303,480.16688317843864,0.9657662239968301
2022,2022-03-04,True,False,min,okc,138,101,32,45,31,30,0,34,26,27,14,0,away,10.0,230.5,-420.0,350.0,0.5,112.5,1.0,1,False,1324.9774743564374,1597.8250941456174,1281.7745686154944,1641.0279998865603,-272.84761978918004,0.26992741292454314
2022,2022-03-04,True,False,cle,phi,119,125,43,28,28,20,0,30,33,34,28,0,home,7.5,216.0,270.0,-330.0,9.0,106.0,0.0,1,True,1734.5945559298843,1341.4920929983737,1737.991907701339,1338.094741226919,393.1024629315107,0.9447225350779493
2022,2022-03-05,True,False,gs,lal,116,124,25,42,27,22,0,32,30,27,35,0,away,5.5,229.0,-220.0,190.0,2.0,111.5,0.0,1,True,1316.046497727828,1513.9315466393234,1377.6550024916014,1452.32304187555,-197.88504891149546,0.3627445712521255
2022,2022-03-05,True,False,por,min,121,135,34,30,37,20,0,32,31,46,26,0,home,14.0,235.0,700.0,-1100.0,9.0,113.5,2.0,1,True,1641.0279998865603,1283.7512620067912,1646.9176507213797,1277.8616111719718,357.27673787976914,0.932911425038299
2022,2022-03-05,True,False,phi,mia,82,99,14,26,28,14,0,22,32,19,26,0,home,5.5,214.0,175.0,-200.0,1.5,103.5,1.0,0,True,1743.8938615940879,1737.991907701339,1788.4157078529763,1693.4700614424505,5.901953892748907,0.6478542625624826
2022,2022-03-05,True,False,orl,mem,96,124,29,16,29,22,0,31,37,29,27,0,home,16.0,229.0,900.0,-1600.0,3.0,116.5,1.0,0,True,1726.950860029738,1347.1716899540245,1733.3316034036543,1340.790946580108,379.7791700757134,0.9405780481009627
2022,2022-03-05,True,False,sa,cha,117,123,30,30,37,20,0,31,31,37,24,0,home,4.0,237.0,150.0,-170.0,2.0,115.5,1.0,1,True,1512.4613320958908,1497.3027299026649,1541.1448020742666,1468.619259924289,15.158602193225988,0.6599129239035545
2022,2022-03-05,True,False,sac,dal,113,114,36,29,27,21,0,26,25,34,29,0,home,4.5,220.5,165.0,-185.0,6.0,107.0,0.0,1,True,1782.6648572011477,1431.228015914346,1784.2270538694543,1429.6658192460395,351.4368412868016,0.9307765366794878
2022,2022-03-06,True,False,no,den,130,138,19,38,37,30,6,35,27,22,40,14,home,4.5,229.0,165.0,-185.0,1.5,117.5,1.0,1,True,1609.4973962641911,1709.1120845364808,1657.7827283143804,1660.8267524862915,-99.61468827228964,0.5005545079229056
2022,2022-03-06,True,False,tor,cle,96,104,29,17,16,34,0,30,29,14,31,0,home,4.5,210.5,175.0,-200.0,2.0,102.5,1.0,0,True,1338.094741226919,1497.9071354772711,1394.6741722133338,1441.3277044908564,-159.8123942503521,0.4147634374538568
2022,2022-03-06,True,False,mem,hou,112,123,34,28,30,20,0,27,25,40,31,0,away,10.5,238.0,-600.0,450.0,3.5,121.0,0.0,0,True,1123.6874845554303,1733.3316034036543,1227.5007882557948,1629.5182997032898,-609.644118848224,0.05051030141568224
2022,2022-03-06,True,False,ny,lac,116,93,25,34,21,36,0,22,18,28,25,0,home,5.5,221.0,195.0,-230.0,9.0,108.5,0.0,0,False,1580.0020816281576,1198.1647143779578,1484.7540763812517,1293.4127196248637,381.8373672501998,0.9412367945365526
2022,2022-03-06,True,False,ind,wsh,123,133,26,35,26,36,0,30,27,39,37,0,home,2.0,226.5,115.0,-135.0,1.5,110.5,1.0,1,True,1298.5284348601836,1331.0756297564571,1341.1670445893105,1288.4370200273302,-32.547194896273595,0.5958708776740232
2022,2022-03-06,True,False,phx,mil,122,132,33,30,27,32,0,30,30,31,41,0,home,9.0,231.5,375.0,-450.0,8.0,117.5,1.0,1,True,1621.6093829217857,1772.847132459709,1682.0869690454908,1712.3695463360039,-151.23774953792326,0.4267929007105781
2022,2022-03-06,True,False,bkn,bos,120,126,34,26,30,30,0,29,29,31,37,0,home,6.0,226.0,190.0,-220.0,4.5,110.5,2.0,1,True,1789.5980675402259,1270.4157526069416,1791.150035832486,1268.8637843146814,519.1823149332843,0.9724629584109147
2022,2022-03-06,True,False,utah,okc,116,103,33,28,30,25,0,24,21,31,27,0,away,14.0,221.0,-1200.0,750.0,3.0,113.0,0.0,0,False,1281.7745686154944,1619.600170595294,1258.2285274101457,1643.1462118006427,-337.82560197979956,0.2027759284030321
2022,2022-03-07,True,False,chi,phi,106,121,32,21,24,29,0,37,22,29,33,0,home,7.5,233.5,270.0,-330.0,3.0,119.5,1.0,0,True,1693.4700614424505,1498.4594496821449,1709.2625885405794,1482.666922584016,195.01061176030566,0.8453017988256684
2022,2022-03-07,True,False,atl,det,110,113,30,26,20,25,9,29,30,19,23,12,away,7.5,229.5,-300.0,250.0,6.5,111.0,0.0,0,True,1282.6129942927091,1642.5902179489044,1332.4511172856453,1592.7520949559682,-359.9772236561953,0.182940762623601
2022,2022-03-07,True,False,hou,mia,106,123,32,26,20,28,0,25,37,28,33,0,home,16.5,224.5,1100.0,-2500.0,9.0,108.5,1.0,1,True,1788.4157078529763,1227.5007882557948,1790.1906099338553,1225.7258861749158,560.9149195971816,0.9782155174385166
2022,2022-03-07,True,False,por,min,81,124,15,19,26,21,0,31,30,29,34,0,home,13.5,229.0,750.0,-1200.0,1.0,111.5,1.0,0,True,1646.9176507213797,1277.8616111719718,1654.5757151780683,1270.2035467152832,369.05603954940784,0.9370327575209498
2022,2022-03-07,True,False,lal,sa,110,117,22,34,36,18,0,31,31,33,22,0,home,6.5,233.0,220.0,-260.0,2.0,113.0,1.0,0,True,1468.619259924289,1377.6550024916014,1489.5754253900204,1356.69883702587,90.96425743268765,0.7501249184007406
2022,2022-03-07,True,False,utah,dal,103,111,24,25,19,35,0,30,30,25,26,0,away,1.0,216.0,-115.0,-105.0,3.5,110.0,0.0,0,True,1784.2270538694543,1643.1462118006427,1801.1519861409033,1626.2212795291937,141.08084206881153,0.8002364585566443
2022,2022-03-07,True,False,gs,den,124,131,31,38,32,23,0,40,31,33,27,0,home,8.0,221.0,290.0,-350.0,5.0,108.0,0.0,1,True,1657.7827283143804,1452.32304187555,1668.939770921724,1441.1659992682064,205.45968643883043,0.8530050582697196
2022,2022-03-07,True,False,ny,sac,131,115,17,31,44,39,0,33,30,24,28,0,home,4.0,231.5,150.0,-170.0,2.5,114.0,0.0,1,False,1429.6658192460395,1293.4127196248637,1342.3611981236438,1380.7173407472594,136.2530996211758,0.7957567987863262
2022,2022-03-08,True,False,no,mem,111,132,34,24,26,27,0,44,33,35,20,0,home,8.0,230.0,270.0,-330.0,1.0,118.0,1.0,1,True,1629.5182997032898,1660.8267524862915,1684.2488494466138,1606.0962027429675,-31.308452783001712,0.5975868499707403
2022,2022-03-08,True,False,lac,gs,97,112,21,15,25,36,0,21,33,32,26,0,home,6.0,225.0,200.0,-240.0,2.0,114.5,1.0,0,True,1441.1659992682064,1484.7540763812517,1492.3452090230955,1433.5748666263626,-43.5880771130453,0.580477317556849
2022,2022-03-08,True,False,mil,okc,142,115,39,37,29,37,0,34,31,28,22,0,away,13.5,232.0,-1100.0,700.0,4.5,118.5,1.0,1,False,1258.2285274101457,1682.0869690454908,1238.5517824272988,1701.7637140283377,-423.8584416353451,0.13420507302135623
2022,2022-03-08,True,False,cle,ind,127,124,32,31,27,37,0,24,39,35,26,0,away,2.5,221.5,-145.0,125.0,2.0,108.0,1.0,1,False,1288.4370200273302,1394.6741722133338,1258.4859929100794,1424.6251993305846,-106.23715218600364,0.4910249805862343
2022,2022-03-08,True,False,bkn,cha,132,121,34,35,31,32,0,20,23,41,37,0,away,4.0,239.5,-170.0,150.0,4.0,116.0,1.0,1,False,1541.1448020742666,1268.8637843146814,1464.229992915066,1345.778593473882,272.2810177595852,0.8950148881502868
2022,2022-03-08,True,False,phx,orl,102,99,28,25,26,23,0,22,21,28,28,0,away,6.0,221.5,-245.0,205.0,0.5,113.5,0.0,0,False,1340.790946580108,1712.3695463360039,1330.2281633542264,1722.9323295618856,-371.57859975589577,0.17316903384050816
2022,2022-03-09,True,False,den,sac,106,100,32,31,17,26,0,29,22,26,23,0,away,6.5,239.5,-260.0,220.0,0.0,116.0,0.0,0,False,1342.3611981236438,1668.939770921724,1324.086137227228,1687.2148318181398,-326.57857279808013,0.2134437159403255
2022,2022-03-09,True,False,chi,det,114,108,25,28,31,30,0,26,30,35,17,0,away,6.5,229.0,-255.0,215.0,5.5,117.5,0.0,0,False,1332.4511172856453,1482.666922584016,1295.7858148480082,1519.3322250216531,-150.2158052983707,0.428232685117892
2022,2022-03-09,True,False,bos,cha,115,101,29,23,35,28,0,22,26,30,23,0,away,7.0,224.5,-260.0,220.0,3.0,114.5,1.0,0,False,1464.229992915066,1791.150035832486,1438.83657524042,1816.5434535071322,-326.92004291742,0.2131138960180028
2022,2022-03-09,True,False,phx,mia,111,90,29,28,34,20,0,27,28,19,16,0,home,4.0,219.5,160.0,-180.0,4.0,112.5,0.0,0,False,1790.1906099338553,1722.9323295618856,1697.9679067700047,1815.1550327257362,67.2582803719697,0.7236852723715335
2022,2022-03-09,True,False,atl,mil,115,124,26,28,32,29,0,37,31,25,31,0,home,4.5,241.0,165.0,-185.0,1.0,117.5,1.0,0,True,1701.7637140283377,1592.7520949559682,1722.858695316965,1571.657113667341,109.01161907236951,0.7690878018285607
2022,2022-03-09,True,False,lal,hou,130,139,38,25,35,22,10,32,36,29,23,19,away,7.5,236.5,-310.0,260.0,7.0,115.5,0.0,1,True,1225.7258861749158,1356.69883702587,1280.8867573905245,1301.5379658102613,-130.97295085095425,0.45554404577466356
2022,2022-03-09,True,False,orl,no,108,102,30,26,25,27,0,17,24,32,29,0,home,8.5,221.5,300.0,-360.0,9.0,113.5,0.0,0,False,1606.0962027429675,1330.2281633542264,1545.9050350987388,1390.419330998455,275.8680393887412,0.8969393283189765
2022,2022-03-09,True,False,okc,min,102,132,21,26,32,23,0,32,42,27,31,0,home,15.5,235.5,800.0,-1400.0,2.5,114.5,1.0,0,True,1654.5757151780683,1238.5517824272988,1659.7805014943094,1233.3469961110577,416.0239327507695,0.9512222067382446
2022,2022-03-09,True,False,tor,sa,119,104,34,24,33,28,0,29,32,23,20,0,away,1.0,228.5,-120.0,100.0,1.0,111.0,1.0,0,False,1489.5754253900204,1441.3277044908564,1407.9616797320648,1522.941450148812,48.24772089916405,0.7012762132384366
2022,2022-03-09,True,False,ny,dal,107,77,31,30,22,24,0,17,17,31,12,0,home,8.5,217.0,330.0,-400.0,11.0,104.0,0.0,0,False,1801.1519861409033,1380.7173407472594,1699.8440449897587,1482.025281898404,420.4346453936439,0.952386864383691
2022,2022-03-09,True,False,por,utah,85,123,15,20,14,36,0,33,30,33,27,0,home,19.5,223.5,1400.0,-4000.0,5.0,107.5,1.0,0,True,1626.2212795291937,1270.2035467152832,1634.2505301426154,1262.1742961018615,356.01773281391047,0.9324564003266832
2022,2022-03-09,True,False,wsh,lac,109,115,29,26,30,24,0,28,29,26,32,0,home,3.5,217.5,140.0,-160.0,1.5,106.5,1.0,1,True,1433.5748666263626,1341.1670445893105,1453.0375925227663,1321.7043186929068,92.40782203705203,0.7516792519741946
2022,2022-03-10,True,False,gs,den,113,102,30,21,37,25,0,29,31,24,18,0,away,1.5,230.0,-125.0,105.0,4.0,112.0,1.0,0,False,1687.2148318181398,1492.3452090230955,1609.8756662243895,1569.6843746168458,194.86962279504428,0.8451956391507234
2022,2022-03-10,True,False,bkn,phi,129,100,40,32,30,27,0,23,28,19,30,0,home,3.5,236.5,160.0,-180.0,7.5,114.0,0.0,0,False,1709.2625885405794,1345.778593473882,1606.6268065520765,1448.414375462385,363.4839950666974,0.9351135013442687
2022,2022-03-11,True,False,dal,hou,113,100,31,36,29,17,0,23,21,28,28,0,away,11.0,227.0,-600.0,450.0,0.5,109.5,1.0,0,False,1280.8867573905245,1699.8440449897587,1264.9184568737817,1715.8123455065015,-418.9572875992342,0.1375172554087617
2022,2022-03-11,True,False,lac,atl,106,112,24,35,26,21,0,33,27,30,22,0,home,7.5,225.5,240.0,-280.0,5.0,116.0,0.0,0,True,1571.657113667341,1453.0375925227663,1588.5907352277545,1436.1039709623528,118.61952114457472,0.778763497538797
2022,2022-03-11,True,False,wsh,lal,109,122,26,33,23,27,0,26,26,37,33,0,home,4.5,229.5,165.0,-185.0,4.5,111.5,1.0,1,True,1301.5379658102613,1321.7043186929068,1346.486325119298,1276.75595938387,-20.16635288264547,0.612909651792652
2022,2022-03-11,True,False,tor,phx,117,112,30,26,40,21,0,24,28,30,30,0,home,5.0,221.5,180.0,-210.0,4.5,110.0,0.0,1,False,1815.1550327257362,1522.941450148812,1759.9219529822317,1578.1745298923165,292.2135825769242,0.9053180442550817
2022,2022-03-11,True,False,cha,no,142,120,25,36,42,39,0,24,31,27,38,0,away,3.5,225.5,-150.0,130.0,0.5,110.5,1.0,1,False,1545.9050350987388,1438.83657524042,1450.3103948772575,1534.4312154619013,107.06845985831887,0.7670953331046996
2022,2022-03-11,True,False,utah,sa,102,104,33,26,15,28,0,30,20,14,40,0,away,5.5,228.5,-220.0,190.0,1.0,116.5,0.0,0,True,1407.9616797320648,1634.2505301426154,1440.548968586125,1601.6632412885551,-226.2888504105506,0.3258584408094277
2022,2022-03-11,True,False,cle,mia,105,117,18,39,15,33,0,28,30,27,32,0,home,8.0,210.0,280.0,-340.0,5.5,102.0,1.0,1,True,1697.9679067700047,1424.6251993305846,1707.222078406743,1415.3710276938461,273.3427074394201,0.8955877669160295
2022,2022-03-11,True,False,det,bos,103,114,34,28,28,13,0,32,29,31,22,0,home,14.5,215.5,700.0,-1100.0,8.5,106.0,0.0,1,True,1816.5434535071322,1295.7858148480082,1818.5058632525943,1293.823405102546,520.757638659124,0.9727047583380205
2022,2022-03-11,True,False,min,orl,110,118,36,29,28,17,0,24,36,37,21,0,away,8.5,232.5,-360.0,300.0,3.5,113.5,0.0,0,True,1390.419330998455,1659.7805014943094,1460.6170752389646,1589.5827572537999,-269.36117049585437,0.27390067694966036
2022,2022-03-11,True,False,ny,mem,114,118,30,26,40,18,0,34,27,26,31,0,home,9.0,229.0,340.0,-410.0,4.0,111.0,0.0,1,True,1684.2488494466138,1482.025281898404,1693.045870501493,1473.2282608435248,202.22356754820976,0.8506538729130454
2022,2022-03-12,True,False,ind,sa,119,108,34,37,26,22,0,26,38,18,26,0,home,1.5,239.5,110.0,-130.0,2.0,116.5,0.0,0,False,1440.548968586125,1258.4859929100794,1363.2869535090992,1335.7480079871052,182.06297567604565,0.8353027106166271
2022,2022-03-12,True,False,min,mia,113,104,30,25,34,24,0,25,42,19,18,0,home,4.0,230.5,145.0,-165.0,1.5,112.5,0.0,0,False,1707.222078406743,1589.5827572537999,1636.7156124428195,1660.0892232177234,117.63932115294324,0.7777898197648251
2022,2022-03-12,True,False,cle,chi,91,101,22,20,24,25,0,24,29,24,24,0,home,5.0,217.0,170.0,-190.0,0.5,105.5,1.0,0,True,1519.3322250216531,1415.3710276938461,1541.8981809100662,1392.805071805433,103.96119732780699,0.7638844140827556
2022,2022-03-12,True,False,mil,gs,109,122,28,30,26,25,0,28,39,36,19,0,away,2.0,238.0,-130.0,110.0,4.0,119.5,0.0,0,True,1569.6843746168458,1722.858695316965,1636.5607536731077,1655.982316260703,-153.1743207001191,0.4240679470022276
2022,2022-03-12,True,False,sac,utah,125,134,42,25,21,37,0,37,34,29,34,0,home,8.5,229.5,330.0,-400.0,3.5,112.0,1.0,1,True,1601.6632412885551,1324.086137227228,1609.7642660125323,1315.9851125032508,277.5771040613272,0.8978452153795011
2022,2022-03-12,True,False,tor,den,127,115,28,37,28,34,0,25,38,36,16,0,home,7.0,221.0,235.0,-275.0,5.5,108.0,0.0,1,False,1609.8756662243895,1578.1745298923165,1535.386754890204,1652.663441226502,31.70113633207302,0.6809481818640433
2022,2022-03-12,True,False,wsh,por,118,127,26,28,37,27,0,38,34,31,24,0,away,7.0,220.5,-270.0,230.0,8.5,106.5,0.0,1,True,1262.1742961018615,1276.75595938387,1300.62199205036,1238.3082634353718,-14.581663282008549,0.6205085865380264
2022,2022-03-13,True,False,hou,no,105,130,32,23,17,33,0,29,39,30,32,0,home,7.0,231.5,210.0,-250.0,0.5,113.5,1.0,1,True,1450.3103948772575,1264.9184568737817,1469.9114051282465,1245.3174466227927,185.39193800347584,0.837922100324122
2022,2022-03-13,True,False,lal,phx,111,140,22,34,34,21,0,48,31,40,21,0,home,7.5,232.5,270.0,-330.0,2.5,113.5,1.0,1,True,1759.9219529822317,1346.486325119298,1765.1601703121453,1341.2481077893844,413.43562786293364,0.950526226704029
2022,2022-03-13,True,False,mem,okc,125,118,38,23,34,30,0,26,28,25,39,0,away,15.0,229.0,-1400.0,800.0,7.0,116.5,0.0,1,False,1233.3469961110577,1693.045870501493,1223.1006027870135,1703.2922638255372,-459.6988743904353,0.11198803663330556
2022,2022-03-13,True,False,ind,atl,128,131,28,31,33,36,0,37,40,28,26,0,home,12.5,237.5,550.0,-800.0,1.5,114.5,0.0,1,True,1588.5907352277545,1335.7480079871052,1594.23711489708,1330.1016283177798,252.8427272406493,0.884026570429373
2022,2022-03-13,True,False,dal,bos,95,92,18,20,38,19,0,20,27,26,19,0,home,7.0,213.0,240.0,-280.0,0.5,103.0,0.0,0,False,1818.5058632525943,1715.8123455065015,1776.3235322688524,1757.9946764902434,102.69351774609277,0.762565693833805
2022,2022-03-13,True,False,ny,bkn,107,110,30,30,23,24,0,35,27,26,22,0,home,5.5,225.0,200.0,-240.0,3.0,109.5,0.0,0,True,1448.414375462385,1473.2282608435248,1472.4140207221237,1449.228615583786,-24.813885381139926,0.6065435318259149
2022,2022-03-13,True,False,lac,det,106,102,16,23,31,36,0,24,29,19,30,0,away,4.0,217.5,-175.0,155.0,6.0,111.0,2.0,0,False,1293.823405102546,1436.1039709623528,1262.7034959982234,1467.2238800666755,-142.28056585980676,0.4394519701553489
2022,2022-03-13,True,False,phi,orl,116,114,24,23,27,30,12,29,30,21,24,10,away,11.0,221.5,-700.0,500.0,10.0,107.5,0.0,1,False,1460.6170752389646,1606.6268065520765,1439.6297073167877,1627.6141744742533,-146.00973131311184,0.4341710351457998
2022,2022-03-14,True,False,wsh,gs,112,126,30,27,27,28,0,33,40,28,25,0,home,11.5,227.0,550.0,-800.0,1.5,110.5,1.0,1,True,1636.5607536731077,1238.3082634353718,1641.141103588922,1233.7279135195574,398.25249023773586,0.9462504452185072
2022,2022-03-14,True,False,mil,utah,117,111,37,31,21,28,0,39,20,34,18,0,home,2.0,232.0,115.0,-135.0,3.5,117.5,0.0,0,False,1609.7642660125323,1655.982316260703,1560.379812707455,1705.3667695657805,-46.21805024817081,0.5767861066435364
2022,2022-03-14,True,False,chi,sac,103,112,17,26,34,26,0,27,36,25,24,0,away,4.5,236.5,-180.0,160.0,8.0,119.0,0.0,0,True,1315.9851125032508,1541.8981809100662,1384.2367560166122,1473.6465373967048,-225.91306840681546,0.3263338145754383
2022,2022-03-14,True,False,lac,cle,111,120,27,30,24,25,5,33,23,31,19,14,home,7.5,214.0,240.0,-280.0,5.0,110.5,1.0,1,True,1392.805071805433,1467.2238800666755,1439.7388752318834,1420.2900766402252,-74.41880826124248,0.5367479126627417
2022,2022-03-14,True,False,tor,lal,114,103,33,25,33,23,0,12,28,31,32,0,away,4.5,226.5,-185.0,165.0,3.0,109.0,1.0,0,False,1341.2481077893844,1652.663441226502,1316.2687886400963,1677.6427603757902,-311.4153334371176,0.22846403461308695
2022,2022-03-14,True,False,den,phi,114,110,22,31,28,33,0,37,21,30,22,0,home,4.0,224.0,145.0,-165.0,0.5,109.0,0.0,2,False,1627.6141744742533,1535.386754890204,1578.8911371229356,1584.1097922415217,92.22741958404936,0.7514853611792185
2022,2022-03-14,True,False,por,atl,113,122,34,33,17,29,0,29,29,31,33,0,home,14.0,231.0,700.0,-1100.0,11.0,111.5,0.0,1,True,1594.23711489708,1300.62199205036,1601.5984602546807,1293.260646692759,293.61512284671994,0.9060073461457788
2022,2022-03-14,True,False,cha,okc,134,116,29,36,37,32,0,41,23,27,25,0,away,11.5,230.0,-600.0,450.0,7.0,111.0,1.0,1,False,1223.1006027870135,1534.4312154619013,1193.4907341538244,1564.0410840950904,-311.3306126748878,0.22855001058154645
2022,2022-03-14,True,False,min,sa,149,139,40,35,46,28,0,32,41,33,33,0,away,3.5,241.5,-165.0,145.0,1.5,118.0,1.0,1,False,1363.2869535090992,1660.0892232177234,1337.5822835968434,1685.7938931299793,-296.8022697086242,0.24362909009724834
2022,2022-03-15,True,False,phx,no,131,115,33,34,31,33,0,29,30,26,30,0,away,4.5,231.5,-180.0,160.0,0.5,117.5,1.0,1,False,1469.9114051282465,1765.1601703121453,1439.3343639964987,1795.737211443893,-295.24876518389874,0.24528077084352382
2022,2022-03-15,True,False,bkn,orl,150,108,48,38,30,34,0,30,26,33,19,0,away,10.0,232.0,-500.0,400.0,2.0,112.5,1.0,1,False,1439.6297073167877,1472.4140207221237,1341.0717681126864,1570.971959926225,-32.78431340533598,0.5955421394313473
2022,2022-03-15,True,False,mem,ind,135,102,32,42,30,31,0,25,24,21,32,0,away,6.5,236.0,-265.0,225.0,3.0,120.0,1.0,1,False,1330.1016283177798,1703.2922638255372,1303.438276264381,1729.955615878936,-373.1906355077574,0.17184439018946887
2022,2022-03-15,True,False,det,mia,98,105,22,29,22,25,0,29,28,11,37,0,home,14.0,213.5,700.0,-1100.0,6.5,104.5,0.0,0,True,1636.7156124428195,1262.7034959982234,1640.797895800062,1258.621212640981,374.01211644459613,0.93869522304663
2022,2022-03-16,True,False,lal,min,104,124,17,29,31,27,0,31,36,19,38,0,home,8.5,242.0,350.0,-420.0,1.5,117.0,1.0,0,True,1685.7938931299793,1316.2687886400963,1691.937417937079,1310.1252638329966,369.525104489883,0.9371918851770646
2022,2022-03-16,True,False,chi,utah,110,125,27,22,32,29,0,27,27,35,36,0,home,7.0,224.5,230.0,-270.0,2.5,115.0,1.0,1,True,1560.379812707455,1473.6465373967048,1588.9457371921585,1445.0806129120012,86.73327531075006,0.745532033027704
2022,2022-03-16,True,False,okc,sa,120,122,29,27,35,29,0,37,31,30,24,0,home,11.5,233.5,525.0,-750.0,2.5,113.5,0.0,1,True,1337.5822835968434,1193.4907341538244,1345.9060329678439,1185.1669847828239,144.09154944301895,0.8029925526529345
2022,2022-03-16,True,False,tor,lac,103,100,28,26,24,25,0,26,18,30,26,0,away,2.0,214.5,-140.0,120.0,2.0,104.0,1.0,0,False,1420.2900766402252,1677.6427603757902,1402.731426413223,1695.2014106027923,-257.35268373556505,0.2878611091727249
2022,2022-03-16,True,False,bos,gs,110,88,23,25,31,31,0,17,15,37,19,0,home,2.0,220.0,105.0,-125.0,5.0,112.0,0.0,0,False,1641.141103588922,1776.3235322688524,1579.121674171099,1838.3429616866756,-135.18242867993035,0.4495407708322051
2022,2022-03-16,True,False,mil,sac,135,126,28,40,33,34,0,31,30,31,34,0,away,8.5,241.5,-400.0,330.0,3.0,123.0,1.0,1,False,1384.2367560166122,1705.3667695657805,1362.0736993367186,1727.529826245674,-321.1300135491683,0.21875666404970007
2022,2022-03-16,True,False,por,ny,98,128,29,26,19,24,0,37,29,28,34,0,home,13.0,222.5,575.0,-850.0,4.0,108.5,1.0,1,True,1449.228615583786,1293.260646692759,1473.5948353949332,1268.894426881612,155.96796889102689,0.813584247252028
2022,2022-03-16,True,False,phx,hou,129,112,35,24,36,34,0,31,27,24,30,0,away,10.0,236.5,-550.0,425.0,6.5,120.0,1.0,1,False,1245.3174466227927,1795.737211443893,1236.4657626097955,1804.5888954568902,-550.4197648211004,0.06960164764599615
2022,2022-03-16,True,False,phi,cle,118,114,30,42,13,33,0,23,36,31,24,0,away,4.0,220.0,-170.0,150.0,1.5,107.5,2.0,1,False,1439.7388752318834,1578.8911371229356,1408.3044971313714,1610.3255152234476,-139.15226189105215,0.44389266500008445
2022,2022-03-16,True,False,den,wsh,127,109,34,39,31,23,0,28,24,29,28,0,away,6.0,230.0,-280.0,240.0,3.0,111.5,1.0,1,False,1233.7279135195574,1584.1097922415217,1208.938545893416,1608.8991598676632,-350.3818787219643,0.19134195775911073
2022,2022-03-16,True,False,atl,cha,106,116,33,34,18,21,0,29,33,23,31,0,home,1.0,240.5,-110.0,-110.0,1.0,117.0,1.0,0,True,1564.0410840950904,1601.5984602546807,1607.4144388178272,1558.2251055319439,-37.557376159590376,0.5889069580882927
2022,2022-03-16,True,False,dal,bkn,113,111,23,35,21,34,0,30,31,30,20,0,away,3.0,222.5,-155.0,135.0,1.5,108.0,0.0,1,False,1570.971959926225,1757.9946764902434,1552.732755288731,1776.2338811277375,-187.0227165640183,0.3773190800800271
2022,2022-03-17,True,False,det,orl,134,120,37,36,33,28,0,39,23,32,26,0,home,3.0,219.5,125.0,-145.0,5.0,106.5,0.0,1,False,1341.0717681126864,1258.621212640981,1259.5228973684013,1340.170083385266,82.45055547170546,0.7408267092560611
2022,2022-03-18,True,False,lac,utah,92,121,20,14,24,34,0,30,41,24,26,0,home,5.5,213.0,190.0,-220.0,5.0,109.5,1.0,2,True,1588.9457371921585,1402.731426413223,1609.3124895390556,1382.364674066326,186.21431077893544,0.8385639847933553
2022,2022-03-18,True,False,ind,hou,121,118,28,33,22,38,0,32,24,39,23,0,away,4.0,243.5,-165.0,145.0,1.5,117.5,0.0,0,False,1236.4657626097955,1303.438276264381,1203.0767802453283,1336.8272586288483,-66.97251365458555,0.5473877190630202
2022,2022-03-18,True,False,chi,phx,102,129,27,21,24,30,0,30,31,34,34,0,home,5.0,232.0,170.0,-190.0,1.5,118.0,1.0,0,True,1804.5888954568902,1445.0806129120012,1811.7378776525504,1437.931630716341,359.50828254488897,0.9337109570536437
2022,2022-03-18,True,False,bos,sac,126,97,32,35,25,34,0,26,22,31,18,0,away,10.5,221.0,-550.0,425.0,1.0,112.0,1.0,1,False,1362.0736993367186,1838.3429616866756,1346.6823146649851,1853.734346358409,-476.269262349957,0.10284736750970452
2022,2022-03-18,True,False,no,sa,124,91,35,29,31,29,0,10,23,24,34,0,home,2.0,237.0,110.0,-130.0,7.0,120.0,0.0,0,False,1345.9060329678439,1439.3343639964987,1266.858868769553,1518.3815281947896,-93.42833102865484,0.5094562641883057
2022,2022-03-18,True,False,okc,mia,108,120,26,28,25,29,0,27,42,34,17,0,home,14.5,218.5,900.0,-1600.0,3.5,106.5,0.0,1,True,1640.797895800062,1185.1669847828239,1643.8389582956672,1182.1259222872186,455.6309110172381,0.9607766084413302
2022,2022-03-18,True,False,mem,atl,105,120,27,21,24,33,0,34,33,24,29,0,away,6.0,232.5,-250.0,210.0,8.5,117.5,0.0,0,True,1558.2251055319439,1729.955615878936,1631.6393773948796,1656.5413440160003,-171.7305103469921,0.39821360257311694
2022,2022-03-18,True,False,den,cle,116,119,29,34,24,20,9,31,21,26,29,12,away,2.5,226.0,-145.0,125.0,2.0,109.5,0.0,1,True,1408.3044971313714,1608.8991598676632,1447.3945921990562,1569.8090647999784,-200.59466273629187,0.35914674656787304
2022,2022-03-18,True,False,dal,phi,101,111,27,26,23,25,0,26,32,26,27,0,home,4.5,216.5,165.0,-185.0,1.0,105.5,1.0,0,True,1610.3255152234476,1776.2338811277375,1672.9682242509,1713.5911721002851,-165.9083659042899,0.40627184656791676
2022,2022-03-18,True,False,wsh,ny,97,100,28,19,19,31,0,22,32,21,25,0,home,6.0,225.5,210.0,-250.0,1.5,108.5,0.0,0,True,1473.5948353949332,1208.938545893416,1478.8608758262494,1203.6725054620997,264.6562895015172,0.8908186237843071
2022,2022-03-18,True,False,por,bkn,123,128,33,42,26,22,0,34,28,39,27,0,home,14.5,228.0,750.0,-1200.0,14.0,111.0,0.0,1,True,1552.732755288731,1268.894426881612,1558.8057248939233,1262.8214572764196,283.838328407119,0.9011039240237514
2022,2022-03-18,True,False,lal,tor,128,123,33,26,29,28,12,30,25,34,27,7,home,8.0,226.0,310.0,-370.0,7.0,109.0,0.0,1,False,1695.2014106027923,1310.1252638329966,1641.5687574516983,1363.7579169840906,385.07614676979574,0.942259547913471
2022,2022-03-19,True,False,lal,wsh,119,127,36,31,32,20,0,26,32,35,34,0,away,1.0,230.0,-120.0,100.0,1.5,112.0,0.0,1,True,1203.6725054620997,1363.7579169840906,1260.2888126854873,1307.141609760703,-160.08541152199086,0.41438200339222925
2022,2022-03-19,True,False,det,cle,109,113,27,33,21,28,0,28,27,27,31,0,home,6.0,218.0,195.0,-235.0,6.5,106.5,0.0,1,True,1447.3945921990562,1340.170083385266,1462.2803213297097,1325.2843542546125,107.22450881379018,0.7672557831626612
2022,2022-03-19,True,False,dal,cha,108,129,24,28,28,28,0,35,26,41,27,0,home,2.5,224.0,115.0,-135.0,2.0,108.5,1.0,1,True,1607.4144388178272,1713.5911721002851,1676.626206188544,1644.3794047295683,-106.17673328245792,0.49111190263277377
2022,2022-03-19,True,False,mil,min,119,138,28,28,26,37,0,34,34,38,32,0,home,3.0,242.5,135.0,-155.0,2.0,124.0,1.0,1,True,1691.937417937079,1727.529826245674,1745.763915429473,1673.7033287532802,-35.59240830859494,0.5916425845984569
2022,2022-03-20,True,False,okc,orl,85,90,25,18,21,21,0,31,14,17,28,0,home,8.5,221.0,290.0,-350.0,5.0,107.5,0.0,0,True,1259.5228973684013,1182.1259222872186,1278.8992039045174,1162.7496157511025,77.39697508118275,0.7352022055214409
2022,2022-03-20,True,False,sa,gs,110,108,36,27,20,27,0,22,35,27,24,0,home,6.5,225.5,225.0,-265.0,5.0,108.5,0.0,0,False,1579.121674171099,1266.858868769553,1545.4253208435964,1300.5552220970555,312.26280540154585,0.9147587950364892
2022,2022-03-20,True,False,utah,ny,108,93,26,34,25,23,0,31,22,20,20,0,away,3.5,224.0,-160.0,140.0,0.5,113.5,1.0,0,False,1478.8608758262494,1609.3124895390556,1423.1964631580797,1664.9769022072253,-130.4516137128062,0.4562884778998016
2022,2022-03-20,True,False,por,ind,98,129,22,26,34,16,0,35,34,25,35,0,home,8.0,237.0,290.0,-350.0,1.5,114.5,1.0,0,True,1336.8272586288483,1262.8214572764196,1374.966558399349,1224.682157505919,74.00580135242876,0.7313844187664125
2022,2022-03-20,True,False,bos,den,124,104,33,35,30,26,0,27,16,32,29,0,away,3.0,221.5,-145.0,125.0,4.5,113.0,1.0,1,False,1569.8090647999784,1853.734346358409,1535.3083727353737,1888.2350384230137,-283.9252815584307,0.2575466773101697
2022,2022-03-20,True,False,phx,sac,127,124,22,27,34,27,17,26,33,28,23,14,away,8.0,230.5,-350.0,290.0,7.5,117.0,0.0,1,False,1346.6823146649851,1811.7378776525504,1340.0362068036334,1818.3839855139022,-465.0555629875653,0.10895803241801456
2022,2022-03-20,True,False,mem,hou,122,98,30,26,28,38,0,21,23,27,27,0,away,12.5,237.0,-800.0,550.0,4.0,120.5,1.0,0,False,1203.0767802453283,1656.5413440160003,1186.7033069835668,1672.9148172777618,-453.46456377067193,0.11560694247284246
2022,2022-03-20,True,False,no,atl,117,112,35,25,31,26,0,18,32,26,36,0,home,5.0,235.0,175.0,-200.0,6.0,119.5,0.0,0,False,1631.6393773948796,1518.3815281947896,1576.869613538393,1573.1512920512762,113.25784920009005,0.7734001455910994
2022,2022-03-20,True,False,tor,phi,93,88,27,30,12,24,0,37,17,20,14,0,home,8.0,219.0,290.0,-350.0,7.0,106.0,0.0,0,False,1672.9682242509,1641.5687574516983,1620.9472137451583,1693.58976795744,31.39946679920172,0.6805707845410058
2022,2022-03-21,True,False,mia,phi,106,113,32,24,22,28,0,26,31,23,33,0,away,8.0,210.0,-330.0,270.0,6.0,102.5,0.0,1,True,1620.9472137451583,1643.8389582956672,1656.705367447467,1608.0808045933584,-22.891744550508974,0.6091809771388909
2022,2022-03-21,True,False,min,dal,108,110,29,25,27,27,0,23,37,26,24,0,home,1.5,228.5,105.0,-125.0,1.5,112.0,1.0,0,True,1644.3794047295683,1745.763915429473,1668.6451885109557,1721.4981316480855,-101.3845106999047,0.4980075394849075
2022,2022-03-21,True,False,por,det,119,115,29,38,29,23,0,22,30,36,27,0,home,9.5,222.5,375.0,-450.0,8.5,107.5,0.0,1,False,1325.2843542546125,1224.682157505919,1276.3598195910918,1273.6066921694396,100.60219674869359,0.7603791065752419
2022,2022-03-21,True,False,lal,cle,131,120,28,39,29,35,0,35,27,35,23,0,home,5.0,228.0,175.0,-200.0,3.5,111.0,0.0,1,False,1462.2803213297097,1307.141609760703,1385.3417832922014,1384.0801477982113,155.13871156900677,0.8128591772820334
2022,2022-03-21,True,False,no,cha,103,106,22,27,35,19,0,19,24,35,28,0,home,5.5,236.5,195.0,-230.0,4.5,119.5,0.0,0,True,1676.626206188544,1573.1512920512762,1689.7059331322032,1560.071565107617,103.47491413726789,0.7633791506124282
2022,2022-03-21,True,False,tor,chi,99,113,24,31,18,26,0,30,24,30,29,0,home,3.5,219.0,145.0,-165.0,3.0,106.0,1.0,0,True,1437.931630716341,1693.58976795744,1522.5472163589968,1608.9741823147842,-255.65813724109898,0.2898649031336938
2022,2022-03-21,True,False,bos,okc,132,123,38,27,43,24,0,21,30,33,39,0,away,13.0,216.0,-1100.0,700.0,4.0,111.5,0.0,1,False,1162.7496157511025,1888.2350384230137,1160.0565048978924,1890.9281492762238,-725.4854226719112,0.026581890515974444
2022,2022-03-21,True,False,wsh,hou,97,115,39,24,20,14,0,26,25,29,35,0,away,3.5,233.5,-165.0,145.0,2.0,113.0,0.0,0,True,1186.7033069835668,1260.2888126854873,1246.5655787110227,1200.4265409580314,-73.58550570192051,0.5379404412010762
2022,2022-03-21,True,False,utah,bkn,106,114,28,23,24,31,0,25,28,38,23,0,away,2.5,229.5,-130.0,110.0,2.0,117.5,0.0,0,True,1558.8057248939233,1664.9769022072253,1608.0031752569005,1615.7794518442481,-106.171177313302,0.49111989579081194
2022,2022-03-22,True,False,atl,ny,117,111,30,34,23,30,0,34,24,31,22,0,away,3.5,226.0,-165.0,145.0,0.5,110.5,1.0,1,False,1423.1964631580797,1576.869613538393,1386.9477794985312,1613.1182971979415,-153.67315038031325,0.4233667828574428
2022,2022-03-22,True,False,gs,orl,90,94,17,21,36,16,0,25,21,19,29,0,away,7.5,216.0,-310.0,260.0,8.0,104.5,0.0,0,True,1278.8992039045174,1545.4253208435964,1330.0874321487709,1494.237092599343,-266.526116939079,0.2771583080371453
2022,2022-03-22,True,False,lac,den,115,127,27,34,27,27,0,37,35,27,28,0,home,6.5,222.5,220.0,-260.0,0.5,115.0,1.0,1,True,1535.3083727353737,1382.364674066326,1553.815849332542,1363.8571974691577,152.94369866904776,0.8109294717218141
2022,2022-03-22,True,False,chi,mil,98,126,20,23,26,29,0,33,26,32,35,0,home,6.5,234.5,225.0,-265.0,1.5,119.5,1.0,0,True,1673.7033287532802,1522.5472163589968,1698.2416046913577,1498.0089404209193,151.15611239428335,0.8093467026798108
2022,2022-03-23,True,False,phx,min,125,116,25,26,32,42,0,30,34,24,28,0,home,2.0,239.0,105.0,-125.0,3.0,120.5,0.0,1,False,1721.4981316480855,1818.3839855139022,1670.387222409823,1869.4948947521648,-96.88585386581667,0.5044814965280767
2022,2022-03-23,True,False,orl,okc,102,118,34,19,21,28,0,26,34,24,34,0,away,2.0,219.0,-130.0,110.0,3.0,112.0,0.0,1,True,1160.0565048978924,1330.0874321487709,1234.783470075999,1255.3604669706642,-170.03092725087845,0.40056045505814697
2022,2022-03-23,True,False,sa,por,133,96,45,36,33,19,0,27,26,28,15,0,away,9.5,231.0,-440.0,370.0,1.5,112.5,1.0,0,False,1273.6066921694396,1300.5552220970555,1176.9970696567964,1397.1648446096988,-26.948529927615937,0.6036072116265326
2022,2022-03-23,True,False,hou,dal,91,110,21,32,19,19,0,25,27,30,28,0,home,10.0,218.5,400.0,-500.0,7.0,106.5,1.0,0,True,1668.6451885109557,1246.5655787110227,1673.0188086631347,1242.1919585588437,422.079609799933,0.95281442010682
2022,2022-03-23,True,False,utah,bos,97,125,24,21,23,29,0,39,29,25,32,0,home,5.0,215.5,175.0,-200.0,3.0,110.5,1.0,1,True,1890.9281492762238,1615.7794518442481,1902.9474376915066,1603.7601634289654,275.14869743197573,0.8965559205325792
2022,2022-03-23,True,False,ny,cha,121,106,40,29,30,22,0,24,32,31,19,0,home,8.5,226.0,300.0,-360.0,9.0,108.5,0.0,1,False,1689.7059331322032,1386.9477794985312,1604.4540477441624,1472.199664886572,302.758153633672,0.9103945800727881
2022,2022-03-23,True,False,gs,mia,118,104,23,27,31,37,0,23,27,30,24,0,home,10.0,209.5,400.0,-500.0,7.0,102.5,0.0,1,False,1608.0808045933584,1494.237092599343,1525.2826155688508,1577.0352816238506,113.8437119940154,0.7739906386915919
2022,2022-03-23,True,False,atl,det,101,122,31,20,27,23,0,26,33,34,29,0,away,5.0,227.5,-200.0,175.0,5.0,110.5,0.0,0,True,1276.3598195910918,1613.1182971979415,1384.6516652654773,1504.826451523556,-336.75847760684974,0.20377078350784145
2022,2022-03-23,True,False,bkn,mem,120,132,32,30,42,16,0,40,36,27,29,0,away,1.0,237.5,-110.0,-110.0,4.0,114.5,0.0,1,True,1672.9148172777618,1608.0031752569005,1702.4853779849047,1578.4326145497575,64.91164202086134,0.7209759339044022
2022,2022-03-23,True,False,phi,lal,126,121,27,34,32,33,0,30,22,39,30,0,away,10.0,226.0,-450.0,375.0,3.0,110.0,0.0,1,False,1384.0801477982113,1656.705367447467,1362.779871960086,1678.0056432855924,-272.62521964925577,0.2701797794029673
2022,2022-03-23,True,False,sac,ind,110,109,37,29,19,25,0,34,27,28,20,0,home,6.0,233.5,190.0,-220.0,6.0,114.0,0.0,0,False,1374.966558399349,1340.0362068036334,1354.7810110202838,1360.2217541826985,34.93035159571559,0.6849731010851039
2022,2022-03-24,True,False,cle,tor,104,117,17,31,27,29,0,25,33,25,34,0,home,5.5,214.0,175.0,-200.0,0.5,103.5,1.0,1,True,1608.9741823147842,1385.3417832922014,1621.7241384298961,1372.5918271770895,223.63239902258283,0.8656436625935001
2022,2022-03-24,True,False,wsh,mil,102,114,13,29,24,36,0,32,28,32,22,0,home,8.5,228.5,330.0,-400.0,0.5,111.0,1.0,0,True,1698.2416046913577,1200.4265409580314,1700.5796139765555,1198.0885316728336,497.81506373332627,0.968970630264187
2022,2022-03-24,True,False,chi,no,109,126,39,23,23,24,0,31,32,23,40,0,home,3.5,223.5,140.0,-160.0,1.5,115.0,1.0,1,True,1560.071565107617,1498.0089404209193,1593.8797086416453,1464.200796886891,62.062624686697745,0.7176647734968331
2022,2022-03-24,True,False,ind,mem,103,133,23,25,23,32,0,44,30,33,26,0,home,11.5,236.0,475.0,-650.0,0.5,114.5,1.0,2,True,1702.4853779849047,1354.7810110202838,1710.4028910202296,1346.863497984959,347.70436696462093,0.9293792909616844
2022,2022-03-24,True,False,phx,den,140,130,31,35,38,36,0,31,37,38,24,0,home,1.0,232.0,-105.0,-115.0,0.5,118.5,0.0,1,False,1553.815849332542,1869.4948947521648,1530.1646179398283,1893.1461261448785,-315.67904541962275,0.22416658154162816
2022,2022-03-25,True,False,dal,min,95,116,22,28,17,28,0,26,35,28,27,0,home,4.5,228.0,145.0,-165.0,1.0,111.0,1.0,0,True,1670.387222409823,1673.0188086631347,1719.8161508140633,1623.5898802588943,-2.6315862533117524,0.6365676779238383
2022,2022-03-25,True,False,phi,lac,122,97,35,29,29,29,0,19,24,28,26,0,away,5.0,218.0,-220.0,190.0,3.0,106.5,1.0,1,False,1363.8571974691577,1678.0056432855924,1331.5013124659272,1710.361528288823,-314.1484458164348,0.22570265006550355
2022,2022-03-25,True,False,hou,por,125,106,35,31,30,29,0,22,31,29,24,0,away,4.5,234.0,-180.0,160.0,1.5,114.0,1.0,0,False,1176.9970696567964,1242.1919585588437,1104.5106699215899,1314.6783582940502,-65.1948889020473,0.5499216970566373
2022,2022-03-25,True,False,utah,cha,101,107,24,27,27,23,0,23,31,23,30,0,away,4.0,227.5,-170.0,150.0,4.0,116.0,0.0,0,True,1604.4540477441624,1603.7601634289654,1635.171639778563,1573.0425713945647,0.6938843151970104,0.640984702469936
2022,2022-03-25,True,False,gs,atl,110,121,42,25,16,27,0,36,33,32,20,0,home,2.0,223.0,110.0,-130.0,1.0,109.5,1.0,1,True,1504.826451523556,1577.0352816238506,1555.1308431576263,1526.7308899897803,-72.20883010029456,0.539909626727994
2022,2022-03-25,True,False,wsh,det,100,97,25,35,19,21,0,24,20,26,27,0,home,3.5,223.0,150.0,-170.0,6.0,106.5,0.0,0,False,1384.6516652654773,1198.0885316728336,1341.5301362774442,1241.2100606608667,186.56313359264368,0.8388356299217461
2022,2022-03-25,True,False,ny,mia,111,103,25,24,24,38,0,32,26,30,15,0,home,9.5,214.0,350.0,-420.0,2.0,103.5,0.0,2,False,1525.2826155688508,1472.199664886572,1460.3699359994941,1537.1123444559287,53.082950682278806,0.7070742050375145
2022,2022-03-26,True,False,mil,mem,102,127,28,18,33,23,0,32,27,39,29,0,away,1.0,233.5,-120.0,100.0,3.5,119.0,0.0,0,True,1710.4028910202296,1700.5796139765555,1759.66549707358,1651.3170079232052,9.823277043674125,0.6529866881421312
2022,2022-03-26,True,False,okc,den,107,113,25,24,27,31,0,32,26,29,26,0,home,17.0,229.0,950.0,-1800.0,7.0,111.5,0.0,0,True,1530.1646179398283,1234.783470075999,1536.320209766531,1228.6278782492964,295.38114786382926,0.9068695016322688
2022,2022-03-26,True,False,chi,cle,98,94,28,25,22,23,0,16,19,28,31,0,home,2.0,223.0,110.0,-130.0,5.5,112.0,0.0,0,False,1372.5918271770895,1464.200796886891,1336.329217995104,1500.4634060688766,-91.60896970980161,0.5120733159784021
2022,2022-03-26,True,False,hou,por,115,98,24,36,25,30,0,28,32,18,20,0,away,4.5,232.5,-180.0,160.0,3.0,114.5,1.0,0,False,1104.5106699215899,1314.6783582940502,1060.435897012783,1358.753131202857,-210.16768837246036,0.34656420287616535
2022,2022-03-26,True,False,sac,orl,114,110,41,25,15,24,9,28,34,22,21,5,home,2.5,220.5,120.0,-140.0,1.5,108.0,0.0,1,False,1255.3604669706642,1360.2217541826985,1220.448220975267,1395.1340001780957,-104.86128721203431,0.4930045018381621
2022,2022-03-26,True,False,sa,no,107,103,22,36,26,23,0,32,25,27,19,0,home,6.0,230.5,200.0,-240.0,4.5,111.5,0.0,0,False,1593.8797086416453,1397.1648446096988,1543.7835532996826,1447.2609999516615,196.7148640319465,0.846580339200974
2022,2022-03-26,True,False,bkn,mia,110,95,27,40,29,14,0,25,21,22,27,0,away,2.5,231.5,-140.0,120.0,4.0,112.5,1.0,0,False,1460.3699359994941,1578.4326145497575,1402.5412743730383,1636.2612761762134,-118.0626785502634,0.4740291099416694
2022,2022-03-26,True,False,ind,tor,91,131,21,25,24,21,0,41,33,22,35,0,home,12.0,223.0,500.0,-700.0,1.0,108.0,1.0,0,True,1621.7241384298961,1346.863497984959,1635.0021502713585,1333.5854861434966,274.8606404449372,0.8964020332593329
2022,2022-03-27,True,False,utah,dal,100,114,29,30,20,21,0,21,37,32,24,0,home,4.0,217.0,150.0,-170.0,3.5,110.5,1.0,0,True,1623.5898802588943,1573.0425713945647,1657.157767363595,1539.474684289864,50.54730886432958,0.7040418982854106
2022,2022-03-27,True,False,ny,det,104,102,34,25,21,24,0,22,25,32,23,0,away,5.0,218.5,-185.0,165.0,1.0,106.5,0.0,0,False,1341.5301362774442,1537.1123444559287,1323.8470541646375,1554.7954265687354,-195.5822081784845,0.36581443151681886
2022,2022-03-27,True,False,min,bos,112,134,30,19,31,32,0,34,38,34,28,0,home,6.5,230.0,210.0,-250.0,3.0,112.5,1.0,1,True,1902.9474376915066,1719.8161508140633,1922.0538944869718,1700.7096940185982,183.13128687744324,0.8361469932551536
2022,2022-03-27,True,False,gs,wsh,115,123,24,27,30,34,0,28,31,33,31,0,away,7.0,217.0,-280.0,240.0,6.0,105.0,0.0,1,True,1241.2100606608667,1526.7308899897803,1313.15828868843,1454.782661962217,-285.5208293289136,0.2557943245797658
2022,2022-03-27,True,False,phi,phx,104,114,39,25,22,18,0,37,23,31,23,0,home,4.5,226.5,165.0,-185.0,5.0,110.0,1.0,0,True,1893.1461261448785,1710.361528288823,1907.7866370221902,1695.7210174115112,182.7845978560556,0.83587338818957
2022,2022-03-27,True,False,lal,no,108,116,31,38,25,14,0,23,26,41,26,0,home,4.0,233.5,140.0,-160.0,7.0,112.5,1.0,0,True,1543.7835532996826,1362.779871960086,1557.3346140159297,1349.228811243839,181.0036813395966,0.8344621090188503
2022,2022-03-27,True,False,cha,bkn,119,110,26,30,37,26,0,32,28,29,21,0,home,7.0,238.0,225.0,-265.0,3.0,115.0,0.0,0,False,1636.2612761762134,1635.171639778563,1571.3383616476851,1700.0945543070914,1.089636397650338,0.641508785228481
2022,2022-03-28,True,False,sa,hou,123,120,39,28,29,27,0,31,24,29,36,0,away,9.5,233.0,-420.0,350.0,2.0,114.5,0.0,1,False,1358.753131202857,1447.2609999516615,1327.2462245282252,1478.7679066262933,-88.50786874880441,0.5165324774232126
2022,2022-03-28,True,False,orl,cle,101,107,22,31,27,21,0,27,33,21,26,0,home,9.0,216.5,330.0,-400.0,2.5,111.5,0.0,0,True,1336.329217995104,1220.448220975267,1353.513709821853,1203.2637291485182,115.88099701983697,0.7760355355585478
2022,2022-03-28,True,False,gs,mem,95,123,16,21,30,28,0,20,43,32,28,0,home,9.0,221.0,360.0,-430.0,1.5,107.5,1.0,0,True,1759.66549707358,1454.782661962217,1769.7268949378586,1444.7212640979383,304.88283511136297,0.911387315781518
2022,2022-03-28,True,False,bos,tor,112,115,38,20,22,26,6,30,29,21,26,9,home,8.5,212.0,300.0,-360.0,5.5,109.5,0.0,1,True,1635.0021502713585,1922.0538944869718,1680.498536648692,1876.5575081096383,-287.0517442156133,0.254120329489235
2022,2022-03-28,True,False,atl,ind,132,123,44,30,28,30,0,30,33,27,33,0,away,7.5,236.5,-320.0,265.0,0.5,114.5,1.0,1,False,1333.5854861434966,1555.1308431576263,1299.9609635578308,1588.755365743292,-221.54535701412965,0.3318851048996791
2022,2022-03-28,True,False,sac,mia,100,123,19,22,27,32,0,31,26,36,30,0,home,14.0,217.5,800.0,-1400.0,2.5,105.0,1.0,1,True,1402.5412743730383,1395.1340001780957,1451.1472306466471,1346.5280439044868,7.407274194942602,0.6498286191575975
2022,2022-03-28,True,False,den,cha,113,109,32,24,37,20,0,30,27,27,25,0,away,3.5,232.0,-160.0,140.0,2.5,112.5,1.0,0,False,1700.0945543070914,1536.320209766531,1650.1793498844536,1586.2354141891688,163.77434454056038,0.8203038105976865
2022,2022-03-28,True,False,chi,ny,104,109,28,22,25,29,0,24,29,28,28,0,away,3.5,218.0,-165.0,145.0,3.0,112.0,0.0,0,True,1554.7954265687354,1500.4634060688766,1576.5876889943424,1478.6711436432695,54.3320204998588,0.7085612257234059
2022,2022-03-28,True,False,okc,por,134,131,34,24,23,34,19,28,33,28,26,16,home,1.5,220.5,100.0,-120.0,0.5,108.0,0.0,1,False,1060.435897012783,1228.6278782492964,1035.8477273850767,1253.2160478770027,-168.19198123651336,0.40310489075487066
2022,2022-03-29,True,False,mil,phi,118,116,27,24,30,37,0,24,37,28,27,0,home,0.0,232.0,-110.0,-110.0,3.0,118.0,0.0,1,False,1695.7210174115112,1651.3170079232052,1663.4788038268937,1683.5592215078227,44.404009488305974,0.6966205021033836
2022,2022-03-29,True,False,chi,wsh,107,94,28,23,24,32,0,23,23,27,21,0,away,4.0,223.5,-175.0,155.0,1.5,113.0,1.0,0,False,1313.15828868843,1478.6711436432695,1265.9188180087567,1525.9106143229428,-165.51285495483944,0.4068211484384323
2022,2022-03-29,True,False,lal,dal,110,128,25,31,28,26,0,43,39,31,15,0,home,12.0,219.5,550.0,-800.0,1.0,108.0,1.0,1,True,1657.157767363595,1349.228811243839,1665.7959248185468,1340.590653788887,307.9289561197561,0.9127932632050871
2022,2022-03-29,True,False,det,bkn,123,130,35,29,30,29,0,33,25,38,34,0,home,14.0,233.5,750.0,-1200.0,11.5,113.0,0.0,1,True,1571.3383616476851,1323.8470541646375,1580.0786560991353,1315.1067597131873,247.49130748304765,0.880830751752768
2022,2022-03-29,True,False,utah,lac,115,121,32,29,33,21,0,14,34,34,39,0,away,2.5,217.0,-140.0,120.0,2.5,111.0,0.0,1,True,1331.5013124659272,1539.474684289864,1387.2031275635732,1483.772869192218,-207.97337182393676,0.34943021714394096
2022,2022-03-30,True,False,sac,hou,121,118,28,44,32,17,0,39,27,37,15,0,away,3.0,231.0,-150.0,130.0,0.5,113.5,2.0,1,False,1327.2462245282252,1346.5280439044868,1289.7869601538816,1383.9873082788304,-19.281819376261637,0.6141169880478884
2022,2022-03-30,True,False,phx,gs,107,103,29,21,27,30,0,32,16,27,28,0,away,5.0,222.0,-200.0,175.0,3.0,114.0,0.0,0,False,1444.7212640979383,1907.7866370221902,1436.9262529983134,1915.581648121815,-463.06537292425196,0.11007528889720151
2022,2022-03-30,True,False,no,por,117,107,32,19,34,32,0,36,18,28,25,0,away,15.0,225.5,-1500.0,850.0,10.5,115.5,0.0,0,False,1035.8477273850767,1557.3346140159297,1027.2814743011338,1565.9008670998726,-521.486886630853,0.08119102293504574
2022,2022-03-30,True,False,mem,sa,112,111,31,34,28,19,0,27,25,34,25,0,away,5.0,234.0,-200.0,175.0,1.5,119.0,0.0,0,False,1478.7679066262933,1769.7268949378586,1471.1469240678573,1777.3478774962946,-290.95898831156524,0.24988076690356958
2022,2022-03-30,True,False,atl,okc,136,118,42,43,30,21,0,24,34,31,29,0,away,13.0,228.5,-900.0,600.0,2.0,111.5,1.0,1,False,1253.2160478770027,1588.755365743292,1226.668632870427,1615.3027807498677,-335.53931786628937,0.20491181692932953
2022,2022-03-30,True,False,dal,cle,120,112,34,27,39,20,0,30,37,22,23,0,away,2.5,215.0,-130.0,110.0,3.0,105.0,1.0,1,False,1353.513709821853,1665.7959248185468,1331.5112144287248,1687.798420211675,-312.28221499669394,0.22758561807388153
2022,2022-03-30,True,False,cha,ny,125,114,29,29,33,34,0,31,24,28,31,0,away,2.5,223.5,-140.0,120.0,0.5,109.0,1.0,1,False,1576.5876889943424,1650.1793498844536,1517.7724536201433,1708.9945852586527,-73.59166089011114,0.5379316341650923
2022,2022-03-30,True,False,orl,wsh,110,127,35,21,23,31,0,28,30,28,41,0,home,4.0,219.0,145.0,-165.0,2.0,112.0,1.0,1,True,1265.9188180087567,1203.2637291485182,1299.625471368601,1169.557075788674,62.65508886023849,0.718355302287559
2022,2022-03-30,True,False,den,ind,125,118,43,26,22,34,0,15,38,38,27,0,away,10.0,237.5,-500.0,400.0,1.0,114.0,0.0,1,False,1299.9609635578308,1586.2354141891688,1276.6324323430194,1609.5639454039801,-286.2744506313379,0.25496936586993896
2022,2022-03-30,True,False,mia,bos,106,98,25,28,26,27,0,29,23,31,15,0,home,5.0,213.0,175.0,-200.0,4.0,104.5,0.0,0,False,1876.5575081096383,1451.1472306466471,1811.8752920442555,1515.82944671203,425.4102774629912,0.9536689696844581
2022,2022-03-30,True,False,min,tor,102,125,30,30,22,20,0,20,42,35,28,0,home,2.5,229.0,120.0,-140.0,1.0,112.5,1.0,0,True,1680.498536648692,1700.7096940185982,1734.6356278800502,1646.57260278724,-20.211157369906232,0.6128484592277602
2022,2022-03-31,True,False,lal,utah,109,122,28,27,30,24,0,34,32,33,23,0,home,13.5,228.0,650.0,-1000.0,5.0,111.5,0.0,1,True,1483.772869192218,1340.590653788887,1503.8681099825858,1320.4954129985192,143.18221540333093,0.8021631571725483
2022,2022-03-31,True,False,lac,chi,130,135,32,27,33,26,12,22,28,32,36,17,home,2.5,221.0,115.0,-135.0,3.5,112.5,1.0,1,True,1525.9106143229428,1387.2031275635732,1539.8928962317575,1373.2208456547585,138.70748675936966,0.7980434954758486
2022,2022-03-31,True,False,cle,atl,107,131,28,25,22,32,0,36,30,34,31,0,home,6.5,229.0,215.0,-255.0,1.5,109.5,1.0,1,True,1615.3027807498677,1331.5112144287248,1626.2158467955703,1320.5981483830221,283.7915663211429,0.9010799329102559
2022,2022-03-31,True,False,mil,bkn,120,119,23,33,31,23,10,30,30,26,24,9,home,2.0,243.5,105.0,-125.0,0.5,124.0,0.0,0,False,1580.0786560991353,1683.5592215078227,1564.9821779388492,1698.6556996681088,-103.48056540868743,0.49499123128939365
2022,2022-03-31,True,False,phi,det,94,102,25,29,25,15,0,20,30,23,29,0,away,9.5,225.5,-450.0,375.0,4.5,109.0,0.0,0,True,1315.1067597131873,1663.4788038268937,1393.1124191184188,1585.4731444216623,-348.37204411370635,0.1931385103462015
2022,2022-04-01,True,False,phx,mem,114,122,23,27,33,31,0,34,20,30,38,0,away,8.0,229.0,-320.0,265.0,7.5,116.5,0.0,1,True,1777.3478774962946,1915.581648121815,1830.9849381880501,1861.9445874300595,-138.2337706255205,0.4451982199704515
2022,2022-04-01,True,False,no,lal,114,111,30,20,36,28,0,25,25,37,24,0,home,2.0,229.5,115.0,-135.0,1.5,117.5,0.0,0,False,1320.4954129985192,1565.9008670998726,1302.0644184638472,1584.3318616345446,-245.40545410135337,0.30216255015707777
2022,2022-04-01,True,False,por,sa,111,130,29,20,32,30,0,34,43,24,29,0,home,13.5,230.5,800.0,-1400.0,0.5,111.5,1.0,1,True,1471.1469240678573,1027.2814743011338,1474.968088400064,1023.460309968927,443.8654497667235,0.9581431284927021
2022,2022-04-01,True,False,det,okc,110,101,21,34,28,27,0,20,32,14,35,0,away,4.5,222.0,-180.0,160.0,1.5,108.0,1.0,0,False,1226.668632870427,1393.1124191184188,1185.5830114160092,1434.1980405728366,-166.44378624799174,0.40552860643680727
2022,2022-04-01,True,False,min,den,136,130,40,30,28,38,0,35,30,29,36,0,home,3.0,242.0,120.0,-140.0,2.5,116.5,0.0,1,False,1609.5639454039801,1646.57260278724,1559.0762488334624,1697.0602993577577,-37.00865738325979,0.589671444946727
2022,2022-04-01,True,False,sac,hou,122,117,26,31,29,36,0,41,21,29,26,0,away,3.5,235.0,-160.0,140.0,3.0,113.5,1.0,1,False,1289.7869601538816,1383.9873082788304,1249.7103066945238,1424.0639617381883,-94.20034812494873,0.5083455948245326
2022,2022-04-01,True,False,tor,orl,102,89,29,30,26,17,0,23,23,17,26,0,away,11.5,217.0,-650.0,475.0,2.5,105.5,1.0,0,False,1169.557075788674,1734.6356278800502,1162.0869656622338,1742.1057380064904,-565.0785520913762,0.0643317703792049
2022,2022-04-01,True,False,lac,mil,153,119,34,39,41,39,0,30,32,26,31,0,home,3.5,217.5,145.0,-165.0,5.0,112.0,0.0,1,False,1698.6556996681088,1373.2208456547585,1590.014468561575,1481.8620767612922,325.43485401335033,0.9204882833685695
2022,2022-04-01,True,False,ind,bos,123,128,28,33,30,32,0,37,31,28,32,0,home,15.0,227.0,900.0,-1600.0,7.0,110.5,0.0,1,True,1811.8752920442555,1276.6324323430194,1813.1676373886999,1275.340086998575,535.2428597012361,0.9748334731560975
2022,2022-04-01,True,False,dal,wsh,103,135,30,23,25,25,0,41,26,27,41,0,away,7.5,216.5,-335.0,275.0,7.5,105.0,0.0,1,True,1299.625471368601,1687.798420211675,1428.8693889795977,1558.5545026006782,-388.172948843074,0.1599155121934525
2022,2022-04-02,True,False,cha,phi,114,144,26,27,27,34,0,29,29,45,41,0,home,5.5,229.5,190.0,-220.0,2.0,112.0,1.0,1,True,1585.4731444216623,1708.9945852586527,1666.1276550826938,1628.3400745976212,-123.52144083699045,0.46620154609667
2022,2022-04-02,True,False,cle,ny,119,101,39,29,34,17,0,30,30,25,16,0,home,2.0,221.0,115.0,-135.0,3.5,106.0,0.0,0,False,1517.7724536201433,1320.5981483830221,1426.120432349893,1412.2501696532725,197.1743052371212,0.8469235308271309
2022,2022-04-02,True,False,bkn,atl,115,122,30,20,37,28,0,28,37,29,28,0,away,2.0,243.0,-135.0,115.0,5.5,118.0,0.0,0,True,1626.2158467955703,1564.9821779388492,1650.6411362116655,1540.556888522754,61.233668856721124,0.7166968873353645
2022,2022-04-02,True,False,mia,chi,127,109,31,35,32,29,0,30,27,22,30,0,away,2.5,216.5,-140.0,120.0,1.5,105.5,1.0,1,False,1539.8928962317575,1515.82944671203,1454.9633670895594,1600.758975854228,24.063449519727556,0.6713211767769536
2022,2022-04-02,True,False,utah,gs,107,111,30,28,29,20,0,23,22,36,30,0,away,2.5,219.0,-140.0,120.0,2.5,112.0,0.0,0,True,1436.9262529983134,1503.8681099825858,1468.9750168657097,1471.8193461151895,-66.94185698427236,0.5474314409030647
2022,2022-04-03,True,False,phx,okc,96,117,27,26,22,21,0,20,32,32,33,0,away,14.0,221.5,-1400.0,800.0,8.5,114.0,0.0,0,True,1185.5830114160092,1861.9445874300595,1316.83337509957,1730.6942237464987,-676.3615760140503,0.0349654344769255
2022,2022-04-03,True,False,por,sa,92,113,23,33,16,20,0,26,22,34,31,0,home,13.5,231.5,800.0,-1400.0,12.0,110.5,1.0,0,True,1474.968088400064,1023.460309968927,1478.7280404110047,1019.7003579579863,451.507778431137,0.959872322622842
2022,2022-04-03,True,False,no,lac,100,119,31,13,27,29,0,37,29,26,27,0,home,2.0,223.0,110.0,-130.0,5.5,115.0,1.0,0,True,1481.8620767612922,1584.3318616345446,1548.2366798718172,1517.9572585240196,-102.46978487325237,0.49644575372292626
2022,2022-04-03,True,False,gs,sac,109,90,28,34,19,28,0,14,28,25,23,0,away,4.5,221.0,-185.0,165.0,3.0,107.0,1.0,0,False,1424.0639617381883,1468.9750168657097,1347.7945648158923,1545.2444137880057,-44.91105512752142,0.5786215944261339
2022,2022-04-03,True,False,mia,tor,114,109,28,17,34,35,0,34,21,23,31,0,home,4.5,214.5,170.0,-190.0,1.0,104.0,0.0,1,False,1742.1057380064904,1600.758975854228,1686.813288620293,1656.0514252404255,141.34676215226227,0.8004810502828493
2022,2022-04-03,True,False,min,hou,139,132,42,38,36,23,0,32,36,24,40,0,away,13.5,246.5,-1200.0,750.0,4.0,119.5,0.0,1,False,1249.7103066945238,1697.0602993577577,1238.7990502510927,1707.9715558011887,-447.34999266323393,0.1192546633394369
2022,2022-04-03,True,False,det,ind,121,117,38,24,36,23,0,34,32,25,26,0,home,4.5,233.0,155.0,-175.0,2.0,113.5,0.0,1,False,1275.340086998575,1434.1980405728366,1245.8740173208,1463.6641102506117,-158.8579535742615,0.41609769261293944
2022,2022-04-03,True,False,phi,cle,112,108,21,28,32,31,0,23,32,25,28,0,away,5.5,225.0,-210.0,180.0,4.5,109.0,0.0,0,False,1412.2501696532725,1666.1276550826938,1391.5735712140363,1686.80425352193,-253.8774854294213,0.29197938495813985
2022,2022-04-03,True,False,den,lal,129,118,24,38,33,34,0,28,33,33,24,0,away,5.5,231.5,-230.0,195.0,3.0,113.0,1.0,1,False,1302.0644184638472,1559.0762488334624,1270.5468710274286,1590.593796269881,-257.01183036961515,0.28826350331645384
2022,2022-04-03,True,False,wsh,bos,102,144,22,37,20,23,0,35,35,34,40,0,home,13.0,222.5,750.0,-1200.0,4.0,109.5,1.0,1,True,1813.1676373886999,1428.8693889795977,1820.0996899338152,1421.9373364344824,384.29824840910214,0.9420154357113328
2022,2022-04-03,True,False,ny,orl,118,88,29,28,37,24,0,20,27,15,26,0,away,5.0,216.0,-210.0,180.0,0.5,105.5,1.0,0,False,1162.0869656622338,1426.120432349893,1119.7738745325864,1468.4335234795403,-264.03346668765926,0.28004215064674864
2022,2022-04-03,True,False,dal,mil,118,112,25,32,33,28,0,33,22,32,25,0,home,6.5,227.0,240.0,-280.0,5.0,110.0,0.0,1,False,1590.014468561575,1558.5545026006782,1533.5149571271672,1615.054014035086,31.459965960896852,0.6806464897349593
2022,2022-04-05,True,False,por,okc,94,98,27,27,28,12,0,29,19,19,31,0,home,3.5,220.5,140.0,-160.0,3.0,107.0,1.0,0,True,1316.83337509957,1019.7003579579863,1321.8714041211572,1014.6623289363993,297.13301714158376,0.9077177287298648
2022,2022-04-05,True,False,no,sac,123,109,27,33,35,28,0,25,32,27,25,0,away,7.5,224.5,-320.0,265.0,4.0,116.0,1.0,1,False,1347.7945648158923,1517.9572585240196,1300.087800243029,1565.6640230968828,-170.16269370812734,0.4003783419310161
2022,2022-04-05,True,False,mem,utah,115,121,19,31,33,27,5,24,26,33,27,11,home,6.0,226.5,200.0,-240.0,4.5,114.5,2.0,1,True,1471.8193461151895,1830.9849381880501,1541.7161139428492,1761.0881703603904,-359.1655920728606,0.1836401562809637
2022,2022-04-05,True,False,sa,den,116,97,32,32,21,31,0,30,14,35,18,0,home,9.0,234.5,330.0,-400.0,10.0,113.0,0.0,0,False,1590.593796269881,1478.7280404110047,1499.0736929524335,1570.2481437284523,111.86575585887635,0.7719926788521929
2022,2022-04-05,True,False,mil,chi,127,106,26,32,38,31,0,20,26,36,24,0,away,7.0,231.0,-275.0,235.0,0.5,118.0,1.0,1,False,1454.9633670895594,1533.5149571271672,1382.7676997709805,1605.710624445746,-78.55159003760787,0.5308275915441095
2022,2022-04-05,True,False,lal,phx,110,121,31,27,22,30,0,28,35,35,23,0,home,13.0,234.5,575.0,-850.0,6.0,114.0,0.0,0,True,1730.6942237464987,1270.5468710274286,1733.558780932286,1267.6823138416412,460.1473527190701,0.9617447162827052
2022,2022-04-05,True,False,cha,mia,115,144,32,28,37,18,0,29,41,32,42,0,home,4.5,225.0,170.0,-190.0,1.0,109.5,1.0,1,True,1656.0514252404255,1628.3400745976212,1703.2405283127882,1581.1509715252585,27.71135064280429,0.675937809460902
2022,2022-04-05,True,False,atl,tor,108,118,31,21,31,25,0,27,29,33,29,0,home,4.5,226.5,160.0,-180.0,1.5,109.5,1.0,0,True,1686.813288620293,1650.6411362116655,1718.733790951678,1618.7206338802805,36.172152408627426,0.6865135704833356
2022,2022-04-05,True,False,phi,ind,131,122,33,49,25,24,0,31,28,40,23,0,away,11.0,235.0,-700.0,500.0,0.5,113.5,0.0,1,False,1245.8740173208,1686.80425352193,1233.393065091088,1699.285205751642,-440.9302362011299,0.1231911064150468
2022,2022-04-05,True,False,cle,orl,115,120,36,25,25,29,0,35,24,32,29,0,away,8.0,221.5,-350.0,290.0,4.5,106.5,0.0,1,True,1119.7738745325864,1391.5735712140363,1177.2370616718133,1334.1103840748094,-271.79969668144986,0.27111783232032916
2022,2022-04-05,True,False,hou,bkn,105,118,25,22,27,31,0,30,34,26,28,0,home,16.5,244.5,950.0,-1800.0,4.5,117.5,0.0,0,True,1540.556888522754,1238.7990502510927,1548.5918110790333,1230.7641276948134,301.7578382716613,0.9099237297196425
2022,2022-04-05,True,False,wsh,min,132,114,35,32,34,31,0,38,28,27,21,0,home,12.0,239.0,525.0,-750.0,8.0,117.0,0.0,1,False,1707.9715558011887,1421.9373364344824,1617.081279833621,1512.8276124020501,286.03421936670634,0.902224698591478
2022,2022-04-06,True,False,okc,utah,101,137,31,27,27,16,0,41,30,35,31,0,home,15.5,215.0,900.0,-1600.0,5.0,105.5,1.0,1,True,1541.7161139428492,1321.8714041211572,1559.5484731565684,1304.039044907438,219.84470982169205,0.8630875131731824
2022,2022-04-06,True,False,bos,chi,117,94,32,35,24,26,0,19,32,16,27,0,away,7.5,225.5,-290.0,245.0,0.5,114.5,1.0,0,False,1382.7676997709805,1820.0996899338152,1365.2260433257827,1837.641346379013,-437.3319901628347,0.12544595887933233
2022,2022-04-06,True,False,phx,lac,109,113,22,9,30,48,0,26,34,27,26,0,home,7.5,223.0,240.0,-280.0,2.5,113.5,0.0,0,True,1548.2366798718172,1733.558780932286,1592.1689234025475,1689.6265374015557,-185.32210106046887,0.3796218713812884
2022,2022-04-06,True,False,bkn,ny,110,98,25,25,22,38,0,29,38,15,16,0,away,7.0,229.5,-270.0,230.0,9.5,110.5,1.0,0,False,1468.4335234795403,1548.5918110790333,1408.7855370486138,1608.2397975099598,-80.15828759949295,0.5285235169671991
2022,2022-04-06,True,False,dal,det,131,113,32,33,34,32,0,34,24,28,27,0,away,9.0,218.5,-400.0,330.0,2.5,106.5,1.0,1,False,1463.6641102506117,1615.054014035086,1408.3985800166556,1670.3195442690421,-151.38990378447443,0.42657864093350534
2022,2022-04-06,True,False,wsh,atl,103,118,31,34,18,20,0,40,27,28,23,0,home,10.0,235.5,425.0,-550.0,6.5,114.5,1.0,0,True,1618.7206338802805,1512.8276124020501,1644.5465423286573,1487.0017039536733,105.89302147823037,0.7658842692808615
2022,2022-04-07,True,False,orl,cha,101,128,28,22,32,19,0,30,40,27,31,0,home,14.0,230.5,650.0,-1000.0,2.0,118.5,1.0,0,True,1581.1509715252585,1177.2370616718133,1586.5936703065324,1171.7943628905393,403.91390985344515,0.9478840747861971
2022,2022-04-07,True,False,bos,mil,121,127,29,30,38,24,0,36,33,33,25,0,home,8.5,227.0,300.0,-360.0,1.5,116.5,0.0,1,True,1605.710624445746,1837.641346379013,1664.0380175172852,1779.3139533074736,-231.93072193326702,0.3187647587678874
2022,2022-04-07,True,False,phi,tor,114,119,33,27,25,29,0,26,30,31,32,0,away,3.5,219.5,-155.0,135.0,1.5,107.0,0.0,1,True,1718.733790951678,1699.285205751642,1744.606982633326,1673.412014069994,19.44858520003595,0.665433118224934
2022,2022-04-07,True,False,sa,min,121,127,35,22,25,39,0,30,34,33,30,0,home,7.0,239.0,240.0,-280.0,1.5,116.0,0.0,1,True,1617.081279833621,1570.2481437284523,1641.6535239620903,1545.675899599983,46.833136105168705,0.6995675613818789
2022,2022-04-07,True,False,por,no,94,127,28,24,24,18,0,33,32,36,26,0,home,16.5,223.0,1000.0,-2000.0,5.5,107.5,1.0,0,True,1565.6640230968828,1014.6623289363993,1567.9683399446315,1012.3580120886508,551.0016941604836,0.976965696774132
2022,2022-04-07,True,False,mem,den,109,122,30,23,25,31,0,34,36,35,17,0,home,4.5,234.5,160.0,-180.0,3.0,119.0,1.0,0,True,1499.0736929524335,1761.0881703603904,1582.4013446883616,1677.7605186244623,-262.014477407957,0.28239138821522497
2022,2022-04-07,True,False,lal,gs,112,128,32,30,22,28,0,27,38,26,37,0,home,14.0,219.0,750.0,-1200.0,8.0,107.5,1.0,1,True,1545.2444137880057,1267.6823138416412,1555.2132010086882,1257.7135266209586,277.56209994636447,0.8978372932636552
2022,2022-04-08,True,False,por,dal,78,128,13,31,25,9,0,36,32,39,21,0,home,19.5,222.0,1200.0,-3000.0,5.0,108.0,1.0,0,True,1670.3195442690421,1012.3580120886508,1671.631960533105,1011.0455958245877,657.9615321803914,0.9874223609446658
2022,2022-04-08,True,False,phx,utah,111,105,30,24,21,36,0,24,33,35,13,0,home,3.0,229.0,125.0,-145.0,1.0,118.0,0.0,0,False,1559.5484731565684,1689.6265374015557,1520.4353522371682,1728.7396583209559,-130.07806424498722,0.45682200012243984
2022,2022-04-08,True,False,okc,lal,101,120,28,24,30,19,0,27,29,34,30,0,home,6.0,225.0,195.0,-230.0,2.5,110.0,1.0,0,True,1257.7135266209586,1304.039044907438,1313.518195546992,1248.2343759814046,-46.32551828647934,0.5766350880773181
2022,2022-04-08,True,False,atl,mia,109,113,22,39,26,22,0,24,32,35,22,0,home,1.5,231.0,105.0,-125.0,2.0,113.0,1.0,0,True,1703.2405283127882,1644.5465423286573,1722.3896481834445,1625.397422458001,58.693985984130904,0.7137191092485735
2022,2022-04-08,True,False,ny,wsh,114,92,23,36,35,20,0,31,19,22,20,0,away,3.5,224.0,-165.0,145.0,0.5,109.5,1.0,0,False,1487.0017039536733,1408.7855370486138,1392.8125266944492,1502.974714307838,78.21616690505948,0.7361192285562383
2022,2022-04-08,True,False,hou,tor,115,117,36,30,29,20,0,20,37,28,32,0,home,11.5,228.0,500.0,-700.0,10.5,111.5,0.0,1,True,1744.606982633326,1230.7641276948134,1745.5129428662083,1229.858167461931,513.8428549385126,0.9716278138182797
2022,2022-04-08,True,False,mil,det,131,101,30,26,34,41,0,8,30,30,33,0,away,10.0,232.0,-500.0,400.0,1.0,117.0,1.0,2,False,1408.3985800166556,1664.0380175172852,1364.5979677796397,1707.838629754301,-255.63943750062958,0.28988706149865495
2022,2022-04-08,True,False,cle,bkn,107,118,19,35,34,19,0,34,28,21,35,0,home,8.5,233.0,300.0,-360.0,2.0,112.5,1.0,0,True,1608.2397975099598,1334.1103840748094,1617.1633703048813,1325.186811279888,274.12941343515035,0.8960104838261578
2022,2022-04-08,True,False,cha,chi,133,117,39,40,32,22,0,30,21,32,34,0,home,2.5,236.5,125.0,-145.0,8.0,114.0,0.0,1,False,1365.2260433257827,1586.5936703065324,1323.82450039584,1627.9952132364751,-221.36762698074972,0.33211200260393425
2022,2022-04-09,True,False,ind,phi,120,133,23,31,36,30,0,37,29,34,33,0,home,14.5,237.0,700.0,-1100.0,4.0,114.0,0.0,1,True,1673.412014069994,1233.393065091088,1676.8595555978754,1229.9455235632065,440.0189489789061,0.9572460532521029
2022,2022-04-09,True,False,sac,lac,98,117,16,29,26,27,0,31,28,33,25,0,home,11.5,224.5,500.0,-700.0,2.5,109.5,1.0,0,True,1592.1689234025475,1300.087800243029,1601.834614177358,1290.4221094682187,292.0811231595185,0.9052526648213419
2022,2022-04-09,True,False,no,mem,114,141,18,29,33,34,0,30,34,55,22,0,home,8.0,229.5,290.0,-350.0,1.5,117.5,1.0,1,True,1677.7605186244623,1567.9683399446315,1708.161525319819,1537.5673332492747,109.79217867983084,0.7698848031830832
2022,2022-04-09,True,False,gs,sa,100,94,23,31,24,22,0,21,23,27,23,0,away,7.5,218.5,-300.0,250.0,1.5,106.0,0.0,0,False,1545.675899599983,1555.2132010086882,1491.9645614789174,1608.9245391297538,-9.537301408705162,0.6273219915199274
2022,2022-04-10,True,False,sac,phx,116,109,33,34,19,30,0,24,27,26,32,0,home,9.0,227.0,400.0,-500.0,8.5,111.5,0.0,0,False,1728.7396583209559,1290.4221094682187,1667.8721549559316,1351.289612833243,438.3175488527372,0.956843421768429
2022,2022-04-10,True,False,lal,den,146,141,36,33,26,40,11,33,36,39,27,6,home,6.0,229.5,200.0,-240.0,3.5,112.5,0.0,1,False,1582.4013446883616,1313.518195546992,1526.9079421587564,1369.0115980765972,268.8831491413696,0.893162743706888
2022,2022-04-10,True,False,det,phi,106,118,30,30,28,18,0,36,26,31,25,0,home,6.5,221.0,215.0,-255.0,3.5,108.0,1.0,1,True,1676.8595555978754,1364.5979677796397,1684.1905589746182,1357.266964402897,312.26158781823574,0.9147582485092398
2022,2022-04-10,True,False,wsh,cha,108,124,29,25,28,26,0,32,24,33,35,0,home,12.5,233.5,600.0,-900.0,6.5,114.5,1.0,0,True,1627.9952132364751,1392.8125266944492,1640.7935337569818,1380.0142061739425,235.18268654202598,0.8731903736464487
2022,2022-04-10,True,False,gs,no,128,107,27,41,21,39,0,26,22,28,31,0,away,7.0,222.5,-280.0,240.0,1.5,109.0,1.0,1,False,1537.5673332492747,1608.9245391297538,1463.97086370696,1682.5210086720685,-71.35720588047911,0.5411271635028281
2022,2022-04-10,True,False,mil,cle,115,133,20,26,33,36,0,46,33,32,22,0,home,7.5,226.5,320.0,-380.0,1.5,116.5,1.0,1,True,1325.186811279888,1707.838629754301,1433.4650629238865,1599.5603781103025,-382.6518184744132,0.16423149776325596
2022,2022-04-10,True,False,utah,por,111,80,16,36,26,33,0,19,21,16,24,0,away,17.0,220.0,-2500.0,1100.0,6.0,113.0,1.0,0,False,1011.0455958245877,1520.4353522371682,997.8489537841485,1533.6319942776074,-509.3897564125805,0.08653968194603825
2022,2022-04-10,True,False,sa,dal,120,130,29,30,23,38,0,28,31,38,33,0,home,10.0,225.5,400.0,-500.0,7.0,109.5,2.0,1,True,1671.631960533105,1491.9645614789174,1686.5326595610404,1477.063862450982,179.66739905418763,0.8333968025116882
2022,2022-04-10,True,False,okc,lac,88,138,18,33,16,21,0,39,27,29,43,0,home,12.0,216.5,550.0,-800.0,2.5,107.5,1.0,1,True,1601.834614177358,1248.2343759814046,1610.5798911346367,1239.4890990241258,353.60023819595335,0.9315746442780206
2022,2022-04-10,True,False,mia,orl,111,125,31,28,29,23,0,31,37,33,24,0,away,6.0,218.0,-275.0,235.0,6.0,106.5,0.0,1,True,1171.7943628905393,1722.3896481834445,1282.663035260028,1611.5209758139558,-550.5952852929051,0.06953624684415019
2022,2022-04-10,True,False,chi,min,124,120,33,37,27,27,0,21,26,40,33,0,home,7.0,229.5,250.0,-300.0,9.0,117.5,0.0,1,False,1641.6535239620903,1323.82450039584,1592.3652764180356,1373.1127479398947,317.82902356625027,0.917224277105737
2022,2022-04-10,True,False,tor,ny,94,105,22,26,24,22,0,31,20,22,32,0,home,0.0,214.0,-110.0,-110.0,0.5,104.5,1.0,0,True,1502.974714307838,1745.5129428662083,1578.8916388683451,1669.5960183057011,-242.5382285583703,0.30565413825519966
2022,2022-04-10,True,False,bos,mem,139,110,32,40,32,35,0,25,24,30,31,0,away,9.0,224.0,-400.0,330.0,1.5,114.0,1.0,1,False,1708.161525319819,1779.3139533074736,1627.1365904952631,1860.3388881320295,-71.15242798765462,0.5414198544887906
2022,2022-04-10,True,False,ind,bkn,126,134,29,31,34,32,0,41,35,27,31,0,home,16.5,245.0,1000.0,-2000.0,4.0,120.0,0.0,1,True,1617.1633703048813,1229.9455235632065,1621.1409212870449,1225.9679725810429,387.21784674167475,0.9429266588311607
2022,2022-04-10,True,False,atl,hou,130,114,35,38,29,28,0,24,35,32,23,0,away,12.0,241.0,-800.0,550.0,2.5,118.5,1.0,1,False,1229.858167461931,1625.397422458001,1210.6228305104755,1644.6327594094566,-395.53925499607,0.1543006811731449
