season,date,regular,playoffs,away_team,home_team,score_away,score_home,q1_away,q2_away,q3_away,q4_away,ot_away,q1_home,q2_home,q3_home,q4_home,ot_home,whos_favored,spread,total,away_ml,home_ml,h2_spread,h2_total,id_spread,id_total,home_won,home_elo_before,away_elo_before,home_elo_after,away_elo_after,elo_diff,elo_prob_home
2020,2019-10-22,True,False,no,tor,122,130,30,31,25,31,5,27,29,32,29,13,home,6.5,229.5,230.0,-280.0,6.0,113.0,1.0,1,True,1663.1568698493743,1282.0487445324954,1667.2865905806254,1277.9190238012443,381.10812531687884,0.9410041803309978
2020,2019-10-22,True,False,lal,lac,102,112,25,29,31,17,0,22,40,23,27,0,away,3.5,224.0,-180.0,150.0,5.0,110.5,0.0,0,True,1569.3368408109122,1486.0536821548708,1594.489745544882,1460.900777420901,83.28315865604145,0.7417458855510195
2020,2019-10-23,True,False,ny,sa,111,120,15,36,33,27,0,22,37,24,37,0,home,11.0,214.5,525.0,-750.0,3.5,104.5,0.0,1,True,1595.1654829567506,1256.6828273928927,1600.7807844885338,1251.0675258611095,338.48265556385786,0.9258147670542382
2020,2019-10-23,True,False,sac,phx,95,124,29,30,17,19,0,25,29,32,38,0,away,1.0,232.5,-115.0,-105.0,2.0,114.0,0.0,0,True,1270.6975741179965,1405.0014716034582,1352.88794812504,1322.8110975964146,-134.30389748546168,0.45079251922105246
2020,2019-10-23,True,False,okc,utah,95,100,12,34,28,21,0,23,26,19,32,0,home,9.0,221.5,375.0,-500.0,4.5,107.0,0.0,0,True,1630.1366556294743,1603.4725502902384,1655.1228619493272,1578.4863439703854,26.664105339235903,0.674615908936133
2020,2019-10-23,True,False,wsh,dal,100,108,25,23,20,32,0,24,38,29,17,0,home,9.0,220.0,350.0,-450.0,1.0,105.5,0.0,0,True,1392.2331642418737,1312.832628427006,1415.7495561976123,1289.3162364712675,79.40053581486768,0.7374414322165419
2020,2019-10-23,True,False,min,bkn,127,126,33,35,20,27,12,22,34,37,22,11,home,3.5,229.0,142.0,-165.0,5.0,112.5,0.0,1,False,1589.6796447051593,1382.6686090997946,1568.0979056301676,1404.2503481747863,207.01103560536467,0.8541212773502721
2020,2019-10-23,True,False,chi,cha,125,126,28,27,40,30,0,37,26,33,30,0,away,3.5,216.5,-170.0,145.0,4.0,112.0,0.0,1,True,1543.2562810202835,1212.0788937314235,1545.0233003175451,1210.3118744341618,331.17738728886,0.9228743057296493
2020,2019-10-23,True,False,bos,phi,93,107,25,23,20,25,0,20,29,28,30,0,home,5.5,214.5,190.0,-240.0,3.5,110.5,1.0,0,True,1483.6424547546158,1597.957784809514,1545.6729164264584,1535.9273231376712,-114.31533005489814,0.47941023425606877
2020,2019-10-23,True,False,det,ind,119,110,27,27,29,36,0,24,31,31,24,0,home,7.0,211.0,240.0,-300.0,4.5,104.0,0.0,1,False,1480.3421870201446,1477.7472079471272,1415.3156192677088,1542.773775699563,2.5949790730173845,0.6434991710099087
2020,2019-10-23,True,False,den,por,108,100,24,30,19,35,0,27,23,24,26,0,away,1.5,217.5,-120.0,100.0,1.0,106.0,1.0,0,False,1698.2304435215494,1592.2237388710726,1631.2729735178448,1659.1812088747772,106.00670465047688,0.7660015887397246
2020,2019-10-23,True,False,mem,mia,101,120,32,28,24,17,0,24,30,29,37,0,home,6.5,213.0,240.0,-300.0,4.5,104.5,1.0,1,True,1486.13949828582,1490.3606385006362,1534.3236991550002,1442.176437631456,-4.22114021481616,0.6344481501344648
2020,2019-10-23,True,False,cle,orl,85,94,24,17,24,20,0,28,27,16,23,0,home,9.5,211.5,400.0,-550.0,1.0,108.0,0.0,0,True,1697.1116819883346,1269.3295940836715,1700.356735089888,1266.0845409821181,427.78208790466306,0.95426850784922
2020,2019-10-24,True,False,lac,gs,141,122,35,30,46,30,0,29,25,33,35,0,home,0.0,229.5,-110.0,-110.0,2.0,110.5,0.0,1,False,1629.2630467427675,1594.489745544882,1542.0341758378802,1681.7186164497693,34.77330119788553,0.6847779870569307
2020,2019-10-24,True,False,mil,hou,117,111,23,27,28,39,0,30,36,21,24,0,home,1.5,231.0,100.0,-120.0,4.5,117.5,0.0,0,False,1771.2549029494062,1659.4519090151493,1711.808576542476,1718.8982354220796,111.80299393425685,0.7719290789279282
2020,2019-10-24,True,False,atl,det,117,100,38,22,31,26,0,32,31,18,19,0,home,1.5,221.5,105.0,-125.0,0.0,110.0,0.0,0,False,1542.773775699563,1472.4429909461844,1456.3671596043125,1558.8496070414349,70.33078475337857,0.7272079743600336
2020,2019-10-25,True,False,dal,no,123,116,27,45,23,28,0,41,23,29,23,0,home,2.0,227.0,110.0,-130.0,3.5,111.5,0.0,1,False,1277.9190238012443,1415.7495561976123,1237.132957987809,1456.5356220110475,-137.83053239636797,0.445771627927377
2020,2019-10-25,True,False,tor,bos,106,112,21,28,33,24,0,22,28,26,36,0,home,2.5,213.0,120.0,-140.0,1.0,104.5,1.0,1,True,1535.9273231376712,1667.2865905806254,1582.5908871297636,1620.623026588533,-131.3592674429542,0.45499254125906796
2020,2019-10-25,True,False,min,cha,121,99,30,28,45,18,0,32,24,25,18,0,away,5.0,225.0,-220.0,180.0,2.5,109.5,1.0,0,False,1545.0233003175451,1404.2503481747863,1448.279325505825,1500.9943229865066,140.77295214275887,0.799952982236549
2020,2019-10-25,True,False,wsh,okc,97,85,28,24,26,19,0,24,22,24,15,0,home,8.5,218.0,300.0,-400.0,8.0,106.5,0.0,0,False,1578.4863439703854,1289.3162364712675,1499.3645227320774,1368.4380577095756,289.1701074991179,0.9038056062002781
2020,2019-10-25,True,False,phx,den,107,108,21,24,17,33,12,15,24,25,31,13,home,12.0,219.5,650.0,-1000.0,10.5,111.5,0.0,0,True,1659.1812088747772,1352.88794812504,1661.2348217566737,1350.8343352431436,306.2932607497371,0.9120408287719078
2020,2019-10-25,True,False,chi,mem,110,102,25,22,32,31,0,29,31,21,21,0,away,2.0,224.0,-125.0,105.0,5.5,116.0,1.0,0,False,1442.176437631456,1210.3118744341618,1373.8148149610886,1278.6734971045294,231.86456319729427,0.8710602593723893
2020,2019-10-25,True,False,por,sac,122,112,25,32,37,28,0,27,30,27,28,0,away,1.0,227.5,-120.0,100.0,1.5,117.5,1.0,1,False,1322.8110975964146,1631.2729735178448,1298.3888078707632,1655.6952632434961,-308.4618759214302,0.23147467928054968
2020,2019-10-25,True,False,utah,lal,86,95,17,20,18,31,0,24,19,31,21,0,home,3.5,215.5,140.0,-160.0,0.0,109.5,1.0,0,True,1460.900777420901,1655.1228619493272,1524.9682730184884,1591.0553663517398,-194.2220845284262,0.3676327316501576
2020,2019-10-25,True,False,ny,bkn,109,113,23,28,32,26,0,32,32,30,19,0,home,8.0,228.0,280.0,-360.0,1.0,110.0,0.0,0,True,1568.0979056301676,1251.0675258611095,1572.5674688350034,1246.5979626562737,317.0303797690581,0.9168745571528589
2020,2019-10-26,True,False,no,hou,123,126,24,37,39,23,0,29,32,36,29,0,home,12.0,238.5,650.0,-1000.0,8.0,116.5,0.0,1,True,1711.808576542476,1237.132957987809,1713.268457313357,1235.673077216928,474.6756185546669,0.9647056039337352
2020,2019-10-26,True,False,tor,chi,108,84,24,24,36,24,0,23,17,22,22,0,away,3.0,219.5,-155.0,135.0,1.0,105.0,1.0,0,False,1278.6734971045294,1620.623026588533,1250.4939263906665,1648.802597302396,-341.94952948400373,0.19896536051608954
2020,2019-10-26,True,False,lac,phx,122,130,20,35,30,37,0,26,29,36,39,0,away,10.0,225.5,-550.0,400.0,7.5,110.0,0.0,1,True,1350.8343352431436,1681.7186164497693,1427.27636424599,1605.276587446923,-330.8842812066257,0.20931212089389603
2020,2019-10-26,True,False,wsh,sa,122,124,26,34,30,32,0,30,30,32,32,0,home,11.5,219.5,650.0,-1000.0,7.0,107.5,0.0,1,True,1600.7807844885338,1368.4380577095756,1605.826362869901,1363.3924793282083,232.3427267789582,0.8713690922794368
2020,2019-10-26,True,False,sac,utah,81,113,25,16,17,23,0,35,31,27,20,0,home,9.0,221.5,350.0,-450.0,2.0,107.5,1.0,0,True,1591.0553663517398,1298.3888078707632,1602.2973386313488,1287.1468355911543,292.6665584809766,0.9055413193037841
2020,2019-10-26,True,False,ind,cle,99,110,28,20,26,25,0,26,39,25,20,0,away,4.5,213.0,-190.0,160.0,7.0,103.5,0.0,0,True,1266.0845409821181,1415.3156192677088,1328.4474176987749,1352.952742551052,-149.23107828559068,0.4296211862455011
2020,2019-10-26,True,False,bos,ny,118,95,22,24,36,36,0,24,27,25,19,0,away,5.5,218.5,-240.0,190.0,5.5,112.0,1.0,0,False,1246.5979626562737,1582.5908871297636,1218.0036905591928,1611.1851592268445,-335.9929244734899,0.20448672523493736
2020,2019-10-26,True,False,phi,det,117,111,28,26,29,34,0,29,28,26,28,0,away,4.5,213.0,-190.0,160.0,4.5,103.0,1.0,1,False,1456.3671596043125,1545.6729164264584,1412.2398381340158,1589.800237896755,-89.3057568221459,0.515385394472785
2020,2019-10-26,True,False,orl,atl,99,103,26,24,25,24,0,23,29,25,26,0,away,2.5,216.5,-135.0,115.0,1.0,105.5,0.0,0,True,1558.8496070414349,1700.356735089888,1598.4672790358875,1660.7390630954353,-141.50712804845307,0.44054900827096805
2020,2019-10-26,True,False,mia,mil,131,126,29,24,29,39,10,33,37,23,28,5,home,11.5,223.0,550.0,-800.0,2.0,107.5,0.0,1,False,1718.8982354220796,1534.3236991550002,1663.1743004553036,1590.0476341217761,184.57453626707934,0.8372820575617593
2020,2019-10-27,True,False,cha,lal,101,120,28,34,18,21,0,30,33,24,33,0,home,13.0,216.5,800.0,-1400.0,8.5,107.0,1.0,1,True,1524.9682730184884,1448.279325505825,1557.4830245141782,1415.7645740101352,76.68894751266339,0.7344079816206044
2020,2019-10-27,True,False,por,dal,121,119,25,34,36,26,0,40,31,24,24,0,home,2.5,219.0,125.0,-145.0,2.0,113.0,0.0,1,False,1456.5356220110475,1655.6952632434961,1439.0828366334222,1673.1480486211215,-199.15964123244862,0.3610502241957707
2020,2019-10-27,True,False,bkn,mem,133,134,29,28,40,23,13,35,24,33,28,14,away,4.0,224.0,-180.0,150.0,4.0,115.5,0.0,1,True,1373.8148149610886,1572.5674688350034,1393.285320480948,1553.096963315144,-198.75265387391482,0.3615908691567612
2020,2019-10-27,True,False,gs,okc,92,120,20,17,31,24,0,35,35,35,15,0,home,1.0,224.0,100.0,-120.0,6.0,109.0,1.0,0,True,1499.3645227320774,1542.0341758378802,1561.330757420533,1480.0679411494245,-42.66965310580281,0.581764244440508
2020,2019-10-27,True,False,mia,min,109,116,23,34,27,25,0,36,19,22,39,0,home,7.0,224.0,240.0,-300.0,5.5,109.5,2.0,1,True,1500.9943229865066,1590.0476341217761,1545.3011357192452,1545.7408213890376,-89.0533111352695,0.5157483408551666
2020,2019-10-28,True,False,por,sa,110,113,33,18,20,39,0,19,26,37,31,0,home,6.0,223.0,200.0,-250.0,7.0,116.0,0.0,2,True,1605.826362869901,1673.1480486211215,1633.4647108695633,1645.5097006214592,-67.32168575122046,0.5468896863923143
2020,2019-10-28,True,False,okc,hou,112,116,35,27,18,32,0,22,30,39,25,0,home,10.0,228.0,425.0,-600.0,9.0,111.5,0.0,2,True,1713.268457313357,1561.330757420533,1724.9462326844584,1549.6529820494316,151.93769989282396,0.810039980743862
2020,2019-10-28,True,False,utah,phx,96,95,28,18,24,26,0,21,18,31,25,0,away,5.0,213.5,-190.0,160.0,1.0,110.0,0.0,0,False,1427.27636424599,1602.2973386313488,1415.2696218829146,1614.304080994424,-175.02097438535884,0.39368335601000587
2020,2019-10-28,True,False,den,sac,101,94,21,26,30,24,0,28,25,17,24,0,away,5.5,218.0,-220.0,180.0,4.5,106.0,1.0,0,False,1287.1468355911543,1661.2348217566737,1271.4910068142565,1676.8906505335715,-374.0879861655194,0.171110504071494
2020,2019-10-28,True,False,cle,mil,112,129,31,21,28,32,0,30,29,32,38,0,home,15.5,224.5,1200.0,-3000.0,6.5,115.0,1.0,1,True,1663.1743004553036,1328.4474176987749,1670.3856624920186,1321.23605566206,334.72688275652877,0.9243161309818108
2020,2019-10-28,True,False,gs,no,134,123,27,45,31,31,0,23,32,24,44,0,home,2.5,235.5,120.0,-140.0,5.5,114.5,0.0,1,False,1235.673077216928,1480.0679411494245,1202.5015925111152,1513.2394258552374,-244.3948639324965,0.30339062424815166
2020,2019-10-28,True,False,orl,tor,95,104,22,24,21,28,0,31,20,27,26,0,home,5.0,209.0,175.0,-210.0,1.5,101.5,1.0,0,True,1648.802597302396,1660.7390630954353,1686.8876936300499,1622.6539667677814,-11.93646579303936,0.6240875641396854
2020,2019-10-28,True,False,chi,ny,98,105,33,19,28,18,0,15,27,30,33,0,away,2.0,224.0,-135.0,115.0,3.5,116.0,0.0,0,True,1218.0036905591928,1250.4939263906665,1254.972433525597,1213.5251834242624,-32.49023583147368,0.595949832230835
2020,2019-10-28,True,False,ind,det,94,96,25,28,18,23,0,33,26,19,18,0,away,2.0,213.0,-130.0,110.0,2.5,103.5,0.0,0,True,1412.2398381340158,1352.952742551052,1425.2720162237629,1339.920564461305,59.28709558296373,0.7144162061166334
2020,2019-10-28,True,False,phi,atl,105,103,31,32,19,23,0,40,25,18,20,0,away,6.5,221.0,-280.0,230.0,5.5,107.0,0.0,0,False,1598.4672790358875,1589.800237896755,1567.2461666733218,1621.0213502593208,8.66704113913238,0.6514769784127998
2020,2019-10-28,True,False,cha,lac,96,111,28,26,20,22,0,29,28,29,25,0,home,15.5,228.0,1200.0,-3000.0,9.0,111.5,0.0,0,True,1605.276587446923,1415.7645740101352,1621.5712676295223,1399.469893827536,189.5120134367878,0.8411173244566669
2020,2019-10-29,True,False,mem,lal,91,120,32,15,20,24,0,27,22,39,32,0,home,11.5,215.0,575.0,-850.0,7.0,109.0,1.0,0,True,1557.4830245141782,1393.285320480948,1580.536066605642,1370.2322783894842,164.19770403323014,0.8206627651821797
2020,2019-10-29,True,False,atl,mia,97,112,26,23,21,27,0,29,30,29,24,0,home,8.5,223.0,300.0,-400.0,3.0,106.5,1.0,0,True,1545.7408213890376,1567.2461666733218,1593.1867676261575,1519.800220436202,-21.505345284284203,0.6110793673489932
2020,2019-10-29,True,False,dal,den,109,106,27,33,23,26,0,31,30,27,18,0,home,5.5,212.5,185.0,-230.0,3.0,103.0,0.0,1,False,1676.8906505335715,1439.0828366334222,1633.7794009630934,1482.1940862039003,237.8078139001493,0.8748542334083388
2020,2019-10-30,True,False,hou,wsh,159,158,35,41,35,48,0,34,43,40,41,0,away,8.0,234.0,-350.0,275.0,6.0,114.5,0.0,1,False,1363.3924793282083,1724.9462326844584,1357.8543172790905,1730.4843947335762,-361.5537533562501,0.18158815736140138
2020,2019-10-30,True,False,cha,sac,118,111,30,31,32,25,0,33,33,18,27,0,home,7.5,223.5,275.0,-350.0,3.0,109.0,0.0,1,False,1271.4910068142565,1399.469893827536,1229.4193999145998,1441.5415007271927,-127.97888701327952,0.4598219593663993
2020,2019-10-30,True,False,phx,gs,121,110,43,29,23,26,0,14,32,21,43,0,home,5.5,230.5,185.0,-230.0,8.5,117.5,0.0,1,False,1513.2394258552374,1415.2696218829146,1437.7968542572412,1490.7121934809109,97.96980397232278,0.7576072558233891
2020,2019-10-30,True,False,lac,utah,96,110,23,28,20,25,0,33,19,38,20,0,home,7.0,216.5,230.0,-280.0,5.0,106.0,1.0,0,True,1614.304080994424,1621.5712676295223,1658.3468140861207,1577.5285345378256,-7.267186635098142,0.630371990067961
2020,2019-10-30,True,False,min,phi,95,117,24,19,35,17,0,32,30,30,25,0,home,7.0,222.5,250.0,-310.0,2.5,106.0,1.0,0,True,1621.0213502593208,1545.3011357192452,1655.2233630320463,1511.0991229465196,75.72021454007563,0.7333188531066869
2020,2019-10-30,True,False,por,okc,102,99,24,25,19,34,0,17,27,25,30,0,away,1.5,221.5,-120.0,100.0,0.0,115.5,1.0,0,False,1549.6529820494316,1645.5097006214592,1518.7908191816196,1676.3718634892712,-95.8567185720276,0.5059623786420426
2020,2019-10-30,True,False,ind,bkn,118,108,31,29,30,28,0,31,32,20,25,0,home,3.0,220.5,130.0,-150.0,1.5,108.0,0.0,1,False,1553.096963315144,1339.920564461305,1478.4360721809032,1414.5814555955458,213.17639885383892,0.8584880103829233
2020,2019-10-30,True,False,det,tor,113,125,28,30,27,28,0,37,27,37,24,0,home,9.5,214.0,375.0,-500.0,3.5,105.0,1.0,1,True,1686.8876936300499,1425.2720162237629,1696.8078391567556,1415.3518706970572,261.615677406287,0.8891045700532425
2020,2019-10-30,True,False,ny,orl,83,95,25,19,23,16,0,22,20,30,23,0,home,9.5,209.5,375.0,-500.0,7.5,101.5,1.0,0,True,1622.6539667677814,1254.972433525597,1627.8885276164244,1249.7378726769539,367.6815332421845,0.9365642959480319
2020,2019-10-30,True,False,mil,bos,105,116,34,24,18,29,0,19,23,38,36,0,away,3.5,224.0,-165.0,142.0,3.0,115.5,0.0,0,True,1611.1851592268445,1670.3856624920186,1659.4627742351024,1622.1080474837606,-59.20050326517412,0.558446783902904
2020,2019-10-30,True,False,chi,cle,111,117,26,27,29,29,0,25,25,30,37,0,away,2.0,216.5,-130.0,110.0,1.0,111.5,0.0,1,True,1321.23605566206,1213.5251834242624,1339.18730681855,1195.5739322677723,107.7108722377975,0.7677553695004754
2020,2019-10-31,True,False,mia,atl,106,97,30,22,33,21,0,26,20,29,22,0,away,6.5,215.5,-270.0,220.0,2.0,104.5,1.0,0,False,1519.800220436202,1593.1867676261575,1465.2706199365412,1647.7163681258182,-73.38654718995554,0.5382251044861688
2020,2019-10-31,True,False,den,no,107,122,30,22,23,32,0,32,24,30,36,0,away,4.0,223.5,-180.0,150.0,4.5,109.5,0.0,1,True,1202.5015925111152,1633.7794009630934,1308.7192967918145,1527.561696682394,-431.2778084519782,0.12931957261150462
2020,2019-10-31,True,False,sa,lac,97,103,24,24,27,22,0,23,27,30,23,0,home,5.0,229.0,170.0,-200.0,2.5,117.5,1.0,0,True,1577.5285345378256,1633.4647108695633,1614.9380632639475,1596.0551821434415,-55.93617633173767,0.5630751181548275
2020,2019-11-01,True,False,det,chi,106,112,23,29,28,26,0,30,27,29,26,0,home,3.5,216.0,142.0,-165.0,1.0,105.0,1.0,1,True,1195.5739322677723,1415.3518706970572,1252.584474848316,1358.3413281165135,-219.77793842928486,0.33414492432405885
2020,2019-11-01,True,False,sa,gs,127,110,29,28,40,30,0,28,27,31,24,0,away,7.0,223.0,-300.0,240.0,4.5,113.5,1.0,1,False,1437.7968542572412,1596.0551821434415,1384.7723804572302,1649.0796559434525,-158.25832788620028,0.4169365667169904
2020,2019-11-01,True,False,lal,dal,119,110,20,28,28,27,16,25,33,27,18,7,away,1.5,217.0,-125.0,105.0,3.5,106.5,1.0,1,False,1482.1940862039003,1580.536066605642,1431.2954730913127,1631.4346797182295,-98.3419804017417,0.5023860638937555
2020,2019-11-01,True,False,utah,sac,101,102,18,30,32,21,0,28,23,30,21,0,away,5.0,214.0,-210.0,175.0,5.5,110.0,0.0,0,True,1229.4193999145998,1658.3468140861207,1255.927130538151,1631.8390834625695,-428.9274141715209,0.13085064736777452
2020,2019-11-01,True,False,hou,bkn,116,123,33,26,24,33,0,24,37,34,28,0,away,4.5,244.0,-190.0,160.0,4.0,119.5,0.0,0,True,1478.4360721809032,1730.4843947335762,1543.017124346483,1665.9033425679966,-252.04832255267297,0.29416088110096095
2020,2019-11-01,True,False,cle,ind,95,102,26,11,24,34,0,19,23,26,34,0,home,7.5,215.0,260.0,-330.0,2.5,110.5,0.0,0,True,1414.5814555955458,1339.18730681855,1437.302153277022,1316.4666091370739,75.39414877699573,0.732951624783438
2020,2019-11-01,True,False,ny,bos,102,104,23,27,24,28,0,22,27,26,29,0,home,10.5,212.0,500.0,-700.0,6.5,104.5,0.0,0,True,1659.4627742351024,1249.7378726769539,1661.1939890495719,1248.0066578624844,409.72490155814853,0.9495119959500175
2020,2019-11-01,True,False,mil,orl,123,91,31,31,26,35,0,27,14,30,20,0,away,4.5,215.0,-190.0,160.0,3.0,109.5,1.0,0,False,1627.8885276164244,1622.1080474837606,1528.815758757709,1721.180816342476,5.780480132663797,0.647694717703598
2020,2019-11-02,True,False,min,wsh,131,109,42,28,36,25,0,34,22,16,37,0,home,3.0,229.5,130.0,-150.0,6.0,111.5,0.0,1,False,1357.8543172790905,1511.0991229465196,1299.3628342227214,1569.5906060028888,-153.2448056674291,0.42396885342389956
2020,2019-11-02,True,False,phi,por,129,128,27,30,35,37,0,32,36,34,26,0,home,1.0,223.5,-105.0,-115.0,3.0,109.5,0.0,1,False,1676.3718634892712,1655.2233630320463,1656.4325197922406,1675.162706729077,21.148500457224827,0.6676081438719927
2020,2019-11-02,True,False,cha,gs,93,87,25,25,18,25,0,30,25,16,16,0,away,6.0,221.0,-255.0,205.0,6.5,108.5,2.0,0,False,1384.7723804572302,1441.5415007271927,1336.662892676737,1489.6509885076857,-56.769120269962514,0.5618951368784795
2020,2019-11-02,True,False,tor,mil,105,115,17,33,40,15,0,36,30,29,20,0,home,6.0,226.5,210.0,-260.0,1.5,110.5,1.0,0,True,1721.180816342476,1696.8078391567556,1754.9932838261304,1662.995371673101,24.3729771857204,0.6717142057572651
2020,2019-11-02,True,False,bkn,det,109,113,26,28,18,37,0,33,13,32,35,0,away,4.0,222.5,-180.0,150.0,0.0,113.5,0.0,0,True,1358.3413281165135,1543.017124346483,1402.2114959291534,1499.146956533843,-184.67579622996936,0.38049845802304916
2020,2019-11-02,True,False,no,okc,104,115,26,34,26,18,0,33,32,29,21,0,home,2.0,228.0,110.0,-130.0,1.0,112.0,1.0,0,True,1518.7908191816196,1308.7192967918145,1531.7745719191682,1295.7355440542658,210.07152238980507,0.8563027285076661
2020,2019-11-02,True,False,phx,mem,114,105,31,14,37,32,0,24,23,22,36,0,away,3.0,221.5,-150.0,130.0,3.5,113.5,1.0,0,False,1370.2322783894842,1490.7121934809109,1322.5579693520278,1538.3865025183673,-120.47991509142662,0.470561121443582
2020,2019-11-02,True,False,den,orl,91,87,17,23,29,22,0,26,19,18,24,0,away,4.0,199.5,-180.0,150.0,4.5,97.0,2.0,0,False,1528.815758757709,1527.561696682394,1483.4286477937858,1572.9488076463174,1.2540620753150051,0.6417264300135549
2020,2019-11-03,True,False,dal,cle,131,111,31,27,32,41,0,28,25,33,25,0,away,5.5,218.5,-220.0,180.0,2.5,105.5,1.0,1,False,1316.4666091370739,1431.2954730913127,1252.3441260451789,1495.4179561832077,-114.82886395423884,0.4786724982290372
2020,2019-11-03,True,False,lal,sa,103,96,26,30,21,26,0,25,18,29,24,0,away,1.0,217.5,-120.0,100.0,3.0,105.5,1.0,0,False,1649.0796559434525,1631.4346797182295,1589.459415358132,1691.05492030355,17.64497622522299,0.6631177070741274
2020,2019-11-03,True,False,utah,lac,94,105,20,21,28,25,0,16,23,26,40,0,home,4.5,214.0,170.0,-200.0,4.5,109.5,1.0,0,True,1614.9380632639475,1631.8390834625695,1656.7743890431473,1590.0027576833697,-16.901020198622064,0.6173596356337884
2020,2019-11-03,True,False,hou,mia,100,129,14,32,25,29,0,46,25,28,30,0,away,3.0,233.5,-155.0,135.0,9.0,114.5,0.0,0,True,1647.7163681258182,1665.9033425679966,1705.2414469000516,1608.3782637937632,-18.186974442178325,0.615609443601026
2020,2019-11-03,True,False,chi,ind,95,108,18,24,32,21,0,24,31,31,22,0,home,2.0,217.0,110.0,-130.0,3.0,112.5,1.0,0,True,1437.302153277022,1252.584474848316,1453.2397351987104,1236.6468929266275,184.717678428706,0.8373942877758319
2020,2019-11-03,True,False,sac,ny,113,92,32,29,29,23,0,23,18,23,28,0,away,1.0,213.5,-115.0,-105.0,5.0,103.5,1.0,0,False,1248.0066578624844,1255.927130538151,1162.3915997127624,1341.542188687873,-7.920472675666588,0.6294953257649372
2020,2019-11-04,True,False,det,wsh,99,115,30,31,17,21,0,31,32,30,22,0,home,4.0,225.5,150.0,-180.0,2.0,110.0,1.0,0,True,1299.3628342227214,1402.2114959291534,1362.2045723958718,1339.369757756003,-102.84866170643204,0.4959005381245597
2020,2019-11-04,True,False,no,bkn,125,135,27,23,48,27,0,33,34,37,31,0,home,3.5,238.5,145.0,-170.0,3.5,116.0,1.0,1,True,1499.146956533843,1295.7355440542658,1512.1646885532539,1282.717812034855,203.41141247957717,0.8515204766288286
2020,2019-11-04,True,False,mil,min,134,106,31,33,38,32,0,27,30,25,24,0,away,7.5,229.5,-330.0,260.0,3.0,118.5,1.0,1,False,1569.5906060028888,1754.9932838261304,1513.3616275357253,1811.2222622932939,-185.40267782324167,0.3795126396139369
2020,2019-11-04,True,False,hou,mem,107,100,33,29,22,23,0,28,32,16,24,0,away,5.5,230.0,-240.0,190.0,3.5,112.0,1.0,0,False,1322.5579693520278,1608.3782637937632,1299.183970696582,1631.752262449209,-285.8202944417353,0.2554663026208866
2020,2019-11-04,True,False,phi,phx,109,114,31,30,21,27,0,29,26,26,33,0,home,0.0,224.0,-110.0,-110.0,2.0,108.0,1.0,0,True,1538.3865025183673,1675.162706729077,1581.96218409234,1631.5870251551041,-136.7762042107097,0.4472715694170994
2020,2019-11-04,True,False,por,gs,118,127,32,31,20,35,0,34,26,27,40,0,away,12.0,220.0,-900.0,600.0,7.5,,0.0,1,True,1336.662892676737,1656.4325197922406,1415.6776895242438,1577.417722944734,-319.76962711550345,0.22009794864594154
2020,2019-11-05,True,False,orl,okc,94,102,26,27,26,15,0,31,27,23,21,0,home,2.5,201.0,125.0,-145.0,0.5,98.0,1.0,0,True,1531.7745719191682,1483.4286477937858,1559.311794575261,1455.891425137693,48.34592412538245,0.7013946239370751
2020,2019-11-05,True,False,lal,chi,118,112,24,24,32,38,0,29,36,28,19,0,away,7.0,215.5,-310.0,250.0,9.5,105.5,0.0,1,False,1236.6468929266275,1691.05492030355,1226.7960648542794,1700.9057483758982,-454.4080273769225,0.11505282312156992
2020,2019-11-05,True,False,mia,den,89,109,28,20,21,20,0,29,29,31,20,0,home,5.0,211.0,180.0,-220.0,0.5,102.5,1.0,0,True,1572.9488076463174,1705.2414469000516,1646.1358910424585,1632.0543635039105,-132.29263925373425,0.453660520333844
2020,2019-11-05,True,False,sa,atl,100,108,21,24,33,22,0,22,22,26,38,0,away,5.5,222.5,-240.0,190.0,3.0,114.5,0.0,0,True,1465.2706199365412,1589.459415358132,1516.969536663085,1537.7604986315882,-124.18879542159084,0.46524565933392703
2020,2019-11-05,True,False,bos,cle,119,113,32,29,28,30,0,24,28,31,30,0,away,6.0,215.5,-260.0,210.0,0.5,111.5,2.0,1,False,1252.3441260451789,1661.1939890495719,1239.9664835840556,1673.5716315106952,-408.849863004393,0.14456477143674326
2020,2019-11-05,True,False,ind,cha,120,122,35,29,28,21,7,20,37,21,35,9,away,2.5,212.5,-135.0,115.0,0.5,104.0,0.0,1,True,1489.6509885076857,1453.2397351987104,1504.258401261313,1438.632322445083,36.41125330897535,0.6868097078686937
2020,2019-11-06,True,False,ny,det,102,122,25,34,26,17,0,33,31,32,26,0,home,3.5,206.0,142.0,-165.0,0.5,102.0,1.0,1,True,1339.369757756003,1162.3915997127624,1358.577775413014,1143.1835820557515,176.97815804324068,0.831236278326285
2020,2019-11-06,True,False,gs,hou,112,129,29,23,31,29,0,30,33,35,31,0,home,16.0,229.0,1100.0,-2500.0,6.0,110.5,1.0,1,True,1631.752262449209,1415.6776895242438,1646.340807413187,1401.0891445602658,216.0745729249652,0.8605026991125377
2020,2019-11-06,True,False,mil,lac,129,124,28,42,28,31,0,30,29,30,35,0,away,6.5,228.5,-270.0,220.0,0.0,118.0,0.0,1,False,1656.7743890431473,1811.2222622932939,1623.4830484516174,1844.5136028848237,-154.44787325014659,0.42227843082431055
2020,2019-11-06,True,False,orl,dal,106,107,28,28,23,27,0,25,29,32,21,0,home,7.0,207.5,250.0,-310.0,6.5,101.5,0.0,1,True,1495.4179561832077,1455.891425137693,1504.4937967150317,1446.815584605869,39.52653104551473,0.6906541480467594
2020,2019-11-06,True,False,min,mem,121,137,26,38,32,25,0,37,35,29,36,0,away,3.5,224.5,-170.0,145.0,4.5,108.5,0.0,1,True,1299.183970696582,1513.3616275357253,1381.29150622565,1431.2540920066574,-214.1776568391433,0.3413555118084542
2020,2019-11-06,True,False,chi,atl,113,93,33,23,35,22,0,19,22,24,28,0,home,0.0,221.5,-110.0,-110.0,5.0,114.0,0.0,0,False,1516.969536663085,1226.7960648542794,1423.0751898907988,1320.6904116265655,290.1734718088055,0.9043065929085728
2020,2019-11-06,True,False,phi,utah,104,106,29,27,17,31,0,26,32,26,22,0,home,3.0,209.0,130.0,-150.0,2.5,106.0,0.0,1,True,1590.0027576833697,1631.5870251551041,1610.146382751673,1611.443400086801,-41.58426747173439,0.5832836885537898
2020,2019-11-06,True,False,sac,tor,120,124,23,35,30,32,0,36,30,29,29,0,home,8.0,219.0,275.0,-350.0,2.5,107.5,0.0,1,True,1662.995371673101,1341.542188687873,1667.3470877566629,1337.1904726043113,321.45318298522807,0.9187945026470095
2020,2019-11-06,True,False,wsh,ind,106,121,26,36,18,26,0,26,44,24,27,0,home,3.0,227.0,130.0,-150.0,1.0,110.5,1.0,2,True,1438.632322445083,1362.2045723958718,1468.7656943029906,1332.0712005379642,76.42775004921123,0.7341146019125346
2020,2019-11-07,True,False,bos,cha,108,87,30,22,33,23,0,20,23,24,20,0,away,7.0,214.5,-310.0,250.0,1.5,110.5,1.0,0,False,1504.258401261313,1673.5716315106952,1449.644856255656,1728.1851765163524,-169.31323024938206,0.40155285819455977
2020,2019-11-07,True,False,okc,sa,112,121,30,27,27,28,0,33,23,36,29,0,home,5.0,211.5,170.0,-200.0,4.0,103.5,1.0,1,True,1537.7604986315882,1559.311794575261,1577.169873313514,1519.9024198933353,-21.551295943672812,0.6110165009177713
2020,2019-11-07,True,False,mia,phx,124,108,31,33,29,31,0,30,27,29,22,0,home,2.0,220.0,110.0,-130.0,2.5,107.5,0.0,1,False,1581.96218409234,1632.0543635039105,1510.7389991568482,1703.2775484394024,-50.09217941157044,0.5713331655485054
2020,2019-11-07,True,False,por,lac,101,107,22,18,36,25,0,26,21,23,37,0,home,5.5,231.0,190.0,-240.0,1.0,118.0,1.0,0,True,1623.4830484516174,1577.417722944734,1648.1494287190758,1552.7513426772755,46.06532550688348,0.6986378057392703
2020,2019-11-08,True,False,ny,dal,106,102,36,25,23,22,0,28,29,23,22,0,home,11.0,215.5,500.0,-700.0,9.0,105.0,0.0,0,False,1504.4937967150317,1143.1835820557515,1455.888965976585,1191.788412794198,361.3102146592803,0.9343500956402429
2020,2019-11-08,True,False,tor,no,122,104,30,45,22,25,0,30,23,22,29,0,away,2.5,232.5,-135.0,115.0,4.5,110.5,1.0,0,False,1282.717812034855,1667.3470877566629,1261.6423989832165,1688.4225008083013,-384.62927572180797,0.16267501675314372
2020,2019-11-08,True,False,phi,den,97,100,24,33,27,13,0,18,24,23,35,0,home,5.0,211.5,180.0,-220.0,7.0,109.0,0.0,0,True,1646.1358910424585,1611.443400086801,1664.72470609439,1592.8545850348694,34.692490955657604,0.6846775657755642
2020,2019-11-08,True,False,mil,utah,100,103,16,19,39,26,0,30,25,26,22,0,away,2.0,217.5,-135.0,115.0,7.5,112.0,0.0,0,True,1610.146382751673,1844.5136028848237,1651.8849612197062,1802.7750244167905,-234.3672201331508,0.3157268162547015
2020,2019-11-08,True,False,mia,lal,80,95,21,25,20,14,0,28,20,30,17,0,home,8.5,218.0,325.0,-425.0,5.5,107.5,1.0,0,True,1700.9057483758982,1703.2775484394024,1745.2000783595377,1658.9832184557629,-2.3718000635042245,0.6369135783699093
2020,2019-11-08,True,False,bkn,por,119,115,26,28,35,30,0,20,29,37,29,0,home,3.5,239.5,145.0,-170.0,3.0,124.5,0.0,0,False,1552.7513426772755,1512.1646885532539,1505.6614812813289,1559.2545499492005,40.58665412402161,0.691956446615226
2020,2019-11-08,True,False,sac,atl,121,109,31,32,28,30,0,24,23,36,26,0,away,3.0,225.5,-150.0,130.0,2.5,109.0,1.0,1,False,1423.0751898907988,1337.1904726043113,1345.687256725037,1414.578405770073,85.88471728648756,0.7446042274287692
2020,2019-11-08,True,False,mem,orl,86,118,15,33,30,8,0,27,24,33,34,0,home,7.5,208.5,260.0,-330.0,4.0,107.5,1.0,0,True,1446.815584605869,1381.29150622565,1487.000320735594,1341.106770095925,65.52407838021895,0.7216845980215023
2020,2019-11-08,True,False,cle,wsh,113,100,30,37,21,25,0,26,26,32,16,0,home,4.5,233.0,160.0,-190.0,7.5,119.5,0.0,0,False,1332.0712005379642,1239.9664835840556,1252.1832114102067,1319.854472711813,92.10471695390856,0.7513534264275425
2020,2019-11-08,True,False,gs,min,119,125,31,30,25,24,9,29,31,20,30,15,home,11.5,228.5,525.0,-750.0,8.0,111.5,0.0,1,True,1431.2540920066574,1401.0891445602658,1457.9313620202493,1374.411874546674,30.16494744639158,0.6790239019222063
2020,2019-11-08,True,False,det,ind,106,112,35,18,19,34,0,27,30,28,27,0,home,6.0,210.0,210.0,-260.0,2.5,101.0,2.0,1,True,1468.7656943029906,1358.577775413014,1486.4815599318104,1340.8619097841943,110.18791888997657,0.7702881418036718
2020,2019-11-09,True,False,bos,sa,135,115,39,33,32,31,0,30,24,37,24,0,home,1.5,218.5,105.0,-125.0,6.5,113.5,0.0,1,False,1577.169873313514,1728.1851765163524,1519.9551601842688,1785.3998896455976,-151.01530320283837,0.4271061934670338
2020,2019-11-09,True,False,no,cha,115,110,33,22,26,34,0,28,33,25,24,0,away,1.5,232.0,-125.0,105.0,3.0,115.0,1.0,0,False,1449.644856255656,1261.6423989832165,1393.904489402625,1317.3827658362475,188.00245727243941,0.8399525962143367
2020,2019-11-09,True,False,gs,okc,108,114,27,16,41,24,0,36,24,24,30,0,home,12.5,216.0,600.0,-900.0,2.0,104.0,0.0,1,True,1519.9024198933353,1374.411874546674,1534.532810191109,1359.7814842489001,145.4905453466613,0.8042634355566052
2020,2019-11-09,True,False,dal,mem,138,122,31,37,36,34,0,34,28,29,31,0,away,5.5,222.0,-240.0,190.0,1.5,108.0,1.0,1,False,1341.106770095925,1455.888965976585,1281.4264353138174,1515.5693007586926,-114.78219588066008,0.4787395371737276
2020,2019-11-09,True,False,hou,chi,117,94,20,30,36,31,0,27,22,18,27,0,away,6.5,234.0,-275.0,225.0,5.0,113.5,1.0,0,False,1320.6904116265655,1646.340807413187,1290.7180188271743,1676.313200212578,-325.6503957866214,0.2143421042576012
2020,2019-11-10,True,False,bkn,phx,112,138,30,20,30,32,0,37,31,38,32,0,home,3.0,231.5,130.0,-150.0,4.0,118.5,1.0,1,True,1510.7389991568482,1559.2545499492005,1572.5807730250945,1497.4127760809542,-48.515550792352315,0.573554481673756
2020,2019-11-10,True,False,cle,ny,108,87,31,23,24,30,0,19,17,27,24,0,home,2.0,213.0,110.0,-130.0,6.0,109.5,0.0,0,False,1191.788412794198,1319.854472711813,1129.2668797884098,1382.3760057176012,-128.06605991761512,0.45969732004357367
2020,2019-11-10,True,False,atl,por,113,124,21,23,31,32,6,20,26,29,32,17,home,9.0,226.0,325.0,-425.0,5.5,110.5,1.0,1,True,1505.6614812813289,1345.687256725037,1522.9052038541743,1328.4435341521917,159.9742245562918,0.8170566568218908
2020,2019-11-10,True,False,tor,lal,113,104,29,23,26,35,0,30,30,18,26,0,home,10.5,210.5,450.0,-650.0,3.5,103.0,0.0,1,False,1745.2000783595377,1688.4225008083013,1676.9921099479916,1756.6304692198473,56.77757755123639,0.7114597557699279
2020,2019-11-10,True,False,cha,phi,106,114,24,34,23,25,0,33,20,35,26,0,home,14.0,213.5,750.0,-1200.0,11.5,105.5,0.0,1,True,1592.8545850348694,1393.904489402625,1605.0914910064746,1381.6675834310197,198.95009563224448,0.8482440929402202
2020,2019-11-10,True,False,ind,orl,109,102,29,22,30,28,0,33,27,17,25,0,home,4.5,202.5,170.0,-200.0,0.0,99.0,0.0,1,False,1487.000320735594,1486.4815599318104,1428.4047768441674,1545.077103823237,0.5187608037836071,0.6407526840499032
2020,2019-11-10,True,False,mil,okc,121,119,21,29,37,34,0,24,32,24,39,0,away,9.0,219.5,-425.0,325.0,9.0,113.5,0.0,1,False,1534.532810191109,1802.7750244167905,1521.2307280699526,1816.077106537947,-268.24221422568144,0.27518356687473183
2020,2019-11-10,True,False,den,min,100,98,27,22,27,14,10,27,24,13,26,8,away,4.0,219.0,-180.0,150.0,4.0,106.5,0.0,0,False,1457.9313620202493,1664.72470609439,1440.96555456666,1681.6905135479792,-206.7933440741408,0.35097598762852006
2020,2019-11-11,True,False,utah,gs,122,108,34,35,28,25,0,30,24,31,23,0,away,8.0,211.5,-400.0,300.0,0.0,108.5,1.0,1,False,1359.7814842489001,1651.8849612197062,1330.1540395976613,1681.512405870945,-292.103476970806,0.24864790709079984
2020,2019-11-11,True,False,tor,lac,88,98,23,23,32,10,0,15,36,22,25,0,home,10.0,221.5,375.0,-500.0,4.0,107.0,2.0,0,True,1648.1494287190758,1756.6304692198473,1702.1906076591458,1702.5892902797773,-108.48104050077154,0.48779722525538644
2020,2019-11-11,True,False,hou,no,122,116,30,28,32,32,0,23,29,30,34,0,away,7.5,242.5,-350.0,275.0,2.5,118.0,0.0,0,False,1317.3827658362475,1676.313200212578,1301.6421040705918,1692.0538619782337,-358.9304343763306,0.18384318157212187
2020,2019-11-11,True,False,min,det,120,114,41,25,26,28,0,26,25,30,33,0,home,4.0,223.5,155.0,-185.0,7.0,109.0,0.0,1,False,1340.8619097841943,1440.96555456666,1298.064657319492,1483.7628070313624,-100.10364478246584,0.4998508431725043
2020,2019-11-11,True,False,dal,bos,106,116,21,33,25,27,0,25,29,30,32,0,home,3.0,220.0,125.0,-145.0,2.0,107.5,1.0,1,True,1785.3998896455976,1515.5693007586926,1794.2336104622325,1506.7355799420577,269.83058888690493,0.893682056833351
2020,2019-11-11,True,False,mem,sa,113,109,35,22,34,22,0,22,32,26,29,0,home,10.5,224.0,450.0,-650.0,9.0,111.0,0.0,0,False,1519.9551601842688,1281.4264353138174,1469.9077445031503,1331.473850994936,238.52872487045147,0.8753078756665741
2020,2019-11-12,True,False,atl,den,125,121,25,38,35,27,0,34,20,35,32,0,home,10.5,209.5,450.0,-650.0,10.0,104.5,0.0,1,False,1681.6905135479792,1328.4435341521917,1632.9481022496682,1377.1859454505027,353.24697939578755,0.9314449070628485
2020,2019-11-12,True,False,bkn,utah,114,119,35,33,24,22,0,29,24,31,35,0,home,7.0,220.0,240.0,-300.0,8.0,114.0,0.0,1,True,1681.512405870945,1497.4127760809542,1692.3709959615574,1486.554185990342,184.0996297899908,0.836909261447976
2020,2019-11-12,True,False,lal,phx,123,115,26,34,35,28,0,29,29,34,23,0,away,3.5,221.0,-165.0,142.0,2.5,107.0,1.0,1,False,1572.5807730250945,1676.9921099479916,1524.8555515418338,1724.7173314312522,-104.41133692289714,0.49365191697179067
2020,2019-11-12,True,False,por,sac,99,107,24,25,21,29,0,21,25,35,26,0,away,1.5,222.5,-125.0,105.0,0.0,116.0,0.0,0,True,1414.578405770073,1522.9052038541743,1464.0756375836834,1473.407972040564,-108.32679808410126,0.48801906811147683
2020,2019-11-12,True,False,det,mia,108,117,17,20,35,36,0,28,31,33,25,0,home,8.5,215.0,300.0,-400.0,1.5,103.0,1.0,1,True,1658.9832184557629,1298.064657319492,1663.8808387475053,1293.1670370277495,360.9185611362709,0.9342116667369956
2020,2019-11-12,True,False,okc,ind,85,111,25,17,20,23,0,31,21,34,25,0,home,1.5,212.5,100.0,-120.0,3.0,104.0,1.0,0,True,1545.077103823237,1521.2307280699526,1591.669983253232,1474.6378486399576,23.846375753284292,0.6710453997810257
2020,2019-11-12,True,False,ny,chi,102,120,22,32,31,17,0,30,30,25,35,0,home,6.5,212.0,225.0,-275.0,2.0,104.0,1.0,1,True,1290.7180188271743,1129.2668797884098,1310.9832589016935,1109.0016397138907,161.4511390387645,0.8183240405667143
2020,2019-11-12,True,False,cle,phi,97,98,21,27,30,19,0,24,30,28,16,0,home,11.0,220.5,525.0,-750.0,5.0,112.5,0.0,0,True,1605.0914910064746,1382.3760057176012,1608.4581139463276,1379.0093827777482,222.71548528887342,0.8650285998172735
2020,2019-11-13,True,False,phi,orl,97,112,30,23,29,15,0,31,22,27,32,0,home,2.0,207.5,110.0,-130.0,1.5,107.0,1.0,1,True,1428.4047768441674,1608.4581139463276,1503.2126153795516,1533.6502754109433,-180.05333710216019,0.38679035412147017
2020,2019-11-13,True,False,mem,cha,119,117,26,37,31,25,0,29,35,32,21,0,home,2.5,221.0,120.0,-140.0,1.0,114.0,0.0,1,False,1381.6675834310197,1331.473850994936,1349.281053696404,1363.8603807295517,50.19373243608379,0.7036176227516217
2020,2019-11-13,True,False,gs,lal,94,120,26,29,27,12,0,38,29,31,22,0,home,9.0,219.0,350.0,-450.0,2.0,107.5,1.0,0,True,1724.7173314312522,1330.1540395976613,1730.4199887794414,1324.451382249472,394.56329183359094,0.9451600408263262
2020,2019-11-13,True,False,lac,hou,93,102,15,22,31,25,0,31,18,25,28,0,home,2.0,233.5,115.0,-135.0,3.0,112.5,1.0,0,True,1692.0538619782337,1702.1906076591458,1729.8930351483064,1664.3514344890732,-10.1367456809121,0.6265149066467239
2020,2019-11-13,True,False,sa,min,114,129,24,35,36,19,0,26,40,40,23,0,home,1.5,228.5,100.0,-120.0,1.5,118.0,1.0,1,True,1483.7628070313624,1469.9077445031503,1524.8872656283966,1428.7832859061161,13.855062528212102,0.6582268519087603
2020,2019-11-13,True,False,tor,por,114,106,23,31,33,27,0,30,23,25,28,0,home,3.5,218.5,140.0,-160.0,2.5,107.0,0.0,1,False,1473.407972040564,1702.5892902797773,1442.257253487205,1733.7400088331362,-229.1813182392134,0.3222114314190868
2020,2019-11-13,True,False,wsh,bos,133,140,34,32,30,37,0,34,34,34,38,0,home,7.0,230.0,250.0,-310.0,4.5,113.5,2.0,1,True,1794.2336104622325,1252.1832114102067,1795.6708378511503,1250.745984021289,542.0503990520258,0.9757771823021317
2020,2019-11-14,True,False,bkn,den,93,101,35,26,18,14,0,28,21,30,22,0,home,7.5,222.5,275.0,-350.0,8.5,115.0,1.0,0,True,1632.9481022496682,1486.554185990342,1649.3860622559862,1470.116225984024,146.39391625932626,0.8050807788345637
2020,2019-11-14,True,False,atl,phx,112,128,33,28,29,22,0,31,36,37,24,0,home,8.0,229.5,270.0,-340.0,3.0,112.0,1.0,1,True,1524.8555515418338,1377.1859454505027,1545.9030421272516,1356.138454865085,147.66960609133116,0.8062305756108312
2020,2019-11-14,True,False,lac,no,127,132,35,24,38,30,0,34,38,24,36,0,away,4.0,233.0,-190.0,160.0,5.5,114.0,0.0,1,True,1301.6421040705918,1664.3514344890732,1366.241351972261,1599.752186587404,-362.7093304184814,0.18060166542863676
2020,2019-11-14,True,False,chi,mil,115,124,32,34,20,29,0,30,35,32,27,0,home,11.5,228.5,550.0,-800.0,8.0,118.5,0.0,1,True,1816.077106537947,1310.9832589016935,1818.0826593656336,1308.9777060740068,505.0938476362535,0.9702059651519005
2020,2019-11-14,True,False,mia,cle,108,97,34,34,26,14,0,22,22,30,23,0,away,4.5,215.0,-200.0,170.0,3.5,104.0,1.0,0,False,1379.0093827777482,1663.8808387475053,1350.964007900318,1691.9262136249356,-284.8714559697571,0.2565065708332912
2020,2019-11-14,True,False,dal,ny,103,106,23,30,34,16,0,27,31,29,19,0,away,8.0,214.5,-340.0,270.0,7.5,105.0,0.0,0,True,1109.0016397138907,1506.7355799420577,1160.6868405341029,1455.0503791218455,-397.73394022816706,0.15265928510601964
2020,2019-11-15,True,False,phi,okc,119,127,29,20,34,24,12,24,30,26,27,20,away,3.5,214.5,-160.0,140.0,4.0,110.0,0.0,1,True,1474.6378486399576,1533.6502754109433,1517.3004700799984,1490.9876539709026,-59.01242677098571,0.5587137324379976
2020,2019-11-15,True,False,bos,gs,105,100,23,29,24,29,0,32,19,20,29,0,away,7.0,223.0,-310.0,250.0,5.0,114.0,0.0,0,False,1324.451382249472,1795.6708378511503,1316.1292498321932,1803.9929702684292,-471.2194556016782,0.10556069403749893
2020,2019-11-15,True,False,utah,mem,106,107,26,22,31,27,0,23,30,24,30,0,away,8.0,215.0,-350.0,275.0,7.5,110.5,0.0,0,True,1363.8603807295517,1692.3709959615574,1387.9059132031878,1668.3254634879213,-328.51061523200565,0.21158248965342635
2020,2019-11-15,True,False,sac,lal,97,99,30,20,21,26,0,20,29,25,25,0,home,10.5,214.0,425.0,-600.0,8.0,104.0,0.0,0,True,1730.4199887794414,1464.0756375836834,1734.5517241176476,1459.9439022454771,266.344351195758,0.8917601496794471
2020,2019-11-15,True,False,sa,orl,109,111,31,25,26,27,0,24,23,32,32,0,home,2.5,211.0,125.0,-145.0,4.0,109.0,0.0,1,True,1503.2126153795516,1428.7832859061161,1515.2761844867487,1416.719716798919,74.42932947343547,0.7318631256946928
2020,2019-11-15,True,False,det,cha,106,109,35,30,18,23,0,25,26,32,26,0,away,4.0,220.5,-180.0,150.0,2.0,107.0,0.0,0,True,1349.281053696404,1293.1670370277495,1365.9913177675203,1276.4567729566331,56.11401666865436,0.710674983566782
2020,2019-11-15,True,False,ind,hou,102,111,22,27,30,23,0,26,28,26,31,0,home,6.0,226.5,210.0,-260.0,2.0,108.5,1.0,0,True,1729.8930351483064,1591.669983253232,1747.9093126039486,1573.6537057975897,138.22305189507438,0.7975936780030435
2020,2019-11-15,True,False,wsh,min,137,116,39,37,26,35,0,30,43,19,24,0,home,6.0,239.5,200.0,-250.0,5.5,116.5,0.0,1,False,1524.8872656283966,1250.745984021289,1429.243594833476,1346.3896548162095,274.14128160710766,0.8960168492954368
2020,2019-11-16,True,False,por,sa,121,116,41,25,24,31,0,23,35,38,20,0,home,1.5,226.0,110.0,-130.0,3.5,116.5,0.0,1,False,1416.719716798919,1442.257253487205,1368.9798010904042,1489.9971691957198,-25.537536688285854,0.6055489606268849
2020,2019-11-16,True,False,bkn,chi,117,111,30,20,24,43,0,19,37,22,33,0,home,4.0,225.0,150.0,-180.0,0.0,115.5,0.0,1,False,1308.9777060740068,1470.116225984024,1273.6241901179442,1505.4697419400866,-161.13851991001707,0.41291166469916096
2020,2019-11-16,True,False,mil,ind,102,83,26,23,22,31,0,22,14,27,20,0,away,7.5,220.0,-330.0,260.0,0.0,112.0,1.0,0,False,1573.6537057975897,1818.0826593656336,1533.6685805657876,1858.0677845974358,-244.42895356804388,0.30334915245921534
2020,2019-11-16,True,False,cha,ny,103,102,20,27,28,28,0,23,32,21,26,0,home,4.0,213.0,150.0,-180.0,0.0,102.5,0.0,0,False,1160.6868405341029,1365.9913177675203,1149.9229894277735,1376.7551688738497,-205.3044772334174,0.3529307866356503
2020,2019-11-16,True,False,hou,min,125,105,31,33,29,32,0,30,32,23,20,0,home,2.0,231.5,115.0,-135.0,1.5,112.5,0.0,0,False,1429.243594833476,1747.9093126039486,1399.6131141864794,1777.5397932509452,-318.6657177704726,0.22119068868089067
2020,2019-11-16,True,False,no,mia,94,109,22,27,16,29,0,29,25,24,31,0,home,8.0,226.5,260.0,-330.0,3.0,109.5,1.0,0,True,1691.9262136249356,1366.241351972261,1699.2334575694622,1358.9341080277345,325.6848616526745,0.9205935511724708
2020,2019-11-16,True,False,tor,dal,102,110,22,38,17,25,0,32,21,25,32,0,home,4.5,218.0,155.0,-185.0,4.5,107.5,1.0,0,True,1455.0503791218455,1733.7400088331362,1526.2679765156424,1662.5224114393393,-278.68962971129076,0.2633516957505544
2020,2019-11-16,True,False,atl,lac,101,150,30,32,20,19,0,43,31,38,38,0,home,9.0,224.0,375.0,-500.0,1.0,109.0,1.0,1,True,1599.752186587404,1356.138454865085,1616.5735063446464,1339.3171351078424,243.61373172231902,0.8784677611071621
2020,2019-11-17,True,False,atl,lal,101,122,24,17,36,24,0,36,33,27,26,0,home,14.5,220.5,900.0,-1600.0,1.5,106.5,1.0,1,True,1734.5517241176476,1339.3171351078424,1739.8779693547065,1333.9908898707836,395.2345890098052,0.9453599929442209
2020,2019-11-17,True,False,wsh,orl,121,125,22,30,25,44,0,29,32,27,37,0,home,5.5,226.0,190.0,-240.0,0.5,111.5,0.0,1,True,1515.2761844867487,1346.3896548162095,1525.9024829397983,1335.7633563631598,168.88652967053918,0.8246008601389843
2020,2019-11-17,True,False,gs,no,100,108,23,26,20,31,0,26,29,21,32,0,home,3.5,226.5,140.0,-160.0,0.0,110.0,1.0,0,True,1358.9341080277345,1316.1292498321932,1387.2409498126801,1287.8224080472476,42.80485819554133,0.6946715039138109
2020,2019-11-17,True,False,phi,cle,114,95,33,35,27,19,0,22,22,25,26,0,away,7.5,216.0,-310.0,250.0,2.0,110.5,1.0,0,False,1350.964007900318,1490.9876539709026,1292.6166980899159,1549.3349637813046,-140.02364607058462,0.4426547841641716
2020,2019-11-17,True,False,bos,sac,99,100,18,28,29,24,0,30,20,21,29,0,away,2.5,215.0,-145.0,125.0,2.0,110.5,0.0,0,True,1459.9439022454771,1803.9929702684292,1484.432771358253,1779.5041011556534,-344.04906802295204,0.19704613577317237
2020,2019-11-17,True,False,den,mem,131,114,28,44,36,23,0,32,17,31,34,0,away,6.5,215.0,-275.0,225.0,3.0,104.0,1.0,1,False,1387.9059132031878,1649.3860622559862,1351.913081975732,1685.378893483442,-261.4801490527984,0.28301511364354864
2020,2019-11-18,True,False,por,hou,108,132,30,20,26,32,0,29,35,35,33,0,home,7.0,231.0,250.0,-310.0,0.5,119.0,1.0,1,True,1777.5397932509452,1489.9971691957198,1788.2111762460827,1479.3257862005823,287.54262405522536,0.9029880079298951
2020,2019-11-18,True,False,min,utah,112,102,36,23,17,36,0,32,24,22,24,0,home,9.5,219.5,375.0,-500.0,7.5,107.5,0.0,0,False,1668.3254634879213,1399.6131141864794,1594.0569587160549,1473.8816189583458,268.7123493014419,0.8930688872058008
2020,2019-11-18,True,False,sa,dal,110,117,22,27,30,31,0,36,23,34,24,0,home,5.0,224.0,170.0,-200.0,0.5,114.0,1.0,1,True,1526.2679765156424,1368.9798010904042,1540.915133566496,1354.3326440395506,157.28817542523825,0.81473411229554
2020,2019-11-18,True,False,cle,ny,105,123,20,31,20,34,0,32,32,30,29,0,home,5.5,210.0,190.0,-240.0,1.0,108.5,1.0,1,True,1149.9229894277735,1292.6166980899159,1222.6208539705717,1219.9188335471176,-142.6937086621424,0.4388662132769879
2020,2019-11-18,True,False,okc,lac,88,90,17,30,17,24,0,23,19,24,24,0,home,7.5,221.5,300.0,-400.0,7.0,109.0,0.0,0,True,1616.5735063446464,1517.3004700799984,1627.1719130722424,1506.7020633524023,99.273036264648,0.7589822496322204
2020,2019-11-18,True,False,cha,tor,96,132,25,31,18,22,0,26,34,32,40,0,home,8.5,214.5,300.0,-400.0,3.5,103.5,1.0,1,True,1662.5224114393393,1376.7551688738497,1674.621126143977,1364.6564541692119,285.7672425654896,0.9020890417950088
2020,2019-11-18,True,False,ind,bkn,115,86,18,41,25,31,0,18,17,33,18,0,home,2.5,214.0,120.0,-140.0,6.0,102.5,0.0,0,False,1505.4697419400866,1533.6685805657876,1415.39620713726,1623.7421153686141,-28.198838625701,0.6018838547890759
2020,2019-11-18,True,False,mil,chi,115,101,29,31,24,31,0,26,30,25,20,0,away,8.5,231.0,-400.0,300.0,4.5,118.5,1.0,0,False,1273.6241901179442,1858.0677845974358,1266.7205287342103,1864.9714459811696,-584.4435944794916,0.057938879796614
2020,2019-11-18,True,False,bos,phx,99,85,26,31,23,19,0,22,20,23,20,0,home,2.5,226.0,115.0,-135.0,5.5,114.5,0.0,0,False,1545.9030421272516,1779.5041011556534,1508.16923690068,1817.237906382225,-233.60105902840178,0.3166804227163258
2020,2019-11-19,True,False,por,no,104,115,28,26,25,25,0,27,26,35,27,0,home,3.5,231.5,140.0,-160.0,3.0,119.0,1.0,0,True,1387.2409498126801,1479.3257862005823,1440.6636842930052,1425.9030517202573,-92.08483638790221,0.5113888658656011
2020,2019-11-19,True,False,gs,mem,114,95,28,33,22,31,0,30,16,26,23,0,home,6.0,221.5,210.0,-260.0,7.5,108.0,0.0,0,False,1351.913081975732,1287.8224080472476,1262.7214408347359,1377.014049188244,64.09067392848442,0.7200242398187278
2020,2019-11-19,True,False,phx,sac,116,120,19,26,30,41,0,33,29,25,33,0,home,3.0,219.0,135.0,-155.0,4.0,111.5,1.0,1,True,1484.432771358253,1508.16923690068,1512.19075053312,1480.411257725813,-23.73646554242714,0.6080226778608375
2020,2019-11-19,True,False,okc,lal,107,112,28,25,34,20,0,33,30,30,19,0,home,11.0,209.5,500.0,-700.0,3.0,103.0,0.0,1,True,1739.8779693547065,1506.7020633524023,1748.0670870444098,1498.512945662699,233.17590600230415,0.8719057136067725
2020,2019-11-20,True,False,utah,min,103,95,26,22,25,30,0,19,27,22,27,0,away,3.0,222.0,-150.0,130.0,1.5,114.5,1.0,0,False,1473.8816189583458,1594.0569587160549,1428.3465356313802,1639.5920420430205,-120.17533975770903,0.4709979435446114
2020,2019-11-20,True,False,cha,bkn,91,101,26,25,22,18,0,26,30,26,19,0,home,4.5,219.0,160.0,-190.0,1.0,106.0,1.0,0,True,1415.39620713726,1364.6564541692119,1445.0909234365727,1334.9617378698993,50.73975296804815,0.7042726743935539
2020,2019-11-20,True,False,bos,lac,104,107,21,21,33,22,7,22,18,29,28,10,home,7.0,217.0,240.0,-300.0,5.5,110.5,0.0,0,True,1627.1719130722424,1817.237906382225,1665.4040675753458,1779.0057518791216,-190.06599330998256,0.373212048816728
2020,2019-11-20,True,False,hou,den,95,105,22,29,22,22,0,27,27,28,23,0,home,1.5,221.5,105.0,-125.0,0.5,107.5,1.0,0,True,1685.378893483442,1788.2111762460827,1738.5626262470198,1735.0274434825049,-102.83228276264072,0.4959241077440242
2020,2019-11-20,True,False,det,chi,89,109,30,25,16,18,0,30,29,25,25,0,away,1.0,222.5,-115.0,-105.0,0.5,108.0,0.0,0,True,1266.7205287342103,1276.4567729566331,1316.6799683147294,1226.497333376114,-9.736244222422783,0.6270542156039417
2020,2019-11-20,True,False,cle,mia,100,124,22,26,29,23,0,32,43,24,25,0,home,9.5,213.5,375.0,-500.0,2.0,110.0,1.0,1,True,1699.2334575694622,1219.9188335471176,1702.5265861526802,1216.6257049638996,479.31462402234456,0.9656036515895069
2020,2019-11-20,True,False,mil,atl,135,127,34,24,38,39,0,26,35,22,44,0,away,11.0,232.0,-700.0,500.0,9.0,119.5,0.0,1,False,1333.9908898707836,1864.9714459811696,1326.5267405750653,1872.4355952768879,-530.980556110386,0.07720638048138398
2020,2019-11-20,True,False,sa,wsh,132,138,38,31,29,34,0,35,28,38,37,0,away,2.0,237.5,-130.0,110.0,0.5,121.5,0.0,1,True,1335.7633563631598,1354.3326440395506,1368.7194941042462,1321.3765062984642,-18.569287676390786,0.6150885328169668
2020,2019-11-20,True,False,ny,phi,104,109,25,26,28,25,0,27,26,21,35,0,home,12.5,210.5,600.0,-900.0,7.5,101.5,0.0,1,True,1549.3349637813046,1222.6208539705717,1554.027865474371,1217.9279522775053,326.7141098107329,0.9210255845888504
2020,2019-11-20,True,False,gs,dal,94,142,16,22,26,30,0,44,30,30,38,0,home,15.0,216.0,900.0,-1600.0,0.5,103.0,1.0,1,True,1540.915133566496,1377.014049188244,1567.3372936935618,1350.591889061178,163.9010843782521,0.820411328540218
2020,2019-11-20,True,False,orl,tor,97,113,32,19,17,29,0,32,29,18,34,0,home,3.0,207.0,130.0,-150.0,1.5,100.5,1.0,1,True,1674.621126143977,1525.9024829397983,1695.5472063072905,1504.976402776485,148.71864320417876,0.8071722209694197
2020,2019-11-21,True,False,por,mil,129,137,27,31,40,31,0,37,35,35,30,0,home,14.0,228.5,750.0,-1200.0,4.0,117.0,0.0,1,True,1872.4355952768879,1425.9030517202573,1875.192203160093,1423.1464438370522,446.53254355663057,0.9587545470068031
2020,2019-11-21,True,False,no,phx,124,121,38,21,36,29,0,33,33,28,27,0,home,3.0,234.0,135.0,-155.0,0.5,115.0,0.0,1,False,1480.411257725813,1440.6636842930052,1439.8779810189722,1481.196960999846,39.74757343280771,0.690925936360244
2020,2019-11-22,True,False,bos,den,92,96,13,21,23,35,0,27,18,25,26,0,home,5.0,206.5,175.0,-210.0,0.5,104.5,0.0,0,True,1738.5626262470198,1779.0057518791216,1767.9594970714409,1749.6088810547005,-40.44312563210178,0.5848794815920675
2020,2019-11-22,True,False,hou,lac,119,122,23,28,33,35,0,31,24,25,42,0,home,5.5,226.5,175.0,-210.0,2.0,111.0,0.0,1,True,1665.4040675753458,1735.0274434825049,1693.2428064363799,1707.1887046214708,-69.62337590715902,0.5436044261429944
2020,2019-11-22,True,False,lal,okc,130,127,34,32,40,24,0,33,34,36,24,0,away,4.5,209.5,-200.0,170.0,5.0,104.5,0.0,1,False,1498.512945662699,1748.0670870444098,1480.3876556158202,1766.1923770912886,-249.5541413817109,0.29715075074211206
2020,2019-11-22,True,False,cle,dal,101,143,26,16,29,30,0,29,37,45,32,0,home,10.0,221.5,450.0,-650.0,1.0,113.0,1.0,1,True,1567.3372936935618,1216.6257049638996,1575.851755289867,1208.1112433675944,350.71158872966225,0.9305070577320088
2020,2019-11-22,True,False,gs,utah,109,113,28,23,21,37,0,30,35,25,23,0,home,16.0,208.5,1300.0,-3500.0,5.5,102.5,0.0,1,True,1639.5920420430205,1350.591889061178,1644.8814576674354,1345.3024734367632,289.00015298184235,0.9037205149757715
2020,2019-11-22,True,False,sac,bkn,97,116,23,26,21,27,0,26,30,30,30,0,home,2.0,214.0,115.0,-135.0,1.0,105.5,1.0,0,True,1445.0909234365727,1512.19075053312,1504.7746873768997,1452.506986592793,-67.09982709654741,0.5472061397353261
2020,2019-11-22,True,False,mia,chi,116,108,34,33,18,31,0,16,27,24,41,0,away,4.5,217.0,-190.0,160.0,3.5,104.5,1.0,1,False,1316.6799683147294,1702.5265861526802,1301.0449549340276,1718.161599533382,-385.8466178379508,0.16172275554488974
2020,2019-11-22,True,False,atl,det,103,128,23,34,27,19,0,33,43,31,21,0,home,6.0,226.5,215.0,-265.0,2.5,110.0,1.0,1,True,1226.497333376114,1326.5267405750653,1298.181524100755,1254.8425498504243,-100.02940719895128,0.49995767963889365
2020,2019-11-22,True,False,sa,phi,104,115,22,30,28,24,0,29,30,28,28,0,home,7.0,221.0,240.0,-300.0,2.0,113.5,1.0,0,True,1554.027865474371,1321.3765062984642,1565.4197460007235,1309.9846257721117,232.65135917590692,0.8715680945968171
2020,2019-11-22,True,False,cha,wsh,118,125,34,34,28,22,0,33,29,28,35,0,home,6.0,234.5,200.0,-250.0,4.5,113.5,1.0,1,True,1368.7194941042462,1334.9617378698993,1396.7308481822363,1306.9503837919092,33.75775623434697,0.6835147370061698
2020,2019-11-23,True,False,tor,atl,119,116,26,26,35,32,0,27,34,29,26,0,away,7.5,223.5,-330.0,260.0,6.5,109.5,0.0,1,False,1254.8425498504243,1695.5472063072905,1247.319708116256,1703.070048041459,-440.70465645686613,0.1233314370826973
2020,2019-11-23,True,False,por,cle,104,110,19,23,27,35,0,19,30,27,34,0,away,6.5,226.0,-275.0,225.0,6.0,116.5,0.0,0,True,1208.1112433675944,1423.1464438370522,1264.5993671967565,1366.65832000789,-215.03520046945778,0.3402465181958263
2020,2019-11-23,True,False,lal,mem,109,108,25,30,30,24,0,35,28,21,24,0,away,8.0,225.5,-360.0,280.0,9.5,110.5,0.0,0,False,1262.7214408347359,1766.1923770912886,1259.9988032497013,1768.9150146763232,-503.4709362565527,0.08927126686516369
2020,2019-11-23,True,False,det,mil,90,104,24,23,22,21,0,27,27,23,27,0,home,13.0,225.5,750.0,-1200.0,6.0,109.0,1.0,0,True,1875.192203160093,1298.181524100755,1876.6954165001287,1296.6783107607193,577.0106790593379,0.9801049118360983
2020,2019-11-23,True,False,no,utah,120,128,31,23,34,32,0,44,30,24,30,0,home,5.5,226.0,190.0,-240.0,2.5,110.0,1.0,1,True,1644.8814576674354,1481.196960999846,1659.8167934751862,1466.2616251920952,163.68449666758943,0.8202275589843284
2020,2019-11-23,True,False,mia,phi,86,113,13,22,24,27,0,28,27,37,21,0,home,5.5,211.5,200.0,-250.0,3.0,100.5,1.0,0,True,1565.4197460007235,1718.161599533382,1649.772012523238,1633.8093330108677,-152.74185353265852,0.42467607838392213
2020,2019-11-23,True,False,orl,ind,106,111,25,20,40,21,0,24,31,28,28,0,home,6.5,201.5,225.0,-275.0,0.5,97.5,0.0,1,True,1623.7421153686141,1504.976402776485,1639.3220407434928,1489.3964774016063,118.76571259212915,0.7789084541872134
2020,2019-11-23,True,False,phx,min,100,98,30,22,30,18,0,23,22,28,25,0,home,4.5,234.5,170.0,-200.0,4.5,119.5,0.0,0,False,1428.3465356313802,1439.8779810189722,1398.1523715044925,1470.0721451458598,-11.53144538759193,0.6246343773523182
2020,2019-11-23,True,False,sa,ny,111,104,32,36,21,22,0,16,27,28,33,0,away,3.0,217.0,-155.0,135.0,5.0,110.5,1.0,0,False,1217.9279522775053,1309.9846257721117,1171.13450285772,1356.778075191897,-92.05667349460646,0.5114293744243393
2020,2019-11-23,True,False,chi,cha,116,115,34,22,13,47,0,23,26,25,41,0,away,2.0,219.5,-130.0,110.0,1.0,107.5,0.0,1,False,1306.9503837919092,1301.0449549340276,1287.307675583518,1320.6876631424188,5.9054288578815886,0.6478588261314746
2020,2019-11-24,True,False,dal,hou,137,123,45,33,27,32,0,29,31,35,28,0,home,5.5,230.0,190.0,-240.0,7.5,112.5,0.0,1,False,1707.1887046214708,1575.851755289867,1623.8668120834634,1659.1736478278744,131.33694933160382,0.791118808369932
2020,2019-11-24,True,False,no,lac,109,134,27,29,31,22,0,40,32,28,34,0,home,13.0,233.0,750.0,-1200.0,2.5,112.5,1.0,1,True,1693.2428064363799,1466.2616251920952,1708.6804286263034,1450.8240030021716,226.9811812442847,0.8678699239295864
2020,2019-11-24,True,False,sac,wsh,113,106,24,33,33,23,0,27,30,28,21,0,home,2.5,233.0,115.0,-135.0,1.5,114.0,0.0,0,False,1396.7308481822363,1452.506986592793,1345.1913133032072,1504.0465214718222,-55.77613841055677,0.5633017528765092
2020,2019-11-24,True,False,phx,den,104,116,28,29,20,27,0,28,24,27,37,0,home,11.0,214.0,500.0,-700.0,9.5,110.5,1.0,1,True,1767.9594970714409,1470.0721451458598,1775.9523274350984,1462.0793147822023,297.887351925581,0.908080823533787
2020,2019-11-24,True,False,bkn,ny,103,101,29,23,30,21,0,22,24,26,29,0,away,2.5,215.0,-135.0,115.0,0.5,111.0,0.0,0,False,1171.13450285772,1504.7746873768997,1161.142907395086,1514.7662828395337,-333.6401845191797,0.20669868469718602
2020,2019-11-25,True,False,cha,mia,100,117,31,27,24,18,0,36,33,29,19,0,home,10.5,212.5,500.0,-700.0,2.0,104.0,1.0,1,True,1633.8093330108677,1287.307675583518,1640.5224669411025,1280.5945416532832,346.50165742734976,0.9289235345929996
2020,2019-11-25,True,False,lal,sa,114,104,25,29,32,28,0,22,34,26,22,0,away,4.5,222.5,-200.0,170.0,4.5,108.0,1.0,0,False,1356.778075191897,1768.9150146763232,1341.77065343718,1783.92243643104,-412.1369394844262,0.14224047689731412
2020,2019-11-25,True,False,utah,mil,118,122,25,32,26,35,0,23,25,42,32,0,home,8.5,226.5,325.0,-425.0,8.0,116.5,0.0,1,True,1876.6954165001287,1659.8167934751862,1884.7810708268623,1651.7311391484525,216.8786230249425,0.8610573657232664
2020,2019-11-25,True,False,min,atl,125,113,38,16,39,32,0,30,34,26,23,0,away,4.5,236.5,-190.0,160.0,5.5,114.5,1.0,1,False,1247.319708116256,1398.1523715044925,1199.088419560322,1446.3836600604263,-150.8326633882366,0.4273634665767208
2020,2019-11-25,True,False,okc,gs,100,97,25,28,21,26,0,28,31,24,14,0,away,7.5,213.0,-330.0,260.0,8.0,103.5,0.0,0,False,1345.3024734367632,1480.3876556158202,1317.8734069072084,1507.816722145375,-135.08518217905703,0.4496792983909325
2020,2019-11-25,True,False,por,chi,117,94,27,35,30,25,0,28,26,18,22,0,away,1.0,225.5,-120.0,100.0,2.0,111.0,1.0,0,False,1320.6876631424188,1366.65832000789,1239.9845367035275,1447.3614464467814,-45.970656865471256,0.5771336995633722
2020,2019-11-25,True,False,phi,tor,96,101,34,15,31,16,0,28,23,30,20,0,away,1.5,212.0,-125.0,105.0,1.5,109.0,0.0,0,True,1703.070048041459,1649.772012523238,1724.9758146665474,1627.8662458981494,53.29803551822101,0.7073305806515557
2020,2019-11-25,True,False,bkn,cle,108,106,25,27,29,27,0,26,25,24,31,0,home,1.0,218.5,100.0,-120.0,0.0,113.5,0.0,0,False,1264.5993671967565,1514.7662828395337,1250.2710008487732,1529.094649187517,-250.1669156427772,0.29641457053214315
2020,2019-11-25,True,False,orl,det,88,103,31,24,15,18,0,23,30,25,25,0,home,4.5,207.5,160.0,-190.0,4.5,102.0,1.0,0,True,1296.6783107607193,1489.3964774016063,1373.5774540323796,1412.497334129946,-192.71816664088692,0.3696476554168512
2020,2019-11-25,True,False,sac,bos,102,103,22,24,29,27,0,19,34,22,28,0,home,6.0,205.5,235.0,-290.0,1.5,101.0,0.0,0,True,1749.6088810547005,1504.0465214718222,1752.5554847893504,1501.0999177371723,245.56235958287834,0.8796602588552805
2020,2019-11-25,True,False,mem,ind,114,126,27,29,27,31,0,36,31,37,22,0,home,9.5,217.0,375.0,-500.0,3.0,110.5,1.0,1,True,1639.3220407434928,1259.9988032497013,1644.1960275435451,1255.124816449649,379.32323749379157,0.9404311891897483
2020,2019-11-26,True,False,wsh,den,104,117,23,24,22,35,0,25,39,22,31,0,home,10.5,227.5,450.0,-650.0,1.0,109.5,1.0,0,True,1775.9523274350984,1345.1913133032072,1779.6035664595747,1341.5400742787308,430.7610141318912,0.9550110495992608
2020,2019-11-26,True,False,lac,dal,114,99,34,28,31,21,0,27,19,31,22,0,away,1.5,226.5,-125.0,105.0,5.0,110.0,1.0,0,False,1659.1736478278744,1708.6804286263034,1589.3738262003753,1778.4802502538025,-49.50678079842896,0.5721582756643595
2020,2019-11-27,True,False,wsh,phx,140,132,36,38,34,32,0,34,35,26,37,0,home,6.5,240.5,235.0,-290.0,6.5,118.5,0.0,1,False,1462.0793147822023,1341.5400742787308,1394.7253970096885,1408.8939920512446,120.53924050347155,0.7806615822630653
2020,2019-11-27,True,False,utah,ind,102,121,20,23,37,22,0,21,32,36,32,0,home,0.0,207.5,-110.0,-110.0,2.5,107.5,1.0,1,True,1644.1960275435451,1651.7311391484525,1692.9648937786271,1602.9622729133705,-7.5351116049073426,0.6300125570935421
2020,2019-11-27,True,False,lac,mem,121,119,35,29,28,29,0,31,29,28,31,0,away,6.5,226.5,-275.0,225.0,2.5,110.5,0.0,1,False,1255.124816449649,1778.4802502538025,1251.2387414425184,1782.366325260933,-523.3554338041536,0.08039222520691756
2020,2019-11-27,True,False,okc,por,119,136,26,24,27,42,0,42,21,41,32,0,home,2.5,219.5,125.0,-145.0,3.0,106.0,1.0,1,True,1447.3614464467814,1507.816722145375,1503.7431830796668,1451.4349855124897,-60.455275698593596,0.5566649508693114
2020,2019-11-27,True,False,lal,no,114,110,25,29,25,35,0,38,26,25,21,0,away,6.5,231.5,-330.0,260.0,7.5,112.5,0.0,0,False,1450.8240030021716,1783.92243643104,1436.1503346147044,1798.5961048185072,-333.0984334288685,0.20721051789264566
2020,2019-11-27,True,False,mia,hou,108,117,23,19,26,40,0,27,39,25,26,0,home,7.0,227.0,250.0,-310.0,2.5,110.5,1.0,0,True,1623.8668120834634,1640.5224669411025,1662.5997417863782,1601.7895372381877,-16.655654857639092,0.6176932355017631
2020,2019-11-27,True,False,chi,gs,90,104,17,31,25,17,0,25,28,25,26,0,away,2.0,215.0,-130.0,110.0,3.0,106.5,0.0,0,True,1317.8734069072084,1239.9845367035275,1347.084332505419,1210.7736111053168,77.88887020368088,0.735753089253497
2020,2019-11-27,True,False,min,sa,113,101,22,35,24,32,0,24,23,31,23,0,home,3.0,230.0,130.0,-150.0,4.0,111.5,0.0,0,False,1341.77065343718,1446.3836600604263,1286.0909468164534,1502.063366681153,-104.61300662324629,0.4933617398965593
2020,2019-11-27,True,False,det,cha,101,102,32,28,20,21,0,31,24,31,16,0,away,3.5,215.5,-180.0,150.0,1.0,104.5,0.0,0,True,1280.5945416532832,1373.5774540323796,1295.5358356604333,1358.6361600252294,-92.98291237909643,0.5100970279868288
2020,2019-11-27,True,False,orl,cle,116,104,27,32,28,29,0,27,25,21,31,0,home,0.0,209.5,-110.0,-110.0,2.0,103.0,0.0,1,False,1250.2710008487732,1412.497334129946,1203.8419341871852,1458.926400791534,-162.22633328117286,0.4113945008001826
2020,2019-11-27,True,False,atl,mil,102,111,17,42,23,20,0,33,27,21,30,0,home,14.5,239.5,900.0,-1600.0,9.0,117.0,0.0,0,True,1884.7810708268623,1199.088419560322,1885.4266774720888,1198.4428129150956,685.6926512665402,0.9892581762995364
2020,2019-11-27,True,False,bkn,bos,110,121,23,40,23,24,0,30,27,34,30,0,home,8.5,214.0,300.0,-400.0,8.5,111.0,1.0,1,True,1752.5554847893504,1529.094649187517,1764.5726517971711,1517.0774821796963,223.46083560183342,0.8655287587581324
2020,2019-11-27,True,False,ny,tor,98,126,29,17,23,29,0,21,37,31,37,0,home,9.5,211.0,425.0,-600.0,2.0,102.5,1.0,1,True,1724.9758146665474,1161.142907395086,1727.0060832737379,1159.1126387878955,563.8329072714614,0.9785706055944287
2020,2019-11-27,True,False,sac,phi,91,97,18,28,19,26,0,25,22,29,21,0,home,9.0,211.0,375.0,-500.0,6.5,103.5,0.0,0,True,1627.8662458981494,1501.0999177371723,1644.0714956843042,1484.8946679510175,126.76632816097708,0.7867376796388995
2020,2019-11-29,True,False,phi,ny,101,95,18,21,31,31,0,31,20,17,27,0,away,6.5,209.0,-280.0,230.0,7.5,106.0,0.0,0,False,1159.1126387878955,1644.0714956843042,1150.6942411746197,1652.48989329758,-484.95885689640863,0.09832274042890624
2020,2019-11-29,True,False,utah,mem,103,94,22,18,35,28,0,24,31,18,21,0,away,7.5,223.0,-330.0,260.0,8.0,114.5,1.0,0,False,1251.2387414425184,1602.9622729133705,1231.9739535483363,1622.2270608075526,-351.7235314708521,0.19014979721545178
2020,2019-11-29,True,False,chi,por,103,107,28,19,31,25,0,25,28,28,26,0,home,7.0,227.0,240.0,-300.0,2.5,110.5,0.0,0,True,1503.7431830796668,1210.7736111053168,1508.9084698775544,1205.6083243074293,292.96957197434995,0.9056904134526984
2020,2019-11-29,True,False,dal,phx,120,113,31,22,36,31,0,25,25,39,24,0,away,2.0,230.5,-135.0,115.0,1.0,111.5,1.0,1,False,1394.7253970096885,1589.3738262003753,1361.1408694442898,1622.958353765774,-194.64842919068678,0.36706235885757116
2020,2019-11-29,True,False,wsh,lal,103,125,23,26,30,24,0,37,33,35,20,0,home,11.5,235.5,525.0,-750.0,1.0,113.0,1.0,0,True,1798.5961048185072,1408.8939920512446,1804.186103157467,1403.3039937122849,389.70211276726263,0.943691401744637
2020,2019-11-29,True,False,no,okc,104,109,26,27,31,20,0,34,28,17,30,0,home,4.5,229.0,165.0,-195.0,0.0,111.5,1.0,0,True,1451.4349855124897,1436.1503346147044,1477.830292293957,1409.7550278332371,15.28465089778524,0.6600757486602663
2020,2019-11-29,True,False,tor,orl,90,83,20,20,26,24,0,23,24,12,24,0,away,3.0,209.0,-150.0,130.0,4.0,101.0,1.0,0,False,1458.926400791534,1727.0060832737379,1433.7312846810562,1752.2011993842157,-268.0796824822039,0.27537022020612
2020,2019-11-29,True,False,atl,ind,104,105,23,31,11,29,10,22,21,29,22,11,home,11.0,224.5,500.0,-700.0,9.5,109.0,0.0,0,True,1692.9648937786271,1198.4428129150956,1693.6098398553086,1197.7978668384142,494.5220808635315,0.9683955960843244
2020,2019-11-29,True,False,mil,cle,119,110,38,29,32,20,0,29,18,42,21,0,away,11.0,229.5,-700.0,500.0,1.5,117.0,0.0,0,False,1203.8419341871852,1885.4266774720888,1200.4008175819015,1888.8677940773725,-681.5847432849037,0.0339649534831908
2020,2019-11-29,True,False,cha,det,110,107,38,24,23,25,0,37,20,28,22,0,home,8.0,213.0,260.0,-330.0,7.5,104.5,0.0,1,False,1358.6361600252294,1295.5358356604333,1317.3897275317022,1336.7822681539606,63.10032436479605,0.7188735568681617
2020,2019-11-29,True,False,bos,bkn,107,112,24,31,26,26,0,31,27,29,25,0,away,4.0,213.5,-180.0,150.0,5.0,110.0,0.0,1,True,1517.0774821796963,1764.5726517971711,1572.2926792338721,1709.3574547429953,-247.49516961747486,0.2996320858396223
2020,2019-11-29,True,False,gs,mia,105,122,21,37,21,26,0,41,30,24,27,0,home,11.5,209.0,525.0,-750.0,2.5,101.5,1.0,1,True,1601.7895372381877,1347.084332505419,1613.433597150843,1335.4402725927637,254.7052047327686,0.8851212373010784
2020,2019-11-29,True,False,lac,sa,97,107,30,23,18,26,0,27,26,29,25,0,away,5.0,224.5,-220.0,180.0,4.0,110.0,0.0,0,True,1286.0909468164534,1782.366325260933,1381.818156438019,1686.6391156393674,-496.27537844447966,0.09269665561700885
2020,2019-11-30,True,False,ind,phi,116,119,29,36,28,23,0,38,27,28,26,0,home,6.0,207.5,210.0,-260.0,4.5,102.5,0.0,1,True,1652.48989329758,1693.6098398553086,1677.8686989181747,1668.231034234714,-41.119946557728554,0.583933215766853
2020,2019-11-30,True,False,den,sac,97,100,27,30,18,15,7,17,23,27,23,10,away,4.0,205.5,-185.0,155.0,3.0,100.0,0.0,0,True,1484.8946679510175,1779.6035664595747,1530.8951214051833,1733.6031130054089,-294.70889850855724,0.24585652185263043
2020,2019-11-30,True,False,atl,hou,111,158,21,31,21,38,0,38,43,46,31,0,home,14.0,238.0,850.0,-1500.0,1.5,115.0,1.0,1,True,1662.5997417863782,1197.7978668384142,1666.9349912704124,1193.46261735438,464.80187494796405,0.9627183964903013
2020,2019-11-30,True,False,cha,mil,96,137,25,24,26,21,0,32,34,35,36,0,home,14.0,225.0,850.0,-1500.0,3.0,108.5,1.0,1,True,1888.8677940773725,1336.7822681539606,1891.2936536762127,1334.3564085551204,552.085525923412,0.977105681323803
2020,2019-12-01,True,False,mia,bkn,109,106,32,26,25,26,0,30,35,16,25,0,away,4.0,215.0,-185.0,155.0,5.0,106.5,0.0,2,False,1572.2926792338721,1613.433597150843,1536.676322009252,1649.0499543754631,-41.14091791697092,0.5839038857101037
2020,2019-12-01,True,False,dal,lal,114,100,25,34,35,20,0,30,32,17,21,0,home,6.5,222.5,225.0,-275.0,3.0,109.0,0.0,0,False,1804.186103157467,1622.958353765774,1719.9932849120319,1707.151172011209,181.2277493916929,0.8346402042537104
2020,2019-12-01,True,False,wsh,lac,125,150,35,22,41,27,0,39,43,34,34,0,home,12.0,240.0,650.0,-1000.0,1.0,117.0,1.0,1,True,1686.6391156393674,1403.3039937122849,1697.7152711722056,1392.2278381794467,283.3351219270826,0.9008454835979869
2020,2019-12-01,True,False,gs,orl,96,100,22,29,20,25,0,26,25,21,28,0,home,7.5,204.5,275.0,-350.0,5.0,99.5,0.0,0,True,1433.7312846810562,1335.4402725927637,1449.338325979785,1319.833231294035,98.29101208829252,0.7579466457984964
2020,2019-12-01,True,False,okc,no,107,104,33,23,26,25,0,29,26,22,27,0,home,2.5,226.5,120.0,-140.0,2.5,111.0,0.0,0,False,1409.7550278332371,1477.830292293957,1376.4620058137716,1511.1233143134225,-68.07526446071984,0.5458145200419319
2020,2019-12-01,True,False,sa,det,98,132,27,24,20,27,0,32,27,37,36,0,home,2.5,217.5,120.0,-140.0,2.0,112.0,1.0,1,True,1317.3897275317022,1381.818156438019,1387.6270745100549,1311.5808094596664,-64.42842890631687,0.5510134836845256
2020,2019-12-01,True,False,utah,tor,110,130,20,17,49,24,0,37,40,30,23,0,home,2.0,208.0,110.0,-130.0,8.0,106.5,1.0,1,True,1752.2011993842157,1622.2270608075526,1777.1182043787799,1597.3100558129884,129.9741385766631,0.7898194676551885
2020,2019-12-01,True,False,mem,min,115,107,25,23,38,29,0,21,26,32,28,0,home,12.0,231.0,650.0,-1000.0,8.5,116.5,0.0,0,False,1502.063366681153,1231.9739535483363,1434.0264513189982,1300.0108689104911,270.0894131328166,0.8938235369852571
2020,2019-12-01,True,False,bos,ny,113,104,31,27,23,32,0,30,28,27,19,0,away,7.5,208.5,-400.0,300.0,5.0,108.5,1.0,1,False,1150.6942411746197,1709.3574547429953,1143.9476806478403,1716.1040152697747,-558.6632135683756,0.06659077292287723
2020,2019-12-02,True,False,utah,phi,94,103,23,19,24,28,0,31,29,25,18,0,home,5.0,208.5,180.0,-220.0,2.5,107.5,1.0,0,True,1677.8686989181747,1597.3100558129884,1702.3654935333434,1572.8132611978197,80.55864310518632,0.7387301852567528
2020,2019-12-02,True,False,phx,cha,109,104,28,31,21,29,0,21,18,34,31,0,away,4.0,221.5,-170.0,145.0,3.5,113.5,1.0,0,False,1334.3564085551204,1361.1408694442898,1286.751761694641,1408.7455163047694,-26.784460889169395,0.6038331655921158
2020,2019-12-02,True,False,gs,atl,79,104,23,17,13,26,0,20,29,27,28,0,home,6.5,222.5,210.0,-260.0,0.5,106.5,1.0,0,True,1193.46261735438,1319.833231294035,1270.5707397243566,1242.7251089240583,-126.37061393965496,0.4621223447066487
2020,2019-12-02,True,False,ind,mem,117,104,24,33,28,32,0,19,28,26,31,0,away,9.0,216.5,-450.0,350.0,2.0,105.5,1.0,1,False,1300.0108689104911,1668.231034234714,1279.579276816836,1688.662626328369,-368.22016532422276,0.1759546337072513
2020,2019-12-02,True,False,ny,mil,88,132,15,30,17,26,0,33,39,28,32,0,home,17.0,222.5,1200.0,-3000.0,3.0,107.5,1.0,0,True,1891.2936536762127,1143.9476806478403,1892.0180210021842,1143.2233133218688,747.3459730283723,0.9924431516546717
2020,2019-12-02,True,False,chi,sac,113,106,22,33,29,29,0,23,21,30,32,0,home,5.0,212.0,180.0,-220.0,5.5,104.5,0.0,1,False,1530.8951214051833,1205.6083243074293,1467.35056628777,1269.1528794248425,325.28679709775406,0.9204258826728381
2020,2019-12-03,True,False,lal,den,105,96,28,32,24,21,0,24,25,27,20,0,home,2.5,207.5,115.0,-135.0,4.0,102.0,0.0,0,False,1733.6031130054089,1719.9932849120319,1667.8428542139256,1785.753543703515,13.609828093377018,0.6579092028092066
2020,2019-12-03,True,False,det,cle,127,94,32,30,35,30,0,28,18,22,26,0,away,3.5,216.5,-165.0,142.0,2.5,105.5,1.0,1,False,1200.4008175819015,1387.6270745100549,1141.898747622766,1446.1291444691904,-187.22625692815336,0.3770438359293925
2020,2019-12-03,True,False,hou,sa,133,135,25,38,34,18,18,27,32,22,34,20,away,7.0,234.0,-330.0,260.0,3.0,114.0,0.0,1,True,1311.5808094596664,1666.9349912704124,1350.8826781016435,1627.6331226284353,-355.354181810746,0.1869522155076648
2020,2019-12-03,True,False,orl,wsh,127,120,32,36,29,30,0,26,28,34,32,0,home,0.0,229.5,-110.0,-110.0,3.5,112.5,0.0,1,False,1392.2278381794467,1449.338325979785,1340.8612675249294,1500.7048966343023,-57.110487800338205,0.5614113390207927
2020,2019-12-03,True,False,dal,no,118,97,24,35,25,34,0,24,29,22,22,0,away,4.5,233.0,-200.0,170.0,1.5,113.5,1.0,0,False,1376.4620058137716,1707.151172011209,1347.969039347844,1735.6441384771365,-330.6891661974373,0.2094980672221476
2020,2019-12-03,True,False,mia,tor,121,110,32,26,25,25,13,23,30,28,27,2,home,5.5,212.0,190.0,-240.0,4.0,104.0,0.0,1,False,1777.1182043787799,1649.0499543754631,1700.7435227084377,1725.4246360458053,128.06825000331673,0.7879924099487673
2020,2019-12-03,True,False,por,lac,97,117,30,29,17,21,0,29,33,27,28,0,home,9.0,233.0,350.0,-450.0,4.5,114.5,1.0,0,True,1697.7152711722056,1508.9084698775544,1715.6799540757827,1490.9437869739772,188.80680129465122,0.8405740618399087
2020,2019-12-04,True,False,sac,por,116,127,35,29,31,21,0,30,36,34,27,0,home,5.0,216.5,180.0,-220.0,3.0,108.0,1.0,1,True,1490.9437869739772,1467.35056628777,1526.1156936829755,1432.1786595787719,23.593220686207133,0.67072363509465
2020,2019-12-04,True,False,ind,okc,107,100,26,23,30,28,0,29,21,28,22,0,away,1.0,209.0,-125.0,105.0,0.0,102.5,1.0,0,False,1511.1233143134225,1688.662626328369,1475.4191978956453,1724.3667427461462,-177.53931201494652,0.39022842193370655
2020,2019-12-04,True,False,min,dal,114,121,25,31,28,30,0,30,23,27,41,0,home,5.5,229.0,190.0,-240.0,5.5,111.5,1.0,1,True,1735.6441384771365,1434.0264513189982,1741.980575921039,1427.6900138750957,301.6176871581383,0.9098575825501782
2020,2019-12-04,True,False,mem,chi,99,106,20,15,29,35,0,27,23,28,28,0,home,6.5,223.0,240.0,-300.0,1.0,113.5,1.0,0,True,1269.1528794248425,1279.579276816836,1303.3607626954808,1245.3713935461976,-10.426397391993532,0.6261246700465266
2020,2019-12-04,True,False,lal,utah,121,96,34,31,29,27,0,26,21,28,21,0,home,2.0,212.5,105.0,-125.0,5.5,103.0,0.0,1,False,1572.8132611978197,1785.753543703515,1523.6479785539443,1834.9188263473904,-212.94028250569545,0.34295877188444235
2020,2019-12-04,True,False,bkn,atl,130,118,22,34,35,39,0,26,21,35,36,0,away,3.0,228.0,-150.0,130.0,1.5,116.0,1.0,1,False,1270.5707397243566,1536.676322009252,1239.236506786317,1568.0105549472917,-266.1055822848955,0.27764355487607134
2020,2019-12-04,True,False,mil,det,127,103,22,37,33,35,0,24,24,24,31,0,away,9.0,223.0,-500.0,375.0,2.0,114.0,1.0,1,False,1446.1291444691904,1892.0180210021842,1429.1135223798508,1909.0336430915238,-445.8888765329939,0.12014091406103335
2020,2019-12-04,True,False,gs,cha,91,106,20,34,22,15,0,28,30,28,20,0,home,2.5,213.0,120.0,-140.0,1.0,105.0,1.0,0,True,1286.751761694641,1242.7251089240583,1322.255144955904,1207.2217256627953,44.02665277058259,0.696161224124998
2020,2019-12-04,True,False,phx,orl,114,128,37,21,28,28,0,31,34,38,25,0,away,1.5,213.5,-125.0,105.0,3.0,111.0,0.0,1,True,1500.7048966343023,1408.7455163047694,1527.8541788761322,1381.5962340629394,91.9593803295329,0.7511970940877583
2020,2019-12-04,True,False,mia,bos,93,112,28,16,25,24,0,20,32,30,30,0,home,5.5,209.0,185.0,-230.0,0.5,102.0,1.0,0,True,1716.1040152697747,1725.4246360458053,1765.1890994803623,1676.3395518352177,-9.320620776030637,0.627613553606473
2020,2019-12-05,True,False,phi,wsh,113,119,33,22,26,32,0,25,40,26,28,0,away,8.0,233.0,-380.0,290.0,8.0,119.0,0.0,0,True,1340.8612675249294,1702.3654935333434,1410.9300995304438,1632.296661527829,-361.504226008414,0.18163053137685498
2020,2019-12-05,True,False,hou,tor,119,109,34,29,31,25,0,28,27,33,21,0,home,2.0,230.5,110.0,-130.0,2.5,112.5,0.0,0,False,1700.7435227084377,1627.6331226284353,1628.9340468130627,1699.4425985238104,73.11040008000236,0.7303705829951351
2020,2019-12-05,True,False,den,ny,129,92,33,34,31,31,0,27,18,30,17,0,away,9.0,205.0,-420.0,320.0,1.0,99.5,1.0,1,False,1143.2233133218688,1667.8428542139256,1130.4420742012442,1680.6240933345503,-524.6195408920569,0.07985589743632927
2020,2019-12-05,True,False,phx,no,139,132,38,36,33,18,14,40,30,21,34,7,home,4.0,235.0,155.0,-185.0,3.5,122.5,0.0,1,False,1347.969039347844,1381.5962340629394,1293.5866377927787,1435.9786356180048,-33.62719471509536,0.5943728866297354
2020,2019-12-06,True,False,den,bos,95,108,26,19,19,31,0,33,20,32,23,0,home,3.0,205.5,140.0,-160.0,0.5,101.5,1.0,0,True,1765.1890994803623,1680.6240933345503,1792.6879086981078,1653.1252841168048,84.56500614581205,0.7431568577919354
2020,2019-12-06,True,False,gs,chi,100,98,23,27,27,23,0,28,23,32,15,0,home,4.5,215.0,160.0,-190.0,3.0,106.5,0.0,0,False,1303.3607626954808,1207.2217256627953,1270.0364070035546,1240.5460813547215,96.13903703268556,0.7556666866890456
2020,2019-12-06,True,False,sac,sa,104,105,17,25,30,28,4,21,31,17,31,5,home,4.0,214.5,155.0,-185.0,1.0,104.5,0.0,0,True,1350.8826781016435,1432.1786595787719,1365.3117732290013,1417.749564451414,-81.29598147712841,0.5268912730737684
2020,2019-12-06,True,False,lac,mil,91,119,15,28,19,29,0,30,22,35,32,0,home,4.5,233.5,160.0,-190.0,1.0,113.0,1.0,0,True,1909.0336430915238,1715.6799540757827,1928.3955863605433,1696.3180108067631,193.3536890157411,0.8440504326347431
2020,2019-12-06,True,False,lal,por,136,113,39,38,33,26,0,34,28,31,20,0,away,5.0,225.0,-200.0,170.0,2.0,111.0,1.0,1,False,1526.1156936829755,1834.9188263473904,1493.796418941111,1867.238101089255,-308.803132664415,0.23112540272031606
2020,2019-12-06,True,False,min,okc,127,139,27,31,39,25,5,30,23,41,28,17,home,3.5,218.0,145.0,-170.0,3.5,106.5,1.0,1,True,1475.4191978956453,1427.6900138750957,1507.6640897394059,1395.4451220313351,47.72918402054961,0.7006505293970786
2020,2019-12-06,True,False,orl,cle,93,87,24,28,16,25,0,25,22,23,17,0,away,4.5,210.0,-190.0,160.0,2.0,103.0,1.0,0,False,1141.898747622766,1527.8541788761322,1128.0593068590713,1541.693619639827,-385.9554312533662,0.16163785608606937
2020,2019-12-06,True,False,ind,det,101,108,19,25,31,26,0,32,23,16,37,0,away,1.5,212.0,-125.0,105.0,3.5,103.0,0.0,0,True,1429.1135223798508,1724.3667427461462,1498.167315522841,1655.312949603156,-295.2532203662954,0.2452760233184524
2020,2019-12-06,True,False,wsh,mia,103,112,28,37,20,18,0,27,34,25,26,0,home,9.5,229.0,400.0,-550.0,8.0,110.5,0.0,0,True,1676.3395518352177,1410.9300995304438,1685.047345506916,1402.2223058587456,265.4094523047738,0.891239589261362
2020,2019-12-06,True,False,bkn,cha,111,104,29,26,31,25,0,32,25,27,20,0,away,3.0,219.0,-150.0,130.0,3.5,113.5,1.0,0,False,1322.255144955904,1568.0105549472917,1294.6475030720599,1595.6181968311357,-245.75540999138775,0.3017379396701537
2020,2019-12-07,True,False,mem,utah,112,126,36,18,30,28,0,32,37,28,29,0,home,11.5,217.5,550.0,-800.0,2.5,112.5,1.0,1,True,1523.6479785539443,1245.3713935461976,1533.1359393061375,1235.8834327940044,278.2765850077467,0.8982139348143213
2020,2019-12-07,True,False,ind,ny,104,103,32,34,23,15,0,27,33,21,22,0,away,5.5,208.0,-220.0,180.0,1.5,102.5,0.0,0,False,1130.4420742012442,1655.312949603156,1128.0098313312055,1657.7451924731947,-524.8708754019119,0.07974965288277956
2020,2019-12-07,True,False,phx,hou,109,115,31,21,26,31,0,23,39,21,32,0,home,11.0,240.5,525.0,-750.0,3.5,122.5,0.0,0,True,1699.4425985238104,1435.9786356180048,1706.8867557078845,1428.5344784339306,263.4639629058056,0.8901492732795337
2020,2019-12-07,True,False,no,dal,84,130,28,24,14,18,0,31,33,40,26,0,home,9.0,232.0,350.0,-450.0,2.0,113.0,1.0,0,True,1741.980575921039,1293.5866377927787,1746.7553947854044,1288.8118189284132,448.3939381282603,0.9591761890815927
2020,2019-12-07,True,False,cle,phi,94,141,18,18,26,32,0,36,41,31,33,0,home,11.0,215.0,500.0,-700.0,1.5,108.5,1.0,1,True,1632.296661527829,1128.0593068590713,1635.686575170188,1124.6693932167123,504.2373546687577,0.970063115275821
2020,2019-12-08,True,False,atl,cha,122,107,24,27,37,34,0,27,26,30,24,0,home,1.5,223.0,105.0,-125.0,0.5,108.0,0.0,1,False,1294.6475030720599,1239.236506786317,1212.5975556448564,1321.2864542135205,55.41099628574284,0.7098421648718765
2020,2019-12-08,True,False,den,bkn,102,105,21,33,23,25,0,25,28,29,23,0,away,4.5,212.5,-185.0,155.0,3.0,104.5,0.0,0,True,1595.6181968311357,1653.1252841168048,1622.4050620564644,1626.338418891476,-57.50708728566906,0.5608491179370139
2020,2019-12-08,True,False,tor,phi,104,110,22,20,26,36,0,27,30,29,24,0,home,3.0,214.0,130.0,-150.0,3.0,104.0,1.0,2,True,1635.686575170188,1628.9340468130627,1665.5401510542297,1599.080470929021,6.752528357125357,0.6489704898577888
2020,2019-12-08,True,False,min,lal,125,142,31,34,38,22,0,39,34,37,32,0,home,10.0,227.5,450.0,-650.0,3.0,111.5,1.0,1,True,1867.238101089255,1395.4451220313351,1870.3370585122152,1392.346164608375,471.79297905791987,0.9641362288349558
2020,2019-12-08,True,False,lac,wsh,135,119,35,30,35,35,0,25,39,29,26,0,away,9.0,236.0,-450.0,350.0,7.0,116.5,1.0,1,False,1402.2223058587456,1696.3180108067631,1371.4918306389586,1727.04848602655,-294.09570494801756,0.24651157768404805
2020,2019-12-08,True,False,sac,dal,110,106,36,30,26,18,0,27,19,32,28,0,home,9.0,216.0,330.0,-430.0,10.5,106.0,0.0,2,False,1746.7553947854044,1417.749564451414,1697.6282593284227,1466.8766999083957,329.0058303339904,0.9219798379399314
2020,2019-12-08,True,False,chi,mia,105,110,25,24,24,24,8,16,31,27,23,13,home,7.0,210.5,250.0,-310.0,5.5,102.0,0.0,1,True,1685.047345506916,1270.0364070035546,1687.7801171953784,1267.3036353150924,415.01093850336133,0.950950931726135
2020,2019-12-08,True,False,okc,por,108,96,21,34,27,26,0,20,27,31,18,0,home,4.0,223.0,150.0,-180.0,4.0,109.5,0.0,0,False,1493.796418941111,1507.6640897394059,1423.658029614124,1577.8024790663928,-13.867670798294967,0.6214759360643527
2020,2019-12-09,True,False,lac,ind,110,99,24,36,31,19,0,19,29,25,26,0,home,3.0,216.5,130.0,-150.0,5.0,107.0,0.0,0,False,1657.7451924731947,1727.04848602655,1598.259740394176,1786.5339381055687,-69.30329355335539,0.5440615215144237
2020,2019-12-09,True,False,det,no,105,103,25,22,34,24,0,29,24,21,29,0,home,0.0,227.5,-110.0,-110.0,1.5,110.0,0.0,0,False,1288.8118189284132,1498.167315522841,1272.0080560929403,1514.971078358314,-209.35549659442768,0.3476237292677662
2020,2019-12-09,True,False,okc,utah,104,90,25,26,34,19,0,24,23,21,22,0,home,9.0,206.5,320.0,-420.0,6.5,102.0,0.0,0,False,1533.1359393061375,1577.8024790663928,1464.1498535495216,1646.7885648230088,-44.66653976025532,0.5789647417686332
2020,2019-12-09,True,False,min,phx,109,125,31,33,21,24,0,33,28,33,31,0,home,3.5,233.0,140.0,-160.0,2.0,113.5,1.0,1,True,1428.5344784339306,1392.346164608375,1466.2468872015763,1354.6337558407292,36.188313825555724,0.686533591930595
2020,2019-12-09,True,False,orl,mil,101,110,20,20,33,28,0,31,21,28,30,0,home,13.0,217.5,650.0,-1000.0,4.0,105.0,0.0,0,True,1928.3955863605433,1541.693619639827,1932.5771096571154,1537.5120963432548,386.7019667207164,0.9427666341696481
2020,2019-12-09,True,False,sac,hou,119,118,32,27,35,25,0,28,36,29,25,0,home,12.0,225.5,600.0,-900.0,6.5,110.5,0.0,1,False,1706.8867557078845,1466.8766999083957,1685.3354383296485,1488.4280172866318,240.01005579948878,0.8762355965999559
2020,2019-12-09,True,False,mem,gs,110,102,29,25,34,22,0,20,27,32,23,0,home,3.5,220.0,140.0,-160.0,3.5,113.0,0.0,0,False,1240.5460813547215,1235.8834327940044,1178.3603672791169,1298.069146869609,4.662648560717116,0.6462250030649842
2020,2019-12-09,True,False,tor,chi,93,92,30,19,22,22,0,30,21,20,21,0,away,6.5,213.5,-270.0,220.0,5.5,104.5,0.0,0,False,1267.3036353150924,1599.080470929021,1260.945829808238,1605.4382764358754,-331.7768356139286,0.2084630562653524
2020,2019-12-09,True,False,cle,bos,88,110,18,22,26,22,0,29,24,30,27,0,home,13.5,216.0,800.0,-1400.0,4.0,110.0,1.0,0,True,1792.6879086981078,1124.6693932167123,1793.670384458774,1123.686917456046,668.0185154813955,0.9881214335622305
2020,2019-12-10,True,False,atl,mia,121,135,30,34,32,21,4,36,30,27,24,18,home,8.5,219.0,325.0,-425.0,4.5,108.0,1.0,1,True,1687.7801171953784,1321.2864542135205,1693.347053054094,1315.719518354805,366.4936629818578,0.9361568286451896
2020,2019-12-10,True,False,ny,por,87,115,22,19,18,28,0,32,28,26,29,0,home,9.5,223.5,375.0,-500.0,0.5,108.5,1.0,0,True,1423.658029614124,1128.0098313312055,1434.2929266006283,1117.3749343447012,295.64819828291843,0.906999253628338
2020,2019-12-10,True,False,den,phi,92,97,27,23,26,16,0,26,29,28,14,0,home,5.5,208.0,180.0,-220.0,1.5,103.5,0.0,0,True,1665.5401510542297,1626.338418891476,1689.0385063895121,1602.8400635561936,39.201732162753615,0.6902545440188542
2020,2019-12-10,True,False,wsh,cha,107,114,20,28,27,32,0,28,25,29,32,0,away,2.0,229.0,-130.0,110.0,1.5,110.5,0.0,0,True,1212.5975556448564,1371.4918306389586,1266.026594854829,1318.062791428986,-158.89427499410226,0.4160468946387159
2020,2019-12-11,True,False,atl,chi,102,136,33,19,35,15,0,37,29,40,30,0,home,6.5,221.5,225.0,-275.0,1.0,106.5,1.0,1,True,1260.945829808238,1315.719518354805,1329.0388764829377,1247.6264716801052,-54.77368854656697,0.5647207486182091
2020,2019-12-11,True,False,no,mil,112,127,20,26,40,26,0,35,34,36,22,0,home,9.5,232.5,350.0,-450.0,1.0,112.5,1.0,1,True,1932.5771096571154,1272.0080560929403,1933.487531983116,1271.0976337669397,660.5690535641752,0.9876074205890245
2020,2019-12-11,True,False,okc,sac,93,94,18,29,24,22,0,23,15,31,25,0,home,1.5,207.5,105.0,-125.0,3.5,101.0,0.0,0,True,1488.4280172866318,1646.7885648230088,1506.2149258540708,1629.0016562555697,-158.360547536377,0.4167935276593226
2020,2019-12-11,True,False,utah,min,127,116,25,34,38,30,0,23,36,24,33,0,home,1.0,220.5,-105.0,-115.0,0.0,114.5,0.0,1,False,1354.6337558407292,1464.1498535495216,1301.4627646371523,1517.3208447530985,-109.51609770879236,0.4863086580601373
2020,2019-12-11,True,False,bos,ind,117,122,32,25,37,23,0,30,31,23,38,0,home,1.0,211.0,100.0,-120.0,1.0,110.5,1.0,1,True,1598.259740394176,1793.670384458774,1648.2392268183985,1743.6908980345515,-195.41064406459782,0.366043579933358
2020,2019-12-11,True,False,ny,gs,124,122,30,38,19,25,12,20,30,30,32,10,home,5.0,211.0,175.0,-210.0,7.5,102.0,0.0,1,False,1178.3603672791169,1117.3749343447012,1145.7205798945183,1150.0147217292997,60.98543293441571,0.7164066577928708
2020,2019-12-11,True,False,mem,phx,115,108,27,24,33,31,0,19,32,28,29,0,home,7.0,230.5,240.0,-300.0,4.5,118.0,0.0,0,False,1466.2468872015763,1298.069146869609,1401.707784455597,1362.6082496155884,168.17774033196724,0.8240099532154576
2020,2019-12-11,True,False,cha,bkn,113,108,26,27,31,29,0,34,30,22,22,0,home,10.0,217.0,400.0,-550.0,2.5,105.5,0.0,1,False,1622.4050620564644,1266.026594854829,1568.1998700948593,1320.2317868164341,356.37846720163543,0.9325870673484423
2020,2019-12-11,True,False,lal,orl,96,87,26,25,18,27,0,9,29,27,22,0,away,8.5,210.5,-430.0,330.0,1.0,102.0,1.0,0,False,1537.5120963432548,1870.3370585122152,1516.492610634389,1891.356544221081,-332.8249621689604,0.20746924217737944
2020,2019-12-11,True,False,lac,tor,112,92,27,37,24,24,0,32,14,25,21,0,away,2.5,222.5,-150.0,130.0,4.0,107.5,1.0,0,False,1605.4382764358754,1786.5339381055687,1553.8147428238592,1838.157471717585,-181.0956616696933,0.385368198640422
2020,2019-12-11,True,False,hou,cle,116,110,35,29,24,28,0,29,28,25,28,0,away,11.5,230.0,-800.0,550.0,4.5,112.5,0.0,0,False,1123.686917456046,1685.3354383296485,1118.0761888029258,1690.9461669827688,-561.6485208736024,0.06553054896193083
2020,2019-12-12,True,False,phi,bos,115,109,28,28,25,34,0,34,25,21,29,0,home,1.0,212.5,-105.0,-115.0,0.5,110.5,0.0,1,False,1743.6908980345515,1689.0385063895121,1686.1367314178256,1746.592673006238,54.652391645039415,0.7089419115188272
2020,2019-12-12,True,False,cle,sa,117,109,28,25,25,25,14,19,24,25,35,6,home,11.5,218.5,600.0,-900.0,11.5,113.0,0.0,1,False,1365.3117732290013,1118.0761888029258,1297.0472808922677,1186.3406811396594,247.23558442607555,0.880676145978256
2020,2019-12-12,True,False,dal,det,122,111,34,31,30,27,0,29,29,27,26,0,away,6.5,217.5,-310.0,250.0,2.0,106.5,1.0,1,False,1514.971078358314,1697.6282593284227,1473.069047122806,1739.5302905639305,-182.6571809701088,0.383241314838662
2020,2019-12-12,True,False,por,den,99,114,26,27,25,21,0,33,29,27,25,0,home,7.5,216.5,260.0,-330.0,1.0,107.5,1.0,0,True,1602.8400635561936,1434.2929266006283,1621.1808895828394,1415.9521005739825,168.5471369555653,0.8243181087004007
2020,2019-12-13,True,False,ny,sac,103,101,20,25,27,31,0,32,22,26,21,0,home,9.0,210.5,330.0,-430.0,2.5,101.5,0.0,0,False,1506.2149258540708,1150.0147217292997,1472.9770964260194,1183.252551157351,356.20020412477106,0.9325225253371133
2020,2019-12-13,True,False,lac,min,124,117,33,32,37,22,0,29,29,23,36,0,away,4.5,228.0,-200.0,170.0,0.5,111.5,1.0,1,False,1301.4627646371523,1838.157471717585,1294.6101936168739,1845.0100427378634,-536.6947070804326,0.07489522900223472
2020,2019-12-13,True,False,gs,utah,106,114,29,27,28,22,0,22,27,37,28,0,home,14.0,211.0,800.0,-1400.0,11.5,104.0,0.0,1,True,1517.3208447530985,1145.7205798945183,1521.698599689958,1141.3428249576589,371.6002648585802,0.9378913796645425
2020,2019-12-13,True,False,cha,chi,83,73,24,20,15,24,0,15,25,10,23,0,home,7.0,213.5,230.0,-280.0,6.0,103.5,0.0,0,False,1329.0388764829377,1320.2317868164341,1260.8841735712913,1388.3864897280805,8.807089666503543,0.6516600039677273
2020,2019-12-13,True,False,lal,mia,113,110,30,21,37,25,0,29,30,26,25,0,away,5.5,211.5,-240.0,190.0,6.0,104.0,0.0,1,False,1693.347053054094,1891.356544221081,1671.2308394765655,1913.4727577986096,-198.00949116698712,0.36257899604024263
2020,2019-12-13,True,False,no,phi,109,116,25,32,25,27,0,39,23,30,24,0,home,7.0,222.0,250.0,-310.0,3.0,108.0,2.0,1,True,1746.592673006238,1271.0976337669397,1748.7713406316243,1268.9189661415535,475.4950392392984,0.9648658588793741
2020,2019-12-13,True,False,hou,orl,130,107,28,34,34,34,0,22,33,23,29,0,away,6.5,220.5,-275.0,225.0,2.0,107.5,1.0,1,False,1516.492610634389,1690.9461669827688,1461.3330860726137,1746.105691544544,-174.45355634837983,0.39446328638332556
2020,2019-12-13,True,False,ind,atl,110,100,29,34,23,24,0,22,26,35,17,0,away,6.0,224.5,-265.0,215.0,1.5,109.0,1.0,0,False,1247.6264716801052,1648.2392268183985,1231.7446584203515,1664.1210400781522,-400.6127551382933,0.15052796736064594
2020,2019-12-13,True,False,mil,mem,127,114,35,29,26,37,0,29,33,33,19,0,away,12.5,229.0,-1100.0,700.0,7.5,118.5,1.0,1,False,1362.6082496155884,1933.487531983116,1355.3681644764279,1940.7276171222766,-570.8792823675276,0.062350820378109614
2020,2019-12-14,True,False,okc,den,102,110,20,29,19,34,0,27,25,30,28,0,home,6.0,204.5,210.0,-260.0,2.5,100.5,1.0,1,True,1621.1808895828394,1629.0016562555697,1656.9875558296455,1593.1949900087636,-7.820766672730315,0.6296291796297945
2020,2019-12-14,True,False,cle,mil,108,125,20,31,28,29,0,26,43,33,23,0,home,14.0,223.0,850.0,-1500.0,3.5,114.0,1.0,1,True,1940.7276171222766,1186.3406811396594,1941.2538157058927,1185.8144825560432,754.3869359826172,0.9927411356946896
2020,2019-12-14,True,False,mia,dal,122,118,37,36,18,21,10,23,27,31,31,6,home,8.5,216.5,325.0,-425.0,8.0,104.0,0.0,1,False,1739.5302905639305,1671.2308394765655,1691.47941542275,1719.281714617746,68.29945108736501,0.7248821459089902
2020,2019-12-14,True,False,det,hou,115,107,30,32,26,27,0,32,20,23,32,0,home,7.5,225.5,260.0,-330.0,8.0,110.0,0.0,0,False,1746.105691544544,1473.069047122806,1678.1048296015883,1541.0699090657617,273.03664442173795,0.8954229018008314
2020,2019-12-14,True,False,lac,chi,106,109,29,28,22,27,0,24,31,29,25,0,away,3.0,214.0,-155.0,135.0,1.5,105.0,0.0,1,True,1260.8841735712913,1845.0100427378634,1318.340936207277,1787.5532801018776,-584.1258691665721,0.05803878954010274
2020,2019-12-14,True,False,bkn,tor,102,110,31,29,23,19,0,38,27,25,20,0,home,7.0,218.5,255.0,-320.0,2.5,112.5,1.0,0,True,1553.8147428238592,1568.1998700948593,1590.4774164215546,1531.537196497164,-14.385127271000101,0.6207749583904715
2020,2019-12-14,True,False,sa,phx,121,119,28,16,34,31,12,18,30,32,29,10,away,2.0,220.5,-125.0,105.0,2.0,112.5,2.0,1,False,1401.707784455597,1297.0472808922677,1368.2491578547601,1330.5059074931046,104.66050356332926,0.7646097074764786
2020,2019-12-14,True,False,wsh,mem,111,128,30,24,30,27,0,35,34,35,24,0,home,1.5,236.5,105.0,-125.0,4.0,116.5,1.0,1,True,1355.3681644764279,1318.062791428986,1393.630509546758,1279.8004463586558,37.30537304744189,0.68791576551905
2020,2019-12-15,True,False,orl,no,130,119,24,34,41,31,0,30,27,27,35,0,home,0.0,216.5,-110.0,-110.0,0.0,106.5,0.0,1,False,1268.9189661415535,1461.3330860726137,1228.4586103867512,1501.793441827416,-192.4141199310602,0.37005556726258676
2020,2019-12-15,True,False,cha,ind,85,107,20,24,22,19,0,33,26,13,35,0,home,11.5,210.0,550.0,-800.0,2.5,102.0,1.0,0,True,1664.1210400781522,1388.3864897280805,1675.2740130193552,1377.2335167868775,275.7345503500717,0.8968682741106592
2020,2019-12-15,True,False,phi,bkn,89,109,23,20,23,23,0,28,29,26,26,0,away,3.5,220.0,-170.0,145.0,6.5,113.0,0.0,0,True,1531.537196497164,1748.7713406316243,1620.296973813853,1660.0115633149353,-217.2341441344604,0.33741080660360656
2020,2019-12-15,True,False,lal,atl,101,96,24,31,27,19,0,25,23,30,18,0,away,12.0,229.0,-850.0,575.0,4.5,111.5,0.0,0,False,1231.7446584203515,1913.4727577986096,1229.0690830676922,1916.1483331512688,-681.7280993782581,0.03393788719222048
2020,2019-12-15,True,False,ny,den,105,111,22,29,33,21,0,33,34,20,24,0,home,10.5,208.5,500.0,-700.0,1.5,102.0,0.0,1,True,1656.9875558296455,1183.252551157351,1659.0488033064303,1181.1913036805663,473.7350046722945,0.9645207789304713
2020,2019-12-15,True,False,sac,gs,100,79,26,25,28,21,0,18,24,17,20,0,away,4.5,209.5,-200.0,170.0,0.0,102.0,1.0,0,False,1141.3428249576589,1472.9770964260194,1112.9722044341868,1501.3477169494915,-331.63427146836057,0.20859850351727446
2020,2019-12-16,True,False,dal,mil,120,116,36,23,27,34,0,22,34,20,40,0,home,10.5,227.5,525.0,-750.0,9.5,111.5,0.0,1,False,1941.2538157058927,1691.47941542275,1891.266017261849,1741.4672138667938,249.77440028314277,0.8822034069278274
2020,2019-12-16,True,False,por,phx,111,110,25,34,31,21,0,33,34,21,22,0,away,2.5,227.0,-135.0,115.0,4.0,111.5,0.0,0,False,1368.2491578547601,1415.9521005739825,1350.7217381616792,1433.4795202670634,-47.70294271922239,0.5746982152451682
2020,2019-12-16,True,False,wsh,det,133,119,43,24,29,37,0,31,30,30,28,0,home,2.5,232.0,120.0,-140.0,2.5,113.5,0.0,1,False,1541.0699090657617,1279.8004463586558,1457.093310473889,1363.7770449505285,261.26946270710596,0.8889079152933116
2020,2019-12-16,True,False,sa,hou,107,109,35,37,17,18,0,21,32,30,26,0,home,10.5,232.0,450.0,-650.0,10.5,119.0,0.0,0,True,1678.1048296015883,1330.5059074931046,1680.6394535742259,1327.971283520467,347.59892210848375,0.9293394417851218
2020,2019-12-16,True,False,chi,okc,106,109,37,31,22,16,0,16,33,33,27,0,home,5.5,208.5,190.0,-240.0,8.0,102.0,0.0,1,True,1593.1949900087636,1318.340936207277,1598.1519299437011,1313.3839962723396,274.85405380148654,0.896398512142428
2020,2019-12-16,True,False,mia,mem,111,118,32,26,28,25,0,36,37,22,23,0,away,2.5,217.0,-145.0,125.0,5.5,106.5,0.0,1,True,1393.630509546758,1719.281714617746,1465.514686627673,1647.3975375368311,-325.651205070988,0.2143413197498483
2020,2019-12-16,True,False,cle,tor,113,133,29,25,30,29,0,37,29,38,29,0,home,13.0,216.5,750.0,-1200.0,4.0,110.5,1.0,1,True,1590.4774164215546,1185.8144825560432,1595.4273003637181,1180.8645986138797,404.6629338655114,0.9480966626971647
2020,2019-12-17,True,False,sac,cha,102,110,21,26,32,23,0,26,27,27,30,0,away,5.0,208.0,-220.0,180.0,4.5,102.0,0.0,1,True,1377.2335167868775,1501.3477169494915,1428.922105015387,1449.6591287209822,-124.114200162614,0.46535249347100677
2020,2019-12-17,True,False,lal,ind,102,105,28,24,24,26,0,24,26,28,27,0,away,1.0,213.0,-120.0,100.0,0.5,104.0,0.0,0,True,1675.2740130193552,1916.1483331512688,1717.502770218487,1873.919575952137,-240.8743201319137,0.30769069779441344
2020,2019-12-17,True,False,atl,ny,120,143,27,26,31,36,0,41,36,32,34,0,home,2.0,226.0,110.0,-130.0,5.5,109.0,1.0,1,True,1181.1913036805663,1229.0690830676922,1240.6975112476973,1169.5628755005612,-47.877779387125884,0.5744522023417656
2020,2019-12-17,True,False,bkn,no,108,101,21,21,19,32,15,21,14,29,29,8,away,2.0,227.5,-135.0,115.0,0.5,116.0,1.0,0,False,1228.4586103867512,1620.296973813853,1214.0845681926917,1634.6710160079124,-391.83836342710174,0.15710120750680595
2020,2019-12-17,True,False,orl,utah,102,109,20,27,24,31,0,26,32,24,27,0,home,6.5,208.0,230.0,-280.0,0.5,102.0,1.0,1,True,1521.698599689958,1501.793441827416,1551.660039002849,1471.832002514525,19.905157862541955,0.6660179943890384
2020,2019-12-17,True,False,phx,lac,99,120,23,21,25,30,0,31,23,36,30,0,home,15.0,225.0,850.0,-1500.0,5.5,115.0,1.0,0,True,1787.5532801018776,1350.7217381616792,1791.6719105747159,1346.603107688841,436.83154194019835,0.9564888025622321
2020,2019-12-18,True,False,mem,okc,122,126,32,36,32,22,0,27,32,34,33,0,home,6.5,219.5,230.0,-280.0,5.5,113.5,0.0,1,True,1598.1519299437011,1465.514686627673,1611.1345299685931,1452.532086602781,132.63724331602816,0.7923530237473168
2020,2019-12-18,True,False,orl,den,104,113,32,28,16,28,0,27,18,39,29,0,home,9.0,205.0,375.0,-500.0,9.5,100.5,2.0,1,True,1659.0488033064303,1471.832002514525,1672.7587622031049,1458.1220436178503,187.21680079190537,0.8393436775413197
2020,2019-12-18,True,False,gs,por,112,122,29,37,26,20,0,40,27,30,25,0,home,9.0,221.5,375.0,-500.0,5.5,110.0,1.0,1,True,1433.4795202670634,1112.9722044341868,1440.0003020940917,1106.4514226071585,320.50731583287666,0.918387328659535
2020,2019-12-18,True,False,no,min,107,99,32,31,24,20,0,25,25,22,27,0,home,3.5,229.5,145.0,-170.0,5.5,113.5,0.0,0,False,1294.6101936168739,1214.0845681926917,1228.5170618476461,1280.1776999619194,80.52562542418218,0.7386934995363277
2020,2019-12-18,True,False,chi,wsh,110,109,23,29,21,25,12,27,31,27,13,11,home,1.0,230.0,-105.0,-115.0,2.0,112.0,0.0,0,False,1363.7770449505285,1313.3839962723396,1343.340351447278,1333.8206897755902,50.39304867818896,0.7038568364120342
2020,2019-12-18,True,False,cha,cle,98,100,21,20,23,34,0,29,24,23,24,0,home,3.0,211.0,125.0,-145.0,2.5,102.0,0.0,0,True,1180.8645986138797,1428.922105015387,1214.7524574032013,1395.0342462260653,-248.05750640150723,0.29895321871746433
2020,2019-12-18,True,False,mia,phi,108,104,19,37,26,26,0,29,19,26,30,0,home,8.0,208.5,290.0,-380.0,7.0,102.5,0.0,1,False,1660.0115633149353,1647.3975375368311,1614.0922184953715,1693.316882356395,12.614025778104178,0.6566178994372042
2020,2019-12-18,True,False,tor,det,112,99,30,40,26,16,0,29,35,15,20,0,away,2.5,217.0,-145.0,125.0,1.0,107.0,1.0,0,False,1457.093310473889,1595.4273003637181,1405.414096679869,1647.106514157738,-138.33398988982913,0.4450557299560284
2020,2019-12-18,True,False,bos,dal,109,103,29,21,26,33,0,29,26,18,30,0,away,2.0,215.5,-130.0,110.0,2.0,111.5,1.0,0,False,1741.4672138667938,1686.1367314178256,1683.8847350936007,1743.7192101910186,55.33048244896827,0.709746695393913
2020,2019-12-19,True,False,utah,atl,111,106,28,24,31,28,0,30,26,28,22,0,away,6.5,224.5,-280.0,230.0,6.5,114.5,0.0,0,False,1169.5628755005612,1551.660039002849,1156.5807010054236,1564.6422134979866,-382.0971635022879,0.16467021685179134
2020,2019-12-19,True,False,lal,mil,104,111,17,29,35,23,0,23,42,24,22,0,home,3.5,227.0,140.0,-160.0,4.0,110.0,1.0,0,True,1891.266017261849,1873.919575952137,1921.5981866453285,1843.5874065686573,17.346441309711963,0.6627336981744915
2020,2019-12-19,True,False,bkn,sa,105,118,33,23,25,24,0,27,23,33,35,0,home,4.0,219.5,160.0,-190.0,3.5,113.5,1.0,1,True,1327.971283520467,1634.6710160079124,1417.0012010581688,1545.6410984702106,-306.6997324874453,0.23328409956863747
2020,2019-12-19,True,False,hou,lac,122,117,27,27,36,32,0,28,41,18,30,0,away,,235.5,180.0,-220.0,2.5,115.0,,1,False,1791.6719105747159,1680.6394535742259,1736.9523067496223,1735.3590573993195,111.03245700049001,0.7711472352886278
2020,2019-12-20,True,False,phx,okc,108,126,23,27,41,17,0,26,31,44,25,0,home,3.0,224.5,130.0,-150.0,0.0,114.5,1.0,1,True,1611.1345299685931,1346.603107688841,1622.327678007827,1335.4099596496071,264.5314222797522,0.8907486937086531
2020,2019-12-20,True,False,no,gs,102,106,16,28,37,21,0,31,25,22,28,0,away,2.0,221.5,-130.0,110.0,5.0,108.0,0.0,0,True,1106.4514226071585,1280.1776999619194,1149.2618202662932,1237.3673023027848,-173.7262773547609,0.3954637357270609
2020,2019-12-20,True,False,orl,por,103,118,13,31,31,28,0,31,26,36,25,0,home,3.5,218.5,145.0,-170.0,2.5,107.0,1.0,1,True,1440.0003020940917,1458.1220436178503,1486.8827668825033,1411.2395788294386,-18.1217415237586,0.6156982985517446
2020,2019-12-20,True,False,dal,phi,117,98,35,28,25,29,0,28,29,20,21,0,home,8.5,212.0,325.0,-425.0,9.0,105.0,0.0,1,False,1614.0922184953715,1683.8847350936007,1542.4703544066265,1755.5065991823458,-69.79251659822921,0.5433628541343117
2020,2019-12-20,True,False,min,den,100,109,20,31,24,25,0,33,28,21,27,0,home,11.0,215.5,525.0,-750.0,2.5,104.5,0.0,0,True,1672.7587622031049,1228.5170618476461,1675.6889398705189,1225.5868841802321,444.24170035545876,0.9582299043958178
2020,2019-12-20,True,False,mem,cle,107,114,27,24,36,20,0,25,30,26,33,0,away,2.5,222.5,-140.0,120.0,2.0,114.5,0.0,0,True,1214.7524574032013,1452.532086602781,1277.747203122202,1389.5373408837802,-237.77962919957963,0.31149842991769855
2020,2019-12-20,True,False,det,bos,93,114,26,22,21,24,0,28,32,31,23,0,home,9.0,211.0,350.0,-450.0,1.5,103.0,1.0,0,True,1743.7192101910186,1405.414096679869,1751.2654549243948,1397.867851946493,338.30511351114956,0.9257445427401508
2020,2019-12-20,True,False,sac,ind,105,119,32,25,22,26,0,30,38,24,27,0,home,5.0,209.5,180.0,-220.0,1.0,102.0,1.0,1,True,1717.502770218487,1449.6591287209822,1727.5973163583142,1439.564582581155,267.8436414975049,0.8925903980995252
2020,2019-12-20,True,False,ny,mia,114,129,20,27,27,40,0,39,31,28,31,0,home,9.0,216.5,400.0,-550.0,1.5,104.5,1.0,1,True,1693.316882356395,1240.6975112476973,1696.6662476150825,1237.3481459890097,452.6193711086976,0.9601180656984304
2020,2019-12-20,True,False,wsh,tor,118,122,23,29,33,33,0,40,28,28,26,0,home,6.5,229.5,220.0,-270.0,1.5,110.5,0.0,1,True,1647.106514157738,1343.340351447278,1651.9478662417403,1338.4989993632757,303.7661627104601,0.9108668060709963
2020,2019-12-21,True,False,lac,sa,134,109,33,39,38,24,0,31,30,22,26,0,away,7.5,225.5,-310.0,250.0,0.0,110.0,1.0,1,False,1417.0012010581688,1736.9523067496223,1385.4744846415022,1768.479023166289,-319.95110569145345,0.21991867761907472
2020,2019-12-21,True,False,hou,phx,139,125,36,34,36,33,0,35,30,30,30,0,away,8.5,234.5,-425.0,325.0,4.0,114.0,1.0,1,False,1335.4099596496071,1735.3590573993195,1317.4156340330555,1753.353383015871,-399.94909774971234,0.15101712134592907
2020,2019-12-21,True,False,min,por,106,113,23,29,28,26,0,27,34,22,30,0,home,7.0,227.5,230.0,-280.0,1.0,110.5,2.0,0,True,1486.8827668825033,1225.5868841802321,1494.9403875488301,1217.5292635139053,261.29588270227123,0.8889229329659709
2020,2019-12-21,True,False,mil,ny,123,102,37,31,27,28,0,23,31,16,32,0,away,13.0,227.0,-1200.0,750.0,3.0,116.5,1.0,0,False,1237.3481459890097,1921.5981866453285,1232.7966928614574,1926.1496397728808,-684.2500406563188,0.03346512320556906
2020,2019-12-21,True,False,utah,cha,114,107,31,25,28,30,0,33,31,22,21,0,away,7.0,208.0,-300.0,240.0,6.5,108.0,2.0,1,False,1395.0342462260653,1564.6422134979866,1358.331293677706,1601.3451660463459,-169.60796727192132,0.40114520929924896
2020,2019-12-21,True,False,wsh,phi,108,125,25,28,27,28,0,32,33,23,37,0,home,12.5,227.0,700.0,-1100.0,4.0,110.0,1.0,1,True,1542.4703544066265,1338.4989993632757,1558.1113538506402,1322.857999919262,203.97135504335074,0.8519275462231053
2020,2019-12-21,True,False,chi,det,119,107,25,28,40,26,0,28,31,30,18,0,away,1.5,209.0,-125.0,105.0,2.5,102.5,1.0,1,False,1397.867851946493,1333.8206897755902,1321.504101014528,1410.184440707555,64.04716217090277,0.7199737441874564
2020,2019-12-21,True,False,atl,bkn,112,122,34,39,25,14,0,34,26,25,37,0,home,7.5,231.5,270.0,-340.0,7.5,113.5,1.0,1,True,1545.6410984702106,1156.5807010054236,1549.9330051455927,1152.2887943300416,389.060397464787,0.9434947876238728
2020,2019-12-21,True,False,sac,mem,115,119,21,29,28,37,0,23,37,31,28,0,away,2.0,221.5,-135.0,115.0,4.0,108.0,0.0,1,True,1389.5373408837802,1439.564582581155,1419.8870146916627,1409.2149087732726,-50.02724169737485,0.5714247138789498
2020,2019-12-22,True,False,dal,tor,107,110,17,34,35,21,0,20,22,21,47,0,home,1.5,218.0,105.0,-125.0,3.5,107.0,1.0,0,True,1651.9478662417403,1755.5065991823458,1682.758722782786,1724.6957426413,-103.55873294060552,0.4948787507124079
2020,2019-12-22,True,False,cha,bos,93,119,37,19,21,16,0,30,29,25,35,0,home,12.0,210.0,650.0,-1000.0,6.5,103.0,1.0,1,True,1751.2654549243948,1358.331293677706,1757.0255996761343,1352.5711489259666,392.93416124668875,0.944671919560759
2020,2019-12-22,True,False,ind,mil,89,117,22,33,18,16,0,21,38,24,34,0,home,8.5,220.5,310.0,-410.0,4.5,109.0,1.0,0,True,1926.1496397728808,1727.5973163583142,1944.9456610923592,1708.8012950388359,198.55232341456667,0.8479491059616211
2020,2019-12-22,True,False,lac,okc,112,118,33,30,26,23,0,27,30,29,32,0,home,1.0,223.5,100.0,-120.0,2.0,109.5,1.0,1,True,1622.327678007827,1768.479023166289,1670.7911261943034,1720.0155749798125,-146.15134515846194,0.43397077980562504
2020,2019-12-22,True,False,den,lal,128,104,23,32,36,37,0,28,25,25,26,0,home,2.5,208.0,120.0,-140.0,0.0,101.0,0.0,1,False,1843.5874065686573,1675.6889398705189,1743.6883667344982,1775.587979704678,167.89846669813846,0.8237766974529757
2020,2019-12-23,True,False,hou,sac,113,104,37,28,32,16,0,21,36,22,25,0,away,6.0,230.0,-270.0,220.0,1.0,111.0,1.0,0,False,1409.2149087732726,1753.353383015871,1389.2596756438506,1773.308616145293,-344.1384742425985,0.19696471893638434
2020,2019-12-23,True,False,sa,mem,145,115,46,26,36,37,0,31,30,28,26,0,away,1.0,228.5,-115.0,-105.0,2.5,117.0,1.0,1,False,1419.8870146916627,1385.4744846415022,1319.9277948826793,1485.4337044504855,34.41253005016051,0.684329530522266
2020,2019-12-23,True,False,min,gs,104,113,22,21,24,37,0,22,35,27,29,0,home,1.0,222.0,-105.0,-115.0,3.5,107.0,1.0,0,True,1149.2618202662932,1217.5292635139053,1195.304837994619,1171.4862457855795,-68.26744324761216,0.5455402606912394
2020,2019-12-23,True,False,no,por,102,94,31,23,28,20,0,31,25,21,17,0,home,6.0,229.5,200.0,-250.0,3.0,112.0,0.0,0,False,1494.9403875488301,1237.3673023027848,1426.7670892557696,1305.5406005958453,257.57308524604537,0.886789240949644
2020,2019-12-23,True,False,den,phx,113,111,34,22,26,31,0,22,27,32,30,0,away,2.5,218.5,-140.0,120.0,0.0,107.0,0.0,1,False,1317.4156340330555,1775.587979704678,1311.959864353793,1781.0437493839406,-458.17234567162245,0.1128648993978673
2020,2019-12-23,True,False,atl,cle,118,121,32,32,30,24,0,42,29,23,27,0,away,2.0,229.5,-130.0,110.0,3.0,112.0,0.0,1,True,1277.747203122202,1152.2887943300416,1289.3740838788356,1140.6619135734081,125.45840879216053,0.7854717275163123
2020,2019-12-23,True,False,tor,ind,115,120,19,25,35,28,8,30,24,24,29,13,home,5.0,210.5,195.0,-245.0,0.5,101.5,2.0,1,True,1708.8012950388359,1682.758722782786,1733.8630194013858,1657.696998420236,26.04257225604988,0.6738300514643208
2020,2019-12-23,True,False,chi,orl,95,103,28,26,27,14,0,28,23,32,20,0,home,5.0,205.5,170.0,-200.0,4.5,101.0,1.0,0,True,1411.2395788294386,1410.184440707555,1445.8656301437632,1375.5583893932305,1.0551381218836013,0.6414631136085811
2020,2019-12-23,True,False,phi,det,125,109,30,30,34,31,0,23,29,34,23,0,away,6.5,215.0,-275.0,225.0,1.0,109.5,1.0,1,False,1321.504101014528,1558.1113538506402,1282.4916127003387,1597.1238421648295,-236.60725283611214,0.31294765131126356
2020,2019-12-23,True,False,utah,mia,104,107,28,24,29,23,0,32,21,23,31,0,home,4.5,213.5,160.0,-190.0,2.5,111.0,0.0,0,True,1696.6662476150825,1601.3451660463459,1710.3213114773614,1587.690102184067,95.32108156873664,0.7547962831704849
2020,2019-12-23,True,False,wsh,ny,121,115,32,31,31,27,0,37,27,27,24,0,home,3.5,227.5,145.0,-170.0,2.5,110.5,0.0,1,False,1232.7966928614574,1322.857999919262,1188.7623860688864,1366.892306711833,-90.0613070578047,0.5142990288205295
2020,2019-12-25,True,False,lac,lal,111,106,31,20,35,25,0,33,30,23,20,0,home,2.5,223.0,120.0,-140.0,4.5,109.5,0.0,0,False,1743.6883667344982,1720.0155749798125,1692.0252828036791,1771.6786589106316,23.672791754685704,0.6708247886351606
2020,2019-12-25,True,False,no,den,112,100,29,29,26,28,0,26,29,25,20,0,home,9.0,216.0,375.0,-500.0,7.5,106.0,0.0,0,False,1781.0437493839406,1305.5406005958453,1707.2433040681383,1379.3410459116476,475.50314878809536,0.9648674413630728
2020,2019-12-25,True,False,mil,phi,109,121,30,18,25,36,0,38,31,31,21,0,away,3.0,221.0,-150.0,130.0,7.5,113.5,0.0,1,True,1597.1238421648295,1944.9456610923592,1688.1286726630863,1853.9408305941024,-347.82181892752965,0.19363257749461335
2020,2019-12-25,True,False,bos,tor,118,102,28,27,33,30,0,19,28,22,33,0,away,4.0,213.5,-185.0,155.0,1.0,110.5,1.0,1,False,1657.696998420236,1757.0255996761343,1595.2458546178252,1819.4767434785451,-99.32860125589832,0.5009662192595384
2020,2019-12-25,True,False,hou,gs,104,116,29,39,19,17,0,28,36,28,24,0,away,11.5,230.0,-800.0,550.0,6.0,113.0,0.0,0,True,1195.304837994619,1773.308616145293,1301.391624749897,1667.221829390015,-578.003778150674,0.05999573506847264
2020,2019-12-26,True,False,ny,bkn,94,82,24,22,33,15,0,15,26,20,21,0,home,7.0,226.0,270.0,-340.0,7.5,110.5,0.0,0,False,1549.9330051455927,1188.7623860688864,1472.4679882907337,1266.2274029237453,361.1706190767063,0.9343007870380287
2020,2019-12-26,True,False,wsh,det,102,132,23,25,28,26,0,31,37,38,26,0,home,6.5,228.0,230.0,-280.0,2.5,110.5,1.0,1,True,1282.4916127003387,1366.892306711833,1354.649636043486,1294.7342833686857,-84.40069401149435,0.5224341331736274
2020,2019-12-26,True,False,mem,okc,110,97,23,26,37,24,0,18,29,27,23,0,home,6.0,224.0,215.0,-265.0,5.0,114.5,0.0,0,False,1670.7911261943034,1319.9277948826793,1590.801049802547,1399.9178712744358,350.86333131162405,0.9305635202478679
2020,2019-12-26,True,False,min,sac,105,104,21,29,21,19,15,26,22,31,11,14,home,7.0,220.0,240.0,-300.0,5.0,106.5,0.0,0,False,1389.2596756438506,1171.4862457855795,1367.6795555004014,1193.0663659290287,217.77342985827113,0.8616724642748081
2020,2019-12-26,True,False,por,utah,115,121,22,30,24,39,0,37,25,34,25,0,home,5.5,222.0,190.0,-240.0,0.0,108.5,1.0,1,True,1587.690102184067,1426.7670892557696,1601.122379483981,1413.3348119558557,160.92301292829734,0.8178716263268789
2020,2019-12-26,True,False,sa,dal,98,102,24,23,27,24,0,20,32,27,23,0,home,8.0,226.5,280.0,-360.0,3.5,116.0,0.0,0,True,1724.6957426413,1485.4337044504855,1731.7947507521424,1478.3346963396432,239.26203819081456,0.8757678747710026
2020,2019-12-27,True,False,phx,gs,96,105,29,22,27,18,0,25,18,23,39,0,away,3.5,225.0,-170.0,145.0,0.0,114.5,0.0,0,True,1301.391624749897,1311.959864353793,1339.2897012301878,1274.061787873502,-10.568239603896018,0.6259335115877793
2020,2019-12-27,True,False,ind,mia,112,113,27,28,27,30,0,25,33,26,29,0,home,5.0,211.5,175.0,-210.0,3.0,104.0,0.0,1,True,1710.3213114773614,1733.8630194013858,1722.2678743070692,1721.916456571678,-23.541707924024422,0.6082898420434598
2020,2019-12-27,True,False,mil,atl,112,86,32,31,21,28,0,19,21,23,23,0,away,7.5,235.5,-350.0,275.0,0.5,117.0,1.0,0,False,1140.6619135734081,1853.9408305941024,1136.5344716972095,1858.068272470301,-713.2789170206943,0.02846181440407758
2020,2019-12-27,True,False,phi,orl,97,98,21,26,21,29,0,19,27,25,27,0,away,4.0,210.0,-185.0,155.0,2.5,107.5,0.0,0,True,1445.8656301437632,1688.1286726630863,1467.031864186265,1666.9624386205844,-242.2630425193231,0.30599043437698775
2020,2019-12-27,True,False,cle,bos,117,129,22,25,34,36,0,33,29,30,37,0,home,14.0,215.5,800.0,-1400.0,4.0,110.0,0.0,1,True,1819.4767434785451,1289.3740838788356,1821.387285414759,1287.4635419426218,530.1026595997096,0.9740972619509515
2020,2019-12-27,True,False,okc,cha,104,102,26,27,19,22,10,18,25,22,29,8,away,1.0,208.0,-115.0,-105.0,3.0,101.0,1.0,0,False,1352.5711489259666,1590.801049802547,1337.540502929664,1605.8316957988495,-238.22990087658036,0.31094280880400427
2020,2019-12-28,True,False,dal,gs,141,121,41,31,45,24,0,41,33,24,23,0,away,11.0,218.0,-700.0,500.0,8.0,108.0,1.0,1,False,1339.2897012301878,1731.7947507521424,1318.3125705702446,1752.7718814120856,-392.50504952195456,0.1565936790732476
2020,2019-12-28,True,False,lal,por,128,120,34,37,32,25,0,32,32,31,25,0,away,5.0,223.0,-240.0,190.0,0.5,108.5,1.0,1,False,1413.3348119558557,1692.0252828036791,1387.8746187592546,1717.4854760002802,-278.69047084782346,0.2633507564209538
2020,2019-12-28,True,False,phx,sac,112,110,31,28,22,31,0,30,19,28,33,0,home,2.5,217.0,120.0,-140.0,4.5,111.0,0.0,1,False,1367.6795555004014,1274.061787873502,1334.397257331091,1307.3440860428125,93.61776762689942,0.7529770428825796
2020,2019-12-28,True,False,atl,chi,81,116,19,24,22,16,0,35,29,19,33,0,home,9.5,217.0,425.0,-600.0,0.5,105.0,1.0,0,True,1375.5583893932305,1136.5344716972095,1391.386821822365,1120.706039268075,239.02391769602104,0.8756186643748972
2020,2019-12-28,True,False,utah,lac,120,107,22,39,32,27,0,32,31,29,15,0,home,7.5,221.5,280.0,-360.0,4.0,115.0,0.0,1,False,1771.6786589106316,1601.122379483981,1689.7412414189882,1683.0597969756243,170.5562794266507,0.8259867288813408
2020,2019-12-28,True,False,orl,mil,100,111,25,21,28,26,0,37,19,22,33,0,home,6.0,216.5,220.0,-270.0,0.0,106.0,1.0,0,True,1858.068272470301,1467.031864186265,1862.4621746750602,1462.637961981506,391.03640828403604,0.944098156639728
2020,2019-12-28,True,False,det,sa,109,136,28,27,25,29,0,30,29,42,35,0,home,5.0,222.5,180.0,-220.0,1.5,108.0,1.0,1,True,1478.3346963396432,1354.649636043486,1506.5511689181615,1326.4331634649677,123.68506029615719,0.7837465708176725
2020,2019-12-28,True,False,bkn,hou,98,108,20,34,25,19,0,42,21,25,20,0,home,9.0,234.5,375.0,-500.0,2.5,119.5,1.0,0,True,1667.221829390015,1472.4679882907337,1680.9001341567248,1458.789683524024,194.75384109928132,0.8451084151594939
2020,2019-12-28,True,False,cle,min,94,88,27,22,18,27,0,21,22,17,28,0,home,6.5,217.0,230.0,-280.0,5.0,111.5,0.0,0,False,1193.0663659290287,1287.4635419426218,1149.566038474217,1330.9638693974334,-94.39717601359303,0.5080624129902054
2020,2019-12-28,True,False,mem,den,110,119,11,28,29,42,0,26,24,32,37,0,home,9.0,218.5,375.0,-500.0,2.5,112.0,2.0,1,True,1707.2433040681383,1399.9178712744358,1714.0230233529066,1393.1381519896674,307.3254327937025,0.9125163172318049
2020,2019-12-28,True,False,ind,no,98,120,32,13,23,30,0,19,29,38,34,0,home,1.5,218.0,105.0,-125.0,0.5,105.5,1.0,2,True,1379.3410459116476,1721.916456571678,1489.9323171045735,1611.3251853787522,-342.57541066003046,0.19839176583759344
2020,2019-12-28,True,False,phi,mia,116,117,33,26,20,29,8,28,26,31,23,9,home,1.5,212.5,100.0,-120.0,1.0,110.0,0.0,1,True,1722.2678743070692,1666.9624386205844,1730.6570941732957,1658.5732187543579,55.30543568648477,0.7097169923484454
2020,2019-12-28,True,False,ny,wsh,107,100,33,26,27,21,0,23,35,20,22,0,away,3.0,228.5,-160.0,140.0,3.0,111.5,1.0,0,False,1294.7342833686857,1266.2274029237453,1234.5140496503454,1326.4476366420856,28.506880444940407,0.676940107146626
2020,2019-12-28,True,False,tor,bos,113,97,36,23,30,24,0,25,29,25,18,0,home,7.5,216.0,260.0,-330.0,7.0,107.5,0.0,0,False,1821.387285414759,1595.2458546178252,1733.2076999963256,1683.4254400362586,226.14143079693372,0.8673146153262206
2020,2019-12-29,True,False,cha,mem,104,117,20,26,29,29,0,31,25,30,31,0,home,2.5,219.5,125.0,-145.0,1.5,107.0,1.0,1,True,1393.1381519896674,1337.540502929664,1425.0319399477023,1305.646714971629,55.597649060003505,0.7100634174256789
2020,2019-12-29,True,False,okc,tor,98,97,22,25,29,22,0,20,27,33,17,0,home,4.5,209.5,160.0,-190.0,3.5,103.0,0.0,0,False,1683.4254400362586,1605.8316957988495,1662.611222792396,1626.6459130427122,77.59374423740906,0.7354226596076383
2020,2019-12-29,True,False,dal,lal,95,108,19,24,26,26,0,25,29,30,24,0,home,5.0,224.5,175.0,-210.0,0.5,109.5,1.0,0,True,1717.4854760002802,1752.7718814120856,1764.8539260096857,1705.40343140268,-35.28640541180539,0.592068095698061
2020,2019-12-29,True,False,hou,no,112,127,37,27,29,19,0,36,28,22,41,0,home,5.0,223.5,180.0,-220.0,4.0,109.0,1.0,1,True,1489.9323171045735,1680.9001341567248,1566.5446749664218,1604.2877762948765,-190.9678170521513,0.3719984729653455
2020,2019-12-29,True,False,sac,den,115,120,32,25,24,34,0,31,31,26,32,0,home,7.5,208.0,275.0,-350.0,3.0,101.5,0.0,1,True,1714.0230233529066,1334.397257331091,1717.4214563614664,1330.9988243225312,379.6257660218157,0.9405286735388746
2020,2019-12-30,True,False,bkn,min,115,122,29,21,30,23,12,27,22,25,29,19,away,4.5,216.5,-200.0,170.0,3.0,111.0,0.0,1,True,1149.566038474217,1458.789683524024,1219.9538814511611,1388.40184054708,-309.2236450498069,0.23069551513857373
2020,2019-12-30,True,False,mil,chi,123,102,31,24,40,28,0,20,32,25,25,0,away,8.5,220.0,-450.0,350.0,5.0,113.0,1.0,1,False,1391.386821822365,1862.4621746750602,1377.0192923372044,1876.8297041602207,-471.07535285269523,0.10563904118224153
2020,2019-12-30,True,False,phx,por,122,116,19,36,28,39,0,38,26,25,27,0,home,4.0,232.5,145.0,-170.0,1.0,120.0,0.0,1,False,1387.8746187592546,1307.3440860428125,1329.340929274761,1365.877775527306,80.53053271644217,0.7386989522059393
2020,2019-12-30,True,False,det,utah,81,104,21,19,18,23,0,19,20,29,36,0,home,9.5,217.5,375.0,-500.0,7.0,106.5,1.0,0,True,1683.0597969756243,1326.4331634649677,1689.999137309662,1319.49382313093,356.6266335106566,0.9326768231962007
2020,2019-12-30,True,False,atl,orl,101,93,25,22,27,27,0,21,36,15,21,0,home,10.5,209.5,500.0,-700.0,3.5,101.5,0.0,0,False,1462.637961981506,1120.706039268075,1395.8413232314224,1187.5026780181586,341.9319227134308,0.9271670062280022
2020,2019-12-30,True,False,mia,wsh,105,123,39,24,18,24,0,29,42,19,33,0,away,11.0,224.5,-750.0,525.0,11.0,109.5,0.0,1,True,1234.5140496503454,1730.6570941732957,1352.0517173385485,1613.1194264850926,-496.1430445229503,0.09276074383664781
2020,2019-12-31,True,False,dal,okc,101,106,32,19,27,23,0,20,30,27,29,0,away,2.5,217.0,-145.0,125.0,1.0,106.0,0.0,0,True,1626.6459130427122,1705.40343140268,1663.657529557686,1668.3918148877062,-78.75751835996789,0.530532352662577
2020,2019-12-31,True,False,lac,sac,105,87,28,29,31,17,0,23,17,33,14,0,away,6.5,220.0,-280.0,230.0,2.0,107.0,1.0,0,False,1330.9988243225312,1689.7412414189882,1307.1599165785603,1713.580149162959,-358.7424170964571,0.1840056328730222
2020,2019-12-31,True,False,cle,tor,97,117,25,18,26,28,0,27,32,27,31,0,home,8.0,217.5,350.0,-450.0,1.0,111.5,1.0,0,True,1662.611222792396,1330.9638693974334,1670.350444704269,1323.2246474855604,331.64735339496247,0.9230666445970324
2020,2019-12-31,True,False,bos,cha,109,92,24,26,30,29,0,18,25,30,19,0,away,7.5,210.5,-400.0,300.0,2.5,108.0,1.0,0,False,1305.646714971629,1733.2076999963256,1288.8915077361994,1749.9629072317553,-427.5609850246965,0.13174781527714577
2020,2019-12-31,True,False,gs,sa,113,117,32,23,20,25,13,25,28,24,23,17,home,11.0,217.0,525.0,-750.0,9.0,106.5,0.0,1,True,1506.5511689181615,1318.3125705702446,1516.0786031530854,1308.7851363353207,188.23859834791688,0.8401352505275861
2020,2019-12-31,True,False,phi,ind,97,115,27,16,23,31,0,29,38,29,19,0,home,3.5,212.5,135.0,-155.0,4.5,108.0,1.0,0,True,1611.3251853787522,1658.5732187543579,1666.3423857857729,1603.5560183473372,-47.2480333756057,0.5753381451649705
2020,2019-12-31,True,False,den,hou,104,130,26,26,37,15,0,38,31,23,38,0,home,6.5,225.0,230.0,-280.0,2.5,109.0,1.0,1,True,1604.2877762948765,1717.4214563614664,1679.5358287846418,1642.173403871701,-113.13368006658993,0.48110811285257893
2020,2020-01-01,True,False,orl,wsh,122,101,31,31,32,28,0,29,29,25,18,0,away,3.5,222.5,-170.0,145.0,0.0,109.0,1.0,1,False,1352.0517173385485,1395.8413232314224,1273.1418225101525,1474.7512180598185,-43.78960589287385,0.5801947814391514
2020,2020-01-01,True,False,por,ny,93,117,27,21,29,16,0,25,26,32,34,0,away,4.0,226.0,-180.0,150.0,4.0,110.0,0.0,0,True,1326.4476366420856,1329.340929274761,1377.970123733265,1277.8184421835817,-2.8932926326754114,0.6362190778960651
2020,2020-01-01,True,False,min,mil,104,106,23,28,20,33,0,19,33,25,29,0,home,18.0,221.0,1500.0,-5000.0,11.5,108.0,0.0,0,True,1876.8297041602207,1219.9538814511611,1877.1989251011953,1219.5846605101865,656.8758227090595,0.9873445044210244
2020,2020-01-01,True,False,phx,lal,107,117,17,24,38,28,0,43,31,27,16,0,home,11.0,225.5,525.0,-750.0,2.0,114.0,0.0,0,True,1764.8539260096857,1365.877775527306,1768.8916380928013,1361.8400634441905,398.9761504823796,0.9464619227188774
2020,2020-01-02,True,False,det,lac,112,126,33,30,16,33,0,30,39,37,20,0,home,12.5,223.0,650.0,-1000.0,6.5,109.5,1.0,1,True,1713.580149162959,1319.49382313093,1718.2795639643375,1314.7944083295515,394.0863260320291,0.9450175534858011
2020,2020-01-02,True,False,okc,sa,109,103,27,19,28,35,0,27,28,21,27,0,home,2.5,216.5,115.0,-135.0,1.5,106.0,0.0,0,False,1516.0786031530854,1663.657529557686,1479.0947449329599,1700.6413877778116,-147.57892640460068,0.43195325985818944
2020,2020-01-02,True,False,mem,sac,123,128,42,18,37,26,0,26,37,27,38,0,home,4.5,224.5,170.0,-200.0,2.0,115.0,1.0,1,True,1307.1599165785603,1425.0319399477023,1348.604529523124,1383.5873270031386,-117.87202336914197,0.4743027523258106
2020,2020-01-02,True,False,utah,chi,102,98,25,22,29,26,0,22,29,19,28,0,away,3.5,208.0,-170.0,145.0,2.5,107.5,1.0,0,False,1377.0192923372044,1689.999137309662,1360.9526933437887,1706.0657363030778,-312.9798449724576,0.2268804371402155
2020,2020-01-02,True,False,den,ind,124,116,27,35,30,32,0,37,27,24,28,0,away,1.0,208.0,-115.0,-105.0,0.5,102.5,1.0,1,False,1666.3423857857729,1642.173403871701,1602.959420782003,1705.556368875471,24.168981914071765,0.6714552056446942
2020,2020-01-02,True,False,tor,mia,76,84,20,19,21,16,0,18,24,21,21,0,home,5.5,214.0,180.0,-220.0,2.5,104.0,1.0,0,True,1613.1194264850926,1670.350444704269,1655.5377662407025,1627.9321049486591,-57.23101821917635,0.561240491205219
2020,2020-01-02,True,False,cha,cle,109,106,31,21,30,27,0,29,30,26,21,0,home,2.0,212.0,110.0,-130.0,1.5,104.0,0.0,1,False,1323.2246474855604,1288.8915077361994,1282.8740181955618,1329.242137026198,34.33313974936095,0.6842307982888716
2020,2020-01-02,True,False,gs,min,84,99,19,22,26,17,0,34,24,23,18,0,home,3.0,211.5,130.0,-150.0,3.5,102.5,1.0,0,True,1219.5846605101865,1308.7851363353207,1278.6862222567352,1249.683574588772,-89.20047582513416,0.5155367611333034
2020,2020-01-02,True,False,bkn,dal,111,123,30,35,28,18,0,31,29,33,30,0,home,8.0,223.0,280.0,-360.0,7.5,114.5,1.0,1,True,1668.3918148877062,1388.40184054708,1677.2871810030354,1379.5064744317508,279.9899743406263,0.8991121367067123
2020,2020-01-03,True,False,phi,hou,108,118,27,26,31,24,0,20,40,36,22,0,home,4.5,227.5,160.0,-190.0,0.0,116.0,1.0,0,True,1679.5358287846418,1603.5560183473372,1705.6571457217206,1577.4347014102584,75.97981043730465,0.7336109905408582
2020,2020-01-03,True,False,no,lal,113,123,30,32,21,30,0,42,32,31,18,0,home,10.0,225.5,425.0,-600.0,2.0,111.5,2.0,1,True,1768.8916380928013,1566.5446749664218,1781.9890236020503,1553.4472894571727,202.34696312637948,0.8507440910730308
2020,2020-01-03,True,False,ny,phx,112,120,37,24,26,25,0,29,22,32,37,0,home,7.0,224.5,240.0,-300.0,6.0,109.0,1.0,1,True,1361.8400634441905,1377.970123733265,1398.7316215001856,1341.0785656772698,-16.130060289074436,0.618407462796045
2020,2020-01-03,True,False,mia,orl,85,105,22,22,35,6,0,27,29,28,21,0,home,1.0,206.5,100.0,-120.0,3.5,100.5,1.0,0,True,1474.7512180598185,1655.5377662407025,1557.03020078416,1573.258783516361,-180.78654818088398,0.3857897524654257
2020,2020-01-03,True,False,por,wsh,122,103,27,39,25,31,0,31,27,20,25,0,away,7.5,232.5,-340.0,270.0,2.0,113.0,1.0,0,False,1273.1418225101525,1277.8184421835817,1189.5939855790002,1361.366279114734,-4.676619673429286,0.6338398435903441
2020,2020-01-03,True,False,atl,bos,106,109,32,23,25,26,0,19,34,29,27,0,home,10.5,224.5,450.0,-650.0,8.0,110.5,0.0,0,True,1749.9629072317553,1187.5026780181586,1750.8059836282184,1186.6596016216954,562.4602292135967,0.9784042759701537
2020,2020-01-04,True,False,ind,atl,111,116,26,34,35,16,0,43,21,32,20,0,away,7.0,220.5,-320.0,255.0,6.0,108.5,0.0,1,True,1186.6596016216954,1602.959420782003,1254.511676241641,1535.1073461620574,-416.2998191603076,0.13934173002409397
2020,2020-01-04,True,False,mem,lac,140,114,40,25,39,36,0,27,30,23,34,0,home,10.0,231.0,450.0,-650.0,10.5,121.0,0.0,1,False,1718.2795639643375,1383.5873270031386,1617.8523937100292,1484.014497257447,334.6922369611989,0.9243021780059582
2020,2020-01-04,True,False,utah,orl,109,96,33,19,24,33,0,25,22,28,21,0,away,4.0,206.5,-170.0,145.0,0.5,106.0,1.0,0,False,1557.03020078416,1706.0657363030778,1507.1111915241486,1755.984745563089,-149.03553551891787,0.42989704126394535
2020,2020-01-04,True,False,okc,cle,121,106,34,32,25,30,0,27,26,26,27,0,away,6.5,214.0,-300.0,240.0,0.5,104.0,1.0,1,False,1282.8740181955618,1700.6413877778116,1265.9983948384227,1717.5170111349507,-417.7673695822498,0.13833169391621855
2020,2020-01-04,True,False,sa,mil,118,127,31,35,25,27,0,29,42,32,24,0,home,12.0,228.0,600.0,-900.0,5.5,117.5,0.0,1,True,1877.1989251011953,1479.0947449329599,1881.0970391414498,1475.1966308927053,398.1041801682354,0.9462070069237846
2020,2020-01-04,True,False,tor,bkn,121,102,24,24,35,38,0,33,19,28,22,0,home,2.0,216.5,110.0,-130.0,0.5,106.0,0.0,1,False,1379.5064744317508,1627.9321049486591,1340.159302459323,1667.2792769210869,-248.4256305169083,0.2985092881492271
2020,2020-01-04,True,False,den,wsh,114,128,19,36,35,24,0,31,30,34,33,0,away,13.0,221.0,-1000.0,650.0,11.5,108.5,0.0,1,True,1189.5939855790002,1705.556368875471,1298.7874733330314,1596.3628811214398,-515.9623832964708,0.08359520986061768
2020,2020-01-04,True,False,cha,dal,123,120,32,25,23,23,20,20,24,40,19,17,home,11.5,217.5,550.0,-800.0,10.5,107.0,0.0,1,False,1677.2871810030354,1329.242137026198,1635.228387296569,1371.3009307326643,348.0450439768374,0.9295078959775864
2020,2020-01-04,True,False,det,gs,111,104,25,31,27,28,0,23,36,21,24,0,away,3.0,213.5,-150.0,130.0,2.0,104.0,1.0,1,False,1249.683574588772,1314.7944083295515,1199.3572964838086,1365.120686434515,-65.11083374077953,0.5500414533971927
2020,2020-01-04,True,False,no,sac,117,115,25,27,24,41,0,26,22,32,35,0,home,2.5,225.5,120.0,-140.0,2.0,109.5,0.0,1,False,1348.604529523124,1553.4472894571727,1331.5148770822952,1570.5369418980015,-204.84275993404867,0.35353800047866735
2020,2020-01-04,True,False,bos,chi,111,104,30,25,30,26,0,28,24,21,31,0,home,1.0,208.0,-105.0,-115.0,0.0,107.5,0.0,1,False,1360.9526933437887,1750.8059836282184,1346.4396600938096,1765.3190168781975,-389.8532902844297,0.15862031134849616
2020,2020-01-05,True,False,det,lal,99,106,22,25,32,20,0,23,33,19,31,0,home,14.5,220.0,1000.0,-2000.0,5.5,107.5,0.0,0,True,1781.9890236020503,1365.120686434515,1785.1243572800163,1361.985352756549,416.8683371675354,0.9514472458358364
2020,2020-01-05,True,False,min,cle,118,103,24,42,28,24,0,20,28,31,24,0,away,6.0,217.5,-260.0,210.0,2.5,107.0,1.0,1,False,1265.9983948384227,1278.6862222567352,1189.987369874436,1354.697247220722,-12.687827418312509,0.6230723225479035
2020,2020-01-05,True,False,mem,phx,121,114,27,35,34,25,0,31,26,20,37,0,home,7.0,236.0,240.0,-300.0,6.5,121.5,0.0,0,False,1398.7316215001856,1484.014497257447,1351.0472251631259,1531.6988935945067,-85.28287575726131,0.5211669857822723
2020,2020-01-05,True,False,ny,lac,132,135,45,24,31,32,0,29,47,38,21,0,home,9.5,221.0,400.0,-550.0,4.0,109.0,0.0,1,True,1617.8523937100292,1341.0785656772698,1622.7530640751302,1336.1778953121689,276.7738280327594,0.8974203223575034
2020,2020-01-05,True,False,por,mia,111,122,19,27,35,30,0,31,34,29,28,0,home,5.0,215.5,185.0,-230.0,2.5,104.5,1.0,1,True,1573.258783516361,1361.366279114734,1586.1070924031355,1348.5179702279595,211.8925044016271,0.8575877612998304
2020,2020-01-06,True,False,utah,no,128,126,35,33,27,33,0,36,28,33,29,0,away,4.0,221.0,-180.0,150.0,1.5,114.5,0.0,1,False,1570.5369418980015,1755.984745563089,1552.1946597284095,1774.327027732681,-185.44780366508758,0.37945147128683243
2020,2020-01-06,True,False,mil,sa,104,126,22,30,29,23,0,27,38,26,35,0,away,8.0,228.5,-400.0,300.0,10.0,118.0,0.0,1,True,1475.1966308927053,1881.0970391414498,1592.9225450597562,1763.371124974399,-405.9004082487445,0.14667711879379183
2020,2020-01-06,True,False,chi,dal,110,118,27,28,27,28,0,33,28,27,30,0,home,8.0,217.5,300.0,-400.0,3.0,106.5,2.0,1,True,1635.228387296569,1346.4396600938096,1642.458695350365,1339.2093520400138,288.78872720275945,0.9036145664476037
2020,2020-01-06,True,False,den,atl,123,115,29,35,27,32,0,31,25,30,29,0,away,7.5,224.0,-330.0,260.0,1.5,108.5,1.0,1,False,1254.511676241641,1596.3628811214398,1235.2674040775596,1615.6071532855212,-341.85120487979884,0.19905558422306704
2020,2020-01-06,True,False,ind,cha,115,104,27,15,37,36,0,29,15,21,39,0,away,6.5,209.0,-265.0,215.0,5.5,103.0,1.0,1,False,1371.3009307326643,1535.1073461620574,1326.5613637490007,1579.846913145721,-163.80641542939316,0.4091937782147894
2020,2020-01-06,True,False,bos,wsh,94,99,17,23,32,22,0,26,25,23,25,0,away,8.5,225.0,-440.0,340.0,9.5,115.0,0.0,0,True,1298.7874733330314,1765.3190168781975,1369.0997362948174,1695.0067539164115,-466.5315435451662,0.10813588327639909
2020,2020-01-06,True,False,bkn,orl,89,101,22,17,32,18,0,20,32,23,26,0,home,5.0,212.5,180.0,-220.0,1.5,108.5,1.0,0,True,1507.1111915241486,1340.159302459323,1524.2306625110486,1323.039831472423,166.95188906482554,0.822984286309965
2020,2020-01-06,True,False,okc,phi,113,120,31,21,34,27,0,31,31,28,30,0,home,8.0,210.5,270.0,-340.0,1.0,102.0,0.0,1,True,1577.4347014102584,1717.5170111349507,1628.4368630211322,1666.514849524077,-140.08230972469232,0.4425714724952636
2020,2020-01-06,True,False,gs,sac,98,111,19,21,24,34,0,26,26,38,21,0,home,10.0,213.0,425.0,-600.0,2.5,104.0,1.0,0,True,1331.5148770822952,1199.3572964838086,1352.858597168763,1178.0135763973408,132.15758059848667,0.7918983640751405
2020,2020-01-07,True,False,sac,phx,114,103,26,27,25,36,0,29,24,34,16,0,home,6.5,226.0,230.0,-280.0,4.5,110.0,0.0,0,False,1351.0472251631259,1352.858597168763,1281.3281769577072,1422.5776453741817,-1.8113720056371676,0.6376592951633036
2020,2020-01-07,True,False,det,cle,115,113,27,27,30,31,0,29,38,28,18,0,away,3.5,219.5,-170.0,145.0,6.0,107.5,0.0,1,False,1189.987369874436,1361.985352756549,1170.755979067986,1381.216743562999,-171.9979828821131,0.3978446885141259
2020,2020-01-07,True,False,por,tor,101,99,15,31,23,32,0,24,32,22,21,0,home,2.5,221.0,120.0,-140.0,2.5,107.0,0.0,0,False,1667.2792769210869,1348.5179702279595,1633.6436965340456,1382.1535506150008,318.7613066931274,0.9176308230791341
2020,2020-01-07,True,False,okc,bkn,111,103,27,22,25,27,10,23,25,29,24,2,home,1.0,217.0,100.0,-120.0,0.0,105.5,0.0,0,False,1323.039831472423,1666.514849524077,1303.939231426138,1685.615449570362,-343.47501805165393,0.19756949334362495
2020,2020-01-07,True,False,min,mem,112,119,32,24,28,28,0,27,24,31,37,0,home,4.5,228.5,160.0,-190.0,3.5,111.5,1.0,1,True,1531.6988935945067,1354.697247220722,1544.8164398594558,1341.5797009557728,177.00164637378475,0.8312552450352411
2020,2020-01-07,True,False,ny,lal,87,117,21,24,25,17,0,26,36,23,32,0,home,13.5,222.5,900.0,-1600.0,2.5,107.5,1.0,0,True,1785.1243572800163,1336.1778953121689,1789.3684762453022,1331.933776346883,448.9464619678474,0.9593005501613545
2020,2020-01-08,True,False,mil,gs,107,98,19,28,34,26,0,19,20,33,26,0,away,13.5,217.5,-1500.0,850.0,6.0,111.5,0.0,0,False,1178.0135763973408,1763.371124974399,1172.1725975930826,1769.2121037786571,-585.3575485770582,0.05765238326370738
2020,2020-01-08,True,False,hou,atl,122,115,45,32,22,23,0,29,33,23,30,0,away,8.0,237.0,-360.0,280.0,0.0,114.5,0.0,2,False,1235.2674040775596,1705.6571457217206,1225.5677447133405,1715.3568050859396,-470.38974164416095,0.10601250350811425
2020,2020-01-08,True,False,chi,no,108,123,21,27,27,33,0,23,25,44,31,0,home,3.0,225.0,140.0,-160.0,2.0,109.0,1.0,1,True,1552.1946597284095,1339.2093520400138,1566.4404293630657,1324.9635824053576,212.98530768839578,0.858354321582177
2020,2020-01-08,True,False,den,dal,107,106,27,29,30,21,0,32,27,30,17,0,home,4.0,221.5,155.0,-185.0,1.5,108.5,0.0,0,False,1642.458695350365,1615.6071532855212,1622.414922456296,1635.6509261795902,26.85154206484367,0.6748527087856393
2020,2020-01-08,True,False,mia,ind,122,108,31,31,38,22,0,23,26,23,36,0,home,1.5,210.0,105.0,-125.0,4.5,102.0,0.0,1,False,1579.846913145721,1586.1070924031355,1504.5746210342156,1661.3793845146408,-6.26017925741462,0.631721639033438
2020,2020-01-08,True,False,wsh,orl,89,123,23,29,20,17,0,32,37,28,26,0,home,9.5,218.5,375.0,-500.0,0.5,105.5,1.0,0,True,1524.2306625110486,1369.0997362948174,1549.5754085709682,1343.7549902348978,155.13092621623127,0.8128523598011189
2020,2020-01-08,True,False,tor,cha,112,110,29,31,22,18,12,31,24,26,19,10,away,2.5,207.0,-140.0,120.0,0.0,102.0,0.0,1,False,1326.5613637490007,1633.6436965340456,1315.3036885334589,1644.9013717495875,-307.08233278504485,0.2328903995866151
2020,2020-01-08,True,False,sa,bos,129,114,34,31,34,30,0,22,25,36,31,0,home,7.0,220.5,250.0,-310.0,8.5,113.5,0.0,1,False,1695.0067539164115,1592.9225450597562,1610.66581109751,1677.2634878786578,102.08420885665532,0.761930050287781
2020,2020-01-08,True,False,ny,utah,104,128,29,24,16,35,0,39,33,23,33,0,home,14.0,213.5,850.0,-1500.0,2.0,104.0,1.0,1,True,1774.327027732681,1331.933776346883,1778.4705129868544,1327.7902910927096,442.39325138579807,0.9578019308249917
2020,2020-01-09,True,False,cle,det,115,112,26,24,31,21,13,32,29,22,19,10,home,7.0,221.0,235.0,-290.0,2.0,113.0,0.0,1,False,1381.216743562999,1170.755979067986,1338.0524693723883,1213.9202532585966,210.4607644950131,0.8565782177195276
2020,2020-01-09,True,False,bos,phi,98,109,35,20,25,18,0,26,22,29,32,0,home,0.0,218.0,-110.0,-110.0,2.0,112.0,1.0,0,True,1628.4368630211322,1610.66581109751,1664.6096367525818,1574.4930373660604,17.77105192362228,0.6632798150788283
2020,2020-01-09,True,False,por,min,102,116,34,13,27,28,0,28,31,41,16,0,home,0.0,224.0,-110.0,-110.0,4.0,110.0,1.0,0,True,1341.5797009557728,1382.1535506150008,1391.0648294263683,1332.6684221444052,-40.57384965922802,0.5846967643961691
2020,2020-01-09,True,False,hou,okc,92,113,21,27,19,25,0,37,23,29,24,0,away,3.5,227.5,-170.0,145.0,6.0,110.5,0.0,0,True,1685.615449570362,1715.3568050859396,1740.051219731643,1660.9210349246587,-29.741355515577652,0.5997542533812775
2020,2020-01-10,True,False,sa,mem,121,134,32,25,41,23,0,37,26,37,34,0,home,0.0,231.0,-110.0,-110.0,1.5,118.0,1.0,1,True,1544.8164398594558,1677.2634878786578,1608.282153274546,1613.7977744635675,-132.44704801920193,0.4534402260120764
2020,2020-01-10,True,False,mil,sac,127,106,34,19,37,37,0,18,26,31,31,0,away,9.5,224.0,-500.0,375.0,3.0,113.5,1.0,1,False,1422.5776453741817,1769.2121037786571,1396.0970278372013,1795.6927213156375,-346.6344584044755,0.1947020223212029
2020,2020-01-10,True,False,orl,phx,94,98,25,23,27,19,0,27,31,19,21,0,home,4.0,217.5,145.0,-170.0,1.0,106.5,2.0,0,True,1281.3281769577072,1549.5754085709682,1332.656654977857,1498.2469305508184,-268.24723161326096,0.2751778060978576
2020,2020-01-10,True,False,cha,utah,92,109,13,25,24,30,0,29,32,26,22,0,home,12.0,210.5,600.0,-900.0,0.5,100.5,1.0,0,True,1778.4705129868544,1315.3036885334589,1781.7404671128215,1312.0337344074917,463.1668244533955,0.9623791049343471
2020,2020-01-10,True,False,lal,dal,129,114,45,34,20,30,0,27,31,28,28,0,home,2.5,223.0,115.0,-135.0,7.5,108.0,0.0,1,False,1622.414922456296,1789.3684762453022,1573.0291822064357,1838.7542164951624,-166.95355378900626,0.4048213781199079
2020,2020-01-10,True,False,mia,bkn,113,117,42,27,20,24,0,32,25,32,28,0,away,4.0,217.5,-185.0,155.0,1.0,106.0,0.0,1,True,1303.939231426138,1661.3793845146408,1361.6441948195766,1603.6744211212022,-357.44015308850294,0.18513387150393135
2020,2020-01-10,True,False,no,ny,123,111,33,34,28,28,0,31,30,25,25,0,away,4.0,226.0,-180.0,150.0,1.0,111.0,1.0,1,False,1327.7902910927096,1566.4404293630657,1292.7564466400247,1601.4742738157506,-238.65013827035614,0.31042474006154236
2020,2020-01-10,True,False,gs,lac,100,109,20,33,30,17,0,22,26,25,36,0,home,14.5,218.0,850.0,-1500.0,11.0,107.5,0.0,0,True,1622.7530640751302,1172.1725975930826,1625.5701207041063,1169.3555409641065,450.58046648204754,0.9596662095987046
2020,2020-01-10,True,False,atl,wsh,101,111,21,30,28,22,0,30,26,25,30,0,away,1.0,239.0,-115.0,-105.0,2.0,115.5,0.0,0,True,1343.7549902348978,1225.5677447133405,1364.6704062503925,1204.6523286978459,118.18724552155732,0.7783344751559207
2020,2020-01-10,True,False,ind,chi,116,105,29,25,25,37,0,27,19,26,33,0,home,1.0,213.0,-105.0,-115.0,3.0,103.5,0.0,1,False,1324.9635824053576,1504.5746210342156,1282.6074682559333,1546.9307351836399,-179.61103862885807,0.3873944150069319
2020,2020-01-11,True,False,mil,por,122,101,32,32,33,25,0,24,31,25,21,0,away,7.5,232.0,-350.0,275.0,1.5,118.5,1.0,0,False,1332.6684221444052,1795.6927213156375,1317.6943865733665,1810.6667568866762,-463.0242991712323,0.11009845234611124
2020,2020-01-11,True,False,chi,det,108,99,35,26,20,27,0,20,29,22,28,0,home,4.0,215.5,145.0,-170.0,5.0,105.0,0.0,0,False,1338.0524693723883,1282.6074682559333,1269.909788418648,1350.7501492096735,55.44500111645493,0.7098824806057447
2020,2020-01-11,True,False,min,hou,109,139,20,21,35,33,0,22,35,45,37,0,home,10.0,232.0,400.0,-550.0,0.5,112.5,1.0,1,True,1660.9210349246587,1391.0648294263683,1673.5697420373933,1378.4161223136337,269.85620549829036,0.8936960669505946
2020,2020-01-11,True,False,cle,den,111,103,23,28,34,26,0,18,24,29,32,0,home,12.5,216.5,650.0,-1000.0,12.5,111.5,0.0,0,False,1635.6509261795902,1213.9202532585966,1570.8655609551274,1278.7056184830594,421.7306729209936,0.9527240311799604
2020,2020-01-11,True,False,no,bos,105,140,24,33,25,23,0,41,31,42,26,0,home,11.5,223.5,550.0,-800.0,2.5,109.5,1.0,1,True,1574.4930373660604,1601.4742738157506,1637.0013071789715,1538.9660040028396,-26.981236449690186,0.6035621632963836
2020,2020-01-11,True,False,lal,okc,125,110,41,32,29,23,0,19,30,33,28,0,home,8.5,213.5,300.0,-400.0,11.0,104.5,0.0,1,False,1740.051219731643,1838.7542164951624,1678.8265626797104,1899.978873547095,-98.70299676351942,0.5018665290281289
2020,2020-01-11,True,False,phi,dal,91,109,22,28,16,25,0,20,21,32,36,0,home,2.5,222.0,130.0,-150.0,4.0,113.5,1.0,0,True,1573.0291822064357,1664.6096367525818,1636.2373640906683,1601.4014548683492,-91.58045454614603,0.5121143285894506
2020,2020-01-12,True,False,mia,ny,121,124,31,29,34,27,0,27,28,29,40,0,away,7.5,217.0,-340.0,274.0,3.0,106.0,0.0,1,True,1292.7564466400247,1603.6744211212022,1339.7869820963906,1556.6438856648363,-310.91797448117745,0.2289690878039597
2020,2020-01-12,True,False,utah,wsh,127,116,23,32,38,34,0,34,32,25,25,0,away,6.0,224.0,-380.0,303.0,6.5,115.0,1.0,1,False,1364.6704062503925,1781.7404671128215,1349.4933985515854,1796.9174748116286,-417.07006086242905,0.1388108455438886
2020,2020-01-12,True,False,atl,bkn,86,108,16,30,20,20,0,37,33,22,16,0,home,9.0,225.5,192.0,-230.0,1.0,109.0,1.0,0,True,1361.6441948195766,1204.6523286978459,1383.7663418382433,1182.5301816791791,156.9918661217307,0.8144765125374356
2020,2020-01-12,True,False,gs,mem,102,122,26,33,17,26,0,27,33,35,27,0,home,6.5,225.0,215.0,-260.0,4.0,111.0,1.0,0,True,1608.282153274546,1169.3555409641065,1612.286421474273,1165.3512727643795,438.9266123104396,0.9569879692786887
2020,2020-01-12,True,False,sa,tor,105,104,21,22,26,36,0,28,23,31,22,0,home,5.0,220.0,140.0,-160.0,0.0,112.5,0.0,0,False,1644.9013717495875,1613.7977744635675,1624.7820782127824,1633.9170680003726,31.103597286019976,0.6802004132373912
2020,2020-01-12,True,False,lac,den,104,114,30,22,22,30,0,29,37,23,25,0,home,0.0,221.5,-105.0,-115.0,3.5,108.0,1.0,0,True,1570.8655609551274,1625.5701207041063,1616.7804193616284,1579.6552622976053,-54.70455974897891,0.5648185635643469
2020,2020-01-12,True,False,cha,phx,92,100,24,21,26,21,0,18,28,25,29,0,home,8.5,217.0,281.0,-350.0,5.5,106.5,0.0,0,True,1332.656654977857,1312.0337344074917,1364.2058980731372,1280.4844913122115,20.622920570365295,0.6669364267972182
2020,2020-01-13,True,False,phi,ind,95,101,23,26,20,26,0,22,18,29,32,0,home,3.5,214.5,110.0,-130.0,4.5,109.0,1.0,0,True,1546.9307351836399,1601.4014548683492,1584.1626636286057,1564.1695264233833,-54.470719684709366,0.5651494020205192
2020,2020-01-13,True,False,orl,sac,114,112,33,32,21,28,0,25,27,33,27,0,away,1.0,212.0,117.0,-137.0,4.0,104.5,1.0,1,False,1396.0970278372013,1498.2469305508184,1372.0771142643775,1522.2668441236422,-102.14990271361717,0.49690608077660214
2020,2020-01-13,True,False,no,det,117,110,32,31,26,13,15,23,29,25,25,8,home,5.0,221.5,-112.0,-108.0,5.5,108.0,0.0,1,False,1269.909788418648,1538.9660040028396,1244.8171728158973,1564.0586196055904,-269.0562155841915,0.2742499400986499
2020,2020-01-13,True,False,chi,bos,101,113,14,23,34,30,0,28,27,28,30,0,home,9.5,216.5,384.0,-500.0,0.0,104.5,1.0,0,True,1637.0013071789715,1350.7501492096735,1645.5706103455143,1342.1808460431307,286.251157969298,0.902334806436808
2020,2020-01-13,True,False,okc,min,117,104,30,33,29,25,0,33,27,19,25,0,away,2.5,218.0,-140.0,120.0,0.5,107.0,1.0,1,False,1378.4161223136337,1678.8265626797104,1350.5683374636374,1706.6743475297067,-300.4104403660767,0.23982207359949576
2020,2020-01-13,True,False,cle,lal,99,128,27,21,22,29,0,21,26,37,44,0,home,14.0,222.0,876.0,-1500.0,9.5,112.5,1.0,1,True,1899.978873547095,1278.7056184830594,1901.4086413455384,1277.275850684616,621.2732550640355,0.9845105064718864
2020,2020-01-13,True,False,cha,por,112,115,26,20,43,23,0,25,37,29,24,0,home,9.5,215.5,400.0,-525.0,0.0,105.0,0.0,1,True,1317.6943865733665,1280.4844913122115,1336.0545904500605,1262.1242874355175,37.209895261155,0.6877977579193184
2020,2020-01-14,True,False,utah,bkn,118,107,30,29,29,30,0,26,19,29,33,0,away,3.0,222.5,-135.0,115.0,3.0,114.0,1.0,1,False,1383.7663418382433,1796.9174748116286,1368.292070159498,1812.3917464903739,-413.1511329733853,0.14152965976760445
2020,2020-01-14,True,False,dal,gs,124,97,36,29,29,30,0,26,21,24,26,0,away,8.0,223.5,-340.0,274.0,0.5,109.0,1.0,0,False,1165.3512727643795,1636.2373640906683,1149.8476953904865,1651.7409414645613,-470.8860913262888,0.10574201857926077
2020,2020-01-14,True,False,cle,lac,103,128,26,24,21,32,0,31,35,40,22,0,home,16.0,224.0,912.0,-1600.0,4.5,114.0,1.0,1,True,1579.6552622976053,1277.275850684616,1589.5379554151486,1267.3931575670726,302.3794116129893,0.9102165670732254
2020,2020-01-14,True,False,phx,atl,110,123,25,26,32,27,0,28,28,28,39,0,away,1.5,230.5,-200.0,170.0,2.0,117.5,0.0,1,True,1182.5301816791791,1364.2058980731372,1253.9921199814844,1292.7439597708321,-181.67571639395806,0.38457761292635323
2020,2020-01-14,True,False,hou,mem,110,121,37,24,22,27,0,32,35,18,36,0,away,4.5,240.5,-180.0,155.0,5.0,118.0,0.0,0,True,1612.286421474273,1673.5697420373933,1660.8875062601614,1624.968657251505,-61.28332056312024,0.5554882881156014
2020,2020-01-14,True,False,ny,mil,102,128,23,17,36,26,0,29,36,43,20,0,home,16.5,229.0,1150.0,-2400.0,3.0,111.0,1.0,1,True,1810.6667568866762,1339.7869820963906,1814.2205986584636,1336.2331403246033,470.87977479028564,0.9639540164438898
2020,2020-01-15,True,False,por,hou,117,107,28,32,30,27,0,26,21,30,30,0,home,8.5,236.5,303.0,-380.0,9.0,115.5,0.0,0,False,1624.968657251505,1336.0545904500605,1550.9958091547098,1410.0274385468556,288.9140668014445,0.903677388504672
2020,2020-01-15,True,False,dal,sac,127,123,35,36,37,19,0,31,36,26,30,0,away,4.0,225.5,-165.0,144.0,1.5,111.0,2.0,1,False,1372.0771142643775,1651.7409414645613,1353.5047327153845,1670.3133230135543,-279.66382720018373,0.26226521532635627
2020,2020-01-15,True,False,cha,den,86,100,25,17,27,17,0,28,29,17,26,0,home,11.5,209.5,711.0,-1100.0,1.0,102.0,1.0,0,True,1616.7804193616284,1262.1242874355175,1622.7650556827696,1256.1396511143764,354.6561319261109,0.9319610749118418
2020,2020-01-15,True,False,wsh,chi,106,115,26,34,20,26,0,24,31,30,30,0,home,4.0,228.5,151.0,-175.0,4.0,112.5,1.0,0,True,1342.1808460431307,1349.4933985515854,1379.6354086054268,1312.0388359892893,-7.312552508454701,0.6303111399339704
2020,2020-01-15,True,False,orl,lal,119,118,35,30,24,30,0,29,29,30,30,0,home,10.0,209.5,459.0,-620.0,10.0,104.5,0.0,1,False,1901.4086413455384,1522.2668441236422,1880.6131489963104,1543.0623364728701,379.14179722189624,0.9403726515610041
2020,2020-01-15,True,False,ind,min,104,99,24,30,22,28,0,30,29,18,22,0,away,4.5,218.0,-132.0,112.0,3.5,107.5,1.0,0,False,1350.5683374636374,1584.1626636286057,1325.601409829424,1609.129591262819,-233.59432616496838,0.31668880965887375
2020,2020-01-15,True,False,sa,mia,100,106,17,34,26,23,0,24,27,24,31,0,home,5.0,219.5,192.0,-230.0,3.5,113.5,1.0,0,True,1556.6438856648363,1633.9170680003726,1596.6575624619331,1593.9033912032758,-77.27318233553638,0.5326599504966578
2020,2020-01-15,True,False,det,bos,116,103,27,30,34,25,0,24,35,23,21,0,home,9.0,218.0,384.0,-500.0,6.0,107.5,0.0,1,False,1645.5706103455143,1244.8171728158973,1567.068797892584,1323.3189852688276,400.75343752961703,0.9469779779779658
2020,2020-01-15,True,False,tor,okc,130,121,38,35,24,33,0,25,30,28,38,0,home,1.5,212.5,110.0,-130.0,5.5,103.5,0.0,1,False,1706.6743475297067,1624.7820782127824,1637.357497890954,1694.098927851535,81.89226931692428,0.7402091831653658
2020,2020-01-15,True,False,bkn,phi,106,117,28,29,33,16,0,25,29,32,31,0,home,6.5,221.5,263.0,-325.0,5.5,114.5,1.0,1,True,1564.1695264233833,1368.292070159498,1578.2536157307459,1354.2079808521355,195.87745626388528,0.8459531952810979
2020,2020-01-16,True,False,phx,ny,121,98,25,33,32,31,0,32,20,27,19,0,away,2.5,226.5,-135.0,115.0,1.0,116.5,1.0,0,False,1336.2331403246033,1292.7439597708321,1243.0307388477465,1385.9463612476889,43.48918055377112,0.6955063948972661
2020,2020-01-16,True,False,bos,mil,123,128,20,38,29,36,0,36,40,30,22,0,home,11.0,227.5,500.0,-700.0,1.0,116.5,0.0,1,True,1814.2205986584636,1567.068797892584,1821.766737633045,1559.5226589180024,247.15180076587967,0.88062545411358
2020,2020-01-16,True,False,utah,no,132,138,28,21,42,31,10,25,31,31,35,16,away,5.5,225.0,-230.0,185.0,5.0,115.0,0.0,1,True,1564.0586196055904,1812.3917464903739,1624.1107389289327,1752.3396271670315,-248.3331268847835,0.2986208050896329
2020,2020-01-16,True,False,orl,lac,95,122,26,22,28,19,0,34,33,24,31,0,home,10.0,217.0,425.0,-600.0,0.0,105.5,1.0,2,True,1589.5379554151486,1543.0623364728701,1631.690821424686,1500.9094704633328,46.475618942278516,0.6991348410174012
2020,2020-01-16,True,False,den,gs,134,131,19,26,28,40,21,34,28,23,28,18,away,3.5,213.0,-170.0,145.0,6.5,104.5,0.0,1,False,1149.8476953904865,1622.7650556827696,1143.4648880645339,1629.1478630087222,-472.9173602922831,0.10464141450115577
2020,2020-01-17,True,False,wsh,tor,111,140,26,25,25,35,0,38,27,35,40,0,home,10.5,231.0,425.0,-600.0,1.5,111.5,1.0,1,True,1694.098927851535,1312.0388359892893,1700.454270240711,1305.6834936001135,382.0600918622458,0.9413076678287352
2020,2020-01-17,True,False,atl,sa,121,120,29,38,21,33,0,27,31,41,21,0,home,9.0,231.0,350.0,-450.0,8.0,113.5,0.0,1,False,1593.9033912032758,1253.9921199814844,1572.8175879470054,1275.0779232377547,339.91127122179137,0.9263776162824783
2020,2020-01-17,True,False,cle,mem,109,113,25,31,20,33,0,27,27,38,21,0,home,9.0,229.5,340.0,-440.0,7.0,118.0,0.0,0,True,1660.8875062601614,1267.3931575670726,1663.6906424211386,1264.5900214060955,393.4943486930888,0.944840223003534
2020,2020-01-17,True,False,mia,okc,115,108,40,21,31,23,0,26,21,31,30,0,away,1.0,216.5,-115.0,-105.0,4.0,105.0,1.0,1,False,1637.357497890954,1596.6575624619331,1576.5104035941918,1657.5046567586953,40.6999354290208,0.692095426020982
2020,2020-01-17,True,False,min,ind,114,116,26,35,32,21,0,32,35,32,17,0,home,6.5,218.0,230.0,-280.0,1.5,106.5,0.0,1,True,1609.129591262819,1325.601409829424,1612.8601115431059,1321.8708895491372,283.52818143339505,0.9009447074826232
2020,2020-01-17,True,False,chi,phi,89,100,24,23,24,18,0,21,25,35,19,0,home,7.5,213.5,285.0,-370.0,6.5,105.0,1.0,0,True,1578.2536157307459,1379.6354086054268,1592.1189771124234,1365.7700472237493,198.61820712531903,0.847997997668802
2020,2020-01-17,True,False,por,dal,112,120,37,26,26,23,0,38,34,26,22,0,home,7.5,228.5,280.0,-360.0,1.5,112.5,1.0,1,True,1670.3133230135543,1410.0274385468556,1678.8783011176663,1401.4624604427436,260.2858844666987,0.8883475635920712
2020,2020-01-18,True,False,det,atl,136,103,36,35,32,33,0,29,26,21,27,0,away,1.0,227.5,-120.0,100.0,3.5,110.0,1.0,1,False,1275.0779232377547,1323.3189852688276,1186.0253303650488,1412.3715781415335,-48.24106203107294,0.5739409090932556
2020,2020-01-18,True,False,lac,no,133,130,33,39,30,31,0,35,45,30,20,0,away,5.5,235.5,-240.0,190.0,6.0,116.5,0.0,1,False,1624.1107389289327,1631.690821424686,1585.6855741273655,1670.1159862262532,-7.580082495753231,0.6299522125518445
2020,2020-01-18,True,False,mil,bkn,117,97,30,27,36,24,0,22,20,29,26,0,away,11.0,235.5,-650.0,450.0,1.0,121.0,1.0,0,False,1354.2079808521355,1821.766737633045,1339.798424163594,1836.1762943215865,-467.55875678090956,0.1075669276342929
2020,2020-01-18,True,False,phx,bos,123,119,26,34,27,36,0,20,31,25,43,0,home,4.5,220.5,170.0,-200.0,4.5,112.5,0.0,1,False,1559.5226589180024,1385.9463612476889,1509.5315172675491,1435.9375028981422,173.57629767031358,0.8284713236216635
2020,2020-01-18,True,False,tor,min,122,112,32,26,31,33,0,39,23,22,28,0,away,4.0,224.5,-185.0,155.0,5.0,109.5,1.0,1,False,1321.8708895491372,1700.454270240711,1304.2014168941162,1718.123742895732,-378.58338069157367,0.16747141901201817
2020,2020-01-18,True,False,cle,chi,116,118,33,40,29,14,0,31,25,31,31,0,home,7.5,215.0,275.0,-350.0,8.5,111.0,0.0,1,True,1365.7700472237493,1264.5900214060955,1376.2622005045366,1254.0978681253082,101.18002581765381,0.7609846336519693
2020,2020-01-18,True,False,phi,ny,90,87,28,24,18,20,0,25,21,23,18,0,away,4.0,218.5,-180.0,150.0,1.5,107.0,0.0,0,False,1243.0307388477465,1592.1189771124234,1231.2890176983599,1603.86069826181,-349.0882382646769,0.1924968508377414
2020,2020-01-18,True,False,orl,gs,95,109,25,27,19,24,0,28,25,29,27,0,away,6.0,214.0,-250.0,200.0,4.5,105.5,0.0,0,True,1143.4648880645339,1500.9094704633328,1240.5600752440225,1403.8142832838441,-357.44458239879896,0.1851300250506162
2020,2020-01-18,True,False,por,okc,106,119,24,33,20,29,0,32,32,23,32,0,home,6.5,216.0,220.0,-270.0,1.5,106.5,1.0,1,True,1576.5104035941918,1401.4624604427436,1593.342274836171,1384.6305892007642,175.04794315144818,0.82967182792259
2020,2020-01-18,True,False,sac,utah,101,123,22,27,28,24,0,38,25,32,28,0,home,9.0,223.0,350.0,-450.0,0.5,109.0,1.0,1,True,1752.3396271670315,1353.5047327153845,1757.6239485123945,1348.2204113700216,398.83489445164696,0.9464207047790505
2020,2020-01-18,True,False,lal,hou,124,115,27,32,32,33,0,34,31,17,33,0,home,3.5,235.0,140.0,-160.0,0.0,114.0,0.0,1,False,1550.9958091547098,1880.6131489963104,1529.66706831765,1901.9418898333702,-329.6173398416006,0.2105216920790816
2020,2020-01-19,True,False,mia,sa,102,107,31,23,30,18,0,28,32,26,21,0,away,1.5,222.5,-120.0,100.0,2.0,109.5,0.0,0,True,1572.8175879470054,1657.5046567586953,1610.5000739341413,1619.8221707715595,-84.68706881168987,0.5220228212661596
2020,2020-01-19,True,False,ind,den,115,107,15,29,30,41,0,21,29,31,26,0,away,1.0,213.5,-115.0,-105.0,2.0,104.0,1.0,1,False,1629.1478630087222,1612.8601115431059,1566.2327425755334,1675.7752319762947,16.28775146561634,0.6613701639968534
2020,2020-01-20,True,False,ind,utah,88,118,23,21,19,25,0,29,27,24,38,0,home,8.0,215.5,300.0,-400.0,0.5,105.5,1.0,0,True,1757.6239485123945,1675.7752319762947,1793.9141352644585,1639.4850452242306,81.8487165360998,0.7401609688500028
2020,2020-01-20,True,False,okc,hou,112,107,22,35,14,41,0,25,39,23,20,0,home,7.5,230.5,250.0,-310.0,2.0,112.0,0.0,0,False,1529.66706831765,1593.342274836171,1486.1420394112292,1636.867303742592,-63.67520651852101,0.5520859353096292
2020,2020-01-20,True,False,den,min,107,100,26,29,26,26,0,29,25,25,21,0,home,3.5,221.0,140.0,-160.0,3.0,108.0,0.0,0,False,1304.2014168941162,1566.2327425755334,1278.3656942227854,1592.0684652468642,-262.03132568141723,0.28237173466448073
2020,2020-01-20,True,False,sa,phx,120,118,28,38,30,24,0,26,25,32,35,0,home,4.5,230.0,160.0,-190.0,7.0,117.5,0.0,1,False,1435.9375028981422,1610.5000739341413,1416.8768107847873,1629.5607660474961,-174.5625710359991,0.3943134010961918
2020,2020-01-20,True,False,gs,por,124,129,23,34,35,21,11,27,26,34,26,16,home,7.5,222.0,260.0,-330.0,7.0,109.0,0.0,1,True,1384.6305892007642,1240.5600752440225,1398.2076093895987,1226.983055055188,144.0705139567417,0.8029733960565776
2020,2020-01-20,True,False,orl,cha,106,83,19,32,21,34,0,27,18,20,18,0,away,3.5,206.5,-160.0,140.0,0.5,101.0,1.0,0,False,1256.1396511143764,1403.8142832838441,1195.7566419811278,1464.1972924170927,-147.6746321694677,0.4318180842501626
2020,2020-01-20,True,False,no,mem,126,116,31,38,29,28,0,30,20,27,39,0,home,3.5,242.0,140.0,-160.0,7.0,118.5,0.0,2,False,1663.6906424211386,1585.6855741273655,1591.6676895334504,1657.7085270150537,78.00506829377309,0.7358831146552222
2020,2020-01-20,True,False,chi,mil,98,111,23,29,25,21,0,30,23,31,27,0,home,15.5,225.5,1100.0,-2500.0,9.0,110.0,0.0,0,True,1836.1762943215865,1376.2622005045366,1839.2229715854003,1373.2155232407229,459.9140938170499,0.9616952835699732
2020,2020-01-20,True,False,ny,cle,106,86,26,23,30,27,0,26,24,14,22,0,away,1.5,222.0,-120.0,100.0,1.5,108.0,1.0,0,False,1254.0978681253082,1231.2890176983599,1166.3827759855235,1319.0041098381444,22.80885042694831,0.6697256704589121
2020,2020-01-20,True,False,det,wsh,100,106,35,23,23,19,0,30,30,23,23,0,home,0.0,232.0,-110.0,-110.0,0.5,113.5,1.0,0,True,1305.6834936001135,1412.3715781415335,1349.3175018322097,1368.7375699094373,-106.68808454142004,0.49037626133131257
2020,2020-01-20,True,False,lal,bos,107,139,30,25,25,27,0,33,36,35,35,0,away,3.0,226.5,-160.0,140.0,6.5,111.0,0.0,1,True,1509.5315172675491,1901.9418898333702,1639.2754108101053,1772.197996290814,-392.41037256582104,0.15666567241651244
2020,2020-01-20,True,False,sac,mia,113,118,24,34,20,27,8,21,35,20,29,13,home,3.5,221.0,135.0,-155.0,3.5,107.5,1.0,1,True,1619.8221707715595,1348.2204113700216,1626.353905424667,1341.6886767169142,271.60175940153795,0.8946469122126776
2020,2020-01-20,True,False,phi,bkn,117,111,29,35,26,27,0,32,36,23,20,0,away,2.5,218.5,-140.0,120.0,2.5,107.5,1.0,1,False,1339.798424163594,1603.86069826181,1315.82406471667,1627.8350577087342,-264.062274098216,0.28000871770797564
2020,2020-01-20,True,False,tor,atl,122,117,36,21,26,39,0,25,35,22,35,0,away,9.0,231.0,-450.0,350.0,7.5,113.5,0.0,1,False,1186.0253303650488,1718.123742895732,1179.974624228073,1724.1744490327078,-532.0984125306832,0.0767491680269338
2020,2020-01-21,True,False,lac,dal,110,107,24,36,22,28,0,24,25,29,29,0,home,2.5,231.5,120.0,-140.0,5.0,114.0,0.0,0,False,1678.8783011176663,1670.1159862262532,1639.4778354296168,1709.5164519143027,8.762314891413098,0.6516014939143988
2020,2020-01-22,True,False,den,hou,105,121,28,15,28,34,0,35,25,32,29,0,home,10.0,227.0,400.0,-550.0,1.0,110.0,1.0,0,True,1486.1420394112292,1592.0684652468642,1549.5358434540715,1528.674661204022,-105.92642583563497,0.49147201472718544
2020,2020-01-22,True,False,utah,gs,129,96,31,34,35,29,0,17,26,26,27,0,away,9.0,220.5,-450.0,350.0,0.5,112.5,1.0,1,False,1226.983055055188,1793.9141352644585,1217.1004820848277,1803.7967082348189,-566.9310802092705,0.06369284410277325
2020,2020-01-22,True,False,ind,phx,112,87,30,24,29,29,0,24,24,17,22,0,away,1.0,221.5,-115.0,-105.0,1.0,108.5,1.0,0,False,1416.8768107847873,1639.4850452242306,1369.4932957587964,1686.8685602502214,-222.60823443944332,0.33052982200044934
2020,2020-01-22,True,False,sa,no,121,117,31,29,34,27,0,24,27,31,35,0,home,3.5,236.5,140.0,-160.0,4.5,121.0,0.0,1,False,1657.7085270150537,1629.5607660474961,1611.1143795362723,1676.1549135262776,28.147760967557588,0.6764878487078486
2020,2020-01-22,True,False,mem,bos,95,119,27,17,19,32,0,25,33,41,20,0,home,7.0,232.5,230.0,-280.0,0.5,118.0,1.0,0,True,1639.2754108101053,1591.6676895334504,1679.7655657331566,1551.177534610399,47.60772127665496,0.7005038599517515
2020,2020-01-22,True,False,wsh,mia,129,134,27,23,33,35,11,30,39,21,28,16,home,10.0,229.0,425.0,-600.0,1.0,111.5,0.0,1,True,1626.353905424667,1349.3175018322097,1632.6780427225099,1342.9933645343667,277.0364035924572,0.8975593836753581
2020,2020-01-22,True,False,phi,tor,95,107,35,15,22,23,0,26,24,26,31,0,home,6.0,216.0,200.0,-250.0,4.5,105.5,1.0,0,True,1724.1744490327078,1627.8350577087342,1749.3043386579732,1602.7051680834688,96.33939132397359,0.7558795688246646
2020,2020-01-22,True,False,lal,ny,100,92,28,20,28,24,0,25,23,22,22,0,away,11.5,224.0,-750.0,525.0,8.0,108.5,0.0,0,False,1319.0041098381444,1772.197996290814,1307.8120648052686,1783.3900413236897,-453.19388645266963,0.11576634562610781
2020,2020-01-22,True,False,okc,orl,120,114,24,36,32,28,0,21,30,38,25,0,home,2.5,210.0,120.0,-140.0,4.0,103.0,0.0,1,False,1464.1972924170927,1636.867303742592,1430.2131291168691,1670.8514670428156,-172.67001132549922,0.396918299700178
2020,2020-01-22,True,False,sac,det,106,127,27,23,25,31,0,26,31,36,34,0,away,2.0,222.0,-125.0,105.0,3.0,108.5,0.0,1,True,1368.7375699094373,1341.6886767169142,1411.761853634327,1298.6643929920244,27.04889319252311,0.6751019375353727
2020,2020-01-22,True,False,min,chi,110,117,26,26,27,31,0,35,24,22,36,0,home,0.0,219.5,-110.0,-110.0,1.5,106.5,1.0,1,True,1373.2155232407229,1278.3656942227854,1393.748921924519,1257.8322955389892,94.84982901793751,0.7542938639631271
2020,2020-01-22,True,False,lac,atl,95,102,32,28,15,20,0,16,25,28,33,0,away,4.5,228.0,-200.0,170.0,2.5,110.5,0.0,0,True,1179.974624228073,1709.5164519143027,1264.3518445443565,1625.1392315980193,-529.5418276862297,0.07779850519471508
2020,2020-01-23,True,False,wsh,cle,124,112,29,39,32,24,0,24,37,25,26,0,home,2.5,231.0,120.0,-140.0,2.5,113.0,0.0,1,False,1166.3827759855235,1342.9933645343667,1122.1988131943551,1387.177327325535,-176.61058854884322,0.39150128621656943
2020,2020-01-23,True,False,lal,bkn,128,113,38,37,29,24,0,35,35,24,19,0,away,5.5,232.5,-250.0,200.0,2.0,115.5,1.0,1,False,1315.82406471667,1783.3900413236897,1302.7020420044437,1796.512064035916,-467.5659766070198,0.1075629380304602
2020,2020-01-23,True,False,dal,por,133,125,45,33,25,30,0,37,26,27,35,0,away,5.5,227.0,-230.0,185.0,2.0,110.5,1.0,1,False,1398.2076093895987,1639.4778354296168,1368.5076382093025,1669.177806609913,-241.2702260400181,0.30720544088627405
2020,2020-01-24,True,False,den,no,113,106,37,26,31,19,0,28,28,26,24,0,home,4.0,229.5,150.0,-180.0,4.0,111.5,0.0,0,False,1611.1143795362723,1528.674661204022,1548.4955014265897,1591.2935393137045,82.43971833225032,0.740814731271231
2020,2020-01-24,True,False,ind,gs,129,118,35,32,31,31,0,30,21,35,32,0,away,6.5,216.0,-270.0,220.0,1.0,107.0,1.0,1,False,1217.1004820848277,1686.8685602502214,1205.472376140397,1698.496666194652,-469.7680781653937,0.10635213806653256
2020,2020-01-24,True,False,phx,sa,103,99,22,34,22,25,0,28,16,28,27,0,home,4.5,225.5,170.0,-200.0,6.0,116.0,0.0,0,False,1676.1549135262776,1369.4932957587964,1626.7171321099927,1418.9310771750813,306.6616177674812,0.9122107863808594
2020,2020-01-24,True,False,atl,okc,111,140,30,28,32,21,0,33,33,38,36,0,home,8.0,231.0,300.0,-400.0,1.5,112.5,1.0,1,True,1670.8514670428156,1264.3518445443565,1676.3189267250782,1258.8843848620938,406.4996224984591,0.9486144870053105
2020,2020-01-24,True,False,hou,min,131,124,36,27,31,37,0,26,34,24,40,0,away,5.5,235.0,-250.0,200.0,3.5,114.0,1.0,1,False,1257.8322955389892,1549.5358434540715,1235.0427741737485,1572.3253648193122,-291.70354791508225,0.24907825346868007
2020,2020-01-24,True,False,mil,cha,116,103,24,26,28,38,0,31,24,23,25,0,away,14.5,219.5,-1400.0,800.0,11.5,114.0,0.0,0,False,1195.7566419811278,1839.2229715854003,1190.885573270448,1844.09404029608,-643.4663296042725,0.041949110320026906
2020,2020-01-24,True,False,sac,chi,98,81,29,25,21,23,0,21,23,25,12,0,home,1.5,217.5,110.0,-130.0,3.5,105.5,0.0,0,False,1393.748921924519,1298.6643929920244,1306.1208194331084,1386.292495483435,95.08452893249455,0.7545441726712032
2020,2020-01-24,True,False,tor,ny,118,112,20,36,29,33,0,28,25,26,33,0,away,8.5,217.5,-425.0,325.0,5.5,106.0,0.0,1,False,1307.8120648052686,1749.3043386579732,1297.294321407785,1759.8220820554568,-441.49227385270456,0.12284206585084571
2020,2020-01-24,True,False,mem,det,125,112,35,31,26,33,0,23,38,24,27,0,away,1.5,231.5,-125.0,105.0,0.5,118.5,1.0,1,False,1411.761853634327,1551.177534610399,1360.2611546530557,1602.6782335916705,-139.41568097607205,0.44351837993726734
2020,2020-01-24,True,False,bos,orl,109,98,24,29,29,27,0,30,27,20,21,0,home,3.0,213.0,130.0,-150.0,0.5,110.0,0.0,0,False,1430.2131291168691,1679.7655657331566,1397.7236624602415,1712.2550323897842,-249.55243661628742,0.297152800300086
2020,2020-01-24,True,False,lac,mia,122,117,22,41,38,21,0,30,35,20,32,0,away,2.0,218.5,-135.0,115.0,1.5,108.5,1.0,1,False,1632.6780427225099,1625.1392315980193,1581.8170822298307,1676.0001920906984,7.538811124490621,0.6500008986535107
2020,2020-01-25,True,False,dal,utah,107,112,36,22,26,23,0,25,30,25,32,0,home,5.0,226.5,175.0,-210.0,5.0,111.5,2.0,0,True,1803.7967082348189,1669.177806609913,1818.0947944281847,1654.8797204165471,134.6189016249059,0.794223611804877
2020,2020-01-25,True,False,chi,cle,118,106,25,34,40,19,0,31,26,19,30,0,home,1.0,210.5,-105.0,-115.0,0.0,104.5,0.0,1,False,1122.1988131943551,1306.1208194331084,1079.1411116131383,1349.1785210143253,-183.92200623875328,0.3815218121165234
2020,2020-01-25,True,False,lal,phi,91,108,25,25,23,18,0,35,24,26,23,0,away,5.0,217.5,-230.0,185.0,6.0,107.0,0.0,0,True,1602.7051680834688,1796.512064035916,1683.0566486194216,1716.1605834999632,-193.80689595244712,0.36818853588924694
2020,2020-01-25,True,False,okc,min,113,104,28,24,39,22,0,22,26,24,32,0,home,1.5,226.0,105.0,-125.0,2.0,109.5,0.0,0,False,1235.0427741737485,1676.3189267250782,1222.5835967138414,1688.7781041849853,-441.2761525513297,0.12297618227024998
2020,2020-01-25,True,False,bkn,det,121,111,26,24,30,26,15,25,35,17,29,5,away,2.5,229.0,-140.0,120.0,4.5,117.0,1.0,1,False,1360.2611546530557,1302.7020420044437,1289.190316968792,1373.7728796887072,57.55911264861197,0.7123824275206686
2020,2020-01-26,True,False,wsh,atl,133,152,33,39,30,31,0,31,47,41,33,0,home,1.0,241.5,-105.0,-115.0,1.5,119.0,1.0,1,True,1258.8843848620938,1387.177327325535,1330.1456367526164,1315.9160754350125,-128.29294246344125,0.45937294834381076
2020,2020-01-26,True,False,ind,por,129,139,27,29,37,36,0,36,30,40,33,0,home,3.0,221.0,130.0,-150.0,1.5,109.5,1.0,1,True,1368.5076382093025,1698.496666194652,1451.840931550013,1615.1633728539418,-329.9890279853496,0.21016630438330297
2020,2020-01-26,True,False,lac,orl,112,97,26,28,31,27,0,28,24,20,25,0,away,3.0,217.5,-155.0,135.0,1.5,107.0,1.0,0,False,1397.7236624602415,1676.0001920906984,1365.5400504903162,1708.1838040606237,-278.27652963045693,0.2638132806074207
2020,2020-01-26,True,False,bkn,ny,97,110,28,24,24,21,0,30,25,30,25,0,home,2.5,219.5,120.0,-140.0,0.5,111.0,1.0,0,True,1297.294321407785,1373.7728796887072,1351.4289559824476,1319.6382451140446,-76.47855828092224,0.5337984551669552
2020,2020-01-26,True,False,bos,no,108,123,20,22,39,27,0,32,30,29,32,0,home,1.5,233.0,105.0,-125.0,5.0,119.0,1.0,0,True,1548.4955014265897,1712.2550323897842,1620.5622989004166,1640.1882349159573,-163.7595309631945,0.40925902654409496
2020,2020-01-26,True,False,hou,den,110,117,36,23,30,21,0,27,30,33,27,0,home,2.5,225.5,120.0,-140.0,3.0,109.5,1.0,1,True,1591.2935393137045,1572.3253648193122,1621.3903553838718,1542.228548749145,18.968174494392315,0.6648171558388544
2020,2020-01-26,True,False,phx,mem,109,114,18,27,33,31,0,30,26,25,33,0,home,2.0,229.5,115.0,-135.0,2.0,117.5,1.0,0,True,1602.6782335916705,1418.9310771750813,1613.5585138943288,1408.050796872423,183.74715641658918,0.8366321295494284
2020,2020-01-26,True,False,tor,sa,110,106,37,26,23,24,0,21,30,34,21,0,away,3.5,220.0,-170.0,145.0,2.0,108.5,1.0,0,False,1626.7171321099927,1759.8220820554568,1594.6730954136701,1791.8661187517796,-133.1049499454641,0.452501805539442
2020,2020-01-27,True,False,cle,det,115,100,24,29,36,26,0,23,22,27,28,0,home,7.0,214.0,240.0,-300.0,6.0,109.5,0.0,1,False,1289.190316968792,1079.1411116131383,1202.8617745622894,1165.469654019641,210.04920535565384,0.856286920108114
2020,2020-01-27,True,False,orl,mia,92,113,21,27,23,21,0,31,23,31,28,0,home,6.5,207.5,240.0,-300.0,2.0,102.0,1.0,0,True,1581.8170822298307,1365.5400504903162,1597.4002364620794,1349.9568962580674,216.27703173951454,0.8606425379968337
2020,2020-01-27,True,False,dal,okc,107,97,25,34,29,19,0,22,25,30,20,0,away,5.0,223.0,-230.0,185.0,1.0,109.5,1.0,0,False,1688.7781041849853,1654.8797204165471,1619.0088388635077,1724.6489857380247,33.89838376843818,0.6836898276326301
2020,2020-01-27,True,False,sac,min,133,129,24,26,28,41,14,37,31,29,22,10,home,3.0,224.0,135.0,-155.0,4.0,109.5,0.0,1,False,1222.5835967138414,1386.292495483435,1193.5968188277564,1415.27927336952,-163.7088987695936,0.4093294941123779
2020,2020-01-27,True,False,sa,chi,109,110,28,20,37,24,0,21,29,25,35,0,home,1.5,213.0,100.0,-120.0,0.5,109.0,0.0,1,True,1349.1785210143253,1594.6730954136701,1370.4647985319068,1573.3868178960886,-245.49457439934486,0.30205438605451873
2020,2020-01-27,True,False,hou,utah,126,117,28,31,28,39,0,20,26,29,42,0,home,14.5,221.0,900.0,-1600.0,12.0,110.0,0.0,1,False,1818.0947944281847,1542.228548749145,1746.8708826888499,1613.4524604884798,275.8662456790398,0.8969383738415317
2020,2020-01-28,True,False,phx,dal,133,104,32,28,48,25,0,19,36,22,27,0,home,7.0,228.5,250.0,-310.0,7.5,117.0,0.0,1,False,1724.6489857380247,1408.050796872423,1620.4529339344695,1512.2468486759783,316.59818886560174,0.9166847442873304
2020,2020-01-28,True,False,den,mem,96,104,18,32,16,30,0,31,32,19,22,0,home,1.5,224.0,105.0,-125.0,3.5,108.5,1.0,0,True,1613.5585138943288,1621.3903553838718,1649.3666174316934,1585.5822518465072,-7.831841489542967,0.6296143128315415
2020,2020-01-28,True,False,gs,phi,104,115,27,27,28,22,0,26,33,27,29,0,home,13.0,216.0,750.0,-1200.0,6.5,105.5,0.0,1,True,1683.0566486194216,1205.472376140397,1685.6264478870794,1202.9025768727392,477.58427247902455,0.9652712856560771
2020,2020-01-28,True,False,wsh,mil,131,151,28,35,41,27,0,42,46,29,34,0,home,11.5,241.5,550.0,-800.0,0.0,118.0,1.0,1,True,1844.09404029608,1315.9160754350125,1846.3892904265042,1313.6208253045884,528.1779648610675,0.9738162347677711
2020,2020-01-28,True,False,atl,tor,114,130,23,33,27,31,0,33,35,29,33,0,home,13.0,234.5,750.0,-1200.0,4.0,114.0,1.0,1,True,1791.8661187517796,1330.1456367526164,1795.100386906239,1326.911368598157,461.7204819991632,0.9620765008783384
2020,2020-01-28,True,False,ny,cha,92,97,26,24,16,26,0,15,32,21,29,0,home,1.5,209.0,100.0,-120.0,1.5,103.5,1.0,0,True,1190.885573270448,1351.4289559824476,1237.104607958728,1305.2099212941678,-160.54338271199958,0.41374239980750677
2020,2020-01-28,True,False,no,cle,125,111,40,34,30,21,0,34,31,25,21,0,away,8.5,232.0,-380.0,290.0,1.5,114.0,1.0,1,False,1165.469654019641,1620.5622989004166,1151.8083644077203,1634.2235885123373,-455.09264488077565,0.11465217841604587
2020,2020-01-28,True,False,bos,mia,109,101,36,17,27,29,0,28,20,28,25,0,home,2.0,218.5,115.0,-135.0,2.5,112.0,0.0,0,False,1597.4002364620794,1640.1882349159573,1541.1725278792176,1696.4159434988192,-42.78799845387789,0.581598476993902
2020,2020-01-29,True,False,utah,sa,120,127,29,33,32,26,0,37,33,28,29,0,away,5.0,221.5,-240.0,190.0,5.0,115.0,0.0,1,True,1573.3868178960886,1746.8708826888499,1628.6686189346553,1691.589081650283,-173.48406479276127,0.395797119623102
2020,2020-01-29,True,False,okc,sac,120,100,23,36,37,24,0,16,31,29,24,0,away,2.5,219.0,-140.0,120.0,2.5,106.5,1.0,1,False,1415.27927336952,1619.0088388635077,1367.7233068661312,1666.5648053668965,-203.7295654939876,0.35500392677012355
2020,2020-01-29,True,False,hou,por,112,125,36,24,22,30,0,30,41,26,28,0,away,5.0,242.0,-220.0,180.0,5.5,119.5,0.0,0,True,1451.840931550013,1613.4524604884798,1520.0893890066973,1545.2040030317955,-161.6115289384668,0.41225175807004383
2020,2020-01-29,True,False,mem,ny,127,106,32,27,37,31,0,32,20,32,22,0,away,2.5,222.0,-140.0,120.0,1.0,114.5,1.0,1,False,1305.2099212941678,1649.3666174316934,1278.4238201404112,1676.15271858545,-344.1566961375256,0.19694812847372212
2020,2020-01-29,True,False,chi,ind,106,115,24,27,29,20,6,25,30,25,20,15,home,8.5,215.0,325.0,-425.0,3.5,106.5,1.0,1,True,1615.1633728539418,1370.4647985319068,1625.001496373726,1360.6266750121226,244.69857432203503,0.8791329011788233
2020,2020-01-29,True,False,det,bkn,115,125,30,38,25,22,0,32,38,29,26,0,home,5.5,226.0,200.0,-250.0,3.0,109.5,1.0,1,True,1319.6382451140446,1202.8617745622894,1340.7127533199043,1181.7872663564297,116.77647055175521,0.7769301804744054
2020,2020-01-30,True,False,tor,cle,115,109,31,25,32,27,0,26,26,24,33,0,away,9.5,223.5,-550.0,400.0,4.5,109.5,0.0,1,False,1151.8083644077203,1795.100386906239,1148.2132253517627,1798.6955259621966,-643.2920224985187,0.04198945457830299
2020,2020-01-30,True,False,cha,wsh,107,121,33,27,19,28,0,26,29,31,35,0,home,4.0,227.0,150.0,-180.0,3.5,112.0,1.0,1,True,1313.6208253045884,1237.104607958728,1343.0393523484804,1207.6860809148359,76.51621734586047,0.7342139924453284
2020,2020-01-30,True,False,phi,atl,117,127,31,36,25,25,0,39,35,25,28,0,away,6.0,228.5,-260.0,210.0,7.5,113.0,0.0,1,True,1326.911368598157,1685.6264478870794,1413.0023130489417,1599.5355034362947,-358.7150792889224,0.1840292626299382
2020,2020-01-30,True,False,gs,bos,104,119,22,28,29,25,0,29,31,31,28,0,home,13.5,224.5,750.0,-1200.0,4.0,110.0,1.0,0,True,1696.4159434988192,1202.9025768727392,1699.0120259425983,1200.3064944289601,493.5133666260799,0.9682173968488988
2020,2020-01-30,True,False,sac,lac,124,103,28,36,21,39,0,33,14,24,32,0,home,14.0,224.0,850.0,-1500.0,11.0,110.5,0.0,1,False,1708.1838040606237,1367.7233068661312,1614.169784884991,1461.737326041764,340.4604971944925,0.9265929535909508
2020,2020-01-30,True,False,utah,den,100,106,23,25,22,30,0,21,22,33,30,0,away,3.0,215.5,-150.0,130.0,0.5,111.0,0.0,0,True,1585.5822518465072,1691.589081650283,1629.1323458484592,1648.0389876483312,-106.00682980377587,0.49135633823522834
2020,2020-01-31,True,False,por,lal,127,119,38,22,43,24,0,36,26,34,23,0,home,13.0,232.5,750.0,-1200.0,7.0,114.0,0.0,1,False,1716.1605834999632,1520.0893890066973,1647.7708352002571,1588.4791373064033,196.07119449326592,0.8460984741599787
2020,2020-01-31,True,False,chi,bkn,118,133,23,34,39,22,0,35,38,30,30,0,home,5.5,219.0,190.0,-240.0,2.0,105.0,1.0,1,True,1340.7127533199043,1360.6266750121226,1387.8933652072112,1313.4460631248157,-19.91392169221831,0.613254347750429
2020,2020-01-31,True,False,okc,phx,111,107,25,28,26,32,0,27,25,29,26,0,home,0.0,223.0,-110.0,-110.0,0.0,109.0,0.0,0,False,1512.2468486759783,1666.5648053668965,1482.3301675521532,1696.4814864907216,-154.3179566909182,0.42246088882528715
2020,2020-01-31,True,False,mem,no,111,139,22,37,27,25,0,31,35,44,29,0,home,7.5,242.0,260.0,-330.0,2.0,123.5,1.0,1,True,1634.2235885123373,1676.15271858545,1696.036204389617,1614.3401027081702,-41.929130073112674,0.582801081354729
2020,2020-01-31,True,False,dal,hou,121,128,28,32,25,36,0,35,30,36,27,0,home,8.0,238.0,290.0,-380.0,3.0,117.0,0.0,1,True,1545.2040030317955,1620.4529339344695,1587.6981837500448,1577.9587532162202,-75.24893090267392,0.535559516751079
2020,2020-01-31,True,False,tor,det,105,92,30,30,18,27,0,20,27,22,23,0,away,4.0,222.0,-180.0,150.0,1.5,108.0,1.0,0,False,1181.7872663564297,1798.6955259621966,1176.150624895382,1804.3321674232443,-616.908259605767,0.048542139010583824
2020,2020-01-31,True,False,den,mil,127,115,35,25,40,27,0,43,24,24,24,0,home,13.0,226.0,700.0,-1100.0,6.0,111.0,0.0,1,False,1846.3892904265042,1629.1323458484592,1766.5323649152238,1708.9892713597396,217.25694457804502,0.8613177069034408
2020,2020-02-01,True,False,atl,dal,100,123,26,23,23,28,0,36,26,35,26,0,home,4.5,236.5,170.0,-200.0,2.0,115.0,1.0,0,True,1577.9587532162202,1413.0023130489417,1599.4082660467382,1391.5528002184237,164.95644016727852,0.8213046737215193
2020,2020-02-01,True,False,lal,sac,129,113,44,37,23,25,0,22,42,25,24,0,away,7.0,226.5,-300.0,240.0,1.0,110.5,1.0,1,False,1461.737326041764,1647.7708352002571,1414.533307922193,1694.974853319828,-186.0335091584932,0.37865789241649356
2020,2020-02-01,True,False,utah,por,107,124,34,19,30,24,0,33,30,31,30,0,away,6.5,228.5,-270.0,220.0,6.0,118.5,0.0,1,True,1588.4791373064033,1648.0389876483312,1644.699144298662,1591.8189806560724,-59.55985034192781,0.5579366466781868
2020,2020-02-01,True,False,phi,bos,95,116,19,32,16,28,0,32,27,27,30,0,away,1.5,213.0,-120.0,100.0,2.5,104.5,0.0,0,True,1699.0120259425983,1599.5355034362947,1728.799560146833,1569.7479692320599,99.47652250630358,0.7591964595712303
2020,2020-02-01,True,False,cha,sa,90,114,28,35,11,16,0,30,20,29,35,0,home,8.0,214.5,325.0,-425.0,8.0,105.0,1.0,0,True,1628.6686189346553,1207.6860809148359,1633.4000261707658,1202.9546736787254,420.98253801981946,0.952529678707085
2020,2020-02-01,True,False,bkn,wsh,107,113,36,25,23,23,0,27,32,22,32,0,away,1.5,242.0,-130.0,110.0,1.0,124.0,0.0,0,True,1343.0393523484804,1387.8933652072112,1379.1109364283054,1351.8217811273862,-44.85401285873081,0.5787016530619745
2020,2020-02-01,True,False,ny,ind,92,85,24,26,22,20,0,11,28,32,14,0,home,11.0,213.0,500.0,-700.0,9.5,105.5,0.0,0,False,1625.001496373726,1278.4238201404112,1561.882301140913,1341.5430153732243,346.57767623331483,0.9289524214981036
2020,2020-02-01,True,False,mia,orl,102,89,28,29,19,26,0,25,24,18,22,0,away,2.5,209.5,-140.0,120.0,0.5,102.5,1.0,0,False,1349.9568962580674,1541.1725278792176,1306.7996738981653,1584.3297502391197,-191.21563162115012,0.37166527294351864
2020,2020-02-01,True,False,min,lac,106,118,32,23,31,20,0,40,22,36,20,0,home,10.5,230.5,450.0,-650.0,3.5,112.0,1.0,0,True,1614.169784884991,1193.5968188277564,1617.9495548160653,1189.817048896682,420.5729660572347,0.9524229576769748
2020,2020-02-01,True,False,gs,cle,131,112,31,30,44,26,0,32,27,19,34,0,home,2.0,224.5,115.0,-135.0,2.5,109.5,0.0,1,False,1148.2132253517627,1200.3064944289601,1073.2767007737968,1275.243019006926,-52.09326907719742,0.5685096917211917
2020,2020-02-02,True,False,den,det,123,128,44,21,24,22,12,30,38,22,21,17,away,2.5,211.5,-145.0,125.0,2.5,105.5,0.0,1,True,1176.150624895382,1708.9892713597396,1248.9610965428583,1636.1787997122633,-532.8386464643577,0.07644777384852777
2020,2020-02-02,True,False,no,hou,109,117,28,32,33,16,0,30,35,27,25,0,home,5.0,251.0,180.0,-220.0,1.5,123.5,1.0,0,True,1587.6981837500448,1696.036204389617,1637.1969760674328,1646.537412072229,-108.33802063957228,0.48800292684157204
2020,2020-02-02,True,False,phx,mil,108,129,26,26,28,28,0,30,37,30,32,0,home,12.5,233.5,650.0,-1000.0,2.5,119.5,1.0,1,True,1766.5323649152238,1482.3301675521532,1776.986389168342,1471.876143299035,284.2021973630706,0.9012904287166688
2020,2020-02-02,True,False,chi,tor,102,129,29,34,22,17,0,32,28,35,34,0,home,10.0,215.5,425.0,-600.0,7.5,107.0,1.0,1,True,1804.3321674232443,1313.4460631248157,1807.5038315468285,1310.2743990012316,490.88610429842856,0.9677486920383261
2020,2020-02-03,True,False,phi,mia,106,137,26,26,25,29,0,30,26,41,40,0,home,2.5,211.0,120.0,-140.0,0.5,103.5,1.0,1,True,1584.3297502391197,1569.7479692320599,1635.5571488797602,1518.5205705914193,14.581781007059817,0.659167327288574
2020,2020-02-03,True,False,min,sac,109,113,20,30,34,25,0,29,36,28,20,0,home,1.0,225.5,-105.0,-115.0,4.5,110.5,1.0,0,True,1414.533307922193,1189.817048896682,1422.2601672168564,1182.0901896020187,224.7162590255109,0.8663676569052974
2020,2020-02-03,True,False,det,mem,82,96,32,21,10,19,0,36,17,19,24,0,home,9.0,224.0,375.0,-500.0,6.5,109.0,1.0,0,True,1614.3401027081702,1248.9610965428583,1619.9451440110772,1243.3560552399513,365.3790061653119,0.9357722585073824
2020,2020-02-03,True,False,bos,atl,123,115,28,32,35,28,0,34,28,22,31,0,away,6.0,232.0,-260.0,210.0,5.5,120.0,1.0,1,False,1391.5528002184237,1728.799560146833,1371.896725233688,1748.455635131569,-337.24675992840935,0.20331511923437598
2020,2020-02-03,True,False,sa,lac,105,108,39,24,19,23,0,29,25,31,23,0,home,9.0,229.0,375.0,-500.0,9.5,118.0,0.0,0,True,1617.9495548160653,1633.4000261707658,1641.1692526965514,1610.1803282902797,-15.45047135470054,0.619330193373666
2020,2020-02-03,True,False,gs,wsh,125,117,40,32,27,26,0,36,27,23,31,0,home,6.5,234.0,220.0,-270.0,6.5,115.0,0.0,1,False,1379.1109364283054,1275.243019006926,1312.2176413871348,1342.1363140480967,103.86791742137939,0.7637875511452515
2020,2020-02-03,True,False,orl,cha,112,100,25,31,29,27,0,24,30,23,23,0,away,5.0,203.5,-210.0,175.0,2.5,99.5,1.0,1,False,1202.9546736787254,1306.7996738981653,1147.1502495286554,1362.6040980482353,-103.84500021943995,0.4944668257708727
2020,2020-02-03,True,False,dal,ind,112,103,25,28,29,30,0,22,33,22,26,0,home,5.5,212.5,180.0,-220.0,3.0,104.5,0.0,1,False,1561.882301140913,1599.4082660467382,1502.2134973408704,1659.0770698467807,-37.525964905825276,0.588950732548323
2020,2020-02-03,True,False,phx,bkn,97,119,31,21,21,24,0,35,20,35,29,0,home,2.0,224.5,115.0,-135.0,0.5,115.0,1.0,0,True,1351.8217811273862,1471.876143299035,1424.7798892970118,1398.9180351294094,-120.05436217164879,0.4711714620256172
2020,2020-02-03,True,False,ny,cle,139,134,33,30,32,32,12,37,25,38,27,7,away,2.5,216.5,-135.0,115.0,1.5,107.0,1.0,1,False,1073.2767007737968,1341.5430153732243,1051.5841207259216,1363.2355954210996,-268.26631459942746,0.2751558964098358
2020,2020-02-04,True,False,sa,lal,102,129,19,22,33,28,0,21,30,36,42,0,home,10.5,226.5,500.0,-700.0,3.0,115.0,1.0,1,True,1694.974853319828,1610.1803282902797,1729.6547919654088,1575.500389644699,84.79452502954837,0.7434089636986808
2020,2020-02-04,True,False,por,den,99,127,28,10,36,25,0,37,27,36,27,0,home,4.5,226.0,155.0,-185.0,4.5,108.5,1.0,2,True,1636.1787997122633,1644.699144298662,1691.192527940938,1589.6854160699875,-8.520344586398778,0.6286895870381031
2020,2020-02-04,True,False,mil,no,120,108,26,32,42,20,0,33,28,24,23,0,away,6.5,245.0,-275.0,225.0,6.0,125.0,1.0,0,False,1646.537412072229,1776.986389168342,1595.0412862365972,1828.4825150039737,-130.4489770961129,0.4562922432989633
2020,2020-02-04,True,False,cha,hou,110,125,34,29,25,22,0,22,40,30,33,0,home,13.0,223.0,750.0,-1200.0,8.5,109.5,1.0,1,True,1637.1969760674328,1147.1502495286554,1639.8498473699547,1144.4973782261336,490.0467265387774,0.9675975431737401
2020,2020-02-05,True,False,gs,bkn,88,129,25,22,17,24,0,40,28,27,34,0,home,6.5,222.5,225.0,-275.0,2.5,108.0,1.0,0,True,1424.7798892970118,1342.1363140480967,1464.116848913909,1302.7993544311994,82.64357524891511,0.7410399882788489
2020,2020-02-05,True,False,orl,bos,100,116,24,32,24,20,0,32,25,30,29,0,home,5.5,209.5,190.0,-240.0,4.5,103.0,1.0,1,True,1748.455635131569,1362.6040980482353,1753.6277557538178,1357.4319774259864,385.8515370833336,0.9425019127505612
2020,2020-02-05,True,False,phx,det,108,116,31,30,25,22,0,38,26,25,27,0,away,3.0,217.5,-150.0,130.0,3.5,111.5,0.0,1,True,1243.3560552399513,1398.9180351294094,1299.3601377459843,1342.9139526233764,-155.56197988945814,0.4207146278609427
2020,2020-02-05,True,False,ind,tor,118,119,20,43,23,32,0,30,18,34,37,0,home,5.5,216.0,190.0,-240.0,7.5,105.0,0.0,1,True,1807.5038315468285,1502.2134973408704,1809.5698697010503,1500.1474591866486,305.29033420595806,0.9115765772131795
2020,2020-02-05,True,False,cle,okc,103,109,28,25,28,22,0,29,32,23,25,0,home,13.5,222.0,750.0,-1200.0,5.5,115.0,0.0,0,True,1696.4814864907216,1051.5841207259216,1697.1866174377099,1050.8789897789334,644.8973657648,0.9864533122342035
2020,2020-02-05,True,False,atl,min,127,120,36,28,32,31,0,24,32,21,43,0,home,4.5,239.5,160.0,-190.0,4.5,116.5,0.0,1,False,1182.0901896020187,1371.896725233688,1147.911020766271,1406.0758940694357,-189.80653563166925,0.3735614953109092
2020,2020-02-05,True,False,mem,dal,121,107,31,28,41,21,0,32,24,22,29,0,home,4.5,225.5,170.0,-200.0,4.5,116.5,0.0,1,False,1659.0770698467807,1619.9451440110772,1579.937458949686,1699.0847549081718,39.13192583570344,0.6901686233001527
2020,2020-02-05,True,False,mia,lac,111,128,23,35,22,31,0,25,30,37,36,0,home,6.5,224.5,225.0,-275.0,6.5,110.0,1.0,1,True,1641.1692526965514,1635.5571488797602,1685.752083318753,1590.9743182575587,5.612103816791205,0.6474735160591125
2020,2020-02-05,True,False,den,utah,98,95,25,24,23,26,0,32,25,18,20,0,home,10.0,215.0,365.0,-480.0,3.5,106.5,0.0,0,False,1591.8189806560724,1691.192527940938,1561.2655137054635,1721.7459948915468,-99.37354728486548,0.5009015369500939
2020,2020-02-06,True,False,orl,ny,103,105,19,28,36,20,0,30,24,22,29,0,away,3.5,208.0,-170.0,145.0,4.0,102.0,0.0,2,True,1363.2355954210996,1357.4319774259864,1380.1659332384183,1340.5016396086676,5.8036179951132,0.6477251097468355
2020,2020-02-06,True,False,no,chi,125,119,32,40,31,22,0,25,37,19,38,0,away,6.0,230.5,-240.0,190.0,0.5,114.0,2.0,1,False,1310.2743990012316,1595.0412862365972,1288.3024640391654,1617.0132211986634,-284.76688723536563,0.2566213853559503
2020,2020-02-06,True,False,phi,mil,101,112,26,25,23,27,0,22,32,32,26,0,home,9.0,228.0,375.0,-500.0,5.5,112.0,1.0,0,True,1828.4825150039737,1518.5205705914193,1835.6838415849095,1511.3192440104835,309.96194441255443,0.913720338794608
2020,2020-02-06,True,False,sa,por,117,125,35,25,32,25,0,27,32,27,39,0,home,3.5,228.0,140.0,-160.0,3.0,117.5,1.0,1,True,1589.6854160699875,1575.500389644699,1622.2244545301035,1542.961351184583,14.18502642528847,0.6586540261155072
2020,2020-02-06,True,False,hou,lal,121,111,28,35,34,24,0,29,34,30,18,0,home,6.5,240.0,225.0,-275.0,4.0,117.0,0.0,0,False,1729.6547919654088,1639.8498473699547,1657.1541781735054,1712.350461161858,89.80494459545412,0.748871959552169
2020,2020-02-07,True,False,por,utah,114,117,38,34,17,25,0,32,26,30,29,0,home,10.5,230.5,375.0,-500.0,10.5,114.0,0.0,1,True,1561.2655137054635,1622.2244545301035,1588.3512522235894,1595.1387160119775,-60.95894082463997,0.5559493109214158
2020,2020-02-07,True,False,hou,phx,91,127,26,29,18,18,0,46,19,32,30,0,away,2.5,234.5,-140.0,120.0,4.5,115.0,0.0,0,True,1342.9139526233764,1712.350461161858,1473.9995343229887,1581.2648794622457,-369.4365085384816,0.17494170790533425
2020,2020-02-07,True,False,mia,sac,97,105,28,22,26,21,0,30,22,31,22,0,away,1.0,219.5,-115.0,-105.0,0.5,108.0,0.0,0,True,1422.2601672168564,1590.9743182575587,1480.0366228752025,1533.1978625992126,-168.7141510407023,0.4023818600489464
2020,2020-02-07,True,False,tor,ind,115,106,36,28,23,28,0,31,32,20,23,0,home,1.0,217.5,100.0,-120.0,0.0,107.0,0.0,1,False,1500.1474591866486,1809.5698697010503,1476.7953996896395,1832.9219291980594,-309.4224105144017,0.23049251319607994
2020,2020-02-07,True,False,mem,phi,107,119,25,19,22,41,0,26,32,39,22,0,home,6.0,222.5,190.0,-240.0,0.5,113.5,1.0,1,True,1511.3192440104835,1699.0847549081718,1581.706943849717,1628.6970550689384,-187.76551089768827,0.3763149957569272
2020,2020-02-07,True,False,det,okc,101,108,24,23,21,33,0,29,23,26,30,0,home,13.0,214.5,650.0,-1000.0,6.0,104.5,0.0,0,True,1697.1866174377099,1299.3601377459843,1700.7129942362556,1295.8337609474386,397.8264796917256,0.9461255826321119
2020,2020-02-07,True,False,dal,wsh,118,119,33,31,29,25,0,29,33,30,27,0,away,3.0,234.0,-160.0,140.0,1.5,114.0,0.0,1,True,1312.2176413871348,1579.937458949686,1334.3051325829128,1557.849967753908,-267.71981756255127,0.27578377241300667
2020,2020-02-07,True,False,atl,bos,107,112,26,29,18,34,0,28,26,33,25,0,home,12.5,225.0,525.0,-750.0,9.0,110.0,0.0,0,True,1753.6277557538178,1406.0758940694357,1757.7627346482968,1401.9409151749567,347.5518616843822,0.9293216502476418
2020,2020-02-08,True,False,sa,sac,102,122,23,26,29,24,0,24,28,37,33,0,away,2.5,222.5,-140.0,120.0,2.0,115.0,0.0,1,True,1480.0366228752025,1542.961351184583,1539.8956607527537,1483.1023133070319,-62.9247283093805,0.5531539980856464
2020,2020-02-08,True,False,lal,gs,125,120,33,33,30,29,0,25,34,25,36,0,away,14.0,224.5,-1600.0,900.0,6.5,110.5,0.0,1,False,1302.7993544311994,1657.1541781735054,1287.991462984573,1671.9620696201318,-354.35482374230605,0.187828217572262
2020,2020-02-08,True,False,lac,min,115,142,31,28,29,27,0,40,41,31,30,0,away,9.5,233.0,-500.0,375.0,11.5,113.5,0.0,1,True,1147.911020766271,1685.752083318753,1283.6139532035554,1550.0491508814684,-537.8410625524821,0.07443929507475873
2020,2020-02-08,True,False,bkn,tor,118,119,36,18,34,30,0,33,33,34,19,0,home,6.0,218.0,215.0,-265.0,0.5,111.5,0.0,1,True,1832.9219291980594,1464.116848913909,1834.3268086798294,1462.711969432139,368.80508028415034,0.936947466643101
2020,2020-02-08,True,False,den,phx,117,108,28,27,28,34,0,37,17,24,30,0,away,3.5,218.0,-180.0,150.0,2.5,107.0,1.0,1,False,1473.9995343229887,1721.7459948915468,1443.6734319213267,1752.0720972932088,-247.74646056855818,0.2993286120607888
2020,2020-02-08,True,False,dal,cha,116,100,31,33,30,22,0,10,33,22,35,0,away,3.5,212.0,-160.0,140.0,3.5,103.0,1.0,1,False,1144.4973782261336,1557.849967753908,1126.871651960989,1575.4756940190525,-413.3525895277744,0.14138881870106149
2020,2020-02-08,True,False,ny,det,95,92,17,31,19,28,0,28,22,17,25,0,away,1.5,212.0,-125.0,105.0,0.5,103.0,1.0,0,False,1295.8337609474386,1380.1659332384183,1263.9608684721309,1412.038825713726,-84.33217229097977,0.5225325444649264
2020,2020-02-08,True,False,mil,orl,111,95,29,33,21,28,0,24,22,25,24,0,away,8.5,221.0,-400.0,300.0,0.0,112.0,1.0,0,False,1340.5016396086676,1835.6838415849095,1328.879799320126,1847.305681873451,-495.1822019762419,0.09322726591861143
2020,2020-02-08,True,False,no,ind,124,117,31,29,28,36,0,26,29,30,32,0,home,5.0,224.0,175.0,-210.0,5.5,111.0,0.0,1,False,1476.7953996896395,1617.0132211986634,1436.3197404633313,1657.4888804249715,-140.2178215090239,0.44237903668565487
2020,2020-02-09,True,False,mem,wsh,106,99,18,29,33,26,0,30,25,30,14,0,away,2.5,240.5,-145.0,125.0,4.0,122.5,1.0,0,False,1334.3051325829128,1628.6970550689384,1311.7794165469459,1651.2227711049054,-294.3919224860256,0.2461949910421402
2020,2020-02-09,True,False,bos,okc,112,111,28,24,32,28,0,32,29,23,27,0,away,1.5,219.5,-125.0,105.0,3.5,112.5,0.0,1,False,1700.7129942362556,1757.7627346482968,1683.588178042433,1774.8875508421195,-57.049740412041274,0.5614974408855234
2020,2020-02-09,True,False,ny,atl,135,140,31,32,20,33,19,20,41,33,22,24,home,5.0,226.5,170.0,-200.0,5.0,110.5,2.0,1,True,1401.9409151749567,1412.038825713726,1431.3813912168218,1382.598349671861,-10.097910538769383,0.6265672152342637
2020,2020-02-09,True,False,utah,hou,114,113,25,29,27,33,0,33,25,25,30,0,home,2.5,233.5,125.0,-145.0,0.0,119.5,0.0,0,False,1581.2648794622457,1588.3512522235894,1562.0320989723775,1607.5840327134576,-7.086372761343682,0.6306144780736095
2020,2020-02-09,True,False,lac,cle,133,92,36,37,34,26,0,21,29,23,19,0,away,6.0,231.5,-250.0,200.0,3.0,112.0,1.0,0,False,1050.8789897789334,1550.0491508814684,1035.8632584444792,1565.0648822159226,-499.1701611025351,0.09130465131755784
2020,2020-02-09,True,False,mia,por,109,115,36,24,23,26,0,38,25,30,22,0,home,5.5,226.5,180.0,-220.0,2.5,112.0,1.0,0,True,1595.1387160119775,1533.1978625992126,1617.9137301113249,1510.4228484998653,61.94085341276491,0.7175227194878673
2020,2020-02-09,True,False,chi,phi,111,118,25,30,28,28,0,38,22,23,35,0,home,11.0,213.5,475.0,-675.0,5.5,105.0,0.0,1,True,1581.706943849717,1288.3024640391654,1588.363291962033,1281.6461159268495,293.4044798105515,0.9059040361746148
2020,2020-02-10,True,False,phx,lal,100,125,30,22,23,25,0,31,30,29,35,0,home,13.0,230.5,700.0,-1100.0,5.0,118.0,1.0,0,True,1671.9620696201318,1443.6734319213267,1687.2828085539443,1428.3526929875143,228.28863769880513,0.8687305934758844
2020,2020-02-10,True,False,mia,gs,113,101,24,38,21,30,0,20,23,32,26,0,away,7.0,219.5,-300.0,240.0,1.5,107.5,1.0,0,False,1287.991462984573,1510.4228484998653,1250.6631761252445,1547.7511353591938,-222.43138551529228,0.3307551291123499
2020,2020-02-10,True,False,sa,den,120,127,40,27,26,27,0,30,23,36,38,0,home,6.5,216.0,240.0,-300.0,9.5,111.0,1.0,1,True,1752.0720972932088,1483.1023133070319,1759.7718607736745,1475.4025498265662,268.96978398617694,0.8932103228339727
2020,2020-02-10,True,False,utah,dal,123,119,32,39,29,23,0,24,26,34,35,0,home,0.0,216.5,-110.0,-110.0,6.0,111.0,0.0,1,False,1575.4756940190525,1607.5840327134576,1533.2358683453494,1649.8238583871607,-32.10833869440512,0.5964790754722661
2020,2020-02-10,True,False,cha,det,87,76,21,26,19,21,0,11,26,22,17,0,home,3.5,206.5,145.0,-170.0,4.5,100.5,0.0,0,False,1263.9608684721309,1126.871651960989,1187.370407602552,1203.462112830568,137.08921651114179,0.7965379444832621
2020,2020-02-10,True,False,min,tor,126,137,36,39,19,32,0,40,34,32,31,0,home,8.5,235.0,280.0,-360.0,5.5,115.5,1.0,1,True,1834.3268086798294,1283.6139532035554,1835.9535252756577,1281.987236607727,550.712855476274,0.9769282503888127
2020,2020-02-10,True,False,atl,orl,126,135,28,33,35,30,0,22,34,37,42,0,home,8.5,222.5,300.0,-400.0,8.0,109.5,1.0,1,True,1328.879799320126,1431.3813912168218,1379.9014026603122,1380.3597878766357,-102.5015918966958,0.49639998207956004
2020,2020-02-10,True,False,bkn,ind,106,105,30,21,26,29,0,28,20,32,25,0,home,6.5,217.0,225.0,-275.0,5.5,111.5,0.0,0,False,1436.3197404633313,1462.711969432139,1417.8872800882657,1481.1444298072047,-26.392228968807785,0.6043731630565812
2020,2020-02-10,True,False,sac,mil,111,123,24,34,32,21,0,38,19,31,35,0,home,10.0,229.5,425.0,-600.0,7.0,113.0,1.0,1,True,1847.305681873451,1539.8956607527537,1854.8540616816683,1532.3472809445364,307.41002112069737,0.9125551811509585
2020,2020-02-11,True,False,chi,wsh,114,126,26,36,20,32,0,36,33,31,26,0,home,3.5,230.0,145.0,-170.0,0.5,112.0,1.0,1,True,1311.7794165469459,1281.6461159268495,1346.948776020044,1246.4767564537512,30.133300620096406,0.6789841957722257
2020,2020-02-11,True,False,lac,phi,103,110,22,32,23,26,0,30,24,27,29,0,away,1.0,228.0,-120.0,100.0,0.0,111.5,0.0,0,True,1588.363291962033,1565.0648822159226,1617.838159037305,1535.5900151406504,23.298409746110337,0.6703487232131978
2020,2020-02-11,True,False,por,no,117,138,36,29,21,31,0,27,36,41,34,0,home,3.0,243.0,130.0,-150.0,3.0,118.5,1.0,1,True,1657.4888804249715,1617.9137301113249,1697.9522552597282,1577.4503552765682,39.575150313646645,0.690713940429432
2020,2020-02-11,True,False,sa,okc,114,106,25,24,30,35,0,14,27,36,29,0,home,8.0,219.5,280.0,-360.0,7.0,112.5,0.0,1,False,1683.588178042433,1475.4025498265662,1615.1749417154408,1543.8157861535583,208.1856282158667,0.8549617317908971
2020,2020-02-11,True,False,bos,hou,105,116,19,30,22,34,0,23,24,31,38,0,home,2.5,232.5,115.0,-135.0,3.0,119.0,1.0,0,True,1562.0320989723775,1774.8875508421195,1633.858256084405,1703.061393730092,-212.85545186974196,0.343068818389514
2020,2020-02-12,True,False,cha,min,115,108,28,22,31,34,0,36,30,21,21,0,home,6.0,224.5,220.0,-270.0,2.0,108.5,0.0,0,False,1281.987236607727,1203.462112830568,1219.51012054134,1265.939228896955,78.52512377715902,0.7364645527540167
2020,2020-02-12,True,False,sac,dal,111,130,28,24,25,34,0,32,31,33,34,0,home,8.5,226.0,300.0,-400.0,1.5,111.5,1.0,1,True,1533.2358683453494,1532.3472809445364,1580.4824970245256,1485.1006522653602,0.8885874008130941,0.6412425841465881
2020,2020-02-12,True,False,por,mem,104,111,27,36,19,22,0,31,36,25,19,0,home,3.5,235.0,140.0,-160.0,1.0,115.0,1.0,0,True,1651.2227711049054,1577.4503552765682,1674.1338219446432,1554.5393044368304,73.77241582833722,0.7311203959392526
2020,2020-02-12,True,False,tor,bkn,91,101,19,21,25,26,0,23,29,23,26,0,away,4.0,224.0,-180.0,150.0,6.0,109.0,0.0,0,True,1481.1444298072047,1835.9535252756577,1566.8766105348764,1750.221344547986,-354.80909546845305,0.1874296283891683
2020,2020-02-12,True,False,det,orl,112,116,20,35,26,27,4,32,27,28,21,8,home,6.5,208.5,230.0,-280.0,2.5,102.5,0.0,1,True,1379.9014026603122,1187.370407602552,1389.1991287741268,1178.0726814887373,192.53099505776026,0.8434260454786429
2020,2020-02-12,True,False,atl,cle,105,127,19,29,32,25,0,33,32,33,29,0,away,3.0,234.5,-150.0,130.0,6.0,114.0,0.0,0,True,1035.8632584444792,1380.3597878766357,1146.6963561105902,1269.5266902105247,-344.4965294321564,0.19663891418797816
2020,2020-02-12,True,False,wsh,ny,114,96,25,21,31,37,0,24,26,23,23,0,home,3.0,227.5,130.0,-150.0,1.0,110.5,0.0,0,False,1382.598349671861,1346.948776020044,1296.799482417134,1432.747643274771,35.64957365181681,0.6858658036146038
2020,2020-02-12,True,False,lal,den,120,116,23,38,23,27,9,31,24,32,24,5,away,3.0,220.5,-145.0,125.0,0.5,108.5,1.0,1,False,1759.7718607736745,1687.2828085539443,1711.5928445680552,1735.4618247595636,72.48905221973018,0.729665632556943
2020,2020-02-12,True,False,mia,utah,101,116,28,24,22,27,0,25,22,32,37,0,home,4.5,216.5,160.0,-190.0,4.0,106.0,1.0,1,True,1649.8238583871607,1547.7511353591938,1676.1783312475993,1521.3966624987552,102.07272302796696,0.7619180568072212
2020,2020-02-12,True,False,mil,ind,111,118,20,25,26,40,0,34,34,14,36,0,home,1.5,224.0,110.0,-130.0,5.0,113.5,1.0,1,True,1417.8872800882657,1854.8540616816683,1497.883856856625,1774.857484913309,-436.96678159340263,0.12567678339541574
2020,2020-02-12,True,False,gs,phx,106,112,24,26,26,30,0,34,24,29,25,0,home,7.0,227.0,240.0,-300.0,1.0,110.5,0.0,0,True,1428.3526929875143,1250.6631761252445,1440.580398367408,1238.4354707453508,177.68951686226978,0.8318099438155159
2020,2020-02-13,True,False,okc,no,123,118,29,37,32,25,0,30,28,35,25,0,home,3.5,234.0,150.0,-180.0,5.0,114.0,0.0,1,False,1697.9522552597282,1615.1749417154408,1643.9861049480037,1669.1410920271653,82.77731354428738,0.7411876966899014
2020,2020-02-13,True,False,lac,bos,133,141,32,26,29,27,19,30,30,31,23,27,home,1.0,228.5,-105.0,-115.0,0.0,111.0,1.0,1,True,1703.061393730092,1535.5900151406504,1717.68395974838,1520.9674491223625,167.47137858944166,0.8234195137483392
2020,2020-02-20,True,False,cha,chi,103,93,33,27,19,24,0,20,24,29,20,0,home,4.5,211.5,160.0,-190.0,6.0,102.5,0.0,0,False,1246.4767564537512,1265.939228896955,1181.7088787821979,1330.7071065685084,-19.46247244320375,0.6138705207463854
2020,2020-02-20,True,False,mia,atl,124,129,36,28,33,27,0,32,31,27,39,0,away,6.5,230.0,-250.0,200.0,4.5,112.5,0.0,1,True,1269.5266902105247,1521.3966624987552,1325.1564138211047,1465.7669388881752,-251.86997228823043,0.29437409320060365
2020,2020-02-20,True,False,mil,det,126,106,32,38,28,28,0,18,23,30,35,0,away,13.0,227.0,-1100.0,700.0,0.0,115.0,1.0,1,False,1178.0726814887373,1774.857484913309,1170.814665262954,1782.1155011390924,-596.7848034245717,0.05418088307659173
2020,2020-02-20,True,False,bkn,phi,104,112,20,32,26,25,1,26,16,35,26,9,home,6.5,213.5,225.0,-275.0,7.5,111.0,1.0,1,True,1617.838159037305,1566.8766105348764,1645.0176406102892,1539.6971289618923,50.96154850242874,0.7045385187701142
2020,2020-02-20,True,False,hou,gs,135,105,38,34,37,26,0,17,33,27,28,0,away,10.0,233.0,-500.0,375.0,0.5,113.0,1.0,1,False,1238.4354707453508,1633.858256084405,1215.1081196762657,1657.18560715349,-395.42278533905414,0.1543881902237376
2020,2020-02-20,True,False,mem,sac,125,129,35,26,29,35,0,37,33,27,32,0,away,1.5,229.5,-125.0,105.0,3.0,118.0,0.0,1,True,1485.1006522653602,1674.1338219446432,1529.3882466975322,1629.8462275124712,-189.033169679283,0.374603872992814
2020,2020-02-21,True,False,mem,lal,105,117,22,19,36,28,0,28,32,24,33,0,home,10.5,234.0,450.0,-650.0,0.0,118.0,1.0,0,True,1735.4618247595636,1629.8462275124712,1759.3888659986096,1605.919186273425,105.61559724709241,0.7655977999144884
2020,2020-02-21,True,False,no,por,128,115,40,33,29,26,0,35,28,20,32,0,away,5.5,238.5,-255.0,205.0,0.0,117.0,1.0,1,False,1554.5393044368304,1643.9861049480037,1494.7170614141644,1703.8083479706697,-89.44680051117325,0.515182605954047
2020,2020-02-21,True,False,sa,utah,113,104,27,38,28,20,0,21,25,29,29,0,home,7.0,223.5,240.0,-300.0,9.5,111.0,0.0,0,False,1676.1783312475993,1543.8157861535583,1605.3089079124334,1614.6852094887242,132.36254509404102,0.7920927342739453
2020,2020-02-21,True,False,den,okc,101,113,17,31,29,24,0,27,21,30,35,0,home,1.5,216.0,110.0,-130.0,0.0,105.0,1.0,0,True,1669.1410920271653,1711.5928445680552,1716.3078069832484,1664.426129611972,-42.451752540889856,0.582069411492267
2020,2020-02-21,True,False,phx,tor,101,118,23,20,35,23,0,31,36,26,25,0,home,8.0,229.0,290.0,-380.0,1.5,116.5,1.0,0,True,1750.221344547986,1440.580398367408,1758.6139298819955,1432.1878130333985,309.6409461805781,0.9135745540524753
2020,2020-02-21,True,False,ind,ny,106,98,15,36,29,26,0,20,24,21,33,0,away,6.5,212.5,-290.0,235.0,2.0,104.0,1.0,0,False,1296.799482417134,1497.883856856625,1262.1406378093486,1532.5427014644104,-201.08437443949106,0.35849818081329843
2020,2020-02-21,True,False,dal,orl,122,106,34,30,27,31,0,18,34,32,22,0,away,4.5,221.5,-190.0,160.0,1.0,109.0,1.0,1,False,1389.1991287741268,1580.4824970245256,1342.8781712564892,1626.8034545421633,-191.28336825039878,0.37157421861658285
2020,2020-02-21,True,False,cle,wsh,113,108,32,29,20,32,0,41,25,21,21,0,home,6.5,237.0,205.0,-255.0,1.5,116.5,0.0,0,False,1432.747643274771,1146.6963561105902,1377.4390032142933,1202.004996171068,286.05128716418085,0.9022333654137515
2020,2020-02-21,True,False,bos,min,127,117,24,37,34,32,0,20,33,35,29,0,away,8.0,226.5,-360.0,280.0,2.5,115.5,1.0,1,False,1219.51012054134,1717.68395974838,1209.8264817958054,1727.3675984939146,-498.1738392070399,0.09178161417588149
2020,2020-02-22,True,False,phi,mil,98,119,21,29,23,25,0,31,25,37,26,0,home,9.5,227.0,360.0,-470.0,5.0,109.5,1.0,0,True,1782.1155011390924,1645.0176406102892,1806.4502023581351,1620.6829393912465,137.09786052880327,0.796546008563334
2020,2020-02-22,True,False,hou,utah,120,110,38,24,38,20,0,36,30,19,25,0,home,2.0,233.0,110.0,-130.0,0.0,115.0,0.0,0,False,1605.3089079124334,1657.18560715349,1545.2946697447787,1717.1998453211447,-51.87669924105671,0.56881548324003
2020,2020-02-22,True,False,phx,chi,112,104,22,25,36,29,0,24,33,23,24,0,away,3.0,222.0,-150.0,130.0,4.5,113.0,1.0,0,False,1181.7088787821979,1432.1878130333985,1153.088347106363,1460.8083447092333,-250.4789342512006,0.29604012066205443
2020,2020-02-22,True,False,dal,atl,107,111,35,31,20,21,0,21,37,19,34,0,home,2.0,236.0,115.0,-135.0,4.0,115.0,1.0,0,True,1325.1564138211047,1626.8034545421633,1379.0803474249308,1572.8795209383372,-301.6470407210586,0.23852673279704295
2020,2020-02-22,True,False,bkn,cha,115,86,30,25,33,27,0,25,20,18,23,0,away,4.5,210.0,-190.0,160.0,1.0,108.5,1.0,0,False,1330.7071065685084,1539.6971289618923,1278.612858280693,1591.7913772497077,-208.99002239338392,0.3481009937097043
2020,2020-02-22,True,False,sac,lac,112,103,25,29,34,24,0,13,35,35,20,0,home,9.0,232.5,350.0,-450.0,9.0,115.0,0.0,0,False,1520.9674491223625,1529.3882466975322,1457.2590014921757,1593.096694327719,-8.420797575169672,0.6288233467366453
2020,2020-02-22,True,False,cle,mia,105,124,32,20,26,27,0,38,44,24,18,0,home,12.5,222.0,700.0,-1100.0,0.5,107.5,1.0,1,True,1465.7669388881752,1202.004996171068,1477.2070477602726,1190.5648872989705,263.76194271710733,0.8903168901251557
2020,2020-02-23,True,False,bos,lal,112,114,19,35,33,25,0,28,28,31,27,0,home,7.5,222.5,260.0,-330.0,4.0,115.0,0.0,1,True,1759.3888659986096,1727.3675984939146,1774.3142173576298,1712.4422471348944,32.02126750469506,0.6813484159150418
2020,2020-02-23,True,False,no,gs,115,101,29,17,31,38,0,33,23,21,24,0,away,10.0,238.0,-600.0,425.0,11.0,115.5,1.0,0,False,1215.1081196762657,1703.8083479706697,1203.6181016518608,1715.2983659950746,-488.70022829440404,0.09642981255504252
2020,2020-02-23,True,False,ind,tor,81,127,12,20,23,26,0,34,29,22,42,0,home,5.0,219.5,175.0,-210.0,5.0,106.5,1.0,0,True,1758.6139298819955,1532.5427014644104,1776.9535213523216,1514.2031099940843,226.0712284175852,0.8672681026052081
2020,2020-02-23,True,False,min,den,116,128,38,27,22,29,0,43,30,24,31,0,home,14.5,221.0,850.0,-1500.0,6.5,109.5,0.0,1,True,1664.426129611972,1209.8264817958054,1667.4867529223434,1206.7658584854341,454.5996478161667,0.9605522816799731
2020,2020-02-23,True,False,sa,okc,103,131,29,26,18,30,0,29,32,37,33,0,home,5.0,222.5,180.0,-220.0,1.0,110.0,1.0,1,True,1716.3078069832484,1614.6852094887242,1748.3915259763585,1582.6014904956141,101.62259749452414,0.7614477094935065
2020,2020-02-23,True,False,det,por,104,107,24,27,34,19,0,40,13,27,27,0,home,5.5,220.0,185.0,-230.0,3.5,107.0,0.0,0,True,1494.7170614141644,1170.814665262954,1498.4103103277705,1167.1214163493478,323.9023961512105,0.9198402389814208
2020,2020-02-23,True,False,wsh,chi,117,126,31,27,27,32,0,35,38,28,25,0,away,3.5,229.5,-160.0,140.0,5.5,112.0,0.0,1,True,1153.088347106363,1377.4390032142933,1221.1393575669777,1309.3879927536786,-224.35065610793026,0.32831412884124195
2020,2020-02-24,True,False,min,dal,123,139,27,38,31,27,0,41,40,29,29,0,home,13.5,239.0,750.0,-1200.0,3.0,116.0,1.0,1,True,1572.8795209383372,1206.7658584854341,1578.717316211206,1200.9280632125653,366.1136624529031,0.9360259655059812
2020,2020-02-24,True,False,ny,hou,112,123,33,24,29,26,0,36,36,29,22,0,home,12.0,225.0,650.0,-1000.0,2.5,110.0,0.0,1,True,1717.1998453211447,1262.1406378093486,1720.1564982172356,1259.1839849132577,455.0592075117961,0.9606523995191644
2020,2020-02-24,True,False,orl,bkn,115,113,22,19,40,34,0,27,27,33,26,0,home,3.5,213.0,145.0,-170.0,1.5,108.5,0.0,1,False,1591.7913772497077,1342.8781712564892,1557.6658451228632,1377.0037033833337,248.91320599321853,0.88168725082406
2020,2020-02-24,True,False,phx,utah,131,111,27,35,37,32,0,35,27,26,23,0,home,8.5,224.0,300.0,-400.0,6.5,116.0,0.0,1,False,1545.2946697447787,1460.8083447092333,1453.5083968706053,1552.5946175834067,84.4863250355454,0.7430703963516053
2020,2020-02-24,True,False,mia,cle,119,125,29,39,31,12,8,21,35,24,31,14,away,6.5,221.5,-265.0,215.0,0.0,108.5,0.0,1,True,1190.5648872989705,1477.2070477602726,1254.38885396985,1413.383081089393,-286.6421604613022,0.2545674846448343
2020,2020-02-24,True,False,mil,wsh,137,134,30,27,38,28,14,25,22,35,41,11,away,13.0,243.0,-1300.0,775.0,5.0,121.5,0.0,1,False,1309.3879927536786,1806.4502023581351,1303.756972515248,1812.0812225965658,-497.0622096044565,0.09231642014919733
2020,2020-02-24,True,False,atl,phi,112,129,24,28,40,20,0,41,28,22,38,0,home,8.5,227.0,300.0,-400.0,0.0,111.0,1.0,1,True,1620.6829393912465,1379.0803474249308,1633.2585463961148,1366.5047404200625,241.60259196631569,0.8772263447510239
2020,2020-02-24,True,False,mem,lac,97,124,14,23,29,31,0,40,26,24,34,0,home,11.0,235.5,475.0,-675.0,1.5,118.0,1.0,0,True,1457.2590014921757,1605.919186273425,1540.768132674292,1522.4100550913088,-148.66018478124943,0.4304266758543699
2020,2020-02-25,True,False,no,lal,109,118,26,32,28,23,0,30,34,24,30,0,home,7.5,239.5,270.0,-340.0,2.5,117.0,1.0,0,True,1774.3142173576298,1715.2983659950746,1801.665884861402,1687.9466984913024,59.01585136255517,0.7140975323006062
2020,2020-02-25,True,False,sac,gs,112,94,33,22,26,31,0,22,21,30,21,0,away,7.5,223.5,-320.0,255.0,0.5,109.0,1.0,0,False,1203.6181016518608,1593.096694327719,1183.030675451213,1613.6841205283667,-389.4785926758582,0.15890838741279692
2020,2020-02-25,True,False,cha,ind,80,119,25,19,11,25,0,35,34,25,25,0,home,11.5,208.5,550.0,-800.0,0.5,102.0,1.0,0,True,1514.2031099940843,1278.612858280693,1530.8270917046568,1261.9888765701205,235.59025171339135,0.8734499311823058
2020,2020-02-25,True,False,bos,por,118,106,28,28,29,33,0,24,24,22,36,0,away,7.0,223.0,-300.0,240.0,1.5,114.5,1.0,1,False,1498.4103103277705,1712.4422471348944,1459.8644005194624,1750.9881569432025,-214.03193680712388,0.34154413309792325
2020,2020-02-25,True,False,okc,chi,124,122,36,36,19,33,0,28,27,38,29,0,away,8.0,219.5,-360.0,280.0,0.5,106.5,0.0,1,False,1221.1393575669777,1748.3915259763585,1217.332694108681,1752.1981894346552,-527.2521684093808,0.07874941823428555
2020,2020-02-25,True,False,mil,tor,108,97,25,25,34,24,0,27,25,19,26,0,home,0.0,232.5,-110.0,-110.0,0.0,119.0,0.0,0,False,1776.9535213523216,1812.0812225965658,1712.1951047324128,1876.8396392164746,-35.127701244244236,0.5922887268351037
2020,2020-02-25,True,False,det,den,98,115,23,23,26,26,0,29,30,23,33,0,home,14.0,213.5,750.0,-1200.0,3.0,104.0,1.0,0,True,1667.4867529223434,1167.1214163493478,1670.079756193068,1164.528413078623,500.3653365729956,0.9694089978187745
2020,2020-02-26,True,False,dal,sa,109,103,36,23,29,21,0,20,29,28,26,0,away,4.0,232.5,-180.0,150.0,1.0,113.0,1.0,0,False,1582.6014904956141,1578.717316211206,1527.5731900394032,1633.745616667417,3.884174284408118,0.6451998356255999
2020,2020-02-26,True,False,bos,utah,114,103,23,30,32,29,0,15,36,31,21,0,home,5.0,218.0,180.0,-220.0,4.5,112.0,0.0,0,False,1453.5083968706053,1750.9881569432025,1426.9494894680352,1777.5470643457725,-297.4797600725972,0.2429111499734163
2020,2020-02-26,True,False,min,mia,129,126,29,28,38,34,0,28,32,34,32,0,home,12.0,234.0,550.0,-800.0,7.0,115.0,0.0,1,False,1413.383081089393,1200.9280632125653,1370.2191424330633,1244.092001868895,212.4550178768277,0.8579827744539529
2020,2020-02-26,True,False,ny,cha,101,107,27,19,29,26,0,30,26,29,22,0,away,2.0,207.5,-135.0,115.0,3.5,101.5,0.0,1,True,1261.9888765701205,1259.1839849132577,1292.4034542737086,1228.7694072096697,2.8048916568627646,0.643776328969638
2020,2020-02-26,True,False,mem,hou,112,140,17,30,41,24,0,35,38,38,29,0,home,12.0,237.5,550.0,-800.0,0.5,121.0,1.0,1,True,1720.1564982172356,1522.4100550913088,1739.0392723252457,1503.5272809832986,197.74644312592682,0.8473500246182689
2020,2020-02-26,True,False,bkn,wsh,106,110,17,30,37,22,0,31,29,21,29,0,away,1.5,233.5,-125.0,105.0,4.5,119.5,0.0,0,True,1303.756972515248,1557.6658451228632,1353.8982871680962,1507.524530470015,-253.9088726076152,0.29194203503272
2020,2020-02-26,True,False,phi,cle,94,108,17,27,24,26,0,28,27,22,31,0,away,7.5,216.5,-350.0,275.0,5.5,105.5,0.0,0,True,1254.38885396985,1633.2585463961148,1353.6155040480494,1534.0318963179152,-378.8696924262647,0.16724175304319616
2020,2020-02-26,True,False,orl,atl,130,120,23,41,39,27,0,27,37,31,25,0,away,2.5,230.0,-140.0,120.0,1.5,118.5,1.0,1,False,1366.5047404200625,1377.0037033833337,1300.4542770388045,1443.0541667645916,-10.498962963271197,0.6260268795128554
2020,2020-02-26,True,False,lac,phx,102,92,21,33,22,26,0,29,20,17,26,0,away,7.5,232.5,-330.0,260.0,3.5,113.5,1.0,0,False,1552.5946175834067,1540.768132674292,1484.2329753502506,1609.129774907448,11.826484909114697,0.6555950142463758
2020,2020-02-27,True,False,ny,phi,106,115,21,25,33,27,0,26,35,26,28,0,home,7.5,209.5,260.0,-330.0,0.5,103.5,1.0,1,True,1534.0318963179152,1228.7694072096697,1540.8962758353675,1221.9050276922173,305.2624891082455,0.9115636562891153
2020,2020-02-27,True,False,sac,okc,108,112,27,34,21,26,0,25,25,31,31,0,home,8.0,220.0,280.0,-360.0,8.0,109.5,0.0,2,True,1752.1981894346552,1613.6841205283667,1764.7709948402135,1601.1113151228085,138.51406890628846,0.7978639887359485
2020,2020-02-27,True,False,por,ind,100,106,24,25,26,25,0,30,13,37,26,0,home,10.0,218.0,400.0,-550.0,9.0,106.5,0.0,0,True,1530.8270917046568,1459.8644005194624,1552.5783006596193,1438.1131915644999,70.96269118519444,0.7279289814092783
2020,2020-02-27,True,False,lal,gs,116,86,24,30,40,22,0,24,28,17,17,0,away,10.0,220.5,-600.0,425.0,6.5,109.5,1.0,0,False,1183.030675451213,1801.665884861402,1175.7652429795214,1808.9313173330936,-618.635209410189,0.04808505548595268
2020,2020-02-28,True,False,det,phx,113,111,29,23,32,29,0,24,29,26,32,0,home,9.0,218.0,325.0,-425.0,5.5,106.5,0.0,1,False,1484.2329753502506,1164.528413078623,1450.606437217822,1198.1549512110516,319.70456227162754,0.918040303383905
2020,2020-02-28,True,False,dal,mia,118,126,31,24,38,25,0,31,32,25,38,0,home,2.5,229.0,125.0,-145.0,1.5,111.0,1.0,1,True,1370.2191424330633,1633.745616667417,1439.7662182758056,1564.1985408246746,-263.5264742343536,0.2806309485311839
2020,2020-02-28,True,False,den,lac,103,132,27,29,23,24,0,37,29,32,34,0,home,7.0,220.0,225.0,-275.0,0.5,108.5,1.0,1,True,1609.129774907448,1670.079756193068,1675.5812472850735,1603.6282838154425,-60.94998128561997,0.5559620432504673
2020,2020-02-28,True,False,wsh,utah,119,129,28,32,21,38,0,31,27,32,39,0,home,10.0,231.5,425.0,-600.0,7.5,117.5,2.0,1,True,1426.9494894680352,1353.8982871680962,1453.4673084103886,1327.3804682257428,73.05120229993895,0.7303034701339155
2020,2020-02-28,True,False,okc,mil,86,133,24,23,22,17,0,31,39,37,26,0,home,10.0,227.0,450.0,-650.0,1.5,110.0,1.0,0,True,1876.8396392164746,1764.7709948402135,1911.7314872411257,1729.8791468155623,112.06864437626109,0.7721981908361517
2020,2020-02-28,True,False,sac,mem,104,101,21,29,31,23,0,30,17,28,26,0,home,2.5,227.0,115.0,-135.0,1.5,110.0,0.0,0,False,1503.5272809832986,1601.1113151228085,1472.8167309387593,1631.8218651673478,-97.58403413950987,0.503476798320787
2020,2020-02-28,True,False,cle,no,104,116,25,30,28,21,0,43,27,25,21,0,home,12.5,235.0,650.0,-1000.0,2.5,113.5,0.0,0,True,1687.9466984913024,1353.6155040480494,1694.3615326235974,1347.2006699157544,334.331194443253,0.9241566339754915
2020,2020-02-28,True,False,cha,tor,99,96,25,27,21,26,0,23,18,25,30,0,home,13.5,214.0,800.0,-1400.0,13.0,105.5,0.0,0,False,1712.1951047324128,1292.4034542737086,1671.285975106202,1333.3125838999194,419.7916504587042,0.9522187399832928
2020,2020-02-28,True,False,min,orl,125,136,35,30,31,29,0,35,34,34,33,0,home,8.0,234.0,280.0,-360.0,3.5,115.0,1.0,1,True,1443.0541667645916,1244.092001868895,1456.8922929611647,1230.253875672322,198.96216489569656,0.8482530361291561
2020,2020-02-28,True,False,bkn,atl,118,141,36,26,36,20,0,29,39,40,33,0,away,2.5,236.5,-140.0,120.0,3.0,121.5,0.0,1,True,1300.4542770388045,1507.524530470015,1391.2609023767623,1416.7179051320572,-207.0702534312104,0.35061296955027166
2020,2020-02-29,True,False,gs,phx,115,99,28,33,31,23,0,41,24,16,18,0,home,10.5,221.5,400.0,-550.0,5.5,109.0,0.0,0,False,1450.606437217822,1175.7652429795214,1362.9520490225707,1263.4196311747728,274.84119423830066,0.8963916373153739
2020,2020-02-29,True,False,orl,sa,113,114,27,26,28,32,0,38,23,24,29,0,home,4.5,222.5,155.0,-185.0,0.5,114.0,0.0,1,True,1527.5731900394032,1456.8922929611647,1535.3323207488222,1449.1331622517457,70.68089707823856,0.727607600996578
2020,2020-02-29,True,False,lal,mem,88,105,25,21,20,22,0,29,29,28,19,0,away,11.0,228.0,-700.0,500.0,10.5,112.0,0.0,0,True,1472.8167309387593,1808.9313173330936,1574.0016971423065,1707.7463511295464,-336.1145863943343,0.20437282279502986
2020,2020-02-29,True,False,hou,bos,111,110,19,26,36,23,7,28,28,22,26,6,away,0.0,232.5,-110.0,-110.0,3.5,113.5,1.0,0,False,1777.5470643457725,1739.0392723252457,1757.3010495826315,1759.2852870883867,38.50779202052672,0.6893998286029569
2020,2020-02-29,True,False,por,atl,117,129,28,28,34,27,0,23,40,44,22,0,home,2.0,239.0,110.0,-130.0,0.5,117.5,1.0,1,True,1391.2609023767623,1438.1131915644999,1439.1244881675464,1390.2496057737158,-46.8522891877376,0.5758946410353535
2020,2020-02-29,True,False,bkn,mia,113,116,27,22,31,33,0,24,33,34,25,0,home,7.5,219.5,260.0,-330.0,1.5,112.5,0.0,1,True,1439.7662182758056,1416.7179051320572,1459.4399063832625,1397.0442170246004,23.048313143748373,0.6700305046687287
2020,2020-02-29,True,False,chi,ny,115,125,25,28,33,29,0,31,35,23,36,0,home,2.5,214.0,120.0,-140.0,3.0,105.5,1.0,1,True,1221.9050276922173,1217.332694108681,1259.0734996138278,1180.1642221870704,4.57233358353642,0.6461061365925963
2020,2020-02-29,True,False,ind,cle,113,104,30,26,30,27,0,31,27,28,18,0,away,9.0,215.0,-450.0,350.0,6.5,106.0,2.0,1,False,1347.2006699157544,1552.5783006596193,1311.4536730657817,1588.325297509592,-205.37763074386498,0.35283462446718317
2020,2020-03-01,True,False,lal,no,122,114,29,34,30,29,0,33,28,34,19,0,home,2.0,235.5,115.0,-135.0,1.5,116.0,0.0,1,False,1694.3615326235974,1707.7463511295464,1634.215362918058,1767.8925208350859,-13.384818505948942,0.622129579515191
2020,2020-03-01,True,False,mil,cha,93,85,26,19,25,23,0,20,23,25,17,0,away,13.5,218.5,-1200.0,750.0,8.5,111.5,0.0,0,False,1333.3125838999194,1911.7314872411257,1327.5253386798888,1917.5187324611563,-578.4189033412063,0.05986110924296011
2020,2020-03-01,True,False,wsh,gs,124,110,35,28,31,30,0,28,29,19,34,0,away,7.0,233.5,-310.0,250.0,2.5,115.0,1.0,1,False,1263.4196311747728,1327.3804682257428,1197.6847199445162,1393.1153794559993,-63.960837050969985,0.5516793058803117
2020,2020-03-01,True,False,phi,lac,130,136,39,33,24,34,0,34,36,38,28,0,home,14.5,218.5,1000.0,-2000.0,11.0,109.0,0.0,1,True,1675.5812472850735,1540.8962758353675,1691.103848715295,1525.373674405146,134.68497144970593,0.7942857628714837
2020,2020-03-01,True,False,det,sac,100,106,31,20,19,30,0,16,34,26,30,0,home,10.0,215.5,400.0,-550.0,8.0,105.5,0.0,0,True,1631.8218651673478,1198.1549512110516,1634.4660544737717,1195.5107619046278,433.6669139562962,0.9557243090230068
2020,2020-03-01,True,False,tor,den,118,133,32,37,27,22,0,40,33,27,33,0,home,2.5,220.0,120.0,-140.0,0.0,109.0,1.0,1,True,1603.6282838154425,1671.285975106202,1658.9634565609053,1615.950802360739,-67.65769129075943,0.5464103448487879
2020,2020-03-01,True,False,dal,min,111,91,28,35,18,30,0,24,20,21,26,0,away,6.0,242.0,-260.0,210.0,2.5,117.5,1.0,0,False,1230.253875672322,1564.1985408246746,1202.6032096219653,1591.8492068750313,-333.9446651523526,0.2064114294677717
2020,2020-03-02,True,False,por,orl,130,107,35,34,23,38,0,28,30,30,19,0,home,6.5,220.0,225.0,-275.0,6.5,108.5,0.0,1,False,1449.1331622517457,1390.2496057737158,1354.851187698001,1484.5315803274605,58.88355647802996,0.7139420270777797
2020,2020-03-02,True,False,dal,chi,107,109,29,29,17,32,0,19,29,33,28,0,away,6.5,220.0,-270.0,220.0,1.0,108.5,0.0,0,True,1180.1642221870704,1591.8492068750313,1221.6120506953105,1550.4013783667913,-411.6849846879609,0.14255819621131358
2020,2020-03-02,True,False,ind,sa,116,111,26,40,26,24,0,34,23,27,27,0,away,2.5,220.5,-140.0,120.0,1.5,108.0,1.0,1,False,1535.3323207488222,1588.325297509592,1490.612681591844,1633.0449366665703,-52.99297676076981,0.5672387688419719
2020,2020-03-02,True,False,mil,mia,89,105,26,26,18,19,0,31,22,28,24,0,away,5.0,227.5,-210.0,175.0,4.5,116.5,0.0,0,True,1459.4399063832625,1917.5187324611563,1570.0246776725583,1806.9339611718606,-458.07882607789384,0.11291881289225086
2020,2020-03-02,True,False,hou,ny,123,125,31,32,28,32,0,36,37,28,24,0,away,10.0,231.0,-600.0,425.0,11.5,113.5,0.0,1,True,1259.0734996138278,1759.2852870883867,1303.0228591668028,1715.3359275354117,-500.21178747455883,0.09080838522171134
2020,2020-03-02,True,False,utah,cle,126,113,31,28,35,32,0,25,26,31,31,0,away,10.5,222.0,-650.0,450.0,4.0,113.5,1.0,1,False,1311.4536730657817,1453.4673084103886,1260.381203395402,1504.5397780807682,-142.01363534460688,0.4398305160059948
2020,2020-03-02,True,False,mem,atl,127,88,24,28,32,43,0,23,26,19,20,0,home,2.5,240.0,120.0,-140.0,2.0,122.0,0.0,0,False,1439.1244881675464,1574.0016971423065,1366.088638244179,1647.0375470656738,-134.87720897476015,0.44997558221246825
2020,2020-03-03,True,False,wsh,sac,126,133,23,26,46,31,0,39,37,19,38,0,home,5.5,235.5,190.0,-240.0,3.5,114.5,1.0,1,True,1634.4660544737717,1393.1153794559993,1643.5267704048258,1384.0546635249452,241.35067501777235,0.8770700776701618
2020,2020-03-03,True,False,tor,phx,123,114,30,31,26,36,0,39,29,18,28,0,away,4.0,225.0,-170.0,145.0,4.5,111.0,1.0,1,False,1362.9520490225707,1615.950802360739,1333.2644684085226,1645.6383829747872,-252.9987533381684,0.2930261918577044
2020,2020-03-03,True,False,gs,den,116,100,26,23,33,34,0,25,33,23,19,0,home,16.5,218.5,1200.0,-3000.0,7.0,107.0,0.0,0,False,1658.9634565609053,1197.6847199445162,1576.8968332160334,1279.7513432893882,461.2787366163891,0.9619836136313676
2020,2020-03-03,True,False,phi,lal,107,120,35,19,26,27,0,28,37,31,24,0,home,12.5,219.5,650.0,-1000.0,5.0,106.5,1.0,1,True,1767.8925208350859,1525.373674405146,1779.3132450983164,1513.9529501419154,242.5188464299399,0.8777932681965667
2020,2020-03-03,True,False,min,no,139,134,28,44,37,30,0,31,37,43,23,0,home,11.0,247.0,450.0,-650.0,9.0,121.5,0.0,1,False,1634.215362918058,1202.6032096219653,1581.612314755271,1255.2062577847523,431.61215329609263,0.9552210898586495
2020,2020-03-03,True,False,bkn,bos,129,120,28,15,24,51,11,33,23,28,34,2,home,6.5,218.5,230.0,-280.0,0.5,112.5,0.0,1,False,1757.3010495826315,1397.0442170246004,1687.7371840660724,1466.6080825411595,360.2568325580312,0.9339771638719263
2020,2020-03-03,True,False,sa,cha,104,103,19,30,28,27,0,36,22,18,27,0,away,4.0,211.5,-170.0,145.0,4.5,105.0,0.0,0,False,1327.5253386798888,1490.612681591844,1315.0150209216022,1503.1229993501306,-163.08734291195515,0.4101948497687543
2020,2020-03-03,True,False,lac,okc,109,94,38,21,30,20,0,27,20,23,24,0,away,4.5,228.5,-200.0,170.0,1.5,111.0,1.0,0,False,1729.8791468155623,1691.103848715295,1648.877230260027,1772.1057652708303,38.775298100267264,0.6897294652477837
2020,2020-03-04,True,False,okc,det,114,107,38,31,25,20,0,32,32,18,25,0,away,8.5,209.5,-400.0,300.0,3.5,104.0,0.0,1,False,1195.5107619046278,1648.877230260027,1184.9279716744418,1659.460020490213,-453.3664683553993,0.11566468927164676
2020,2020-03-04,True,False,utah,ny,112,104,35,29,29,19,0,26,28,24,26,0,away,8.5,219.5,-400.0,300.0,2.0,112.0,0.0,0,False,1303.0228591668028,1504.5397780807682,1268.419355332794,1539.143281914777,-201.51691891396536,0.3579257564596228
2020,2020-03-04,True,False,bos,cle,112,106,28,30,23,31,0,27,25,25,29,0,away,4.0,215.5,-170.0,145.0,1.0,111.0,1.0,1,False,1260.381203395402,1687.7371840660724,1249.0893862708815,1699.029001190593,-427.3559806706703,0.13188286596894336
2020,2020-03-04,True,False,orl,mia,113,116,26,29,29,29,0,30,30,28,28,0,home,6.5,219.0,240.0,-300.0,2.0,111.5,0.0,1,True,1570.0246776725583,1354.851187698001,1577.0582087370058,1347.8176566335535,215.17348997455724,0.8598788918839069
2020,2020-03-04,True,False,chi,min,108,115,29,29,21,29,0,22,33,33,27,0,home,2.0,231.5,110.0,-130.0,1.0,112.5,1.0,0,True,1255.2062577847523,1221.6120506953105,1283.2400756048794,1193.5782328751834,33.59420708944185,0.6833110420109498
2020,2020-03-04,True,False,mem,bkn,118,79,22,30,30,36,0,23,22,20,14,0,home,1.0,223.0,-105.0,-115.0,2.5,114.0,0.0,0,False,1466.6080825411595,1647.0375470656738,1403.9112037388015,1709.7344258680318,-180.4294645245143,0.3862769389498043
2020,2020-03-04,True,False,no,dal,123,127,22,33,30,27,11,24,33,30,25,15,home,6.5,240.0,230.0,-280.0,3.5,116.0,0.0,1,True,1550.4013783667913,1581.612314755271,1578.8888145543174,1553.1248785677449,-31.210936388479695,0.5977218341057351
2020,2020-03-04,True,False,ind,mil,100,119,23,33,23,21,0,36,22,31,30,0,home,11.5,220.5,500.0,-700.0,7.0,108.5,1.0,0,True,1806.9339611718606,1633.0449366665703,1826.1656558655711,1613.8132419728597,173.8890245052903,0.8287269927071002
2020,2020-03-04,True,False,wsh,por,104,125,30,31,18,25,0,37,35,28,25,0,home,8.0,243.5,280.0,-360.0,1.0,119.0,1.0,0,True,1484.5315803274605,1384.0546635249452,1514.162117309802,1354.4241265426037,100.47691680251523,0.7602476828863499
2020,2020-03-05,True,False,tor,gs,121,113,32,30,27,32,0,27,28,33,25,0,away,9.0,228.0,-450.0,350.0,3.0,111.0,0.0,1,False,1279.7513432893882,1645.6383829747872,1262.5513356144834,1662.838390649692,-365.88703968539903,0.17791047368160112
2020,2020-03-05,True,False,phi,sac,125,108,32,31,33,29,0,30,23,27,28,0,home,5.5,218.5,185.0,-230.0,6.0,108.0,0.0,1,False,1643.5267704048258,1513.9529501419154,1554.6457446555041,1602.833975891237,129.57382026291043,0.7894366680928946
2020,2020-03-05,True,False,den,cha,114,112,31,29,20,34,0,34,17,31,30,0,away,9.5,208.0,-550.0,400.0,2.5,102.0,0.0,1,False,1315.0150209216022,1576.8968332160334,1301.357038298616,1590.5548158390195,-261.88181229443126,0.28254617136431137
2020,2020-03-05,True,False,lac,hou,120,105,33,34,23,30,0,23,21,21,40,0,away,1.0,236.5,-120.0,100.0,5.5,115.0,1.0,0,False,1715.3359275354117,1772.1057652708303,1646.788270303862,1840.65342250238,-56.769837735418605,0.5618941201847344
2020,2020-03-06,True,False,mem,dal,96,121,28,21,16,31,0,33,28,34,26,0,home,7.5,225.0,250.0,-310.0,0.5,115.0,1.0,0,True,1578.8888145543174,1709.7344258680318,1656.9139130683063,1631.709327354043,-130.84561131371447,0.4557258593152052
2020,2020-03-06,True,False,mil,lal,103,113,22,26,28,27,0,19,29,39,26,0,home,1.5,228.5,105.0,-125.0,1.0,116.5,1.0,0,True,1779.3132450983164,1826.1656558655711,1824.0595134922132,1781.4193874716743,-46.852410767254696,0.5758944700995916
2020,2020-03-06,True,False,por,phx,117,127,22,36,24,35,0,34,33,28,32,0,away,3.5,233.0,-160.0,140.0,5.0,113.5,0.0,1,True,1333.2644684085226,1514.162117309802,1398.0841776692184,1449.342408049106,-180.89764890127935,0.3856382189906279
2020,2020-03-06,True,False,orl,min,132,118,29,36,37,30,0,24,31,28,35,0,away,2.5,234.0,-145.0,125.0,1.5,119.0,1.0,1,False,1283.2400756048794,1347.8176566335535,1217.6098108764043,1413.4479213620286,-64.5775810286741,0.5508010616051587
2020,2020-03-06,True,False,ind,chi,108,102,29,33,27,19,0,25,21,26,30,0,away,2.5,208.5,-135.0,115.0,3.5,102.5,1.0,1,False,1193.5782328751834,1613.8132419728597,1181.8784922726848,1625.5129825753584,-420.2350090976763,0.13664721140409453
2020,2020-03-06,True,False,utah,bos,99,94,30,32,17,20,0,29,20,17,28,0,home,1.5,219.0,105.0,-125.0,4.0,112.5,0.0,0,False,1699.029001190593,1539.143281914777,1643.4988483148636,1594.6734347905062,159.88571927581597,0.8169804903545249
2020,2020-03-06,True,False,okc,ny,126,103,27,34,34,31,0,20,28,30,25,0,away,6.0,217.0,-250.0,200.0,1.5,106.0,1.0,1,False,1268.419355332794,1659.460020490213,1246.366044993825,1681.5133308291822,-391.04066515741897,0.15771022939471702
2020,2020-03-06,True,False,atl,wsh,112,118,34,23,18,37,0,33,31,29,25,0,home,5.5,239.5,185.0,-230.0,1.0,117.0,1.0,0,True,1354.4241265426037,1366.088638244179,1386.5783273825198,1333.934437404263,-11.664511701575293,0.6244547610941623
2020,2020-03-06,True,False,mia,no,104,110,26,25,23,30,0,32,33,24,21,0,home,1.5,232.5,105.0,-125.0,3.5,112.5,1.0,0,True,1553.1248785677449,1577.0582087370058,1586.7091228519569,1543.4739644527938,-23.9333301692609,0.6077525575591513
2020,2020-03-06,True,False,sa,bkn,120,139,22,32,41,25,0,41,34,45,19,0,home,2.5,225.5,120.0,-140.0,4.5,110.5,1.0,1,True,1403.9112037388015,1503.1229993501306,1469.6677971323202,1437.366405956612,-99.21179561132908,0.5011343153512473
2020,2020-03-07,True,False,sac,por,123,111,40,37,23,23,0,24,30,26,31,0,home,2.0,230.5,110.0,-130.0,7.5,113.0,0.0,1,False,1449.342408049106,1554.6457446555041,1393.7747987737393,1610.2133539308707,-105.30333660639803,0.49236847781417653
2020,2020-03-07,True,False,hou,cha,99,108,17,26,33,23,0,30,27,25,26,0,away,8.0,219.5,-400.0,300.0,9.0,107.5,0.0,0,True,1301.357038298616,1646.788270303862,1382.83453201265,1565.310776589828,-345.4312320052459,0.19579032001564112
2020,2020-03-07,True,False,utah,det,111,105,28,27,24,32,0,17,22,34,32,0,away,8.0,211.0,-400.0,300.0,0.0,108.0,0.0,1,False,1184.9279716744418,1594.6734347905062,1172.6048169602166,1606.9965895047314,-409.74546311606446,0.14392838137287087
2020,2020-03-07,True,False,den,cle,102,104,33,28,22,19,0,23,35,27,19,0,away,9.5,219.0,-550.0,400.0,5.5,107.5,0.0,0,True,1249.0893862708815,1590.5548158390195,1287.7890649603632,1551.8551371495378,-341.465429568138,0.19940987270407037
2020,2020-03-07,True,False,atl,mem,101,118,18,27,33,23,0,38,28,27,25,0,home,6.0,235.0,220.0,-270.0,2.5,114.5,1.0,0,True,1631.709327354043,1333.934437404263,1640.7223080961448,1324.921456662161,297.7748899497799,0.9080267721558768
2020,2020-03-07,True,False,phi,gs,114,118,26,31,33,24,0,21,34,27,36,0,away,3.5,220.0,-170.0,145.0,2.0,107.5,0.0,1,True,1262.5513356144834,1602.833975891237,1319.1682080934743,1546.2171034122462,-340.2826402767537,0.2004990737112812
2020,2020-03-08,True,False,det,ny,84,96,22,25,24,13,0,27,22,23,24,0,home,5.5,210.5,185.0,-230.0,2.5,103.0,1.0,0,True,1246.366044993825,1172.6048169602166,1274.627990973452,1144.3428709805896,73.7612280336084,0.7311077353648305
2020,2020-03-08,True,False,orl,hou,126,106,34,37,34,21,0,24,22,30,30,0,home,8.0,229.0,300.0,-400.0,10.0,116.5,0.0,1,False,1565.310776589828,1413.4479213620286,1471.1127104919506,1507.645987459906,151.8628552277994,0.8099736762116767
2020,2020-03-08,True,False,mia,wsh,100,89,29,28,15,28,0,23,31,18,17,0,away,5.5,233.0,-240.0,190.0,3.0,113.0,1.0,0,False,1386.5783273825198,1543.4739644527938,1340.783562991301,1589.2687288440125,-156.895637070274,0.41884474810722605
2020,2020-03-08,True,False,sa,cle,129,132,18,32,41,27,11,35,25,27,31,14,away,4.5,226.5,-190.0,160.0,5.5,108.0,0.0,1,True,1287.7890649603632,1437.366405956612,1322.6102231342911,1402.545247782684,-149.57734099624872,0.429132815732548
2020,2020-03-08,True,False,lal,lac,112,103,27,22,36,27,0,25,28,28,22,0,home,2.5,226.5,130.0,-150.0,0.5,110.5,0.0,0,False,1840.65342250238,1824.0595134922132,1774.7019502233338,1890.0109857712594,16.593909010166726,0.6617647547249089
2020,2020-03-08,True,False,tor,sac,118,113,22,29,27,40,0,22,28,24,39,0,away,5.0,225.5,-200.0,170.0,3.0,110.0,2.0,1,False,1610.2133539308707,1662.838390649692,1565.4527304871294,1707.5990140934332,-52.62503671882132,0.5677586271593383
2020,2020-03-08,True,False,okc,bos,105,104,29,23,31,22,0,26,37,21,20,0,home,6.5,217.5,230.0,-280.0,0.5,107.5,0.0,0,False,1643.4988483148636,1681.5133308291822,1625.557516593844,1699.4546625502019,-38.014482514318615,0.5882697795649732
2020,2020-03-08,True,False,mil,phx,131,140,28,31,32,40,0,47,30,25,38,0,away,6.5,228.5,-275.0,225.0,9.0,116.5,0.0,1,True,1398.0841776692184,1781.4193874716743,1482.8136477174683,1696.6899174234245,-383.3352098024559,0.16369224326041534
2020,2020-03-08,True,False,chi,bkn,107,110,23,27,20,37,0,22,36,19,33,0,home,6.5,218.5,230.0,-280.0,1.0,107.5,0.0,0,True,1469.6677971323202,1181.8784922726848,1474.2569426498856,1177.2893467551194,287.7893048596354,0.903112330486726
2020,2020-03-08,True,False,no,min,120,107,36,35,27,22,0,29,34,21,23,0,away,7.0,248.5,-330.0,260.0,1.5,120.5,1.0,0,False,1217.6098108764043,1586.7091228519569,1197.263285133842,1607.0556485945192,-369.0993119755526,0.17522205160700444
2020,2020-03-08,True,False,ind,dal,112,109,31,24,31,26,0,26,26,32,25,0,home,6.5,218.5,225.0,-275.0,6.0,107.0,0.0,1,False,1656.9139130683063,1625.5129825753584,1616.6649139619424,1665.7619816817223,31.400930492947964,0.680572616236135
2020,2020-03-09,True,False,cha,atl,138,143,32,31,31,28,16,32,34,32,24,21,home,4.5,222.0,170.0,-200.0,2.5,108.5,1.0,1,True,1324.921456662161,1382.83453201265,1359.588363806186,1348.1676248686251,-57.91307535048895,0.5602734257557808
2020,2020-03-09,True,False,tor,utah,101,92,27,30,19,25,0,22,29,19,22,0,home,6.0,224.5,210.0,-260.0,5.5,108.5,0.0,0,False,1606.9965895047314,1707.5990140934332,1556.4275522000232,1758.1680513981414,-100.60242458870175,0.49913304219532856
2020,2020-03-09,True,False,mil,den,95,109,24,30,17,24,0,39,23,14,33,0,home,7.5,220.0,260.0,-330.0,2.0,113.5,1.0,0,True,1551.8551371495378,1696.6899174234245,1619.0779680095459,1629.4670865634164,-144.83478027388674,0.4358333498275255
2020,2020-03-10,True,False,bkn,lal,104,102,27,29,31,17,0,33,25,22,22,0,home,12.0,227.0,650.0,-1000.0,7.5,112.0,0.0,0,False,1890.0109857712594,1474.2569426498856,1857.5352975657513,1506.7326308553936,415.7540431213738,0.951150070997907
2020,2020-03-10,True,False,orl,mem,120,115,27,23,35,35,0,35,28,23,29,0,home,2.0,219.0,110.0,-130.0,3.0,111.5,0.0,1,False,1640.7223080961448,1507.645987459906,1585.5628938830864,1562.8054016729645,133.07632063623873,0.792768570608994
2020,2020-03-10,True,False,lac,gs,131,107,35,41,35,20,0,26,22,29,30,0,away,12.5,223.5,-850.0,575.0,0.5,108.5,1.0,1,False,1319.1682080934743,1774.7019502233338,1302.9664271035306,1790.9037312132775,-455.53374212985955,0.11439468785381701
2020,2020-03-10,True,False,cle,chi,103,108,29,23,26,25,0,27,27,24,30,0,home,4.0,217.5,150.0,-180.0,2.5,106.5,1.0,0,True,1177.2893467551194,1322.6102231342911,1221.8210205392463,1278.0785493501642,-145.32087637917175,0.4351454464310273
2020,2020-03-10,True,False,ny,wsh,115,122,31,39,17,28,0,36,18,33,35,0,home,5.0,229.5,180.0,-220.0,7.0,111.0,1.0,1,True,1340.783562991301,1274.627990973452,1364.60544822372,1250.806105741033,66.15557201784918,0.7224141546983467
2020,2020-03-10,True,False,bos,ind,114,111,30,29,35,20,0,22,28,30,31,0,away,3.0,215.0,-150.0,130.0,1.5,110.5,2.0,1,False,1665.7619816817223,1625.557516593844,1625.2135904573995,1666.1059078181668,40.20446508787836,0.6914873005496336
2020,2020-03-10,True,False,min,hou,111,117,35,21,24,31,0,26,26,31,34,0,home,12.5,249.5,600.0,-900.0,10.0,121.5,0.0,0,True,1471.1127104919506,1197.263285133842,1478.1123238260498,1190.2636717997427,273.84942535810865,0.8958602128616462
2020,2020-03-10,True,False,phx,por,105,121,28,25,25,27,0,36,18,28,39,0,home,6.0,234.5,200.0,-250.0,4.0,119.0,1.0,0,True,1393.7747987737393,1482.8136477174683,1454.1396903557777,1422.44875613543,-89.03884894372891,0.5157691329474362
2020,2020-03-10,True,False,dal,sa,109,119,29,30,26,24,0,27,27,29,36,0,away,4.0,232.0,-180.0,150.0,0.5,113.5,0.0,0,True,1402.545247782684,1616.6649139619424,1472.0291908564282,1547.1809708881983,-214.11966617925827,0.34143056941750655
2020,2020-03-11,True,False,ny,atl,136,131,33,34,29,22,18,24,26,28,40,13,home,5.5,232.5,200.0,-250.0,7.5,113.5,0.0,1,False,1359.588363806186,1250.806105741033,1304.9208193056022,1305.4736502416167,108.78225806515297,0.7688532426979685
2020,2020-03-11,True,False,det,phi,106,124,29,26,29,22,0,34,36,29,25,0,home,12.0,209.5,550.0,-800.0,2.5,102.5,1.0,1,True,1546.2171034122462,1144.3428709805896,1551.0873235744402,1139.4726508183956,401.87423243165654,0.9473009953527726
2020,2020-03-11,True,False,cha,mia,109,98,22,37,28,22,0,40,11,26,21,0,home,11.0,206.5,500.0,-700.0,9.5,101.5,0.0,1,False,1589.2687288440125,1348.1676248686251,1512.0161226150014,1425.4202310976361,241.10110397538733,0.8769150971744228
2020,2020-03-11,True,False,den,dal,97,113,29,21,35,12,0,33,24,27,29,0,away,2.5,220.5,-140.0,120.0,3.0,108.0,0.0,0,True,1547.1809708881983,1619.0779680095459,1604.4808919395277,1561.7780469582165,-71.89699712134757,0.5403554992719524
2020,2020-07-30,True,False,utah,no,106,104,23,25,31,27,0,26,34,27,17,0,home,2.5,229.0,125.0,-145.0,1.0,115.5,0.0,0,False,1607.0556485945192,1556.4275522000232,1574.6585298214911,1588.8246709730513,50.62809639449597,0.7041387902029319
2020,2020-07-30,True,False,lac,lal,101,103,23,29,25,24,0,35,19,22,27,0,home,4.0,220.0,165.0,-185.0,1.5,106.0,0.0,0,True,1857.5352975657513,1790.9037312132775,1870.0903931710116,1778.3486356080173,66.63156635247378,0.7229632859795594
2020,2020-07-31,True,False,mem,por,135,140,30,30,36,28,11,35,33,25,31,16,home,3.0,224.5,140.0,-160.0,1.0,115.5,1.0,1,True,1454.1396903557777,1585.5628938830864,1497.1138655028408,1542.5887187360233,-131.42320352730871,0.45490127688976284
2020,2020-07-31,True,False,phx,wsh,125,112,38,29,22,36,0,31,21,29,31,0,away,7.0,224.5,-310.0,260.0,0.5,114.5,1.0,1,False,1364.60544822372,1422.44875613543,1299.5358368280984,1487.5183675310516,-57.84330791170987,0.5603723677581284
2020,2020-07-31,True,False,hou,dal,153,149,42,33,33,31,14,42,43,34,20,10,away,1.5,232.5,-120.0,100.0,3.5,117.5,1.0,1,False,1604.4808919395277,1478.1123238260498,1555.0425300070312,1527.5506857585463,126.36856811347798,0.7863532596404069
2020,2020-07-31,True,False,sac,sa,120,129,30,35,27,28,0,43,21,32,33,0,away,3.5,223.5,-165.0,145.0,2.0,111.5,0.0,1,True,1472.0291908564282,1565.4527304871294,1521.7273150259648,1515.7546063175928,-93.42353963070127,0.5094631570960827
2020,2020-07-31,True,False,bos,mil,112,119,25,33,29,25,0,33,31,23,32,0,home,3.5,221.0,155.0,-175.0,0.0,113.5,1.0,1,True,1629.4670865634164,1666.1059078181668,1666.9631513167187,1628.6098430648644,-36.63882125475038,0.5901864646027222
2020,2020-07-31,True,False,orl,bkn,128,118,36,34,41,17,0,39,20,23,36,0,away,7.5,210.0,-340.0,280.0,1.0,107.5,1.0,1,False,1506.7326308553936,1562.8054016729645,1447.3444547358113,1622.1935777925469,-56.07277081757093,0.5628816615789493
2020,2020-08-01,True,False,phi,ind,121,127,29,26,32,34,0,35,26,20,46,0,away,6.0,219.5,-280.0,240.0,5.0,110.5,0.0,1,True,1625.2135904573995,1551.0873235744402,1646.6144411068956,1529.6864729249442,74.12626688295927,0.7315206340074273
2020,2020-08-01,True,False,mia,den,125,105,28,28,38,31,0,26,31,22,26,0,away,4.0,215.5,-175.0,155.0,2.5,105.5,1.0,1,False,1561.7780469582165,1512.0161226150014,1472.056342238744,1601.7378273344739,49.761924343215014,0.7030989956573827
2020,2020-08-01,True,False,utah,okc,94,110,15,27,20,32,0,29,37,20,24,0,away,0.0,219.0,-110.0,-110.0,5.5,108.5,0.0,0,True,1699.4546625502019,1588.8246709730513,1725.1878993189052,1563.091434204348,110.62999157715058,0.7707381155326701
2020,2020-08-01,True,False,no,lac,103,126,25,20,21,37,0,37,40,26,23,0,home,5.0,232.0,190.0,-220.0,5.0,114.5,1.0,0,True,1778.3486356080173,1574.6585298214911,1795.5741597808624,1557.433005648646,203.69010578652615,0.8517231977301447
2020,2020-08-01,True,False,lal,tor,92,107,21,23,26,22,0,23,18,31,35,0,away,2.5,225.0,-150.0,130.0,0.5,109.5,0.0,0,True,1758.1680513981414,1870.0903931710116,1821.257308240754,1807.001136328399,-111.92234177287014,0.4828491023851863
2020,2020-08-02,True,False,mil,hou,116,120,29,25,36,26,0,32,30,27,31,0,away,5.0,244.0,-200.0,175.0,5.5,123.5,0.0,0,True,1527.5506857585463,1666.9631513167187,1566.957757395784,1627.5560796794812,-139.41246555817247,0.4435229482520683
2020,2020-08-02,True,False,dal,phx,115,117,35,38,19,23,0,23,37,36,21,0,away,6.0,235.0,-250.0,210.0,1.5,117.5,0.0,0,True,1487.5183675310516,1555.0425300070312,1509.435202358223,1533.1256951798598,-67.52416247597967,0.5466008458365285
2020,2020-08-02,True,False,sac,orl,116,132,26,28,24,38,0,44,34,35,19,0,home,2.0,228.0,110.0,-130.0,5.0,110.0,1.0,1,True,1622.1935777925469,1515.7546063175928,1648.5077290043255,1489.4404551058142,106.43897147495409,0.7664473092244999
2020,2020-08-02,True,False,por,bos,124,128,24,24,38,38,0,37,30,27,34,0,home,4.0,227.5,150.0,-170.0,3.0,114.5,2.0,1,True,1628.6098430648644,1497.1138655028408,1641.673316617219,1484.0503919504863,131.49597756202365,0.7912700443812112
2020,2020-08-02,True,False,sa,mem,108,106,31,28,26,23,0,25,29,22,30,0,home,3.0,236.0,135.0,-155.0,2.0,119.0,0.0,0,False,1542.5887187360233,1521.7273150259648,1510.9940892157972,1553.321944546191,20.86140371005854,0.6672413042924884
2020,2020-08-02,True,False,wsh,bkn,110,118,21,33,31,25,0,24,30,29,35,0,home,4.0,230.0,150.0,-170.0,2.5,113.5,1.0,0,True,1447.3444547358113,1299.5358368280984,1463.654782257744,1283.2255093061656,147.80861790771291,0.8063555570423292
2020,2020-08-03,True,False,sa,phi,130,132,32,30,25,43,0,35,29,35,33,0,home,7.5,227.0,275.0,-335.0,2.5,112.0,0.0,1,True,1529.6864729249442,1553.321944546191,1548.627544129265,1534.38087334187,-23.63547162124678,0.6081612271703432
2020,2020-08-03,True,False,mem,no,99,109,22,29,23,25,0,26,32,21,30,0,home,4.5,236.5,165.0,-185.0,1.5,,1.0,0,True,1557.433005648646,1510.9940892157972,1587.7722703937955,1480.6548244706478,46.43891643284883,0.6990903980989105
2020,2020-08-03,True,False,lal,utah,116,108,24,34,28,30,0,24,32,20,32,0,away,6.0,217.0,-265.0,225.0,2.5,105.0,1.0,1,False,1563.091434204348,1807.001136328399,1533.7031762734478,1836.3893942592993,-243.90970212405114,0.30398119512423305
2020,2020-08-03,True,False,ind,wsh,111,100,20,36,34,21,0,21,26,21,32,0,away,8.5,227.5,-400.0,330.0,3.5,111.0,1.0,0,False,1283.2255093061656,1646.6144411068956,1263.5424838731628,1666.2974665398983,-363.38893180073,0.18002345768275074
2020,2020-08-03,True,False,tor,mia,107,103,23,25,36,23,0,17,27,35,24,0,away,2.5,222.0,-145.0,125.0,1.0,106.0,1.0,0,False,1601.7378273344739,1821.257308240754,1578.0518175849145,1844.9433179903133,-219.51948090628002,0.3344760299482017
2020,2020-08-03,True,False,den,okc,121,113,23,27,28,31,12,22,29,30,28,4,home,6.0,219.5,200.0,-240.0,2.0,104.5,0.0,1,False,1725.1878993189052,1472.056342238744,1656.972966411199,1540.2712751464503,253.1315570801612,0.8841969212647895
2020,2020-08-04,True,False,phx,lac,117,115,27,36,32,22,0,23,33,35,24,0,home,9.0,230.0,330.0,-400.0,8.5,117.0,0.0,1,False,1795.5741597808624,1509.435202358223,1761.6624612631492,1543.3469008759362,286.13895742263935,0.9022778725215679
2020,2020-08-04,True,False,dal,sac,114,110,27,29,19,20,19,37,23,22,13,15,away,5.5,236.5,-240.0,200.0,5.0,115.5,0.0,0,False,1489.4404551058142,1533.1256951798598,1448.3434441280642,1574.2227061576098,-43.68524007404562,0.5803411051467257
2020,2020-08-04,True,False,bkn,mil,119,116,40,33,21,25,0,34,31,23,28,0,home,19.0,230.5,1500.0,-5000.0,14.5,115.5,0.0,1,False,1627.5560796794812,1463.654782257744,1584.5605082605098,1506.6503536767154,163.90129742173713,0.8204115092303234
2020,2020-08-04,True,False,hou,por,102,110,24,32,24,22,0,29,32,25,24,0,away,3.5,244.0,-170.0,150.0,3.5,119.5,0.0,0,True,1484.0503919504863,1566.957757395784,1530.0131399296324,1520.995009416638,-82.90736544529773,0.5245784525661119
2020,2020-08-04,True,False,bos,mia,106,112,28,23,32,23,0,33,30,28,21,0,away,5.0,218.5,-200.0,175.0,6.0,109.5,0.0,0,True,1578.0518175849145,1641.673316617219,1616.3956948934956,1603.3294393086378,-63.62149903230443,0.5521623866157058
2020,2020-08-04,True,False,orl,ind,109,120,22,28,26,33,0,43,28,21,28,0,away,1.0,224.0,-115.0,-105.0,6.0,110.0,0.0,1,True,1666.2974665398983,1648.5077290043255,1702.466995543412,1612.3382000008119,17.78973753557284,0.6633038377517012
2020,2020-08-05,True,False,okc,lal,105,86,26,26,29,24,0,18,27,21,20,0,home,5.5,218.0,200.0,-240.0,2.0,105.5,0.0,0,False,1836.3893942592993,1656.972966411199,1743.2709444620664,1750.0914162084318,179.41642784810028,0.8331961133519864
2020,2020-08-05,True,False,tor,orl,109,99,26,29,23,31,0,11,24,33,31,0,away,7.5,222.5,-370.0,310.0,3.0,107.0,1.0,0,False,1612.3382000008119,1844.9433179903133,1578.7950438860216,1878.4864741051035,-232.60511798950142,0.3179223320560866
2020,2020-08-05,True,False,bkn,bos,115,149,25,27,25,38,0,34,37,35,43,0,home,8.5,224.0,320.0,-380.0,3.0,110.0,1.0,1,True,1603.3294393086378,1506.6503536767154,1638.100448367466,1471.8793446178872,96.67908563192236,0.7562402166485628
2020,2020-08-05,True,False,phi,wsh,107,98,26,28,23,30,0,20,27,27,24,0,away,10.5,229.5,-600.0,450.0,4.0,113.5,0.0,0,False,1263.5424838731628,1548.627544129265,1237.5785936717052,1574.5914343307227,-285.0850602561022,0.2562721418917045
2020,2020-08-05,True,False,den,sa,132,126,32,30,27,43,0,28,37,24,37,0,away,3.0,226.5,-155.0,135.0,1.0,112.5,1.0,1,False,1534.38087334187,1540.2712751464503,1480.2504483470086,1594.4017001413117,-5.890401804580279,0.6322167199233962
2020,2020-08-05,True,False,mem,utah,115,124,31,24,33,27,0,25,39,25,35,0,home,5.5,220.0,190.0,-220.0,0.0,108.5,1.0,1,True,1533.7031762734478,1480.6548244706478,1561.8895254566605,1452.468475287435,53.04835180279997,0.7070329517795321
2020,2020-08-06,True,False,no,sac,125,140,39,31,33,22,0,49,28,40,23,0,away,4.5,235.0,-190.0,170.0,1.5,116.0,0.0,1,True,1448.3434441280642,1587.7722703937955,1516.2330877122265,1519.8826268096332,-139.42882626573123,0.44349970382619197
2020,2020-08-06,True,False,mia,mil,116,130,34,39,25,18,0,25,31,36,38,0,home,9.5,223.5,375.0,-450.0,4.0,110.0,1.0,1,True,1584.5605082605098,1616.3956948934956,1632.5966363714529,1568.3595667825525,-31.835186632985824,0.596857479268564
2020,2020-08-06,True,False,ind,phx,99,114,23,25,27,24,0,28,24,34,28,0,away,2.0,228.0,-130.0,110.0,1.0,111.0,0.0,0,True,1543.3469008759362,1702.466995543412,1614.6241435590966,1631.1897528602515,-159.12009466747577,0.4157311105270747
2020,2020-08-06,True,False,lac,dal,126,111,23,36,32,35,0,22,36,29,24,0,away,4.0,230.5,-180.0,160.0,1.5,111.5,1.0,1,False,1574.2227061576098,1761.6624612631492,1528.2608671732837,1807.6243002474753,-187.43975510553946,0.37675521120922834
2020,2020-08-06,True,False,por,den,125,115,27,35,30,33,0,26,23,38,28,0,away,4.5,228.5,-190.0,170.0,1.5,114.0,1.0,1,False,1594.4017001413117,1530.0131399296324,1522.995128751423,1601.4197113195212,64.3885602116793,0.7203697889630584
2020,2020-08-06,True,False,lal,hou,97,113,26,30,23,18,0,33,32,29,19,0,home,3.5,228.0,140.0,-160.0,1.0,110.5,1.0,0,True,1520.995009416638,1743.2709444620664,1604.399306761813,1659.8666471168913,-222.27593504542847,0.33095323853143294
2020,2020-08-07,True,False,bos,tor,122,100,21,31,39,31,0,14,23,20,43,0,home,1.5,223.0,105.0,-125.0,5.5,112.0,0.0,0,False,1878.4864741051035,1638.100448367466,1781.001220277323,1735.5857021952465,240.3860257376375,0.8764701122362358
2020,2020-08-07,True,False,wsh,no,107,118,32,24,25,26,0,28,26,37,27,0,home,8.0,236.0,280.0,-340.0,6.0,116.0,1.0,0,True,1519.8826268096332,1237.5785936717052,1528.3823678050608,1229.0788526762776,282.30403313792795,0.9003140514902206
2020,2020-08-07,True,False,orl,phi,101,108,23,27,29,22,0,25,23,29,31,0,home,4.5,221.5,170.0,-190.0,4.5,112.0,1.0,0,True,1574.5914343307227,1578.7950438860216,1608.0356158554118,1545.3508623613325,-4.203609555298954,0.6344715543010665
2020,2020-08-07,True,False,sac,bkn,106,119,27,26,29,24,0,24,39,30,26,0,away,5.5,232.0,-210.0,180.0,6.5,116.5,0.0,0,True,1471.8793446178872,1516.2330877122265,1520.718376888007,1467.3940554421067,-44.35374309433928,0.5794036023079094
2020,2020-08-07,True,False,utah,sa,111,119,27,23,34,27,0,36,24,36,23,0,home,9.0,226.0,340.0,-410.0,2.0,113.5,0.0,1,True,1480.2504483470086,1561.8895254566605,1526.0371972953728,1516.1027765082963,-81.63907710965191,0.5263989209941341
2020,2020-08-07,True,False,okc,mem,92,121,37,23,18,14,0,25,38,32,26,0,away,3.0,220.0,-155.0,135.0,4.5,109.5,0.0,0,True,1452.468475287435,1750.0914162084318,1565.7915335036441,1636.7683579922227,-297.6229409209968,0.24275960452793874
2020,2020-08-08,True,False,lac,por,122,117,34,35,26,27,0,37,38,21,21,0,home,4.5,232.5,155.0,-175.0,1.5,114.5,0.0,1,False,1601.4197113195212,1807.6243002474753,1573.688776385727,1835.3552351812696,-206.2045889279541,0.35174839706254146
2020,2020-08-08,True,False,lal,ind,111,116,24,35,22,30,0,34,20,33,29,0,away,5.5,218.5,-220.0,190.0,2.0,107.0,0.0,1,True,1631.1897528602515,1659.8666471168913,1662.628202132141,1628.4281978450017,-28.676894256639798,0.6012242586151388
2020,2020-08-08,True,False,phx,mia,119,112,25,35,28,31,0,32,28,26,26,0,away,4.0,225.5,-170.0,150.0,1.0,113.0,1.0,1,False,1568.3595667825525,1614.6241435590966,1515.5922570896514,1667.3914532519977,-46.26457677654412,0.5767207273863683
2020,2020-08-08,True,False,utah,den,132,134,29,34,25,17,27,15,34,30,26,29,away,1.0,222.0,-115.0,-105.0,1.0,111.0,0.0,1,True,1522.995128751423,1516.1027765082963,1539.8385701094928,1499.2593351502264,6.892352243126652,0.6491538283045972
2020,2020-08-08,True,False,mil,dal,132,136,32,39,20,28,13,35,27,31,26,17,away,5.5,237.5,-220.0,190.0,2.0,119.0,0.0,1,True,1528.2608671732837,1632.5966363714529,1564.1103424591079,1596.7471610856287,-104.33576919816915,0.49376065043831896
2020,2020-08-09,True,False,hou,sac,129,112,23,38,32,36,0,36,20,15,41,0,away,5.0,235.0,-190.0,170.0,1.5,115.0,1.0,1,False,1467.3940554421067,1604.399306761813,1410.5531379493823,1661.2402242545375,-137.0052513197063,0.4469456326496399
2020,2020-08-09,True,False,bkn,lac,129,120,45,29,24,31,0,24,39,31,26,0,home,9.0,230.5,320.0,-380.0,4.0,116.0,0.0,1,False,1835.3552351812696,1520.718376888007,1764.7768167759975,1591.296795293279,314.63685829326255,0.9158183923357817
2020,2020-08-09,True,False,wsh,okc,103,121,23,25,27,28,0,32,32,26,31,0,home,9.0,220.5,375.0,-450.0,4.0,108.5,1.0,1,True,1636.7683579922227,1229.0788526762776,1641.4669389342575,1224.3802717342428,407.6895053159451,0.9489473428571713
2020,2020-08-09,True,False,phi,por,121,124,19,39,34,29,0,33,34,24,33,0,home,2.0,229.0,115.0,-135.0,1.0,111.5,1.0,1,True,1573.688776385727,1608.0356158554118,1598.4917387758019,1583.2326534653369,-34.34683946968494,0.5933737404600363
2020,2020-08-09,True,False,sa,no,122,113,27,35,19,41,0,19,26,32,36,0,home,3.5,239.0,145.0,-165.0,1.0,116.5,0.0,0,False,1528.3823678050608,1526.0371972953728,1463.3729451196336,1591.0466199808,2.3451705096879323,0.6431692111522168
2020,2020-08-09,True,False,orl,bos,119,122,29,22,35,26,7,28,27,32,25,10,home,8.5,222.5,340.0,-410.0,3.5,112.0,0.0,1,True,1735.5857021952465,1545.3508623613325,1743.699637915464,1537.236926641115,190.23483983391407,0.8416725970191673
2020,2020-08-09,True,False,mem,tor,99,108,25,29,17,28,0,20,40,28,20,0,home,7.0,221.5,260.0,-310.0,3.0,109.0,1.0,0,True,1781.001220277323,1565.7915335036441,1792.6812216097464,1554.1115321712207,215.20968677367887,0.8599039953765965
2020,2020-08-10,True,False,okc,phx,101,128,37,27,17,20,0,23,42,33,30,0,home,7.5,221.5,300.0,-360.0,3.0,107.5,1.0,1,True,1667.3914532519977,1641.4669389342575,1714.0264249500785,1594.8319672361768,25.924514317740204,0.6736806700715636
2020,2020-08-10,True,False,dal,utah,122,114,30,24,34,34,0,38,32,30,14,0,home,6.0,221.5,200.0,-240.0,2.5,109.0,0.0,1,False,1499.2593351502264,1564.1103424591079,1446.0467077132478,1617.3229698960865,-64.85100730888144,0.5504116005115631
2020,2020-08-10,True,False,tor,mil,114,106,36,31,21,26,0,31,22,22,31,0,home,6.0,228.0,190.0,-220.0,2.5,110.0,0.0,0,False,1596.7471610856287,1792.6812216097464,1561.4264121713875,1828.0019705239877,-195.93406052411774,0.36534467244976754
2020,2020-08-10,True,False,ind,mia,92,114,19,29,23,21,0,23,25,37,29,0,home,4.0,223.0,160.0,-180.0,1.5,108.5,1.0,0,True,1515.5922570896514,1662.628202132141,1593.8551460672752,1584.365313154517,-147.03594504248963,0.43272036249263585
2020,2020-08-10,True,False,den,lal,121,124,25,34,29,33,0,31,33,24,36,0,home,5.5,223.0,180.0,-210.0,1.0,109.5,0.0,1,True,1628.4281978450017,1539.8385701094928,1642.573506875488,1525.6932610790066,88.58962773550888,0.7475539971300088
2020,2020-08-11,True,False,hou,sa,105,123,25,24,29,27,0,31,35,32,25,0,home,4.5,239.5,170.0,-190.0,1.5,118.0,1.0,0,True,1591.0466199808,1661.2402242545375,1650.280615063962,1602.0062291713755,-70.19360427373749,0.5427899268735854
2020,2020-08-11,True,False,por,dal,134,131,38,28,32,36,0,31,27,37,36,0,away,3.0,240.0,-145.0,125.0,1.0,120.5,2.0,1,False,1617.3229698960865,1598.4917387758019,1577.5311942597632,1638.2835144121252,18.831231120284656,0.6646414698493424
2020,2020-08-11,True,False,bkn,orl,108,96,34,26,25,23,0,22,21,29,24,0,home,4.5,225.0,165.0,-185.0,1.5,111.0,0.0,0,False,1537.236926641115,1591.296795293279,1473.389838943396,1655.143882990998,-54.05986865216414,0.5657305360540316
2020,2020-08-11,True,False,no,sac,106,112,29,32,23,22,0,27,35,32,18,0,home,3.0,235.5,130.0,-150.0,1.0,116.5,1.0,0,True,1410.5531379493823,1463.3729451196336,1447.5852245231865,1426.3408585458294,-52.81980717025135,0.5674834567097475
2020,2020-08-11,True,False,mil,wsh,126,113,24,42,33,27,0,21,35,28,29,0,away,9.0,228.5,-400.0,330.0,3.5,114.0,1.0,1,False,1224.3802717342428,1561.4264121713875,1200.749891705682,1585.0567921999482,-337.0461404371447,0.20350224511283857
2020,2020-08-11,True,False,bos,mem,122,107,24,32,27,39,0,17,23,33,34,0,away,5.0,229.0,-200.0,175.0,1.5,113.5,1.0,2,False,1554.1115321712207,1743.699637915464,1508.5034053224085,1789.3077647642763,-189.58810574424342,0.3738557865285012
2020,2020-08-11,True,False,phx,phi,130,117,23,40,32,35,0,27,31,32,27,0,away,10.0,227.0,-600.0,450.0,4.5,114.0,1.0,1,False,1583.2326534653369,1714.0264249500785,1530.3058449759149,1766.9532334395005,-130.79377148474168,0.45579987885242
2020,2020-08-12,True,False,mia,okc,115,116,42,24,34,15,0,29,33,20,34,0,away,4.0,221.0,-170.0,150.0,2.0,109.0,0.0,1,True,1594.8319672361768,1593.8551460672752,1605.7592842504353,1582.9278290530167,0.9768211689015516,0.641359421739875
2020,2020-08-12,True,False,lac,den,124,111,26,24,40,34,0,25,33,34,19,0,away,5.0,230.0,-200.0,175.0,5.5,114.0,1.0,1,False,1525.6932610790066,1764.7768167759975,1489.7091852520932,1800.7608926029109,-239.08355569699097,0.309890920511511
2020,2020-08-12,True,False,ind,hou,108,104,29,22,28,29,0,33,17,27,27,0,home,6.5,231.5,240.0,-280.0,5.0,116.0,0.0,0,False,1602.0062291713755,1584.365313154517,1555.8617711840438,1630.5097711418487,17.640916016858455,0.6631124858241795
2020,2020-08-12,True,False,tor,phi,125,121,25,30,35,35,0,32,30,26,33,0,away,6.0,222.0,-260.0,220.0,5.5,109.5,0.0,1,False,1530.3058449759149,1828.0019705239877,1513.120242083759,1845.1875734161436,-297.6961255480728,0.24268216928102554
2020,2020-08-13,True,False,mil,mem,106,119,21,29,24,32,0,22,38,33,26,0,home,4.0,231.0,145.0,-165.0,0.5,117.0,1.0,0,True,1508.5034053224085,1585.0567921999482,1562.6504873970953,1530.9097101252614,-76.55338687753965,0.5336912586598361
2020,2020-08-13,True,False,no,orl,127,133,31,30,26,40,0,34,43,22,34,0,home,4.0,227.0,150.0,-170.0,3.0,113.0,1.0,1,True,1473.389838943396,1426.3408585458294,1497.9356688169817,1401.7950286722437,47.04898039756654,0.6998286362223607
2020,2020-08-13,True,False,por,bkn,134,133,31,42,24,37,0,31,36,37,29,0,away,10.5,238.5,-850.0,575.0,3.5,118.0,0.0,1,False,1655.143882990998,1638.2835144121252,1635.2854191692843,1658.141978233839,16.860368578872794,0.6621079977181102
2020,2020-08-13,True,False,sa,utah,112,118,24,26,27,35,0,41,20,26,31,0,away,7.0,234.0,-280.0,240.0,5.5,114.0,0.0,0,True,1446.0467077132478,1650.280615063962,1501.328195119709,1594.9991276575006,-204.23390735071416,0.35433943768375564
2020,2020-08-13,True,False,dal,phx,102,128,25,32,22,23,0,36,40,28,24,0,home,8.5,238.5,320.0,-380.0,0.0,117.5,1.0,0,True,1766.9532334395005,1577.5311942597632,1786.3329819281948,1558.151445771069,189.42203917973734,0.8410480961329296
2020,2020-08-13,True,False,wsh,bos,96,90,26,30,22,18,0,21,30,26,13,0,away,2.0,224.5,-130.0,110.0,0.0,111.0,1.0,0,False,1789.3077647642763,1200.749891705682,1736.4144239230611,1253.6432325468973,588.5578730585942,0.9813605154762358
2020,2020-08-13,True,False,sac,lal,136,122,30,36,41,29,0,40,16,28,38,0,home,4.0,221.5,150.0,-170.0,3.5,110.0,0.0,1,False,1642.573506875488,1447.5852245231865,1558.2887773365742,1531.8699540621003,194.98828235230144,0.8452849895407203
2020,2020-08-14,True,False,mia,ind,92,109,13,31,26,22,0,28,30,26,25,0,away,2.0,221.5,-130.0,110.0,3.0,109.5,0.0,0,True,1630.5097711418487,1582.9278290530167,1666.872356398399,1546.5652437964663,47.581942088831966,0.7004727256154805
2020,2020-08-14,True,False,okc,lac,103,107,22,25,16,24,16,21,16,33,17,20,home,3.0,224.5,135.0,-155.0,3.5,107.5,1.0,0,True,1800.7608926029109,1605.7592842504353,1809.9286413905659,1596.5915354627803,195.0016083524756,0.8452950213580781
2020,2020-08-14,True,False,phi,hou,134,96,39,32,32,31,0,26,21,30,19,0,home,2.5,230.5,120.0,-140.0,7.5,113.0,0.0,0,False,1555.8617711840438,1513.120242083759,1448.4849241803183,1620.4970890874845,42.74152910028488,0.6945941759417644
2020,2020-08-14,True,False,den,tor,109,117,23,27,26,33,0,31,27,27,32,0,away,2.5,223.5,-145.0,125.0,3.0,110.5,0.0,1,True,1845.1875734161436,1489.7091852520932,1850.0190055768246,1484.8777530914122,355.47838816405033,0.932260597950022
