season,date,regular,playoffs,away_team,home_team,score_away,score_home,q1_away,q2_away,q3_away,q4_away,ot_away,q1_home,q2_home,q3_home,q4_home,ot_home,whos_favored,spread,total,away_ml,home_ml,h2_spread,h2_total,id_spread,id_total,home_won,home_elo_before,away_elo_before,home_elo_after,away_elo_after,elo_diff,elo_prob_home
2021,2020-12-22,True,False,gs,bkn,99,125,25,20,26,28,0,40,23,36,26,0,home,7.5,234.5,265.0,-320.0,1.0,115.0,1.0,0,True,1601.4640643769633,1352.2248203276479,1615.175583450937,1338.5133012536742,249.2392440493154,0.8818828914177139
2021,2020-12-22,True,False,lac,lal,116,109,39,17,33,27,0,19,35,24,31,0,home,2.0,219.0,115.0,-135.0,3.5,108.5,0.0,1,False,1543.7165830024305,1732.4464810429245,1509.4046122810341,1766.7584517643209,-188.72989804049394,0.3750129545673169
2021,2020-12-23,True,False,sa,mem,131,119,30,36,33,32,0,33,20,35,31,0,home,2.0,230.0,110.0,-130.0,5.0,117.0,0.0,1,False,1546.9878655478215,1571.2493457431256,1478.4490978594567,1639.7881134314903,-24.261480195304102,0.6073021524238845
2021,2020-12-23,True,False,dal,phx,102,106,22,23,26,31,0,23,30,24,29,0,home,1.5,232.5,100.0,-120.0,2.0,113.0,1.0,0,True,1714.749736446146,1543.6135843283016,1725.2428439439716,1533.120476830476,171.1361521178444,0.8264659887577417
2021,2020-12-23,True,False,utah,por,120,100,32,33,29,26,0,25,19,24,32,0,away,1.5,226.0,-130.0,110.0,5.0,115.0,1.0,0,False,1618.6064836753792,1500.9961463397817,1525.3825128209926,1594.2201171941683,117.61033733559748,0.7777609822642872
2021,2020-12-23,True,False,det,min,101,111,34,23,28,16,0,25,31,24,31,0,home,5.5,224.5,190.0,-220.0,4.5,110.0,1.0,0,True,1267.697753849807,1229.6044881137966,1299.317791038684,1197.9844509249197,38.09326573601038,0.688888645194433
2021,2020-12-23,True,False,atl,chi,124,104,42,41,28,13,0,29,30,20,25,0,away,2.0,234.0,-130.0,110.0,6.0,116.0,1.0,0,False,1291.3657654044348,1353.6906144792017,1217.1514978755602,1427.9048820080764,-62.32484907476692,0.5540073797730836
2021,2020-12-23,True,False,sac,den,124,122,25,28,36,23,12,31,29,24,28,10,home,7.5,227.5,260.0,-310.0,2.0,111.5,0.0,1,False,1488.6583148185591,1523.9024655465753,1460.0355305178712,1552.5252498472632,-35.244150728016166,0.5921268419492053
2021,2020-12-23,True,False,mil,bos,121,122,34,25,25,37,0,31,33,37,21,0,away,4.5,223.0,-190.0,170.0,4.0,115.0,0.0,1,True,1677.310817942296,1523.1822825939462,1682.2795342628435,1518.2135662733986,154.12853534834971,0.8119729884206457
2021,2020-12-23,True,False,wsh,phi,107,113,26,33,24,24,0,30,28,15,40,0,home,7.0,230.5,250.0,-300.0,5.5,113.5,0.0,0,True,1590.3728168156133,1315.2324244101728,1597.3189276795567,1308.2863135462294,275.1403924054405,0.8965514866113096
2021,2020-12-23,True,False,mia,orl,107,113,29,24,30,24,0,27,29,23,34,0,away,4.5,219.0,-190.0,170.0,5.0,106.5,0.0,1,True,1498.4517516127362,1534.9239328473498,1533.5201424307286,1499.8555420293574,-36.47218123461357,0.5904184565695254
2021,2020-12-23,True,False,no,tor,113,99,23,27,38,25,0,26,31,22,20,0,home,3.5,228.5,150.0,-170.0,0.0,111.0,0.0,0,False,1762.5142541826185,1426.3462715041828,1680.0358051071807,1508.8247205796206,336.1679826784357,0.9248944202692642
2021,2020-12-23,True,False,ny,ind,107,121,33,33,16,25,0,35,26,27,33,0,home,7.5,215.5,270.0,-330.0,7.5,107.5,1.0,1,True,1625.1542672987994,1354.1052376812127,1635.0587179039967,1344.2007870760153,271.0490296175867,0.8943466416143283
2021,2020-12-23,True,False,cha,cle,114,121,23,21,36,34,0,24,41,28,28,0,away,3.0,217.0,-140.0,120.0,7.0,107.0,0.0,1,True,1333.558912012623,1444.065173323227,1380.6895901628484,1396.9344951730018,-110.50626131060403,0.4848848815070907
2021,2020-12-25,True,False,gs,mil,99,138,25,31,20,23,0,33,33,34,38,0,home,10.0,230.5,450.0,-600.0,2.5,113.0,1.0,1,True,1518.2135662733986,1338.5133012536742,1541.1322841288234,1315.5945833982494,179.70026501972438,0.83342306947461
2021,2020-12-25,True,False,no,mia,98,111,26,27,26,19,0,29,37,22,23,0,home,3.0,221.0,130.0,-150.0,3.0,107.5,1.0,0,True,1499.8555420293574,1508.8247205796206,1543.0416170170117,1465.6386455919662,-8.969178550263223,0.628086251385846
2021,2020-12-25,True,False,bkn,bos,123,95,26,25,35,37,0,22,32,23,18,0,away,3.0,229.5,-145.0,125.0,3.0,114.0,1.0,0,False,1682.2795342628435,1615.175583450937,1581.8248223478977,1715.6302953658828,67.10395081190654,0.723507589785408
2021,2020-12-25,True,False,lac,den,121,108,32,40,26,23,0,26,29,24,29,0,away,3.5,226.5,-160.0,140.0,3.5,110.5,1.0,1,False,1460.0355305178712,1766.7584517643209,1432.9496978437364,1793.8442844384556,-306.7229212464497,0.23326022490010878
2021,2020-12-25,True,False,dal,lal,115,138,30,27,28,30,0,33,36,30,39,0,home,6.0,226.0,225.0,-265.0,1.5,110.5,1.0,1,True,1509.4046122810341,1533.120476830476,1564.2125614569554,1478.3125276545547,-23.715864549441903,0.6080509409095535
2021,2020-12-26,True,False,hou,por,126,128,31,37,17,28,13,27,31,26,29,15,home,7.5,225.5,300.0,-360.0,6.5,111.5,0.0,1,True,1525.3825128209926,1461.3636931352387,1538.1057489275909,1448.6404570286404,64.0188196857539,0.7199408495864146
2021,2020-12-26,True,False,min,utah,116,111,31,37,20,28,0,27,26,26,32,0,home,9.5,229.0,375.0,-450.0,9.5,112.0,0.0,0,False,1594.2201171941683,1299.317791038684,1539.0214554396316,1354.5164527932207,294.9023261554844,0.9066364493846565
2021,2020-12-26,True,False,tor,sa,114,119,39,19,28,28,0,33,28,30,28,0,away,2.5,228.5,-145.0,125.0,2.0,112.5,0.0,1,True,1639.7881134314903,1680.0358051071807,1672.4936105603908,1647.3303079782802,-40.247691675690476,0.5851526024027115
2021,2020-12-26,True,False,ind,chi,125,106,27,39,33,26,0,28,28,15,35,0,away,6.0,223.5,-240.0,200.0,0.5,110.0,1.0,1,False,1217.1514978755602,1635.0587179039967,1198.9303349590098,1653.279880820547,-417.90722002843654,0.13823576381250519
2021,2020-12-26,True,False,phx,sac,103,106,25,29,25,24,0,31,27,25,23,0,away,3.5,227.0,-160.0,140.0,4.0,114.5,0.0,0,True,1552.5252498472632,1725.2428439439716,1589.3153945559081,1688.4526992353267,-172.71759409670835,0.39685273494602846
2021,2020-12-26,True,False,okc,cha,109,107,26,31,23,29,0,28,31,16,32,0,home,3.0,219.5,125.0,-145.0,1.0,108.0,0.0,0,False,1396.9344951730018,1572.4436515970851,1377.936674153906,1591.4414726161808,-175.50915642408336,0.3930127707276543
2021,2020-12-26,True,False,orl,wsh,130,120,32,31,29,38,0,32,27,32,29,0,home,1.5,232.0,110.0,-130.0,1.5,117.5,0.0,1,False,1308.2863135462294,1533.5201424307286,1273.7649304680663,1568.0415255088917,-225.2338288844992,0.32719397591724714
2021,2020-12-26,True,False,cle,det,128,119,26,33,22,20,27,26,27,33,15,18,home,0.0,214.0,-110.0,-110.0,1.5,105.5,0.0,1,False,1197.9844509249197,1380.6895901628484,1159.1634493364588,1419.5105917513092,-182.70513923792873,0.3831760629960439
2021,2020-12-26,True,False,atl,mem,122,112,27,31,29,35,0,22,34,32,24,0,home,2.5,238.5,120.0,-140.0,1.0,117.5,0.0,0,False,1478.4490978594567,1427.9048820080764,1407.7417140089328,1498.6122658586003,50.544215851380386,0.7040381883380151
2021,2020-12-26,True,False,phi,ny,109,89,27,33,26,23,0,27,28,14,20,0,away,8.0,215.0,-360.0,300.0,4.0,105.5,1.0,0,False,1344.2007870760153,1597.3189276795567,1304.9663644207624,1636.5533503348097,-253.1181406035414,0.2928838404783753
2021,2020-12-27,True,False,gs,chi,129,128,24,36,33,36,0,27,29,41,31,0,away,3.5,229.5,-165.0,145.0,1.0,112.0,0.0,1,False,1198.9303349590098,1315.5945833982494,1184.4119444130108,1330.1129739442483,-116.6642484392396,0.47603659187276703
2021,2020-12-27,True,False,min,lal,91,127,23,22,22,24,0,40,27,36,24,0,home,10.5,229.0,400.0,-500.0,0.5,112.0,1.0,0,True,1564.2125614569554,1354.5164527932207,1583.1205824176143,1335.6084318325618,209.69610866373478,0.8560366094011972
2021,2020-12-27,True,False,phx,sac,116,100,28,28,34,26,0,33,20,25,22,0,away,3.0,225.5,-160.0,140.0,1.5,114.0,1.0,0,False,1589.3153945559081,1688.4526992353267,1526.8299319031319,1750.938161888103,-99.13730467941855,0.501241515814095
2021,2020-12-27,True,False,bos,ind,107,108,23,32,28,24,0,19,30,39,20,0,away,3.0,220.5,-135.0,115.0,0.5,113.0,0.0,0,True,1653.279880820547,1581.8248223478977,1661.0082897596888,1574.096413408756,71.4550584726494,0.728489945962541
2021,2020-12-27,True,False,mil,ny,110,130,27,18,30,35,0,30,31,35,34,0,away,13.0,222.0,-1200.0,750.0,12.0,114.0,0.0,1,True,1304.9663644207624,1541.1322841288234,1396.9299926959895,1449.1686558535962,-236.16591970806098,0.31349415103555567
2021,2020-12-27,True,False,phi,cle,94,118,24,26,22,22,0,29,35,29,25,0,away,6.0,218.0,-240.0,200.0,7.5,108.0,0.0,0,True,1419.5105917513092,1636.5533503348097,1513.3185644048028,1542.745377681316,-217.04275858350047,0.33765715284286024
2021,2020-12-27,True,False,sa,no,95,98,18,27,26,24,0,16,31,32,19,0,home,5.0,227.5,170.0,-190.0,2.5,116.0,0.0,0,True,1465.6386455919662,1672.4936105603908,1505.232060461907,1632.9001956904501,-206.8549649684246,0.35089518994633223
2021,2020-12-27,True,False,dal,lac,124,73,36,41,27,20,0,13,14,30,16,0,home,3.0,226.5,140.0,-160.0,10.5,111.5,0.0,0,False,1793.8442844384556,1478.3125276545547,1672.7614967651275,1599.3953153278828,315.53175678390085,0.9162146939105417
2021,2020-12-27,True,False,orl,wsh,120,113,29,33,15,43,0,35,25,34,19,0,away,2.0,231.0,-130.0,110.0,0.5,117.5,1.0,1,False,1273.7649304680663,1568.0415255088917,1251.2279398835865,1590.5785160933715,-294.27659504082544,0.2463182163090158
2021,2020-12-27,True,False,bkn,cha,104,106,22,28,27,27,0,23,25,34,24,0,away,11.5,233.0,-600.0,450.0,6.5,113.5,0.0,0,True,1377.936674153906,1715.6302953658828,1416.4677030284536,1677.0992664913354,-337.69362121197673,0.20289877445671806
2021,2020-12-28,True,False,mem,bkn,116,111,32,22,33,19,10,23,32,30,21,5,away,1.5,227.5,-125.0,105.0,0.5,114.5,1.0,0,False,1677.0992664913354,1407.7417140089328,1621.6104364375674,1463.2305440627008,269.3575524824025,0.8934230534646235
2021,2020-12-28,True,False,det,atl,120,128,25,31,31,33,0,33,32,35,28,0,home,10.5,223.5,400.0,-500.0,3.0,109.5,0.0,1,True,1498.6122658586003,1159.1634493364588,1503.9392547459054,1153.8364604491537,339.44881652214144,0.9261958489657053
2021,2020-12-28,True,False,utah,okc,110,109,22,27,35,26,0,24,28,35,22,0,away,9.0,218.0,-400.0,330.0,7.5,110.5,0.0,1,False,1591.4414726161808,1539.0214554396316,1570.9738264514356,1559.4891016043769,52.42001717654921,0.7062831784567294
2021,2020-12-28,True,False,hou,den,111,124,26,34,23,28,0,36,34,36,18,0,home,6.5,222.0,225.0,-265.0,0.5,109.5,1.0,1,True,1432.9496978437364,1448.6404570286404,1477.1903864877793,1404.3997683845976,-15.690759184903982,0.6190040340646547
2021,2020-12-28,True,False,por,lal,115,107,22,36,26,31,0,30,24,31,22,0,home,6.0,229.0,195.0,-230.0,5.5,117.5,0.0,0,False,1583.1205824176143,1538.1057489275909,1518.6051469332817,1602.6211844119234,45.01483349002342,0.6973630999349539
2021,2020-12-29,True,False,min,lac,101,124,29,21,26,25,0,33,37,35,19,0,home,10.5,225.5,475.0,-650.0,0.5,109.5,1.0,0,True,1672.7614967651275,1335.6084318325618,1680.5746578303226,1327.7952707673667,337.1530649325657,0.9252873783850974
2021,2020-12-29,True,False,no,phx,86,111,29,15,17,25,0,31,35,34,11,0,home,1.5,222.0,105.0,-125.0,5.0,108.0,1.0,0,True,1750.938161888103,1505.232060461907,1764.7768200142293,1491.3934023357806,245.70610142619603,0.8797478230415466
2021,2020-12-29,True,False,den,sac,115,125,34,28,38,15,0,32,42,22,29,0,home,1.0,226.0,-110.0,-110.0,3.5,110.5,1.0,1,True,1526.8299319031319,1477.1903864877793,1556.6885331527403,1447.3317852381708,49.639545415352586,0.702951915999895
2021,2020-12-29,True,False,mil,mia,144,97,46,37,32,29,0,26,25,24,22,0,away,6.0,227.5,-240.0,200.0,4.5,114.5,1.0,1,False,1543.0416170170117,1449.1686558535962,1425.7489783275114,1566.4612945430965,93.87296116341554,0.7532501814179421
2021,2020-12-29,True,False,orl,okc,118,107,34,26,27,31,0,27,29,29,22,0,away,6.5,219.0,-250.0,210.0,2.5,112.0,1.0,1,False,1570.9738264514356,1590.5785160933715,1503.876963928276,1657.6753786165311,-19.60468964193592,0.6136764509195037
2021,2020-12-29,True,False,tor,phi,93,100,28,28,20,17,0,17,31,28,24,0,home,1.5,219.5,105.0,-125.0,2.5,106.5,1.0,0,True,1542.745377681316,1647.3303079782802,1589.0967658139698,1600.9789198456265,-104.5849302969641,0.49340213789924897
2021,2020-12-29,True,False,bos,ind,116,111,31,27,25,33,0,26,31,37,17,0,home,1.0,219.0,-105.0,-115.0,0.0,112.0,0.0,1,False,1661.0082897596888,1574.096413408756,1606.918170860761,1628.1865323076838,86.91187635093274,0.7457270307123387
2021,2020-12-29,True,False,ny,cle,95,86,29,24,18,24,0,15,31,18,22,0,home,3.5,216.0,140.0,-160.0,4.0,106.5,0.0,0,False,1513.3185644048028,1396.9299926959895,1442.8462610552415,1467.4022960455509,116.38857170881329,0.7765429536412006
2021,2020-12-29,True,False,chi,wsh,115,107,31,21,31,32,0,26,20,27,34,0,home,6.5,238.0,210.0,-250.0,5.0,119.5,0.0,0,False,1251.2279398835865,1184.4119444130108,1185.6916978874372,1249.9481864091601,66.81599547057567,0.723175872599359
2021,2020-12-29,True,False,gs,det,116,106,24,24,29,39,0,29,22,25,30,0,away,4.5,227.5,-170.0,150.0,4.0,110.5,1.0,0,False,1153.8364604491537,1330.1129739442483,1112.4818341695666,1371.4676002238355,-176.2765134950946,0.391959515768913
2021,2020-12-30,True,False,mem,bos,107,126,19,21,31,36,0,31,35,30,30,0,home,7.0,218.0,245.0,-285.0,2.5,110.0,1.0,1,True,1628.1865323076838,1463.2305440627008,1648.4055605204514,1443.0115158499332,164.95598824498302,0.8213042919202954
2021,2020-12-30,True,False,mil,mia,108,119,19,37,35,17,0,25,26,37,31,0,away,6.5,228.5,-260.0,220.0,2.5,115.0,0.0,0,True,1425.7489783275114,1566.4612945430965,1486.7937253590185,1505.4165475115894,-140.71231621558513,0.44167696823910907
2021,2020-12-30,True,False,atl,bkn,141,145,41,27,36,37,0,38,29,35,43,0,home,5.5,240.0,195.0,-230.0,4.0,118.0,0.0,1,True,1621.6104364375674,1503.9392547459054,1635.6875900331631,1489.8621011503096,117.67118169166201,0.7778215163803085
2021,2020-12-30,True,False,cha,dal,118,99,36,32,30,20,0,29,28,12,30,0,home,8.0,225.0,300.0,-360.0,8.0,112.0,0.0,0,False,1599.3953153278828,1416.4677030284536,1506.2423541258036,1509.6206642305328,182.92761229942926,0.8359862988650625
2021,2020-12-30,True,False,lal,sa,121,107,35,28,29,29,0,27,26,29,25,0,away,7.5,231.5,-310.0,260.0,1.0,113.0,1.0,0,False,1632.9001956904501,1518.6051469332817,1550.0869789985964,1601.4183636251355,114.29504875716839,0.7744447990814788
2021,2020-12-30,True,False,por,lac,105,128,26,31,28,20,0,37,39,31,21,0,home,6.0,226.0,190.0,-220.0,2.5,113.5,1.0,1,True,1680.5746578303226,1602.6211844119234,1714.8439387955138,1568.3519034467322,77.9534734183992,0.7358253851688035
2021,2020-12-31,True,False,phx,utah,106,95,21,32,30,23,0,22,18,30,25,0,home,4.0,219.5,150.0,-170.0,6.0,112.0,0.0,0,False,1559.4891016043769,1764.7768200142293,1520.8986901822361,1803.36723143637,-205.28771840985246,0.3529528182169257
2021,2020-12-31,True,False,no,okc,113,80,32,26,27,28,0,28,19,26,7,0,away,5.5,214.5,-200.0,175.0,0.5,106.0,1.0,0,False,1503.876963928276,1491.3934023357806,1403.2783263606977,1591.9920399033588,12.483561592495334,0.656448548173931
2021,2020-12-31,True,False,ny,tor,83,100,18,24,22,19,0,22,20,29,29,0,home,8.5,215.5,300.0,-360.0,5.0,104.5,1.0,0,True,1600.9789198456265,1467.4022960455509,1624.175249140198,1444.2059667509793,133.5766238000756,0.7932413131281887
2021,2020-12-31,True,False,chi,wsh,133,130,35,36,36,26,0,41,27,32,30,0,home,7.5,235.5,250.0,-300.0,5.5,120.0,0.0,1,False,1185.6916978874372,1249.9481864091601,1152.0666195868466,1283.5732647097507,-64.25648852172299,0.5512583376564203
2021,2020-12-31,True,False,phi,orl,116,92,38,37,23,18,0,22,18,29,23,0,away,4.0,219.5,-175.0,155.0,6.0,106.0,1.0,0,False,1657.6753786165311,1589.0967658139698,1561.5562734258817,1685.2158710046192,68.57861280256134,0.7252025077070413
2021,2020-12-31,True,False,sac,hou,119,122,33,26,27,33,0,32,31,24,35,0,home,5.5,231.5,180.0,-210.0,2.0,114.0,0.0,1,True,1404.3997683845976,1556.6885331527403,1439.4538960845105,1521.6344054528274,-152.28876476814276,0.42531345232553774
2021,2020-12-31,True,False,cle,ind,99,119,21,30,17,31,0,32,25,31,31,0,home,8.0,219.0,270.0,-330.0,2.5,108.5,1.0,0,True,1606.918170860761,1442.8462610552415,1627.5681960209286,1422.1962358950739,164.07190980551945,0.8205561663503527
2021,2021-01-01,True,False,lal,sa,109,103,25,33,23,28,0,31,26,28,18,0,away,7.5,229.0,-340.0,280.0,5.0,112.0,0.0,0,False,1550.0869789985964,1601.4183636251355,1501.3190657895875,1650.1862768341443,-51.33138462653915,0.5695852217941247
2021,2021-01-01,True,False,por,gs,123,98,36,31,31,25,0,21,34,25,18,0,away,3.5,237.5,-150.0,130.0,1.5,117.5,1.0,0,False,1371.4676002238355,1568.3519034467322,1319.274847073135,1620.5446565974325,-196.88430322289673,0.364077282978092
2021,2021-01-01,True,False,chi,mil,96,126,21,19,35,21,0,27,35,34,30,0,home,14.5,233.0,850.0,-1500.0,3.0,117.5,1.0,0,True,1505.4165475115894,1283.5732647097507,1522.1799880028,1266.8098242185401,221.84328280183877,0.8644413255100903
2021,2021-01-01,True,False,phx,den,106,103,34,26,27,19,0,32,17,29,25,0,home,3.5,220.5,140.0,-160.0,4.5,112.0,0.0,0,False,1447.3317852381708,1803.36723143637,1435.9645855082247,1814.7344311663162,-356.0354461981992,0.1863568486271345
2021,2021-01-01,True,False,lac,utah,100,106,19,23,23,35,0,31,20,33,22,0,away,3.0,219.5,-160.0,140.0,4.0,107.0,0.0,0,True,1520.8986901822361,1714.8439387955138,1575.010278165046,1660.732350812704,-193.94524861327773,0.36800328710543306
2021,2021-01-01,True,False,wsh,min,130,109,37,23,40,30,0,25,32,14,38,0,away,1.0,234.5,-110.0,-110.0,0.5,114.0,1.0,1,False,1327.7952707673667,1152.0666195868466,1231.7565698375822,1248.105320516631,175.72865118052005,0.8302248572735905
2021,2021-01-01,True,False,mem,cha,108,93,23,30,30,25,0,19,28,20,26,0,home,4.0,219.5,160.0,-180.0,4.5,110.5,0.0,0,False,1509.6206642305328,1443.0115158499332,1426.934367713169,1525.697812367297,66.60914838059966,0.7229374385069718
2021,2021-01-01,True,False,bos,det,93,96,12,28,33,20,0,27,28,24,17,0,away,8.5,213.5,-370.0,310.0,9.0,108.0,0.0,0,True,1112.4818341695666,1648.4055605204514,1168.8916134283154,1591.9957812617026,-535.9237263508849,0.07520330915638439
2021,2021-01-01,True,False,mia,dal,83,93,16,15,22,30,0,20,26,27,20,0,away,1.5,225.0,-115.0,-105.0,5.0,109.5,0.0,0,True,1506.2423541258036,1486.7937253590185,1540.8682021182767,1452.1678773665453,19.448628766785077,0.6654331740588637
2021,2021-01-01,True,False,atl,bkn,114,96,29,32,28,25,0,23,29,21,23,0,home,6.0,244.5,210.0,-250.0,5.5,119.5,0.0,0,False,1635.6875900331631,1489.8621011503096,1544.7174516426523,1580.8322395408204,145.8254888828535,0.8045667846819607
2021,2021-01-02,True,False,sac,hou,94,102,36,28,17,13,0,36,28,19,19,0,away,2.0,229.0,-130.0,110.0,2.0,113.0,0.0,0,True,1439.4538960845105,1521.6344054528274,1485.3157709879417,1475.7725305493962,-82.18050936831696,0.5256218460936809
2021,2021-01-02,True,False,cha,phi,112,127,24,34,32,22,0,39,34,31,23,0,home,10.0,217.0,400.0,-500.0,1.0,106.5,1.0,1,True,1685.2158710046192,1426.934367713169,1696.152339662124,1415.9978990556642,258.28150329145024,0.8871980009095789
2021,2021-01-02,True,False,okc,orl,108,99,28,24,32,24,0,33,18,31,17,0,home,4.5,216.5,155.0,-175.0,3.5,106.0,0.0,0,False,1561.5562734258817,1403.2783263606977,1490.2169736399555,1474.617626146624,158.27794706518398,0.8155925777088004
2021,2021-01-02,True,False,ny,ind,106,102,26,24,32,24,0,28,23,31,20,0,home,9.5,215.0,375.0,-450.0,6.0,105.0,0.0,0,False,1627.5681960209286,1444.2059667509793,1577.5202357788994,1494.2539269930085,183.36222926994924,0.8363290481283919
2021,2021-01-02,True,False,tor,no,116,120,26,34,22,34,0,32,23,32,33,0,away,1.0,215.5,-115.0,-105.0,0.5,106.5,0.0,1,True,1591.9920399033588,1624.175249140198,1620.5748287485915,1595.5924602949653,-32.183209236839275,0.5963753355299112
2021,2021-01-02,True,False,cle,atl,96,91,25,19,26,26,0,35,21,18,17,0,home,5.5,229.0,200.0,-240.0,0.5,112.0,0.0,0,False,1580.8322395408204,1422.1962358950739,1525.3155499050727,1477.7129255308216,158.63600364574654,0.8159023741734903
2021,2021-01-03,True,False,den,min,124,109,29,26,28,41,0,28,20,36,25,0,away,8.5,226.0,-360.0,300.0,2.5,111.0,1.0,1,False,1231.7565698375822,1435.9645855082247,1188.5251586302065,1479.1959967156004,-204.20801567064245,0.35437353726995774
2021,2021-01-03,True,False,por,gs,122,137,33,21,29,39,0,36,30,31,40,0,away,4.5,235.0,-190.0,170.0,6.0,114.5,0.0,1,True,1319.274847073135,1620.5446565974325,1412.121799843027,1527.6977038275406,-301.26980952429744,0.23892137316605144
2021,2021-01-03,True,False,dal,chi,108,118,31,29,21,27,0,31,28,27,32,0,away,4.0,222.0,-170.0,150.0,2.5,109.5,0.0,1,True,1266.8098242185401,1540.8682021182767,1343.9825598210211,1463.6954665157957,-274.05837789973657,0.26855612543059776
2021,2021-01-03,True,False,lac,phx,112,107,37,27,24,24,0,24,20,37,26,0,away,3.5,215.5,-150.0,130.0,3.5,105.5,1.0,1,False,1814.7344311663162,1660.732350812704,1759.2708490433681,1716.195932935652,154.0020803536122,0.811861827501486
2021,2021-01-03,True,False,lal,mem,108,94,25,31,21,31,0,36,18,21,19,0,away,10.0,220.0,-500.0,400.0,6.5,108.0,1.0,0,False,1525.697812367297,1650.1862768341443,1470.3129688165234,1705.571120384918,-124.48846446684729,0.46481651035251814
2021,2021-01-03,True,False,wsh,bkn,123,122,29,41,24,29,0,28,43,22,29,0,home,7.5,241.5,270.0,-330.0,4.5,119.0,0.0,1,False,1544.7174516426523,1248.105320516631,1523.3723346397537,1269.4504375195297,296.61213112602127,0.9074662516416292
2021,2021-01-03,True,False,utah,sa,130,109,33,32,33,32,0,23,28,25,33,0,away,5.5,222.5,-220.0,190.0,1.5,113.5,1.0,1,False,1501.3190657895875,1575.010278165046,1428.1765802988566,1648.1527636557769,-73.69121237545846,0.5377891894989553
2021,2021-01-03,True,False,bos,det,122,120,31,30,30,31,0,33,24,31,32,0,away,8.0,212.0,-360.0,300.0,3.5,107.0,0.0,1,False,1168.8916134283154,1591.9957812617026,1162.3798561870371,1598.5075385029809,-423.10416783338724,0.1347103835291546
2021,2021-01-04,True,False,sac,gs,106,137,20,28,27,31,0,37,31,32,37,0,away,1.5,235.0,-125.0,105.0,5.5,115.0,0.0,1,True,1412.121799843027,1475.7725305493962,1480.4199684873445,1407.4743619050787,-63.65073070636913,0.5521207763411148
2021,2021-01-04,True,False,det,mil,115,125,26,30,24,35,0,33,34,30,28,0,home,16.0,223.5,1100.0,-2500.0,5.5,108.5,0.0,1,True,1522.1799880028,1162.3798561870371,1527.3153168912336,1157.2445272986035,359.8001318157628,0.9338148657944063
2021,2021-01-04,True,False,dal,hou,113,100,33,28,23,29,0,21,28,28,23,0,home,4.0,229.5,150.0,-170.0,5.5,113.5,0.0,0,False,1485.3157709879417,1463.6954665157957,1409.3662016865583,1539.6450358171792,21.620304472146017,0.6682105528181805
2021,2021-01-04,True,False,bos,tor,126,114,23,38,39,26,0,32,14,35,33,0,home,6.0,217.0,200.0,-240.0,8.0,110.5,0.0,1,False,1595.5924602949653,1598.5075385029809,1523.7934685786443,1670.306530219302,-2.9150782080155295,0.6361900524597374
2021,2021-01-04,True,False,ny,atl,113,108,31,23,30,29,0,29,29,30,20,0,home,7.0,224.5,250.0,-300.0,3.0,110.0,0.0,0,False,1525.3155499050727,1494.2539269930085,1473.309832379812,1546.2596445182692,31.061622912064195,0.6801478510267617
2021,2021-01-04,True,False,okc,mia,90,118,26,23,17,24,0,26,37,28,27,0,home,9.0,214.5,350.0,-420.0,1.0,105.5,1.0,0,True,1452.1678773665453,1474.617626146624,1509.9822970068653,1416.803206506304,-22.449748780078608,0.6097865619547232
2021,2021-01-04,True,False,cha,phi,101,118,20,23,23,35,0,23,35,24,36,0,home,8.0,221.5,290.0,-350.0,0.5,107.5,1.0,0,True,1696.152339662124,1415.9978990556642,1706.1664699398164,1405.9837687779718,280.15444060645973,0.8991979829334323
2021,2021-01-04,True,False,cle,orl,83,103,19,30,18,16,0,26,25,38,14,0,home,6.0,214.5,190.0,-220.0,3.5,105.0,1.0,0,True,1490.2169736399555,1477.7129255308216,1535.666907333482,1432.2629918372952,12.504048109133919,0.6564751436816341
2021,2021-01-04,True,False,ind,no,118,116,26,27,26,27,12,24,27,26,29,10,home,1.5,216.0,105.0,-125.0,1.0,105.5,0.0,1,False,1620.5748287485915,1577.5202357788994,1588.3670995499465,1609.7279649775444,43.05459296969207,0.694976335482665
2021,2021-01-05,True,False,utah,bkn,96,130,14,30,29,23,0,35,28,35,32,0,away,4.5,225.0,-180.0,160.0,8.0,114.5,0.0,1,True,1523.3723346397537,1648.1527636557769,1607.1593324700136,1564.365765825517,-124.78042901602316,0.4643984448909364
2021,2021-01-05,True,False,lal,mem,94,92,19,26,22,27,0,24,25,19,24,0,away,9.5,219.0,-460.0,380.0,8.0,106.5,0.0,0,False,1470.3129688165234,1705.571120384918,1455.1045779765002,1720.7795112249412,-235.25815156839462,0.3146198617377609
2021,2021-01-05,True,False,min,den,116,123,22,43,31,20,0,34,28,31,30,0,home,10.5,226.5,475.0,-650.0,8.0,112.0,0.0,1,True,1479.1959967156004,1188.5251586302065,1485.9621421640477,1181.7590131817592,290.6708380853938,0.904554065451145
2021,2021-01-05,True,False,sa,lac,116,113,36,27,22,31,0,27,17,40,29,0,home,7.0,226.0,260.0,-310.0,8.5,115.5,0.0,1,False,1716.195932935652,1428.1765802988566,1673.4216039497903,1470.9509092847184,288.0193526367955,0.9032281421185255
2021,2021-01-05,True,False,chi,por,111,108,21,24,36,30,0,39,15,31,23,0,home,9.5,232.5,375.0,-450.0,3.0,117.5,0.0,0,False,1527.6977038275406,1343.9825598210211,1484.5872700443845,1387.0929936041773,183.7151440065195,0.8366069410557664
2021,2021-01-06,True,False,det,mil,115,130,33,23,26,33,0,44,38,26,22,0,home,11.5,226.5,650.0,-1000.0,0.5,111.0,1.0,1,True,1527.3153168912336,1157.2445272986035,1532.891438349431,1151.6684058404062,370.07078959263004,0.9373765336424937
2021,2021-01-06,True,False,chi,sac,124,128,25,34,34,31,0,28,34,31,35,0,home,6.5,228.5,250.0,-300.0,2.0,115.5,0.0,1,True,1407.4743619050787,1387.0929936041773,1430.61067632713,1363.956679182126,20.381368300901386,0.6666274832374647
2021,2021-01-06,True,False,lac,gs,108,101,21,31,31,25,0,15,36,26,24,0,away,5.0,231.0,-210.0,180.0,3.5,113.0,1.0,0,False,1480.4199684873445,1673.4216039497903,1446.6336788820029,1707.207893555132,-193.00163546244585,0.36926751866412566
2021,2021-01-06,True,False,tor,phx,115,123,25,29,33,28,0,22,36,38,27,0,home,3.0,219.0,130.0,-150.0,0.5,107.0,1.0,1,True,1759.2708490433681,1523.7934685786443,1769.1791951880268,1513.8851224339855,235.47738046472386,0.8733780947418756
2021,2021-01-06,True,False,okc,no,111,110,26,28,34,23,0,34,25,19,32,0,home,8.0,213.5,270.0,-330.0,3.0,105.5,0.0,1,False,1588.3670995499465,1416.803206506304,1566.8431222557435,1438.3271838005069,171.56389304364257,0.8268188442712352
2021,2021-01-06,True,False,bos,mia,107,105,34,19,27,27,0,26,19,35,25,0,home,2.5,217.5,120.0,-140.0,4.0,110.0,0.0,0,False,1509.9822970068653,1670.306530219302,1489.9676345825392,1690.3211926436281,-160.32423321243664,0.41404842832535826
2021,2021-01-06,True,False,wsh,phi,136,141,24,43,39,30,0,33,49,34,25,0,home,6.5,235.0,220.0,-260.0,1.0,115.5,0.0,1,True,1706.1664699398164,1269.4504375195297,1708.5555939174267,1267.0613135419194,436.71603242028664,0.9564611212784448
2021,2021-01-06,True,False,hou,ind,107,114,30,26,31,20,0,35,27,28,24,0,home,3.0,224.0,125.0,-145.0,0.0,109.5,1.0,0,True,1609.7279649775444,1409.3662016865583,1621.2157792366106,1397.878387427492,200.36176329098612,0.849287190553353
2021,2021-01-06,True,False,cha,atl,102,94,27,32,22,21,0,11,29,27,27,0,home,6.0,232.5,210.0,-250.0,7.5,113.0,0.0,0,False,1473.309832379812,1405.9837687779718,1407.75170172124,1471.5418994365439,67.32606360184013,0.7237632901923197
2021,2021-01-06,True,False,cle,orl,94,105,23,22,19,30,0,15,36,32,22,0,home,5.0,214.0,180.0,-210.0,1.0,103.5,1.0,0,True,1535.666907333482,1432.2629918372952,1559.1208972268414,1408.8090019439358,103.40391549618676,0.7633053184170125
2021,2021-01-06,True,False,utah,ny,100,112,27,29,19,25,0,20,24,34,34,0,away,8.0,214.5,-310.0,260.0,0.5,109.0,0.0,0,True,1546.2596445182692,1564.365765825517,1589.6286771167058,1520.9967332270803,-18.106121307247804,0.615719573988731
2021,2021-01-07,True,False,phi,bkn,109,122,26,25,33,25,0,28,37,29,28,0,away,4.0,222.5,-180.0,160.0,7.0,109.0,0.0,1,True,1607.1593324700136,1708.5555939174267,1665.4519189050202,1650.26300748242,-101.39626144741305,0.4979906290707003
2021,2021-01-07,True,False,cle,mem,94,90,19,27,21,27,0,24,21,24,21,0,home,6.0,209.0,200.0,-240.0,4.0,102.0,0.0,0,False,1455.1045779765002,1408.8090019439358,1407.8005644925574,1456.1130154278785,46.29557603256444,0.6989167919836595
2021,2021-01-07,True,False,min,por,117,135,29,27,24,37,0,28,47,36,24,0,home,10.0,233.0,400.0,-500.0,0.0,114.0,1.0,1,True,1484.5872700443845,1181.7590131817592,1493.4945025343682,1172.8517806917755,302.82825686262527,0.910427494457235
2021,2021-01-07,True,False,dal,den,124,117,22,21,33,33,15,28,24,26,31,8,home,2.5,222.5,125.0,-145.0,2.0,111.5,0.0,1,False,1485.9621421640477,1539.6450358171792,1434.1516122940202,1591.4555656872067,-53.68289365313149,0.5662635947675623
2021,2021-01-07,True,False,sa,lal,118,109,34,31,26,27,0,26,30,33,20,0,home,8.5,226.5,330.0,-400.0,9.0,116.0,0.0,1,False,1720.7795112249412,1470.9509092847184,1649.263613207893,1542.4668073017665,249.82860194022282,0.8822358272951828
2021,2021-01-08,True,False,bkn,mem,110,115,28,19,39,24,0,40,22,30,23,0,home,0.0,217.5,-110.0,-110.0,4.0,106.0,1.0,1,True,1407.8005644925574,1665.4519189050202,1463.9715309504459,1609.2809524471318,-257.65135441246275,0.28750878900451915
2021,2021-01-08,True,False,orl,hou,90,132,17,16,24,33,0,32,30,31,39,0,home,7.0,222.0,240.0,-280.0,3.0,113.5,1.0,2,True,1397.878387427492,1559.1208972268414,1495.0612968377702,1461.9379878165632,-161.24250979934936,0.4127665589019187
2021,2021-01-08,True,False,chi,lal,115,117,33,25,30,27,0,28,31,33,25,0,home,8.5,221.5,350.0,-420.0,5.0,112.0,0.0,1,True,1649.263613207893,1363.956679182126,1652.9547449222066,1360.2655474678124,285.3069340257671,0.9018547548214588
2021,2021-01-08,True,False,lac,gs,105,115,30,35,22,18,0,22,29,30,34,0,away,6.5,229.5,-250.0,210.0,1.0,112.5,0.0,0,True,1446.6336788820029,1707.207893555132,1522.1691090883155,1631.6724633488193,-260.57421467312906,0.2840745205409579
2021,2021-01-08,True,False,tor,sac,144,123,35,36,40,33,0,43,31,29,20,0,away,1.0,227.5,-120.0,100.0,1.0,112.5,1.0,1,False,1430.61067632713,1513.8851224339855,1359.3366066904434,1585.1591920706721,-83.27444610685552,0.5240514303696069
2021,2021-01-08,True,False,wsh,bos,107,116,28,19,34,26,0,33,33,30,20,0,home,3.5,237.5,155.0,-175.0,3.0,115.5,1.0,0,True,1690.3211926436281,1267.0613135419194,1693.6583874663297,1263.7241187192178,423.25987910170875,0.9531189421289551
2021,2021-01-08,True,False,phx,det,105,110,29,27,20,17,12,20,28,24,21,17,away,8.0,216.0,-330.0,270.0,2.0,109.5,0.0,0,True,1151.6684058404062,1769.1791951880268,1226.6914950679168,1694.1561059605162,-617.5107893476206,0.048382196941454646
2021,2021-01-08,True,False,utah,mil,131,118,34,31,39,27,0,31,27,38,22,0,home,6.0,232.5,200.0,-240.0,5.0,119.0,0.0,1,False,1532.891438349431,1520.9967332270803,1457.6494002584511,1596.2387713180601,11.894705122350615,0.6556836782423133
2021,2021-01-08,True,False,cha,no,118,110,22,25,35,36,0,38,21,28,23,0,home,7.5,218.0,230.0,-270.0,0.5,107.0,0.0,1,False,1566.8431222557435,1471.5418994365439,1500.222124757241,1538.1628969350463,95.30122281919967,0.7547751250518828
2021,2021-01-08,True,False,okc,ny,101,89,15,27,27,32,0,24,18,21,26,0,home,3.0,212.0,130.0,-150.0,2.0,103.5,0.0,0,False,1589.6286771167058,1438.3271838005069,1510.2787970016716,1517.677063915541,151.30149331619896,0.8094758036764064
2021,2021-01-09,True,False,mia,wsh,128,124,47,28,28,25,0,44,27,15,38,0,away,10.5,226.5,-700.0,500.0,6.0,113.0,0.0,1,False,1263.7241187192178,1489.9676345825392,1240.6443059893454,1513.0474473124116,-226.24351586332136,0.32591577118553117
2021,2021-01-09,True,False,den,phi,115,103,28,30,35,22,0,26,25,21,31,0,away,13.5,215.0,-1100.0,700.0,8.0,105.0,0.0,1,False,1650.26300748242,1434.1516122940202,1570.404131972916,1514.0104878035243,216.1113951883999,0.8605281410999208
2021,2021-01-09,True,False,cle,mil,90,100,14,23,26,27,0,27,20,31,22,0,home,8.5,219.0,350.0,-420.0,1.5,105.0,1.0,0,True,1457.6494002584511,1456.1130154278785,1495.3525698062042,1418.4098458801254,1.536384830572615,0.6420999949994869
2021,2021-01-09,True,False,por,sac,125,99,38,28,27,32,0,24,25,20,30,0,away,5.5,236.0,-210.0,180.0,2.0,114.5,1.0,0,False,1359.3366066904434,1493.4945025343682,1293.9339320392614,1558.89717718555,-134.15789584392473,0.4510006060137761
2021,2021-01-09,True,False,sa,min,125,122,28,32,23,30,12,34,24,27,28,9,away,3.5,235.0,-160.0,140.0,2.0,119.0,0.0,1,False,1172.8517806917755,1542.4668073017665,1162.1899141338668,1553.1286738596752,-369.615026609991,0.1747934319285768
2021,2021-01-09,True,False,orl,dal,98,112,27,23,25,23,0,36,20,29,27,0,home,6.5,218.0,220.0,-260.0,2.0,110.5,1.0,0,True,1591.4555656872067,1461.9379878165632,1613.6738302287,1439.71972327507,129.51757787064344,0.7893828460452816
2021,2021-01-09,True,False,atl,cha,105,113,29,21,26,29,0,28,31,28,26,0,away,5.0,229.0,-200.0,175.0,5.0,112.5,0.0,0,True,1538.1628969350463,1407.75170172124,1556.1027939148614,1389.8118047414248,130.41119521380642,0.7902368143290792
2021,2021-01-09,True,False,phx,ind,125,117,30,26,34,35,0,32,21,34,30,0,home,3.0,217.0,130.0,-150.0,1.5,110.5,0.0,1,False,1621.2157792366106,1694.1561059605162,1569.1196024167912,1746.2522827803357,-72.94032672390563,0.538863451121447
2021,2021-01-10,True,False,lal,hou,120,102,25,40,23,32,0,21,25,29,27,0,away,4.0,223.5,-180.0,160.0,3.5,109.5,1.0,0,False,1495.0612968377702,1652.9547449222066,1440.9787845043259,1707.037257255651,-157.8934480844364,0.41744726797708953
2021,2021-01-10,True,False,tor,gs,105,106,24,27,21,33,0,31,30,26,19,0,away,3.0,233.5,-150.0,130.0,3.5,114.5,0.0,0,True,1522.1691090883155,1585.1591920706721,1535.800067238798,1571.5282339201897,-62.990082982356626,0.553061006221227
2021,2021-01-10,True,False,okc,bkn,129,116,29,28,37,35,0,41,22,18,35,0,home,8.0,225.0,290.0,-350.0,2.5,110.0,0.0,1,False,1609.2809524471318,1517.677063915541,1529.4136460058412,1597.5443703568317,91.60388853159066,0.7508144299334406
2021,2021-01-10,True,False,den,ny,114,89,28,31,23,32,0,21,17,26,25,0,away,5.5,213.5,-220.0,190.0,2.5,103.5,1.0,0,False,1510.2787970016716,1514.0104878035243,1419.2330510535771,1605.0562337516187,-3.7316908018526647,0.6351013466522052
2021,2021-01-10,True,False,utah,det,96,86,34,23,17,22,0,19,21,28,18,0,away,8.5,217.5,-400.0,330.0,0.505,110.0,1.0,0,False,1226.6914950679168,1596.2387713180601,1208.2435599372695,1614.6867064487074,-369.54727625014334,0.17484969328120908
2021,2021-01-10,True,False,chi,lac,127,130,31,28,35,33,0,22,30,42,36,0,home,12.0,221.0,650.0,-1000.0,10.5,113.0,0.0,1,True,1631.6724633488193,1360.2655474678124,1636.7319516634243,1355.2060591532074,271.40691588100685,0.89454114943834
2021,2021-01-10,True,False,sa,min,88,96,22,27,20,19,0,25,19,22,30,0,away,4.5,229.5,-185.0,165.0,1.5,114.5,0.0,0,True,1162.1899141338668,1553.1286738596752,1243.6131695880272,1471.7054184055148,-390.9387597258085,0.15778816961324638
2021,2021-01-11,True,False,ny,cha,88,109,25,25,18,20,0,31,26,25,27,0,home,5.0,212.5,170.0,-190.0,0.5,104.5,1.0,0,True,1556.1027939148614,1419.2330510535771,1580.4678467491196,1394.867998219319,136.8697428612843,0.7963331158540672
2021,2021-01-11,True,False,phx,wsh,107,128,15,27,36,29,0,29,39,36,24,0,away,6.0,231.5,-250.0,210.0,8.5,116.5,0.0,1,True,1240.6443059893454,1746.2522827803357,1364.64409979371,1622.2524889759711,-505.6079767909903,0.08827614811452429
2021,2021-01-11,True,False,mil,orl,121,99,25,38,23,35,0,23,31,28,17,0,away,10.0,226.0,-500.0,400.0,3.0,116.0,1.0,0,False,1439.71972327507,1495.3525698062042,1361.9776380834714,1573.0946549978028,-55.63284653113419,0.563504650577947
2021,2021-01-11,True,False,ind,sac,122,127,30,34,29,29,0,30,35,32,30,0,away,3.5,229.0,-170.0,150.0,3.0,113.0,0.0,1,True,1293.9339320392614,1569.1196024167912,1351.6994206208667,1511.354113835186,-275.18567037752973,0.26728334033366613
2021,2021-01-11,True,False,phi,atl,94,112,32,18,15,29,0,28,37,32,15,0,home,6.0,222.5,200.0,-240.0,1.5,109.0,1.0,0,True,1389.8118047414248,1570.404131972916,1469.3516803376128,1490.864256376728,-180.59232723149125,0.38605470917937984
2021,2021-01-11,True,False,tor,por,111,112,32,28,26,25,0,21,34,21,36,0,home,4.5,230.5,175.0,-200.0,3.5,114.0,0.0,0,True,1558.89717718555,1571.5282339201897,1570.3905562365023,1560.0348548692373,-12.631056734639742,0.6231490690939541
2021,2021-01-11,True,False,mem,cle,101,91,24,23,30,24,0,27,19,25,20,0,away,2.0,207.0,-135.0,115.0,2.5,105.0,1.0,0,False,1418.4098458801254,1463.9715309504459,1357.4573660611004,1524.924010769471,-45.561685070320436,0.5777081459583208
2021,2021-01-12,True,False,ind,gs,104,95,19,31,23,31,0,28,29,18,20,0,home,3.5,227.0,135.0,-155.0,1.0,112.0,0.0,0,False,1535.800067238798,1511.354113835186,1469.3609687101134,1577.7932123638705,24.445953403612066,0.6718068337684218
2021,2021-01-12,True,False,sa,okc,112,102,26,25,29,32,0,26,17,30,29,0,away,2.0,218.5,-135.0,115.0,1.5,112.0,1.0,0,False,1597.5443703568317,1471.7054184055148,1523.8997389537496,1545.3500498085969,125.83895195131686,0.7858406227426097
2021,2021-01-12,True,False,lal,hou,117,100,35,36,26,20,0,14,34,23,29,0,away,5.0,224.0,-170.0,150.0,3.5,108.5,1.0,0,False,1440.9787845043259,1707.037257255651,1405.6621712604656,1742.3538704995112,-266.0584727513251,0.2776979462258006
2021,2021-01-12,True,False,utah,cle,117,87,22,27,38,30,0,18,18,23,28,0,away,12.5,208.5,-1000.0,650.0,3.0,105.5,1.0,0,False,1357.4573660611004,1614.6867064487074,1313.9408703727927,1658.203202137015,-257.22934038760695,0.2880066834120996
2021,2021-01-12,True,False,mia,phi,134,137,25,38,32,25,14,28,27,41,24,17,home,8.5,213.0,320.0,-380.0,9.0,105.0,0.0,1,True,1490.864256376728,1513.0474473124116,1514.6438196622012,1489.2678840269384,-22.18319093568357,0.6101516133357103
2021,2021-01-12,True,False,den,bkn,116,122,35,35,20,26,0,27,27,36,32,0,home,1.5,230.5,110.0,-130.0,6.0,112.5,1.0,1,True,1529.4136460058412,1605.0562337516187,1569.2273256130377,1565.2425541444222,-75.64258774577752,0.5349958192323045
2021,2021-01-13,True,False,bkn,ny,116,109,26,35,31,24,0,25,20,31,33,0,away,3.0,217.0,-145.0,125.0,3.0,104.5,1.0,1,False,1394.867998219319,1569.2273256130377,1358.7645557987273,1605.3307680336293,-174.3593273937188,0.3945928586303618
2021,2021-01-13,True,False,dal,cha,104,93,32,28,27,17,0,16,27,29,21,0,away,3.0,220.5,-150.0,130.0,3.5,112.0,1.0,0,False,1580.4678467491196,1613.6738302287,1515.417656079597,1678.7240208982225,-33.205983479580254,0.5949573294568077
2021,2021-01-13,True,False,por,sac,132,126,33,32,35,32,0,43,25,37,21,0,away,5.0,237.5,-200.0,175.0,5.0,116.0,1.0,1,False,1351.6994206208667,1570.3905562365023,1322.9706151332125,1599.1193617241565,-218.69113561563563,0.33553830723564726
2021,2021-01-13,True,False,mil,det,110,101,27,31,31,21,0,13,34,28,26,0,away,10.5,225.5,-600.0,450.0,2.5,114.5,0.0,0,False,1208.2435599372695,1573.0946549978028,1190.1302487510718,1591.2079661840005,-364.8510950605332,0.17878434311731997
2021,2021-01-13,True,False,mem,min,118,107,27,29,24,38,0,29,29,32,17,0,home,2.0,223.0,125.0,-145.0,0.5,113.5,0.0,1,False,1243.6131695880272,1524.924010769471,1215.138281342574,1553.3988990149242,-281.3108411814437,0.2604349548053416
2021,2021-01-13,True,False,no,lac,106,111,28,15,28,35,0,28,33,22,28,0,home,11.0,216.0,475.0,-650.0,1.0,105.5,0.0,1,True,1636.7319516634243,1500.222124757241,1650.883240331745,1486.0708360889205,136.5098269061832,0.7959968842314743
2021,2021-01-13,True,False,lal,okc,128,99,30,28,35,35,0,21,25,25,28,0,away,10.5,219.5,-600.0,450.0,3.0,106.5,1.0,1,False,1523.8997389537496,1742.3538704995112,1473.6399996062373,1792.6136098470236,-218.45413154576158,0.33584255048271494
2021,2021-01-14,True,False,ind,por,111,87,26,33,25,27,0,26,10,35,16,0,home,3.0,228.0,120.0,-140.0,7.0,110.5,0.0,0,False,1599.1193617241565,1577.7932123638705,1506.5085594917791,1670.4040145962479,21.32614936028608,0.6678350340825052
2021,2021-01-14,True,False,gs,den,104,114,24,30,22,28,0,37,28,25,24,0,home,4.5,225.5,170.0,-190.0,2.0,111.5,1.0,0,True,1565.2425541444222,1469.3609687101134,1588.7924084090491,1445.8111144454865,95.88158543430882,0.7553929526804991
2021,2021-01-14,True,False,cha,tor,108,111,34,28,24,22,0,35,36,28,12,0,home,10.5,217.5,425.0,-550.0,3.5,108.5,0.0,1,True,1560.0348548692373,1515.417656079597,1577.7345522190649,1497.7179587297694,44.61719878964027,0.6968797998535362
2021,2021-01-14,True,False,mia,phi,108,125,30,28,20,30,0,38,35,25,27,0,home,7.0,222.0,300.0,-360.0,0.5,108.5,1.0,1,True,1514.6438196622012,1489.2678840269384,1555.2030310427651,1448.7086726463745,25.37593563526275,0.6729860786595786
2021,2021-01-14,True,False,hou,sa,109,105,30,18,27,34,0,27,18,34,26,0,home,7.0,219.5,250.0,-300.0,7.0,106.5,0.0,0,False,1545.3500498085969,1405.6621712604656,1495.706661612494,1455.3055594565685,139.68787854813127,0.7989515433258242
2021,2021-01-15,True,False,chi,okc,125,127,30,38,27,23,7,22,28,37,31,9,away,2.0,225.0,-130.0,110.0,4.0,115.5,0.0,1,True,1473.6399996062373,1355.2060591532074,1483.2098432294238,1345.636215530021,118.43394045302989,0.7785793863560921
2021,2021-01-15,True,False,orl,bos,97,124,28,20,24,25,0,34,26,28,36,0,home,4.0,213.5,160.0,-180.0,2.0,108.5,1.0,1,True,1693.6583874663297,1361.9776380834714,1702.1271861598498,1353.5088393899514,331.68074938285827,0.9230802955321604
2021,2021-01-15,True,False,dal,mil,109,112,23,24,34,28,0,30,25,29,28,0,home,8.0,230.0,260.0,-310.0,1.5,117.0,0.0,0,True,1591.2079661840005,1678.7240208982225,1620.611051935868,1649.320935146355,-87.51605471422204,0.5179581136244064
2021,2021-01-15,True,False,lac,sac,138,100,34,35,37,32,0,31,30,16,23,0,away,6.5,227.5,-300.0,250.0,1.0,111.0,1.0,1,False,1322.9706151332125,1650.883240331745,1288.7715575593822,1685.0822979055752,-327.9126251985324,0.21215728942824358
2021,2021-01-15,True,False,atl,utah,92,116,23,23,28,18,0,33,28,26,29,0,home,6.5,229.0,200.0,-240.0,1.0,112.0,1.0,0,True,1658.203202137015,1469.3516803376128,1677.1918606248757,1450.3630218497522,188.85152179940224,0.8406085570887827
2021,2021-01-15,True,False,no,lal,95,112,28,30,16,21,0,20,37,27,28,0,home,8.5,218.5,350.0,-420.0,6.5,108.0,1.0,0,True,1792.6136098470236,1486.0708360889205,1801.1641770937065,1477.5202688422376,306.54277375810307,0.9121559849590076
2021,2021-01-15,True,False,ny,cle,103,106,25,30,25,23,0,28,29,23,26,0,away,2.0,195.5,-140.0,120.0,2.0,96.0,0.0,1,True,1313.9408703727927,1358.7645557987273,1339.6361891729357,1333.0692369985843,-44.82368542593463,0.5787442158292354
2021,2021-01-16,True,False,atl,por,106,112,38,28,20,20,0,34,25,27,26,0,home,5.0,234.0,170.0,-190.0,5.0,114.5,1.0,0,True,1506.5085594917791,1450.3630218497522,1529.9606560333407,1426.9109253081906,56.145537642026966,0.7107122910308605
2021,2021-01-16,True,False,phi,mem,104,106,26,28,22,28,0,25,35,28,18,0,home,2.0,222.5,110.0,-130.0,1.0,108.5,2.0,0,True,1553.3988990149242,1555.2030310427651,1570.9135993879129,1537.6883306697764,-1.8041320278409785,0.6376689244974985
2021,2021-01-16,True,False,det,mia,120,100,29,23,38,30,0,23,33,19,25,0,home,5.5,217.5,195.0,-230.0,2.0,106.0,0.0,1,False,1448.7086726463745,1190.1302487510718,1354.2600133398728,1284.5789080575737,258.57842389530265,0.8873689417973563
2021,2021-01-16,True,False,orl,bkn,115,122,26,24,33,32,0,29,23,32,38,0,home,9.0,226.0,375.0,-450.0,5.0,115.5,0.0,1,True,1605.3307680336293,1353.5088393899514,1613.8513763249523,1344.9882310986284,251.8219286436779,0.8834227615851663
2021,2021-01-16,True,False,cha,tor,113,116,27,37,23,26,0,31,35,22,28,0,home,6.5,221.5,230.0,-270.0,3.5,109.0,0.0,1,True,1577.7345522190649,1497.7179587297694,1592.5245328490714,1482.9279780997629,80.01659348929547,0.7381274964888705
2021,2021-01-16,True,False,hou,sa,91,103,30,23,19,19,0,21,29,25,28,0,home,7.0,217.0,260.0,-310.0,6.5,107.0,1.0,0,True,1495.706661612494,1455.3055594565685,1529.1464656736641,1421.8657553953983,40.4011021559254,0.6917287266235012
2021,2021-01-17,True,False,ny,bos,105,75,28,20,27,30,0,17,18,15,25,0,home,7.0,209.5,260.0,-310.0,7.5,103.0,0.0,0,False,1702.1271861598498,1333.0692369985843,1598.711934772052,1436.484488386382,369.05794916126547,0.9370334061078339
2021,2021-01-17,True,False,chi,dal,117,101,27,40,22,28,0,23,29,23,26,0,home,6.5,226.0,225.0,-265.0,7.5,115.5,0.0,0,False,1649.320935146355,1345.636215530021,1562.2253575729424,1432.7317931034336,303.68471961633395,0.9108287356251809
2021,2021-01-17,True,False,utah,den,109,105,32,21,28,28,0,31,27,21,26,0,away,1.5,219.5,-130.0,110.0,2.0,111.0,1.0,0,False,1588.7924084090491,1677.1918606248757,1552.2029858308645,1713.7812832030604,-88.39945221582661,0.5166883291634183
2021,2021-01-17,True,False,no,sac,128,123,34,33,30,31,0,25,33,36,29,0,away,2.5,226.0,-145.0,125.0,1.5,111.5,1.0,1,False,1288.7715575593822,1477.5202688422376,1259.2085060864536,1507.0833203151662,-188.7487112828553,0.37498757228006796
2021,2021-01-17,True,False,ind,lac,96,129,26,29,20,21,0,36,25,39,29,0,home,8.0,219.0,300.0,-360.0,2.5,108.0,1.0,1,True,1685.0822979055752,1670.4040145962479,1737.181755205748,1618.304557296075,14.678283309327298,0.6592921207569624
2021,2021-01-18,True,False,gs,lal,115,113,22,26,33,34,0,34,30,28,21,0,home,9.0,225.5,375.0,-450.0,0.5,109.5,0.0,1,False,1801.1641770937065,1445.8111144454865,1767.9165399685692,1479.0587515706238,355.35306264822,0.9322150247713104
2021,2021-01-18,True,False,hou,chi,120,125,16,36,34,34,0,28,36,29,32,0,away,2.0,224.0,-130.0,110.0,4.5,109.5,0.0,1,True,1432.7317931034336,1421.8657553953983,1459.689371098568,1394.9081774002639,10.866037708035265,0.6543455986578465
2021,2021-01-18,True,False,mil,bkn,123,125,34,22,33,34,0,28,29,37,31,0,away,4.0,240.0,-175.0,155.0,3.5,122.5,0.0,1,True,1613.8513763249523,1620.611051935868,1631.6859104668604,1602.77651779396,-6.759675610915792,0.6310524417140823
2021,2021-01-18,True,False,dal,tor,93,116,18,29,25,21,0,22,25,34,35,0,home,3.0,220.5,135.0,-155.0,2.5,112.0,1.0,0,True,1592.5245328490714,1562.2253575729424,1636.0652300185252,1518.6846604034886,30.299175276129063,0.6791922840248802
2021,2021-01-18,True,False,phx,mem,104,108,24,24,27,29,0,18,34,25,31,0,away,5.5,217.0,-200.0,175.0,5.5,110.5,0.0,0,True,1570.9135993879129,1622.2524889759711,1601.3942873503959,1591.7718010134881,-51.33888958805824,0.5695746304431524
2021,2021-01-18,True,False,det,mia,107,113,36,25,19,27,0,24,31,33,25,0,home,6.0,215.0,210.0,-250.0,4.5,105.5,2.0,1,True,1354.2600133398728,1284.5789080575737,1376.1544277100581,1262.6844936873883,69.68110528229909,0.7264654446663386
2021,2021-01-18,True,False,sa,por,125,104,32,27,28,38,0,28,26,28,22,0,away,1.5,227.0,-125.0,105.0,0.505,115.5,1.0,1,False,1529.9606560333407,1529.1464656736641,1442.8322413499059,1616.274880357099,0.8141903596765587,0.6411440558742182
2021,2021-01-18,True,False,min,atl,97,108,25,26,20,26,0,29,29,20,30,0,home,7.0,228.5,250.0,-300.0,2.0,111.5,1.0,0,True,1426.9109253081906,1215.138281342574,1439.768110185853,1202.2810964649116,211.77264396561668,0.8575034735255003
2021,2021-01-18,True,False,orl,ny,84,91,13,25,16,30,0,19,28,19,25,0,away,2.5,205.0,-130.0,110.0,3.5,104.5,0.0,0,True,1436.484488386382,1344.9882310986284,1457.3823593353152,1324.0903601496952,91.49625728775368,0.7506984942739565
2021,2021-01-19,True,False,okc,den,101,119,31,21,22,27,0,31,34,32,22,0,home,10.5,220.0,400.0,-500.0,2.0,107.5,1.0,2,True,1552.2029858308645,1483.2098432294238,1585.4491304204275,1449.9636986398607,68.9931426014407,0.7256777881994155
2021,2021-01-19,True,False,no,utah,102,118,24,25,20,33,0,29,26,36,27,0,home,6.5,217.5,210.0,-250.0,1.5,107.0,1.0,1,True,1713.7812832030604,1507.0833203151662,1728.874914767105,1491.9896887511215,206.69796288789416,0.8538965843474718
2021,2021-01-20,True,False,sa,gs,99,121,24,21,26,28,0,36,28,26,31,0,home,1.0,228.0,100.0,-120.0,4.5,116.5,1.0,0,True,1479.0587515706238,1616.274880357099,1555.4004916053955,1539.9331403223273,-137.2161287864751,0.4466455918080334
2021,2021-01-20,True,False,sac,lac,96,115,29,27,19,21,0,25,36,34,20,0,home,11.0,231.0,475.0,-650.0,5.0,113.0,1.0,0,True,1737.181755205748,1259.2085060864536,1740.2723288787258,1256.1179324134757,477.97324911929445,0.96534626901942
2021,2021-01-20,True,False,phx,hou,109,103,30,33,26,20,0,23,28,31,21,0,away,5.5,219.0,-220.0,190.0,0.5,112.0,1.0,0,False,1394.9081774002639,1591.7718010134881,1363.7335036631791,1622.9464747505729,-196.86362361322426,0.36410484448649294
2021,2021-01-20,True,False,orl,min,97,96,25,10,33,29,0,21,30,26,19,0,away,4.0,220.0,-180.0,160.0,6.5,111.0,0.0,0,False,1202.2810964649116,1324.0903601496952,1187.9878300003493,1338.3836266142575,-121.80926368478367,0.4686551056029228
2021,2021-01-20,True,False,mia,tor,111,102,29,27,32,23,0,23,35,25,19,0,home,4.0,222.0,155.0,-175.0,2.0,109.0,0.0,0,False,1636.0652300185252,1376.1544277100581,1564.64739451566,1447.5722632129234,259.91080230846705,0.8881332264857719
2021,2021-01-20,True,False,det,atl,115,123,31,21,40,14,9,29,16,33,28,17,home,4.5,220.5,170.0,-190.0,4.0,107.5,1.0,1,True,1439.768110185853,1262.6844936873883,1453.6222555602042,1248.8303483130371,177.0836164984646,0.8313214221896915
2021,2021-01-20,True,False,dal,ind,124,112,37,28,28,31,0,28,35,29,20,0,away,2.5,221.5,-140.0,120.0,1.0,110.0,1.0,1,False,1618.304557296075,1518.6846604034886,1540.3701312216813,1596.6190864778823,99.61989689258644,0.7593473116819687
2021,2021-01-20,True,False,bkn,cle,135,147,23,26,29,35,22,28,23,36,26,34,away,10.5,226.5,-600.0,450.0,8.5,111.0,0.0,1,True,1339.6361891729357,1631.6859104668604,1424.425587266144,1546.896512373652,-292.0497212939247,0.24870572230214397
2021,2021-01-20,True,False,bos,phi,109,117,25,36,31,17,0,32,26,28,31,0,home,4.5,220.5,175.0,-200.0,4.5,112.5,1.0,1,True,1537.6883306697764,1598.711934772052,1580.6270947047635,1555.773170737065,-61.02360410227561,0.5558574162781935
2021,2021-01-21,True,False,lal,mil,113,106,29,34,23,27,0,33,24,24,25,0,home,1.5,227.5,100.0,-120.0,2.5,111.5,0.0,0,False,1602.77651779396,1767.9165399685692,1565.5068463989203,1805.186211363609,-165.14002217460916,0.4073391674029162
2021,2021-01-21,True,False,ny,gs,119,104,40,23,26,30,0,31,26,19,28,0,home,5.0,215.0,180.0,-210.0,4.5,106.5,0.0,1,False,1555.4004916053955,1457.3823593353152,1471.221828285092,1541.5610226556187,98.01813227008029,0.7576583404014579
2021,2021-01-21,True,False,no,utah,118,129,43,26,23,26,0,31,39,30,29,0,home,7.0,217.5,240.0,-280.0,4.0,108.5,1.0,1,True,1728.874914767105,1491.9896887511215,1739.9888194798377,1480.875784038389,236.88522601598356,0.8742716209946498
2021,2021-01-22,True,False,den,phx,130,126,25,29,37,23,16,34,34,27,19,12,home,1.0,219.5,100.0,-120.0,4.5,107.0,0.0,1,False,1622.9464747505729,1585.4491304204275,1575.9760060360704,1632.41959913493,37.497344330145324,0.6881529623246047
2021,2021-01-22,True,False,ny,sac,94,103,26,28,18,22,0,25,24,27,27,0,home,3.5,219.0,145.0,-165.0,2.5,106.5,1.0,0,True,1256.1179324134757,1541.5610226556187,1331.5075640944824,1466.171390974612,-285.44309024214294,0.2558795220050046
2021,2021-01-22,True,False,atl,min,116,98,25,37,30,24,0,19,24,24,31,0,away,6.0,227.5,-240.0,200.0,1.0,111.5,1.0,0,False,1187.9878300003493,1453.6222555602042,1151.9471174674397,1489.6629680931137,-265.6344255598549,0.2781878343604037
2021,2021-01-22,True,False,okc,lac,106,120,18,35,25,28,0,36,34,21,29,0,home,13.5,220.5,775.0,-1300.0,3.5,108.0,1.0,1,True,1740.2723288787258,1449.9636986398607,1749.102969889813,1441.1330576287735,290.30863023886513,0.9043738998625329
2021,2021-01-22,True,False,dal,sa,122,117,37,31,27,27,0,34,24,27,32,0,away,1.5,223.0,-135.0,115.0,1.5,110.0,1.0,1,False,1539.9331403223273,1596.6190864778823,1495.6254875715379,1640.9267392286717,-56.68594615555503,0.562012996312687
2021,2021-01-22,True,False,bos,phi,110,122,33,19,28,30,0,25,24,42,31,0,home,4.5,221.0,160.0,-180.0,4.5,112.5,1.0,1,True,1580.6270947047635,1555.773170737065,1616.711003732441,1519.6892617093874,24.85392396769862,0.6723244204383587
2021,2021-01-22,True,False,hou,det,103,102,34,21,22,26,0,21,26,34,21,0,home,3.0,215.0,125.0,-145.0,3.5,104.5,0.0,0,False,1248.8303483130371,1363.7335036631791,1234.2348213894072,1378.329030586809,-114.90315535014201,0.4785657798155057
2021,2021-01-22,True,False,bkn,cle,113,125,33,27,24,29,0,34,27,37,27,0,away,6.0,223.5,-260.0,220.0,5.0,109.5,0.0,1,True,1424.425587266144,1546.896512373652,1484.4990168227246,1486.8230828170715,-122.47092510750804,0.4677067548241117
2021,2021-01-22,True,False,orl,ind,118,120,28,32,27,21,10,37,25,26,20,12,home,5.0,215.5,170.0,-190.0,2.5,110.5,0.0,1,True,1540.3701312216813,1338.3836266142575,1546.3831920482235,1332.3705657877153,201.98650460742374,0.8504804230292472
2021,2021-01-22,True,False,chi,cha,123,110,30,31,34,28,0,29,24,30,27,0,home,3.0,228.5,135.0,-155.0,3.5,115.5,0.0,1,False,1482.9279780997629,1459.689371098568,1406.8645177011497,1535.7528314971812,23.23860700119485,0.6702726454335375
2021,2021-01-22,True,False,mia,tor,81,101,20,22,22,17,0,37,19,17,28,0,home,2.0,220.0,115.0,-135.0,2.5,106.0,1.0,0,True,1564.64739451566,1447.5722632129234,1591.3620809142515,1420.8575768143319,117.07513130273651,0.7772279977114562
2021,2021-01-23,True,False,lal,chi,101,90,29,34,20,18,0,17,16,33,24,0,away,10.0,227.0,-500.0,400.0,2.0,110.0,1.0,0,False,1535.7528314971812,1805.186211363609,1505.8146942517976,1835.1243486089925,-269.4333798664277,0.2738180165361165
2021,2021-01-23,True,False,hou,dal,133,108,38,32,34,29,0,27,32,24,25,0,home,7.0,222.0,265.0,-320.0,6.0,109.0,0.0,1,False,1640.9267392286717,1378.329030586809,1539.914024184401,1479.34174563108,262.5977086418627,0.8896607202607432
2021,2021-01-23,True,False,den,phx,120,112,28,30,15,25,22,30,31,16,21,14,away,2.5,216.0,-155.0,135.0,1.5,106.0,1.0,1,False,1575.9760060360704,1632.41959913493,1521.6085830462514,1686.787022124749,-56.44359309885954,0.5623563756357621
2021,2021-01-23,True,False,mia,bkn,124,128,25,31,26,42,0,36,30,30,32,0,home,7.5,232.0,280.0,-340.0,1.5,113.5,0.0,1,True,1486.8230828170715,1420.8575768143319,1505.2785176903728,1402.4021419410305,65.96550600273963,0.7221946977260038
2021,2021-01-23,True,False,phi,det,114,110,28,33,33,20,0,31,32,25,22,0,away,9.0,215.5,-380.0,320.0,7.0,107.0,0.0,1,False,1234.2348213894072,1616.711003732441,1222.5948930942075,1628.3509320276407,-382.47618234303377,0.1643703201267376
2021,2021-01-23,True,False,gs,utah,108,127,30,17,25,36,0,39,38,31,19,0,home,7.0,228.5,250.0,-300.0,3.5,111.0,1.0,1,True,1739.9888194798377,1471.221828285092,1751.0947739892354,1460.1158737756944,268.76699119474574,0.8930989214554953
2021,2021-01-23,True,False,no,min,110,120,31,33,14,32,0,28,35,24,33,0,away,8.5,217.5,-370.0,310.0,5.5,107.0,0.0,1,True,1151.9471174674397,1480.875784038389,1235.1733183475965,1397.6495831582322,-328.9286665709492,0.21118132767712633
2021,2021-01-24,True,False,cha,orl,107,104,24,26,24,33,0,29,29,28,18,0,away,2.0,215.0,-130.0,110.0,3.5,104.5,1.0,0,False,1332.3705657877153,1406.8645177011497,1299.6371398913639,1439.5979435975012,-74.49395191343433,0.5366403546815087
2021,2021-01-24,True,False,wsh,sa,101,121,26,21,30,24,0,23,25,37,36,0,home,5.5,233.5,200.0,-240.0,3.5,113.5,1.0,0,True,1495.6254875715379,1364.64409979371,1520.4064866897477,1339.8631006755002,130.98138777782788,0.7907803772891138
2021,2021-01-24,True,False,tor,ind,107,102,24,34,19,30,0,24,23,28,27,0,home,4.5,217.0,165.0,-185.0,5.5,106.5,0.0,0,False,1546.3831920482235,1591.3620809142515,1500.7736664233905,1636.9716065390844,-44.978888866028,0.5785263846177425
2021,2021-01-24,True,False,atl,mil,115,129,15,32,36,32,0,32,34,28,35,0,home,12.0,224.5,625.0,-950.0,1.5,114.5,1.0,1,True,1565.5068463989203,1489.6629680931137,1595.0274827279518,1460.1423317640822,75.84387830580658,0.7334580441160713
2021,2021-01-24,True,False,cle,bos,103,141,21,30,27,25,0,38,35,41,27,0,home,6.0,212.5,210.0,-250.0,2.5,104.5,1.0,1,True,1519.6892617093874,1484.4990168227246,1568.6940472451108,1435.4942312870012,35.19024488666287,0.6852958402519148
2021,2021-01-24,True,False,okc,lac,100,108,19,26,28,27,0,36,20,29,23,0,home,13.0,220.5,800.0,-1400.0,3.5,107.0,0.0,0,True,1749.102969889813,1441.1330576287735,1755.5474211660753,1434.6886063525112,307.96991226103955,0.9128120284797668
2021,2021-01-24,True,False,ny,por,113,116,24,26,27,36,0,37,33,19,27,0,home,4.0,214.5,155.0,-175.0,3.5,105.5,0.0,1,True,1442.8322413499059,1466.171390974612,1466.7084222896872,1442.2952100348307,-23.339149624706124,0.6085676382137507
2021,2021-01-25,True,False,tor,ind,114,129,30,30,37,17,0,33,37,28,31,0,home,2.5,219.0,115.0,-135.0,3.0,108.0,1.0,1,True,1500.7736664233905,1636.9716065390844,1568.1027549333126,1569.6425180291624,-136.19794011569388,0.44809464715432534
2021,2021-01-25,True,False,cha,orl,108,117,30,24,22,32,0,19,36,32,30,0,home,1.5,213.5,-110.0,-110.0,0.0,105.0,1.0,1,True,1299.6371398913639,1439.5979435975012,1356.09482824025,1383.140255248615,-139.9608037061373,0.4427440338423908
2021,2021-01-25,True,False,phi,det,104,119,23,27,25,29,0,34,30,25,30,0,away,5.0,216.0,-190.0,170.0,6.5,106.0,0.0,1,True,1222.5948930942075,1628.3509320276407,1326.6823893304615,1524.2634357913867,-405.7560389334333,0.1467811668261788
2021,2021-01-25,True,False,den,dal,117,113,38,32,22,25,0,31,27,36,19,0,away,2.0,223.0,-130.0,110.0,2.5,109.0,1.0,1,False,1539.914024184401,1686.787022124749,1509.2545091670718,1717.4465371420781,-146.8729979403481,0.4329506308391291
2021,2021-01-25,True,False,min,gs,108,130,23,31,29,25,0,34,34,25,37,0,home,9.0,227.0,310.0,-370.0,1.5,112.0,1.0,1,True,1460.1158737756944,1235.1733183475965,1475.1495211325862,1220.1396709907046,224.94255542809788,0.8665184008516476
2021,2021-01-25,True,False,mia,bkn,85,98,21,24,26,14,0,15,26,29,28,0,home,7.0,237.0,270.0,-330.0,6.5,114.5,1.0,0,True,1505.2785176903728,1402.4021419410305,1530.2571979954055,1377.423461635998,102.87637574934229,0.7627562268966421
2021,2021-01-25,True,False,bos,chi,119,103,33,27,31,28,0,25,25,26,27,0,away,3.5,227.5,-175.0,155.0,1.5,116.0,1.0,0,False,1505.8146942517976,1568.6940472451108,1436.849701229615,1637.6590402672934,-62.879352993313205,0.5532185595334059
2021,2021-01-25,True,False,okc,por,125,122,34,35,25,31,0,24,36,31,31,0,home,4.5,226.5,175.0,-200.0,5.0,111.5,0.0,1,False,1466.7084222896872,1434.6886063525112,1426.43781387256,1474.9592147696385,32.01981593717596,0.6813466017410795
2021,2021-01-25,True,False,lal,cle,115,108,34,31,22,28,0,23,35,31,19,0,away,12.0,214.5,-800.0,550.0,5.0,104.5,0.0,1,False,1435.4942312870012,1835.1243486089925,1421.6553014256917,1848.963278470302,-399.6301173219913,0.1512526930463742
2021,2021-01-26,True,False,wsh,hou,88,107,29,23,18,18,0,26,30,19,32,0,home,3.5,234.0,140.0,-160.0,1.0,113.5,1.0,0,True,1479.34174563108,1339.8631006755002,1502.6209480152563,1316.5838982913237,139.47864495557974,0.7987580060403532
2021,2021-01-26,True,False,ny,utah,94,108,27,32,22,13,0,18,28,34,28,0,home,11.0,212.0,500.0,-700.0,10.0,104.0,1.0,0,True,1751.0947739892354,1442.2952100348307,1758.997904168905,1434.392079855161,308.7995639544047,0.9131913724828766
2021,2021-01-26,True,False,lac,atl,99,108,21,27,22,29,0,22,21,33,32,0,home,6.0,226.5,200.0,-240.0,6.0,110.0,1.0,0,True,1460.1423317640822,1755.5474211660753,1536.6226358944482,1679.0671170357095,-295.4050894019931,0.24511422595226434
2021,2021-01-27,True,False,den,mia,109,82,26,32,16,35,0,12,21,32,17,0,away,6.5,215.0,-240.0,200.0,2.5,104.5,1.0,0,False,1377.423461635998,1717.4465371420781,1347.9917565652884,1746.8782422127877,-340.0230755060802,0.20073869593781316
2021,2021-01-27,True,False,dal,utah,104,116,19,29,30,26,0,32,37,31,16,0,home,2.0,221.0,115.0,-135.0,5.0,107.5,1.0,0,True,1758.997904168905,1509.2545091670718,1769.6371717759482,1498.6152415600286,249.74339500183328,0.8821848578441832
2021,2021-01-27,True,False,min,gs,111,123,21,30,24,36,0,23,35,37,28,0,home,9.0,229.0,350.0,-420.0,3.0,112.0,1.0,1,True,1475.1495211325862,1220.1396709907046,1485.4640619304137,1209.8251301928772,255.00985014188154,0.8852994339448156
2021,2021-01-27,True,False,okc,phx,102,97,17,28,28,29,0,32,10,29,26,0,home,8.0,215.0,270.0,-330.0,6.5,104.5,0.0,0,False,1521.6085830462514,1474.9592147696385,1468.9313740284513,1527.6364237874386,46.649368276612904,0.699345182612969
2021,2021-01-27,True,False,bos,sa,106,110,30,17,37,22,0,25,36,21,28,0,away,4.5,224.5,-190.0,170.0,6.5,115.0,0.0,0,True,1520.4064866897477,1637.6590402672934,1557.570908287536,1600.4946186695051,-117.25255357754577,0.47519196678619
2021,2021-01-27,True,False,wsh,no,106,124,18,27,35,26,0,35,29,30,30,0,home,8.5,227.5,300.0,-360.0,1.5,112.0,1.0,1,True,1397.6495831582322,1316.5838982913237,1428.8927908237204,1285.3406906258356,81.06568486690844,0.7392931376793996
2021,2021-01-27,True,False,bkn,atl,132,128,26,29,28,33,16,27,28,32,29,12,away,6.0,238.0,-230.0,195.0,4.5,115.0,0.0,1,False,1536.6226358944482,1530.2571979954055,1490.9920343994752,1575.8877994903785,6.365437899042718,0.6484627038295756
2021,2021-01-27,True,False,ind,cha,116,106,36,23,25,32,0,19,36,25,26,0,away,3.0,221.5,-145.0,125.0,1.0,108.0,1.0,1,False,1383.140255248615,1568.1027549333126,1343.0358927969583,1608.2071173849693,-184.9624996846976,0.3801095040854343
2021,2021-01-27,True,False,sac,orl,121,107,32,33,31,25,0,23,27,27,30,0,home,1.0,223.5,110.0,-130.0,5.0,107.5,0.0,1,False,1356.09482824025,1331.5075640944824,1277.9463073010525,1409.65608503368,24.587264145767676,0.6719861601190992
2021,2021-01-27,True,False,det,cle,107,122,28,28,26,25,0,32,22,36,32,0,home,2.0,215.5,110.0,-130.0,1.0,104.5,1.0,1,True,1421.6553014256917,1326.6823893304615,1449.0154614631167,1299.3222292930366,94.97291209523019,0.7544251541785794
2021,2021-01-27,True,False,lal,phi,106,107,24,27,23,32,0,34,21,26,26,0,away,4.0,222.5,-175.0,155.0,3.0,107.5,0.0,0,True,1524.2634357913867,1848.963278470302,1548.1966573967875,1825.030056864901,-324.6998426789153,0.21526499721344758
2021,2021-01-27,True,False,mil,tor,115,108,33,30,20,32,0,33,21,28,26,0,away,6.0,228.0,-250.0,210.0,1.0,116.0,1.0,0,False,1569.6425180291624,1595.0274827279518,1514.2183642831376,1650.4516364739766,-25.384964698789418,0.6057587254155866
2021,2021-01-28,True,False,por,hou,101,104,32,18,27,24,0,17,36,33,18,0,home,4.5,229.5,170.0,-190.0,1.5,111.5,0.0,0,True,1502.6209480152563,1426.43781387256,1517.7066420519454,1411.3521198358708,76.18313414269642,0.73383965942114
2021,2021-01-28,True,False,lac,mia,109,105,19,29,40,21,0,33,17,19,36,0,home,2.0,212.5,145.0,-165.0,1.0,103.0,0.0,1,False,1347.9917565652884,1679.0671170357095,1333.1821497434198,1693.876723857578,-331.0753604704212,0.20913013830725477
2021,2021-01-28,True,False,lal,det,92,107,31,27,20,14,0,34,22,26,25,0,away,7.0,214.0,-310.0,260.0,4.5,105.0,0.0,0,True,1299.3222292930366,1825.030056864901,1411.6302092945903,1712.7220768633474,-525.7078275718645,0.0793967852244409
2021,2021-01-28,True,False,gs,phx,93,114,29,18,24,22,0,36,16,33,29,0,home,2.0,219.0,110.0,-130.0,0.0,108.5,1.0,0,True,1468.9313740284513,1485.4640619304137,1520.9046046890792,1433.4908312697858,-16.53268790196239,0.6178603802551474
2021,2021-01-29,True,False,phi,min,118,94,25,28,35,30,0,25,23,26,20,0,away,9.5,225.0,-480.0,390.0,4.5,110.0,1.0,0,False,1209.8251301928772,1548.1966573967875,1181.1777514506753,1576.8440361389894,-338.3715272039103,0.20226837722830063
2021,2021-01-29,True,False,bkn,okc,147,125,36,40,39,32,0,27,32,35,31,0,away,7.0,229.5,-260.0,220.0,1.0,112.5,1.0,1,False,1527.6364237874386,1575.8877994903785,1448.4565370884457,1655.0676861893714,-48.25137570293987,0.5739263910551664
2021,2021-01-29,True,False,den,sa,109,119,30,25,31,23,0,37,24,26,32,0,away,4.0,222.0,-175.0,155.0,3.5,107.5,0.0,1,True,1557.570908287536,1746.8782422127877,1623.5938249712867,1680.855325529037,-189.30733392525167,0.3742342083311734
2021,2021-01-29,True,False,dal,utah,101,120,12,33,23,33,0,37,24,33,26,0,home,4.0,222.0,150.0,-170.0,3.0,112.5,1.0,0,True,1769.6371717759482,1498.6152415600286,1780.5955560928696,1487.6568572431072,271.0219302159196,0.8943319004664549
2021,2021-01-29,True,False,cle,ny,81,102,17,16,22,26,0,19,28,25,30,0,home,1.0,209.0,105.0,-125.0,3.5,101.0,1.0,0,True,1434.392079855161,1449.0154614631167,1486.0128302710377,1397.39471104724,-14.623381607955707,0.6204520349393883
2021,2021-01-29,True,False,lac,orl,116,90,26,36,28,26,0,26,22,23,19,0,away,7.0,217.0,-330.0,270.0,0.505,106.0,1.0,0,False,1277.9463073010525,1693.876723857578,1257.7024024326695,1714.120628725961,-415.93041655652564,0.1395969417523049
2021,2021-01-29,True,False,sac,tor,126,124,36,32,36,22,0,24,34,33,33,0,home,4.0,226.5,190.0,-220.0,5.0,111.0,0.0,1,False,1514.2183642831376,1409.65608503368,1480.7612165939101,1443.1132327229075,104.56227924945756,0.7645079261683303
2021,2021-01-29,True,False,ind,cha,105,108,28,32,20,25,0,32,32,25,19,0,away,3.5,221.5,-160.0,140.0,5.0,108.5,0.0,0,True,1343.0358927969583,1608.2071173849693,1387.031556975887,1564.2114532060405,-265.171224588011,0.27872356214140065
2021,2021-01-29,True,False,atl,wsh,116,100,31,30,28,27,0,22,28,21,29,0,away,3.5,234.5,-165.0,145.0,2.0,118.5,1.0,0,False,1285.3406906258356,1490.9920343994752,1241.400677240724,1534.9320477845868,-205.6513437736396,0.3524749274312439
2021,2021-01-29,True,False,mil,no,126,131,21,24,44,37,0,35,33,35,28,0,away,7.0,229.5,-280.0,240.0,9.0,116.5,0.0,1,True,1428.8927908237204,1650.4516364739766,1481.5666005184166,1597.7778267792803,-221.55884565025622,0.3318678879193624
2021,2021-01-30,True,False,det,gs,91,118,17,28,23,23,0,29,35,30,24,0,home,5.5,224.5,190.0,-220.0,2.5,109.5,1.0,0,True,1433.4908312697858,1411.6302092945903,1481.0521273201282,1364.0689132442478,21.8606219751955,0.668517183692839
2021,2021-01-30,True,False,phx,dal,111,105,29,26,22,34,0,28,27,27,23,0,home,1.0,215.0,-110.0,-110.0,1.0,110.0,0.0,1,False,1487.6568572431072,1520.9046046890792,1436.7215435398516,1571.8399183923348,-33.24774744597198,0.594899392731506
2021,2021-01-30,True,False,lal,bos,96,95,28,24,19,25,0,24,25,29,17,0,away,3.5,217.5,-165.0,145.0,1.5,106.5,0.0,0,False,1600.4946186695051,1712.7220768633474,1585.781832586675,1727.4348629461776,-112.22745819384227,0.4824105345308931
2021,2021-01-30,True,False,mem,sa,129,112,35,29,36,29,0,27,29,34,22,0,home,3.5,219.0,150.0,-170.0,4.0,111.5,0.0,1,False,1623.5938249712867,1601.3942873503959,1540.3668796611012,1684.6212326605814,22.19953762089085,0.6689493769762325
2021,2021-01-30,True,False,hou,no,126,112,27,48,24,27,0,35,22,27,28,0,home,2.0,223.0,115.0,-135.0,6.0,108.5,0.0,1,False,1481.5666005184166,1517.7066420519454,1411.160674274862,1588.1125682955,-36.1400415335288,0.5908807328247608
2021,2021-01-30,True,False,mil,cha,114,126,31,33,30,20,0,39,29,29,29,0,away,9.0,231.0,-420.0,350.0,8.0,118.0,0.0,1,True,1387.031556975887,1597.7778267792803,1460.861942758007,1523.9474409971604,-210.74626980339326,0.34581035358505646
2021,2021-01-30,True,False,sac,mia,104,105,35,24,18,27,0,24,33,27,21,0,home,6.5,222.5,220.0,-260.0,5.5,108.5,0.0,0,True,1333.1821497434198,1443.1132327229075,1348.867152567594,1427.4282298987332,-109.93108297948766,0.4857119138462361
2021,2021-01-30,True,False,por,chi,123,122,32,32,29,30,0,34,19,33,36,0,home,1.5,233.0,110.0,-130.0,4.0,113.0,0.0,1,False,1436.849701229615,1411.3521198358708,1416.8303958786018,1431.371425186884,25.497581393744213,0.673140167919
2021,2021-01-31,True,False,utah,den,117,128,29,25,37,26,0,43,36,24,25,0,away,3.0,220.0,-155.0,135.0,7.0,113.0,0.0,1,True,1680.855325529037,1780.5955560928696,1735.4823978911,1725.9684837308066,-99.74023056383271,0.5003738381999229
2021,2021-01-31,True,False,phi,ind,119,110,18,36,28,37,0,28,35,32,15,0,home,3.0,221.5,125.0,-145.0,1.5,107.5,0.0,1,False,1564.2114532060405,1576.8440361389894,1501.0780969132788,1639.977392431751,-12.632582932948935,0.6231470059540534
2021,2021-01-31,True,False,lac,ny,129,115,29,37,35,28,0,31,34,26,24,0,away,9.0,210.5,-450.0,375.0,6.0,105.5,1.0,1,False,1486.0128302710377,1714.120628725961,1447.4589967309676,1752.6744622660312,-228.10779845492334,0.32356249865324255
2021,2021-01-31,True,False,orl,tor,102,115,15,29,29,29,0,27,31,26,31,0,home,5.0,215.5,200.0,-240.0,1.5,109.5,1.0,1,True,1480.7612165939101,1257.7024024326695,1493.5536551731361,1244.9099638534435,223.05881416124066,0.865259181552842
2021,2021-01-31,True,False,bkn,wsh,146,149,38,33,37,38,0,28,37,36,48,0,away,5.5,245.0,-240.0,200.0,2.0,120.5,0.0,1,True,1241.400677240724,1655.0676861893714,1293.7867359295528,1602.6816275005426,-413.66700894864744,0.14116923770350553
2021,2021-01-31,True,False,cle,min,104,109,35,26,25,18,0,30,25,33,21,0,away,3.5,219.5,-160.0,140.0,0.5,107.0,0.0,0,True,1181.1777514506753,1397.39471104724,1233.3112709802076,1345.2611915177076,-216.21695959656472,0.3387211079784315
2021,2021-02-01,True,False,mem,sa,133,102,33,36,27,37,0,31,22,30,19,0,home,4.0,222.0,155.0,-175.0,6.5,113.0,0.0,1,False,1540.3668796611012,1684.6212326605814,1473.780308876531,1751.2078034451515,-144.25435299948026,0.436655070275915
2021,2021-02-01,True,False,min,cle,98,100,29,15,23,31,0,29,23,24,24,0,home,3.5,221.5,145.0,-165.0,0.0,107.0,0.0,0,True,1345.2611915177076,1233.3112709802076,1355.169470989674,1223.4029915082413,111.94992053750002,0.7720779476825
2021,2021-02-01,True,False,phx,dal,109,108,22,25,30,32,0,22,31,29,26,0,home,2.0,219.0,120.0,-140.0,1.0,112.0,0.0,0,False,1436.7215435398516,1571.8399183923348,1423.0084523593314,1585.553009572855,-135.11837485248316,0.449632014577156
2021,2021-02-01,True,False,hou,okc,136,106,48,25,29,34,0,24,30,22,30,0,away,5.0,224.5,-200.0,175.0,3.0,110.5,1.0,1,False,1448.4565370884457,1588.1125682955,1381.4945253783058,1655.07458000564,-139.6560312070544,0.44317692870709186
2021,2021-02-01,True,False,cha,mia,129,121,28,26,34,25,16,29,28,25,31,8,home,7.5,216.5,260.0,-310.0,4.0,105.0,0.0,1,False,1348.867152567594,1460.861942758007,1302.1963921753857,1507.5327031502154,-111.99479019041291,0.4827449641532981
2021,2021-02-01,True,False,sac,no,118,109,30,30,27,31,0,33,29,32,15,0,home,2.5,234.5,125.0,-145.0,1.0,114.5,0.0,0,False,1411.160674274862,1427.4282298987332,1348.5264234704998,1490.0624807030954,-16.267555623871203,0.6182206705108814
2021,2021-02-01,True,False,lal,atl,107,99,28,22,25,32,0,25,21,30,23,0,away,7.0,219.0,-300.0,250.0,3.5,105.5,1.0,0,False,1534.9320477845868,1727.4348629461776,1499.167365515998,1763.1995452147664,-192.5028151615909,0.36993655373539563
2021,2021-02-01,True,False,ny,chi,102,110,27,28,26,21,0,32,27,25,26,0,home,3.5,217.0,140.0,-160.0,1.0,105.5,1.0,0,True,1416.8303958786018,1447.4589967309676,1455.6438964068802,1408.6454962026892,-30.628600852365707,0.5985276056415852
2021,2021-02-01,True,False,por,mil,106,134,36,20,21,29,0,46,33,34,21,0,home,10.0,235.0,400.0,-500.0,0.5,114.0,1.0,1,True,1523.9474409971604,1431.371425186884,1557.5969852655505,1397.7218809184938,92.57601581027643,0.7518599299986971
2021,2021-02-02,True,False,mem,ind,116,134,27,23,35,31,0,37,34,33,30,0,home,4.5,221.5,160.0,-180.0,3.5,113.0,1.0,1,True,1501.0780969132788,1751.2078034451515,1592.2255413554813,1660.060359002949,-250.12970653187267,0.29645924303776294
2021,2021-02-02,True,False,tor,orl,123,108,33,31,32,27,0,31,29,22,26,0,away,6.5,215.5,-260.0,220.0,3.0,106.5,1.0,1,False,1244.9099638534435,1493.5536551731361,1208.5257088393664,1529.9379101872132,-248.6436913196926,0.29824650156391236
2021,2021-02-02,True,False,lac,bkn,120,124,32,26,32,30,0,24,33,31,36,0,away,1.5,241.5,-120.0,100.0,1.0,117.5,0.0,1,True,1602.6816275005426,1752.6744622660312,1643.1492260919147,1712.2068636746592,-149.99283476548862,0.4285469835782993
2021,2021-02-02,True,False,det,utah,105,117,22,24,31,28,0,33,36,25,23,0,home,12.5,218.5,650.0,-1000.0,1.0,105.0,0.0,1,True,1725.9684837308066,1364.0689132442478,1731.3915345131484,1358.645862461906,361.8995704865588,0.9345578916002514
2021,2021-02-02,True,False,bos,gs,111,107,24,28,34,25,0,35,17,33,22,0,away,3.0,227.0,-140.0,120.0,2.0,115.5,1.0,0,False,1481.0521273201282,1585.781832586675,1446.126474183842,1620.707485722961,-104.72970526654672,0.49319382740650114
2021,2021-02-02,True,False,por,wsh,132,121,40,35,31,26,0,23,40,27,31,0,home,3.0,241.5,120.0,-140.0,5.0,119.0,0.0,1,False,1293.7867359295528,1397.7218809184938,1239.737946408192,1451.7706704398545,-103.93514498894092,0.4943371132817906
2021,2021-02-03,True,False,ny,chi,107,103,34,29,28,16,0,17,35,24,27,0,home,1.5,218.0,105.0,-125.0,3.5,106.5,0.0,0,False,1455.6438964068802,1408.6454962026892,1408.3141001897018,1455.9752924198676,46.99840020419106,0.6997674684849068
2021,2021-02-03,True,False,bos,sac,111,116,26,25,31,29,0,22,30,29,35,0,home,1.0,224.0,-110.0,-110.0,0.5,114.0,1.0,1,True,1490.0624807030954,1620.707485722961,1532.9490651862566,1577.8209012398,-130.64500501986572,0.4560123059877252
2021,2021-02-03,True,False,min,sa,108,111,33,32,25,18,0,29,25,25,32,0,home,7.5,226.0,280.0,-340.0,6.5,111.0,0.0,0,True,1473.780308876531,1223.4029915082413,1479.509189412888,1217.6741109718844,250.37731736828982,0.8825636026931899
2021,2021-02-03,True,False,hou,okc,87,104,25,18,15,29,0,30,24,27,23,0,away,6.5,222.0,-250.0,210.0,6.5,107.5,0.0,0,True,1381.4945253783058,1655.07458000564,1474.4480631931046,1562.121042190841,-273.5800546273342,0.2690973404682408
2021,2021-02-03,True,False,phx,no,101,123,25,21,28,27,0,28,20,40,35,0,away,2.5,223.0,-155.0,135.0,2.0,112.5,0.0,1,True,1348.5264234704998,1585.553009572855,1443.3849360550482,1490.6944969883066,-237.02658610235517,0.31242887482935205
2021,2021-02-03,True,False,wsh,mia,103,100,31,24,22,26,0,34,31,17,18,0,home,9.0,228.0,350.0,-420.0,1.5,111.5,0.0,0,False,1302.1963921753857,1239.737946408192,1260.9679460621296,1280.9663925214481,62.45844576719355,0.7181262247071122
2021,2021-02-03,True,False,lac,cle,121,99,33,19,36,33,0,25,24,25,25,0,away,9.0,220.0,-420.0,350.0,5.0,106.5,1.0,2,False,1355.169470989674,1712.2068636746592,1329.5797896985575,1737.7965449657756,-357.0373926849852,0.1854838904669604
2021,2021-02-03,True,False,phi,cha,118,111,30,34,25,29,0,13,29,34,35,0,away,7.0,225.0,-310.0,260.0,2.0,109.0,2.0,1,False,1507.5327031502154,1639.977392431751,1466.0446877861668,1681.4654077957994,-132.4446892815356,0.4534435910760443
2021,2021-02-03,True,False,ind,mil,110,130,21,30,21,38,0,29,39,38,24,0,home,9.0,231.5,330.0,-400.0,0.0,113.0,1.0,1,True,1557.5969852655505,1592.2255413554813,1612.1206511003536,1537.7018755206782,-34.628556089930726,0.5929823974479034
2021,2021-02-03,True,False,dal,atl,122,116,26,27,35,34,0,22,34,27,33,0,away,2.0,223.5,-130.0,110.0,2.0,109.5,1.0,1,False,1499.167365515998,1423.0084523593314,1440.784673805972,1481.3911440693573,76.15891315666659,0.7338124257494149
2021,2021-02-04,True,False,por,phi,121,105,28,29,40,24,0,28,29,19,29,0,home,10.0,223.0,400.0,-500.0,6.0,109.5,0.0,1,False,1681.4654077957994,1451.7706704398545,1593.3037836668482,1539.9322945688057,229.69473735594488,0.8696508816134101
2021,2021-02-04,True,False,gs,dal,147,116,36,38,36,37,0,34,42,20,20,0,home,4.0,229.5,155.0,-175.0,2.0,114.5,0.0,1,False,1481.3911440693573,1446.126474183842,1380.434852248563,1547.0827660046364,35.26466988551533,0.685388229329518
2021,2021-02-04,True,False,utah,atl,112,91,20,25,35,32,0,16,21,26,28,0,away,10.0,221.0,-450.0,375.0,3.5,111.5,1.0,0,False,1440.784673805972,1731.3915345131484,1406.747722494152,1765.4284858249684,-290.60686070717634,0.25026090289642605
2021,2021-02-04,True,False,hou,mem,115,103,27,33,27,28,0,27,20,23,33,0,home,3.5,226.0,145.0,-165.0,5.5,109.5,0.0,0,False,1660.060359002949,1562.121042190841,1582.1888154140252,1639.992585779765,97.93931681210802,0.75757502613958
2021,2021-02-04,True,False,den,lal,93,114,30,28,17,18,0,27,19,37,31,0,home,4.5,217.0,175.0,-200.0,6.5,106.0,1.0,0,True,1763.1995452147664,1735.4823978911,1806.0842684278143,1692.597674678052,27.717147323666495,0.6759451186238132
2021,2021-02-05,True,False,utah,cha,138,121,30,39,37,32,0,32,22,36,31,0,away,8.5,224.5,-360.0,300.0,0.5,113.5,1.0,1,False,1466.0446877861668,1765.4284858249684,1435.4077589129815,1796.0654146981537,-299.3837980388016,0.24090113533829743
2021,2021-02-05,True,False,bos,lac,119,115,21,30,38,30,0,33,29,20,33,0,home,6.0,219.0,180.0,-210.0,0.5,112.0,0.0,1,False,1737.7965449657756,1577.8209012398,1687.9160383956805,1627.701407809895,159.97564372597571,0.8170578779400275
2021,2021-02-05,True,False,wsh,mia,95,122,27,16,27,25,0,40,31,35,16,0,home,7.0,230.0,245.0,-290.0,2.5,111.5,1.0,0,True,1260.9679460621296,1280.9663925214481,1317.6883532893116,1224.2459852942661,-19.99844645931853,0.6131389414071841
2021,2021-02-05,True,False,min,okc,106,103,25,26,34,21,0,23,32,21,27,0,away,2.5,220.5,-140.0,120.0,1.5,107.5,1.0,0,False,1474.4480631931046,1217.6741109718844,1431.4306055694706,1260.6915685955184,256.77395222122027,0.8863265877662507
2021,2021-02-05,True,False,chi,orl,119,123,31,25,25,38,0,33,33,26,31,0,away,2.5,224.5,-135.0,115.0,4.0,114.5,0.0,1,True,1208.5257088393664,1408.3141001897018,1253.8322070091692,1363.007602019899,-199.78839135033536,0.36021568010319044
2021,2021-02-05,True,False,mil,cle,123,105,26,34,34,29,0,33,30,26,16,0,away,10.5,228.5,-700.0,500.0,8.0,116.5,1.0,0,False,1329.5797896985575,1612.1206511003536,1296.0154417946046,1645.6849990043065,-282.54086140179606,0.2590734921401413
2021,2021-02-05,True,False,no,ind,114,113,27,30,29,28,0,30,18,27,38,0,home,0.0,228.0,105.0,-125.0,3.0,110.0,0.0,0,False,1537.7018755206782,1443.3849360550482,1516.6956571472504,1464.391154428476,94.31693946562996,0.7537248956926356
2021,2021-02-05,True,False,tor,bkn,123,117,34,33,25,31,0,23,40,27,27,0,home,5.0,239.5,190.0,-220.0,5.5,117.0,0.0,1,False,1643.1492260919147,1529.9379101872132,1583.668572369202,1589.418563909926,113.21131590470145,0.7733531977974687
2021,2021-02-05,True,False,det,phx,92,109,24,20,24,24,0,27,30,30,22,0,home,8.0,212.0,300.0,-360.0,0.5,103.5,1.0,0,True,1490.6944969883066,1358.645862461906,1514.084617644356,1335.2557418058566,132.04863452640052,0.7917949947429951
2021,2021-02-06,True,False,min,okc,118,120,24,38,32,24,0,43,40,13,24,0,home,2.0,220.5,115.0,-135.0,4.0,110.0,2.0,1,True,1431.4306055694706,1260.6915685955184,1438.609242314068,1253.512931850921,170.73903697395212,0.8261378890970784
2021,2021-02-06,True,False,chi,orl,118,92,31,30,34,23,0,31,12,21,28,0,away,1.5,224.5,-120.0,100.0,4.0,114.0,1.0,0,False,1253.8322070091692,1363.007602019899,1183.2382189999887,1433.6015900290795,-109.17539501072974,0.48679861401500485
2021,2021-02-06,True,False,gs,dal,132,134,31,33,37,31,0,35,37,34,28,0,home,4.5,232.0,165.0,-185.0,0.5,115.0,0.0,1,True,1380.434852248563,1547.0827660046364,1409.1846614280146,1518.3329568251847,-166.64791375607342,0.4052453619733357
2021,2021-02-06,True,False,sa,hou,111,106,29,22,33,27,0,23,24,30,29,0,home,1.0,225.5,100.0,-120.0,1.0,114.5,0.0,0,False,1639.992585779765,1479.509189412888,1584.4561221841172,1535.0456530085357,160.48339636687706,0.8174943654616141
2021,2021-02-06,True,False,mil,cle,124,99,25,34,35,30,0,22,32,23,22,0,away,10.0,226.5,-650.0,475.0,4.5,115.5,1.0,0,False,1296.0154417946046,1645.6849990043065,1268.494307217942,1673.2061335809692,-349.6695572097019,0.19197722473491216
2021,2021-02-06,True,False,mem,no,109,118,33,28,30,18,0,31,29,30,28,0,away,1.0,227.0,-120.0,100.0,0.5,115.0,0.0,2,True,1464.391154428476,1582.1888154140252,1517.6406971698254,1528.9392726726758,-117.7976609855491,0.47440948689910367
2021,2021-02-06,True,False,bkn,phi,108,124,29,27,30,22,0,34,25,43,22,0,home,7.5,233.0,245.0,-290.0,4.0,113.5,1.0,0,True,1593.3037836668482,1583.668572369202,1636.1804049631112,1540.791951072939,9.635211297646265,0.6527413371865056
2021,2021-02-06,True,False,den,sac,114,119,25,27,29,33,0,26,27,34,32,0,away,2.5,226.0,-125.0,105.0,3.0,109.5,0.0,1,True,1532.9490651862566,1692.597674678052,1579.0695600897154,1646.4771797745932,-159.64860949179547,0.4149923111949304
2021,2021-02-06,True,False,por,ny,99,110,31,20,25,23,0,26,31,27,26,0,away,1.5,215.5,-120.0,100.0,2.5,105.0,0.0,0,True,1455.9752924198676,1539.9322945688057,1508.1207137335018,1487.7868732551715,-83.95700214893805,0.5230713347824898
2021,2021-02-06,True,False,tor,atl,121,132,34,29,31,27,0,28,38,35,31,0,away,1.0,222.5,-120.0,100.0,1.0,109.0,0.0,1,True,1406.747722494152,1589.418563909926,1474.1836160515672,1521.9826703525107,-182.67084141577402,0.38322272805802643
2021,2021-02-06,True,False,det,lal,129,135,29,25,24,28,23,27,36,25,18,29,home,14.5,214.0,900.0,-1600.0,6.0,104.5,0.0,1,True,1806.0842684278143,1335.2557418058566,1808.1831783328744,1333.1568319007965,470.82852662195774,0.9639437644890241
2021,2021-02-07,True,False,utah,ind,103,95,25,22,28,28,0,20,27,21,27,0,away,5.0,225.0,-220.0,190.0,3.5,114.5,1.0,0,False,1516.6956571472504,1796.0654146981537,1491.3087344251646,1821.4523374202395,-279.3697575509034,0.26259287392030156
2021,2021-02-07,True,False,mia,ny,109,103,25,35,22,27,0,23,36,18,26,0,away,5.5,207.0,-240.0,200.0,3.5,102.5,1.0,1,False,1508.1207137335018,1317.6883532893116,1447.573791982979,1378.2352750398345,190.43236044419018,0.8418240572657666
2021,2021-02-07,True,False,bos,phx,91,100,19,30,19,23,0,27,25,24,24,0,home,2.5,215.0,125.0,-145.0,1.0,109.5,1.0,0,True,1514.084617644356,1627.701407809895,1566.725831724849,1575.060193729402,-113.61679016553899,0.48041389100350396
2021,2021-02-07,True,False,sac,lac,113,110,22,32,25,34,0,24,27,29,30,0,home,8.5,228.0,300.0,-360.0,6.5,112.0,0.0,0,False,1687.9160383956805,1579.0695600897154,1645.618288243657,1621.367310241739,108.84647830596509,0.7689189351867174
2021,2021-02-07,True,False,wsh,cha,97,119,31,21,21,24,0,34,35,33,17,0,away,1.0,237.0,-125.0,105.0,4.5,116.5,0.0,0,True,1435.4077589129815,1224.2459852942661,1451.6883449388397,1207.965399268408,211.16177361871542,0.8570732533497541
2021,2021-02-08,True,False,min,dal,122,127,22,29,26,45,0,43,28,24,32,0,home,10.0,228.5,425.0,-550.0,0.5,111.0,0.0,1,True,1409.1846614280146,1253.512931850921,1421.9191922078714,1240.778401071064,155.67172957709363,0.8133254761785738
2021,2021-02-08,True,False,okc,lal,112,119,33,27,24,26,2,26,30,20,34,9,home,10.0,220.5,500.0,-700.0,8.0,108.5,0.0,1,True,1808.1831783328744,1438.609242314068,1812.3780169344216,1434.4144037125209,369.5739360188063,0.9372084294210462
2021,2021-02-08,True,False,mil,den,125,112,37,22,34,32,0,42,20,26,24,0,away,2.0,233.5,-130.0,110.0,1.5,118.0,1.0,1,False,1646.4771797745932,1673.2061335809692,1576.352089381754,1743.3312239738084,-26.728953806376012,0.603909599271593
2021,2021-02-08,True,False,cle,phx,113,119,28,33,30,22,0,34,30,25,30,0,home,5.5,212.5,200.0,-240.0,2.5,105.5,1.0,1,True,1566.725831724849,1268.494307217942,1572.7771224884154,1262.4430164543755,298.23152450690714,0.9082460621198346
2021,2021-02-08,True,False,wsh,chi,105,101,24,34,25,22,0,27,21,30,23,0,home,4.5,237.0,170.0,-190.0,5.0,115.5,0.0,0,False,1433.6015900290795,1207.965399268408,1383.508919422023,1258.0580698754645,225.63619076067152,0.8669795595538641
2021,2021-02-08,True,False,tor,mem,128,113,35,28,31,34,0,34,36,27,16,0,away,2.5,223.5,-150.0,130.0,2.5,110.0,1.0,1,False,1528.9392726726758,1521.9826703525107,1450.2833652566728,1600.6385777685136,6.956602320165075,0.649238058877117
2021,2021-02-08,True,False,gs,sa,100,105,36,23,21,20,0,27,27,24,27,0,home,1.5,233.0,100.0,-120.0,1.5,114.0,1.0,0,True,1535.0456530085357,1518.3329568251847,1561.2610508533664,1492.117558980354,16.712696183351,0.6619177928672302
2021,2021-02-08,True,False,hou,cha,94,119,27,33,27,7,0,32,32,26,29,0,away,1.5,219.5,-125.0,105.0,1.5,109.0,0.0,0,True,1451.6883449388397,1584.4561221841172,1530.106692282538,1506.037774840419,-132.76777724527756,0.4529827013706238
2021,2021-02-09,True,False,bos,utah,108,122,27,20,32,29,0,24,24,42,32,0,home,5.5,222.0,180.0,-210.0,3.0,111.5,1.0,1,True,1821.4523374202395,1575.060193729402,1832.9084800874296,1563.604051062212,246.39214369083743,0.8801649865717914
2021,2021-02-09,True,False,orl,por,97,106,19,24,30,24,0,31,19,34,22,0,home,6.0,220.0,210.0,-250.0,1.0,112.0,1.0,0,True,1487.7868732551715,1183.2382189999887,1494.680778849324,1176.3443134058361,304.5486542551828,0.9112318338835576
2021,2021-02-09,True,False,phi,sac,119,111,42,24,21,32,0,32,39,20,20,0,away,4.5,232.0,-210.0,180.0,3.5,114.0,1.0,0,False,1621.367310241739,1636.1804049631112,1561.4081883475196,1696.1395268573306,-14.813094721372181,0.6201948266161195
2021,2021-02-09,True,False,ny,mia,96,98,25,30,27,14,0,27,30,19,22,0,home,6.0,207.5,200.0,-240.0,3.5,101.5,0.0,0,True,1378.2352750398345,1447.573791982979,1400.2772894347693,1425.5317775880442,-69.33851694314444,0.544011224178566
2021,2021-02-09,True,False,hou,no,101,130,25,25,31,20,0,30,33,29,38,0,home,6.5,226.0,230.0,-270.0,1.0,109.0,1.0,1,True,1517.6406971698254,1506.037774840419,1568.6336548130007,1455.0448171972437,11.60292232940651,0.6553043799958462
2021,2021-02-09,True,False,gs,sa,114,91,28,22,36,28,0,26,24,20,21,0,away,1.5,230.0,-110.0,-110.0,1.5,111.0,1.0,0,False,1561.2610508533664,1492.117558980354,1466.3263825893223,1587.0522272443982,69.14349187301241,0.7258500452411791
2021,2021-02-09,True,False,bkn,det,111,122,26,28,32,25,0,38,25,31,28,0,away,5.5,229.0,-230.0,195.0,6.0,112.5,0.0,1,True,1333.1568319007965,1540.791951072939,1404.239049118217,1469.7097338555184,-207.63511917214237,0.3498729874229339
2021,2021-02-10,True,False,okc,lal,113,114,37,30,17,21,8,23,34,23,25,9,home,11.5,217.0,575.0,-850.0,11.5,106.5,0.0,1,True,1812.3780169344216,1434.4144037125209,1813.7061914835765,1433.086229163366,377.9636132219007,0.9399912243462525
2021,2021-02-10,True,False,mil,phx,124,125,32,39,30,23,0,32,27,39,27,0,away,4.0,228.5,-180.0,160.0,2.0,114.5,0.0,1,True,1572.7771224884154,1743.3312239738084,1591.0811627292785,1725.0271837329453,-170.55410148539295,0.3998375435517026
2021,2021-02-10,True,False,cle,den,95,133,17,26,23,29,0,34,30,36,33,0,home,9.5,218.0,400.0,-500.0,0.0,104.5,1.0,1,True,1576.352089381754,1262.4430164543755,1586.719590431081,1252.0755154050485,313.9090729273785,0.9154948417559363
2021,2021-02-10,True,False,cha,mem,114,130,38,30,15,31,0,34,36,31,29,0,home,2.5,224.5,120.0,-140.0,1.5,110.0,1.0,1,True,1450.2833652566728,1530.106692282538,1508.9983838611847,1471.391673678026,-79.82332702586518,0.5290039686523674
2021,2021-02-10,True,False,atl,dal,117,118,32,30,28,27,0,33,19,29,37,0,home,3.5,231.0,135.0,-155.0,5.0,117.0,0.0,1,True,1421.9191922078714,1474.1836160515672,1435.086360582872,1461.0164476765667,-52.264423843695795,0.5682679882462912
2021,2021-02-10,True,False,ind,bkn,94,104,18,12,32,32,0,27,35,20,22,0,away,1.5,235.0,-115.0,-105.0,8.0,114.0,0.0,0,True,1469.7097338555184,1491.3087344251646,1510.7572548423773,1450.2612134383057,-21.59900056964625,0.6109512309275739
2021,2021-02-10,True,False,tor,wsh,137,115,40,34,29,34,0,28,33,32,22,0,away,5.0,235.0,-210.0,180.0,0.5,116.0,1.0,1,False,1258.0580698754645,1600.6385777685136,1230.6882393376563,1628.0084083063218,-342.5805078930491,0.19838709954298941
2021,2021-02-10,True,False,lac,min,119,112,27,20,33,39,0,32,21,20,39,0,away,8.5,224.5,-430.0,360.0,8.5,108.5,0.0,1,False,1240.778401071064,1645.618288243657,1227.2880526801664,1659.1086366345546,-404.83988717259285,0.14744286911676033
2021,2021-02-10,True,False,no,chi,116,129,34,40,14,28,0,44,22,40,23,0,away,2.5,230.0,-140.0,120.0,1.0,113.0,0.0,1,True,1383.508919422023,1568.6336548130007,1455.5152372029584,1496.6273370320653,-185.12473539097778,0.3798894764697789
2021,2021-02-11,True,False,ind,det,111,95,28,24,30,29,0,19,33,18,25,0,away,4.0,214.5,-175.0,155.0,3.5,104.5,1.0,0,False,1404.239049118217,1450.2612134383057,1332.3017824104563,1522.1984801460665,-46.02216432008868,0.5770613367862898
2021,2021-02-11,True,False,mia,hou,101,94,19,28,28,26,0,29,24,10,31,0,away,1.5,214.0,-130.0,110.0,2.0,104.0,1.0,0,False,1455.0448171972437,1400.2772894347693,1393.5360458946243,1461.7860607373887,54.7675277624744,0.709078652108609
2021,2021-02-11,True,False,phi,por,114,118,36,27,30,21,0,37,23,29,29,0,away,6.0,229.0,-230.0,195.0,3.0,112.0,0.0,1,True,1494.680778849324,1696.1395268573306,1540.1439886916232,1650.6763170150314,-201.45874800800652,0.3580027156310266
2021,2021-02-11,True,False,orl,gs,105,111,19,36,25,25,0,29,18,37,27,0,home,9.0,221.0,320.0,-380.0,10.0,111.0,0.0,0,True,1587.0522272443982,1176.3443134058361,1590.1000715034977,1173.2964691467366,410.70791383856204,0.9497825779208774
2021,2021-02-11,True,False,tor,bos,106,120,29,27,24,26,0,34,32,22,32,0,home,2.5,219.0,125.0,-145.0,2.0,107.5,1.0,1,True,1563.604051062212,1628.0084083063218,1617.0985994649352,1574.5138599035986,-64.40435724410986,0.5510477647437466
2021,2021-02-12,True,False,okc,den,95,97,28,25,26,16,0,16,24,30,27,0,home,11.5,221.5,650.0,-1000.0,11.0,106.5,0.0,0,True,1586.719590431081,1433.086229163366,1594.6164509356495,1425.1893686587975,153.63336126771515,0.8115374148634502
2021,2021-02-12,True,False,cle,por,110,129,23,29,25,33,0,34,39,27,29,0,home,3.5,221.5,165.0,-185.0,4.0,108.5,1.0,1,True,1540.1439886916232,1252.0755154050485,1550.0444375251557,1242.175066571516,288.0684732865748,0.9032528546265229
2021,2021-02-12,True,False,det,bos,108,102,27,27,28,26,0,23,29,20,30,0,home,7.0,210.5,290.0,-350.0,6.0,103.5,0.0,0,False,1617.0985994649352,1332.3017824104563,1557.015507054676,1392.3848748207156,284.7968170544789,0.9015945329439606
2021,2021-02-12,True,False,mem,lal,105,115,31,28,23,23,0,16,30,41,28,0,home,8.5,218.5,300.0,-360.0,9.5,111.0,1.0,1,True,1813.7061914835765,1508.9983838611847,1820.878588078733,1501.8259872660283,304.7078076223918,0.9113059127005295
2021,2021-02-12,True,False,min,cha,114,120,30,29,26,29,0,25,35,30,30,0,home,2.5,230.0,120.0,-140.0,1.5,112.5,1.0,1,True,1471.391673678026,1227.2880526801664,1479.73490606134,1218.9448202968524,244.1036209978597,0.878768512327035
2021,2021-02-12,True,False,orl,sac,123,112,33,31,33,26,0,33,26,28,25,0,home,6.5,217.5,225.0,-265.0,6.5,112.0,0.0,1,False,1561.4081883475196,1173.2964691467366,1487.1159436956646,1247.5887137985917,388.111719200783,0.9432029409871019
2021,2021-02-12,True,False,lac,chi,125,106,30,28,32,35,0,25,29,24,28,0,away,7.5,225.0,-300.0,250.0,3.0,110.0,1.0,1,False,1455.5152372029584,1659.1086366345546,1408.697721217135,1705.926152620378,-203.59339943159625,0.3551834266421078
2021,2021-02-12,True,False,no,dal,130,143,34,31,36,29,0,27,42,39,35,0,home,3.0,233.5,130.0,-150.0,0.5,114.0,1.0,1,True,1435.086360582872,1496.6273370320653,1486.7449333774878,1444.9687642374495,-61.540976449193295,0.5551220280705044
2021,2021-02-12,True,False,sa,atl,125,114,36,41,33,15,0,29,19,24,42,0,home,2.5,225.0,115.0,-135.0,8.0,115.0,0.0,1,False,1461.0164476765667,1466.3263825893223,1391.8075577467346,1535.5352725191544,-5.30993491275558,0.63299332259475
2021,2021-02-12,True,False,mil,utah,115,129,31,21,30,33,0,35,34,27,33,0,home,2.5,233.0,120.0,-140.0,4.0,118.5,1.0,1,True,1832.9084800874296,1725.0271837329453,1857.8679117152528,1700.067752105122,107.88129635448422,0.767930249922912
2021,2021-02-12,True,False,ny,wsh,109,91,30,23,26,30,0,23,19,22,27,0,away,3.0,218.5,-150.0,130.0,1.5,106.5,1.0,0,False,1230.6882393376563,1425.5317775880442,1183.167160368945,1473.0528565567556,-194.84353825038784,0.36680146189408236
2021,2021-02-13,True,False,phi,phx,111,120,28,25,28,30,0,23,30,33,34,0,home,1.5,221.0,-105.0,-115.0,1.0,107.5,1.0,1,True,1591.0811627292785,1650.6763170150314,1635.8733345203602,1605.8841452239496,-59.59515428575287,0.5578865217879705
2021,2021-02-13,True,False,ind,atl,125,113,27,35,22,41,0,26,32,29,26,0,away,1.5,223.5,-115.0,-105.0,0.0,109.5,1.0,1,False,1391.8075577467346,1522.1984801460665,1340.3020748495956,1573.7039630432055,-130.39092239933188,0.4563751535085466
2021,2021-02-13,True,False,hou,ny,99,121,25,22,28,24,0,30,33,24,34,0,home,0.0,213.0,-120.0,100.0,4.5,103.0,1.0,1,True,1473.0528565567556,1393.5360458946243,1506.591159390868,1359.997743060512,79.51681066213132,0.737571008694798
2021,2021-02-13,True,False,bkn,gs,134,117,37,29,42,26,0,28,23,31,35,0,away,3.5,246.0,-160.0,140.0,2.5,119.5,1.0,1,False,1590.1000715034977,1510.7572548423773,1503.216709275959,1597.640617069916,79.34281666112042,0.737377094796576
2021,2021-02-13,True,False,mia,utah,94,112,21,21,15,37,0,18,29,31,34,0,home,7.0,215.5,240.0,-280.0,2.5,103.5,1.0,0,True,1857.8679117152528,1461.7860607373887,1862.915133802967,1456.7388386496746,396.0818509778642,0.9456113772717056
2021,2021-02-14,True,False,mem,sac,124,110,30,32,37,25,0,22,24,33,31,0,home,1.5,232.0,105.0,-125.0,5.0,116.5,0.0,1,False,1487.1159436956646,1501.8259872660283,1413.200471265348,1575.741459696345,-14.710043570363723,0.6203345491916189
2021,2021-02-14,True,False,no,det,112,123,40,22,27,23,0,30,34,33,26,0,away,5.5,222.5,-220.0,190.0,4.5,109.5,0.0,1,True,1392.3848748207156,1444.9687642374495,1439.6380157344083,1397.7156233237567,-52.58388941673388,0.5678167544614331
2021,2021-02-14,True,False,cle,lac,111,128,24,34,30,23,0,32,38,36,22,0,home,8.5,220.0,395.0,-490.0,0.5,109.0,1.0,1,True,1705.926152620378,1242.175066571516,1709.1842381683846,1238.9169810235094,463.7510860488619,0.9625006851996364
2021,2021-02-14,True,False,orl,phx,90,109,16,19,25,30,0,28,24,32,25,0,home,11.5,212.0,525.0,-750.0,2.0,108.0,1.0,0,True,1635.8733345203602,1247.5887137985917,1641.2609339184226,1242.2011144005294,388.28462072176853,0.9432562369037136
2021,2021-02-14,True,False,bos,wsh,91,104,22,21,24,24,0,29,26,34,15,0,away,7.0,230.0,-280.0,240.0,7.5,116.0,0.0,0,True,1183.167160368945,1557.015507054676,1279.3938546635995,1460.7888127600213,-373.84834668573103,0.17130624623552773
2021,2021-02-14,True,False,por,dal,121,118,34,24,45,18,0,25,36,30,27,0,home,5.5,235.5,180.0,-210.0,2.5,115.0,0.0,1,False,1486.7449333774878,1550.0444375251557,1453.0367559374415,1583.752614965202,-63.2995041476679,0.5526206867063632
2021,2021-02-14,True,False,sa,cha,122,110,17,47,25,33,0,33,26,30,21,0,away,4.0,226.5,-170.0,150.0,1.5,115.5,1.0,1,False,1479.73490606134,1535.5352725191544,1416.165797390886,1599.1043811896086,-55.800366457814334,0.5632674444741795
2021,2021-02-14,True,False,min,tor,116,112,27,27,37,25,0,26,32,25,29,0,home,7.5,229.5,290.0,-350.0,3.5,111.5,0.0,0,False,1574.5138599035986,1218.9448202968524,1525.8106102548916,1267.6480699455594,355.5690396067462,0.932293544591044
2021,2021-02-14,True,False,lal,den,105,122,33,28,24,20,0,33,40,30,19,0,away,3.0,219.0,-150.0,130.0,4.5,109.0,0.0,1,True,1594.6164509356495,1820.878588078733,1680.3470226065663,1735.1480164078162,-226.26213714308346,0.32589222195827855
2021,2021-02-14,True,False,mil,okc,109,114,24,17,40,28,0,24,28,29,33,0,away,12.0,228.5,-1000.0,650.0,12.0,115.5,0.0,0,True,1425.1893686587975,1700.067752105122,1482.9275348413985,1642.3295859225211,-274.8783834463245,0.26762990672519393
2021,2021-02-15,True,False,mia,lac,118,125,35,27,29,27,0,33,34,25,33,0,away,6.5,217.5,-240.0,200.0,6.5,107.0,0.0,1,True,1709.1842381683846,1456.7388386496746,1717.6736400819425,1448.2494367361166,252.44539951871002,0.8837918721949506
2021,2021-02-15,True,False,bkn,sac,136,125,36,38,33,29,0,37,31,20,37,0,away,4.5,243.0,-190.0,170.0,1.0,120.0,1.0,1,False,1413.200471265348,1597.640617069916,1371.5633662159303,1639.2777221193337,-184.44014580456815,0.3808182661964196
2021,2021-02-15,True,False,phi,utah,123,134,42,24,28,29,0,35,37,34,28,0,home,8.5,225.0,320.0,-380.0,3.0,111.0,1.0,1,True,1862.915133802967,1605.8841452239496,1872.7894282637812,1596.0098507631353,257.0309885790173,0.8864755769263583
2021,2021-02-15,True,False,chi,ind,120,112,24,25,30,26,15,21,23,26,35,7,home,4.5,223.5,170.0,-190.0,5.0,112.5,0.0,1,False,1573.7039630432055,1408.697721217135,1505.544617392367,1476.8570668679736,165.00624182607044,0.8213467441552047
2021,2021-02-15,True,False,hou,wsh,119,131,34,35,20,30,0,38,34,28,31,0,home,2.0,233.5,105.0,-125.0,0.5,114.5,1.0,1,True,1279.3938546635995,1359.997743060512,1332.6757821004599,1306.7158156236517,-80.60388839691245,0.5278842863818838
2021,2021-02-15,True,False,atl,ny,112,123,28,35,27,22,0,39,27,29,28,0,away,1.5,218.5,-125.0,105.0,1.5,112.5,0.0,1,True,1506.591159390868,1340.3020748495956,1523.2379914246455,1323.655242815818,166.28908454127236,0.822427767925469
2021,2021-02-15,True,False,cle,gs,98,129,32,22,30,14,0,32,32,37,28,0,home,11.0,227.5,450.0,-600.0,3.0,116.0,1.0,0,True,1503.216709275959,1238.9169810235094,1516.4096208319752,1225.724069467493,264.29972825244954,0.8906188327219503
2021,2021-02-16,True,False,den,bos,99,112,26,28,21,24,0,30,29,27,26,0,home,2.0,222.5,110.0,-130.0,0.5,109.0,1.0,0,True,1460.7888127600213,1680.3470226065663,1538.0742352804689,1603.0616000861187,-219.55820984654497,0.3344264045522685
2021,2021-02-16,True,False,no,mem,144,113,29,34,38,43,0,32,26,23,32,0,away,1.5,232.0,-115.0,-105.0,1.5,114.0,1.0,1,False,1575.741459696345,1397.7156233237567,1468.0307879582692,1505.4262950618324,178.02583637258817,0.8320806219355349
2021,2021-02-16,True,False,tor,mil,124,113,33,31,30,30,0,33,31,27,22,0,home,6.0,236.0,210.0,-250.0,4.0,115.0,0.0,1,False,1642.3295859225211,1525.8106102548916,1566.2733273252568,1601.866868852156,116.51897566762955,0.7766731850815366
2021,2021-02-16,True,False,lal,min,112,104,30,27,29,26,0,27,29,28,20,0,away,6.0,223.0,-265.0,225.0,4.0,109.0,1.0,0,False,1267.6480699455594,1735.1480164078162,1257.2455849668825,1745.5505013864931,-467.49994646225673,0.10759943047713834
2021,2021-02-16,True,False,por,okc,115,104,34,30,29,22,0,21,29,29,25,0,away,5.5,226.0,-220.0,190.0,2.0,110.5,1.0,0,False,1482.9275348413985,1583.752614965202,1428.389412182402,1638.2907376241983,-100.82508012380345,0.4988126164861008
2021,2021-02-16,True,False,bkn,phx,128,124,22,32,34,40,0,33,42,25,24,0,home,8.0,226.5,270.0,-330.0,1.0,112.5,0.0,1,False,1641.2609339184226,1639.2777221193337,1595.8386890849745,1684.6999669527818,1.9832117990888491,0.6426908766454548
2021,2021-02-17,True,False,ind,min,134,128,39,30,17,35,13,33,40,19,29,7,away,5.0,225.5,-200.0,175.0,5.5,111.5,1.0,1,False,1257.2455849668825,1505.544617392367,1231.674138036482,1531.1160643227674,-248.29903242548448,0.2986619133983839
2021,2021-02-17,True,False,mia,gs,112,120,36,25,25,19,7,24,22,30,29,15,home,1.5,222.5,-115.0,-105.0,5.5,108.5,1.0,1,True,1516.4096208319752,1448.2494367361166,1541.324676801077,1423.3343807670149,68.16018409585854,0.7247222385869823
2021,2021-02-17,True,False,utah,lac,114,96,24,22,35,33,0,25,26,24,21,0,away,7.0,228.0,-260.0,220.0,7.0,116.0,1.0,0,False,1717.6736400819425,1872.7894282637812,1663.0867089764586,1927.3763593692652,-155.11578818183875,0.4213407305626669
2021,2021-02-17,True,False,okc,mem,113,122,31,25,29,28,0,30,27,29,36,0,home,7.0,227.0,225.0,-265.0,4.0,110.0,1.0,1,True,1468.0307879582692,1428.389412182402,1498.1629845027505,1398.2572156379208,39.64137577586712,0.6907953747885613
2021,2021-02-17,True,False,det,chi,102,105,35,26,12,29,0,27,16,27,35,0,home,3.0,219.5,130.0,-150.0,6.0,107.0,2.0,0,True,1476.8570668679736,1439.6380157344083,1495.2164431156775,1421.2786394867044,37.219051133565245,0.6878090753515878
2021,2021-02-17,True,False,hou,phi,113,118,24,19,36,34,0,38,31,27,22,0,home,8.0,227.0,330.0,-400.0,1.5,109.5,0.0,1,True,1596.0098507631353,1306.7158156236517,1601.888129121566,1300.837537265221,289.29403513948364,0.9038676107508471
2021,2021-02-17,True,False,atl,bos,122,114,33,29,28,32,0,35,21,25,33,0,home,2.0,222.5,110.0,-130.0,2.5,109.0,0.0,1,False,1538.0742352804689,1323.655242815818,1469.6624276860512,1392.0670504102357,214.41899246465096,0.859354769115756
2021,2021-02-17,True,False,ny,orl,89,107,32,24,14,19,0,23,30,30,24,0,away,3.5,209.5,-160.0,140.0,1.5,102.5,0.0,0,True,1242.2011144005294,1523.2379914246455,1337.9763287647193,1427.4627770604557,-281.03687702411617,0.2607388257086002
2021,2021-02-17,True,False,por,no,126,124,35,24,35,32,0,30,39,22,33,0,home,4.0,237.0,150.0,-170.0,1.0,116.0,0.0,1,False,1505.4262950618324,1638.2907376241983,1483.5362560395222,1660.1807766465085,-132.86444256236587,0.4528448225113381
2021,2021-02-17,True,False,den,wsh,128,130,41,23,29,35,0,24,46,30,30,0,away,4.5,234.5,-175.0,155.0,4.0,114.0,0.0,1,True,1332.6757821004599,1603.0616000861187,1367.8312828947264,1567.9060992918521,-270.38581798565883,0.2727291851215372
2021,2021-02-18,True,False,tor,mil,110,96,33,25,27,25,0,26,15,31,24,0,home,7.5,234.0,270.0,-330.0,8.5,112.5,0.0,0,False,1566.2733273252568,1601.866868852156,1495.776811029087,1672.3633851483257,-35.593541526899116,0.5916410085505671
2021,2021-02-18,True,False,bkn,lal,109,98,31,33,26,19,0,24,29,21,24,0,home,3.0,230.5,130.0,-150.0,5.0,112.0,0.0,0,False,1745.5505013864931,1684.6999669527818,1671.7307631100823,1758.5197052291926,60.850534433711346,0.7162488634493316
2021,2021-02-18,True,False,mia,sac,118,110,31,26,32,29,0,21,22,36,31,0,home,1.0,226.0,-105.0,-115.0,4.0,110.5,0.0,1,False,1371.5633662159303,1423.3343807670149,1316.5570655383008,1478.3406814446444,-51.77101455108459,0.5689646885046447
2021,2021-02-19,True,False,chi,phi,105,112,30,23,26,26,0,32,26,27,27,0,home,6.0,227.0,210.0,-250.0,2.5,115.0,1.0,0,True,1601.888129121566,1495.2164431156775,1621.1775633809896,1475.927008856254,106.67168600588843,0.766687022080202
2021,2021-02-19,True,False,den,cle,120,103,33,36,26,25,0,23,27,30,23,0,away,9.0,226.0,-450.0,375.0,0.5,109.5,1.0,0,False,1225.724069467493,1567.9060992918521,1200.4474965410361,1593.182672218309,-342.182029824359,0.19875213800474217
2021,2021-02-19,True,False,tor,min,86,81,28,17,13,28,0,15,20,29,17,0,away,2.5,225.5,-155.0,135.0,2.0,109.0,1.0,0,False,1231.674138036482,1672.3633851483257,1221.9502500164613,1682.0872731683464,-440.68924711184377,0.12334102807654422
2021,2021-02-19,True,False,phx,no,132,114,33,26,32,41,0,34,32,36,12,0,away,3.5,231.0,-165.0,145.0,5.0,117.5,1.0,1,False,1483.5362560395222,1595.8386890849745,1421.0513685258622,1658.3235765986344,-112.30243304545229,0.4823027713951584
2021,2021-02-19,True,False,gs,orl,120,124,34,17,43,26,0,37,27,29,31,0,away,5.0,225.5,-200.0,175.0,6.5,109.5,0.0,1,True,1337.9763287647193,1541.324676801077,1383.6163040830083,1495.684701482788,-203.34834803635772,0.3555065664161043
2021,2021-02-19,True,False,det,mem,95,109,17,26,30,22,0,35,18,31,25,0,home,4.5,219.0,170.0,-190.0,1.0,106.0,1.0,0,True,1498.1629845027505,1421.2786394867044,1527.5257215554936,1391.9159024339613,76.88434501604615,0.7346273189633927
2021,2021-02-19,True,False,atl,bos,109,121,22,19,32,36,0,33,33,32,23,0,home,5.0,226.5,175.0,-200.0,4.0,109.5,1.0,1,True,1469.6624276860512,1392.0670504102357,1497.371717542353,1364.3577605539338,77.59537727581551,0.7354244887217004
2021,2021-02-19,True,False,okc,mil,85,98,20,22,20,23,0,16,30,32,20,0,home,11.0,232.0,450.0,-600.0,5.5,112.0,1.0,0,True,1495.776811029087,1398.2572156379208,1521.4725592943682,1372.5614673726395,97.51959539116615,0.7571310189669443
2021,2021-02-19,True,False,utah,lac,112,116,23,26,26,37,0,31,26,22,37,0,home,1.0,228.0,-110.0,-110.0,2.5,116.0,1.0,2,True,1663.0867089764586,1927.3763593692652,1714.0917657540617,1876.371302591662,-264.2896503928066,0.2797449178381513
2021,2021-02-20,True,False,mia,lal,96,94,36,23,22,15,0,23,29,25,17,0,home,3.5,208.5,145.0,-165.0,4.5,102.5,0.0,0,False,1671.7307631100823,1478.3406814446444,1637.5409057374509,1512.5305388172758,193.39008166543795,0.8440780060551724
2021,2021-02-20,True,False,gs,cha,100,102,15,32,22,31,0,24,21,24,33,0,away,2.0,234.5,-130.0,110.0,4.0,110.0,0.0,0,True,1416.165797390886,1495.684701482788,1438.912141677607,1472.9383571960668,-79.51890409190196,0.5294405719969828
2021,2021-02-20,True,False,sac,chi,114,122,21,37,25,31,0,28,40,27,27,0,home,0.0,235.5,-115.0,-105.0,3.0,114.5,1.0,1,True,1475.927008856254,1316.5570655383008,1491.225747869409,1301.2583265251458,159.36994331795313,0.8165361308589334
2021,2021-02-20,True,False,wsh,por,118,111,31,30,28,29,0,43,12,37,19,0,home,4.5,243.5,155.0,-175.0,4.0,118.0,0.0,0,False,1660.1807766465085,1367.8312828947264,1596.08155569636,1431.930503844875,292.3494937517821,0.9053850854184866
2021,2021-02-20,True,False,phx,mem,128,97,28,37,31,32,0,15,19,30,33,0,away,6.5,223.0,-260.0,220.0,4.0,113.5,1.0,1,False,1527.5257215554936,1658.3235765986344,1458.0206025016766,1727.8286956524514,-130.79785504314077,0.455794048069721
2021,2021-02-21,True,False,bkn,lac,112,108,28,30,31,23,0,30,21,28,29,0,home,6.5,234.5,225.0,-265.0,5.5,114.0,0.0,0,False,1714.0917657540617,1758.5197052291926,1673.0685152975725,1799.5429556856818,-44.42793947513087,0.5792995144955742
2021,2021-02-21,True,False,den,atl,115,123,33,23,20,39,0,27,37,29,30,0,away,2.5,232.0,-145.0,125.0,3.5,113.5,0.0,1,True,1364.3577605539338,1593.182672218309,1429.841590079536,1527.6988426927069,-228.82491166437535,0.32265965518241074
2021,2021-02-21,True,False,min,ny,99,103,18,32,21,28,0,30,31,26,16,0,home,3.0,217.5,135.0,-155.0,1.5,104.5,1.0,0,True,1427.4627770604557,1221.9502500164613,1436.0954419204868,1213.3175851564301,205.5125270439944,0.8530431938925563
2021,2021-02-21,True,False,sac,mil,115,128,25,31,26,33,0,28,42,29,29,0,home,10.0,239.5,450.0,-600.0,1.5,116.5,1.0,1,True,1521.4725592943682,1301.2583265251458,1534.4775794941622,1288.2533063253518,220.21423276922246,0.8633386784195429
2021,2021-02-21,True,False,det,orl,96,105,26,22,28,20,0,28,28,27,22,0,home,3.0,210.5,145.0,-165.0,1.0,104.0,1.0,0,True,1383.6163040830083,1391.9159024339613,1421.2051039552448,1354.3271025617248,-8.29959835095292,0.628986173502775
2021,2021-02-21,True,False,phi,tor,103,110,24,31,29,19,0,28,24,31,27,0,away,3.0,223.0,-150.0,130.0,1.5,107.5,0.0,0,True,1682.0872731683464,1621.1775633809896,1706.5526895752193,1596.7121469741166,60.90970978735686,0.7163180889523981
2021,2021-02-21,True,False,bos,no,115,120,30,33,24,21,7,28,19,27,34,12,away,2.5,230.0,-140.0,120.0,3.0,117.0,0.0,1,True,1421.0513685258622,1497.371717542353,1457.7876267109043,1460.635459357311,-76.32034901649081,0.5340250892544945
2021,2021-02-21,True,False,okc,cle,117,101,31,31,24,31,0,28,23,24,26,0,away,3.0,220.0,-150.0,130.0,1.5,108.5,1.0,0,False,1200.4474965410361,1372.5614673726395,1150.8715643276566,1422.137399586019,-172.1139708316034,0.39768474706855833
2021,2021-02-22,True,False,chi,hou,120,100,29,25,46,20,0,24,24,26,26,0,away,1.0,226.5,-110.0,-110.0,1.5,114.5,1.0,0,False,1300.837537265221,1491.225747869409,1250.9005391155295,1541.1627460191005,-190.38821060418786,0.37277825975820705
2021,2021-02-22,True,False,mia,okc,108,94,23,22,34,29,0,21,33,23,17,0,away,7.0,212.5,-280.0,240.0,6.0,102.5,1.0,0,False,1422.137399586019,1512.5305388172758,1360.913362177176,1573.7545762261188,-90.39313923125678,0.5138218616069916
2021,2021-02-22,True,False,mem,dal,92,102,13,23,26,30,0,26,28,27,21,0,home,4.0,232.0,165.0,-185.0,3.0,116.5,1.0,0,True,1453.0367559374415,1458.0206025016766,1491.712675373326,1419.3446830657922,-4.983846564235137,0.6334292915254907
2021,2021-02-22,True,False,por,phx,100,132,26,28,17,29,0,32,31,37,32,0,home,6.5,226.5,210.0,-250.0,1.0,111.0,1.0,1,True,1727.8286956524514,1596.08155569636,1756.1703766327748,1567.7398747160366,131.74713995609136,0.7915087358459633
2021,2021-02-22,True,False,cha,utah,110,132,35,32,23,20,0,35,29,27,41,0,home,12.5,228.0,625.0,-950.0,9.5,112.0,1.0,1,True,1876.371302591662,1438.912141677607,1880.5329310691982,1434.7505132000708,437.459160914055,0.9566389149569233
2021,2021-02-22,True,False,wsh,lal,127,124,23,26,31,35,12,33,30,23,29,9,home,7.0,229.0,240.0,-280.0,1.0,111.0,0.0,1,False,1637.5409057374509,1431.930503844875,1594.3782539248718,1475.093155657454,205.61040189257596,0.8531138095715619
2021,2021-02-23,True,False,wsh,lac,116,135,20,35,39,22,0,36,36,27,36,0,home,11.5,235.0,600.0,-900.0,2.0,115.5,1.0,1,True,1673.0685152975725,1475.093155657454,1689.845717857762,1458.3159530972644,197.97535964011854,0.8475203948067048
2021,2021-02-23,True,False,phi,tor,109,102,37,18,24,30,0,18,24,23,37,0,away,2.5,221.5,-145.0,125.0,3.0,107.5,1.0,0,False,1706.5526895752193,1596.7121469741166,1643.0792001656082,1660.1856363837278,109.8405426011027,0.7699341223369598
2021,2021-02-23,True,False,min,mil,112,139,36,26,27,23,0,38,41,34,26,0,home,10.0,232.0,500.0,-700.0,0.5,113.0,1.0,1,True,1534.4775794941622,1213.3175851564301,1543.503421863989,1204.2917427866034,321.1599943377321,0.9186684901446381
2021,2021-02-23,True,False,sac,bkn,118,127,28,38,30,22,0,42,30,26,29,0,home,5.5,241.5,210.0,-250.0,1.0,119.5,1.0,1,True,1799.5429556856818,1288.2533063253518,1801.4723192519532,1286.3239427590804,511.28964936033003,0.9712198259604472
2021,2021-02-23,True,False,atl,cle,111,112,27,28,29,27,0,28,30,26,28,0,away,8.0,228.0,-330.0,270.0,7.0,111.0,0.0,0,True,1150.8715643276566,1429.841590079536,1173.3477612363442,1407.3653931708484,-278.97002575187935,0.2630386859498296
2021,2021-02-23,True,False,gs,ny,114,106,36,19,39,20,0,31,28,26,21,0,away,4.0,222.0,-170.0,150.0,4.0,108.5,1.0,0,False,1436.0954419204868,1472.9383571960668,1379.0649396949168,1529.9688594216368,-36.842915275580026,0.5899022754538962
2021,2021-02-23,True,False,bos,dal,107,110,31,25,20,31,0,34,21,25,30,0,away,2.5,222.5,-140.0,120.0,1.5,113.0,0.0,0,True,1491.712675373326,1460.635459357311,1510.6334843648146,1441.7146503658223,31.077216016014972,0.6801673779514706
2021,2021-02-23,True,False,det,orl,105,93,34,19,26,26,0,24,27,14,28,0,home,4.5,211.0,155.0,-175.0,4.0,104.5,0.0,0,False,1421.2051039552448,1354.3271025617248,1344.697685929252,1430.8345205877176,66.87800139351998,0.7232473225844886
2021,2021-02-23,True,False,por,den,106,111,25,32,21,28,0,34,23,21,33,0,home,6.0,231.0,210.0,-250.0,4.0,113.0,0.0,0,True,1527.6988426927069,1567.7398747160366,1560.3815753672795,1535.057142041464,-40.04103202332976,0.5854413543088027
2021,2021-02-24,True,False,cha,phx,124,121,34,32,31,27,0,38,29,24,30,0,home,9.5,225.0,350.0,-420.0,6.5,111.0,0.0,1,False,1756.1703766327748,1434.7505132000708,1713.759336319115,1477.1615535137307,321.419863432704,0.9187801908699816
2021,2021-02-24,True,False,lal,utah,89,114,23,24,17,25,0,24,39,27,24,0,home,9.0,218.5,330.0,-400.0,0.5,107.0,1.0,0,True,1880.5329310691982,1594.3782539248718,1891.4242600824905,1583.4869249115795,286.15467714432634,0.9022858509611567
2021,2021-02-24,True,False,det,no,118,128,39,30,27,22,0,33,31,32,32,0,home,11.5,221.5,550.0,-800.0,9.5,109.0,0.0,1,True,1457.7876267109043,1430.8345205877176,1491.179520260928,1397.442627037694,26.95310612318667,0.6749809833275487
2021,2021-02-24,True,False,sa,okc,99,102,21,24,28,26,0,28,12,36,26,0,away,1.0,217.5,-110.0,-110.0,0.5,110.0,0.0,0,True,1360.913362177176,1599.1043811896086,1402.9408252534822,1557.0769181133023,-238.19101901243266,0.3109907663485109
2021,2021-02-24,True,False,min,chi,126,133,34,24,32,29,7,32,36,28,23,14,home,4.5,229.0,160.0,-180.0,1.0,110.5,1.0,1,True,1541.1627460191005,1204.2917427866034,1546.2837639351017,1199.1707248706023,336.87100323249706,0.9251750549616135
2021,2021-02-24,True,False,hou,cle,96,112,17,33,24,22,0,27,21,34,30,0,away,5.5,221.5,-175.0,155.0,3.5,107.5,0.0,0,True,1173.3477612363442,1250.9005391155295,1231.6569687139656,1192.591331637908,-77.55277787918521,0.5322592759789226
2021,2021-02-24,True,False,tor,mia,108,116,35,21,29,23,0,32,34,26,24,0,home,1.5,213.5,100.0,-120.0,2.5,105.0,1.0,1,True,1573.7545762261188,1643.0792001656082,1617.8366870563834,1598.9970893353436,-69.32462393948936,0.5440310628384263
2021,2021-02-24,True,False,gs,ind,111,107,25,31,28,27,0,22,36,22,27,0,home,2.0,230.5,115.0,-135.0,1.0,113.5,0.0,0,False,1531.1160643227674,1529.9688594216368,1485.7341133743862,1575.350810370018,1.1472049011306353,0.6415849933739536
2021,2021-02-24,True,False,bos,atl,112,127,27,22,29,34,0,40,32,27,28,0,away,1.5,221.0,-125.0,105.0,7.0,112.5,0.0,1,True,1407.3653931708484,1441.7146503658223,1456.9717276124395,1392.1083159242312,-34.349257194973916,0.5933703824115752
2021,2021-02-25,True,False,no,mil,125,129,31,37,35,22,0,35,34,34,26,0,home,7.5,241.5,265.0,-320.0,5.0,119.5,0.0,1,True,1543.503421863989,1491.179520260928,1563.2765776189249,1471.406364505992,52.323901603060904,0.7061683877576175
2021,2021-02-25,True,False,sac,ny,121,140,29,33,32,27,0,38,39,24,39,0,home,1.0,226.0,-105.0,-115.0,4.0,111.5,1.0,1,True,1379.0649396949168,1286.3239427590804,1408.975544501207,1256.4133379527902,92.74099693583639,0.7520370713279874
2021,2021-02-25,True,False,orl,bkn,92,129,28,19,25,20,0,24,41,27,37,0,home,8.5,229.0,330.0,-400.0,0.5,116.5,1.0,0,True,1801.4723192519532,1344.697685929252,1805.7545614826615,1340.4154436985436,456.7746333227012,0.9610239669090411
2021,2021-02-25,True,False,wsh,den,112,110,26,30,32,24,0,22,32,34,22,0,home,8.0,237.5,290.0,-350.0,6.5,116.0,0.0,0,False,1560.3815753672795,1458.3159530972644,1526.9625551209092,1491.7349733436347,102.06562227001518,0.7619106420014322
2021,2021-02-25,True,False,lac,mem,94,122,27,26,22,19,0,24,37,28,33,0,away,8.0,225.5,-340.0,280.0,7.0,111.0,0.0,0,True,1419.3446830657922,1689.845717857762,1527.1173543058978,1582.0730466176565,-270.5010347919699,0.2725976523926559
2021,2021-02-25,True,False,dal,phi,97,111,22,21,25,29,0,23,36,27,25,0,home,4.5,228.5,175.0,-195.0,2.5,110.5,1.0,0,True,1660.1856363837278,1510.6334843648146,1680.095467103365,1490.7236536451774,149.55215201891315,0.8079179160243323
2021,2021-02-26,True,False,por,lal,93,102,29,28,19,17,0,24,30,31,17,0,home,4.5,222.0,170.0,-190.0,5.0,108.5,1.0,0,True,1583.4869249115795,1535.057142041464,1612.3325252749523,1506.2115416780912,48.42978287011556,0.7014957171225971
2021,2021-02-26,True,False,atl,okc,109,118,33,22,25,29,0,31,32,33,22,0,away,5.5,227.0,-210.0,180.0,5.0,110.5,0.0,2,True,1402.9408252534822,1456.9717276124395,1446.9341402748175,1412.9784125911042,-54.03090235895729,0.5657715010364239
2021,2021-02-26,True,False,cha,gs,121,130,28,23,33,37,0,36,30,37,27,0,home,6.5,233.5,220.0,-260.0,1.5,113.5,1.0,1,True,1575.350810370018,1477.1615535137307,1597.6914230063842,1454.8209408773646,98.18925685628733,0.7578391657638309
2021,2021-02-26,True,False,utah,mia,116,124,30,23,41,22,0,26,31,39,28,0,away,6.5,220.5,-250.0,210.0,6.0,112.5,0.0,1,True,1617.8366870563834,1891.4242600824905,1688.499630640325,1820.761316498549,-273.58757302610707,0.2690888281929235
2021,2021-02-26,True,False,sac,det,110,107,35,20,20,35,0,25,27,28,27,0,away,1.5,228.0,-115.0,-105.0,0.5,110.5,1.0,0,False,1397.442627037694,1256.4133379527902,1354.6662572456196,1299.1897077448646,141.02928908490367,0.8001890143967251
2021,2021-02-26,True,False,phx,chi,106,97,26,20,28,32,0,26,32,23,16,0,away,6.5,225.5,-250.0,210.0,7.0,115.0,1.0,0,False,1546.2837639351017,1713.759336319115,1505.3431268932734,1754.6999733609432,-167.47557238401328,0.40409756256522544
2021,2021-02-26,True,False,hou,tor,111,122,31,28,21,31,0,30,37,28,27,0,home,6.5,219.0,235.0,-275.0,1.0,107.5,1.0,1,True,1598.9970893353436,1192.591331637908,1602.9939169408792,1188.5945040323725,406.40575769743555,0.948588142249008
2021,2021-02-26,True,False,ind,bos,112,118,31,29,24,28,0,32,29,31,26,0,home,2.5,218.5,120.0,-140.0,1.0,108.0,1.0,1,True,1392.1083159242312,1485.7341133743862,1434.1330162293432,1443.7094130692742,-93.625797450155,0.5091721857867589
2021,2021-02-26,True,False,lac,mem,119,99,32,31,27,29,0,30,17,25,27,0,away,7.5,223.0,-320.0,265.0,1.0,109.5,1.0,0,False,1527.1173543058978,1582.0730466176565,1451.5024363213008,1657.6879646022535,-54.95569231175864,0.5644631952758217
2021,2021-02-27,True,False,cle,phi,112,109,28,28,16,20,20,23,24,23,22,17,home,11.5,220.0,500.0,-700.0,11.0,107.5,0.0,1,False,1680.095467103365,1231.6569687139656,1639.7020113113228,1272.0504245060079,448.43849838939946,0.959186232098776
2021,2021-02-27,True,False,min,wsh,112,128,29,23,29,31,0,27,27,44,30,0,home,4.0,238.0,150.0,-170.0,2.0,115.0,1.0,1,True,1491.7349733436347,1199.1707248706023,1500.849902541924,1190.055795672313,292.5642484730324,0.9054909312377163
2021,2021-02-27,True,False,no,sa,114,117,32,29,22,31,0,33,34,26,24,0,away,2.0,232.5,-135.0,115.0,2.5,113.0,0.0,0,True,1557.0769181133023,1471.406364505992,1571.439164868748,1457.0441177505463,85.67055360731024,0.744369711877831
2021,2021-02-27,True,False,ind,ny,107,110,32,20,26,29,0,23,31,27,29,0,home,0.0,216.5,-110.0,-110.0,0.5,106.0,1.0,1,True,1408.975544501207,1443.7094130692742,1433.8113029283647,1418.8736546421164,-34.73386856806724,0.5928360736411739
2021,2021-02-27,True,False,dal,bkn,115,98,38,30,26,21,0,26,38,18,16,0,away,1.0,233.5,100.0,-120.0,0.5,115.5,1.0,0,False,1805.7545614826615,1490.7236536451774,1717.169064587875,1579.3091505399639,315.03090783748416,0.9159931046345435
2021,2021-02-27,True,False,den,okc,126,96,38,27,34,27,0,20,23,26,27,0,away,6.5,219.5,-280.0,240.0,2.5,106.0,1.0,1,False,1446.9341402748175,1526.9625551209092,1367.0485009934443,1606.8481944022824,-80.02841484609166,0.5287098066553537
2021,2021-02-27,True,False,utah,orl,124,109,22,32,33,37,0,21,29,26,33,0,away,9.5,221.5,-500.0,400.0,5.0,113.0,1.0,1,False,1340.4154436985436,1820.761316498549,1328.1303919878937,1833.0463682091988,-480.3458728000053,0.1007021771591997
2021,2021-02-28,True,False,cha,sac,127,126,36,30,22,39,0,39,28,29,30,0,home,3.5,236.5,150.0,-170.0,2.5,115.5,0.0,1,False,1299.1897077448646,1454.8209408773646,1286.3615158471268,1467.6491327751023,-155.63123313250003,0.4206174735099608
2021,2021-02-28,True,False,gs,lal,91,117,21,23,25,22,0,41,32,26,18,0,home,2.5,221.0,125.0,-145.0,5.5,107.0,1.0,0,True,1612.3325252749523,1597.6914230063842,1661.0348161773327,1548.9891321040038,14.641102268568147,0.659244042124353
2021,2021-02-28,True,False,mem,hou,133,84,25,38,32,38,0,18,19,23,24,0,away,4.0,224.0,-170.0,150.0,4.0,113.5,1.0,0,False,1188.5945040323725,1451.5024363213008,1140.1659519695881,1499.9309883840851,-262.90793228892835,0.28135031644512637
2021,2021-02-28,True,False,phx,min,118,99,30,23,33,32,0,26,22,28,23,0,away,10.5,224.5,-600.0,450.0,4.5,114.5,1.0,0,False,1190.055795672313,1754.6999733609432,1181.5562214279091,1763.199547605347,-564.6441776886302,0.06448244511820174
2021,2021-02-28,True,False,atl,mia,99,109,21,23,33,22,0,26,28,24,31,0,home,2.5,225.0,120.0,-140.0,2.0,109.0,1.0,0,True,1688.499630640325,1412.9784125911042,1697.0397862374002,1404.438256994029,275.5212180492208,0.8967546305268528
2021,2021-02-28,True,False,ny,det,109,90,25,23,35,26,0,20,17,27,26,0,away,1.5,209.5,-115.0,-105.0,3.0,101.5,1.0,0,False,1354.6662572456196,1433.8113029283647,1284.8088521156249,1503.6687080583595,-79.14504568274515,0.5299766979929216
2021,2021-02-28,True,False,lac,mil,100,105,23,25,33,19,0,27,26,24,28,0,home,1.5,232.0,105.0,-125.0,0.5,112.0,1.0,0,True,1563.2765776189249,1657.6879646022535,1602.0612780337979,1618.9032641873805,-94.41138698332861,0.5080419670648373
2021,2021-02-28,True,False,wsh,bos,110,111,28,27,21,34,0,33,27,19,32,0,home,6.5,232.0,210.0,-250.0,2.5,114.5,0.0,0,True,1434.1330162293432,1500.849902541924,1447.925882851165,1487.0570359201022,-66.71688631258075,0.5477522664785222
2021,2021-03-01,True,False,bkn,sa,124,113,27,30,24,27,16,21,33,27,27,5,away,4.0,233.5,-170.0,150.0,1.5,114.0,1.0,1,False,1571.439164868748,1717.169064587875,1523.9254151828052,1764.682814273818,-145.72989971912693,0.4345668065639099
2021,2021-03-01,True,False,den,chi,118,112,37,25,27,29,0,25,30,32,25,0,away,4.5,225.0,-180.0,160.0,0.5,110.0,1.0,1,False,1505.3431268932734,1606.8481944022824,1462.7185525857496,1649.4727687098061,-101.505067509009,0.49783404729210773
2021,2021-03-01,True,False,cle,hou,101,90,34,17,23,27,0,29,21,20,20,0,home,3.0,217.0,130.0,-150.0,2.0,105.5,0.0,0,False,1140.1659519695881,1272.0504245060079,1090.5008949774613,1321.7154814981347,-131.8844725364197,0.45424293720325937
2021,2021-03-01,True,False,cha,por,111,123,33,26,24,28,0,27,32,33,31,0,home,8.0,230.0,290.0,-350.0,5.0,111.5,1.0,1,True,1506.2115416780912,1467.6491327751023,1539.9563081075532,1433.9043663456403,38.562408902988864,0.6894671463546157
2021,2021-03-01,True,False,ind,phi,114,130,32,23,22,37,0,33,39,33,25,0,home,3.5,223.0,140.0,-160.0,3.5,108.5,1.0,1,True,1639.7020113113228,1418.8736546421164,1653.6142541877757,1404.9614117656636,220.8283566692064,0.8637552413115984
2021,2021-03-01,True,False,dal,orl,130,124,29,32,34,35,0,33,25,28,38,0,away,6.5,220.0,-275.0,235.0,3.5,108.5,0.0,1,False,1328.1303919878937,1579.3091505399639,1302.8552457155686,1604.584296812289,-251.17875855207012,0.29520126755683906
2021,2021-03-01,True,False,utah,no,124,129,23,41,24,36,0,26,33,40,30,0,away,7.0,237.0,-280.0,240.0,3.0,121.0,0.0,1,True,1457.0441177505463,1833.0463682091988,1522.5143930351135,1767.5760929246317,-376.0022504586525,0.16955326455562725
2021,2021-03-02,True,False,atl,mia,94,80,23,21,19,31,0,17,20,29,14,0,home,2.0,224.0,110.0,-130.0,3.0,107.5,0.0,0,False,1697.0397862374002,1404.438256994029,1613.5683983400495,1487.9096448913797,292.60152924337126,0.9055092949454208
2021,2021-03-02,True,False,lac,bos,112,117,32,31,26,23,0,35,27,26,29,0,away,5.0,221.5,-210.0,180.0,0.5,109.0,0.0,1,True,1447.925882851165,1618.9032641873805,1495.287225728182,1571.5419213103635,-170.97738133621556,0.3992529830136257
2021,2021-03-02,True,False,mem,wsh,125,111,35,36,25,29,0,33,23,22,33,0,home,1.0,238.5,100.0,-120.0,5.0,121.5,0.0,0,False,1487.0570359201022,1499.9309883840851,1412.8453326224815,1574.1426916817059,-12.87395246398296,0.622820662524643
2021,2021-03-02,True,False,ny,sa,93,119,23,24,21,25,0,25,26,36,32,0,away,2.0,211.5,-130.0,110.0,1.5,103.5,0.0,1,True,1523.9254151828052,1503.6687080583595,1571.3328493432575,1456.2612738979071,20.25670712444571,0.6664679864863463
2021,2021-03-02,True,False,phx,lal,114,104,29,31,26,28,0,21,32,30,21,0,away,1.5,215.5,-120.0,100.0,1.0,110.0,1.0,1,False,1661.0348161773327,1763.199547605347,1608.609802989878,1815.6245607928017,-102.16473142801442,0.4968847413639049
2021,2021-03-02,True,False,den,mil,128,97,37,27,35,29,0,23,27,30,17,0,home,8.0,234.0,270.0,-330.0,9.0,114.0,0.0,0,False,1602.0612780337979,1649.4727687098061,1514.3616546013745,1737.1723921422295,-47.41149067600827,0.575108235517212
2021,2021-03-03,True,False,okc,dal,78,87,23,19,19,17,0,25,24,26,12,0,home,5.0,220.0,175.0,-200.0,0.5,107.5,1.0,0,True,1604.584296812289,1367.0485009934443,1614.8436892001828,1356.7891086055506,237.5357958188447,0.8746826954507412
2021,2021-03-03,True,False,gs,por,106,108,29,27,24,26,0,28,27,27,26,0,away,1.0,233.0,-115.0,-105.0,1.0,113.5,0.0,0,True,1539.9563081075532,1548.9891321040038,1557.9383619053792,1531.0070783061778,-9.032823996450588,0.6280006649523776
2021,2021-03-03,True,False,det,tor,129,105,43,26,29,31,0,37,23,20,25,0,home,7.5,210.5,270.0,-330.0,7.0,104.5,0.0,1,False,1602.9939169408792,1284.8088521156249,1504.4273424317728,1383.3754266247313,318.18506482525436,0.9173797530427744
2021,2021-03-03,True,False,cha,min,135,102,36,26,36,37,0,33,23,20,26,0,away,3.0,235.0,-135.0,115.0,0.5,116.0,1.0,1,False,1181.5562214279091,1433.9043663456403,1135.9698415472885,1479.4907462262609,-252.34814491773113,0.29380265601421945
2021,2021-03-03,True,False,lal,sac,120,123,31,30,27,32,0,23,40,24,36,0,home,4.5,223.0,165.0,-185.0,2.5,111.0,0.0,1,True,1286.3615158471268,1608.609802989878,1334.081962237721,1560.889356599284,-322.2482871427512,0.21765850731002398
2021,2021-03-03,True,False,bkn,hou,132,114,30,37,34,31,0,27,27,31,29,0,away,10.5,226.5,-600.0,450.0,2.0,111.5,1.0,1,False,1090.5008949774613,1764.682814273818,1085.915765372025,1769.2679438792543,-674.1819192963567,0.03539128906048616
2021,2021-03-03,True,False,utah,phi,123,131,34,27,28,29,5,26,26,32,34,13,away,3.5,230.0,-155.0,135.0,0.5,118.0,0.0,1,True,1653.6142541877757,1767.5760929246317,1703.894669700601,1717.2956774118063,-113.96183873685595,0.4799181076037485
2021,2021-03-03,True,False,ind,cle,114,111,28,23,31,32,0,28,33,29,21,0,away,7.0,219.0,-270.0,230.0,6.0,106.5,0.0,1,False,1321.7154814981347,1404.9614117656636,1289.7474442462828,1436.9294490175155,-83.24593026752882,0.5240923728431881
2021,2021-03-03,True,False,atl,orl,115,112,27,15,36,37,0,39,22,29,22,0,away,3.0,220.0,-150.0,130.0,5.0,108.0,2.0,1,False,1302.8552457155686,1487.9096448913797,1279.6773273738731,1511.0875632330751,-185.0543991758111,0.3799848619283347
2021,2021-03-03,True,False,chi,no,128,124,26,38,32,32,0,25,20,34,45,0,home,6.0,236.5,195.0,-230.0,8.5,118.5,0.0,1,False,1522.5143930351135,1462.7185525857496,1474.7373976237466,1510.4955479971165,59.79584044936382,0.7150133344260762
2021,2021-03-04,True,False,okc,sa,107,102,27,23,31,26,0,24,37,23,18,0,home,7.0,219.5,230.0,-270.0,0.5,106.5,0.0,0,False,1571.3328493432575,1356.7891086055506,1515.5455207151458,1412.5764372336623,214.5437407377069,0.8594415403280302
2021,2021-03-04,True,False,gs,phx,98,120,23,28,22,25,0,34,28,25,33,0,home,12.5,220.0,550.0,-800.0,5.0,108.0,1.0,0,True,1815.6245607928017,1531.0070783061778,1826.2026756055743,1520.4289634934053,284.6174824866239,0.9015029045123857
2021,2021-03-04,True,False,sac,por,119,123,27,29,34,29,0,30,29,30,34,0,home,4.5,237.5,160.0,-180.0,2.0,115.0,0.0,1,True,1557.9383619053792,1334.081962237721,1565.7038685085358,1326.3164556345644,223.85639966765825,0.8657935611682934
2021,2021-03-04,True,False,lac,wsh,117,119,22,39,26,30,0,25,29,33,32,0,away,6.5,235.0,-275.0,235.0,1.5,115.0,0.0,1,True,1412.8453326224815,1571.5419213103635,1441.0596414731779,1543.327612459667,-158.696588687882,0.41632339390753165
2021,2021-03-04,True,False,det,ny,104,114,27,19,28,30,0,33,26,34,21,0,home,7.5,206.0,245.0,-290.0,0.5,101.0,1.0,1,True,1456.2612738979071,1383.3754266247313,1482.8016204688897,1356.8350800537487,72.88584727317584,0.7301159503886887
2021,2021-03-04,True,False,den,ind,113,103,28,33,21,31,0,29,23,22,29,0,away,3.5,227.5,-170.0,150.0,1.0,111.0,1.0,0,False,1436.9294490175155,1737.1723921422295,1411.6078968180852,1762.4939443416597,-300.242943124714,0.23999789700686894
2021,2021-03-04,True,False,tor,bos,125,132,34,36,22,33,0,31,35,35,31,0,home,8.0,220.5,305.0,-365.0,7.0,108.5,0.0,1,True,1495.287225728182,1504.4273424317728,1529.3366667157363,1470.3779014442184,-9.14011670359082,0.6278563662288923
2021,2021-03-04,True,False,mil,mem,112,111,31,30,23,28,0,17,34,33,27,0,away,6.0,235.5,-240.0,200.0,0.5,119.5,0.0,0,False,1574.1426916817059,1514.3616546013745,1553.5664720423883,1534.937874240692,59.781037080331316,0.7149959699013346
2021,2021-03-04,True,False,mia,no,103,93,31,24,22,26,0,15,30,25,23,0,away,1.5,225.0,-130.0,110.0,2.0,108.5,1.0,0,False,1474.7373976237466,1613.5683983400495,1427.855270019983,1660.450525943813,-138.83100071630292,0.44434922249214087
2021,2021-03-10,True,False,wsh,mem,112,127,26,36,23,27,0,35,32,27,33,0,home,3.0,237.5,140.0,-160.0,0.5,117.0,1.0,1,True,1553.5664720423883,1441.0596414731779,1578.497859733356,1416.12825378221,112.50683056921048,0.7726415973037528
2021,2021-03-10,True,False,sa,dal,104,115,32,27,27,18,0,27,25,35,28,0,home,4.5,226.5,160.0,-180.0,5.0,114.5,1.0,0,True,1614.8436892001828,1515.5455207151458,1638.8126160912923,1491.5765938240363,99.29816848503697,0.7590087133546074
2021,2021-03-11,True,False,ny,mil,101,134,27,24,27,23,0,32,36,29,37,0,home,11.0,222.5,475.0,-650.0,1.5,109.5,1.0,1,True,1534.937874240692,1482.8016204688897,1578.3026540102032,1439.4368406993785,52.13625377180233,0.7059442047335828
2021,2021-03-11,True,False,dal,okc,108,116,19,28,27,34,0,35,27,27,27,0,away,2.0,215.5,-135.0,115.0,5.0,104.5,0.0,1,True,1412.5764372336623,1638.8126160912923,1477.7445752964452,1573.6444780285094,-226.23617885762997,0.3259250501025183
2021,2021-03-11,True,False,phx,por,127,121,30,30,30,37,0,33,27,34,27,0,away,4.5,227.0,-180.0,160.0,3.0,116.0,1.0,1,False,1565.7038685085358,1826.2026756055743,1541.373835440469,1850.532708673641,-260.4988070970385,0.28416281053365366
2021,2021-03-11,True,False,hou,sac,105,125,33,18,30,24,0,35,30,30,30,0,home,6.5,231.0,180.0,-210.0,0.5,113.5,1.0,0,True,1326.3164556345644,1085.915765372025,1339.6562695208615,1072.5759514857277,240.40069026253946,0.876479251664972
2021,2021-03-11,True,False,min,no,135,105,27,40,38,30,0,34,26,22,23,0,home,8.0,237.5,300.0,-360.0,8.5,117.5,0.0,1,False,1427.855270019983,1135.9698415472885,1321.9906644513999,1241.8344471158716,291.88542847269446,0.9051559996974872
2021,2021-03-11,True,False,atl,tor,121,120,37,27,20,37,0,26,33,35,26,0,away,3.0,226.5,-145.0,125.0,0.5,113.5,0.0,1,False,1470.3779014442184,1511.0875632330751,1452.5513314879765,1528.914133189317,-40.70966178885669,0.584506910725692
2021,2021-03-11,True,False,orl,mia,103,111,32,26,24,21,0,30,33,19,29,0,home,9.0,210.5,350.0,-420.0,3.5,109.0,0.0,1,True,1660.450525943813,1279.6773273738731,1664.5887489366437,1275.5391043810425,380.77319856993995,0.9408970561280688
2021,2021-03-11,True,False,bos,bkn,109,121,29,26,31,23,0,23,35,30,33,0,home,2.5,232.0,120.0,-140.0,1.5,118.0,1.0,0,True,1769.2679438792543,1529.3366667157363,1780.5373797245202,1518.0672308704704,239.93127716351796,0.8761864090833543
2021,2021-03-11,True,False,det,cha,102,105,22,17,33,30,0,30,18,25,32,0,home,4.5,225.5,170.0,-190.0,0.5,109.0,0.0,0,True,1479.4907462262609,1356.8350800537487,1491.295045999472,1345.0307802805376,122.65566617251216,0.7827405531730429
2021,2021-03-11,True,False,phi,chi,127,105,30,34,33,30,0,23,34,28,20,0,home,3.5,229.0,140.0,-160.0,4.0,111.5,0.0,1,False,1510.4955479971165,1703.894669700601,1459.62425747306,1754.7659602246576,-193.39912170348452,0.36873475570611114
2021,2021-03-11,True,False,gs,lac,104,130,26,17,25,36,0,28,31,45,26,0,home,7.0,229.5,240.0,-280.0,0.5,110.5,1.0,1,True,1543.327612459667,1520.4289634934053,1590.1345507893298,1473.6220251637426,22.898648966261817,0.6698400000431707
2021,2021-03-12,True,False,mia,chi,101,90,29,13,28,31,0,21,21,26,22,0,away,2.0,222.5,-130.0,110.0,2.0,106.5,1.0,0,False,1459.62425747306,1664.5887489366437,1420.9873734124396,1703.225632997264,-204.96449146358373,0.35337786288778744
2021,2021-03-12,True,False,hou,utah,99,114,27,21,31,20,0,36,29,27,22,0,home,19.0,229.5,1500.0,-5000.0,6.0,112.5,0.0,0,True,1717.2956774118063,1072.5759514857277,1718.3014908394252,1071.5701380581088,644.7197259260786,0.9864396405577031
2021,2021-03-12,True,False,orl,sa,77,104,29,10,25,13,0,16,31,27,30,0,home,7.5,214.5,265.0,-320.0,2.0,108.5,1.0,0,True,1491.5765938240363,1275.5391043810425,1508.3987995468713,1258.7168986582076,216.03748944299377,0.8604770727086907
2021,2021-03-12,True,False,cle,no,82,116,29,19,9,25,0,34,35,24,23,0,home,6.5,225.5,240.0,-280.0,2.5,111.0,1.0,0,True,1321.9906644513999,1289.7474442462828,1370.2399290275612,1241.4981796701215,32.24322020511704,0.6816257484291465
2021,2021-03-12,True,False,phi,wsh,127,101,32,31,31,33,0,15,38,23,25,0,away,3.0,239.5,-155.0,135.0,1.0,116.5,1.0,0,False,1416.12825378221,1754.7659602246576,1386.8317737722841,1784.0624402345836,-338.63770644244755,0.2020212523266943
2021,2021-03-12,True,False,den,mem,103,102,26,27,28,22,0,31,24,22,25,0,away,2.5,228.5,-150.0,130.0,3.0,110.5,0.0,0,False,1578.497859733356,1762.4939443416597,1566.8650945720826,1774.1267095029332,-183.9960846083036,0.3814211956817098
2021,2021-03-12,True,False,ind,lal,100,105,28,26,25,21,0,20,26,25,34,0,home,5.0,220.5,170.0,-190.0,5.0,106.5,2.0,0,True,1560.889356599284,1411.6078968180852,1574.0822333108677,1398.4150201065015,149.2814597811987,0.8076759836781766
2021,2021-03-13,True,False,ind,phx,122,111,29,33,35,25,0,33,24,20,34,0,home,7.0,225.5,250.0,-300.0,7.5,111.0,0.0,1,False,1850.532708673641,1398.4150201065015,1778.2498215213689,1470.6979072587737,452.11768856713957,0.9600073363600253
2021,2021-03-13,True,False,ny,okc,119,97,22,34,32,31,0,31,23,24,19,0,away,4.5,208.5,-175.0,155.0,2.0,103.0,1.0,1,False,1477.7445752964452,1439.4368406993785,1386.1755996255272,1531.0058163702965,38.307734597066656,0.6891531804201227
2021,2021-03-13,True,False,det,bkn,95,100,22,24,20,29,0,26,25,27,22,0,home,11.0,225.5,500.0,-700.0,5.0,109.0,0.0,0,True,1780.5373797245202,1345.0307802805376,1782.9444896933674,1342.6236703116904,435.5065994439826,0.9561702755763585
2021,2021-03-13,True,False,mil,wsh,125,119,36,28,30,31,0,33,32,30,24,0,away,13.0,236.0,-1000.0,650.0,9.0,121.0,0.0,1,False,1386.8317737722841,1578.3026540102032,1355.0391492946483,1610.095278487839,-191.47088023791912,0.37132220496911367
2021,2021-03-13,True,False,tor,cha,104,114,24,28,21,31,0,44,23,31,16,0,home,2.5,234.0,120.0,-140.0,3.5,115.0,1.0,0,True,1491.295045999472,1452.5513314879765,1522.8138313168406,1421.032546170608,38.743714511495455,0.6896905561225211
2021,2021-03-13,True,False,sac,atl,106,121,33,18,30,25,0,22,39,37,23,0,home,4.0,239.0,170.0,-190.0,1.5,116.0,1.0,0,True,1528.914133189317,1339.6562695208615,1545.2323614587501,1323.3380412514284,189.25786366845546,0.840921712565343
2021,2021-03-13,True,False,por,min,125,121,33,33,27,32,0,24,33,37,27,0,away,5.0,234.5,-210.0,180.0,0.5,115.0,0.0,1,False,1241.8344471158716,1541.373835440469,1224.7865644400235,1558.4217181163172,-299.53938832459744,0.24073738788131685
2021,2021-03-13,True,False,dal,den,116,103,28,34,31,23,0,29,22,22,30,0,home,1.0,225.0,110.0,-130.0,3.5,109.5,0.0,0,False,1774.1267095029332,1573.6444780285094,1691.9694932496402,1655.8016942818024,200.48223147442377,0.8493759322236559
2021,2021-03-14,True,False,bos,hou,134,107,38,28,38,30,0,34,19,19,35,0,away,11.0,221.5,-700.0,500.0,1.5,113.0,1.0,1,False,1071.5701380581088,1518.0672308704704,1054.0096285109612,1535.627740417618,-446.49709281236164,0.11977130709991023
2021,2021-03-14,True,False,lac,no,115,135,24,33,26,32,0,36,31,43,25,0,away,6.0,233.0,-250.0,210.0,6.5,114.0,0.0,1,True,1370.2399290275612,1590.1345507893298,1459.457217791756,1500.917262025135,-219.89462176176858,0.33399549676240575
2021,2021-03-14,True,False,por,min,112,114,20,29,23,40,0,24,23,29,38,0,away,5.0,234.5,-185.0,165.0,2.5,114.5,0.0,0,True,1224.7865644400235,1558.4217181163172,1263.1336801309747,1520.074602425366,-333.6351536762936,0.20670343341133823
2021,2021-03-14,True,False,tor,chi,95,118,22,27,24,22,0,28,30,27,33,0,home,3.5,229.0,150.0,-170.0,1.0,111.0,1.0,0,True,1420.9873734124396,1421.032546170608,1471.3270342971634,1370.6928852858841,-0.04517275816829169,0.640005090222061
2021,2021-03-14,True,False,utah,gs,119,131,22,32,32,33,0,33,34,28,36,0,away,7.5,234.0,-310.0,260.0,8.0,120.5,0.0,1,True,1473.6220251637426,1718.3014908394252,1552.2788710330685,1639.6446449700993,-244.67946567568265,0.30304448984972465
2021,2021-03-14,True,False,sa,phi,99,134,22,30,21,26,0,33,27,46,28,0,home,5.0,223.5,180.0,-210.0,0.5,113.0,1.0,1,True,1784.0624402345836,1508.3987995468713,1796.8144159511228,1495.646823830332,275.66364068771236,0.8968305123342729
2021,2021-03-14,True,False,mem,okc,122,128,31,31,38,22,0,28,27,35,38,0,away,9.5,223.5,-410.0,340.0,4.5,114.0,0.0,1,True,1386.1755996255272,1566.8650945720826,1438.752974222205,1514.2877199754048,-180.68949494655544,0.3859221442866791
2021,2021-03-14,True,False,cle,atl,82,100,22,24,20,16,0,26,23,20,31,0,home,5.5,222.5,190.0,-220.0,3.0,107.5,1.0,0,True,1545.2323614587501,1241.4981796701215,1554.0912344843457,1232.639306644526,303.7341817886286,0.9108518583883175
2021,2021-03-14,True,False,mia,orl,102,97,22,26,25,29,0,19,26,32,20,0,away,8.0,209.0,-300.0,250.0,4.0,102.5,0.0,0,False,1258.7168986582076,1703.225632997264,1249.1788904565803,1712.7636411988913,-444.50873433905645,0.12098326666957109
2021,2021-03-15,True,False,mem,phx,99,122,25,27,25,22,0,24,36,36,26,0,home,7.5,228.0,260.0,-310.0,2.0,116.5,1.0,0,True,1778.2498215213689,1514.2877199754048,1790.3718161926313,1502.1657253041424,263.96210154596406,0.8904293556719641
2021,2021-03-15,True,False,lac,dal,109,99,31,24,30,24,0,23,27,28,21,0,away,1.5,229.0,-125.0,105.0,0.5,111.5,1.0,0,False,1655.8016942818024,1500.917262025135,1581.5612369872651,1575.1577193196722,154.88443225666742,0.8126364110159684
2021,2021-03-15,True,False,ind,den,106,121,32,24,35,15,0,32,33,22,34,0,home,4.0,223.5,165.0,-185.0,0.5,109.5,1.0,1,True,1691.9694932496402,1470.6979072587737,1705.549138025459,1457.118262482955,221.27158599086647,0.8640552208029861
2021,2021-03-15,True,False,lal,gs,128,97,29,36,28,35,0,26,24,23,24,0,away,1.5,225.0,-135.0,115.0,4.5,109.5,1.0,2,False,1552.2788710330685,1574.0822333108677,1459.1561091769793,1667.204995166957,-21.803362277799124,0.6106715760166541
2021,2021-03-15,True,False,ny,bkn,112,117,30,25,29,28,0,35,32,29,21,0,home,8.5,223.5,290.0,-350.0,1.0,109.5,0.0,1,True,1782.9444896933674,1531.0058163702965,1790.281265448625,1523.669040615039,251.93867332307082,0.8834919547561302
2021,2021-03-15,True,False,sac,cha,116,122,37,30,29,20,0,32,29,30,31,0,home,3.0,240.0,140.0,-160.0,3.0,117.5,1.0,0,True,1522.8138313168406,1323.3380412514284,1533.6185765005137,1312.5332960677554,199.47579006541218,0.8486332256687491
2021,2021-03-15,True,False,mil,wsh,133,122,32,37,36,28,0,23,32,34,33,0,away,8.5,244.5,-350.0,290.0,1.5,124.0,1.0,1,False,1355.0391492946483,1610.095278487839,1323.2684613095398,1641.8659664729475,-255.05612919319083,0.2905787590178678
2021,2021-03-15,True,False,sa,det,109,99,24,36,35,14,0,24,26,25,24,0,away,1.5,210.5,-120.0,100.0,2.0,107.5,1.0,0,False,1342.6236703116904,1495.646823830332,1297.8589422421628,1540.4115518998597,-153.02315351864172,0.42428049087025355
2021,2021-03-16,True,False,atl,hou,119,107,35,38,20,26,0,22,36,34,15,0,away,8.5,225.5,-380.0,320.0,0.5,110.5,1.0,1,False,1054.0096285109612,1554.0912344843457,1043.754211748578,1564.346651246729,-500.0816059733845,0.09087027508457346
2021,2021-03-16,True,False,utah,bos,117,109,20,34,23,40,0,22,31,26,30,0,away,3.5,229.5,-160.0,140.0,2.5,117.0,1.0,0,False,1535.627740417618,1639.6446449700993,1487.8476493787532,1687.4247360089641,-104.01690455248126,0.4942194672201847
2021,2021-03-16,True,False,ny,phi,96,99,21,35,26,14,0,20,28,25,26,0,home,7.0,220.0,250.0,-300.0,6.5,107.0,0.0,0,True,1796.8144159511228,1523.669040615039,1801.821943127215,1518.6615134389467,273.1453753360838,0.8954814975396733
2021,2021-03-16,True,False,okc,chi,102,123,28,35,16,23,0,42,29,31,21,0,home,7.0,227.5,240.0,-280.0,1.5,113.0,1.0,0,True,1471.3270342971634,1438.752974222205,1513.2073965348777,1396.8726119844907,32.574060074958425,0.6820388978377383
2021,2021-03-16,True,False,no,por,124,125,34,30,31,29,0,28,22,32,43,0,home,1.5,240.0,110.0,-130.0,4.5,117.0,0.0,1,True,1520.074602425366,1459.457217791756,1528.2418253453284,1451.2899948717936,60.61738463361007,0.7159760170044439
2021,2021-03-16,True,False,min,lal,121,137,30,40,24,27,0,31,40,31,35,0,home,7.5,223.5,290.0,-350.0,5.0,111.0,1.0,1,True,1667.204995166957,1263.1336801309747,1671.8281690380068,1258.5105062599248,404.07131503598225,0.9479288176895176
2021,2021-03-16,True,False,cle,mia,98,113,26,22,28,22,0,37,25,33,18,0,home,11.0,206.5,450.0,-600.0,2.5,100.0,1.0,1,True,1712.7636411988913,1232.639306644526,1715.5859040827415,1229.8170437606757,480.1243345543653,0.9657581252545278
2021,2021-03-17,True,False,bos,cle,110,117,18,20,36,36,0,26,29,27,35,0,away,7.5,212.5,-340.0,280.0,9.0,109.0,0.0,1,True,1229.8170437606757,1487.8476493787532,1295.047630789111,1422.6170623503178,-258.0306056180775,0.28706178469545696
2021,2021-03-17,True,False,lac,dal,89,105,29,22,20,18,0,24,32,21,28,0,away,2.5,225.5,-140.0,120.0,2.5,110.5,0.0,0,True,1581.5612369872651,1575.1577193196722,1625.0993378759383,1531.619618430999,6.403517667592951,0.6485126718648209
2021,2021-03-17,True,False,cha,den,104,129,25,20,22,37,0,26,31,38,34,0,home,6.5,228.5,220.0,-260.0,0.0,110.0,1.0,1,True,1705.549138025459,1533.6185765005137,1726.6965545372639,1512.4711599887087,171.93056152494523,0.8271208677000078
2021,2021-03-17,True,False,mia,mem,85,89,21,26,16,22,0,25,21,26,17,0,away,1.0,219.5,-120.0,100.0,0.5,106.5,0.0,0,True,1502.1657253041424,1715.5859040827415,1548.7383392403683,1669.0132901465156,-213.42017877859917,0.34233654471965885
2021,2021-03-17,True,False,sa,chi,106,99,17,23,27,39,0,31,27,22,19,0,home,1.5,223.0,105.0,-125.0,4.0,113.0,0.0,0,False,1513.2073965348777,1540.4115518998597,1458.012314974144,1595.6066334605935,-27.204155364981943,0.603255079160095
2021,2021-03-17,True,False,mil,phi,109,105,18,13,34,28,16,25,20,29,19,12,away,6.0,235.0,-240.0,200.0,8.0,117.5,0.0,0,False,1801.821943127215,1641.8659664729475,1751.941623981254,1691.7462856189086,159.9559766542675,0.8170409549335126
2021,2021-03-17,True,False,sac,wsh,121,119,34,32,36,19,0,38,28,27,26,0,home,1.0,248.0,-105.0,-115.0,0.0,121.0,0.0,0,False,1323.2684613095398,1312.5332960677554,1291.982189122776,1343.8195682545193,10.735165241784443,0.6541751852575122
2021,2021-03-17,True,False,tor,det,112,116,31,27,23,31,0,37,26,25,28,0,away,6.5,218.0,-250.0,210.0,6.5,105.5,0.0,1,True,1297.8589422421628,1370.6928852858841,1330.5036746542346,1338.0481528738123,-72.83394304372132,0.5390156209779399
2021,2021-03-17,True,False,gs,hou,108,94,31,37,18,22,0,27,17,27,23,0,away,11.0,230.5,-700.0,500.0,0.0,113.0,1.0,0,False,1043.754211748578,1459.1561091769793,1027.0770593089599,1475.8332616165974,-415.4018974284013,0.13996276422617046
2021,2021-03-17,True,False,bkn,ind,124,115,25,33,31,35,0,40,21,30,24,0,home,2.0,230.0,100.0,-120.0,0.0,113.0,0.0,1,False,1457.118262482955,1790.281265448625,1436.131174590557,1811.268353341023,-333.1630029656699,0.20714946506561252
2021,2021-03-18,True,False,utah,wsh,122,131,20,26,36,40,0,31,33,36,31,0,away,10.5,240.5,-700.0,500.0,11.5,122.0,0.0,1,True,1291.982189122776,1687.4247360089641,1377.6557921916458,1601.7511329400943,-395.4425468861882,0.15437333960046148
2021,2021-03-18,True,False,orl,ny,93,94,26,18,22,27,0,24,21,27,22,0,home,5.0,206.5,180.0,-210.0,3.5,105.0,0.0,0,True,1518.6615134389467,1249.1788904565803,1521.2203072259467,1246.6200966695803,269.48262298236637,0.89349158776693
2021,2021-03-18,True,False,okc,atl,93,116,21,20,26,26,0,31,30,30,25,0,home,8.0,224.0,265.0,-320.0,1.0,108.5,1.0,0,True,1564.346651246729,1396.8726119844907,1585.4963372845048,1375.722925946715,167.4740392622382,0.8234217406901984
2021,2021-03-18,True,False,min,phx,123,119,25,28,30,40,0,25,33,33,28,0,home,11.0,232.0,475.0,-650.0,5.0,112.5,0.0,1,False,1790.3718161926313,1258.5105062599248,1745.3292522109966,1303.5530702415595,531.8613099327065,0.9743514762989688
2021,2021-03-18,True,False,no,por,93,101,23,25,22,23,0,31,26,20,24,0,home,1.5,239.0,105.0,-125.0,2.0,117.0,1.0,0,True,1528.2418253453284,1451.2899948717936,1552.0575121315737,1427.4743080855483,76.95183047353476,0.7347030457610932
2021,2021-03-18,True,False,cha,lal,105,116,24,21,34,26,0,31,29,23,33,0,home,7.0,225.0,250.0,-300.0,1.0,110.0,1.0,0,True,1671.8281690380068,1512.4711599887087,1689.1312131179725,1495.168115908743,159.35700904929809,0.8165249767786804
2021,2021-03-19,True,False,chi,den,127,131,30,25,34,27,11,20,27,34,35,15,home,7.0,225.0,245.0,-290.0,6.5,114.5,0.0,1,True,1726.6965545372639,1458.012314974144,1732.666085441163,1452.0427840702448,268.68423956311995,0.8930534336235242
2021,2021-03-19,True,False,bkn,orl,113,121,29,33,22,29,0,35,29,39,18,0,away,10.5,224.5,-650.0,475.0,8.0,111.0,0.0,1,True,1246.6200966695803,1811.268353341023,1337.0640888285843,1720.824361182019,-564.6482566714426,0.06448102868346098
2021,2021-03-19,True,False,min,phx,101,113,29,25,24,23,0,34,30,19,30,0,home,10.5,233.0,525.0,-750.0,2.5,113.5,1.0,0,True,1745.3292522109966,1303.5530702415595,1748.6436426624143,1300.2386797901418,441.7761819694372,0.9576581290112232
2021,2021-03-19,True,False,dal,por,119,125,33,27,38,21,0,37,27,29,32,0,away,2.5,227.5,-165.0,145.0,2.0,112.0,0.0,1,True,1552.0575121315737,1625.0993378759383,1591.5524760613023,1585.6043739462098,-73.04182574436459,0.5387182614672603
2021,2021-03-19,True,False,ind,mia,137,110,32,36,31,38,0,30,28,24,28,0,home,4.0,216.5,160.0,-180.0,5.0,107.5,0.0,1,False,1669.0132901465156,1436.131174590557,1565.3468599347575,1539.7976048023152,232.88211555595853,0.8717167118735517
2021,2021-03-19,True,False,det,hou,113,100,27,28,29,29,0,28,23,26,23,0,home,2.0,216.0,110.0,-130.0,2.0,104.0,0.0,0,False,1027.0770593089599,1330.5036746542346,999.5951638704738,1357.9855700927208,-303.42661534527474,0.2366710740550386
2021,2021-03-19,True,False,gs,mem,116,103,34,33,24,25,0,26,22,24,31,0,home,6.5,220.5,230.0,-270.0,8.5,109.0,0.0,0,False,1548.7383392403683,1475.8332616165974,1469.7168861855018,1554.8547146714639,72.90507762377092,0.7301377626599772
2021,2021-03-19,True,False,sac,bos,107,96,28,27,27,25,0,22,23,36,15,0,home,7.0,232.5,240.0,-280.0,6.5,112.5,0.0,0,False,1422.6170623503178,1343.8195682545193,1347.945709672808,1418.490920932029,78.79749409579858,0.7367687430039209
2021,2021-03-19,True,False,sa,cle,116,110,25,29,27,35,0,22,20,24,44,0,away,5.0,213.5,-200.0,175.0,0.5,108.5,1.0,1,False,1295.047630789111,1595.6066334605935,1274.527399572009,1616.1268646776955,-300.5590026714824,0.2396662001707438
2021,2021-03-19,True,False,utah,tor,115,112,23,32,24,36,0,27,27,23,35,0,away,4.5,232.0,-185.0,165.0,3.0,119.0,0.0,0,False,1338.0481528738123,1601.7511329400943,1320.9430291422002,1618.8562566717064,-263.70298006628195,0.2804258770612375
2021,2021-03-20,True,False,atl,lal,99,94,28,24,22,25,0,25,28,12,29,0,home,3.0,219.0,155.0,-175.0,3.0,106.5,0.0,0,False,1689.1312131179725,1585.4963372845048,1634.587857201655,1640.0396932008223,103.63487583346773,0.76354543813269
2021,2021-03-20,True,False,sac,phi,105,129,21,31,28,25,0,42,31,33,23,0,home,3.5,228.5,190.0,-220.0,4.0,112.0,1.0,1,True,1751.941623981254,1418.490920932029,1760.0350317623825,1410.3975131509005,333.450703049225,0.9238006112368885
2021,2021-03-20,True,False,gs,mem,103,111,24,27,28,24,0,28,21,33,29,0,home,6.5,220.0,225.0,-265.0,5.0,108.0,1.0,0,True,1469.7168861855018,1554.8547146714639,1515.9893035478894,1508.5822973090762,-85.13782848596202,0.5213753477943875
2021,2021-03-20,True,False,sa,mil,113,120,33,17,34,29,0,26,31,31,32,0,home,11.5,229.5,550.0,-800.0,4.0,116.5,0.0,1,True,1691.7462856189086,1616.1268646776955,1714.4406404933543,1593.4325098032498,75.6194209412131,0.7332053696388331
2021,2021-03-20,True,False,cha,lac,98,125,21,23,32,22,0,37,29,32,27,0,home,9.5,231.5,400.0,-500.0,1.0,113.5,1.0,0,True,1531.619618430999,1495.168115908743,1575.9166393035384,1450.8710950362035,36.45150252225608,0.6868595433906819
2021,2021-03-21,True,False,chi,det,100,86,20,26,29,25,0,25,20,20,21,0,away,3.5,217.0,-150.0,130.0,2.5,109.0,1.0,0,False,1357.9855700927208,1452.0427840702448,1297.38951575788,1512.6388384050856,-94.05721397752404,0.5085515226062025
2021,2021-03-21,True,False,lal,phx,94,111,26,18,32,18,0,31,28,29,23,0,home,10.0,217.0,425.0,-550.0,1.5,104.5,1.0,0,True,1748.6436426624143,1634.587857201655,1774.4196387647578,1608.8118610993115,114.05578546075935,0.7742041195174265
2021,2021-03-21,True,False,dal,por,132,92,27,38,38,29,0,30,24,15,23,0,away,2.0,227.0,-130.0,110.0,2.5,112.0,1.0,0,False,1591.5524760613023,1585.6043739462098,1486.3110070433092,1690.8458429642028,5.948102115092524,0.647914865457344
2021,2021-03-21,True,False,tor,cle,105,116,28,29,18,30,0,23,36,32,25,0,away,7.0,216.5,-300.0,250.0,6.0,106.5,0.0,1,True,1274.527399572009,1320.9430291422002,1320.8302263153407,1274.6402023988685,-46.415629570191186,0.5765084489072714
2021,2021-03-21,True,False,phi,ny,101,100,23,20,21,24,13,15,27,22,24,12,away,1.0,211.5,-125.0,105.0,1.0,102.0,2.0,0,False,1521.2203072259467,1760.0350317623825,1511.759010013665,1769.4963289746643,-238.81472453643573,0.31022196746671304
2021,2021-03-21,True,False,ind,mia,109,106,32,25,22,19,11,26,23,21,28,8,home,3.5,218.5,140.0,-160.0,4.0,107.0,0.0,0,False,1565.3468599347575,1539.7976048023152,1525.3063741947306,1579.8380905423421,25.54925513244234,0.6732056119847816
2021,2021-03-21,True,False,okc,hou,114,112,31,35,24,24,0,22,40,23,27,0,home,5.0,218.5,175.0,-200.0,5.5,108.0,0.0,1,False,999.5951638704738,1375.722925946715,991.4040551122692,1383.9140347049195,-376.1277620762411,0.16945155684737276
2021,2021-03-21,True,False,wsh,bkn,106,113,30,26,27,23,0,25,38,25,25,0,home,9.0,249.0,320.0,-380.0,3.0,119.5,0.0,0,True,1720.824361182019,1377.6557921916458,1725.7530323972903,1372.7271209763744,343.16856899037316,0.9276462614584737
2021,2021-03-21,True,False,no,den,113,108,22,36,25,30,0,30,21,29,28,0,home,6.5,230.0,220.0,-260.0,5.5,112.0,0.0,0,False,1732.666085441163,1427.4743080855483,1677.6069457979102,1482.533447728801,305.1917773556147,0.9115308363451174
2021,2021-03-21,True,False,orl,bos,96,112,31,17,25,23,0,27,29,33,23,0,home,9.0,215.5,310.0,-370.0,3.0,109.5,1.0,0,True,1347.945709672808,1337.0640888285843,1390.5691257466437,1294.4406727547487,10.88162084422379,0.6543658873394732
2021,2021-03-22,True,False,atl,lac,110,119,29,34,27,20,0,30,18,34,37,0,home,6.5,225.0,220.0,-260.0,7.0,110.0,1.0,1,True,1575.9166393035384,1640.0396932008223,1621.3610874090841,1594.5952450952766,-64.12305389728385,0.5514483398777905
2021,2021-03-22,True,False,tor,hou,99,117,28,32,26,13,0,27,38,23,29,0,away,8.5,225.5,-380.0,320.0,8.5,111.0,0.0,0,True,991.4040551122692,1274.6402023988685,1087.494460501519,1178.549797009619,-283.23614728659925,0.25830595736308376
2021,2021-03-22,True,False,ind,mil,113,140,26,34,34,19,0,48,35,27,30,0,home,6.5,232.5,230.0,-270.0,2.5,114.0,1.0,1,True,1714.4406404933543,1579.8380905423421,1741.0337165803244,1553.245014455372,134.60254995101218,0.794208227840112
2021,2021-03-22,True,False,utah,chi,120,95,29,27,33,31,0,23,19,29,24,0,away,9.5,227.5,-500.0,400.0,1.0,116.0,1.0,0,False,1512.6388384050856,1618.8562566717064,1442.243269751785,1689.251825325007,-106.21741826662083,0.4910533708576269
2021,2021-03-22,True,False,cha,sa,100,97,31,24,19,26,0,21,24,24,28,0,home,5.0,223.5,190.0,-220.0,5.5,108.5,0.0,0,False,1593.4325098032498,1450.8710950362035,1550.6384186462801,1493.6651861931732,142.56141476704624,0.8015954211078243
2021,2021-03-22,True,False,okc,min,112,103,25,32,26,29,0,22,28,26,27,0,home,5.0,230.5,170.0,-190.0,5.0,111.5,0.0,0,False,1300.2386797901418,1383.9140347049195,1247.2033886250663,1436.949325869995,-83.6753549147777,0.5234757795255577
2021,2021-03-22,True,False,sac,cle,119,105,36,27,27,29,0,35,24,17,29,0,away,4.5,224.0,-180.0,160.0,2.5,110.5,1.0,2,False,1320.8302263153407,1410.3975131509005,1259.4646922530692,1471.763047213172,-89.5672868355598,0.5150093702547837
2021,2021-03-22,True,False,bos,mem,126,132,30,35,21,31,9,24,36,34,23,15,home,4.5,218.5,165.0,-185.0,4.0,113.5,1.0,1,True,1515.9893035478894,1390.5691257466437,1532.313069881695,1374.2453594128383,125.4201778012457,0.7854346412059064
2021,2021-03-23,True,False,wsh,ny,113,131,31,18,31,33,0,39,30,39,23,0,home,3.0,221.0,130.0,-150.0,4.5,108.5,1.0,1,True,1511.759010013665,1372.7271209763744,1534.6956531358821,1349.7904778541572,139.0318890372905,0.7983442985193574
2021,2021-03-23,True,False,den,orl,110,99,30,31,19,30,0,15,24,30,30,0,away,7.5,217.5,-350.0,290.0,1.5,105.0,1.0,0,False,1294.4406727547487,1677.6069457979102,1276.5286746414224,1695.5189439112364,-383.1662730431615,0.16382541623714153
2021,2021-03-23,True,False,lal,no,111,128,29,17,30,35,0,32,27,43,26,0,home,5.5,221.5,210.0,-250.0,1.0,108.5,1.0,1,True,1482.533447728801,1608.8118610993115,1550.9219904466788,1540.4233183814338,-126.2784133705104,0.46225427316613615
2021,2021-03-23,True,False,phi,gs,108,98,35,24,21,28,0,17,28,40,13,0,away,4.0,219.0,-180.0,160.0,1.5,107.5,1.0,0,False,1508.5822973090762,1769.4963289746643,1478.6522921077828,1799.4263341759577,-260.914031665588,0.2836768555553523
2021,2021-03-23,True,False,bkn,por,116,112,37,28,27,24,0,41,25,25,21,0,home,2.5,232.5,120.0,-140.0,2.5,114.0,0.0,0,False,1486.3110070433092,1725.7530323972903,1464.3972369779428,1747.6668024626567,-239.44202535398108,0.3094497929436101
2021,2021-03-23,True,False,phx,mia,110,100,25,33,27,25,0,20,23,30,27,0,away,2.0,213.5,-130.0,110.0,3.0,108.5,1.0,0,False,1525.3063741947306,1774.4196387647578,1493.8988211110031,1805.8271918484852,-249.11326457002724,0.29768106752933676
2021,2021-03-24,True,False,mem,okc,116,107,26,23,33,34,0,21,32,20,34,0,away,7.0,218.5,-290.0,245.0,6.0,110.5,1.0,1,False,1436.949325869995,1532.313069881695,1385.6165176307877,1583.6458781209021,-95.36374401169996,0.506671712701942
2021,2021-03-24,True,False,bkn,utah,88,118,17,21,23,27,0,38,25,27,28,0,home,13.0,227.0,700.0,-1100.0,2.0,110.0,1.0,0,True,1689.251825325007,1747.6668024626567,1755.800072408966,1681.118555378698,-58.41497713764966,0.5595615036003536
2021,2021-03-24,True,False,atl,sac,108,110,27,30,17,34,0,29,28,28,25,0,away,3.0,232.0,-150.0,130.0,3.0,113.0,0.0,0,True,1471.763047213172,1594.5952450952766,1497.5185643604818,1568.8397279479668,-122.83219788210454,0.46718904523769145
2021,2021-03-24,True,False,lac,sa,134,101,41,26,35,32,0,29,24,31,17,0,away,6.0,222.0,-240.0,200.0,0.5,109.0,1.0,1,False,1550.6384186462801,1621.3610874090841,1466.5364942760436,1705.4630117793206,-70.722668762804,0.5420340202619762
2021,2021-03-24,True,False,cha,hou,122,97,26,32,35,29,0,26,29,15,27,0,away,3.5,223.0,-180.0,160.0,1.0,109.0,1.0,0,False,1087.494460501519,1493.6651861931732,1066.4952842173566,1514.6643624773355,-406.1707256916543,0.14648246326919778
2021,2021-03-24,True,False,cle,chi,103,94,25,28,25,25,0,25,30,17,22,0,home,7.0,214.0,265.0,-320.0,4.5,105.5,0.0,0,False,1442.243269751785,1259.4646922530692,1370.6449313462956,1331.0630306585585,182.77857749871578,0.8358686337150409
2021,2021-03-24,True,False,dal,min,128,108,30,26,32,40,0,33,22,18,35,0,away,8.0,231.0,-350.0,290.0,5.5,113.5,1.0,1,False,1247.2033886250663,1690.8458429642028,1230.9254174965688,1707.1238140927003,-443.6424543391365,0.12151458787101903
2021,2021-03-24,True,False,phx,orl,111,112,32,27,32,20,0,24,35,27,26,0,away,9.0,215.5,-450.0,375.0,6.5,111.0,0.0,1,True,1276.5286746414224,1805.8271918484852,1304.65134820749,1777.7045182824177,-529.2985172070628,0.07789905249307574
2021,2021-03-24,True,False,bos,mil,119,121,30,29,27,33,0,35,35,30,21,0,home,7.0,231.0,245.0,-290.0,0.5,118.5,0.0,1,True,1741.0337165803244,1374.2453594128383,1743.2880625819025,1371.9910134112602,366.7883571674861,0.9362581425394166
2021,2021-03-24,True,False,den,tor,111,135,30,24,27,30,0,38,34,26,37,0,away,1.5,223.5,-125.0,105.0,5.5,110.0,0.0,1,True,1178.549797009619,1695.5189439112364,1308.4034268134665,1565.665314107389,-516.9691469016175,0.08315231163066364
2021,2021-03-24,True,False,det,ind,111,116,24,27,28,32,0,21,36,29,30,0,home,7.5,219.5,250.0,-300.0,2.5,105.5,0.0,1,True,1553.245014455372,1297.38951575788,1560.4144691090462,1290.2200611042058,255.85549869749207,0.8857928197989487
2021,2021-03-25,True,False,lac,sa,98,85,30,19,23,26,0,27,28,13,17,0,away,1.0,220.0,-120.0,100.0,1.5,107.0,1.0,0,False,1466.5364942760436,1705.4630117793206,1430.5299660012984,1741.4695400540659,-238.92651750327695,0.31008427853353787
2021,2021-03-25,True,False,wsh,ny,102,106,25,35,18,24,0,20,25,22,39,0,home,2.5,224.0,120.0,-140.0,5.5,110.0,1.0,0,True,1534.6956531358821,1349.7904778541572,1544.4049224848925,1340.0812085051468,184.90517528172495,0.837541199788315
2021,2021-03-25,True,False,phi,lal,109,101,27,27,35,20,0,24,30,17,30,0,away,6.0,214.0,-240.0,200.0,4.0,105.5,1.0,0,False,1540.4233183814338,1799.4263341759577,1512.7814151044522,1827.0682374529392,-259.0030157945239,0.28591755296969845
2021,2021-03-25,True,False,gs,sac,119,141,37,24,25,33,0,35,37,34,35,0,home,4.5,229.0,165.0,-185.0,1.0,112.0,1.0,1,True,1497.5185643604818,1478.6522921077828,1542.92240864531,1433.2484478229546,18.86627225269899,0.664686428803346
2021,2021-03-25,True,False,por,mia,125,122,31,28,32,34,0,24,34,33,31,0,away,2.5,216.0,-145.0,125.0,2.5,105.5,1.0,1,False,1493.8988211110031,1464.3972369779428,1453.7166706049977,1504.5793874839483,29.501584133060305,0.6781910623156735
2021,2021-03-26,True,False,cle,lal,86,100,24,27,10,25,0,22,22,28,28,0,home,4.0,206.5,165.0,-185.0,4.5,101.5,1.0,0,True,1512.7814151044522,1331.0630306585585,1529.415592328952,1314.4288534340587,181.71838444589366,0.8350296374229128
2021,2021-03-26,True,False,mem,utah,114,117,24,26,29,35,0,38,28,22,29,0,home,10.0,229.0,400.0,-500.0,1.0,117.5,0.0,1,True,1755.800072408966,1583.6458781209021,1764.7868394038037,1574.6591111260643,172.15419428806376,0.827304868525066
2021,2021-03-26,True,False,ind,dal,109,94,31,30,21,27,0,29,19,27,19,0,away,1.5,225.0,-125.0,105.0,2.5,109.5,1.0,0,False,1707.1238140927003,1560.4144691090462,1621.4441351082269,1646.0941480935196,146.7093449836541,0.8053655594548657
2021,2021-03-26,True,False,mia,cha,105,110,23,26,30,26,0,40,32,20,18,0,away,2.0,212.5,-165.0,145.0,7.0,104.5,0.0,1,True,1514.6643624773355,1453.7166706049977,1535.7410344386906,1432.6399986436427,60.94769187233783,0.7163625164159296
2021,2021-03-26,True,False,por,orl,112,105,35,30,15,32,0,32,23,22,28,0,away,9.5,215.0,-550.0,425.0,3.0,105.0,0.0,1,False,1304.65134820749,1504.5793874839483,1271.7102091662518,1537.5205265251864,-199.92803927645832,0.36003043890930436
2021,2021-03-26,True,False,atl,gs,124,108,33,37,30,24,0,26,26,32,24,0,away,7.0,218.0,-265.0,225.0,1.5,106.5,1.0,1,False,1433.2484478229546,1568.8397279479668,1377.2806649087183,1624.8075108622031,-135.5912801250122,0.4489584481525738
2021,2021-03-26,True,False,den,no,113,108,26,28,31,28,0,33,30,23,22,0,away,2.5,231.5,-140.0,120.0,3.5,112.5,1.0,0,False,1550.9219904466788,1565.665314107389,1502.0199743432195,1614.5673302108482,-14.743323660710075,0.6202894283436553
2021,2021-03-26,True,False,phx,tor,104,100,29,24,30,21,0,28,23,26,23,0,away,3.5,225.0,-170.0,150.0,2.0,115.5,1.0,0,False,1308.4034268134665,1777.7045182824177,1300.853959934427,1785.2539851614572,-469.3010914689512,0.10660789793745468
2021,2021-03-26,True,False,bos,mil,122,114,32,28,43,19,0,26,29,34,25,0,home,6.0,235.5,200.0,-240.0,4.0,119.5,0.0,1,False,1743.2880625819025,1371.9910134112602,1677.1729094566072,1438.1061665365555,371.29704917064237,0.9377896274789775
2021,2021-03-26,True,False,bkn,det,113,111,34,25,23,31,0,27,23,28,33,0,away,6.5,217.5,-290.0,245.0,1.5,106.5,0.0,1,False,1290.2200611042058,1681.118555378698,1282.5912590581502,1688.7473574247535,-390.8984942744921,0.15781897442024664
2021,2021-03-26,True,False,hou,min,101,107,29,34,28,10,0,33,21,22,31,0,home,4.0,230.0,150.0,-170.0,5.0,113.0,1.0,0,True,1230.9254174965688,1066.4952842173566,1244.0975342312008,1053.3231674827246,164.4301332792122,0.8208595970056012
2021,2021-03-27,True,False,mem,utah,110,126,19,34,29,28,0,39,31,30,26,0,home,9.0,227.5,350.0,-420.0,0.5,117.0,1.0,1,True,1764.7868394038037,1574.6591111260643,1781.3796455993677,1558.0663049305003,190.12772827773938,0.8415904138677367
2021,2021-03-27,True,False,phi,lac,112,122,30,30,24,28,0,29,36,32,25,0,home,5.5,221.5,195.0,-225.0,1.5,108.5,1.0,1,True,1741.4695400540659,1827.0682374529392,1792.037831996243,1776.499945510762,-85.59869739887336,0.5207132791162353
2021,2021-03-27,True,False,cle,sac,98,100,29,19,26,24,0,31,18,22,29,0,home,9.0,225.5,325.0,-390.0,5.5,108.0,0.0,0,True,1542.92240864531,1314.4288534340587,1548.0823253222277,1309.268936757141,228.4935552112513,0.8688650539080355
2021,2021-03-27,True,False,bos,okc,111,94,21,26,29,35,0,25,27,28,14,0,away,6.0,216.5,-255.0,215.0,7.0,111.0,1.0,0,False,1385.6165176307877,1438.1061665365555,1313.3867210447065,1510.3359631226367,-52.48964890576781,0.567949877576361
2021,2021-03-27,True,False,ny,mil,102,96,32,25,24,21,0,25,29,23,19,0,away,2.5,217.5,-135.0,115.0,1.5,105.5,1.0,0,False,1677.1729094566072,1544.4049224848925,1617.2737037635968,1604.3041281779028,132.76798697171466,0.7924768250128031
2021,2021-03-27,True,False,hou,min,129,107,41,33,24,31,0,29,19,30,29,0,home,4.5,229.5,155.0,-175.0,9.0,111.0,0.0,1,False,1244.0975342312008,1053.3231674827246,1146.5344172638502,1150.8862844500752,190.77436674847627,0.8420860319142696
2021,2021-03-27,True,False,det,wsh,92,106,22,19,34,17,0,33,35,11,27,0,home,5.5,224.5,180.0,-210.0,4.0,108.5,1.0,0,True,1340.0812085051468,1282.5912590581502,1372.498126695188,1250.174340868109,57.48994944699666,0.7123008451879262
2021,2021-03-27,True,False,chi,sa,104,120,20,19,34,31,0,33,32,31,24,0,home,1.0,219.5,100.0,-120.0,6.0,112.5,1.0,1,True,1430.5299660012984,1370.6449313462956,1464.0371774074758,1337.1377199401181,59.885034655002755,0.7151179468027236
2021,2021-03-27,True,False,dal,no,103,112,20,33,25,25,0,35,18,27,32,0,home,5.5,224.0,170.0,-190.0,3.5,108.5,1.0,0,True,1502.0199743432195,1621.4441351082269,1555.5059847355658,1567.9581247158806,-119.4241607650074,0.47207547335418293
2021,2021-03-28,True,False,phx,cha,101,97,26,23,27,14,11,29,20,18,23,7,away,7.0,219.5,-250.0,210.0,4.5,112.0,0.0,0,False,1535.7410344386906,1785.2539851614572,1514.6947173005285,1806.3003022996193,-249.51295072276662,0.2972002745854719
2021,2021-03-28,True,False,por,tor,122,117,32,36,23,31,0,41,33,10,33,0,away,2.5,229.0,-135.0,115.0,2.5,112.0,1.0,1,False,1300.853959934427,1537.5205265251864,1276.1877628767618,1562.1867235828515,-236.66656659075943,0.31287424305659245
2021,2021-03-28,True,False,atl,den,102,126,35,20,24,23,0,31,34,32,29,0,home,5.0,221.0,175.0,-200.0,0.5,107.5,1.0,1,True,1614.5673302108482,1624.8075108622031,1667.4839583827286,1571.8908826903228,-10.240180651354876,0.6263755715648801
2021,2021-03-28,True,False,orl,lal,93,96,21,18,30,24,0,22,22,25,27,0,home,7.0,208.0,240.0,-280.0,2.5,104.5,0.0,0,True,1529.415592328952,1271.7102091662518,1534.9024488295272,1266.2233526656767,257.7053831627002,0.886865675354707
2021,2021-03-29,True,False,sac,sa,132,115,27,41,29,35,0,31,29,31,24,0,home,2.5,229.5,120.0,-140.0,3.5,111.5,0.0,1,False,1464.0371774074758,1548.0823253222277,1397.530968825927,1614.5885339037766,-84.04514791475185,0.5229447514356894
2021,2021-03-29,True,False,tor,det,104,118,27,23,25,29,0,35,31,26,26,0,away,5.5,215.0,-210.0,180.0,7.0,105.0,0.0,1,True,1250.174340868109,1276.1877628767618,1297.2528317045094,1229.1092720403615,-26.013422008652697,0.6048944364503315
2021,2021-03-29,True,False,mil,lac,105,129,38,17,31,19,0,26,31,39,33,0,away,2.5,229.5,-140.0,120.0,3.0,116.5,0.0,1,True,1792.037831996243,1617.2737037635968,1812.600587409153,1596.710948350687,174.76412823264627,0.8294408249183681
2021,2021-03-29,True,False,cle,utah,75,114,18,16,18,23,0,27,26,37,24,0,home,16.5,221.5,1100.0,-2500.0,3.5,107.5,1.0,0,True,1781.3796455993677,1309.268936757141,1785.3269149340397,1305.321667422469,472.1107088422266,0.9641994175236923
2021,2021-03-29,True,False,ind,wsh,124,132,28,30,34,32,0,24,33,38,37,0,away,7.0,230.0,-280.0,240.0,4.5,112.0,0.0,1,True,1372.498126695188,1646.0941480935196,1443.1619950012625,1575.430279787445,-273.5960213983317,0.269079263211568
2021,2021-03-29,True,False,dal,okc,127,106,33,38,29,27,0,24,39,20,23,0,away,11.5,221.0,-700.0,500.0,5.0,109.0,1.0,1,False,1313.3867210447065,1567.9581247158806,1273.7880283153158,1607.5568174452712,-254.57140367117404,0.2911542959646329
2021,2021-03-29,True,False,mia,ny,98,88,21,15,39,23,0,16,27,21,24,0,away,3.5,206.0,-160.0,140.0,3.5,100.0,1.0,0,False,1604.3041281779028,1432.6399986436427,1529.8423321362,1507.1017946853456,171.66412953426016,0.826901450091503
2021,2021-03-29,True,False,min,bkn,107,112,25,27,25,30,0,37,24,26,25,0,home,10.5,239.5,500.0,-700.0,3.0,115.5,0.0,0,True,1688.7473574247535,1146.5344172638502,1689.9844898457718,1145.297284842832,542.2129401609034,0.9757992878311434
2021,2021-03-29,True,False,mem,hou,120,110,23,34,33,30,0,27,30,34,19,0,away,8.0,226.5,-370.0,310.0,5.5,116.0,1.0,1,False,1150.8862844500752,1558.0663049305003,1135.5077843311672,1573.4448050494084,-407.1800204804251,0.1457575609342333
2021,2021-03-29,True,False,no,bos,115,109,32,32,24,27,0,27,28,26,28,0,home,3.0,229.5,130.0,-150.0,4.5,113.0,0.0,0,False,1510.3359631226367,1555.5059847355658,1460.8254790567266,1605.0164688014759,-45.17002161292908,0.578258083895345
2021,2021-03-29,True,False,chi,gs,102,116,29,31,25,17,0,34,31,31,20,0,home,2.0,229.0,105.0,-125.0,0.5,117.5,1.0,0,True,1377.2806649087183,1337.1377199401181,1412.6311803559802,1301.7872044928563,40.142944968600204,0.6914117461832592
2021,2021-03-30,True,False,cha,wsh,114,104,32,32,25,25,0,29,27,25,23,0,away,4.5,224.5,-180.0,160.0,0.5,110.5,1.0,0,False,1443.1619950012625,1514.6947173005285,1386.0955499747877,1571.7611623270034,-71.53272229926597,0.5408762736243438
2021,2021-03-30,True,False,phi,den,95,104,22,23,26,24,0,44,24,20,16,0,home,5.0,219.5,190.0,-220.0,3.0,106.0,1.0,0,True,1667.4839583827286,1776.499945510762,1719.4550861726864,1724.5288177208042,-109.01598712803343,0.48702786323937763
2021,2021-03-30,True,False,atl,phx,110,117,27,25,33,25,0,30,34,25,28,0,home,5.5,222.0,190.0,-220.0,1.0,108.0,1.0,1,True,1806.3003022996193,1571.8908826903228,1815.7361285268032,1562.4550564631388,234.4094196092965,0.8726966685398118
2021,2021-03-30,True,False,orl,lac,103,96,13,24,33,33,0,26,25,22,23,0,home,11.0,215.5,500.0,-700.0,2.0,109.5,0.0,0,False,1812.600587409153,1266.2233526656767,1754.8317717023772,1323.9921683724524,546.3772347434763,0.9763589678952063
2021,2021-03-31,True,False,ny,min,101,102,26,25,30,20,0,19,31,20,32,0,away,3.0,217.5,-155.0,135.0,1.0,105.5,0.0,0,True,1145.297284842832,1529.8423321362,1170.8324061502847,1504.3072108287472,-384.54504729336804,0.16274107093726742
2021,2021-03-31,True,False,chi,phx,116,121,37,21,28,30,0,39,28,27,27,0,home,8.5,216.0,320.0,-380.0,2.0,110.0,0.0,1,True,1815.7361285268032,1301.7872044928563,1817.2127062458526,1300.310626773807,513.9489240339469,0.97164464103328
2021,2021-03-31,True,False,sac,sa,106,120,27,26,29,24,0,33,36,28,23,0,home,2.5,230.5,120.0,-140.0,3.0,112.5,1.0,0,True,1397.530968825927,1614.5885339037766,1476.4541780425127,1535.6653246871908,-217.05756507784963,0.3376380911820287
2021,2021-03-31,True,False,tor,okc,103,113,32,35,22,14,0,30,29,28,26,0,away,7.5,221.0,-335.0,275.0,2.5,108.0,0.0,0,True,1273.7880283153158,1229.1092720403615,1304.3941113748604,1198.503188980817,44.67875627495437,0.6969546476502342
2021,2021-03-31,True,False,mil,lal,112,97,24,33,32,23,0,30,19,26,22,0,away,8.5,222.5,-380.0,320.0,2.5,113.5,1.0,0,False,1534.9024488295272,1596.710948350687,1467.22734589722,1664.3860512829942,-61.808499521159774,0.5547416783641468
2021,2021-03-31,True,False,mia,ind,92,87,23,20,22,27,0,28,17,22,20,0,away,1.5,217.0,-125.0,105.0,1.0,105.5,1.0,0,False,1575.430279787445,1507.1017946853456,1521.9350634862653,1560.5970109865252,68.32848510209942,0.7249154757041758
2021,2021-03-31,True,False,dal,bos,113,108,30,34,26,23,0,25,20,28,35,0,home,1.0,225.0,100.0,-120.0,6.0,109.5,0.0,0,False,1460.8254790567266,1607.5568174452712,1426.6769857917757,1641.7053107102222,-146.7313383885446,0.433150840270064
2021,2021-03-31,True,False,hou,bkn,108,120,42,26,19,21,0,29,28,29,34,0,home,12.5,229.0,700.0,-1100.0,12.0,112.0,0.0,0,True,1689.9844898457718,1135.5077843311672,1691.624448777019,1133.8678253999199,554.4767055146046,0.9774115870127065
2021,2021-03-31,True,False,utah,mem,111,107,29,28,18,36,0,28,21,27,31,0,away,6.0,225.5,-230.0,195.0,1.5,115.0,0.0,0,False,1573.4448050494084,1785.3269149340397,1549.0607932301243,1809.7109267533237,-211.8821098846313,0.34433269063717425
2021,2021-03-31,True,False,por,det,124,101,31,20,36,37,0,33,19,27,22,0,away,7.5,221.5,-310.0,260.0,5.5,108.0,1.0,1,False,1297.2528317045094,1562.1867235828515,1258.2392804726344,1601.2002748147265,-264.93389187834214,0.27899830092216255
2021,2021-04-01,True,False,den,lac,101,94,31,31,19,20,0,20,29,21,24,0,home,2.0,220.0,110.0,-130.0,5.0,108.5,0.0,0,False,1754.8317717023772,1719.4550861726864,1694.2522644205108,1780.0345934545528,35.3766855296908,0.6855272546993061
2021,2021-04-01,True,False,phi,cle,114,94,31,27,27,29,0,31,25,17,21,0,away,9.5,214.5,-500.0,400.0,5.0,105.0,1.0,0,False,1305.321667422469,1724.5288177208042,1286.9228358959924,1742.927649247281,-419.20715029833514,0.13734674994809962
2021,2021-04-01,True,False,orl,no,115,110,27,25,19,30,14,26,19,31,25,9,home,5.0,213.0,180.0,-210.0,5.0,108.5,0.0,1,False,1605.0164688014759,1323.9921683724524,1549.6497155522488,1379.3589216216794,281.02430042902347,0.8996509445072625
2021,2021-04-01,True,False,wsh,det,91,120,22,22,24,23,0,32,31,24,33,0,home,1.0,219.5,-115.0,-105.0,5.5,107.5,1.0,0,True,1258.2392804726344,1386.0955499747877,1339.052136464756,1305.2826939826662,-127.85626950215328,0.4599972856896676
2021,2021-04-01,True,False,cha,bkn,89,111,11,37,17,24,0,32,36,24,19,0,home,2.5,224.0,120.0,-140.0,3.5,109.0,1.0,0,True,1691.624448777019,1571.7611623270034,1718.728052860417,1544.6575582436058,119.86328645001572,0.7799945844895122
2021,2021-04-01,True,False,gs,mia,109,116,24,30,27,28,0,23,36,27,30,0,home,3.0,217.5,130.0,-150.0,0.505,106.5,1.0,1,True,1560.5970109865252,1412.6311803559802,1576.019643774358,1397.2085475681474,147.96583063054504,0.8064968285526497
2021,2021-04-01,True,False,atl,sa,134,129,32,22,30,26,24,22,26,32,30,19,home,1.0,223.5,-105.0,-115.0,1.5,109.5,0.0,1,False,1476.4541780425127,1562.4550564631388,1435.4480420750688,1603.4611924305827,-86.00087842062612,0.5201354599371751
2021,2021-04-02,True,False,gs,tor,77,130,26,16,14,21,0,27,35,46,22,0,home,5.5,219.5,175.0,-200.0,2.5,106.0,1.0,0,True,1198.503188980817,1397.2085475681474,1310.542726691287,1285.1690098576773,-198.70535858733047,0.3616537193282094
2021,2021-04-02,True,False,hou,bos,102,118,25,19,26,32,0,33,19,30,36,0,home,12.0,223.0,575.0,-850.0,4.5,107.5,1.0,0,True,1426.6769857917757,1133.8678253999199,1435.7785611143536,1124.766250077342,292.8091603918558,0.9056115111413382
2021,2021-04-02,True,False,dal,ny,99,86,22,27,23,27,0,25,21,23,17,0,away,5.0,213.0,-200.0,175.0,2.5,104.0,1.0,0,False,1504.3072108287472,1641.7053107102222,1452.4734455076837,1693.5390760312857,-137.398099881475,0.44638671078244585
2021,2021-04-02,True,False,cha,ind,114,97,28,32,24,30,0,24,25,27,21,0,home,5.0,218.0,170.0,-190.0,6.0,106.5,0.0,0,False,1521.9350634862653,1544.6575582436058,1444.4321496514565,1622.1604720784146,-22.722494757340428,0.6094129085886606
2021,2021-04-02,True,False,min,mem,108,120,28,38,18,24,0,30,38,24,28,0,home,6.5,232.5,215.0,-255.0,4.0,114.0,1.0,0,True,1549.0607932301243,1170.8324061502847,1553.9676434940632,1165.9255558863458,378.22838707983965,0.9400771411543442
2021,2021-04-02,True,False,atl,no,126,103,28,27,39,32,0,34,20,25,24,0,away,1.5,213.0,-120.0,100.0,1.5,104.0,1.0,1,False,1549.6497155522488,1603.4611924305827,1470.4920259400724,1682.6188820427592,-53.811476878333906,0.5660817897725064
2021,2021-04-02,True,False,chi,utah,106,113,25,24,24,33,0,26,32,30,25,0,home,11.0,224.5,525.0,-750.0,3.5,114.5,0.0,0,True,1809.7109267533237,1300.310626773807,1811.4740192195595,1298.5475343075711,509.40029997951683,0.9709142592102119
2021,2021-04-02,True,False,okc,phx,103,140,13,37,26,27,0,43,30,30,37,0,home,14.0,221.0,825.0,-1450.0,1.5,107.0,1.0,1,True,1817.2127062458526,1304.3941113748604,1820.2316825396338,1301.3751350810792,512.8185948709922,0.9714648216366903
2021,2021-04-02,True,False,mil,por,127,109,34,26,37,30,0,21,32,20,36,0,away,3.0,240.5,-150.0,130.0,1.0,122.5,1.0,0,False,1601.2002748147265,1664.3860512829942,1529.5843592328395,1736.0019668648813,-63.185776468267704,0.5527825356746441
2021,2021-04-02,True,False,lal,sac,115,94,29,36,26,24,0,27,26,23,18,0,home,4.5,221.0,170.0,-190.0,5.5,107.5,0.0,0,False,1535.6653246871908,1467.22734589722,1443.3718528354484,1559.5208177489626,68.43797878997088,0.7250411471853313
2021,2021-04-03,True,False,orl,utah,91,137,20,20,32,19,0,38,40,29,30,0,home,15.5,216.5,925.0,-1700.0,1.5,110.0,1.0,1,True,1811.4740192195595,1379.3589216216794,1816.7563369022514,1374.0766039389875,432.1150975978801,0.9553447645137537
2021,2021-04-03,True,False,mil,sac,129,128,31,30,38,30,0,28,29,34,37,0,away,3.0,238.0,-145.0,125.0,1.0,120.5,0.0,1,False,1443.3718528354484,1736.0019668648813,1435.80573068729,1743.5680890130398,-292.6301140294329,0.2480819750433743
2021,2021-04-03,True,False,okc,por,85,133,19,27,13,26,0,35,30,39,29,0,home,13.0,231.0,600.0,-900.0,1.5,112.0,1.0,0,True,1529.5843592328395,1301.3751350810792,1547.8935474685225,1283.0659468453962,228.20922415176028,0.8686784533429945
2021,2021-04-03,True,False,ind,sa,139,133,32,35,31,28,13,33,26,38,29,7,home,7.0,222.5,220.0,-260.0,6.0,108.0,0.0,1,False,1435.4480420750688,1444.4321496514565,1381.6729868029108,1498.2072049236144,-8.984107576387714,0.6280661764819023
2021,2021-04-03,True,False,dal,wsh,109,87,24,28,23,34,0,19,28,20,20,0,away,6.0,229.0,-220.0,190.0,2.5,111.0,1.0,0,False,1305.2826939826662,1693.5390760312857,1283.2293709091384,1715.5923991048135,-388.25638204861957,0.15985100067747948
2021,2021-04-03,True,False,cle,mia,101,115,27,27,19,28,0,36,31,17,31,0,home,12.0,209.5,650.0,-1000.0,2.5,102.5,1.0,1,True,1576.019643774358,1286.9228358959924,1584.9145061867919,1278.0279734835585,289.09680787836555,0.9037689154819118
2021,2021-04-03,True,False,ny,det,125,81,41,19,28,37,0,15,26,20,20,0,away,2.5,202.5,-145.0,125.0,3.0,99.5,1.0,1,False,1339.052136464756,1452.4734455076837,1258.5390528793537,1532.986529093086,-113.42130904292776,0.48069478543908106
2021,2021-04-03,True,False,min,phi,113,122,29,31,23,30,0,26,38,33,25,0,home,14.0,225.5,750.0,-1200.0,6.5,111.0,0.0,1,True,1742.927649247281,1165.9255558863458,1744.2058615715096,1164.6473435621172,577.0020933609351,0.9801039480956988
2021,2021-04-04,True,False,gs,atl,111,117,24,35,23,29,0,24,33,22,38,0,home,1.5,230.5,100.0,-120.0,0.5,113.5,1.0,0,True,1682.6188820427592,1285.1690098576773,1685.9264787488464,1281.86141315159,397.44987218508186,0.946014972194546
2021,2021-04-04,True,False,no,hou,122,115,38,32,19,33,0,27,32,33,23,0,away,2.5,220.0,-155.0,135.0,1.5,108.5,1.0,1,False,1124.766250077342,1470.4920259400724,1106.8767451267036,1488.3815308907108,-345.7257758627304,0.1955234854260959
2021,2021-04-04,True,False,orl,den,109,119,29,36,21,23,0,23,24,38,34,0,home,17.5,213.0,1000.0,-2000.0,15.0,109.5,0.0,1,True,1780.0345934545528,1374.0766039389875,1783.9021408078017,1370.2090565857386,405.95798951556526,0.9484622925664875
2021,2021-04-04,True,False,bkn,chi,107,115,28,18,26,35,0,25,32,32,26,0,away,2.5,223.5,-140.0,120.0,4.5,111.0,0.0,0,True,1298.5475343075711,1718.728052860417,1382.0110747940669,1635.2645123739212,-420.1805185528458,0.13668422109130027
2021,2021-04-04,True,False,lal,lac,86,104,20,18,17,31,0,27,26,24,27,0,home,11.0,210.0,450.0,-600.0,1.5,102.0,1.0,0,True,1694.2522644205108,1559.5208177489626,1717.734216895403,1536.0388652740703,134.73144667154816,0.7943294732032418
2021,2021-04-04,True,False,cha,bos,86,116,26,17,27,16,0,25,33,40,18,0,home,9.0,217.0,350.0,-420.0,1.0,106.0,1.0,0,True,1435.7785611143536,1622.1604720784146,1529.7317970271713,1528.207236165597,-186.38191096406103,0.37818614658450794
2021,2021-04-04,True,False,mem,phi,116,100,29,23,45,19,0,22,20,29,29,0,home,3.5,225.0,140.0,-160.0,4.5,114.0,0.0,0,False,1744.2058615715096,1553.9676434940632,1656.051746772341,1642.1217582932318,190.2382180774464,0.8416751884704069
2021,2021-04-05,True,False,phx,hou,133,130,34,36,31,32,0,34,26,32,38,0,away,14.0,223.5,-1200.0,750.0,5.0,114.0,0.0,1,False,1106.8767451267036,1820.2316825396338,1105.1413991525494,1821.967028513788,-713.3549374129302,0.028449716262940093
2021,2021-04-05,True,False,cle,sa,125,101,28,29,43,25,0,26,21,33,21,0,home,8.0,218.0,290.0,-350.0,7.5,106.5,0.0,1,False,1381.6729868029108,1278.0279734835585,1283.6860066107472,1376.0149536757222,103.6450133193523,0.7635559737955436
2021,2021-04-05,True,False,utah,dal,103,111,25,17,27,34,0,27,23,37,24,0,away,5.5,222.0,-220.0,190.0,5.0,112.5,0.0,0,True,1715.5923991048135,1816.7563369022514,1764.0932786289247,1768.2554573781401,-101.16393779743794,0.49832496512785884
2021,2021-04-05,True,False,det,okc,132,108,30,28,35,39,0,19,28,30,31,0,away,3.0,214.0,-150.0,130.0,2.0,104.5,1.0,1,False,1283.0659468453962,1258.5390528793537,1190.1812102848642,1351.4237894398857,24.526893966042508,0.6719095552073571
2021,2021-04-05,True,False,ny,bkn,112,114,34,33,21,24,0,31,26,32,25,0,home,6.0,218.0,200.0,-240.0,3.5,104.5,0.0,1,True,1635.2645123739212,1532.986529093086,1645.6958840751415,1522.5551573918656,102.27798328083531,0.7621323265501018
2021,2021-04-05,True,False,wsh,tor,101,103,28,33,25,15,0,19,32,24,28,0,home,5.5,224.5,190.0,-220.0,5.5,111.0,0.0,0,True,1310.542726691287,1283.2293709091384,1325.8146895020986,1267.9574080983268,27.31335578214862,0.6754357638602208
2021,2021-04-05,True,False,sac,min,106,116,29,26,27,24,0,26,29,27,34,0,away,3.5,237.5,-165.0,145.0,3.0,115.5,0.0,0,True,1164.6473435621172,1435.80573068729,1241.4727651088463,1358.9803091405608,-271.1583871251728,0.2718479711407207
2021,2021-04-06,True,False,mil,gs,121,122,26,24,38,33,0,28,25,30,39,0,away,3.0,236.0,-140.0,120.0,0.5,119.5,0.0,1,True,1281.86141315159,1743.5680890130398,1308.9793223676704,1716.4501797969594,-461.70667586144964,0.1108437921519027
2021,2021-04-06,True,False,por,lac,116,133,32,34,23,27,0,47,26,28,32,0,home,6.5,229.0,195.0,-235.0,1.5,112.0,1.0,1,True,1717.734216895403,1547.8935474685225,1736.7160966460615,1528.911667717864,169.8406694268806,0.825393843811494
2021,2021-04-06,True,False,mem,mia,124,112,37,26,33,28,0,34,23,32,23,0,home,6.5,216.0,195.0,-230.0,7.0,109.5,0.0,1,False,1584.9145061867919,1642.1217582932318,1521.5703529009575,1705.4659115790662,-57.20725210643991,0.5612741800212785
2021,2021-04-06,True,False,det,den,119,134,32,24,30,33,0,39,37,33,25,0,home,11.5,213.0,575.0,-850.0,0.5,105.0,1.0,1,True,1783.9021408078017,1351.4237894398857,1787.6975169520465,1347.628413295641,432.47835136791605,0.9554338865014276
2021,2021-04-06,True,False,phi,bos,106,96,25,34,26,21,0,24,22,24,26,0,home,0.0,222.0,-110.0,-110.0,3.5,108.0,0.0,0,False,1529.7317970271713,1656.051746772341,1480.9668249971894,1704.8167188023228,-126.31994974516965,0.4621948387136318
2021,2021-04-06,True,False,lal,tor,110,101,40,28,22,20,0,28,14,28,31,0,away,1.5,209.0,-115.0,-105.0,5.5,100.5,1.0,1,False,1325.8146895020986,1536.0388652740703,1290.7104325709506,1571.1431222052183,-210.22417577197166,0.34649056992071675
2021,2021-04-06,True,False,chi,ind,113,97,30,32,35,16,0,28,21,25,23,0,away,2.0,225.0,-130.0,110.0,3.0,114.5,1.0,0,False,1498.2072049236144,1382.0110747940669,1411.5011605744019,1468.7171191432794,116.19613012954756,0.7763506678609957
2021,2021-04-06,True,False,no,atl,107,123,29,32,29,17,0,25,36,46,16,0,home,3.5,231.5,145.0,-165.0,2.5,113.0,1.0,0,True,1685.9264787488464,1488.3815308907108,1701.832577541312,1472.4754320982452,197.54494785813563,0.8471999334654365
2021,2021-04-07,True,False,cha,okc,113,102,32,24,29,28,0,29,22,26,25,0,away,5.5,213.5,-220.0,190.0,2.5,103.5,1.0,1,False,1190.1812102848642,1528.207236165597,1168.0309083963718,1550.3575380540892,-338.02602588073273,0.2025894824073715
2021,2021-04-07,True,False,utah,phx,113,117,21,19,38,24,11,20,31,26,25,15,away,2.5,227.0,-145.0,125.0,4.5,116.0,0.0,1,True,1821.967028513788,1768.2554573781401,1841.602936127207,1748.6195497647211,53.71157113564777,0.7078231347083109
2021,2021-04-07,True,False,mem,atl,131,113,29,38,43,21,0,34,30,23,26,0,away,1.0,228.0,-120.0,100.0,0.5,116.5,1.0,1,False,1701.832577541312,1705.4659115790662,1619.534824489306,1787.7636646310723,-3.633334037754139,0.6352325491167725
2021,2021-04-07,True,False,no,bkn,111,139,33,26,23,29,0,36,43,36,24,0,home,8.5,232.5,320.0,-380.0,1.5,113.5,1.0,1,True,1645.6958840751415,1472.4754320982452,1667.39429604569,1450.7770201276967,173.22045197689636,0.8281800348208753
2021,2021-04-07,True,False,dal,hou,93,102,23,19,22,29,0,24,23,28,27,0,away,10.0,225.0,-550.0,425.0,8.5,110.0,0.0,0,True,1105.1413991525494,1764.0932786289247,1202.5536239099806,1666.6810538714935,-658.9518794763753,0.03850927995291637
2021,2021-04-07,True,False,wsh,orl,131,116,34,39,27,31,0,33,27,30,26,0,away,4.5,225.5,-190.0,170.0,1.5,110.0,1.0,1,False,1370.2090565857386,1267.9574080983268,1285.861580176204,1352.3048845078615,102.25164848741179,0.7621048432627459
2021,2021-04-07,True,False,min,ind,137,141,31,25,38,43,0,35,42,32,32,0,away,1.5,233.0,-120.0,100.0,6.5,114.5,0.0,1,True,1411.5011605744019,1241.4727651088463,1422.0596708683468,1230.9142548149014,170.0283954655556,0.825549529346281
2021,2021-04-07,True,False,ny,bos,99,101,19,27,27,26,0,21,26,23,31,0,home,3.0,208.0,130.0,-150.0,2.5,101.5,0.0,0,True,1480.9668249971894,1522.5551573918656,1501.1107249981449,1502.4112573909101,-41.58833239467617,0.5832780009518618
2021,2021-04-07,True,False,sa,den,96,106,32,18,24,22,0,30,24,27,25,0,home,5.0,219.0,175.0,-200.0,2.5,111.5,1.0,0,True,1787.6975169520465,1283.6860066107472,1789.8002591515326,1281.583264411261,504.0115103412993,0.9700253374548974
2021,2021-04-08,True,False,phx,lac,103,113,23,33,25,22,0,27,27,29,30,0,home,6.0,221.0,200.0,-240.0,5.0,113.0,1.0,0,True,1736.7160966460615,1841.602936127207,1790.2117484396217,1788.1072843336467,-104.88683948114544,0.49296773640301783
2021,2021-04-08,True,False,cle,okc,129,102,38,27,28,36,0,38,23,14,27,0,away,4.0,219.0,-170.0,150.0,1.0,108.0,1.0,1,False,1168.0309083963718,1376.0149536757222,1116.8005466288166,1427.2453154432774,-207.9840452793503,0.3494162498888329
2021,2021-04-08,True,False,mil,dal,101,116,31,25,28,17,0,29,26,25,36,0,home,2.5,227.5,125.0,-145.0,2.5,115.5,1.0,0,True,1666.6810538714935,1716.4501797969594,1718.9202398496536,1664.2109938187994,-49.769125925465914,0.5717885536888191
2021,2021-04-08,True,False,chi,tor,122,113,33,31,33,25,0,27,24,28,34,0,away,4.5,217.0,-175.0,155.0,1.5,110.5,1.0,1,False,1290.7104325709506,1468.7171191432794,1251.2397706454326,1508.1877810687974,-178.00668657232882,0.389588424348211
2021,2021-04-08,True,False,por,utah,103,122,29,27,19,28,0,30,23,40,29,0,home,5.5,233.0,190.0,-220.0,5.0,114.0,1.0,0,True,1748.6195497647211,1528.911667717864,1763.4255626550182,1514.105654827567,219.7078820468571,0.8629944126652369
2021,2021-04-08,True,False,det,sac,113,101,27,35,27,24,0,23,21,30,27,0,home,8.0,224.5,250.0,-300.0,9.0,108.5,0.0,0,False,1358.9803091405608,1347.628413295641,1285.8906683719356,1420.7180540642662,11.351895844919909,0.6549779038339133
2021,2021-04-08,True,False,lal,mia,104,110,27,29,24,24,0,32,22,29,27,0,home,9.5,206.0,350.0,-420.0,7.0,101.0,0.0,1,True,1521.5703529009575,1571.1431222052183,1558.2101430473397,1534.5033320588361,-49.57276930426087,0.5720652858863329
2021,2021-04-09,True,False,sa,den,119,121,26,24,33,36,0,36,25,35,25,0,home,6.5,220.0,240.0,-280.0,0.5,112.0,0.0,1,True,1789.8002591515326,1281.583264411261,1790.7386534555671,1280.6448701072266,508.2169947402715,0.9707212815056285
2021,2021-04-09,True,False,hou,lac,109,126,36,10,37,26,0,26,41,27,32,0,home,11.0,220.0,525.0,-750.0,0.505,106.5,1.0,1,True,1790.2117484396217,1202.5536239099806,1791.7124371887846,1201.0529351608177,587.6581245296411,0.9812655375991801
2021,2021-04-09,True,False,wsh,gs,110,107,32,25,28,25,0,23,27,29,28,0,home,4.5,240.0,170.0,-190.0,4.5,117.0,0.0,0,False,1308.9793223676704,1352.3048845078615,1273.5495310739354,1387.7346758015965,-43.325562140191096,0.5808452749909373
2021,2021-04-09,True,False,phi,no,94,101,22,28,18,26,0,23,27,26,25,0,away,5.5,229.0,-220.0,190.0,4.0,111.5,0.0,0,True,1450.7770201276967,1704.8167188023228,1515.575327769142,1640.0184111608776,-254.03969867462615,0.2917863856643145
2021,2021-04-09,True,False,cha,mil,127,119,32,34,34,27,0,27,28,26,38,0,away,3.5,219.0,-140.0,120.0,2.0,107.5,1.0,1,False,1664.2109938187994,1550.3575380540892,1597.0309502069701,1617.5375816659184,113.85345576471013,0.7740004502549797
2021,2021-04-09,True,False,chi,atl,108,120,33,33,18,24,0,25,28,33,34,0,home,2.5,225.5,120.0,-140.0,4.5,115.0,1.0,1,True,1619.534824489306,1508.1877810687974,1642.742483216374,1484.9801223417294,111.3470434205085,0.7714666653783496
2021,2021-04-09,True,False,mem,ny,129,133,35,25,30,24,15,23,28,32,31,19,away,1.5,216.5,-120.0,100.0,2.0,110.5,0.0,1,True,1502.4112573909101,1787.7636646310723,1555.0993090608836,1735.0756129610988,-285.35240724016217,0.25597892871735534
2021,2021-04-09,True,False,ind,orl,111,106,33,31,19,28,0,30,21,27,28,0,away,6.5,224.0,-250.0,210.0,0.5,109.5,0.0,0,False,1285.861580176204,1422.0596708683468,1250.5349726813592,1457.3862783631914,-136.19809069214284,0.4480944327926756
2021,2021-04-09,True,False,min,bos,136,145,39,27,31,27,12,25,32,35,32,21,home,8.5,227.5,320.0,-380.0,10.0,112.5,1.0,1,True,1501.1107249981449,1230.9142548149014,1509.574936062747,1222.4500437502993,270.1964701832435,0.8938820086699338
2021,2021-04-10,True,False,wsh,phx,106,134,29,26,24,27,0,27,30,44,33,0,home,13.5,225.0,750.0,-1200.0,8.0,110.5,1.0,1,True,1788.1072843336467,1387.7346758015965,1793.7287319326535,1382.1132282025897,400.3726085320502,0.9468677967870424
2021,2021-04-10,True,False,lal,bkn,126,101,33,28,31,34,0,25,33,19,24,0,home,11.0,222.0,525.0,-750.0,9.0,108.0,0.0,1,False,1667.39429604569,1534.5033320588361,1567.0993922172588,1634.7982358872673,132.89096398685388,0.7925932223085354
2021,2021-04-10,True,False,sac,utah,112,128,31,34,24,23,0,34,25,36,33,0,home,11.0,229.5,550.0,-800.0,9.5,113.0,1.0,1,True,1763.4255626550182,1285.8906683719356,1766.3564698882533,1282.9597611387005,477.5348942830826,0.9652617557977171
2021,2021-04-10,True,False,hou,gs,109,125,30,18,32,29,0,32,33,29,31,0,home,7.0,228.0,260.0,-310.0,0.0,111.5,1.0,1,True,1273.5495310739354,1201.0529351608177,1304.9707864501413,1169.6316797846118,72.49659591311774,0.7296741982113144
2021,2021-04-10,True,False,det,por,103,118,23,27,26,27,0,33,26,36,23,0,home,11.0,226.5,550.0,-800.0,4.0,110.5,1.0,0,True,1514.105654827567,1420.7180540642662,1541.694562488343,1393.12914640349,93.38760076330072,0.7527305166850471
2021,2021-04-10,True,False,tor,cle,135,115,47,40,13,35,0,26,28,29,32,0,home,3.0,218.5,120.0,-140.0,9.0,106.5,0.0,1,False,1427.2453154432774,1251.2397706454326,1332.648685487751,1345.836400600959,176.00554479784478,0.830449405616309
2021,2021-04-10,True,False,phi,okc,117,93,37,29,24,27,0,25,28,23,17,0,away,10.0,217.0,-600.0,450.0,1.5,107.0,1.0,0,False,1116.8005466288166,1640.0184111608776,1105.4062580667596,1651.4126997229346,-523.217864532061,0.0804507902052162
2021,2021-04-11,True,False,atl,cha,105,101,33,19,23,30,0,20,25,32,24,0,home,2.5,213.5,120.0,-140.0,3.5,105.0,0.0,0,False,1617.5375816659184,1642.742483216374,1574.623087529029,1685.6569773532635,-25.204901550455588,0.6060062365046148
2021,2021-04-11,True,False,tor,ny,96,102,16,26,34,20,0,27,29,22,24,0,home,3.0,216.5,135.0,-155.0,2.5,105.5,1.0,0,True,1555.0993090608836,1345.836400600959,1565.3141995659837,1335.6215100958589,209.26290845992457,0.855729017930785
2021,2021-04-11,True,False,det,lac,124,131,35,27,37,25,0,30,33,31,37,0,home,13.0,215.0,650.0,-1000.0,7.5,104.0,0.0,1,True,1791.7124371887846,1393.12914640349,1795.2224066490724,1389.6191769432023,398.5832907852946,0.9463472136855171
2021,2021-04-11,True,False,mia,por,107,98,25,31,33,18,0,31,17,23,27,0,home,0.0,223.0,-110.0,-110.0,2.5,109.0,0.0,0,False,1541.694562488343,1558.2101430473397,1479.094458371206,1620.8102471644768,-16.51558055899659,0.6178836314691281
2021,2021-04-11,True,False,sa,dal,119,117,26,25,37,31,0,26,30,33,28,0,home,6.5,220.0,210.0,-250.0,1.5,113.0,0.0,1,False,1718.9202398496536,1280.6448701072266,1686.7620636870083,1312.8030462698719,438.2753697424271,0.956833394349378
2021,2021-04-11,True,False,chi,min,117,121,26,29,32,30,0,29,37,25,30,0,away,4.0,233.0,-175.0,155.0,6.0,118.0,0.0,1,True,1222.4500437502993,1484.9801223417294,1273.3102552373825,1434.1199108546462,-262.5300785914301,0.28179031418148176
2021,2021-04-11,True,False,ind,mem,132,125,45,29,32,26,0,31,32,34,28,0,home,3.5,234.5,140.0,-160.0,5.0,114.0,0.0,1,False,1735.0756129610988,1457.3862783631914,1670.776608439911,1521.6852828843794,277.6893345979074,0.8979044554129525
2021,2021-04-11,True,False,no,cle,116,109,29,33,28,26,0,39,29,26,15,0,away,9.0,223.5,-450.0,375.0,8.0,109.0,0.0,1,False,1332.648685487751,1515.575327769142,1297.6173972152742,1550.6066160416187,-182.92664228139097,0.3828747414140441
2021,2021-04-11,True,False,mil,orl,124,87,32,25,28,39,0,19,19,29,20,0,away,9.0,224.5,-400.0,330.0,0.5,114.0,1.0,0,False,1250.5349726813592,1597.0309502069701,1219.3521660197794,1628.21375686855,-346.4959775256109,0.19482704196698672
2021,2021-04-11,True,False,bos,den,105,87,16,29,29,31,0,27,24,28,8,0,home,3.5,220.5,155.0,-175.0,0.5,113.0,0.0,0,False,1790.7386534555671,1509.574936062747,1699.7557886519687,1600.5578008663454,281.1637173928202,0.8997233746516584
2021,2021-04-12,True,False,den,gs,107,116,32,29,22,24,0,33,23,43,17,0,away,5.0,227.5,-200.0,175.0,2.0,111.0,0.0,0,True,1304.9707864501413,1699.7557886519687,1390.5942629112787,1614.1323121908313,-394.7850022018274,0.1548681057171611
2021,2021-04-12,True,False,chi,mem,90,101,22,25,27,16,0,22,26,22,31,0,home,2.0,228.5,120.0,-140.0,1.5,115.5,1.0,0,True,1670.776608439911,1434.1199108546462,1681.9053579081651,1422.991161386392,236.65669758526474,0.8741269473402637
2021,2021-04-12,True,False,hou,phx,120,126,29,29,30,32,0,38,43,22,23,0,home,12.5,229.5,600.0,-900.0,0.5,112.0,0.0,1,True,1793.7287319326535,1169.6316797846118,1794.5323499847655,1168.8280617325,624.0970521480417,0.9847564470944654
2021,2021-04-12,True,False,sac,no,110,117,19,26,29,36,0,31,37,18,31,0,home,2.0,236.0,110.0,-130.0,5.0,115.0,1.0,0,True,1550.6066160416187,1282.9597611387005,1558.3670018674463,1275.199375312873,267.6468549029182,0.8924817456146459
2021,2021-04-12,True,False,phi,dal,113,95,30,30,28,25,0,26,22,21,26,0,away,3.5,217.5,-165.0,145.0,2.0,105.0,1.0,0,False,1686.7620636870083,1651.4126997229346,1600.9849242812982,1737.1898391286447,35.349363964073746,0.6854933482986946
2021,2021-04-12,True,False,wsh,utah,125,121,33,37,28,27,0,42,23,23,33,0,home,10.5,234.0,475.0,-650.0,9.0,114.0,0.0,1,False,1766.3564698882533,1382.1132282025897,1718.1656254700927,1430.3040726207503,384.24324168566363,0.941998137441151
2021,2021-04-12,True,False,sa,orl,120,97,28,32,29,31,0,16,21,24,36,0,away,7.0,216.5,-270.0,230.0,1.5,109.0,1.0,1,False,1219.3521660197794,1312.8030462698719,1148.1172071595831,1384.038005130068,-93.4508802500925,0.5094238248174928
2021,2021-04-12,True,False,lal,ny,96,111,28,24,16,28,0,26,29,26,30,0,home,1.0,205.5,-105.0,-115.0,0.5,101.0,1.0,1,True,1565.3141995659837,1634.7982358872673,1620.9674012652204,1579.1450341880306,-69.48403632128361,0.543803419880216
2021,2021-04-13,True,False,atl,tor,108,103,28,38,24,18,0,27,27,24,25,0,home,1.5,220.5,105.0,-125.0,4.5,109.5,0.0,0,False,1335.6215100958589,1685.6569773532635,1320.5122643305788,1700.7662231185436,-350.03546725740466,0.19165069592675463
2021,2021-04-13,True,False,lac,ind,126,115,31,36,33,26,0,34,31,32,18,0,away,3.0,233.0,-160.0,140.0,1.5,114.0,1.0,1,False,1521.6852828843794,1795.2224066490724,1492.257970233296,1824.6497193001558,-273.537123764693,0.26914594973173556
2021,2021-04-13,True,False,lal,cha,101,93,25,27,24,25,0,22,28,16,27,0,away,1.5,206.5,-120.0,100.0,0.5,101.5,1.0,0,False,1574.623087529029,1579.1450341880306,1513.3248188685257,1640.443302848534,-4.521946659001742,0.6340464620352342
2021,2021-04-13,True,False,okc,utah,96,106,31,22,16,27,0,22,33,33,18,0,home,16.5,222.0,1200.0,-3000.0,9.5,107.5,0.0,0,True,1718.1656254700927,1105.4062580667596,1719.2290274897982,1104.342856047054,612.759367403333,0.983745105096096
2021,2021-04-13,True,False,mia,phx,86,106,34,16,22,14,0,26,30,27,23,0,home,3.5,216.5,145.0,-165.0,0.0,106.5,1.0,0,True,1794.5323499847655,1620.8102471644768,1814.0956132218632,1601.246983927379,173.72210282028868,0.8285905639153888
2021,2021-04-13,True,False,bos,por,116,115,30,27,35,24,0,38,22,27,28,0,home,1.0,230.0,-105.0,-115.0,0.5,118.0,0.0,1,False,1479.094458371206,1600.5578008663454,1464.7860678662098,1614.8661913713415,-121.46334249513939,0.46915100056046727
2021,2021-04-13,True,False,bkn,min,127,97,33,40,31,23,0,25,27,22,23,0,away,7.5,231.5,-280.0,240.0,1.5,114.5,1.0,0,False,1273.3102552373825,1567.0993922172588,1236.0139308788691,1604.3957165757722,-293.7891369798763,0.2468395148105525
2021,2021-04-14,True,False,ind,hou,132,124,33,42,31,26,0,24,31,39,30,0,away,3.5,235.0,-170.0,150.0,3.5,114.5,1.0,1,False,1168.8280617325,1492.257970233296,1147.8970614256789,1513.188970540117,-323.42990850079605,0.2165024719523515
2021,2021-04-14,True,False,dal,mem,114,113,32,25,26,31,0,34,26,29,24,0,away,3.0,225.5,-150.0,130.0,3.0,110.5,0.0,1,False,1681.9053579081651,1600.9849242812982,1661.0505407552164,1621.839741434247,80.92043362686695,0.7391319501044763
2021,2021-04-14,True,False,ny,no,116,106,26,27,40,23,0,26,26,37,17,0,home,2.0,219.5,115.0,-135.0,2.0,107.0,0.0,1,False,1558.3670018674463,1620.9674012652204,1499.956482298374,1679.3779208342926,-62.60039939777403,0.553615424095975
2021,2021-04-14,True,False,mia,den,106,123,31,18,30,27,0,26,34,36,27,0,home,5.0,210.0,190.0,-220.0,1.0,103.0,1.0,1,True,1614.1323121908313,1601.246983927379,1657.2026501535524,1558.1766459646578,12.885328263452266,0.6569699406737276
2021,2021-04-14,True,False,wsh,sac,123,111,42,28,23,30,0,31,29,23,28,0,away,2.0,243.0,-130.0,110.0,2.0,117.5,1.0,0,False,1275.199375312873,1430.3040726207503,1227.6460425670625,1477.8574053665607,-155.10469730787736,0.4213562966694903
2021,2021-04-14,True,False,gs,okc,147,109,36,39,50,22,0,32,22,29,26,0,away,12.5,224.0,-900.0,600.0,1.0,109.5,1.0,1,False,1104.342856047054,1390.5942629112787,1063.2385704827648,1431.698548475568,-286.2514068642247,0.2549945649928448
2021,2021-04-14,True,False,sa,tor,112,117,32,25,25,30,0,30,28,27,32,0,away,5.5,221.5,-220.0,190.0,4.0,114.0,0.0,1,True,1320.5122643305788,1384.038005130068,1355.8078790383292,1348.7423904223176,-63.52574079948931,0.5522986900214983
2021,2021-04-14,True,False,mil,min,130,105,24,37,45,24,0,19,25,35,26,0,away,9.5,234.0,-550.0,425.0,1.0,118.5,1.0,1,False,1236.0139308788691,1628.21375686855,1213.5319624986575,1650.6957252487616,-392.1998259896809,0.156825870829866
2021,2021-04-14,True,False,orl,chi,115,106,32,22,39,22,0,22,31,19,34,0,home,9.5,214.0,450.0,-600.0,7.0,109.0,0.0,1,False,1422.991161386392,1148.1172071595831,1351.7538700828195,1219.3544984631556,274.8739542268088,0.89640915027637
2021,2021-04-14,True,False,cle,cha,103,90,27,22,26,28,0,23,18,25,24,0,home,3.0,210.0,135.0,-155.0,3.5,101.5,0.0,0,False,1513.3248188685257,1297.6173972152742,1431.1579926687261,1379.7842234150737,215.70742165325146,0.8602488067495608
2021,2021-04-14,True,False,bkn,phi,117,123,28,30,26,33,0,32,33,29,29,0,home,9.0,225.0,330.0,-400.0,3.5,108.5,0.0,1,True,1737.1898391286447,1604.3957165757722,1752.8732057724922,1588.7123499319248,132.79412255287252,0.7925015662790242
2021,2021-04-14,True,False,lac,det,100,98,30,23,20,27,0,27,22,28,21,0,away,1.5,216.5,-135.0,115.0,0.5,106.5,1.0,0,False,1389.6191769432023,1824.6497193001558,1383.4846445992084,1830.7842516441497,-435.03054235695345,0.12690663582986866
2021,2021-04-15,True,False,mil,atl,120,109,33,31,30,26,0,29,23,30,27,0,away,4.5,235.5,-175.0,155.0,1.0,118.5,1.0,0,False,1700.7662231185436,1650.6957252487616,1627.5192517933845,1723.9426965739208,50.070497869782,0.7034696642100265
2021,2021-04-15,True,False,gs,cle,119,101,28,35,26,30,0,31,21,27,22,0,away,5.5,226.5,-230.0,195.0,0.5,110.5,1.0,0,False,1379.7842234150737,1431.698548475568,1306.098036628385,1505.3847352622568,-51.91432506049432,0.5687623602265754
2021,2021-04-15,True,False,bos,lal,121,113,31,30,30,30,0,23,25,31,34,0,away,7.5,212.5,-340.0,280.0,1.0,108.5,1.0,1,False,1640.443302848534,1614.8661913713415,1576.9790327511373,1678.3304614687381,25.577111477192375,0.6732408888577014
2021,2021-04-15,True,False,sac,phx,114,122,28,37,29,20,0,33,34,28,27,0,home,12.5,235.0,600.0,-900.0,7.0,114.0,0.0,1,True,1814.0956132218632,1227.6460425670625,1815.2451071338025,1226.4965486551232,586.4495706548007,0.9811372146699358
2021,2021-04-16,True,False,ny,dal,117,109,34,22,27,34,0,25,27,27,30,0,home,6.5,212.0,210.0,-250.0,6.0,104.0,0.0,1,False,1621.839741434247,1679.3779208342926,1567.6222987700517,1733.5953634984878,-57.53817940004569,0.560805035003885
2021,2021-04-16,True,False,por,sa,107,106,28,20,35,24,0,31,26,28,21,0,home,1.5,229.5,105.0,-125.0,1.5,112.5,0.0,0,False,1348.7423904223176,1464.7860678662098,1334.1968227632594,1479.331635525268,-116.0436774438922,0.4769276892872299
2021,2021-04-16,True,False,mia,min,111,119,37,24,32,18,0,26,35,27,31,0,away,7.0,222.0,-260.0,220.0,5.0,108.5,0.0,1,True,1213.5319624986575,1558.1766459646578,1291.2122318715706,1480.4963765917448,-344.6446834660003,0.19650422365721962
2021,2021-04-16,True,False,mem,chi,126,115,33,24,37,32,0,33,24,28,30,0,away,3.5,219.0,-165.0,145.0,2.5,111.0,1.0,1,False,1351.7538700828195,1661.0505407552164,1326.5387261076899,1686.265684730346,-309.2966706723969,0.23062091850778804
2021,2021-04-16,True,False,ind,utah,111,119,32,37,20,22,0,24,32,33,30,0,home,10.0,233.5,425.0,-550.0,10.0,115.0,0.0,0,True,1719.2290274897982,1513.188970540117,1730.9788100986902,1501.4391879312252,206.04005694968123,0.8534234689345925
2021,2021-04-16,True,False,orl,tor,102,113,24,27,19,32,0,24,23,38,28,0,home,3.0,212.0,135.0,-155.0,2.5,108.5,1.0,1,True,1355.8078790383292,1219.3544984631556,1375.4396850709743,1199.7226924305105,136.4533805751737,0.7959441149291985
2021,2021-04-16,True,False,no,wsh,115,117,29,32,28,16,10,30,32,24,19,12,away,3.0,239.0,-150.0,130.0,2.5,117.0,0.0,0,True,1477.8574053665607,1499.956482298374,1496.6966962807292,1481.1171913842056,-22.099076931813443,0.6102667820020272
2021,2021-04-16,True,False,okc,det,104,110,32,24,23,25,0,25,31,30,24,0,home,2.5,217.0,135.0,-155.0,2.0,106.0,1.0,0,True,1383.4846445992084,1063.2385704827648,1388.7846697948146,1057.9385452871586,320.24607411644365,0.9182745427212344
2021,2021-04-16,True,False,lac,phi,103,106,20,27,30,26,0,31,28,22,25,0,home,4.0,218.5,170.0,-190.0,2.0,106.5,0.0,0,True,1752.8732057724922,1830.7842516441497,1781.4352847351483,1802.2221726814935,-77.9110458716575,0.5317457991261002
2021,2021-04-16,True,False,den,hou,128,99,35,34,31,28,0,28,21,30,20,0,away,9.5,227.0,-410.0,340.0,0.5,111.0,1.0,2,False,1147.8970614256789,1657.2026501535524,1134.9404327390027,1670.1592788402286,-509.30558872787356,0.08657799026182665
2021,2021-04-16,True,False,cha,bkn,115,130,35,26,28,26,0,29,32,33,36,0,home,12.0,223.5,625.0,-950.0,7.5,109.5,1.0,1,True,1588.7123499319248,1431.1579926687261,1608.2130387000343,1411.6573039006166,157.55435726319865,0.814965284706894
2021,2021-04-17,True,False,sa,phx,111,85,28,36,23,24,0,19,26,23,17,0,home,12.0,223.5,575.0,-850.0,11.5,115.5,0.0,0,False,1815.2451071338025,1334.1968227632594,1720.6657345443894,1428.7761953526726,481.0482843705431,0.9659335756906302
2021,2021-04-17,True,False,gs,bos,114,119,33,33,23,25,0,24,36,29,30,0,home,3.0,226.0,130.0,-150.0,3.5,112.0,1.0,1,True,1678.3304614687381,1505.3847352622568,1689.8941616520478,1493.821035078947,172.94572620648137,0.827954881245737
2021,2021-04-17,True,False,mem,mil,128,115,35,34,31,28,0,31,28,30,26,0,home,8.5,237.0,315.0,-375.0,8.0,120.0,0.0,1,False,1723.9426965739208,1686.265684730346,1646.9119137548603,1763.2964675494065,37.677011843574746,0.6883748674423562
2021,2021-04-17,True,False,det,wsh,100,121,27,28,25,20,0,27,34,32,28,0,home,4.5,226.5,170.0,-190.0,1.0,109.5,1.0,0,True,1496.6966962807292,1388.7846697948146,1525.1814131127737,1360.29995296277,107.91202648591457,0.7679617738156111
2021,2021-04-17,True,False,utah,lal,115,127,35,27,20,28,5,34,31,29,16,17,home,1.5,215.5,100.0,-120.0,0.515,110.5,1.0,1,True,1576.9790327511373,1730.9788100986902,1642.1083683514523,1665.8494744983752,-153.99977734755294,0.42290783697992346
2021,2021-04-17,True,False,cle,chi,96,106,24,25,21,26,0,29,18,33,26,0,home,3.0,212.5,130.0,-150.0,1.0,104.0,1.0,0,True,1326.5387261076899,1306.098036628385,1360.9995808966055,1271.6371818394693,20.440689479304865,0.6667033678568747
2021,2021-04-18,True,False,bkn,mia,107,109,31,29,24,23,0,32,32,22,23,0,away,5.0,224.0,-200.0,175.0,2.0,108.0,0.0,0,True,1480.4963765917448,1608.2130387000343,1506.5898857977522,1582.119529494027,-127.71666210828948,0.46019691728053397
2021,2021-04-18,True,False,ind,atl,117,129,23,34,33,27,0,35,31,28,35,0,home,2.0,231.5,110.0,-130.0,1.0,114.0,1.0,1,True,1627.5192517933845,1501.4391879312252,1648.9592891435564,1479.9991505810533,126.08006386215925,0.7860741155991394
2021,2021-04-18,True,False,no,ny,112,122,25,19,35,24,9,21,36,22,24,19,away,1.5,218.0,-125.0,105.0,4.5,106.5,0.0,1,True,1733.5953634984878,1481.1171913842056,1743.382977092207,1471.3295777904864,252.4781721142822,0.8838112462977116
2021,2021-04-18,True,False,min,lac,105,124,26,27,16,36,0,29,43,32,20,0,home,11.5,234.0,550.0,-800.0,1.0,113.0,1.0,0,True,1802.2221726814935,1291.2122318715706,1804.7367262933224,1288.6976782597417,511.0099408099229,0.9711747855917724
2021,2021-04-18,True,False,sac,dal,121,107,22,45,20,34,0,20,30,27,30,0,home,8.5,232.0,340.0,-410.0,9.0,113.0,0.0,0,False,1567.6222987700517,1226.4965486551232,1485.2747362375283,1308.8441111876466,341.12575011492845,0.9268530053519748
2021,2021-04-18,True,False,okc,tor,106,112,31,28,21,26,0,28,24,29,31,0,home,5.0,219.5,190.0,-220.0,5.5,106.5,1.0,0,True,1375.4396850709743,1057.9385452871586,1380.8283259439252,1052.5499044142077,317.5011397838157,0.9170808615812527
2021,2021-04-18,True,False,hou,orl,114,110,28,25,32,29,0,28,31,18,33,0,away,1.5,218.0,-115.0,-105.0,2.0,107.0,1.0,1,False,1199.7226924305105,1134.9404327390027,1151.782851431382,1182.8802737381313,64.78225969150776,0.7208260812099168
2021,2021-04-18,True,False,por,cha,101,109,24,27,21,29,0,44,21,28,16,0,away,4.5,216.5,-200.0,175.0,6.0,106.0,0.0,0,True,1411.6573039006166,1479.331635525268,1455.511686030765,1435.4772533951195,-67.67433162465136,0.546386603700634
2021,2021-04-19,True,False,utah,lal,111,97,29,23,33,26,0,23,19,23,32,0,away,7.0,215.5,-270.0,230.0,1.0,110.0,1.0,0,False,1642.1083683514523,1665.8494744983752,1569.6606658243281,1738.2971770254994,-23.741106146922903,0.6080163111925014
2021,2021-04-19,True,False,okc,wsh,107,119,25,33,21,28,0,38,26,24,31,0,home,12.5,233.0,650.0,-1000.0,5.5,112.5,0.0,0,True,1525.1814131127737,1052.5499044142077,1527.9171354777602,1049.8141820492212,472.631508698566,0.9643027600843547
2021,2021-04-19,True,False,sa,ind,109,94,36,19,27,27,0,21,23,22,28,0,away,3.5,233.5,-160.0,140.0,1.5,118.0,1.0,0,False,1479.9991505810533,1428.7761953526726,1398.2014638774187,1510.5738820563072,51.22295522838067,0.7048516629448073
2021,2021-04-19,True,False,phx,mil,128,127,24,31,28,33,12,25,29,36,26,11,home,3.0,233.0,130.0,-150.0,3.0,118.0,0.0,1,False,1646.9119137548603,1720.6657345443894,1630.5128953719377,1737.064752927312,-73.75382078952907,0.5376996021929409
2021,2021-04-19,True,False,chi,bos,102,96,24,18,32,28,0,30,18,18,30,0,home,4.5,211.5,165.0,-185.0,1.0,107.0,0.0,0,False,1689.8941616520478,1360.9995808966055,1630.4944074972227,1420.3993350514306,328.89458075544235,0.9219337592941005
2021,2021-04-19,True,False,hou,mia,91,113,28,27,19,17,0,30,24,35,24,0,home,5.0,215.5,170.0,-190.0,3.5,106.0,1.0,0,True,1506.5898857977522,1182.8802737381313,1514.9529547677664,1174.5172047681172,323.7096120596209,0.919758374020756
2021,2021-04-19,True,False,gs,phi,107,96,24,31,20,32,0,24,31,15,26,0,home,4.5,226.5,170.0,-190.0,3.0,111.0,0.0,0,False,1781.4352847351483,1493.821035078947,1704.7563039925715,1570.500015821524,287.6142496562013,0.9030241205684262
2021,2021-04-19,True,False,cle,det,105,109,22,31,23,29,0,37,25,22,25,0,away,3.5,213.5,-170.0,150.0,4.0,104.0,0.0,1,True,1360.29995296277,1271.6371818394693,1376.7158767477924,1255.221258054447,88.66277112330067,0.7476334476171412
2021,2021-04-19,True,False,mem,den,137,139,35,25,35,21,21,27,29,31,29,23,home,7.5,226.0,280.0,-340.0,6.5,116.0,0.0,1,True,1670.1592788402286,1763.2964675494065,1693.851397556134,1739.604348833501,-93.13718870917796,0.5098750950655208
2021,2021-04-20,True,False,orl,atl,96,112,24,24,24,24,0,27,38,15,32,0,home,12.5,217.5,600.0,-900.0,2.0,111.0,1.0,0,True,1648.9592891435564,1151.782851431382,1651.5521479147062,1149.189992660232,497.17643771217445,0.9688599080469984
2021,2021-04-20,True,False,bkn,no,134,129,26,31,36,41,0,29,30,33,37,0,home,3.0,235.5,130.0,-150.0,1.5,113.0,0.0,1,False,1471.3295777904864,1582.119529494027,1433.1346625701287,1620.3144447143845,-110.78995170354051,0.48447700147058215
2021,2021-04-20,True,False,cha,ny,97,109,33,33,16,15,0,30,30,31,18,0,home,5.0,208.5,175.0,-200.0,4.5,102.5,1.0,0,True,1743.382977092207,1455.511686030765,1751.8697466090352,1447.024916513937,287.871291061442,0.903153618512948
2021,2021-04-20,True,False,min,sac,134,120,39,35,25,35,0,43,31,29,17,0,home,3.5,239.5,135.0,-155.0,2.5,117.0,0.0,1,False,1308.8441111876466,1288.6976782597417,1231.0164112579837,1366.5253781894046,20.146432927904925,0.6663268652740524
2021,2021-04-20,True,False,lac,por,113,112,30,26,30,27,0,31,29,22,30,0,away,4.5,222.0,-210.0,180.0,5.5,108.5,0.0,1,False,1435.4772533951195,1804.7367262933224,1430.1373103015992,1810.0766693868427,-369.25947289820283,0.1750888504466178
2021,2021-04-21,True,False,atl,ny,127,137,39,30,28,25,5,34,33,23,32,15,away,1.5,219.0,-125.0,105.0,1.0,108.0,0.0,1,True,1751.8697466090352,1651.5521479147062,1774.8751796039903,1628.5467149197511,100.31759869432904,0.7600804805299164
2021,2021-04-21,True,False,min,sac,125,128,34,25,39,27,0,44,26,25,33,0,home,3.0,241.0,135.0,-155.0,1.5,117.0,2.0,1,True,1231.0164112579837,1366.5253781894046,1264.6211158201884,1332.9206736272,-135.5089669314209,0.4490756747450973
2021,2021-04-21,True,False,den,por,106,105,35,25,22,24,0,36,21,27,21,0,away,1.5,230.0,-120.0,100.0,0.5,111.5,0.0,0,False,1430.1373103015992,1693.851397556134,1421.5851419183587,1702.4035659393746,-263.7140872545349,0.28041297534883336
2021,2021-04-21,True,False,det,dal,117,127,36,22,32,27,0,33,34,33,27,0,home,10.5,218.0,500.0,-700.0,3.0,107.0,0.0,1,True,1485.2747362375283,1376.7158767477924,1507.2959510828177,1354.694661902503,108.55885948973582,0.7686246209862838
2021,2021-04-21,True,False,mia,sa,107,87,27,24,26,30,0,27,26,19,15,0,away,1.5,215.5,-130.0,110.0,1.0,105.0,1.0,0,False,1510.5738820563072,1514.9529547677664,1425.6120990151853,1599.9147378088883,-4.37907271145923,0.634237274997664
2021,2021-04-21,True,False,mem,lac,105,117,39,23,20,23,0,24,29,34,30,0,away,4.5,223.5,-180.0,160.0,0.5,113.5,0.0,0,True,1810.0766693868427,1739.604348833501,1838.8195543262439,1710.8614638940999,70.47232055334166,0.7273695708386828
2021,2021-04-21,True,False,bkn,tor,103,114,36,22,23,22,0,23,33,36,22,0,home,4.5,232.0,165.0,-185.0,3.5,113.5,1.0,0,True,1380.8283259439252,1620.3144447143845,1456.336179237853,1544.8065914204567,-239.48611877045937,0.30939555616368825
2021,2021-04-21,True,False,okc,ind,116,122,28,29,29,30,0,34,33,26,29,0,home,9.0,231.0,310.0,-370.0,2.0,112.0,0.0,1,True,1398.2014638774187,1049.8141820492212,1402.6693896395777,1045.3462562870623,348.3872818281975,0.9296368722512198
2021,2021-04-21,True,False,gs,wsh,114,118,20,38,35,21,0,38,22,26,32,0,away,2.0,241.0,-140.0,120.0,2.0,117.5,0.0,0,True,1527.9171354777602,1570.500015821524,1557.5260063567969,1540.8911449424872,-42.58288034376369,0.5818857761361301
2021,2021-04-21,True,False,phx,phi,116,113,28,26,23,39,0,29,25,22,37,0,away,3.0,217.0,-155.0,135.0,2.5,110.0,2.0,1,False,1704.7563039925715,1737.064752927312,1668.3898123793895,1773.431244540494,-32.308448934740454,0.5962017852825865
2021,2021-04-21,True,False,utah,hou,112,89,34,27,30,21,0,27,16,20,26,0,away,11.5,224.0,-700.0,500.0,1.0,114.0,1.0,0,False,1174.5172047681172,1738.2971770254994,1165.4582874363782,1747.3560943572384,-563.7799722573823,0.0647831961958012
2021,2021-04-21,True,False,chi,cle,105,121,12,32,28,33,0,34,27,38,22,0,away,2.0,210.5,-135.0,115.0,6.0,107.0,0.0,1,True,1255.221258054447,1420.3993350514306,1329.1097720606977,1346.51082104518,-165.1780769969837,0.4072862840506045
2021,2021-04-22,True,False,lal,dal,110,115,26,25,39,20,0,31,31,32,21,0,home,3.5,215.5,140.0,-160.0,1.5,105.5,1.0,1,True,1507.2959510828177,1569.6606658243281,1542.4613273949035,1534.4952895122424,-62.3647147415104,0.5539506771261686
2021,2021-04-22,True,False,det,sa,91,106,25,22,23,21,0,26,31,25,24,0,home,7.0,214.0,210.0,-250.0,1.0,104.5,1.0,0,True,1425.6120990151853,1354.694661902503,1456.611033974011,1323.6957269436773,70.91743711268236,0.7278773860734074
2021,2021-04-22,True,False,cha,chi,91,108,23,21,23,24,0,34,24,30,20,0,home,1.0,210.5,100.0,-120.0,3.5,103.0,1.0,0,True,1346.51082104518,1447.024916513937,1410.1930901691162,1383.3426473900006,-100.51409546875698,0.4992601576882442
2021,2021-04-22,True,False,phx,bos,86,99,21,16,28,21,0,26,27,24,22,0,away,1.5,220.5,-120.0,100.0,6.0,112.5,0.0,0,True,1630.4944074972227,1773.431244540494,1695.6924516289296,1708.233200408787,-142.93683704327123,0.43852158358299403
2021,2021-04-22,True,False,no,orl,135,100,29,45,34,27,0,27,25,18,30,0,away,10.5,219.5,-500.0,400.0,0.5,107.0,1.0,1,False,1149.189992660232,1433.1346625701287,1108.5847281516167,1473.7399270787441,-283.9446699098967,0.25752533654752724
2021,2021-04-22,True,False,phi,mil,117,124,26,34,27,30,0,40,37,31,16,0,home,6.5,224.5,235.0,-275.0,2.0,109.0,1.0,1,True,1630.5128953719377,1668.3898123793895,1668.1667802076045,1630.7359275437227,-37.876917007451766,0.588461568768026
2021,2021-04-23,True,False,bos,bkn,104,109,25,26,22,31,0,21,39,28,21,0,home,3.5,224.5,135.0,-155.0,1.0,114.5,1.0,0,True,1544.8065914204567,1695.6924516289296,1589.9576843933876,1650.5413586559987,-150.88586020847288,0.42728852753190794
2021,2021-04-23,True,False,mia,atl,103,118,30,31,28,14,0,31,31,33,23,0,away,6.5,211.5,-260.0,220.0,5.0,104.5,0.0,1,True,1628.5467149197511,1599.9147378088883,1666.842362728066,1561.6190900005734,28.631977110862863,0.6770975704547103
2021,2021-04-23,True,False,cle,cha,102,108,20,35,23,24,0,22,26,30,30,0,home,1.0,211.5,100.0,-120.0,2.5,103.0,1.0,0,True,1383.3426473900006,1329.1097720606977,1407.021565065929,1305.4308543847692,54.23287532930294,0.7084433556206585
2021,2021-04-23,True,False,wsh,okc,129,109,36,34,30,29,0,35,33,22,19,0,away,9.0,232.0,-450.0,375.0,5.0,113.0,1.0,1,False,1045.3462562870623,1557.5260063567969,1033.9224357758112,1568.949826868048,-512.1797500697346,0.08527849265606265
2021,2021-04-23,True,False,lac,hou,109,104,37,28,11,33,0,36,25,19,24,0,away,9.0,223.5,-430.0,360.0,4.0,108.5,0.0,0,False,1165.4582874363782,1838.8195543262439,1162.6553873201592,1841.6224544424629,-673.3612668898656,0.03555291681871672
2021,2021-04-23,True,False,mem,por,130,128,28,34,38,30,0,23,33,43,29,0,home,4.0,232.5,155.0,-175.0,4.5,118.5,0.0,1,False,1421.5851419183587,1710.8614638940999,1409.4181943866276,1723.0284114258309,-289.2763219757412,0.25170074799300185
2021,2021-04-23,True,False,den,gs,97,118,24,26,24,23,0,30,24,32,32,0,away,2.5,228.0,-140.0,120.0,2.0,111.0,0.0,0,True,1540.8911449424872,1702.4035659393746,1620.8095530094145,1622.4851578724474,-161.51242099688739,0.4123899999842618
2021,2021-04-24,True,False,chi,mia,101,106,18,23,22,38,0,33,28,19,26,0,home,4.5,203.5,170.0,-190.0,3.0,103.5,1.0,1,True,1561.6190900005734,1410.1930901691162,1574.6565957094747,1397.1555844602149,151.42599983145715,0.8095863146609681
2021,2021-04-24,True,False,min,utah,101,96,26,26,30,19,0,40,18,16,22,0,home,12.5,231.0,600.0,-900.0,5.5,112.0,0.0,0,False,1747.3560943572384,1332.9206736272,1694.3608758977414,1385.9158920866969,414.43542073003846,0.9507961740424345
2021,2021-04-24,True,False,hou,den,116,129,26,24,32,34,0,36,36,30,27,0,home,14.0,219.0,800.0,-1400.0,1.5,107.0,0.0,1,True,1622.4851578724474,1162.6553873201592,1625.5334337414558,1159.6071114511508,459.8297705522882,0.961677398519113
2021,2021-04-24,True,False,lal,dal,93,108,26,32,21,14,0,23,23,33,29,0,home,1.5,217.5,105.0,-125.0,4.5,106.0,1.0,0,True,1542.4613273949035,1534.4952895122424,1584.7539498649496,1492.2026670421963,7.966037882661112,0.6505601855303946
2021,2021-04-24,True,False,phi,mil,94,132,17,23,23,31,0,26,24,36,46,0,home,9.0,226.5,330.0,-400.0,1.5,110.5,1.0,0,True,1668.1667802076045,1630.7359275437227,1716.6345490412027,1582.2681587101245,37.43085266388175,0.688070817389139
2021,2021-04-24,True,False,sa,no,110,108,31,30,24,25,0,24,28,32,24,0,home,3.0,228.0,130.0,-150.0,4.0,116.0,0.0,0,False,1473.7399270787441,1456.611033974011,1442.2568852582565,1488.0940757944986,17.12889310473315,0.6624537280668484
2021,2021-04-24,True,False,tor,ny,103,120,26,33,24,20,0,30,34,24,32,0,away,1.0,212.0,-110.0,-110.0,2.0,104.5,0.0,1,True,1774.8751796039903,1456.336179237853,1782.8292254284784,1448.382133413365,318.5390003661373,0.9175340460362786
2021,2021-04-24,True,False,det,ind,109,115,25,36,21,27,0,35,23,26,31,0,home,4.0,229.5,165.0,-185.0,4.0,113.0,1.0,0,True,1402.6693896395777,1323.6957269436773,1423.542037264103,1302.823079319152,78.97366269590043,0.7369653724466849
2021,2021-04-25,True,False,bos,cha,104,125,23,29,36,16,0,33,30,37,25,0,away,8.0,211.5,-340.0,280.0,8.0,108.0,0.0,1,True,1407.021565065929,1650.5413586559987,1501.619591528605,1555.9433321933227,-243.51979359006964,0.3044562864081205
2021,2021-04-25,True,False,phx,bkn,119,128,32,29,31,27,0,27,32,38,31,0,home,1.0,231.0,-105.0,-115.0,2.0,118.0,1.0,1,True,1589.9576843933876,1708.233200408787,1643.2767120069072,1654.9141727952674,-118.27551601539949,0.47372364834093955
2021,2021-04-25,True,False,mem,por,120,113,23,35,32,30,0,20,27,31,35,0,home,3.5,235.5,140.0,-160.0,5.0,119.5,0.0,0,False,1409.4181943866276,1723.0284114258309,1388.7178505666634,1743.7287552457951,-313.61021703920323,0.2262445710133262
2021,2021-04-25,True,False,cle,wsh,110,119,32,28,33,17,0,27,36,24,32,0,home,7.5,226.0,270.0,-330.0,3.5,110.0,1.0,1,True,1568.949826868048,1305.4308543847692,1577.755592310957,1296.6250889418602,263.51897248327873,0.8901802336484735
2021,2021-04-25,True,False,mil,atl,104,111,29,22,27,26,0,26,17,27,41,0,away,6.0,229.5,-240.0,200.0,1.5,116.0,0.0,0,True,1666.842362728066,1716.6345490412027,1706.0247260651226,1677.4521857041461,-49.79218631313665,0.5717560509342352
2021,2021-04-25,True,False,ind,orl,131,112,36,26,41,28,0,25,32,20,35,0,away,5.5,226.0,-230.0,195.0,2.0,110.0,1.0,1,False,1108.5847281516167,1423.542037264103,1078.9414820771897,1453.18528333853,-314.9573091124864,0.22488996897439772
2021,2021-04-25,True,False,sac,gs,113,117,39,26,27,21,0,32,31,31,23,0,home,7.5,233.0,270.0,-330.0,6.5,115.5,0.0,0,True,1620.8095530094145,1264.6211158201884,1624.3332058965361,1261.0974629330667,356.1884371892261,0.9325182629788802
2021,2021-04-26,True,False,chi,mia,110,102,20,32,24,34,0,26,27,29,20,0,home,6.0,206.0,200.0,-240.0,4.0,105.5,0.0,1,False,1574.6565957094747,1397.1555844602149,1506.3739019032364,1465.4382782664532,177.50101124925982,0.831658077742546
2021,2021-04-26,True,False,dal,sac,106,113,17,35,33,21,0,31,28,28,26,0,away,6.5,225.5,-250.0,210.0,5.5,110.0,0.0,0,True,1261.0974629330667,1584.7539498649496,1332.8041399493575,1513.0472728486588,-323.6564869318829,0.21628130810583807
2021,2021-04-26,True,False,mem,den,96,120,18,35,22,21,0,21,37,27,35,0,home,4.0,230.0,155.0,-175.0,1.0,117.0,1.0,0,True,1625.5334337414558,1743.7287552457951,1700.0539351472758,1669.2082538399752,-118.19532150433929,0.4738387401780156
2021,2021-04-26,True,False,utah,min,104,105,33,14,23,34,0,17,32,34,22,0,away,10.0,226.0,-550.0,425.0,7.5,114.0,0.0,0,True,1385.9158920866969,1694.3608758977414,1409.3542155105474,1670.9225524738908,-308.4449838110445,0.2314919779467986
2021,2021-04-26,True,False,cle,tor,96,112,23,25,22,26,0,33,16,32,31,0,home,11.5,212.5,575.0,-850.0,7.0,103.5,1.0,0,True,1448.382133413365,1296.6250889418602,1468.9599405232732,1276.047281831952,151.75704447150474,0.8098799087460332
2021,2021-04-26,True,False,phx,ny,118,110,29,27,31,31,0,36,27,24,23,0,away,2.5,215.0,-140.0,120.0,3.0,110.0,1.0,1,False,1782.8292254284784,1654.9141727952674,1715.3000353888376,1722.4433628349082,127.91505263321096,0.7878450461745273
2021,2021-04-26,True,False,okc,phi,90,121,26,19,21,24,0,34,26,33,28,0,home,15.5,219.0,1100.0,-2500.0,4.5,106.5,1.0,0,True,1582.2681587101245,1033.9224357758112,1584.570878624468,1031.6197158614677,548.3457229343132,0.9766191167259543
2021,2021-04-26,True,False,sa,wsh,146,143,38,27,30,38,13,34,28,33,38,10,away,2.5,231.5,-135.0,115.0,1.0,116.5,1.0,1,False,1577.755592310957,1488.0940757944986,1535.8440141356984,1530.005653969757,89.66151651645828,0.7487166558248959
2021,2021-04-26,True,False,lal,orl,114,103,28,22,29,35,0,16,40,24,23,0,away,11.5,208.0,-800.0,550.0,10.0,102.0,0.0,1,False,1078.9414820771897,1492.2026670421963,1063.4756241655602,1507.6685249538257,-413.2611849650066,0.14145270638188392
2021,2021-04-26,True,False,atl,det,86,100,23,21,23,19,0,27,28,19,26,0,away,4.0,215.5,-170.0,150.0,5.5,104.5,0.0,0,True,1302.823079319152,1706.0247260651226,1404.2671291100057,1604.5806762742689,-403.2016467459707,0.1486322575492206
2021,2021-04-26,True,False,lac,no,103,120,20,28,30,25,0,33,29,33,25,0,away,2.0,229.0,-130.0,110.0,5.0,112.0,0.0,0,True,1442.2568852582565,1841.6224544424629,1550.1726001570944,1733.706739543625,-399.3655691842064,0.15144829471703936
2021,2021-04-27,True,False,por,ind,133,112,34,39,40,20,0,35,27,16,34,0,away,6.0,242.0,-220.0,190.0,0.5,118.0,1.0,1,False,1453.18528333853,1388.7178505666634,1361.1327198304962,1480.7704140746973,64.4674327718667,0.7204612377099686
2021,2021-04-27,True,False,mil,cha,114,104,33,29,25,27,0,28,17,35,24,0,away,9.5,225.5,-420.0,350.0,0.5,114.0,1.0,0,False,1501.619591528605,1677.4521857041461,1460.2006911461576,1718.8710860865936,-175.8325941755411,0.3925687062876071
2021,2021-04-27,True,False,okc,bos,119,115,29,26,23,41,0,24,25,29,37,0,home,11.0,215.5,550.0,-800.0,9.5,105.5,0.0,1,False,1555.9433321933227,1031.6197158614677,1510.729461492887,1076.8335865619035,524.323616331855,0.973244509238946
2021,2021-04-27,True,False,bkn,tor,116,103,26,30,24,36,0,28,24,31,20,0,away,5.0,232.0,-200.0,175.0,2.0,112.5,1.0,0,False,1468.9599405232732,1643.2767120069072,1423.1336052319389,1689.1030472982416,-174.31677148363406,0.39465138122233934
2021,2021-04-27,True,False,min,hou,114,107,28,31,19,36,0,23,27,29,28,0,away,2.0,234.0,-130.0,110.0,1.5,114.0,1.0,0,False,1159.6071114511508,1409.3542155105474,1132.4403975610892,1436.520929400609,-249.74710405939663,0.2969188136851603
2021,2021-04-27,True,False,dal,gs,133,103,36,26,41,30,0,12,17,35,39,0,home,4.0,226.0,150.0,-170.0,9.5,110.0,0.0,1,False,1624.3332058965361,1513.0472728486588,1519.4495593807746,1617.9309193644203,111.28593304787728,0.7714046386574771
2021,2021-04-28,True,False,sa,mia,111,116,20,34,20,37,0,31,24,27,34,0,home,5.0,213.0,175.0,-200.0,3.0,109.5,2.0,1,True,1506.3739019032364,1530.005653969757,1537.2650562373647,1499.1144996356288,-23.631752066520676,0.6081663295383729
2021,2021-04-28,True,False,lac,phx,101,109,31,22,27,21,0,39,24,23,23,0,home,4.5,220.0,160.0,-180.0,0.5,107.5,1.0,0,True,1722.4433628349082,1733.706739543625,1758.6979435651872,1697.452158813346,-11.263376708716805,0.6249961190271667
2021,2021-04-28,True,False,utah,sac,154,105,30,46,40,38,0,27,17,30,31,0,away,8.5,221.0,-380.0,320.0,2.5,113.5,1.0,1,False,1332.8041399493575,1670.9225524738908,1297.9473983988155,1705.7792940244328,-338.11841252453337,0.20250358203517918
2021,2021-04-28,True,False,por,mem,130,109,38,36,28,28,0,23,23,37,26,0,home,1.5,239.0,100.0,-120.0,6.5,117.0,0.0,2,False,1669.2082538399752,1480.7704140746973,1573.0448177146611,1576.9338502000114,188.4378397652779,0.8402892317636338
2021,2021-04-28,True,False,no,den,112,114,25,26,27,34,0,35,25,27,27,0,home,4.0,230.0,150.0,-170.0,0.5,112.0,0.0,0,True,1700.0539351472758,1550.1726001570944,1708.1163652111193,1542.1101700932509,149.88133499018136,0.8082118120389563
2021,2021-04-28,True,False,cha,bos,111,120,19,28,33,31,0,39,19,30,32,0,home,6.5,214.5,220.0,-260.0,0.5,104.5,1.0,1,True,1510.729461492887,1460.2006911461576,1539.274016483939,1431.6561361551055,50.52877034672929,0.7040196616592117
2021,2021-04-28,True,False,lal,wsh,107,116,35,20,22,30,0,31,30,29,26,0,away,1.0,230.0,-115.0,-105.0,2.5,112.0,0.0,0,True,1535.8440141356984,1507.6685249538257,1567.7186198044055,1475.7939192851186,28.175489181872763,0.676522780105462
2021,2021-04-28,True,False,atl,phi,83,127,17,22,24,20,0,37,30,26,34,0,home,9.5,213.0,375.0,-450.0,2.0,103.5,1.0,0,True,1584.570878624468,1604.5806762742689,1649.370051805813,1539.7815030929237,-20.00979764980093,0.6131234420304322
2021,2021-04-28,True,False,chi,ny,94,113,19,29,27,19,0,32,20,24,37,0,home,4.0,210.5,155.0,-175.0,1.5,108.5,1.0,0,True,1715.3000353888376,1465.4382782664532,1727.7175234970528,1453.020790158238,249.86175712238446,0.8822556550394417
2021,2021-04-28,True,False,orl,cle,109,104,26,24,32,27,0,16,28,17,43,0,home,3.5,210.5,145.0,-165.0,3.5,108.0,0.0,1,False,1276.047281831952,1063.4756241655602,1220.2587489168266,1119.2641570806857,212.57165766639173,0.8580645677343159
2021,2021-04-29,True,False,tor,den,111,121,33,24,28,26,0,30,29,28,34,0,home,5.0,219.0,160.0,-180.0,2.5,107.5,1.0,1,True,1708.1163652111193,1423.1336052319389,1716.1884493316215,1415.0615211114366,284.9827599791804,0.901689457629285
2021,2021-04-29,True,False,dal,det,115,105,26,34,26,29,0,26,28,29,22,0,away,7.5,213.5,-320.0,265.0,2.5,104.5,1.0,1,False,1404.2671291100057,1617.9309193644203,1368.1813971522272,1654.0166513221989,-213.6637902544146,0.34202088851469903
2021,2021-04-29,True,False,bkn,ind,130,113,35,31,45,19,0,28,24,41,20,0,away,5.0,241.5,-210.0,180.0,1.0,118.0,1.0,1,False,1361.1327198304962,1689.1030472982416,1334.1583886774997,1716.077378451238,-327.9703274677454,0.21210177516962248
2021,2021-04-29,True,False,gs,min,114,126,25,33,33,23,0,35,25,29,37,0,away,4.5,234.5,-180.0,160.0,4.0,115.5,0.0,1,True,1436.520929400609,1519.4495593807746,1490.1793912281953,1465.7910975531884,-82.92862998016562,0.5245479242956964
2021,2021-04-29,True,False,mil,hou,136,143,38,35,25,38,0,29,36,39,39,0,away,14.0,233.0,-1250.0,800.0,4.0,118.5,0.0,1,True,1132.4403975610892,1718.8710860865936,1218.691519318073,1632.6199643296097,-586.4306885255044,0.05731768462188932
2021,2021-04-29,True,False,no,okc,109,95,31,29,19,30,0,20,23,25,27,0,away,9.5,232.5,-420.0,350.0,0.505,112.5,1.0,0,False,1076.8335865619035,1542.1101700932509,1063.865489305369,1555.0782673497854,-465.27658353134734,0.10883457145037276
2021,2021-04-30,True,False,utah,phx,100,121,23,29,20,28,0,39,29,28,25,0,home,3.5,219.0,140.0,-160.0,3.0,112.0,1.0,1,True,1758.6979435651872,1705.7792940244328,1796.5605788393343,1667.9166587502857,52.91864954075436,0.7068782736916912
2021,2021-04-30,True,False,mil,chi,108,98,28,24,28,28,0,16,28,19,35,0,away,1.5,224.0,-130.0,110.0,1.5,113.5,1.0,0,False,1453.020790158238,1632.6199643296097,1412.1461056440023,1673.4946488438454,-179.59917417137171,0.3874106234473484
2021,2021-04-30,True,False,por,bkn,128,109,23,36,35,34,0,25,32,24,28,0,away,3.0,242.0,-150.0,130.0,1.5,118.0,1.0,0,False,1716.077378451238,1576.9338502000114,1623.6876431531384,1669.323585498111,139.1435282512266,0.7984477388563062
2021,2021-04-30,True,False,sac,lal,110,106,30,25,23,32,0,23,33,32,18,0,home,11.5,224.5,475.0,-650.0,7.5,109.5,0.0,0,False,1475.7939192851186,1297.9473983988155,1425.775691524669,1347.9656261592652,177.8465208863031,0.8319363477684824
2021,2021-04-30,True,False,sa,bos,140,143,39,38,26,25,12,16,32,42,38,15,home,4.5,222.0,160.0,-180.0,9.5,113.5,0.0,1,True,1539.274016483939,1499.1144996356288,1557.369030830388,1481.0194852891798,40.159516848310204,0.6914320995230732
2021,2021-04-30,True,False,wsh,cle,122,93,35,23,33,31,0,30,22,16,25,0,away,6.5,231.5,-265.0,225.0,1.5,113.5,1.0,0,False,1220.2587489168266,1567.7186198044055,1191.2323974531364,1596.7449712680957,-347.459870887579,0.19395810709185277
2021,2021-04-30,True,False,orl,mem,75,92,20,23,15,17,0,19,20,36,17,0,home,13.0,222.0,600.0,-900.0,10.0,113.5,1.0,0,True,1573.0448177146611,1119.2641570806857,1576.5113551904433,1115.7976196049035,453.78066063397546,0.9603732545359236
2021,2021-04-30,True,False,atl,phi,104,126,26,20,31,27,0,23,42,29,32,0,home,7.5,223.5,275.0,-335.0,2.0,108.0,1.0,1,True,1649.370051805813,1539.7815030929237,1678.007471940949,1511.1440829577878,109.5885487128894,0.7696770700366113
2021,2021-05-01,True,False,tor,utah,102,106,33,29,27,13,0,29,27,29,21,0,home,7.0,215.5,225.0,-265.0,7.0,105.0,0.0,0,True,1667.9166587502857,1415.0615211114366,1674.4714236303546,1408.5067562313677,252.8551376388491,0.8840338945133933
2021,2021-05-01,True,False,den,lac,110,104,27,25,31,27,0,28,19,26,31,0,home,6.0,222.0,210.0,-250.0,6.0,108.0,0.0,0,False,1697.452158813346,1716.1884493316215,1644.8077395328314,1768.832868612136,-18.73629051827561,0.6148609046198754
2021,2021-05-01,True,False,wsh,dal,124,125,26,39,32,27,0,38,32,19,36,0,home,4.5,232.5,175.0,-200.0,1.5,114.5,0.0,1,True,1654.0166513221989,1596.7449712680957,1662.3231641021496,1588.438458488145,57.27168005410317,0.7120432923208545
2021,2021-05-01,True,False,mem,orl,111,112,36,24,25,26,0,29,17,30,36,0,away,11.0,218.0,-800.0,550.0,2.0,111.0,0.0,1,True,1115.7976196049035,1576.5113551904433,1142.898309646955,1549.4106651483917,-460.7137355855398,0.11140838344688886
2021,2021-05-01,True,False,ind,okc,152,95,42,40,44,26,0,29,17,24,25,0,away,8.5,232.0,-380.0,320.0,3.5,112.0,1.0,1,False,1063.865489305369,1334.1583886774997,1015.1208747093364,1382.9030032735325,-270.2928993721307,0.27283529088633873
2021,2021-05-01,True,False,chi,atl,97,108,26,37,12,22,0,31,23,28,26,0,home,9.0,217.5,310.0,-370.0,9.0,112.0,1.0,0,True,1511.1440829577878,1412.1461056440023,1535.1510171884279,1388.1391714133622,98.99797731378544,0.7586924884790353
2021,2021-05-01,True,False,mia,cle,124,107,29,38,32,25,0,36,24,26,21,0,away,11.5,209.0,-800.0,550.0,4.0,102.5,1.0,1,False,1191.2323974531364,1537.2650562373647,1166.4017522117852,1562.095701478716,-346.03265878422826,0.19524576548073946
2021,2021-05-01,True,False,no,min,140,136,38,27,33,25,17,30,35,32,26,13,away,3.5,239.5,-160.0,140.0,2.5,116.5,1.0,1,False,1490.1793912281953,1555.0782673497854,1451.206674999448,1594.0509835785326,-64.89887612159009,0.5503434110817957
2021,2021-05-01,True,False,gs,hou,113,87,22,27,39,25,0,24,31,12,20,0,away,8.5,233.0,-380.0,320.0,9.0,114.0,1.0,0,False,1218.691519318073,1465.7910975531884,1175.170494468872,1509.3121224023894,-247.09957823511536,0.30011018182381904
2021,2021-05-01,True,False,det,cha,94,107,18,24,28,24,0,26,32,21,28,0,home,7.0,216.0,265.0,-320.0,1.0,105.5,1.0,0,True,1431.6561361551055,1368.1813971522272,1462.304191615294,1337.5333416920387,63.47473900287832,0.719308926096544
2021,2021-05-02,True,False,phx,okc,123,120,27,37,34,25,0,33,24,28,35,0,away,15.0,221.5,-1600.0,900.0,7.0,113.5,0.0,1,False,1015.1208747093364,1796.5605788393343,1013.9372909476793,1797.7441626009913,-781.439704129998,0.019403982084310767
2021,2021-05-02,True,False,tor,lal,121,114,32,40,27,22,0,38,21,25,30,0,home,10.0,215.0,400.0,-500.0,10.5,106.5,0.0,1,False,1425.775691524669,1408.5067562313677,1366.1769206131078,1468.1055271429288,17.268935293301183,0.6626339661479931
2021,2021-05-02,True,False,sac,dal,111,99,36,25,26,24,0,26,28,18,27,0,home,6.5,226.5,235.0,-275.0,8.0,111.0,0.0,0,False,1662.3231641021496,1347.9656261592652,1583.6967471862915,1426.5920430751232,314.3575379428844,0.9156943484901082
2021,2021-05-02,True,False,mia,cha,121,111,35,30,35,21,0,32,26,22,31,0,away,5.5,213.0,-220.0,190.0,1.5,104.5,1.0,1,False,1462.304191615294,1562.095701478716,1409.5188390292508,1614.8810540647592,-99.79150986342188,0.5003000413893107
2021,2021-05-02,True,False,por,bos,129,119,34,37,32,26,0,32,39,27,21,0,away,1.0,235.0,-120.0,100.0,1.0,116.0,1.0,1,False,1557.369030830388,1669.323585498111,1506.4297666565171,1720.262849671982,-111.95455466772296,0.48280279899592693
2021,2021-05-02,True,False,phi,sa,113,111,37,24,28,18,6,27,25,27,28,4,away,10.0,219.0,-600.0,450.0,3.0,107.0,0.0,1,False,1481.0194852891798,1678.007471940949,1463.4270543028315,1695.5999029272973,-196.98798665176923,0.3639391085340851
2021,2021-05-02,True,False,bkn,mil,114,117,37,22,31,24,0,28,34,28,27,0,home,2.5,243.0,125.0,-145.0,1.0,119.0,1.0,0,True,1673.4946488438454,1623.6876431531384,1690.7423448320737,1606.43994716491,49.807005690707,0.7031531655330281
2021,2021-05-02,True,False,ny,hou,122,97,34,25,34,29,0,24,20,27,26,0,away,10.0,218.5,-650.0,475.0,1.5,106.0,1.0,1,False,1175.170494468872,1727.7175234970528,1165.3057455377777,1737.582272428147,-552.5470290281808,0.06881282881789512
2021,2021-05-03,True,False,sa,utah,99,110,22,21,29,27,0,31,29,29,21,0,home,7.5,220.5,270.0,-330.0,0.5,112.5,1.0,0,True,1674.4714236303546,1463.4270543028315,1687.3826577504694,1450.5158201827167,211.0443693275231,0.856990444658715
2021,2021-05-03,True,False,ny,mem,118,104,25,44,28,21,0,22,36,22,24,0,home,4.0,221.0,160.0,-180.0,5.0,107.5,0.0,1,False,1549.4106651483917,1737.582272428147,1504.636505523808,1782.3564320527307,-188.17160727975534,0.3757664966876111
2021,2021-05-03,True,False,phi,chi,106,94,34,26,23,23,0,20,23,20,31,0,away,7.5,211.0,-310.0,260.0,0.5,103.5,1.0,0,False,1388.1391714133622,1695.5999029272973,1361.8995726361009,1721.8395017045586,-307.4607315139351,0.23250147841329158
2021,2021-05-03,True,False,den,lal,89,93,24,18,23,24,0,20,25,25,23,0,away,4.0,213.5,-180.0,160.0,1.5,103.5,0.0,0,True,1366.1769206131078,1768.832868612136,1426.4385753208987,1708.571213904345,-402.6559479990283,0.14903019808365323
2021,2021-05-03,True,False,gs,no,123,108,39,27,29,28,0,21,33,26,28,0,home,1.5,236.5,110.0,-130.0,4.5,117.0,0.0,0,False,1594.0509835785326,1509.3121224023894,1510.4512272440115,1592.9118787369105,84.73886117614325,0.7433478368355648
2021,2021-05-03,True,False,ind,wsh,141,154,31,35,36,39,0,36,46,40,32,0,home,4.5,246.0,170.0,-190.0,3.0,120.0,1.0,1,True,1588.438458488145,1382.9030032735325,1602.5919086811055,1368.749553080572,205.5354552146125,0.8530597388476354
2021,2021-05-03,True,False,orl,det,119,112,21,30,37,31,0,26,22,30,34,0,home,2.0,210.0,110.0,-130.0,1.5,107.5,0.0,1,False,1337.5333416920387,1142.898309646955,1272.8145272811992,1207.6171240577946,194.63503204508356,0.8450188687893762
2021,2021-05-03,True,False,por,atl,114,123,31,31,33,19,0,32,36,34,21,0,home,2.5,237.0,115.0,-135.0,0.0,115.5,1.0,2,True,1535.1510171884279,1720.262849671982,1597.974963350867,1657.4389035095428,-185.11183248355405,0.3799069738696754
2021,2021-05-04,True,False,cha,det,102,99,30,23,25,24,0,28,21,23,27,0,away,4.0,218.0,-180.0,160.0,1.0,107.0,0.0,0,False,1272.8145272811992,1409.5188390292508,1245.5260840872913,1436.8072822231586,-136.70431174805162,0.44737388260717215
2021,2021-05-04,True,False,phx,cle,134,118,30,29,31,24,20,24,29,35,26,4,away,12.5,220.0,-1100.0,700.0,5.5,111.0,1.0,1,False,1166.4017522117852,1797.7441626009913,1160.8112655943644,1803.334649218412,-631.3424103892062,0.044845374704606186
2021,2021-05-04,True,False,tor,lac,100,105,30,24,28,18,0,26,22,34,23,0,home,11.5,217.5,525.0,-750.0,9.5,106.0,0.0,0,True,1644.8077395328314,1468.1055271429288,1656.1296123545503,1456.78365432121,176.70221238990257,0.8310133263558191
2021,2021-05-04,True,False,bkn,mil,118,124,33,25,36,24,0,34,32,26,32,0,home,2.0,242.5,105.0,-125.0,1.5,119.0,1.0,0,True,1690.7423448320737,1606.43994716491,1711.0463081182074,1586.1359838787764,84.30239766716363,0.7428682071753423
2021,2021-05-04,True,False,dal,mia,127,113,30,33,35,29,0,39,15,23,36,0,home,0.0,216.5,-110.0,-110.0,2.0,105.5,0.0,1,False,1614.8810540647592,1583.6967471862915,1536.2716505601568,1662.306150690894,31.184306878467623,0.6803014685791822
2021,2021-05-04,True,False,gs,no,103,108,34,23,22,24,0,32,24,19,33,0,home,2.0,235.0,110.0,-130.0,0.0,115.5,1.0,0,True,1510.4512272440115,1592.9118787369105,1547.8816771030447,1555.4814288778773,-82.46065149289893,0.5252197312972717
2021,2021-05-04,True,False,sac,okc,103,99,25,31,25,22,0,20,26,23,30,0,away,5.5,227.0,-210.0,180.0,0.0,111.0,0.0,0,False,1013.9372909476793,1426.5920430751232,1003.8902199400424,1436.6391140827602,-412.6547521274439,0.14187718652377057
2021,2021-05-05,True,False,wsh,mil,134,135,37,34,24,39,0,29,42,32,32,0,home,4.0,243.0,155.0,-175.0,2.5,119.0,0.0,1,True,1711.0463081182074,1602.5919086811055,1717.415409496998,1596.2228073023148,108.45439943710198,0.7685176644040541
2021,2021-05-05,True,False,ny,den,97,113,12,31,26,28,0,34,30,25,24,0,home,3.5,214.5,140.0,-160.0,4.0,105.0,1.0,0,True,1708.571213904345,1782.3564320527307,1766.2078235392694,1724.7198224178064,-73.78521814838564,0.537654674330699
2021,2021-05-05,True,False,sa,utah,94,126,26,16,21,31,0,38,28,34,26,0,home,7.0,219.0,240.0,-280.0,3.0,111.5,1.0,1,True,1687.3826577504694,1450.5158201827167,1703.022692368883,1434.875785564303,236.86683756775278,0.8742599851562234
2021,2021-05-05,True,False,phi,hou,135,115,39,36,33,27,0,30,33,28,24,0,away,14.5,220.5,-1500.0,850.0,5.0,109.0,1.0,1,False,1165.3057455377777,1721.8395017045586,1156.2827028075708,1730.8625444347656,-556.5337561667809,0.06735675533815202
2021,2021-05-05,True,False,sac,ind,104,93,30,26,29,19,0,26,21,21,25,0,home,6.0,239.0,210.0,-250.0,6.0,116.0,0.0,0,False,1368.749553080572,1436.6391140827602,1309.043462209547,1496.3452049537852,-67.8895610021882,0.5460795120093876
2021,2021-05-05,True,False,phx,atl,103,135,38,27,23,15,0,42,25,30,38,0,away,1.0,227.0,-115.0,-105.0,0.0,116.0,0.0,1,True,1597.974963350867,1803.334649218412,1697.5353541183501,1703.774258450929,-205.35968586754507,0.3528582123650794
2021,2021-05-05,True,False,por,cle,141,105,29,38,35,39,0,28,29,23,25,0,away,12.0,226.5,-900.0,600.0,3.5,110.5,1.0,1,False,1160.8112655943644,1657.4389035095428,1146.1106586031226,1672.1395105007846,-496.6276379151784,0.09252625299968258
2021,2021-05-05,True,False,bos,orl,132,96,39,24,37,32,0,27,18,30,21,0,away,12.5,221.0,-950.0,625.0,2.0,112.0,1.0,1,False,1207.6171240577946,1506.4297666565171,1169.2470517105091,1544.7998390038026,-298.8126425987225,0.24150288649551613
2021,2021-05-05,True,False,mem,min,139,135,33,40,34,32,0,29,34,40,32,0,away,3.5,237.5,-160.0,140.0,1.0,121.5,1.0,1,False,1451.206674999448,1504.636505523808,1411.0812320973553,1544.7619484259008,-53.429830524359886,0.5666213509033483
2021,2021-05-06,True,False,chi,cha,120,99,34,25,37,24,0,24,29,21,25,0,away,4.5,219.0,-180.0,160.0,1.5,112.0,1.0,2,False,1436.8072822231586,1361.8995726361009,1344.1378099072178,1454.5690449520416,74.90770958705775,0.7324031803835527
2021,2021-05-06,True,False,bkn,dal,109,113,32,30,21,26,0,37,26,19,31,0,away,3.0,235.5,-150.0,130.0,2.5,116.0,0.0,0,True,1662.306150690894,1586.1359838787764,1679.821269543058,1568.6208650266124,76.17016681211749,0.7338250793923012
2021,2021-05-06,True,False,wsh,tor,131,129,31,20,31,33,16,33,27,26,29,14,away,2.0,235.5,-135.0,115.0,4.0,114.5,2.0,1,False,1456.78365432121,1596.2228073023148,1435.3460576427176,1617.6604039808071,-139.43915298110483,0.44348503230383907
2021,2021-05-06,True,False,mem,det,97,111,32,17,21,27,0,31,27,20,33,0,away,9.0,222.5,-450.0,375.0,8.0,113.0,0.0,0,True,1245.5260840872913,1544.7619484259008,1335.9573492895927,1454.3306832235994,-299.2358643386094,0.24105689529370075
2021,2021-05-06,True,False,atl,ind,126,133,26,32,38,30,0,36,36,38,23,0,away,6.0,238.5,-245.0,205.0,7.5,117.0,0.0,1,True,1309.043462209547,1697.5353541183501,1385.929905164517,1620.64891116338,-388.49189190880315,0.1596690154338812
2021,2021-05-06,True,False,okc,gs,97,118,24,25,23,25,0,31,30,27,30,0,home,13.5,225.0,825.0,-1350.0,4.0,109.5,1.0,0,True,1555.4814288778773,1003.8902199400424,1557.4938344917073,1001.8778143262124,551.591208937835,0.9770419401283847
2021,2021-05-06,True,False,lal,lac,94,118,20,22,29,23,0,29,36,27,26,0,home,8.5,212.0,320.0,-380.0,0.5,104.0,1.0,2,True,1656.1296123545503,1426.4385753208987,1671.1429425104934,1411.4252451649556,229.69103703365158,0.869648466977201
2021,2021-05-07,True,False,cle,dal,90,110,19,18,28,25,0,33,29,24,24,0,home,10.5,217.0,450.0,-600.0,1.0,105.5,1.0,0,True,1679.821269543058,1146.1106586031226,1682.0383707592782,1143.8935573869023,533.7106109399353,0.9746161737230121
2021,2021-05-07,True,False,den,utah,120,127,41,32,26,21,0,40,29,29,29,0,home,4.5,215.0,160.0,-180.0,3.0,106.5,1.0,1,True,1703.022692368883,1766.2078235392694,1743.940961581039,1725.2895543271136,-63.185131170386285,0.5527834539838119
2021,2021-05-07,True,False,sa,sac,113,104,25,27,26,35,0,21,28,32,23,0,away,4.5,223.5,-190.0,170.0,1.5,114.0,1.0,0,False,1496.3452049537852,1434.875785564303,1427.912566041861,1503.3084244762272,61.469419389482255,0.7169723530043144
2021,2021-05-07,True,False,ny,phx,105,128,33,30,25,17,0,30,26,34,38,0,home,6.5,217.0,225.0,-265.0,6.0,106.5,1.0,1,True,1703.774258450929,1724.7198224178064,1758.051678503409,1670.4424023653264,-20.945563966877444,0.6118449232402093
2021,2021-05-07,True,False,lal,por,101,106,22,33,23,23,0,34,25,23,24,0,home,7.5,223.0,270.0,-330.0,3.0,109.0,0.0,0,True,1672.1395105007846,1411.4252451649556,1679.1062955884586,1404.4584600772816,260.71426533582894,0.8885919184415415
2021,2021-05-07,True,False,hou,mil,133,141,34,29,29,41,0,34,30,43,34,0,home,17.5,233.0,1400.0,-4000.0,10.0,112.5,0.0,1,True,1717.415409496998,1156.2827028075708,1718.7628262315511,1154.9352860730178,561.1327066894273,0.9782422173166223
2021,2021-05-07,True,False,bos,chi,99,121,28,18,28,25,0,30,30,34,27,0,away,4.0,226.0,-175.0,155.0,6.5,114.5,0.0,0,True,1454.5690449520416,1544.7998390038026,1521.6108221141264,1477.7580618417178,-90.230794051761,0.5140553135314179
2021,2021-05-07,True,False,no,phi,107,109,21,33,37,16,0,32,38,18,21,0,home,11.5,223.5,550.0,-800.0,1.5,108.5,0.0,0,True,1730.8625444347656,1547.8816771030447,1737.5627516369939,1541.1814699008164,182.9808673317209,0.8360283280439126
2021,2021-05-07,True,False,min,mia,112,121,32,22,24,34,0,28,31,30,32,0,home,8.0,228.5,280.0,-340.0,3.5,110.5,1.0,1,True,1536.2716505601568,1411.0812320973553,1555.611497623662,1391.74138503385,125.19041846280152,0.7852116629833776
2021,2021-05-07,True,False,orl,cha,112,122,31,31,27,23,0,26,34,34,28,0,home,7.5,214.0,260.0,-310.0,6.5,110.0,1.0,1,True,1344.1378099072178,1169.2470517105091,1359.4450851285092,1153.9397764892178,174.8907581967087,0.8295439224757325
2021,2021-05-08,True,False,hou,utah,116,124,32,28,23,33,0,32,34,30,28,0,home,16.0,225.5,1100.0,-2500.0,7.5,110.0,0.0,1,True,1743.940961581039,1154.9352860730178,1745.0721551009487,1153.804092553108,589.0056755080211,0.9814076095053673
2021,2021-05-08,True,False,okc,gs,97,136,25,23,19,30,0,37,36,33,30,0,home,13.0,222.5,800.0,-1250.0,1.0,108.5,1.0,1,True,1557.4938344917073,1001.8778143262124,1559.8356156008401,999.5360332170796,555.6160201654949,0.9775559325460967
2021,2021-05-08,True,False,bkn,den,125,119,24,32,41,28,0,37,34,33,15,0,away,4.0,232.0,-165.0,145.0,6.5,112.0,1.0,1,False,1725.2895543271136,1568.6208650266124,1665.0204081162863,1628.8900112374397,156.66868930050123,0.8141952399589203
2021,2021-05-08,True,False,sa,por,102,124,26,21,28,27,0,27,30,33,34,0,home,6.0,233.0,200.0,-240.0,0.0,118.0,1.0,0,True,1679.1062955884586,1503.3084244762272,1699.0202010038818,1483.394519060804,175.7978711122314,0.8302810137116232
2021,2021-05-08,True,False,det,phi,104,118,17,26,30,31,0,34,22,33,29,0,home,9.5,216.5,400.0,-500.0,1.0,106.5,1.0,1,True,1737.5627516369939,1335.9573492895927,1742.0494065632065,1331.47069436338,401.6054023474012,0.947223687322333
2021,2021-05-08,True,False,wsh,ind,133,132,33,30,29,32,9,32,30,39,23,8,away,4.0,250.5,-180.0,160.0,3.0,122.5,0.0,1,False,1385.929905164517,1617.6604039808071,1376.2004308882226,1627.3898782571016,-231.73049881629004,0.31901509747424656
2021,2021-05-08,True,False,mem,tor,109,99,26,21,34,28,0,26,20,26,27,0,away,6.5,225.5,-260.0,220.0,4.0,114.5,1.0,0,False,1435.3460576427176,1454.3306832235994,1370.5094096935613,1519.1673311727557,-18.98462558088181,0.6145223260492859
2021,2021-05-09,True,False,ny,lac,106,100,26,30,23,27,0,29,25,20,26,0,home,7.5,215.0,290.0,-350.0,6.5,106.0,0.0,0,False,1671.1429425104934,1670.4424023653264,1616.299467593788,1725.2858772820318,0.7005401451669968,0.6409935193755038
2021,2021-05-09,True,False,no,cha,112,110,34,23,32,23,0,25,42,29,14,0,home,3.0,224.0,135.0,-155.0,1.5,110.0,0.0,0,False,1359.4450851285092,1541.1814699008164,1340.8590060536696,1559.767548975656,-181.73638477230725,0.3844949600706156
2021,2021-05-09,True,False,mia,bos,130,124,36,43,26,25,0,23,30,31,40,0,home,1.0,222.0,-110.0,-110.0,6.5,109.5,0.0,1,False,1477.7580618417178,1555.611497623662,1432.222891902175,1601.1466675632048,-77.8534357819442,0.5318283716239977
2021,2021-05-09,True,False,dal,cle,124,97,39,25,34,26,0,30,23,19,25,0,away,10.5,218.0,-600.0,450.0,3.0,106.5,1.0,1,False,1143.8935573869023,1682.0383707592782,1132.997141245592,1692.9347869005885,-538.1448133723759,0.0743189142914864
2021,2021-05-09,True,False,phx,lal,110,123,19,28,30,33,0,30,29,39,25,0,away,6.5,217.0,-250.0,210.0,7.0,110.0,0.0,1,True,1404.4584600772816,1758.051678503409,1498.6888814306537,1663.821257150037,-353.59321842612735,0.18849793019989927
2021,2021-05-09,True,False,okc,sac,98,126,25,26,20,27,0,33,38,35,20,0,home,9.5,224.0,375.0,-450.0,0.5,110.0,1.0,2,True,1427.912566041861,999.5360332170796,1432.640684551545,994.8079147073956,428.3765328247814,0.9544176080705907
2021,2021-05-09,True,False,chi,det,108,96,28,29,26,25,0,18,21,29,28,0,away,9.5,216.5,-450.0,375.0,1.0,109.0,1.0,0,False,1331.47069436338,1521.6108221141264,1289.3620798982938,1563.7194365792127,-190.1401277507464,0.3731122263024818
2021,2021-05-09,True,False,min,orl,128,96,34,40,33,21,0,19,25,25,27,0,away,7.5,232.5,-300.0,250.0,2.5,114.0,1.0,0,False,1153.9397764892178,1391.74138503385,1106.0210599374386,1439.6601015856293,-237.80160854463224,0.3114712954764488
2021,2021-05-10,True,False,utah,gs,116,119,30,19,26,41,0,31,23,35,30,0,away,2.0,226.5,-125.0,105.0,2.0,115.5,0.0,1,True,1559.8356156008401,1745.0721551009487,1597.6697146584595,1707.2380560433294,-185.23653950010862,0.37973787401216785
2021,2021-05-10,True,False,mil,sa,125,146,36,28,31,30,0,45,42,26,33,0,away,7.0,233.5,-300.0,250.0,11.0,119.0,0.0,1,True,1483.394519060804,1718.7628262315511,1576.6288342256344,1625.5285110667207,-235.36830717074713,0.3144831427373582
2021,2021-05-10,True,False,hou,por,129,140,33,30,37,29,0,50,29,32,29,0,home,15.0,239.5,900.0,-1600.0,3.5,117.5,0.0,1,True,1699.0202010038818,1153.804092553108,1700.7039367276811,1152.1203568293085,545.2161084507738,0.9762041951536523
2021,2021-05-10,True,False,ind,cle,111,102,27,26,26,32,0,28,32,17,25,0,away,9.5,228.5,-450.0,375.0,8.5,111.0,0.0,0,False,1132.997141245592,1376.2004308882226,1102.112432216235,1407.0851399175797,-243.20328964263058,0.30484224333266524
2021,2021-05-10,True,False,wsh,atl,124,125,32,30,17,45,0,34,27,35,29,0,home,8.5,237.0,290.0,-350.0,6.0,116.0,0.0,1,True,1620.64891116338,1627.3898782571016,1631.9004846839005,1616.1383047365812,-6.740967093721565,0.6310775154488127
2021,2021-05-10,True,False,no,mem,110,115,31,28,29,22,0,36,35,15,29,0,home,9.5,228.5,400.0,-500.0,2.0,111.0,0.0,0,True,1519.1673311727557,1559.767548975656,1551.9116712159646,1527.023208932447,-40.60021780290026,0.5846599059653984
2021,2021-05-11,True,False,ny,lal,99,101,25,31,20,15,8,24,31,18,18,10,home,2.5,210.0,125.0,-145.0,2.0,103.5,0.0,0,True,1498.6888814306537,1725.2858772820318,1531.2950004617776,1692.679758250908,-226.5969958513781,0.3254688961319807
2021,2021-05-11,True,False,okc,sac,106,122,32,33,18,23,0,27,35,41,19,0,home,9.0,222.5,375.0,-450.0,7.0,109.0,1.0,1,True,1432.640684551545,994.8079147073956,1436.392402276433,991.0561969825078,437.8327698441494,0.9567280389551835
2021,2021-05-11,True,False,orl,mil,102,114,22,26,23,31,0,29,30,20,35,0,home,15.5,230.0,1000.0,-2000.0,5.5,117.0,0.0,0,True,1625.5285110667207,1106.0210599374386,1627.5700395337542,1103.9795314704052,519.5074511292821,0.9725130341504704
2021,2021-05-11,True,False,phi,ind,94,103,33,29,13,19,0,26,25,24,28,0,away,5.5,233.5,-210.0,180.0,0.5,113.5,0.0,0,True,1407.0851399175797,1742.0494065632065,1487.583806974353,1661.5507395064333,-334.9642666456268,0.2054516612880987
2021,2021-05-11,True,False,dal,mem,104,133,27,30,25,22,0,28,32,36,37,0,away,3.5,227.5,-155.0,135.0,4.0,110.5,0.0,1,True,1551.9116712159646,1692.9347869005885,1635.532230353981,1609.314227762572,-141.02311568462392,0.4412358237768654
2021,2021-05-11,True,False,phx,gs,116,122,38,28,32,18,0,29,29,34,30,0,away,4.5,231.5,-180.0,160.0,0.0,118.0,0.0,1,True,1597.6697146584595,1663.821257150037,1636.3221727664895,1625.1687990420069,-66.1515424915774,0.5485583147674362
2021,2021-05-11,True,False,lac,tor,115,96,27,33,25,30,0,19,33,19,25,0,away,13.5,217.5,-1200.0,750.0,5.5,106.5,1.0,0,False,1370.5094096935613,1616.299467593788,1330.7422008462795,1656.0666764410698,-245.79005790022666,0.3016959189087894
2021,2021-05-11,True,False,mia,bos,129,121,28,34,31,36,0,28,28,23,42,0,away,1.5,224.5,-120.0,100.0,1.5,109.5,1.0,1,False,1432.222891902175,1601.1466675632048,1393.3495163646194,1640.0200431007604,-168.92377566102982,0.4020917191554455
2021,2021-05-11,True,False,den,cha,117,112,38,25,28,26,0,26,34,26,26,0,away,6.0,223.5,-240.0,200.0,3.0,109.5,0.0,1,False,1340.8590060536696,1665.0204081162863,1323.846754999399,1682.0326591705568,-324.1614020626166,0.21578904761240977
2021,2021-05-11,True,False,min,det,119,100,30,32,24,33,0,20,20,25,35,0,away,7.5,228.0,-310.0,260.0,2.0,111.0,1.0,0,False,1289.3620798982938,1439.6601015856293,1232.9310530286753,1496.0911284552478,-150.29802168733545,0.4281168077894865
2021,2021-05-11,True,False,bkn,chi,115,107,32,32,29,22,0,23,28,23,33,0,away,4.5,234.5,-185.0,165.0,1.5,114.5,1.0,0,False,1563.7194365792127,1628.8900112374397,1510.5508228597726,1682.0586249568798,-65.170574658227,0.5499563390091394
2021,2021-05-12,True,False,wsh,atl,116,120,30,29,32,25,0,35,21,27,37,0,home,7.0,238.5,235.0,-275.0,6.0,116.0,0.0,0,True,1631.9004846839005,1616.1383047365812,1655.5557941309216,1592.48299528956,15.762179947319282,0.6606922586055538
2021,2021-05-12,True,False,sa,bkn,116,128,20,31,30,35,0,35,22,39,32,0,home,5.0,233.0,175.0,-200.0,1.0,118.5,1.0,1,True,1682.0586249568798,1576.6288342256344,1706.009290082679,1552.6781690998353,105.42979073124548,0.7654057994196118
2021,2021-05-12,True,False,bos,cle,94,102,17,22,30,25,0,22,20,25,35,0,away,6.0,222.0,-250.0,210.0,5.0,113.0,0.0,0,True,1102.112432216235,1393.3495163646194,1174.6613683676155,1320.8005802132388,-291.2370841483844,0.24958082346554086
2021,2021-05-12,True,False,por,utah,105,98,24,35,25,21,0,31,25,20,22,0,home,1.0,234.0,-105.0,-115.0,0.5,113.5,0.0,0,False,1707.2380560433294,1700.7039367276811,1648.2717269680036,1759.670265803007,6.5341193156482404,0.648684021816347
2021,2021-05-12,True,False,no,dal,107,125,30,28,22,27,0,32,45,34,14,0,home,9.5,225.5,385.0,-470.0,1.0,110.5,1.0,1,True,1609.314227762572,1527.023208932447,1640.359599230841,1495.977837464178,82.29101883012504,0.7406503415568655
2021,2021-05-12,True,False,hou,lal,122,124,26,27,43,26,0,34,25,41,24,0,home,9.0,220.0,400.0,-500.0,4.0,108.0,0.0,1,True,1531.2950004617776,1152.1203568293085,1533.3845185843475,1150.0308387067387,379.17464363246904,0.9403832527100513
2021,2021-05-13,True,False,sac,mem,110,116,32,28,23,27,0,36,23,30,27,0,home,8.5,227.5,290.0,-350.0,6.0,110.5,0.0,0,True,1635.532230353981,1436.392402276433,1646.357752550221,1425.566880080193,199.13982807754815,0.8483846324891992
2021,2021-05-13,True,False,por,phx,117,118,26,27,24,40,0,26,26,33,33,0,home,2.0,237.5,110.0,-130.0,2.5,114.5,0.0,0,True,1625.1687990420069,1759.670265803007,1641.92737719449,1742.9116876505238,-134.50146676100007,0.4505109637968748
2021,2021-05-13,True,False,den,min,114,103,35,28,29,22,0,26,26,37,14,0,away,2.0,230.5,-140.0,120.0,2.5,112.5,1.0,0,False,1496.0911284552478,1682.0326591705568,1454.67660876356,1723.4471788622448,-185.941530715309,0.3787824721634106
2021,2021-05-13,True,False,mil,ind,142,133,39,30,40,33,0,38,28,30,37,0,away,9.5,241.5,-450.0,375.0,4.5,123.0,0.0,1,False,1487.583806974353,1627.5700395337542,1442.7314101660604,1672.4224363420467,-139.9862325594013,0.4427079189540101
2021,2021-05-13,True,False,tor,chi,102,114,27,20,29,26,0,30,36,22,26,0,home,10.5,216.5,450.0,-600.0,0.5,106.0,1.0,0,True,1510.5508228597726,1330.7422008462795,1526.4769060896965,1314.8161176163555,179.80862201349305,0.8335096465061975
2021,2021-05-13,True,False,sa,ny,98,102,18,25,34,21,0,20,26,27,29,0,home,4.5,215.5,175.0,-200.0,2.5,109.5,0.0,0,True,1692.679758250908,1552.6781690998353,1705.1505916736955,1540.2073356770477,140.00158915107272,0.7992414589113107
2021,2021-05-13,True,False,orl,atl,93,116,16,25,30,22,0,29,32,32,23,0,home,13.5,222.5,700.0,-1100.0,1.5,113.0,1.0,0,True,1655.5557941309216,1103.9795314704052,1657.625041876632,1101.9102837246949,551.5762626605165,0.977040010138872
2021,2021-05-13,True,False,lac,cha,113,90,31,13,40,29,0,23,24,30,13,0,away,8.5,220.5,-350.0,290.0,7.5,107.0,1.0,0,False,1323.846754999399,1656.0666764410698,1294.7552629344418,1685.158168506027,-332.21992144167075,0.20804250321058496
2021,2021-05-13,True,False,phi,mia,94,106,22,19,26,27,0,38,22,29,17,0,home,1.5,218.5,105.0,-125.0,5.0,106.0,1.0,0,True,1640.0200431007604,1661.5507395064333,1683.9166733437721,1617.6541092634216,-21.53069640567287,0.6110446842005012
2021,2021-05-14,True,False,orl,phi,97,122,24,19,26,28,0,27,39,30,26,0,home,14.0,213.5,900.0,-1600.0,1.5,109.0,1.0,1,True,1617.6541092634216,1101.9102837246949,1620.309114084548,1099.2552789035685,515.7438255387267,0.9719279261997785
2021,2021-05-14,True,False,utah,okc,109,93,30,31,31,17,0,20,27,19,27,0,away,15.0,221.0,-2000.0,1000.0,4.5,113.5,1.0,0,False,991.0561969825078,1648.2717269680036,986.2092278114366,1653.118696139075,-657.2155299854958,0.038881078434393576
2021,2021-05-14,True,False,den,det,104,91,29,28,30,17,0,25,28,21,17,0,away,8.5,217.0,-400.0,330.0,4.5,106.5,1.0,0,False,1232.9310530286753,1723.4471788622448,1221.8390805077565,1734.5391513831635,-490.5161258335695,0.09552285270100087
2021,2021-05-14,True,False,cle,wsh,105,120,33,23,20,29,0,31,27,33,29,0,home,9.0,226.5,390.0,-480.0,5.5,111.5,1.0,0,True,1592.48299528956,1174.6613683676155,1596.6388713645406,1170.505492292635,417.82162692194447,0.9517001194698135
2021,2021-05-14,True,False,no,gs,122,125,32,25,33,32,0,41,34,24,26,0,home,1.0,220.0,100.0,-120.0,5.0,108.5,1.0,1,True,1636.3221727664895,1495.977837464178,1647.0438116779576,1485.25619855271,140.3443353023115,0.7995578497095488
2021,2021-05-14,True,False,tor,dal,110,114,26,26,31,27,0,31,35,26,22,0,home,14.5,219.5,950.0,-1800.0,4.5,108.0,0.0,1,True,1640.359599230841,1314.8161176163555,1644.6049548266978,1310.5707620204987,325.5434816144855,0.9205340375816403
2021,2021-05-14,True,False,sac,mem,106,107,25,32,19,30,0,29,24,26,28,0,home,3.5,224.5,140.0,-160.0,2.5,109.5,0.0,0,True,1646.357752550221,1425.566880080193,1649.7621292526544,1422.1625033777595,220.79087247002803,0.8637298462938104
2021,2021-05-14,True,False,lac,hou,115,122,33,36,24,22,0,30,43,32,17,0,away,7.0,225.0,-300.0,250.0,4.0,111.5,0.0,1,True,1150.0308387067387,1685.158168506027,1234.6162786251134,1600.5727285876524,-535.1273297992884,0.0755227674117382
2021,2021-05-15,True,False,chi,bkn,91,105,29,22,20,20,0,28,33,18,26,0,home,11.0,231.5,525.0,-750.0,3.0,117.5,1.0,0,True,1706.009290082679,1526.4769060896965,1722.8501450330796,1509.636051139296,179.53238399298243,0.8332888617188228
2021,2021-05-15,True,False,mia,mil,108,122,28,23,30,27,0,44,26,29,23,0,home,4.5,233.0,160.0,-180.0,2.5,114.5,1.0,0,True,1672.4224363420467,1683.9166733437721,1717.142846370226,1639.196263315593,-11.494237001725423,0.6246845960343672
2021,2021-05-15,True,False,cha,ny,109,118,27,27,32,18,5,36,27,26,15,14,home,5.5,214.5,200.0,-240.0,0.5,104.5,1.0,1,True,1705.1505916736955,1294.7552629344418,1708.7640587728754,1291.141795835262,410.3953287392537,0.9496966856478868
2021,2021-05-15,True,False,lal,ind,122,115,36,28,32,26,0,28,28,32,27,0,away,8.5,226.5,-400.0,330.0,2.5,110.5,0.0,1,False,1442.7314101660604,1533.3845185843475,1395.7532644448272,1580.3626643055807,-90.65310841828705,0.5134480141074407
2021,2021-05-15,True,False,bos,min,124,108,37,29,23,35,0,26,21,27,34,0,home,5.0,233.5,180.0,-210.0,7.5,118.5,0.0,0,False,1454.67660876356,1320.8005802132388,1367.434458414722,1408.0427305620767,133.87602855032105,0.7935238427104002
2021,2021-05-15,True,False,phx,sa,140,103,34,34,41,31,0,17,30,23,33,0,away,10.5,225.5,-700.0,500.0,0.0,115.5,1.0,1,False,1540.2073356770477,1641.92737719449,1460.5766242731067,1721.558088598431,-101.72004151744227,0.49752468149929413
2021,2021-05-16,True,False,utah,sac,121,99,28,36,33,24,0,25,24,24,26,0,away,11.0,221.5,-800.0,550.0,1.5,113.5,1.0,0,False,1422.1625033777595,1653.118696139075,1378.016925501612,1697.2642740152226,-230.95619276131538,0.31998419355940405
2021,2021-05-16,True,False,lal,no,110,98,36,27,28,19,0,28,31,17,22,0,away,9.5,222.0,-450.0,375.0,4.5,108.0,1.0,0,False,1485.25619855271,1580.3626643055807,1428.0325799711525,1637.5862828871382,-95.10646575287069,0.5070418962312748
2021,2021-05-16,True,False,ind,tor,125,113,31,37,26,31,0,30,25,28,30,0,away,6.0,226.5,-240.0,200.0,1.0,111.0,1.0,1,False,1310.5707620204987,1395.7532644448272,1251.736744548473,1454.5872819168528,-85.1825024243285,0.5213111739762308
2021,2021-05-16,True,False,bos,ny,92,96,24,15,26,27,0,23,31,23,19,0,home,12.0,211.0,650.0,-1000.0,2.0,107.0,0.0,0,True,1708.7640587728754,1408.0427305620767,1713.6947779203347,1403.1120114146174,300.7213282107987,0.909433491867952
2021,2021-05-16,True,False,cha,wsh,110,115,36,20,34,20,0,22,30,27,36,0,home,7.0,230.5,235.0,-275.0,6.0,112.5,0.0,0,True,1596.6388713645406,1291.141795835262,1601.972866648941,1285.8078005508617,305.4970755292786,0.9116724578135711
2021,2021-05-16,True,False,den,por,116,132,22,33,29,32,0,43,29,35,25,0,home,8.5,228.5,340.0,-410.0,0.5,112.0,1.0,1,True,1742.9116876505238,1734.5391513831635,1786.0459060501348,1691.4049329835525,8.372536267360374,0.6510919523203168
2021,2021-05-16,True,False,orl,phi,117,128,26,39,25,27,0,32,28,39,29,0,home,6.5,214.0,220.0,-260.0,6.5,110.5,1.0,1,True,1620.309114084548,1099.2552789035685,1622.2678902772302,1097.2965027108862,521.0538351809794,0.9727499911552846
2021,2021-05-16,True,False,cle,bkn,109,123,24,32,20,33,0,34,33,32,24,0,home,13.0,225.5,900.0,-1600.0,3.5,109.5,1.0,1,True,1722.8501450330796,1170.505492292635,1724.6048979157558,1168.7507394099587,552.3446527404446,0.9771390261357292
2021,2021-05-16,True,False,lac,okc,112,117,26,34,28,24,0,35,27,24,31,0,away,8.0,220.5,-360.0,300.0,5.0,108.0,0.0,1,True,986.2092278114366,1600.5727285876524,1061.1660146985068,1525.615941700582,-614.3635007762158,0.04922319786792923
2021,2021-05-16,True,False,mia,det,120,107,32,37,26,25,0,13,34,24,36,0,away,3.0,212.0,-170.0,150.0,4.0,104.0,1.0,1,False,1221.8390805077565,1639.196263315593,1205.7434992759272,1655.2918445474222,-417.35718280783635,0.13861338298894987
2021,2021-05-16,True,False,phx,sa,123,121,27,25,37,34,0,23,38,24,36,0,away,2.0,220.0,-130.0,110.0,2.5,112.0,2.0,1,False,1460.5766242731067,1721.558088598431,1446.8677981590324,1735.2669147125052,-260.98146432532417,0.2835979836371989
2021,2021-05-16,True,False,mem,gs,101,113,29,20,20,32,0,30,25,31,27,0,home,3.5,228.0,145.0,-165.0,0.5,116.0,1.0,0,True,1647.0438116779576,1649.7621292526544,1688.0730102172768,1608.7329307133352,-2.718317574696812,0.6364521653139453
2021,2021-05-16,True,False,hou,atl,95,124,33,21,18,23,0,36,36,27,25,0,home,7.5,232.0,270.0,-330.0,2.0,113.5,1.0,0,True,1657.625041876632,1234.6162786251134,1662.562150459393,1229.6791700423523,423.00876325151853,0.9530543084602551
2021,2021-05-16,True,False,dal,min,121,136,22,38,35,26,0,38,38,37,23,0,away,7.0,230.0,-280.0,240.0,7.5,112.0,0.0,1,True,1367.434458414722,1644.6049548266978,1457.0936730925482,1554.9457401488717,-277.1704964119758,0.2650516796267122
2021,2021-05-16,True,False,mil,chi,112,118,23,31,31,27,0,33,22,36,27,0,away,7.0,224.5,-300.0,250.0,1.0,113.5,0.0,1,True,1509.636051139296,1717.142846370226,1565.2855683844864,1661.4933291250354,-207.50679523093004,0.3500410303186313
